user_id,user_segment,platform,period,sessions_7d
1,new,ios,before,3
2,new,android,after,1
3,new,web,after,2
4,new,ios,before,4
5,new,web,before,3
6,returning,android,after,8
7,new,web,before,6
8,returning,ios,after,3
9,new,ios,before,4
10,new,ios,before,1
11,returning,android,after,10
12,returning,web,after,9
13,returning,android,after,4
14,new,ios,after,0
15,returning,ios,after,4
16,returning,android,after,8
17,new,web,after,2
18,returning,ios,before,9
19,new,android,after,6
20,returning,android,before,9
21,returning,web,after,9
22,returning,web,before,10
23,returning,ios,before,14
24,returning,android,after,4
25,returning,web,after,5
26,returning,web,after,3
27,returning,android,before,7
28,returning,ios,after,6
29,returning,android,after,5
30,returning,android,before,12
31,new,ios,before,3
32,returning,web,before,12
33,new,ios,before,2
34,new,web,after,5
35,new,ios,after,4
36,new,ios,before,3
37,returning,android,after,5
38,returning,android,after,10
39,new,web,before,1
40,returning,android,after,10
41,returning,ios,before,9
42,new,web,after,3
43,returning,android,after,4
44,returning,ios,before,4
45,returning,web,before,9
46,returning,ios,after,8
47,returning,ios,before,5
48,returning,android,after,8
49,new,android,after,1
50,returning,android,after,8
51,returning,web,after,14
52,returning,ios,before,7
53,new,web,before,2
54,returning,ios,before,8
55,returning,ios,before,8
56,returning,ios,before,12
57,returning,ios,after,4
58,new,ios,before,0
59,new,web,after,2
60,returning,web,after,8
61,new,android,after,2
62,returning,ios,after,5
63,new,web,before,4
64,new,ios,after,0
65,returning,android,before,10
66,new,android,before,6
67,returning,ios,after,10
68,new,android,before,4
69,new,web,before,3
70,new,ios,before,5
71,returning,android,after,7
72,new,web,before,0
73,returning,ios,before,8
74,returning,ios,before,14
75,new,android,after,2
76,returning,web,before,6
77,new,ios,before,6
78,new,android,before,3
79,new,ios,after,2
80,new,web,after,7
81,returning,web,after,6
82,new,android,before,5
83,new,web,before,6
84,returning,android,after,5
85,returning,web,after,12
86,returning,ios,after,8
87,new,ios,before,3
88,returning,web,before,8
89,new,ios,after,0
90,returning,ios,after,7
91,returning,android,before,9
92,returning,android,after,6
93,returning,ios,after,7
94,new,ios,before,5
95,new,ios,after,2
96,new,ios,before,3
97,new,ios,before,2
98,returning,android,after,13
99,returning,android,after,7
100,new,ios,before,1
101,returning,ios,after,8
102,new,android,before,2
103,returning,ios,after,7
104,new,ios,before,3
105,new,ios,after,1
106,new,android,after,3
107,returning,ios,after,5
108,returning,ios,after,9
109,new,android,before,1
110,new,web,after,1
111,new,android,before,2
112,new,web,after,3
113,returning,android,after,6
114,returning,ios,before,6
115,returning,ios,after,4
116,returning,ios,after,9
117,new,ios,before,1
118,new,ios,before,3
119,new,ios,before,2
120,new,android,before,4
121,new,android,before,1
122,returning,ios,after,8
123,new,android,after,2
124,returning,ios,before,10
125,returning,android,after,12
126,returning,android,after,17
127,returning,ios,before,6
128,new,ios,after,5
129,returning,web,after,7
130,returning,android,after,8
131,returning,android,after,7
132,returning,ios,after,7
133,returning,ios,before,11
134,returning,ios,after,8
135,returning,web,after,3
136,new,ios,before,3
137,new,ios,after,5
138,new,web,before,1
139,new,android,before,3
140,new,ios,before,1
141,new,android,after,6
142,returning,android,before,10
143,new,web,before,5
144,new,ios,before,2
145,new,android,after,2
146,returning,ios,after,10
147,new,web,before,4
148,new,web,before,1
149,returning,web,after,7
150,returning,web,before,8
151,returning,android,after,4
152,new,ios,before,2
153,new,ios,after,3
154,new,ios,before,2
155,new,android,before,2
156,returning,ios,after,15
157,returning,android,before,3
158,new,android,after,2
159,returning,web,after,8
160,returning,ios,after,8
161,new,android,after,1
162,new,android,after,2
163,new,web,before,3
164,returning,android,before,9
165,new,ios,before,4
166,returning,ios,after,6
167,new,web,before,3
168,returning,android,before,10
169,new,web,before,3
170,new,android,before,5
171,new,android,before,4
172,new,android,before,4
173,returning,web,after,5
174,new,web,after,1
175,returning,ios,after,8
176,new,ios,before,1
177,returning,ios,after,7
178,returning,ios,before,5
179,returning,web,after,4
180,new,web,after,1
181,returning,ios,after,7
182,new,ios,before,0
183,new,android,before,0
184,new,web,after,1
185,new,android,before,3
186,returning,ios,before,6
187,new,ios,before,4
188,new,android,before,3
189,new,android,before,4
190,new,web,before,5
191,returning,web,after,12
192,returning,ios,after,5
193,new,ios,after,1
194,returning,ios,before,9
195,new,ios,after,5
196,new,ios,before,2
197,new,ios,before,0
198,new,ios,before,4
199,returning,web,before,9
200,returning,ios,after,8
201,new,web,before,3
202,returning,ios,after,9
203,new,ios,before,3
204,returning,ios,after,9
205,new,ios,before,6
206,returning,ios,before,9
207,returning,web,after,5
208,returning,web,after,9
209,returning,ios,before,9
210,returning,ios,after,14
211,new,ios,before,5
212,returning,android,after,5
213,returning,ios,after,9
214,returning,ios,before,7
215,returning,web,after,6
216,returning,web,before,12
217,new,android,before,5
218,new,ios,before,3
219,new,ios,before,3
220,returning,ios,after,5
221,new,android,before,3
222,new,android,before,1
223,new,ios,after,1
224,new,web,before,4
225,returning,android,after,12
226,returning,android,before,9
227,new,ios,after,0
228,returning,ios,after,13
229,returning,ios,after,7
230,new,android,before,5
231,returning,ios,before,8
232,new,ios,after,5
233,new,android,before,7
234,returning,android,after,10
235,new,android,before,4
236,new,android,after,2
237,returning,android,after,11
238,returning,android,before,7
239,new,ios,before,3
240,returning,ios,after,6
241,new,ios,before,2
242,returning,ios,after,10
243,new,android,before,6
244,returning,android,after,7
245,new,ios,after,2
246,returning,android,before,2
247,returning,android,after,7
248,new,android,before,2
249,returning,web,after,6
250,new,ios,before,2
251,new,ios,before,2
252,new,ios,before,1
253,new,android,before,2
254,new,ios,before,4
255,new,web,after,1
256,new,ios,before,3
257,returning,android,after,7
258,new,android,before,2
259,returning,ios,before,8
260,new,android,after,2
261,returning,android,after,9
262,returning,android,before,4
263,new,android,before,1
264,new,android,after,1
265,returning,ios,after,9
266,new,android,after,3
267,new,ios,before,4
268,new,ios,before,1
269,new,ios,after,5
270,returning,android,after,8
271,returning,ios,before,5
272,new,web,before,3
273,new,ios,before,2
274,returning,ios,after,3
275,new,ios,before,4
276,new,ios,before,4
277,new,ios,before,2
278,new,android,after,3
279,new,ios,before,1
280,returning,ios,before,13
281,new,ios,before,3
282,returning,ios,before,9
283,returning,web,after,8
284,returning,ios,before,14
285,new,android,before,2
286,returning,android,after,6
287,returning,ios,before,8
288,returning,web,after,10
289,new,ios,after,2
290,returning,web,before,6
291,returning,android,after,8
292,returning,ios,before,8
293,returning,web,after,8
294,returning,ios,before,2
295,new,web,after,3
296,returning,web,after,5
297,returning,ios,after,6
298,new,ios,before,1
299,new,web,before,7
300,new,ios,before,6
301,new,android,before,3
302,new,ios,after,0
303,new,ios,before,4
304,returning,android,after,5
305,new,android,after,2
306,new,android,before,2
307,new,android,before,5
308,returning,ios,after,9
309,returning,ios,before,7
310,returning,ios,before,8
311,returning,ios,after,7
312,returning,ios,after,5
313,new,android,before,5
314,new,ios,before,3
315,new,ios,before,4
316,returning,android,after,11
317,returning,ios,after,8
318,new,web,after,4
319,new,ios,after,3
320,new,ios,after,3
321,returning,web,before,8
322,returning,android,before,10
323,new,web,after,1
324,returning,ios,after,8
325,new,ios,after,0
326,new,android,before,5
327,new,ios,before,1
328,new,android,before,3
329,returning,ios,before,3
330,new,ios,after,2
331,returning,ios,after,5
332,returning,android,before,10
333,new,ios,before,0
334,new,web,after,4
335,new,ios,before,3
336,new,android,after,2
337,new,ios,after,4
338,new,android,before,2
339,new,web,before,2
340,new,android,after,1
341,returning,ios,after,9
342,returning,android,before,14
343,returning,ios,after,5
344,returning,android,after,8
345,returning,android,after,10
346,returning,ios,before,7
347,returning,android,after,10
348,returning,android,after,5
349,new,ios,before,4
350,new,ios,before,4
351,returning,ios,after,6
352,new,android,before,6
353,new,android,before,2
354,new,ios,before,1
355,returning,ios,after,9
356,returning,ios,after,7
357,returning,ios,before,5
358,new,ios,after,1
359,returning,ios,before,6
360,new,ios,after,2
361,new,android,after,3
362,returning,android,after,7
363,new,ios,before,4
364,new,android,after,3
365,returning,ios,before,4
366,returning,ios,after,15
367,returning,web,before,5
368,new,android,before,2
369,returning,ios,before,5
370,returning,ios,after,5
371,new,android,before,5
372,returning,ios,after,7
373,returning,web,before,5
374,new,ios,before,2
375,new,ios,after,2
376,new,android,before,6
377,returning,android,after,4
378,new,android,after,1
379,new,web,before,7
380,new,web,before,3
381,new,ios,before,6
382,returning,ios,after,3
383,returning,ios,after,5
384,returning,android,before,6
385,new,android,before,2
386,new,ios,before,3
387,returning,web,before,9
388,returning,ios,after,11
389,returning,web,after,12
390,new,web,before,1
391,returning,ios,after,6
392,new,ios,before,2
393,new,ios,before,2
394,returning,web,after,5
395,new,ios,after,0
396,new,web,after,0
397,new,android,before,1
398,new,android,before,2
399,returning,web,before,14
400,new,ios,before,2
401,new,android,after,5
402,returning,ios,after,3
403,new,ios,before,4
404,returning,ios,after,7
405,new,ios,before,3
406,returning,android,after,16
407,returning,ios,before,10
408,new,android,before,1
409,returning,ios,after,4
410,returning,android,before,8
411,new,web,before,4
412,new,android,before,4
413,new,web,before,2
414,new,ios,before,3
415,new,ios,before,2
416,returning,android,after,7
417,new,ios,after,4
418,returning,android,before,5
419,new,android,before,4
420,new,ios,after,2
421,returning,web,after,8
422,returning,ios,after,8
423,returning,android,after,7
424,new,ios,after,2
425,new,android,before,3
426,new,ios,before,3
427,returning,web,after,8
428,returning,web,after,6
429,new,android,before,2
430,returning,android,after,9
431,new,android,before,0
432,new,android,after,5
433,returning,android,after,8
434,new,android,before,1
435,new,web,before,2
436,new,android,before,2
437,returning,ios,after,7
438,returning,web,after,6
439,new,ios,before,6
440,new,ios,before,5
441,returning,web,after,7
442,new,ios,before,6
443,new,ios,before,3
444,returning,android,before,7
445,returning,web,after,10
446,returning,ios,after,12
447,new,android,before,3
448,returning,ios,after,7
449,returning,ios,after,11
450,returning,ios,before,9
451,new,ios,after,3
452,new,web,after,5
453,new,android,before,3
454,new,web,before,4
455,returning,web,after,6
456,new,web,after,1
457,new,android,before,3
458,new,ios,after,3
459,returning,web,after,10
460,new,android,before,5
461,returning,ios,after,6
462,returning,ios,before,6
463,new,ios,after,4
464,returning,android,before,9
465,new,android,before,1
466,new,android,after,5
467,returning,ios,before,6
468,returning,ios,after,6
469,new,web,before,3
470,returning,ios,after,6
471,returning,ios,after,15
472,returning,android,after,9
473,new,web,before,5
474,returning,android,before,12
475,new,android,after,3
476,returning,ios,after,6
477,new,web,after,2
478,new,android,before,2
479,returning,android,after,6
480,new,ios,before,1
481,returning,android,before,0
482,new,ios,after,1
483,returning,android,before,8
484,new,android,after,1
485,new,android,before,5
486,new,ios,before,2
487,returning,web,before,7
488,new,ios,after,3
489,returning,android,after,8
490,new,ios,after,3
491,new,ios,after,4
492,new,web,after,3
493,returning,ios,after,7
494,returning,web,after,5
495,new,ios,before,3
496,new,android,before,0
497,new,ios,before,3
498,returning,android,before,2
499,returning,web,after,7
500,returning,android,before,5
501,returning,ios,before,11
502,returning,android,after,7
503,returning,android,after,6
504,returning,ios,after,4
505,new,android,before,2
506,new,android,before,4
507,new,android,after,2
508,new,ios,before,2
509,returning,ios,before,7
510,new,web,before,3
511,returning,android,after,10
512,returning,android,after,7
513,new,web,after,2
514,returning,ios,after,4
515,new,ios,after,3
516,new,android,before,2
517,returning,android,after,5
518,returning,web,before,5
519,new,android,before,1
520,returning,ios,after,4
521,returning,ios,before,5
522,new,ios,before,1
523,returning,web,before,10
524,returning,ios,after,5
525,new,android,before,5
526,new,ios,before,5
527,new,ios,after,6
528,new,ios,before,3
529,returning,android,after,8
530,returning,ios,after,9
531,new,web,after,4
532,new,web,before,4
533,new,ios,before,1
534,new,web,before,1
535,returning,ios,after,6
536,new,ios,before,6
537,returning,ios,before,8
538,new,web,before,4
539,returning,android,after,4
540,returning,ios,before,13
541,returning,android,after,9
542,returning,android,before,11
543,new,android,before,5
544,returning,android,before,7
545,returning,web,after,9
546,new,android,before,2
547,new,ios,before,0
548,new,web,after,2
549,new,ios,after,2
550,new,android,after,3
551,new,android,after,3
552,new,ios,before,2
553,returning,ios,after,9
554,returning,android,before,7
555,returning,web,after,3
556,returning,web,after,4
557,returning,android,after,13
558,new,ios,after,4
559,new,ios,after,2
560,returning,android,after,7
561,returning,ios,after,11
562,new,android,before,1
563,new,ios,before,2
564,returning,ios,before,3
565,new,android,after,3
566,new,android,before,1
567,returning,android,before,11
568,returning,ios,before,9
569,returning,web,after,4
570,returning,android,after,5
571,new,android,after,3
572,returning,android,before,11
573,returning,ios,before,9
574,returning,android,before,7
575,new,android,before,0
576,returning,android,before,8
577,returning,android,after,11
578,returning,ios,after,7
579,new,web,after,4
580,returning,ios,before,9
581,returning,ios,before,6
582,returning,android,after,6
583,new,ios,before,1
584,returning,web,before,14
585,new,ios,before,1
586,returning,ios,after,9
587,returning,ios,after,4
588,new,ios,before,4
589,returning,ios,after,6
590,returning,ios,after,6
591,returning,ios,after,9
592,new,ios,after,1
593,new,ios,before,1
594,new,ios,after,3
595,new,ios,before,2
596,returning,ios,after,9
597,new,ios,after,4
598,returning,ios,after,4
599,new,ios,after,6
600,new,ios,after,3
601,returning,web,after,9
602,new,ios,after,2
603,returning,ios,after,10
604,returning,android,before,10
605,returning,android,after,9
606,new,ios,after,0
607,new,android,before,5
608,new,android,after,3
609,returning,web,after,14
610,new,web,after,2
611,returning,android,after,10
612,returning,android,before,6
613,returning,ios,after,8
614,returning,web,before,7
615,returning,android,after,4
616,returning,ios,after,8
617,new,ios,before,6
618,returning,android,before,7
619,new,android,before,1
620,returning,web,before,2
621,returning,ios,before,8
622,new,web,before,1
623,returning,ios,before,7
624,new,android,before,2
625,returning,ios,after,5
626,new,ios,before,3
627,returning,ios,before,6
628,new,ios,before,2
629,new,ios,after,4
630,new,web,before,3
631,returning,ios,after,6
632,new,android,before,3
633,new,android,before,0
634,returning,ios,before,5
635,new,web,before,3
636,returning,android,after,11
637,new,android,before,2
638,new,web,before,2
639,returning,android,after,5
640,new,web,after,4
641,new,ios,after,5
642,returning,ios,after,5
643,new,android,after,1
644,returning,ios,before,6
645,returning,android,after,7
646,new,ios,before,2
647,new,ios,before,7
648,returning,web,after,10
649,returning,ios,after,10
650,returning,ios,after,5
651,new,android,before,1
652,new,android,after,2
653,new,web,before,3
654,returning,ios,after,8
655,returning,web,after,6
656,new,android,after,3
657,returning,web,after,6
658,returning,ios,after,3
659,returning,ios,before,5
660,new,android,before,4
661,new,android,before,3
662,new,ios,after,1
663,returning,android,before,11
664,new,android,before,2
665,returning,ios,after,4
666,new,android,after,3
667,returning,ios,after,8
668,returning,web,after,5
669,returning,android,after,2
670,new,android,before,2
671,returning,web,after,6
672,new,android,after,0
673,returning,ios,after,6
674,new,android,before,4
675,new,web,after,3
676,returning,ios,after,5
677,new,android,after,2
678,new,ios,before,4
679,new,web,after,2
680,new,android,after,5
681,new,web,after,3
682,returning,android,before,7
683,new,ios,after,2
684,new,android,after,0
685,returning,web,before,13
686,returning,ios,after,9
687,returning,ios,before,6
688,returning,android,after,6
689,returning,android,before,10
690,new,ios,after,2
691,returning,ios,after,8
692,returning,ios,after,10
693,returning,android,after,6
694,new,android,after,1
695,new,android,before,2
696,new,web,before,6
697,returning,ios,after,11
698,returning,android,after,10
699,returning,ios,before,5
700,returning,ios,before,5
701,new,android,after,3
702,returning,android,after,7
703,returning,web,before,5
704,new,ios,before,3
705,returning,ios,before,15
706,returning,ios,after,6
707,returning,android,before,10
708,returning,ios,after,11
709,returning,web,before,9
710,returning,android,before,4
711,new,android,after,3
712,returning,android,after,6
713,returning,ios,after,7
714,new,android,after,3
715,new,android,after,3
716,new,web,after,5
717,new,android,after,1
718,new,ios,before,3
719,new,ios,before,4
720,new,ios,after,2
721,new,web,before,6
722,new,android,after,2
723,returning,web,after,10
724,new,web,before,1
725,returning,ios,after,4
726,returning,android,before,13
727,returning,android,after,8
728,new,ios,before,4
729,new,android,before,3
730,returning,android,after,7
731,returning,web,after,4
732,new,ios,before,4
733,returning,web,after,7
734,returning,web,after,6
735,returning,web,before,12
736,returning,ios,after,4
737,new,ios,after,3
738,new,android,before,8
739,returning,ios,after,3
740,returning,ios,after,9
741,returning,android,after,4
742,returning,ios,after,9
743,returning,ios,after,7
744,new,web,before,5
745,returning,ios,after,5
746,returning,web,before,4
747,returning,ios,after,6
748,new,ios,before,2
749,new,ios,before,1
750,new,ios,before,3
751,returning,ios,after,10
752,new,web,before,2
753,returning,web,before,13
754,returning,ios,after,6
755,new,ios,after,3
756,returning,android,before,7
757,returning,android,after,7
758,new,ios,before,2
759,returning,ios,before,5
760,new,ios,after,4
761,returning,android,before,6
762,new,ios,after,2
763,new,android,after,3
764,returning,ios,after,12
765,new,ios,before,2
766,new,android,after,2
767,new,ios,after,2
768,new,web,before,1
769,new,android,before,4
770,returning,web,before,13
771,new,android,after,3
772,returning,ios,after,5
773,new,ios,before,2
774,returning,android,after,15
775,returning,android,after,8
776,returning,ios,after,10
777,new,ios,before,2
778,returning,ios,before,8
779,returning,ios,before,7
780,new,ios,after,1
781,returning,android,after,8
782,new,web,after,1
783,returning,ios,before,6
784,returning,ios,before,11
785,new,ios,before,4
786,returning,ios,after,3
787,returning,android,before,5
788,returning,ios,after,10
789,returning,web,after,9
790,new,web,before,4
791,new,android,before,2
792,returning,web,before,8
793,new,android,after,0
794,new,web,after,4
795,new,ios,before,2
796,new,web,before,2
797,returning,ios,after,4
798,returning,ios,before,9
799,new,web,before,1
800,new,ios,before,4
801,new,ios,before,3
802,returning,ios,before,11
803,returning,ios,after,5
804,returning,ios,after,9
805,returning,ios,after,10
806,returning,android,after,11
807,new,web,after,3
808,returning,ios,before,5
809,new,web,before,4
810,returning,android,after,4
811,new,android,before,8
812,new,android,after,2
813,returning,web,after,10
814,returning,ios,before,10
815,returning,android,after,5
816,returning,web,after,6
817,new,android,before,2
818,new,ios,before,5
819,returning,android,after,10
820,new,android,after,3
821,new,ios,before,4
822,returning,android,after,7
823,new,web,before,4
824,returning,android,after,10
825,returning,ios,after,4
826,new,android,before,2
827,returning,android,after,7
828,returning,ios,after,8
829,new,android,after,5
830,returning,ios,before,3
831,returning,web,before,6
832,new,android,before,2
833,returning,web,before,10
834,new,android,before,1
835,returning,ios,after,8
836,returning,android,after,8
837,new,ios,after,3
838,new,android,before,3
839,returning,ios,before,8
840,returning,android,after,4
841,new,android,before,2
842,new,ios,after,1
843,new,ios,after,2
844,returning,ios,before,4
845,new,ios,before,0
846,new,ios,before,4
847,new,web,before,3
848,new,web,before,1
849,new,web,after,5
850,returning,ios,after,6
851,returning,ios,after,5
852,new,android,after,3
853,new,android,after,0
854,returning,android,before,9
855,returning,android,before,5
856,new,android,after,0
857,new,android,before,3
858,new,web,before,2
859,new,ios,after,1
860,returning,web,after,9
861,new,android,after,5
862,new,ios,after,2
863,returning,web,before,7
864,new,web,after,2
865,returning,android,after,9
866,returning,ios,after,6
867,returning,ios,after,8
868,returning,android,after,9
869,returning,ios,before,8
870,new,ios,before,4
871,new,ios,before,4
872,new,ios,before,3
873,new,android,before,3
874,new,android,before,0
875,returning,ios,after,8
876,returning,android,after,8
877,returning,ios,after,7
878,returning,ios,after,8
879,new,android,after,1
880,returning,android,after,7
881,new,ios,before,3
882,returning,android,after,8
883,new,ios,before,6
884,new,android,before,0
885,returning,ios,after,11
886,new,android,after,3
887,new,android,before,2
888,returning,ios,before,7
889,new,android,before,3
890,new,android,before,2
891,new,ios,before,5
892,returning,android,after,8
893,returning,android,after,9
894,new,ios,after,1
895,new,web,after,4
896,new,ios,after,0
897,returning,android,after,6
898,new,web,before,3
899,returning,web,before,11
900,returning,android,after,13
901,new,android,before,5
902,new,ios,before,7
903,returning,ios,before,11
904,returning,web,after,6
905,returning,ios,before,10
906,returning,web,after,7
907,returning,ios,before,6
908,new,ios,before,3
909,new,ios,before,4
910,returning,android,before,9
911,returning,ios,after,10
912,new,ios,before,0
913,returning,web,before,11
914,returning,android,after,8
915,new,android,after,3
916,returning,ios,before,7
917,new,ios,after,1
918,returning,android,after,7
919,new,ios,before,3
920,new,ios,after,1
921,new,web,after,3
922,returning,ios,after,9
923,new,web,before,0
924,new,ios,before,1
925,new,ios,before,2
926,returning,ios,after,5
927,new,web,after,1
928,returning,android,before,5
929,returning,android,before,8
930,returning,ios,after,5
931,returning,web,after,9
932,returning,android,after,14
933,new,android,before,1
934,returning,android,after,3
935,returning,android,before,10
936,new,android,after,8
937,new,ios,before,3
938,returning,web,before,8
939,new,ios,before,2
940,new,web,after,2
941,new,ios,after,1
942,returning,ios,before,13
943,returning,ios,after,11
944,returning,android,before,7
945,new,ios,before,2
946,new,web,before,1
947,returning,android,after,9
948,returning,ios,before,10
949,returning,android,after,6
950,new,android,before,4
951,returning,web,before,8
952,returning,ios,before,8
953,returning,web,after,10
954,returning,ios,before,7
955,new,android,after,2
956,new,android,after,2
957,new,ios,before,1
958,new,ios,after,6
959,returning,android,after,11
960,new,ios,before,0
961,returning,ios,before,11
962,new,ios,before,1
963,returning,android,after,3
964,new,ios,before,3
965,returning,android,after,9
966,new,web,after,5
967,returning,android,after,5
968,new,android,before,2
969,new,android,after,1
970,returning,ios,before,7
971,new,ios,before,4
972,new,ios,before,5
973,new,ios,before,1
974,returning,ios,before,8
975,new,android,before,3
976,returning,ios,before,8
977,returning,ios,before,10
978,returning,web,after,7
979,returning,ios,before,9
980,new,android,after,3
981,returning,ios,after,10
982,new,android,after,2
983,new,ios,after,2
984,returning,ios,after,5
985,new,web,after,1
986,returning,android,after,9
987,new,ios,after,3
988,returning,ios,before,9
989,new,android,before,5
990,returning,ios,after,10
991,returning,android,before,11
992,new,android,after,2
993,new,android,before,2
994,returning,web,before,12
995,returning,ios,after,4
996,returning,web,after,5
997,returning,android,after,10
998,new,android,before,3
999,new,android,after,4
1000,returning,android,after,7
1001,new,ios,after,2
1002,returning,web,after,9
1003,returning,web,after,5
1004,returning,ios,after,10
1005,returning,android,before,9
1006,returning,android,after,5
1007,new,web,after,2
1008,new,android,after,3
1009,returning,ios,after,6
1010,returning,android,after,11
1011,returning,ios,before,4
1012,new,android,after,3
1013,new,android,before,1
1014,returning,android,before,9
1015,returning,ios,after,7
1016,returning,android,after,10
1017,new,android,before,2
1018,new,ios,before,2
1019,new,ios,before,1
1020,new,ios,before,5
1021,new,web,before,2
1022,returning,android,before,9
1023,returning,android,after,9
1024,returning,android,after,16
1025,new,web,after,6
1026,new,android,before,1
1027,new,ios,before,6
1028,returning,ios,before,6
1029,new,ios,after,0
1030,returning,web,before,6
1031,new,android,before,0
1032,returning,android,before,9
1033,returning,android,after,9
1034,new,web,before,3
1035,new,web,before,5
1036,new,android,after,1
1037,new,ios,after,1
1038,new,ios,before,4
1039,returning,android,before,10
1040,new,android,after,2
1041,returning,android,after,6
1042,returning,ios,after,6
1043,new,android,before,2
1044,new,ios,before,2
1045,new,ios,after,0
1046,returning,web,before,10
1047,new,android,before,3
1048,new,ios,after,0
1049,returning,ios,after,10
1050,new,android,before,4
1051,new,ios,after,2
1052,returning,ios,before,10
1053,returning,android,after,5
1054,returning,android,after,7
1055,returning,ios,before,12
1056,returning,android,after,5
1057,new,android,before,4
1058,returning,ios,after,4
1059,new,ios,before,4
1060,returning,ios,before,5
1061,returning,ios,after,6
1062,new,web,after,2
1063,new,android,before,4
1064,returning,web,after,8
1065,returning,ios,after,8
1066,new,android,before,5
1067,returning,android,after,7
1068,returning,android,after,8
1069,new,web,before,8
1070,new,android,before,1
1071,new,android,after,3
1072,returning,web,before,9
1073,returning,web,after,11
1074,new,web,after,3
1075,new,ios,before,4
1076,new,ios,before,5
1077,new,ios,after,2
1078,new,android,before,5
1079,new,ios,before,7
1080,returning,ios,after,5
1081,returning,android,after,8
1082,returning,ios,after,12
1083,new,android,after,3
1084,new,ios,after,4
1085,new,web,before,3
1086,returning,ios,after,6
1087,returning,android,after,5
1088,returning,android,after,7
1089,returning,ios,after,7
1090,returning,ios,before,8
1091,returning,web,after,17
1092,returning,android,before,11
1093,returning,ios,after,9
1094,new,android,before,3
1095,new,ios,before,4
1096,new,android,before,3
1097,new,android,after,2
1098,returning,android,after,5
1099,new,ios,before,1
1100,new,ios,before,5
1101,new,ios,before,4
1102,returning,ios,before,8
1103,returning,android,after,7
1104,returning,android,before,4
1105,new,ios,before,2
1106,returning,ios,before,10
1107,new,android,before,6
1108,returning,android,after,5
1109,returning,web,after,8
1110,new,ios,before,3
1111,returning,ios,after,14
1112,returning,ios,before,7
1113,new,android,before,3
1114,new,android,before,0
1115,returning,ios,before,8
1116,new,ios,before,2
1117,returning,android,after,11
1118,returning,ios,after,5
1119,returning,android,after,4
1120,returning,ios,before,13
1121,new,ios,before,1
1122,returning,ios,before,5
1123,new,web,before,4
1124,new,ios,before,3
1125,returning,ios,after,5
1126,new,web,after,1
1127,new,ios,after,3
1128,returning,ios,after,8
1129,returning,ios,after,7
1130,returning,android,after,5
1131,new,ios,before,4
1132,new,web,after,1
1133,returning,android,after,16
1134,returning,android,after,10
1135,new,ios,after,2
1136,returning,android,before,5
1137,new,web,after,1
1138,new,web,before,3
1139,returning,ios,after,11
1140,new,android,after,1
1141,returning,android,after,11
1142,returning,web,before,8
1143,returning,ios,after,4
1144,returning,android,after,1
1145,new,android,before,7
1146,new,web,before,6
1147,new,android,after,1
1148,returning,web,after,6
1149,returning,ios,after,10
1150,returning,ios,after,6
1151,new,ios,before,3
1152,returning,web,after,12
1153,new,ios,before,3
1154,returning,android,after,9
1155,returning,web,before,10
1156,returning,web,after,11
1157,new,android,before,2
1158,returning,android,after,5
1159,returning,ios,before,3
1160,new,android,before,1
1161,returning,android,after,7
1162,new,android,before,2
1163,new,ios,after,2
1164,new,ios,after,2
1165,returning,android,after,4
1166,new,android,before,4
1167,returning,web,before,19
1168,returning,android,before,10
1169,new,web,after,3
1170,returning,android,after,10
1171,returning,android,after,6
1172,returning,android,after,3
1173,new,ios,before,1
1174,returning,ios,before,12
1175,new,web,before,4
1176,new,ios,before,2
1177,returning,android,before,10
1178,new,ios,before,4
1179,returning,android,before,9
1180,returning,ios,before,9
1181,new,android,after,3
1182,returning,android,after,5
1183,new,ios,after,2
1184,returning,android,before,15
1185,returning,web,before,7
1186,new,android,before,2
1187,returning,web,before,6
1188,returning,android,after,7
1189,returning,android,after,8
1190,new,android,before,4
1191,new,web,before,0
1192,new,android,before,2
1193,new,ios,before,2
1194,returning,web,after,9
1195,returning,web,after,12
1196,returning,android,after,8
1197,new,ios,after,3
1198,new,android,after,2
1199,returning,android,after,7
1200,returning,ios,after,5
1201,new,android,after,2
1202,returning,android,before,4
1203,new,ios,after,4
1204,new,android,after,0
1205,returning,ios,after,11
1206,new,android,after,3
1207,returning,ios,after,5
1208,new,web,after,5
1209,returning,ios,before,5
1210,returning,web,after,7
1211,new,android,after,2
1212,returning,ios,after,7
1213,new,web,before,2
1214,new,android,after,4
1215,new,android,before,2
1216,returning,web,before,3
1217,returning,web,after,4
1218,returning,android,after,4
1219,new,web,after,5
1220,new,ios,before,1
1221,returning,ios,after,12
1222,new,ios,after,4
1223,returning,ios,after,11
1224,returning,android,after,5
1225,returning,ios,before,4
1226,new,android,after,0
1227,returning,ios,before,7
1228,returning,ios,after,5
1229,new,android,before,4
1230,new,ios,before,2
1231,new,android,after,1
1232,returning,android,after,8
1233,returning,android,after,7
1234,returning,web,after,6
1235,new,web,after,1
1236,new,ios,before,3
1237,new,android,before,5
1238,new,ios,before,6
1239,new,ios,before,7
1240,new,android,before,7
1241,returning,android,after,8
1242,new,web,after,2
1243,returning,android,after,6
1244,new,android,before,6
1245,new,android,after,1
1246,new,ios,after,3
1247,new,ios,after,1
1248,new,android,before,5
1249,returning,android,before,11
1250,returning,ios,after,5
1251,new,ios,before,2
1252,returning,ios,before,9
1253,new,android,before,6
1254,new,ios,after,1
1255,returning,ios,after,4
1256,new,ios,before,4
1257,new,ios,before,2
1258,returning,android,after,8
1259,new,web,after,2
1260,new,ios,after,2
1261,returning,android,before,9
1262,new,android,after,1
1263,new,android,before,5
1264,new,ios,after,1
1265,new,ios,before,3
1266,new,web,before,3
1267,returning,web,before,6
1268,new,ios,before,2
1269,returning,android,after,7
1270,new,ios,before,2
1271,returning,ios,before,5
1272,new,ios,before,4
1273,returning,android,after,6
1274,new,ios,after,2
1275,new,ios,after,4
1276,returning,ios,after,6
1277,new,ios,after,2
1278,returning,ios,after,5
1279,new,android,before,7
1280,returning,android,after,6
1281,new,android,after,1
1282,returning,android,after,2
1283,returning,android,before,4
1284,returning,ios,after,8
1285,new,ios,before,1
1286,new,web,before,6
1287,returning,android,after,10
1288,new,android,before,5
1289,new,ios,before,3
1290,returning,ios,after,10
1291,returning,ios,before,15
1292,returning,web,after,4
1293,returning,android,before,10
1294,new,ios,before,3
1295,returning,ios,after,10
1296,returning,ios,after,10
1297,new,ios,before,5
1298,returning,android,after,7
1299,returning,ios,after,8
1300,returning,web,before,9
1301,returning,android,after,9
1302,returning,web,before,9
1303,returning,web,after,8
1304,returning,web,after,6
1305,new,web,after,4
1306,new,ios,after,3
1307,new,ios,before,6
1308,returning,ios,before,7
1309,new,android,before,2
1310,new,android,after,1
1311,new,ios,after,2
1312,returning,web,before,5
1313,returning,android,after,3
1314,new,android,after,5
1315,returning,ios,after,6
1316,new,ios,before,1
1317,returning,android,after,4
1318,new,ios,after,2
1319,new,android,before,2
1320,returning,ios,before,11
1321,returning,ios,before,10
1322,new,ios,before,2
1323,new,android,after,1
1324,returning,ios,after,6
1325,returning,web,after,8
1326,new,ios,before,2
1327,returning,web,after,11
1328,returning,ios,before,5
1329,new,ios,after,3
1330,new,web,before,4
1331,new,android,before,1
1332,new,android,after,4
1333,returning,android,before,3
1334,new,ios,after,4
1335,new,android,after,3
1336,returning,ios,after,4
1337,new,android,after,3
1338,new,web,before,0
1339,new,web,after,2
1340,new,android,before,1
1341,returning,android,after,8
1342,new,android,before,4
1343,returning,ios,before,9
1344,returning,web,after,7
1345,new,android,before,4
1346,returning,ios,after,9
1347,returning,android,after,10
1348,returning,ios,after,7
1349,new,web,after,3
1350,new,web,after,3
1351,returning,ios,before,11
1352,returning,ios,before,5
1353,returning,android,before,8
1354,returning,ios,after,7
1355,new,web,before,3
1356,new,ios,before,2
1357,new,ios,before,4
1358,new,ios,before,3
1359,returning,android,before,6
1360,returning,android,before,10
1361,new,web,before,3
1362,new,web,before,1
1363,returning,android,before,7
1364,new,ios,before,1
1365,returning,ios,after,7
1366,returning,web,before,9
1367,new,ios,before,3
1368,returning,web,before,8
1369,returning,web,after,9
1370,new,android,after,1
1371,returning,android,after,3
1372,returning,web,before,16
1373,new,android,before,4
1374,new,android,before,3
1375,new,ios,after,3
1376,returning,android,after,6
1377,returning,ios,after,8
1378,new,web,after,1
1379,new,android,after,3
1380,returning,android,after,9
1381,returning,ios,after,6
1382,returning,web,before,10
1383,new,ios,before,4
1384,new,android,after,3
1385,new,ios,before,3
1386,new,web,before,3
1387,returning,android,after,4
1388,new,android,before,3
1389,new,ios,after,1
1390,returning,ios,after,6
1391,returning,ios,before,10
1392,new,ios,after,2
1393,returning,android,after,13
1394,new,android,after,1
1395,new,ios,before,4
1396,returning,android,after,6
1397,new,ios,after,0
1398,returning,ios,after,5
1399,new,web,before,1
1400,returning,ios,before,10
1401,returning,android,after,10
1402,new,web,before,0
1403,new,android,before,4
1404,returning,android,before,4
1405,returning,android,before,7
1406,new,web,before,2
1407,returning,web,before,10
1408,new,ios,after,0
1409,new,android,before,5
1410,new,web,before,1
1411,returning,web,before,8
1412,new,ios,after,3
1413,returning,ios,before,13
1414,returning,android,after,9
1415,returning,ios,after,7
1416,returning,android,after,8
1417,returning,android,after,7
1418,new,ios,before,5
1419,returning,ios,after,10
1420,new,web,before,4
1421,returning,web,after,5
1422,returning,web,after,9
1423,new,web,after,2
1424,new,web,after,1
1425,new,android,before,2
1426,new,ios,after,3
1427,returning,web,after,6
1428,new,android,after,0
1429,new,ios,before,3
1430,returning,web,after,10
1431,returning,ios,before,11
1432,returning,web,before,9
1433,new,android,before,4
1434,new,ios,after,2
1435,new,web,before,2
1436,new,android,before,2
1437,new,android,before,3
1438,returning,android,after,8
1439,returning,ios,before,11
1440,new,ios,after,1
1441,returning,ios,after,11
1442,new,ios,after,3
1443,new,ios,after,2
1444,new,android,before,3
1445,new,ios,before,4
1446,returning,android,before,12
1447,new,ios,after,2
1448,returning,ios,after,7
1449,returning,web,after,3
1450,returning,web,before,12
1451,new,web,before,1
1452,new,ios,before,2
1453,new,android,before,5
1454,new,ios,before,1
1455,new,android,after,5
1456,new,web,before,5
1457,returning,ios,after,1
1458,new,web,before,1
1459,new,android,before,3
1460,returning,ios,after,6
1461,returning,ios,after,9
1462,new,web,before,1
1463,returning,android,before,9
1464,new,ios,before,3
1465,returning,ios,after,11
1466,returning,web,before,11
1467,new,ios,after,2
1468,returning,web,before,7
1469,returning,android,after,9
1470,returning,ios,before,7
1471,returning,ios,after,15
1472,returning,android,after,5
1473,returning,ios,before,4
1474,returning,ios,before,11
1475,new,ios,after,4
1476,returning,web,before,8
1477,new,android,before,2
1478,new,android,before,4
1479,new,ios,before,7
1480,new,android,before,3
1481,new,android,before,4
1482,new,ios,before,4
1483,new,web,before,2
1484,new,web,before,2
1485,new,ios,before,4
1486,returning,web,after,10
1487,returning,android,before,12
1488,new,android,before,3
1489,returning,ios,before,6
1490,new,web,after,3
1491,new,android,before,3
1492,returning,web,before,13
1493,returning,ios,before,6
1494,new,ios,before,1
1495,returning,web,before,7
1496,new,android,before,3
1497,returning,ios,after,9
1498,new,web,after,3
1499,new,ios,before,4
1500,new,web,after,3
1501,returning,web,after,6
1502,returning,ios,before,8
1503,new,android,before,4
1504,new,web,before,1
1505,returning,web,after,6
1506,new,android,before,1
1507,new,android,after,2
1508,new,android,before,3
1509,returning,ios,after,7
1510,returning,android,after,7
1511,new,ios,before,5
1512,new,ios,before,1
1513,returning,ios,after,3
1514,new,web,before,3
1515,new,ios,before,6
1516,returning,ios,after,8
1517,new,ios,before,0
1518,new,ios,before,3
1519,returning,web,before,2
1520,new,ios,before,5
1521,new,ios,after,5
1522,new,web,after,4
1523,new,ios,before,1
1524,returning,android,before,3
1525,returning,web,after,7
1526,returning,android,before,14
1527,new,ios,before,4
1528,new,android,before,4
1529,returning,android,before,2
1530,new,android,after,3
1531,returning,ios,before,10
1532,new,web,before,2
1533,returning,android,after,12
1534,new,android,before,7
1535,returning,web,after,3
1536,new,web,before,3
1537,new,android,before,2
1538,returning,ios,before,10
1539,returning,ios,after,5
1540,new,android,after,3
1541,returning,ios,before,7
1542,new,android,before,4
1543,returning,android,before,12
1544,returning,android,after,12
1545,returning,ios,before,4
1546,returning,web,after,8
1547,new,android,after,6
1548,new,android,after,3
1549,new,android,before,2
1550,returning,ios,before,6
1551,new,android,before,4
1552,new,ios,after,4
1553,new,android,after,5
1554,returning,ios,after,7
1555,new,ios,before,4
1556,new,ios,before,5
1557,returning,ios,after,13
1558,new,web,after,2
1559,returning,web,after,10
1560,new,ios,after,1
1561,new,ios,before,5
1562,returning,android,before,8
1563,new,ios,before,7
1564,new,android,after,3
1565,new,ios,after,5
1566,new,android,before,2
1567,returning,web,after,8
1568,returning,ios,after,7
1569,returning,web,after,9
1570,returning,web,after,6
1571,new,web,before,4
1572,new,android,before,4
1573,new,web,after,1
1574,returning,android,after,8
1575,new,web,before,2
1576,returning,ios,before,10
1577,new,android,after,1
1578,new,android,after,1
1579,new,ios,before,2
1580,returning,ios,after,7
1581,new,ios,before,3
1582,new,ios,before,4
1583,new,ios,after,2
1584,new,ios,before,4
1585,new,ios,after,2
1586,returning,android,before,4
1587,new,ios,after,4
1588,new,ios,before,3
1589,new,ios,after,1
1590,new,ios,before,5
1591,returning,ios,after,9
1592,returning,web,before,8
1593,returning,ios,before,10
1594,returning,ios,before,9
1595,new,android,after,2
1596,new,web,before,2
1597,returning,android,after,14
1598,returning,ios,after,6
1599,returning,android,after,5
1600,returning,android,after,11
1601,new,ios,before,2
1602,returning,web,after,6
1603,new,web,after,0
1604,returning,android,before,9
1605,new,ios,before,6
1606,new,android,after,2
1607,returning,web,before,12
1608,returning,web,after,2
1609,new,ios,before,5
1610,returning,ios,before,9
1611,returning,ios,after,5
1612,new,web,before,4
1613,returning,android,after,7
1614,new,ios,after,1
1615,new,ios,before,2
1616,new,ios,before,2
1617,returning,web,after,9
1618,returning,ios,after,5
1619,new,ios,before,4
1620,returning,android,after,5
1621,returning,android,before,5
1622,new,android,before,3
1623,new,web,after,1
1624,new,ios,before,3
1625,new,ios,after,1
1626,returning,ios,after,10
1627,returning,android,after,5
1628,new,web,after,5
1629,returning,ios,before,6
1630,returning,android,before,10
1631,new,android,after,3
1632,returning,web,after,7
1633,new,android,before,3
1634,returning,ios,after,5
1635,returning,android,before,11
1636,returning,web,after,6
1637,new,android,before,3
1638,returning,web,after,7
1639,returning,ios,before,8
1640,new,android,before,1
1641,new,ios,after,1
1642,new,ios,before,2
1643,new,ios,before,1
1644,new,ios,after,3
1645,new,ios,before,2
1646,new,android,before,4
1647,new,web,before,3
1648,returning,ios,after,6
1649,returning,ios,after,15
1650,new,ios,after,1
1651,returning,ios,before,9
1652,new,ios,before,6
1653,new,android,before,5
1654,returning,web,after,9
1655,returning,android,before,5
1656,returning,android,before,7
1657,new,android,after,1
1658,new,ios,after,3
1659,returning,ios,after,5
1660,returning,ios,before,7
1661,new,ios,after,4
1662,new,web,after,2
1663,new,android,before,3
1664,returning,android,after,8
1665,new,ios,after,6
1666,new,ios,before,2
1667,returning,web,after,5
1668,returning,ios,after,6
1669,new,android,after,1
1670,returning,ios,after,7
1671,new,ios,after,0
1672,new,ios,after,4
1673,new,web,before,6
1674,returning,ios,after,5
1675,new,android,after,2
1676,returning,ios,after,4
1677,new,android,before,2
1678,new,android,before,4
1679,returning,android,after,7
1680,returning,ios,after,7
1681,new,ios,after,2
1682,returning,web,before,10
1683,new,android,before,2
1684,new,ios,after,4
1685,returning,ios,before,6
1686,returning,ios,after,7
1687,new,android,before,1
1688,new,ios,before,3
1689,returning,ios,after,8
1690,new,ios,before,4
1691,returning,android,after,6
1692,returning,web,after,9
1693,new,android,after,3
1694,returning,android,before,5
1695,new,android,before,5
1696,new,ios,after,1
1697,new,android,before,3
1698,new,ios,before,0
1699,returning,ios,before,15
1700,returning,android,after,11
1701,returning,ios,before,6
1702,returning,android,before,7
1703,returning,android,after,5
1704,returning,ios,before,7
1705,new,ios,after,6
1706,returning,android,after,10
1707,returning,android,after,9
1708,new,web,after,2
1709,returning,ios,before,11
1710,returning,web,before,8
1711,new,ios,before,2
1712,new,ios,before,2
1713,new,android,after,6
1714,returning,ios,after,10
1715,returning,ios,after,7
1716,returning,ios,after,6
1717,new,web,after,3
1718,new,web,before,6
1719,new,web,before,1
1720,returning,ios,after,10
1721,new,android,before,1
1722,returning,web,after,8
1723,returning,ios,after,9
1724,new,ios,after,4
1725,new,ios,after,1
1726,returning,android,after,9
1727,new,android,after,4
1728,new,ios,after,2
1729,new,ios,before,4
1730,returning,android,before,7
1731,returning,android,after,9
1732,new,ios,after,1
1733,returning,ios,after,12
1734,returning,web,after,4
1735,returning,android,after,1
1736,new,android,after,5
1737,returning,android,after,12
1738,returning,web,before,9
1739,new,ios,before,4
1740,returning,ios,before,5
1741,new,ios,before,2
1742,returning,web,after,3
1743,new,ios,before,2
1744,new,ios,before,6
1745,new,ios,before,2
1746,returning,android,after,8
1747,new,android,after,2
1748,new,ios,before,7
1749,new,ios,after,1
1750,returning,android,after,10
1751,new,ios,after,4
1752,returning,android,after,7
1753,new,ios,after,6
1754,new,web,before,2
1755,new,ios,after,2
1756,new,android,before,2
1757,new,ios,before,0
1758,returning,ios,after,10
1759,returning,android,after,4
1760,returning,android,after,6
1761,returning,android,before,10
1762,new,android,before,2
1763,new,android,before,5
1764,returning,web,after,11
1765,returning,ios,after,8
1766,returning,web,after,6
1767,new,ios,after,2
1768,new,ios,before,2
1769,new,android,before,5
1770,new,ios,before,1
1771,new,ios,before,6
1772,returning,ios,before,9
1773,new,android,before,1
1774,returning,android,before,2
1775,new,ios,after,1
1776,new,ios,before,5
1777,new,ios,before,3
1778,new,ios,before,1
1779,new,ios,before,4
1780,new,ios,after,3
1781,new,web,before,4
1782,new,android,before,3
1783,new,ios,before,1
1784,returning,ios,after,5
1785,new,ios,after,2
1786,returning,ios,before,8
1787,new,ios,before,4
1788,new,web,before,2
1789,returning,android,before,8
1790,returning,android,after,6
1791,returning,ios,after,8
1792,returning,android,after,6
1793,new,web,before,1
1794,returning,ios,before,8
1795,returning,web,before,7
1796,returning,ios,before,6
1797,returning,android,after,11
1798,new,ios,before,5
1799,new,android,before,2
1800,returning,ios,after,7
1801,new,android,before,1
1802,returning,android,before,4
1803,returning,android,before,10
1804,new,android,before,2
1805,new,ios,before,2
1806,new,android,before,1
1807,new,ios,before,1
1808,new,android,before,4
1809,returning,ios,before,6
1810,returning,android,after,6
1811,new,ios,before,2
1812,new,web,after,1
1813,returning,android,after,7
1814,new,ios,before,4
1815,new,android,after,1
1816,returning,ios,before,5
1817,new,ios,before,4
1818,new,ios,before,4
1819,returning,android,before,7
1820,new,web,before,7
1821,new,web,before,2
1822,returning,ios,after,7
1823,returning,ios,before,11
1824,returning,web,after,9
1825,new,ios,after,3
1826,new,android,after,2
1827,returning,web,before,7
1828,returning,ios,after,8
1829,returning,ios,after,9
1830,new,web,after,2
1831,returning,android,before,8
1832,new,web,after,2
1833,returning,android,after,5
1834,returning,ios,before,6
1835,new,web,before,0
1836,returning,android,before,15
1837,returning,web,after,10
1838,new,android,before,0
1839,returning,android,before,10
1840,returning,ios,after,8
1841,returning,ios,before,8
1842,returning,web,before,7
1843,new,web,after,2
1844,returning,android,after,15
1845,returning,web,after,12
1846,returning,ios,after,12
1847,returning,web,before,11
1848,returning,android,after,6
1849,returning,android,after,5
1850,new,android,before,2
1851,returning,android,before,7
1852,new,web,before,5
1853,new,ios,before,6
1854,returning,web,before,9
1855,returning,ios,before,6
1856,returning,ios,after,7
1857,new,android,before,2
1858,new,android,after,0
1859,new,web,after,3
1860,new,ios,after,3
1861,new,ios,after,3
1862,new,android,before,5
1863,returning,web,after,6
1864,new,web,before,4
1865,returning,web,after,8
1866,new,android,before,2
1867,new,web,before,3
1868,returning,ios,after,11
1869,returning,web,before,4
1870,new,android,after,1
1871,new,ios,before,4
1872,returning,android,before,8
1873,new,android,after,2
1874,returning,ios,after,5
1875,new,ios,before,4
1876,returning,android,before,6
1877,new,web,before,0
1878,returning,android,after,7
1879,new,ios,after,2
1880,returning,android,before,9
1881,returning,ios,before,10
1882,returning,ios,before,9
1883,returning,ios,before,6
1884,returning,android,after,5
1885,new,ios,after,7
1886,new,ios,before,3
1887,new,ios,after,3
1888,new,android,before,1
1889,new,ios,before,4
1890,returning,ios,before,6
1891,new,android,before,4
1892,new,android,before,4
1893,returning,web,after,9
1894,returning,android,after,10
1895,new,android,before,6
1896,returning,web,after,6
1897,returning,android,after,10
1898,returning,android,after,6
1899,new,ios,after,3
1900,new,ios,before,5
1901,returning,ios,after,6
1902,new,ios,after,3
1903,returning,web,after,7
1904,returning,ios,before,10
1905,returning,android,before,5
1906,returning,web,before,6
1907,returning,android,before,10
1908,returning,ios,before,9
1909,new,web,before,3
1910,returning,ios,after,6
1911,returning,ios,before,7
1912,returning,ios,after,9
1913,new,ios,before,2
1914,new,web,after,1
1915,returning,ios,before,5
1916,returning,web,after,9
1917,returning,ios,before,12
1918,new,web,before,4
1919,new,ios,before,3
1920,new,web,after,2
1921,new,ios,before,7
1922,returning,web,after,5
1923,new,web,after,0
1924,new,android,before,6
1925,returning,ios,before,6
1926,new,android,before,5
1927,new,android,before,2
1928,new,android,before,1
1929,new,android,before,4
1930,returning,web,after,10
1931,new,web,before,5
1932,new,android,before,3
1933,returning,ios,after,4
1934,returning,ios,after,12
1935,new,android,before,2
1936,new,web,before,3
1937,new,ios,before,1
1938,returning,ios,after,6
1939,returning,ios,after,11
1940,new,ios,before,8
1941,returning,web,before,9
1942,new,android,before,2
1943,returning,ios,after,7
1944,new,ios,before,4
1945,returning,ios,before,9
1946,new,android,before,2
1947,new,android,before,4
1948,returning,ios,after,10
1949,returning,ios,before,7
1950,new,web,before,6
1951,returning,web,after,9
1952,returning,android,after,6
1953,returning,android,before,8
1954,returning,web,before,8
1955,returning,android,after,6
1956,returning,web,before,9
1957,returning,ios,after,6
1958,returning,ios,after,10
1959,returning,ios,after,2
1960,returning,web,before,11
1961,returning,android,after,10
1962,returning,ios,after,8
1963,new,web,before,3
1964,new,web,after,3
1965,new,ios,after,3
1966,new,android,after,1
1967,returning,android,before,9
1968,new,ios,before,3
1969,returning,android,after,6
1970,returning,ios,before,7
1971,returning,web,after,5
1972,returning,web,after,13
1973,new,web,after,1
1974,new,android,before,4
1975,returning,ios,after,9
1976,new,ios,before,4
1977,returning,android,after,5
1978,new,ios,before,4
1979,new,android,before,3
1980,returning,ios,after,3
1981,new,ios,after,2
1982,new,android,after,2
1983,new,android,before,1
1984,new,android,after,1
1985,new,android,after,2
1986,returning,ios,after,4
1987,new,android,after,1
1988,new,android,before,1
1989,returning,android,before,7
1990,new,ios,after,4
1991,new,android,after,4
1992,new,ios,before,3
1993,returning,android,before,5
1994,new,ios,after,1
1995,new,web,after,4
1996,returning,web,before,7
1997,new,android,after,3
1998,new,web,after,5
1999,returning,android,before,13
2000,new,ios,before,2
2001,returning,android,after,3
2002,returning,web,before,15
2003,returning,ios,before,4
2004,returning,ios,before,3
2005,returning,android,after,4
2006,returning,ios,before,9
2007,new,android,before,5
2008,new,android,before,4
2009,returning,android,after,3
2010,new,ios,after,3
2011,returning,ios,before,7
2012,new,web,before,1
2013,returning,ios,before,4
2014,returning,android,after,8
2015,returning,ios,after,5
2016,new,ios,before,8
2017,new,android,before,5
2018,returning,ios,after,10
2019,new,android,after,5
2020,new,android,before,4
2021,new,web,before,4
2022,returning,web,after,10
2023,returning,ios,after,9
2024,returning,ios,after,7
2025,returning,web,before,5
2026,new,ios,before,0
2027,returning,ios,after,10
2028,returning,ios,after,4
2029,returning,android,after,5
2030,returning,ios,before,8
2031,new,ios,after,2
2032,new,android,before,3
2033,returning,android,before,7
2034,new,ios,after,5
2035,returning,android,after,7
2036,new,android,after,4
2037,returning,ios,after,11
2038,new,ios,before,2
2039,new,ios,after,3
2040,new,ios,before,2
2041,new,web,before,0
2042,new,ios,after,5
2043,new,web,after,2
2044,returning,ios,after,12
2045,new,ios,before,4
2046,returning,android,after,6
2047,returning,web,before,8
2048,returning,ios,after,8
2049,new,ios,after,1
2050,returning,android,after,6
2051,returning,ios,before,15
2052,new,android,before,7
2053,new,web,before,1
2054,returning,ios,after,4
2055,returning,web,after,9
2056,new,ios,before,4
2057,new,web,after,2
2058,new,web,after,1
2059,new,android,before,2
2060,new,web,before,2
2061,returning,web,after,7
2062,returning,ios,after,10
2063,new,ios,before,1
2064,new,ios,after,0
2065,returning,android,after,10
2066,returning,android,after,12
2067,new,android,after,2
2068,returning,android,after,6
2069,new,ios,before,0
2070,returning,ios,before,4
2071,new,ios,before,3
2072,new,web,after,6
2073,new,ios,before,1
2074,new,ios,before,3
2075,new,ios,after,4
2076,new,web,before,4
2077,new,ios,before,4
2078,returning,android,before,7
2079,new,ios,before,3
2080,returning,ios,before,7
2081,returning,android,after,9
2082,returning,android,before,6
2083,returning,android,before,5
2084,returning,ios,after,3
2085,returning,web,before,7
2086,returning,android,after,7
2087,returning,web,after,8
2088,returning,ios,after,6
2089,new,ios,before,3
2090,new,ios,before,3
2091,returning,android,after,15
2092,new,android,before,4
2093,returning,android,after,9
2094,returning,ios,before,8
2095,returning,ios,before,4
2096,new,ios,after,1
2097,returning,web,after,13
2098,returning,ios,after,7
2099,returning,ios,after,10
2100,new,ios,before,3
2101,new,ios,after,3
2102,new,web,after,1
2103,new,ios,before,1
2104,new,web,before,3
2105,returning,android,after,5
2106,new,android,before,6
2107,returning,android,after,6
2108,returning,android,before,5
2109,new,android,before,1
2110,new,ios,before,2
2111,new,web,before,1
2112,new,ios,after,4
2113,returning,ios,after,5
2114,returning,ios,after,8
2115,returning,android,after,10
2116,new,ios,before,1
2117,returning,ios,after,8
2118,returning,ios,after,7
2119,new,ios,after,0
2120,new,ios,after,1
2121,returning,web,after,5
2122,returning,ios,after,3
2123,new,web,after,3
2124,new,android,after,0
2125,returning,android,after,7
2126,new,web,before,2
2127,returning,ios,before,9
2128,returning,android,after,9
2129,new,ios,before,7
2130,new,ios,before,3
2131,new,ios,after,2
2132,returning,android,after,2
2133,returning,web,after,12
2134,new,ios,before,1
2135,new,android,before,1
2136,new,ios,after,2
2137,returning,ios,after,12
2138,new,ios,before,5
2139,new,android,after,0
2140,new,android,before,4
2141,returning,ios,after,11
2142,new,ios,after,0
2143,new,android,after,1
2144,new,web,after,2
2145,new,ios,before,3
2146,new,android,before,2
2147,returning,android,before,7
2148,new,android,after,1
2149,returning,ios,after,8
2150,returning,web,after,3
2151,returning,android,before,9
2152,returning,ios,before,7
2153,returning,web,after,8
2154,returning,web,after,9
2155,returning,android,after,6
2156,new,web,before,0
2157,returning,ios,before,10
2158,new,android,after,1
2159,returning,ios,after,6
2160,returning,web,before,2
2161,returning,ios,after,4
2162,new,ios,before,5
2163,new,ios,before,4
2164,returning,android,after,9
2165,returning,android,after,3
2166,new,android,after,1
2167,new,ios,before,2
2168,returning,ios,after,7
2169,returning,android,after,5
2170,returning,ios,after,7
2171,returning,android,before,7
2172,new,web,after,1
2173,returning,android,after,7
2174,returning,ios,after,9
2175,new,android,before,2
2176,new,web,after,4
2177,new,android,before,4
2178,returning,web,before,8
2179,returning,ios,after,9
2180,new,android,before,2
2181,new,ios,after,2
2182,returning,android,before,4
2183,returning,web,after,2
2184,new,web,after,6
2185,new,ios,after,4
2186,returning,web,before,8
2187,returning,ios,before,10
2188,returning,android,before,14
2189,new,android,before,0
2190,new,android,after,2
2191,returning,ios,before,7
2192,returning,android,before,10
2193,returning,android,before,8
2194,new,android,before,2
2195,returning,android,after,11
2196,returning,android,after,4
2197,new,ios,before,2
2198,new,ios,after,3
2199,new,android,after,2
2200,new,android,before,2
2201,new,ios,before,0
2202,new,ios,before,3
2203,returning,web,before,8
2204,returning,web,before,9
2205,returning,android,before,3
2206,returning,android,after,5
2207,new,web,before,2
2208,returning,android,after,9
2209,new,ios,before,5
2210,new,android,before,1
2211,new,web,after,1
2212,returning,android,after,7
2213,new,ios,after,1
2214,new,web,before,3
2215,new,android,before,2
2216,new,ios,before,2
2217,new,web,before,5
2218,returning,android,after,7
2219,new,web,before,4
2220,new,web,before,2
2221,new,ios,after,5
2222,new,android,before,3
2223,new,ios,before,0
2224,returning,web,before,8
2225,new,web,before,4
2226,returning,web,after,10
2227,returning,android,after,11
2228,returning,android,after,6
2229,new,ios,before,1
2230,returning,ios,after,6
2231,returning,ios,after,10
2232,new,web,before,3
2233,returning,android,after,6
2234,returning,android,before,8
2235,returning,ios,after,7
2236,returning,android,after,8
2237,new,android,before,3
2238,returning,web,before,1
2239,new,web,before,2
2240,returning,android,after,10
2241,returning,web,before,12
2242,new,ios,after,2
2243,returning,ios,before,8
2244,new,android,before,3
2245,new,android,after,2
2246,new,ios,after,2
2247,returning,ios,after,7
2248,returning,android,before,7
2249,new,ios,before,2
2250,returning,ios,before,3
2251,new,android,after,2
2252,new,web,after,4
2253,new,ios,before,1
2254,returning,ios,after,12
2255,new,ios,before,4
2256,new,ios,after,0
2257,new,android,after,1
2258,returning,ios,after,10
2259,returning,ios,before,5
2260,new,web,after,2
2261,returning,android,before,12
2262,returning,ios,after,8
2263,new,ios,before,2
2264,new,web,after,0
2265,returning,android,before,11
2266,new,web,before,3
2267,returning,ios,after,6
2268,returning,android,after,10
2269,new,ios,before,0
2270,new,ios,after,2
2271,returning,android,before,7
2272,new,android,before,4
2273,new,ios,before,1
2274,returning,ios,before,9
2275,new,android,before,2
2276,new,ios,before,6
2277,new,ios,before,1
2278,returning,ios,before,8
2279,new,ios,before,3
2280,new,web,after,0
2281,returning,ios,after,4
2282,new,android,before,3
2283,returning,android,before,8
2284,new,ios,after,2
2285,new,android,after,1
2286,returning,ios,after,4
2287,returning,web,after,7
2288,returning,android,after,6
2289,new,android,after,4
2290,new,ios,before,4
2291,new,web,before,3
2292,returning,android,before,8
2293,returning,ios,before,11
2294,new,ios,after,1
2295,returning,ios,after,10
2296,new,ios,after,0
2297,new,ios,before,2
2298,returning,web,before,10
2299,returning,web,before,10
2300,new,ios,after,1
2301,new,web,before,5
2302,returning,android,before,7
2303,new,android,after,3
2304,new,web,after,1
2305,returning,android,after,14
2306,returning,android,before,4
2307,new,ios,before,3
2308,new,ios,before,4
2309,returning,web,before,10
2310,new,ios,after,5
2311,returning,ios,before,2
2312,new,ios,before,2
2313,returning,android,after,8
2314,returning,ios,before,5
2315,returning,web,before,7
2316,returning,ios,before,15
2317,returning,web,before,6
2318,new,android,before,4
2319,new,android,after,2
2320,new,ios,after,2
2321,new,ios,before,3
2322,new,web,before,2
2323,new,android,before,2
2324,new,ios,after,3
2325,returning,web,after,7
2326,returning,web,after,10
2327,new,ios,before,1
2328,returning,android,before,9
2329,returning,android,before,7
2330,new,web,before,4
2331,returning,ios,before,6
2332,returning,ios,after,3
2333,new,ios,before,2
2334,new,ios,after,1
2335,returning,ios,after,7
2336,returning,android,after,6
2337,new,android,before,0
2338,new,ios,after,1
2339,new,android,before,3
2340,new,ios,before,2
2341,new,ios,before,3
2342,returning,android,before,6
2343,returning,web,after,7
2344,new,ios,after,4
2345,returning,web,after,10
2346,returning,web,before,9
2347,new,android,before,0
2348,returning,web,after,8
2349,new,ios,before,3
2350,returning,ios,after,6
2351,returning,web,after,7
2352,returning,android,after,5
2353,returning,ios,after,8
2354,new,ios,before,4
2355,returning,ios,before,11
2356,returning,ios,before,8
2357,new,ios,before,2
2358,new,web,before,4
2359,returning,ios,after,13
2360,new,web,before,2
2361,new,ios,after,2
2362,returning,ios,after,10
2363,returning,web,after,7
2364,returning,ios,before,7
2365,returning,ios,after,5
2366,new,web,before,0
2367,new,ios,before,4
2368,new,ios,before,2
2369,new,web,before,4
2370,new,ios,before,4
2371,new,android,before,4
2372,new,ios,after,4
2373,returning,ios,before,7
2374,new,android,before,4
2375,returning,android,after,9
2376,returning,ios,after,8
2377,returning,web,after,8
2378,new,android,before,1
2379,returning,android,after,4
2380,returning,android,after,11
2381,new,android,before,4
2382,new,android,before,8
2383,returning,ios,after,4
2384,returning,web,before,9
2385,returning,android,before,12
2386,returning,web,after,8
2387,new,web,after,1
2388,returning,ios,after,4
2389,new,ios,after,3
2390,returning,android,after,7
2391,new,android,before,4
2392,returning,web,before,11
2393,returning,ios,after,4
2394,returning,android,before,7
2395,returning,web,before,12
2396,new,web,after,6
2397,returning,ios,after,5
2398,new,web,before,3
2399,new,ios,before,4
2400,returning,android,after,10
2401,new,ios,before,5
2402,returning,android,after,6
2403,returning,ios,after,7
2404,returning,ios,after,8
2405,returning,ios,before,8
2406,returning,web,after,7
2407,new,android,before,6
2408,new,android,after,5
2409,new,android,before,2
2410,new,ios,before,2
2411,new,ios,after,1
2412,new,ios,before,2
2413,returning,android,after,11
2414,new,web,after,4
2415,new,ios,before,5
2416,returning,android,before,6
2417,new,web,after,1
2418,new,web,before,3
2419,returning,ios,before,7
2420,returning,web,before,7
2421,new,android,before,2
2422,new,android,after,2
2423,returning,android,before,11
2424,new,ios,after,3
2425,new,web,before,4
2426,returning,android,after,5
2427,returning,android,before,8
2428,returning,web,before,13
2429,new,android,after,1
2430,new,ios,before,4
2431,new,ios,before,1
2432,new,web,after,3
2433,new,android,before,2
2434,new,web,before,4
2435,new,ios,before,4
2436,returning,android,after,8
2437,returning,web,after,6
2438,new,android,after,3
2439,returning,ios,after,4
2440,new,ios,before,4
2441,returning,web,before,7
2442,new,android,before,5
2443,new,ios,before,2
2444,new,android,before,2
2445,new,ios,after,2
2446,returning,ios,after,8
2447,new,ios,after,2
2448,returning,ios,after,12
2449,new,web,after,2
2450,new,ios,before,3
2451,returning,web,after,11
2452,new,android,after,2
2453,returning,ios,before,9
2454,new,ios,before,3
2455,returning,ios,after,6
2456,new,android,before,3
2457,returning,web,after,7
2458,new,android,after,3
2459,new,android,before,3
2460,new,web,before,0
2461,new,android,before,4
2462,returning,android,before,8
2463,new,android,before,4
2464,returning,ios,after,6
2465,returning,ios,before,9
2466,new,android,before,5
2467,returning,android,before,8
2468,new,ios,after,2
2469,new,web,before,1
2470,new,ios,before,2
2471,new,android,after,2
2472,returning,web,before,6
2473,returning,ios,before,10
2474,new,web,before,3
2475,returning,web,before,8
2476,returning,android,before,9
2477,new,web,after,1
2478,new,android,before,2
2479,returning,android,before,15
2480,new,android,before,3
2481,new,ios,after,2
2482,new,ios,after,0
2483,new,ios,before,5
2484,new,ios,before,3
2485,returning,web,before,2
2486,new,web,before,5
2487,new,web,before,3
2488,new,ios,before,2
2489,returning,android,after,12
2490,new,android,before,2
2491,returning,ios,before,8
2492,returning,android,before,9
2493,returning,ios,after,8
2494,returning,web,after,9
2495,new,ios,before,3
2496,returning,web,before,7
2497,returning,web,after,5
2498,returning,android,after,3
2499,returning,ios,before,8
2500,new,ios,after,1
2501,returning,web,after,8
2502,new,ios,before,2
2503,returning,ios,after,5
2504,new,web,before,3
2505,new,android,before,2
2506,new,android,before,3
2507,new,ios,before,4
2508,new,android,after,5
2509,returning,web,before,6
2510,returning,ios,before,16
2511,new,ios,before,3
2512,returning,ios,after,8
2513,returning,android,after,5
2514,returning,ios,after,3
2515,returning,web,before,9
2516,returning,ios,after,5
2517,new,ios,after,5
2518,returning,web,after,6
2519,returning,web,before,6
2520,new,android,after,3
2521,new,web,before,3
2522,new,ios,before,2
2523,returning,android,before,5
2524,returning,ios,before,6
2525,new,android,before,3
2526,returning,android,before,9
2527,new,web,before,2
2528,new,ios,after,2
2529,returning,ios,before,8
2530,returning,web,after,9
2531,new,android,after,3
2532,returning,ios,after,13
2533,returning,ios,after,7
2534,returning,ios,before,8
2535,returning,ios,after,8
2536,returning,ios,after,10
2537,new,android,before,2
2538,new,android,before,4
2539,returning,android,after,5
2540,new,ios,before,4
2541,returning,ios,before,13
2542,returning,ios,after,9
2543,returning,web,after,6
2544,returning,android,before,7
2545,returning,ios,after,10
2546,returning,android,before,5
2547,returning,android,after,6
2548,new,android,after,1
2549,new,android,before,3
2550,new,web,before,2
2551,new,ios,after,0
2552,new,android,before,3
2553,new,android,before,4
2554,new,android,before,1
2555,new,ios,after,3
2556,returning,android,before,9
2557,returning,ios,after,9
2558,new,android,after,4
2559,new,android,before,2
2560,returning,ios,after,11
2561,returning,web,after,9
2562,returning,web,before,11
2563,returning,android,after,8
2564,returning,web,before,11
2565,returning,web,before,7
2566,new,ios,before,3
2567,returning,android,after,8
2568,returning,android,after,10
2569,returning,android,before,13
2570,returning,web,after,10
2571,returning,android,after,9
2572,new,ios,after,2
2573,returning,android,after,8
2574,returning,android,before,6
2575,new,ios,after,1
2576,new,ios,before,3
2577,returning,ios,before,13
2578,returning,android,before,12
2579,new,ios,after,5
2580,new,ios,after,2
2581,new,ios,before,0
2582,new,android,before,5
2583,new,ios,before,3
2584,returning,ios,after,7
2585,new,android,before,3
2586,returning,ios,after,10
2587,returning,ios,before,15
2588,new,android,before,2
2589,new,ios,after,3
2590,new,ios,before,4
2591,new,ios,before,5
2592,new,ios,before,3
2593,returning,android,after,8
2594,new,web,before,3
2595,new,ios,before,4
2596,new,android,before,3
2597,new,web,after,2
2598,new,android,after,3
2599,new,android,after,3
2600,new,android,before,3
2601,new,android,after,3
2602,returning,web,before,8
2603,returning,ios,after,9
2604,new,web,after,2
2605,new,android,after,4
2606,new,android,after,1
2607,returning,android,after,14
2608,returning,ios,before,6
2609,returning,ios,after,9
2610,returning,web,after,5
2611,returning,android,after,7
2612,returning,web,after,5
2613,new,ios,before,2
2614,new,ios,after,8
2615,new,ios,before,2
2616,new,ios,after,3
2617,returning,android,after,5
2618,new,web,before,2
2619,new,web,after,0
2620,returning,android,after,9
2621,returning,ios,after,8
2622,new,android,before,5
2623,new,android,before,6
2624,new,android,after,6
2625,returning,android,after,5
2626,returning,ios,after,2
2627,new,ios,after,3
2628,returning,web,before,10
2629,returning,android,after,6
2630,returning,web,before,7
2631,returning,ios,after,9
2632,new,android,after,4
2633,new,ios,after,6
2634,new,web,after,3
2635,new,ios,before,2
2636,returning,android,before,12
2637,new,ios,before,1
2638,new,ios,after,2
2639,new,ios,before,3
2640,new,android,after,3
2641,new,web,before,0
2642,new,web,before,0
2643,returning,android,before,7
2644,new,android,before,3
2645,returning,android,before,9
2646,new,ios,before,3
2647,new,web,after,3
2648,returning,android,after,5
2649,returning,android,after,6
2650,returning,ios,before,7
2651,returning,ios,after,8
2652,returning,ios,after,8
2653,returning,web,after,9
2654,returning,android,before,4
2655,returning,android,after,9
2656,returning,android,after,8
2657,new,android,before,2
2658,new,ios,before,5
2659,returning,ios,after,10
2660,returning,android,before,9
2661,new,ios,before,4
2662,returning,ios,after,8
2663,new,android,before,3
2664,returning,ios,before,5
2665,new,web,before,2
2666,returning,web,after,8
2667,new,web,before,2
2668,returning,web,after,7
2669,new,ios,before,2
2670,new,ios,after,1
2671,new,android,after,4
2672,returning,ios,after,9
2673,new,web,after,2
2674,new,ios,before,2
2675,new,android,after,1
2676,new,android,after,5
2677,new,web,after,4
2678,returning,android,after,4
2679,new,android,after,3
2680,new,ios,before,1
2681,new,android,before,1
2682,new,android,before,2
2683,new,android,before,1
2684,new,android,after,2
2685,returning,ios,after,6
2686,new,ios,before,0
2687,returning,web,before,14
2688,new,ios,after,2
2689,returning,android,after,11
2690,returning,android,after,5
2691,new,web,after,1
2692,returning,ios,after,7
2693,new,ios,after,0
2694,new,web,before,3
2695,returning,android,after,9
2696,new,android,before,5
2697,new,ios,before,7
2698,returning,ios,before,5
2699,new,web,before,6
2700,new,android,before,5
2701,returning,web,after,7
2702,returning,web,after,6
2703,returning,android,before,10
2704,new,android,after,0
2705,new,android,before,1
2706,returning,web,before,9
2707,returning,android,after,6
2708,returning,ios,before,5
2709,returning,web,after,5
2710,returning,android,after,7
2711,returning,web,before,14
2712,new,ios,before,2
2713,new,android,after,2
2714,returning,android,after,12
2715,new,android,after,4
2716,new,ios,before,7
2717,new,ios,before,2
2718,new,android,after,2
2719,returning,web,after,2
2720,returning,ios,before,9
2721,returning,ios,after,11
2722,new,android,after,0
2723,returning,ios,before,6
2724,returning,ios,before,8
2725,returning,android,after,13
2726,returning,android,after,7
2727,new,ios,before,3
2728,returning,ios,before,5
2729,returning,web,after,12
2730,new,android,before,5
2731,returning,android,after,9
2732,returning,ios,after,7
2733,returning,web,after,8
2734,returning,web,before,5
2735,new,ios,before,0
2736,new,android,before,3
2737,new,android,after,5
2738,new,ios,before,2
2739,returning,android,before,14
2740,new,ios,before,2
2741,new,android,before,2
2742,new,web,before,2
2743,new,ios,after,1
2744,returning,ios,after,8
2745,new,ios,before,1
2746,returning,web,before,11
2747,new,ios,before,4
2748,new,ios,after,2
2749,new,android,before,3
2750,returning,android,after,9
2751,returning,android,before,4
2752,new,web,before,3
2753,returning,ios,after,8
2754,new,android,after,3
2755,new,android,after,0
2756,returning,ios,after,10
2757,new,web,after,2
2758,returning,android,after,4
2759,new,ios,before,4
2760,new,ios,before,2
2761,new,ios,before,3
2762,new,web,before,2
2763,new,ios,before,4
2764,new,web,before,3
2765,returning,ios,before,8
2766,new,web,after,3
2767,returning,web,before,8
2768,returning,ios,after,9
2769,returning,ios,before,10
2770,new,web,after,1
2771,returning,ios,after,8
2772,new,ios,before,1
2773,new,web,before,3
2774,new,web,after,3
2775,new,android,after,1
2776,returning,web,before,8
2777,returning,android,after,10
2778,new,android,after,8
2779,returning,ios,before,9
2780,new,android,before,5
2781,new,android,before,0
2782,returning,android,after,8
2783,new,web,after,2
2784,new,android,after,3
2785,new,android,after,1
2786,new,android,before,4
2787,new,ios,before,2
2788,new,ios,before,2
2789,new,web,before,1
2790,returning,ios,after,9
2791,returning,android,after,11
2792,returning,android,before,6
2793,new,web,after,3
2794,returning,android,after,7
2795,new,ios,before,2
2796,returning,ios,after,9
2797,returning,android,after,7
2798,returning,ios,after,11
2799,returning,android,after,4
2800,new,ios,before,3
2801,returning,ios,after,9
2802,new,web,before,3
2803,new,web,after,4
2804,returning,android,before,10
2805,returning,ios,before,5
2806,returning,web,after,5
2807,new,android,before,3
2808,new,web,before,6
2809,returning,ios,after,5
2810,returning,ios,before,9
2811,new,android,after,2
2812,returning,web,before,13
2813,new,ios,before,1
2814,returning,ios,after,5
2815,returning,android,before,12
2816,new,web,before,3
2817,returning,android,after,5
2818,returning,web,after,5
2819,new,android,before,3
2820,new,web,after,4
2821,returning,android,after,2
2822,returning,ios,after,5
2823,new,android,before,0
2824,returning,android,after,11
2825,new,android,after,2
2826,new,ios,after,1
2827,new,android,before,5
2828,new,web,after,1
2829,new,ios,after,4
2830,new,web,before,2
2831,returning,ios,after,6
2832,new,ios,after,2
2833,new,ios,before,2
2834,returning,android,after,5
2835,returning,ios,before,12
2836,returning,android,after,9
2837,returning,android,after,6
2838,new,android,after,1
2839,new,web,before,1
2840,returning,web,after,6
2841,returning,ios,before,13
2842,new,ios,after,2
2843,returning,ios,after,6
2844,new,android,before,4
2845,new,ios,before,2
2846,returning,android,before,15
2847,new,android,after,3
2848,returning,android,before,5
2849,returning,ios,before,8
2850,returning,ios,before,6
2851,new,ios,before,5
2852,new,web,before,3
2853,new,android,before,0
2854,new,android,before,3
2855,returning,android,after,5
2856,new,android,before,4
2857,returning,ios,after,6
2858,new,ios,after,2
2859,returning,ios,after,8
2860,new,ios,before,2
2861,returning,ios,before,9
2862,new,android,after,1
2863,returning,ios,after,8
2864,new,ios,after,1
2865,returning,ios,before,4
2866,returning,ios,before,7
2867,returning,ios,before,12
2868,new,ios,before,4
2869,returning,ios,after,5
2870,new,web,before,3
2871,returning,ios,before,8
2872,returning,ios,after,1
2873,returning,android,after,9
2874,returning,ios,before,8
2875,new,android,before,2
2876,new,ios,after,1
2877,returning,web,after,7
2878,returning,web,after,4
2879,new,android,after,0
2880,returning,ios,after,6
2881,new,android,before,2
2882,new,ios,before,7
2883,new,android,after,3
2884,new,ios,before,3
2885,new,android,before,0
2886,new,ios,before,1
2887,new,android,after,0
2888,new,ios,before,4
2889,returning,ios,before,9
2890,new,android,before,2
2891,returning,android,before,6
2892,returning,ios,after,7
2893,returning,ios,before,4
2894,new,web,after,0
2895,new,android,before,2
2896,new,android,after,3
2897,returning,android,after,8
2898,returning,android,after,1
2899,new,android,after,3
2900,returning,ios,before,8
2901,new,android,after,2
2902,returning,android,after,5
2903,returning,ios,after,6
2904,returning,android,after,13
2905,returning,ios,after,10
2906,returning,ios,after,8
2907,returning,web,after,6
2908,new,web,after,4
2909,new,ios,before,3
2910,new,android,before,3
2911,new,ios,before,3
2912,returning,android,before,7
2913,returning,android,before,10
2914,new,android,before,2
2915,new,ios,before,5
2916,new,ios,before,4
2917,new,web,after,4
2918,new,ios,after,3
2919,new,ios,after,2
2920,returning,ios,before,11
2921,new,android,before,5
2922,returning,ios,after,4
2923,new,android,before,1
2924,returning,ios,after,9
2925,returning,android,before,8
2926,new,web,before,4
2927,new,ios,after,4
2928,new,android,before,2
2929,new,android,before,1
2930,new,ios,after,1
2931,new,android,before,2
2932,returning,web,after,3
2933,new,web,before,6
2934,new,web,before,4
2935,returning,android,after,14
2936,new,android,before,3
2937,new,ios,after,5
2938,returning,web,after,4
2939,returning,android,after,9
2940,returning,ios,before,11
2941,returning,web,after,8
2942,returning,android,after,7
2943,returning,web,after,6
2944,new,android,before,2
2945,new,web,after,1
2946,returning,android,before,6
2947,returning,android,after,4
2948,new,android,before,3
2949,new,ios,after,3
2950,returning,ios,after,5
2951,returning,web,before,8
2952,returning,web,after,8
2953,new,web,after,2
2954,new,ios,before,4
2955,returning,ios,before,18
2956,returning,web,after,7
2957,new,ios,before,2
2958,new,android,before,2
2959,new,ios,after,4
2960,new,web,before,4
2961,new,android,after,0
2962,new,ios,before,0
2963,returning,android,after,10
2964,returning,ios,before,8
2965,new,android,after,1
2966,returning,android,after,8
2967,returning,android,before,12
2968,returning,ios,before,13
2969,new,ios,after,3
2970,returning,ios,after,10
2971,new,web,after,5
2972,new,ios,before,4
2973,new,android,after,1
2974,returning,ios,after,4
2975,returning,web,before,8
2976,returning,android,before,8
2977,new,ios,before,1
2978,returning,android,after,8
2979,new,android,before,5
2980,returning,android,before,8
2981,new,web,after,1
2982,new,android,before,5
2983,returning,web,after,13
2984,new,android,after,0
2985,new,ios,after,2
2986,returning,android,after,5
2987,returning,android,after,6
2988,returning,ios,after,7
2989,returning,android,after,12
2990,new,ios,before,6
2991,returning,ios,before,11
2992,returning,web,after,9
2993,new,ios,before,1
2994,new,web,after,3
2995,new,ios,after,1
2996,new,android,after,1
2997,new,web,before,3
2998,new,android,before,2
2999,returning,web,before,15
3000,returning,ios,after,11
3001,new,ios,after,2
3002,returning,android,after,6
3003,returning,android,after,10
3004,returning,android,after,11
3005,new,android,after,3
3006,returning,ios,before,6
3007,new,ios,after,4
3008,returning,web,before,12
3009,returning,android,after,4
3010,returning,android,after,4
3011,returning,android,before,10
3012,returning,web,after,10
3013,new,web,before,5
3014,returning,ios,after,7
3015,new,web,before,4
3016,new,ios,before,5
3017,returning,ios,after,10
3018,new,web,before,5
3019,new,ios,after,4
3020,returning,ios,after,3
3021,returning,android,before,12
3022,returning,web,before,6
3023,new,ios,before,2
3024,returning,android,before,5
3025,returning,android,before,9
3026,new,ios,after,2
3027,new,android,before,2
3028,returning,android,after,8
3029,new,android,before,3
3030,new,android,after,3
3031,new,web,after,1
3032,new,web,before,1
3033,new,ios,after,3
3034,new,android,before,2
3035,new,android,before,3
3036,returning,ios,after,7
3037,returning,android,after,4
3038,new,android,before,3
3039,new,ios,before,1
3040,new,ios,before,4
3041,returning,android,before,7
3042,returning,ios,before,10
3043,new,web,before,2
3044,new,ios,after,4
3045,new,android,before,1
3046,new,android,after,0
3047,new,ios,after,5
3048,new,android,after,3
3049,new,ios,before,3
3050,returning,ios,after,8
3051,new,android,after,2
3052,new,ios,before,4
3053,returning,web,after,7
3054,new,android,before,3
3055,returning,ios,after,11
3056,new,ios,before,3
3057,new,web,after,4
3058,new,ios,before,0
3059,returning,android,before,11
3060,new,ios,before,3
3061,returning,web,before,7
3062,new,ios,before,1
3063,new,android,before,3
3064,returning,android,before,11
3065,returning,ios,after,7
3066,returning,android,after,7
3067,returning,ios,after,6
3068,returning,ios,after,9
3069,new,ios,before,2
3070,returning,android,before,7
3071,returning,web,before,11
3072,new,ios,before,0
3073,new,web,before,3
3074,new,web,after,7
3075,new,ios,after,1
3076,returning,ios,after,5
3077,new,ios,before,0
3078,new,ios,after,1
3079,new,android,before,0
3080,new,android,before,4
3081,new,ios,before,5
3082,returning,android,after,12
3083,returning,ios,before,4
3084,returning,web,before,9
3085,new,android,before,0
3086,new,ios,before,1
3087,returning,android,before,8
3088,returning,ios,before,6
3089,new,web,before,3
3090,new,ios,before,4
3091,returning,web,before,4
3092,returning,web,before,5
3093,returning,android,after,5
3094,returning,android,before,12
3095,returning,android,after,3
3096,new,ios,after,3
3097,new,web,before,0
3098,new,android,before,2
3099,new,web,before,2
3100,new,android,before,4
3101,returning,ios,before,7
3102,new,ios,before,1
3103,returning,ios,before,13
3104,returning,ios,before,12
3105,returning,android,after,5
3106,returning,ios,before,7
3107,returning,web,after,4
3108,returning,ios,before,15
3109,new,android,after,1
3110,returning,ios,before,9
3111,new,ios,after,6
3112,returning,android,after,4
3113,new,ios,before,3
3114,returning,android,after,9
3115,new,android,before,3
3116,new,ios,before,3
3117,returning,android,after,4
3118,returning,ios,after,7
3119,returning,ios,before,6
3120,returning,android,after,5
3121,returning,ios,after,6
3122,returning,ios,after,5
3123,returning,android,before,7
3124,new,android,after,4
3125,new,web,before,1
3126,new,web,after,0
3127,new,android,after,0
3128,returning,android,after,7
3129,returning,ios,after,8
3130,returning,ios,after,8
3131,new,web,before,7
3132,new,ios,before,0
3133,returning,ios,after,6
3134,new,android,before,3
3135,returning,android,after,7
3136,returning,android,before,7
3137,returning,ios,after,4
3138,new,web,before,3
3139,returning,ios,before,6
3140,new,web,before,5
3141,new,ios,before,4
3142,new,web,before,4
3143,returning,web,before,14
3144,returning,ios,after,12
3145,returning,web,after,9
3146,new,ios,after,1
3147,returning,ios,after,6
3148,returning,ios,after,5
3149,new,android,after,1
3150,new,ios,before,2
3151,returning,android,after,9
3152,new,web,before,4
3153,new,web,before,5
3154,returning,ios,after,9
3155,returning,android,before,9
3156,new,ios,after,3
3157,returning,ios,after,3
3158,new,web,after,6
3159,returning,web,after,4
3160,returning,ios,after,8
3161,returning,ios,before,7
3162,new,ios,after,2
3163,returning,ios,before,8
3164,new,ios,before,4
3165,returning,ios,before,7
3166,new,ios,before,4
3167,returning,ios,after,7
3168,returning,web,before,11
3169,new,android,after,2
3170,new,android,after,4
3171,returning,ios,after,8
3172,new,web,after,4
3173,new,ios,before,4
3174,new,web,before,0
3175,returning,ios,after,10
3176,returning,web,after,9
3177,new,ios,after,4
3178,returning,web,before,12
3179,returning,ios,before,10
3180,new,web,before,5
3181,new,android,before,6
3182,returning,ios,before,6
3183,returning,android,after,6
3184,returning,ios,before,10
3185,returning,android,after,5
3186,returning,ios,after,7
3187,returning,android,after,8
3188,returning,web,before,7
3189,new,android,before,6
3190,returning,android,after,14
3191,new,web,before,4
3192,new,android,after,2
3193,new,ios,after,4
3194,returning,android,before,9
3195,returning,ios,after,5
3196,returning,android,before,5
3197,returning,ios,before,9
3198,new,web,after,2
3199,returning,android,after,3
3200,returning,android,before,10
3201,returning,ios,after,9
3202,returning,ios,after,7
3203,returning,android,after,7
3204,new,android,before,3
3205,new,web,before,3
3206,returning,android,after,7
3207,new,ios,after,5
3208,returning,android,after,7
3209,returning,android,before,6
3210,new,ios,before,4
3211,returning,android,after,8
3212,returning,ios,before,5
3213,returning,ios,before,8
3214,new,ios,after,2
3215,returning,android,after,8
3216,returning,android,before,12
3217,new,ios,before,2
3218,returning,android,before,5
3219,returning,android,after,7
3220,new,ios,before,4
3221,new,ios,after,2
3222,new,ios,before,2
3223,returning,ios,after,3
3224,returning,web,after,7
3225,new,web,after,2
3226,returning,ios,after,5
3227,new,android,after,0
3228,new,ios,before,2
3229,new,ios,after,2
3230,new,ios,after,2
3231,returning,ios,after,8
3232,new,ios,before,2
3233,new,ios,after,4
3234,returning,ios,before,10
3235,new,android,after,1
3236,returning,android,after,11
3237,returning,ios,before,3
3238,returning,android,after,9
3239,new,ios,after,0
3240,new,web,before,5
3241,returning,ios,before,8
3242,new,android,before,4
3243,new,ios,after,3
3244,returning,ios,after,2
3245,returning,android,after,5
3246,returning,android,after,4
3247,new,web,after,3
3248,returning,android,before,6
3249,returning,ios,before,10
3250,new,android,before,4
3251,new,ios,before,2
3252,returning,android,after,9
3253,new,web,before,4
3254,new,ios,before,2
3255,returning,android,before,13
3256,new,ios,before,3
3257,new,ios,before,7
3258,new,web,before,2
3259,returning,ios,after,8
3260,returning,ios,before,5
3261,new,android,before,0
3262,returning,ios,before,7
3263,new,ios,after,3
3264,new,ios,after,1
3265,returning,android,after,3
3266,new,ios,after,1
3267,new,android,after,3
3268,returning,ios,after,8
3269,returning,web,before,9
3270,returning,ios,after,9
3271,new,ios,before,3
3272,new,web,before,1
3273,returning,web,after,8
3274,new,ios,before,4
3275,new,ios,before,5
3276,new,web,after,4
3277,returning,ios,before,10
3278,returning,ios,before,12
3279,returning,android,after,5
3280,returning,web,after,5
3281,new,android,before,2
3282,returning,android,after,8
3283,returning,web,after,6
3284,new,ios,before,4
3285,new,android,before,3
3286,new,ios,before,5
3287,returning,android,before,6
3288,returning,android,before,5
3289,returning,ios,before,11
3290,new,android,before,2
3291,new,web,before,3
3292,new,android,before,3
3293,returning,ios,before,5
3294,returning,ios,before,10
3295,returning,android,before,12
3296,returning,android,after,8
3297,new,ios,before,4
3298,new,ios,after,3
3299,returning,android,after,10
3300,returning,ios,after,2
3301,returning,ios,after,6
3302,new,ios,before,1
3303,returning,android,after,11
3304,returning,web,before,7
3305,new,android,before,5
3306,returning,ios,before,7
3307,new,web,before,5
3308,returning,ios,before,7
3309,new,web,before,6
3310,returning,ios,after,9
3311,returning,web,after,10
3312,returning,web,before,10
3313,new,web,after,1
3314,new,ios,before,1
3315,new,web,before,2
3316,new,android,after,1
3317,returning,ios,after,5
3318,new,android,before,2
3319,new,android,before,0
3320,returning,web,before,12
3321,returning,android,before,7
3322,returning,ios,before,11
3323,returning,android,after,3
3324,returning,ios,after,9
3325,returning,ios,before,8
3326,new,android,after,0
3327,returning,android,before,4
3328,new,android,before,2
3329,returning,android,before,7
3330,returning,ios,after,6
3331,new,android,after,1
3332,new,ios,after,0
3333,new,web,before,1
3334,new,web,after,3
3335,returning,web,before,5
3336,new,web,before,4
3337,new,android,after,0
3338,returning,android,before,3
3339,returning,web,after,5
3340,new,ios,after,2
3341,new,web,after,4
3342,new,ios,before,3
3343,new,web,before,2
3344,returning,android,after,13
3345,new,web,after,2
3346,returning,android,after,7
3347,new,android,after,4
3348,new,web,before,2
3349,new,ios,before,4
3350,new,ios,after,2
3351,new,ios,before,4
3352,returning,android,after,14
3353,new,android,before,3
3354,new,android,after,0
3355,new,ios,after,0
3356,new,ios,before,4
3357,new,web,before,8
3358,new,android,after,2
3359,new,ios,before,4
3360,new,ios,after,2
3361,new,ios,after,2
3362,new,web,after,1
3363,returning,android,before,12
3364,new,android,after,4
3365,new,android,before,3
3366,new,web,after,3
3367,returning,ios,after,7
3368,new,ios,before,4
3369,new,ios,before,1
3370,new,web,before,3
3371,new,android,after,2
3372,new,android,before,3
3373,returning,web,before,6
3374,new,ios,after,5
3375,returning,ios,after,7
3376,new,android,after,2
3377,returning,web,after,4
3378,new,ios,after,5
3379,returning,android,after,5
3380,new,web,before,1
3381,returning,android,after,11
3382,new,android,after,2
3383,new,ios,after,8
3384,returning,ios,after,10
3385,returning,ios,after,10
3386,new,ios,before,4
3387,returning,web,after,5
3388,returning,android,after,8
3389,new,web,before,5
3390,new,ios,after,1
3391,new,ios,before,0
3392,returning,android,after,8
3393,new,ios,after,4
3394,new,ios,before,2
3395,returning,ios,before,7
3396,returning,ios,after,5
3397,new,ios,before,5
3398,new,ios,after,2
3399,returning,web,before,2
3400,returning,ios,after,9
3401,new,android,after,1
3402,returning,android,after,7
3403,new,android,before,2
3404,returning,android,after,10
3405,new,ios,before,3
3406,new,ios,before,3
3407,new,android,before,2
3408,returning,web,after,6
3409,returning,ios,after,6
3410,new,android,before,5
3411,returning,web,before,9
3412,returning,android,after,10
3413,returning,android,before,6
3414,new,android,before,2
3415,returning,web,after,4
3416,new,android,before,3
3417,new,android,after,5
3418,returning,android,after,1
3419,returning,ios,before,9
3420,new,web,before,4
3421,returning,web,after,5
3422,returning,android,after,7
3423,returning,ios,after,6
3424,new,android,before,5
3425,returning,ios,after,11
3426,returning,android,after,8
3427,returning,ios,before,11
3428,returning,web,after,14
3429,returning,web,after,9
3430,new,ios,before,5
3431,new,android,before,3
3432,new,web,after,1
3433,new,ios,before,0
3434,new,ios,before,2
3435,new,ios,before,4
3436,returning,web,after,6
3437,returning,android,before,8
3438,returning,ios,after,7
3439,returning,ios,after,8
3440,returning,android,after,12
3441,returning,ios,after,7
3442,new,android,before,2
3443,new,ios,before,7
3444,new,android,before,4
3445,returning,android,after,11
3446,returning,web,after,5
3447,returning,ios,before,13
3448,returning,android,after,5
3449,returning,android,after,6
3450,new,android,before,4
3451,returning,ios,before,11
3452,new,ios,before,0
3453,new,android,before,2
3454,new,android,before,4
3455,returning,web,after,8
3456,new,web,after,0
3457,returning,android,after,11
3458,new,web,before,0
3459,returning,android,after,6
3460,new,ios,before,3
3461,returning,ios,before,6
3462,returning,web,after,5
3463,returning,ios,after,9
3464,returning,web,before,11
3465,returning,ios,before,4
3466,new,ios,after,4
3467,new,android,after,3
3468,new,web,before,3
3469,returning,web,after,12
3470,returning,ios,after,8
3471,new,ios,before,2
3472,returning,android,after,11
3473,new,web,after,2
3474,returning,ios,after,6
3475,returning,android,before,6
3476,new,ios,before,1
3477,returning,android,after,5
3478,returning,ios,after,12
3479,returning,web,before,8
3480,new,ios,after,0
3481,new,android,after,5
3482,returning,android,before,8
3483,returning,ios,after,5
3484,new,ios,before,2
3485,returning,android,before,8
3486,returning,android,before,8
3487,new,android,before,4
3488,returning,android,after,5
3489,returning,ios,before,6
3490,returning,web,after,5
3491,new,ios,before,1
3492,new,android,after,2
3493,new,web,before,2
3494,new,web,after,1
3495,new,ios,after,4
3496,returning,ios,after,7
3497,new,android,before,4
3498,new,ios,before,2
3499,new,android,before,2
3500,returning,android,before,9
3501,new,ios,before,2
3502,returning,ios,after,7
3503,new,android,before,3
3504,returning,android,before,10
3505,new,ios,before,4
3506,returning,ios,after,6
3507,returning,ios,after,6
3508,returning,android,after,8
3509,returning,android,before,10
3510,new,web,before,1
3511,new,web,after,2
3512,returning,android,after,5
3513,returning,web,before,2
3514,returning,ios,before,8
3515,new,android,before,3
3516,returning,android,after,7
3517,new,android,before,3
3518,new,android,after,6
3519,returning,ios,after,6
3520,returning,web,after,5
3521,returning,web,after,7
3522,new,web,before,1
3523,returning,android,after,9
3524,returning,web,before,10
3525,returning,android,before,17
3526,new,android,before,5
3527,new,ios,before,2
3528,returning,web,before,11
3529,new,android,before,1
3530,returning,android,before,10
3531,returning,web,before,11
3532,new,ios,before,3
3533,new,android,before,2
3534,new,ios,after,1
3535,new,android,before,4
3536,new,ios,before,6
3537,returning,ios,before,11
3538,returning,ios,before,5
3539,returning,ios,after,9
3540,returning,ios,after,9
3541,returning,android,after,10
3542,new,ios,after,4
3543,returning,ios,before,14
3544,new,ios,after,3
3545,new,ios,before,1
3546,returning,ios,after,8
3547,new,web,before,3
3548,returning,android,after,7
3549,returning,ios,before,14
3550,returning,android,after,12
3551,new,ios,before,5
3552,new,android,after,2
3553,returning,web,after,10
3554,new,ios,after,4
3555,new,ios,before,3
3556,new,android,before,7
3557,returning,ios,after,9
3558,returning,ios,before,6
3559,returning,android,before,8
3560,new,android,before,2
3561,returning,ios,before,11
3562,new,web,before,5
3563,new,ios,before,5
3564,new,ios,after,1
3565,returning,android,after,9
3566,new,android,before,4
3567,returning,android,before,9
3568,new,android,before,4
3569,new,android,after,1
3570,new,web,before,3
3571,returning,android,after,4
3572,new,ios,after,1
3573,returning,android,after,1
3574,new,ios,before,3
3575,new,android,after,3
3576,returning,ios,after,2
3577,returning,android,after,5
3578,new,android,after,1
3579,new,android,after,7
3580,returning,ios,before,12
3581,new,ios,after,2
3582,returning,web,after,5
3583,returning,web,before,9
3584,new,android,before,5
3585,returning,ios,after,10
3586,returning,ios,before,12
3587,new,android,before,2
3588,new,ios,after,2
3589,returning,web,after,6
3590,returning,android,after,9
3591,new,ios,before,3
3592,new,ios,before,4
3593,returning,ios,after,6
3594,returning,android,after,5
3595,returning,android,before,7
3596,new,ios,before,5
3597,new,android,before,0
3598,returning,ios,after,9
3599,new,android,before,2
3600,returning,web,after,6
3601,new,ios,before,1
3602,returning,ios,after,3
3603,returning,web,before,5
3604,new,ios,after,0
3605,returning,ios,after,4
3606,returning,web,before,4
3607,new,android,before,6
3608,returning,web,after,9
3609,returning,android,after,16
3610,new,android,after,4
3611,returning,ios,after,8
3612,new,ios,after,2
3613,returning,android,after,6
3614,returning,ios,before,10
3615,new,android,after,3
3616,new,ios,before,3
3617,new,ios,before,1
3618,new,android,before,2
3619,returning,android,before,10
3620,new,ios,before,4
3621,returning,android,after,3
3622,returning,ios,before,10
3623,new,ios,before,4
3624,returning,web,before,11
3625,returning,web,after,9
3626,new,ios,after,6
3627,new,ios,after,2
3628,new,web,before,2
3629,new,android,after,2
3630,returning,ios,after,7
3631,returning,ios,before,7
3632,returning,ios,after,6
3633,returning,android,before,12
3634,returning,android,after,10
3635,returning,ios,after,7
3636,new,ios,before,2
3637,returning,ios,after,9
3638,returning,android,before,7
3639,new,web,before,3
3640,new,android,after,4
3641,returning,android,after,11
3642,returning,ios,after,10
3643,new,android,after,3
3644,new,ios,before,2
3645,returning,ios,after,7
3646,returning,android,after,5
3647,returning,web,after,5
3648,returning,ios,after,9
3649,new,android,after,4
3650,returning,web,after,7
3651,new,android,before,5
3652,returning,android,before,10
3653,returning,ios,before,14
3654,new,web,after,2
3655,returning,ios,after,8
3656,new,ios,before,5
3657,new,ios,after,2
3658,returning,android,after,8
3659,returning,android,before,9
3660,new,web,before,1
3661,returning,android,after,7
3662,new,web,before,3
3663,new,android,after,1
3664,new,android,after,3
3665,new,ios,after,2
3666,new,ios,before,5
3667,returning,android,after,6
3668,new,android,before,3
3669,new,ios,before,1
3670,new,android,before,4
3671,new,ios,before,5
3672,new,ios,before,3
3673,returning,ios,after,11
3674,returning,ios,before,7
3675,new,ios,after,3
3676,new,web,before,5
3677,returning,web,before,7
3678,returning,ios,after,8
3679,returning,ios,after,9
3680,returning,android,after,12
3681,returning,ios,after,8
3682,new,web,before,2
3683,new,android,before,5
3684,returning,web,after,4
3685,returning,ios,after,5
3686,new,web,before,2
3687,returning,android,before,12
3688,new,android,after,0
3689,new,web,after,4
3690,new,android,before,4
3691,new,ios,before,4
3692,returning,android,after,8
3693,returning,web,before,8
3694,returning,web,before,6
3695,new,android,before,4
3696,returning,android,after,9
3697,new,ios,before,4
3698,new,ios,before,2
3699,new,android,before,3
3700,new,ios,after,2
3701,returning,ios,before,9
3702,new,android,before,2
3703,new,android,before,0
3704,returning,android,after,4
3705,new,ios,after,0
3706,returning,ios,after,4
3707,new,android,before,5
3708,returning,web,after,6
3709,new,ios,before,1
3710,returning,web,after,9
3711,returning,android,before,10
3712,returning,web,after,7
3713,new,android,after,2
3714,new,ios,before,3
3715,new,android,after,4
3716,new,android,before,1
3717,new,ios,before,3
3718,new,ios,before,4
3719,new,android,after,3
3720,new,android,before,3
3721,returning,web,after,6
3722,new,ios,after,1
3723,returning,ios,after,7
3724,new,web,after,6
3725,new,ios,before,1
3726,returning,ios,after,4
3727,returning,web,before,8
3728,new,web,after,4
3729,returning,android,before,5
3730,returning,ios,after,10
3731,returning,android,after,6
3732,returning,web,after,12
3733,returning,web,before,10
3734,returning,ios,after,10
3735,returning,web,before,14
3736,new,android,before,2
3737,new,ios,before,2
3738,returning,ios,after,7
3739,new,ios,after,5
3740,returning,web,after,5
3741,new,ios,before,3
3742,returning,android,before,4
3743,returning,ios,after,8
3744,new,android,before,4
3745,new,android,before,1
3746,returning,web,after,5
3747,new,android,before,1
3748,returning,android,after,12
3749,new,android,after,4
3750,returning,android,after,9
3751,returning,web,after,6
3752,new,android,after,4
3753,returning,web,after,8
3754,new,ios,before,3
3755,returning,android,before,6
3756,returning,web,before,6
3757,returning,web,after,3
3758,new,android,after,2
3759,new,android,before,4
3760,returning,web,after,5
3761,returning,ios,before,2
3762,returning,web,after,7
3763,returning,ios,after,10
3764,new,ios,after,1
3765,new,android,before,6
3766,new,ios,before,4
3767,returning,ios,after,7
3768,returning,ios,after,7
3769,returning,web,after,7
3770,new,android,before,3
3771,returning,web,before,8
3772,new,ios,before,0
3773,returning,ios,after,4
3774,new,ios,before,2
3775,returning,ios,before,3
3776,new,ios,before,3
3777,new,ios,after,1
3778,returning,android,after,4
3779,new,android,after,2
3780,new,ios,before,2
3781,returning,android,before,7
3782,returning,ios,before,13
3783,returning,android,before,5
3784,returning,android,after,6
3785,new,web,after,3
3786,returning,web,after,6
3787,returning,ios,before,7
3788,new,android,before,2
3789,returning,web,after,5
3790,new,web,before,1
3791,returning,android,before,4
3792,new,android,before,4
3793,new,android,before,4
3794,new,web,after,3
3795,returning,ios,after,8
3796,returning,ios,before,6
3797,new,web,after,2
3798,new,android,before,2
3799,new,ios,before,6
3800,returning,ios,before,11
3801,returning,android,after,3
3802,returning,android,after,7
3803,returning,android,after,9
3804,returning,ios,before,10
3805,returning,ios,before,17
3806,returning,android,after,6
3807,returning,ios,before,7
3808,new,android,before,6
3809,returning,android,after,7
3810,returning,ios,after,6
3811,returning,android,before,14
3812,new,ios,before,4
3813,returning,android,after,12
3814,returning,android,before,7
3815,new,android,before,2
3816,returning,web,before,4
3817,new,ios,before,3
3818,returning,web,after,11
3819,new,ios,after,4
3820,returning,web,after,6
3821,returning,ios,before,6
3822,new,android,before,3
3823,returning,ios,after,6
3824,new,ios,before,3
3825,returning,ios,after,8
3826,returning,ios,after,12
3827,new,ios,before,1
3828,returning,ios,after,5
3829,returning,android,after,9
3830,new,android,before,4
3831,returning,ios,after,2
3832,returning,web,before,9
3833,returning,android,after,5
3834,returning,ios,after,5
3835,new,ios,before,5
3836,new,android,after,0
3837,new,android,before,0
3838,returning,web,after,3
3839,returning,android,after,8
3840,returning,web,after,10
3841,new,android,after,4
3842,new,web,before,1
3843,returning,android,after,9
3844,new,android,before,8
3845,new,android,after,2
3846,returning,android,before,6
3847,new,ios,after,5
3848,new,ios,before,5
3849,returning,ios,after,3
3850,new,ios,before,6
3851,returning,web,after,15
3852,new,android,before,4
3853,new,ios,before,4
3854,returning,ios,before,5
3855,new,ios,before,3
3856,new,web,after,1
3857,new,web,before,3
3858,returning,ios,before,7
3859,new,ios,before,5
3860,new,web,before,2
3861,returning,android,after,7
3862,returning,web,after,9
3863,new,ios,before,2
3864,returning,ios,after,5
3865,returning,android,after,8
3866,returning,ios,after,8
3867,returning,web,after,10
3868,returning,android,after,5
3869,returning,ios,before,12
3870,returning,android,after,6
3871,new,android,before,4
3872,new,web,before,2
3873,new,ios,after,4
3874,returning,android,before,14
3875,returning,ios,after,3
3876,returning,web,after,3
3877,new,android,after,1
3878,returning,ios,before,4
3879,new,android,before,0
3880,returning,android,before,8
3881,returning,android,after,9
3882,new,ios,before,4
3883,new,android,after,1
3884,returning,web,before,7
3885,returning,ios,before,7
3886,new,ios,before,3
3887,new,web,before,2
3888,new,android,before,4
3889,returning,android,before,4
3890,returning,web,after,6
3891,returning,ios,after,6
3892,returning,web,after,8
3893,new,android,before,3
3894,new,ios,before,2
3895,returning,web,after,8
3896,returning,android,after,8
3897,returning,ios,after,5
3898,returning,web,before,3
3899,returning,web,before,6
3900,new,web,after,1
3901,returning,ios,after,6
3902,returning,ios,after,10
3903,new,android,after,2
3904,new,web,before,3
3905,new,ios,after,3
3906,returning,android,after,6
3907,new,ios,after,3
3908,returning,android,after,3
3909,returning,android,before,8
3910,new,ios,after,2
3911,new,android,before,3
3912,returning,android,after,0
3913,returning,android,before,10
3914,returning,web,after,9
3915,returning,ios,after,8
3916,new,ios,before,3
3917,new,android,before,4
3918,returning,android,after,9
3919,returning,ios,before,5
3920,new,web,after,2
3921,returning,ios,after,14
3922,returning,ios,after,9
3923,new,web,before,3
3924,new,web,before,1
3925,returning,android,after,6
3926,new,ios,after,1
3927,new,ios,after,0
3928,new,ios,before,2
3929,returning,android,after,12
3930,returning,android,after,6
3931,new,ios,after,1
3932,returning,android,before,8
3933,returning,android,after,10
3934,new,ios,after,5
3935,returning,ios,before,7
3936,returning,web,after,10
3937,new,ios,after,2
3938,returning,ios,before,4
3939,returning,ios,after,3
3940,new,android,after,1
3941,new,android,after,0
3942,returning,android,before,4
3943,returning,ios,after,11
3944,new,android,after,5
3945,returning,ios,before,7
3946,returning,web,after,7
3947,new,web,before,2
3948,new,android,before,3
3949,returning,ios,after,6
3950,returning,android,before,15
3951,returning,ios,before,10
3952,returning,ios,before,12
3953,returning,web,after,12
3954,returning,ios,before,8
3955,returning,ios,after,7
3956,new,android,after,4
3957,new,android,after,1
3958,returning,android,after,7
3959,new,ios,before,6
3960,returning,android,before,8
3961,returning,ios,after,9
3962,returning,web,after,8
3963,returning,ios,after,8
3964,returning,ios,before,15
3965,returning,android,before,5
3966,returning,ios,after,10
3967,returning,android,after,9
3968,returning,ios,before,7
3969,returning,ios,after,9
3970,returning,ios,after,5
3971,new,ios,before,5
3972,returning,ios,after,11
3973,returning,ios,before,9
3974,new,ios,before,7
3975,returning,web,before,6
3976,returning,android,after,3
3977,returning,ios,after,4
3978,new,ios,after,2
3979,new,ios,after,1
3980,new,ios,before,4
3981,new,android,before,4
3982,new,ios,before,3
3983,new,web,after,2
3984,returning,android,after,5
3985,returning,ios,after,9
3986,new,ios,before,6
3987,new,ios,before,2
3988,returning,ios,before,6
3989,new,android,before,2
3990,returning,ios,before,12
3991,new,ios,after,1
3992,returning,ios,after,6
3993,new,android,before,3
3994,new,ios,before,2
3995,new,web,after,5
3996,returning,ios,before,10
3997,returning,ios,before,7
3998,returning,android,after,3
3999,new,android,after,2
4000,returning,ios,after,8
4001,new,android,before,2
4002,returning,ios,after,7
4003,returning,ios,before,9
4004,returning,ios,before,9
4005,returning,android,after,7
4006,returning,android,after,6
4007,new,android,before,1
4008,returning,web,after,11
4009,returning,android,before,4
4010,returning,web,before,11
4011,returning,ios,before,9
4012,returning,android,after,11
4013,new,android,after,3
4014,new,ios,before,3
4015,new,ios,before,2
4016,new,android,before,3
4017,returning,ios,before,6
4018,returning,ios,before,10
4019,new,android,before,3
4020,returning,android,after,5
4021,returning,ios,before,3
4022,new,ios,before,1
4023,returning,web,after,9
4024,new,web,before,6
4025,returning,android,before,11
4026,new,ios,before,3
4027,new,ios,before,3
4028,new,ios,before,3
4029,returning,android,after,4
4030,new,android,before,4
4031,returning,android,after,5
4032,new,ios,after,3
4033,returning,web,before,5
4034,returning,ios,before,5
4035,new,ios,before,3
4036,new,android,before,4
4037,returning,android,after,6
4038,new,web,after,0
4039,new,android,before,2
4040,new,web,before,1
4041,new,ios,before,3
4042,returning,ios,after,8
4043,returning,ios,after,9
4044,new,ios,before,1
4045,returning,web,before,11
4046,new,ios,before,3
4047,new,ios,before,2
4048,new,ios,before,1
4049,returning,android,before,7
4050,new,web,before,4
4051,new,web,before,3
4052,returning,ios,before,9
4053,returning,android,after,4
4054,returning,ios,after,5
4055,new,web,before,1
4056,returning,ios,before,7
4057,returning,web,after,8
4058,new,web,after,4
4059,new,android,before,1
4060,returning,android,after,5
4061,returning,ios,before,7
4062,returning,ios,before,4
4063,returning,ios,after,10
4064,returning,ios,after,12
4065,new,android,after,1
4066,new,android,before,1
4067,new,web,after,3
4068,returning,web,before,9
4069,returning,ios,after,7
4070,new,ios,before,1
4071,returning,ios,before,6
4072,returning,ios,after,10
4073,returning,android,after,11
4074,returning,android,after,6
4075,returning,android,before,10
4076,returning,android,before,6
4077,new,web,after,1
4078,returning,android,after,8
4079,returning,web,before,7
4080,new,web,after,2
4081,new,android,after,3
4082,new,ios,before,4
4083,new,web,after,3
4084,new,ios,after,3
4085,new,ios,after,2
4086,returning,android,after,3
4087,new,ios,before,6
4088,returning,ios,after,6
4089,returning,ios,after,9
4090,returning,web,after,8
4091,returning,android,after,7
4092,new,web,before,2
4093,returning,web,before,8
4094,returning,ios,before,11
4095,returning,android,after,11
4096,returning,android,after,5
4097,returning,ios,after,7
4098,returning,web,before,4
4099,returning,web,after,13
4100,new,ios,before,1
4101,new,web,before,3
4102,returning,ios,after,9
4103,returning,web,before,11
4104,returning,android,before,8
4105,new,ios,before,4
4106,new,web,before,3
4107,new,android,before,7
4108,returning,ios,after,11
4109,returning,android,after,12
4110,new,android,before,6
4111,returning,android,before,6
4112,new,android,before,2
4113,new,ios,before,7
4114,returning,ios,after,6
4115,new,android,before,3
4116,new,ios,before,1
4117,returning,android,before,8
4118,new,web,before,3
4119,new,web,before,4
4120,new,android,before,0
4121,returning,android,after,8
4122,new,web,after,6
4123,new,web,after,1
4124,returning,ios,before,7
4125,returning,android,after,4
4126,returning,ios,after,12
4127,returning,ios,before,7
4128,new,ios,before,7
4129,returning,android,after,5
4130,new,android,before,1
4131,new,web,before,4
4132,new,ios,after,1
4133,new,ios,after,4
4134,new,ios,after,2
4135,returning,ios,after,8
4136,new,ios,after,3
4137,new,web,after,4
4138,new,ios,before,3
4139,new,android,after,1
4140,returning,ios,after,7
4141,new,android,after,3
4142,returning,web,after,8
4143,new,web,before,0
4144,returning,ios,before,6
4145,returning,web,before,5
4146,new,ios,before,2
4147,new,web,before,1
4148,returning,ios,after,8
4149,returning,android,after,2
4150,new,android,before,1
4151,new,web,before,1
4152,returning,web,after,6
4153,new,ios,after,5
4154,returning,web,after,11
4155,new,ios,before,0
4156,new,ios,before,2
4157,returning,ios,after,6
4158,returning,ios,before,8
4159,new,ios,before,1
4160,returning,android,before,9
4161,new,ios,before,6
4162,new,android,before,3
4163,new,ios,after,4
4164,new,android,before,4
4165,returning,ios,after,8
4166,returning,ios,after,9
4167,returning,android,before,8
4168,new,web,before,4
4169,new,web,after,3
4170,new,ios,after,2
4171,new,web,before,0
4172,returning,android,before,5
4173,returning,web,after,11
4174,returning,ios,before,8
4175,returning,ios,before,10
4176,new,ios,before,3
4177,new,web,before,4
4178,returning,ios,after,3
4179,returning,ios,before,8
4180,new,android,before,2
4181,returning,web,after,8
4182,new,android,before,1
4183,new,android,before,4
4184,new,ios,after,3
4185,new,web,before,2
4186,returning,ios,after,6
4187,returning,ios,before,6
4188,returning,android,before,9
4189,new,ios,before,1
4190,new,android,after,3
4191,returning,android,before,10
4192,new,ios,before,4
4193,returning,ios,after,5
4194,new,ios,before,1
4195,returning,ios,after,7
4196,new,web,before,1
4197,returning,android,after,7
4198,returning,ios,before,6
4199,returning,ios,after,9
4200,new,web,before,4
4201,returning,web,after,3
4202,new,web,after,4
4203,new,ios,before,1
4204,returning,android,before,14
4205,new,ios,before,2
4206,returning,android,after,7
4207,new,ios,after,2
4208,returning,android,after,5
4209,returning,ios,before,9
4210,new,android,after,2
4211,new,ios,before,0
4212,returning,web,after,5
4213,new,ios,before,2
4214,new,android,after,4
4215,returning,ios,after,8
4216,new,android,after,1
4217,returning,android,before,6
4218,new,ios,before,4
4219,returning,ios,after,7
4220,new,ios,before,3
4221,returning,ios,before,8
4222,returning,android,after,14
4223,returning,ios,after,8
4224,returning,ios,after,6
4225,new,ios,after,2
4226,returning,ios,before,10
4227,returning,ios,before,7
4228,returning,android,after,7
4229,returning,ios,before,7
4230,new,web,before,6
4231,new,android,before,1
4232,returning,ios,after,6
4233,new,web,after,0
4234,new,android,before,4
4235,new,android,before,4
4236,returning,ios,before,8
4237,returning,android,after,6
4238,new,ios,before,2
4239,returning,android,after,5
4240,new,ios,before,2
4241,new,ios,before,4
4242,new,android,before,1
4243,returning,ios,after,9
4244,new,ios,before,5
4245,new,web,before,3
4246,new,ios,before,3
4247,new,ios,before,8
4248,new,ios,before,2
4249,returning,web,after,8
4250,returning,android,before,3
4251,new,android,before,0
4252,new,web,before,0
4253,returning,android,after,6
4254,new,web,before,2
4255,new,android,before,3
4256,returning,web,before,4
4257,returning,android,before,8
4258,returning,ios,before,8
4259,returning,ios,after,6
4260,returning,ios,before,3
4261,new,android,before,8
4262,new,web,before,3
4263,new,android,before,0
4264,returning,android,after,8
4265,returning,android,after,9
4266,new,web,after,1
4267,new,android,before,2
4268,returning,ios,after,6
4269,new,android,before,1
4270,returning,ios,after,2
4271,new,ios,after,2
4272,returning,ios,after,9
4273,returning,ios,after,5
4274,new,ios,before,5
4275,new,ios,before,1
4276,returning,web,after,7
4277,new,ios,before,3
4278,returning,web,after,8
4279,new,ios,after,2
4280,returning,web,after,6
4281,returning,android,before,7
4282,returning,web,after,3
4283,returning,android,before,9
4284,returning,android,before,16
4285,new,ios,before,4
4286,returning,ios,after,7
4287,new,android,after,3
4288,returning,ios,after,7
4289,returning,ios,after,5
4290,new,web,before,1
4291,returning,ios,before,10
4292,new,android,after,2
4293,returning,ios,before,7
4294,new,ios,before,2
4295,returning,ios,after,10
4296,returning,android,after,5
4297,new,web,before,5
4298,returning,web,after,11
4299,new,ios,before,2
4300,returning,ios,before,6
4301,returning,web,before,16
4302,returning,ios,after,10
4303,new,ios,before,4
4304,new,android,before,0
4305,returning,android,after,8
4306,returning,ios,after,5
4307,returning,ios,after,10
4308,returning,web,after,9
4309,returning,web,after,9
4310,returning,android,after,6
4311,new,android,after,1
4312,new,web,after,1
4313,new,android,before,6
4314,new,android,before,4
4315,returning,android,after,10
4316,returning,ios,before,11
4317,returning,web,after,6
4318,new,android,before,7
4319,returning,ios,after,7
4320,new,android,before,2
4321,returning,web,after,5
4322,new,ios,before,4
4323,returning,android,before,13
4324,new,ios,before,4
4325,returning,android,after,3
4326,new,web,before,3
4327,new,web,after,3
4328,returning,web,before,5
4329,returning,android,before,9
4330,returning,android,after,5
4331,returning,android,before,14
4332,returning,ios,before,13
4333,returning,android,after,8
4334,new,android,after,4
4335,returning,android,after,14
4336,new,ios,before,1
4337,returning,ios,after,6
4338,returning,ios,before,14
4339,returning,ios,after,5
4340,returning,ios,after,1
4341,returning,ios,before,7
4342,new,web,before,6
4343,returning,ios,before,7
4344,new,web,before,3
4345,new,ios,before,8
4346,new,web,after,1
4347,new,android,before,1
4348,new,web,before,2
4349,returning,web,after,14
4350,returning,android,before,6
4351,returning,ios,after,6
4352,returning,android,after,7
4353,new,ios,after,2
4354,new,web,before,5
4355,new,web,before,2
4356,returning,ios,after,8
4357,new,android,after,1
4358,new,ios,before,0
4359,new,android,after,4
4360,returning,android,after,8
4361,new,android,before,4
4362,returning,web,after,4
4363,new,ios,before,2
4364,returning,android,after,6
4365,new,android,after,4
4366,returning,ios,after,8
4367,new,ios,before,4
4368,returning,ios,before,6
4369,returning,android,after,13
4370,returning,web,after,6
4371,returning,ios,after,11
4372,returning,ios,before,13
4373,new,android,before,2
4374,returning,ios,after,6
4375,returning,ios,before,6
4376,new,android,after,1
4377,returning,ios,before,9
4378,new,web,before,1
4379,new,ios,before,3
4380,new,android,after,0
4381,returning,ios,after,3
4382,new,ios,before,4
4383,returning,android,before,6
4384,returning,android,after,11
4385,new,web,before,2
4386,returning,ios,after,6
4387,new,android,before,3
4388,returning,android,before,6
4389,new,ios,before,4
4390,returning,web,after,7
4391,returning,ios,before,5
4392,returning,web,after,9
4393,new,android,before,3
4394,returning,ios,before,5
4395,returning,android,after,11
4396,returning,ios,after,1
4397,new,android,before,8
4398,new,web,before,2
4399,returning,android,before,6
4400,new,ios,after,6
4401,new,ios,before,4
4402,returning,android,before,3
4403,returning,android,before,11
4404,returning,android,after,4
4405,new,ios,before,3
4406,returning,android,after,6
4407,new,android,before,7
4408,returning,android,before,9
4409,new,ios,before,0
4410,returning,android,before,4
4411,new,ios,before,3
4412,new,web,after,3
4413,returning,web,before,8
4414,new,web,after,2
4415,new,ios,before,3
4416,returning,android,before,11
4417,new,web,before,2
4418,new,ios,before,5
4419,returning,ios,after,6
4420,returning,ios,before,10
4421,returning,android,after,12
4422,new,ios,after,2
4423,new,ios,after,1
4424,returning,android,before,5
4425,new,android,before,3
4426,new,web,after,3
4427,returning,android,before,8
4428,new,web,before,2
4429,new,android,after,2
4430,returning,web,after,10
4431,returning,ios,after,10
4432,new,web,before,5
4433,returning,web,after,9
4434,new,android,before,2
4435,new,ios,after,2
4436,returning,ios,after,5
4437,new,ios,after,1
4438,returning,ios,after,8
4439,new,ios,before,2
4440,new,ios,before,2
4441,new,ios,before,4
4442,new,web,before,0
4443,returning,android,after,4
4444,returning,web,before,9
4445,returning,ios,after,7
4446,returning,ios,before,8
4447,returning,ios,before,9
4448,new,web,before,4
4449,returning,ios,after,9
4450,new,android,after,3
4451,new,ios,after,3
4452,returning,ios,before,9
4453,new,ios,before,5
4454,returning,android,after,4
4455,new,ios,after,1
4456,returning,web,before,8
4457,returning,ios,after,3
4458,new,ios,before,1
4459,new,ios,before,0
4460,new,web,after,1
4461,new,android,before,4
4462,returning,android,before,11
4463,returning,android,after,10
4464,new,web,after,2
4465,returning,ios,before,9
4466,returning,android,before,7
4467,new,web,after,3
4468,returning,ios,after,8
4469,returning,ios,after,9
4470,returning,android,after,8
4471,returning,ios,before,6
4472,returning,ios,after,4
4473,returning,ios,before,4
4474,new,ios,before,8
4475,new,android,after,1
4476,returning,android,before,7
4477,new,android,after,4
4478,new,android,before,3
4479,new,ios,after,4
4480,returning,android,after,5
4481,new,web,before,3
4482,new,ios,before,0
4483,new,android,after,1
4484,returning,web,before,11
4485,returning,android,before,11
4486,new,ios,before,5
4487,new,ios,after,1
4488,new,android,before,2
4489,returning,android,after,7
4490,new,android,before,1
4491,returning,android,before,8
4492,returning,ios,before,12
4493,returning,android,after,7
4494,new,android,before,1
4495,new,web,before,5
4496,returning,android,after,7
4497,new,ios,before,6
4498,new,android,before,3
4499,new,android,before,2
4500,new,ios,before,1
4501,new,android,after,3
4502,returning,ios,after,6
4503,returning,ios,after,5
4504,new,android,after,3
4505,new,ios,before,3
4506,new,android,before,1
4507,returning,android,before,7
4508,returning,web,after,4
4509,new,android,before,3
4510,new,android,after,6
4511,new,ios,before,4
4512,returning,web,after,7
4513,returning,ios,before,11
4514,returning,android,after,6
4515,new,android,after,1
4516,returning,ios,after,10
4517,returning,android,before,15
4518,new,android,before,2
4519,returning,ios,after,10
4520,new,ios,before,2
4521,returning,ios,after,7
4522,returning,web,after,6
4523,returning,android,after,11
4524,new,ios,after,2
4525,new,android,after,2
4526,returning,android,before,4
4527,new,android,before,6
4528,returning,android,before,4
4529,new,ios,before,3
4530,returning,ios,after,6
4531,new,android,before,2
4532,new,android,before,4
4533,returning,android,after,12
4534,returning,ios,after,5
4535,returning,web,before,14
4536,returning,ios,after,11
4537,new,android,before,4
4538,returning,ios,after,8
4539,returning,android,after,9
4540,returning,web,after,12
4541,returning,ios,after,8
4542,returning,android,after,12
4543,returning,android,after,8
4544,returning,ios,after,8
4545,new,ios,before,1
4546,returning,android,after,9
4547,returning,ios,after,8
4548,new,ios,after,4
4549,returning,web,after,12
4550,returning,android,after,6
4551,new,android,before,2
4552,returning,android,before,6
4553,new,android,before,3
4554,returning,android,after,4
4555,new,ios,after,6
4556,returning,ios,before,9
4557,returning,android,before,9
4558,returning,web,after,2
4559,returning,ios,after,9
4560,returning,web,after,5
4561,new,android,before,3
4562,returning,android,before,10
4563,returning,ios,before,7
4564,new,ios,before,5
4565,new,android,after,3
4566,new,ios,before,4
4567,returning,ios,after,6
4568,new,ios,after,3
4569,new,web,before,5
4570,new,ios,before,3
4571,new,android,after,1
4572,new,ios,before,1
4573,returning,ios,before,13
4574,new,ios,after,2
4575,returning,android,after,4
4576,returning,android,after,6
4577,returning,ios,before,5
4578,new,web,before,2
4579,new,ios,before,1
4580,new,web,before,1
4581,new,ios,before,4
4582,returning,web,after,11
4583,new,web,before,4
4584,returning,web,after,8
4585,returning,ios,after,10
4586,returning,android,after,4
4587,returning,web,before,11
4588,returning,android,before,10
4589,new,ios,after,3
4590,new,android,before,3
4591,new,ios,after,0
4592,returning,android,before,14
4593,new,ios,before,1
4594,new,android,after,3
4595,returning,ios,after,3
4596,returning,ios,before,8
4597,returning,ios,after,10
4598,new,web,before,3
4599,returning,android,after,12
4600,returning,android,after,5
4601,new,android,after,1
4602,returning,android,after,5
4603,new,ios,before,2
4604,returning,android,after,10
4605,returning,ios,before,10
4606,new,android,before,6
4607,new,ios,before,1
4608,new,web,before,3
4609,new,android,after,1
4610,returning,ios,before,6
4611,returning,android,before,10
4612,new,ios,before,2
4613,returning,ios,after,8
4614,returning,web,after,7
4615,new,android,after,5
4616,new,android,before,1
4617,returning,android,before,9
4618,new,ios,after,2
4619,new,ios,after,2
4620,returning,android,after,9
4621,returning,android,after,7
4622,returning,ios,after,4
4623,new,ios,after,1
4624,new,ios,before,1
4625,new,ios,before,3
4626,returning,ios,before,12
4627,new,ios,before,5
4628,returning,android,before,7
4629,returning,ios,after,8
4630,new,ios,before,3
4631,returning,android,before,8
4632,new,web,before,7
4633,new,ios,before,3
4634,new,ios,before,3
4635,returning,android,before,13
4636,returning,ios,after,10
4637,returning,ios,after,6
4638,returning,android,before,8
4639,returning,ios,after,4
4640,returning,web,after,6
4641,returning,web,after,14
4642,returning,ios,before,7
4643,returning,ios,after,4
4644,new,web,before,6
4645,new,android,before,6
4646,returning,web,before,6
4647,new,android,after,1
4648,returning,ios,before,8
4649,new,ios,before,3
4650,returning,ios,before,6
4651,new,web,before,3
4652,returning,ios,after,5
4653,new,android,before,0
4654,returning,android,before,7
4655,new,web,before,4
4656,new,android,before,6
4657,new,ios,before,4
4658,returning,ios,after,8
4659,returning,android,before,12
4660,new,web,before,4
4661,new,android,after,3
4662,new,android,after,1
4663,returning,web,before,11
4664,new,ios,before,4
4665,new,ios,before,1
4666,returning,web,after,8
4667,new,android,before,4
4668,new,web,before,4
4669,new,ios,after,5
4670,new,android,before,6
4671,new,ios,before,4
4672,new,ios,after,2
4673,returning,ios,before,13
4674,returning,android,after,9
4675,new,ios,after,4
4676,new,ios,before,4
4677,new,ios,after,3
4678,new,ios,after,2
4679,new,android,after,1
4680,returning,android,before,12
4681,returning,android,before,7
4682,new,ios,before,10
4683,returning,android,after,9
4684,new,ios,before,4
4685,returning,android,after,7
4686,new,web,after,3
4687,returning,android,after,4
4688,new,web,before,5
4689,new,ios,before,2
4690,returning,android,after,10
4691,new,android,before,3
4692,new,android,before,3
4693,new,android,after,1
4694,returning,ios,after,5
4695,returning,android,after,8
4696,new,android,after,1
4697,new,android,before,6
4698,new,ios,before,2
4699,returning,ios,before,4
4700,new,web,before,2
4701,returning,ios,after,10
4702,new,ios,before,7
4703,new,ios,after,2
4704,returning,android,after,7
4705,returning,android,after,2
4706,new,web,before,1
4707,returning,android,before,7
4708,returning,ios,after,6
4709,new,ios,after,3
4710,new,ios,before,5
4711,new,android,before,1
4712,returning,web,after,6
4713,returning,ios,after,7
4714,returning,ios,before,9
4715,new,android,before,3
4716,new,android,after,2
4717,returning,android,after,7
4718,returning,android,after,7
4719,new,ios,before,1
4720,new,android,before,3
4721,new,ios,after,2
4722,returning,android,after,7
4723,new,ios,after,3
4724,returning,android,before,12
4725,returning,web,before,9
4726,returning,android,before,11
4727,new,ios,before,3
4728,returning,web,after,6
4729,new,ios,before,6
4730,new,android,after,3
4731,new,ios,after,3
4732,returning,web,after,9
4733,returning,ios,after,16
4734,new,ios,before,1
4735,new,web,after,3
4736,returning,android,before,8
4737,returning,ios,before,8
4738,returning,ios,before,6
4739,new,ios,before,0
4740,returning,ios,after,5
4741,returning,android,before,9
4742,returning,android,before,9
4743,returning,web,before,6
4744,returning,android,before,11
4745,returning,web,after,6
4746,new,android,before,3
4747,returning,ios,after,9
4748,returning,android,before,8
4749,returning,ios,after,9
4750,new,ios,before,0
4751,new,web,before,1
4752,returning,android,before,9
4753,returning,ios,after,5
4754,returning,ios,after,4
4755,returning,ios,before,12
4756,new,android,after,0
4757,returning,ios,after,7
4758,returning,web,before,9
4759,new,android,before,1
4760,new,ios,after,2
4761,new,android,after,1
4762,returning,web,after,1
4763,new,web,before,4
4764,new,android,before,2
4765,returning,ios,before,11
4766,returning,android,before,7
4767,new,web,after,2
4768,returning,web,before,9
4769,new,android,before,2
4770,new,android,before,2
4771,returning,ios,before,9
4772,returning,ios,after,7
4773,new,ios,before,2
4774,returning,ios,after,15
4775,returning,android,before,9
4776,new,ios,before,4
4777,new,android,before,6
4778,returning,android,after,3
4779,new,ios,before,4
4780,returning,android,before,5
4781,returning,ios,after,4
4782,returning,ios,after,9
4783,returning,web,before,12
4784,returning,ios,after,8
4785,new,ios,after,2
4786,returning,android,before,9
4787,new,ios,after,2
4788,returning,ios,before,5
4789,new,android,before,4
4790,returning,android,after,9
4791,returning,android,before,7
4792,returning,web,after,8
4793,returning,ios,after,6
4794,returning,android,before,7
4795,new,ios,before,5
4796,returning,ios,before,9
4797,new,web,after,4
4798,new,android,before,1
4799,new,ios,before,2
4800,new,ios,after,0
4801,returning,ios,after,4
4802,returning,android,after,3
4803,new,ios,before,2
4804,returning,web,after,6
4805,returning,ios,after,5
4806,returning,ios,after,9
4807,returning,web,before,6
4808,new,web,after,1
4809,new,ios,before,8
4810,returning,android,after,11
4811,new,web,before,2
4812,returning,android,before,5
4813,new,android,after,2
4814,new,android,after,2
4815,returning,web,after,7
4816,new,android,before,0
4817,new,ios,after,2
4818,returning,android,before,9
4819,new,android,after,2
4820,returning,android,after,8
4821,returning,ios,after,12
4822,returning,android,after,9
4823,returning,android,after,8
4824,new,web,after,1
4825,returning,ios,before,6
4826,new,android,before,3
4827,new,android,before,1
4828,returning,ios,after,2
4829,new,android,after,2
4830,returning,ios,before,11
4831,new,android,before,3
4832,new,android,before,1
4833,returning,ios,before,10
4834,returning,android,before,6
4835,returning,web,after,6
4836,new,ios,after,2
4837,returning,web,before,11
4838,new,ios,before,2
4839,new,ios,after,4
4840,new,android,after,2
4841,returning,ios,after,10
4842,returning,web,before,10
4843,returning,android,before,6
4844,returning,android,before,8
4845,new,android,after,1
4846,returning,android,after,6
4847,returning,android,after,9
4848,returning,android,before,10
4849,returning,web,before,5
4850,returning,android,after,9
4851,returning,ios,after,8
4852,new,android,after,1
4853,new,ios,before,3
4854,new,ios,before,4
4855,new,ios,before,3
4856,returning,ios,after,4
4857,returning,ios,after,7
4858,returning,web,after,6
4859,new,android,before,3
4860,returning,ios,after,4
4861,new,web,before,7
4862,new,web,after,1
4863,returning,web,after,12
4864,new,ios,after,3
4865,new,ios,after,1
4866,returning,android,after,9
4867,new,android,before,5
4868,returning,android,before,6
4869,returning,android,after,3
4870,new,android,after,3
4871,new,web,before,3
4872,returning,android,after,7
4873,new,web,before,4
4874,returning,web,after,9
4875,new,ios,before,4
4876,returning,web,after,10
4877,new,ios,before,5
4878,returning,ios,before,9
4879,new,web,after,3
4880,returning,ios,after,10
4881,new,android,before,0
4882,new,web,after,1
4883,new,ios,before,2
4884,returning,ios,before,4
4885,new,ios,before,5
4886,new,android,before,0
4887,returning,ios,after,8
4888,new,ios,after,2
4889,returning,web,before,8
4890,new,ios,before,3
4891,returning,android,after,6
4892,new,ios,after,5
4893,returning,android,before,4
4894,returning,android,before,9
4895,returning,ios,before,7
4896,new,ios,before,3
4897,returning,ios,after,9
4898,new,ios,after,4
4899,new,ios,after,3
4900,returning,android,after,5
4901,returning,ios,before,7
4902,new,ios,after,4
4903,returning,ios,after,10
4904,returning,web,after,7
4905,returning,ios,before,12
4906,returning,android,after,1
4907,new,android,before,2
4908,returning,ios,after,14
4909,returning,ios,after,4
4910,returning,ios,after,9
4911,new,android,after,4
4912,returning,ios,after,5
4913,returning,ios,before,8
4914,returning,web,after,7
4915,new,android,after,1
4916,new,ios,before,4
4917,returning,web,before,5
4918,new,ios,before,3
4919,new,ios,after,6
4920,new,ios,after,1
4921,returning,web,after,13
4922,new,ios,after,0
4923,returning,android,after,6
4924,returning,android,after,5
4925,new,android,before,1
4926,new,ios,before,1
4927,returning,ios,before,6
4928,returning,android,after,8
4929,new,ios,before,4
4930,new,android,before,0
4931,new,ios,before,8
4932,new,android,after,5
4933,returning,android,after,9
4934,returning,android,after,4
4935,returning,android,before,11
4936,new,ios,after,1
4937,new,ios,after,2
4938,new,ios,after,3
4939,new,android,before,1
4940,new,ios,before,2
4941,returning,ios,after,9
4942,returning,ios,before,6
4943,new,ios,after,2
4944,new,android,after,3
4945,new,android,before,4
4946,new,ios,after,2
4947,new,ios,before,4
4948,new,android,after,2
4949,new,android,before,4
4950,returning,web,before,8
4951,returning,web,before,5
4952,new,web,before,1
4953,returning,web,after,5
4954,new,web,before,3
4955,new,android,before,4
4956,returning,android,before,4
4957,new,android,before,7
4958,new,ios,before,3
4959,returning,ios,after,6
4960,returning,web,after,8
4961,returning,android,before,7
4962,returning,ios,after,8
4963,new,ios,after,2
4964,new,ios,before,4
4965,returning,ios,after,8
4966,new,android,before,3
4967,new,android,before,2
4968,new,android,before,2
4969,new,ios,before,5
4970,returning,ios,after,4
4971,returning,ios,after,6
4972,returning,ios,before,7
4973,returning,android,after,8
4974,new,ios,after,3
4975,returning,web,after,7
4976,returning,android,after,9
4977,new,ios,after,1
4978,new,ios,before,3
4979,returning,ios,after,9
4980,new,ios,after,4
4981,new,web,after,2
4982,returning,android,after,7
4983,new,android,before,4
4984,returning,android,before,10
4985,returning,web,before,9
4986,returning,web,before,6
4987,returning,ios,after,10
4988,returning,ios,after,5
4989,returning,ios,after,8
4990,new,ios,after,3
4991,returning,android,after,10
4992,returning,ios,after,4
4993,new,android,after,5
4994,returning,ios,after,10
4995,returning,android,after,15
4996,returning,ios,before,9
4997,new,ios,after,5
4998,returning,web,after,11
4999,returning,ios,after,9
5000,new,android,before,1
5001,returning,web,before,10
5002,new,ios,before,2
5003,returning,ios,after,7
5004,returning,ios,after,4
5005,returning,ios,after,8
5006,returning,web,after,12
5007,new,web,before,2
5008,new,ios,after,3
5009,returning,android,after,8
5010,returning,web,before,8
5011,returning,ios,after,10
5012,returning,ios,before,11
5013,returning,web,after,5
5014,returning,android,after,12
5015,returning,ios,after,10
5016,returning,android,after,6
5017,new,ios,before,3
5018,returning,android,after,3
5019,returning,android,after,9
5020,returning,ios,after,4
5021,new,android,after,0
5022,new,android,before,2
5023,new,android,after,3
5024,returning,android,before,11
5025,returning,android,after,5
5026,new,ios,before,1
5027,new,ios,before,6
5028,new,android,before,5
5029,new,android,after,0
5030,new,ios,before,2
5031,new,web,before,0
5032,new,web,after,3
5033,returning,ios,before,8
5034,new,ios,before,2
5035,new,android,before,3
5036,returning,ios,before,6
5037,new,web,after,2
5038,returning,android,after,10
5039,returning,ios,after,6
5040,new,ios,before,8
5041,returning,ios,before,8
5042,returning,android,before,8
5043,new,ios,before,3
5044,returning,web,after,9
5045,returning,android,after,13
5046,returning,web,before,12
5047,returning,ios,after,13
5048,new,ios,after,2
5049,returning,web,before,3
5050,new,ios,after,4
5051,returning,ios,before,7
5052,returning,web,before,7
5053,new,android,after,3
5054,new,web,after,3
5055,new,ios,before,2
5056,returning,android,after,9
5057,new,android,after,0
5058,returning,android,after,6
5059,returning,ios,before,7
5060,returning,web,after,5
5061,new,ios,after,3
5062,returning,android,after,9
5063,returning,web,after,6
5064,returning,android,after,8
5065,returning,ios,after,8
5066,returning,android,after,5
5067,returning,android,after,8
5068,returning,ios,before,10
5069,new,ios,before,0
5070,returning,android,after,8
5071,new,android,after,6
5072,returning,web,after,3
5073,returning,ios,before,7
5074,returning,ios,after,7
5075,new,ios,before,2
5076,new,web,before,2
5077,returning,web,before,3
5078,new,web,before,3
5079,new,android,after,1
5080,new,ios,after,3
5081,new,android,before,1
5082,new,ios,after,2
5083,new,ios,before,3
5084,returning,ios,before,10
5085,new,ios,after,2
5086,new,ios,before,2
5087,new,web,after,3
5088,returning,android,before,11
5089,returning,android,before,12
5090,returning,ios,after,4
5091,returning,android,after,11
5092,returning,ios,before,9
5093,returning,ios,before,5
5094,returning,ios,after,7
5095,returning,ios,before,5
5096,new,web,before,3
5097,returning,web,after,6
5098,returning,ios,before,5
5099,new,android,after,3
5100,new,ios,before,4
5101,returning,ios,after,5
5102,new,android,after,5
5103,new,android,before,1
5104,new,android,before,4
5105,returning,ios,before,7
5106,new,android,after,1
5107,returning,ios,after,4
5108,returning,ios,after,10
5109,new,ios,before,1
5110,new,ios,before,2
5111,returning,ios,after,7
5112,returning,ios,after,9
5113,returning,android,after,5
5114,new,ios,before,3
5115,new,ios,before,4
5116,new,web,before,1
5117,returning,web,before,8
5118,new,ios,before,2
5119,returning,ios,after,5
5120,new,ios,before,3
5121,returning,web,after,9
5122,new,ios,after,4
5123,new,ios,after,1
5124,returning,android,after,11
5125,new,android,before,3
5126,returning,ios,after,3
5127,new,ios,before,5
5128,new,ios,after,3
5129,new,ios,after,4
5130,new,ios,after,4
5131,returning,web,before,12
5132,new,android,before,4
5133,new,android,before,3
5134,returning,android,before,13
5135,returning,android,after,12
5136,new,ios,before,0
5137,new,android,before,2
5138,new,ios,after,8
5139,returning,ios,before,10
5140,returning,ios,after,7
5141,returning,android,before,12
5142,returning,android,before,9
5143,new,android,after,1
5144,new,android,after,5
5145,new,web,after,0
5146,returning,ios,after,5
5147,new,ios,before,0
5148,new,android,after,0
5149,new,android,before,0
5150,returning,ios,after,6
5151,new,ios,before,3
5152,returning,web,after,10
5153,new,ios,before,3
5154,returning,web,after,3
5155,new,android,after,0
5156,returning,web,after,9
5157,new,ios,after,2
5158,new,android,before,3
5159,returning,ios,before,4
5160,returning,ios,after,12
5161,returning,ios,before,13
5162,new,ios,before,3
5163,new,ios,before,3
5164,returning,android,after,4
5165,returning,ios,before,11
5166,new,ios,before,0
5167,returning,ios,after,9
5168,new,android,before,3
5169,new,ios,before,2
5170,returning,android,before,4
5171,returning,ios,after,9
5172,returning,android,before,12
5173,returning,android,after,4
5174,new,android,before,4
5175,new,android,before,1
5176,returning,web,before,12
5177,new,ios,before,3
5178,returning,ios,before,6
5179,new,web,before,3
5180,returning,web,before,12
5181,returning,android,after,6
5182,new,ios,after,0
5183,returning,ios,after,7
5184,new,web,after,1
5185,new,android,after,0
5186,returning,ios,after,8
5187,returning,ios,after,8
5188,returning,android,before,10
5189,returning,android,after,5
5190,new,web,before,4
5191,returning,ios,after,7
5192,returning,ios,after,8
5193,new,ios,before,2
5194,returning,android,before,10
5195,new,ios,before,3
5196,new,ios,before,7
5197,returning,ios,after,8
5198,returning,ios,after,8
5199,returning,web,after,6
5200,new,ios,after,4
5201,new,android,before,7
5202,returning,android,before,14
5203,returning,ios,after,4
5204,returning,android,after,5
5205,returning,web,after,6
5206,new,android,before,6
5207,new,android,after,4
5208,new,web,after,5
5209,returning,web,before,6
5210,new,web,before,4
5211,new,ios,before,0
5212,new,android,before,1
5213,returning,android,before,9
5214,new,ios,after,2
5215,new,ios,after,3
5216,new,web,before,3
5217,returning,ios,after,4
5218,new,web,after,5
5219,new,web,before,3
5220,new,ios,before,6
5221,new,ios,before,1
5222,new,web,after,3
5223,returning,ios,after,4
5224,returning,android,after,1
5225,new,ios,after,3
5226,new,ios,before,2
5227,new,ios,before,4
5228,returning,ios,after,2
5229,new,web,before,1
5230,returning,ios,before,10
5231,new,ios,before,3
5232,new,android,before,2
5233,new,web,before,4
5234,new,ios,before,3
5235,returning,android,before,4
5236,returning,ios,after,8
5237,returning,web,after,3
5238,returning,android,after,10
5239,returning,web,after,2
5240,new,android,after,5
5241,new,web,before,2
5242,returning,ios,after,9
5243,returning,android,after,5
5244,returning,android,after,7
5245,new,ios,before,4
5246,returning,web,before,14
5247,returning,android,after,5
5248,new,web,after,2
5249,new,ios,after,0
5250,returning,web,after,8
5251,new,ios,before,5
5252,returning,web,before,8
5253,returning,ios,after,6
5254,new,android,after,3
5255,returning,ios,before,4
5256,new,android,before,1
5257,new,ios,before,3
5258,new,web,before,7
5259,returning,web,after,7
5260,new,ios,before,1
5261,returning,web,after,7
5262,new,android,before,2
5263,returning,ios,after,4
5264,new,ios,before,5
5265,new,ios,after,3
5266,returning,ios,after,8
5267,returning,android,after,8
5268,returning,android,after,13
5269,returning,ios,after,11
5270,returning,web,after,9
5271,new,ios,before,3
5272,new,web,before,4
5273,new,web,before,1
5274,returning,android,before,8
5275,new,android,after,1
5276,returning,ios,before,6
5277,new,web,before,2
5278,returning,android,after,6
5279,returning,web,before,9
5280,new,ios,before,3
5281,new,android,after,3
5282,returning,ios,after,5
5283,returning,android,after,7
5284,returning,android,after,7
5285,returning,ios,after,8
5286,new,ios,after,0
5287,returning,ios,before,4
5288,returning,ios,after,6
5289,new,ios,before,3
5290,returning,ios,before,12
5291,returning,ios,after,5
5292,new,android,after,3
5293,new,android,before,3
5294,new,ios,after,1
5295,returning,ios,after,9
5296,new,android,after,4
5297,new,ios,before,0
5298,new,ios,after,4
5299,returning,android,before,7
5300,new,web,after,3
5301,new,ios,before,3
5302,returning,web,after,9
5303,new,ios,before,3
5304,returning,ios,before,10
5305,returning,ios,before,6
5306,returning,android,after,8
5307,returning,android,before,13
5308,returning,android,after,6
5309,returning,web,before,4
5310,returning,android,before,13
5311,returning,ios,after,8
5312,new,android,after,1
5313,new,ios,before,2
5314,new,android,before,1
5315,returning,web,before,8
5316,returning,android,after,7
5317,new,ios,after,3
5318,returning,android,before,9
5319,returning,ios,after,11
5320,new,ios,before,4
5321,new,android,before,0
5322,new,ios,after,1
5323,new,ios,after,1
5324,returning,android,before,6
5325,returning,ios,after,7
5326,new,ios,before,1
5327,new,web,after,5
5328,new,ios,before,1
5329,returning,ios,before,10
5330,new,web,before,2
5331,returning,ios,after,12
5332,returning,web,after,8
5333,new,android,before,3
5334,returning,android,after,11
5335,new,ios,after,2
5336,new,ios,before,2
5337,returning,web,after,6
5338,returning,ios,after,6
5339,new,android,before,0
5340,returning,web,before,10
5341,new,android,before,3
5342,new,ios,after,3
5343,returning,android,after,6
5344,new,android,before,3
5345,new,ios,before,1
5346,new,web,before,2
5347,new,ios,before,5
5348,new,web,before,3
5349,new,ios,before,2
5350,returning,ios,after,8
5351,new,android,before,2
5352,returning,ios,after,7
5353,new,ios,before,1
5354,new,ios,before,3
5355,returning,web,after,6
5356,returning,ios,after,11
5357,returning,android,after,12
5358,returning,android,after,8
5359,new,android,before,4
5360,new,ios,before,3
5361,new,ios,after,0
5362,returning,web,after,7
5363,returning,android,after,9
5364,returning,web,after,12
5365,new,android,before,4
5366,new,web,before,7
5367,new,web,before,5
5368,returning,android,after,6
5369,new,web,after,3
5370,returning,ios,before,10
5371,returning,ios,after,4
5372,new,android,after,1
5373,new,android,before,2
5374,returning,ios,before,7
5375,returning,android,after,7
5376,returning,android,after,10
5377,returning,web,before,6
5378,new,ios,before,2
5379,new,ios,before,3
5380,new,android,after,3
5381,new,android,before,1
5382,returning,web,after,6
5383,new,ios,before,1
5384,new,ios,before,1
5385,new,web,before,1
5386,returning,ios,after,11
5387,returning,android,before,7
5388,returning,ios,after,5
5389,new,ios,before,5
5390,returning,web,after,6
5391,returning,ios,before,6
5392,returning,ios,before,11
5393,returning,android,after,9
5394,returning,ios,after,7
5395,new,ios,after,4
5396,new,android,before,5
5397,new,ios,after,1
5398,returning,android,before,11
5399,new,ios,after,3
5400,new,ios,after,1
5401,new,ios,after,1
5402,returning,web,after,6
5403,returning,ios,after,6
5404,new,web,after,0
5405,returning,ios,before,7
5406,new,ios,before,1
5407,returning,android,after,8
5408,returning,ios,after,8
5409,new,android,after,1
5410,returning,web,after,2
5411,new,web,before,4
5412,new,android,before,4
5413,new,android,after,1
5414,returning,ios,after,6
5415,new,android,before,2
5416,new,ios,before,2
5417,new,ios,before,4
5418,new,android,before,3
5419,returning,ios,after,10
5420,new,android,after,1
5421,new,ios,after,3
5422,returning,ios,after,11
5423,returning,android,before,11
5424,new,android,before,3
5425,new,web,before,5
5426,new,ios,before,5
5427,new,ios,after,0
5428,returning,ios,before,11
5429,returning,ios,before,8
5430,returning,ios,after,14
5431,returning,android,after,6
5432,new,ios,before,0
5433,returning,web,before,7
5434,new,android,after,2
5435,returning,android,after,7
5436,returning,ios,after,8
5437,new,ios,before,4
5438,returning,ios,before,16
5439,new,android,before,4
5440,new,android,after,3
5441,returning,ios,after,7
5442,returning,ios,after,5
5443,returning,web,after,5
5444,new,ios,after,1
5445,new,ios,before,4
5446,returning,ios,before,4
5447,new,ios,after,1
5448,returning,ios,before,15
5449,returning,android,before,5
5450,new,android,before,3
5451,returning,android,before,2
5452,returning,ios,after,8
5453,returning,ios,after,11
5454,new,android,after,3
5455,new,ios,before,3
5456,returning,ios,before,4
5457,returning,android,before,4
5458,new,android,before,3
5459,returning,ios,after,8
5460,returning,web,after,9
5461,new,ios,after,3
5462,new,web,before,3
5463,returning,ios,after,6
5464,new,android,before,5
5465,new,ios,before,2
5466,returning,web,after,5
5467,new,android,before,4
5468,new,web,before,7
5469,returning,android,after,4
5470,new,android,before,2
5471,returning,ios,after,12
5472,new,ios,before,4
5473,returning,web,after,9
5474,new,web,before,1
5475,returning,ios,before,9
5476,returning,ios,after,10
5477,new,ios,before,2
5478,returning,ios,after,4
5479,new,ios,before,3
5480,new,web,after,5
5481,returning,ios,after,6
5482,returning,web,before,11
5483,returning,web,before,8
5484,returning,ios,after,8
5485,returning,android,after,5
5486,new,android,before,3
5487,new,ios,before,3
5488,new,android,after,5
5489,new,android,after,4
5490,new,ios,before,3
5491,returning,web,before,7
5492,new,ios,after,2
5493,returning,ios,before,5
5494,returning,web,before,7
5495,returning,ios,after,9
5496,returning,ios,before,10
5497,returning,ios,after,4
5498,new,ios,before,4
5499,returning,ios,after,11
5500,new,android,before,1
5501,new,ios,after,2
5502,returning,android,before,5
5503,returning,ios,before,8
5504,returning,ios,after,6
5505,new,web,after,1
5506,returning,android,after,9
5507,new,android,before,5
5508,new,ios,before,2
5509,new,android,after,2
5510,returning,web,after,10
5511,new,web,before,1
5512,returning,android,after,6
5513,new,android,after,2
5514,new,ios,after,2
5515,returning,ios,after,10
5516,new,ios,after,2
5517,returning,ios,after,10
5518,new,ios,after,4
5519,new,ios,after,5
5520,new,android,after,5
5521,returning,android,before,7
5522,returning,android,after,8
5523,returning,ios,after,7
5524,new,android,after,2
5525,returning,web,after,5
5526,new,ios,before,4
5527,new,web,after,3
5528,returning,ios,before,4
5529,new,android,before,1
5530,new,android,before,3
5531,returning,android,after,5
5532,new,web,after,1
5533,returning,ios,after,7
5534,returning,android,before,8
5535,new,web,before,5
5536,new,android,after,3
5537,returning,ios,before,12
5538,returning,ios,after,3
5539,returning,web,after,11
5540,returning,android,after,9
5541,returning,web,before,11
5542,returning,ios,before,8
5543,new,android,before,4
5544,returning,web,after,10
5545,returning,web,before,5
5546,new,android,after,5
5547,new,ios,before,2
5548,new,android,before,4
5549,new,android,before,0
5550,returning,ios,after,6
5551,returning,ios,after,8
5552,new,web,before,1
5553,returning,ios,after,7
5554,returning,ios,after,9
5555,returning,android,after,8
5556,returning,web,after,11
5557,new,android,before,3
5558,new,ios,before,1
5559,returning,ios,after,12
5560,new,ios,before,2
5561,new,ios,before,4
5562,new,web,before,5
5563,returning,ios,after,10
5564,new,ios,before,2
5565,returning,web,before,11
5566,returning,ios,after,3
5567,new,ios,before,3
5568,new,android,before,4
5569,returning,ios,before,10
5570,returning,ios,before,8
5571,returning,web,after,10
5572,returning,web,after,5
5573,returning,android,before,3
5574,returning,android,after,10
5575,new,ios,after,2
5576,returning,web,after,5
5577,returning,android,after,6
5578,new,ios,after,4
5579,returning,ios,before,5
5580,returning,android,before,14
5581,returning,ios,after,17
5582,new,ios,after,1
5583,new,ios,after,2
5584,new,android,before,4
5585,returning,ios,before,16
5586,returning,android,after,4
5587,returning,ios,before,12
5588,returning,android,after,8
5589,returning,ios,after,5
5590,new,ios,after,2
5591,new,android,before,5
5592,returning,android,after,11
5593,new,ios,after,2
5594,returning,android,after,8
5595,new,web,after,1
5596,returning,ios,before,8
5597,returning,android,after,9
5598,new,ios,after,7
5599,new,web,after,2
5600,returning,ios,after,6
5601,returning,web,before,5
5602,returning,android,after,6
5603,returning,android,before,9
5604,returning,ios,before,10
5605,returning,android,after,8
5606,new,ios,before,3
5607,new,ios,before,0
5608,returning,ios,after,7
5609,new,android,after,2
5610,returning,android,before,8
5611,returning,web,before,9
5612,returning,ios,before,8
5613,new,web,after,2
5614,returning,web,before,8
5615,returning,web,after,11
5616,returning,android,after,8
5617,returning,ios,after,15
5618,returning,web,before,11
5619,returning,android,after,16
5620,returning,android,before,11
5621,new,ios,before,2
5622,returning,ios,before,4
5623,new,ios,before,1
5624,returning,android,after,8
5625,new,ios,before,2
5626,returning,web,after,5
5627,new,ios,before,6
5628,new,ios,before,4
5629,new,ios,before,5
5630,new,ios,before,3
5631,returning,ios,before,12
5632,new,android,after,3
5633,returning,web,after,8
5634,returning,ios,before,12
5635,returning,ios,after,7
5636,returning,android,after,2
5637,new,ios,before,7
5638,returning,android,before,11
5639,new,android,before,2
5640,returning,web,after,6
5641,returning,ios,after,9
5642,new,web,before,6
5643,new,web,after,2
5644,returning,ios,after,8
5645,returning,android,after,8
5646,new,ios,before,2
5647,returning,ios,after,8
5648,new,web,after,1
5649,returning,ios,after,8
5650,new,ios,after,0
5651,new,ios,after,4
5652,returning,android,after,11
5653,new,web,before,4
5654,returning,android,before,10
5655,new,android,before,3
5656,returning,ios,before,9
5657,new,android,after,2
5658,returning,ios,after,10
5659,new,android,after,1
5660,new,android,after,0
5661,new,web,before,3
5662,returning,android,before,8
5663,new,android,after,1
5664,returning,ios,before,11
5665,returning,ios,after,5
5666,new,android,before,1
5667,new,android,before,5
5668,new,android,after,3
5669,new,android,after,0
5670,returning,ios,after,7
5671,new,ios,before,2
5672,returning,ios,after,2
5673,returning,android,after,10
5674,new,web,after,4
5675,new,android,before,6
5676,new,android,before,3
5677,returning,android,after,4
5678,new,ios,before,2
5679,returning,ios,after,9
5680,returning,ios,before,11
5681,returning,web,before,7
5682,returning,ios,after,12
5683,new,android,before,3
5684,new,ios,before,3
5685,new,android,after,2
5686,new,ios,before,5
5687,new,web,after,1
5688,new,ios,before,2
5689,returning,web,after,5
5690,returning,android,before,0
5691,new,ios,before,4
5692,new,android,after,2
5693,returning,android,after,13
5694,new,ios,before,3
5695,new,android,after,4
5696,new,android,before,5
5697,new,android,before,1
5698,new,android,after,4
5699,new,android,after,3
5700,new,ios,before,4
5701,new,ios,after,0
5702,new,ios,before,5
5703,returning,android,before,15
5704,new,ios,before,1
5705,returning,ios,before,6
5706,returning,android,after,6
5707,new,ios,before,4
5708,returning,ios,before,10
5709,new,web,after,4
5710,returning,android,after,9
5711,new,android,before,4
5712,new,ios,after,0
5713,new,android,before,7
5714,returning,web,after,5
5715,returning,ios,after,14
5716,returning,ios,before,6
5717,returning,ios,before,11
5718,returning,web,after,10
5719,new,ios,before,2
5720,new,android,before,2
5721,returning,android,after,9
5722,returning,web,before,9
5723,returning,ios,after,5
5724,returning,android,after,2
5725,returning,web,before,8
5726,returning,ios,before,8
5727,returning,android,after,4
5728,new,ios,before,5
5729,new,ios,before,4
5730,new,ios,before,6
5731,returning,ios,after,9
5732,new,ios,before,4
5733,new,android,after,2
5734,new,android,before,3
5735,returning,ios,after,8
5736,new,android,after,2
5737,returning,web,before,7
5738,returning,ios,after,11
5739,new,ios,before,2
5740,returning,ios,before,8
5741,new,web,after,3
5742,new,web,after,4
5743,returning,android,after,9
5744,returning,ios,before,6
5745,returning,android,before,8
5746,new,android,before,3
5747,new,ios,before,3
5748,new,ios,before,1
5749,returning,ios,after,4
5750,new,android,before,0
5751,returning,web,after,6
5752,new,ios,before,3
5753,new,web,before,2
5754,new,android,before,2
5755,new,android,before,1
5756,returning,web,before,9
5757,returning,android,before,5
5758,returning,ios,after,10
5759,returning,ios,after,6
5760,new,web,before,6
5761,returning,android,before,7
5762,new,ios,before,5
5763,new,android,before,2
5764,returning,ios,before,11
5765,new,ios,before,3
5766,returning,web,after,11
5767,new,ios,before,1
5768,new,ios,before,2
5769,new,ios,before,5
5770,returning,web,after,6
5771,returning,ios,before,4
5772,new,ios,before,1
5773,new,ios,before,0
5774,new,ios,before,5
5775,new,ios,before,2
5776,new,ios,after,2
5777,new,ios,before,3
5778,returning,android,before,6
5779,new,ios,after,3
5780,returning,ios,before,7
5781,new,android,before,2
5782,returning,ios,before,13
5783,returning,ios,after,4
5784,returning,web,after,6
5785,returning,android,after,6
5786,new,android,after,2
5787,new,android,after,4
5788,new,web,after,0
5789,returning,ios,after,2
5790,returning,ios,after,3
5791,returning,web,after,10
5792,new,ios,before,0
5793,new,android,before,5
5794,new,ios,after,6
5795,new,ios,before,4
5796,new,android,before,7
5797,new,android,after,1
5798,new,android,after,1
5799,returning,ios,after,7
5800,returning,ios,before,8
5801,returning,android,before,8
5802,new,ios,before,2
5803,new,android,before,3
5804,returning,android,after,6
5805,new,ios,before,3
5806,new,ios,before,5
5807,new,android,before,0
5808,new,ios,after,1
5809,returning,ios,before,8
5810,returning,web,before,9
5811,returning,ios,after,8
5812,returning,android,after,10
5813,returning,ios,before,10
5814,new,ios,after,1
5815,returning,android,after,4
5816,new,ios,before,4
5817,new,android,before,3
5818,returning,ios,after,7
5819,new,android,before,4
5820,returning,android,after,7
5821,new,android,after,0
5822,new,android,after,0
5823,returning,ios,after,7
5824,returning,ios,before,8
5825,new,web,after,2
5826,returning,android,after,11
5827,new,android,before,3
5828,returning,ios,after,7
5829,new,ios,before,3
5830,new,ios,before,3
5831,returning,ios,before,5
5832,returning,ios,before,5
5833,returning,ios,after,6
5834,returning,ios,before,12
5835,new,android,before,1
5836,returning,android,after,9
5837,returning,ios,after,9
5838,returning,android,before,11
5839,new,android,before,4
5840,new,ios,after,2
5841,new,android,after,6
5842,returning,android,after,12
5843,returning,android,after,9
5844,new,web,before,1
5845,returning,ios,after,11
5846,new,android,before,3
5847,new,ios,before,5
5848,returning,ios,after,4
5849,returning,ios,after,9
5850,new,ios,before,4
5851,returning,ios,before,4
5852,new,android,after,2
5853,new,ios,before,1
5854,new,ios,after,3
5855,new,ios,before,3
5856,returning,ios,after,8
5857,returning,android,before,8
5858,returning,android,before,7
5859,new,android,before,4
5860,new,web,after,4
5861,returning,ios,after,7
5862,new,ios,after,1
5863,returning,web,after,6
5864,new,android,before,5
5865,new,web,after,0
5866,returning,android,after,3
5867,new,android,after,1
5868,returning,ios,after,5
5869,returning,ios,after,11
5870,returning,android,after,12
5871,new,android,after,0
5872,new,android,before,4
5873,returning,web,after,6
5874,new,ios,before,0
5875,returning,ios,after,4
5876,returning,web,before,15
5877,new,web,after,0
5878,new,web,before,3
5879,returning,android,after,10
5880,new,web,before,2
5881,new,ios,before,1
5882,returning,ios,after,5
5883,returning,ios,after,15
5884,new,ios,before,1
5885,new,web,before,6
5886,returning,android,after,6
5887,returning,android,after,10
5888,returning,ios,before,10
5889,returning,android,after,7
5890,new,ios,before,7
5891,new,android,after,2
5892,returning,ios,before,14
5893,new,android,before,5
5894,returning,ios,before,8
5895,returning,android,after,5
5896,new,android,after,2
5897,new,web,before,3
5898,new,web,after,5
5899,new,ios,after,2
5900,returning,ios,after,2
5901,new,ios,after,2
5902,new,ios,before,0
5903,new,ios,before,6
5904,new,web,after,2
5905,new,web,before,5
5906,returning,ios,before,7
5907,returning,android,before,11
5908,new,web,after,6
5909,new,ios,after,4
5910,returning,web,after,4
5911,returning,web,before,7
5912,new,web,before,5
5913,returning,android,after,8
5914,new,ios,before,2
5915,returning,ios,after,4
5916,returning,web,before,7
5917,returning,ios,before,6
5918,new,ios,before,3
5919,returning,ios,after,6
5920,new,android,after,1
5921,returning,ios,before,10
5922,returning,web,after,5
5923,returning,android,after,7
5924,returning,ios,after,5
5925,returning,ios,after,9
5926,new,android,before,1
5927,returning,android,after,7
5928,returning,web,after,5
5929,returning,web,before,7
5930,new,ios,before,2
5931,new,web,after,5
5932,returning,android,after,11
5933,new,android,before,3
5934,returning,android,before,7
5935,new,ios,after,5
5936,new,android,before,2
5937,new,android,before,3
5938,returning,ios,after,4
5939,returning,android,after,6
5940,new,ios,before,5
5941,new,android,before,4
5942,returning,web,before,13
5943,returning,ios,before,13
5944,returning,ios,after,8
5945,new,android,before,0
5946,returning,ios,before,7
5947,returning,ios,before,6
5948,new,android,after,0
5949,returning,ios,after,8
5950,returning,android,after,9
5951,returning,ios,before,7
5952,returning,ios,after,10
5953,new,ios,before,3
5954,returning,web,after,2
5955,returning,android,after,4
5956,returning,ios,after,5
5957,new,ios,before,4
5958,new,android,after,5
5959,returning,android,after,8
5960,returning,ios,after,9
5961,new,ios,before,2
5962,returning,android,after,7
5963,new,android,after,6
5964,new,web,before,3
5965,new,android,after,3
5966,returning,android,before,11
5967,new,android,after,1
5968,returning,android,after,6
5969,new,android,before,4
5970,new,ios,before,3
5971,returning,web,after,8
5972,returning,ios,before,7
5973,new,android,before,5
5974,new,android,before,3
5975,returning,web,after,8
5976,new,ios,after,3
5977,new,web,after,1
5978,returning,ios,before,8
5979,returning,ios,before,11
5980,returning,web,after,5
5981,new,ios,after,3
5982,new,android,after,2
5983,new,android,after,1
5984,returning,web,after,4
5985,new,android,before,8
5986,returning,ios,before,11
5987,returning,web,after,8
5988,new,ios,after,3
5989,new,android,after,2
5990,returning,android,after,11
5991,returning,android,before,8
5992,returning,android,before,10
5993,returning,web,after,5
5994,returning,android,after,8
5995,new,web,before,4
5996,returning,ios,before,5
5997,new,ios,after,0
5998,new,android,after,3
5999,returning,ios,after,5
6000,returning,ios,before,10
6001,returning,android,after,6
6002,returning,android,after,7
6003,returning,ios,after,6
6004,returning,ios,after,10
6005,new,ios,before,3
6006,returning,ios,before,6
6007,returning,ios,before,7
6008,returning,web,after,5
6009,new,ios,before,1
6010,returning,web,before,8
6011,new,web,before,2
6012,new,ios,after,2
6013,new,web,after,2
6014,returning,ios,after,4
6015,returning,android,after,6
6016,returning,web,before,7
6017,returning,web,before,7
6018,new,ios,before,6
6019,returning,ios,after,6
6020,returning,ios,after,11
6021,new,web,before,2
6022,new,ios,before,2
6023,returning,android,before,7
6024,returning,ios,after,8
6025,new,ios,before,3
6026,returning,ios,after,7
6027,returning,ios,before,5
6028,new,android,after,1
6029,returning,ios,after,7
6030,new,ios,before,2
6031,returning,android,after,6
6032,returning,ios,after,9
6033,returning,android,after,6
6034,returning,android,after,6
6035,new,android,before,0
6036,returning,ios,before,3
6037,new,ios,after,6
6038,new,web,before,5
6039,new,web,before,2
6040,new,ios,before,1
6041,new,ios,before,6
6042,new,ios,before,3
6043,new,android,before,2
6044,new,ios,after,2
6045,returning,web,after,10
6046,new,ios,before,4
6047,new,web,before,1
6048,new,ios,after,0
6049,new,ios,before,1
6050,new,ios,before,1
6051,new,ios,before,2
6052,returning,web,before,9
6053,new,android,before,3
6054,new,ios,before,1
6055,returning,web,after,5
6056,new,ios,after,2
6057,new,ios,before,3
6058,returning,ios,after,4
6059,returning,android,after,3
6060,returning,web,before,5
6061,returning,ios,before,6
6062,returning,android,after,11
6063,returning,ios,before,8
6064,returning,ios,before,10
6065,returning,android,before,7
6066,returning,android,before,2
6067,new,android,before,0
6068,returning,ios,before,4
6069,returning,ios,before,3
6070,returning,android,after,5
6071,returning,android,before,9
6072,new,ios,after,2
6073,returning,ios,after,6
6074,returning,android,after,4
6075,returning,ios,after,9
6076,new,android,before,1
6077,returning,android,before,5
6078,new,ios,before,1
6079,new,android,after,3
6080,new,android,after,1
6081,returning,android,after,5
6082,new,web,before,0
6083,new,android,before,4
6084,returning,ios,after,3
6085,returning,ios,after,8
6086,returning,android,after,7
6087,new,ios,before,3
6088,returning,android,before,7
6089,new,ios,before,3
6090,returning,ios,after,7
6091,new,ios,before,0
6092,returning,web,after,3
6093,new,android,before,2
6094,returning,android,before,10
6095,returning,ios,before,7
6096,returning,web,after,3
6097,returning,web,after,13
6098,returning,ios,after,13
6099,returning,android,after,9
6100,returning,web,before,6
6101,new,ios,before,5
6102,returning,ios,after,4
6103,returning,android,before,8
6104,returning,ios,before,5
6105,new,android,after,3
6106,new,android,after,0
6107,new,ios,before,2
6108,returning,ios,after,6
6109,returning,android,after,8
6110,new,ios,after,4
6111,returning,ios,after,6
6112,new,ios,before,3
6113,new,web,before,3
6114,returning,ios,after,12
6115,new,ios,before,2
6116,new,android,before,6
6117,returning,ios,after,9
6118,new,android,before,2
6119,returning,ios,after,7
6120,new,web,before,4
6121,new,ios,before,4
6122,new,ios,after,0
6123,returning,ios,after,8
6124,new,web,before,1
6125,returning,web,before,7
6126,new,ios,before,0
6127,new,ios,before,3
6128,new,ios,after,2
6129,returning,ios,before,5
6130,new,ios,before,3
6131,new,web,before,3
6132,new,ios,before,4
6133,returning,web,after,3
6134,new,ios,before,3
6135,new,web,after,4
6136,new,ios,before,5
6137,new,ios,before,1
6138,returning,android,after,12
6139,new,ios,before,5
6140,new,web,before,3
6141,returning,android,before,7
6142,new,web,before,3
6143,returning,web,after,7
6144,returning,ios,after,6
6145,new,ios,before,6
6146,returning,android,after,9
6147,returning,ios,after,8
6148,returning,android,after,13
6149,new,ios,before,0
6150,new,android,after,3
6151,returning,ios,before,6
6152,new,ios,after,1
6153,returning,web,after,8
6154,returning,web,before,8
6155,returning,ios,before,11
6156,new,ios,after,2
6157,new,android,before,8
6158,returning,ios,after,6
6159,new,android,after,2
6160,new,android,before,4
6161,returning,ios,before,10
6162,new,ios,before,2
6163,returning,ios,before,7
6164,new,ios,before,0
6165,new,android,before,1
6166,returning,ios,after,6
6167,new,web,before,5
6168,new,android,after,3
6169,returning,ios,after,1
6170,new,android,after,1
6171,returning,ios,after,7
6172,new,ios,before,4
6173,new,android,after,6
6174,returning,ios,before,8
6175,new,ios,before,3
6176,new,ios,before,1
6177,returning,ios,after,6
6178,new,android,after,4
6179,returning,web,after,9
6180,returning,android,after,6
6181,new,web,before,4
6182,returning,android,after,7
6183,returning,ios,before,6
6184,returning,web,after,8
6185,new,ios,before,5
6186,returning,ios,after,6
6187,returning,web,before,5
6188,returning,android,after,4
6189,returning,web,before,5
6190,new,ios,before,2
6191,new,android,after,4
6192,returning,ios,before,3
6193,returning,ios,before,5
6194,new,web,before,0
6195,new,ios,before,3
6196,new,android,before,2
6197,returning,web,after,8
6198,returning,web,before,7
6199,new,ios,before,3
6200,returning,ios,before,10
6201,returning,web,after,5
6202,returning,android,after,4
6203,new,android,before,4
6204,new,ios,before,3
6205,new,ios,before,4
6206,new,web,after,3
6207,returning,android,after,7
6208,returning,android,after,3
6209,returning,ios,before,7
6210,returning,ios,after,11
6211,new,android,before,1
6212,new,web,after,2
6213,returning,ios,after,11
6214,returning,ios,before,4
6215,returning,android,after,11
6216,new,ios,after,2
6217,new,ios,before,2
6218,new,android,before,5
6219,new,ios,before,2
6220,new,android,after,0
6221,returning,ios,before,10
6222,new,android,before,1
6223,returning,web,after,6
6224,returning,web,before,6
6225,new,android,before,4
6226,returning,android,after,5
6227,new,ios,after,2
6228,returning,ios,after,9
6229,returning,ios,before,6
6230,new,android,before,2
6231,new,ios,before,3
6232,new,ios,after,1
6233,new,android,before,1
6234,new,android,before,6
6235,returning,ios,after,7
6236,returning,ios,after,4
6237,returning,android,after,8
6238,new,web,before,2
6239,new,android,after,0
6240,new,ios,before,2
6241,returning,web,after,5
6242,new,ios,before,2
6243,new,ios,after,4
6244,returning,ios,before,7
6245,returning,ios,after,7
6246,new,android,before,1
6247,returning,android,after,10
6248,returning,web,before,6
6249,new,android,before,5
6250,new,ios,before,2
6251,returning,android,after,3
6252,new,android,before,6
6253,new,android,before,3
6254,returning,ios,after,13
6255,new,android,before,4
6256,returning,android,before,14
6257,new,ios,after,1
6258,new,web,after,2
6259,returning,ios,after,18
6260,returning,ios,after,11
6261,returning,android,before,7
6262,new,web,before,9
6263,new,android,before,1
6264,new,android,after,3
6265,returning,web,after,8
6266,new,ios,before,1
6267,returning,ios,after,9
6268,new,android,before,3
6269,new,ios,before,2
6270,returning,android,after,5
6271,returning,web,after,6
6272,new,ios,after,2
6273,new,ios,after,2
6274,returning,ios,after,8
6275,returning,android,after,10
6276,new,android,before,2
6277,new,web,before,5
6278,returning,android,after,5
6279,new,web,before,5
6280,returning,ios,before,15
6281,new,ios,before,1
6282,new,ios,before,2
6283,returning,android,after,4
6284,returning,ios,before,7
6285,returning,ios,before,14
6286,new,ios,after,3
6287,new,ios,before,2
6288,new,android,before,4
6289,returning,web,before,5
6290,returning,ios,after,4
6291,new,android,before,4
6292,new,ios,after,4
6293,new,ios,before,3
6294,new,ios,after,3
6295,new,android,before,4
6296,returning,android,after,10
6297,new,android,before,5
6298,returning,web,after,6
6299,returning,ios,before,9
6300,returning,android,before,9
6301,returning,android,before,7
6302,returning,ios,before,10
6303,new,ios,before,1
6304,new,ios,after,0
6305,returning,ios,before,13
6306,returning,ios,before,11
6307,returning,ios,after,11
6308,new,web,before,6
6309,new,web,before,2
6310,new,android,before,3
6311,new,android,before,1
6312,new,web,before,4
6313,new,ios,before,2
6314,new,android,before,1
6315,new,android,after,2
6316,new,web,before,5
6317,returning,android,after,7
6318,returning,ios,after,15
6319,new,android,before,3
6320,new,ios,before,1
6321,new,ios,after,0
6322,returning,android,after,4
6323,new,android,before,2
6324,returning,ios,after,8
6325,new,ios,after,4
6326,returning,android,before,9
6327,new,ios,before,3
6328,new,web,after,1
6329,new,android,before,3
6330,returning,android,after,10
6331,new,ios,before,3
6332,new,web,after,2
6333,returning,web,before,10
6334,returning,ios,before,10
6335,new,android,before,3
6336,new,android,before,8
6337,new,ios,after,1
6338,returning,android,before,8
6339,new,web,after,3
6340,returning,android,after,4
6341,returning,web,before,10
6342,new,ios,after,2
6343,returning,web,after,9
6344,new,web,after,2
6345,new,ios,before,2
6346,new,ios,after,3
6347,returning,android,after,6
6348,new,web,after,4
6349,new,ios,before,1
6350,returning,ios,after,7
6351,new,android,before,2
6352,new,ios,before,3
6353,returning,android,before,9
6354,returning,android,after,3
6355,returning,web,after,7
6356,returning,ios,before,13
6357,returning,web,after,8
6358,returning,android,before,4
6359,returning,web,before,11
6360,returning,ios,after,9
6361,new,android,after,2
6362,returning,web,after,2
6363,new,android,after,1
6364,new,ios,before,2
6365,new,android,after,3
6366,returning,ios,before,5
6367,returning,ios,after,6
6368,new,android,before,1
6369,new,web,before,7
6370,returning,android,before,9
6371,new,ios,after,1
6372,new,ios,before,5
6373,returning,ios,after,5
6374,returning,ios,after,8
6375,returning,web,before,9
6376,returning,ios,after,2
6377,returning,ios,before,6
6378,returning,android,before,4
6379,returning,ios,after,5
6380,returning,ios,before,8
6381,new,android,before,1
6382,new,ios,before,2
6383,returning,android,after,4
6384,returning,android,before,6
6385,new,android,before,4
6386,returning,ios,after,15
6387,returning,ios,before,13
6388,new,android,after,0
6389,new,ios,before,7
6390,returning,ios,after,2
6391,new,ios,after,1
6392,new,ios,before,1
6393,new,ios,before,7
6394,new,web,after,7
6395,new,android,after,1
6396,returning,android,before,14
6397,new,ios,after,5
6398,returning,ios,before,8
6399,new,android,after,3
6400,new,android,after,4
6401,returning,web,after,6
6402,returning,ios,after,9
6403,returning,ios,before,6
6404,returning,android,after,5
6405,new,ios,after,2
6406,new,ios,after,2
6407,returning,ios,after,13
6408,new,ios,after,3
6409,new,web,after,1
6410,returning,web,after,8
6411,returning,android,after,5
6412,new,ios,before,4
6413,new,android,before,3
6414,new,android,before,5
6415,new,android,before,2
6416,new,android,before,2
6417,new,web,before,2
6418,new,ios,before,2
6419,new,android,after,2
6420,new,web,before,5
6421,returning,web,after,7
6422,returning,web,before,11
6423,returning,ios,before,9
6424,returning,android,after,6
6425,returning,ios,after,10
6426,new,android,after,4
6427,returning,ios,after,11
6428,returning,ios,after,12
6429,new,web,after,0
6430,new,web,before,5
6431,returning,android,after,9
6432,returning,ios,after,11
6433,new,ios,before,1
6434,returning,ios,before,7
6435,new,ios,after,1
6436,returning,web,before,9
6437,returning,android,after,8
6438,returning,ios,before,5
6439,new,android,before,1
6440,new,ios,before,2
6441,returning,ios,after,7
6442,returning,ios,before,9
6443,returning,ios,after,6
6444,new,android,after,1
6445,new,android,before,2
6446,returning,android,after,7
6447,new,web,before,3
6448,new,web,after,4
6449,returning,web,before,3
6450,new,web,before,3
6451,returning,web,after,10
6452,returning,web,after,13
6453,returning,ios,after,11
6454,returning,ios,after,11
6455,returning,android,before,8
6456,returning,web,before,13
6457,new,web,before,1
6458,new,android,after,1
6459,returning,web,before,5
6460,new,android,before,4
6461,returning,android,before,9
6462,returning,ios,before,4
6463,returning,android,before,8
6464,new,ios,before,2
6465,returning,ios,before,3
6466,new,android,after,1
6467,returning,ios,before,9
6468,returning,web,before,13
6469,returning,android,after,2
6470,new,android,before,1
6471,new,ios,before,0
6472,returning,web,before,10
6473,new,android,before,4
6474,new,android,after,0
6475,new,android,before,0
6476,returning,android,before,13
6477,returning,android,before,7
6478,returning,android,before,1
6479,returning,web,after,6
6480,new,ios,before,3
6481,returning,web,after,7
6482,returning,ios,after,5
6483,new,ios,after,5
6484,returning,ios,after,7
6485,new,ios,after,4
6486,returning,ios,after,10
6487,returning,web,after,6
6488,new,android,before,5
6489,new,web,before,2
6490,new,ios,before,2
6491,returning,android,after,8
6492,returning,ios,after,7
6493,returning,android,before,7
6494,new,ios,before,5
6495,new,android,before,0
6496,new,android,after,3
6497,returning,ios,after,7
6498,returning,ios,after,5
6499,new,ios,before,3
6500,new,ios,before,2
6501,returning,android,before,7
6502,new,android,after,3
6503,returning,web,after,12
6504,returning,web,after,12
6505,returning,ios,before,3
6506,new,web,before,0
6507,returning,android,after,7
6508,new,ios,before,3
6509,returning,web,after,4
6510,new,android,before,3
6511,new,android,before,2
6512,new,android,after,4
6513,returning,web,before,10
6514,returning,android,before,8
6515,returning,web,after,10
6516,new,ios,before,3
6517,returning,web,before,5
6518,new,android,after,4
6519,new,android,before,2
6520,new,web,before,3
6521,new,ios,before,2
6522,new,ios,before,1
6523,new,web,before,3
6524,returning,web,after,7
6525,returning,android,before,7
6526,returning,android,before,5
6527,new,ios,before,4
6528,returning,android,before,11
6529,new,ios,after,8
6530,new,web,before,2
6531,new,android,before,1
6532,new,ios,before,1
6533,new,android,before,2
6534,new,web,before,5
6535,returning,android,after,8
6536,new,ios,after,3
6537,returning,android,before,10
6538,new,android,after,2
6539,returning,ios,before,11
6540,new,android,before,5
6541,new,ios,after,1
6542,returning,android,after,7
6543,returning,ios,before,9
6544,new,android,after,2
6545,new,android,before,1
6546,new,android,after,2
6547,new,ios,after,1
6548,new,ios,after,2
6549,returning,android,after,10
6550,returning,web,after,7
6551,new,ios,after,2
6552,new,ios,after,3
6553,returning,web,before,9
6554,new,ios,before,2
6555,new,web,before,3
6556,new,web,after,1
6557,returning,ios,before,5
6558,new,ios,before,5
6559,new,web,after,2
6560,new,ios,before,2
6561,new,android,after,3
6562,new,ios,after,3
6563,new,android,before,5
6564,new,web,before,5
6565,new,android,before,2
6566,new,ios,before,2
6567,returning,android,before,5
6568,new,android,before,1
6569,new,ios,before,5
6570,new,android,before,0
6571,new,android,after,0
6572,new,ios,after,2
6573,returning,web,before,13
6574,returning,ios,after,12
6575,returning,ios,before,10
6576,new,ios,before,3
6577,new,ios,before,6
6578,new,ios,before,4
6579,new,ios,before,5
6580,new,android,before,2
6581,new,android,before,1
6582,returning,ios,before,9
6583,new,android,after,9
6584,returning,android,after,5
6585,returning,android,after,4
6586,returning,web,after,2
6587,new,ios,after,1
6588,new,ios,before,4
6589,returning,ios,before,9
6590,new,ios,before,4
6591,new,android,before,4
6592,returning,ios,after,10
6593,returning,android,before,8
6594,returning,web,after,8
6595,returning,android,after,7
6596,returning,android,before,5
6597,returning,android,after,7
6598,new,android,before,2
6599,returning,android,before,6
6600,new,ios,before,0
6601,new,ios,before,2
6602,new,ios,after,2
6603,returning,android,before,10
6604,returning,android,before,9
6605,new,ios,before,4
6606,returning,ios,before,10
6607,returning,android,after,10
6608,returning,ios,after,10
6609,returning,ios,before,9
6610,new,ios,after,2
6611,new,ios,before,4
6612,new,android,before,3
6613,new,ios,after,2
6614,new,ios,before,3
6615,new,web,before,3
6616,returning,android,before,6
6617,new,android,before,3
6618,returning,android,after,6
6619,returning,ios,before,6
6620,new,ios,before,7
6621,returning,ios,before,8
6622,new,ios,after,1
6623,returning,ios,after,8
6624,returning,android,after,14
6625,returning,ios,after,6
6626,new,ios,after,2
6627,returning,android,after,4
6628,returning,ios,after,11
6629,returning,android,before,8
6630,returning,ios,before,14
6631,returning,android,before,10
6632,returning,web,before,7
6633,new,android,before,7
6634,returning,web,after,9
6635,new,ios,after,1
6636,returning,ios,before,6
6637,returning,ios,before,10
6638,new,ios,before,5
6639,new,web,after,5
6640,new,ios,before,4
6641,returning,ios,before,10
6642,new,web,before,4
6643,new,ios,after,2
6644,new,android,before,4
6645,new,ios,after,2
6646,returning,web,after,6
6647,new,ios,before,2
6648,new,android,after,1
6649,new,android,after,1
6650,returning,web,after,13
6651,new,web,before,4
6652,new,android,after,1
6653,new,ios,after,2
6654,new,android,before,3
6655,new,web,before,2
6656,returning,android,after,6
6657,returning,web,after,10
6658,returning,android,after,4
6659,returning,ios,after,7
6660,returning,ios,before,8
6661,new,ios,before,2
6662,new,android,after,5
6663,new,android,before,4
6664,returning,ios,before,10
6665,returning,android,after,9
6666,returning,ios,before,10
6667,new,ios,before,5
6668,new,android,before,4
6669,returning,android,before,9
6670,returning,ios,before,9
6671,new,android,before,2
6672,new,web,before,6
6673,returning,android,before,9
6674,returning,web,after,5
6675,new,ios,after,2
6676,returning,ios,after,8
6677,returning,ios,after,7
6678,returning,android,before,10
6679,returning,ios,after,9
6680,returning,web,after,5
6681,new,android,before,1
6682,returning,web,before,7
6683,new,ios,after,3
6684,returning,android,after,5
6685,returning,ios,before,9
6686,returning,android,before,3
6687,returning,android,before,8
6688,returning,ios,before,9
6689,new,web,after,1
6690,returning,android,after,0
6691,new,android,before,3
6692,returning,ios,after,7
6693,new,ios,after,1
6694,new,ios,after,1
6695,new,android,before,3
6696,returning,ios,after,5
6697,new,web,after,2
6698,new,web,after,3
6699,returning,ios,before,10
6700,new,android,before,2
6701,new,ios,after,3
6702,new,ios,before,2
6703,returning,ios,after,4
6704,new,web,before,2
6705,new,web,after,3
6706,returning,ios,before,8
6707,returning,ios,before,7
6708,new,ios,before,3
6709,new,android,before,4
6710,new,ios,before,3
6711,returning,web,before,6
6712,returning,web,before,8
6713,returning,ios,after,7
6714,returning,web,after,8
6715,new,android,after,2
6716,new,android,before,1
6717,returning,web,after,6
6718,new,android,after,1
6719,new,android,before,2
6720,new,ios,after,2
6721,returning,android,after,10
6722,returning,ios,before,11
6723,new,ios,before,1
6724,returning,android,before,6
6725,new,ios,before,4
6726,new,ios,after,3
6727,returning,ios,after,6
6728,returning,web,after,9
6729,new,android,before,6
6730,new,ios,before,2
6731,new,web,after,3
6732,new,web,before,3
6733,returning,ios,after,8
6734,returning,android,after,8
6735,new,ios,before,5
6736,new,android,after,3
6737,returning,android,before,10
6738,new,ios,before,1
6739,new,android,before,5
6740,returning,ios,before,8
6741,returning,android,before,6
6742,returning,ios,after,6
6743,returning,web,after,8
6744,new,android,before,2
6745,returning,ios,after,4
6746,returning,android,after,10
6747,new,ios,before,1
6748,new,android,before,2
6749,new,android,before,4
6750,returning,ios,after,5
6751,new,ios,after,4
6752,returning,ios,before,6
6753,new,android,after,4
6754,new,android,before,1
6755,returning,ios,after,8
6756,returning,ios,after,3
6757,returning,web,after,7
6758,new,ios,before,4
6759,returning,ios,before,8
6760,new,android,after,2
6761,new,ios,before,0
6762,new,web,before,3
6763,new,ios,before,2
6764,returning,web,after,4
6765,returning,ios,before,6
6766,new,ios,after,1
6767,new,ios,after,3
6768,returning,web,after,13
6769,new,android,after,3
6770,returning,ios,before,21
6771,returning,web,after,6
6772,returning,ios,after,5
6773,returning,ios,after,7
6774,returning,ios,after,8
6775,returning,web,after,12
6776,returning,ios,after,13
6777,returning,ios,after,6
6778,new,web,before,1
6779,returning,android,before,11
6780,new,ios,before,4
6781,returning,android,after,13
6782,new,ios,before,2
6783,new,android,before,5
6784,new,ios,after,1
6785,new,android,before,2
6786,new,android,after,4
6787,returning,ios,after,7
6788,new,ios,before,4
6789,returning,ios,before,3
6790,new,android,after,2
6791,returning,android,after,9
6792,new,android,after,8
6793,returning,web,after,5
6794,new,web,before,3
6795,new,web,after,1
6796,returning,android,before,4
6797,returning,ios,before,10
6798,returning,android,after,3
6799,new,ios,before,4
6800,new,ios,after,1
6801,new,ios,after,2
6802,new,ios,before,6
6803,returning,android,after,9
6804,new,ios,after,3
6805,new,ios,before,3
6806,new,web,after,1
6807,new,android,before,1
6808,returning,ios,after,11
6809,new,ios,before,2
6810,returning,ios,after,6
6811,new,web,after,0
6812,returning,ios,after,6
6813,returning,web,before,4
6814,new,ios,after,2
6815,returning,android,before,11
6816,new,ios,before,4
6817,new,android,after,0
6818,returning,ios,after,10
6819,new,ios,after,3
6820,new,web,before,4
6821,returning,android,after,6
6822,new,ios,after,4
6823,returning,android,after,6
6824,new,ios,before,4
6825,returning,web,after,5
6826,new,ios,after,4
6827,returning,ios,after,3
6828,returning,ios,before,6
6829,new,ios,before,6
6830,new,web,before,6
6831,returning,ios,after,5
6832,returning,ios,before,3
6833,new,web,before,5
6834,new,ios,after,1
6835,new,ios,before,2
6836,returning,android,after,5
6837,new,ios,after,0
6838,returning,web,before,6
6839,new,android,before,2
6840,new,ios,after,5
6841,new,android,before,4
6842,returning,ios,after,10
6843,new,android,before,3
6844,new,android,before,1
6845,returning,android,before,7
6846,new,android,after,1
6847,new,android,before,4
6848,returning,ios,before,5
6849,new,web,before,3
6850,returning,ios,before,2
6851,returning,web,before,8
6852,returning,android,after,9
6853,returning,ios,after,12
6854,new,ios,before,2
6855,returning,web,after,6
6856,new,web,after,2
6857,new,android,after,8
6858,new,ios,after,1
6859,returning,android,before,8
6860,new,ios,after,2
6861,returning,android,after,7
6862,returning,ios,after,4
6863,returning,web,before,6
6864,returning,android,after,7
6865,returning,ios,after,9
6866,new,android,after,1
6867,returning,ios,before,6
6868,new,ios,before,3
6869,new,ios,after,5
6870,returning,ios,before,2
6871,new,ios,before,2
6872,returning,android,after,9
6873,returning,android,after,5
6874,returning,android,before,6
6875,returning,web,before,6
6876,new,web,before,3
6877,returning,ios,before,12
6878,returning,android,before,9
6879,new,web,after,3
6880,new,ios,after,4
6881,new,ios,before,1
6882,new,web,before,6
6883,returning,android,after,9
6884,new,web,before,5
6885,new,web,before,5
6886,new,ios,before,3
6887,new,android,after,3
6888,returning,web,before,9
6889,new,ios,before,2
6890,returning,ios,after,7
6891,returning,ios,before,7
6892,returning,android,before,11
6893,returning,android,before,5
6894,new,web,after,1
6895,returning,ios,after,8
6896,returning,android,after,7
6897,new,ios,before,4
6898,new,web,before,4
6899,returning,android,after,5
6900,returning,android,after,8
6901,returning,ios,before,3
6902,new,ios,after,5
6903,returning,ios,after,9
6904,returning,web,after,2
6905,returning,ios,after,7
6906,new,web,before,6
6907,new,ios,before,7
6908,returning,android,before,3
6909,new,ios,before,4
6910,returning,ios,after,9
6911,returning,android,after,10
6912,new,ios,after,2
6913,new,ios,before,3
6914,returning,android,after,5
6915,new,ios,before,2
6916,new,android,after,0
6917,new,android,before,4
6918,returning,ios,before,5
6919,new,ios,before,1
6920,returning,ios,after,8
6921,returning,ios,before,10
6922,returning,ios,before,6
6923,new,android,before,0
6924,returning,ios,after,8
6925,new,web,before,3
6926,new,android,before,5
6927,returning,ios,before,5
6928,returning,android,before,13
6929,returning,ios,after,9
6930,new,ios,after,4
6931,new,web,before,5
6932,returning,android,after,10
6933,new,ios,before,5
6934,returning,web,after,8
6935,new,web,before,7
6936,new,android,before,3
6937,new,android,before,6
6938,new,android,before,4
6939,new,android,after,4
6940,returning,android,after,12
6941,new,web,after,6
6942,returning,android,before,8
6943,returning,ios,after,11
6944,new,ios,before,0
6945,returning,ios,after,6
6946,returning,ios,after,10
6947,new,ios,before,4
6948,returning,android,before,7
6949,returning,web,before,6
6950,new,ios,after,1
6951,new,ios,after,1
6952,new,web,before,3
6953,returning,ios,after,7
6954,returning,android,after,11
6955,returning,android,before,8
6956,new,android,after,0
6957,new,ios,before,3
6958,new,ios,after,4
6959,returning,android,before,8
6960,returning,ios,after,11
6961,new,ios,before,4
6962,returning,ios,before,5
6963,new,android,before,2
6964,returning,android,after,10
6965,returning,android,before,6
6966,new,android,after,0
6967,new,ios,after,2
6968,returning,web,after,8
6969,returning,web,after,3
6970,returning,ios,after,7
6971,returning,android,before,7
6972,returning,ios,after,7
6973,new,web,before,4
6974,new,ios,after,3
6975,new,ios,before,1
6976,returning,web,after,8
6977,new,android,after,1
6978,new,ios,before,3
6979,returning,android,after,12
6980,new,android,before,6
6981,returning,ios,before,12
6982,new,android,after,0
6983,new,android,after,1
6984,returning,android,before,7
6985,new,web,after,1
6986,new,android,after,3
6987,returning,android,after,8
6988,returning,android,after,4
6989,new,ios,before,6
6990,new,ios,before,0
6991,returning,web,after,6
6992,returning,android,after,11
6993,returning,ios,before,8
6994,returning,ios,after,4
6995,new,ios,after,4
6996,returning,ios,after,8
6997,new,ios,before,3
6998,returning,android,before,9
6999,new,ios,before,2
7000,new,android,after,3
7001,new,web,after,6
7002,new,web,before,5
7003,new,web,after,1
7004,new,ios,after,2
7005,new,android,before,3
7006,new,android,before,6
7007,returning,ios,after,5
7008,new,web,after,4
7009,new,android,after,3
7010,returning,android,after,5
7011,returning,ios,before,6
7012,new,ios,after,1
7013,returning,web,after,8
7014,new,ios,before,3
7015,returning,ios,before,5
7016,new,android,after,3
7017,returning,android,after,5
7018,returning,ios,after,7
7019,returning,ios,before,9
7020,new,android,before,5
7021,new,web,after,2
7022,returning,android,after,6
7023,returning,android,after,11
7024,new,ios,after,4
7025,new,android,before,1
7026,returning,android,after,9
7027,returning,web,before,11
7028,returning,android,after,12
7029,returning,ios,before,5
7030,new,ios,after,2
7031,new,web,after,2
7032,new,ios,after,1
7033,returning,android,after,8
7034,returning,android,after,7
7035,returning,ios,after,12
7036,new,android,before,4
7037,new,android,before,5
7038,returning,web,after,7
7039,new,ios,after,4
7040,returning,ios,after,12
7041,returning,ios,after,6
7042,returning,ios,after,9
7043,new,android,after,3
7044,new,ios,after,3
7045,new,ios,after,5
7046,returning,web,before,9
7047,returning,ios,after,6
7048,new,ios,before,6
7049,returning,web,after,6
7050,new,android,after,4
7051,new,ios,after,1
7052,returning,web,before,7
7053,new,android,after,1
7054,new,ios,before,3
7055,returning,ios,after,6
7056,returning,web,before,7
7057,new,ios,before,2
7058,returning,web,after,9
7059,new,ios,after,3
7060,returning,ios,before,8
7061,new,web,before,4
7062,new,web,before,2
7063,returning,ios,after,9
7064,new,ios,before,4
7065,returning,android,before,8
7066,new,android,before,3
7067,new,ios,before,5
7068,returning,ios,before,5
7069,new,web,after,0
7070,returning,ios,after,8
7071,new,ios,before,1
7072,returning,ios,after,10
7073,new,ios,after,4
7074,new,android,before,3
7075,returning,ios,after,7
7076,returning,android,after,7
7077,returning,ios,after,6
7078,returning,ios,before,5
7079,returning,web,before,7
7080,returning,android,before,5
7081,new,ios,before,3
7082,returning,ios,after,8
7083,returning,android,after,10
7084,new,android,after,0
7085,returning,android,after,9
7086,returning,android,after,10
7087,new,ios,before,3
7088,returning,web,before,7
7089,new,ios,before,5
7090,returning,ios,before,11
7091,new,android,after,3
7092,new,ios,before,6
7093,returning,ios,before,7
7094,returning,ios,before,10
7095,returning,android,after,9
7096,returning,android,after,3
7097,new,android,before,4
7098,new,ios,before,1
7099,new,ios,before,3
7100,new,web,after,3
7101,new,android,before,6
7102,returning,android,after,12
7103,new,ios,after,4
7104,returning,ios,after,11
7105,returning,ios,before,5
7106,new,android,before,3
7107,new,web,before,2
7108,returning,web,after,8
7109,new,ios,before,1
7110,returning,android,before,8
7111,new,android,before,3
7112,new,ios,after,1
7113,returning,android,after,4
7114,new,android,before,4
7115,new,ios,after,1
7116,returning,ios,after,8
7117,returning,ios,after,8
7118,new,android,after,1
7119,returning,ios,before,9
7120,returning,ios,after,4
7121,new,ios,after,1
7122,returning,web,after,13
7123,returning,web,after,6
7124,returning,web,after,7
7125,new,web,before,3
7126,new,ios,after,2
7127,returning,ios,after,6
7128,new,android,before,4
7129,returning,android,before,8
7130,returning,android,after,9
7131,new,ios,before,2
7132,returning,web,after,13
7133,returning,ios,after,7
7134,returning,android,after,5
7135,returning,web,before,11
7136,returning,android,before,13
7137,new,android,after,1
7138,new,android,after,0
7139,returning,android,before,12
7140,new,web,before,1
7141,new,ios,before,5
7142,returning,ios,after,10
7143,new,web,after,3
7144,new,android,before,2
7145,new,android,before,5
7146,new,ios,before,1
7147,returning,ios,after,11
7148,new,android,before,2
7149,returning,web,before,12
7150,new,ios,before,0
7151,returning,ios,after,6
7152,returning,ios,before,15
7153,returning,android,before,12
7154,returning,ios,after,11
7155,returning,android,before,10
7156,returning,ios,before,9
7157,returning,ios,after,4
7158,returning,ios,after,10
7159,returning,ios,before,7
7160,new,web,before,3
7161,new,web,before,4
7162,returning,android,after,8
7163,returning,web,after,3
7164,new,ios,after,1
7165,new,web,after,2
7166,returning,android,before,11
7167,new,android,after,6
7168,returning,android,after,6
7169,returning,ios,before,3
7170,new,ios,after,1
7171,returning,ios,after,9
7172,returning,ios,after,8
7173,new,android,after,3
7174,returning,web,before,12
7175,returning,ios,before,10
7176,new,android,before,0
7177,returning,android,after,7
7178,new,ios,after,0
7179,new,ios,before,4
7180,returning,ios,before,5
7181,new,android,before,4
7182,returning,ios,after,7
7183,new,ios,before,4
7184,returning,ios,before,14
7185,new,web,before,1
7186,returning,web,after,3
7187,new,ios,before,4
7188,returning,android,before,8
7189,new,web,before,2
7190,returning,ios,before,12
7191,new,ios,before,2
7192,new,ios,after,2
7193,new,ios,after,2
7194,returning,web,after,6
7195,new,web,after,5
7196,returning,android,after,6
7197,returning,ios,before,9
7198,returning,web,after,13
7199,new,ios,before,3
7200,new,ios,before,5
7201,new,ios,after,4
7202,new,web,before,1
7203,new,android,before,3
7204,new,android,before,1
7205,returning,android,before,5
7206,new,ios,after,2
7207,new,ios,after,3
7208,returning,web,before,9
7209,new,web,before,1
7210,returning,android,after,5
7211,returning,ios,after,10
7212,returning,web,before,5
7213,new,ios,after,3
7214,returning,ios,before,7
7215,returning,ios,before,11
7216,new,ios,before,3
7217,returning,android,after,7
7218,new,android,before,8
7219,returning,ios,before,7
7220,new,ios,before,3
7221,new,android,before,3
7222,returning,ios,after,6
7223,returning,ios,before,8
7224,new,ios,before,5
7225,returning,web,after,5
7226,new,web,after,3
7227,returning,ios,before,8
7228,new,android,after,0
7229,new,web,after,0
7230,returning,ios,after,8
7231,returning,web,after,9
7232,new,android,after,1
7233,new,android,before,4
7234,returning,android,before,5
7235,returning,ios,before,4
7236,returning,android,before,11
7237,new,android,after,1
7238,returning,ios,before,11
7239,returning,android,before,10
7240,returning,web,after,5
7241,new,web,after,2
7242,returning,android,after,6
7243,new,ios,before,3
7244,returning,ios,before,7
7245,returning,ios,after,7
7246,returning,web,before,9
7247,new,android,before,6
7248,new,web,after,1
7249,new,ios,before,1
7250,returning,web,after,7
7251,new,web,before,2
7252,new,android,after,6
7253,returning,web,after,11
7254,new,ios,after,2
7255,new,ios,before,3
7256,returning,ios,after,10
7257,returning,ios,after,9
7258,new,ios,after,2
7259,returning,android,before,6
7260,new,ios,before,3
7261,new,ios,before,4
7262,new,ios,before,3
7263,returning,android,after,5
7264,returning,web,after,7
7265,returning,ios,after,5
7266,new,android,after,0
7267,new,web,after,1
7268,new,android,before,2
7269,returning,android,before,9
7270,new,android,after,3
7271,new,web,before,5
7272,new,ios,before,5
7273,returning,android,after,8
7274,returning,ios,after,6
7275,new,ios,before,6
7276,returning,android,before,7
7277,returning,web,before,7
7278,new,web,after,1
7279,returning,web,after,5
7280,new,android,after,2
7281,returning,android,after,5
7282,new,web,before,6
7283,returning,ios,after,7
7284,new,ios,before,4
7285,new,ios,before,4
7286,returning,android,after,6
7287,returning,android,after,3
7288,new,web,before,1
7289,returning,ios,before,5
7290,new,web,before,0
7291,new,android,after,3
7292,returning,web,after,3
7293,new,ios,before,4
7294,new,android,before,5
7295,new,android,before,6
7296,new,android,before,6
7297,new,ios,before,5
7298,new,ios,before,2
7299,new,ios,before,2
7300,returning,android,after,4
7301,new,android,after,3
7302,new,android,before,5
7303,returning,android,after,9
7304,returning,ios,before,2
7305,returning,ios,after,5
7306,new,android,before,4
7307,returning,android,after,7
7308,new,android,before,3
7309,returning,android,after,5
7310,new,web,before,2
7311,new,web,after,2
7312,returning,android,before,10
7313,returning,ios,after,8
7314,returning,ios,before,17
7315,returning,android,after,7
7316,returning,ios,before,9
7317,new,ios,after,2
7318,returning,ios,after,7
7319,new,web,after,2
7320,new,ios,before,3
7321,returning,android,before,11
7322,new,web,before,2
7323,new,android,after,0
7324,returning,ios,after,8
7325,returning,web,before,9
7326,new,android,after,0
7327,returning,ios,before,7
7328,returning,android,after,4
7329,new,ios,before,5
7330,new,android,before,5
7331,new,web,before,1
7332,new,android,before,4
7333,returning,web,before,7
7334,new,ios,before,3
7335,returning,web,before,4
7336,returning,android,before,9
7337,returning,ios,after,4
7338,new,web,before,2
7339,new,web,before,2
7340,returning,ios,after,9
7341,new,android,after,2
7342,new,ios,before,0
7343,returning,ios,after,5
7344,returning,ios,after,10
7345,returning,android,after,5
7346,returning,ios,before,9
7347,new,ios,before,4
7348,new,web,before,1
7349,new,android,after,2
7350,new,web,after,2
7351,returning,ios,after,16
7352,new,ios,after,3
7353,new,android,before,1
7354,returning,ios,before,7
7355,returning,android,after,6
7356,returning,web,after,9
7357,new,ios,before,2
7358,new,android,before,2
7359,returning,android,after,7
7360,returning,ios,before,5
7361,new,android,before,2
7362,returning,android,after,3
7363,new,ios,before,2
7364,new,ios,before,5
7365,returning,android,after,7
7366,new,android,before,4
7367,returning,web,after,13
7368,new,android,before,4
7369,returning,ios,before,8
7370,returning,web,before,15
7371,returning,android,after,7
7372,new,ios,before,2
7373,new,ios,after,3
7374,new,ios,before,7
7375,new,ios,before,0
7376,returning,android,after,10
7377,returning,ios,after,6
7378,returning,web,after,9
7379,returning,android,before,8
7380,returning,ios,before,8
7381,new,web,after,1
7382,returning,android,before,6
7383,returning,ios,before,11
7384,new,ios,after,1
7385,returning,android,after,9
7386,returning,android,before,2
7387,new,android,after,3
7388,returning,web,after,8
7389,returning,android,before,15
7390,returning,web,after,7
7391,new,android,after,5
7392,new,android,before,3
7393,returning,ios,before,9
7394,returning,android,before,4
7395,new,ios,after,2
7396,new,android,before,3
7397,new,ios,before,1
7398,new,android,before,4
7399,new,ios,before,4
7400,returning,android,before,10
7401,returning,ios,after,4
7402,new,web,after,1
7403,new,ios,before,3
7404,new,android,before,1
7405,new,android,before,0
7406,returning,ios,after,3
7407,returning,web,after,9
7408,returning,web,after,12
7409,returning,android,after,7
7410,returning,web,before,7
7411,new,ios,before,3
7412,returning,web,before,15
7413,new,web,after,1
7414,new,android,before,1
7415,new,web,before,4
7416,returning,android,after,2
7417,new,android,after,4
7418,new,android,before,4
7419,new,ios,after,2
7420,returning,android,after,6
7421,new,ios,after,4
7422,new,android,after,1
7423,new,android,before,6
7424,returning,ios,after,10
7425,new,ios,after,4
7426,new,ios,after,3
7427,returning,android,after,9
7428,returning,ios,after,6
7429,returning,ios,after,9
7430,returning,ios,after,7
7431,returning,ios,after,6
7432,new,ios,after,4
7433,returning,ios,before,10
7434,returning,android,after,10
7435,returning,android,before,8
7436,new,web,after,3
7437,returning,ios,after,10
7438,returning,ios,after,6
7439,new,ios,after,2
7440,new,android,before,3
7441,new,ios,before,1
7442,returning,ios,after,10
7443,returning,android,after,4
7444,new,ios,after,2
7445,returning,android,after,7
7446,returning,android,after,8
7447,returning,web,before,4
7448,returning,ios,before,8
7449,new,ios,after,1
7450,new,android,after,2
7451,returning,ios,after,6
7452,returning,ios,after,8
7453,returning,android,after,10
7454,returning,ios,after,3
7455,returning,ios,after,13
7456,new,android,before,5
7457,new,web,after,3
7458,new,ios,after,3
7459,returning,android,before,7
7460,returning,web,after,8
7461,returning,ios,after,9
7462,returning,android,after,7
7463,new,ios,before,2
7464,returning,web,after,5
7465,new,ios,before,3
7466,new,ios,after,3
7467,returning,web,after,5
7468,returning,android,after,8
7469,returning,ios,after,7
7470,returning,android,before,8
7471,new,web,after,2
7472,new,android,after,5
7473,returning,ios,before,9
7474,returning,ios,before,10
7475,new,web,before,2
7476,returning,ios,after,9
7477,returning,ios,after,6
7478,returning,ios,after,9
7479,returning,ios,after,9
7480,new,android,before,5
7481,returning,ios,after,8
7482,returning,ios,before,7
7483,new,ios,before,6
7484,new,ios,before,5
7485,returning,ios,before,9
7486,new,ios,after,2
7487,returning,android,after,9
7488,returning,ios,after,10
7489,new,ios,before,1
7490,new,android,before,2
7491,new,android,before,4
7492,returning,android,after,5
7493,returning,web,before,11
7494,new,ios,before,3
7495,new,ios,after,2
7496,returning,ios,after,4
7497,new,ios,after,2
7498,new,web,before,0
7499,returning,android,after,8
7500,new,android,before,1
7501,returning,web,after,14
7502,new,web,before,4
7503,returning,ios,after,12
7504,returning,web,after,8
7505,returning,ios,after,10
7506,new,ios,before,4
7507,new,android,before,3
7508,new,web,after,2
7509,new,android,after,1
7510,new,ios,before,1
7511,new,web,before,2
7512,new,android,before,4
7513,new,android,before,2
7514,new,ios,before,4
7515,new,ios,before,2
7516,returning,ios,before,10
7517,returning,web,before,8
7518,returning,web,after,11
7519,new,ios,before,2
7520,returning,ios,before,9
7521,returning,ios,before,7
7522,returning,android,after,10
7523,new,android,before,1
7524,new,android,before,2
7525,returning,ios,before,5
7526,new,ios,before,1
7527,new,web,before,2
7528,returning,android,before,3
7529,returning,ios,after,6
7530,new,ios,before,3
7531,returning,ios,before,5
7532,new,ios,after,3
7533,new,ios,after,0
7534,returning,android,after,6
7535,new,ios,before,4
7536,new,ios,before,1
7537,new,android,before,3
7538,returning,ios,after,4
7539,new,android,before,3
7540,returning,web,after,12
7541,returning,ios,after,9
7542,new,android,after,2
7543,returning,ios,before,12
7544,new,ios,after,3
7545,returning,ios,before,8
7546,new,android,after,4
7547,returning,ios,after,9
7548,new,android,after,3
7549,returning,ios,before,7
7550,new,android,after,4
7551,new,ios,before,1
7552,new,ios,before,5
7553,new,android,before,2
7554,returning,ios,after,12
7555,returning,ios,after,7
7556,new,android,before,4
7557,returning,android,after,4
7558,returning,android,after,4
7559,returning,ios,before,10
7560,new,ios,after,1
7561,new,ios,after,0
7562,new,ios,before,5
7563,new,ios,before,2
7564,returning,ios,after,5
7565,new,ios,before,3
7566,returning,android,after,8
7567,returning,ios,before,10
7568,new,ios,before,2
7569,returning,ios,before,9
7570,returning,ios,after,10
7571,returning,android,after,7
7572,new,ios,after,3
7573,returning,ios,before,8
7574,returning,web,after,8
7575,new,ios,after,2
7576,returning,ios,before,7
7577,returning,android,after,7
7578,new,android,before,1
7579,returning,web,after,7
7580,new,web,after,4
7581,new,android,before,2
7582,new,ios,before,5
7583,returning,android,after,8
7584,returning,ios,before,7
7585,returning,android,before,9
7586,new,web,before,2
7587,returning,ios,after,6
7588,new,web,before,7
7589,new,android,before,4
7590,returning,ios,after,7
7591,returning,web,before,7
7592,new,android,after,1
7593,returning,ios,after,6
7594,returning,android,after,8
7595,new,ios,before,5
7596,new,ios,after,1
7597,returning,android,after,5
7598,new,web,before,2
7599,returning,android,before,4
7600,new,web,before,2
7601,new,web,before,0
7602,new,ios,before,3
7603,new,android,before,2
7604,returning,android,before,5
7605,new,ios,before,2
7606,new,ios,before,2
7607,new,android,after,4
7608,new,web,before,3
7609,new,web,before,3
7610,returning,android,before,10
7611,new,android,before,1
7612,new,android,before,1
7613,new,web,before,3
7614,returning,android,after,11
7615,new,web,after,2
7616,returning,web,after,7
7617,returning,ios,after,9
7618,returning,web,after,9
7619,new,android,before,3
7620,returning,ios,after,7
7621,returning,ios,after,7
7622,new,android,after,3
7623,returning,ios,after,8
7624,new,ios,before,3
7625,returning,android,after,5
7626,new,ios,after,3
7627,new,ios,before,6
7628,returning,android,before,3
7629,returning,ios,after,9
7630,new,android,before,2
7631,new,ios,before,3
7632,new,web,before,4
7633,new,ios,after,1
7634,returning,web,before,10
7635,new,android,before,1
7636,returning,web,before,4
7637,new,android,before,2
7638,returning,android,after,8
7639,returning,ios,after,6
7640,returning,android,after,1
7641,returning,android,after,8
7642,returning,android,after,4
7643,returning,ios,before,9
7644,returning,android,after,6
7645,returning,android,before,11
7646,returning,android,after,8
7647,returning,android,after,11
7648,new,ios,before,2
7649,new,android,after,2
7650,new,ios,after,5
7651,new,android,before,3
7652,new,android,after,2
7653,new,ios,before,2
7654,returning,ios,before,7
7655,returning,android,before,11
7656,new,android,before,4
7657,returning,ios,after,9
7658,returning,ios,after,7
7659,new,ios,after,0
7660,returning,android,after,11
7661,new,ios,after,0
7662,new,android,before,3
7663,new,android,before,5
7664,returning,web,after,7
7665,returning,web,after,6
7666,new,android,before,3
7667,returning,android,after,9
7668,returning,android,before,11
7669,new,web,before,7
7670,new,android,before,1
7671,returning,ios,before,9
7672,returning,web,before,6
7673,new,ios,after,2
7674,returning,web,after,9
7675,returning,ios,after,9
7676,returning,android,before,10
7677,new,web,after,6
7678,returning,android,after,8
7679,new,android,before,0
7680,returning,ios,before,4
7681,new,ios,before,6
7682,returning,ios,after,11
7683,new,android,after,1
7684,returning,ios,after,6
7685,returning,ios,after,5
7686,returning,ios,after,3
7687,new,web,before,4
7688,returning,web,after,10
7689,new,ios,before,5
7690,new,web,after,4
7691,returning,android,after,4
7692,new,ios,after,3
7693,returning,ios,before,8
7694,returning,web,after,5
7695,returning,ios,after,12
7696,new,ios,after,2
7697,returning,web,after,6
7698,new,android,before,1
7699,returning,android,before,3
7700,returning,android,before,11
7701,new,android,after,4
7702,returning,ios,before,12
7703,returning,android,after,3
7704,returning,ios,before,7
7705,returning,ios,after,8
7706,returning,web,before,9
7707,returning,ios,after,7
7708,new,ios,before,3
7709,new,ios,before,1
7710,returning,web,after,7
7711,returning,web,before,6
7712,new,ios,before,0
7713,new,ios,before,5
7714,returning,android,after,8
7715,returning,android,before,10
7716,new,ios,before,1
7717,returning,ios,after,8
7718,new,android,after,4
7719,returning,ios,before,7
7720,new,android,before,1
7721,returning,ios,before,9
7722,new,web,before,1
7723,returning,android,after,11
7724,returning,android,before,9
7725,new,android,after,5
7726,new,ios,after,1
7727,returning,ios,before,9
7728,new,android,before,2
7729,new,android,before,5
7730,new,web,after,1
7731,returning,ios,after,9
7732,new,android,before,4
7733,new,ios,before,1
7734,returning,ios,after,8
7735,new,ios,before,4
7736,new,web,before,1
7737,returning,android,before,5
7738,new,android,after,3
7739,new,android,after,2
7740,new,ios,before,1
7741,new,ios,before,4
7742,new,ios,before,3
7743,returning,ios,after,8
7744,new,android,before,6
7745,new,ios,before,2
7746,returning,android,before,7
7747,returning,web,after,12
7748,returning,web,before,13
7749,returning,ios,after,5
7750,returning,android,after,10
7751,returning,ios,after,15
7752,new,ios,before,2
7753,returning,android,before,5
7754,new,ios,before,1
7755,new,android,before,7
7756,new,web,after,4
7757,returning,ios,before,5
7758,new,web,before,1
7759,returning,ios,after,8
7760,new,web,before,3
7761,returning,android,before,12
7762,returning,ios,after,2
7763,new,ios,after,3
7764,returning,ios,after,14
7765,new,android,before,2
7766,returning,ios,after,10
7767,returning,web,after,4
7768,new,ios,before,3
7769,new,web,before,1
7770,returning,ios,after,8
7771,returning,android,before,5
7772,returning,web,before,8
7773,new,ios,after,2
7774,returning,ios,after,7
7775,returning,android,before,7
7776,new,android,after,5
7777,returning,web,after,8
7778,returning,ios,after,9
7779,new,web,before,3
7780,returning,web,before,7
7781,new,android,after,1
7782,new,ios,before,7
7783,returning,ios,after,5
7784,new,web,after,3
7785,new,android,before,1
7786,returning,android,after,8
7787,returning,web,after,7
7788,returning,ios,after,8
7789,returning,android,after,8
7790,returning,android,after,8
7791,returning,web,after,8
7792,returning,android,after,6
7793,new,android,after,4
7794,new,ios,before,3
7795,returning,web,before,9
7796,new,android,before,0
7797,returning,ios,after,6
7798,returning,web,before,7
7799,new,ios,after,3
7800,new,ios,before,4
7801,new,web,before,0
7802,returning,android,before,9
7803,returning,web,after,8
7804,returning,web,after,6
7805,returning,android,after,8
7806,returning,ios,after,3
7807,returning,web,before,10
7808,new,android,after,5
7809,new,android,before,3
7810,returning,android,before,5
7811,returning,ios,after,9
7812,new,ios,after,1
7813,new,android,before,4
7814,new,android,after,3
7815,returning,android,before,6
7816,returning,ios,after,6
7817,new,ios,after,3
7818,returning,android,after,10
7819,returning,ios,after,5
7820,returning,android,after,7
7821,new,android,before,3
7822,new,ios,after,3
7823,new,android,before,2
7824,new,web,before,1
7825,new,ios,after,3
7826,new,ios,after,2
7827,new,ios,before,2
7828,new,android,before,3
7829,returning,web,after,5
7830,new,android,before,5
7831,returning,web,before,6
7832,new,android,before,3
7833,new,ios,before,4
7834,new,ios,after,6
7835,new,android,after,1
7836,returning,android,after,8
7837,new,android,before,2
7838,returning,android,after,7
7839,returning,ios,after,9
7840,returning,ios,before,5
7841,new,android,before,3
7842,new,android,before,1
7843,new,web,after,2
7844,returning,ios,after,2
7845,returning,web,before,9
7846,new,ios,before,5
7847,returning,ios,before,7
7848,new,web,after,3
7849,new,web,before,2
7850,returning,web,before,3
7851,new,ios,before,3
7852,new,ios,after,4
7853,returning,android,before,10
7854,returning,web,after,6
7855,returning,android,after,7
7856,returning,ios,after,3
7857,returning,android,before,7
7858,new,ios,before,3
7859,new,ios,before,4
7860,new,android,after,5
7861,returning,ios,after,4
7862,returning,android,after,5
7863,new,android,after,1
7864,returning,ios,after,9
7865,new,ios,before,1
7866,new,web,after,4
7867,new,android,after,1
7868,new,web,before,4
7869,returning,ios,after,11
7870,returning,android,before,6
7871,new,web,before,0
7872,new,ios,before,5
7873,returning,ios,before,5
7874,returning,web,before,8
7875,returning,ios,before,5
7876,new,ios,after,3
7877,new,web,before,0
7878,new,ios,before,4
7879,returning,android,after,3
7880,new,android,before,6
7881,new,android,before,5
7882,new,ios,before,5
7883,new,ios,after,3
7884,new,web,before,1
7885,returning,web,after,8
7886,new,ios,before,3
7887,new,ios,before,5
7888,returning,android,after,11
7889,returning,ios,after,7
7890,new,web,before,1
7891,new,web,before,5
7892,returning,ios,after,7
7893,new,web,before,2
7894,new,web,before,6
7895,returning,android,after,9
7896,returning,web,before,9
7897,returning,ios,after,12
7898,new,web,after,1
7899,returning,ios,after,10
7900,returning,android,before,11
7901,new,android,before,0
7902,new,ios,before,4
7903,new,android,before,6
7904,returning,android,after,5
7905,new,android,after,2
7906,returning,android,after,15
7907,new,ios,after,6
7908,new,ios,after,1
7909,new,ios,before,4
7910,new,web,before,1
7911,returning,android,before,9
7912,returning,android,after,9
7913,new,android,before,1
7914,returning,android,after,9
7915,new,ios,before,3
7916,returning,ios,after,7
7917,new,android,after,3
7918,returning,ios,before,6
7919,new,web,before,8
7920,new,ios,before,4
7921,new,android,before,7
7922,returning,ios,before,11
7923,returning,android,after,9
7924,new,web,before,5
7925,returning,ios,before,7
7926,returning,ios,after,11
7927,new,android,after,3
7928,returning,ios,before,8
7929,returning,ios,after,6
7930,new,android,before,7
7931,returning,ios,before,7
7932,new,ios,before,6
7933,new,ios,before,3
7934,new,android,before,2
7935,new,web,after,2
7936,returning,ios,before,12
7937,new,ios,before,4
7938,new,android,before,2
7939,returning,web,before,8
7940,new,ios,before,4
7941,new,android,after,2
7942,new,android,after,1
7943,new,ios,after,2
7944,returning,ios,before,6
7945,new,android,after,1
7946,returning,ios,after,5
7947,returning,ios,after,6
7948,returning,android,before,5
7949,new,ios,after,5
7950,new,ios,before,6
7951,returning,ios,after,8
7952,returning,web,before,9
7953,new,android,after,7
7954,returning,ios,before,8
7955,returning,ios,after,11
7956,new,web,before,4
7957,returning,android,after,10
7958,returning,android,before,6
7959,returning,ios,after,6
7960,returning,ios,after,5
7961,returning,ios,before,6
7962,returning,web,before,10
7963,new,web,after,2
7964,returning,ios,before,9
7965,new,android,before,2
7966,new,web,after,3
7967,new,web,before,3
7968,new,android,before,2
7969,new,ios,before,2
7970,returning,web,before,7
7971,returning,ios,before,3
7972,new,ios,before,1
7973,new,ios,before,4
7974,returning,android,before,14
7975,new,ios,before,2
7976,returning,android,before,8
7977,returning,web,before,12
7978,returning,android,after,6
7979,new,web,before,5
7980,returning,web,after,12
7981,returning,android,after,3
7982,returning,android,after,10
7983,new,web,after,4
7984,new,android,before,2
7985,returning,ios,after,13
7986,returning,web,before,8
7987,returning,android,after,10
7988,new,web,before,2
7989,returning,ios,before,12
7990,new,ios,before,2
7991,new,android,before,3
7992,new,android,before,6
7993,new,ios,after,1
7994,returning,web,before,15
7995,new,android,after,3
7996,returning,ios,before,9
7997,returning,android,after,7
7998,returning,ios,before,10
7999,new,android,before,4
8000,returning,ios,before,8
8001,new,ios,after,5
8002,returning,web,after,6
8003,new,ios,before,1
8004,new,android,before,4
8005,returning,android,after,7
8006,returning,ios,after,8
8007,returning,web,before,10
8008,new,ios,before,4
8009,returning,android,before,5
8010,returning,android,after,10
8011,returning,android,after,9
8012,new,ios,before,6
8013,new,web,before,6
8014,new,web,before,4
8015,returning,android,after,8
8016,returning,android,before,3
8017,new,ios,before,4
8018,returning,ios,before,9
8019,new,android,before,6
8020,returning,ios,after,9
8021,returning,android,before,4
8022,new,ios,before,2
8023,new,ios,after,1
8024,new,ios,before,6
8025,returning,ios,before,10
8026,returning,android,after,5
8027,new,android,after,1
8028,returning,ios,before,7
8029,new,ios,before,1
8030,new,ios,after,2
8031,new,android,before,4
8032,returning,ios,after,11
8033,new,android,after,2
8034,new,android,before,3
8035,new,ios,after,1
8036,returning,ios,before,10
8037,new,ios,after,3
8038,returning,ios,before,4
8039,returning,ios,before,6
8040,returning,web,after,15
8041,returning,ios,after,8
8042,returning,ios,before,7
8043,new,web,after,2
8044,returning,web,before,8
8045,new,android,before,1
8046,new,android,before,3
8047,returning,ios,before,8
8048,returning,web,after,6
8049,new,android,after,4
8050,returning,android,after,5
8051,new,ios,before,3
8052,new,ios,after,0
8053,new,android,before,4
8054,returning,ios,after,8
8055,returning,android,after,8
8056,returning,ios,after,16
8057,returning,android,after,11
8058,returning,ios,before,8
8059,new,web,after,4
8060,returning,android,after,6
8061,returning,android,before,10
8062,returning,ios,after,8
8063,returning,android,before,8
8064,new,ios,before,4
8065,returning,ios,after,9
8066,new,ios,after,2
8067,returning,ios,before,13
8068,new,web,after,0
8069,new,ios,after,4
8070,new,web,before,5
8071,new,web,before,7
8072,returning,android,before,10
8073,new,ios,after,4
8074,returning,android,before,8
8075,returning,web,after,2
8076,returning,ios,after,7
8077,new,ios,after,0
8078,returning,ios,before,9
8079,returning,ios,before,4
8080,returning,ios,after,4
8081,returning,ios,after,6
8082,returning,android,before,8
8083,new,android,after,1
8084,returning,ios,after,13
8085,returning,web,after,7
8086,new,ios,before,5
8087,new,ios,after,3
8088,returning,ios,after,5
8089,new,ios,after,2
8090,new,android,before,2
8091,new,ios,after,2
8092,returning,web,before,3
8093,returning,web,after,1
8094,returning,ios,before,6
8095,new,android,before,5
8096,new,android,before,5
8097,new,web,before,0
8098,new,ios,before,4
8099,returning,android,before,2
8100,returning,ios,after,5
8101,new,ios,before,4
8102,returning,web,after,8
8103,new,ios,before,3
8104,new,ios,after,3
8105,returning,ios,before,8
8106,returning,web,after,9
8107,new,ios,before,5
8108,new,ios,before,5
8109,returning,android,after,6
8110,returning,ios,after,10
8111,new,ios,before,4
8112,returning,android,after,7
8113,new,web,before,3
8114,new,android,before,4
8115,new,ios,before,2
8116,returning,ios,after,7
8117,new,android,before,5
8118,new,ios,before,2
8119,new,android,before,1
8120,returning,android,after,7
8121,new,web,before,3
8122,returning,ios,after,4
8123,returning,web,after,7
8124,returning,ios,after,8
8125,returning,android,after,3
8126,returning,ios,before,12
8127,new,android,before,2
8128,returning,ios,after,6
8129,new,ios,before,7
8130,returning,ios,before,7
8131,new,ios,before,1
8132,new,web,after,4
8133,new,web,after,3
8134,new,android,before,1
8135,new,android,after,4
8136,returning,ios,after,5
8137,new,ios,after,3
8138,new,ios,after,3
8139,returning,android,after,10
8140,returning,web,before,8
8141,new,ios,after,4
8142,new,ios,before,3
8143,new,ios,before,5
8144,returning,android,after,6
8145,returning,ios,after,5
8146,returning,ios,before,4
8147,new,ios,after,1
8148,returning,ios,before,10
8149,new,android,before,4
8150,new,web,before,3
8151,new,ios,after,4
8152,new,ios,before,4
8153,returning,ios,before,6
8154,returning,android,after,7
8155,new,android,before,1
8156,returning,android,after,8
8157,new,android,before,4
8158,new,web,before,4
8159,returning,ios,after,4
8160,returning,ios,before,7
8161,new,ios,before,3
8162,new,android,before,5
8163,new,ios,before,2
8164,returning,web,before,7
8165,new,android,before,3
8166,new,web,after,3
8167,returning,web,before,12
8168,new,android,before,4
8169,new,web,before,2
8170,returning,android,after,6
8171,returning,ios,after,3
8172,returning,android,after,6
8173,new,web,before,2
8174,returning,android,after,7
8175,new,android,before,4
8176,returning,ios,after,8
8177,new,web,before,2
8178,returning,ios,before,4
8179,returning,android,after,5
8180,new,android,before,7
8181,returning,android,before,12
8182,new,ios,before,2
8183,returning,android,after,6
8184,returning,ios,after,9
8185,returning,ios,after,8
8186,returning,ios,after,12
8187,new,android,before,3
8188,new,ios,before,6
8189,new,ios,before,1
8190,new,web,before,4
8191,returning,android,before,9
8192,returning,web,before,6
8193,returning,android,before,6
8194,returning,ios,after,10
8195,returning,android,before,10
8196,returning,ios,after,5
8197,new,web,before,3
8198,returning,ios,after,5
8199,new,web,after,4
8200,returning,android,after,6
8201,new,web,before,3
8202,new,ios,before,0
8203,new,android,after,1
8204,new,ios,after,3
8205,returning,web,before,10
8206,returning,ios,after,10
8207,new,ios,before,1
8208,new,android,before,3
8209,returning,android,before,12
8210,new,android,after,1
8211,returning,android,after,6
8212,new,ios,before,3
8213,new,android,after,3
8214,new,ios,after,2
8215,returning,android,before,12
8216,new,ios,after,0
8217,returning,ios,after,8
8218,returning,web,after,5
8219,new,web,before,0
8220,new,web,after,3
8221,returning,android,before,8
8222,returning,ios,before,9
8223,returning,ios,after,7
8224,returning,ios,after,10
8225,new,android,after,1
8226,new,ios,after,4
8227,new,web,after,6
8228,new,ios,after,2
8229,new,ios,before,5
8230,new,web,after,0
8231,new,ios,before,1
8232,new,ios,before,0
8233,returning,android,after,8
8234,returning,web,after,7
8235,new,ios,before,5
8236,returning,ios,after,5
8237,returning,ios,after,6
8238,new,android,before,4
8239,returning,ios,after,8
8240,new,android,before,3
8241,new,android,after,3
8242,new,web,after,4
8243,returning,android,after,8
8244,new,android,after,3
8245,new,android,after,6
8246,returning,ios,after,9
8247,new,ios,before,5
8248,new,android,before,3
8249,new,ios,before,0
8250,new,ios,after,6
8251,new,ios,after,4
8252,returning,ios,before,7
8253,new,ios,before,0
8254,returning,android,after,5
8255,new,android,after,3
8256,new,ios,before,0
8257,returning,android,after,4
8258,new,ios,after,2
8259,returning,web,after,12
8260,returning,android,after,5
8261,returning,android,after,10
8262,returning,android,after,9
8263,new,android,after,6
8264,new,ios,after,4
8265,new,ios,before,4
8266,new,web,before,3
8267,returning,web,before,7
8268,returning,android,after,6
8269,new,web,before,4
8270,new,ios,after,2
8271,returning,android,before,9
8272,returning,android,before,8
8273,returning,ios,before,4
8274,new,web,after,1
8275,returning,web,before,5
8276,returning,web,after,9
8277,returning,android,after,4
8278,returning,ios,after,11
8279,returning,android,before,2
8280,returning,ios,after,12
8281,returning,web,after,9
8282,new,ios,before,4
8283,new,web,before,3
8284,returning,android,after,7
8285,returning,ios,after,7
8286,returning,ios,before,9
8287,new,android,before,2
8288,new,ios,before,3
8289,new,web,after,3
8290,new,ios,before,3
8291,new,ios,before,2
8292,new,ios,before,1
8293,new,ios,before,2
8294,new,ios,before,4
8295,new,web,before,3
8296,returning,android,after,8
8297,new,web,after,3
8298,new,ios,before,2
8299,returning,ios,before,7
8300,new,ios,before,2
8301,returning,android,after,10
8302,returning,ios,before,7
8303,new,ios,before,1
8304,returning,android,after,6
8305,new,ios,before,3
8306,returning,android,before,11
8307,returning,android,before,8
8308,returning,android,before,11
8309,returning,ios,after,5
8310,new,android,after,2
8311,returning,ios,before,8
8312,returning,ios,before,14
8313,returning,ios,before,9
8314,returning,ios,after,7
8315,returning,android,before,8
8316,returning,android,before,13
8317,new,android,after,3
8318,new,ios,before,2
8319,new,ios,before,0
8320,new,ios,before,2
8321,new,web,after,4
8322,returning,ios,after,7
8323,returning,ios,after,6
8324,new,ios,before,6
8325,returning,android,after,7
8326,new,ios,after,1
8327,returning,ios,before,9
8328,new,android,before,2
8329,new,android,before,5
8330,returning,android,after,12
8331,returning,web,before,9
8332,new,web,before,1
8333,returning,android,after,10
8334,returning,web,before,9
8335,new,web,after,0
8336,new,ios,before,9
8337,new,android,before,0
8338,returning,android,after,9
8339,new,android,after,2
8340,new,android,before,1
8341,new,web,after,4
8342,returning,web,after,6
8343,new,ios,before,2
8344,returning,android,after,11
8345,new,android,before,1
8346,returning,web,after,10
8347,new,ios,before,4
8348,new,ios,before,4
8349,new,ios,after,3
8350,new,ios,after,1
8351,new,ios,before,1
8352,returning,ios,after,4
8353,returning,ios,before,9
8354,returning,web,after,6
8355,new,ios,after,1
8356,new,ios,after,4
8357,returning,android,after,3
8358,returning,ios,after,9
8359,new,android,after,1
8360,new,web,after,2
8361,new,ios,before,2
8362,new,android,after,2
8363,new,ios,after,4
8364,new,ios,before,4
8365,new,android,after,1
8366,new,ios,after,3
8367,new,android,before,7
8368,returning,android,before,18
8369,returning,ios,before,3
8370,new,ios,after,4
8371,new,android,after,1
8372,returning,ios,after,6
8373,returning,android,after,3
8374,returning,web,before,7
8375,returning,android,after,5
8376,returning,ios,before,3
8377,new,ios,before,0
8378,returning,android,before,13
8379,new,android,after,3
8380,new,web,before,2
8381,returning,android,before,10
8382,new,ios,before,5
8383,new,ios,before,4
8384,returning,web,after,3
8385,returning,android,after,11
8386,returning,web,after,11
8387,new,android,after,2
8388,new,web,after,0
8389,returning,android,after,7
8390,returning,web,before,7
8391,new,web,after,3
8392,new,web,after,0
8393,new,web,after,2
8394,returning,android,before,9
8395,returning,android,before,6
8396,returning,android,after,4
8397,returning,android,after,8
8398,new,android,before,4
8399,new,android,after,2
8400,new,ios,before,4
8401,returning,android,after,9
8402,new,web,before,4
8403,new,android,before,3
8404,returning,android,after,11
8405,new,web,after,4
8406,new,android,before,6
8407,new,android,before,2
8408,returning,android,after,8
8409,returning,android,before,8
8410,new,android,after,3
8411,returning,ios,after,9
8412,returning,ios,after,7
8413,new,web,before,3
8414,returning,web,before,6
8415,returning,ios,after,8
8416,returning,web,before,7
8417,returning,android,after,9
8418,new,ios,before,5
8419,new,android,after,3
8420,new,ios,before,1
8421,returning,ios,after,2
8422,returning,web,after,15
8423,new,android,before,0
8424,new,ios,before,5
8425,returning,android,before,8
8426,new,android,before,3
8427,new,android,before,2
8428,returning,ios,before,11
8429,returning,ios,after,8
8430,returning,android,after,10
8431,returning,android,before,4
8432,returning,web,before,10
8433,new,ios,before,6
8434,new,web,after,1
8435,returning,web,before,8
8436,new,ios,before,2
8437,new,ios,before,4
8438,new,android,after,0
8439,returning,web,before,9
8440,new,ios,after,1
8441,returning,ios,before,6
8442,new,android,before,6
8443,new,web,before,4
8444,new,ios,before,2
8445,returning,ios,after,11
8446,returning,ios,before,5
8447,returning,web,before,7
8448,new,android,before,3
8449,returning,android,after,12
8450,new,web,before,6
8451,returning,android,after,6
8452,new,web,after,5
8453,new,ios,after,1
8454,new,ios,after,1
8455,returning,ios,after,4
8456,returning,ios,before,13
8457,returning,web,after,2
8458,returning,android,after,9
8459,returning,ios,before,11
8460,new,android,before,2
8461,returning,android,after,9
8462,returning,android,after,6
8463,new,ios,after,1
8464,new,web,before,3
8465,returning,android,before,8
8466,new,web,after,4
8467,new,android,before,2
8468,new,android,after,2
8469,new,ios,after,1
8470,new,android,before,0
8471,returning,ios,after,7
8472,new,web,before,5
8473,new,ios,before,2
8474,returning,ios,before,5
8475,new,android,after,1
8476,returning,android,after,1
8477,new,android,before,5
8478,returning,android,after,7
8479,returning,android,after,8
8480,returning,web,after,6
8481,new,android,after,0
8482,returning,android,after,3
8483,new,web,after,2
8484,returning,ios,after,10
8485,new,ios,before,5
8486,new,ios,before,1
8487,returning,android,before,7
8488,returning,android,after,3
8489,new,ios,after,3
8490,new,ios,after,3
8491,new,ios,before,5
8492,new,android,before,4
8493,new,ios,before,5
8494,returning,android,after,5
8495,new,web,before,1
8496,returning,android,before,6
8497,returning,web,after,11
8498,returning,web,before,7
8499,returning,android,after,5
8500,returning,android,after,6
8501,returning,web,before,9
8502,new,android,before,0
8503,new,ios,before,4
8504,returning,ios,before,5
8505,new,android,before,3
8506,returning,web,before,10
8507,new,android,before,2
8508,returning,ios,after,4
8509,new,android,before,0
8510,returning,web,after,5
8511,new,android,after,5
8512,new,android,before,5
8513,returning,ios,after,6
8514,new,ios,before,3
8515,returning,web,after,10
8516,new,ios,before,0
8517,returning,web,after,6
8518,returning,ios,after,6
8519,returning,web,after,5
8520,new,ios,before,7
8521,returning,android,after,10
8522,returning,android,after,4
8523,new,android,after,3
8524,returning,android,after,7
8525,new,ios,before,3
8526,new,ios,before,2
8527,new,ios,after,1
8528,returning,android,after,3
8529,new,android,after,3
8530,returning,ios,after,2
8531,returning,android,after,12
8532,new,ios,after,1
8533,returning,ios,before,9
8534,new,ios,before,2
8535,returning,android,before,11
8536,returning,ios,after,8
8537,returning,web,after,7
8538,new,android,after,1
8539,new,android,before,2
8540,returning,ios,after,8
8541,returning,android,after,12
8542,returning,web,after,13
8543,new,android,before,9
8544,new,ios,before,4
8545,returning,ios,before,9
8546,returning,ios,after,13
8547,new,ios,after,2
8548,new,android,after,3
8549,new,ios,before,3
8550,returning,web,before,7
8551,new,android,after,3
8552,new,android,before,4
8553,returning,web,after,7
8554,returning,ios,before,10
8555,new,ios,after,3
8556,returning,android,after,5
8557,returning,android,after,7
8558,returning,android,before,10
8559,new,web,after,3
8560,returning,android,after,6
8561,returning,web,after,3
8562,returning,ios,before,8
8563,new,ios,after,5
8564,new,ios,before,4
8565,returning,android,before,4
8566,new,ios,after,0
8567,new,ios,after,2
8568,new,web,before,6
8569,returning,ios,before,8
8570,returning,ios,after,5
8571,new,ios,after,3
8572,new,ios,before,4
8573,returning,ios,after,3
8574,returning,ios,after,9
8575,new,ios,after,6
8576,new,web,before,3
8577,returning,ios,after,6
8578,returning,android,after,6
8579,new,android,after,2
8580,returning,android,after,10
8581,new,web,before,4
8582,returning,android,before,12
8583,new,ios,before,3
8584,new,ios,before,7
8585,new,ios,before,2
8586,returning,web,before,8
8587,new,android,after,2
8588,returning,ios,after,11
8589,new,ios,after,2
8590,returning,web,after,7
8591,new,android,before,4
8592,returning,ios,before,6
8593,new,web,before,1
8594,returning,android,before,9
8595,returning,android,before,14
8596,returning,android,after,14
8597,returning,android,after,3
8598,returning,ios,after,6
8599,returning,web,before,7
8600,new,android,after,3
8601,returning,android,after,8
8602,returning,android,before,9
8603,new,web,before,3
8604,new,ios,after,1
8605,new,ios,before,1
8606,new,android,after,3
8607,returning,ios,before,4
8608,new,android,before,4
8609,new,android,after,1
8610,new,ios,before,1
8611,returning,ios,before,8
8612,new,android,before,1
8613,new,ios,before,5
8614,returning,ios,after,7
8615,returning,ios,before,11
8616,new,ios,before,2
8617,returning,android,after,7
8618,new,web,after,2
8619,new,android,before,1
8620,returning,android,after,13
8621,new,ios,before,2
8622,returning,web,after,7
8623,new,web,after,1
8624,returning,web,after,9
8625,new,ios,before,2
8626,returning,ios,before,13
8627,returning,ios,after,5
8628,returning,ios,after,8
8629,returning,ios,before,6
8630,new,web,before,2
8631,new,ios,before,1
8632,returning,ios,after,6
8633,new,web,before,4
8634,returning,web,after,8
8635,new,ios,after,1
8636,returning,ios,after,3
8637,new,web,before,4
8638,new,web,after,1
8639,new,android,after,4
8640,returning,ios,before,9
8641,new,android,after,2
8642,returning,android,after,6
8643,returning,ios,after,6
8644,returning,ios,after,4
8645,new,web,before,3
8646,new,android,after,2
8647,returning,ios,after,5
8648,new,android,before,4
8649,new,android,after,4
8650,returning,ios,before,9
8651,returning,ios,after,9
8652,new,ios,after,0
8653,returning,web,before,10
8654,new,ios,before,3
8655,returning,web,before,5
8656,returning,android,after,8
8657,new,web,before,4
8658,returning,web,after,6
8659,new,web,before,2
8660,returning,web,after,11
8661,returning,ios,after,5
8662,new,ios,before,3
8663,returning,ios,after,10
8664,returning,android,after,7
8665,returning,ios,before,15
8666,returning,ios,before,10
8667,returning,ios,after,9
8668,new,android,before,7
8669,new,ios,before,6
8670,returning,ios,after,8
8671,returning,android,after,6
8672,returning,android,before,11
8673,new,web,before,2
8674,new,android,before,6
8675,returning,android,after,3
8676,new,ios,before,2
8677,returning,ios,after,7
8678,returning,android,after,8
8679,returning,ios,after,3
8680,new,web,after,3
8681,returning,web,after,6
8682,returning,ios,before,7
8683,returning,android,before,5
8684,returning,ios,before,9
8685,returning,ios,after,6
8686,returning,ios,after,4
8687,new,android,before,3
8688,new,web,before,5
8689,returning,ios,after,9
8690,new,android,after,1
8691,new,ios,before,5
8692,returning,ios,after,8
8693,returning,android,after,3
8694,new,android,after,0
8695,new,android,before,6
8696,returning,web,after,6
8697,new,ios,after,2
8698,returning,android,after,8
8699,new,ios,before,3
8700,returning,web,after,6
8701,returning,ios,after,6
8702,returning,ios,before,5
8703,new,android,after,1
8704,returning,ios,before,13
8705,new,android,after,4
8706,new,web,after,1
8707,returning,android,after,8
8708,returning,android,before,6
8709,new,web,before,3
8710,returning,android,after,5
8711,new,ios,before,3
8712,returning,web,after,8
8713,returning,android,after,7
8714,new,android,after,1
8715,new,android,after,4
8716,new,ios,before,2
8717,returning,web,after,4
8718,new,ios,before,2
8719,returning,web,after,8
8720,new,web,after,3
8721,returning,web,after,5
8722,new,ios,before,0
8723,returning,ios,after,11
8724,new,ios,after,3
8725,new,ios,after,1
8726,returning,ios,after,3
8727,new,android,after,1
8728,returning,ios,after,4
8729,returning,web,after,2
8730,returning,ios,after,8
8731,new,ios,after,3
8732,new,android,before,4
8733,returning,ios,before,7
8734,new,android,before,5
8735,new,android,after,0
8736,returning,android,after,13
8737,new,android,before,5
8738,new,web,before,4
8739,new,web,after,0
8740,returning,ios,before,13
8741,new,android,before,3
8742,new,web,before,2
8743,returning,ios,after,5
8744,new,android,before,3
8745,new,android,before,0
8746,returning,ios,after,9
8747,new,ios,before,5
8748,new,android,before,5
8749,returning,ios,after,9
8750,returning,ios,after,15
8751,new,web,before,1
8752,returning,web,before,3
8753,new,android,before,1
8754,new,ios,after,4
8755,returning,ios,after,8
8756,new,web,before,5
8757,returning,ios,after,7
8758,new,web,after,0
8759,new,android,before,0
8760,returning,ios,before,13
8761,new,android,after,3
8762,returning,web,after,9
8763,returning,web,after,9
8764,new,android,before,2
8765,new,ios,before,3
8766,new,android,before,1
8767,returning,android,before,7
8768,new,android,before,3
8769,returning,ios,before,7
8770,new,web,after,4
8771,new,android,after,2
8772,returning,ios,after,9
8773,returning,ios,after,10
8774,returning,ios,before,8
8775,returning,android,after,12
8776,new,ios,before,2
8777,new,android,after,3
8778,new,ios,after,2
8779,new,ios,before,2
8780,returning,ios,after,1
8781,returning,ios,after,10
8782,new,ios,before,4
8783,returning,ios,before,10
8784,returning,android,after,6
8785,new,android,before,0
8786,returning,android,after,17
8787,new,ios,before,3
8788,returning,ios,after,10
8789,new,ios,before,3
8790,returning,android,before,5
8791,new,android,after,1
8792,new,android,before,3
8793,new,android,after,3
8794,new,ios,before,3
8795,new,ios,before,2
8796,new,web,after,1
8797,new,ios,before,3
8798,returning,ios,before,7
8799,new,ios,after,0
8800,returning,web,after,6
8801,new,web,after,2
8802,returning,ios,after,10
8803,new,ios,after,2
8804,returning,android,after,0
8805,new,ios,after,1
8806,returning,ios,before,7
8807,new,android,after,5
8808,new,ios,before,1
8809,new,ios,after,1
8810,new,android,before,1
8811,returning,android,after,7
8812,returning,android,after,5
8813,returning,ios,after,6
8814,returning,ios,after,11
8815,returning,web,before,4
8816,new,ios,before,1
8817,new,ios,before,2
8818,returning,ios,after,9
8819,returning,ios,after,11
8820,new,android,before,3
8821,returning,ios,before,13
8822,returning,android,before,6
8823,new,ios,after,4
8824,returning,android,before,7
8825,new,android,after,2
8826,returning,ios,after,8
8827,new,web,before,4
8828,returning,web,before,7
8829,returning,ios,after,5
8830,new,android,before,3
8831,returning,android,after,15
8832,returning,android,after,17
8833,returning,ios,after,14
8834,new,ios,after,2
8835,returning,ios,after,6
8836,returning,ios,before,8
8837,new,ios,before,3
8838,new,web,before,3
8839,returning,ios,after,6
8840,returning,ios,after,12
8841,new,ios,before,1
8842,new,ios,before,0
8843,new,android,after,2
8844,new,web,before,5
8845,new,ios,after,2
8846,returning,ios,after,9
8847,new,ios,before,4
8848,returning,web,before,6
8849,returning,ios,before,6
8850,returning,ios,after,12
8851,new,ios,before,4
8852,new,ios,before,3
8853,returning,ios,after,7
8854,new,web,before,2
8855,new,ios,after,1
8856,new,ios,before,0
8857,new,ios,before,3
8858,returning,ios,before,7
8859,returning,web,before,7
8860,new,android,before,2
8861,returning,web,after,6
8862,returning,web,before,10
8863,returning,android,after,7
8864,returning,android,after,9
8865,returning,android,after,9
8866,returning,android,after,11
8867,returning,android,before,9
8868,new,android,before,2
8869,returning,ios,after,8
8870,returning,android,after,10
8871,returning,ios,before,11
8872,returning,android,after,5
8873,new,android,after,2
8874,returning,android,after,3
8875,new,android,before,4
8876,new,android,before,0
8877,returning,android,before,6
8878,returning,ios,before,3
8879,new,ios,before,4
8880,new,ios,before,2
8881,returning,ios,before,8
8882,new,ios,before,3
8883,returning,android,before,6
8884,returning,android,before,14
8885,new,ios,before,3
8886,returning,web,after,6
8887,returning,ios,after,6
8888,returning,android,after,7
8889,returning,android,after,11
8890,returning,android,before,2
8891,new,ios,after,5
8892,returning,ios,before,7
8893,new,ios,after,4
8894,returning,android,before,5
8895,new,web,before,2
8896,new,android,before,4
8897,new,android,before,3
8898,new,ios,after,4
8899,new,android,after,3
8900,new,web,before,5
8901,returning,ios,before,9
8902,new,android,after,0
8903,returning,ios,after,7
8904,new,ios,after,1
8905,returning,ios,after,6
8906,returning,android,after,6
8907,new,android,after,2
8908,returning,ios,after,6
8909,returning,web,before,10
8910,returning,web,after,3
8911,new,android,before,3
8912,new,web,before,5
8913,returning,web,after,5
8914,new,ios,before,5
8915,returning,web,after,9
8916,new,ios,after,5
8917,returning,ios,before,6
8918,new,ios,before,4
8919,new,android,after,4
8920,returning,web,after,5
8921,new,ios,after,4
8922,returning,android,before,7
8923,returning,ios,after,5
8924,new,web,before,2
8925,new,ios,before,4
8926,returning,android,before,10
8927,new,android,before,6
8928,new,ios,after,1
8929,returning,web,after,3
8930,new,web,before,2
8931,returning,android,after,7
8932,returning,android,before,7
8933,new,web,after,2
8934,new,ios,before,1
8935,returning,ios,before,9
8936,new,android,after,2
8937,new,android,after,4
8938,returning,android,after,8
8939,returning,android,after,11
8940,returning,android,before,6
8941,returning,ios,before,9
8942,new,ios,after,0
8943,returning,ios,after,7
8944,new,ios,before,4
8945,new,android,before,5
8946,new,web,after,2
8947,returning,ios,before,9
8948,new,android,before,5
8949,returning,ios,after,7
8950,returning,android,before,7
8951,returning,web,before,5
8952,returning,ios,after,4
8953,new,android,before,3
8954,returning,ios,after,11
8955,returning,ios,after,8
8956,new,android,before,2
8957,new,android,after,4
8958,new,android,after,3
8959,returning,web,before,7
8960,returning,web,after,6
8961,new,android,before,2
8962,new,ios,before,4
8963,new,ios,after,3
8964,new,android,after,3
8965,new,android,after,4
8966,returning,ios,after,8
8967,returning,ios,after,12
8968,returning,ios,before,6
8969,new,ios,before,2
8970,returning,android,after,9
8971,new,web,after,2
8972,new,android,before,7
8973,returning,web,before,11
8974,new,android,after,3
8975,returning,ios,before,11
8976,new,android,before,3
8977,new,web,after,3
8978,returning,android,before,7
8979,returning,android,after,4
8980,new,android,after,2
8981,returning,ios,after,7
8982,returning,ios,after,5
8983,returning,ios,after,7
8984,returning,ios,after,8
8985,returning,web,before,7
8986,returning,ios,after,7
8987,returning,ios,after,8
8988,new,android,before,3
8989,new,web,before,4
8990,returning,android,before,4
8991,new,ios,before,2
8992,returning,ios,before,13
8993,new,android,after,2
8994,new,web,before,2
8995,new,ios,before,3
8996,new,web,before,0
8997,new,android,before,4
8998,returning,android,after,13
8999,returning,ios,before,8
9000,returning,web,after,4
9001,new,android,before,4
9002,returning,ios,before,7
9003,returning,ios,after,6
9004,new,ios,before,1
9005,new,ios,after,2
9006,returning,ios,after,10
9007,returning,ios,after,13
9008,returning,android,before,11
9009,returning,android,before,6
9010,new,android,before,5
9011,new,android,before,2
9012,returning,ios,before,10
9013,returning,ios,after,5
9014,returning,android,before,7
9015,returning,android,after,8
9016,new,ios,before,0
9017,new,web,before,5
9018,returning,android,after,6
9019,returning,web,before,9
9020,new,android,before,2
9021,new,ios,after,3
9022,returning,web,after,9
9023,new,web,after,4
9024,returning,web,after,5
9025,returning,web,after,8
9026,new,web,after,4
9027,new,android,after,4
9028,returning,ios,before,12
9029,returning,android,after,6
9030,new,android,before,4
9031,new,android,before,1
9032,returning,android,before,10
9033,returning,android,after,9
9034,new,web,before,2
9035,returning,android,after,15
9036,returning,ios,before,4
9037,new,android,after,2
9038,returning,ios,after,6
9039,new,ios,after,3
9040,new,android,before,3
9041,new,web,after,3
9042,new,ios,before,6
9043,returning,ios,after,5
9044,new,android,before,4
9045,returning,android,after,8
9046,returning,ios,after,5
9047,new,ios,after,1
9048,new,android,after,1
9049,new,web,before,4
9050,returning,ios,after,4
9051,returning,android,before,14
9052,new,android,after,5
9053,returning,ios,before,12
9054,new,web,after,1
9055,new,ios,after,2
9056,new,ios,after,1
9057,returning,ios,after,8
9058,returning,ios,before,8
9059,new,android,after,3
9060,returning,android,after,10
9061,returning,android,after,9
9062,returning,android,after,1
9063,returning,ios,after,4
9064,new,web,before,1
9065,returning,web,after,5
9066,returning,ios,after,13
9067,new,android,after,3
9068,new,web,before,2
9069,returning,android,after,6
9070,new,ios,after,2
9071,new,ios,before,3
9072,returning,web,before,8
9073,new,android,before,4
9074,returning,android,after,12
9075,new,web,before,2
9076,returning,ios,after,7
9077,new,web,after,3
9078,new,android,before,1
9079,new,android,before,1
9080,returning,ios,before,13
9081,new,ios,after,3
9082,new,ios,before,5
9083,returning,ios,before,8
9084,new,ios,before,1
9085,new,ios,before,0
9086,new,android,after,4
9087,new,web,after,2
9088,new,ios,before,5
9089,returning,ios,before,6
9090,new,android,before,0
9091,returning,android,after,10
9092,new,android,before,1
9093,new,web,after,2
9094,returning,ios,after,5
9095,returning,android,before,10
9096,new,web,before,2
9097,new,android,before,2
9098,returning,android,after,7
9099,new,web,before,2
9100,new,ios,before,1
9101,returning,ios,before,7
9102,returning,ios,before,7
9103,returning,web,before,5
9104,new,web,after,3
9105,returning,ios,before,10
9106,returning,android,before,2
9107,new,android,before,6
9108,new,ios,after,2
9109,new,web,before,1
9110,new,ios,before,4
9111,returning,web,before,8
9112,returning,android,after,7
9113,returning,ios,after,5
9114,returning,android,after,6
9115,new,android,after,1
9116,returning,ios,after,6
9117,returning,ios,before,11
9118,returning,web,before,7
9119,new,android,before,3
9120,returning,android,after,17
9121,new,ios,after,1
9122,returning,android,after,5
9123,returning,android,after,5
9124,new,ios,before,4
9125,returning,ios,before,8
9126,new,ios,before,6
9127,returning,android,after,6
9128,new,ios,after,2
9129,new,web,before,0
9130,new,ios,before,2
9131,returning,web,after,12
9132,new,ios,after,2
9133,returning,android,after,4
9134,new,android,after,3
9135,new,android,before,2
9136,returning,web,before,12
9137,returning,ios,after,7
9138,returning,ios,after,15
9139,returning,ios,after,9
9140,returning,android,after,6
9141,new,web,after,2
9142,returning,ios,before,8
9143,returning,android,before,12
9144,new,ios,after,3
9145,returning,web,after,3
9146,new,ios,before,0
9147,new,web,after,2
9148,new,android,before,2
9149,returning,web,before,4
9150,new,android,after,1
9151,returning,ios,after,7
9152,new,web,before,3
9153,new,android,before,5
9154,new,ios,after,3
9155,new,android,after,4
9156,returning,web,before,10
9157,returning,android,after,13
9158,new,ios,before,1
9159,returning,web,after,6
9160,new,ios,before,4
9161,returning,ios,after,12
9162,new,ios,after,3
9163,returning,ios,after,9
9164,returning,android,after,7
9165,new,ios,after,0
9166,returning,ios,after,8
9167,returning,ios,after,4
9168,returning,web,after,9
9169,new,android,after,0
9170,returning,android,after,4
9171,new,android,after,2
9172,new,ios,after,3
9173,returning,web,before,4
9174,new,ios,after,3
9175,new,ios,before,1
9176,returning,ios,after,5
9177,new,ios,before,4
9178,new,ios,after,1
9179,new,android,before,1
9180,returning,ios,after,7
9181,returning,ios,after,5
9182,returning,android,before,13
9183,new,android,after,1
9184,returning,web,before,8
9185,returning,ios,after,5
9186,returning,web,after,12
9187,returning,android,before,7
9188,new,android,before,2
9189,returning,ios,before,8
9190,returning,android,before,8
9191,new,ios,before,1
9192,new,android,after,2
9193,returning,android,after,7
9194,new,ios,before,4
9195,returning,ios,before,5
9196,returning,web,before,2
9197,returning,android,after,8
9198,returning,android,before,7
9199,returning,web,before,7
9200,returning,ios,before,10
9201,new,android,before,6
9202,returning,android,after,9
9203,new,ios,before,1
9204,returning,ios,after,8
9205,returning,web,after,11
9206,returning,ios,after,10
9207,returning,ios,before,4
9208,new,ios,after,0
9209,new,android,before,3
9210,new,android,after,9
9211,returning,ios,after,7
9212,new,ios,before,2
9213,new,ios,after,7
9214,new,android,after,4
9215,new,web,after,4
9216,returning,ios,before,10
9217,returning,android,after,6
9218,new,android,before,4
9219,returning,android,before,8
9220,returning,android,after,8
9221,new,ios,before,3
9222,new,android,after,2
9223,new,android,before,5
9224,new,android,before,2
9225,returning,ios,before,4
9226,new,ios,after,1
9227,new,ios,after,1
9228,returning,ios,before,10
9229,new,ios,after,0
9230,new,ios,before,4
9231,returning,ios,after,7
9232,new,ios,before,6
9233,new,web,after,4
9234,new,android,before,0
9235,returning,ios,before,9
9236,returning,android,after,5
9237,new,android,after,5
9238,returning,ios,before,8
9239,new,android,after,2
9240,returning,ios,after,7
9241,returning,android,before,6
9242,new,ios,before,3
9243,new,android,after,5
9244,new,ios,after,1
9245,new,ios,after,4
9246,returning,android,after,7
9247,new,ios,after,1
9248,returning,ios,after,7
9249,returning,ios,after,6
9250,returning,android,before,10
9251,returning,android,after,5
9252,returning,web,after,10
9253,new,android,before,1
9254,returning,web,after,7
9255,returning,ios,after,10
9256,new,android,before,1
9257,new,ios,before,1
9258,new,ios,before,4
9259,new,android,before,2
9260,returning,web,before,7
9261,new,android,before,3
9262,returning,ios,before,6
9263,returning,android,before,8
9264,new,ios,before,2
9265,returning,android,after,4
9266,new,ios,before,4
9267,returning,ios,after,9
9268,returning,ios,before,5
9269,returning,web,after,7
9270,new,ios,after,3
9271,returning,ios,after,6
9272,new,ios,before,3
9273,new,android,after,3
9274,new,ios,before,2
9275,new,android,before,1
9276,returning,ios,after,4
9277,returning,ios,before,4
9278,returning,ios,before,3
9279,new,ios,after,2
9280,returning,android,before,8
9281,new,ios,after,5
9282,returning,android,before,12
9283,new,ios,before,2
9284,returning,ios,before,11
9285,returning,ios,before,10
9286,new,android,before,2
9287,returning,ios,before,10
9288,returning,android,before,5
9289,new,web,before,4
9290,new,ios,before,1
9291,new,ios,after,4
9292,new,ios,after,3
9293,new,ios,after,3
9294,new,ios,after,1
9295,new,android,before,4
9296,returning,android,before,4
9297,returning,android,after,9
9298,new,ios,before,3
9299,returning,android,after,9
9300,new,android,before,1
9301,new,android,before,1
9302,returning,android,after,13
9303,returning,android,after,6
9304,new,android,after,2
9305,returning,ios,before,6
9306,returning,android,before,5
9307,returning,android,after,10
9308,returning,ios,before,8
9309,returning,ios,after,5
9310,new,ios,before,3
9311,new,android,after,1
9312,returning,ios,after,9
9313,new,web,before,2
9314,returning,web,after,6
9315,returning,web,before,5
9316,new,ios,before,1
9317,returning,android,after,4
9318,new,web,after,4
9319,new,android,before,2
9320,returning,ios,before,4
9321,new,web,before,1
9322,returning,android,after,14
9323,new,android,after,2
9324,returning,web,after,6
9325,returning,web,before,3
9326,returning,android,before,14
9327,returning,ios,before,7
9328,new,android,before,2
9329,new,android,before,3
9330,returning,android,after,7
9331,new,ios,before,3
9332,new,android,before,2
9333,new,android,after,2
9334,returning,web,after,7
9335,returning,web,after,2
9336,new,ios,before,2
9337,new,android,before,2
9338,returning,android,after,9
9339,new,android,after,3
9340,returning,ios,before,9
9341,returning,android,after,7
9342,new,android,before,6
9343,new,android,before,2
9344,new,web,before,2
9345,returning,web,after,6
9346,new,web,before,1
9347,new,web,after,2
9348,new,android,before,3
9349,new,web,before,2
9350,returning,web,after,7
9351,returning,android,after,7
9352,returning,ios,before,7
9353,returning,ios,before,2
9354,returning,android,before,16
9355,new,android,before,2
9356,returning,android,before,3
9357,new,android,after,3
9358,returning,android,before,8
9359,returning,ios,after,8
9360,new,ios,after,5
9361,returning,android,after,5
9362,returning,ios,after,9
9363,new,web,after,1
9364,new,web,before,3
9365,new,android,before,3
9366,returning,android,after,9
9367,returning,web,before,3
9368,returning,web,after,6
9369,returning,android,after,7
9370,returning,web,after,8
9371,returning,android,before,9
9372,new,ios,before,3
9373,new,android,before,1
9374,new,android,before,4
9375,new,web,before,4
9376,returning,ios,before,7
9377,new,ios,before,6
9378,returning,android,after,13
9379,returning,web,after,8
9380,new,android,after,2
9381,returning,ios,before,7
9382,returning,web,before,9
9383,new,android,after,0
9384,new,web,before,4
9385,returning,web,before,13
9386,returning,ios,after,5
9387,returning,web,after,7
9388,returning,android,after,4
9389,returning,web,before,4
9390,new,ios,before,4
9391,new,android,before,3
9392,returning,ios,after,6
9393,returning,ios,before,9
9394,new,web,before,2
9395,new,ios,before,5
9396,new,ios,before,1
9397,new,web,before,2
9398,returning,ios,after,10
9399,new,android,after,1
9400,new,web,after,2
9401,returning,android,before,8
9402,returning,ios,after,5
9403,new,android,after,2
9404,new,android,before,4
9405,returning,ios,after,5
9406,returning,android,before,11
9407,returning,ios,after,12
9408,new,ios,before,3
9409,returning,ios,before,9
9410,new,web,before,1
9411,returning,ios,after,16
9412,returning,ios,before,4
9413,returning,web,after,6
9414,returning,ios,before,6
9415,new,web,after,6
9416,new,web,before,2
9417,returning,android,before,12
9418,new,ios,before,2
9419,returning,ios,before,11
9420,returning,ios,before,6
9421,new,ios,before,2
9422,returning,android,after,8
9423,new,ios,before,0
9424,new,web,before,1
9425,returning,ios,before,4
9426,returning,ios,after,12
9427,returning,ios,before,10
9428,new,ios,after,1
9429,new,android,before,3
9430,returning,android,after,8
9431,new,ios,before,3
9432,new,android,before,3
9433,returning,android,after,12
9434,new,web,before,3
9435,new,ios,before,2
9436,new,android,after,1
9437,new,ios,before,4
9438,returning,ios,after,5
9439,returning,android,before,4
9440,new,ios,before,4
9441,returning,android,before,6
9442,new,android,before,2
9443,new,ios,before,2
9444,returning,web,after,9
9445,new,ios,after,6
9446,returning,web,before,8
9447,new,android,after,1
9448,returning,ios,after,6
9449,returning,ios,after,4
9450,new,android,before,4
9451,new,android,after,2
9452,new,android,before,3
9453,new,ios,after,2
9454,new,ios,after,1
9455,returning,android,before,6
9456,returning,web,before,10
9457,returning,ios,before,10
9458,returning,web,after,8
9459,new,android,after,2
9460,new,android,before,4
9461,new,android,before,3
9462,new,ios,before,0
9463,returning,ios,before,13
9464,returning,android,after,5
9465,returning,web,before,10
9466,new,android,before,1
9467,new,ios,after,3
9468,returning,ios,before,3
9469,returning,android,after,12
9470,returning,android,after,8
9471,new,ios,before,3
9472,returning,ios,after,5
9473,new,android,after,2
9474,returning,ios,after,10
9475,new,ios,before,3
9476,new,android,before,3
9477,new,ios,before,3
9478,returning,ios,before,13
9479,returning,ios,before,8
9480,returning,ios,after,6
9481,returning,web,after,5
9482,new,android,before,3
9483,new,ios,before,4
9484,new,ios,before,4
9485,new,ios,before,6
9486,new,web,after,3
9487,new,android,before,0
9488,new,android,before,4
9489,new,ios,after,3
9490,new,web,before,3
9491,new,web,before,4
9492,new,ios,before,3
9493,returning,ios,after,6
9494,returning,ios,before,9
9495,new,android,after,2
9496,returning,ios,after,8
9497,new,ios,before,1
9498,new,android,after,3
9499,new,android,after,1
9500,new,ios,before,1
9501,returning,android,after,4
9502,new,ios,before,3
9503,returning,android,before,4
9504,returning,web,after,6
9505,new,android,before,1
9506,new,web,before,3
9507,returning,android,before,11
9508,returning,android,before,9
9509,new,android,after,2
9510,returning,ios,after,10
9511,new,web,before,4
9512,returning,android,after,7
9513,new,web,before,5
9514,returning,android,before,11
9515,returning,android,after,11
9516,new,ios,after,4
9517,new,ios,before,1
9518,new,android,before,3
9519,returning,web,after,4
9520,returning,web,after,7
9521,new,android,before,3
9522,new,ios,after,4
9523,returning,ios,after,11
9524,returning,ios,after,5
9525,new,web,before,1
9526,returning,android,after,14
9527,returning,android,after,7
9528,returning,web,after,4
9529,returning,ios,before,7
9530,returning,web,before,7
9531,returning,android,after,13
9532,new,ios,before,4
9533,returning,android,after,4
9534,returning,ios,after,4
9535,new,android,before,3
9536,returning,ios,after,9
9537,returning,ios,after,7
9538,new,android,before,2
9539,returning,ios,after,8
9540,returning,ios,after,8
9541,returning,web,before,11
9542,returning,ios,after,7
9543,new,android,before,4
9544,new,android,before,1
9545,new,ios,after,2
9546,returning,web,before,4
9547,new,ios,before,5
9548,new,ios,before,5
9549,returning,ios,after,13
9550,new,android,before,2
9551,new,ios,after,4
9552,returning,ios,before,5
9553,new,android,before,2
9554,returning,android,before,13
9555,returning,ios,before,9
9556,returning,ios,before,2
9557,returning,ios,after,12
9558,new,ios,before,3
9559,returning,android,after,13
9560,returning,ios,after,9
9561,new,ios,after,2
9562,returning,ios,before,9
9563,returning,android,after,7
9564,new,android,after,2
9565,returning,ios,after,9
9566,returning,android,after,7
9567,new,android,before,5
9568,returning,ios,after,7
9569,returning,ios,before,6
9570,new,ios,after,3
9571,returning,web,after,3
9572,returning,ios,after,9
9573,returning,ios,before,9
9574,new,android,before,1
9575,returning,android,after,9
9576,returning,web,after,6
9577,returning,ios,before,6
9578,new,ios,before,3
9579,new,android,before,1
9580,returning,android,after,8
9581,new,web,before,6
9582,new,android,before,4
9583,new,android,after,2
9584,returning,ios,before,8
9585,new,web,after,3
9586,returning,android,before,6
9587,returning,ios,after,7
9588,returning,android,after,13
9589,new,android,after,1
9590,new,ios,before,3
9591,returning,android,before,11
9592,returning,android,before,8
9593,returning,ios,after,8
9594,returning,web,before,7
9595,new,web,before,2
9596,new,ios,before,2
9597,returning,ios,after,5
9598,new,web,after,1
9599,returning,ios,after,6
9600,returning,web,after,9
9601,returning,ios,after,12
9602,returning,android,before,4
9603,new,android,before,2
9604,new,ios,before,4
9605,new,android,before,0
9606,new,ios,before,7
9607,new,ios,before,2
9608,new,ios,before,2
9609,returning,ios,before,5
9610,new,ios,after,3
9611,returning,ios,after,10
9612,returning,ios,after,8
9613,returning,ios,before,7
9614,new,ios,before,1
9615,returning,web,after,5
9616,returning,ios,after,9
9617,new,android,before,2
9618,returning,ios,before,8
9619,new,ios,before,6
9620,returning,ios,after,8
9621,returning,ios,before,5
9622,new,android,after,4
9623,new,android,before,0
9624,returning,ios,after,7
9625,returning,ios,after,5
9626,new,web,after,3
9627,new,ios,before,2
9628,new,android,after,1
9629,returning,android,after,7
9630,new,ios,before,3
9631,new,ios,before,0
9632,returning,ios,before,8
9633,new,android,before,3
9634,returning,web,before,13
9635,returning,ios,after,8
9636,new,web,after,1
9637,new,ios,after,1
9638,returning,ios,after,7
9639,new,android,after,5
9640,returning,web,after,9
9641,returning,android,before,9
9642,returning,android,after,4
9643,returning,android,before,8
9644,returning,web,before,11
9645,new,web,before,1
9646,returning,android,after,7
9647,new,android,before,2
9648,returning,android,after,13
9649,returning,web,after,5
9650,returning,android,before,6
9651,new,ios,before,3
9652,new,web,before,0
9653,returning,android,after,6
9654,new,android,before,2
9655,returning,android,after,6
9656,new,ios,before,3
9657,returning,ios,after,5
9658,returning,ios,after,5
9659,returning,web,after,13
9660,returning,android,after,8
9661,returning,web,before,8
9662,returning,ios,after,7
9663,new,web,before,2
9664,returning,ios,before,8
9665,returning,ios,before,12
9666,new,web,after,1
9667,returning,android,after,5
9668,new,web,after,3
9669,new,android,before,0
9670,returning,ios,before,4
9671,returning,ios,after,2
9672,returning,web,after,7
9673,new,android,after,2
9674,new,android,before,4
9675,new,ios,before,2
9676,new,ios,before,3
9677,returning,web,after,10
9678,new,web,before,5
9679,new,ios,after,3
9680,new,ios,before,4
9681,new,ios,before,4
9682,returning,ios,after,6
9683,new,web,before,2
9684,new,android,before,1
9685,returning,ios,after,8
9686,returning,android,before,8
9687,returning,android,after,5
9688,new,ios,before,8
9689,returning,web,before,6
9690,returning,android,before,14
9691,returning,ios,before,5
9692,new,web,before,5
9693,returning,ios,after,7
9694,returning,web,before,11
9695,returning,android,before,8
9696,returning,web,after,9
9697,returning,ios,before,7
9698,returning,ios,before,8
9699,returning,web,after,13
9700,returning,web,after,10
9701,new,web,before,5
9702,new,ios,before,0
9703,returning,android,before,9
9704,new,ios,after,4
9705,new,ios,before,3
9706,returning,android,after,9
9707,new,android,before,3
9708,returning,android,before,12
9709,returning,ios,after,16
9710,returning,web,before,9
9711,new,web,before,4
9712,new,ios,after,1
9713,returning,web,after,7
9714,new,web,before,2
9715,returning,ios,after,6
9716,returning,android,after,7
9717,new,web,after,4
9718,new,android,before,1
9719,returning,ios,after,9
9720,new,android,before,5
9721,returning,android,after,5
9722,new,android,after,1
9723,returning,ios,before,9
9724,returning,ios,after,3
9725,returning,web,before,9
9726,new,android,before,4
9727,returning,web,after,3
9728,new,ios,after,2
9729,returning,web,after,5
9730,new,ios,after,1
9731,returning,web,after,7
9732,new,web,before,2
9733,returning,ios,after,8
9734,returning,ios,before,5
9735,returning,web,before,7
9736,new,android,before,1
9737,new,android,before,3
9738,new,ios,before,4
9739,returning,web,after,6
9740,returning,android,after,4
9741,returning,ios,before,5
9742,new,android,before,1
9743,returning,ios,after,8
9744,new,web,before,0
9745,new,web,after,1
9746,returning,ios,after,5
9747,returning,ios,before,7
9748,new,ios,after,4
9749,returning,ios,after,10
9750,new,web,after,2
9751,returning,android,before,14
9752,returning,ios,after,7
9753,returning,ios,after,6
9754,returning,ios,before,12
9755,new,android,after,1
9756,new,ios,after,5
9757,new,ios,before,6
9758,new,web,before,4
9759,new,android,after,3
9760,returning,web,before,7
9761,new,ios,after,2
9762,returning,ios,before,7
9763,returning,web,after,10
9764,returning,web,after,5
9765,returning,android,after,7
9766,new,android,after,3
9767,returning,ios,before,4
9768,returning,android,before,5
9769,returning,ios,after,5
9770,returning,ios,after,5
9771,new,android,before,0
9772,returning,ios,after,9
9773,new,ios,after,7
9774,new,ios,before,6
9775,new,ios,before,1
9776,returning,web,after,5
9777,new,web,after,1
9778,returning,ios,before,6
9779,returning,ios,after,10
9780,returning,web,after,7
9781,new,ios,before,4
9782,returning,android,before,8
9783,returning,ios,after,10
9784,returning,android,before,10
9785,returning,ios,before,6
9786,returning,android,before,7
9787,new,android,after,0
9788,new,ios,before,4
9789,new,ios,after,4
9790,returning,android,after,7
9791,new,web,before,5
9792,returning,android,before,5
9793,new,ios,before,3
9794,new,android,before,3
9795,returning,ios,after,8
9796,returning,web,after,10
9797,returning,web,after,10
9798,new,ios,after,1
9799,returning,android,after,11
9800,returning,android,after,10
9801,returning,ios,after,9
9802,returning,android,before,6
9803,returning,android,after,7
9804,returning,android,before,8
9805,returning,android,after,5
9806,new,android,before,4
9807,returning,android,after,8
9808,new,android,after,2
9809,new,android,before,1
9810,returning,android,after,10
9811,new,android,after,4
9812,new,ios,after,1
9813,new,android,before,4
9814,returning,android,after,9
9815,new,ios,after,2
9816,returning,ios,before,6
9817,new,android,before,4
9818,new,ios,after,1
9819,new,ios,before,7
9820,new,ios,before,2
9821,returning,android,after,9
9822,returning,web,before,4
9823,returning,web,before,10
9824,new,web,before,3
9825,new,web,before,2
9826,new,ios,before,2
9827,new,ios,after,3
9828,returning,ios,after,7
9829,new,ios,after,4
9830,new,web,before,2
9831,new,web,before,2
9832,returning,android,after,4
9833,new,web,before,4
9834,returning,android,after,4
9835,new,ios,before,5
9836,new,ios,after,0
9837,returning,web,after,9
9838,new,android,after,4
9839,new,ios,before,4
9840,new,ios,before,3
9841,new,android,after,3
9842,new,web,before,3
9843,new,android,after,4
9844,new,web,before,3
9845,new,ios,after,3
9846,returning,web,before,7
9847,new,android,after,1
9848,returning,android,after,9
9849,returning,web,after,5
9850,new,web,before,4
9851,new,ios,before,1
9852,returning,web,before,13
9853,returning,android,after,4
9854,new,ios,before,5
9855,returning,android,after,6
9856,returning,android,before,9
9857,new,android,before,0
9858,returning,ios,after,6
9859,returning,ios,before,7
9860,new,ios,before,2
9861,new,android,after,1
9862,new,ios,after,3
9863,returning,android,after,5
9864,returning,android,after,4
9865,new,ios,after,3
9866,new,ios,after,4
9867,new,ios,before,0
9868,returning,web,before,10
9869,returning,web,before,12
9870,returning,ios,after,13
9871,returning,ios,after,9
9872,new,android,before,1
9873,returning,ios,after,4
9874,returning,android,before,9
9875,returning,ios,after,3
9876,returning,android,after,7
9877,new,ios,after,2
9878,returning,web,after,8
9879,returning,ios,after,4
9880,new,ios,before,2
9881,returning,web,before,4
9882,returning,ios,after,8
9883,returning,ios,before,8
9884,new,ios,before,0
9885,returning,android,before,8
9886,returning,android,after,4
9887,new,android,after,3
9888,new,ios,after,5
9889,new,ios,after,3
9890,new,ios,after,1
9891,new,ios,after,1
9892,returning,ios,after,12
9893,returning,android,before,6
9894,returning,android,after,9
9895,returning,android,before,6
9896,returning,android,after,8
9897,returning,android,after,3
9898,returning,ios,after,9
9899,returning,android,after,4
9900,new,ios,after,5
9901,new,android,after,6
9902,new,android,before,4
9903,returning,android,before,13
9904,new,web,after,0
9905,returning,ios,after,4
9906,returning,ios,before,9
9907,new,web,after,3
9908,new,ios,after,1
9909,returning,ios,after,7
9910,new,ios,before,3
9911,returning,ios,after,8
9912,returning,android,before,8
9913,new,web,before,1
9914,returning,android,after,4
9915,returning,android,after,5
9916,returning,android,before,9
9917,returning,web,before,5
9918,new,ios,before,1
9919,returning,android,after,8
9920,returning,ios,after,4
9921,returning,ios,before,9
9922,new,android,before,3
9923,new,android,after,5
9924,new,web,before,4
9925,new,android,before,2
9926,new,ios,before,2
9927,returning,ios,after,9
9928,returning,ios,before,10
9929,new,ios,before,5
9930,returning,android,before,4
9931,returning,android,before,4
9932,returning,ios,before,6
9933,new,ios,before,2
9934,returning,ios,before,9
9935,new,android,before,4
9936,returning,ios,before,10
9937,returning,ios,after,6
9938,new,ios,before,2
9939,new,ios,after,4
9940,returning,ios,after,8
9941,returning,web,after,9
9942,returning,ios,after,11
9943,returning,ios,after,7
9944,returning,ios,before,9
9945,new,ios,before,4
9946,new,web,before,2
9947,returning,android,after,9
9948,new,android,after,1
9949,new,android,after,4
9950,returning,ios,after,5
9951,returning,ios,before,10
9952,new,ios,before,3
9953,returning,web,before,13
9954,returning,android,before,7
9955,returning,ios,after,4
9956,new,android,before,2
9957,returning,ios,after,12
9958,returning,ios,after,8
9959,new,ios,before,5
9960,returning,ios,after,8
9961,new,ios,before,1
9962,new,web,after,1
9963,new,ios,after,6
9964,returning,ios,before,8
9965,returning,ios,after,9
9966,returning,ios,before,10
9967,returning,ios,after,7
9968,new,ios,before,4
9969,returning,ios,before,16
9970,new,ios,before,4
9971,new,ios,before,4
9972,returning,android,before,11
9973,new,web,after,2
9974,returning,ios,after,7
9975,returning,android,after,2
9976,returning,android,before,5
9977,new,android,before,2
9978,new,android,after,1
9979,new,android,before,2
9980,new,web,before,5
9981,new,ios,before,2
9982,new,android,before,3
9983,returning,android,before,5
9984,returning,web,after,11
9985,new,android,before,6
9986,returning,web,after,6
9987,new,android,before,5
9988,returning,android,before,5
9989,returning,web,after,2
9990,returning,android,after,6
9991,new,android,before,3
9992,new,android,before,5
9993,returning,ios,after,5
9994,returning,web,before,6
9995,new,web,after,2
9996,new,android,before,0
9997,returning,ios,after,4
9998,new,ios,before,1
9999,returning,ios,after,9
10000,returning,ios,after,11
10001,new,android,before,6
10002,new,web,before,4
10003,returning,android,after,3
10004,new,ios,after,3
10005,new,web,before,2
10006,returning,web,after,9
10007,new,android,after,4
10008,new,ios,before,4
10009,new,android,after,0
10010,new,ios,before,6
10011,returning,ios,after,7
10012,returning,android,before,4
10013,returning,android,after,9
10014,returning,ios,after,5
10015,returning,web,after,6
10016,new,web,after,0
10017,new,android,after,1
10018,new,ios,after,0
10019,returning,ios,after,7
10020,new,android,before,4
10021,new,web,before,4
10022,new,android,before,3
10023,returning,ios,after,5
10024,new,ios,after,2
10025,returning,ios,before,9
10026,new,android,before,2
10027,returning,android,after,7
10028,returning,ios,after,7
10029,returning,android,after,11
10030,returning,web,before,9
10031,new,ios,before,2
10032,returning,ios,before,8
10033,returning,android,after,14
10034,new,web,after,1
10035,returning,ios,after,10
10036,new,ios,before,3
10037,new,android,before,0
10038,returning,ios,after,9
10039,new,web,after,1
10040,new,android,before,5
10041,new,ios,after,1
10042,returning,web,after,9
10043,new,android,before,3
10044,returning,android,after,4
10045,new,ios,after,0
10046,returning,android,after,7
10047,returning,web,before,8
10048,returning,ios,after,10
10049,returning,ios,before,9
10050,new,web,after,4
10051,returning,ios,before,6
10052,new,ios,after,2
10053,returning,ios,after,9
10054,new,android,before,3
10055,returning,android,before,7
10056,new,ios,before,4
10057,returning,ios,after,8
10058,new,android,after,1
10059,returning,android,after,3
10060,returning,ios,before,10
10061,returning,android,before,7
10062,new,android,before,2
10063,returning,ios,after,10
10064,returning,ios,after,8
10065,returning,web,before,11
10066,new,web,before,7
10067,new,ios,after,3
10068,new,web,after,1
10069,new,android,before,4
10070,new,web,after,2
10071,new,web,before,1
10072,returning,android,before,5
10073,new,android,before,4
10074,returning,ios,after,9
10075,returning,android,after,5
10076,new,ios,before,0
10077,returning,android,after,4
10078,new,ios,after,5
10079,returning,web,after,8
10080,returning,web,after,4
10081,returning,ios,before,6
10082,new,android,before,5
10083,returning,web,before,9
10084,new,android,before,1
10085,new,web,before,1
10086,returning,android,before,5
10087,returning,ios,after,12
10088,new,android,before,5
10089,returning,android,before,15
10090,new,ios,before,9
10091,returning,android,before,7
10092,new,android,after,3
10093,returning,ios,after,5
10094,new,ios,before,5
10095,new,ios,after,5
10096,new,ios,after,3
10097,returning,android,after,6
10098,returning,ios,before,6
10099,new,web,after,2
10100,new,web,after,2
10101,returning,android,after,8
10102,new,android,before,8
10103,new,web,after,4
10104,new,ios,before,1
10105,new,ios,before,4
10106,returning,ios,after,9
10107,returning,ios,after,6
10108,new,ios,before,3
10109,returning,android,after,7
10110,new,android,after,3
10111,returning,ios,after,9
10112,new,ios,before,5
10113,new,ios,before,3
10114,returning,android,after,9
10115,new,ios,after,4
10116,returning,ios,after,9
10117,returning,ios,after,8
10118,new,android,after,1
10119,new,ios,after,2
10120,new,android,before,1
10121,returning,web,after,8
10122,returning,android,before,7
10123,returning,ios,after,5
10124,new,android,before,2
10125,returning,ios,after,8
10126,new,web,before,2
10127,new,android,before,5
10128,new,ios,before,3
10129,returning,ios,before,9
10130,new,android,after,1
10131,returning,android,before,12
10132,new,ios,after,2
10133,returning,android,after,7
10134,returning,ios,after,15
10135,new,web,before,3
10136,returning,web,before,5
10137,new,ios,before,1
10138,returning,ios,before,6
10139,new,ios,before,7
10140,new,web,after,2
10141,new,ios,before,3
10142,new,ios,before,3
10143,new,android,before,2
10144,returning,ios,before,7
10145,new,ios,before,1
10146,new,android,before,5
10147,returning,android,after,12
10148,returning,android,after,9
10149,new,ios,after,4
10150,returning,android,after,8
10151,new,android,after,2
10152,new,ios,before,1
10153,returning,web,before,11
10154,returning,ios,before,8
10155,returning,ios,before,12
10156,returning,web,before,9
10157,returning,ios,before,11
10158,new,web,before,0
10159,returning,ios,after,4
10160,new,ios,after,3
10161,returning,ios,after,8
10162,new,ios,before,2
10163,new,web,before,6
10164,new,web,after,7
10165,new,android,before,2
10166,returning,ios,before,9
10167,new,android,before,2
10168,new,ios,before,6
10169,returning,ios,after,5
10170,returning,ios,after,3
10171,returning,ios,before,6
10172,new,ios,before,3
10173,returning,android,after,5
10174,returning,ios,after,8
10175,returning,ios,after,6
10176,new,ios,before,2
10177,new,android,after,5
10178,returning,android,after,11
10179,returning,ios,after,9
10180,new,web,before,2
10181,returning,android,after,10
10182,returning,ios,before,11
10183,new,ios,before,3
10184,new,web,after,1
10185,new,ios,after,1
10186,new,ios,before,3
10187,new,android,before,3
10188,returning,ios,before,7
10189,new,android,before,4
10190,new,android,after,6
10191,new,web,before,3
10192,new,android,after,2
10193,returning,android,before,7
10194,new,ios,after,2
10195,returning,web,after,9
10196,new,ios,after,2
10197,new,ios,after,2
10198,new,web,after,1
10199,returning,web,after,3
10200,returning,android,after,9
10201,returning,android,before,3
10202,new,ios,after,2
10203,returning,android,after,8
10204,new,ios,before,4
10205,returning,ios,after,8
10206,new,ios,before,5
10207,new,web,after,2
10208,returning,web,after,8
10209,new,web,after,3
10210,returning,android,after,9
10211,new,ios,before,4
10212,returning,ios,before,7
10213,returning,ios,after,10
10214,new,ios,before,0
10215,returning,android,after,10
10216,returning,ios,before,8
10217,new,web,after,4
10218,returning,ios,after,9
10219,new,ios,after,1
10220,returning,android,after,10
10221,returning,android,before,5
10222,new,ios,before,6
10223,new,android,before,2
10224,returning,android,after,8
10225,new,ios,after,5
10226,returning,android,after,6
10227,returning,web,before,7
10228,returning,ios,after,4
10229,returning,ios,before,12
10230,returning,ios,before,9
10231,new,android,before,3
10232,new,web,after,0
10233,returning,ios,before,4
10234,returning,web,after,13
10235,returning,web,after,6
10236,new,ios,after,4
10237,returning,android,after,9
10238,returning,web,before,6
10239,returning,web,before,7
10240,returning,android,after,5
10241,returning,ios,after,6
10242,new,ios,after,2
10243,returning,ios,after,5
10244,new,android,before,1
10245,new,ios,before,1
10246,new,android,before,2
10247,returning,android,before,5
10248,returning,ios,after,7
10249,returning,web,after,6
10250,new,ios,after,3
10251,returning,ios,after,12
10252,returning,web,before,7
10253,returning,ios,after,3
10254,new,ios,before,1
10255,new,web,before,2
10256,new,web,before,1
10257,new,web,after,3
10258,returning,ios,after,13
10259,returning,ios,after,4
10260,returning,ios,after,7
10261,new,ios,before,3
10262,returning,web,before,10
10263,returning,ios,after,9
10264,new,android,before,1
10265,new,ios,after,2
10266,new,android,before,2
10267,returning,ios,before,8
10268,new,ios,before,2
10269,new,ios,before,2
10270,returning,web,after,4
10271,new,android,after,3
10272,returning,android,after,3
10273,returning,ios,after,9
10274,new,android,before,7
10275,new,android,before,1
10276,new,android,before,2
10277,new,android,after,2
10278,returning,web,before,4
10279,new,web,before,2
10280,returning,web,after,5
10281,returning,android,after,5
10282,new,ios,after,2
10283,returning,ios,before,8
10284,new,ios,after,1
10285,returning,ios,after,6
10286,new,ios,before,1
10287,returning,android,after,9
10288,new,android,after,1
10289,new,android,before,2
10290,new,web,before,3
10291,new,ios,before,5
10292,returning,ios,after,8
10293,new,android,before,2
10294,new,android,after,6
10295,returning,android,after,5
10296,returning,web,before,11
10297,returning,ios,after,9
10298,new,android,after,1
10299,returning,web,after,3
10300,new,ios,before,2
10301,returning,android,before,10
10302,new,ios,after,2
10303,new,ios,before,4
10304,new,ios,before,4
10305,returning,android,after,7
10306,new,android,before,1
10307,new,web,after,1
10308,new,android,before,0
10309,returning,ios,before,13
10310,returning,web,before,11
10311,new,ios,before,2
10312,new,android,before,1
10313,returning,ios,before,10
10314,new,android,before,3
10315,new,web,after,2
10316,returning,ios,after,4
10317,new,android,before,3
10318,new,android,before,4
10319,new,ios,before,4
10320,returning,ios,before,16
10321,returning,android,after,8
10322,new,ios,after,3
10323,new,ios,before,1
10324,returning,android,after,9
10325,new,android,after,3
10326,new,ios,before,3
10327,returning,web,after,4
10328,returning,web,before,9
10329,new,web,after,1
10330,returning,android,after,11
10331,new,ios,before,6
10332,new,ios,after,2
10333,returning,web,after,9
10334,returning,web,before,8
10335,new,android,before,1
10336,returning,android,after,8
10337,new,ios,before,4
10338,new,android,before,2
10339,returning,ios,after,6
10340,new,android,before,1
10341,new,android,after,3
10342,new,android,after,4
10343,new,android,after,2
10344,returning,android,after,11
10345,new,ios,after,1
10346,returning,ios,after,10
10347,new,ios,after,1
10348,new,ios,before,2
10349,returning,ios,after,5
10350,returning,ios,before,13
10351,returning,android,after,7
10352,returning,ios,before,8
10353,returning,android,before,15
10354,new,android,before,2
10355,returning,ios,after,10
10356,returning,ios,before,7
10357,new,ios,before,2
10358,returning,ios,after,8
10359,returning,android,after,11
10360,returning,web,after,5
10361,returning,ios,before,3
10362,returning,ios,after,8
10363,returning,ios,after,6
10364,returning,ios,before,9
10365,returning,web,after,2
10366,new,android,before,3
10367,new,android,before,0
10368,new,web,after,2
10369,returning,android,before,8
10370,returning,ios,before,6
10371,new,android,before,0
10372,returning,android,after,6
10373,returning,ios,before,10
10374,new,android,before,2
10375,returning,android,after,5
10376,new,ios,after,2
10377,new,android,before,1
10378,new,ios,after,3
10379,returning,ios,before,8
10380,returning,ios,after,7
10381,new,android,after,3
10382,returning,web,after,8
10383,returning,android,before,2
10384,returning,android,after,10
10385,new,ios,after,3
10386,new,android,before,5
10387,new,ios,before,3
10388,new,android,after,6
10389,new,android,before,2
10390,new,ios,after,1
10391,new,web,before,1
10392,new,ios,after,6
10393,returning,android,after,9
10394,new,android,before,3
10395,new,android,before,4
10396,returning,android,before,10
10397,returning,ios,after,4
10398,returning,web,after,8
10399,new,android,before,0
10400,new,android,after,2
10401,returning,android,after,11
10402,new,ios,before,3
10403,new,android,after,2
10404,new,ios,before,3
10405,returning,web,after,2
10406,new,ios,before,3
10407,new,android,before,2
10408,new,web,before,2
10409,new,web,before,0
10410,new,android,before,3
10411,new,android,after,4
10412,new,android,before,1
10413,returning,ios,after,7
10414,returning,android,before,10
10415,new,android,before,4
10416,returning,ios,after,5
10417,new,android,before,2
10418,new,ios,before,5
10419,new,android,after,3
10420,new,android,before,2
10421,returning,web,after,11
10422,new,ios,before,1
10423,new,ios,after,1
10424,returning,android,before,5
10425,new,android,before,5
10426,new,ios,after,2
10427,returning,android,after,4
10428,returning,web,after,6
10429,new,android,before,0
10430,new,ios,before,3
10431,new,ios,after,1
10432,new,android,before,5
10433,returning,android,before,5
10434,new,web,before,3
10435,new,ios,after,1
10436,new,android,before,3
10437,new,web,before,3
10438,new,ios,before,4
10439,new,web,before,2
10440,new,android,before,1
10441,new,android,before,5
10442,new,ios,before,2
10443,new,web,before,0
10444,new,web,after,3
10445,returning,ios,after,7
10446,new,android,before,4
10447,new,ios,before,2
10448,returning,ios,before,13
10449,new,android,before,4
10450,returning,android,before,7
10451,returning,ios,after,7
10452,returning,ios,before,9
10453,new,ios,after,4
10454,new,ios,before,5
10455,new,ios,before,4
10456,returning,ios,before,4
10457,new,web,before,3
10458,new,ios,before,4
10459,new,web,before,4
10460,new,ios,before,5
10461,returning,android,after,9
10462,returning,ios,after,3
10463,returning,ios,before,6
10464,returning,android,after,11
10465,returning,ios,before,8
10466,returning,ios,before,7
10467,returning,ios,before,13
10468,returning,android,before,1
10469,new,ios,after,1
10470,returning,ios,after,6
10471,new,ios,after,1
10472,new,android,after,2
10473,returning,web,after,7
10474,new,ios,before,2
10475,returning,ios,before,11
10476,returning,android,before,3
10477,returning,web,after,6
10478,returning,ios,before,9
10479,new,android,after,3
10480,returning,android,after,9
10481,returning,ios,before,4
10482,new,android,before,3
10483,returning,android,after,2
10484,new,ios,before,3
10485,returning,ios,before,11
10486,new,ios,before,3
10487,returning,ios,after,5
10488,new,android,before,0
10489,returning,android,after,5
10490,new,web,before,5
10491,returning,android,after,7
10492,returning,ios,after,10
10493,new,ios,before,2
10494,new,android,after,1
10495,new,ios,before,1
10496,new,ios,before,7
10497,returning,android,after,7
10498,new,android,before,2
10499,new,ios,after,3
10500,returning,android,after,8
10501,new,ios,before,2
10502,new,android,before,3
10503,new,android,after,1
10504,new,android,before,3
10505,returning,ios,before,6
10506,new,android,before,0
10507,new,ios,before,2
10508,returning,android,after,8
10509,new,web,before,5
10510,returning,ios,after,11
10511,new,android,after,3
10512,new,ios,after,1
10513,new,android,after,3
10514,returning,android,after,9
10515,new,android,before,3
10516,returning,android,before,6
10517,new,web,after,2
10518,new,web,before,4
10519,returning,web,after,13
10520,new,ios,before,2
10521,returning,web,after,6
10522,returning,ios,after,5
10523,returning,ios,before,8
10524,returning,ios,after,10
10525,new,ios,before,3
10526,returning,android,before,8
10527,new,ios,after,0
10528,returning,android,after,3
10529,returning,ios,after,3
10530,returning,ios,before,6
10531,new,web,before,3
10532,returning,android,before,6
10533,returning,ios,after,7
10534,new,android,before,2
10535,returning,web,after,7
10536,new,ios,after,4
10537,new,ios,before,0
10538,returning,web,after,12
10539,new,ios,before,2
10540,new,ios,before,1
10541,new,ios,before,2
10542,returning,ios,after,4
10543,new,web,after,1
10544,new,web,after,1
10545,new,android,after,1
10546,returning,android,after,4
10547,new,web,after,4
10548,returning,android,after,7
10549,new,android,before,4
10550,new,web,before,0
10551,returning,ios,after,11
10552,new,ios,after,0
10553,new,android,after,3
10554,new,android,after,3
10555,new,ios,after,6
10556,returning,ios,after,6
10557,returning,android,after,8
10558,new,android,before,3
10559,returning,web,after,12
10560,returning,web,after,11
10561,new,android,after,5
10562,returning,android,after,5
10563,new,android,before,3
10564,new,ios,before,1
10565,returning,ios,after,10
10566,returning,ios,after,5
10567,new,web,before,3
10568,new,web,before,6
10569,new,ios,after,2
10570,returning,web,before,9
10571,new,android,after,6
10572,new,ios,before,2
10573,returning,ios,before,0
10574,returning,web,after,3
10575,returning,ios,after,4
10576,new,android,after,3
10577,new,android,after,4
10578,new,android,before,2
10579,returning,android,after,4
10580,returning,android,after,9
10581,returning,web,after,9
10582,new,ios,before,6
10583,new,ios,after,1
10584,returning,ios,before,12
10585,new,android,after,3
10586,returning,android,after,10
10587,new,android,before,1
10588,returning,ios,after,9
10589,new,android,after,2
10590,returning,web,after,6
10591,returning,android,after,11
10592,returning,android,after,1
10593,new,android,before,5
10594,new,android,after,4
10595,returning,ios,after,8
10596,new,android,before,1
10597,new,ios,before,1
10598,new,ios,before,2
10599,returning,android,after,10
10600,new,ios,before,4
10601,new,ios,after,5
10602,new,android,after,0
10603,new,android,before,2
10604,new,ios,after,3
10605,new,ios,after,5
10606,returning,android,after,10
10607,returning,android,after,6
10608,returning,android,before,4
10609,new,android,before,2
10610,new,web,before,0
10611,returning,ios,before,14
10612,new,android,after,1
10613,new,ios,before,5
10614,returning,ios,after,10
10615,new,web,after,3
10616,returning,web,before,14
10617,returning,ios,after,2
10618,new,ios,before,2
10619,returning,web,after,6
10620,returning,ios,before,1
10621,returning,web,before,13
10622,new,ios,before,3
10623,new,ios,after,4
10624,returning,ios,before,9
10625,returning,android,after,6
10626,returning,ios,before,6
10627,returning,ios,before,6
10628,returning,web,after,5
10629,new,ios,after,4
10630,new,android,before,1
10631,new,ios,before,1
10632,new,android,before,3
10633,returning,ios,after,3
10634,returning,android,before,11
10635,new,android,before,5
10636,new,web,after,3
10637,new,web,before,4
10638,returning,ios,before,6
10639,new,ios,after,2
10640,new,ios,before,2
10641,new,android,before,2
10642,new,ios,before,2
10643,returning,web,after,15
10644,returning,web,after,4
10645,returning,ios,after,4
10646,new,ios,after,0
10647,returning,android,before,11
10648,new,ios,before,1
10649,new,ios,before,2
10650,new,ios,before,4
10651,new,web,after,5
10652,new,android,before,4
10653,new,ios,after,3
10654,returning,ios,after,11
10655,new,android,before,3
10656,returning,ios,after,4
10657,returning,web,after,6
10658,new,android,before,5
10659,returning,web,before,7
10660,new,android,before,2
10661,returning,web,after,7
10662,returning,android,after,4
10663,new,android,before,0
10664,new,ios,after,3
10665,new,android,before,3
10666,new,android,before,1
10667,returning,android,before,5
10668,new,android,before,2
10669,returning,ios,before,9
10670,returning,ios,before,9
10671,returning,ios,before,15
10672,returning,ios,after,8
10673,returning,android,before,4
10674,returning,web,after,11
10675,returning,android,after,10
10676,returning,web,after,8
10677,new,web,before,3
10678,new,ios,after,4
10679,returning,android,before,5
10680,returning,ios,before,6
10681,new,web,after,2
10682,new,android,before,3
10683,returning,ios,after,10
10684,new,ios,before,4
10685,returning,android,after,6
10686,returning,ios,after,8
10687,returning,ios,after,5
10688,new,web,after,2
10689,returning,ios,after,10
10690,new,android,before,2
10691,new,android,before,2
10692,new,ios,before,6
10693,returning,ios,after,2
10694,new,ios,after,4
10695,returning,web,after,5
10696,returning,android,after,9
10697,returning,ios,before,7
10698,new,web,after,1
10699,new,ios,after,1
10700,new,ios,before,1
10701,new,ios,before,0
10702,returning,android,after,7
10703,new,ios,before,3
10704,returning,android,after,10
10705,returning,ios,after,6
10706,new,android,after,4
10707,new,web,after,2
10708,new,ios,after,2
10709,new,ios,after,1
10710,new,android,after,3
10711,new,ios,before,4
10712,returning,ios,after,7
10713,new,android,after,4
10714,returning,android,after,7
10715,new,android,before,4
10716,returning,ios,before,10
10717,returning,ios,after,6
10718,new,android,before,3
10719,returning,android,before,11
10720,returning,ios,after,8
10721,returning,ios,before,5
10722,returning,ios,after,4
10723,returning,android,before,10
10724,new,web,before,3
10725,new,ios,after,5
10726,returning,android,before,5
10727,returning,ios,after,14
10728,new,ios,after,2
10729,returning,android,before,6
10730,new,android,after,3
10731,returning,ios,before,8
10732,returning,android,after,9
10733,new,ios,before,6
10734,returning,ios,before,12
10735,new,android,before,5
10736,new,ios,after,0
10737,new,android,before,4
10738,new,android,after,1
10739,returning,web,before,13
10740,returning,ios,before,8
10741,returning,android,after,11
10742,new,ios,before,3
10743,new,ios,before,6
10744,returning,ios,after,7
10745,new,android,after,2
10746,returning,ios,before,4
10747,new,web,after,3
10748,new,ios,after,1
10749,new,web,before,1
10750,returning,ios,after,6
10751,returning,ios,after,11
10752,new,android,after,3
10753,new,ios,before,2
10754,returning,android,before,6
10755,returning,web,after,8
10756,returning,android,after,5
10757,returning,web,before,9
10758,new,ios,before,2
10759,returning,android,after,7
10760,returning,android,after,5
10761,new,android,before,1
10762,new,android,before,6
10763,returning,android,after,5
10764,returning,web,after,11
10765,returning,ios,after,7
10766,new,ios,after,7
10767,new,ios,after,1
10768,new,ios,before,1
10769,returning,android,before,14
10770,returning,ios,before,9
10771,new,ios,before,2
10772,new,web,after,1
10773,returning,web,after,10
10774,new,android,before,5
10775,new,android,before,4
10776,new,ios,before,4
10777,new,android,before,4
10778,new,ios,before,6
10779,returning,ios,before,9
10780,new,android,after,2
10781,new,ios,before,3
10782,returning,ios,after,7
10783,returning,android,before,10
10784,new,ios,before,1
10785,new,ios,after,2
10786,returning,ios,after,8
10787,returning,ios,before,7
10788,returning,android,before,8
10789,new,ios,before,4
10790,new,ios,before,4
10791,new,web,after,1
10792,returning,web,before,7
10793,new,android,before,3
10794,new,web,before,5
10795,new,android,before,3
10796,returning,ios,before,9
10797,new,android,before,1
10798,returning,ios,after,10
10799,new,android,before,3
10800,new,web,before,5
10801,returning,ios,after,9
10802,returning,ios,after,8
10803,returning,ios,before,11
10804,new,web,before,1
10805,returning,ios,after,4
10806,returning,web,before,5
10807,returning,ios,after,5
10808,returning,android,before,9
10809,new,ios,before,4
10810,returning,ios,after,4
10811,new,ios,before,3
10812,returning,ios,after,9
10813,returning,ios,after,7
10814,returning,ios,before,7
10815,returning,android,before,7
10816,new,android,before,4
10817,returning,ios,after,4
10818,new,android,before,4
10819,returning,android,after,8
10820,returning,web,after,8
10821,returning,ios,after,4
10822,new,ios,before,6
10823,new,web,before,3
10824,returning,web,after,8
10825,returning,web,after,5
10826,new,android,before,7
10827,new,android,after,3
10828,new,web,before,2
10829,new,android,after,1
10830,returning,ios,after,5
10831,new,web,before,2
10832,returning,web,before,1
10833,returning,ios,before,9
10834,returning,ios,before,9
10835,returning,web,before,10
10836,returning,ios,after,1
10837,returning,android,before,6
10838,new,ios,before,4
10839,returning,ios,before,9
10840,new,android,before,6
10841,returning,web,after,7
10842,new,android,before,4
10843,returning,ios,after,8
10844,returning,ios,before,7
10845,returning,ios,after,4
10846,new,web,after,3
10847,returning,ios,before,6
10848,new,web,before,2
10849,returning,web,after,2
10850,new,android,after,1
10851,returning,ios,before,8
10852,returning,web,after,6
10853,returning,ios,after,11
10854,new,web,after,0
10855,new,ios,before,3
10856,returning,ios,after,10
10857,returning,ios,after,5
10858,new,ios,after,4
10859,new,android,before,4
10860,returning,android,after,12
10861,new,ios,before,4
10862,new,android,before,2
10863,returning,ios,before,7
10864,new,web,before,3
10865,returning,web,after,3
10866,returning,android,after,8
10867,new,web,before,1
10868,returning,ios,before,8
10869,new,ios,before,2
10870,new,ios,after,6
10871,new,web,before,1
10872,new,ios,before,1
10873,new,web,after,3
10874,returning,android,after,4
10875,new,ios,before,3
10876,new,android,before,3
10877,new,android,before,7
10878,new,android,after,1
10879,new,web,after,3
10880,returning,android,before,9
10881,new,ios,before,1
10882,new,android,before,2
10883,new,ios,before,1
10884,returning,web,after,9
10885,returning,ios,before,11
10886,returning,android,after,10
10887,new,ios,before,4
10888,returning,ios,after,6
10889,new,android,before,3
10890,returning,ios,after,9
10891,returning,android,before,3
10892,new,android,before,2
10893,new,ios,before,5
10894,new,ios,after,3
10895,new,android,before,2
10896,new,android,before,5
10897,new,android,after,4
10898,returning,ios,after,3
10899,returning,ios,after,14
10900,returning,android,before,8
10901,new,web,before,3
10902,new,android,before,3
10903,new,android,before,1
10904,new,android,after,5
10905,returning,android,after,9
10906,new,android,after,3
10907,returning,ios,after,9
10908,new,android,before,2
10909,returning,ios,after,12
10910,returning,ios,after,8
10911,new,ios,after,0
10912,new,ios,after,1
10913,new,ios,before,3
10914,returning,ios,before,6
10915,new,ios,before,5
10916,returning,ios,after,11
10917,returning,ios,before,6
10918,returning,ios,before,8
10919,new,web,before,4
10920,returning,android,before,7
10921,returning,ios,after,9
10922,returning,ios,after,7
10923,new,ios,after,2
10924,returning,ios,before,8
10925,new,ios,before,3
10926,new,ios,before,0
10927,returning,android,after,5
10928,new,android,after,1
10929,new,android,before,2
10930,new,ios,before,5
10931,returning,ios,before,7
10932,new,web,after,2
10933,new,android,before,4
10934,new,android,after,4
10935,new,web,before,3
10936,new,android,before,2
10937,new,ios,after,1
10938,new,android,after,2
10939,new,ios,after,2
10940,new,android,before,4
10941,returning,ios,before,13
10942,returning,ios,after,13
10943,returning,ios,after,6
10944,returning,ios,before,5
10945,returning,android,after,14
10946,new,ios,after,3
10947,returning,ios,after,5
10948,returning,ios,before,7
10949,new,web,after,5
10950,new,android,after,0
10951,new,android,before,0
10952,new,ios,before,6
10953,returning,ios,after,3
10954,returning,ios,before,7
10955,new,ios,before,2
10956,returning,ios,before,7
10957,returning,web,after,3
10958,returning,android,after,11
10959,returning,ios,after,7
10960,new,android,after,3
10961,new,ios,after,1
10962,new,ios,before,2
10963,new,android,before,1
10964,new,web,before,4
10965,returning,android,before,10
10966,new,web,before,3
10967,returning,ios,after,6
10968,returning,android,before,4
10969,new,web,before,2
10970,new,ios,after,3
10971,new,android,before,2
10972,new,web,after,2
10973,new,android,after,4
10974,returning,ios,after,13
10975,new,ios,after,4
10976,returning,android,before,7
10977,new,web,after,2
10978,new,ios,before,4
10979,returning,ios,after,7
10980,returning,ios,after,5
10981,returning,ios,after,7
10982,new,android,before,2
10983,returning,android,after,10
10984,new,android,after,0
10985,returning,android,after,11
10986,returning,android,before,5
10987,new,android,after,1
10988,returning,ios,before,6
10989,new,ios,before,1
10990,returning,web,after,5
10991,returning,android,before,13
10992,new,ios,before,3
10993,new,android,after,4
10994,returning,android,after,3
10995,new,ios,before,4
10996,new,android,before,4
10997,new,ios,before,2
10998,new,web,before,4
10999,returning,android,after,6
11000,new,web,before,3
11001,new,android,after,1
11002,returning,web,before,10
11003,new,ios,after,1
11004,returning,ios,after,5
11005,new,web,after,5
11006,new,web,before,1
11007,new,web,before,1
11008,returning,web,after,6
11009,returning,android,before,6
11010,new,android,after,3
11011,returning,android,after,4
11012,returning,ios,before,8
11013,new,android,before,3
11014,returning,web,before,5
11015,returning,android,before,9
11016,new,ios,before,1
11017,returning,android,after,1
11018,returning,web,after,8
11019,new,ios,before,1
11020,returning,ios,after,10
11021,new,android,before,5
11022,returning,web,before,10
11023,returning,android,after,2
11024,returning,android,after,6
11025,new,ios,before,1
11026,new,ios,before,5
11027,returning,web,after,4
11028,returning,ios,before,6
11029,new,ios,before,2
11030,new,ios,before,3
11031,returning,ios,before,5
11032,returning,ios,after,6
11033,returning,android,after,4
11034,returning,android,before,9
11035,returning,android,before,9
11036,new,ios,before,0
11037,new,web,before,3
11038,new,ios,before,5
11039,new,ios,after,1
11040,new,ios,after,3
11041,returning,web,after,10
11042,new,android,before,1
11043,new,android,before,6
11044,returning,ios,before,10
11045,returning,ios,before,4
11046,new,web,before,3
11047,new,ios,before,6
11048,returning,android,after,6
11049,new,web,before,0
11050,new,android,before,4
11051,new,ios,after,3
11052,returning,ios,after,10
11053,new,ios,after,3
11054,returning,web,before,8
11055,new,web,before,1
11056,returning,ios,before,5
11057,new,web,before,4
11058,returning,ios,after,8
11059,returning,ios,after,9
11060,returning,ios,after,7
11061,returning,web,after,4
11062,new,ios,before,0
11063,returning,ios,before,8
11064,returning,ios,after,9
11065,new,ios,after,4
11066,returning,android,after,7
11067,new,ios,after,1
11068,new,web,before,1
11069,new,web,before,4
11070,returning,ios,after,9
11071,returning,web,before,8
11072,returning,web,after,11
11073,new,web,before,3
11074,new,ios,before,2
11075,new,web,before,4
11076,new,android,after,2
11077,new,ios,before,3
11078,new,android,before,4
11079,new,ios,after,3
11080,new,android,before,3
11081,returning,android,before,8
11082,returning,android,after,6
11083,returning,ios,after,6
11084,new,web,after,2
11085,returning,ios,before,8
11086,returning,web,after,5
11087,new,android,before,4
11088,new,ios,after,2
11089,new,android,before,0
11090,returning,web,after,6
11091,returning,web,after,9
11092,new,ios,before,4
11093,new,ios,before,5
11094,new,ios,after,2
11095,returning,android,after,10
11096,new,ios,after,2
11097,returning,ios,after,7
11098,new,ios,after,2
11099,new,web,before,3
11100,returning,ios,before,11
11101,returning,android,after,8
11102,new,ios,before,3
11103,new,android,after,4
11104,new,android,before,1
11105,returning,web,before,8
11106,returning,android,before,13
11107,returning,ios,after,7
11108,new,ios,before,4
11109,new,ios,before,1
11110,new,ios,after,6
11111,returning,web,before,6
11112,returning,android,after,6
11113,new,web,after,0
11114,new,ios,before,2
11115,new,web,after,3
11116,returning,web,before,12
11117,returning,android,before,11
11118,returning,ios,after,6
11119,new,web,before,1
11120,new,web,before,2
11121,new,ios,before,3
11122,returning,web,after,6
11123,new,web,before,2
11124,new,ios,before,4
11125,returning,ios,after,8
11126,returning,ios,before,9
11127,returning,android,before,8
11128,returning,web,before,5
11129,returning,web,after,10
11130,returning,ios,after,10
11131,returning,android,after,3
11132,returning,android,before,4
11133,returning,android,after,7
11134,returning,android,after,5
11135,returning,android,after,10
11136,returning,ios,before,7
11137,returning,ios,after,5
11138,new,web,before,5
11139,new,ios,after,4
11140,returning,ios,after,8
11141,new,web,before,1
11142,new,web,before,2
11143,returning,android,after,9
11144,new,ios,before,1
11145,new,android,after,0
11146,new,android,after,3
11147,new,ios,before,3
11148,new,ios,after,0
11149,returning,ios,after,8
11150,new,android,before,3
11151,new,web,before,5
11152,new,android,before,5
11153,returning,ios,before,7
11154,returning,ios,after,5
11155,new,android,after,1
11156,returning,android,after,4
11157,new,ios,before,4
11158,returning,web,after,7
11159,returning,web,after,8
11160,new,web,after,4
11161,new,ios,before,2
11162,new,web,after,4
11163,new,android,after,0
11164,new,android,before,1
11165,returning,ios,after,7
11166,new,ios,before,3
11167,new,ios,after,3
11168,new,web,after,1
11169,returning,android,after,8
11170,returning,web,after,6
11171,new,android,before,2
11172,new,ios,after,2
11173,new,android,before,2
11174,returning,ios,after,5
11175,new,web,before,2
11176,returning,ios,before,11
11177,new,ios,after,2
11178,new,android,before,4
11179,new,web,after,1
11180,returning,android,after,6
11181,returning,ios,before,12
11182,returning,android,before,7
11183,new,ios,after,3
11184,new,android,after,4
11185,new,android,before,1
11186,returning,ios,after,10
11187,returning,ios,after,9
11188,new,ios,before,0
11189,new,ios,after,3
11190,returning,android,after,9
11191,new,ios,before,2
11192,new,ios,after,4
11193,returning,android,after,10
11194,returning,android,after,9
11195,returning,web,before,10
11196,returning,web,before,6
11197,returning,android,before,4
11198,returning,ios,after,6
11199,returning,android,after,14
11200,returning,android,before,8
11201,new,android,after,7
11202,new,web,after,8
11203,new,android,before,3
11204,returning,ios,before,12
11205,new,android,before,8
11206,returning,ios,after,11
11207,returning,web,before,4
11208,new,ios,after,2
11209,returning,android,after,8
11210,returning,android,after,2
11211,new,ios,before,2
11212,new,android,after,2
11213,returning,ios,before,16
11214,new,ios,before,5
11215,new,ios,before,2
11216,returning,web,after,13
11217,returning,web,after,9
11218,new,ios,before,3
11219,returning,web,before,10
11220,returning,web,after,12
11221,returning,ios,after,5
11222,new,web,before,5
11223,new,ios,before,2
11224,returning,web,after,8
11225,new,android,after,0
11226,new,web,before,1
11227,returning,ios,after,11
11228,returning,ios,after,11
11229,new,web,before,1
11230,new,android,after,3
11231,returning,android,after,5
11232,returning,android,before,12
11233,returning,android,before,8
11234,returning,ios,before,14
11235,returning,ios,before,8
11236,returning,ios,after,9
11237,new,ios,after,3
11238,new,web,after,2
11239,returning,ios,after,6
11240,new,android,before,0
11241,returning,ios,after,6
11242,new,web,before,0
11243,new,ios,before,1
11244,returning,ios,before,2
11245,new,web,after,3
11246,returning,ios,after,7
11247,new,android,before,1
11248,new,ios,after,3
11249,returning,android,after,6
11250,returning,ios,before,7
11251,returning,ios,after,8
11252,new,android,after,4
11253,new,android,before,6
11254,returning,web,after,4
11255,returning,ios,after,9
11256,new,android,after,2
11257,new,ios,before,4
11258,new,android,before,3
11259,new,web,after,0
11260,returning,ios,before,8
11261,returning,ios,before,7
11262,new,android,before,0
11263,returning,web,after,4
11264,returning,android,before,10
11265,new,android,after,5
11266,returning,android,before,10
11267,new,ios,before,0
11268,returning,web,before,8
11269,returning,web,after,10
11270,new,web,before,5
11271,new,web,before,1
11272,returning,web,after,13
11273,new,ios,after,4
11274,new,web,before,5
11275,new,ios,before,5
11276,new,ios,after,2
11277,new,ios,before,2
11278,new,ios,before,3
11279,new,ios,before,3
11280,new,android,after,1
11281,returning,ios,before,19
11282,new,ios,before,0
11283,new,ios,before,3
11284,new,android,after,2
11285,returning,android,after,8
11286,returning,android,after,5
11287,new,android,before,6
11288,new,android,before,3
11289,returning,ios,before,17
11290,new,android,after,0
11291,returning,android,after,3
11292,returning,ios,before,7
11293,returning,web,after,9
11294,new,ios,after,2
11295,returning,web,after,14
11296,new,ios,before,1
11297,new,android,after,5
11298,returning,ios,before,11
11299,new,web,before,1
11300,returning,web,before,10
11301,returning,ios,after,9
11302,new,ios,after,1
11303,new,android,before,4
11304,new,ios,before,5
11305,returning,ios,after,11
11306,returning,web,after,12
11307,new,android,before,2
11308,new,ios,before,0
11309,new,android,before,2
11310,new,ios,before,0
11311,new,web,after,1
11312,new,ios,before,2
11313,returning,ios,after,7
11314,new,ios,after,4
11315,new,web,after,4
11316,new,ios,after,0
11317,returning,android,before,8
11318,returning,android,before,13
11319,returning,web,after,12
11320,returning,ios,after,10
11321,returning,web,after,8
11322,new,web,before,4
11323,returning,ios,after,7
11324,returning,ios,before,11
11325,new,web,before,3
11326,returning,ios,after,12
11327,returning,web,before,11
11328,new,web,before,3
11329,returning,ios,before,7
11330,returning,ios,before,14
11331,returning,ios,after,5
11332,returning,android,after,5
11333,returning,android,after,12
11334,returning,android,before,9
11335,returning,android,after,6
11336,returning,web,after,15
11337,returning,ios,before,8
11338,new,ios,after,1
11339,returning,ios,after,6
11340,returning,ios,after,6
11341,returning,ios,after,10
11342,new,web,after,0
11343,new,ios,after,2
11344,returning,ios,after,7
11345,returning,android,after,8
11346,new,android,before,2
11347,returning,android,after,4
11348,returning,ios,after,9
11349,returning,ios,before,10
11350,returning,ios,after,8
11351,returning,ios,after,5
11352,new,ios,after,3
11353,new,android,after,0
11354,new,web,before,4
11355,returning,ios,after,10
11356,new,ios,after,2
11357,new,web,before,3
11358,returning,android,after,16
11359,returning,android,before,6
11360,new,web,before,0
11361,returning,android,after,10
11362,new,android,after,4
11363,returning,ios,after,5
11364,new,web,before,2
11365,new,android,after,2
11366,returning,ios,before,11
11367,returning,android,after,9
11368,new,ios,after,2
11369,returning,android,after,6
11370,new,ios,before,4
11371,returning,android,after,11
11372,new,android,before,3
11373,returning,android,after,8
11374,new,android,before,5
11375,new,ios,after,3
11376,returning,ios,before,9
11377,new,android,after,1
11378,new,android,after,1
11379,returning,web,before,10
11380,new,ios,after,0
11381,new,android,before,3
11382,new,web,after,1
11383,returning,android,before,12
11384,new,ios,before,2
11385,returning,ios,before,11
11386,returning,web,after,9
11387,new,ios,after,1
11388,new,ios,after,5
11389,returning,android,before,7
11390,new,ios,after,2
11391,returning,android,before,7
11392,new,web,before,4
11393,new,web,before,5
11394,new,android,before,3
11395,returning,web,after,7
11396,returning,web,after,13
11397,returning,web,after,12
11398,returning,web,after,4
11399,returning,web,after,6
11400,new,ios,before,2
11401,new,ios,before,2
11402,returning,ios,after,4
11403,new,android,before,4
11404,new,web,before,1
11405,new,web,after,2
11406,returning,web,before,10
11407,returning,web,after,6
11408,new,android,after,1
11409,returning,android,after,10
11410,returning,android,after,7
11411,new,ios,before,6
11412,new,android,before,6
11413,returning,android,after,10
11414,returning,ios,after,13
11415,returning,android,before,7
11416,returning,android,after,8
11417,returning,android,after,5
11418,new,web,before,4
11419,returning,ios,after,8
11420,returning,web,after,10
11421,returning,ios,after,7
11422,returning,ios,after,8
11423,new,android,after,6
11424,new,web,after,1
11425,new,web,before,6
11426,returning,ios,after,4
11427,new,android,after,3
11428,new,web,after,1
11429,new,web,after,0
11430,new,ios,before,1
11431,new,ios,before,3
11432,new,android,before,4
11433,returning,web,after,5
11434,returning,ios,after,5
11435,returning,android,before,8
11436,returning,web,after,9
11437,new,android,before,1
11438,new,android,before,2
11439,returning,web,after,8
11440,new,ios,before,3
11441,new,ios,after,2
11442,returning,ios,after,8
11443,new,android,before,3
11444,new,ios,before,4
11445,returning,ios,before,10
11446,new,ios,before,5
11447,returning,android,after,6
11448,returning,web,after,4
11449,returning,android,after,7
11450,returning,android,after,4
11451,new,web,after,2
11452,new,android,after,3
11453,returning,android,after,9
11454,returning,ios,after,12
11455,returning,ios,after,3
11456,new,ios,before,5
11457,new,android,before,4
11458,new,web,after,0
11459,returning,ios,before,10
11460,returning,ios,before,4
11461,new,web,before,5
11462,returning,web,before,6
11463,returning,android,after,5
11464,returning,ios,after,8
11465,new,android,before,2
11466,returning,ios,after,8
11467,returning,android,after,7
11468,returning,android,after,4
11469,returning,web,after,7
11470,returning,ios,before,13
11471,new,web,before,1
11472,returning,ios,after,5
11473,returning,ios,after,4
11474,returning,web,after,6
11475,returning,android,after,13
11476,new,android,after,1
11477,returning,ios,before,6
11478,new,ios,after,6
11479,returning,ios,before,9
11480,returning,android,before,8
11481,new,ios,before,5
11482,returning,web,after,10
11483,returning,android,before,9
11484,new,web,after,2
11485,returning,web,after,5
11486,new,android,after,0
11487,returning,android,before,7
11488,new,web,after,2
11489,new,ios,before,3
11490,returning,ios,after,6
11491,new,android,after,3
11492,new,ios,before,3
11493,new,android,before,4
11494,new,web,before,3
11495,returning,android,after,11
11496,returning,ios,after,9
11497,returning,ios,before,8
11498,returning,ios,after,6
11499,new,ios,before,4
11500,returning,android,after,4
11501,returning,android,before,7
11502,returning,android,before,9
11503,new,android,after,2
11504,returning,ios,before,8
11505,returning,ios,before,7
11506,returning,android,after,9
11507,new,ios,before,8
11508,new,ios,after,0
11509,new,android,before,3
11510,new,ios,before,4
11511,returning,ios,before,6
11512,returning,android,after,7
11513,returning,ios,before,4
11514,new,android,before,3
11515,returning,ios,after,7
11516,returning,web,before,10
11517,returning,android,before,3
11518,new,ios,before,2
11519,returning,ios,before,9
11520,returning,web,before,7
11521,new,android,after,1
11522,new,android,before,2
11523,new,web,before,3
11524,returning,ios,after,14
11525,new,android,before,1
11526,returning,android,after,11
11527,returning,web,before,10
11528,returning,ios,after,7
11529,new,web,after,0
11530,new,android,before,3
11531,returning,web,after,5
11532,returning,ios,before,13
11533,new,android,after,5
11534,returning,ios,before,8
11535,returning,web,after,13
11536,returning,ios,after,9
11537,returning,android,after,8
11538,returning,ios,before,6
11539,returning,ios,after,9
11540,returning,ios,after,3
11541,returning,android,after,11
11542,returning,ios,after,3
11543,new,web,before,0
11544,returning,android,after,6
11545,new,web,after,2
11546,new,android,before,5
11547,returning,android,after,11
11548,new,android,after,2
11549,new,ios,before,4
11550,new,android,before,4
11551,new,web,before,3
11552,new,ios,before,3
11553,returning,ios,after,7
11554,returning,android,after,15
11555,new,web,after,3
11556,returning,ios,after,3
11557,new,web,before,2
11558,new,ios,after,3
11559,new,android,after,0
11560,new,web,before,8
11561,new,ios,before,0
11562,returning,android,after,10
11563,returning,web,after,10
11564,returning,ios,after,10
11565,new,ios,before,1
11566,returning,web,before,10
11567,new,android,before,2
11568,returning,web,after,12
11569,new,web,after,0
11570,returning,android,before,10
11571,returning,android,before,3
11572,new,android,after,1
11573,returning,ios,after,12
11574,returning,android,after,7
11575,new,web,after,4
11576,returning,web,after,3
11577,returning,web,after,6
11578,returning,web,after,10
11579,returning,ios,after,11
11580,new,android,before,3
11581,new,ios,after,3
11582,returning,android,after,4
11583,returning,web,before,11
11584,new,web,after,1
11585,returning,web,before,6
11586,returning,ios,before,14
11587,new,android,before,7
11588,new,ios,before,4
11589,returning,android,after,3
11590,new,ios,after,2
11591,new,web,before,6
11592,new,android,after,2
11593,new,android,after,0
11594,new,web,after,5
11595,returning,ios,after,16
11596,new,android,after,4
11597,returning,web,after,9
11598,returning,web,after,7
11599,new,ios,after,2
11600,returning,android,before,7
11601,returning,ios,after,8
11602,new,ios,before,4
11603,new,ios,after,1
11604,returning,android,after,9
11605,new,ios,after,2
11606,returning,android,after,7
11607,new,ios,after,4
11608,new,ios,after,3
11609,new,android,after,3
11610,returning,ios,after,8
11611,new,ios,before,4
11612,returning,ios,after,9
11613,returning,ios,after,5
11614,new,android,after,2
11615,new,web,after,2
11616,returning,android,after,6
11617,new,ios,before,5
11618,new,ios,before,5
11619,new,web,before,4
11620,returning,ios,after,13
11621,returning,ios,after,9
11622,returning,ios,after,7
11623,returning,android,after,6
11624,new,android,before,2
11625,new,ios,after,1
11626,returning,ios,after,7
11627,new,android,after,3
11628,returning,ios,after,16
11629,returning,android,before,8
11630,new,web,after,2
11631,returning,ios,after,5
11632,returning,ios,after,6
11633,new,android,before,5
11634,new,android,before,2
11635,new,android,before,1
11636,new,ios,before,5
11637,new,ios,before,3
11638,new,android,before,3
11639,returning,ios,before,9
11640,returning,ios,before,10
11641,returning,ios,after,6
11642,returning,android,after,11
11643,returning,ios,before,15
11644,returning,android,after,4
11645,returning,android,before,6
11646,returning,web,after,8
11647,new,android,before,4
11648,new,android,before,3
11649,new,ios,before,8
11650,returning,android,before,3
11651,new,android,before,1
11652,new,web,before,1
11653,new,web,before,1
11654,returning,ios,after,9
11655,returning,web,after,9
11656,new,android,before,4
11657,returning,android,before,14
11658,new,android,after,1
11659,returning,ios,after,9
11660,new,web,after,9
11661,new,ios,before,2
11662,returning,android,after,7
11663,new,ios,after,1
11664,new,ios,before,2
11665,returning,android,after,10
11666,new,android,before,2
11667,returning,web,before,7
11668,returning,android,after,8
11669,returning,android,after,8
11670,returning,web,after,8
11671,new,android,before,3
11672,new,android,before,5
11673,new,web,after,1
11674,returning,android,after,11
11675,returning,android,after,8
11676,returning,android,after,6
11677,returning,android,after,8
11678,returning,android,before,8
11679,new,android,before,4
11680,returning,android,before,4
11681,new,ios,before,3
11682,returning,ios,before,14
11683,new,android,after,2
11684,new,ios,before,3
11685,returning,ios,after,11
11686,new,ios,before,5
11687,new,ios,after,2
11688,returning,web,after,6
11689,returning,android,before,9
11690,new,android,before,3
11691,returning,ios,before,5
11692,returning,ios,after,4
11693,new,ios,after,1
11694,returning,ios,after,7
11695,returning,ios,after,14
11696,new,android,before,3
11697,returning,ios,after,10
11698,new,android,before,3
11699,new,android,after,3
11700,returning,ios,after,11
11701,returning,web,after,10
11702,returning,android,after,4
11703,returning,ios,after,5
11704,new,android,after,5
11705,new,android,before,3
11706,new,android,before,4
11707,returning,web,after,11
11708,returning,ios,before,11
11709,new,ios,before,5
11710,new,web,before,1
11711,new,android,after,5
11712,new,web,after,6
11713,returning,android,after,10
11714,returning,android,after,7
11715,returning,android,after,10
11716,new,ios,after,2
11717,new,ios,before,3
11718,new,ios,after,0
11719,returning,ios,after,12
11720,new,android,before,1
11721,new,android,before,3
11722,new,web,after,1
11723,returning,ios,after,8
11724,returning,android,before,9
11725,new,ios,before,3
11726,returning,android,after,8
11727,new,ios,after,4
11728,returning,android,after,6
11729,returning,android,after,11
11730,returning,ios,after,7
11731,new,android,after,1
11732,new,ios,before,4
11733,new,ios,before,3
11734,returning,web,after,5
11735,new,ios,before,3
11736,returning,ios,after,10
11737,new,web,before,0
11738,returning,ios,before,7
11739,new,ios,before,1
11740,returning,android,before,5
11741,returning,android,after,10
11742,new,android,after,1
11743,new,android,after,1
11744,new,web,before,1
11745,returning,ios,after,9
11746,new,android,before,0
11747,returning,web,before,12
11748,returning,ios,before,9
11749,returning,web,before,5
11750,new,web,before,2
11751,returning,web,before,8
11752,returning,ios,before,12
11753,returning,android,after,9
11754,returning,web,after,10
11755,returning,ios,before,10
11756,returning,android,before,4
11757,returning,ios,before,9
11758,returning,ios,after,10
11759,new,web,after,4
11760,new,web,before,5
11761,returning,ios,before,6
11762,returning,ios,before,7
11763,returning,android,before,10
11764,returning,ios,before,7
11765,new,android,before,3
11766,returning,android,after,4
11767,new,ios,after,3
11768,new,android,after,2
11769,new,ios,before,2
11770,new,ios,before,2
11771,returning,web,before,7
11772,returning,ios,before,6
11773,returning,ios,before,6
11774,returning,android,before,7
11775,new,ios,before,6
11776,new,android,before,7
11777,new,web,after,2
11778,returning,ios,after,9
11779,new,ios,after,2
11780,returning,ios,before,8
11781,returning,android,before,8
11782,returning,ios,after,6
11783,returning,web,after,10
11784,new,ios,after,0
11785,returning,android,before,4
11786,returning,web,after,9
11787,new,android,after,3
11788,returning,android,after,4
11789,returning,ios,after,4
11790,returning,ios,before,11
11791,returning,ios,after,11
11792,returning,ios,after,7
11793,returning,android,before,7
11794,new,android,before,1
11795,returning,android,before,11
11796,returning,web,after,8
11797,new,android,before,1
11798,new,ios,after,0
11799,new,ios,after,2
11800,new,android,before,5
11801,new,ios,before,4
11802,returning,ios,after,9
11803,returning,android,after,11
11804,new,android,before,5
11805,new,ios,after,2
11806,new,ios,before,3
11807,new,ios,after,3
11808,returning,ios,after,7
11809,returning,ios,after,8
11810,returning,android,before,10
11811,new,android,before,1
11812,new,ios,after,2
11813,returning,web,after,11
11814,returning,android,after,9
11815,new,ios,before,1
11816,returning,web,after,5
11817,returning,android,after,12
11818,new,android,before,5
11819,returning,ios,after,4
11820,new,web,before,0
11821,new,ios,after,2
11822,returning,ios,after,6
11823,new,web,after,2
11824,returning,web,before,8
11825,returning,android,after,11
11826,returning,ios,after,13
11827,returning,ios,after,11
11828,new,web,before,2
11829,returning,android,after,5
11830,new,web,before,1
11831,returning,ios,after,1
11832,returning,web,after,4
11833,new,ios,after,4
11834,returning,ios,after,7
11835,returning,web,after,3
11836,returning,ios,after,4
11837,returning,android,after,9
11838,returning,android,after,14
11839,returning,web,before,9
11840,returning,ios,before,5
11841,returning,ios,after,8
11842,returning,android,before,10
11843,new,web,after,2
11844,returning,web,before,11
11845,new,ios,before,1
11846,new,android,after,2
11847,returning,ios,after,7
11848,returning,ios,before,7
11849,new,ios,before,1
11850,returning,ios,after,5
11851,new,ios,before,6
11852,new,ios,before,2
11853,returning,ios,after,9
11854,returning,web,after,8
11855,returning,ios,after,10
11856,returning,web,after,5
11857,returning,web,after,9
11858,returning,android,after,7
11859,returning,android,before,11
11860,new,ios,before,1
11861,new,ios,before,3
11862,returning,android,after,9
11863,returning,android,after,4
11864,new,android,before,2
11865,returning,web,after,10
11866,returning,android,before,13
11867,new,ios,after,1
11868,new,ios,before,3
11869,new,web,before,4
11870,new,web,before,4
11871,returning,android,before,11
11872,returning,android,after,2
11873,new,android,before,4
11874,returning,ios,before,4
11875,new,web,after,1
11876,new,android,before,7
11877,returning,android,after,7
11878,new,android,after,2
11879,returning,android,after,8
11880,returning,ios,after,11
11881,new,android,before,0
11882,returning,ios,after,4
11883,returning,ios,after,8
11884,new,ios,after,2
11885,new,ios,after,1
11886,new,web,before,3
11887,new,ios,before,4
11888,new,ios,after,1
11889,returning,android,after,12
11890,new,web,before,3
11891,new,android,before,1
11892,returning,web,before,7
11893,new,android,before,3
11894,new,android,before,3
11895,returning,ios,after,8
11896,new,ios,after,1
11897,returning,android,after,4
11898,new,android,before,3
11899,new,android,after,0
11900,returning,android,after,9
11901,returning,android,after,11
11902,new,android,before,2
11903,new,ios,before,5
11904,new,ios,before,2
11905,returning,android,after,2
11906,new,ios,before,3
11907,new,web,after,2
11908,new,ios,before,2
11909,returning,ios,after,12
11910,returning,android,before,7
11911,returning,ios,before,9
11912,returning,android,after,8
11913,new,ios,after,4
11914,returning,ios,after,8
11915,returning,android,before,8
11916,new,ios,before,2
11917,returning,android,before,2
11918,returning,ios,after,11
11919,new,android,before,3
11920,new,ios,before,2
11921,returning,ios,after,7
11922,returning,android,before,2
11923,new,android,before,2
11924,new,web,before,3
11925,returning,web,after,20
11926,returning,android,before,9
11927,new,ios,before,6
11928,new,android,before,4
11929,returning,android,after,5
11930,returning,web,after,10
11931,new,android,before,2
11932,new,ios,before,2
11933,returning,web,before,3
11934,returning,android,after,4
11935,new,ios,before,3
11936,new,android,before,1
11937,new,android,before,7
11938,returning,android,after,11
11939,returning,web,after,2
11940,returning,ios,after,6
11941,returning,ios,before,8
11942,returning,ios,before,12
11943,new,web,before,2
11944,returning,ios,before,9
11945,returning,android,after,6
11946,returning,android,after,7
11947,new,web,before,4
11948,new,ios,after,0
11949,returning,ios,before,9
11950,new,web,after,4
11951,returning,android,after,8
11952,new,ios,before,2
11953,returning,ios,after,7
11954,new,web,after,2
11955,new,web,before,3
11956,new,android,before,1
11957,returning,ios,after,8
11958,returning,android,before,7
11959,returning,ios,before,9
11960,returning,web,after,9
11961,returning,ios,after,9
11962,returning,ios,after,3
11963,new,ios,before,2
11964,returning,ios,after,11
11965,new,ios,before,6
11966,returning,android,after,8
11967,new,android,after,1
11968,new,android,before,4
11969,returning,ios,after,11
11970,returning,ios,after,11
11971,returning,android,after,9
11972,new,android,before,2
11973,returning,ios,after,8
11974,new,web,before,5
11975,new,ios,before,1
11976,returning,ios,before,4
11977,returning,ios,after,5
11978,new,android,after,2
11979,new,ios,after,1
11980,new,ios,before,4
11981,new,android,after,5
11982,returning,ios,before,10
11983,new,ios,before,3
11984,returning,android,after,4
11985,returning,android,after,6
11986,new,ios,after,1
11987,new,ios,before,7
11988,new,ios,after,4
11989,returning,web,after,7
11990,new,android,after,1
11991,new,ios,before,5
11992,new,web,before,3
11993,new,android,after,4
11994,new,ios,after,1
11995,returning,web,after,3
11996,returning,android,after,4
11997,returning,android,before,11
11998,returning,android,after,7
11999,returning,web,before,7
12000,new,ios,after,3
