store_id,region,footprint_sqft,rating_before,remodeled,rating_after
1,South,5532,73.8,0,67.9
2,Northeast,8590,76.3,0,74.1
3,Northeast,3307,70.4,0,68.1
4,Midwest,6002,62.0,1,61.4
5,Northeast,7793,47.4,1,52.5
6,Northeast,8173,89.3,0,84.8
7,Midwest,5161,62.3,0,69.9
8,Northeast,7174,75.7,0,69.4
9,South,6498,72.9,0,69.1
10,West,6900,69.7,0,81.2
11,West,3542,94.2,0,88.5
12,West,4642,53.6,1,63.6
13,Northeast,8887,68.4,0,64.0
14,Midwest,7361,85.2,0,69.9
15,Northeast,4135,64.7,1,69.9
16,South,4742,69.2,0,62.4
17,Northeast,3935,57.7,1,66.1
18,Northeast,4577,82.0,0,65.0
19,South,1994,68.7,1,70.3
20,West,8634,70.8,0,61.3
21,Midwest,1690,71.3,0,94.9
22,South,1931,81.9,0,76.3
23,West,6666,69.1,1,66.3
24,West,2186,88.9,0,71.2
25,Northeast,7283,49.2,1,59.9
26,Northeast,3254,81.4,0,90.2
27,South,5559,68.6,0,78.6
28,South,3653,78.8,0,56.1
29,Midwest,8448,66.4,0,84.1
30,South,3333,54.8,1,49.9
31,West,1815,67.0,0,71.8
32,South,5642,75.2,0,72.3
33,West,4965,65.2,0,59.5
34,Midwest,5207,79.0,0,85.1
35,South,8818,59.8,0,73.7
36,Northeast,8663,61.3,1,47.6
37,West,1661,55.6,1,62.7
38,West,5014,79.8,0,73.7
39,Midwest,5546,95.9,0,62.5
40,Northeast,8811,76.9,0,84.7
41,South,8431,75.9,0,72.8
42,South,3307,56.0,0,57.2
43,West,5950,86.1,0,86.9
44,Midwest,4871,61.3,1,67.2
45,Northeast,7830,42.5,1,59.7
46,South,8101,76.3,0,79.9
47,South,4900,75.7,1,79.8
48,Midwest,3357,64.9,1,74.2
49,West,8208,76.7,1,78.3
50,Midwest,8097,82.4,0,75.8
51,West,8944,60.1,1,58.0
52,Midwest,5744,83.4,0,71.7
53,South,3574,72.3,0,55.7
54,Midwest,6820,86.7,0,70.7
55,West,3260,83.0,0,69.1
56,Northeast,5801,63.9,0,54.2
57,West,4730,79.7,0,82.1
58,South,6770,43.9,1,54.8
59,Midwest,8301,68.1,0,76.3
60,South,3906,77.6,0,70.1
61,Midwest,2952,80.8,0,82.0
62,Midwest,5411,57.5,1,64.0
63,Northeast,4425,71.8,0,64.9
64,Midwest,1569,71.4,0,84.3
65,West,7868,69.9,0,72.7
66,South,3254,83.4,0,91.8
67,Midwest,8513,60.3,1,79.2
68,Midwest,7518,79.2,0,64.9
69,Midwest,3402,78.1,0,82.7
70,Midwest,6323,96.5,0,100.0
71,West,2224,56.1,1,68.8
72,Northeast,4878,77.8,1,59.8
73,Midwest,7346,74.0,0,73.3
74,West,5049,70.6,0,77.1
75,Northeast,7078,81.2,0,81.8
76,Northeast,8283,82.4,0,57.0
77,Northeast,6380,60.9,1,62.0
78,West,8271,94.3,0,72.1
79,West,3402,50.0,1,43.5
80,Northeast,6012,73.9,0,62.6
81,Northeast,7284,95.3,0,100.0
82,West,5750,74.8,0,91.0
83,Northeast,5815,68.4,0,70.1
84,Midwest,1219,57.1,1,64.1
85,Northeast,7512,60.4,1,81.9
86,Midwest,4549,83.3,0,72.3
87,South,8153,97.4,0,86.6
88,Northeast,3909,52.0,1,65.1
89,South,4208,56.8,1,36.4
90,South,4667,67.8,1,78.6
91,Midwest,8841,84.1,0,82.2
92,Midwest,3190,57.6,1,81.8
93,South,5069,61.9,1,35.8
94,Northeast,5213,71.8,1,70.1
95,West,2733,83.4,0,83.9
96,Northeast,6121,81.9,0,60.2
97,Midwest,5777,61.8,1,79.8
98,Northeast,7176,65.4,1,53.3
99,Northeast,4536,61.7,0,68.3
100,Northeast,3509,74.7,0,67.4
101,West,8792,82.4,0,71.2
102,Midwest,8258,57.9,1,69.9
103,South,1372,75.2,0,68.9
104,Midwest,8018,92.1,0,79.9
105,South,5463,60.0,1,60.2
106,South,7177,64.0,1,77.5
107,West,5008,82.6,0,87.9
108,West,7404,56.6,1,72.3
109,South,3850,60.3,1,67.5
110,Midwest,6476,84.2,0,83.8
111,Northeast,3399,73.3,0,71.4
112,Midwest,2731,68.4,0,81.3
113,West,3671,58.0,1,49.6
114,Northeast,8705,78.9,0,88.0
115,South,4395,73.2,0,60.2
116,Midwest,2729,75.4,0,64.8
117,Northeast,7801,83.0,0,79.8
118,Midwest,3201,53.4,1,75.3
119,Midwest,2716,56.2,1,57.8
120,Midwest,7178,56.7,1,70.1
121,West,7665,68.2,0,77.8
122,Northeast,4495,71.7,0,54.3
123,West,8271,71.1,0,66.7
124,West,4371,66.3,0,65.1
125,West,5561,61.2,1,71.7
126,West,4655,75.8,0,47.4
127,West,1327,73.5,0,90.0
128,West,8625,56.0,1,48.6
129,South,2604,83.4,0,84.0
130,West,4082,73.7,0,77.1
131,South,4508,64.9,0,66.5
132,Northeast,7571,87.8,0,85.5
133,South,3090,54.7,1,54.0
134,South,6413,78.4,0,61.9
135,South,6969,71.4,0,68.8
136,South,2686,50.7,1,47.4
137,Northeast,4364,69.8,0,72.7
138,South,6081,82.4,0,94.8
139,South,5093,74.6,0,62.8
140,Midwest,4496,74.2,0,78.0
141,Midwest,5324,64.6,1,79.1
142,Midwest,5380,66.7,0,57.1
143,Northeast,4397,66.2,0,61.7
144,West,7211,82.9,0,86.5
145,South,6290,100.0,0,97.0
146,Northeast,2999,66.4,1,59.2
147,Northeast,8560,73.2,0,79.0
148,West,3727,65.2,0,67.0
149,Midwest,6367,65.8,0,62.0
150,Northeast,3522,65.9,0,64.3
151,West,8557,66.5,0,71.5
152,Northeast,3654,63.7,1,64.4
153,Midwest,5957,87.0,0,63.3
154,Midwest,2928,68.5,0,82.2
155,South,2837,71.4,1,76.8
156,Midwest,8911,88.9,0,82.1
157,West,7146,70.6,0,73.0
158,South,7241,92.2,0,88.1
159,South,4134,61.7,1,55.1
160,Northeast,2882,80.8,0,100.0
161,South,7709,55.7,1,75.6
162,South,7560,55.1,1,49.8
163,South,5486,75.0,1,73.6
164,Midwest,4527,96.3,0,79.2
165,West,6608,87.1,0,78.5
166,South,7273,76.6,0,73.0
167,West,3087,64.1,1,85.0
168,West,1710,56.0,1,60.8
169,West,5838,66.9,1,57.4
170,South,1669,57.3,1,54.8
171,Northeast,4861,59.5,0,62.1
172,Northeast,1965,82.5,0,76.7
173,Midwest,1825,48.0,0,60.2
174,Midwest,3650,94.6,0,100.0
175,Midwest,6135,78.7,0,70.9
176,Midwest,4045,69.5,1,62.6
177,West,3499,83.9,0,86.4
178,West,7392,72.8,0,70.3
179,Northeast,4485,72.8,0,64.5
180,West,4480,71.5,0,74.0
181,Midwest,3086,61.2,1,68.5
182,Northeast,4620,81.6,0,78.5
183,Northeast,5917,73.3,1,74.2
184,West,1536,87.8,0,67.9
185,Midwest,5093,65.5,0,67.5
186,West,5405,82.2,0,79.1
187,Midwest,4889,77.4,0,80.2
188,Midwest,2251,82.2,0,75.4
189,West,2003,56.8,1,64.7
190,Midwest,4621,78.6,0,66.4
191,South,6431,80.3,0,83.1
192,Midwest,8843,85.2,0,81.8
193,South,7527,75.8,0,65.6
194,West,2324,73.1,0,70.7
195,Midwest,4852,74.4,0,63.2
196,Midwest,8000,79.2,0,85.5
197,South,5245,61.2,1,44.7
198,Midwest,8921,62.4,1,65.7
199,Northeast,7097,43.3,1,48.3
200,South,5062,58.6,1,78.9
201,South,2153,74.4,0,55.6
202,Northeast,3706,84.1,0,72.6
203,West,5799,44.1,1,46.7
204,West,1230,68.7,0,58.3
205,West,7801,76.5,0,83.0
206,West,3500,77.4,0,78.2
207,South,2990,71.3,0,82.5
208,West,4799,54.6,1,50.9
209,West,4708,71.1,0,70.7
210,South,1983,85.2,0,66.5
211,Northeast,6791,95.8,0,85.4
212,Midwest,4892,67.1,1,69.3
213,West,3931,77.2,0,73.1
214,West,2996,77.6,1,74.2
215,West,8029,63.2,0,66.6
216,West,6582,81.9,0,77.8
217,South,1277,67.2,1,52.0
218,South,5800,64.6,1,63.0
219,West,2950,69.2,0,47.7
220,Midwest,3493,87.2,0,93.8
221,West,5135,63.0,1,71.8
222,Northeast,6225,80.2,0,85.1
223,Northeast,3353,59.4,1,63.0
224,West,3528,81.8,0,95.1
225,Northeast,1600,65.0,1,80.6
226,Northeast,6467,89.9,0,79.2
227,West,5605,90.3,0,87.8
228,South,5581,64.3,0,56.5
229,West,6505,61.7,0,59.5
230,West,8033,78.1,0,86.0
231,Midwest,6695,78.4,0,83.8
232,Northeast,7876,69.0,1,71.2
233,South,2372,78.6,0,96.6
234,Northeast,3949,65.6,0,68.5
235,Northeast,8702,77.6,0,68.0
236,Midwest,1840,72.6,0,65.2
237,Midwest,5860,67.2,0,84.7
238,Northeast,6292,86.7,0,68.0
239,South,8819,82.4,0,89.0
240,Northeast,2340,75.9,0,61.6
241,West,7952,62.4,0,48.8
242,Northeast,7592,79.9,0,81.5
243,Midwest,5654,62.6,0,59.9
244,Midwest,3356,70.4,0,76.2
245,South,7333,92.3,0,81.7
246,Midwest,6318,49.7,1,63.2
247,South,4385,72.7,0,70.0
248,South,8688,65.7,1,74.3
249,Northeast,3767,64.9,1,76.5
250,South,3581,80.2,0,70.7
251,West,5747,80.0,0,76.7
252,South,1247,97.3,0,95.2
253,South,4205,88.9,0,83.8
254,Northeast,2755,89.5,0,79.9
255,West,2242,76.6,0,93.3
256,Midwest,2513,89.6,0,92.5
257,West,3763,87.7,0,87.4
258,Northeast,3266,67.5,0,68.9
259,South,7230,76.1,0,84.2
260,South,3125,77.6,0,69.0
261,West,4090,70.1,0,88.3
262,West,4089,72.4,0,59.1
263,West,1215,90.7,0,73.1
264,South,3450,59.2,1,65.1
265,West,3760,83.5,0,64.7
266,Northeast,8423,56.4,0,61.4
267,West,3612,80.3,0,83.7
268,South,7100,60.3,0,58.6
269,Midwest,2181,61.8,1,68.6
270,Northeast,1708,70.3,0,86.4
271,South,4594,100.0,0,61.4
272,Midwest,8896,75.3,0,66.2
273,West,8554,66.3,1,62.5
274,Northeast,7682,77.8,0,61.4
275,West,1351,75.8,0,81.7
276,South,1756,77.0,0,62.7
277,South,1867,72.5,0,71.4
278,South,7046,63.0,0,58.3
279,West,7413,69.7,0,58.4
280,South,5530,83.0,0,82.1
281,Midwest,6398,66.4,0,61.6
282,West,4328,88.0,0,98.3
283,West,8138,60.2,1,58.7
284,West,8831,84.5,0,95.6
285,Northeast,1377,80.1,0,86.7
286,West,3312,72.0,0,74.9
287,Northeast,2051,75.0,0,44.5
288,South,6333,87.8,0,77.5
289,Midwest,4961,65.1,1,79.4
290,South,3725,78.0,0,88.1
291,West,7011,67.6,0,77.3
292,Midwest,5618,76.7,0,70.7
293,Northeast,3170,81.2,0,75.3
294,Midwest,6826,65.4,0,59.2
295,South,5912,60.7,1,67.1
296,West,6985,78.8,0,79.5
297,West,6745,64.9,1,45.3
298,West,8911,65.2,0,65.2
299,Northeast,6956,83.3,0,74.6
300,South,6123,74.0,0,69.1
301,West,4775,67.6,0,66.8
302,Midwest,5957,74.8,0,81.1
303,South,7680,76.1,0,73.6
304,South,4660,68.6,0,82.3
305,South,8735,85.2,0,82.1
306,South,6972,61.2,0,56.9
307,Midwest,8567,88.8,0,82.1
308,Northeast,2583,72.4,0,84.3
309,West,5343,75.0,0,86.3
310,Midwest,7408,58.2,0,61.4
311,West,6992,71.8,0,79.9
312,Midwest,8584,64.6,1,78.0
313,Midwest,3376,68.4,0,80.2
314,Northeast,4862,93.2,0,74.4
315,West,6049,86.0,0,68.7
316,South,7093,74.1,0,79.9
317,West,1384,81.2,0,76.2
318,West,2484,57.8,1,75.7
319,Northeast,5788,61.8,1,44.5
320,West,4280,69.1,1,68.4
321,Northeast,8165,57.8,0,67.9
322,Midwest,6442,69.6,0,45.7
323,Northeast,4884,72.8,0,73.9
324,South,5228,73.3,0,72.4
325,West,3751,91.0,0,97.6
326,South,4611,100.0,0,75.3
327,South,5728,73.4,0,74.9
328,Midwest,8889,67.3,0,89.5
329,West,8215,89.1,0,84.6
330,South,1957,59.7,0,61.4
331,Midwest,7588,77.4,0,72.5
332,Midwest,5779,77.1,0,70.9
333,West,2520,81.9,0,88.7
334,Northeast,4501,63.8,1,79.7
335,Midwest,4182,63.7,0,77.4
336,West,8861,85.2,0,92.2
337,South,3599,66.9,1,61.6
338,Northeast,2619,87.3,0,59.1
339,Midwest,4697,74.2,0,61.6
340,Midwest,2790,79.1,0,80.9
341,Northeast,4154,56.8,0,56.7
342,Northeast,2108,71.6,0,76.2
343,West,2977,67.8,0,52.4
344,South,7574,64.9,0,68.7
345,West,7399,96.7,0,100.0
346,Midwest,4683,73.4,0,70.8
347,Midwest,8822,75.8,1,73.7
348,Northeast,5254,89.1,0,80.2
349,West,4325,60.8,1,70.3
350,Northeast,7502,75.8,0,82.8
351,Northeast,6611,83.9,0,61.7
352,West,7965,51.0,1,72.9
353,Northeast,8224,84.8,0,84.3
354,Midwest,6871,63.9,1,69.4
355,West,7931,68.1,0,71.6
356,South,6563,73.0,1,80.7
357,West,2569,74.2,0,78.9
358,Northeast,4103,74.9,0,84.0
359,Midwest,7488,71.1,0,86.7
360,Northeast,6495,64.0,0,53.1
361,Northeast,6105,54.6,1,77.8
362,Northeast,5097,81.7,1,76.3
363,South,6079,62.3,0,60.8
364,Midwest,4884,88.6,0,77.9
365,Midwest,6482,75.2,0,62.7
366,Northeast,1402,79.3,0,77.6
367,South,6847,74.1,0,94.5
368,Midwest,5139,81.9,0,84.6
369,West,2731,55.7,1,82.3
370,South,3066,79.1,0,74.3
371,South,4759,76.6,0,83.0
372,Midwest,5009,66.9,0,69.5
373,Northeast,1242,100.0,0,77.3
374,Midwest,2417,86.7,0,67.8
375,Midwest,5819,59.2,1,57.4
376,Northeast,3411,60.1,1,67.5
377,Northeast,4495,56.9,1,78.6
378,West,8185,78.7,0,68.5
379,Midwest,8692,73.4,0,56.1
380,Northeast,8387,66.4,0,68.8
381,South,2159,65.6,0,69.8
382,West,1979,70.5,0,92.8
383,Northeast,6819,75.0,0,59.2
384,Midwest,5892,73.3,0,67.1
385,West,7095,61.1,1,54.4
386,West,4657,71.0,1,65.7
387,South,4100,79.4,0,63.3
388,Northeast,8456,84.8,0,68.5
389,Midwest,6162,90.1,0,83.7
390,South,4510,73.6,0,85.8
391,West,4368,67.0,0,58.8
392,Northeast,2406,47.3,1,46.0
393,South,2040,61.6,0,62.0
394,Midwest,2299,73.3,1,80.0
395,South,6898,70.6,0,71.2
396,Northeast,1816,53.9,1,64.1
397,West,8485,89.5,0,81.2
398,South,1634,82.9,0,64.7
399,Northeast,2037,59.0,0,59.6
400,Midwest,8732,59.5,1,76.5
401,Northeast,4672,54.2,1,65.7
402,West,7905,73.1,0,77.5
403,Midwest,8817,72.1,0,65.7
404,Midwest,4370,68.5,0,54.4
405,Midwest,8080,89.5,0,81.9
406,Northeast,3389,91.8,0,100.0
407,Midwest,1837,79.9,0,80.2
408,Northeast,5909,93.7,0,72.4
409,West,1290,68.8,0,55.7
410,West,6746,78.2,1,80.1
411,Midwest,6992,75.0,0,87.7
412,Northeast,1740,45.9,1,59.0
413,West,1823,62.4,0,61.2
414,West,4004,58.5,0,63.9
415,Midwest,5011,66.2,0,61.7
416,Midwest,8733,87.3,0,80.0
417,Midwest,1328,75.2,0,73.3
418,South,3294,70.2,0,86.7
419,South,4528,56.4,1,54.7
420,West,8741,95.8,0,89.4
421,Northeast,3265,82.9,0,71.9
422,Midwest,6779,56.0,1,56.5
423,South,7250,68.1,0,64.6
424,South,5490,51.0,1,52.1
425,Northeast,1847,66.8,1,50.9
426,Midwest,4686,60.7,0,69.5
427,Midwest,6088,83.5,0,82.1
428,Northeast,5140,74.4,0,83.4
429,South,4658,68.9,0,60.1
430,Northeast,7144,58.6,1,58.2
431,Midwest,3223,59.3,1,57.2
432,Northeast,3279,69.9,0,72.5
433,Midwest,4215,79.2,0,71.4
434,South,8647,93.2,0,72.2
435,West,5011,82.4,0,78.4
436,West,7911,73.4,0,66.6
437,South,5862,54.1,1,62.9
438,South,8310,96.8,0,94.4
439,South,2538,64.6,0,70.5
440,South,2546,70.8,0,62.0
441,Midwest,5684,63.6,1,60.8
442,South,2447,66.6,0,82.4
443,West,2728,93.4,0,83.0
444,South,5982,58.0,1,64.3
445,South,4220,51.1,1,53.6
446,West,6658,73.3,0,77.8
447,West,7670,69.3,0,67.4
448,Northeast,8939,64.0,0,51.9
449,South,4173,58.2,1,63.1
450,South,1527,67.1,0,76.5
451,Midwest,1458,67.7,1,60.2
452,Northeast,6788,80.9,0,77.0
453,West,3210,67.3,1,66.0
454,Northeast,8317,82.9,0,85.2
455,West,4342,93.4,0,71.8
456,West,2938,55.0,1,82.1
457,Northeast,2800,72.7,0,69.1
458,Midwest,8843,72.2,0,52.6
459,South,7821,69.4,0,69.1
460,West,2793,100.0,0,100.0
461,Midwest,6749,62.1,0,64.5
462,Midwest,1804,80.8,0,59.0
463,West,3038,94.6,0,80.4
464,West,8899,47.9,1,73.1
465,South,1486,83.2,0,83.2
466,Midwest,5449,67.5,1,68.4
467,Midwest,3392,80.5,1,64.7
468,Midwest,7325,87.8,0,77.4
469,Midwest,2668,91.5,0,74.0
470,West,1240,50.2,1,59.8
471,Midwest,2550,75.5,0,78.4
472,Northeast,3845,67.6,1,82.1
473,South,7246,65.6,1,83.9
474,Northeast,5778,69.5,1,72.2
475,Midwest,3494,71.1,1,71.0
476,Northeast,5288,92.3,0,73.8
477,South,5893,76.6,0,77.0
478,South,2978,55.6,0,69.0
479,Midwest,2948,60.1,1,75.3
480,South,2721,92.8,0,92.8
481,West,2101,79.9,0,88.2
482,Northeast,2604,75.0,0,72.5
483,Northeast,5539,76.5,0,63.2
484,Midwest,8667,68.6,1,61.5
485,West,1728,67.0,1,70.5
486,South,2894,77.2,0,78.2
487,West,8809,81.9,0,79.0
488,South,3275,81.9,0,83.1
489,Midwest,7523,72.9,0,84.0
490,South,3513,69.7,0,57.6
491,South,3013,87.4,0,78.0
492,West,7773,71.9,0,74.8
493,Northeast,1554,82.8,0,74.5
494,South,7158,77.4,0,84.2
495,Midwest,3111,54.5,1,70.0
496,West,5562,81.2,0,74.2
497,Midwest,3919,55.4,1,66.1
498,Midwest,1983,80.8,0,63.4
499,West,5981,70.7,0,60.1
500,Northeast,2392,69.2,0,75.9
501,South,5774,70.3,1,77.5
502,Northeast,7042,70.4,0,74.7
503,Northeast,1628,95.4,0,93.2
504,West,1539,61.7,0,69.9
505,Midwest,4610,80.4,0,75.7
506,South,3546,68.0,0,54.9
507,South,5246,61.3,0,68.4
508,Midwest,2117,65.6,1,62.7
509,Northeast,3898,65.7,0,77.2
510,South,8579,75.5,0,79.4
511,Midwest,5955,61.9,1,79.4
512,West,5248,60.3,1,48.2
513,South,1371,65.6,0,86.8
514,South,4703,56.2,1,68.0
515,South,1472,67.6,1,77.7
516,Midwest,4911,84.3,0,91.7
517,Midwest,3848,54.6,1,55.8
518,Midwest,6532,77.0,1,88.7
519,Midwest,2028,57.0,1,58.5
520,South,5747,74.7,0,64.3
521,West,1559,52.0,1,61.3
522,South,8457,89.8,0,79.8
523,South,7680,71.2,0,68.5
524,Northeast,3843,92.8,0,94.7
525,Northeast,4786,81.1,0,65.9
526,Northeast,7070,75.3,0,67.2
527,Northeast,1807,44.3,1,76.0
528,West,4833,52.9,1,68.9
529,Northeast,4447,67.2,1,84.4
530,South,1383,93.6,0,56.8
531,Midwest,8994,71.7,1,59.9
532,South,1483,74.8,0,80.0
533,West,8067,66.0,1,68.1
534,Midwest,7873,59.8,1,77.4
535,South,5946,83.7,0,88.6
536,West,1252,60.4,1,53.3
537,South,5980,70.5,0,80.8
538,Midwest,5667,56.0,0,67.8
539,Midwest,3080,96.4,0,91.9
540,West,2231,74.5,1,83.7
541,Midwest,1235,54.4,1,69.8
542,Midwest,3132,75.2,0,83.2
543,Northeast,4233,52.1,1,66.2
544,South,1563,79.9,0,89.0
545,Northeast,3354,68.2,1,61.6
546,West,7712,52.6,1,64.8
547,Midwest,3727,79.1,0,94.4
548,West,6973,84.7,0,74.7
549,Northeast,6269,70.2,1,60.5
550,Northeast,2609,78.5,0,66.8
551,Northeast,2123,64.6,0,81.7
552,South,5165,66.9,1,71.3
553,West,1416,86.7,0,71.6
554,South,3984,63.6,0,54.6
555,Northeast,5002,40.8,1,37.8
556,South,1986,83.3,0,78.5
557,West,8892,72.9,0,69.1
558,West,5658,56.6,1,72.5
559,West,2082,55.6,1,62.5
560,West,1485,91.6,0,69.1
561,Midwest,8197,82.0,0,67.4
562,South,8361,58.6,1,71.4
563,West,3081,70.5,0,68.2
564,Midwest,5518,66.4,1,88.2
565,Northeast,7552,55.1,1,57.3
566,West,2711,68.2,0,73.7
567,Northeast,3490,59.7,0,75.5
568,Midwest,5509,66.9,0,72.8
569,Midwest,6505,64.8,1,86.5
570,Midwest,2670,55.6,1,57.7
571,Midwest,7805,62.8,1,72.7
572,Midwest,3152,62.1,1,54.5
573,Midwest,5865,64.8,0,72.8
574,West,2386,61.6,1,56.2
575,Midwest,8326,62.4,0,91.9
576,Midwest,5899,70.3,0,82.8
577,South,8097,54.4,1,61.1
578,West,4675,77.4,1,70.6
579,Midwest,4673,87.0,0,64.6
580,Midwest,4081,48.7,1,53.3
581,Northeast,1576,48.4,1,30.5
582,Midwest,7738,60.8,1,76.0
583,South,5249,60.9,1,78.6
584,Northeast,3936,84.8,0,71.3
585,West,4574,48.0,1,67.6
586,West,1640,72.1,0,78.1
587,South,5763,58.8,1,54.4
588,Northeast,3911,86.3,0,82.5
589,South,5058,52.9,1,66.7
590,South,7137,74.3,0,70.6
591,Midwest,6283,71.1,0,63.9
592,West,7148,86.7,0,80.4
593,West,2213,79.3,0,69.0
594,South,3477,91.4,0,81.2
595,Midwest,6122,78.0,0,70.1
596,Northeast,6426,71.7,1,79.9
597,South,4509,69.4,0,79.3
598,Northeast,6794,74.4,1,73.4
599,Midwest,5982,77.2,0,88.2
600,South,5101,61.3,1,69.8
601,South,3931,52.6,1,58.7
602,Northeast,5166,56.4,1,56.3
603,West,4468,63.7,1,59.5
604,West,7100,53.9,1,48.9
605,Northeast,2185,78.0,0,72.3
606,West,4672,53.9,1,56.1
607,West,5089,96.3,0,78.1
608,Midwest,6648,66.0,0,69.6
609,West,6462,67.6,0,63.6
610,West,7697,76.0,0,86.0
611,South,2161,67.5,1,73.2
612,Northeast,3621,57.9,1,64.0
613,Midwest,7917,63.8,0,72.3
614,South,8810,76.5,0,83.6
615,South,8441,57.0,0,65.9
616,South,7915,100.0,0,87.1
617,South,6414,84.5,0,83.1
618,Northeast,2923,64.8,1,86.2
619,Northeast,5652,56.2,0,65.0
620,Northeast,4378,76.6,0,79.2
621,West,7881,59.2,0,69.3
622,South,8322,49.0,1,38.5
623,Northeast,2054,68.4,0,75.6
624,West,7831,58.0,1,57.3
625,West,2726,77.6,0,65.0
626,Northeast,5533,57.9,1,65.0
627,Midwest,7477,74.7,0,61.0
628,Midwest,4063,65.2,0,61.5
629,Northeast,8376,57.3,1,68.8
630,South,8268,44.5,1,83.3
631,Midwest,3133,61.2,0,77.5
632,Northeast,1316,86.9,0,73.5
633,Midwest,8315,75.7,0,65.5
634,Northeast,3825,82.0,0,73.2
635,West,8365,86.1,0,87.3
636,South,8886,53.7,1,53.8
637,West,8843,76.5,0,72.4
638,Northeast,4169,73.8,0,60.8
639,West,1777,66.0,1,61.4
640,Northeast,7657,97.6,0,91.0
641,Midwest,1384,62.7,0,62.4
642,Northeast,1499,85.1,0,93.4
643,Midwest,7716,100.0,0,95.8
644,West,1909,49.0,1,48.5
645,South,2667,77.8,0,83.5
646,Midwest,6318,57.7,0,62.3
647,Midwest,1986,95.5,0,79.9
648,Northeast,2686,72.4,0,75.3
649,Northeast,3730,42.5,1,52.3
650,South,5035,78.9,0,54.3
651,Northeast,8701,71.2,0,79.4
652,South,5138,83.8,0,77.0
653,South,1848,91.1,0,83.7
654,Northeast,6069,64.8,1,54.6
655,Midwest,2195,84.3,0,100.0
656,Midwest,1662,69.7,1,79.1
657,South,1874,60.1,1,51.0
658,South,4576,87.3,0,84.4
659,Northeast,6855,88.9,0,100.0
660,South,8551,69.9,0,75.8
661,Northeast,8873,88.9,0,80.7
662,South,8160,71.6,0,75.3
663,Midwest,6414,46.6,1,50.1
664,Northeast,5341,93.3,0,89.9
665,Midwest,1742,77.6,0,95.5
666,West,5714,88.1,0,74.8
667,Northeast,7022,78.9,0,82.2
668,West,1653,63.8,1,79.7
669,West,6088,64.4,1,71.9
670,Midwest,2286,75.1,0,84.8
671,South,8611,62.1,1,75.6
672,Midwest,7803,64.2,0,56.5
673,Midwest,8540,65.8,0,59.7
674,Northeast,3855,79.4,0,76.1
675,Northeast,2351,62.9,1,64.0
676,Northeast,2264,75.1,0,72.7
677,South,2058,93.3,0,90.1
678,Northeast,1630,82.7,0,77.3
679,Midwest,8921,83.5,1,70.0
680,South,6055,74.4,0,68.1
681,Northeast,2942,69.7,0,67.8
682,Midwest,7746,72.9,0,49.8
683,Northeast,7806,69.2,0,61.1
684,Northeast,2181,56.8,1,68.1
685,South,4250,76.4,0,69.3
686,West,4781,80.0,0,52.8
687,Northeast,5268,73.4,0,96.1
688,West,7676,74.3,0,65.7
689,South,7739,70.8,0,52.6
690,West,7012,81.9,0,69.3
691,Midwest,8775,87.8,0,64.8
692,Midwest,8241,87.3,0,75.5
693,Midwest,1303,82.0,0,76.1
694,Northeast,2114,79.5,0,47.7
695,West,1879,65.3,0,65.9
696,South,2037,85.6,0,64.0
697,Northeast,4618,54.0,1,42.5
698,West,2290,62.9,0,62.5
699,South,5592,84.4,0,64.9
700,Northeast,7666,73.6,0,68.0
701,South,2198,78.8,1,95.3
702,South,4235,84.2,0,83.6
703,West,3892,42.3,1,65.8
704,South,7941,61.9,1,61.5
705,Northeast,2958,79.0,0,89.8
706,Midwest,6354,50.6,1,65.3
707,West,4100,58.7,1,71.7
708,Midwest,7379,57.2,1,75.7
709,Northeast,4081,78.7,0,75.1
710,West,7649,67.9,0,93.0
711,South,3044,56.8,1,66.3
712,West,6275,67.1,0,71.0
713,South,4221,82.3,0,77.1
714,Midwest,4076,73.7,0,69.2
715,Midwest,3245,70.3,0,63.8
716,Northeast,4431,61.3,1,63.2
717,South,3779,52.9,1,59.2
718,Midwest,2866,60.5,0,74.9
719,Northeast,8977,78.6,0,83.9
720,Midwest,1342,63.9,0,69.4
721,Northeast,1714,63.4,1,76.6
722,South,2441,48.3,1,48.6
723,Midwest,7649,52.1,1,76.7
724,West,2014,86.9,0,90.9
725,Northeast,2439,64.3,0,64.9
726,Northeast,6368,70.4,1,65.0
727,Northeast,2941,70.6,0,52.7
728,Midwest,1405,44.0,1,72.8
729,Midwest,1304,87.8,0,96.0
730,Northeast,1769,73.8,0,66.5
731,Northeast,8568,74.7,0,69.8
732,Midwest,3121,67.0,0,76.5
733,West,6007,92.8,0,77.9
734,Northeast,1246,52.1,1,62.7
735,West,3163,50.0,1,65.2
736,West,5979,76.0,0,60.4
737,South,8302,60.0,1,68.2
738,Midwest,4785,84.1,0,77.8
739,Northeast,4659,67.8,0,79.4
740,South,1900,85.1,0,88.6
741,Midwest,5179,60.1,1,70.4
742,Midwest,2816,71.7,0,54.3
743,Northeast,2287,78.4,0,64.0
744,South,6909,49.5,1,65.3
745,South,4817,61.5,1,86.2
746,Northeast,7162,69.2,0,71.4
747,Midwest,1945,55.8,1,51.2
748,West,6978,71.5,0,69.3
749,Midwest,1733,100.0,0,91.6
750,Northeast,8012,80.3,0,85.1
751,South,8598,80.7,0,79.9
752,Midwest,1648,78.7,0,67.1
753,Northeast,8937,74.7,0,53.6
754,West,1843,76.1,0,75.9
755,West,1939,75.4,0,73.6
756,South,2875,96.7,0,99.7
757,Northeast,1373,73.8,0,61.5
758,West,2312,100.0,0,91.8
759,Northeast,6041,66.4,0,61.1
760,Northeast,2782,78.9,0,77.8
761,West,4253,59.2,1,61.9
762,Midwest,7112,74.0,0,72.2
763,South,4013,52.5,1,61.4
764,Midwest,2931,48.9,1,52.6
765,Midwest,6581,65.6,0,61.7
766,South,7397,43.5,1,51.3
767,Midwest,1400,100.0,0,96.5
768,West,6482,94.8,0,81.8
769,Midwest,5538,85.2,0,89.4
770,Midwest,3757,85.0,0,70.9
771,Midwest,3740,72.3,0,75.7
772,Northeast,7143,72.9,0,68.5
773,Midwest,5900,77.0,0,63.1
774,West,4269,61.8,0,63.8
775,South,1758,54.4,1,52.3
776,South,5132,84.4,0,70.9
777,West,3999,85.4,0,78.3
778,South,5997,79.7,0,85.8
779,Midwest,5476,89.7,0,81.7
780,South,1310,75.8,0,85.3
781,South,8110,100.0,0,100.0
782,Midwest,5644,86.8,0,71.7
783,Northeast,7804,71.1,0,71.7
784,West,8269,62.4,1,76.7
785,Midwest,3653,81.4,0,86.3
786,South,7123,67.1,1,57.8
787,Midwest,7448,73.6,0,73.6
788,Northeast,4803,53.5,0,52.0
789,West,3117,72.8,0,60.1
790,Northeast,3400,93.4,0,100.0
791,West,2656,68.4,0,63.2
792,Midwest,6222,81.7,0,95.8
793,South,5067,45.9,1,68.9
794,West,5239,68.6,1,85.3
795,South,3882,63.3,0,65.4
796,South,7740,72.0,0,68.2
797,Midwest,1752,92.3,0,79.1
798,West,8304,65.2,0,58.5
799,South,3978,63.0,1,80.6
800,West,3022,77.3,0,65.7
801,Northeast,1301,75.7,1,67.5
802,South,7803,70.6,0,71.2
803,South,7763,72.7,0,70.9
804,Northeast,2466,62.0,1,65.3
805,Midwest,3340,73.4,0,81.3
806,Northeast,3744,90.4,0,62.5
807,South,4536,55.4,1,83.1
808,Midwest,7201,63.2,0,66.2
809,West,8744,55.0,1,58.9
810,West,6739,67.1,0,80.8
811,South,4684,78.1,0,68.0
812,South,3168,86.5,0,63.0
813,Midwest,4445,83.0,0,55.0
814,Midwest,7855,64.9,1,57.9
815,South,7986,77.0,0,72.1
816,South,4017,88.4,0,70.4
817,Midwest,7917,76.2,0,93.5
818,South,5172,68.0,1,64.6
819,Northeast,6051,63.1,1,72.1
820,West,3495,65.0,1,69.6
821,West,8382,77.9,0,81.3
822,South,6385,63.7,0,66.9
823,South,4571,81.3,0,86.3
824,West,8115,58.1,1,61.2
825,Northeast,3774,65.8,1,78.1
826,West,7932,73.0,0,71.0
827,South,3074,55.4,1,52.3
828,West,8446,78.1,0,83.9
829,South,8158,76.8,0,69.0
830,South,1439,65.5,0,67.2
831,West,1418,66.2,0,81.5
832,West,5431,61.6,0,80.5
833,South,6299,90.8,0,75.5
834,Midwest,6121,82.3,0,75.2
835,Midwest,3985,72.2,0,63.4
836,South,1252,68.0,1,69.1
837,West,2471,79.4,0,88.5
838,South,7998,80.3,0,66.8
839,Northeast,2017,73.5,0,85.5
840,West,4078,67.6,1,55.5
841,Midwest,5131,70.9,1,78.6
842,West,4178,66.7,0,70.6
843,Northeast,4151,56.5,0,64.1
844,South,5060,75.7,0,90.3
845,South,7629,70.5,1,69.3
846,South,5951,64.1,0,62.0
847,West,2807,70.1,0,74.6
848,Northeast,7538,79.2,1,66.1
849,Northeast,2356,50.3,1,64.0
850,West,6215,70.2,0,80.9
851,West,8016,70.4,0,73.4
852,South,5709,72.1,0,90.7
853,Northeast,6971,51.6,1,56.9
854,West,1863,87.9,0,90.4
855,West,4708,68.4,1,62.7
856,Midwest,3781,75.8,0,64.7
857,Northeast,4737,71.9,0,60.7
858,Northeast,1867,77.0,0,79.5
859,South,7528,68.1,1,78.4
860,West,8591,86.3,0,77.0
861,Midwest,4347,69.4,1,76.2
862,West,1345,88.3,0,90.1
863,Midwest,3903,73.6,0,66.3
864,South,2939,72.2,0,73.7
865,Northeast,3488,67.0,0,57.4
866,Midwest,7273,75.4,0,59.8
867,Northeast,4876,85.3,0,81.7
868,West,4421,65.1,0,49.6
869,South,2723,84.8,0,87.7
870,Northeast,7895,67.4,0,75.2
871,Midwest,2491,60.3,1,79.5
872,West,6557,75.7,0,76.0
873,Midwest,7094,88.3,0,86.1
874,Northeast,8651,81.9,0,69.1
875,West,6093,59.3,1,60.1
876,South,4324,72.9,0,68.4
877,South,2195,75.1,0,80.5
878,Northeast,4644,82.9,0,59.7
879,Midwest,8602,80.4,0,78.0
880,West,2670,46.9,1,53.1
881,West,7423,74.2,1,66.9
882,South,2823,80.8,0,77.3
883,Midwest,1548,76.0,0,72.1
884,South,3142,58.3,1,70.5
885,South,6172,89.5,0,80.6
886,Midwest,7681,48.1,1,54.7
887,South,5199,75.3,0,69.0
888,Northeast,3550,66.7,0,70.9
889,South,8923,70.7,0,65.8
890,South,3905,71.1,0,84.4
891,Northeast,5476,88.4,0,71.2
892,South,7598,55.9,1,63.9
893,South,6469,75.9,1,71.3
894,South,8751,74.9,0,77.5
895,Midwest,6479,47.0,1,74.3
896,Midwest,2197,60.3,1,66.2
897,Northeast,6663,65.0,0,68.3
898,West,3588,64.3,1,74.8
899,West,3078,77.4,0,92.2
900,Northeast,2818,90.8,0,76.4
901,Midwest,1631,69.9,0,71.2
902,West,6512,58.3,1,41.3
903,West,8950,73.2,0,64.9
904,South,5365,62.1,0,55.5
905,West,4294,60.1,1,68.3
906,Northeast,5499,68.5,0,71.8
907,South,4538,63.2,1,88.3
908,South,2594,76.6,0,76.1
909,South,1756,73.1,0,72.4
910,South,4336,71.4,0,65.8
911,Midwest,1717,72.0,0,74.3
912,South,8982,69.7,0,77.7
913,South,3139,72.6,0,78.5
914,Northeast,4622,79.0,0,62.3
915,Northeast,2119,71.7,0,69.0
916,Midwest,8667,56.7,0,73.8
917,South,1489,85.0,0,73.4
918,South,4040,76.9,0,86.0
919,Northeast,1987,74.4,0,72.4
920,Northeast,3727,57.7,1,57.8
921,South,6699,59.6,1,60.3
922,Northeast,6646,75.0,0,84.6
923,Northeast,5893,73.3,0,78.2
924,Northeast,5682,58.9,1,57.8
925,Northeast,5414,90.0,0,94.2
926,Northeast,2351,82.4,0,88.6
927,West,1679,78.3,0,86.2
928,Northeast,3608,91.4,0,93.2
929,Midwest,8934,59.5,1,72.7
930,Northeast,6025,54.2,0,59.9
931,West,3371,74.3,0,64.4
932,Midwest,2471,74.5,0,71.7
933,West,3254,52.2,1,59.4
934,Northeast,3392,82.9,0,69.1
935,West,5495,79.3,0,73.9
936,South,7501,60.3,1,54.6
937,West,6212,57.9,1,57.9
938,South,4134,55.1,1,53.4
939,South,5476,66.1,0,61.2
940,Midwest,1768,72.7,0,69.2
941,Midwest,6041,76.3,0,78.8
942,West,5554,64.6,0,67.7
943,South,2863,69.0,0,67.7
944,West,6960,66.3,0,66.6
945,West,7750,61.1,0,49.7
946,Midwest,6636,67.9,0,69.6
947,South,8004,69.1,0,67.7
948,Northeast,5912,67.5,0,73.2
949,South,1824,75.4,0,71.8
950,Midwest,4543,57.4,0,54.7
951,South,2372,74.0,0,67.7
952,Midwest,2538,49.9,1,53.5
953,Midwest,6873,78.8,0,57.5
954,South,5229,88.8,0,78.5
955,Northeast,4964,76.7,0,50.1
956,South,5704,71.3,0,65.8
957,West,4324,64.0,0,57.8
958,Midwest,8009,76.8,0,67.3
959,Midwest,2971,68.2,0,78.8
960,South,4698,79.5,0,74.8
961,Midwest,8672,76.3,0,92.1
962,West,6288,37.3,1,62.5
963,Midwest,8860,70.3,0,55.9
964,South,5487,76.9,0,86.7
965,West,1621,53.7,1,57.5
966,West,6893,82.4,1,71.7
967,Northeast,5571,62.2,0,84.8
968,Northeast,4830,75.5,0,70.1
969,South,3979,73.8,0,87.0
970,Northeast,4803,77.8,0,77.8
971,Midwest,4623,83.7,0,76.7
972,Northeast,4397,55.4,0,46.6
973,Northeast,3081,71.3,1,61.8
974,West,7519,61.1,0,84.6
975,Northeast,5563,60.8,0,59.8
976,Midwest,7571,95.2,0,92.5
977,West,2278,75.2,0,65.0
978,South,8203,84.2,0,51.6
979,Midwest,4783,71.7,0,69.4
980,Northeast,5164,73.0,0,59.7
981,South,7769,63.9,0,65.3
982,Northeast,5888,81.9,0,81.6
983,West,2719,81.2,0,93.2
984,Midwest,7671,42.1,1,57.0
985,South,6574,73.9,0,73.7
986,Midwest,1901,64.9,1,74.6
987,West,7355,73.6,0,78.1
988,Midwest,1538,82.5,0,87.6
989,Midwest,8737,70.3,0,76.6
990,Midwest,6291,67.2,0,55.3
991,West,6974,70.4,0,75.0
992,Midwest,3509,87.0,0,81.1
993,West,6902,86.5,0,73.5
994,Midwest,3237,73.2,0,70.8
995,Midwest,6831,68.2,1,67.5
996,Northeast,5344,84.5,0,70.3
997,West,8304,89.7,0,66.2
998,Northeast,2661,74.7,0,74.4
999,Midwest,7749,77.7,0,76.3
1000,South,1273,73.3,1,64.6
1001,Midwest,3548,70.6,0,72.3
1002,Midwest,4834,89.7,0,91.3
1003,Northeast,1516,85.2,0,75.4
1004,Northeast,1666,76.8,0,75.7
1005,West,6733,56.6,1,46.2
1006,West,5202,56.4,0,74.7
1007,West,4626,63.4,0,62.5
1008,Northeast,8368,88.9,0,71.1
1009,South,8477,75.8,0,76.6
1010,Midwest,3363,66.4,0,70.5
1011,South,4198,80.1,0,72.1
1012,South,7360,69.9,0,80.4
1013,Northeast,6450,76.3,0,77.1
1014,Midwest,4390,50.6,1,64.2
1015,South,1713,87.0,0,80.4
1016,Northeast,8413,64.5,0,76.2
1017,Northeast,6657,83.5,0,76.9
1018,Northeast,1430,74.7,0,76.2
1019,Midwest,5070,60.1,1,55.3
1020,West,1707,63.5,1,67.2
1021,Midwest,8390,50.8,1,68.6
1022,West,3488,77.8,0,76.8
1023,West,8789,84.6,0,78.1
1024,Northeast,4581,75.6,0,82.0
1025,West,2792,66.3,1,56.5
1026,South,8974,70.6,0,63.3
1027,Midwest,7043,65.5,0,85.8
1028,Northeast,2888,69.6,0,71.8
1029,South,2346,84.3,0,78.9
1030,West,8005,68.0,0,70.6
1031,South,1804,84.7,0,52.5
1032,South,2151,66.3,1,67.7
1033,Midwest,4815,82.8,0,84.1
1034,West,5611,46.4,1,59.0
1035,Northeast,6718,70.3,0,71.6
1036,Northeast,7554,82.6,0,71.2
1037,West,3130,91.8,0,85.7
1038,West,8974,64.3,1,54.4
1039,Northeast,3710,51.5,1,59.7
1040,Midwest,8904,80.4,0,80.7
1041,West,7243,73.3,0,90.7
1042,South,1582,80.9,0,75.1
1043,South,1908,85.6,0,82.4
1044,South,2402,60.7,0,66.0
1045,South,8063,79.6,0,66.7
1046,South,3311,80.8,0,73.0
1047,South,2435,81.7,0,72.8
1048,West,1620,70.7,1,78.0
1049,West,5315,92.3,0,86.2
1050,Northeast,5819,41.3,1,47.5
1051,Midwest,7268,58.4,1,61.1
1052,South,4047,55.6,1,54.1
1053,Midwest,3173,58.2,1,84.7
1054,Midwest,4321,77.3,0,69.7
1055,Midwest,5185,55.0,1,66.1
1056,South,4800,83.7,0,96.6
1057,Northeast,2441,63.4,0,70.3
1058,West,6780,74.9,0,68.6
1059,Northeast,1631,69.6,0,89.5
1060,Northeast,4360,83.2,0,94.1
1061,West,8738,64.3,1,67.9
1062,Northeast,7218,71.7,0,80.4
1063,South,3128,48.2,1,45.7
1064,South,1693,76.0,0,69.4
1065,West,2720,58.4,1,61.5
1066,Northeast,6177,66.8,1,75.1
1067,West,8275,76.7,0,65.2
1068,West,4687,69.1,1,73.5
1069,West,7905,76.8,0,85.8
1070,Midwest,7813,74.9,1,78.8
1071,Northeast,4766,83.5,0,95.5
1072,West,8027,70.7,0,67.7
1073,Midwest,5784,85.4,0,78.8
1074,West,6019,68.8,0,68.5
1075,South,8362,73.3,0,63.4
1076,Northeast,7789,61.8,0,73.6
1077,Northeast,2067,97.7,0,93.6
1078,West,6810,58.0,1,54.7
1079,South,6105,81.7,0,67.5
1080,Northeast,5172,78.1,0,77.3
1081,South,2056,77.7,0,73.4
1082,Northeast,6874,65.8,1,58.9
1083,South,8173,60.9,0,73.0
1084,West,4151,60.4,1,63.6
1085,South,5715,95.0,0,67.7
1086,Midwest,8850,69.3,0,64.6
1087,Midwest,4783,58.2,1,49.9
1088,South,2230,86.2,0,79.2
1089,Midwest,2968,78.4,0,76.8
1090,Northeast,2604,65.2,0,61.8
1091,Midwest,2910,73.6,0,76.2
1092,South,5329,57.9,1,34.4
1093,West,5850,68.1,0,78.7
1094,Northeast,2004,84.9,0,62.4
1095,West,2818,46.0,1,51.5
1096,Northeast,5106,64.9,0,61.7
1097,South,7322,92.3,0,91.4
1098,Midwest,1888,37.6,1,67.0
1099,West,4755,66.4,1,74.7
1100,South,5799,61.3,1,65.7
1101,South,6985,66.0,0,63.6
1102,South,8196,62.4,1,60.3
1103,Northeast,5192,75.4,1,85.2
1104,West,8810,65.3,1,77.0
1105,South,7606,100.0,0,88.1
1106,Midwest,7224,74.3,0,83.9
1107,West,2915,62.6,0,65.4
1108,West,7007,63.5,1,55.5
1109,West,5042,59.5,1,59.6
1110,Northeast,5986,72.6,0,60.0
1111,Midwest,7365,91.2,0,66.1
1112,Northeast,4191,82.6,0,93.8
1113,West,6155,74.9,0,61.3
1114,South,1314,73.7,0,85.9
1115,South,6965,73.2,0,54.6
1116,South,7513,64.3,0,62.2
1117,Northeast,7633,84.1,0,72.5
1118,Midwest,6311,86.3,0,71.3
1119,West,1448,52.5,1,75.8
1120,Northeast,5219,60.3,1,60.5
1121,Northeast,7284,58.4,1,63.7
1122,West,2612,63.3,0,84.9
1123,Midwest,5535,68.7,0,64.3
1124,Midwest,8725,77.7,0,90.3
1125,Northeast,4174,76.9,0,89.2
1126,South,8714,79.6,0,74.4
1127,West,2780,63.3,1,74.4
1128,South,2650,64.9,0,64.5
1129,West,2286,67.9,0,71.0
1130,South,8213,76.9,0,65.2
1131,Midwest,6782,50.5,1,57.2
1132,Midwest,6385,90.9,0,83.7
1133,Northeast,4482,56.8,0,64.4
1134,Northeast,2541,79.2,0,76.8
1135,Midwest,5764,88.5,0,89.5
1136,Northeast,5066,87.9,0,87.6
1137,Midwest,8675,68.6,0,51.3
1138,West,8369,100.0,0,100.0
1139,South,7834,81.7,0,70.4
1140,South,7782,59.0,1,71.2
1141,South,1325,74.3,0,81.6
1142,West,3163,92.3,0,78.3
1143,Northeast,4031,89.1,0,71.0
1144,West,4607,72.5,0,83.0
1145,Northeast,4763,63.5,0,60.3
1146,Midwest,6483,65.0,0,78.5
1147,Midwest,8552,78.0,0,80.1
1148,Midwest,6900,87.2,0,95.2
1149,Northeast,1324,75.6,0,77.3
1150,Midwest,3373,61.4,1,72.2
1151,Northeast,7250,85.0,0,53.2
1152,South,4598,71.2,0,81.2
1153,West,5542,51.1,1,42.5
1154,South,8035,84.4,0,64.8
1155,Northeast,7045,70.5,0,68.9
1156,Midwest,3331,72.6,0,71.4
1157,Midwest,4910,72.7,0,70.1
1158,South,6503,62.4,1,57.8
1159,South,3935,65.6,0,76.4
1160,South,3435,72.1,0,69.7
1161,Midwest,3365,79.7,0,86.5
1162,Northeast,6396,75.4,0,74.0
1163,West,4466,91.8,0,86.6
1164,Northeast,8165,58.9,1,72.8
1165,West,4366,95.1,0,88.2
1166,Northeast,4965,58.4,1,50.5
1167,Midwest,5882,64.3,1,68.3
1168,South,5861,93.8,0,84.2
1169,West,4500,61.6,0,67.2
1170,South,4400,79.6,0,87.1
1171,Northeast,5176,64.5,0,55.6
1172,Northeast,3867,69.5,0,64.8
1173,South,1758,63.1,0,62.0
1174,South,2738,95.6,0,81.2
1175,Northeast,8097,76.5,0,86.3
1176,Midwest,7969,65.5,0,64.2
1177,South,5519,66.5,0,74.1
1178,South,1342,69.3,0,56.0
1179,Midwest,1510,62.4,1,68.0
1180,Midwest,6802,74.7,0,81.1
1181,West,1704,79.2,1,66.1
1182,Midwest,4312,82.0,0,64.4
1183,South,8232,66.3,0,66.5
1184,Northeast,3841,84.5,0,78.8
1185,Midwest,7592,81.7,0,84.1
1186,West,7188,57.4,0,66.6
1187,West,7742,81.8,0,59.8
1188,West,8229,67.9,0,68.0
1189,West,3973,66.3,0,74.7
1190,Midwest,8967,75.5,0,76.7
1191,South,7565,84.0,0,85.3
1192,Northeast,3503,74.4,0,81.6
1193,Midwest,2211,54.7,1,82.2
1194,West,5570,78.1,0,74.7
1195,Northeast,6119,72.4,0,76.8
1196,West,4451,72.7,0,85.2
1197,Midwest,3993,76.1,0,86.0
1198,Northeast,6186,75.0,1,71.1
1199,West,3470,72.3,1,82.1
1200,South,2982,55.2,1,72.6
1201,Midwest,1656,56.3,1,55.3
1202,Midwest,5117,74.8,0,63.9
1203,Northeast,1576,75.7,0,81.7
1204,Midwest,3760,65.9,1,72.9
1205,South,5292,83.3,0,81.4
1206,West,7295,60.1,1,53.6
1207,Midwest,2428,48.8,1,73.4
1208,Northeast,3109,82.9,1,94.8
1209,Northeast,4780,71.1,0,67.6
1210,Midwest,3161,52.8,0,59.9
1211,West,5466,78.8,0,79.7
1212,Northeast,5375,61.4,1,71.0
1213,West,1228,79.9,1,74.8
1214,South,3772,72.9,0,57.3
1215,Midwest,5091,73.8,0,93.0
1216,South,7141,59.9,1,71.5
1217,South,4039,79.3,0,72.4
1218,West,5467,82.3,0,81.2
1219,Northeast,1736,79.8,0,90.9
1220,South,1269,89.5,0,76.4
1221,West,6004,63.7,1,47.1
1222,Midwest,6883,52.0,1,60.5
1223,South,5375,77.6,1,52.7
1224,Midwest,5960,73.3,0,65.9
1225,Midwest,4050,74.0,0,70.4
1226,South,3612,68.0,1,67.1
1227,South,6534,81.8,0,81.9
1228,Midwest,6983,58.5,0,63.6
1229,Midwest,6441,63.6,0,64.0
1230,South,7978,63.9,0,67.4
1231,South,5155,52.7,1,65.6
1232,Midwest,7726,77.8,0,89.6
1233,Midwest,7429,61.9,0,62.8
1234,Northeast,3178,65.5,0,67.1
1235,West,1302,70.0,0,75.6
1236,West,6907,89.1,0,91.2
1237,South,7918,79.5,0,81.8
1238,South,4153,78.6,0,59.8
1239,South,4067,85.7,0,82.3
1240,West,4829,56.0,1,61.2
1241,South,8256,63.3,0,68.2
1242,West,5039,81.2,0,86.0
1243,West,3466,68.0,0,55.9
1244,South,6865,70.6,0,67.7
1245,Northeast,2732,88.4,0,88.5
1246,West,2092,96.2,0,79.8
1247,Northeast,8775,62.3,1,85.4
1248,Northeast,4609,69.2,0,65.6
1249,Northeast,4071,76.6,0,84.7
1250,South,7576,89.1,0,87.1
1251,South,1915,87.3,0,79.9
1252,Midwest,1443,72.9,0,80.9
1253,West,7489,64.8,0,60.4
1254,Midwest,2106,72.0,1,72.1
1255,West,8326,82.9,0,85.6
1256,West,4300,73.6,1,51.7
1257,Midwest,2377,88.6,0,75.6
1258,South,2213,93.5,0,81.2
1259,Midwest,2252,73.0,0,77.7
1260,Midwest,3904,78.8,0,74.1
1261,Midwest,1423,75.1,1,77.3
1262,West,4254,84.0,0,66.8
1263,South,3850,100.0,0,100.0
1264,West,5809,62.4,0,55.2
1265,South,5366,69.7,0,63.0
1266,Midwest,3061,81.7,0,72.7
1267,Midwest,2775,51.7,0,68.6
1268,Midwest,4580,63.3,0,68.9
1269,Northeast,3290,62.3,1,58.1
1270,Midwest,5655,87.0,0,78.1
1271,Northeast,1704,59.6,1,60.9
1272,South,7385,59.1,1,67.6
1273,South,4557,68.6,0,65.0
1274,West,6058,62.5,0,72.0
1275,South,3798,50.9,1,74.0
1276,Midwest,4002,79.9,0,76.4
1277,Northeast,3915,62.2,1,74.1
1278,Midwest,4370,83.1,0,64.0
1279,West,8294,79.6,0,66.7
1280,West,6377,66.3,1,66.3
1281,Northeast,6776,69.8,0,51.4
1282,Northeast,7365,76.1,0,72.3
1283,Midwest,4136,65.5,0,80.8
1284,Midwest,8646,56.6,1,46.3
1285,South,4173,74.0,0,67.0
1286,West,2598,86.8,0,92.7
1287,West,2824,61.9,1,65.6
1288,Midwest,4498,72.8,0,66.5
1289,Midwest,7758,58.6,1,57.1
1290,Midwest,1665,91.3,0,79.0
1291,South,7380,80.7,0,73.8
1292,South,5654,83.5,1,82.7
1293,Northeast,7888,88.7,0,81.0
1294,South,8080,89.9,0,68.6
1295,Northeast,1626,66.8,0,84.1
1296,Northeast,7056,62.9,0,72.3
1297,West,1470,68.9,0,74.8
1298,South,5737,78.0,0,85.1
1299,South,2430,78.1,0,65.8
1300,Midwest,6638,72.4,0,73.7
1301,South,6847,73.7,0,90.5
1302,West,1973,55.4,1,74.5
1303,Midwest,1326,65.0,1,75.9
1304,Midwest,4540,72.0,0,88.9
1305,Midwest,5598,42.6,1,68.0
1306,West,2021,58.0,1,52.7
1307,West,2675,71.0,0,62.3
1308,Midwest,2033,74.5,0,74.1
1309,South,6061,68.8,1,74.7
1310,South,4318,92.7,0,85.9
1311,South,7054,83.5,0,96.2
1312,South,3861,45.9,1,39.1
1313,Midwest,3517,53.9,1,56.1
1314,Midwest,2642,72.5,0,61.6
1315,Midwest,4557,89.3,0,80.2
1316,Midwest,6629,76.8,0,81.5
1317,Northeast,1393,55.0,1,74.0
1318,West,1832,54.0,1,54.8
1319,South,4731,86.4,0,75.6
1320,Midwest,2398,46.7,1,56.4
1321,Northeast,3726,71.5,1,76.4
1322,Midwest,1464,58.9,1,63.5
1323,Northeast,6083,80.0,0,82.5
1324,Midwest,6682,64.9,1,73.4
1325,West,4340,71.9,0,76.1
1326,Midwest,8137,75.7,0,88.6
1327,Northeast,8744,81.3,0,87.3
1328,Midwest,3902,70.2,0,77.5
1329,Northeast,7774,60.1,1,71.8
1330,South,4005,71.8,0,74.4
1331,South,6195,72.1,0,80.1
1332,South,4713,69.4,0,81.6
1333,West,4836,80.2,0,63.9
1334,South,6570,71.5,0,78.6
1335,South,1805,77.6,1,75.5
1336,Midwest,6638,62.2,1,73.5
1337,South,7665,59.3,0,50.2
1338,Midwest,4162,95.4,0,96.0
1339,West,7046,80.4,0,68.4
1340,Midwest,7177,64.2,0,74.2
1341,Midwest,8036,82.7,0,81.7
1342,South,5674,63.8,0,78.0
1343,Midwest,1398,69.3,0,91.1
1344,West,7657,77.0,0,64.0
1345,West,6787,67.8,0,77.1
1346,Northeast,2465,67.2,0,68.9
1347,West,7791,52.2,0,45.6
1348,Midwest,5995,87.2,0,77.9
1349,Northeast,5105,62.3,1,59.2
1350,West,6539,60.7,1,53.8
1351,South,4059,78.7,0,67.2
1352,Midwest,1720,74.2,0,68.5
1353,Midwest,3094,72.3,0,72.9
1354,South,4724,95.6,0,79.6
1355,Midwest,1394,63.8,1,77.7
1356,Northeast,3951,64.9,1,68.9
1357,Midwest,7909,74.0,0,75.4
1358,West,4709,87.7,0,75.9
1359,South,4081,74.8,0,67.6
1360,Midwest,5531,81.3,0,81.2
1361,Northeast,3655,54.7,1,53.1
1362,Northeast,3494,88.0,0,81.0
1363,South,7610,87.5,0,73.2
1364,Northeast,3528,74.0,0,73.8
1365,Northeast,8971,67.9,0,61.3
1366,Northeast,3263,63.3,1,68.5
1367,West,5505,75.6,0,74.9
1368,Northeast,6634,64.3,0,51.2
1369,West,1835,75.6,0,63.4
1370,Midwest,8323,48.1,1,57.4
1371,West,2978,79.0,0,90.6
1372,Midwest,3523,87.9,0,62.3
1373,West,2644,78.8,0,76.8
1374,Northeast,2132,70.7,0,55.7
1375,Midwest,3608,49.6,1,72.3
1376,South,2593,67.5,0,75.7
1377,Northeast,5762,78.2,0,76.5
1378,South,5955,53.0,1,68.0
1379,South,7174,79.8,0,66.9
1380,Midwest,6685,64.9,1,64.7
1381,Northeast,8819,89.2,0,80.9
1382,South,7308,77.6,0,77.3
1383,South,7988,61.8,1,68.9
1384,West,4994,72.4,0,66.9
1385,Midwest,2329,59.5,1,76.1
1386,South,5510,78.0,0,80.6
1387,West,6010,63.8,1,64.5
1388,South,4262,67.5,0,66.7
1389,Northeast,1526,56.1,1,54.9
1390,West,7427,52.7,0,53.9
1391,West,1693,84.4,0,89.3
1392,Northeast,2661,100.0,0,84.2
1393,South,3329,72.6,0,64.7
1394,Midwest,6761,82.2,0,64.6
1395,South,6832,63.8,1,83.7
1396,South,1493,42.9,1,66.0
1397,Midwest,7340,61.4,1,64.5
1398,Northeast,3302,88.8,0,99.1
1399,Midwest,5596,91.2,0,97.6
1400,Midwest,5975,86.5,0,71.4
1401,Midwest,6762,81.3,0,79.3
1402,South,5571,80.7,0,81.1
1403,West,4342,56.4,1,63.5
1404,Midwest,4102,91.7,0,77.8
1405,South,8026,68.2,0,75.7
1406,West,3193,65.0,0,63.5
1407,Northeast,4267,79.4,0,100.0
1408,Northeast,2812,79.1,0,62.3
1409,South,6263,92.0,0,80.6
1410,Northeast,7873,98.2,0,71.2
1411,West,6135,76.3,0,71.2
1412,West,7712,70.0,0,65.4
1413,West,4129,56.8,1,69.9
1414,Northeast,5726,76.1,0,86.3
1415,South,6100,90.2,0,79.7
1416,Northeast,7738,51.7,1,56.5
1417,West,2441,75.0,0,64.2
1418,Northeast,6768,79.8,0,62.5
1419,South,3385,77.2,0,61.8
1420,West,4154,55.2,1,69.5
1421,West,7209,80.7,0,73.3
1422,Northeast,5072,71.8,1,62.7
1423,South,1807,66.6,0,65.0
1424,Northeast,5778,51.6,0,53.6
1425,Midwest,6825,66.1,1,62.0
1426,South,2456,68.2,1,59.4
1427,Midwest,2643,86.4,0,77.4
1428,West,1352,75.1,0,79.3
1429,West,3004,83.5,0,79.4
1430,Northeast,6578,75.2,0,79.3
1431,Midwest,6867,64.0,1,63.8
1432,West,5653,77.3,0,79.9
1433,West,6285,78.7,0,55.9
1434,South,4066,70.2,1,68.9
1435,South,6110,73.0,0,63.7
1436,West,3899,83.1,0,68.8
1437,Midwest,3897,87.6,0,69.3
1438,Midwest,8885,71.1,0,74.3
1439,Northeast,8384,78.3,0,68.2
1440,Midwest,3475,84.5,0,72.7
1441,Midwest,5692,61.4,0,50.0
1442,Midwest,5006,85.4,0,74.0
1443,Midwest,6945,73.5,0,76.9
1444,South,6591,71.5,0,69.7
1445,Midwest,3612,78.0,0,91.5
1446,Northeast,7852,76.0,0,83.0
1447,South,8715,73.6,0,80.4
1448,Midwest,8705,78.1,0,92.0
1449,West,4466,54.5,1,75.9
1450,West,3483,73.5,0,87.7
1451,Northeast,8605,83.5,0,83.7
1452,South,7130,78.3,0,69.0
1453,South,1854,88.5,0,89.0
1454,South,3893,91.4,0,93.4
1455,West,7790,90.3,0,87.1
1456,West,2741,71.2,0,73.0
1457,Midwest,7238,83.3,0,87.9
1458,Northeast,4161,86.6,0,79.5
1459,Northeast,8598,76.0,0,95.8
1460,West,5877,69.0,1,66.7
1461,South,8430,75.2,0,88.8
1462,Northeast,2295,82.8,0,47.7
1463,Midwest,2795,82.1,0,75.0
1464,South,3651,93.8,0,80.7
1465,Midwest,5647,63.8,1,76.8
1466,South,7339,67.9,1,72.3
1467,Midwest,5754,69.9,0,72.3
1468,West,1342,77.0,0,72.6
1469,South,4284,100.0,0,97.1
1470,West,4164,71.2,0,78.6
1471,South,1373,58.5,1,76.0
1472,Northeast,3504,64.9,1,72.8
1473,South,5080,56.5,0,56.6
1474,West,5703,78.1,0,72.8
1475,Northeast,3411,67.8,0,55.4
1476,South,1359,77.2,0,84.8
1477,West,4968,60.1,0,45.8
1478,West,6054,68.4,0,72.5
1479,West,1805,72.5,0,77.3
1480,Northeast,2675,62.3,0,71.0
1481,West,2036,83.7,0,82.8
1482,West,2601,74.4,0,76.2
1483,South,7380,90.1,0,90.9
1484,Northeast,8723,66.4,1,72.4
1485,South,3469,71.8,0,83.2
1486,South,7366,55.1,1,57.4
1487,West,8156,72.1,1,75.6
1488,Midwest,3159,90.5,0,72.8
1489,West,7620,80.3,0,66.9
1490,Northeast,8229,52.1,1,62.0
1491,Midwest,6313,87.8,0,54.1
1492,Midwest,7999,48.9,1,49.9
1493,West,6689,68.0,0,72.6
1494,Northeast,1944,84.3,0,86.4
1495,West,2445,87.8,0,62.1
1496,Midwest,8894,53.5,1,64.5
1497,South,3438,48.0,1,57.4
1498,South,1327,77.4,0,65.6
1499,Northeast,3038,72.9,0,81.0
1500,Northeast,5793,71.2,0,75.4
1501,West,6863,65.3,0,72.7
1502,South,4513,80.8,0,76.0
1503,Midwest,6481,82.9,0,58.2
1504,Midwest,5425,52.9,1,53.8
1505,South,8755,77.9,0,74.3
1506,South,4662,70.1,1,72.4
1507,Northeast,3035,76.5,0,74.2
1508,West,6716,78.7,0,61.6
1509,West,4929,84.4,0,82.0
1510,Midwest,7178,79.6,0,66.4
1511,Northeast,1592,78.0,1,68.1
1512,West,8280,96.9,0,96.4
1513,Northeast,2765,43.8,1,56.1
1514,West,3199,60.7,1,56.0
1515,Northeast,5578,75.8,0,84.0
1516,West,3384,73.8,0,61.5
1517,Northeast,6809,86.3,0,86.2
1518,West,8374,85.2,0,71.7
1519,South,8255,86.4,0,76.0
1520,West,3578,85.1,0,78.8
1521,Northeast,1654,60.0,0,55.6
1522,Northeast,4351,83.6,0,81.2
1523,Midwest,2318,86.0,0,82.9
1524,Northeast,1524,59.8,0,58.8
1525,Northeast,5150,71.9,1,69.8
1526,West,6604,49.6,1,52.4
1527,South,1371,87.8,0,84.5
1528,Midwest,3121,87.2,0,86.7
1529,South,6072,69.4,1,74.2
1530,Midwest,5252,89.6,0,70.6
1531,South,4166,96.9,0,66.9
1532,West,7669,83.2,0,80.2
1533,Northeast,6152,73.2,0,59.6
1534,West,2171,90.7,0,68.0
1535,Midwest,1541,93.5,0,98.7
1536,West,1290,51.7,1,47.0
1537,Midwest,3811,67.7,0,58.0
1538,South,3750,64.1,0,71.1
1539,West,2077,84.9,0,76.1
1540,West,7966,67.8,1,68.3
1541,South,6444,70.1,1,83.7
1542,South,4228,89.2,0,90.9
1543,Northeast,4175,75.8,0,72.4
1544,West,5899,75.4,0,51.4
1545,Midwest,8099,53.4,1,50.1
1546,Midwest,7075,74.9,0,77.0
1547,Northeast,8298,89.9,0,67.5
1548,West,5589,82.6,0,90.3
1549,Northeast,7449,72.1,0,76.2
1550,Northeast,7849,66.7,0,78.6
1551,Midwest,2936,66.7,0,77.4
1552,South,2452,77.3,0,76.9
1553,Midwest,4329,65.5,0,58.1
1554,Northeast,6804,68.4,0,50.9
1555,Midwest,4652,57.9,0,59.0
1556,Midwest,2745,66.6,1,66.0
1557,Northeast,4082,81.0,0,66.4
1558,South,3496,77.3,0,68.6
1559,Northeast,8970,73.8,0,61.6
1560,Northeast,2838,55.3,1,47.6
1561,Midwest,6514,76.0,0,74.1
1562,Midwest,5000,76.0,0,80.5
1563,South,6630,72.1,0,55.0
1564,West,5122,64.9,0,73.9
1565,Midwest,7288,45.5,1,62.4
1566,West,6129,68.5,0,73.6
1567,Midwest,5435,70.0,1,78.4
1568,South,5612,56.5,1,87.5
1569,Midwest,2176,50.0,1,51.7
1570,Midwest,6139,95.3,0,82.2
1571,South,5612,60.3,1,69.1
1572,West,6592,83.5,0,79.6
1573,Midwest,1709,67.8,0,75.2
1574,Midwest,1651,80.6,0,90.1
1575,Northeast,7329,57.4,1,65.6
1576,West,1256,70.4,0,66.5
1577,Northeast,6989,100.0,0,95.2
1578,Midwest,6153,71.1,0,84.2
1579,South,1499,66.4,0,77.4
1580,South,8350,70.7,0,68.4
1581,West,6838,71.0,0,61.2
1582,South,4739,63.6,0,82.1
1583,West,8180,76.0,0,66.6
1584,Northeast,7464,70.4,1,80.9
1585,South,5055,45.3,1,45.8
1586,South,5615,80.0,1,72.7
1587,South,4832,57.6,1,78.2
1588,South,1330,66.3,1,48.7
1589,Midwest,7126,67.0,0,57.5
1590,West,2085,40.5,1,56.3
1591,Midwest,2436,79.2,0,82.1
1592,Northeast,3456,64.1,1,76.3
1593,West,7061,60.1,1,73.8
1594,Northeast,6048,78.8,0,79.0
1595,Midwest,2004,86.6,0,76.8
1596,South,8017,83.1,0,74.1
1597,South,2606,63.3,0,55.1
1598,Midwest,5782,68.3,1,66.2
1599,West,4098,79.1,0,75.3
1600,Northeast,1824,82.0,0,84.0
1601,West,3686,58.8,1,82.5
1602,Northeast,5378,54.8,1,60.1
1603,Midwest,6229,67.5,0,66.7
1604,South,8224,70.3,0,68.2
1605,West,5104,64.0,1,74.8
1606,Northeast,8886,72.6,0,72.9
1607,Northeast,7804,56.7,1,63.8
1608,South,4623,52.6,0,54.7
1609,West,4319,65.8,0,62.0
1610,South,3966,82.0,0,60.1
1611,Northeast,7297,77.0,0,70.8
1612,West,4383,71.1,0,66.3
1613,Northeast,3654,63.1,0,73.8
1614,West,7893,52.1,1,69.3
1615,South,1962,97.3,0,100.0
1616,West,2194,60.2,1,66.7
1617,West,6035,60.0,0,66.6
1618,Midwest,7364,76.3,0,80.1
1619,Midwest,8848,82.1,0,72.5
1620,South,6006,73.0,0,83.7
1621,Midwest,7681,100.0,0,94.9
1622,Northeast,2079,79.2,0,70.2
1623,West,7131,48.7,1,57.4
1624,South,7157,86.9,0,79.8
1625,West,4525,69.4,0,80.6
1626,South,7915,57.5,1,63.3
1627,South,3932,69.4,0,79.8
1628,Midwest,6417,93.9,0,88.9
1629,West,7600,77.4,0,78.4
1630,Northeast,3570,83.8,0,86.2
1631,Northeast,5793,49.8,1,57.4
1632,West,7682,88.9,0,65.7
1633,South,5125,87.7,0,85.1
1634,West,4247,53.3,1,62.7
1635,Northeast,8539,89.9,0,78.6
1636,West,8195,56.9,1,74.9
1637,Northeast,1899,76.6,0,87.8
1638,Northeast,7729,50.8,1,61.2
1639,Midwest,2288,78.0,0,86.7
1640,South,6299,57.6,0,82.3
1641,West,3596,74.7,0,69.0
1642,Northeast,1578,81.6,0,81.4
1643,West,8409,66.8,0,41.4
1644,South,8288,55.4,1,59.2
1645,South,7427,100.0,0,79.4
1646,South,3603,61.0,0,62.8
1647,Midwest,8450,58.5,1,42.8
1648,South,2675,76.6,0,62.4
1649,Northeast,7654,67.2,0,64.1
1650,Northeast,4829,75.6,0,71.7
1651,Northeast,2018,79.5,0,74.5
1652,West,4107,59.3,0,66.3
1653,South,2448,46.4,1,51.6
1654,South,8505,61.6,0,85.4
1655,South,8419,83.4,0,74.6
1656,Northeast,6818,65.2,0,62.6
1657,Midwest,8243,74.6,0,66.2
1658,South,8554,86.8,0,75.3
1659,West,7875,55.2,0,78.9
1660,Midwest,1289,71.9,0,51.4
1661,Northeast,2841,74.2,0,63.6
1662,West,2050,81.5,0,83.1
1663,West,2131,65.2,1,76.5
1664,Northeast,5165,76.1,0,71.5
1665,Northeast,1924,52.0,1,67.2
1666,Northeast,3984,85.9,0,92.3
1667,Northeast,4965,72.5,1,70.4
1668,Midwest,4519,63.3,1,59.9
1669,South,6818,72.4,0,76.8
1670,Midwest,1522,71.2,1,68.6
1671,Northeast,7058,75.9,0,70.5
1672,Midwest,4625,80.2,0,81.1
1673,South,4593,87.8,0,81.6
1674,South,7901,80.3,0,74.5
1675,South,4293,66.8,0,59.7
1676,Northeast,5546,64.4,1,68.7
1677,West,3131,64.1,0,59.0
1678,Northeast,6982,59.7,1,58.1
1679,Northeast,1951,65.3,1,71.3
1680,Midwest,2741,72.8,0,55.9
1681,Midwest,5406,81.8,0,80.7
1682,West,2029,72.0,0,71.0
1683,South,3458,67.2,1,73.5
1684,Northeast,4631,46.0,1,61.7
1685,South,3754,66.4,0,71.0
1686,Northeast,7357,59.3,1,71.4
1687,West,8837,72.3,0,56.9
1688,Midwest,2060,83.1,0,68.7
1689,Northeast,7434,75.1,0,61.6
1690,Northeast,1399,81.0,0,80.1
1691,Northeast,6197,79.3,0,70.3
1692,Midwest,7285,70.0,0,73.5
1693,Northeast,6135,60.4,0,70.4
1694,West,1258,66.8,0,65.7
1695,Northeast,1561,82.5,0,79.7
1696,Midwest,5210,89.3,0,84.0
1697,Midwest,1295,68.6,0,70.5
1698,Northeast,5610,66.6,0,74.6
1699,West,4607,92.5,0,77.9
1700,South,2294,85.7,0,74.9
1701,West,6837,69.8,1,63.3
1702,West,4625,67.0,1,60.7
1703,West,7693,79.9,0,80.3
1704,South,1872,77.8,0,69.0
1705,Northeast,8366,83.0,0,77.5
1706,West,8593,57.2,0,67.9
1707,West,4886,67.3,0,68.6
1708,Northeast,8728,61.4,1,53.6
1709,West,2816,62.2,0,60.2
1710,Northeast,8628,90.3,0,84.7
1711,Midwest,5534,89.4,0,67.5
1712,South,8689,57.9,1,63.5
1713,Midwest,4847,77.9,0,69.6
1714,Midwest,6932,84.9,0,71.6
1715,West,7408,68.7,1,75.0
1716,Northeast,6687,64.4,1,81.2
1717,South,8717,72.7,0,73.2
1718,South,2143,74.1,0,90.8
1719,Midwest,5246,64.0,1,71.2
1720,Northeast,3505,79.5,0,91.5
1721,Midwest,3335,58.3,1,54.4
1722,West,1776,63.7,0,78.8
1723,Northeast,6286,84.4,0,68.2
1724,Northeast,4307,62.3,0,71.2
1725,Midwest,6194,94.3,0,76.4
1726,South,3512,78.9,0,85.5
1727,West,4830,75.4,0,91.2
1728,Midwest,5619,73.5,0,72.3
1729,South,8941,57.3,1,67.3
1730,Northeast,5927,78.2,0,84.1
1731,South,6180,71.6,0,83.4
1732,West,2841,61.9,0,80.6
1733,Northeast,3019,58.5,0,55.1
1734,Midwest,6595,95.5,0,93.4
1735,South,6322,77.9,0,88.2
1736,South,7935,57.7,1,67.9
1737,West,3518,68.2,0,74.1
1738,Northeast,1401,73.7,0,73.8
1739,West,2786,68.6,0,61.8
1740,West,3719,55.7,1,59.0
1741,South,4458,64.3,1,82.9
1742,Northeast,7122,75.5,0,65.3
1743,Northeast,3488,59.9,1,68.2
1744,Midwest,4576,73.8,0,65.3
1745,Midwest,2932,82.4,0,89.0
1746,Midwest,5006,59.3,1,49.2
1747,West,4177,82.8,1,79.8
1748,South,5306,73.7,0,92.7
1749,West,5809,76.3,0,66.8
1750,Northeast,2471,81.8,0,91.0
1751,Midwest,2401,92.4,0,90.9
1752,Midwest,5922,73.8,0,82.2
1753,Midwest,2310,82.4,0,87.6
1754,Northeast,3176,78.2,0,78.2
1755,West,1319,85.5,0,69.0
1756,Midwest,3475,77.8,0,79.9
1757,South,4847,75.8,0,63.1
1758,Northeast,1345,56.9,1,81.2
1759,Midwest,4398,70.0,0,65.0
1760,West,5744,84.6,0,63.7
1761,South,3800,90.9,0,87.4
1762,Northeast,5910,68.8,1,94.3
1763,South,6368,87.5,0,79.0
1764,South,8823,66.2,0,71.8
1765,West,5892,84.4,0,75.6
1766,South,8440,70.7,1,73.3
1767,Northeast,1756,71.8,1,89.1
1768,West,4682,75.8,0,63.0
1769,Northeast,8544,38.9,1,55.1
1770,Northeast,4742,92.1,0,100.0
1771,Midwest,5510,63.7,0,66.8
1772,South,7096,64.9,0,64.5
1773,South,5829,63.5,1,80.7
1774,Northeast,2096,50.2,1,67.3
1775,South,8836,59.9,0,69.5
1776,Northeast,7943,64.4,0,61.1
1777,West,4830,63.3,0,57.2
1778,South,5279,64.0,0,66.9
1779,South,2242,74.3,1,73.6
1780,West,5425,71.3,1,60.0
1781,Midwest,4315,58.7,1,66.3
1782,Midwest,5603,72.1,0,59.6
1783,South,1888,77.0,0,77.7
1784,South,3112,67.0,1,75.2
1785,West,8857,72.0,0,70.6
1786,Northeast,6626,94.8,0,82.3
1787,South,5640,77.7,1,79.4
1788,South,6195,64.9,0,65.8
1789,Midwest,4507,77.4,0,81.2
1790,South,8118,76.3,0,84.5
1791,West,1573,73.8,0,67.1
1792,West,5082,74.4,0,75.2
1793,Midwest,1667,93.0,0,74.5
1794,Midwest,5531,83.1,0,79.1
1795,West,7974,87.1,0,72.1
1796,Midwest,7054,78.2,0,82.0
1797,Midwest,3476,77.2,0,86.6
1798,West,3466,58.1,1,49.8
1799,Northeast,4799,59.1,0,56.5
1800,Midwest,1417,82.8,0,60.9
1801,South,2379,74.9,0,80.9
1802,West,6481,61.1,1,68.8
1803,South,2913,83.8,0,78.3
1804,South,3110,81.9,0,87.0
1805,West,8439,61.2,0,81.5
1806,Northeast,8398,63.7,0,74.6
1807,South,5182,74.2,0,66.2
1808,Northeast,8228,64.1,0,76.7
1809,West,8303,76.5,0,86.7
1810,Northeast,7140,67.4,1,57.9
1811,West,7203,74.7,0,44.5
1812,Midwest,6594,43.1,1,67.7
1813,Northeast,4379,62.6,1,97.1
1814,South,3389,89.3,0,84.3
1815,South,8600,54.8,1,49.2
1816,South,7601,63.7,0,79.5
1817,Midwest,7080,68.8,1,78.1
1818,South,6642,82.8,0,68.8
1819,South,6390,83.9,0,65.4
1820,South,1343,87.6,0,83.6
1821,Northeast,2419,63.7,0,55.9
1822,South,1248,57.9,1,72.5
1823,West,7822,52.0,0,73.8
1824,Midwest,4601,46.9,1,61.9
1825,Northeast,6561,62.0,0,70.7
1826,South,8687,69.6,0,52.1
1827,Northeast,8101,62.3,1,70.9
1828,Midwest,4809,72.3,0,83.2
1829,West,4892,84.0,0,89.4
1830,West,2855,49.7,1,72.4
1831,Midwest,3449,64.4,0,77.9
1832,Northeast,6384,69.8,0,69.7
1833,West,5541,61.1,1,63.2
1834,Midwest,6608,59.8,0,48.0
1835,South,5766,75.2,0,60.0
1836,South,6280,46.6,1,69.2
1837,West,8259,77.0,0,73.1
1838,Midwest,1781,77.6,0,88.7
1839,South,5579,91.2,0,74.0
1840,South,1923,52.7,1,62.3
1841,West,2308,63.9,0,64.8
1842,Midwest,8403,85.8,0,81.6
1843,West,8864,68.5,1,72.4
1844,Northeast,2439,65.6,1,64.7
1845,Midwest,4262,86.7,0,57.4
1846,Northeast,4102,72.1,1,75.4
1847,Northeast,1688,89.5,0,98.2
1848,South,8864,71.5,0,85.7
1849,Northeast,5812,89.2,0,80.5
1850,South,8130,70.5,0,84.2
1851,South,1628,45.1,1,59.1
1852,West,5030,71.3,0,59.1
1853,Midwest,8059,68.3,0,74.4
1854,West,7837,69.5,0,62.6
1855,Midwest,5282,77.3,0,74.3
1856,West,5375,69.7,0,66.0
1857,West,6857,84.1,0,72.8
1858,West,6148,63.1,0,74.4
1859,Northeast,5244,90.7,0,91.0
1860,West,6051,54.3,1,69.2
1861,Midwest,5212,54.1,1,65.4
1862,South,4477,61.9,1,51.9
1863,Northeast,5681,58.4,1,56.1
1864,Midwest,8653,90.4,0,93.0
1865,South,8267,73.8,0,63.6
1866,Midwest,5286,81.2,0,64.6
1867,West,5518,78.0,0,86.8
1868,West,2305,78.8,0,74.9
1869,South,5407,92.3,0,83.2
1870,West,7307,94.7,0,100.0
1871,South,3618,78.4,0,74.0
1872,South,2034,70.7,1,59.3
1873,Northeast,5565,86.2,0,85.4
1874,Midwest,1936,65.2,1,60.4
1875,West,8491,76.9,0,60.4
1876,Midwest,6915,73.8,0,77.3
1877,Northeast,7175,70.2,0,76.5
1878,West,3260,67.3,0,86.3
1879,South,5227,73.0,0,79.5
1880,Northeast,5301,67.7,1,70.9
1881,Midwest,2341,74.8,1,74.4
1882,Northeast,5146,57.9,0,75.1
1883,South,6640,100.0,0,100.0
1884,Midwest,6321,63.3,1,54.6
1885,South,2332,85.2,0,81.4
1886,Northeast,3705,69.2,1,68.2
1887,South,1725,74.6,0,72.5
1888,Northeast,3587,78.6,0,70.7
1889,South,6430,68.2,0,72.6
1890,South,7245,63.4,1,67.9
1891,Midwest,1773,64.8,1,66.9
1892,Midwest,6558,62.1,1,74.2
1893,South,8368,62.0,0,59.9
1894,Midwest,8618,93.9,0,88.1
1895,West,7898,83.0,0,78.5
1896,West,2702,83.3,0,64.0
1897,Northeast,7490,85.3,0,60.0
1898,Midwest,6152,73.9,0,74.8
1899,Northeast,2542,78.4,0,81.0
1900,West,3361,61.8,1,62.4
1901,West,5055,57.2,1,66.3
1902,South,3134,64.1,1,86.2
1903,Midwest,6946,88.7,0,91.7
1904,Northeast,8927,64.5,0,65.3
1905,West,4732,77.7,0,80.6
1906,South,5033,93.8,0,69.5
1907,West,5460,53.5,1,54.8
1908,West,4231,64.7,1,63.8
1909,West,3443,81.5,0,82.9
1910,Midwest,4181,77.3,0,68.7
1911,Midwest,4532,65.0,0,47.7
1912,Northeast,2231,79.0,0,86.9
1913,West,8062,61.0,0,59.3
1914,Northeast,1967,88.5,0,81.9
1915,Midwest,1676,72.4,0,91.9
1916,Northeast,4994,71.2,0,75.1
1917,West,3063,71.2,0,46.8
1918,Northeast,2180,83.8,0,84.2
1919,South,8727,48.2,1,74.5
1920,West,1514,85.0,0,61.7
1921,Midwest,6418,69.1,0,77.9
1922,West,8284,69.8,1,67.6
1923,Northeast,5277,63.7,1,49.4
1924,South,6826,57.5,0,73.8
1925,West,2790,80.0,0,49.9
1926,West,6360,68.7,0,77.7
1927,Midwest,7116,66.4,0,73.6
1928,Northeast,2868,67.7,0,57.2
1929,South,2531,78.4,0,65.2
1930,South,4457,87.4,0,78.0
1931,South,2536,73.2,0,60.2
1932,Northeast,8852,78.1,0,79.2
1933,Northeast,7159,59.8,1,48.5
1934,Northeast,8979,68.5,0,54.3
1935,South,6072,67.9,1,67.2
1936,Northeast,1930,85.3,0,73.4
1937,West,1936,85.0,0,66.7
1938,South,4183,74.4,1,74.8
1939,West,7896,91.4,0,78.3
1940,Northeast,6003,83.5,0,75.7
1941,South,4342,69.6,0,54.9
1942,West,7451,70.6,0,75.2
1943,Midwest,8463,41.3,1,58.9
1944,South,3272,80.4,0,86.2
1945,Midwest,4787,55.8,1,44.9
1946,Northeast,4416,58.5,1,69.5
1947,Northeast,2111,54.6,1,52.4
1948,West,2194,74.6,0,73.5
1949,Northeast,2503,61.2,1,66.7
1950,Northeast,3393,80.5,0,67.3
1951,West,8604,71.2,0,77.2
1952,South,4692,79.5,0,77.3
1953,South,7136,78.1,0,68.2
1954,South,6138,69.1,1,70.6
1955,South,4040,74.0,0,74.6
1956,Northeast,4174,87.8,0,88.7
1957,Midwest,6429,77.3,0,75.5
1958,South,3473,74.8,0,72.3
1959,South,4675,67.5,1,86.5
1960,Midwest,4624,76.9,1,78.8
1961,Northeast,2099,73.7,0,77.4
1962,South,2284,66.8,0,69.5
1963,West,7236,61.5,1,59.0
1964,South,1877,77.0,0,83.0
1965,Midwest,4440,68.8,0,69.6
1966,Midwest,6134,61.7,1,59.2
1967,Midwest,5601,77.4,0,89.6
1968,South,8785,56.6,0,46.0
1969,West,6873,81.2,0,75.5
1970,Northeast,4284,75.0,0,76.8
1971,South,7521,71.7,0,68.3
1972,Midwest,6123,74.6,0,93.3
1973,West,4980,61.3,0,68.9
1974,South,3698,80.4,0,61.0
1975,West,8751,66.3,1,71.1
1976,Midwest,4443,95.6,0,92.5
1977,Northeast,8527,73.3,0,89.4
1978,South,6929,53.8,0,49.8
1979,Northeast,5390,90.7,0,65.3
1980,Northeast,5017,88.7,0,68.8
1981,South,7315,66.8,0,54.2
1982,Northeast,7320,75.9,0,64.8
1983,Midwest,4947,72.9,0,69.6
1984,Northeast,8682,79.7,0,65.5
1985,South,3866,73.4,0,70.0
1986,South,6442,53.7,1,67.7
1987,West,7201,72.8,0,59.3
1988,Northeast,3498,91.8,0,89.5
1989,South,1897,54.1,1,42.7
1990,Northeast,5141,65.9,1,76.1
1991,West,2380,32.4,1,33.1
1992,Northeast,8885,64.6,1,79.6
1993,Northeast,8654,78.6,0,52.0
1994,South,5445,76.4,0,86.5
1995,Northeast,4086,77.6,0,75.6
1996,Northeast,3145,85.1,0,89.8
1997,South,2015,91.2,0,80.4
1998,West,6632,71.5,0,72.5
1999,Midwest,3267,86.6,0,76.0
2000,Midwest,5954,89.3,0,77.4
2001,South,3559,75.0,0,72.6
2002,Northeast,1595,70.5,0,65.2
2003,South,2685,90.5,0,69.8
2004,South,4024,76.1,0,76.1
2005,South,7396,76.7,0,83.1
2006,Northeast,1494,54.5,1,55.9
2007,West,6783,68.6,0,70.5
2008,Midwest,8017,37.5,1,46.4
2009,Midwest,3802,67.8,0,87.4
2010,Northeast,8251,76.4,0,72.7
2011,Northeast,2033,76.3,0,66.6
2012,Midwest,8733,63.9,0,70.2
2013,Midwest,1517,59.1,1,59.9
2014,West,2863,74.0,0,65.3
2015,Northeast,1409,71.8,1,82.0
2016,Northeast,3193,75.7,0,72.1
2017,West,1253,61.2,1,61.7
2018,West,2663,85.1,1,79.8
2019,Midwest,1818,67.2,0,80.8
2020,South,4264,78.9,0,82.3
2021,South,3798,57.4,0,63.8
2022,South,6836,63.1,1,68.9
2023,South,6647,86.3,0,84.9
2024,West,6239,76.1,0,86.3
2025,West,1345,70.9,0,73.9
2026,South,8234,75.3,0,82.8
2027,Midwest,1479,76.6,0,77.1
2028,South,3171,60.7,0,63.7
2029,South,4996,73.7,0,67.9
2030,Midwest,8822,87.3,0,69.9
2031,West,5230,55.9,0,61.1
2032,South,6492,70.7,0,81.4
2033,Northeast,5349,74.0,0,57.7
2034,South,3518,67.1,1,75.3
2035,Northeast,7501,83.3,0,77.9
2036,West,3099,76.1,0,67.2
2037,Midwest,2073,64.7,0,61.6
2038,West,5017,47.0,1,52.9
2039,West,2053,92.8,0,84.6
2040,Northeast,7603,51.4,1,62.3
2041,Midwest,6607,43.5,1,47.8
2042,Midwest,7744,90.6,0,80.9
2043,Northeast,7533,78.4,0,74.8
2044,South,5315,73.4,0,61.8
2045,Northeast,3559,88.5,0,72.8
2046,South,5784,82.5,0,88.8
2047,West,1717,65.8,0,83.3
2048,West,6500,77.6,0,77.6
2049,Northeast,4871,66.5,0,65.5
2050,West,1857,66.8,0,71.8
2051,Midwest,4007,100.0,0,84.6
2052,West,7411,77.1,0,79.0
2053,Midwest,6564,72.0,0,43.3
2054,West,1409,75.8,0,76.2
2055,South,8627,89.7,0,77.7
2056,Midwest,6445,56.5,1,59.2
2057,Northeast,7463,49.5,0,75.7
2058,Northeast,8729,64.9,0,57.9
2059,Midwest,8218,84.8,0,94.5
2060,Northeast,2002,77.9,0,78.0
2061,Northeast,5892,69.5,0,82.0
2062,West,3154,69.1,0,65.4
2063,Northeast,2352,73.5,0,98.1
2064,Northeast,4531,85.5,0,74.2
2065,West,8660,61.9,1,73.4
2066,Northeast,3058,72.4,0,61.0
2067,Midwest,2405,64.3,0,74.1
2068,Northeast,4222,97.0,0,78.0
2069,South,7187,68.1,1,72.2
2070,West,7767,63.6,0,83.0
2071,West,4739,89.6,0,93.1
2072,Northeast,3751,79.3,0,64.6
2073,Northeast,6006,88.9,0,87.2
2074,Northeast,4030,65.2,0,63.6
2075,Midwest,1325,79.5,1,71.9
2076,South,6206,61.9,1,56.2
2077,South,2241,42.3,1,53.8
2078,West,8649,60.3,1,82.6
2079,South,5680,72.7,0,85.1
2080,South,6445,58.3,0,69.7
2081,South,6354,66.3,0,67.0
2082,Midwest,4588,74.2,0,62.9
2083,South,3709,76.4,0,69.0
2084,Midwest,5974,82.9,0,87.9
2085,South,1999,86.2,0,85.8
2086,South,8622,68.0,0,71.4
2087,South,1341,62.8,1,75.0
2088,West,7645,65.1,1,65.9
2089,South,6931,51.2,1,65.0
2090,Midwest,3472,74.5,0,71.9
2091,West,5725,65.9,1,83.5
2092,West,6367,92.4,0,91.5
2093,South,3951,59.4,1,49.9
2094,Midwest,2213,73.7,0,73.4
2095,South,6677,56.9,1,51.2
2096,Northeast,5818,62.8,0,73.5
2097,Northeast,8928,61.0,1,65.4
2098,Midwest,8122,97.1,0,97.5
2099,South,7275,78.7,0,85.4
2100,Northeast,7007,94.3,0,64.2
2101,Northeast,3082,73.9,1,74.1
2102,South,5244,56.8,1,46.9
2103,Midwest,8477,66.6,0,70.6
2104,Midwest,4839,72.0,0,63.8
2105,West,5019,82.5,0,76.6
2106,West,6685,58.5,1,68.9
2107,South,1829,77.9,0,55.0
2108,West,6511,74.9,0,79.7
2109,South,5424,64.4,0,66.3
2110,Northeast,4172,66.3,1,81.3
2111,West,1473,93.1,0,83.0
2112,Midwest,1959,94.8,0,93.0
2113,South,2999,62.2,1,80.4
2114,West,8632,68.3,0,80.1
2115,Midwest,2391,59.4,0,83.7
2116,Northeast,2585,75.1,0,74.7
2117,South,2094,75.9,0,59.2
2118,South,5287,68.6,1,75.0
2119,South,4211,90.2,0,92.4
2120,South,1425,66.5,0,51.3
2121,South,1394,75.2,0,83.3
2122,West,2409,31.8,1,41.6
2123,Northeast,7815,64.5,0,59.9
2124,Midwest,3715,69.2,1,72.1
2125,Midwest,3440,72.9,0,81.3
2126,Northeast,2287,79.9,0,84.1
2127,Midwest,6844,79.0,0,68.5
2128,South,3477,72.6,0,76.7
2129,South,5235,65.4,0,66.6
2130,West,4211,65.9,0,70.9
2131,West,7923,57.1,0,53.2
2132,Midwest,8751,75.1,0,69.6
2133,West,8959,100.0,0,91.1
2134,South,6454,97.5,0,89.5
2135,Northeast,2642,67.9,0,72.4
2136,West,8720,52.1,1,47.8
2137,West,3344,84.6,0,81.9
2138,Northeast,4781,82.8,0,92.7
2139,South,2165,56.1,1,65.3
2140,South,7734,62.8,0,61.6
2141,South,3041,45.8,1,61.8
2142,South,3721,48.7,1,48.4
2143,Midwest,6533,70.5,0,70.0
2144,West,6232,81.7,0,82.8
2145,Northeast,1977,69.9,0,84.1
2146,South,7174,88.0,0,78.4
2147,South,4860,62.6,1,63.7
2148,Northeast,6887,75.4,0,73.8
2149,West,7621,65.1,0,66.6
2150,Northeast,1723,62.8,0,74.0
2151,Northeast,2956,97.3,0,93.9
2152,Northeast,2346,68.4,1,77.7
2153,Midwest,5769,81.8,0,86.8
2154,West,3438,86.5,0,80.1
2155,Midwest,7808,72.9,0,67.9
2156,Midwest,8150,96.2,0,94.9
2157,West,3085,60.1,1,78.1
2158,Midwest,1545,87.2,0,88.3
2159,South,2273,83.6,0,82.4
2160,South,7092,72.0,0,87.5
2161,West,3829,71.3,0,84.0
2162,West,8429,70.8,0,78.7
2163,Northeast,4076,52.4,1,60.4
2164,South,4501,69.5,0,76.7
2165,Midwest,7966,68.1,1,71.5
2166,Northeast,2704,75.4,1,82.3
2167,Midwest,2323,78.5,0,73.3
2168,Northeast,1938,78.3,0,80.8
2169,West,2604,88.7,0,77.7
2170,West,3241,47.3,1,75.1
2171,Midwest,8508,76.4,0,65.5
2172,Midwest,7493,76.5,0,60.3
2173,Northeast,3916,58.7,1,87.0
2174,Northeast,2200,79.3,0,86.0
2175,West,2942,72.2,0,74.6
2176,South,6019,67.7,0,73.4
2177,South,7527,77.3,0,84.2
2178,South,8108,58.9,0,81.1
2179,Midwest,5726,81.8,0,100.0
2180,Northeast,8300,63.3,1,76.4
2181,West,6056,69.7,0,72.0
2182,West,2304,65.7,1,75.4
2183,Midwest,4065,76.7,0,83.8
2184,South,5843,69.5,0,69.2
2185,Midwest,8475,74.3,0,64.6
2186,Midwest,2127,54.7,1,47.8
2187,Midwest,8359,66.5,0,75.9
2188,West,8093,81.9,0,79.9
2189,Midwest,3278,58.8,0,65.4
2190,Northeast,8955,56.2,0,54.4
2191,West,5058,63.1,1,67.9
2192,Midwest,8383,46.5,1,53.6
2193,Northeast,7229,81.3,0,65.3
2194,Midwest,5551,78.5,0,80.2
2195,Midwest,6916,92.3,0,84.6
2196,West,7683,83.9,0,60.2
2197,South,2946,83.1,0,76.6
2198,West,1609,63.3,1,62.8
2199,Midwest,4058,60.3,0,56.7
2200,Northeast,3157,60.6,0,58.0
2201,Midwest,7337,82.6,0,77.6
2202,South,1999,52.3,1,63.3
2203,West,7407,84.0,0,70.0
2204,Midwest,4464,62.6,1,79.6
2205,West,4966,94.2,0,80.4
2206,Midwest,6809,78.6,0,66.9
2207,South,3143,91.7,0,79.4
2208,West,4410,68.0,1,70.6
2209,South,8279,50.0,1,62.4
2210,South,6552,89.0,0,78.2
2211,Northeast,1532,69.0,0,87.1
2212,South,1406,71.5,0,75.2
2213,Northeast,3521,79.1,0,68.0
2214,West,1791,60.2,1,40.6
2215,Midwest,3098,68.8,0,59.3
2216,West,7228,72.4,0,63.2
2217,West,2409,70.9,0,62.7
2218,Midwest,8568,88.3,0,91.1
2219,Northeast,3351,77.5,0,68.7
2220,South,7802,100.0,0,87.4
2221,Midwest,1508,67.0,1,79.6
2222,West,4743,55.3,1,57.9
2223,South,1596,82.6,0,74.7
2224,Northeast,4325,60.9,0,74.7
2225,West,8024,85.0,0,66.8
2226,West,8237,43.9,1,63.1
2227,West,5428,62.3,0,61.1
2228,Northeast,7265,65.3,0,78.4
2229,South,4405,79.3,0,78.4
2230,South,8323,78.1,0,83.7
2231,Midwest,3777,75.7,0,71.2
2232,West,8586,80.5,0,66.2
2233,South,3469,67.1,1,60.3
2234,West,1305,53.6,1,67.3
2235,Midwest,6485,75.8,0,81.8
2236,Northeast,6189,64.4,0,50.4
2237,Midwest,8349,80.2,0,87.2
2238,Northeast,7464,67.7,0,94.1
2239,Midwest,7910,76.1,0,69.3
2240,Midwest,8545,81.0,0,74.8
2241,South,7781,82.4,0,74.4
2242,West,3476,51.8,1,61.7
2243,Midwest,3070,67.5,0,60.4
2244,Northeast,3673,72.4,0,35.1
2245,West,7123,80.1,0,82.5
2246,West,4239,46.2,1,33.3
2247,South,4345,70.7,0,65.0
2248,West,5389,62.3,1,55.0
2249,Northeast,1878,45.7,1,55.4
2250,West,4443,83.6,0,72.8
2251,Midwest,3023,87.9,0,99.1
2252,West,4802,64.1,0,88.3
2253,Northeast,3039,77.1,0,82.3
2254,Northeast,1831,89.0,0,87.1
2255,Northeast,3859,77.2,0,70.7
2256,Northeast,8552,79.0,0,94.1
2257,Northeast,1254,69.1,0,62.9
2258,Northeast,7400,53.6,1,69.4
2259,West,5590,66.2,1,82.4
2260,Midwest,3334,59.6,1,55.9
2261,South,3324,81.0,0,81.9
2262,South,3772,80.8,0,91.8
2263,West,5835,83.8,0,71.5
2264,West,6634,88.7,0,92.4
2265,South,5092,91.9,0,80.7
2266,Northeast,8445,59.1,1,73.3
2267,Midwest,5946,47.5,1,73.5
2268,Northeast,2545,69.1,0,79.2
2269,South,7091,84.8,0,67.7
2270,West,1867,74.1,0,53.8
2271,West,4962,58.7,0,57.8
2272,Northeast,4163,73.0,0,68.4
2273,Midwest,5675,76.7,0,91.6
2274,West,8294,56.5,1,67.7
2275,South,1407,68.1,1,62.4
2276,Midwest,8621,66.1,1,65.9
2277,Northeast,7995,47.4,1,54.4
2278,Midwest,1202,73.0,0,75.1
2279,South,2710,87.9,0,88.4
2280,West,3753,50.0,1,65.2
2281,South,7349,81.1,0,84.5
2282,South,4178,73.7,0,66.1
2283,West,1312,74.5,0,51.5
2284,Midwest,4460,54.6,1,55.9
2285,Midwest,4310,91.8,0,76.0
2286,West,3443,54.8,1,85.9
2287,West,4957,85.6,0,82.6
2288,Midwest,2781,75.5,1,62.2
2289,West,6533,48.6,1,52.1
2290,South,4228,68.1,0,78.4
2291,West,6759,64.5,0,55.5
2292,West,8275,72.1,0,69.2
2293,South,5274,55.8,0,35.3
2294,West,7862,73.9,0,80.2
2295,Northeast,6323,62.7,1,49.5
2296,Northeast,2427,69.0,0,78.4
2297,West,4754,81.3,0,99.6
2298,Midwest,6392,70.6,0,75.1
2299,West,5244,85.1,0,67.7
2300,South,7968,94.7,0,93.3
2301,South,1705,62.9,0,71.3
2302,Midwest,4262,72.1,0,76.0
2303,West,5275,67.3,1,73.8
2304,West,4408,65.7,0,64.0
2305,Northeast,5486,63.6,1,77.8
2306,Northeast,4770,79.6,0,86.4
2307,Northeast,4479,91.7,0,71.1
2308,West,1968,69.3,0,67.2
2309,South,8701,79.2,0,67.3
2310,Midwest,1883,71.6,1,89.4
2311,South,5790,67.7,0,79.3
2312,Midwest,8467,85.3,0,69.4
2313,West,6598,61.5,0,68.6
2314,West,4289,74.0,0,77.3
2315,Midwest,5582,49.0,1,60.1
2316,Midwest,4235,71.6,1,68.0
2317,Northeast,5743,71.4,0,84.3
2318,South,8995,76.0,0,74.6
2319,West,3993,69.8,0,71.9
2320,West,1311,86.7,0,83.4
2321,South,2978,78.2,1,74.9
2322,South,6597,67.3,0,82.1
2323,South,2451,80.5,0,84.3
2324,South,2626,97.2,0,74.7
2325,Midwest,5678,71.6,0,61.1
2326,Midwest,7801,66.2,1,58.0
2327,South,4503,79.5,0,89.0
2328,Northeast,5391,99.5,0,89.6
2329,South,8386,83.3,0,80.5
2330,West,8480,48.8,1,49.6
2331,South,2781,100.0,0,85.9
2332,West,4969,71.7,0,73.7
2333,West,2128,71.8,0,82.6
2334,South,3734,49.4,1,76.4
2335,Northeast,3584,69.5,0,66.2
2336,South,7666,59.4,1,64.3
2337,Northeast,8704,55.1,1,68.1
2338,West,8652,66.3,1,67.3
2339,South,6167,55.2,1,70.6
2340,West,6455,70.5,0,74.7
2341,Northeast,6344,70.1,0,73.6
2342,Midwest,6821,76.8,0,76.7
2343,West,8057,67.4,1,66.5
2344,West,4569,73.3,0,67.8
2345,West,6364,82.7,0,95.8
2346,Northeast,6660,44.7,1,57.8
2347,Midwest,5591,80.1,0,83.3
2348,West,7794,85.4,0,80.8
2349,South,2704,74.1,0,69.9
2350,West,2799,55.6,0,40.8
2351,South,8590,77.3,0,61.1
2352,Midwest,3489,44.1,1,54.8
2353,South,6779,65.8,0,64.7
2354,South,3441,81.3,0,82.3
2355,Midwest,8752,60.6,1,72.4
2356,South,5651,67.6,0,59.4
2357,Northeast,3100,72.3,0,64.0
2358,Midwest,5259,55.0,0,61.6
2359,Midwest,6559,63.1,0,74.7
2360,West,5347,71.2,0,76.3
2361,South,7755,66.3,0,63.5
2362,Northeast,1831,87.0,0,84.9
2363,Northeast,3256,68.3,0,67.1
2364,Midwest,1614,67.6,1,66.8
2365,Midwest,5092,69.1,0,76.5
2366,West,8313,69.9,0,34.6
2367,Northeast,3395,83.3,0,79.3
2368,Northeast,2250,82.1,0,69.6
2369,West,3307,57.5,1,75.6
2370,South,4037,63.9,1,64.5
2371,Northeast,1904,74.9,0,67.0
2372,Midwest,1263,63.4,1,71.0
2373,Northeast,5052,59.3,1,62.4
2374,Northeast,8255,70.1,0,72.9
2375,South,2986,50.0,0,71.6
2376,Northeast,2038,64.9,1,56.4
2377,West,3279,91.2,0,81.4
2378,Midwest,7351,57.0,1,64.5
2379,West,4703,72.1,0,50.0
2380,South,1357,67.4,1,64.6
2381,Northeast,1398,73.1,0,71.0
2382,South,8299,77.5,0,83.0
2383,Northeast,1373,42.1,1,54.6
2384,West,8374,77.1,0,78.4
2385,Midwest,4398,76.8,0,82.4
2386,Midwest,2676,51.2,1,51.1
2387,West,2215,85.7,0,87.9
2388,West,4544,65.2,0,78.5
2389,Midwest,7913,66.7,0,66.7
2390,Northeast,1255,71.0,0,76.4
2391,Northeast,3161,61.7,0,54.6
2392,South,1399,72.1,0,81.9
2393,Northeast,2308,72.6,0,63.8
2394,Northeast,7748,64.8,0,60.5
2395,West,3037,52.7,1,62.7
2396,South,1505,72.0,0,65.2
2397,West,3541,66.6,0,64.1
2398,Midwest,7964,54.4,1,70.0
2399,West,1531,46.2,1,46.3
2400,West,2461,64.7,0,70.4
2401,South,1522,53.4,1,72.5
2402,Northeast,8332,61.2,1,75.4
2403,South,6621,80.6,0,60.7
2404,West,4750,71.8,0,76.6
2405,Midwest,5723,72.5,0,86.1
2406,Northeast,4628,68.4,0,60.9
2407,Northeast,1313,59.8,1,58.1
2408,Northeast,5807,70.1,0,48.5
2409,West,2133,55.8,1,57.1
2410,West,5043,69.3,0,83.5
2411,South,3845,76.7,1,71.6
2412,West,7823,86.0,0,79.9
2413,Northeast,5950,77.3,0,71.8
2414,Midwest,7502,59.0,1,63.1
2415,Midwest,6353,66.6,0,54.3
2416,South,8457,84.3,0,84.7
2417,South,7596,65.9,0,68.5
2418,South,7910,84.8,0,65.6
2419,South,8880,88.9,0,100.0
2420,South,1651,62.1,0,80.4
2421,South,2371,76.6,0,73.1
2422,Midwest,7942,78.3,0,61.1
2423,West,7319,76.0,1,72.4
2424,South,3418,85.8,0,66.3
2425,West,7963,90.1,0,76.0
2426,South,5180,53.0,1,52.8
2427,West,3670,80.7,0,65.4
2428,South,2741,85.9,0,64.9
2429,South,4987,70.8,0,67.3
2430,West,2374,71.8,0,62.1
2431,Midwest,4030,83.7,0,70.0
2432,Midwest,6363,80.0,0,77.6
2433,Midwest,8916,91.3,0,68.9
2434,Northeast,8458,91.8,0,75.1
2435,Midwest,8494,62.3,1,51.5
2436,South,5423,65.4,0,65.6
2437,West,2909,100.0,0,98.3
2438,Midwest,7061,60.5,0,59.0
2439,Midwest,8917,83.7,0,74.9
2440,Northeast,6298,78.9,0,82.5
2441,West,4602,64.4,0,77.7
2442,Midwest,5955,85.9,0,83.9
2443,West,7188,78.7,0,73.6
2444,Northeast,4177,69.2,1,73.5
2445,Midwest,2778,78.0,0,70.2
2446,West,8099,66.7,1,59.7
2447,Northeast,8721,65.8,1,59.0
2448,Northeast,1946,69.3,1,75.0
2449,Midwest,5896,52.8,1,55.0
2450,West,5249,84.6,0,84.7
2451,Northeast,8401,74.1,0,91.7
2452,Midwest,8276,89.7,0,86.7
2453,West,5631,92.2,0,75.3
2454,South,4982,85.5,0,76.5
2455,Northeast,6019,77.4,0,100.0
2456,South,7534,65.6,1,82.6
2457,Northeast,3474,73.0,0,79.0
2458,West,7400,72.3,1,42.4
2459,Midwest,5807,82.5,0,82.4
2460,Northeast,5832,57.4,1,63.8
2461,South,6310,61.8,0,56.5
2462,Northeast,7402,69.6,0,61.2
2463,Northeast,6798,84.4,0,76.1
2464,South,7454,79.2,0,73.8
2465,Northeast,8488,67.4,0,71.5
2466,West,6133,38.2,1,60.8
2467,West,6809,63.0,0,79.7
2468,Northeast,2002,83.6,0,63.4
2469,West,2789,59.2,1,65.1
2470,Midwest,3226,66.8,1,60.4
2471,Midwest,6834,54.4,1,70.5
2472,Northeast,5090,87.5,0,66.1
2473,Midwest,2972,96.7,0,68.9
2474,Northeast,7807,72.8,0,65.4
2475,South,5116,66.1,0,61.7
2476,South,3701,87.1,0,71.4
2477,West,8329,63.4,1,74.8
2478,Midwest,6346,70.9,0,87.8
2479,Midwest,1297,92.8,0,79.8
2480,West,5865,77.3,0,57.1
2481,Northeast,6555,79.3,0,74.5
2482,West,5039,66.0,0,70.4
2483,South,6647,80.9,0,51.8
2484,Midwest,8663,60.0,1,56.5
2485,Northeast,1620,70.2,1,68.4
2486,Northeast,4728,75.0,0,85.9
2487,West,2914,64.0,0,71.7
2488,Midwest,8343,83.2,0,76.4
2489,South,6688,71.5,0,77.2
2490,West,8751,97.5,0,76.4
2491,South,2898,64.2,0,58.5
2492,Midwest,3535,91.9,0,84.2
2493,Northeast,2103,84.0,0,79.2
2494,South,7155,71.6,0,71.4
2495,South,2388,65.7,1,79.9
2496,West,4138,75.2,0,88.8
2497,Midwest,4940,72.8,0,77.6
2498,South,5730,75.0,0,69.2
2499,Northeast,6479,67.5,0,59.2
2500,West,6119,66.0,0,62.7
2501,Northeast,4321,75.9,0,90.1
2502,Northeast,3208,74.6,1,61.7
2503,South,6892,44.9,1,38.3
2504,West,4687,61.9,1,71.2
2505,Midwest,3847,69.6,0,72.1
2506,Northeast,7630,76.4,0,64.8
2507,South,2142,93.8,0,69.4
2508,South,2606,61.8,0,53.3
2509,Northeast,6794,68.3,0,81.9
2510,South,4737,47.1,1,15.5
2511,Northeast,2118,97.7,0,100.0
2512,South,2764,69.2,0,67.3
2513,Midwest,4262,75.2,0,60.7
2514,Northeast,1398,67.9,0,87.3
2515,West,2071,71.7,0,69.9
2516,South,6602,82.1,0,66.3
2517,Northeast,4814,65.4,0,60.3
2518,South,5826,74.7,1,81.9
2519,West,7788,59.9,1,59.8
2520,South,3501,66.4,1,79.4
2521,West,8245,60.6,1,58.2
2522,Northeast,7273,59.0,0,76.2
2523,West,1760,58.5,0,62.2
2524,West,4581,65.2,1,71.4
2525,Northeast,1798,75.4,0,64.3
2526,South,5620,61.2,0,59.4
2527,Midwest,3862,77.0,0,63.9
2528,Midwest,6441,77.5,0,76.7
2529,South,8312,78.3,0,78.4
2530,Northeast,7593,82.9,0,71.0
2531,West,2306,62.7,1,65.2
2532,Northeast,3609,71.6,0,69.6
2533,Northeast,5236,63.5,0,56.6
2534,West,8930,62.3,1,50.1
2535,Northeast,8380,58.8,0,61.0
2536,Midwest,3975,97.2,0,88.0
2537,South,8742,85.2,0,87.8
2538,Midwest,1288,77.0,0,77.3
2539,West,6818,68.7,0,68.7
2540,Midwest,7903,92.8,0,80.4
2541,West,2254,77.5,1,83.6
2542,Midwest,4596,76.3,0,71.3
2543,West,1607,93.2,0,90.0
2544,West,4345,74.6,0,95.0
2545,Northeast,4051,90.7,0,100.0
2546,South,6280,60.9,0,56.6
2547,Northeast,2313,70.8,0,73.4
2548,Northeast,8985,78.1,0,77.1
2549,Northeast,4681,84.2,0,64.5
2550,West,1563,76.6,0,73.0
2551,Midwest,1965,69.5,0,72.4
2552,South,2143,71.2,0,89.4
2553,Midwest,3104,69.7,1,80.7
2554,South,2361,82.8,0,84.5
2555,Northeast,2660,77.9,0,77.2
2556,Northeast,5806,83.3,0,82.1
2557,West,8210,69.0,0,74.4
2558,Midwest,3939,66.8,1,73.3
2559,South,8857,78.0,0,77.0
2560,West,4364,70.9,1,91.8
2561,Northeast,5968,80.6,0,73.3
2562,West,6128,93.1,0,86.6
2563,South,6963,93.4,0,92.4
2564,West,6694,67.4,1,79.9
2565,South,5901,66.6,1,64.8
2566,South,2950,88.4,0,77.3
2567,West,1630,63.5,0,71.2
2568,West,3230,70.8,0,65.7
2569,Midwest,5828,51.0,1,64.0
2570,Northeast,1785,47.0,1,50.5
2571,Northeast,8764,53.7,0,65.4
2572,Northeast,1729,82.9,0,75.4
2573,Northeast,5314,76.3,0,76.5
2574,South,5853,64.0,0,42.6
2575,South,1399,72.4,0,68.2
2576,South,4230,72.7,0,63.3
2577,Northeast,7120,68.5,1,52.6
2578,Northeast,1984,69.5,1,75.4
2579,Midwest,5824,67.5,0,73.3
2580,West,6014,64.5,1,66.0
2581,South,7948,73.6,0,90.8
2582,West,8582,84.4,0,71.2
2583,South,5276,83.9,0,70.1
2584,South,6296,78.0,0,73.3
2585,Midwest,3156,70.6,0,79.3
2586,South,3948,67.8,0,53.9
2587,Midwest,5374,82.6,0,83.7
2588,South,4237,95.9,0,92.4
2589,West,7571,69.9,0,49.3
2590,Northeast,8313,55.7,1,50.1
2591,Midwest,6729,66.0,1,91.1
2592,Midwest,6306,43.8,1,56.1
2593,West,3767,79.7,0,75.9
2594,Northeast,2490,54.8,1,64.3
2595,West,2988,93.0,0,84.6
2596,South,1993,100.0,0,75.6
2597,South,6191,89.4,0,84.3
2598,West,2908,74.2,0,80.7
2599,South,3043,71.0,0,73.2
2600,Midwest,8741,66.8,0,55.3
2601,West,2407,66.9,0,53.4
2602,Northeast,7527,51.4,1,56.9
2603,Midwest,5709,52.5,1,57.8
2604,South,5090,96.2,0,83.6
2605,West,7854,75.6,0,92.6
2606,West,8185,87.1,0,80.1
2607,West,8484,74.5,0,80.0
2608,Northeast,3054,47.1,1,48.3
2609,West,1875,75.8,0,68.2
2610,Midwest,5421,64.1,1,80.0
2611,Midwest,1354,81.8,0,70.7
2612,South,2627,63.4,1,56.6
2613,Midwest,8104,98.2,0,80.0
2614,South,2146,63.3,0,67.4
2615,South,1662,71.2,0,68.9
2616,Northeast,3927,83.6,0,74.3
2617,West,2187,70.5,1,73.4
2618,West,6162,71.3,0,66.8
2619,Northeast,1680,70.2,0,53.7
2620,South,4376,83.4,0,80.6
2621,Northeast,8621,61.5,0,53.4
2622,West,5112,57.7,1,59.6
2623,South,6018,59.5,1,76.1
2624,South,3339,78.5,0,70.2
2625,South,7921,82.4,0,96.1
2626,West,7028,60.1,1,56.1
2627,West,1707,92.2,0,95.9
2628,South,5935,100.0,0,81.7
2629,Midwest,8863,79.6,0,70.2
2630,South,7726,69.7,0,51.5
2631,South,3953,73.9,0,78.6
2632,West,5342,62.3,0,57.1
2633,Northeast,7619,92.2,0,82.9
2634,Midwest,3077,89.2,0,83.3
2635,West,5943,77.7,0,52.6
2636,West,2255,78.5,1,80.9
2637,Northeast,2905,73.8,0,91.9
2638,Northeast,7752,68.0,0,65.7
2639,Midwest,4072,72.9,0,63.5
2640,West,4910,82.6,0,77.1
2641,West,5764,61.5,0,70.7
2642,South,1967,68.9,0,66.2
2643,West,3645,88.9,0,88.0
2644,South,3585,58.4,1,75.4
2645,West,8419,71.9,0,65.3
2646,West,7009,58.0,1,76.7
2647,Midwest,1877,71.3,0,83.3
2648,Midwest,1869,70.5,0,74.2
2649,South,8883,61.4,0,73.9
2650,Northeast,1806,100.0,0,100.0
2651,South,7607,46.4,1,62.2
2652,South,4964,79.1,0,66.8
2653,South,8703,63.9,0,72.4
2654,Midwest,4363,79.4,0,76.7
2655,South,7529,47.7,1,62.2
2656,Midwest,8269,82.3,0,71.1
2657,Northeast,3223,65.6,1,62.2
2658,South,6622,86.2,0,84.0
2659,Midwest,6724,59.8,1,56.5
2660,South,4705,72.2,0,52.9
2661,South,3912,62.2,0,65.4
2662,Northeast,5551,86.0,0,67.6
2663,Northeast,4105,77.2,0,58.2
2664,South,3256,68.9,0,62.7
2665,West,5429,72.0,0,70.6
2666,West,1332,74.7,0,70.8
2667,South,8193,83.4,0,78.2
2668,South,4900,100.0,0,88.6
2669,Midwest,4710,48.8,1,65.8
2670,South,5535,71.2,0,63.1
2671,Northeast,4165,51.6,1,72.8
2672,Northeast,3086,58.9,0,65.6
2673,West,5715,58.8,1,53.5
2674,South,7622,79.8,0,80.8
2675,West,8791,84.2,0,78.8
2676,Midwest,1650,49.7,1,39.9
2677,South,2869,70.5,0,64.3
2678,Northeast,8649,83.4,0,82.8
2679,Northeast,3974,39.5,1,53.7
2680,West,8883,70.5,0,82.4
2681,Midwest,5798,73.7,0,49.3
2682,South,4654,59.2,1,79.0
2683,Midwest,5360,86.8,0,70.1
2684,West,3632,62.1,0,61.4
2685,Northeast,6577,61.7,1,54.4
2686,Northeast,7079,87.7,0,75.8
2687,Northeast,6851,76.1,0,65.4
2688,Midwest,8024,87.5,0,89.3
2689,Northeast,4239,54.6,1,45.1
2690,Midwest,7371,61.1,1,68.0
2691,Midwest,7346,59.9,1,63.8
2692,Northeast,4538,68.1,0,60.2
2693,Northeast,7945,98.3,0,90.3
2694,West,5149,70.6,0,79.3
2695,Northeast,6147,66.2,0,82.6
2696,Northeast,5240,54.9,0,61.1
2697,Midwest,3409,69.7,0,73.0
2698,Midwest,2117,66.8,0,68.3
2699,Midwest,2445,63.4,1,85.3
2700,South,5529,65.8,0,71.3
2701,Northeast,8950,72.8,0,70.0
2702,West,1337,69.9,0,72.1
2703,Midwest,6011,63.4,0,63.1
2704,South,1641,74.3,0,74.7
2705,Northeast,3378,57.4,1,70.6
2706,South,7568,79.7,0,75.3
2707,West,2499,64.5,0,60.4
2708,Northeast,5709,64.2,1,65.6
2709,Northeast,2853,79.8,0,65.7
2710,Midwest,4071,83.6,0,82.9
2711,South,2156,85.4,0,82.0
2712,Midwest,7981,92.0,0,71.6
2713,Midwest,8956,78.1,0,73.8
2714,Northeast,7668,66.7,0,50.9
2715,Northeast,7321,65.1,0,73.0
2716,West,5337,54.1,1,68.2
2717,West,6653,54.1,1,62.3
2718,Midwest,8134,71.6,0,60.8
2719,West,2127,89.7,0,74.2
2720,Midwest,4880,68.4,0,81.5
2721,West,2050,82.4,0,72.3
2722,South,7688,75.2,0,63.1
2723,Northeast,3197,79.2,0,82.1
2724,Northeast,5754,69.8,0,61.4
2725,Northeast,8751,48.7,1,60.2
2726,Midwest,1857,83.2,0,79.6
2727,South,2277,72.1,0,83.3
2728,Northeast,7184,97.6,0,95.0
2729,Northeast,2388,69.7,1,60.4
2730,Northeast,3645,74.5,0,72.4
2731,West,5631,66.2,1,51.4
2732,West,1259,79.2,0,85.5
2733,South,5224,77.5,0,93.1
2734,Midwest,2796,69.9,0,78.3
2735,Northeast,3974,86.7,0,85.6
2736,South,5026,78.5,0,78.2
2737,West,8680,91.8,0,88.0
2738,Midwest,6328,76.2,0,74.3
2739,Northeast,1707,81.5,0,91.5
2740,South,2584,74.1,0,74.1
2741,Northeast,7278,58.3,1,64.0
2742,Midwest,2628,67.5,1,72.2
2743,Northeast,4903,100.0,0,76.2
2744,South,2099,78.6,0,57.9
2745,West,2459,78.0,0,73.5
2746,West,5439,64.4,0,81.9
2747,South,8355,90.2,0,100.0
2748,West,1753,58.5,1,52.4
2749,West,6677,53.9,1,52.5
2750,Midwest,2456,57.1,1,51.4
2751,Northeast,7115,66.4,1,78.0
2752,Northeast,3310,77.7,0,71.9
2753,South,8859,65.6,0,55.8
2754,South,7775,52.1,1,51.7
2755,West,1499,53.0,1,55.5
2756,Northeast,7958,88.2,0,78.0
2757,West,2425,51.6,1,63.9
2758,West,7323,59.1,1,54.0
2759,Midwest,3552,77.9,0,77.2
2760,Midwest,2940,63.9,0,68.5
2761,South,8599,76.2,0,70.5
2762,South,1963,44.4,1,63.7
2763,West,8209,70.8,0,80.7
2764,West,4001,74.2,0,60.1
2765,West,6416,80.4,0,77.0
2766,Northeast,1759,88.3,0,87.5
2767,South,3194,58.8,1,66.8
2768,South,1831,93.4,0,70.6
2769,Northeast,2032,55.4,1,57.6
2770,South,4009,48.9,1,65.3
2771,South,8455,86.0,0,61.0
2772,Northeast,8329,62.9,0,46.7
2773,Northeast,4895,65.8,1,62.7
2774,West,4488,55.5,1,68.5
2775,South,6225,64.6,1,83.8
2776,South,2774,73.7,1,69.1
2777,South,8397,65.6,0,77.7
2778,South,1481,72.5,0,75.0
2779,South,4234,72.4,0,81.3
2780,South,1620,87.0,0,73.8
2781,West,1897,54.7,1,47.9
2782,Midwest,5552,61.6,1,68.3
2783,Midwest,4081,84.4,0,77.7
2784,West,1362,73.2,1,77.0
2785,West,6901,64.8,1,72.0
2786,Midwest,4203,64.3,0,63.0
2787,Northeast,7048,81.3,0,62.2
2788,Northeast,2310,89.5,0,82.7
2789,Northeast,5217,56.7,0,57.3
2790,West,6006,56.1,1,60.9
2791,Midwest,8044,60.7,1,57.5
2792,South,2052,77.1,0,78.9
2793,Northeast,7956,60.9,1,65.6
2794,South,7723,73.7,0,62.2
2795,South,7798,90.0,0,69.5
2796,Northeast,7175,68.8,0,64.2
2797,South,3650,72.4,0,71.2
2798,Midwest,1661,79.9,0,83.3
2799,West,7408,84.2,0,71.2
2800,South,3987,68.2,0,75.8
2801,Midwest,3694,60.3,1,65.4
2802,Northeast,2100,77.2,0,70.7
2803,Midwest,4257,85.5,0,79.1
2804,West,5008,97.0,0,71.0
2805,South,1766,80.6,1,80.7
2806,South,3697,87.7,0,76.3
2807,South,1899,81.4,0,76.8
2808,Midwest,1239,81.9,0,47.5
2809,Midwest,3792,93.8,0,82.4
2810,West,5656,78.1,0,68.5
2811,Midwest,7184,63.9,1,61.5
2812,West,6732,72.1,0,60.8
2813,South,6570,63.1,1,79.7
2814,West,8871,85.7,0,82.4
2815,South,6992,78.1,1,75.0
2816,Midwest,1222,68.0,0,69.4
2817,Northeast,1862,66.7,0,57.0
2818,Midwest,5659,62.1,1,77.5
2819,West,2220,77.9,0,66.5
2820,South,3670,65.6,0,68.8
2821,West,8996,82.4,0,71.0
2822,Northeast,1985,64.6,0,83.5
2823,Midwest,6586,51.2,1,74.2
2824,South,7711,64.3,0,59.5
2825,South,4136,87.7,0,89.5
2826,Midwest,1294,49.6,1,74.4
2827,South,2251,71.8,0,66.9
2828,South,2322,74.2,0,83.5
2829,West,7595,60.9,1,64.0
2830,Midwest,5311,72.7,0,70.6
2831,Midwest,4729,73.8,0,75.8
2832,West,4661,63.9,1,67.1
2833,South,1522,90.5,0,90.1
2834,Northeast,5617,85.2,0,82.7
2835,West,4454,59.0,1,63.7
2836,West,4395,94.5,0,90.6
2837,Northeast,3200,80.0,1,60.7
2838,Northeast,7662,66.5,0,78.0
2839,Midwest,5490,80.3,0,85.9
2840,South,7778,72.8,0,69.4
2841,Midwest,3223,78.0,0,73.1
2842,Midwest,3541,81.5,0,73.0
2843,Northeast,4770,81.4,0,71.4
2844,Northeast,3840,66.6,1,52.1
2845,West,6670,81.4,1,76.4
2846,South,4680,79.1,0,78.5
2847,Northeast,5312,54.3,1,58.3
2848,Northeast,3236,94.8,0,83.5
2849,Midwest,3119,90.0,0,78.6
2850,South,5029,78.0,0,78.1
2851,West,1481,50.8,1,39.0
2852,Midwest,3681,100.0,0,89.9
2853,Midwest,8977,77.2,0,51.4
2854,West,5537,57.7,1,70.1
2855,Northeast,6909,61.6,1,54.6
2856,South,1939,72.9,1,76.6
2857,Midwest,5808,93.4,0,73.1
2858,West,1260,64.3,1,56.9
2859,Northeast,4070,100.0,0,93.7
2860,Northeast,6587,58.8,1,60.7
2861,South,8080,64.6,0,55.5
2862,Northeast,5728,52.5,1,66.6
2863,South,7727,73.7,0,77.8
2864,Midwest,6664,75.2,0,65.8
2865,Northeast,5002,69.6,0,65.0
2866,Midwest,7980,76.2,0,90.4
2867,Northeast,4041,79.9,0,80.4
2868,Northeast,7651,62.2,1,56.0
2869,South,6297,62.9,0,66.7
2870,South,6955,71.1,0,68.2
2871,South,7056,74.9,0,61.2
2872,South,8977,56.3,1,61.3
2873,Northeast,5854,73.3,0,75.6
2874,South,4039,75.6,1,57.3
2875,Midwest,4674,69.3,0,83.9
2876,West,6544,69.1,0,81.6
2877,South,3970,86.8,0,88.8
2878,Midwest,1528,65.0,0,62.9
2879,West,4505,64.3,1,64.4
2880,South,4918,75.4,1,75.5
2881,South,7141,86.1,0,80.4
2882,Northeast,6064,61.9,1,57.2
2883,West,3130,59.1,1,82.2
2884,West,2413,74.1,0,65.6
2885,Midwest,6433,68.7,0,69.6
2886,Midwest,7434,77.7,0,86.4
2887,Midwest,4849,69.9,1,77.7
2888,West,5557,68.6,1,68.5
2889,Northeast,2930,86.1,0,96.6
2890,Northeast,1551,76.4,0,76.6
2891,South,3483,74.4,0,64.6
2892,South,8817,86.2,0,75.0
2893,Northeast,6873,76.2,1,65.4
2894,Northeast,6460,81.3,0,74.1
2895,West,8480,85.8,0,89.1
2896,South,4582,63.8,1,66.6
2897,Northeast,2597,60.1,1,74.2
2898,South,5051,71.3,0,75.9
2899,Midwest,2371,63.2,0,59.4
2900,Midwest,8246,71.8,0,75.5
2901,West,1538,69.1,0,54.6
2902,West,6098,73.5,1,66.5
2903,Midwest,8699,62.8,0,65.6
2904,Northeast,8714,68.8,0,44.1
2905,South,2331,61.0,1,59.1
2906,West,3668,77.1,0,70.9
2907,South,5647,92.6,0,90.0
2908,South,4037,62.2,1,75.0
2909,West,1426,77.3,0,76.9
2910,Midwest,4436,67.0,1,73.7
2911,Midwest,5091,80.4,0,60.6
2912,South,3578,57.7,0,77.0
2913,Midwest,3471,91.8,0,79.7
2914,West,6105,75.0,0,87.0
2915,West,6419,81.1,0,71.7
2916,Northeast,3193,83.7,0,79.7
2917,Midwest,7055,71.0,0,54.6
2918,Midwest,6343,80.0,0,58.6
2919,Midwest,3137,93.5,0,82.4
2920,Northeast,2574,67.2,1,62.7
2921,South,8131,58.2,0,71.0
2922,Midwest,4682,81.7,0,83.2
2923,South,4327,77.8,0,68.4
2924,Northeast,1289,77.9,0,83.6
2925,Midwest,2117,88.1,0,84.9
2926,West,5736,77.4,0,88.3
2927,Northeast,3703,75.2,0,87.8
2928,West,8825,70.3,1,82.8
2929,South,6505,66.7,1,68.1
2930,Midwest,3580,81.5,0,81.0
2931,West,1549,93.4,0,69.4
2932,Northeast,1650,61.6,0,61.5
2933,South,7349,73.0,0,71.1
2934,Midwest,3233,70.5,0,72.5
2935,Midwest,6202,62.4,1,45.9
2936,Northeast,7761,76.9,0,79.3
2937,South,5415,83.5,0,83.9
2938,South,6373,70.2,1,69.1
2939,Northeast,7451,79.3,0,74.2
2940,South,7146,64.8,1,63.6
2941,West,3257,72.6,0,68.9
2942,Northeast,5924,75.3,0,52.8
2943,West,7594,79.4,0,65.7
2944,Northeast,8126,77.9,0,74.3
2945,Midwest,2905,52.8,1,55.2
2946,Northeast,5954,61.9,1,78.4
2947,Northeast,5791,69.6,0,75.5
2948,Midwest,3606,73.0,0,76.4
2949,West,8108,73.8,0,76.6
2950,West,6010,83.8,0,81.2
2951,Midwest,7889,87.5,0,86.0
2952,Northeast,4677,84.2,0,69.7
2953,West,6834,82.5,0,69.4
2954,South,1505,91.3,0,91.1
2955,Midwest,3826,90.4,0,83.8
2956,West,7930,67.0,0,68.3
2957,Midwest,5718,76.3,1,82.9
2958,West,5743,73.5,0,63.4
2959,Midwest,2907,67.2,0,73.0
2960,Northeast,8007,73.2,0,72.4
2961,West,7685,67.4,0,64.6
2962,South,4130,65.8,0,66.2
2963,West,4507,75.5,0,70.7
2964,Northeast,3467,84.9,0,80.7
2965,South,7047,81.4,0,92.6
2966,Northeast,3515,67.6,0,65.1
2967,Northeast,5182,62.4,0,63.6
2968,Midwest,4951,70.3,0,74.7
2969,Midwest,2973,83.2,0,100.0
2970,West,5535,56.8,0,60.6
2971,South,6762,53.7,0,45.3
2972,West,8837,57.5,1,70.1
2973,Northeast,6416,57.5,1,79.3
2974,Midwest,8599,56.8,1,52.1
2975,South,3798,86.1,0,79.5
2976,Northeast,6630,59.3,1,66.8
2977,Northeast,2291,62.8,1,71.9
2978,South,4817,80.0,0,76.0
2979,West,5093,64.6,0,71.3
2980,South,6877,97.9,0,79.0
2981,South,6970,68.8,0,76.8
2982,West,4659,69.0,0,84.8
2983,Midwest,5952,53.5,1,49.9
2984,West,5858,56.0,1,64.0
2985,Northeast,3905,63.8,1,88.1
2986,Midwest,6347,85.6,0,75.2
2987,South,2737,65.8,0,71.9
2988,Northeast,2784,64.3,0,73.5
2989,West,1591,78.6,0,83.0
2990,South,8608,63.0,0,80.7
2991,West,3022,86.8,0,97.9
2992,Midwest,6258,57.4,1,70.1
2993,Midwest,2609,55.0,0,57.1
2994,South,3251,75.8,0,65.3
2995,South,1312,52.8,1,83.9
2996,West,4051,58.8,1,76.0
2997,Midwest,8709,80.6,0,81.3
2998,Midwest,2959,59.1,1,63.9
2999,Northeast,5051,60.4,0,58.6
3000,Northeast,2012,60.8,0,73.0
3001,West,8886,72.2,1,64.3
3002,South,7286,75.7,0,78.8
3003,West,4733,75.8,1,72.7
3004,Midwest,8615,77.7,0,79.3
3005,Midwest,6360,76.1,0,56.3
3006,Midwest,5941,77.0,1,99.2
3007,South,3512,83.9,0,65.0
3008,South,4352,61.9,0,61.4
3009,Northeast,1672,57.1,1,63.3
3010,Midwest,8854,81.9,0,85.7
3011,Midwest,4887,92.0,0,85.1
3012,Midwest,3977,69.4,0,52.8
3013,West,3185,71.9,0,52.9
3014,Midwest,8576,96.8,0,96.8
3015,South,5916,68.1,0,53.5
3016,Midwest,3200,47.6,0,58.4
3017,Midwest,5306,67.0,1,59.3
3018,Northeast,5887,77.4,0,83.6
3019,Northeast,8664,76.2,0,75.8
3020,West,7794,55.6,1,69.9
3021,Midwest,3993,68.4,0,52.2
3022,Northeast,2437,79.0,0,70.0
3023,Midwest,2280,64.6,0,62.0
3024,South,6857,62.6,0,64.8
3025,Midwest,1211,57.1,1,69.2
3026,West,7399,67.5,0,79.3
3027,South,1951,79.9,0,87.1
3028,West,3402,73.6,0,72.7
3029,South,8203,73.6,0,67.7
3030,Midwest,5477,75.9,0,80.0
3031,South,3981,59.0,1,76.3
3032,West,1361,83.9,0,92.5
3033,West,5280,72.3,0,72.0
3034,Northeast,3496,69.3,0,56.5
3035,Northeast,4195,74.2,0,77.3
3036,Midwest,4881,89.3,0,73.0
3037,Northeast,4419,82.5,0,72.2
3038,Midwest,5955,84.8,0,63.1
3039,Midwest,5027,71.7,0,95.0
3040,West,7370,78.2,0,66.7
3041,Northeast,2917,91.6,0,66.8
3042,South,4630,67.3,0,59.5
3043,Northeast,3637,88.4,0,97.1
3044,West,5775,79.6,0,79.4
3045,South,7731,94.9,0,88.8
3046,Northeast,2350,83.9,0,68.6
3047,Midwest,1746,60.4,1,70.9
3048,Northeast,5460,86.7,0,57.8
3049,South,4494,62.3,0,74.6
3050,South,7076,72.1,0,77.4
3051,Northeast,5692,45.7,1,55.6
3052,South,5248,58.7,0,60.0
3053,Northeast,8331,97.4,0,87.4
3054,Midwest,6227,75.5,0,69.8
3055,Midwest,5231,58.7,1,78.5
3056,Midwest,2314,56.0,1,59.5
3057,Midwest,4940,98.3,0,86.5
3058,Midwest,2982,85.7,0,76.7
3059,South,4796,69.6,0,77.4
3060,Midwest,6823,76.9,0,61.7
3061,Midwest,3608,91.0,0,100.0
3062,West,6978,73.1,1,77.0
3063,South,3195,48.7,1,46.7
3064,Northeast,6893,65.5,0,67.3
3065,Northeast,2439,83.9,0,79.2
3066,Midwest,8729,81.5,0,81.0
3067,Northeast,4249,62.5,1,46.5
3068,Northeast,8767,77.8,0,81.2
3069,South,3723,75.1,0,65.0
3070,West,1362,79.4,0,50.2
3071,Northeast,5123,60.8,1,69.0
3072,Midwest,2797,76.8,0,67.9
3073,South,5487,62.8,1,65.1
3074,West,1896,65.4,0,61.9
3075,South,6730,85.8,0,81.8
3076,Midwest,4151,74.9,0,74.2
3077,Midwest,2150,76.7,0,82.5
3078,West,4397,79.2,0,62.5
3079,Midwest,5173,42.8,1,51.5
3080,West,4219,73.9,0,78.9
3081,Northeast,6017,72.9,0,63.8
3082,Northeast,7789,78.9,0,76.0
3083,West,7753,87.0,0,68.5
3084,Northeast,7272,83.1,0,78.3
3085,West,6654,62.6,0,63.8
3086,Northeast,7528,72.2,0,54.5
3087,Northeast,5213,78.2,0,65.7
3088,West,3599,71.4,0,68.4
3089,South,6278,56.0,1,74.3
3090,Northeast,7552,81.9,0,81.1
3091,South,5514,100.0,0,98.8
3092,South,4227,59.4,1,51.7
3093,Midwest,6145,56.9,1,49.1
3094,Northeast,6563,96.9,0,82.9
3095,South,8012,74.6,0,76.8
3096,West,6938,76.5,0,68.5
3097,South,1218,68.3,0,69.1
3098,South,5824,76.1,0,75.6
3099,Northeast,3436,70.6,1,59.4
3100,South,6801,71.7,0,67.4
3101,West,3471,73.6,0,64.4
3102,South,5683,55.3,1,63.6
3103,West,7747,60.6,1,61.7
3104,South,4487,55.5,1,63.1
3105,West,3194,70.8,0,65.8
3106,West,4552,81.4,0,91.4
3107,Northeast,5847,79.5,0,69.6
3108,West,6804,51.7,0,49.5
3109,South,8969,77.0,0,84.1
3110,West,1905,59.0,1,54.7
3111,West,4985,79.8,0,64.4
3112,West,7270,76.2,0,80.2
3113,South,8421,93.4,0,100.0
3114,West,6928,76.3,0,83.3
3115,West,4141,88.0,0,80.8
3116,West,1427,83.5,0,86.6
3117,Northeast,8136,80.9,0,84.5
3118,Midwest,8215,80.7,0,93.7
3119,Midwest,3178,69.7,0,62.4
3120,South,6753,62.0,1,51.9
3121,South,7813,50.0,1,58.7
3122,Northeast,8722,65.6,1,66.0
3123,West,5783,82.6,0,71.5
3124,South,6833,100.0,0,100.0
3125,Midwest,4530,88.0,0,63.8
3126,Midwest,6302,79.4,0,72.4
3127,Midwest,2330,76.9,0,63.2
3128,South,2500,65.4,0,92.6
3129,Northeast,5366,56.1,0,74.4
3130,West,8840,56.9,1,71.7
3131,Midwest,4175,58.3,0,79.1
3132,Northeast,8867,69.8,0,61.6
3133,South,6036,63.9,1,80.2
3134,Midwest,7874,68.6,0,76.5
3135,South,7296,90.2,0,79.1
3136,Midwest,8235,74.3,0,70.7
3137,South,1474,73.1,0,74.1
3138,South,5118,59.9,1,72.9
3139,Midwest,2658,69.2,0,70.0
3140,South,8709,63.2,0,64.0
3141,Midwest,5979,57.4,1,73.7
3142,West,3672,82.1,0,74.0
3143,South,8903,85.1,0,91.2
3144,South,6313,77.3,0,78.1
3145,South,2485,90.2,0,91.9
3146,West,6318,73.0,0,72.2
3147,Midwest,5064,83.3,0,81.4
3148,South,4694,98.1,0,80.6
3149,Midwest,8025,79.1,0,83.5
3150,South,1537,67.0,0,68.2
3151,South,1716,70.7,1,70.5
3152,South,4303,69.2,0,48.9
3153,West,4930,61.7,1,55.2
3154,West,5531,84.0,0,79.3
3155,West,4901,73.6,1,67.7
3156,Midwest,4436,70.8,0,83.9
3157,Northeast,4813,76.1,0,60.9
3158,South,7825,44.2,1,52.2
3159,South,2221,69.9,1,77.4
3160,Midwest,8081,75.7,1,83.8
3161,West,4888,57.6,1,57.1
3162,West,8435,82.9,0,78.6
3163,Northeast,7297,87.4,0,91.3
3164,Northeast,6335,68.8,1,75.6
3165,Midwest,8898,72.2,1,77.8
3166,Northeast,5646,79.1,0,81.7
3167,South,2458,67.1,0,60.1
3168,West,1684,83.1,0,76.3
3169,Northeast,2574,83.5,0,73.0
3170,Northeast,1470,64.8,1,64.1
3171,South,6304,74.9,0,83.7
3172,Midwest,8435,65.6,0,71.1
3173,South,1398,63.7,1,66.9
3174,West,1375,81.7,0,76.2
3175,South,6292,79.8,0,85.5
3176,Midwest,2906,78.7,0,54.2
3177,West,5946,87.3,0,75.9
3178,Midwest,1976,69.8,0,68.0
3179,Midwest,3036,88.5,0,93.6
3180,Northeast,8242,54.8,1,55.4
3181,Midwest,4217,71.0,0,78.9
3182,South,4572,78.0,0,65.5
3183,West,2854,67.2,0,83.3
3184,Northeast,7381,79.9,0,92.3
3185,Midwest,2235,77.7,0,63.9
3186,South,8910,78.9,0,74.3
3187,South,4944,98.8,0,79.4
3188,Northeast,4025,73.6,0,75.3
3189,South,8290,90.6,0,79.1
3190,Midwest,5737,57.4,1,59.0
3191,South,4222,57.1,1,65.9
3192,Northeast,2793,57.6,1,69.0
3193,South,4596,82.7,0,69.2
3194,Midwest,1560,58.3,1,63.7
3195,South,5128,59.9,1,63.5
3196,Northeast,3591,66.0,1,85.1
3197,Northeast,4588,52.5,0,56.2
3198,West,2551,53.9,1,70.2
3199,Midwest,5735,63.7,0,71.3
3200,Midwest,3295,76.7,0,57.0
3201,West,2713,67.4,1,76.3
3202,South,1368,65.1,0,74.1
3203,Midwest,6658,75.7,1,68.1
3204,South,4893,77.4,0,71.4
3205,Midwest,6302,77.4,1,70.8
3206,Northeast,8491,71.9,0,71.6
3207,Midwest,8337,75.5,0,65.3
3208,West,8082,69.5,0,62.3
3209,West,5240,44.3,1,52.1
3210,West,8615,71.4,1,84.3
3211,South,3936,76.1,0,77.8
3212,South,6135,88.0,0,95.0
3213,Midwest,7480,66.4,0,71.7
3214,Northeast,2044,59.9,1,76.7
3215,West,1602,89.2,0,82.6
3216,Northeast,7275,80.9,0,56.5
3217,West,2483,60.3,0,75.1
3218,South,5810,82.6,0,71.1
3219,Northeast,3009,52.2,1,87.0
3220,Northeast,3344,54.1,1,66.5
3221,South,1924,70.9,0,87.3
3222,South,4122,74.1,0,67.0
3223,Northeast,6659,76.7,0,54.4
3224,Northeast,3316,70.3,0,66.5
3225,South,7740,68.9,0,73.9
3226,West,7295,83.7,0,78.4
3227,Northeast,8800,61.4,0,79.4
3228,West,2843,53.9,1,43.2
3229,Midwest,5506,75.5,0,83.8
3230,Midwest,2773,85.9,0,95.5
3231,Northeast,7341,100.0,0,92.0
3232,Northeast,8077,73.6,0,77.2
3233,Northeast,5599,70.8,0,68.1
3234,Northeast,2570,82.8,0,81.0
3235,Northeast,2270,83.9,0,81.7
3236,West,2276,82.8,0,68.4
3237,Northeast,2945,84.2,0,64.2
3238,South,6920,42.4,1,68.5
3239,West,5666,88.4,0,86.4
3240,South,8914,74.5,0,74.4
3241,West,5082,68.2,0,52.3
3242,South,3515,77.2,0,80.0
3243,West,2880,70.4,1,78.0
3244,Midwest,3394,91.5,0,80.7
3245,Midwest,6842,77.1,0,64.6
3246,Northeast,7346,81.8,0,74.7
3247,Northeast,2315,91.7,0,78.2
3248,Midwest,5872,72.7,0,61.5
3249,West,3192,63.7,0,67.0
3250,Midwest,7979,63.7,1,66.9
3251,West,7916,61.3,0,49.0
3252,South,4019,64.3,0,66.4
3253,Midwest,6689,73.4,0,89.9
3254,South,2908,67.9,0,46.7
3255,Northeast,8277,79.7,0,83.1
3256,South,3004,64.7,0,67.3
3257,Midwest,2166,100.0,0,97.9
3258,West,4076,90.4,0,69.9
3259,Midwest,2931,78.8,0,91.9
3260,South,6279,69.4,0,64.3
3261,South,2775,60.5,1,72.0
3262,Northeast,2642,58.5,1,71.0
3263,South,2015,72.6,0,84.2
3264,West,1398,69.2,0,95.4
3265,Northeast,1351,61.9,1,81.5
3266,West,7840,73.4,0,56.6
3267,South,8369,70.4,0,47.8
3268,Northeast,3580,77.5,0,76.9
3269,Midwest,3975,53.8,1,57.0
3270,West,3171,79.8,0,61.0
3271,Midwest,6839,84.9,0,81.5
3272,South,5619,64.8,0,61.3
3273,South,3956,81.8,0,81.3
3274,Northeast,2983,61.1,1,62.5
3275,South,6719,91.1,0,77.3
3276,Northeast,8060,74.1,0,56.9
3277,South,2143,60.3,1,68.7
3278,Midwest,6786,65.0,0,62.3
3279,West,2901,67.7,1,59.5
3280,South,5442,97.5,0,89.9
3281,West,1328,50.8,1,55.7
3282,Midwest,4123,100.0,0,91.0
3283,Midwest,2621,70.4,0,63.9
3284,South,5031,86.4,0,61.4
3285,West,3181,93.8,0,92.1
3286,West,5641,67.6,0,63.8
3287,West,6620,60.7,1,63.3
3288,West,8477,73.1,0,57.3
3289,West,6505,78.9,0,67.5
3290,Midwest,8411,66.1,1,60.3
3291,Northeast,6504,51.4,1,46.4
3292,Northeast,6692,76.3,1,60.8
3293,Midwest,3738,45.4,1,45.9
3294,Midwest,7147,71.7,0,57.5
3295,West,6511,85.6,0,84.2
3296,Northeast,7612,72.5,0,56.2
3297,Northeast,2800,86.7,0,91.9
3298,South,2462,78.1,0,75.1
3299,West,6872,87.5,0,64.8
3300,South,7545,55.7,1,73.4
3301,Northeast,1429,46.3,1,64.4
3302,West,5853,74.0,0,61.1
3303,West,6828,68.2,0,45.8
3304,West,8349,71.9,0,77.5
3305,Midwest,4692,96.9,0,79.8
3306,Northeast,2460,82.7,0,86.5
3307,South,4299,72.8,0,64.2
3308,South,5271,64.2,0,75.8
3309,West,7906,69.3,0,78.7
3310,Northeast,7994,71.8,1,85.3
3311,South,8338,61.8,0,58.2
3312,Midwest,5099,90.0,0,62.5
3313,South,4027,65.9,0,73.7
3314,Midwest,2548,95.5,0,93.6
3315,West,7266,48.6,1,56.7
3316,Northeast,2129,79.5,0,82.6
3317,Northeast,7728,48.6,1,60.9
3318,Northeast,4704,88.7,0,80.8
3319,South,1634,70.9,0,85.8
3320,South,4872,58.2,1,66.3
3321,West,4694,70.1,0,83.6
3322,West,2839,78.6,0,58.3
3323,West,4632,57.6,1,62.0
3324,West,3821,79.9,0,63.6
3325,South,5787,57.3,1,52.0
3326,West,6467,71.3,0,61.9
3327,West,1750,58.4,1,61.3
3328,West,4172,77.9,0,67.4
3329,West,4756,89.2,0,62.5
3330,West,5801,83.6,0,76.0
3331,Midwest,4613,81.1,0,81.7
3332,Midwest,2973,79.2,0,82.0
3333,South,5168,55.5,1,67.5
3334,South,3330,66.5,1,71.2
3335,Northeast,7645,77.5,1,92.5
3336,West,4639,86.8,0,82.8
3337,Northeast,5264,71.0,0,81.1
3338,Northeast,7722,73.1,1,72.7
3339,Midwest,2211,49.2,1,54.0
3340,Northeast,5896,90.2,0,88.5
3341,South,1552,67.0,0,79.8
3342,Northeast,3901,53.8,1,57.2
3343,Midwest,3617,66.7,0,60.7
3344,South,5945,67.5,1,59.0
3345,South,2478,67.5,0,79.1
3346,Midwest,4886,64.8,0,55.2
3347,West,1845,82.6,0,76.7
3348,Midwest,5755,64.5,1,80.5
3349,West,3471,65.6,1,68.5
3350,South,7569,77.7,0,78.4
3351,Midwest,7476,66.2,0,77.4
3352,West,2548,92.1,0,74.5
3353,Midwest,3839,73.7,0,63.4
3354,South,2034,61.0,1,79.1
3355,Midwest,6706,72.5,1,68.1
3356,West,1377,80.6,0,85.9
3357,South,4351,72.1,0,69.8
3358,Midwest,5050,85.0,0,100.0
3359,South,4155,95.3,0,83.7
3360,Midwest,8436,82.8,0,66.7
3361,South,3483,70.9,0,72.0
3362,West,3050,81.1,0,79.6
3363,Midwest,3418,63.1,1,61.8
3364,South,2199,55.0,1,58.1
3365,South,7995,90.7,0,72.5
3366,Midwest,6812,82.5,0,64.2
3367,South,8983,77.2,0,77.3
3368,Midwest,6734,78.1,0,69.7
3369,South,5980,48.6,1,39.3
3370,South,5754,80.4,0,68.1
3371,South,6133,60.5,1,71.2
3372,South,7651,62.1,0,72.4
3373,Northeast,7676,70.2,0,60.7
3374,South,6850,58.2,0,55.1
3375,West,6048,95.4,0,86.2
3376,Northeast,4439,70.2,0,62.1
3377,South,7376,61.3,1,67.6
3378,South,8519,66.6,1,60.8
3379,Northeast,8155,72.9,0,54.5
3380,Midwest,8425,77.7,0,79.0
3381,West,3843,59.8,1,74.0
3382,Northeast,7675,66.4,0,73.1
3383,Midwest,3945,59.7,0,64.2
3384,South,8920,56.1,1,67.5
3385,Midwest,8888,73.9,0,68.4
3386,Northeast,2651,74.2,0,75.1
3387,West,7179,62.1,1,84.1
3388,Northeast,3107,80.4,0,81.6
3389,South,1564,77.6,0,97.5
3390,West,5318,98.3,0,81.7
3391,Northeast,5758,89.2,0,77.0
3392,South,7905,80.8,0,71.1
3393,Midwest,6977,85.9,0,93.7
3394,Midwest,5140,100.0,0,76.1
3395,Northeast,4598,88.8,0,87.4
3396,West,6883,62.4,1,63.5
3397,West,4914,78.2,0,80.2
3398,West,8186,65.1,1,80.0
3399,Northeast,6173,42.0,1,40.7
3400,West,3905,80.1,0,59.1
3401,Northeast,4840,86.0,0,73.2
3402,Midwest,4107,69.5,0,73.7
3403,West,2541,71.0,0,72.0
3404,Northeast,2596,81.3,0,80.4
3405,Midwest,4069,70.0,0,59.3
3406,South,8545,69.8,0,90.3
3407,Midwest,1833,74.2,1,56.8
3408,Midwest,5362,72.0,0,79.1
3409,West,4436,70.7,0,76.9
3410,South,6149,78.0,0,71.4
3411,West,5532,78.8,0,83.0
3412,Northeast,4248,69.0,0,79.9
3413,West,3118,70.3,0,71.9
3414,South,5358,67.1,0,64.1
3415,Midwest,2230,76.5,0,77.7
3416,Northeast,2717,69.3,0,85.1
3417,South,7823,69.2,0,84.4
3418,Midwest,2284,71.7,0,63.2
3419,Midwest,7512,70.5,0,61.8
3420,South,5173,70.1,0,57.4
3421,West,2080,78.8,0,71.1
3422,Midwest,3330,89.3,0,71.7
3423,Midwest,5684,53.9,1,47.8
3424,Midwest,4589,67.9,0,61.9
3425,Northeast,1382,69.3,0,55.4
3426,West,4346,74.3,1,87.4
3427,West,7345,62.6,1,60.7
3428,Northeast,2445,82.7,0,82.8
3429,Northeast,8919,75.2,0,57.4
3430,West,7690,86.2,0,85.4
3431,Midwest,1231,63.3,1,86.0
3432,South,6000,74.7,0,70.2
3433,Midwest,7304,77.6,0,76.0
3434,Northeast,6960,61.2,1,58.6
3435,Midwest,4189,76.8,0,71.8
3436,Midwest,5452,80.8,0,75.1
3437,West,4908,92.2,0,95.1
3438,West,2678,97.7,0,86.6
3439,Midwest,3103,64.9,1,83.8
3440,South,4740,65.4,1,78.5
3441,South,8166,62.3,0,62.1
3442,Midwest,3913,59.6,0,67.1
3443,Midwest,7047,61.3,1,75.5
3444,South,4785,80.4,0,89.0
3445,South,6130,52.3,1,59.0
3446,West,7013,77.8,0,85.8
3447,Midwest,5453,97.4,0,87.4
3448,South,4459,89.5,0,77.8
3449,South,8133,73.8,0,70.3
3450,South,4997,68.1,1,86.6
3451,Northeast,4275,65.0,1,74.4
3452,Northeast,1562,56.8,1,56.7
3453,South,2636,68.9,1,73.5
3454,South,7155,94.3,0,93.8
3455,South,7578,73.8,0,95.4
3456,West,4726,62.3,1,78.0
3457,Midwest,8163,68.8,0,61.7
3458,West,4704,94.2,0,88.0
3459,Northeast,8292,69.7,0,60.8
3460,Northeast,1883,75.3,0,68.0
3461,West,8861,62.7,0,60.6
3462,South,2513,63.9,1,78.1
3463,Midwest,4526,70.7,0,62.6
3464,Northeast,6332,55.6,1,74.6
3465,Northeast,1352,58.2,1,69.6
3466,Northeast,6400,57.7,1,59.6
3467,Northeast,2333,64.3,1,60.2
3468,Midwest,4131,53.6,1,61.1
3469,West,8555,69.4,1,58.9
3470,Northeast,4024,69.4,0,61.6
3471,South,7166,61.9,0,74.7
3472,South,7968,59.4,1,58.0
3473,Northeast,5898,81.8,0,81.0
3474,Northeast,1737,67.7,1,73.8
3475,Northeast,6228,49.8,1,54.5
3476,South,7271,67.7,0,76.4
3477,South,6499,52.9,1,66.6
3478,South,4157,75.4,0,75.0
3479,Northeast,3138,99.4,0,74.0
3480,South,6756,94.4,0,79.1
3481,Midwest,6807,79.4,1,67.8
3482,South,6142,70.8,0,70.0
3483,West,1953,60.7,1,77.7
3484,West,5744,34.4,1,55.5
3485,West,1397,63.9,1,66.7
3486,Northeast,5057,77.6,0,78.6
3487,West,1891,73.6,1,47.7
3488,Northeast,5326,82.9,0,65.2
3489,Northeast,6908,69.3,1,64.4
3490,Northeast,2409,62.9,1,51.5
3491,South,5892,95.0,0,91.2
3492,South,8997,59.7,1,73.2
3493,West,2108,87.6,0,86.0
3494,Midwest,3771,88.5,0,85.3
3495,Midwest,8482,81.5,0,82.1
3496,West,5354,59.9,0,48.7
3497,West,2407,56.0,1,69.3
3498,Northeast,8966,54.3,0,56.9
3499,Northeast,8697,71.5,0,74.2
3500,Midwest,4082,77.3,0,81.9
3501,West,4103,61.3,1,67.4
3502,South,4700,74.3,0,75.5
3503,West,8764,70.7,0,68.1
3504,Northeast,2775,66.3,0,77.8
3505,Northeast,8525,96.9,0,87.9
3506,Midwest,7295,61.7,1,73.4
3507,South,1502,78.7,0,58.0
3508,Northeast,3039,74.8,0,71.8
3509,South,7790,99.0,0,89.6
3510,West,4338,66.7,0,59.7
3511,Midwest,2981,69.0,1,76.5
3512,Northeast,7666,72.3,0,53.4
3513,Northeast,5961,84.9,0,73.2
3514,West,8160,68.1,0,71.6
3515,West,3993,66.0,0,66.8
3516,Midwest,3074,70.7,0,59.0
3517,South,6276,69.9,1,81.0
3518,South,8190,45.3,1,50.7
3519,Northeast,3040,40.6,0,46.9
3520,South,3282,58.9,1,64.2
3521,West,7620,80.2,0,71.3
3522,Northeast,4381,67.2,1,67.6
3523,South,5482,79.6,0,81.6
3524,West,5287,72.1,0,68.4
3525,West,7657,69.1,0,67.4
3526,Northeast,5635,73.2,0,83.1
3527,Northeast,2738,80.7,0,57.3
3528,South,5222,71.1,1,65.8
3529,Northeast,6494,57.3,1,62.2
3530,West,4788,95.1,0,99.8
3531,Northeast,1743,83.3,0,88.5
3532,South,7749,71.5,0,61.5
3533,South,3255,72.4,0,84.6
3534,West,6469,96.0,0,67.1
3535,West,2649,79.9,0,91.7
3536,Northeast,8333,65.5,1,73.5
3537,Midwest,4463,86.9,0,63.5
3538,Northeast,7680,87.6,0,90.1
3539,South,7260,50.5,1,51.3
3540,Northeast,8811,77.1,0,94.6
3541,Midwest,5086,52.4,1,57.0
3542,Northeast,4874,77.4,0,82.8
3543,South,8469,44.4,1,48.1
3544,Northeast,3912,56.7,1,60.8
3545,West,7153,58.9,1,76.3
3546,South,6695,70.2,0,68.5
3547,Midwest,5577,67.5,0,76.9
3548,South,4989,58.3,1,51.9
3549,South,6094,49.2,1,50.9
3550,South,7959,80.9,0,89.8
3551,Northeast,3850,72.7,0,83.0
3552,South,5214,62.1,1,76.1
3553,Midwest,5761,71.4,0,77.0
3554,Northeast,7967,83.9,0,69.7
3555,South,7552,56.3,0,67.3
3556,Midwest,3559,64.0,1,74.2
3557,South,7249,72.8,0,70.7
3558,West,4949,70.5,1,70.5
3559,West,1204,73.3,0,66.7
3560,Midwest,1579,82.8,0,93.0
3561,Midwest,4343,72.2,0,76.1
3562,South,4970,68.4,1,62.8
3563,Midwest,4459,94.4,0,86.0
3564,Northeast,4558,56.9,1,74.1
3565,South,6060,75.4,0,82.1
3566,Midwest,3403,69.6,0,60.7
3567,West,3252,58.8,0,75.9
3568,Northeast,5119,81.0,0,86.1
3569,Northeast,2234,79.5,1,65.6
3570,Northeast,2150,77.0,0,79.8
3571,West,4664,60.2,1,68.4
3572,Midwest,2513,77.2,0,79.5
3573,South,7719,68.9,0,71.1
3574,West,1870,59.8,1,52.3
3575,Midwest,6777,58.4,1,76.5
3576,Midwest,7108,62.9,1,76.1
3577,South,4614,70.4,1,69.5
3578,South,4261,70.3,0,66.3
3579,Northeast,6895,73.3,0,100.0
3580,South,8845,71.4,0,70.3
3581,West,5097,78.6,0,90.3
3582,Midwest,3888,74.1,1,58.8
3583,South,3489,66.8,1,71.9
3584,Midwest,1466,72.8,0,71.1
3585,Midwest,2590,74.3,0,74.1
3586,South,2283,64.4,0,81.6
3587,South,8463,66.7,1,88.1
3588,South,6323,83.1,0,76.5
3589,Midwest,6139,83.0,0,74.3
3590,West,5186,74.2,0,68.2
3591,South,3414,70.9,0,89.7
3592,West,4197,81.6,0,78.1
3593,Midwest,5214,86.3,0,88.2
3594,South,5820,85.7,0,85.7
3595,South,7263,72.0,0,80.0
3596,Northeast,4167,69.7,0,66.9
3597,Northeast,7933,68.2,0,77.1
3598,Northeast,6712,83.2,0,93.3
3599,South,5711,65.7,1,87.5
3600,Midwest,6324,61.2,1,54.7
3601,West,8005,71.8,1,68.2
3602,South,6972,86.9,0,78.3
3603,West,4139,79.9,0,65.2
3604,Northeast,7901,53.1,1,52.2
3605,Midwest,2991,84.9,0,88.4
3606,Midwest,2425,75.5,1,80.6
3607,South,7488,67.3,0,78.3
3608,West,7786,71.3,0,72.1
3609,South,2082,58.4,1,80.3
3610,Northeast,4546,78.3,0,62.1
3611,Midwest,6908,58.3,1,65.1
3612,West,2660,78.0,0,59.1
3613,South,2122,65.5,0,76.9
3614,Northeast,1993,83.9,0,93.2
3615,South,8141,97.5,0,78.1
3616,Midwest,3070,62.8,0,75.2
3617,Midwest,8788,52.6,1,69.2
3618,South,5001,51.1,1,38.9
3619,West,2405,75.0,0,69.3
3620,Midwest,2793,61.1,1,67.9
3621,Northeast,2990,63.0,1,76.7
3622,South,3936,81.1,0,73.8
3623,Northeast,4011,86.6,0,80.9
3624,Midwest,2104,66.1,0,75.7
3625,Midwest,1375,54.9,1,64.5
3626,Midwest,8753,86.6,0,79.4
3627,South,4642,74.8,0,77.6
3628,West,1440,61.8,1,80.4
3629,West,5544,70.1,0,78.7
3630,Midwest,2939,78.2,0,75.9
3631,South,2307,72.9,0,68.6
3632,Midwest,5750,51.5,0,69.2
3633,South,1543,71.3,0,63.0
3634,Midwest,6432,85.5,0,89.2
3635,Midwest,6477,60.0,1,55.5
3636,Midwest,3916,90.1,0,78.2
3637,Midwest,3212,89.8,0,100.0
3638,West,4279,84.0,0,77.8
3639,West,1516,75.1,0,61.7
3640,Northeast,6116,70.2,0,87.6
3641,South,6577,59.9,1,68.0
3642,Northeast,4786,84.2,0,94.4
3643,Midwest,3091,66.8,1,65.6
3644,Midwest,8396,64.5,1,72.3
3645,South,1604,73.9,0,75.5
3646,West,7151,79.7,0,58.7
3647,Northeast,7375,69.6,1,55.8
3648,West,4499,56.7,1,72.8
3649,South,7138,80.5,0,75.2
3650,West,7779,73.1,0,68.4
3651,Midwest,8493,68.1,1,66.9
3652,Northeast,2401,63.7,0,90.4
3653,South,1755,57.9,0,58.9
3654,Northeast,8727,71.6,0,63.4
3655,West,7022,74.4,0,84.7
3656,West,1504,57.7,1,63.4
3657,West,2326,77.1,0,88.2
3658,Northeast,4889,56.9,0,58.4
3659,South,7188,57.5,1,48.7
3660,South,7291,71.3,0,77.2
3661,West,3652,65.5,1,72.5
3662,South,5149,92.6,0,81.7
3663,West,6458,55.8,1,60.9
3664,Midwest,3931,76.3,0,80.8
3665,Northeast,3575,81.3,0,66.9
3666,Midwest,6324,100.0,0,96.3
3667,Northeast,6664,82.7,0,80.8
3668,West,8326,53.7,0,67.1
3669,South,6881,88.4,0,95.6
3670,West,3472,63.1,0,53.7
3671,West,2306,73.0,0,71.4
3672,Northeast,3846,66.0,0,61.1
3673,Northeast,5189,59.5,1,69.8
3674,Northeast,7665,58.2,1,69.8
3675,Midwest,6744,68.9,0,76.3
3676,Northeast,7639,71.4,0,55.4
3677,South,7102,63.1,1,71.5
3678,Northeast,4407,90.4,1,71.3
3679,Midwest,7528,66.8,0,61.3
3680,Northeast,4209,79.1,0,73.3
3681,South,3915,100.0,0,87.4
3682,Northeast,8284,72.6,0,71.6
3683,West,1640,80.1,0,61.5
3684,Northeast,4025,76.1,0,82.5
3685,West,1866,67.4,0,79.8
3686,West,8699,70.7,1,87.0
3687,Midwest,3234,94.0,0,65.5
3688,West,2263,73.8,0,67.5
3689,Northeast,8049,85.4,0,70.0
3690,Northeast,4316,69.5,0,52.9
3691,South,4892,84.7,0,100.0
3692,Northeast,8416,100.0,0,99.2
3693,Midwest,3111,73.7,0,72.4
3694,Midwest,4607,73.0,0,88.3
3695,Northeast,5696,79.7,0,77.5
3696,West,2753,72.2,0,70.6
3697,Northeast,4805,78.6,0,81.3
3698,West,8507,60.8,0,75.9
3699,Northeast,8230,92.2,0,98.9
3700,South,8875,45.2,1,59.8
3701,South,2220,74.7,0,87.8
3702,Midwest,6590,77.1,0,85.3
3703,West,7723,82.7,0,65.5
3704,South,2171,63.9,0,71.4
3705,Northeast,8012,68.4,1,82.8
3706,West,3374,84.5,0,70.1
3707,West,6187,49.5,1,77.4
3708,South,6894,41.5,1,35.7
3709,West,8244,62.5,1,64.0
3710,Northeast,4372,80.0,0,68.3
3711,Northeast,6221,66.4,0,69.6
3712,West,6840,83.8,0,89.0
3713,South,5462,88.7,0,75.4
3714,South,4852,82.3,0,76.3
3715,West,5119,68.9,0,66.3
3716,Northeast,5490,67.4,0,78.7
3717,Northeast,6493,76.4,0,84.4
3718,Northeast,3056,67.7,0,84.7
3719,South,7390,51.5,1,49.6
3720,South,3534,74.2,1,97.8
3721,Northeast,8682,70.2,0,70.1
3722,South,3143,61.8,0,65.1
3723,South,5834,73.5,1,79.1
3724,West,6067,69.2,0,71.9
3725,Northeast,3109,76.1,0,70.2
3726,South,3575,78.2,0,75.9
3727,Midwest,1328,67.8,1,68.8
3728,South,6027,62.2,0,91.3
3729,Midwest,1558,54.4,1,72.7
3730,Midwest,1582,76.8,1,67.8
3731,West,4207,61.2,0,59.1
3732,West,8042,76.9,0,61.6
3733,South,2390,75.9,0,75.6
3734,West,6275,62.9,1,74.5
3735,West,1924,80.3,0,83.3
3736,West,3223,59.0,1,54.7
3737,Northeast,8326,61.0,0,62.8
3738,South,5987,60.5,1,66.2
3739,West,5147,74.9,0,84.9
3740,West,8274,62.4,1,61.6
3741,Midwest,2857,66.2,1,73.4
3742,West,1351,34.0,1,66.4
3743,South,7551,54.7,1,73.2
3744,West,4478,56.9,1,52.8
3745,Midwest,8590,68.2,1,56.2
3746,Northeast,1232,90.1,0,79.2
3747,South,4715,86.8,0,99.9
3748,Midwest,6303,69.5,0,67.9
3749,West,5694,75.4,0,63.9
3750,South,5766,67.1,0,49.9
3751,West,4231,83.4,0,95.6
3752,West,3154,66.9,0,83.8
3753,Midwest,7521,69.2,1,53.6
3754,West,4138,66.8,0,50.6
3755,South,7626,77.0,0,60.9
3756,South,3830,53.2,1,57.4
3757,West,1852,89.7,0,88.3
3758,Northeast,5823,84.1,0,88.0
3759,South,7217,42.5,1,65.5
3760,Northeast,8111,72.8,1,72.1
3761,Midwest,1487,67.8,0,82.5
3762,Northeast,3510,76.7,0,56.9
3763,South,8507,76.6,0,63.6
3764,West,4327,48.1,1,59.8
3765,Northeast,3648,75.7,0,80.3
3766,West,5804,62.9,0,56.4
3767,South,6054,68.9,1,77.6
3768,West,8587,69.3,0,68.7
3769,West,2931,74.4,0,57.8
3770,Northeast,2243,77.2,0,69.3
3771,West,8416,63.0,1,50.2
3772,West,2206,73.8,1,67.9
3773,West,3095,70.7,0,78.6
3774,West,1403,59.8,1,74.9
3775,South,6403,68.6,0,70.5
3776,West,1248,53.8,1,47.9
3777,South,3372,91.2,0,97.3
3778,South,2591,69.6,0,52.0
3779,South,8755,71.5,0,81.0
3780,Northeast,3125,64.3,0,70.5
3781,Northeast,6047,66.1,0,81.1
3782,South,2791,57.7,1,59.0
3783,Midwest,2740,84.2,0,71.4
3784,Northeast,8246,56.3,1,53.3
3785,Northeast,2435,83.5,0,75.8
3786,Midwest,6954,73.6,0,84.0
3787,West,2927,42.4,1,62.3
3788,West,1792,65.7,1,77.6
3789,South,6732,100.0,0,92.4
3790,West,6612,91.9,0,76.9
3791,South,7530,87.0,0,72.7
3792,South,2294,53.7,1,66.3
3793,West,7051,60.4,1,61.9
3794,Northeast,3836,68.1,0,62.8
3795,Northeast,4985,76.8,0,73.0
3796,Midwest,4875,68.4,0,60.5
3797,Midwest,4046,71.1,0,60.4
3798,West,8167,54.7,1,54.5
3799,Midwest,7116,69.7,0,86.7
3800,Northeast,8764,60.3,1,63.9
3801,Northeast,8847,54.7,1,49.2
3802,Midwest,2995,79.6,0,71.2
3803,South,7083,93.5,0,98.4
3804,Northeast,1890,77.5,0,82.8
3805,South,4305,68.7,0,74.2
3806,Northeast,2312,76.3,0,82.7
3807,Midwest,8365,50.0,1,50.0
3808,Midwest,6559,79.8,0,78.9
3809,Midwest,3785,77.4,0,80.8
3810,Midwest,8764,76.3,0,66.9
3811,West,5592,77.1,0,79.5
3812,South,7654,93.8,0,65.3
3813,South,3188,84.5,0,79.0
3814,South,6001,72.2,0,83.7
3815,Northeast,1737,68.4,0,79.4
3816,Midwest,8416,71.8,1,63.1
3817,West,3188,52.6,1,44.4
3818,South,6914,73.9,0,77.1
3819,South,4726,92.6,0,85.5
3820,South,6433,50.7,1,68.0
3821,South,6802,63.7,1,73.3
3822,South,3539,70.6,0,63.0
3823,West,4971,76.5,0,86.6
3824,Northeast,5226,76.7,0,83.1
3825,West,6662,65.3,1,69.0
3826,Midwest,3639,65.3,0,54.8
3827,West,8497,88.1,0,100.0
3828,South,5783,77.6,0,75.2
3829,Northeast,6457,68.2,0,72.4
3830,South,3248,83.5,0,91.2
3831,West,2457,77.9,0,75.1
3832,Northeast,4999,77.6,0,60.5
3833,Midwest,8781,57.8,0,69.1
3834,Northeast,8198,79.1,0,72.9
3835,West,4681,47.6,1,60.3
3836,Northeast,8578,52.7,1,57.8
3837,West,2701,69.2,0,78.3
3838,South,1321,66.2,1,86.0
3839,South,7874,71.6,0,66.6
3840,Midwest,1894,93.9,0,75.0
3841,West,2167,72.6,0,60.9
3842,Northeast,4342,74.1,0,52.1
3843,South,7157,73.9,0,69.2
3844,Northeast,4903,57.9,1,63.2
3845,Midwest,5115,76.6,0,68.3
3846,Midwest,5716,80.2,0,65.5
3847,Northeast,1494,65.1,0,81.1
3848,Midwest,5453,61.5,1,69.9
3849,Midwest,5806,70.9,0,74.0
3850,Northeast,2439,61.3,1,49.5
3851,Midwest,3047,73.1,0,73.2
3852,Midwest,2819,78.8,1,81.8
3853,West,4407,61.6,1,54.8
3854,West,5696,83.7,0,82.9
3855,West,3427,84.0,0,88.8
3856,South,1935,62.7,0,70.7
3857,Midwest,2167,68.0,0,63.4
3858,Midwest,8284,67.2,1,65.3
3859,Northeast,6653,77.9,0,74.2
3860,South,8581,72.1,0,49.6
3861,Northeast,8107,85.4,0,95.6
3862,Midwest,7794,60.0,1,82.8
3863,Northeast,4615,100.0,0,67.0
3864,Northeast,8166,61.2,1,75.2
3865,West,7304,83.4,0,79.6
3866,South,3756,78.3,0,70.1
3867,West,8308,72.8,0,72.5
3868,Midwest,5915,81.6,0,79.5
3869,South,5159,74.7,0,58.1
3870,Midwest,5599,77.9,0,51.1
3871,Northeast,2920,71.3,0,72.8
3872,Northeast,8749,63.6,0,90.5
3873,West,6954,62.4,1,72.4
3874,Northeast,1896,63.7,1,63.6
3875,South,2081,54.6,1,62.8
3876,Midwest,7761,58.2,1,63.8
3877,South,5982,80.9,0,73.3
3878,West,4135,69.6,1,70.0
3879,West,4883,73.2,0,61.9
3880,Northeast,6896,80.4,0,76.1
3881,Midwest,6062,76.5,0,69.7
3882,Northeast,3778,100.0,0,91.9
3883,South,8327,65.2,1,67.4
3884,Northeast,5952,51.7,1,70.9
3885,West,3613,62.5,1,55.4
3886,Northeast,4060,68.5,0,62.5
3887,Northeast,6687,69.0,0,72.3
3888,Midwest,6710,78.0,0,62.6
3889,Northeast,1426,70.0,0,75.0
3890,Midwest,3862,89.1,0,92.1
3891,Northeast,2340,80.7,0,75.0
3892,South,5161,63.2,1,74.3
3893,South,6873,62.3,1,57.8
3894,Midwest,6827,66.9,1,68.4
3895,Midwest,4431,78.1,0,89.6
3896,South,3623,66.1,0,64.8
3897,West,8542,63.6,0,73.1
3898,South,5023,58.2,1,69.5
3899,West,1465,67.6,0,68.2
3900,West,5441,72.7,0,90.3
3901,West,4782,76.6,0,77.1
3902,Midwest,7270,100.0,0,85.2
3903,Midwest,6568,73.6,0,73.5
3904,West,5501,70.5,0,76.5
3905,Northeast,8699,83.5,0,56.8
3906,South,6071,77.5,0,80.4
3907,West,8461,90.5,0,75.1
3908,West,2665,52.6,1,58.6
3909,West,7264,64.5,0,67.3
3910,Northeast,8104,73.4,0,65.4
3911,Northeast,7463,56.0,1,73.0
3912,West,8785,65.2,1,62.0
3913,Midwest,8447,98.5,0,96.2
3914,South,7153,77.0,1,74.2
3915,Northeast,3656,53.6,1,67.7
3916,Northeast,5173,64.9,0,61.9
3917,Northeast,5948,69.6,0,59.7
3918,West,6080,67.0,0,58.7
3919,Northeast,8996,68.3,0,77.0
3920,West,6293,52.8,0,62.8
3921,South,7324,65.6,0,64.5
3922,West,2673,73.7,0,85.0
3923,Northeast,5120,69.8,0,88.8
3924,South,5234,61.3,0,61.6
3925,Midwest,5322,76.8,0,76.8
3926,South,5194,59.7,1,67.4
3927,Midwest,6484,90.9,0,90.0
3928,Northeast,8634,59.1,1,49.4
3929,Midwest,1857,58.8,1,69.7
3930,Northeast,8790,70.1,0,63.7
3931,Midwest,3449,74.7,1,88.5
3932,South,3674,72.2,0,75.8
3933,Midwest,5417,69.6,0,72.6
3934,Midwest,6973,74.6,0,63.3
3935,Midwest,3230,67.5,1,78.0
3936,Northeast,3094,82.6,0,60.6
3937,Midwest,1532,78.4,0,99.8
3938,Midwest,2348,79.8,0,80.5
3939,South,6678,66.0,0,62.2
3940,West,2405,73.3,0,74.9
3941,West,5975,81.1,0,57.1
3942,West,7251,62.3,1,63.4
3943,Northeast,4560,58.1,1,66.7
3944,South,1307,76.9,0,70.7
3945,Midwest,5969,65.9,1,60.7
3946,Midwest,1330,70.4,0,60.6
3947,South,5029,75.5,1,73.6
3948,West,8247,88.4,0,50.9
3949,Midwest,4590,78.2,0,78.8
3950,South,8727,62.8,1,72.9
3951,Midwest,1269,74.4,0,86.5
3952,Northeast,6047,100.0,0,96.9
3953,South,6770,74.0,0,65.7
3954,Northeast,4389,65.4,0,58.7
3955,South,8020,76.7,0,74.9
3956,Northeast,3822,72.6,0,63.5
3957,West,3562,66.1,1,65.6
3958,South,8052,84.3,0,72.2
3959,Northeast,4145,56.0,1,48.6
3960,West,4088,70.4,0,84.8
3961,South,6261,72.4,0,70.6
3962,West,8650,45.7,1,63.1
3963,South,3477,90.3,0,75.5
3964,Northeast,6952,92.3,0,86.4
3965,Northeast,5820,68.5,0,74.7
3966,West,7611,60.8,0,60.9
3967,Midwest,2997,65.5,0,64.9
3968,West,2223,76.8,0,56.5
3969,Midwest,4147,89.8,0,90.8
3970,West,3126,70.7,0,75.7
3971,Northeast,7289,74.9,0,66.5
3972,Midwest,1800,69.1,0,69.6
3973,South,6415,61.3,0,85.0
3974,South,1445,88.9,0,83.5
3975,Northeast,4624,77.9,1,65.1
3976,Midwest,3251,74.0,0,65.8
3977,Northeast,6510,88.1,0,93.4
3978,South,5969,60.2,0,85.4
3979,Northeast,4378,63.4,1,59.7
3980,Northeast,2412,53.1,1,67.1
3981,South,2391,72.9,0,87.0
3982,West,4170,94.9,0,97.4
3983,West,5977,49.0,1,56.5
3984,Northeast,8202,77.1,0,71.4
3985,Northeast,6198,82.2,0,70.1
3986,West,2389,89.0,0,87.7
3987,West,5043,99.2,0,79.8
3988,South,3815,75.8,1,63.9
3989,Midwest,2904,71.2,0,54.6
3990,Midwest,4671,61.8,1,70.9
3991,Northeast,7765,72.9,1,83.4
3992,South,1848,82.4,0,72.6
3993,West,4725,67.8,1,67.0
3994,South,3902,66.2,0,59.5
3995,Midwest,7842,70.9,0,69.3
3996,South,3736,70.4,0,73.4
3997,West,8111,62.0,0,70.8
3998,South,3443,52.3,1,73.2
3999,Northeast,5014,61.6,1,64.1
4000,Northeast,1656,79.4,0,61.6
4001,South,5275,69.5,0,77.3
4002,South,8726,84.6,0,77.0
4003,South,6353,74.9,0,61.3
4004,South,4406,55.0,1,63.0
4005,Midwest,2781,85.8,0,76.0
4006,Northeast,1384,75.4,0,77.7
4007,West,4704,59.0,1,60.2
4008,West,5155,75.6,0,72.7
4009,South,8106,89.4,0,100.0
4010,Midwest,8917,58.3,1,67.7
4011,Northeast,4576,36.5,1,76.3
4012,Northeast,2176,75.8,0,84.7
4013,Midwest,4277,66.8,1,63.2
4014,South,2442,54.5,0,65.7
4015,Midwest,2656,71.1,0,46.5
4016,West,4680,67.7,0,66.5
4017,West,2561,79.0,0,80.8
4018,Midwest,3429,79.7,0,76.6
4019,Midwest,1734,70.9,0,69.7
4020,Northeast,6618,71.6,0,87.4
4021,Northeast,2700,68.1,0,56.8
4022,Northeast,5593,76.0,0,78.1
4023,Midwest,6705,85.8,0,99.8
4024,West,8591,52.9,1,49.4
4025,South,8923,67.5,0,73.7
4026,Midwest,2612,63.2,1,93.7
4027,Midwest,4309,68.1,0,60.5
4028,Northeast,3331,50.2,1,63.6
4029,South,3377,65.0,0,77.3
4030,South,5063,90.2,0,80.3
4031,Midwest,7512,65.3,0,64.4
4032,Northeast,3585,91.9,0,87.5
4033,West,1326,71.5,0,68.4
4034,South,8923,62.6,1,54.8
4035,South,6795,65.4,1,60.2
4036,West,3990,71.2,0,60.5
4037,West,5071,63.1,1,72.7
4038,South,2814,81.1,0,60.2
4039,South,2909,68.2,0,66.4
4040,South,3725,90.2,0,78.5
4041,Northeast,5242,76.1,0,91.1
4042,West,7683,64.5,1,55.9
4043,Midwest,3761,86.3,0,89.7
4044,Midwest,2742,89.4,0,83.6
4045,South,6711,77.8,0,72.8
4046,South,1277,81.8,0,93.1
4047,South,3316,75.5,0,59.9
4048,Northeast,4534,65.8,1,59.8
4049,West,2006,72.6,0,66.4
4050,West,5144,69.6,0,86.0
4051,South,7586,47.8,1,65.8
4052,Northeast,7302,76.0,0,83.7
4053,West,4497,81.0,0,53.6
4054,South,8855,78.8,0,75.5
4055,South,7214,83.9,0,74.7
4056,South,3277,75.6,0,85.2
4057,West,8187,74.5,0,67.0
4058,West,6700,58.5,1,69.6
4059,South,6217,65.5,0,56.7
4060,West,3625,90.3,0,72.3
4061,Northeast,1313,73.8,0,89.3
4062,South,4791,82.1,0,79.9
4063,Midwest,1282,65.3,1,69.9
4064,West,1519,72.0,0,63.3
4065,Northeast,7920,53.1,0,75.4
4066,South,6971,75.8,0,67.9
4067,Midwest,5128,62.8,0,87.8
4068,Midwest,5484,84.3,0,90.1
4069,Midwest,8101,82.0,0,78.6
4070,Midwest,2440,58.3,1,63.8
4071,Midwest,4223,68.4,0,75.8
4072,West,3460,71.3,1,64.0
4073,Midwest,2205,68.7,0,91.2
4074,Midwest,5016,71.7,0,72.7
4075,Northeast,4459,76.9,0,74.5
4076,Midwest,4631,51.2,1,67.7
4077,South,4747,63.8,1,55.2
4078,Northeast,3498,56.4,1,68.8
4079,Northeast,1727,73.4,0,68.4
4080,Northeast,6716,76.4,0,70.2
4081,Northeast,1688,81.1,0,81.8
4082,Northeast,7399,100.0,0,90.1
4083,West,8037,77.6,0,80.2
4084,South,5713,80.4,0,65.1
4085,West,1551,91.4,0,96.2
4086,Northeast,6635,74.2,1,88.8
4087,South,2665,70.7,0,79.3
4088,Northeast,5254,66.6,1,82.4
4089,West,5649,67.4,0,83.9
4090,South,6109,60.5,0,62.1
4091,West,7901,58.1,1,67.4
4092,West,3201,80.4,0,75.0
4093,Midwest,1949,82.0,0,69.7
4094,Midwest,2882,80.0,0,86.0
4095,Northeast,8313,72.2,0,84.6
4096,South,5368,81.0,0,92.7
4097,Midwest,8434,72.7,0,68.0
4098,Midwest,3761,67.6,0,73.9
4099,West,2549,74.6,0,69.9
4100,Northeast,3479,71.0,0,61.7
4101,South,3337,95.2,0,100.0
4102,Northeast,2861,79.7,0,64.0
4103,South,7333,84.5,0,57.7
4104,South,7587,93.7,0,76.4
4105,West,3966,69.1,0,73.1
4106,West,6726,85.6,0,96.6
4107,Northeast,7390,80.4,0,80.8
4108,Northeast,1358,66.3,1,58.0
4109,West,4387,87.4,0,85.9
4110,South,8776,78.5,0,69.2
4111,South,5123,79.0,0,80.4
4112,West,7757,71.1,0,61.5
4113,Midwest,8392,76.2,0,67.5
4114,West,2038,99.4,0,74.1
4115,Midwest,7769,74.4,0,79.1
4116,Northeast,8777,69.5,0,61.3
4117,West,1675,60.8,1,60.7
4118,South,4806,74.4,0,82.8
4119,Midwest,3823,67.2,0,63.6
4120,Midwest,1917,73.5,1,80.5
4121,Northeast,3602,80.9,0,73.5
4122,Midwest,7462,50.9,1,44.8
4123,Midwest,2263,57.9,0,68.9
4124,South,2503,80.4,0,85.5
4125,West,1227,61.4,1,60.7
4126,Northeast,6601,70.1,1,77.3
4127,Northeast,8160,55.0,0,51.6
4128,West,3269,54.5,1,68.1
4129,Midwest,2441,62.1,0,100.0
4130,West,2836,69.1,0,63.6
4131,West,8944,76.0,0,60.3
4132,South,3619,66.7,1,64.8
4133,West,7846,69.8,0,73.5
4134,West,8474,78.8,0,76.9
4135,Midwest,7383,66.1,1,87.9
4136,Northeast,4827,74.3,0,77.7
4137,West,1548,92.4,0,75.3
4138,South,6030,62.1,1,69.6
4139,South,7929,57.4,1,53.8
4140,South,7217,95.9,0,98.7
4141,Northeast,3922,82.3,0,82.8
4142,Midwest,4845,67.5,1,76.2
4143,Midwest,5837,82.0,0,80.6
4144,Northeast,7965,55.6,1,85.9
4145,Midwest,1957,90.5,0,86.5
4146,Midwest,8309,57.6,0,74.3
4147,Northeast,8624,69.4,0,68.7
4148,West,4560,63.7,0,67.5
4149,West,1316,66.8,0,79.0
4150,Midwest,4536,49.0,1,41.1
4151,South,6569,82.4,0,54.6
4152,South,8885,81.5,0,76.6
4153,South,4430,64.4,0,56.6
4154,West,6193,44.6,1,72.3
4155,West,4006,61.9,1,73.9
4156,West,8745,79.4,0,72.1
4157,Midwest,1802,66.0,0,83.0
4158,Midwest,2300,61.2,1,73.0
4159,South,6750,78.4,0,69.0
4160,South,8903,76.4,0,84.8
4161,South,2615,92.2,0,85.5
4162,South,2388,76.8,0,83.0
4163,Northeast,7932,58.7,1,58.7
4164,Northeast,1615,41.0,1,61.3
4165,Midwest,3750,75.3,0,90.0
4166,West,6458,53.2,1,56.0
4167,West,8861,84.8,0,67.7
4168,Northeast,3979,70.2,1,76.4
4169,Midwest,4448,71.6,0,73.0
4170,West,3561,80.0,0,76.6
4171,South,5711,75.5,0,79.7
4172,South,7845,79.7,0,94.5
4173,South,1800,86.8,0,72.5
4174,West,8331,82.1,0,74.6
4175,West,1510,63.8,1,61.7
4176,Northeast,3255,65.5,0,67.4
4177,West,7470,56.5,1,56.4
4178,Northeast,4552,59.6,1,53.5
4179,Midwest,3180,76.9,0,60.8
4180,Midwest,8483,89.4,0,84.4
4181,Northeast,8100,80.3,0,77.6
4182,Northeast,4121,58.9,1,62.2
4183,South,8688,69.2,0,62.8
4184,Midwest,7907,68.1,1,73.3
4185,Midwest,8489,97.5,0,76.8
4186,South,4670,85.1,0,99.9
4187,South,4715,79.7,0,65.1
4188,West,4260,74.6,1,72.3
4189,West,2474,71.7,0,52.0
4190,Midwest,7213,74.0,0,63.2
4191,South,7555,73.2,0,78.6
4192,South,6021,79.4,0,69.6
4193,Midwest,7780,65.0,0,72.5
4194,South,2108,63.3,0,60.6
4195,Northeast,6888,72.0,0,70.8
4196,Northeast,3293,51.4,0,64.5
4197,Northeast,6700,72.4,0,52.4
4198,Midwest,3795,80.7,0,100.0
4199,Northeast,5584,54.9,1,74.3
4200,South,3817,70.7,0,65.6
4201,Midwest,2857,72.3,0,93.7
4202,Midwest,5526,44.1,1,53.1
4203,Northeast,6771,67.3,0,64.5
4204,Northeast,3468,78.7,0,83.0
4205,West,4025,65.1,0,51.3
4206,Northeast,5801,69.3,0,73.9
4207,West,3813,50.7,1,52.7
4208,South,2884,85.1,0,98.6
4209,West,3597,74.3,0,64.8
4210,Northeast,7644,74.4,0,47.8
4211,South,3373,61.3,1,52.2
4212,Midwest,5939,88.7,0,73.7
4213,West,1905,66.2,0,83.6
4214,South,8898,88.2,1,89.3
4215,South,1756,57.7,1,55.2
4216,West,5427,67.8,0,70.6
4217,Northeast,6937,72.7,0,64.8
4218,West,5065,65.4,1,62.5
4219,Midwest,8536,53.7,1,59.3
4220,Midwest,1251,64.7,0,63.2
4221,South,4293,74.0,0,79.2
4222,South,1733,94.8,0,85.0
4223,Midwest,6019,51.3,1,67.3
4224,West,3657,60.4,0,61.4
4225,West,1996,72.9,0,74.9
4226,Midwest,2953,78.1,0,83.1
4227,West,3729,70.0,0,77.7
4228,West,4130,83.9,0,68.7
4229,South,8893,50.9,1,70.7
4230,Midwest,5966,87.7,0,90.3
4231,Northeast,6882,59.1,0,62.2
4232,Midwest,5206,81.2,0,67.7
4233,Midwest,3887,71.6,0,53.7
4234,Midwest,4853,75.9,0,79.6
4235,South,7200,56.7,1,67.6
4236,South,1564,56.0,1,56.8
4237,South,2515,59.9,1,62.5
4238,Midwest,3227,77.6,0,69.1
4239,Midwest,3597,82.7,0,76.1
4240,South,8359,59.3,1,44.8
4241,Northeast,5692,53.5,1,69.1
4242,South,5545,49.3,1,66.0
4243,Midwest,3054,71.7,0,84.4
4244,South,5271,76.1,0,74.8
4245,Northeast,8013,54.0,1,57.1
4246,West,2458,57.1,1,42.7
4247,Midwest,5922,60.0,1,59.1
4248,Midwest,3909,62.3,0,53.5
4249,Midwest,4625,75.5,0,90.3
4250,Midwest,5642,86.9,0,74.9
4251,South,6231,50.7,1,64.9
4252,Midwest,6890,84.5,0,79.2
4253,Midwest,7126,63.2,0,67.6
4254,Midwest,1296,79.8,0,71.9
4255,Northeast,6122,80.0,0,83.7
4256,West,5257,72.5,1,82.1
4257,Midwest,1976,79.8,0,74.7
4258,South,7242,74.8,0,54.7
4259,Northeast,1416,76.4,0,86.2
4260,South,8037,47.8,1,36.9
4261,Midwest,1730,49.1,1,67.9
4262,South,4872,61.0,1,76.1
4263,Northeast,6565,61.2,1,68.0
4264,Northeast,6153,70.3,0,64.8
4265,West,1249,78.7,0,67.8
4266,West,4037,67.1,0,72.0
4267,West,7216,90.1,0,95.2
4268,Midwest,5913,79.7,0,66.3
4269,Northeast,8104,63.7,0,58.5
4270,Northeast,3896,69.4,0,54.8
4271,West,8231,71.5,0,71.3
4272,West,1975,62.8,1,88.1
4273,South,2412,80.2,0,86.0
4274,West,4833,59.3,1,56.1
4275,West,8067,71.6,0,80.3
4276,West,6194,72.8,0,78.3
4277,South,3358,73.2,0,84.4
4278,South,8998,72.5,0,59.9
4279,South,7464,86.5,0,87.3
4280,West,5991,78.9,0,80.5
4281,South,4253,67.8,0,73.4
4282,West,4284,70.4,1,60.3
4283,Northeast,1675,55.0,1,74.0
4284,Midwest,7011,93.7,0,87.9
4285,Northeast,5754,75.6,0,75.6
4286,Midwest,6715,58.7,1,75.2
4287,Northeast,5372,71.2,0,70.7
4288,Northeast,5792,68.6,0,64.9
4289,South,6273,78.5,0,72.6
4290,Midwest,2388,79.6,0,55.2
4291,Northeast,3072,65.6,0,87.5
4292,Northeast,8082,98.1,0,84.1
4293,South,8063,71.5,0,78.8
4294,South,4401,69.9,0,73.0
4295,South,3276,47.2,1,61.9
4296,West,2717,72.7,0,87.4
4297,South,4104,67.2,1,79.3
4298,South,6648,76.4,0,69.3
4299,Northeast,7128,67.1,0,71.7
4300,Midwest,2162,73.8,0,78.4
4301,West,8805,76.1,0,82.6
4302,West,4805,75.6,0,86.0
4303,Midwest,7892,95.9,0,84.0
4304,Midwest,7173,79.1,0,67.2
4305,Midwest,5819,84.6,0,73.3
4306,Northeast,2340,83.9,0,81.7
4307,Northeast,8763,66.8,0,62.8
4308,South,4375,77.8,0,83.2
4309,West,7173,84.1,0,94.7
4310,Northeast,4107,68.8,1,73.1
4311,South,5429,65.7,1,71.5
4312,South,8029,53.3,1,60.0
4313,South,2856,66.7,1,69.9
4314,South,3765,90.4,0,80.2
4315,Midwest,3921,64.4,1,54.6
4316,Northeast,2367,76.3,0,70.4
4317,West,2776,72.3,1,77.0
4318,West,3710,87.8,0,81.7
4319,South,5286,51.6,1,49.6
4320,Midwest,8844,77.0,0,83.1
4321,West,8684,75.9,0,92.0
4322,West,5135,66.2,0,56.9
4323,West,3369,64.0,0,60.4
4324,Midwest,8640,61.4,0,75.1
4325,Northeast,2657,82.8,0,78.6
4326,Midwest,5504,100.0,0,100.0
4327,Northeast,5987,62.4,0,69.9
4328,West,3730,86.9,0,76.2
4329,West,3511,69.1,1,71.3
4330,Midwest,3301,62.6,1,61.6
4331,Northeast,8352,74.4,0,67.8
4332,South,5736,62.4,1,58.0
4333,West,6969,66.7,1,73.1
4334,West,5799,59.6,0,48.9
4335,Midwest,6591,78.5,0,64.6
4336,West,4199,81.3,0,91.5
4337,West,7137,61.4,0,64.9
4338,Northeast,4091,87.0,0,90.1
4339,South,6244,53.5,0,53.7
4340,Northeast,4174,48.5,1,49.6
4341,West,2087,71.3,0,61.4
4342,Northeast,2520,68.1,0,75.5
4343,Midwest,6021,66.0,0,51.8
4344,West,8233,78.0,0,84.3
4345,Midwest,4035,82.4,0,78.8
4346,Northeast,7385,83.1,0,85.6
4347,West,8423,46.4,1,70.9
4348,Northeast,5619,74.9,1,98.8
4349,West,4898,55.5,1,44.3
4350,West,7262,87.5,0,76.4
4351,West,5601,71.5,0,68.1
4352,South,4980,78.6,0,94.1
4353,Midwest,2566,67.6,0,75.2
4354,South,6811,88.4,0,73.3
4355,Northeast,4928,71.1,1,66.5
4356,Midwest,7507,76.6,0,60.4
4357,Northeast,2432,63.6,0,64.7
4358,Midwest,1471,55.4,1,69.2
4359,South,1554,69.8,0,91.7
4360,Northeast,4700,72.9,0,75.2
4361,Northeast,6099,76.2,0,82.8
4362,Northeast,3000,94.3,0,80.2
4363,Midwest,8382,74.6,0,66.2
4364,West,6143,57.4,1,86.5
4365,South,7359,81.1,0,62.6
4366,West,8908,68.7,0,75.5
4367,West,6851,64.5,1,83.0
4368,South,4122,60.7,1,65.1
4369,Northeast,2590,66.5,0,72.0
4370,West,8351,64.4,1,76.7
4371,West,1669,65.4,0,67.3
4372,Midwest,1265,86.8,0,88.9
4373,South,5154,69.6,0,80.7
4374,West,6632,56.0,1,50.6
4375,Northeast,7190,74.6,0,68.6
4376,South,5914,42.0,1,54.0
4377,South,6268,75.2,0,90.9
4378,Northeast,2539,86.9,0,73.3
4379,Northeast,4863,84.3,0,74.0
4380,South,5993,56.1,0,52.2
4381,South,4550,73.3,0,78.6
4382,South,3216,80.6,0,62.8
4383,Midwest,4065,76.4,0,68.7
4384,West,4070,73.2,0,68.6
4385,West,1598,67.4,0,70.4
4386,South,7058,66.7,0,79.8
4387,South,1521,71.7,0,66.7
4388,Northeast,2772,62.2,1,62.5
4389,Midwest,5733,66.8,0,92.8
4390,Northeast,4283,66.1,1,61.7
4391,South,5036,74.9,0,94.5
4392,Midwest,6061,83.0,0,73.2
4393,South,6938,84.7,0,70.7
4394,West,3504,78.7,0,71.5
4395,Northeast,6721,74.2,0,92.1
4396,South,6623,68.5,1,73.6
4397,Northeast,2087,66.6,0,69.5
4398,Northeast,6437,67.5,1,81.2
4399,Midwest,1394,80.7,0,95.5
4400,Northeast,2493,79.0,0,78.2
4401,Northeast,6824,84.0,0,80.1
4402,Midwest,1484,74.3,0,76.0
4403,South,5797,55.1,1,56.0
4404,South,8473,63.8,0,58.8
4405,Northeast,6593,65.4,1,57.5
4406,Midwest,7494,70.7,0,79.9
4407,Midwest,4294,46.2,1,57.2
4408,West,5878,76.4,0,86.1
4409,Midwest,3819,92.3,0,86.7
4410,West,2737,72.3,0,66.5
4411,West,5935,60.5,1,61.9
4412,Northeast,1648,71.2,0,84.3
4413,West,2241,69.6,0,78.8
4414,West,2535,91.7,0,68.9
4415,Midwest,3406,74.5,1,88.5
4416,West,1271,58.0,1,80.0
4417,Northeast,5354,74.3,1,67.5
4418,Midwest,3089,82.5,0,89.2
4419,South,3267,80.7,0,88.9
4420,West,1504,92.9,0,85.3
4421,South,7560,67.5,0,59.0
4422,Midwest,5195,71.2,0,69.9
4423,South,7451,52.3,1,53.7
4424,South,2424,71.5,0,82.3
4425,West,3394,75.3,0,73.2
4426,Midwest,5853,69.7,0,97.5
4427,Northeast,8822,74.2,0,62.9
4428,South,7311,67.1,0,83.5
4429,Midwest,1999,86.5,0,77.0
4430,South,8074,72.5,0,77.0
4431,South,2839,86.8,0,67.7
4432,Northeast,1646,65.3,0,65.7
4433,Northeast,7605,65.1,0,69.4
4434,Midwest,6665,84.2,0,97.3
4435,South,8652,79.9,0,62.6
4436,South,6413,82.4,0,77.5
4437,West,5397,56.8,1,48.5
4438,Midwest,1877,60.3,1,78.1
4439,West,4398,57.4,1,77.5
4440,Northeast,3765,91.3,0,86.8
4441,South,7779,90.5,0,78.9
4442,South,8297,66.9,0,59.6
4443,South,7800,81.7,0,74.5
4444,Midwest,7651,87.4,0,94.4
4445,South,4037,64.8,0,61.2
4446,South,8022,69.6,0,73.3
4447,Midwest,2952,71.6,0,55.7
4448,Northeast,6010,56.4,1,68.6
4449,West,6482,59.6,1,52.0
4450,South,4117,69.6,0,84.4
4451,South,1316,80.2,0,78.5
4452,South,1821,90.1,0,96.3
4453,West,1699,90.7,0,73.2
4454,West,3107,79.8,0,75.4
4455,South,4891,61.4,1,52.5
4456,South,4845,76.9,0,63.6
4457,West,4657,66.7,0,65.8
4458,West,3100,75.3,0,66.8
4459,Midwest,3248,57.5,1,45.5
4460,Northeast,8693,53.8,1,60.3
4461,Midwest,2569,58.4,0,75.5
4462,South,8721,75.6,0,74.2
4463,South,1212,93.7,0,96.9
4464,West,6031,75.5,1,65.3
4465,Midwest,2081,68.1,0,65.8
4466,Midwest,7164,58.1,1,78.4
4467,South,3911,83.1,0,59.2
4468,West,8175,82.9,0,77.9
4469,West,5769,68.5,0,72.1
4470,West,2541,61.2,0,67.8
4471,West,5816,93.3,0,69.6
4472,South,4092,73.2,0,71.7
4473,West,3956,71.0,1,76.2
4474,Midwest,7521,76.3,0,71.1
4475,Northeast,5352,75.2,1,56.8
4476,West,3104,61.9,0,85.3
4477,Northeast,6087,53.5,0,53.0
4478,Northeast,5705,55.8,1,64.6
4479,Midwest,4370,86.4,0,86.1
4480,West,4914,65.8,1,66.9
4481,Northeast,2032,44.8,1,58.0
4482,West,5987,88.1,0,89.2
4483,West,4624,69.9,0,80.0
4484,South,4422,61.1,1,47.8
4485,Northeast,6386,77.9,0,74.2
4486,South,5717,76.3,0,78.7
4487,South,7637,62.1,0,66.9
4488,Northeast,5909,57.6,1,56.0
4489,Midwest,2047,53.8,1,62.4
4490,Midwest,6978,60.9,1,71.4
4491,Northeast,4783,61.9,1,63.9
4492,West,2279,63.8,1,53.2
4493,Midwest,1763,92.6,0,79.5
4494,Northeast,2040,60.2,1,67.3
4495,Midwest,7986,75.8,1,76.4
4496,Northeast,2844,57.2,1,56.7
4497,Midwest,1224,55.6,1,79.1
4498,Midwest,8350,100.0,0,61.3
4499,West,6584,68.9,0,73.4
4500,Midwest,6539,59.6,1,53.5
4501,South,2301,90.7,0,89.9
4502,Midwest,6680,91.3,0,90.2
4503,Northeast,7366,78.2,0,88.2
4504,West,3396,65.2,1,59.8
4505,West,2349,82.4,1,78.0
4506,Midwest,8049,68.6,0,73.8
4507,West,7070,92.3,0,88.2
4508,West,5794,42.2,1,59.2
4509,Midwest,7414,76.7,0,67.2
4510,Midwest,5652,76.1,0,65.7
4511,West,1234,48.7,1,50.7
4512,South,7495,51.5,1,87.1
4513,Midwest,3565,67.0,1,83.0
4514,West,5738,83.2,0,75.5
4515,Midwest,8352,80.4,0,83.9
4516,South,5920,50.5,1,70.3
4517,West,6303,66.0,0,83.3
4518,Northeast,2275,88.4,0,88.6
4519,West,1372,52.9,1,66.7
4520,South,6138,86.8,0,61.1
4521,Midwest,8392,69.6,0,63.2
4522,West,3406,92.4,0,84.2
4523,West,3048,86.1,0,71.8
4524,Midwest,4277,66.3,0,70.9
4525,West,7510,69.7,0,70.3
4526,South,1911,69.9,0,73.8
4527,Midwest,3497,71.4,0,86.6
4528,Midwest,4283,64.8,0,83.6
4529,Midwest,4646,60.9,0,63.2
4530,South,3621,55.7,1,62.3
4531,West,8963,50.9,1,75.9
4532,West,7988,74.2,0,61.9
4533,Midwest,5127,75.6,0,82.6
4534,West,6859,80.0,1,82.9
4535,Midwest,8137,80.4,0,86.7
4536,West,1443,80.5,0,66.3
4537,Northeast,8060,79.7,0,84.7
4538,Midwest,8899,80.5,0,64.2
4539,South,1839,72.1,0,79.1
4540,West,4303,71.3,0,79.2
4541,Midwest,3515,69.0,0,49.1
4542,Northeast,1943,70.7,0,52.6
4543,Midwest,1803,84.2,0,72.7
4544,Midwest,5846,86.8,0,78.0
4545,Midwest,5858,85.1,0,100.0
4546,West,6571,56.9,0,54.4
4547,South,3093,70.0,0,74.0
4548,Northeast,5933,82.4,0,73.4
4549,South,3599,84.8,0,86.4
4550,Northeast,5050,72.2,0,66.7
4551,Northeast,2267,93.7,0,84.1
4552,West,1555,80.2,0,70.0
4553,West,5636,66.7,1,69.3
4554,Midwest,4025,76.2,0,93.8
4555,South,8752,56.3,1,55.8
4556,Northeast,4109,71.3,0,68.2
4557,South,5100,47.1,1,47.9
4558,Northeast,7910,72.7,1,85.7
4559,West,2012,48.9,1,54.1
4560,Midwest,5371,91.3,0,74.0
4561,South,7254,83.5,0,71.5
4562,Midwest,7816,72.4,1,63.5
4563,South,2435,58.5,1,57.9
4564,West,4968,73.8,0,68.5
4565,Northeast,7003,65.2,1,70.8
4566,Northeast,7044,91.4,0,74.2
4567,West,6368,70.0,0,79.7
4568,West,1597,60.6,1,58.5
4569,South,6372,70.4,0,77.2
4570,Midwest,6577,64.7,0,70.5
4571,South,4525,81.4,0,82.7
4572,Northeast,7948,67.9,0,74.5
4573,West,7738,69.0,1,69.1
4574,Midwest,7593,88.1,0,83.3
4575,Midwest,6715,62.7,0,82.3
4576,South,4726,68.4,0,65.4
4577,Northeast,1974,60.7,1,78.0
4578,South,4639,80.2,0,85.6
4579,Northeast,4782,80.8,0,68.7
4580,Midwest,8883,74.2,0,80.0
4581,West,6872,56.6,1,62.1
4582,West,5329,92.3,0,84.6
4583,West,1323,75.3,0,77.0
4584,West,5966,67.2,0,58.4
4585,South,1382,68.7,0,65.4
4586,South,8559,73.9,0,70.6
4587,West,6426,75.2,0,88.5
4588,West,6788,67.3,0,76.3
4589,Northeast,1222,67.2,0,77.6
4590,West,6688,48.5,1,58.4
4591,Midwest,4252,85.0,0,73.9
4592,Midwest,4107,77.2,0,80.8
4593,South,6692,66.2,1,67.1
4594,West,6555,62.0,1,74.2
4595,Midwest,4570,79.5,0,75.1
4596,Northeast,1240,56.4,1,46.4
4597,West,6944,83.2,0,69.5
4598,Northeast,7694,60.2,1,64.3
4599,Midwest,8890,88.8,0,87.7
4600,Northeast,2721,95.9,0,67.0
4601,South,3473,73.1,0,71.9
4602,Midwest,5454,86.8,0,67.8
4603,South,7998,85.2,0,77.5
4604,Northeast,5137,62.8,0,66.2
4605,South,2820,57.7,1,63.8
4606,Midwest,8586,65.5,1,62.2
4607,West,3438,55.3,1,68.7
4608,West,8328,69.9,0,57.6
4609,Northeast,2975,79.1,0,71.7
4610,South,4333,58.6,0,65.5
4611,Northeast,5880,82.7,0,68.3
4612,West,3530,69.5,1,75.0
4613,South,6575,86.9,0,87.8
4614,Midwest,7143,45.4,1,60.4
4615,South,8062,88.1,0,76.3
4616,Midwest,4616,90.1,0,95.7
4617,Midwest,3362,63.6,1,62.9
4618,South,2068,60.8,1,60.7
4619,Northeast,7449,67.2,1,75.6
4620,South,6862,61.2,1,71.2
4621,Northeast,3318,74.1,0,71.3
4622,South,3409,49.0,1,43.2
4623,Midwest,7137,68.8,1,83.9
4624,Midwest,4884,78.8,0,62.1
4625,West,8064,81.5,0,82.0
4626,Midwest,3265,69.4,0,88.0
4627,South,7099,65.4,0,48.1
4628,Northeast,1206,69.3,1,72.6
4629,Midwest,8898,74.4,0,77.1
4630,West,4236,69.7,0,73.5
4631,Northeast,2453,67.0,0,65.1
4632,Midwest,3933,75.8,0,90.6
4633,West,5352,87.0,0,78.0
4634,Northeast,1587,87.2,0,68.3
4635,Midwest,7494,61.4,0,64.5
4636,Midwest,3980,77.4,0,88.5
4637,South,6338,78.3,0,67.3
4638,West,5880,54.1,1,75.6
4639,Northeast,5358,78.7,0,64.9
4640,Northeast,8899,76.2,0,70.9
4641,South,1584,55.1,1,54.7
4642,Northeast,2186,77.3,0,84.0
4643,West,2990,41.7,1,39.9
4644,South,3994,63.2,1,54.9
4645,Northeast,4505,59.6,0,65.6
4646,Midwest,5678,87.8,0,74.3
4647,West,2881,64.0,1,66.6
4648,Midwest,6972,79.5,0,92.4
4649,South,8582,70.2,0,87.6
4650,South,4416,74.0,0,76.8
4651,West,1213,49.8,1,56.6
4652,South,7513,68.6,0,92.8
4653,Midwest,8416,83.2,0,72.3
4654,Midwest,8527,91.3,0,89.4
4655,Northeast,8547,55.2,1,64.6
4656,West,5030,66.1,1,53.0
4657,West,8258,54.8,1,50.5
4658,Midwest,5653,75.3,0,100.0
4659,Midwest,4158,71.1,0,68.8
4660,Northeast,5358,86.4,0,61.6
4661,Northeast,3286,75.2,0,78.6
4662,Midwest,6478,78.1,0,70.1
4663,West,2643,77.1,0,74.0
4664,West,2029,59.6,0,74.3
4665,Northeast,5982,74.1,0,66.3
4666,West,5146,79.0,0,82.2
4667,West,7739,74.6,0,62.6
4668,South,4488,76.7,0,65.2
4669,South,1696,87.2,0,87.1
4670,Midwest,4503,51.4,1,65.5
4671,Northeast,5746,62.6,0,79.3
4672,Midwest,2751,74.0,0,57.0
4673,Northeast,3594,79.4,0,66.8
4674,Midwest,8909,75.2,0,74.1
4675,Northeast,1277,77.7,0,66.0
4676,Northeast,7632,62.2,1,68.3
4677,Midwest,3891,56.3,1,64.7
4678,South,4055,83.9,0,80.5
4679,South,2171,63.8,0,49.1
4680,West,6144,86.7,0,71.0
4681,South,7848,84.5,0,64.5
4682,West,7249,64.7,0,47.9
4683,South,8491,89.8,0,54.7
4684,Midwest,8322,78.4,0,70.2
4685,South,7306,95.4,0,88.5
4686,South,2645,53.1,1,58.3
4687,Midwest,3913,94.5,0,92.9
4688,Midwest,2028,69.4,0,74.8
4689,West,6628,77.8,0,77.2
4690,Northeast,3177,74.9,0,76.3
4691,West,8828,59.9,0,58.6
4692,Northeast,6466,88.6,0,84.0
4693,West,6420,64.2,1,72.7
4694,West,5995,48.5,1,73.3
4695,Midwest,3130,79.2,0,65.1
4696,Northeast,2028,49.4,1,67.1
4697,Northeast,4361,79.4,0,86.8
4698,South,2794,69.7,1,65.3
4699,West,7565,67.0,1,68.8
4700,Midwest,3407,75.6,0,91.9
4701,Midwest,5220,63.5,0,71.1
4702,Midwest,5249,80.0,0,82.3
4703,Northeast,8237,80.1,0,75.6
4704,West,1232,63.4,0,55.4
4705,Northeast,4542,83.7,0,72.0
4706,South,8030,60.5,1,64.7
4707,Midwest,8969,77.5,0,74.8
4708,Midwest,4516,72.5,0,63.3
4709,Midwest,5764,83.4,0,80.5
4710,West,5235,67.8,0,79.5
4711,South,4395,72.7,0,74.6
4712,Northeast,3816,60.1,0,43.2
4713,Northeast,6409,70.5,0,70.3
4714,Northeast,7831,88.1,0,98.9
4715,South,3047,59.6,0,71.6
4716,Northeast,2385,73.6,0,83.8
4717,West,5121,57.5,1,76.4
4718,West,4553,87.4,1,76.0
4719,West,7810,72.1,0,68.2
4720,West,4977,66.6,0,45.6
4721,South,3388,64.3,0,71.6
4722,Northeast,8686,82.1,0,71.5
4723,West,1705,72.7,0,72.3
4724,South,3835,62.8,0,54.5
4725,Midwest,4125,69.9,1,69.1
4726,West,5866,79.9,0,72.4
4727,South,7290,65.7,1,66.5
4728,Midwest,3689,80.4,0,92.2
4729,South,3069,86.1,0,77.8
4730,South,3190,61.4,0,56.0
4731,West,8700,95.9,0,94.1
4732,West,2937,53.3,1,47.6
4733,Midwest,6278,54.2,1,72.7
4734,West,5812,75.7,0,80.4
4735,Midwest,2619,57.1,1,72.1
4736,South,8373,70.3,0,71.3
4737,South,3391,65.4,0,69.3
4738,South,7087,61.9,1,79.2
4739,Midwest,6434,65.7,1,68.3
4740,West,3329,71.8,0,69.2
4741,South,4521,80.5,0,71.7
4742,South,8243,55.2,1,58.4
4743,South,7635,71.4,0,69.5
4744,West,6743,58.6,1,48.9
4745,Northeast,7059,61.8,1,83.8
4746,Midwest,4458,75.8,0,68.7
4747,Northeast,3041,66.1,0,53.2
4748,Midwest,1574,75.1,1,68.2
4749,South,1381,61.9,1,60.3
4750,Midwest,5704,85.2,0,92.2
4751,South,5274,74.3,0,91.2
4752,Northeast,4816,71.8,0,69.8
4753,Northeast,7334,92.5,0,83.3
4754,Northeast,8395,79.4,0,78.1
4755,West,8666,69.1,0,85.6
4756,Northeast,2126,68.8,0,67.4
4757,West,8105,72.6,0,76.3
4758,Northeast,7781,70.4,1,70.1
4759,Northeast,8290,66.8,1,80.4
4760,Northeast,4546,64.0,1,74.1
4761,Northeast,7803,66.4,1,69.0
4762,South,8503,65.3,1,81.5
4763,South,8766,53.0,1,62.0
4764,West,2756,57.8,0,56.0
4765,Midwest,8674,75.1,0,68.0
4766,South,3072,75.9,0,68.8
4767,Midwest,5148,98.4,0,93.4
4768,Midwest,2294,69.0,0,72.4
4769,South,1300,81.9,0,78.3
4770,Northeast,4732,56.1,1,56.9
4771,Midwest,6097,57.1,1,63.7
4772,South,6809,69.8,0,62.2
4773,South,6368,74.7,0,97.6
4774,Midwest,2475,67.3,1,81.8
4775,West,3232,54.5,1,55.3
4776,Midwest,7051,74.0,0,71.1
4777,West,2386,66.1,0,83.1
4778,South,4775,83.2,0,82.2
4779,West,4721,69.0,0,78.3
4780,Northeast,6327,72.4,1,64.6
4781,South,4388,72.3,0,73.2
4782,South,2997,78.5,0,65.9
4783,Northeast,6543,60.4,1,72.8
4784,Northeast,1632,77.4,0,81.9
4785,Northeast,2255,62.0,0,72.4
4786,Midwest,5259,75.5,0,74.1
4787,West,3817,64.0,1,69.9
4788,South,4688,79.7,0,75.7
4789,West,5995,52.5,1,53.3
4790,West,7485,68.8,0,81.2
4791,Northeast,4031,59.7,1,76.4
4792,Midwest,4313,66.0,0,67.4
4793,South,1655,57.4,1,62.6
4794,South,2407,71.9,0,66.7
4795,South,5100,66.8,0,80.7
4796,South,4536,46.9,1,39.3
4797,West,2908,73.9,0,75.2
4798,Northeast,1747,77.0,0,76.0
4799,Midwest,8234,73.3,0,76.2
4800,Midwest,6540,67.7,0,73.5
4801,West,4606,68.4,1,66.9
4802,West,7870,61.1,0,64.3
4803,Midwest,4398,70.7,0,71.8
4804,South,8416,85.7,0,98.0
4805,South,7180,79.2,0,67.4
4806,South,1979,74.3,1,91.3
4807,Northeast,5216,81.4,0,64.4
4808,West,8869,79.5,0,78.6
4809,Midwest,1372,56.8,1,55.7
4810,Northeast,1266,84.6,0,91.1
4811,Northeast,6372,83.0,0,65.2
4812,South,7638,83.3,0,70.3
4813,West,6294,53.0,1,69.5
4814,West,3284,85.3,0,94.5
4815,Midwest,4677,66.2,0,78.5
4816,Midwest,2553,86.7,0,75.2
4817,West,5695,59.1,1,58.5
4818,West,8624,75.8,0,67.7
4819,West,3930,61.9,0,71.9
4820,Midwest,1215,69.0,1,76.0
4821,Northeast,4967,46.5,1,76.9
4822,Northeast,2656,78.4,0,78.9
4823,South,6150,74.6,0,62.5
4824,West,6555,77.1,1,95.4
4825,Northeast,4800,82.0,0,82.0
4826,West,1982,87.7,0,82.3
4827,Midwest,5075,69.8,0,79.7
4828,Midwest,6733,61.3,1,63.9
4829,West,4928,74.5,0,61.3
4830,South,1411,55.3,1,71.1
4831,South,4458,57.8,1,66.3
4832,Northeast,4647,62.3,1,62.9
4833,Midwest,1871,78.2,0,70.0
4834,West,7326,81.4,0,100.0
4835,Midwest,2401,84.1,0,91.8
4836,South,8359,77.9,0,77.6
4837,South,5713,74.3,0,74.6
4838,Midwest,8250,70.6,0,67.9
4839,West,2442,74.8,0,61.8
4840,Midwest,8092,75.6,0,86.3
4841,South,2680,59.5,0,70.1
4842,West,5688,67.8,1,69.7
4843,West,3487,75.9,1,86.8
4844,Northeast,3165,69.4,1,74.6
4845,Midwest,8483,89.4,0,80.5
4846,Northeast,4841,77.0,0,72.4
4847,Northeast,8422,60.9,0,66.7
4848,Midwest,3350,72.2,0,82.6
4849,West,4146,93.6,0,86.9
4850,Northeast,7050,67.4,0,66.7
4851,South,5303,81.9,0,78.8
4852,Northeast,6544,66.1,1,59.8
4853,South,7501,83.7,0,80.0
4854,Northeast,1299,75.5,0,75.8
4855,South,7352,83.2,0,89.4
4856,West,2477,55.9,1,54.5
4857,South,2854,73.4,0,76.1
4858,Northeast,6052,77.4,0,70.8
4859,South,7163,82.2,0,90.4
4860,Northeast,4456,68.0,1,80.0
4861,Northeast,8829,75.6,0,95.4
4862,Midwest,2665,68.1,0,77.8
4863,Midwest,4688,61.2,1,65.4
4864,Midwest,6481,69.7,1,67.4
4865,South,4849,74.5,0,68.1
4866,South,4762,59.8,1,59.4
4867,Midwest,7347,87.5,0,81.4
4868,Midwest,4927,49.1,0,66.8
4869,West,5289,68.6,0,56.1
4870,Northeast,2745,87.2,0,74.5
4871,Midwest,1842,78.8,0,64.6
4872,Midwest,3845,81.6,0,71.1
4873,Midwest,2110,61.8,1,66.4
4874,South,7080,66.4,0,84.5
4875,Northeast,3139,74.1,0,75.5
4876,Northeast,2008,64.6,0,55.6
4877,West,8994,52.3,0,68.6
4878,Midwest,1536,60.8,1,60.4
4879,West,8408,74.9,0,63.3
4880,Midwest,8578,65.5,1,82.2
4881,South,5739,52.9,1,60.9
4882,Northeast,5264,71.5,0,78.8
4883,West,6661,84.0,0,78.7
4884,Northeast,4343,51.2,1,57.3
4885,West,3472,58.8,1,82.9
4886,South,1406,64.9,0,86.8
4887,South,5254,83.0,0,78.7
4888,Midwest,7305,49.4,1,63.2
4889,South,7213,73.8,1,81.7
4890,Northeast,1633,87.9,0,88.2
4891,West,3691,88.0,0,93.2
4892,Midwest,1242,68.0,1,50.6
4893,Northeast,2152,63.5,1,59.1
4894,West,1255,71.5,1,60.3
4895,Northeast,5714,52.9,1,75.2
4896,West,2531,88.9,0,84.3
4897,West,8907,68.4,0,74.0
4898,South,7750,66.2,1,69.4
4899,Northeast,8238,84.9,0,79.2
4900,Midwest,5914,44.8,1,40.8
4901,South,7111,70.2,0,72.0
4902,West,6891,73.4,0,73.4
4903,Northeast,1921,70.7,1,60.9
4904,South,5853,78.6,0,69.6
4905,South,6670,96.2,0,90.9
4906,West,2944,56.1,0,61.3
4907,West,5263,75.7,0,67.4
4908,South,4405,70.2,0,71.5
4909,Northeast,4843,83.8,0,79.2
4910,West,2055,89.4,0,92.0
4911,South,1927,54.9,1,77.0
4912,South,3208,70.6,0,67.6
4913,South,5326,67.7,0,77.4
4914,West,3771,75.6,0,68.3
4915,Northeast,7267,74.9,0,87.9
4916,West,5333,84.9,0,93.5
4917,Midwest,2746,61.9,1,71.2
4918,Midwest,1934,72.7,1,79.8
4919,Northeast,6391,85.8,0,64.9
4920,Northeast,3319,86.1,0,88.8
4921,Northeast,2173,57.0,1,72.0
4922,Midwest,3677,58.1,1,62.5
4923,Midwest,6607,89.2,0,88.9
4924,South,2871,87.9,0,68.7
4925,West,6587,91.7,0,72.6
4926,South,6178,65.5,0,70.5
4927,West,7838,82.2,0,69.4
4928,Northeast,4952,75.4,0,66.2
4929,Northeast,2590,89.8,0,84.3
4930,Midwest,5131,79.9,0,50.0
4931,West,1359,53.2,1,77.6
4932,Midwest,6318,65.3,0,71.2
4933,West,2000,81.8,0,64.4
4934,South,4571,60.5,0,68.7
4935,Northeast,3189,70.0,1,73.3
4936,Northeast,8064,78.7,0,58.0
4937,South,7727,91.6,0,80.8
4938,Midwest,6616,73.6,0,79.4
4939,South,2179,84.8,0,88.5
4940,Midwest,6234,72.7,0,85.7
4941,West,5470,84.0,0,69.9
4942,Midwest,8271,64.3,1,46.3
4943,West,4717,80.8,0,79.1
4944,Northeast,8132,68.4,1,73.9
4945,Midwest,3730,70.6,0,77.7
4946,West,7733,83.5,0,61.6
4947,South,5472,66.1,0,82.1
4948,Northeast,7759,74.2,0,60.1
4949,Midwest,7291,74.0,0,76.5
4950,Midwest,7237,68.7,1,78.2
4951,South,1651,78.2,0,74.1
4952,Northeast,5236,86.4,0,87.4
4953,Northeast,2863,67.4,0,65.5
4954,South,8539,59.0,1,59.4
4955,Northeast,3633,65.0,0,52.1
4956,Northeast,8253,80.9,0,83.0
4957,Northeast,8111,70.7,1,62.4
4958,South,5085,72.9,0,65.1
4959,Northeast,4445,81.3,0,79.4
4960,Midwest,5455,73.1,0,75.8
4961,Northeast,1452,72.6,0,52.2
4962,Midwest,6471,72.9,0,74.8
4963,South,2269,76.7,0,90.9
4964,Midwest,6932,65.9,0,67.5
4965,Northeast,5346,62.7,0,82.4
4966,South,7888,50.8,1,37.9
4967,Midwest,4926,73.4,1,69.3
4968,South,5714,70.1,0,69.7
4969,South,2825,68.5,0,64.5
4970,South,5200,69.9,0,62.6
4971,Northeast,6513,70.9,0,69.8
4972,Northeast,5405,69.5,0,70.3
4973,Northeast,5102,75.7,0,74.5
4974,South,4296,59.3,1,71.2
4975,West,1446,63.8,0,64.5
4976,West,8746,70.8,1,89.6
4977,South,1286,59.9,1,83.6
4978,Midwest,2299,57.5,0,53.1
4979,South,4959,41.1,1,57.8
4980,Midwest,8263,87.3,0,73.8
4981,South,7306,53.1,1,64.9
4982,Midwest,4842,85.1,0,91.2
4983,Midwest,1613,71.2,0,89.6
4984,South,1879,48.9,1,53.0
4985,South,2202,68.6,0,64.5
4986,South,1263,83.7,0,74.7
4987,West,5542,61.8,1,66.6
4988,Midwest,3693,70.3,1,78.3
4989,West,1791,56.8,1,76.1
4990,Northeast,3651,73.6,0,60.7
4991,West,1322,97.7,0,71.4
4992,South,2754,69.0,1,69.6
4993,Northeast,1421,72.2,0,74.0
4994,South,2236,63.3,1,60.8
4995,South,5216,82.6,0,92.1
4996,Midwest,1419,82.8,0,84.2
4997,South,2334,52.2,1,56.9
4998,West,4877,84.4,0,91.8
4999,Midwest,3683,92.4,0,83.7
5000,West,4061,60.4,1,82.6
5001,West,7952,83.1,0,77.4
5002,Midwest,1496,90.5,0,87.6
5003,Northeast,5588,73.8,0,70.4
5004,West,5422,74.9,0,66.3
5005,South,5825,82.4,0,71.7
5006,Midwest,8206,56.3,1,58.6
5007,Northeast,7949,82.2,1,73.9
5008,West,2720,58.0,1,68.9
5009,South,4489,82.4,0,76.6
5010,Northeast,5733,96.4,0,76.7
5011,South,2804,93.5,0,81.2
5012,Midwest,2848,81.3,0,89.0
5013,Midwest,8159,62.0,1,59.1
5014,Northeast,6692,68.0,0,46.6
5015,Northeast,1916,59.4,1,66.3
5016,Northeast,3251,65.6,1,71.9
5017,West,5065,84.2,0,89.8
5018,Northeast,6286,69.0,0,61.5
5019,South,2557,75.5,0,76.1
5020,South,3718,69.9,0,94.5
5021,Northeast,4668,58.3,1,56.4
5022,Midwest,1751,73.8,0,73.6
5023,South,4503,53.5,0,56.6
5024,South,5719,69.4,0,60.5
5025,Midwest,3825,81.3,0,72.1
5026,Midwest,6930,85.8,0,84.3
5027,Northeast,7760,73.4,0,72.0
5028,Northeast,2945,59.7,1,66.4
5029,South,3282,61.8,1,41.2
5030,West,4963,77.9,0,62.1
5031,Northeast,5424,75.9,0,57.6
5032,Midwest,8731,67.8,0,71.1
5033,Midwest,2881,63.4,1,56.5
5034,Midwest,5587,91.1,0,82.5
5035,West,5787,52.6,1,52.5
5036,West,5455,78.7,0,76.9
5037,West,2988,87.3,0,77.3
5038,Midwest,5998,62.1,1,69.6
5039,Midwest,5125,56.6,1,68.7
5040,Midwest,6376,55.6,1,70.8
5041,Midwest,3730,78.0,0,74.9
5042,West,8795,81.4,0,64.0
5043,South,7278,88.5,0,74.2
5044,Midwest,7861,71.1,0,83.3
5045,Northeast,1546,73.3,0,66.1
5046,South,3890,70.9,1,69.2
5047,West,3124,70.0,0,67.9
5048,Northeast,6333,98.1,0,89.7
5049,Northeast,2881,76.2,0,73.3
5050,Northeast,7409,70.9,0,68.6
5051,South,5200,65.2,1,64.5
5052,Midwest,5667,86.9,0,81.5
5053,West,8763,73.8,0,72.5
5054,Northeast,8458,89.1,0,89.1
5055,Midwest,5186,85.7,1,79.2
5056,South,7471,68.6,0,72.0
5057,South,4791,71.5,0,77.9
5058,West,4458,69.9,0,66.3
5059,Midwest,5552,61.6,1,57.6
5060,Midwest,7078,90.0,0,80.6
5061,South,8268,49.7,0,75.9
5062,Midwest,2593,67.4,0,68.3
5063,Northeast,5146,72.7,0,72.8
5064,West,3819,73.0,0,77.4
5065,West,6316,72.6,0,60.8
5066,South,4651,78.6,0,41.8
5067,Northeast,2358,66.1,0,61.7
5068,West,4762,63.2,1,71.5
5069,Northeast,2651,80.2,0,71.7
5070,West,4148,70.0,0,65.3
5071,Midwest,5213,59.1,0,60.5
5072,Midwest,4907,72.7,0,55.4
5073,Midwest,1793,73.0,1,75.6
5074,Northeast,6594,50.2,0,66.6
5075,South,8484,84.8,0,68.4
5076,Northeast,6746,90.7,0,92.5
5077,Midwest,8320,70.8,1,79.1
5078,Midwest,4185,68.4,0,71.0
5079,South,4544,100.0,0,89.0
5080,Northeast,1869,62.4,1,78.8
5081,Midwest,6183,65.9,0,72.3
5082,West,8159,59.9,1,75.1
5083,South,5324,67.3,0,60.0
5084,Midwest,7308,76.3,0,70.7
5085,South,7450,91.5,0,97.8
5086,West,4736,70.7,0,61.4
5087,Midwest,5823,65.2,1,70.1
5088,Midwest,8326,75.4,0,79.7
5089,Northeast,5409,57.5,1,39.4
5090,Midwest,4225,73.7,0,71.8
5091,South,5294,72.4,0,75.3
5092,Northeast,3328,57.9,0,70.0
5093,Northeast,5202,48.5,1,60.5
5094,South,5491,67.8,1,62.1
5095,West,5023,71.6,1,56.0
5096,West,6763,68.2,1,86.0
5097,South,2078,58.6,1,56.9
5098,West,5024,63.8,0,67.0
5099,South,3856,70.7,0,82.6
5100,Northeast,7750,71.1,0,79.0
5101,West,4594,82.6,0,66.5
5102,Midwest,8032,81.9,0,78.5
5103,South,1242,70.5,0,65.3
5104,Midwest,4896,55.5,1,73.0
5105,South,2380,76.9,0,71.1
5106,Northeast,4650,83.7,0,88.7
5107,Northeast,6748,79.2,0,73.5
5108,Midwest,2799,54.3,1,78.1
5109,South,6341,57.5,1,54.0
5110,Northeast,3188,80.4,1,75.7
5111,West,2189,100.0,0,99.7
5112,West,6721,76.0,0,78.1
5113,South,2376,71.0,0,73.7
5114,Midwest,1887,85.5,0,74.9
5115,Midwest,8493,61.8,1,89.4
5116,South,3202,91.5,0,81.0
5117,South,5438,76.9,0,78.6
5118,West,6137,59.3,1,59.4
5119,Midwest,3043,79.5,0,98.3
5120,West,5335,70.5,0,75.0
5121,Midwest,3357,77.9,0,90.6
5122,West,1224,77.5,0,79.6
5123,Midwest,4043,60.4,1,66.9
5124,South,4328,71.5,0,76.6
5125,Northeast,7536,78.1,0,52.8
5126,South,3143,70.0,0,69.4
5127,Midwest,8141,73.9,0,84.6
5128,South,4127,44.5,1,50.6
5129,Midwest,1269,72.5,0,65.9
5130,Midwest,3411,77.2,0,64.2
5131,South,6811,88.1,0,80.0
5132,South,5799,96.6,0,80.3
5133,Northeast,6947,74.4,1,88.2
5134,South,8945,87.8,0,87.1
5135,Midwest,7943,89.6,0,89.9
5136,Midwest,6520,46.9,1,60.7
5137,West,8768,80.8,0,68.9
5138,Midwest,7162,82.6,0,76.9
5139,Midwest,7053,50.8,1,53.8
5140,West,6181,100.0,0,81.2
5141,South,5865,71.3,0,57.5
5142,Northeast,8546,49.9,1,48.9
5143,South,5269,58.9,1,64.6
5144,Midwest,5880,74.4,0,81.9
5145,South,7109,83.8,0,74.5
5146,Midwest,2111,70.0,1,81.3
5147,West,1723,83.4,0,96.6
5148,Midwest,2189,74.6,0,61.1
5149,South,7990,80.4,0,74.3
5150,Midwest,2697,60.4,1,71.1
5151,South,6438,49.3,1,50.5
5152,Midwest,1715,87.0,0,78.8
5153,West,6938,57.1,1,77.3
5154,West,6801,48.5,1,56.7
5155,West,6379,71.5,1,93.7
5156,West,4475,69.5,0,89.6
5157,Midwest,8731,84.6,0,75.4
5158,West,8932,76.4,0,72.8
5159,Midwest,5431,85.1,0,91.2
5160,West,6700,50.8,1,48.4
5161,Midwest,6808,84.6,0,87.2
5162,Northeast,6806,67.9,0,77.5
5163,Midwest,4370,53.3,0,57.9
5164,West,7174,80.2,0,78.2
5165,South,3022,46.7,1,62.2
5166,Midwest,2582,76.7,0,64.0
5167,South,3659,63.4,0,53.1
5168,Northeast,5286,67.4,0,67.1
5169,Northeast,2232,100.0,0,75.1
5170,West,5431,60.3,1,38.7
5171,Northeast,1306,48.8,1,48.1
5172,West,7312,90.9,0,90.9
5173,Northeast,8066,45.0,1,82.0
5174,Midwest,2259,67.7,0,55.8
5175,West,3976,75.4,0,89.7
5176,South,7817,82.2,0,80.8
5177,South,1492,66.0,0,67.9
5178,Northeast,7111,73.5,0,68.6
5179,Midwest,7623,72.7,0,62.3
5180,Midwest,3720,78.0,1,73.1
5181,Midwest,4062,87.3,0,92.5
5182,South,8126,79.0,0,59.4
5183,South,8449,74.0,0,69.4
5184,West,5908,51.8,1,63.4
5185,South,6931,59.4,0,52.1
5186,Midwest,7839,74.2,1,74.9
5187,South,1655,84.4,0,68.9
5188,Northeast,5830,80.3,0,66.9
5189,South,5887,53.4,1,65.8
5190,Midwest,4293,92.1,0,79.4
5191,South,1263,79.5,0,68.0
5192,Midwest,3004,97.0,0,74.6
5193,South,3767,79.8,0,68.0
5194,Northeast,1565,68.6,1,80.8
5195,South,3939,43.9,1,47.9
5196,West,5938,63.2,0,67.4
5197,Midwest,8652,87.5,0,57.0
5198,Northeast,5588,55.1,0,73.6
5199,Midwest,3940,46.9,1,57.0
5200,Northeast,8655,71.0,1,72.9
5201,Northeast,6639,76.8,1,63.2
5202,South,1812,68.4,0,74.2
5203,Northeast,2836,61.0,0,74.2
5204,West,8018,78.7,0,87.6
5205,Midwest,8183,41.6,1,67.9
5206,South,8948,53.8,1,55.5
5207,West,4808,87.5,0,71.5
5208,Midwest,4115,60.4,1,69.5
5209,Midwest,1210,63.2,1,76.7
5210,West,3982,72.1,0,66.2
5211,West,4448,100.0,0,99.2
5212,Midwest,2938,56.6,1,63.7
5213,West,5026,85.8,0,77.0
5214,South,6290,79.5,0,83.4
5215,South,3563,66.6,0,51.5
5216,West,5243,86.9,0,61.0
5217,West,4475,72.3,0,72.8
5218,South,6405,83.1,0,87.3
5219,Northeast,6193,79.8,0,76.9
5220,South,5119,71.8,0,85.1
5221,West,3086,71.3,0,83.2
5222,Northeast,7623,57.6,1,56.2
5223,Midwest,4623,79.2,1,73.8
5224,Midwest,3618,71.3,1,71.1
5225,South,3439,59.2,1,77.6
5226,Midwest,4661,89.2,0,62.7
5227,South,8314,87.7,0,84.2
5228,Northeast,4785,56.8,1,80.2
5229,West,8285,69.7,0,56.0
5230,West,5805,77.6,0,73.7
5231,South,5976,94.9,0,82.4
5232,West,8472,63.2,1,77.1
5233,Midwest,8741,65.3,0,61.2
5234,South,2256,63.3,1,56.9
5235,South,7819,69.1,0,64.3
5236,South,7618,94.8,0,81.7
5237,Midwest,3298,77.5,0,74.3
5238,Midwest,8425,71.0,0,60.6
5239,Northeast,7952,69.8,0,61.9
5240,South,4779,84.3,0,75.8
5241,Northeast,6847,84.9,0,62.2
5242,South,4912,67.3,0,52.6
5243,South,4192,91.1,0,83.4
5244,Northeast,5777,74.4,0,66.6
5245,Midwest,4283,68.8,0,63.3
5246,West,7952,89.6,0,69.8
5247,Northeast,3824,73.0,0,76.6
5248,Midwest,6790,73.7,1,71.3
5249,South,6469,86.8,0,78.1
5250,Northeast,5851,70.6,0,81.6
5251,South,8727,80.7,0,88.2
5252,Northeast,8652,60.5,1,59.8
5253,Midwest,5510,61.9,1,63.7
5254,Northeast,5665,75.1,0,83.6
5255,Midwest,8109,91.5,0,95.4
5256,Northeast,6336,78.2,0,62.7
5257,West,6987,64.2,0,82.6
5258,South,1614,59.5,0,48.1
5259,Northeast,3543,67.2,0,64.9
5260,South,3636,84.7,0,87.5
5261,West,1493,77.8,0,89.5
5262,Northeast,6793,72.7,0,78.0
5263,Northeast,5190,81.2,0,100.0
5264,Northeast,6668,63.0,0,79.2
5265,South,6470,85.5,0,100.0
5266,South,1861,73.5,0,93.6
5267,South,1200,74.8,0,75.7
5268,West,7425,92.3,0,82.9
5269,South,7470,50.1,1,44.5
5270,Northeast,3512,60.2,1,73.5
5271,South,7250,57.3,0,73.2
5272,Northeast,7961,77.0,0,68.6
5273,South,3261,65.8,1,58.8
5274,Midwest,8143,87.7,0,94.3
5275,Northeast,6931,61.6,0,69.4
5276,Midwest,4329,48.9,1,51.8
5277,Northeast,8083,67.3,0,62.0
5278,Northeast,4447,63.3,0,65.1
5279,West,3605,71.1,0,65.4
5280,West,4100,73.1,0,76.3
5281,Northeast,4930,71.5,0,83.9
5282,West,4561,68.3,1,66.1
5283,South,5678,62.1,1,58.2
5284,South,4261,81.2,0,65.7
5285,West,4407,64.9,1,69.5
5286,Northeast,7167,70.8,1,77.0
5287,Northeast,8979,91.6,0,88.1
5288,Midwest,6415,64.5,1,63.0
5289,South,8858,74.0,0,56.8
5290,South,5655,97.0,0,88.8
5291,Northeast,3367,75.1,0,72.9
5292,South,5637,92.5,0,80.2
5293,Midwest,8634,76.3,0,76.2
5294,Midwest,2772,62.9,1,59.2
5295,South,7729,78.5,0,72.2
5296,West,6210,75.7,1,74.6
5297,South,8802,76.2,0,69.2
5298,Northeast,6735,63.3,1,62.5
5299,West,2691,57.5,1,76.1
5300,West,6479,67.1,1,63.8
5301,South,2729,64.9,1,74.0
5302,West,8578,91.5,0,100.0
5303,Midwest,6137,77.8,0,67.7
5304,West,6138,45.2,1,68.9
5305,West,3615,81.7,1,87.5
5306,South,2589,60.7,1,81.9
5307,West,4790,61.7,0,70.1
5308,Northeast,4269,56.9,1,69.2
5309,Midwest,7395,78.0,0,77.6
5310,West,7123,65.0,1,76.8
5311,Northeast,4318,60.6,0,53.4
5312,Midwest,3257,73.3,0,90.0
5313,Midwest,2096,61.9,1,66.0
5314,West,8413,69.2,0,66.6
5315,Northeast,8290,87.0,0,81.1
5316,South,2232,62.4,0,72.6
5317,Northeast,1538,62.7,1,68.4
5318,Northeast,5705,61.9,1,57.7
5319,Midwest,5315,82.5,0,77.5
5320,Midwest,7126,74.8,0,57.1
5321,Northeast,3353,96.8,0,86.9
5322,Midwest,8848,76.3,0,70.2
5323,Midwest,3777,84.7,0,61.3
5324,West,2608,84.5,0,77.3
5325,Northeast,7990,48.4,1,62.2
5326,West,1852,71.9,0,59.0
5327,Northeast,8722,92.7,0,98.1
5328,South,4824,73.3,0,82.5
5329,Northeast,8328,47.9,1,56.0
5330,Northeast,4703,76.9,0,86.8
5331,Northeast,4427,69.9,0,60.0
5332,Midwest,3845,50.3,1,71.4
5333,South,7232,68.7,0,90.6
5334,West,5921,64.8,1,82.4
5335,West,4524,72.9,0,68.3
5336,South,7461,76.1,0,88.3
5337,Midwest,1383,58.1,0,74.5
5338,West,5372,52.2,1,68.2
5339,South,5875,75.4,0,74.9
5340,South,4948,72.1,0,71.0
5341,West,5827,53.3,1,70.2
5342,South,2593,78.6,0,78.7
5343,Northeast,2242,76.5,0,63.8
5344,West,4815,84.3,0,100.0
5345,Northeast,5148,73.1,0,68.8
5346,West,1279,68.8,0,94.6
5347,South,5159,94.6,0,75.4
5348,West,8750,70.7,0,62.2
5349,West,7228,70.7,0,65.0
5350,South,7857,60.8,0,88.0
5351,Northeast,5766,52.8,1,71.4
5352,Midwest,5888,61.4,1,65.3
5353,South,4707,90.3,0,96.7
5354,Northeast,3768,99.8,0,78.5
5355,West,5100,87.8,0,90.4
5356,West,8557,68.7,0,65.8
5357,Northeast,5575,100.0,0,93.0
5358,Midwest,1898,39.5,1,34.1
5359,Northeast,4362,89.1,0,86.9
5360,Northeast,7632,76.4,0,65.5
5361,South,8499,85.4,0,95.4
5362,Midwest,6381,46.4,1,77.1
5363,West,8548,59.6,1,66.1
5364,South,3674,89.4,0,70.2
5365,Midwest,8961,79.4,0,81.7
5366,South,6530,81.8,0,78.5
5367,South,3564,63.4,1,63.0
5368,West,3626,65.9,0,54.7
5369,Northeast,8154,59.6,1,61.0
5370,West,1493,73.4,0,74.8
5371,South,4878,67.6,0,84.5
5372,South,3143,71.7,0,72.4
5373,Midwest,4851,81.0,0,83.5
5374,West,3621,60.5,0,65.0
5375,South,2470,49.1,1,69.2
5376,West,7674,67.0,0,74.7
5377,Midwest,1730,78.2,0,67.5
5378,West,8194,56.4,1,74.0
5379,Midwest,5242,70.7,0,78.6
5380,Northeast,5756,70.1,1,59.6
5381,South,1296,52.2,1,65.9
5382,Northeast,5752,96.3,0,78.9
5383,South,2663,71.9,0,58.5
5384,West,8927,78.2,0,72.7
5385,South,7513,64.5,0,75.9
5386,West,2631,73.2,0,73.2
5387,Northeast,2807,71.7,1,82.0
5388,Midwest,6875,47.7,1,25.5
5389,West,1305,67.5,0,73.9
5390,South,7472,77.1,0,64.0
5391,Midwest,6746,55.2,0,64.7
5392,South,7073,70.9,0,52.1
5393,Midwest,1271,87.7,0,82.9
5394,Northeast,8780,83.3,0,89.9
5395,Midwest,8882,94.9,0,79.7
5396,West,7279,67.8,0,63.3
5397,Midwest,4761,68.5,0,93.5
5398,Northeast,2098,76.7,0,77.7
5399,South,8850,42.1,1,60.8
5400,West,7798,75.6,0,64.7
5401,South,3995,70.7,0,66.9
5402,Northeast,4852,48.9,1,74.4
5403,West,8925,68.3,1,57.7
5404,Midwest,4245,54.5,0,49.8
5405,South,6978,100.0,0,99.5
5406,Midwest,7993,71.4,0,70.7
5407,Midwest,8090,95.5,0,89.9
5408,Midwest,3823,85.1,0,67.1
5409,South,6750,65.6,1,68.9
5410,Northeast,8062,68.4,0,62.6
5411,Northeast,3897,71.9,0,52.4
5412,Midwest,4842,55.2,1,68.7
5413,West,1841,67.2,0,86.2
5414,South,3908,38.8,1,70.1
5415,Midwest,3691,53.3,1,45.8
5416,Northeast,7493,71.0,0,61.1
5417,Northeast,5645,91.1,0,94.3
5418,West,8835,60.2,0,51.0
5419,Northeast,4446,71.5,0,91.0
5420,Midwest,5227,72.3,0,78.5
5421,West,6742,71.4,0,81.8
5422,West,4646,45.5,1,43.8
5423,South,5169,75.7,0,47.4
5424,South,5576,66.6,0,69.9
5425,West,5651,74.5,1,75.4
5426,Midwest,8928,74.8,0,63.2
5427,West,6101,72.0,0,58.0
5428,Midwest,8242,57.3,1,56.5
5429,Midwest,8275,61.2,1,66.6
5430,Northeast,2578,68.2,1,83.1
5431,Northeast,2614,58.9,1,53.8
5432,West,3658,75.3,1,81.5
5433,Midwest,8399,66.5,1,90.4
5434,West,5820,98.9,0,91.9
5435,Midwest,4057,89.5,0,84.6
5436,West,3825,72.5,0,69.3
5437,Midwest,8403,57.0,0,61.1
5438,West,8466,70.4,1,77.6
5439,Midwest,7402,75.6,0,59.4
5440,West,5492,72.8,0,90.7
5441,Northeast,1700,55.8,1,46.5
5442,Northeast,5683,96.9,0,92.1
5443,Northeast,5621,62.8,1,47.1
5444,South,2129,83.3,0,74.8
5445,Northeast,4232,71.7,0,59.8
5446,Midwest,5383,85.4,0,73.1
5447,West,8742,65.7,0,67.8
5448,Northeast,4420,60.2,0,65.6
5449,Midwest,6367,79.5,0,56.5
5450,South,3840,81.3,0,57.6
5451,Northeast,5045,83.4,0,62.1
5452,Northeast,3914,62.2,0,47.3
5453,Northeast,2335,54.5,0,63.9
5454,Northeast,6076,82.6,0,80.1
5455,South,5175,75.4,0,73.4
5456,Midwest,4122,77.5,0,58.8
5457,Midwest,6657,65.4,1,56.0
5458,South,2199,75.0,0,88.3
5459,Northeast,5666,60.5,1,49.1
5460,Northeast,3704,63.1,1,73.5
5461,Northeast,8272,57.3,1,52.4
5462,Northeast,5336,89.6,0,85.5
5463,Midwest,4592,63.8,0,79.5
5464,South,1507,74.0,1,77.1
5465,Northeast,2032,60.8,1,73.1
5466,Midwest,6706,82.7,0,82.3
5467,South,5144,71.9,0,73.1
5468,West,7257,93.4,0,93.0
5469,South,6740,69.4,0,78.8
5470,Midwest,3244,71.8,0,83.8
5471,Midwest,6490,60.0,1,60.2
5472,Northeast,2150,89.2,0,64.3
5473,West,8542,87.0,0,79.5
5474,South,8111,61.7,0,63.8
5475,West,6283,63.8,0,59.9
5476,West,5556,73.6,0,65.1
5477,Northeast,8640,90.7,0,82.5
5478,Midwest,7711,70.5,0,65.3
5479,Midwest,6186,74.4,0,66.8
5480,Northeast,4968,55.7,0,71.1
5481,South,7941,61.4,1,65.6
5482,South,6788,84.9,0,84.0
5483,West,2486,71.5,0,52.5
5484,Midwest,8549,52.8,1,43.5
5485,West,1608,87.9,0,84.1
5486,West,5582,73.9,0,79.7
5487,South,5347,61.9,0,68.5
5488,Northeast,8434,83.4,0,63.1
5489,Northeast,1251,47.7,1,51.0
5490,Northeast,2589,74.6,0,82.2
5491,West,5854,74.0,0,64.7
5492,Northeast,1986,59.5,1,60.6
5493,South,7569,78.7,0,66.1
5494,Northeast,1892,67.5,0,56.9
5495,Northeast,1225,88.6,0,74.2
5496,South,5761,66.1,0,60.1
5497,West,4455,71.0,0,56.5
5498,West,5417,62.5,1,71.1
5499,Northeast,2013,86.6,0,83.0
5500,Northeast,3832,69.3,0,71.1
5501,Northeast,5844,68.4,0,66.1
5502,South,5394,93.0,0,80.1
5503,Midwest,2008,84.7,0,88.9
5504,West,2764,75.0,1,62.1
5505,West,5623,74.7,0,80.3
5506,Northeast,1219,65.2,1,69.5
5507,Midwest,4650,76.9,0,95.8
5508,South,1626,67.6,0,55.4
5509,South,4091,70.0,0,60.1
5510,South,6098,55.8,1,51.6
5511,West,1991,59.1,1,79.8
5512,West,1263,71.8,0,68.5
5513,South,1782,68.8,0,69.6
5514,Northeast,3384,80.3,0,70.9
5515,Midwest,1635,72.4,0,49.6
5516,South,8051,65.4,1,85.9
5517,South,7365,69.5,0,72.6
5518,South,2219,100.0,0,100.0
5519,Northeast,5006,72.9,0,97.0
5520,West,6490,72.5,1,86.3
5521,South,1449,68.9,0,78.2
5522,Northeast,7514,65.8,0,62.8
5523,Midwest,6788,75.8,0,76.5
5524,South,1528,79.6,0,86.9
5525,South,2475,76.3,0,83.2
5526,South,4625,70.0,1,69.0
5527,Midwest,5428,78.1,0,71.0
5528,Northeast,1885,64.9,1,76.7
5529,South,8925,72.3,0,69.6
5530,West,6877,77.0,0,79.2
5531,Midwest,7179,75.4,0,58.9
5532,West,2677,78.0,0,76.6
5533,South,2346,64.2,1,60.7
5534,South,4051,66.7,0,75.4
5535,West,7825,58.4,0,53.2
5536,West,3954,59.8,1,75.2
5537,West,7412,99.6,0,83.1
5538,Midwest,4558,55.7,1,61.5
5539,Northeast,7307,66.8,0,56.7
5540,West,5104,94.3,0,90.7
5541,Northeast,2997,68.7,0,71.9
5542,Midwest,4675,75.7,0,76.9
5543,Northeast,5157,55.5,1,62.1
5544,West,2036,78.0,0,71.1
5545,West,2133,89.3,0,77.9
5546,Midwest,4480,58.0,1,64.0
5547,West,3299,81.8,0,70.8
5548,South,8545,54.3,1,49.0
5549,South,1338,82.9,0,81.5
5550,Northeast,3146,58.8,1,53.6
5551,Northeast,7772,56.8,1,61.9
5552,West,2683,74.7,0,66.2
5553,West,2988,82.0,0,89.5
5554,Midwest,6107,74.2,0,71.3
5555,South,7461,84.9,0,82.7
5556,Northeast,6103,87.0,0,92.0
5557,Northeast,1558,47.6,1,54.4
5558,Midwest,5799,77.0,0,100.0
5559,Midwest,3607,58.6,1,85.2
5560,South,7203,68.3,1,86.4
5561,South,2953,93.0,0,87.1
5562,Northeast,2077,63.1,0,66.6
5563,West,8696,83.6,0,43.0
5564,Northeast,2688,76.3,0,92.5
5565,South,7148,81.7,0,73.5
5566,Midwest,4832,47.1,1,63.4
5567,South,6903,55.7,1,54.0
5568,Northeast,3677,67.5,1,87.5
5569,West,5101,78.4,0,77.6
5570,Northeast,7779,73.2,1,66.3
5571,Midwest,1852,71.6,1,78.1
5572,South,2579,74.4,0,69.4
5573,Northeast,7167,74.6,0,53.2
5574,Midwest,1419,70.1,1,81.4
5575,South,4560,73.9,0,79.2
5576,West,3294,88.9,0,78.2
5577,West,8688,84.3,0,71.7
5578,West,5061,90.6,0,87.3
5579,Midwest,2407,75.6,0,86.5
5580,Northeast,6673,86.3,0,72.3
5581,West,5164,85.2,0,64.6
5582,Northeast,1610,86.6,0,85.4
5583,Midwest,3368,89.4,0,89.5
5584,Northeast,2330,67.1,0,66.4
5585,Northeast,6858,87.5,0,90.7
5586,Northeast,7494,91.5,0,84.5
5587,Midwest,3934,68.1,0,52.0
5588,South,6174,86.5,0,73.1
5589,West,2080,56.1,1,61.4
5590,South,1810,49.3,1,55.7
5591,South,2800,88.1,0,78.6
5592,South,5998,76.9,0,67.5
5593,South,5240,56.6,1,36.2
5594,Midwest,5600,67.5,0,64.0
5595,West,3509,80.0,0,96.0
5596,Midwest,4428,56.7,0,78.3
5597,West,2460,76.3,0,82.1
5598,South,3104,73.7,0,58.5
5599,Midwest,7972,68.0,1,79.3
5600,West,6941,58.0,1,56.1
5601,South,4626,65.1,1,65.4
5602,West,4318,67.0,0,71.4
5603,Midwest,7323,62.8,1,66.0
5604,West,8957,57.0,1,57.8
5605,South,8250,67.9,1,85.6
5606,South,5235,85.0,0,86.3
5607,West,8648,63.2,1,70.7
5608,Northeast,8045,64.7,1,80.2
5609,Northeast,1942,85.8,0,78.9
5610,South,4223,69.6,0,78.6
5611,West,1757,66.2,0,56.1
5612,South,2372,64.3,0,58.3
5613,Northeast,7786,66.0,0,63.9
5614,Midwest,1637,74.8,0,67.5
5615,Midwest,3197,85.0,0,73.4
5616,Northeast,3055,60.7,1,55.5
5617,South,4227,90.8,0,90.9
5618,Midwest,6423,66.7,1,71.2
5619,Northeast,5658,61.3,1,61.0
5620,Northeast,7422,49.5,1,55.5
5621,South,2914,62.4,0,58.7
5622,South,4208,62.1,0,89.6
5623,Midwest,7991,80.2,0,81.5
5624,West,6591,62.4,1,66.3
5625,Northeast,2841,63.2,1,65.2
5626,West,6109,39.8,1,59.2
5627,South,7389,77.8,0,68.2
5628,Midwest,7810,66.3,1,62.5
5629,Midwest,7265,74.3,0,72.6
5630,Midwest,6780,72.1,0,77.5
5631,Midwest,1971,75.5,0,69.0
5632,Northeast,5653,58.1,0,72.8
5633,South,6899,69.1,1,59.0
5634,South,3319,42.6,1,54.6
5635,Midwest,8739,79.1,0,70.1
5636,West,4869,72.9,0,78.8
5637,South,5167,71.2,0,70.1
5638,South,8049,66.4,0,67.2
5639,South,2738,44.5,1,65.7
5640,Midwest,2441,82.3,0,65.2
5641,West,8706,66.2,1,70.9
5642,West,1234,78.1,0,98.7
5643,Northeast,3357,63.1,1,71.6
5644,Northeast,6071,75.9,1,64.3
5645,Northeast,5732,75.1,0,70.7
5646,Midwest,5748,69.0,0,48.3
5647,Northeast,7533,64.6,1,72.8
5648,West,7347,54.2,0,58.0
5649,Northeast,6563,59.2,1,69.2
5650,Midwest,5869,74.9,0,67.2
5651,West,7066,80.0,0,72.2
5652,Northeast,6921,94.0,0,91.2
5653,Northeast,1423,61.6,1,79.2
5654,South,8723,55.4,1,62.6
5655,Midwest,4912,90.7,0,87.4
5656,Northeast,7988,100.0,0,100.0
5657,West,3816,40.8,1,46.4
5658,Northeast,3997,66.0,1,84.5
5659,West,1555,48.6,0,27.4
5660,West,4669,79.1,0,67.9
5661,Northeast,5288,60.8,0,59.7
5662,Midwest,1902,72.3,1,56.1
5663,Northeast,2768,66.8,0,74.4
5664,West,6636,91.0,0,86.5
5665,Midwest,2532,63.1,0,76.6
5666,West,6693,68.8,0,61.3
5667,West,7257,90.0,0,80.0
5668,West,6987,64.2,1,71.9
5669,West,2073,76.2,0,72.2
5670,Midwest,2976,80.6,0,93.6
5671,Midwest,3884,56.2,1,50.7
5672,Midwest,3453,57.5,1,43.2
5673,West,1753,99.5,0,97.5
5674,Midwest,4719,64.9,0,70.8
5675,Midwest,7559,74.7,0,94.0
5676,West,7796,72.9,0,79.0
5677,West,3192,54.6,1,59.5
5678,South,3117,66.8,1,70.8
5679,South,2982,65.9,0,66.4
5680,Northeast,6175,61.9,0,73.8
5681,South,4995,83.4,0,79.0
5682,Midwest,7712,82.7,0,66.7
5683,South,8647,78.3,0,65.1
5684,South,1612,67.3,0,51.0
5685,West,7191,49.1,1,53.1
5686,Northeast,4928,65.6,1,68.8
5687,Northeast,5914,77.1,0,67.2
5688,South,7514,68.0,0,64.6
5689,Midwest,7806,39.4,1,36.4
5690,Northeast,7189,62.7,0,54.7
5691,Northeast,2640,79.1,0,63.4
5692,South,4335,67.0,1,64.8
5693,Midwest,4007,80.6,0,69.6
5694,Northeast,7411,63.6,1,63.7
5695,South,8920,74.8,0,96.8
5696,Midwest,5365,68.0,0,85.8
5697,South,6333,72.3,0,72.1
5698,Midwest,3947,79.9,0,74.6
5699,South,7115,71.0,1,73.9
5700,South,7933,74.6,0,64.1
5701,West,3779,68.4,1,65.9
5702,Midwest,5086,78.2,0,67.9
5703,Northeast,6260,48.4,1,50.8
5704,West,8147,72.0,0,65.0
5705,West,8081,55.0,1,57.4
5706,West,4044,71.8,0,67.7
5707,Midwest,7260,71.8,0,74.8
5708,West,6698,77.3,0,72.4
5709,South,4053,63.8,1,67.8
5710,Midwest,4415,59.3,1,68.8
5711,Midwest,2508,71.0,0,63.0
5712,South,5203,78.5,0,92.1
5713,Northeast,6715,90.7,0,70.5
5714,West,3824,73.7,0,47.8
5715,Midwest,4891,41.8,1,38.6
5716,West,2525,82.7,0,72.1
5717,South,7079,58.8,1,45.7
5718,Northeast,4324,75.0,0,70.8
5719,Midwest,4376,72.1,0,60.6
5720,West,4534,59.4,1,74.9
5721,Midwest,4703,73.6,0,71.1
5722,South,7960,75.0,0,81.8
5723,South,8296,61.9,0,70.5
5724,South,2934,63.5,1,73.8
5725,Midwest,7129,48.9,1,56.0
5726,West,4924,63.2,0,55.7
5727,South,2154,70.7,0,90.7
5728,Midwest,4050,64.7,1,75.0
5729,Midwest,4532,53.5,1,46.6
5730,Midwest,8812,75.0,0,65.2
5731,Northeast,5101,87.8,0,71.7
5732,Northeast,3728,89.2,0,79.9
5733,Midwest,4620,70.8,0,76.9
5734,West,2322,43.9,1,50.4
5735,Northeast,7711,70.5,1,74.7
5736,West,7529,71.7,0,72.2
5737,West,4357,85.7,0,89.1
5738,Northeast,7519,67.5,1,42.6
5739,Midwest,8339,61.7,0,50.7
5740,Northeast,4236,69.5,1,55.5
5741,Northeast,7931,88.7,0,83.6
5742,West,5961,70.1,0,76.9
5743,Midwest,4441,61.5,1,72.9
5744,Midwest,3662,73.3,0,76.7
5745,Northeast,5451,54.8,1,69.9
5746,West,2561,62.5,0,65.4
5747,Northeast,7682,73.9,0,56.5
5748,South,1310,81.3,0,75.4
5749,West,1712,74.7,0,65.9
5750,Midwest,2919,65.5,1,55.2
5751,Northeast,2725,78.7,0,70.1
5752,Northeast,2589,86.9,0,78.2
5753,Midwest,6398,67.5,1,57.0
5754,Northeast,7225,58.0,1,84.0
5755,Northeast,6691,77.9,0,70.7
5756,Midwest,3430,98.5,0,87.6
5757,Midwest,4761,89.8,0,86.6
5758,Midwest,5549,73.4,0,61.7
5759,Midwest,2115,46.4,1,55.9
5760,Midwest,7694,57.3,1,50.9
5761,Midwest,5700,68.9,1,71.7
5762,South,3409,71.4,1,58.4
5763,South,2305,72.2,0,70.2
5764,Midwest,8117,83.6,0,82.6
5765,West,6606,54.5,1,72.5
5766,Northeast,8481,62.6,1,74.6
5767,Midwest,3946,84.8,0,61.2
5768,West,7594,62.1,0,78.3
5769,Northeast,2622,66.8,1,52.5
5770,Northeast,3166,87.7,0,72.0
5771,Midwest,5725,47.6,1,61.2
5772,West,7516,61.5,0,53.7
5773,Midwest,3003,77.5,0,70.8
5774,West,3218,96.5,0,79.0
5775,West,2300,60.5,1,74.1
5776,South,2844,66.0,0,66.2
5777,Midwest,8905,71.5,0,81.6
5778,Northeast,2593,80.6,0,45.5
5779,West,7593,84.9,0,82.4
5780,West,4601,84.5,0,89.3
5781,Midwest,5185,74.3,0,74.0
5782,West,1433,66.4,0,67.3
5783,Northeast,3345,87.5,0,95.8
5784,West,8757,68.0,0,63.4
5785,South,6484,72.7,0,64.9
5786,Northeast,7871,58.8,1,69.3
5787,Northeast,7865,86.5,0,83.6
5788,Northeast,8217,81.3,0,65.6
5789,West,1340,54.0,0,67.5
5790,South,7979,88.7,0,81.1
5791,South,5109,79.6,0,85.2
5792,Midwest,8665,86.3,0,78.2
5793,Northeast,2467,64.2,0,65.3
5794,South,1949,85.2,0,89.3
5795,Northeast,1851,73.7,0,77.9
5796,South,2991,62.5,1,62.3
5797,South,1608,78.0,0,88.2
5798,Northeast,4478,65.4,1,48.2
5799,Northeast,8815,78.2,0,82.8
5800,Northeast,6224,76.0,0,68.6
5801,Northeast,6759,82.4,0,72.2
5802,West,7103,76.5,1,82.8
5803,South,6781,54.7,1,56.9
5804,Midwest,1581,62.3,1,73.5
5805,West,3365,83.3,0,78.9
5806,South,7794,63.4,0,80.2
5807,Northeast,2802,84.5,0,85.5
5808,Midwest,3529,55.2,0,57.9
5809,Northeast,8271,68.3,0,71.0
5810,West,3103,83.0,0,70.0
5811,Midwest,4701,81.9,0,64.1
5812,Midwest,3562,81.2,0,65.3
5813,West,6482,99.9,0,92.6
5814,West,2277,45.4,1,42.5
5815,Midwest,3510,65.6,0,86.8
5816,Midwest,4693,88.5,0,67.5
5817,West,4853,80.7,0,70.7
5818,West,5918,67.4,0,70.4
5819,Northeast,2723,69.3,0,69.2
5820,Midwest,3066,81.4,0,86.3
5821,South,6939,62.7,0,51.6
5822,Northeast,3158,56.0,0,66.6
5823,Northeast,1231,84.3,0,70.3
5824,Midwest,1861,80.0,0,62.6
5825,West,4486,64.7,1,60.2
5826,South,3116,54.3,0,69.1
5827,West,7192,70.6,0,77.8
5828,Midwest,3844,61.0,0,60.3
5829,South,5694,67.7,0,67.7
5830,West,5591,70.0,0,74.5
5831,South,6665,89.9,0,98.8
5832,Northeast,3542,75.7,0,75.9
5833,South,8846,79.1,0,61.8
5834,West,7690,90.9,0,80.9
5835,South,5154,73.9,0,85.0
5836,Midwest,2921,65.4,0,72.5
5837,Midwest,5889,73.3,0,51.9
5838,Northeast,7582,69.2,0,79.0
5839,West,7589,78.5,0,80.4
5840,Midwest,4275,82.5,0,78.5
5841,South,7797,60.4,1,73.1
5842,Midwest,4020,79.7,0,86.4
5843,Midwest,7082,61.6,1,81.6
5844,West,8607,66.2,0,68.5
5845,West,7779,56.1,1,62.1
5846,South,8495,56.7,1,54.7
5847,Northeast,8454,98.3,0,65.6
5848,Midwest,5870,83.4,0,77.6
5849,West,7088,73.4,0,55.0
5850,South,1249,62.0,1,72.5
5851,Northeast,2803,81.6,0,82.2
5852,West,5120,53.3,1,68.0
5853,Midwest,1833,66.5,1,72.7
5854,South,2732,78.9,0,66.5
5855,Northeast,5948,72.0,0,73.0
5856,West,3024,52.1,1,78.7
5857,South,7649,58.7,1,61.2
5858,West,2847,67.0,1,74.1
5859,West,4543,53.3,1,85.5
5860,Northeast,2181,90.8,0,89.0
5861,West,6313,82.9,0,87.4
5862,Midwest,1555,72.3,0,75.7
5863,West,4123,91.1,0,67.8
5864,Midwest,3104,47.1,1,68.6
5865,Midwest,5775,89.5,0,75.7
5866,Northeast,7888,84.7,0,82.3
5867,Northeast,6878,85.2,0,64.6
5868,South,8913,78.2,0,71.4
5869,South,4839,56.8,1,46.3
5870,South,7415,66.9,0,66.2
5871,Northeast,4502,57.6,1,63.8
5872,Northeast,3816,47.1,1,62.8
5873,Midwest,3598,94.5,0,90.9
5874,West,4096,87.9,0,85.3
5875,Northeast,3493,88.2,0,91.9
5876,Northeast,4058,82.6,0,73.1
5877,Midwest,5586,81.7,0,73.0
5878,Northeast,8177,71.6,0,83.7
5879,Midwest,7008,74.9,0,71.5
5880,Northeast,2020,74.6,0,89.4
5881,West,8099,66.4,1,45.1
5882,West,6728,89.5,0,94.4
5883,Midwest,3712,83.6,0,84.7
5884,Northeast,2364,72.9,1,74.9
5885,Midwest,6037,74.0,0,71.4
5886,Midwest,2351,85.9,0,75.4
5887,South,2850,66.6,0,75.4
5888,South,4644,95.7,0,87.2
5889,Midwest,4650,79.0,0,86.7
5890,South,6037,67.6,0,57.3
5891,South,3975,77.9,0,95.5
5892,West,5592,76.5,0,61.0
5893,Midwest,8365,72.5,1,59.9
5894,Midwest,8991,50.8,1,82.8
5895,South,4469,79.8,0,70.7
5896,South,7486,83.0,0,71.4
5897,South,4440,70.8,1,68.2
5898,Midwest,1472,68.8,0,68.0
5899,South,3740,72.2,0,72.3
5900,West,1567,84.0,0,87.1
5901,West,1506,36.8,1,67.6
5902,Northeast,1592,72.8,0,71.4
5903,West,4391,70.3,0,68.1
5904,Midwest,6450,45.4,1,63.2
5905,South,4116,70.9,0,80.3
5906,West,2933,63.9,0,67.5
5907,West,7104,66.3,1,64.1
5908,Northeast,8923,65.6,0,67.3
5909,Northeast,7866,71.9,0,69.7
5910,Midwest,8803,67.5,1,79.7
5911,Midwest,1779,70.5,0,54.3
5912,Midwest,6925,72.1,0,65.8
5913,Northeast,7338,53.4,1,50.0
5914,West,5304,58.1,1,65.5
5915,West,6246,68.7,1,74.9
5916,Northeast,4863,73.0,0,72.6
5917,West,7448,71.6,0,73.6
5918,South,6266,69.0,1,62.1
5919,Midwest,5007,66.4,1,66.6
5920,South,1685,71.1,0,67.0
5921,Northeast,6594,84.7,0,82.0
5922,West,7764,66.3,0,54.7
5923,West,5244,75.1,0,63.8
5924,South,4693,65.6,0,89.0
5925,West,6604,88.9,0,80.0
5926,Northeast,6346,64.3,0,55.9
5927,South,8709,78.8,1,93.4
5928,West,4835,66.7,1,64.7
5929,Northeast,5504,70.4,0,64.9
5930,West,2738,54.1,1,70.7
5931,Northeast,5412,77.7,0,89.5
5932,Midwest,4852,100.0,0,76.4
5933,Midwest,8344,94.4,0,73.5
5934,Northeast,3888,66.2,1,83.9
5935,Northeast,8024,74.1,0,61.7
5936,South,5096,79.1,0,65.5
5937,South,1940,63.9,0,66.8
5938,South,2839,75.9,0,77.4
5939,Midwest,4212,58.1,1,53.1
5940,Northeast,4961,56.9,1,66.5
5941,Northeast,5158,59.3,0,71.7
5942,West,4589,66.5,0,64.5
5943,Northeast,5478,67.5,1,81.1
5944,Midwest,2952,74.0,0,76.7
5945,Northeast,7565,68.0,0,71.0
5946,Northeast,6673,58.9,1,56.6
5947,West,6860,80.1,0,90.6
5948,West,5951,67.4,1,69.6
5949,South,6320,56.5,1,59.2
5950,South,6774,61.2,1,63.8
5951,West,7995,47.8,1,56.5
5952,Northeast,8852,80.3,0,78.1
5953,Midwest,7202,86.1,0,84.6
5954,West,3859,78.1,0,53.2
5955,West,4532,48.1,1,71.0
5956,West,3632,69.7,0,70.3
5957,Midwest,3771,59.9,1,59.3
5958,Northeast,1465,78.3,0,84.8
5959,West,7476,91.8,0,97.5
5960,South,8371,74.2,0,62.9
5961,West,7336,69.2,0,83.0
5962,Midwest,3796,87.9,0,78.8
5963,Midwest,3785,82.5,0,76.3
5964,Midwest,8295,57.0,1,49.0
5965,Northeast,2277,50.2,1,74.6
5966,Northeast,7063,79.2,0,82.7
5967,South,8456,89.1,0,88.4
5968,Northeast,8574,52.0,1,54.3
5969,Midwest,5985,87.4,0,70.4
5970,South,7786,78.6,0,63.1
5971,West,7305,61.9,1,52.5
5972,West,4867,69.6,0,72.2
5973,Midwest,2845,60.3,1,59.5
5974,South,5154,76.2,0,73.9
5975,West,8690,81.5,0,75.5
5976,South,5502,83.6,0,85.6
5977,Northeast,1894,69.3,1,53.3
5978,West,8616,84.2,0,74.4
5979,Midwest,3595,81.4,0,79.2
5980,Midwest,6001,62.6,1,68.1
5981,South,6066,84.8,0,79.2
5982,Midwest,6648,70.2,0,87.9
5983,Northeast,6972,64.8,1,72.9
5984,South,5373,86.0,0,82.7
5985,Northeast,4002,65.8,0,73.0
5986,South,6532,70.4,0,77.9
5987,Northeast,8172,51.4,1,55.2
5988,Northeast,2859,54.1,1,75.5
5989,South,2461,53.8,1,76.0
5990,South,3949,59.3,1,57.8
5991,Midwest,1536,77.6,0,70.9
5992,Northeast,2930,70.8,0,79.4
5993,South,2758,58.0,1,57.1
5994,Midwest,6134,87.0,0,91.4
5995,South,3419,77.1,0,61.5
5996,Midwest,6916,76.3,0,77.3
5997,South,2623,88.8,0,85.8
5998,Northeast,2928,75.1,0,86.0
5999,Northeast,2513,82.9,0,62.6
6000,Midwest,6863,68.0,1,79.3
6001,Northeast,8514,67.2,0,83.2
6002,South,6005,75.3,0,67.1
6003,Midwest,1435,53.1,1,68.5
6004,West,3610,75.7,0,73.1
6005,Midwest,2319,75.9,0,60.2
6006,Northeast,5462,61.1,0,65.2
6007,South,1342,63.0,1,65.5
6008,West,3568,72.6,0,70.5
6009,West,2435,76.4,0,61.5
6010,Midwest,8846,83.8,0,76.8
6011,West,5196,79.8,0,80.0
6012,South,7896,80.8,0,80.5
6013,South,1894,77.1,0,80.1
6014,South,7901,88.6,0,87.7
6015,Midwest,1812,98.0,0,88.6
6016,Northeast,8513,56.8,1,71.1
6017,West,7488,75.2,1,73.6
6018,Northeast,2124,80.0,0,81.8
6019,Midwest,6434,78.6,0,78.4
6020,Midwest,7159,63.1,0,87.2
6021,Midwest,1803,88.4,0,92.2
6022,South,1973,75.8,0,77.4
6023,Midwest,2527,79.4,0,62.5
6024,South,2061,73.5,0,94.2
6025,Northeast,6462,100.0,0,88.6
6026,Northeast,7590,51.7,1,71.1
6027,South,6251,68.9,1,82.2
6028,Northeast,4128,74.8,1,73.9
6029,South,3885,67.4,0,72.1
6030,Northeast,8235,76.9,0,80.6
6031,West,6569,72.1,1,60.5
6032,South,6384,100.0,0,99.6
6033,Midwest,1858,79.8,0,61.8
6034,South,7348,80.0,0,67.4
6035,West,2166,76.2,1,81.1
6036,West,1650,100.0,0,96.1
6037,South,3876,81.0,0,64.3
6038,Northeast,2188,74.9,0,76.9
6039,Midwest,4351,62.6,1,53.3
6040,Midwest,4706,63.9,1,67.9
6041,West,8759,72.1,0,80.0
6042,Northeast,1452,84.5,0,73.2
6043,Midwest,5607,80.0,0,96.1
6044,South,2925,47.5,1,55.1
6045,South,3817,92.2,0,61.6
6046,Midwest,1579,75.4,0,46.3
6047,South,4018,68.0,0,66.6
6048,West,2812,63.2,0,75.3
6049,Northeast,1700,82.2,0,59.4
6050,Northeast,3937,70.2,0,76.9
6051,Northeast,4452,75.6,0,80.2
6052,West,3057,85.9,0,80.4
6053,Northeast,2488,89.1,0,72.4
6054,West,1545,80.1,0,59.7
6055,Northeast,1446,63.9,1,58.3
6056,Midwest,5464,82.3,0,96.4
6057,West,5600,76.9,0,70.1
6058,Northeast,6432,53.1,1,68.2
6059,Midwest,8904,83.0,1,60.7
6060,South,4175,76.3,0,64.2
6061,West,2586,80.3,0,89.0
6062,Midwest,7450,63.8,1,63.1
6063,Northeast,7415,71.1,1,73.4
6064,West,5262,68.6,1,78.9
6065,South,1406,64.1,0,85.2
6066,South,5052,60.7,0,54.1
6067,Northeast,7321,58.9,1,61.2
6068,West,7442,64.5,0,83.7
6069,West,4703,59.1,1,68.4
6070,West,2849,73.1,0,68.4
6071,West,8735,65.6,0,96.9
6072,West,1661,81.6,0,69.3
6073,South,3935,84.5,0,85.6
6074,Midwest,7729,78.6,0,78.0
6075,South,8603,63.6,1,88.4
6076,Northeast,7319,65.4,1,91.7
6077,Midwest,1461,80.7,0,79.4
6078,West,6456,64.6,0,67.2
6079,Northeast,8847,76.3,0,80.1
6080,West,7969,64.7,0,63.2
6081,South,1812,65.5,0,57.9
6082,Northeast,3710,71.0,0,76.5
6083,Northeast,8338,87.6,0,77.3
6084,South,1741,81.1,0,78.0
6085,Midwest,2728,94.2,0,96.1
6086,West,7750,65.5,0,68.8
6087,West,4873,71.2,0,62.2
6088,West,5879,81.8,0,88.9
6089,Northeast,8840,88.6,0,89.7
6090,Midwest,1528,69.4,0,63.2
6091,Northeast,6608,47.1,1,77.0
6092,Midwest,4384,72.0,0,70.8
6093,South,8368,64.7,1,68.5
6094,West,6755,86.1,0,65.4
6095,Northeast,6321,79.6,0,88.6
6096,Midwest,8850,69.2,1,63.8
6097,Midwest,8098,92.9,0,75.9
6098,West,7698,78.1,0,88.3
6099,South,1601,57.4,0,98.0
6100,South,4023,79.5,0,70.6
6101,West,8467,58.7,1,58.1
6102,West,4451,64.0,1,72.0
6103,Northeast,1401,77.2,0,79.3
6104,Midwest,7424,79.5,0,77.2
6105,Midwest,7025,62.6,0,60.6
6106,Northeast,2997,63.3,0,69.1
6107,Midwest,7774,67.8,0,61.4
6108,Midwest,1540,86.8,0,80.9
6109,Midwest,4795,76.2,0,88.3
6110,West,1265,60.7,1,72.3
6111,South,1987,80.0,0,65.3
6112,Northeast,1426,79.9,0,76.3
6113,Northeast,5348,54.4,1,37.0
6114,Midwest,5670,84.2,0,85.3
6115,Midwest,2688,69.6,0,69.7
6116,Midwest,4332,66.7,1,74.2
6117,Midwest,2051,55.7,1,63.1
6118,West,5594,63.9,1,70.3
6119,Midwest,6118,67.1,0,76.9
6120,Midwest,7508,74.2,0,77.1
6121,West,4303,46.1,1,68.6
6122,Midwest,2724,65.7,0,69.7
6123,South,8129,64.7,0,77.8
6124,West,7252,73.8,0,75.8
6125,South,5610,76.0,0,98.4
6126,West,4228,65.9,1,63.7
6127,Northeast,1447,80.1,0,85.0
6128,Midwest,8151,50.7,1,57.2
6129,Midwest,8298,52.2,1,79.4
6130,West,7677,70.5,0,86.2
6131,West,4641,57.9,1,46.6
6132,Northeast,2683,70.1,0,67.9
6133,West,5471,77.6,0,83.9
6134,Northeast,2381,74.1,0,76.7
6135,West,5286,74.0,0,87.0
6136,South,1319,85.9,0,75.3
6137,South,3858,59.4,0,54.1
6138,Northeast,4941,90.1,0,90.5
6139,Northeast,7040,78.2,0,91.1
6140,Northeast,4803,74.8,0,73.1
6141,Northeast,6025,50.9,1,40.5
6142,Northeast,2908,60.4,1,76.1
6143,Northeast,4829,50.0,1,43.8
6144,Northeast,4090,48.6,1,49.7
6145,Midwest,6776,75.5,1,83.1
6146,Northeast,5254,87.8,1,55.0
6147,Northeast,6679,83.0,0,89.8
6148,Northeast,5926,66.6,1,59.2
6149,Northeast,4769,74.9,0,69.8
6150,Northeast,6205,68.7,0,71.4
6151,South,5750,52.8,1,56.4
6152,Northeast,4973,88.3,0,87.6
6153,West,2364,67.8,0,75.7
6154,Midwest,7645,54.9,1,56.2
6155,South,6467,75.6,0,80.5
6156,Northeast,6205,79.3,0,70.2
6157,West,8515,81.4,0,66.1
6158,Midwest,6156,64.4,0,66.2
6159,Northeast,4493,60.1,1,83.3
6160,South,6225,68.2,1,71.1
6161,South,7628,74.4,0,80.6
6162,Northeast,4783,75.0,0,70.1
6163,West,5373,62.0,0,58.5
6164,South,1315,70.9,0,56.6
6165,Northeast,7832,70.8,0,58.3
6166,Midwest,8391,76.9,0,71.5
6167,West,3642,57.9,1,44.0
6168,Northeast,8827,86.8,0,94.0
6169,Midwest,3050,100.0,0,80.7
6170,Midwest,6368,92.4,0,82.6
6171,Midwest,1987,56.0,0,61.0
6172,South,2048,45.5,1,50.8
6173,Midwest,4195,54.5,1,54.8
6174,Northeast,5125,60.8,1,59.1
6175,South,5198,54.1,1,54.7
6176,Northeast,6523,70.2,1,58.5
6177,Midwest,2899,84.0,0,74.8
6178,South,1880,53.0,1,80.2
6179,Midwest,7990,78.9,0,70.6
6180,Midwest,6925,72.2,0,55.8
6181,Midwest,2083,58.3,0,67.9
6182,Midwest,3784,87.8,0,93.3
6183,South,8664,100.0,0,83.5
6184,West,3890,48.2,1,84.6
6185,South,5812,76.7,1,93.1
6186,Northeast,1565,85.5,0,97.6
6187,South,1749,54.6,1,67.5
6188,West,3368,70.8,0,67.5
6189,Midwest,1354,90.2,0,100.0
6190,Midwest,1590,70.4,1,68.3
6191,West,4523,66.0,0,65.4
6192,Midwest,6914,64.0,0,70.6
6193,Northeast,4319,86.1,0,71.3
6194,Northeast,5390,61.8,0,75.6
6195,Midwest,8306,63.0,1,52.3
6196,Northeast,5387,51.5,1,80.5
6197,Northeast,3883,60.6,1,67.5
6198,Northeast,5487,64.1,0,62.9
6199,South,5093,73.0,0,74.3
6200,West,6507,58.9,0,69.2
6201,South,6610,71.8,0,74.9
6202,Midwest,4992,56.7,1,50.0
6203,South,3228,64.2,1,77.6
6204,South,5060,71.6,0,96.3
6205,South,3335,63.9,0,51.8
6206,West,4415,61.7,1,83.3
6207,South,4745,90.7,0,90.1
6208,Northeast,7798,83.1,0,92.9
6209,Northeast,4570,54.4,1,47.0
6210,South,5315,84.1,0,55.6
6211,South,2942,69.9,0,69.3
6212,South,1917,64.6,0,89.1
6213,West,6818,82.5,0,70.4
6214,Northeast,7894,56.1,1,67.4
6215,South,5620,90.1,0,95.0
6216,Northeast,2661,65.2,0,72.6
6217,West,4094,83.3,0,75.5
6218,Northeast,2756,86.0,0,78.0
6219,West,6402,67.4,0,86.8
6220,Northeast,4711,84.9,0,80.6
6221,Northeast,7245,99.2,0,100.0
6222,Midwest,4862,37.2,1,41.7
6223,Midwest,8767,82.4,0,66.8
6224,West,3303,77.4,0,80.5
6225,West,6651,67.6,0,55.4
6226,West,5454,54.9,1,59.1
6227,Midwest,4640,58.6,1,63.8
6228,Midwest,1902,39.0,1,40.5
6229,West,8190,23.7,1,37.7
6230,South,5239,72.1,1,82.7
6231,West,8707,61.3,1,73.4
6232,Northeast,2195,100.0,0,86.5
6233,Midwest,7061,54.3,1,65.9
6234,Midwest,2953,100.0,0,86.7
6235,Northeast,6248,71.4,0,71.0
6236,South,1261,81.6,0,93.1
6237,Midwest,6889,63.3,1,85.6
6238,West,4014,63.3,0,37.0
6239,South,6594,75.1,0,75.2
6240,Midwest,1557,86.6,0,93.5
6241,South,2745,76.1,0,78.2
6242,West,1390,90.1,0,96.6
6243,Midwest,7514,59.7,1,74.3
6244,West,6462,77.8,0,91.2
6245,South,6734,93.1,0,77.6
6246,South,2870,57.8,1,63.6
6247,Midwest,3055,78.0,0,74.7
6248,West,7759,80.8,0,72.7
6249,South,1534,70.0,0,89.6
6250,Midwest,5400,82.5,0,70.5
6251,South,4955,74.3,0,86.9
6252,South,1605,76.4,0,80.7
6253,West,3853,62.9,0,73.4
6254,Northeast,8385,69.7,0,64.9
6255,Northeast,3483,78.9,0,74.8
6256,West,7588,78.6,0,64.0
6257,Northeast,1442,79.7,0,74.2
6258,Northeast,7473,75.1,0,59.8
6259,Midwest,2220,59.0,1,80.3
6260,South,4525,81.3,0,77.0
6261,West,7605,80.7,0,96.5
6262,Midwest,2146,80.8,0,81.7
6263,Northeast,3710,69.7,1,99.4
6264,Northeast,7490,67.0,0,72.6
6265,Northeast,6461,78.5,0,79.7
6266,Northeast,5416,80.2,0,65.6
6267,West,8616,68.2,1,73.2
6268,Northeast,5733,67.7,1,70.3
6269,South,1775,59.1,1,48.3
6270,Northeast,4802,57.2,1,76.3
6271,Midwest,1256,81.1,0,78.6
6272,South,3790,63.6,0,73.9
6273,West,4573,97.8,0,82.6
6274,Northeast,1915,62.6,1,66.7
6275,Midwest,2263,66.0,1,68.7
6276,Midwest,6968,81.5,0,52.7
6277,West,4912,78.7,0,77.3
6278,Midwest,7908,56.4,1,77.3
6279,South,1892,81.8,1,68.2
6280,South,2804,65.1,0,62.0
6281,West,2891,56.7,1,81.0
6282,South,3986,76.1,0,88.6
6283,South,1835,59.4,1,69.4
6284,Midwest,5133,68.6,0,84.9
6285,Midwest,6232,44.6,1,54.2
6286,Northeast,3311,86.7,0,94.2
6287,South,7165,82.3,0,79.1
6288,Northeast,1671,74.2,0,60.3
6289,Northeast,5967,67.1,0,70.6
6290,West,4785,81.1,0,80.1
6291,South,6566,68.4,0,80.7
6292,Northeast,1372,80.6,0,66.6
6293,West,5382,74.1,0,67.6
6294,Northeast,5443,66.0,0,63.2
6295,Midwest,5067,70.0,1,98.1
6296,South,8645,95.9,0,80.6
6297,West,3648,70.3,0,94.2
6298,Midwest,1938,69.4,0,56.4
6299,Northeast,2291,65.5,1,71.5
6300,Northeast,6075,92.5,0,94.9
6301,Midwest,3484,68.7,0,85.8
6302,Midwest,3644,87.1,0,90.0
6303,Midwest,8522,62.9,1,67.4
6304,Midwest,8047,56.7,1,53.7
6305,Northeast,5381,80.7,0,76.3
6306,Northeast,5491,84.2,0,80.3
6307,Midwest,3128,98.0,0,84.0
6308,Midwest,1416,90.3,0,90.9
6309,South,1756,100.0,0,94.1
6310,West,4313,75.2,0,81.9
6311,West,7535,78.1,0,84.7
6312,West,6283,67.3,0,83.6
6313,Northeast,6692,81.8,0,78.7
6314,Midwest,4820,63.9,1,73.9
6315,Northeast,2636,79.5,0,86.0
6316,Midwest,1667,57.0,0,67.7
6317,South,7590,65.4,0,70.1
6318,South,3898,84.9,0,68.4
6319,West,6106,91.3,0,80.1
6320,West,4295,43.9,1,60.5
6321,South,2687,67.6,1,66.3
6322,West,6360,68.7,0,56.3
6323,West,4492,66.2,1,77.5
6324,Northeast,2379,51.3,1,73.1
6325,South,6703,89.9,0,72.8
6326,West,6461,73.0,0,84.1
6327,Midwest,7719,84.3,0,79.5
6328,West,7640,81.8,0,78.9
6329,West,1616,82.8,0,77.5
6330,West,4791,63.7,1,62.1
6331,West,2080,54.3,1,53.4
6332,Midwest,1338,67.4,1,61.3
6333,South,5411,81.2,0,53.7
6334,Northeast,4432,44.3,1,58.2
6335,Northeast,4390,97.6,0,98.9
6336,West,1649,80.7,0,76.8
6337,West,8106,54.0,0,61.2
6338,Northeast,2116,73.3,0,60.1
6339,South,8207,64.9,0,74.4
6340,South,5062,69.7,1,75.8
6341,West,3467,66.5,0,63.2
6342,Northeast,6011,77.7,0,83.5
6343,Northeast,4069,52.2,1,68.4
6344,Midwest,6079,57.6,1,63.3
6345,Midwest,2316,47.5,1,58.2
6346,Northeast,6891,85.6,0,76.4
6347,West,2694,63.6,0,57.9
6348,West,3696,89.3,0,68.6
6349,Northeast,3180,64.3,0,78.1
6350,South,5827,95.9,0,87.6
6351,Northeast,3889,88.4,0,79.2
6352,Northeast,6053,83.3,0,63.9
6353,Northeast,3910,91.7,0,86.8
6354,Northeast,7061,81.9,0,91.4
6355,South,8773,64.7,0,52.5
6356,Midwest,5635,82.2,0,73.0
6357,Midwest,8393,83.7,0,74.8
6358,Northeast,2043,58.2,0,62.6
6359,Midwest,4291,84.8,0,68.4
6360,West,3546,65.6,1,68.5
6361,Northeast,2144,78.6,0,77.5
6362,Midwest,8745,89.7,0,64.8
6363,Midwest,5704,71.8,0,75.5
6364,Northeast,6854,56.4,1,52.1
6365,West,3373,72.6,0,81.6
6366,Northeast,4459,64.3,0,71.1
6367,West,7444,66.4,1,75.0
6368,Northeast,5237,59.6,1,53.7
6369,West,2914,64.6,0,62.9
6370,Northeast,1489,77.2,0,64.3
6371,South,4790,85.5,0,77.3
6372,Northeast,6426,77.2,0,84.8
6373,West,5891,74.4,0,50.8
6374,West,7932,65.3,0,72.0
6375,West,2350,62.8,1,75.3
6376,Northeast,4707,64.9,1,64.8
6377,South,4033,73.7,0,57.8
6378,West,2120,78.6,0,69.0
6379,West,6649,63.6,1,71.2
6380,West,8804,76.1,0,75.3
6381,Northeast,3982,87.1,0,97.3
6382,Northeast,2998,77.8,0,69.0
6383,Northeast,1251,64.6,1,47.9
6384,West,1986,63.1,1,67.5
6385,Northeast,5859,71.6,0,70.1
6386,Northeast,7421,57.6,1,55.8
6387,Northeast,7039,64.6,0,82.8
6388,South,3208,69.5,1,82.6
6389,West,6221,67.8,0,61.5
6390,South,2480,57.8,0,66.0
6391,West,1286,78.9,0,97.4
6392,Midwest,2316,69.8,0,60.9
6393,Northeast,7771,62.8,0,53.6
6394,Northeast,3083,78.2,0,79.1
6395,West,5043,53.2,1,66.2
6396,West,5141,72.8,0,77.3
6397,Northeast,4563,50.1,1,78.8
6398,South,1360,57.0,1,65.7
6399,West,8201,100.0,0,100.0
6400,West,7686,68.1,1,59.7
6401,Midwest,2597,77.7,0,70.9
6402,Northeast,3397,74.8,0,77.3
6403,West,5389,76.1,0,77.3
6404,Northeast,1585,63.0,1,57.4
6405,Midwest,5005,74.2,0,67.7
6406,West,3140,47.4,1,45.0
6407,Midwest,2043,82.5,0,71.9
6408,West,6115,81.6,0,76.1
6409,Northeast,8468,30.6,1,42.8
6410,Northeast,3876,67.9,1,71.9
6411,Midwest,2645,69.8,1,74.1
6412,Northeast,6757,56.1,1,46.5
6413,Midwest,6949,67.8,0,82.3
6414,West,3392,78.7,0,80.0
6415,South,3933,90.6,0,94.9
6416,West,2197,73.2,0,72.2
6417,Northeast,6519,85.0,0,77.3
6418,Northeast,7902,77.1,0,69.1
6419,West,7290,100.0,0,82.1
6420,Northeast,5955,95.8,0,100.0
6421,South,6719,58.3,1,63.2
6422,Northeast,1798,62.2,0,83.9
6423,Midwest,7109,58.7,1,57.4
6424,Northeast,6298,68.4,0,67.9
6425,Midwest,3332,85.9,0,63.6
6426,South,7576,57.7,1,60.3
6427,South,5756,76.6,0,79.9
6428,Midwest,5755,73.0,0,68.5
6429,Midwest,1622,78.9,0,73.6
6430,South,4176,64.8,1,73.2
6431,West,4544,65.2,1,84.1
6432,Midwest,7400,76.4,0,65.3
6433,West,7277,84.8,0,66.2
6434,Midwest,7388,72.2,0,72.7
6435,Northeast,7726,72.6,1,95.5
6436,West,4289,69.8,0,66.3
6437,South,4024,75.7,0,67.3
6438,West,8692,74.4,0,68.4
6439,West,3578,93.8,0,64.5
6440,West,4326,73.0,1,69.5
6441,West,7409,79.7,0,87.2
6442,West,5455,90.7,0,80.7
6443,Northeast,6519,68.8,0,72.6
6444,South,6417,58.3,1,53.5
6445,West,7069,71.8,0,64.6
6446,Midwest,5524,64.8,0,79.7
6447,Northeast,2165,76.3,0,83.9
6448,West,3415,70.4,0,68.9
6449,South,8199,62.1,1,76.0
6450,Northeast,6521,79.6,0,59.5
6451,Northeast,2560,51.4,1,69.3
6452,Northeast,5805,62.4,1,68.0
6453,West,6975,48.8,1,55.3
6454,Northeast,8342,97.6,0,90.4
6455,Northeast,2027,71.1,0,72.5
6456,Midwest,3945,85.2,0,93.4
6457,South,6468,69.1,1,70.9
6458,West,4657,80.7,0,65.6
6459,Northeast,8525,59.6,1,58.2
6460,Midwest,4780,80.5,0,80.1
6461,Northeast,1618,67.4,0,59.3
6462,South,1782,89.7,0,73.8
6463,Northeast,4332,75.8,0,71.7
6464,Northeast,2896,77.5,0,100.0
6465,Northeast,2111,44.3,1,43.7
6466,Northeast,8164,72.3,0,81.4
6467,Midwest,5062,95.0,0,82.3
6468,Midwest,5422,77.0,0,70.0
6469,Northeast,2908,92.2,0,92.6
6470,South,7876,68.4,1,61.7
6471,Northeast,2698,60.5,0,61.8
6472,South,8771,82.9,0,85.7
6473,Northeast,4015,68.8,0,61.7
6474,South,4083,74.1,0,77.2
6475,West,2540,90.1,0,66.8
6476,Midwest,7489,83.9,0,89.2
6477,Northeast,4462,70.9,0,81.9
6478,South,8056,53.2,1,87.4
6479,South,2328,85.6,0,53.6
6480,Northeast,6330,80.9,0,70.0
6481,Midwest,8026,89.1,0,81.4
6482,Northeast,4335,80.6,0,68.2
6483,South,7275,66.1,0,74.2
6484,South,7530,81.2,0,74.9
6485,Northeast,8076,69.8,1,65.1
6486,Midwest,7834,65.0,0,90.1
6487,West,2576,89.4,0,78.5
6488,West,7976,79.3,0,73.3
6489,West,4418,67.7,1,61.2
6490,Midwest,8313,84.6,0,92.6
6491,South,3531,91.8,0,86.7
6492,South,7799,77.1,0,74.5
6493,Northeast,2021,68.1,0,76.9
6494,Northeast,8688,60.6,1,69.8
6495,Northeast,4007,80.1,0,83.8
6496,Midwest,5659,62.0,1,61.2
6497,West,7709,79.3,0,81.1
6498,Northeast,3022,79.1,0,76.0
6499,Northeast,8693,76.8,0,75.4
6500,Northeast,6059,78.5,0,60.7
6501,West,1380,76.6,0,68.0
6502,South,7063,75.0,1,75.2
6503,West,2397,77.4,0,70.7
6504,Midwest,5660,50.8,1,61.5
6505,West,6747,66.2,0,88.6
6506,West,6239,59.8,1,74.7
6507,West,7711,79.5,0,70.5
6508,West,4428,74.1,0,64.6
6509,Midwest,4928,54.6,1,65.5
6510,Northeast,8948,82.3,0,91.1
6511,Northeast,5741,78.4,0,60.0
6512,South,8989,71.8,0,80.1
6513,West,8224,70.2,1,78.5
6514,Northeast,7927,73.5,0,71.4
6515,Northeast,7600,68.8,0,72.3
6516,Northeast,4707,71.8,0,68.6
6517,West,4862,84.2,0,78.6
6518,Midwest,8880,68.5,0,65.3
6519,Northeast,4837,62.8,0,71.9
6520,West,8648,78.0,0,81.7
6521,South,2791,63.7,1,60.0
6522,West,7566,40.3,1,51.8
6523,South,7577,61.6,0,77.1
6524,Northeast,5098,82.2,0,64.8
6525,Midwest,7043,71.9,0,73.0
6526,West,1700,62.6,0,62.6
6527,Northeast,7210,74.0,0,78.2
6528,Midwest,3318,82.6,0,76.8
6529,South,1913,82.3,0,85.7
6530,Northeast,2062,69.4,0,77.2
6531,South,5609,71.3,0,67.9
6532,West,7291,47.1,1,72.5
6533,South,3574,73.4,0,63.7
6534,Northeast,3528,71.6,1,69.4
6535,South,5743,68.7,1,62.4
6536,Midwest,8532,75.3,0,86.6
6537,South,3461,70.2,0,81.6
6538,Midwest,2681,79.5,0,72.5
6539,Northeast,7007,89.1,0,64.1
6540,South,8657,80.5,1,83.3
6541,South,3326,79.1,0,74.5
6542,South,7686,85.5,0,84.0
6543,Midwest,8662,54.8,1,64.5
6544,Northeast,8370,74.6,0,86.3
6545,West,7029,73.4,0,64.4
6546,West,7284,74.6,0,69.2
6547,Midwest,5357,69.7,1,57.2
6548,Northeast,2686,78.6,0,62.2
6549,South,6001,76.9,0,76.6
6550,South,1519,97.3,0,91.6
6551,Northeast,3239,79.1,0,70.1
6552,Midwest,8485,93.3,0,71.8
6553,West,1256,54.5,1,83.4
6554,Northeast,7636,84.7,0,74.3
6555,South,3490,74.3,0,61.9
6556,Midwest,6925,48.2,1,60.7
6557,Midwest,8769,77.1,0,62.4
6558,South,6385,69.6,0,82.2
6559,West,7600,73.4,0,74.2
6560,Midwest,1836,86.3,1,93.9
6561,Northeast,4489,84.7,0,86.0
6562,Midwest,3004,70.8,1,68.3
6563,Northeast,6774,68.3,1,75.5
6564,South,6644,98.2,0,85.1
6565,South,3116,82.8,0,74.0
6566,Midwest,7779,77.0,0,71.4
6567,South,4240,69.2,1,58.3
6568,West,3206,76.2,1,64.7
6569,West,5802,82.8,0,91.2
6570,South,8406,67.1,1,72.3
6571,West,8329,69.1,0,60.9
6572,South,7390,72.1,0,73.1
6573,South,3569,56.5,1,77.6
6574,West,5635,76.1,0,77.0
6575,West,5131,67.3,1,71.3
6576,South,1255,64.1,0,76.3
6577,Midwest,8733,60.5,1,64.7
6578,West,7445,75.5,0,77.3
6579,South,2592,72.6,0,75.8
6580,South,1657,50.0,1,61.4
6581,Midwest,2572,73.6,0,61.9
6582,South,4955,73.1,0,81.8
6583,Northeast,7081,90.9,0,80.2
6584,Northeast,8358,58.3,0,68.0
6585,West,4436,54.4,1,61.4
6586,South,6055,77.9,0,51.0
6587,Midwest,8569,73.3,0,70.9
6588,Northeast,4671,74.7,0,71.2
6589,Midwest,2879,59.0,0,62.0
6590,South,2584,65.5,0,69.7
6591,South,6622,52.3,1,55.9
6592,Northeast,7570,93.6,0,84.9
6593,Midwest,5032,87.1,0,92.0
6594,West,3272,60.6,0,48.8
6595,Northeast,1980,51.5,1,60.1
6596,West,4758,64.5,0,70.2
6597,Northeast,4649,88.2,0,93.0
6598,West,7448,72.4,0,65.5
6599,Northeast,8612,64.5,0,63.0
6600,South,8675,80.6,0,77.3
6601,West,7925,74.2,0,80.5
6602,West,2320,75.7,0,77.9
6603,West,2208,68.4,0,70.7
6604,Northeast,2476,85.2,0,68.2
6605,West,7448,78.5,0,80.4
6606,Northeast,2489,67.5,0,66.6
6607,Northeast,5248,57.7,0,57.2
6608,Northeast,8830,83.2,0,70.2
6609,Northeast,4424,54.6,1,58.2
6610,Northeast,1684,78.8,0,77.7
6611,Midwest,1603,54.9,1,87.8
6612,Northeast,5895,81.8,0,74.4
6613,South,1670,83.0,0,70.4
6614,Midwest,7530,85.7,0,67.4
6615,Midwest,1412,69.4,0,69.9
6616,South,7953,84.3,0,79.8
6617,South,2626,67.3,0,80.9
6618,South,8637,60.8,0,70.9
6619,Northeast,4140,79.1,0,89.4
6620,South,2724,76.8,0,78.8
6621,West,4648,64.5,1,69.6
6622,Midwest,6170,65.6,1,58.4
6623,West,8877,44.6,1,41.4
6624,South,3622,59.0,1,69.8
6625,Midwest,7781,55.1,0,69.8
6626,Midwest,2725,78.4,0,94.2
6627,South,2958,84.4,0,80.2
6628,West,2351,76.3,0,80.0
6629,South,4297,95.1,0,64.7
6630,Midwest,2461,48.4,1,52.0
6631,Northeast,6248,76.4,0,86.3
6632,South,5573,72.1,0,66.3
6633,South,3975,62.0,1,50.3
6634,Midwest,6521,67.3,0,62.7
6635,Northeast,4610,77.3,0,75.1
6636,South,6804,77.6,0,82.1
6637,West,1446,61.3,0,73.4
6638,Northeast,1723,72.6,1,87.5
6639,Midwest,6156,79.3,0,74.7
6640,West,2335,61.6,1,69.3
6641,West,5645,52.0,1,69.4
6642,Midwest,1863,83.1,0,75.6
6643,South,5582,69.0,0,58.7
6644,South,1594,86.7,0,87.5
6645,West,1967,53.9,1,64.1
6646,Midwest,4754,78.0,0,77.8
6647,Northeast,5617,81.7,0,89.8
6648,South,3690,75.2,0,80.2
6649,South,4124,62.8,0,79.2
6650,Midwest,2692,70.0,1,70.8
6651,South,2339,69.6,0,60.2
6652,South,2459,89.1,0,80.0
6653,South,7352,70.2,0,60.7
6654,Midwest,3626,82.6,0,90.6
6655,Midwest,4824,69.6,0,62.0
6656,Midwest,4036,43.1,1,38.0
6657,West,4515,58.4,1,65.8
6658,West,6349,68.1,0,70.8
6659,Midwest,6047,71.3,1,67.7
6660,West,4348,60.8,1,48.8
6661,South,5383,80.7,0,79.1
6662,West,5672,80.9,0,71.0
6663,South,3494,56.0,1,66.4
6664,West,3306,70.4,1,79.3
6665,Midwest,7618,75.1,1,67.3
6666,Northeast,1821,68.7,0,80.6
6667,Northeast,4577,48.9,1,34.7
6668,South,1231,78.2,0,91.7
6669,Midwest,7038,80.7,0,60.3
6670,Northeast,2263,70.5,0,74.6
6671,Northeast,6200,76.9,0,68.8
6672,South,2806,70.7,1,68.8
6673,West,1358,81.2,0,77.4
6674,South,1688,51.3,1,50.5
6675,South,8122,83.5,0,92.8
6676,Midwest,6399,61.2,1,85.9
6677,South,4055,82.0,0,73.9
6678,South,2549,84.8,1,84.6
6679,South,3192,67.8,0,62.5
6680,Northeast,6825,69.7,0,67.2
6681,West,8867,64.2,0,76.4
6682,Northeast,3720,84.3,0,81.8
6683,South,8097,78.4,0,90.2
6684,Midwest,7391,53.1,1,50.5
6685,South,1529,58.4,1,56.9
6686,South,4215,86.4,0,84.8
6687,Midwest,3625,71.9,0,80.1
6688,Northeast,2809,55.6,1,54.3
6689,West,4974,77.7,0,69.6
6690,Northeast,8417,57.0,1,64.0
6691,South,5791,69.1,1,85.6
6692,West,8837,73.1,0,63.8
6693,West,1541,85.9,0,93.6
6694,South,4181,77.3,1,67.7
6695,Northeast,8690,78.0,1,60.3
6696,South,7917,71.5,1,70.7
6697,Midwest,6014,83.6,0,78.4
6698,Midwest,4497,48.6,1,43.8
6699,Midwest,3110,62.3,0,73.2
6700,Midwest,5515,63.9,0,64.3
6701,South,5036,65.7,0,79.3
6702,South,6870,71.0,0,71.3
6703,Midwest,7557,81.3,0,83.0
6704,Northeast,5989,69.4,1,84.0
6705,Midwest,5683,77.0,0,67.1
6706,South,8601,66.7,1,85.8
6707,Midwest,8495,89.7,0,89.3
6708,West,5043,96.4,0,84.5
6709,South,6194,81.0,0,78.8
6710,South,6507,94.2,0,90.9
6711,Midwest,3306,70.9,1,78.1
6712,West,5748,71.9,0,70.0
6713,Northeast,1665,70.3,0,59.4
6714,Northeast,5336,64.9,0,57.7
6715,South,4686,74.6,0,65.7
6716,Northeast,6873,88.7,0,73.7
6717,West,7320,56.3,1,64.0
6718,Northeast,2885,80.8,0,85.3
6719,Midwest,4265,58.7,0,65.0
6720,Northeast,3467,65.1,0,79.3
6721,West,2946,65.3,0,45.9
6722,Midwest,8800,63.8,0,63.4
6723,Northeast,6439,58.8,1,51.0
6724,Northeast,8423,81.0,0,84.9
6725,West,8180,76.4,0,59.1
6726,South,5439,61.3,0,73.0
6727,South,7173,58.2,0,59.3
6728,Northeast,3199,76.3,0,89.4
6729,West,7122,75.2,0,67.4
6730,South,3444,54.7,1,37.8
6731,South,6050,80.7,0,66.7
6732,Midwest,8275,86.0,0,80.2
6733,South,6786,69.4,0,55.4
6734,South,2790,85.9,0,81.0
6735,Northeast,7318,61.7,1,71.6
6736,Northeast,1377,50.3,1,55.4
6737,South,5423,72.4,0,73.7
6738,South,8201,70.7,0,82.0
6739,Midwest,6068,61.1,1,82.0
6740,Northeast,1653,65.6,1,61.3
6741,Midwest,7595,66.8,0,80.3
6742,Northeast,6508,64.9,1,46.3
6743,Northeast,5439,76.2,0,87.1
6744,South,3851,82.6,0,79.0
6745,Midwest,4365,77.4,0,90.6
6746,West,5615,87.3,0,79.1
6747,Northeast,3309,72.8,0,69.0
6748,Midwest,4800,63.2,1,73.4
6749,Midwest,3799,65.8,0,60.5
6750,Midwest,5967,50.2,1,60.5
6751,South,5411,58.2,1,52.1
6752,West,2903,60.7,1,59.7
6753,West,5982,78.0,0,73.1
6754,South,7268,51.5,1,58.4
6755,Midwest,8439,67.2,1,59.3
6756,Northeast,5487,76.2,0,74.8
6757,South,6941,80.4,1,91.4
6758,South,4710,68.0,1,85.2
6759,Northeast,4151,82.3,0,92.9
6760,South,4347,53.1,1,54.1
6761,Northeast,6150,75.8,0,86.6
6762,West,4773,78.6,0,89.8
6763,Midwest,2710,73.9,0,75.1
6764,Northeast,4705,67.4,0,66.9
6765,West,3538,51.3,1,50.7
6766,Midwest,4012,67.5,1,65.5
6767,Midwest,5981,58.8,1,80.2
6768,West,3002,61.1,0,69.9
6769,Midwest,2208,75.2,1,73.8
6770,West,5790,62.0,1,63.8
6771,Northeast,4413,61.1,1,48.6
6772,West,3919,85.3,0,100.0
6773,Midwest,4382,52.0,1,40.7
6774,Northeast,4428,65.0,0,62.2
6775,Northeast,7973,79.5,0,94.6
6776,South,2890,69.1,0,61.3
6777,South,8311,73.9,0,59.7
6778,Northeast,1679,95.6,0,100.0
6779,South,3963,40.9,1,51.6
6780,West,7389,74.9,0,77.4
6781,Northeast,2191,59.0,0,59.2
6782,West,8339,59.3,0,59.9
6783,Midwest,7721,70.1,0,65.2
6784,Northeast,1963,66.1,0,62.2
6785,Northeast,6010,74.4,0,67.9
6786,Midwest,3366,71.5,0,73.6
6787,Northeast,8462,81.7,0,83.0
6788,West,1368,54.1,1,79.5
6789,Midwest,7479,68.1,1,69.0
6790,Midwest,8411,98.1,0,91.9
6791,Midwest,5005,80.7,0,89.4
6792,South,4264,45.6,1,48.0
6793,Midwest,3149,73.0,0,73.3
6794,Midwest,1701,66.4,0,80.3
6795,Northeast,8213,79.5,0,81.0
6796,Midwest,7418,51.1,1,58.9
6797,West,6283,70.7,1,68.7
6798,Northeast,6107,87.2,0,82.4
6799,Midwest,2558,100.0,0,99.3
6800,Midwest,3370,81.3,0,100.0
6801,Midwest,2680,78.5,0,86.9
6802,Midwest,3909,61.6,0,67.4
6803,Midwest,5070,63.5,1,63.3
6804,West,5791,66.2,1,72.3
6805,West,7052,93.0,0,93.8
6806,Northeast,5048,64.4,0,46.1
6807,Northeast,4572,63.8,0,73.2
6808,South,1981,60.1,1,61.0
6809,West,2415,84.1,0,63.7
6810,West,6372,89.4,0,68.0
6811,Northeast,3803,70.3,1,77.3
6812,West,4665,69.4,0,60.0
6813,Midwest,5099,63.2,1,67.7
6814,West,3670,70.8,0,58.1
6815,West,7201,73.9,0,89.6
6816,South,8136,70.2,0,61.6
6817,South,5588,74.4,0,81.1
6818,West,1972,100.0,0,91.7
6819,West,3765,62.4,0,78.9
6820,West,5649,59.1,1,58.7
6821,South,3284,84.9,0,73.2
6822,Northeast,7608,55.8,1,64.2
6823,South,5613,79.1,0,75.6
6824,Northeast,4048,88.0,0,83.4
6825,Northeast,3065,91.3,0,64.4
6826,Midwest,6470,77.0,0,62.2
6827,Midwest,2616,69.2,0,38.1
6828,South,6579,58.9,1,68.3
6829,South,2822,74.3,0,57.7
6830,West,2385,70.6,0,66.8
6831,Northeast,7240,82.1,0,68.8
6832,Northeast,5275,65.1,0,62.1
6833,Northeast,8030,70.9,0,66.9
6834,South,2093,70.5,0,60.6
6835,Midwest,2769,87.9,0,72.7
6836,Midwest,5728,46.2,1,56.7
6837,Midwest,5733,74.3,0,72.5
6838,South,1340,68.8,0,70.3
6839,Northeast,4236,72.8,0,85.8
6840,Midwest,5770,62.9,1,74.7
6841,Northeast,6983,76.7,0,72.8
6842,West,4403,82.8,0,81.0
6843,South,3085,60.9,1,71.7
6844,South,7389,52.6,1,64.3
6845,Northeast,2352,69.3,0,56.2
6846,Midwest,8423,66.0,0,68.3
6847,South,7135,77.8,0,78.8
6848,Northeast,4392,68.2,1,74.3
6849,West,1380,52.8,1,77.6
6850,South,3303,81.2,0,85.1
6851,Northeast,5328,78.0,0,75.1
6852,Northeast,1589,73.5,1,77.7
6853,Northeast,6730,53.6,1,61.4
6854,Northeast,8139,72.4,0,63.8
6855,South,2071,61.6,1,61.6
6856,Midwest,4303,93.1,0,89.5
6857,West,7039,63.2,1,70.8
6858,South,3242,62.3,0,58.3
6859,West,1411,78.9,0,66.0
6860,South,4253,57.8,1,62.9
6861,West,4344,71.1,0,79.5
6862,West,7092,75.0,0,74.1
6863,Northeast,8055,85.5,1,79.2
6864,South,5133,72.7,0,69.8
6865,Midwest,2840,90.6,0,89.7
6866,South,7045,72.4,0,79.3
6867,South,5309,55.6,1,50.8
6868,Midwest,5875,79.1,0,73.4
6869,Northeast,4115,60.9,1,65.8
6870,Midwest,4187,55.9,1,54.4
6871,West,2956,70.6,0,62.7
6872,South,2942,64.8,0,59.4
6873,South,8624,94.4,0,84.9
6874,South,4448,82.3,0,77.0
6875,Midwest,7747,73.7,0,81.0
6876,West,8207,90.8,0,92.5
6877,West,3793,64.8,0,75.2
6878,South,7061,85.3,0,65.5
6879,Northeast,4663,63.2,0,59.3
6880,Midwest,6752,71.4,0,73.9
6881,Midwest,4615,100.0,0,90.7
6882,South,3522,72.6,0,73.5
6883,West,4843,50.7,1,60.2
6884,West,3342,69.5,0,60.4
6885,Northeast,2927,67.4,1,70.3
6886,Midwest,7057,69.9,0,71.0
6887,Northeast,4632,65.4,1,69.1
6888,Northeast,2142,83.5,0,70.4
6889,West,6982,84.6,0,61.8
6890,West,2379,75.5,1,92.3
6891,Northeast,7363,72.9,1,79.6
6892,Midwest,4416,85.8,0,79.2
6893,West,5092,67.5,1,81.1
6894,Northeast,6266,50.7,1,59.8
6895,Midwest,7624,66.1,0,60.0
6896,Midwest,4951,54.8,1,55.2
6897,South,7991,69.5,0,62.0
6898,Northeast,2166,76.5,0,88.7
6899,Midwest,1604,86.2,0,88.9
6900,Northeast,3714,82.8,0,78.7
6901,Northeast,2689,81.4,0,69.9
6902,Midwest,8009,71.5,1,79.0
6903,Midwest,6924,72.6,1,75.4
6904,West,1797,85.8,0,79.6
6905,West,4650,71.5,0,73.0
6906,Midwest,4860,70.5,0,58.9
6907,West,4095,75.1,1,100.0
6908,Northeast,7130,63.7,1,83.8
6909,Northeast,4649,80.1,0,76.8
6910,Midwest,3231,52.8,1,59.3
6911,Northeast,2442,73.7,0,83.3
6912,Northeast,4577,81.1,0,83.3
6913,Northeast,1736,54.8,1,67.8
6914,West,4639,70.6,0,67.3
6915,West,5945,73.6,0,64.7
6916,West,7453,73.6,0,81.6
6917,West,3405,65.9,0,57.6
6918,Northeast,2402,58.9,1,47.7
6919,Northeast,4601,78.8,0,80.9
6920,Northeast,6002,64.8,0,63.1
6921,South,6008,74.6,0,79.8
6922,Midwest,7001,95.1,0,66.3
6923,Midwest,3908,63.0,1,54.7
6924,Midwest,5094,62.2,1,66.1
6925,West,3041,79.6,0,77.8
6926,Northeast,1303,65.6,1,70.8
6927,Northeast,6494,55.2,0,55.1
6928,Midwest,5754,66.9,0,68.5
6929,Midwest,1663,70.7,0,81.7
6930,West,6184,91.0,0,87.4
6931,Northeast,8272,89.2,0,81.9
6932,South,4682,72.9,0,76.9
6933,Midwest,5593,67.4,1,84.3
6934,Midwest,2819,75.3,0,72.8
6935,South,5885,79.3,0,58.8
6936,West,7841,89.2,0,83.5
6937,South,8190,61.3,1,56.0
6938,West,6774,62.6,0,63.9
6939,West,7103,89.0,0,65.7
6940,South,3532,75.2,0,100.0
6941,Midwest,1223,48.1,1,69.7
6942,Midwest,7416,78.8,0,85.1
6943,South,7906,72.1,0,54.2
6944,West,3420,73.8,0,75.4
6945,West,3557,70.5,0,64.5
6946,Northeast,8785,77.9,0,68.9
6947,South,8955,61.3,0,66.4
6948,West,7639,86.5,0,77.3
6949,West,4808,79.7,0,82.7
6950,Midwest,1507,68.8,1,75.0
6951,West,7185,69.2,1,77.2
6952,Midwest,2925,74.2,0,74.2
6953,South,7695,81.5,0,72.7
6954,West,6635,83.3,0,88.1
6955,Midwest,4290,77.6,1,72.2
6956,Midwest,6695,72.5,0,71.3
6957,South,3051,58.9,1,60.1
6958,Midwest,7051,74.2,0,71.3
6959,West,7779,72.3,0,81.3
6960,Northeast,7919,66.3,1,62.5
6961,West,4685,79.3,1,67.6
6962,Northeast,2105,64.4,1,79.9
6963,Northeast,1488,73.9,0,62.0
6964,Midwest,2468,84.0,0,84.0
6965,Northeast,3676,44.3,1,58.2
6966,West,5290,68.5,0,93.7
6967,South,2330,87.8,0,83.4
6968,South,5496,74.7,0,71.7
6969,Midwest,4453,94.4,0,79.2
6970,Midwest,1730,61.2,1,65.0
6971,West,5426,59.3,1,62.0
6972,South,2267,69.8,1,72.4
6973,South,8506,58.2,1,61.4
6974,Northeast,5564,60.6,0,61.0
6975,South,6080,57.8,1,74.2
6976,Northeast,7276,60.3,1,61.1
6977,Midwest,5975,36.8,1,58.9
6978,South,2985,77.1,0,83.1
6979,South,7278,68.5,1,71.1
6980,Midwest,8223,64.9,0,89.3
6981,Northeast,3838,78.3,0,66.6
6982,Midwest,2120,71.0,0,56.7
6983,Northeast,4890,56.6,1,74.3
6984,West,7340,74.7,0,69.9
6985,West,8632,73.1,1,73.3
6986,Midwest,6858,86.5,0,85.3
6987,Northeast,5910,86.4,0,64.2
6988,Midwest,4041,80.2,0,73.4
6989,West,8027,74.9,0,93.5
6990,Northeast,5186,64.1,0,88.5
6991,Midwest,5009,69.5,0,69.1
6992,West,7033,81.8,0,78.0
6993,Midwest,3854,75.4,0,68.1
6994,South,3715,85.8,0,81.3
6995,South,5768,78.9,0,81.2
6996,South,1669,66.2,0,74.4
6997,Northeast,4800,63.3,1,52.6
6998,Northeast,5358,72.3,1,68.4
6999,Midwest,2271,66.7,0,73.4
7000,West,4438,57.8,1,71.3
7001,West,8677,74.9,0,66.3
7002,South,1589,64.0,0,56.8
7003,West,1984,82.3,0,78.7
7004,Northeast,5576,65.8,1,70.2
7005,Midwest,8396,69.2,1,87.7
7006,South,6441,66.1,1,60.5
7007,West,2152,55.2,1,57.2
7008,Midwest,5207,73.3,0,92.9
7009,Northeast,8169,58.6,1,57.1
7010,South,7964,81.1,0,81.1
7011,South,6544,70.6,0,63.0
7012,Northeast,1923,79.0,0,74.3
7013,South,1296,53.6,1,59.0
7014,Northeast,4266,53.5,0,56.7
7015,Northeast,5935,66.6,0,75.8
7016,Northeast,6180,54.7,1,68.1
7017,West,7656,62.8,0,50.7
7018,West,3688,76.3,0,73.5
7019,South,3713,60.6,0,64.7
7020,Northeast,6557,45.3,1,53.2
7021,Midwest,5439,70.3,0,65.7
7022,West,5138,65.5,0,62.1
7023,South,5068,79.6,0,75.0
7024,Northeast,2592,65.1,0,63.9
7025,Midwest,1830,69.7,0,48.7
7026,Northeast,3045,77.4,0,92.2
7027,West,6748,94.9,0,92.2
7028,West,2029,38.3,1,47.5
7029,West,3296,66.2,0,79.3
7030,Northeast,7557,84.0,0,69.8
7031,Northeast,3939,79.1,0,73.5
7032,West,7118,56.3,1,65.4
7033,Midwest,2616,70.3,0,65.1
7034,Midwest,1876,70.0,0,71.1
7035,West,1764,69.0,0,85.6
7036,Northeast,1806,76.9,0,72.6
7037,Midwest,1683,65.8,1,64.4
7038,Northeast,2156,82.0,0,76.9
7039,Northeast,7816,58.8,0,61.6
7040,West,5439,67.8,0,90.3
7041,Midwest,6385,78.6,0,81.6
7042,Midwest,8844,61.6,1,61.2
7043,West,6998,68.9,0,63.3
7044,Northeast,2441,99.5,0,87.1
7045,West,5483,52.9,1,61.3
7046,West,8611,76.1,0,81.4
7047,West,7744,50.4,1,61.0
7048,South,3928,83.8,0,90.4
7049,South,5584,67.8,1,64.0
7050,Midwest,6290,50.3,1,68.9
7051,West,2898,74.5,0,87.1
7052,West,3663,93.2,0,76.9
7053,Northeast,5444,70.0,1,59.2
7054,South,1422,78.3,1,79.9
7055,Midwest,4731,77.7,0,71.2
7056,South,3682,67.0,0,75.3
7057,West,7241,77.5,0,67.0
7058,Northeast,6832,61.1,0,68.0
7059,Northeast,4248,100.0,0,94.5
7060,Northeast,7406,68.7,0,75.7
7061,West,8899,90.6,0,79.7
7062,South,6000,34.1,1,42.1
7063,West,2901,66.0,0,77.3
7064,West,6715,47.3,1,40.5
7065,South,2485,65.1,1,59.5
7066,Midwest,4599,68.4,0,84.1
7067,South,7984,82.9,0,70.9
7068,Northeast,4284,66.8,1,75.8
7069,Midwest,8221,60.1,0,72.3
7070,Midwest,3551,65.6,0,76.1
7071,South,1456,47.9,1,60.3
7072,Midwest,5403,67.7,0,77.9
7073,West,8837,89.1,0,84.1
7074,South,6265,69.5,1,34.7
7075,Midwest,1595,70.9,1,62.4
7076,Northeast,6151,66.8,0,53.9
7077,South,2764,86.4,0,78.8
7078,West,8439,69.1,1,82.1
7079,South,8021,83.9,0,73.7
7080,Northeast,3821,72.8,0,69.8
7081,Midwest,5956,49.3,1,47.4
7082,Midwest,4594,53.9,1,67.5
7083,Northeast,2548,80.8,0,60.5
7084,Midwest,8645,87.9,0,86.1
7085,Northeast,2889,74.5,0,64.8
7086,West,5298,81.3,0,81.7
7087,Midwest,2412,65.4,1,62.1
7088,West,5970,80.0,0,82.0
7089,Midwest,2111,78.3,0,83.0
7090,South,2963,54.9,1,56.7
7091,South,4590,80.5,0,69.7
7092,Northeast,1204,77.8,0,79.7
7093,Midwest,4849,72.4,0,44.4
7094,South,2538,64.2,1,59.3
7095,West,2144,89.9,0,91.9
7096,Northeast,1729,74.2,0,85.2
7097,Northeast,1239,81.5,0,80.0
7098,Midwest,8743,89.2,0,84.2
7099,West,8000,71.8,0,76.3
7100,Northeast,8518,64.8,0,64.0
7101,Midwest,3699,66.4,0,76.7
7102,South,7464,78.0,0,70.5
7103,West,1895,80.8,0,68.4
7104,Midwest,4109,77.3,0,81.8
7105,South,6756,64.2,0,52.9
7106,West,4545,79.4,0,79.8
7107,South,6080,85.0,0,81.1
7108,South,6803,70.4,0,62.9
7109,South,7156,76.2,0,63.2
7110,Midwest,6275,65.2,1,56.3
7111,Northeast,5913,67.3,1,52.8
7112,South,1494,76.1,0,79.2
7113,West,8752,46.4,1,32.0
7114,Northeast,4734,59.8,1,71.5
7115,Northeast,8604,94.6,0,96.6
7116,South,4555,70.2,0,62.7
7117,West,2488,64.1,1,63.2
7118,South,2865,70.4,0,69.0
7119,Northeast,7889,80.3,0,75.5
7120,Midwest,7139,81.9,1,68.8
7121,Northeast,4100,90.5,0,86.6
7122,West,4433,74.2,0,86.8
7123,Midwest,7124,64.0,0,59.2
7124,South,7236,75.8,0,72.5
7125,Midwest,1951,74.1,0,70.0
7126,South,4117,67.5,0,61.9
7127,South,6010,65.4,0,72.8
7128,West,7560,79.4,0,67.2
7129,West,1279,64.3,0,79.8
7130,Midwest,6172,64.2,0,65.5
7131,Northeast,4133,73.3,0,81.2
7132,Northeast,1968,86.1,0,79.8
7133,Midwest,3316,71.3,0,61.8
7134,Midwest,1521,67.7,0,70.5
7135,South,7138,79.0,0,56.8
7136,South,4100,88.4,0,84.3
7137,South,8925,84.5,0,76.9
7138,West,1696,58.2,0,57.8
7139,Northeast,8489,68.4,0,73.1
7140,South,1711,79.6,0,59.0
7141,South,7146,83.1,0,75.1
7142,West,1998,76.5,0,73.6
7143,West,1417,70.0,0,64.0
7144,Northeast,5329,83.7,0,89.1
7145,Northeast,5699,64.0,1,56.1
7146,West,5199,79.4,0,83.5
7147,Northeast,5292,65.6,0,76.1
7148,West,5602,74.0,0,60.1
7149,Northeast,1705,58.1,1,44.2
7150,West,5498,55.0,1,62.4
7151,Midwest,5798,69.8,0,65.0
7152,West,4784,87.6,0,68.0
7153,West,5174,77.1,0,81.8
7154,West,4397,77.1,0,78.0
7155,South,6174,82.6,0,84.9
7156,Northeast,4164,56.6,1,74.1
7157,Midwest,3710,75.2,0,70.2
7158,Northeast,4349,64.3,0,66.9
7159,Northeast,6264,70.6,1,75.0
7160,Midwest,4193,58.5,1,59.5
7161,Midwest,2888,81.8,0,74.5
7162,Northeast,1791,81.2,1,67.6
7163,South,2225,73.4,0,69.8
7164,South,8070,77.8,0,83.7
7165,Midwest,6232,67.3,0,64.9
7166,Midwest,6663,75.3,0,73.2
7167,South,4233,89.3,0,82.9
7168,Midwest,8104,60.7,1,72.1
7169,South,3343,92.3,0,75.5
7170,South,7910,58.7,0,58.1
7171,Midwest,3698,70.9,0,78.1
7172,West,6781,70.4,0,84.3
7173,West,7018,44.4,1,45.3
7174,Midwest,8786,71.5,1,93.2
7175,West,2188,62.7,0,65.5
7176,Northeast,5330,78.0,0,79.7
7177,Northeast,3169,67.0,0,75.4
7178,Northeast,3337,78.7,0,70.7
7179,South,4882,72.5,0,82.6
7180,South,6219,78.8,0,65.2
7181,West,3156,76.9,0,75.6
7182,South,7289,51.1,1,56.2
7183,South,8221,69.9,0,80.2
7184,Midwest,7595,61.6,0,82.1
7185,Midwest,4128,60.0,1,70.6
7186,West,5236,72.7,0,79.0
7187,South,5579,77.3,0,84.8
7188,West,8144,73.3,1,90.4
7189,West,2269,81.9,0,89.6
7190,Northeast,2389,82.1,0,70.0
7191,West,4513,59.4,0,57.9
7192,Midwest,8864,59.6,1,55.2
7193,West,5339,71.1,0,60.4
7194,South,1596,65.5,1,69.6
7195,Midwest,1839,78.4,0,60.9
7196,Northeast,1592,69.8,0,63.0
7197,South,3748,80.3,0,94.4
7198,West,3384,67.3,0,75.5
7199,West,5185,75.1,1,61.7
7200,West,4619,71.6,0,91.9
7201,Northeast,6609,83.1,0,74.4
7202,South,4738,79.4,0,75.2
7203,Midwest,8076,74.2,0,54.1
7204,West,6811,80.8,0,77.1
7205,West,8442,83.7,0,77.7
7206,Midwest,8891,60.2,0,68.7
7207,Northeast,5349,69.1,0,79.1
7208,Northeast,8605,55.2,1,49.6
7209,Midwest,3938,86.3,0,94.0
7210,South,6864,75.5,1,80.0
7211,West,2955,82.8,0,98.3
7212,Northeast,8934,66.1,0,63.7
7213,Northeast,8125,58.6,1,48.5
7214,Northeast,7893,75.7,0,67.5
7215,West,3863,75.5,0,86.0
7216,West,5664,70.1,0,86.9
7217,Midwest,6554,63.0,1,69.0
7218,Midwest,7190,58.1,1,64.1
7219,South,1563,89.2,0,82.5
7220,Midwest,8902,70.4,0,71.2
7221,South,7303,79.5,0,61.7
7222,South,6897,81.1,0,70.9
7223,West,5262,74.2,0,74.0
7224,West,7025,82.1,0,68.9
7225,Midwest,7525,86.3,0,82.7
7226,Midwest,3047,76.7,0,73.5
7227,West,8428,52.4,1,53.4
7228,West,6805,63.0,0,84.6
7229,Midwest,7569,75.9,0,73.0
7230,Midwest,1797,84.1,0,90.2
7231,Northeast,6384,84.4,0,83.6
7232,West,3050,77.8,0,74.8
7233,Northeast,2333,61.5,0,80.3
7234,Midwest,2768,82.9,0,93.1
7235,Midwest,6392,77.6,0,69.9
7236,Northeast,2957,83.5,0,82.6
7237,Midwest,7404,92.2,0,72.3
7238,Northeast,3894,77.9,0,85.8
7239,West,8539,67.5,0,80.5
7240,West,2544,73.9,0,82.5
7241,South,4013,62.5,0,90.9
7242,West,7673,86.4,0,93.2
7243,West,2390,72.6,0,51.5
7244,South,6886,74.4,0,63.7
7245,South,5209,92.3,0,80.8
7246,Northeast,7699,69.8,1,67.4
7247,Midwest,2013,74.7,0,83.1
7248,Northeast,8514,78.0,0,57.3
7249,West,7881,70.0,0,63.0
7250,West,1663,56.2,1,63.9
7251,West,8301,67.9,0,64.9
7252,West,5103,73.7,0,76.4
7253,South,4076,63.9,1,72.3
7254,Midwest,1340,76.6,0,61.1
7255,South,7884,66.2,0,76.5
7256,West,2137,91.2,0,84.5
7257,West,3826,48.1,1,47.5
7258,Northeast,8953,75.9,0,73.8
7259,West,6624,45.9,1,49.2
7260,Northeast,1642,72.9,0,79.5
7261,Northeast,7993,55.3,0,53.4
7262,Midwest,3296,68.1,0,71.7
7263,West,1794,68.2,0,54.0
7264,Midwest,1745,78.4,0,75.7
7265,Northeast,5602,47.3,1,62.9
7266,Midwest,8055,62.4,1,65.5
7267,Midwest,4043,72.3,0,80.2
7268,West,2721,59.1,1,56.6
7269,West,4338,82.0,0,84.4
7270,West,4632,75.8,0,76.8
7271,South,4858,76.6,0,76.1
7272,Northeast,6571,62.5,1,63.3
7273,West,4603,90.3,0,83.5
7274,West,3232,90.0,0,81.5
7275,Midwest,5046,81.7,0,58.5
7276,West,6801,53.0,1,54.0
7277,Northeast,8734,71.3,0,80.8
7278,Midwest,7947,64.4,0,58.5
7279,South,4823,77.0,0,70.7
7280,South,3581,63.1,1,65.9
7281,West,4564,83.2,0,64.1
7282,Northeast,2842,66.7,1,65.9
7283,Northeast,8292,82.4,0,74.0
7284,South,6993,74.6,1,74.2
7285,West,6291,92.2,0,88.5
7286,West,2668,65.2,1,66.1
7287,West,4647,80.3,0,79.4
7288,Midwest,4253,58.5,1,50.4
7289,West,6655,68.6,0,73.2
7290,Northeast,1708,61.7,0,73.4
7291,Northeast,5972,65.7,1,84.7
7292,West,8464,69.2,0,82.7
7293,Northeast,4319,73.0,0,84.0
7294,Midwest,8664,87.2,0,81.8
7295,West,1982,74.3,0,62.9
7296,West,3887,100.0,0,92.8
7297,West,7977,68.8,0,66.9
7298,Northeast,5588,95.3,0,76.3
7299,South,5771,74.5,0,95.0
7300,West,6725,84.1,0,80.1
7301,Northeast,5144,60.2,1,47.0
7302,South,8178,76.9,0,72.5
7303,Midwest,6984,59.8,1,49.5
7304,West,1945,53.9,1,61.9
7305,Northeast,8405,77.0,1,82.5
7306,Northeast,8009,69.1,0,74.3
7307,Northeast,5038,58.6,1,80.1
7308,West,5166,66.6,0,83.3
7309,Midwest,7003,77.1,0,68.3
7310,South,6210,50.1,1,58.0
7311,South,8093,83.5,0,83.8
7312,South,5331,74.1,0,78.0
7313,West,5265,69.5,0,64.7
7314,South,7500,58.8,1,64.2
7315,Northeast,2886,57.7,1,30.3
7316,Midwest,7674,74.9,0,54.3
7317,West,6376,86.2,0,80.2
7318,Midwest,7957,66.3,1,88.3
7319,Midwest,5857,77.0,0,83.8
7320,South,5125,74.6,0,61.3
7321,West,5109,69.3,0,68.5
7322,South,3265,61.2,1,81.1
7323,West,6557,80.7,0,57.3
7324,West,6527,64.0,1,75.6
7325,South,7802,71.0,0,55.0
7326,West,1351,73.8,0,77.1
7327,South,6279,79.0,1,83.5
7328,South,6389,84.5,0,78.9
7329,Midwest,2089,79.5,0,74.7
7330,Northeast,4059,66.5,0,62.2
7331,South,3386,84.1,0,81.2
7332,Midwest,3691,63.6,0,74.0
7333,South,7147,73.2,1,73.9
7334,Midwest,6865,58.7,1,55.6
7335,Midwest,3198,63.4,1,70.2
7336,Midwest,4518,80.8,0,61.2
7337,South,6141,56.2,1,61.4
7338,Midwest,3733,83.4,0,81.7
7339,Midwest,4540,85.9,0,84.7
7340,West,3248,84.1,0,73.6
7341,Northeast,3659,63.8,0,80.1
7342,Midwest,5794,71.6,1,77.8
7343,Midwest,2128,65.8,1,63.6
7344,Midwest,6206,87.5,0,69.8
7345,West,8933,72.7,0,72.5
7346,Northeast,2827,83.8,0,69.6
7347,South,8189,83.3,0,79.4
7348,Northeast,3334,82.2,0,70.3
7349,West,4142,60.8,1,48.9
7350,West,1471,48.3,1,69.3
7351,West,6665,82.6,0,72.7
7352,Midwest,8979,72.2,0,80.8
7353,West,2381,75.5,0,83.4
7354,Midwest,7950,82.6,0,88.8
7355,West,1344,85.8,0,72.0
7356,Northeast,6762,69.2,0,82.8
7357,South,7755,87.9,0,79.5
7358,Midwest,3992,74.5,0,78.9
7359,Midwest,8309,81.1,0,70.2
7360,Northeast,7402,62.1,1,61.3
7361,Northeast,2373,74.1,0,75.3
7362,Northeast,3004,71.2,0,72.3
7363,South,6265,88.2,0,90.2
7364,South,8519,82.8,0,68.1
7365,West,1849,68.6,0,79.6
7366,West,2849,63.9,0,67.9
7367,Northeast,1877,87.5,0,69.6
7368,Northeast,1769,62.2,1,67.2
7369,Midwest,2597,71.4,0,78.3
7370,South,4207,78.9,0,75.9
7371,South,3200,71.7,0,76.2
7372,Northeast,1657,88.1,0,78.1
7373,Northeast,5830,98.2,0,100.0
7374,Midwest,3815,72.3,0,71.7
7375,Midwest,7817,78.8,0,69.5
7376,South,1613,64.2,1,76.8
7377,West,2454,59.4,1,60.1
7378,Northeast,1486,68.1,0,72.1
7379,West,6406,61.9,0,68.9
7380,West,6848,62.9,0,69.6
7381,Northeast,5887,60.9,1,54.3
7382,Midwest,3081,71.1,1,75.1
7383,South,3878,70.0,0,76.2
7384,Midwest,6227,46.0,1,60.7
7385,Northeast,8021,68.5,0,69.5
7386,Midwest,8625,82.7,0,72.1
7387,West,6777,68.6,0,60.4
7388,Midwest,6656,88.7,0,78.6
7389,Northeast,3045,75.6,0,70.7
7390,Northeast,1511,75.1,0,69.3
7391,West,4079,64.2,1,75.2
7392,West,5261,78.3,1,74.7
7393,Northeast,3097,77.5,0,78.3
7394,West,6028,77.0,0,62.7
7395,Midwest,2671,75.8,0,78.8
7396,South,1876,80.9,0,98.1
7397,Northeast,6274,93.9,0,100.0
7398,Midwest,4743,72.1,0,79.4
7399,South,1801,53.2,1,74.3
7400,South,5769,79.4,0,77.5
7401,South,8128,65.0,1,70.3
7402,Midwest,1823,52.9,1,80.1
7403,West,2085,80.6,0,79.9
7404,Northeast,5332,68.2,0,57.6
7405,South,1630,72.6,0,74.0
7406,West,8034,54.6,1,61.3
7407,Midwest,4546,93.0,0,95.7
7408,Northeast,3670,73.8,0,70.7
7409,West,3180,72.7,0,66.7
7410,West,4354,87.1,0,87.7
7411,West,7901,77.6,0,80.1
7412,West,5571,87.6,0,84.1
7413,Northeast,4281,90.9,0,100.0
7414,Midwest,5582,53.3,1,63.7
7415,South,5749,86.4,0,68.9
7416,Midwest,4084,77.5,0,76.9
7417,West,4036,50.7,1,69.9
7418,South,4662,75.7,0,78.5
7419,South,8278,67.2,0,72.5
7420,West,7688,85.0,0,88.6
7421,Midwest,3984,75.7,0,86.7
7422,West,3096,73.9,1,65.8
7423,Northeast,8882,72.1,0,56.1
7424,Northeast,6960,53.9,1,58.2
7425,South,6474,53.2,0,77.4
7426,South,5462,72.0,1,61.3
7427,Midwest,4148,69.2,1,65.6
7428,West,3484,81.6,0,71.8
7429,Northeast,8112,77.6,0,64.1
7430,South,8195,70.8,1,78.0
7431,South,1218,65.7,0,64.6
7432,Northeast,5236,69.9,1,70.0
7433,Northeast,5892,74.5,0,65.6
7434,South,4960,64.8,0,58.9
7435,Midwest,5298,82.1,0,76.8
7436,Northeast,5394,50.7,1,51.5
7437,Northeast,1409,77.5,0,76.4
7438,Midwest,6142,70.2,0,59.8
7439,Midwest,8589,65.5,0,74.6
7440,Midwest,4506,77.2,0,84.8
7441,Midwest,5911,78.8,0,67.1
7442,West,6617,68.0,1,58.4
7443,Northeast,1678,60.3,0,68.9
7444,West,7276,91.2,0,76.5
7445,South,8037,74.7,0,59.2
7446,Northeast,6627,65.5,1,73.1
7447,West,2223,76.9,0,78.5
7448,Northeast,2888,68.1,0,59.2
7449,West,2041,58.3,1,58.2
7450,Northeast,7245,66.6,0,66.4
7451,Midwest,4077,59.1,1,53.1
7452,West,7936,63.4,0,81.6
7453,West,7923,85.4,0,95.8
7454,South,8738,46.8,1,53.3
7455,West,1996,78.4,0,65.6
7456,West,7001,58.3,0,59.4
7457,South,6956,83.4,0,59.0
7458,Northeast,8047,80.8,0,75.7
7459,South,7273,86.3,0,82.2
7460,Northeast,8274,75.6,0,60.8
7461,South,2840,75.7,0,68.2
7462,West,4821,77.1,0,83.5
7463,West,8685,65.1,0,75.7
7464,Northeast,6247,75.0,0,88.7
7465,South,2331,100.0,0,62.9
7466,South,8422,84.3,0,91.7
7467,Midwest,4993,76.3,0,65.9
7468,Midwest,4282,77.4,0,83.0
7469,South,8245,60.6,1,74.3
7470,South,6853,85.3,0,74.9
7471,West,2358,95.8,0,91.5
7472,Northeast,5732,77.8,0,53.0
7473,South,2005,76.2,0,63.7
7474,Northeast,4929,87.2,0,87.3
7475,Northeast,7721,89.5,0,76.5
7476,South,8041,42.2,1,55.1
7477,Midwest,7214,76.4,0,77.2
7478,West,6886,55.1,1,77.0
7479,Northeast,7835,84.7,1,67.8
7480,West,8223,56.5,0,59.1
7481,Midwest,4646,75.5,0,69.2
7482,Northeast,3159,72.8,0,84.8
7483,Midwest,8161,85.2,0,81.7
7484,Northeast,5728,81.1,0,65.1
7485,South,3574,71.8,1,85.1
7486,West,8113,50.7,1,69.8
7487,West,3458,77.5,0,83.5
7488,West,7439,74.6,0,90.9
7489,West,4450,71.9,0,69.0
7490,West,4030,74.1,0,65.5
7491,South,3448,80.7,0,79.4
7492,Northeast,2510,63.9,0,74.1
7493,Midwest,7235,79.2,0,79.6
7494,West,1596,70.0,0,87.3
7495,Northeast,3380,75.6,0,67.4
7496,West,7021,69.3,1,58.3
7497,Northeast,5076,83.0,0,83.4
7498,South,1447,64.0,0,75.7
7499,Northeast,3874,66.5,1,84.1
7500,South,4913,74.4,0,79.8
7501,West,1393,70.9,0,97.9
7502,South,3508,67.8,1,71.3
7503,Midwest,7076,70.5,0,67.9
7504,West,7993,80.3,1,70.7
7505,Northeast,2554,68.9,0,61.4
7506,Northeast,4144,98.2,0,75.8
7507,South,4552,85.4,0,78.1
7508,West,5211,51.4,1,55.9
7509,Midwest,2719,70.4,0,94.7
7510,West,4152,86.6,0,62.0
7511,Midwest,7777,76.7,0,55.7
7512,Midwest,7633,70.0,0,60.2
7513,Midwest,5007,44.9,1,37.0
7514,Northeast,3909,98.7,0,94.7
7515,Midwest,7180,86.9,0,78.3
7516,Midwest,5456,60.6,0,70.3
7517,West,5565,68.8,0,85.6
7518,Northeast,6227,88.4,0,85.6
7519,Midwest,5326,85.4,0,73.3
7520,Midwest,1399,74.8,0,62.6
7521,South,1469,79.5,0,72.1
7522,South,5414,40.2,1,58.1
7523,Midwest,7175,59.0,1,44.8
7524,Northeast,2081,61.0,1,74.5
7525,South,2796,70.1,0,67.0
7526,Northeast,2617,65.0,0,75.8
7527,Northeast,7521,73.7,1,67.9
7528,Midwest,8415,70.9,0,61.7
7529,West,4613,81.8,0,90.7
7530,Midwest,1225,87.6,0,95.1
7531,Northeast,5042,82.1,0,77.3
7532,West,3379,82.3,0,73.7
7533,South,8389,75.1,0,95.8
7534,South,5213,81.1,0,69.9
7535,West,7294,66.9,0,51.5
7536,Northeast,8368,65.9,0,85.7
7537,South,3383,87.5,0,85.1
7538,West,4022,70.6,0,68.5
7539,Midwest,8018,87.4,0,80.2
7540,Midwest,3985,83.7,0,84.9
7541,South,4016,93.6,0,80.2
7542,West,6969,68.8,0,93.1
7543,Northeast,2376,90.3,0,72.9
7544,Midwest,5686,75.6,0,68.3
7545,Northeast,7991,53.7,1,66.6
7546,Northeast,7896,83.9,0,90.8
7547,Northeast,1930,62.2,1,83.4
7548,South,4644,72.1,0,67.6
7549,Midwest,2449,71.1,1,52.7
7550,Northeast,6095,100.0,0,92.5
7551,Midwest,1694,67.5,1,71.1
7552,Midwest,4589,47.3,1,70.2
7553,Midwest,2148,76.2,0,80.1
7554,South,5665,74.2,0,85.6
7555,Midwest,6893,52.2,1,59.7
7556,South,1459,75.6,0,86.8
7557,West,1703,62.9,1,63.8
7558,Northeast,3793,74.2,0,60.2
7559,South,3619,70.3,0,74.1
7560,South,4435,86.0,0,80.3
7561,South,2336,60.7,1,61.4
7562,Midwest,7451,86.4,1,100.0
7563,South,2170,76.1,0,64.7
7564,West,6988,57.1,1,60.7
7565,West,1402,91.2,0,92.4
7566,Northeast,8770,71.2,0,84.2
7567,West,1916,59.0,1,53.2
7568,South,6677,74.6,1,69.9
7569,West,5465,66.1,0,78.1
7570,Northeast,8284,67.9,0,71.3
7571,Northeast,1519,82.9,0,82.7
7572,West,6666,66.1,1,83.1
7573,South,7582,68.9,0,59.7
7574,West,2702,66.2,0,64.6
7575,South,6049,74.1,0,59.9
7576,West,2331,78.0,0,82.1
7577,South,4252,63.4,1,72.4
7578,Midwest,7341,74.5,0,82.2
7579,Midwest,7593,46.7,1,67.3
7580,Northeast,2973,65.7,0,81.4
7581,Midwest,6369,65.8,1,52.7
7582,Northeast,2646,70.9,0,61.8
7583,West,1366,70.5,1,85.8
7584,South,5715,57.7,1,55.8
7585,Northeast,3287,76.8,0,69.8
7586,South,8306,61.2,1,51.9
7587,Northeast,2441,68.9,0,74.9
7588,Midwest,8150,52.2,1,54.2
7589,Northeast,7747,77.3,0,65.7
7590,Midwest,1931,61.0,1,60.1
7591,West,6499,87.4,0,84.5
7592,West,5441,69.7,0,79.5
7593,Midwest,5307,72.7,0,88.4
7594,Northeast,6840,75.7,0,76.0
7595,West,4113,72.9,0,76.3
7596,South,2388,63.1,1,70.1
7597,South,7029,57.7,1,51.1
7598,West,5908,61.2,1,56.7
7599,West,6725,69.6,0,82.6
7600,Northeast,5448,82.9,0,69.6
7601,Midwest,6226,67.5,0,66.8
7602,Northeast,3604,66.6,1,58.7
7603,South,5290,90.2,0,80.8
7604,Northeast,8873,79.8,0,74.9
7605,Northeast,8108,73.4,0,71.0
7606,West,1611,55.9,1,70.5
7607,Northeast,2650,78.2,0,79.5
7608,Northeast,4586,55.2,1,66.2
7609,Northeast,8439,77.1,0,63.8
7610,Northeast,6771,66.6,0,59.9
7611,West,8694,55.4,1,48.3
7612,Northeast,2130,86.1,0,64.0
7613,Midwest,8639,78.0,0,83.2
7614,West,5995,78.6,0,75.1
7615,West,4453,62.6,0,62.3
7616,Northeast,6035,62.4,1,73.1
7617,West,5303,54.5,1,56.6
7618,Midwest,5153,66.5,0,74.7
7619,South,5702,66.6,1,70.1
7620,South,1508,75.7,0,67.2
7621,Northeast,8603,71.7,0,77.4
7622,Midwest,2277,71.7,1,77.6
7623,South,3677,78.7,0,78.9
7624,Northeast,2212,59.6,1,52.8
7625,Northeast,2925,80.1,0,81.8
7626,Midwest,7569,72.0,0,76.5
7627,Northeast,4884,62.7,0,80.1
7628,Midwest,3098,47.3,1,73.9
7629,Northeast,5095,64.2,1,88.8
7630,West,4145,79.3,0,70.3
7631,West,5256,65.6,0,72.8
7632,Northeast,2446,78.5,0,76.5
7633,South,2199,84.8,0,75.5
7634,West,3810,79.3,0,67.2
7635,South,4382,74.3,1,62.6
7636,Midwest,2063,73.6,0,67.9
7637,Northeast,6764,78.2,0,80.9
7638,Midwest,7953,97.9,0,95.9
7639,Midwest,5312,69.8,0,52.5
7640,Midwest,6977,52.7,1,45.5
7641,Northeast,5771,74.3,0,66.4
7642,West,4109,64.2,1,74.9
7643,Midwest,1446,55.9,0,55.2
7644,Midwest,6658,76.4,0,83.2
7645,Northeast,2202,73.9,0,65.3
7646,West,6104,88.1,0,85.5
7647,Midwest,8185,82.1,0,82.6
7648,South,4876,89.8,0,66.5
7649,Midwest,3642,63.0,1,59.7
7650,West,4247,82.3,0,74.0
7651,Northeast,6449,94.4,0,100.0
7652,South,5892,90.7,0,85.6
7653,Midwest,2034,48.4,1,66.7
7654,West,5242,62.0,1,71.7
7655,West,4111,67.4,1,75.1
7656,Midwest,3577,59.8,1,55.5
7657,West,6671,77.9,0,68.4
7658,South,6145,73.6,0,73.4
7659,West,4520,59.0,1,85.7
7660,South,2480,93.1,0,77.3
7661,South,8742,80.2,0,80.8
7662,Northeast,4043,53.3,1,53.2
7663,South,1718,87.3,0,64.7
7664,West,2537,82.6,0,77.0
7665,Midwest,5954,84.3,0,72.6
7666,Northeast,7396,68.1,1,65.1
7667,Northeast,6918,83.8,0,71.4
7668,Midwest,8752,63.0,1,54.5
7669,South,3319,61.9,1,81.7
7670,South,4031,65.9,1,56.8
7671,South,6543,48.2,1,64.7
7672,South,8307,73.4,0,88.3
7673,Northeast,5232,77.5,1,65.7
7674,South,5444,93.3,0,75.8
7675,West,8956,68.7,0,57.7
7676,Midwest,6972,62.7,0,74.3
7677,Northeast,5851,82.3,0,77.5
7678,South,1520,69.1,0,52.2
7679,Northeast,2591,93.2,0,98.9
7680,South,5040,65.5,0,75.2
7681,Northeast,8842,82.2,0,89.9
7682,West,7549,77.4,0,76.2
7683,Northeast,1615,72.8,0,80.9
7684,Midwest,5269,66.1,1,89.4
7685,West,7610,64.1,0,76.8
7686,Midwest,4797,79.6,0,85.4
7687,Northeast,6355,98.1,0,78.5
7688,West,6006,72.7,0,64.5
7689,West,3115,100.0,0,100.0
7690,Northeast,2649,75.0,0,67.5
7691,Midwest,3215,57.3,1,50.9
7692,Northeast,5547,85.0,0,79.0
7693,West,6766,56.3,1,84.3
7694,Midwest,6143,57.1,1,64.7
7695,West,2697,66.4,1,67.5
7696,West,3831,73.0,0,77.2
7697,Midwest,5162,49.2,1,70.5
7698,Northeast,7848,73.7,0,65.7
7699,Northeast,2713,63.7,0,64.8
7700,Midwest,4976,71.3,0,72.9
7701,West,7828,70.4,0,62.0
7702,West,4232,67.6,0,55.8
7703,Midwest,6597,85.5,0,98.3
7704,Northeast,4498,94.5,1,82.0
7705,Northeast,2910,78.6,0,77.0
7706,West,5406,75.5,0,90.2
7707,Northeast,2820,75.3,0,79.6
7708,South,7114,78.9,1,54.1
7709,South,7427,87.1,0,83.8
7710,Northeast,6098,86.4,0,88.7
7711,Northeast,8600,61.2,0,63.4
7712,South,4975,72.8,0,59.2
7713,West,3988,81.5,0,65.4
7714,Northeast,4423,54.2,1,63.2
7715,Northeast,1381,69.3,0,66.7
7716,Midwest,1786,84.4,0,72.4
7717,West,3604,78.9,0,69.2
7718,South,4807,79.7,0,62.2
7719,Midwest,5083,59.8,1,76.4
7720,Midwest,6280,76.2,0,84.7
7721,South,4371,55.0,1,48.3
7722,West,2871,74.3,0,70.7
7723,South,8283,33.0,1,47.1
7724,West,2427,89.4,0,82.1
7725,South,5359,54.4,1,69.1
7726,West,1917,60.0,1,52.2
7727,West,5968,82.7,0,60.7
7728,South,4283,83.9,0,85.6
7729,Northeast,7650,79.5,0,80.3
7730,Northeast,8570,97.6,0,78.7
7731,South,5369,87.7,0,74.7
7732,Northeast,1887,75.7,0,49.5
7733,West,6937,62.2,1,75.1
7734,West,1737,69.0,0,85.6
7735,Northeast,4694,50.3,1,53.5
7736,South,5821,81.0,0,64.2
7737,Midwest,2984,74.2,0,84.5
7738,West,2628,65.4,1,71.6
7739,West,7260,77.5,0,82.3
7740,West,7581,90.1,0,93.1
7741,Northeast,2442,100.0,0,86.1
7742,South,4252,68.7,0,55.6
7743,South,7198,63.7,1,73.7
7744,Northeast,3311,71.8,0,82.5
7745,West,4417,79.1,0,65.7
7746,South,4371,60.3,0,76.1
7747,West,8996,59.2,1,59.1
7748,Midwest,6196,72.6,0,76.9
7749,Midwest,7076,81.8,0,67.8
7750,Northeast,8630,66.9,0,71.0
7751,South,7986,62.1,1,70.5
7752,South,8027,61.3,0,58.5
7753,West,2438,69.5,1,70.8
7754,Northeast,1948,81.9,0,71.2
7755,South,2083,63.6,0,82.2
7756,South,7179,61.2,0,69.7
7757,Midwest,6128,81.5,0,68.0
7758,Midwest,1607,63.0,1,52.1
7759,South,3233,82.9,0,78.1
7760,Northeast,7019,69.5,0,53.7
7761,Northeast,3101,70.0,0,67.3
7762,West,8075,74.4,0,76.0
7763,Midwest,5424,63.4,1,74.9
7764,Northeast,6841,57.8,1,49.5
7765,South,5200,85.4,0,91.6
7766,South,6609,92.3,0,81.2
7767,Northeast,2323,79.4,0,70.2
7768,Midwest,6567,54.3,1,41.5
7769,South,6843,59.6,1,72.8
7770,South,4286,87.9,0,72.9
7771,Midwest,6572,65.1,1,52.2
7772,Midwest,2886,57.5,1,71.6
7773,West,5445,66.0,0,72.5
7774,South,1463,91.0,0,81.6
7775,West,3474,81.2,0,58.0
7776,Midwest,5847,97.8,0,78.0
7777,Northeast,6957,77.2,0,69.1
7778,Midwest,4587,82.7,0,93.1
7779,Midwest,2283,57.9,1,44.4
7780,Midwest,4049,88.9,0,65.6
7781,South,8829,58.1,1,74.2
7782,South,2367,81.4,0,66.2
7783,South,1349,73.1,0,62.1
7784,Northeast,7034,62.1,0,67.5
7785,Midwest,6031,75.1,0,75.9
7786,South,7610,75.6,0,80.9
7787,South,7920,79.7,0,87.2
7788,South,7551,72.4,0,69.9
7789,Northeast,4469,71.5,1,67.5
7790,South,7648,76.5,0,68.2
7791,Northeast,3444,73.2,1,73.5
7792,West,1853,56.5,1,42.1
7793,West,1469,88.1,0,64.3
7794,South,1557,58.4,1,79.1
7795,Midwest,7299,79.1,0,65.1
7796,Midwest,3682,73.2,0,71.3
7797,South,8688,73.4,0,82.1
7798,Midwest,7244,78.7,0,75.2
7799,Midwest,7393,50.5,1,69.7
7800,Midwest,1947,64.0,0,62.8
7801,Northeast,6832,85.0,0,85.4
7802,West,8241,63.7,0,64.7
7803,West,5757,89.9,0,51.0
7804,South,2401,75.9,0,69.2
7805,South,5150,76.5,0,69.1
7806,Northeast,8635,95.8,0,87.8
7807,Northeast,2300,48.9,1,61.8
7808,Midwest,2986,84.7,0,74.8
7809,West,2858,54.8,1,68.7
7810,Northeast,3063,63.3,1,82.5
7811,South,8528,53.5,0,48.3
7812,West,6717,84.2,0,55.1
7813,Northeast,7478,63.0,0,57.6
7814,West,7589,91.3,0,82.6
7815,Northeast,2003,51.7,1,47.9
7816,Northeast,5405,57.7,0,53.0
7817,Midwest,3637,66.9,0,71.6
7818,South,4219,67.4,0,82.3
7819,South,8633,84.4,0,75.2
7820,West,6862,69.2,1,81.6
7821,Midwest,8499,61.0,1,56.1
7822,West,4907,64.8,1,56.1
7823,South,7560,52.2,1,66.3
7824,Midwest,5481,59.1,1,63.5
7825,West,1431,100.0,0,89.5
7826,Midwest,2778,72.3,0,69.9
7827,Midwest,7155,76.0,0,85.1
7828,Northeast,3490,79.7,0,76.6
7829,South,7668,87.8,0,86.2
7830,Midwest,2049,90.0,0,69.3
7831,Midwest,7883,66.1,0,63.1
7832,South,8012,69.8,0,86.0
7833,Midwest,8610,74.8,0,74.4
7834,South,7179,79.2,0,68.2
7835,West,3633,68.4,0,60.1
7836,Midwest,8877,83.9,0,91.5
7837,Midwest,7438,70.6,0,62.4
7838,Northeast,2788,69.5,0,72.1
7839,Midwest,3350,62.3,0,54.6
7840,Midwest,6459,65.4,0,65.2
7841,South,6586,84.7,0,72.2
7842,Northeast,4481,67.8,0,65.9
7843,South,5015,60.6,0,60.9
7844,West,7776,84.7,0,83.3
7845,Northeast,6758,84.8,0,87.5
7846,South,4015,73.1,1,69.8
7847,West,5384,67.6,0,61.3
7848,South,3466,58.2,1,52.1
7849,Midwest,3338,77.6,0,85.4
7850,Northeast,6213,93.1,0,88.0
7851,South,5962,75.5,0,72.1
7852,South,7876,65.2,1,88.5
7853,West,2575,73.8,0,68.2
7854,West,8625,100.0,0,78.6
7855,South,1498,58.2,0,63.0
7856,Midwest,5798,60.8,0,54.7
7857,Midwest,5801,70.4,1,54.1
7858,West,8619,68.8,0,72.8
7859,West,5888,72.5,0,61.7
7860,Midwest,6881,42.9,1,61.8
7861,South,2888,78.4,0,69.8
7862,Northeast,1639,65.5,0,53.7
7863,Northeast,3598,83.7,0,69.4
7864,West,2416,44.7,1,48.7
7865,Midwest,5483,65.7,0,52.3
7866,South,6564,80.1,0,65.2
7867,West,5236,61.3,0,51.6
7868,Northeast,1789,74.9,0,59.3
7869,South,2788,57.4,1,61.6
7870,West,5553,91.9,0,79.7
7871,Midwest,4801,65.1,0,63.5
7872,South,6815,77.5,0,86.9
7873,West,6559,94.2,0,81.1
7874,Northeast,8053,74.1,0,77.2
7875,West,6657,81.4,1,74.8
7876,South,4820,75.5,0,62.3
7877,Northeast,4615,74.9,0,93.4
7878,West,2718,62.5,1,69.6
7879,West,8017,82.8,0,67.1
7880,West,4704,69.8,0,69.1
7881,Northeast,6281,86.3,0,90.1
7882,Northeast,3765,90.3,0,91.6
7883,South,5423,95.2,0,74.9
7884,Midwest,1432,73.4,0,67.1
7885,Northeast,6712,86.7,0,83.4
7886,Northeast,3977,81.1,0,72.7
7887,South,8775,74.4,0,96.3
7888,South,3757,68.8,0,80.1
7889,Northeast,6531,66.0,0,54.6
7890,Midwest,8084,100.0,0,100.0
7891,Northeast,2843,84.2,1,88.6
7892,West,1571,87.0,0,81.1
7893,West,3063,68.4,1,81.4
7894,South,8072,74.0,0,70.6
7895,Northeast,5484,82.5,0,81.7
7896,South,5465,79.7,0,78.9
7897,Northeast,7333,43.5,1,41.0
7898,Midwest,5830,61.8,1,61.9
7899,West,2057,53.7,1,54.2
7900,Northeast,6629,66.1,1,84.1
7901,West,1641,79.3,0,65.2
7902,Midwest,7628,63.8,0,61.1
7903,Northeast,6600,54.2,1,54.9
7904,Northeast,8753,88.8,0,71.8
7905,West,5280,70.0,0,90.6
7906,Northeast,1886,74.7,0,59.8
7907,Midwest,2086,60.0,1,58.7
7908,South,8409,76.7,0,71.4
7909,Midwest,6783,83.7,0,86.9
7910,Midwest,6144,66.4,1,50.1
7911,South,2080,69.4,0,55.4
7912,Northeast,4696,83.2,0,79.8
7913,Northeast,1239,54.7,1,67.1
7914,Midwest,6035,57.9,1,55.4
7915,Midwest,4232,95.4,0,96.9
7916,Northeast,8681,78.4,0,76.3
7917,Northeast,8345,73.3,0,64.6
7918,South,2580,77.3,0,80.6
7919,West,2829,58.6,0,56.4
7920,West,6044,81.8,0,73.6
7921,West,1805,65.3,1,86.9
7922,South,8134,70.1,0,89.5
7923,South,7521,90.4,0,81.3
7924,West,6172,64.4,0,76.1
7925,West,6947,77.8,0,71.7
7926,West,3310,85.3,0,79.0
7927,Midwest,1369,63.2,1,77.5
7928,Midwest,2506,74.3,0,68.5
7929,South,2889,67.3,0,75.2
7930,Northeast,6040,74.2,0,70.3
7931,Northeast,2541,88.7,0,74.1
7932,Northeast,5040,70.1,0,72.2
7933,West,4111,58.4,1,62.5
7934,South,7989,58.0,1,66.8
7935,Midwest,6140,73.2,1,76.2
7936,West,7282,86.6,0,95.7
7937,West,4757,59.9,1,69.8
7938,Midwest,5300,66.9,0,69.3
7939,Northeast,4943,64.7,0,68.1
7940,South,1759,75.8,0,73.5
7941,West,6666,63.3,0,52.2
7942,South,1389,85.5,0,87.1
7943,Northeast,4503,50.8,1,60.5
7944,West,8998,98.7,0,70.8
7945,Northeast,3615,78.5,0,85.4
7946,South,7444,67.1,0,87.6
7947,South,8267,61.3,1,65.6
7948,South,6096,77.5,0,81.8
7949,West,3706,63.3,1,73.3
7950,Midwest,7750,84.0,0,91.2
7951,Midwest,5870,86.7,0,79.7
7952,South,8087,89.2,0,70.9
7953,Northeast,4581,91.2,0,100.0
7954,Northeast,2440,54.4,0,55.5
7955,Midwest,1311,75.5,0,69.7
7956,West,2534,66.2,1,69.9
7957,West,8299,67.0,0,64.3
7958,Northeast,1257,71.8,0,63.0
7959,South,3155,77.1,0,79.2
7960,South,5239,70.4,1,72.9
7961,South,7953,69.8,1,66.6
7962,South,1202,81.0,0,72.4
7963,Midwest,4548,56.1,0,57.8
7964,Northeast,5501,76.5,0,75.6
7965,West,2383,43.3,1,51.9
7966,West,8639,55.7,0,63.6
7967,South,6358,67.5,1,75.1
7968,Midwest,3372,57.6,1,60.4
7969,Midwest,8774,78.4,0,78.1
7970,Midwest,7354,91.8,0,88.4
7971,West,6065,71.4,0,67.7
7972,Midwest,7445,82.6,0,76.0
7973,West,7097,88.4,0,82.8
7974,South,1418,77.1,0,79.8
7975,West,6583,61.0,0,66.3
7976,South,2507,73.3,0,76.9
7977,Northeast,4690,67.2,0,56.8
7978,West,2054,68.2,1,81.7
7979,Northeast,8569,55.2,1,46.3
7980,West,2439,44.2,1,48.5
7981,South,5129,69.0,0,65.6
7982,Northeast,1981,75.4,0,89.3
7983,South,6058,67.2,0,66.1
7984,Midwest,1849,70.5,0,77.0
7985,Northeast,8307,65.8,0,73.2
7986,Midwest,7584,79.1,0,83.6
7987,South,2331,72.0,0,71.3
7988,Northeast,1653,66.1,0,67.8
7989,West,8102,61.5,1,51.1
7990,West,4267,71.2,0,70.3
7991,Northeast,3884,95.5,0,78.6
7992,Midwest,4129,42.4,1,50.0
7993,West,3073,55.2,1,73.4
7994,South,4067,69.2,0,52.4
7995,West,3874,76.8,0,88.5
7996,South,4976,80.9,0,75.4
7997,South,4810,78.2,0,88.8
7998,Midwest,8647,94.9,0,88.2
7999,Midwest,3411,59.2,1,52.3
8000,South,2296,61.3,0,64.7
8001,Northeast,6609,74.2,0,97.3
8002,West,1258,60.8,1,54.6
8003,Northeast,4496,59.6,1,53.9
8004,Midwest,3279,62.9,1,72.0
8005,Northeast,5910,81.3,0,82.6
8006,Northeast,3002,86.4,0,91.9
8007,Midwest,5977,75.6,0,75.3
8008,Northeast,7681,82.7,0,69.6
8009,West,8939,78.3,0,72.3
8010,Midwest,6837,50.1,1,54.4
8011,South,4593,73.6,0,63.9
8012,Northeast,6932,88.8,0,97.7
8013,Midwest,6610,81.0,0,74.8
8014,Northeast,4953,90.8,0,95.5
8015,Midwest,5449,54.9,0,57.0
8016,Midwest,6993,77.3,0,86.8
8017,Northeast,2586,61.7,0,58.7
8018,West,2607,80.0,0,88.6
8019,Northeast,3225,87.2,0,89.4
8020,South,4777,68.2,0,76.3
8021,Midwest,3580,73.9,0,76.4
8022,Midwest,4710,78.4,0,89.7
8023,West,2364,82.2,0,89.8
8024,Northeast,5104,56.4,1,74.9
8025,Midwest,5877,58.5,1,49.2
8026,Midwest,8290,61.8,1,77.8
8027,South,8031,65.2,0,53.2
8028,West,8979,97.9,0,92.5
8029,Northeast,4220,76.0,0,74.0
8030,Midwest,2342,67.3,0,53.7
8031,South,4681,75.3,0,80.9
8032,South,6760,67.7,0,66.9
8033,Northeast,1978,60.6,0,63.6
8034,Northeast,5062,78.2,0,82.4
8035,Midwest,3427,70.9,0,72.2
8036,West,1550,76.8,0,72.7
8037,West,5164,56.0,1,66.3
8038,South,6984,78.7,0,72.5
8039,Midwest,8381,81.6,0,92.4
8040,Midwest,5519,69.3,0,59.5
8041,West,5469,76.8,0,65.8
8042,West,5911,69.9,0,46.4
8043,Northeast,1342,77.1,0,52.5
8044,Midwest,4498,56.5,1,45.3
8045,Northeast,8041,66.1,0,82.9
8046,West,8490,61.0,0,60.9
8047,South,6995,71.1,1,70.1
8048,Northeast,2485,60.9,1,59.1
8049,Midwest,2291,67.6,0,79.1
8050,West,6632,55.9,0,69.9
8051,Northeast,7346,70.2,0,66.5
8052,Midwest,4792,79.5,0,81.9
8053,West,6172,52.0,1,28.7
8054,West,7492,79.6,0,77.2
8055,Midwest,4211,71.4,0,62.4
8056,Midwest,8947,75.6,0,91.2
8057,South,7589,83.0,0,82.9
8058,Midwest,2842,92.7,0,74.0
8059,West,1235,57.0,1,49.0
8060,South,6996,88.5,0,85.3
8061,South,3104,50.6,1,50.2
8062,West,4879,75.2,0,85.0
8063,Northeast,2748,66.4,0,69.3
8064,South,5484,40.6,1,40.7
8065,Northeast,5642,77.7,0,70.8
8066,Northeast,4465,82.9,0,78.0
8067,Midwest,4952,70.0,0,75.1
8068,Northeast,8742,62.9,0,59.7
8069,Northeast,3082,79.4,0,78.4
8070,West,2224,81.9,0,82.8
8071,South,2086,82.1,0,79.6
8072,South,2775,65.1,0,84.6
8073,South,3907,62.1,1,80.3
8074,West,6935,72.3,0,66.9
8075,South,2731,55.0,1,73.2
8076,West,4426,68.8,0,63.8
8077,Midwest,8060,85.6,0,83.0
8078,Midwest,7304,74.0,0,65.2
8079,Northeast,2885,61.7,1,77.6
8080,Midwest,6756,66.2,0,94.3
8081,Northeast,8388,53.8,1,86.8
8082,Northeast,5472,66.8,1,63.3
8083,South,1698,88.8,0,72.1
8084,South,7041,65.3,1,74.4
8085,Midwest,7536,71.1,0,84.3
8086,West,8139,66.9,0,84.1
8087,Midwest,3145,77.4,0,71.6
8088,Midwest,3377,68.0,1,48.8
8089,West,4598,79.7,0,82.0
8090,Midwest,3714,62.6,1,67.2
8091,West,7448,77.3,0,74.5
8092,South,5697,81.6,0,73.8
8093,Midwest,8008,77.6,0,83.7
8094,West,1416,78.0,0,73.2
8095,Northeast,5535,78.2,0,83.1
8096,Northeast,3159,61.7,1,76.4
8097,Midwest,4851,72.2,0,76.1
8098,West,6463,79.1,0,83.6
8099,West,5272,67.9,1,75.8
8100,Midwest,1344,77.5,0,69.3
8101,West,4237,64.8,0,51.5
8102,South,3982,77.8,0,84.2
8103,South,4914,88.2,0,81.1
8104,West,3052,67.5,0,58.6
8105,Northeast,7597,65.5,0,64.7
8106,Northeast,2732,59.5,1,63.8
8107,Midwest,5317,82.1,0,85.0
8108,West,2424,75.0,0,69.5
8109,Midwest,6011,71.6,0,75.3
8110,West,5477,71.8,0,64.9
8111,Midwest,3732,88.0,0,77.9
8112,Northeast,1281,79.7,0,59.7
8113,Midwest,6003,81.3,0,90.0
8114,Midwest,2316,71.6,0,75.2
8115,West,4277,80.2,0,83.2
8116,Northeast,3706,83.7,0,95.9
8117,Midwest,6449,66.3,0,66.0
8118,West,1870,60.9,1,68.9
8119,Midwest,5016,100.0,0,100.0
8120,Northeast,6673,55.3,1,69.1
8121,West,6782,50.8,1,51.5
8122,West,1893,52.7,1,66.0
8123,West,7479,51.2,1,85.7
8124,South,6302,84.3,0,78.4
8125,South,1739,72.5,0,50.6
8126,South,5548,64.3,0,48.8
8127,West,2992,49.8,1,56.9
8128,Northeast,1678,84.7,0,86.5
8129,Northeast,7997,64.1,0,73.7
8130,West,8505,77.2,0,75.4
8131,West,5257,67.7,0,67.8
8132,Midwest,3524,100.0,0,94.0
8133,South,4715,72.1,0,78.6
8134,South,6570,71.4,0,71.0
8135,Midwest,8938,83.0,0,77.4
8136,South,2202,77.0,0,71.4
8137,West,5109,80.9,0,85.9
8138,South,4399,78.4,0,73.4
8139,West,7622,64.5,0,63.4
8140,South,1331,69.8,0,67.6
8141,Northeast,5775,68.0,0,58.6
8142,West,1881,57.5,0,63.1
8143,West,5236,56.3,1,79.7
8144,Midwest,3521,95.8,0,79.4
8145,Northeast,8472,84.0,0,82.3
8146,Northeast,6306,58.9,1,59.6
8147,Northeast,4697,81.9,0,65.3
8148,Midwest,5327,78.3,0,91.7
8149,South,7992,63.1,1,66.0
8150,Midwest,1452,91.5,0,66.7
8151,Midwest,7657,60.9,1,77.6
8152,South,7393,65.5,1,55.8
8153,West,5772,64.5,1,63.1
8154,West,6008,56.5,1,49.8
8155,Northeast,8963,70.7,0,74.5
8156,Northeast,2751,73.4,0,56.6
8157,West,3833,78.9,0,85.9
8158,West,7780,73.8,0,72.7
8159,Midwest,4217,76.1,0,80.0
8160,West,3322,59.9,1,61.9
8161,Midwest,4964,90.8,0,83.4
8162,Midwest,4991,100.0,0,100.0
8163,West,7049,71.2,0,72.3
8164,West,8324,54.6,1,56.9
8165,South,4155,67.4,0,51.1
8166,Midwest,1855,76.7,0,75.6
8167,South,2658,57.1,0,67.1
8168,South,3890,70.1,0,64.0
8169,Midwest,5876,72.2,0,75.8
8170,Northeast,5919,75.3,0,74.6
8171,Midwest,3276,81.3,0,70.1
8172,Midwest,5908,78.4,0,80.9
8173,Northeast,3588,79.3,0,72.0
8174,Midwest,1258,52.0,1,69.5
8175,West,8940,99.0,0,93.7
8176,Northeast,8369,52.6,1,67.2
8177,South,5496,38.6,1,57.6
8178,Northeast,4201,71.2,0,70.3
8179,Northeast,8845,90.3,0,80.8
8180,South,7810,64.3,1,67.5
8181,South,3550,66.7,1,75.2
8182,West,6869,80.7,0,91.9
8183,Midwest,6830,58.7,0,61.9
8184,Northeast,6750,88.0,0,68.2
8185,Northeast,3158,59.6,1,78.0
8186,South,4344,54.3,1,75.1
8187,Northeast,5655,68.1,0,64.7
8188,Northeast,7501,71.3,0,71.9
8189,South,5403,100.0,0,100.0
8190,West,8652,80.2,0,74.6
8191,Midwest,7189,66.8,0,84.7
8192,West,5923,73.1,0,75.9
8193,Midwest,4925,71.5,0,74.9
8194,West,4324,83.1,0,63.9
8195,South,4351,66.2,1,62.9
8196,Midwest,5591,58.8,1,65.4
8197,West,2021,70.8,0,76.8
8198,Midwest,1569,78.7,0,67.6
8199,Midwest,4575,78.9,0,72.8
8200,Northeast,2038,64.3,0,69.6
8201,Northeast,3979,74.3,0,72.1
8202,West,4966,55.5,1,58.3
8203,Northeast,5135,68.5,0,56.8
8204,Northeast,5962,77.5,0,65.4
8205,Northeast,6848,94.8,0,89.5
8206,South,7613,55.9,1,58.9
8207,Midwest,2789,67.3,1,69.4
8208,Midwest,5451,65.6,1,77.5
8209,West,5304,92.4,0,97.4
8210,South,1760,84.7,0,73.6
8211,South,2245,48.8,1,53.4
8212,South,4397,79.4,0,71.7
8213,South,1200,83.6,0,84.1
8214,Northeast,3494,58.8,1,67.6
8215,Midwest,1411,81.7,0,55.9
8216,South,4815,82.9,0,77.7
8217,Northeast,8338,82.4,0,68.3
8218,South,6865,74.8,0,82.7
8219,West,5083,63.8,1,67.3
8220,Midwest,2646,75.5,0,83.2
8221,Northeast,5646,90.3,0,90.8
8222,South,5206,66.6,1,86.7
8223,Northeast,7510,64.3,0,73.7
8224,Northeast,3877,89.0,0,99.0
8225,South,7434,63.9,0,55.0
8226,South,8832,89.0,0,75.3
8227,Northeast,3916,67.5,0,79.6
8228,Northeast,1202,73.0,1,76.9
8229,Northeast,5905,54.4,1,55.5
8230,South,7434,93.5,0,91.2
8231,Midwest,4361,52.3,1,49.0
8232,West,5879,74.4,0,92.3
8233,South,3248,57.2,1,65.0
8234,Midwest,7190,71.3,0,69.7
8235,West,7569,96.5,0,81.7
8236,Midwest,7706,66.5,1,60.7
8237,Midwest,3650,74.9,0,85.9
8238,West,5383,98.5,0,89.1
8239,Midwest,4349,64.5,1,56.3
8240,Midwest,2952,63.7,1,50.1
8241,West,8549,68.4,1,68.0
8242,South,7804,95.3,0,78.2
8243,Northeast,8347,49.1,1,53.8
8244,West,5299,68.1,1,56.4
8245,South,8178,54.3,0,62.6
8246,South,1899,76.0,0,68.9
8247,Northeast,5047,63.3,1,77.4
8248,West,7210,67.9,1,77.5
8249,West,5757,54.1,1,63.3
8250,South,6155,84.2,0,81.2
8251,Northeast,6287,60.1,0,79.6
8252,Northeast,4471,69.8,0,69.7
8253,West,4844,80.9,0,67.7
8254,South,1690,72.2,0,83.9
8255,South,3735,76.9,0,84.7
8256,Northeast,7076,66.4,0,58.9
8257,West,3182,73.4,0,89.0
8258,Northeast,7381,64.0,1,56.1
8259,West,1637,62.2,1,63.9
8260,Midwest,2218,61.3,0,63.6
8261,Midwest,3175,70.1,1,68.7
8262,West,6690,60.7,1,62.6
8263,West,6188,63.4,1,53.3
8264,Northeast,8640,63.0,1,74.4
8265,Northeast,5666,84.9,0,71.3
8266,Northeast,1231,51.7,1,76.6
8267,Northeast,3321,72.1,0,81.1
8268,Northeast,6088,85.3,0,83.6
8269,Midwest,2307,83.9,0,89.2
8270,South,3684,70.1,0,78.0
8271,South,7400,64.0,1,76.5
8272,Northeast,4427,65.3,0,73.0
8273,South,3056,77.1,0,66.4
8274,Midwest,6125,81.9,0,75.7
8275,Midwest,1453,60.4,1,69.9
8276,West,5742,65.7,0,57.3
8277,Midwest,2961,67.3,0,51.5
8278,West,3695,57.1,1,70.4
8279,Northeast,6695,60.7,1,71.5
8280,Midwest,1274,77.7,0,77.2
8281,Northeast,4324,69.1,0,93.0
8282,Midwest,3641,77.5,0,74.9
8283,Northeast,4693,63.1,0,76.8
8284,South,7467,89.6,0,79.8
8285,Northeast,4794,79.7,0,83.4
8286,Midwest,1366,76.8,1,91.2
8287,Northeast,3033,47.7,1,68.0
8288,Midwest,4220,88.6,0,85.3
8289,West,8720,66.8,0,83.8
8290,South,8321,51.2,1,40.9
8291,West,8362,69.4,0,59.5
8292,Northeast,8292,60.8,0,65.8
8293,Midwest,1710,67.5,1,72.4
8294,Northeast,7669,79.4,0,61.5
8295,West,5663,72.0,0,85.7
8296,South,8852,78.8,0,69.9
8297,West,7718,67.1,0,76.0
8298,South,7636,96.9,0,88.3
8299,South,1457,70.1,0,67.9
8300,South,5973,73.2,0,71.4
8301,Midwest,6098,88.9,0,82.1
8302,Northeast,6945,79.1,0,71.1
8303,Midwest,2936,89.8,0,93.5
8304,West,6890,60.0,1,71.7
8305,Midwest,5459,65.9,0,66.8
8306,West,4658,70.9,0,65.9
8307,South,3186,70.0,0,62.5
8308,Midwest,2251,86.8,0,74.5
8309,Northeast,7395,75.0,0,80.7
8310,Northeast,6398,88.0,0,84.1
8311,Midwest,2246,86.2,0,74.0
8312,West,1943,90.4,0,100.0
8313,Midwest,7294,58.7,1,68.2
8314,Northeast,3633,60.7,1,63.1
8315,Midwest,1339,78.4,0,53.3
8316,South,1916,66.8,1,89.3
8317,South,3393,65.8,0,64.7
8318,Midwest,5747,71.2,0,65.8
8319,South,8587,60.7,1,56.1
8320,West,7294,62.3,0,66.8
8321,Midwest,7986,79.6,0,38.2
8322,South,5988,53.8,1,72.0
8323,South,4934,80.2,0,60.5
8324,West,4260,64.1,0,67.4
8325,West,4479,63.0,0,79.9
8326,Northeast,4794,67.0,1,64.3
8327,Midwest,4732,50.2,1,58.5
8328,West,8663,79.7,0,88.6
8329,Northeast,4539,72.5,0,68.1
8330,Northeast,6154,84.7,0,75.4
8331,Midwest,5263,64.4,1,72.2
8332,Midwest,7823,76.7,0,66.1
8333,Midwest,5937,69.2,0,79.6
8334,Northeast,8275,67.6,0,72.8
8335,West,7678,56.9,1,70.1
8336,Midwest,5244,70.6,1,64.3
8337,South,7401,61.0,0,88.2
8338,South,4270,62.1,1,57.9
8339,Midwest,4552,69.1,0,75.8
8340,West,5068,74.6,0,82.3
8341,Northeast,4926,68.5,0,87.7
8342,West,7885,76.5,1,69.4
8343,Midwest,5594,88.1,0,85.7
8344,West,6035,84.3,0,71.8
8345,Northeast,8624,80.9,0,77.1
8346,Midwest,4033,85.5,0,96.6
8347,West,8818,85.4,0,92.6
8348,West,8050,73.6,1,71.1
8349,West,5307,81.1,0,84.6
8350,South,8020,70.9,1,80.5
8351,Midwest,3586,90.3,0,75.5
8352,West,5727,96.6,0,82.0
8353,South,1975,67.3,1,76.5
8354,West,2850,100.0,0,74.6
8355,West,8162,66.9,0,79.0
8356,South,6530,67.1,1,73.5
8357,Midwest,2248,53.8,0,41.0
8358,South,4974,90.7,0,76.6
8359,Midwest,8562,80.3,1,66.9
8360,Midwest,8803,50.0,1,68.6
8361,South,1372,63.5,0,79.2
8362,South,4919,65.1,0,83.9
8363,Northeast,1218,56.4,0,57.1
8364,West,2486,75.1,0,72.2
8365,West,2309,84.3,0,82.8
8366,South,1711,48.5,1,51.7
8367,Northeast,8696,52.3,1,66.1
8368,South,5553,63.8,0,86.8
8369,South,1695,92.0,0,85.4
8370,West,6886,80.9,0,77.5
8371,Northeast,2036,70.9,0,74.1
8372,West,7126,77.5,0,89.7
8373,West,3686,85.3,0,77.9
8374,West,2389,78.6,0,88.0
8375,South,4016,69.8,0,60.3
8376,West,5674,65.1,0,65.0
8377,West,7924,49.3,1,74.7
8378,West,1793,63.1,1,68.2
8379,South,5158,78.1,0,95.3
8380,West,5179,100.0,0,74.7
8381,Midwest,2131,62.8,0,63.3
8382,Northeast,8490,64.8,1,45.6
8383,South,7354,65.5,1,76.5
8384,West,4417,69.6,0,54.1
8385,South,5044,90.1,0,79.4
8386,South,8697,55.7,1,67.7
8387,Northeast,5643,89.6,0,63.7
8388,West,6530,69.6,1,76.5
8389,Northeast,8409,75.3,1,74.2
8390,Northeast,1348,71.0,0,59.1
8391,Northeast,3243,63.1,0,71.3
8392,Midwest,3479,87.8,0,66.8
8393,West,1970,61.4,0,77.1
8394,Northeast,3387,68.2,0,71.2
8395,West,6867,91.4,0,81.9
8396,Northeast,5323,59.8,1,64.6
8397,South,4166,92.7,0,83.1
8398,Northeast,6308,60.2,0,46.2
8399,Northeast,4722,61.9,1,64.6
8400,West,5036,80.3,0,76.9
8401,South,1383,66.0,0,87.0
8402,South,5549,73.8,0,88.5
8403,West,5413,70.8,0,88.5
8404,Northeast,3596,82.7,0,68.3
8405,Midwest,1317,75.8,0,96.0
8406,Northeast,6060,57.9,1,75.1
8407,West,4506,77.7,0,70.8
8408,Midwest,1694,72.0,0,82.0
8409,Midwest,5538,42.7,1,59.3
8410,West,4124,58.8,0,53.9
8411,West,7185,58.7,0,74.0
8412,Northeast,3778,69.0,0,74.1
8413,West,6978,46.7,1,69.5
8414,Northeast,5295,59.8,0,36.0
8415,Northeast,5010,55.5,0,78.8
8416,West,7737,50.3,1,74.3
8417,Northeast,7260,49.9,1,65.9
8418,Northeast,5567,72.3,0,74.2
8419,South,4031,72.5,0,82.1
8420,Northeast,1452,95.4,0,99.9
8421,Northeast,8427,63.5,0,74.6
8422,South,4457,55.9,1,58.2
8423,South,7719,76.5,0,80.9
8424,Northeast,5729,74.4,0,73.6
8425,West,4375,57.6,1,58.5
8426,West,7204,58.5,0,56.7
8427,Northeast,1480,88.3,0,79.1
8428,Northeast,1509,63.8,1,71.7
8429,Northeast,3459,89.8,0,77.7
8430,South,3148,66.3,0,81.2
8431,Midwest,3255,74.7,0,86.3
8432,Northeast,6624,68.0,1,67.3
8433,Midwest,3687,88.0,0,83.6
8434,Northeast,7443,85.7,0,71.8
8435,Northeast,3248,49.4,1,74.2
8436,South,5666,76.8,1,81.6
8437,South,1789,76.7,0,82.6
8438,Midwest,1937,72.2,0,64.2
8439,South,2374,76.9,0,50.7
8440,Northeast,5304,55.4,1,53.1
8441,Midwest,8127,78.4,0,79.1
8442,Northeast,4559,72.6,0,82.2
8443,West,2829,81.6,0,72.9
8444,Northeast,3160,72.0,0,63.8
8445,West,4568,87.9,0,64.0
8446,South,8498,55.5,1,53.7
8447,Northeast,2219,69.4,0,64.5
8448,South,7198,73.0,0,83.2
8449,Northeast,5619,79.2,0,77.3
8450,South,7471,72.2,0,69.7
8451,South,2778,58.0,1,70.1
8452,Northeast,5031,61.6,0,77.4
8453,Midwest,5851,69.4,0,64.9
8454,West,7047,69.9,0,58.4
8455,South,7845,65.4,1,62.7
8456,West,6508,54.4,1,61.0
8457,Midwest,7560,59.1,1,77.4
8458,West,8338,72.7,0,75.5
8459,West,6603,68.0,0,64.5
8460,Midwest,1324,60.1,1,73.3
8461,West,8385,83.1,0,83.3
8462,Midwest,6560,76.5,0,67.2
8463,South,5239,62.7,1,85.8
8464,West,3985,55.1,1,58.5
8465,West,2255,70.1,0,69.5
8466,Midwest,8058,77.3,0,93.6
8467,Midwest,3787,78.3,0,56.6
8468,South,7366,72.1,1,61.3
8469,Northeast,3094,73.4,0,88.8
8470,Midwest,3129,70.5,1,72.7
8471,West,5279,62.7,1,60.1
8472,South,4594,68.1,0,58.3
8473,West,5134,56.5,1,62.3
8474,West,2315,85.6,0,69.9
8475,Midwest,6873,71.1,1,48.4
8476,South,6049,70.4,0,68.9
8477,Northeast,6665,82.3,0,90.7
8478,Northeast,3556,99.5,0,91.7
8479,South,8793,63.7,1,66.2
8480,Northeast,5691,68.9,0,77.0
8481,Midwest,7195,74.4,0,73.8
8482,Northeast,8235,96.7,0,100.0
8483,West,5133,81.3,0,68.5
8484,Northeast,8675,68.2,0,70.8
8485,South,8541,93.5,0,88.9
8486,West,4216,69.3,0,93.0
8487,Midwest,8236,86.1,0,97.5
8488,Midwest,7093,94.9,0,84.7
8489,West,6434,61.6,0,59.8
8490,Northeast,6412,87.7,0,83.5
8491,West,5813,83.8,0,90.2
8492,South,1852,84.8,0,80.1
8493,Midwest,8959,84.8,0,74.7
8494,West,2476,60.0,0,52.7
8495,West,5768,78.1,0,76.8
8496,South,8730,64.7,0,76.4
8497,Northeast,3060,82.3,0,67.0
8498,Northeast,1687,80.5,0,67.8
8499,Northeast,3472,89.5,0,83.2
8500,West,7813,55.2,1,61.6
8501,Northeast,8139,71.4,0,56.5
8502,West,2972,92.5,0,86.7
8503,West,1770,60.8,1,90.8
8504,South,2651,63.3,1,71.4
8505,Northeast,3491,80.7,0,96.4
8506,Midwest,7015,65.9,0,58.8
8507,Midwest,8746,85.8,0,81.4
8508,South,1293,57.4,1,68.1
8509,Midwest,2188,91.3,0,76.3
8510,South,3565,73.0,0,92.1
8511,Midwest,6435,70.3,0,62.7
8512,South,3213,77.6,0,83.6
8513,West,2988,86.0,0,81.5
8514,West,1218,90.3,0,69.4
8515,Midwest,1822,71.6,0,71.0
8516,Northeast,6699,72.2,0,70.1
8517,West,8041,89.8,0,83.0
8518,West,8072,74.1,0,85.7
8519,South,3760,59.5,1,61.2
8520,Midwest,4190,66.7,0,65.4
8521,Midwest,1359,61.8,0,59.0
8522,West,7235,87.4,0,75.2
8523,Midwest,3931,94.3,0,85.6
8524,Midwest,5917,81.4,0,72.4
8525,West,1288,78.0,0,82.0
8526,Midwest,7614,66.9,1,75.2
8527,South,7422,59.1,0,52.3
8528,South,1366,86.5,0,80.2
8529,South,6058,91.1,0,90.4
8530,West,4342,52.0,1,67.9
8531,South,4768,60.9,1,70.7
8532,South,3013,80.4,0,87.1
8533,Midwest,1321,60.1,0,73.9
8534,Northeast,7499,64.6,0,74.1
8535,West,7984,71.6,0,72.9
8536,South,7693,80.0,0,65.7
8537,South,1340,73.4,0,84.1
8538,West,8487,71.8,0,54.8
8539,West,2634,81.5,0,86.4
8540,West,8388,54.8,0,53.0
8541,South,4853,59.8,1,77.9
8542,West,1393,77.3,0,79.2
8543,Northeast,4035,60.6,0,76.9
8544,Northeast,5758,60.7,1,64.0
8545,South,6903,51.2,1,66.8
8546,Midwest,6243,84.4,0,88.6
8547,West,4412,65.3,1,85.3
8548,Northeast,2720,85.3,0,76.1
8549,South,6299,59.0,1,46.8
8550,Northeast,2606,64.0,0,87.3
8551,Northeast,5616,61.8,0,57.6
8552,Northeast,4608,58.6,1,75.9
8553,Northeast,5834,85.7,0,87.5
8554,South,4903,71.5,0,86.1
8555,Northeast,3263,67.8,1,68.4
8556,West,5168,72.8,0,72.3
8557,Northeast,8759,59.7,0,66.5
8558,Midwest,3286,71.7,0,69.0
8559,West,8190,89.2,0,62.2
8560,Midwest,7663,74.5,0,65.1
8561,South,6579,74.5,0,90.9
8562,Midwest,3799,43.7,1,71.0
8563,West,8849,70.3,0,53.6
8564,South,7563,75.4,0,67.0
8565,Northeast,6034,84.9,0,88.2
8566,Midwest,1691,61.7,0,55.3
8567,Midwest,3286,63.6,0,63.6
8568,Northeast,6721,92.7,0,93.3
8569,West,8014,65.4,1,62.6
8570,West,8514,84.9,0,92.2
8571,Northeast,6871,47.9,1,76.9
8572,West,4603,59.0,1,50.2
8573,West,5364,82.5,0,86.6
8574,South,7923,71.6,1,80.9
8575,Northeast,5725,86.0,0,69.5
8576,Northeast,4043,68.8,0,79.0
8577,West,8116,77.4,0,64.1
8578,West,7519,72.3,0,58.6
8579,Northeast,6697,60.4,0,67.7
8580,Northeast,5384,69.1,0,66.8
8581,West,8085,65.3,1,36.4
8582,South,5561,67.6,1,68.8
8583,South,5977,76.9,0,71.4
8584,South,2033,90.9,0,79.1
8585,Northeast,5921,74.9,1,52.6
8586,Midwest,3942,43.6,1,53.9
8587,South,1950,76.6,0,77.3
8588,Northeast,3049,65.3,0,76.7
8589,South,8464,73.6,0,75.6
8590,Northeast,8702,64.1,1,70.6
8591,Northeast,8226,62.2,1,71.6
8592,South,7885,57.3,1,61.4
8593,Northeast,4098,78.8,0,79.1
8594,Northeast,3878,75.9,0,76.2
8595,South,3200,66.4,0,78.6
8596,Midwest,7719,68.5,0,81.8
8597,South,7958,73.0,0,63.4
8598,South,2910,71.8,0,68.4
8599,Midwest,1652,55.8,1,77.8
8600,Northeast,7512,73.5,0,82.2
8601,Northeast,7778,92.1,0,79.8
8602,West,8769,79.7,1,62.2
8603,Northeast,1364,61.8,0,72.6
8604,Midwest,3190,67.5,0,62.9
8605,Northeast,7625,73.4,0,61.0
8606,West,1330,68.5,0,65.4
8607,Midwest,4298,61.0,1,59.9
8608,Northeast,3852,71.1,0,75.7
8609,South,8221,62.8,0,72.0
8610,Northeast,6970,40.8,1,43.1
8611,Northeast,2413,76.1,0,73.4
8612,South,7614,62.6,1,54.4
8613,Northeast,7016,75.0,0,73.0
8614,South,8840,79.4,0,85.5
8615,West,5698,76.2,0,69.4
8616,Midwest,2817,66.5,1,63.4
8617,West,5673,64.4,1,77.6
8618,South,5681,65.0,1,93.9
8619,Midwest,1447,79.7,0,81.9
8620,Northeast,7863,88.6,0,79.6
8621,West,8603,70.8,1,53.3
8622,Midwest,5823,71.8,0,43.9
8623,West,5292,72.7,0,73.2
8624,Northeast,3317,76.6,0,73.9
8625,West,6665,40.8,1,65.1
8626,West,5673,71.8,0,82.2
8627,West,3683,60.3,1,80.7
8628,Northeast,1382,62.9,0,70.8
8629,Northeast,8060,79.6,0,66.1
8630,West,6428,78.4,0,70.5
8631,West,8898,81.1,0,70.2
8632,South,1638,62.5,1,55.1
8633,Midwest,7604,78.8,0,59.7
8634,West,3766,57.3,1,55.9
8635,South,8201,82.6,0,72.4
8636,Midwest,1348,82.2,0,72.2
8637,South,2352,80.2,0,81.7
8638,South,2665,76.7,0,66.1
8639,Northeast,8262,74.7,0,70.0
8640,South,2138,75.2,0,78.5
8641,South,1346,96.9,0,97.6
8642,Northeast,8405,52.3,1,40.4
8643,South,4715,46.2,1,67.8
8644,Midwest,6984,84.1,0,75.4
8645,West,2248,81.2,0,84.8
8646,West,2503,88.3,0,95.4
8647,Northeast,7198,69.1,1,69.4
8648,Northeast,6926,71.8,1,77.3
8649,West,5120,74.3,0,76.3
8650,South,1778,88.7,0,69.0
8651,South,8523,68.4,0,77.7
8652,South,5226,75.5,0,70.7
8653,Midwest,1643,72.6,0,74.6
8654,Midwest,7909,80.8,0,79.6
8655,Midwest,3205,68.7,0,65.1
8656,Northeast,6988,76.0,0,72.5
8657,Northeast,7780,75.3,0,64.9
8658,Northeast,7105,74.2,0,78.1
8659,South,3729,98.5,0,93.3
8660,Midwest,4993,84.0,0,78.9
8661,Midwest,8391,85.8,0,73.5
8662,Northeast,2543,62.3,1,74.8
8663,Midwest,2940,61.0,1,66.5
8664,South,3909,76.5,0,85.1
8665,South,6895,78.4,0,79.8
8666,West,6327,67.9,0,55.0
8667,Midwest,8485,64.2,1,66.5
8668,South,2467,74.3,0,79.5
8669,Midwest,7592,74.9,0,82.7
8670,Midwest,1844,90.8,0,74.4
8671,West,8114,70.8,0,74.4
8672,South,4645,66.8,0,64.3
8673,Northeast,6878,60.1,0,57.0
8674,South,3380,89.1,0,77.6
8675,South,6655,73.2,1,73.7
8676,Northeast,1754,64.0,0,62.7
8677,Midwest,7002,55.2,0,70.3
8678,South,8420,80.5,0,77.1
8679,Midwest,1571,65.6,0,72.3
8680,Midwest,5228,67.3,1,61.0
8681,West,5350,52.2,1,56.3
8682,Midwest,3648,70.4,0,77.5
8683,South,6897,92.1,0,73.7
8684,Northeast,4410,80.6,0,87.0
8685,West,3972,66.1,1,53.9
8686,Midwest,2946,78.4,0,73.6
8687,West,7500,57.1,1,68.3
8688,South,2312,69.0,0,58.7
8689,Midwest,8500,60.3,0,88.7
8690,Midwest,2944,83.0,0,68.9
8691,Northeast,1807,66.6,0,86.6
8692,Northeast,8890,81.6,0,78.3
8693,Midwest,3254,64.1,0,70.4
8694,West,2273,96.5,0,73.1
8695,Northeast,6090,56.8,1,57.0
8696,Northeast,2095,61.1,0,66.5
8697,Midwest,8135,58.7,1,70.6
8698,South,3572,76.3,0,68.9
8699,Midwest,8997,85.7,0,86.9
8700,Northeast,4640,58.6,1,63.2
8701,Northeast,3247,83.9,0,82.7
8702,West,7260,81.9,0,100.0
8703,Northeast,2772,61.9,0,82.3
8704,West,5287,63.7,0,58.8
8705,West,3900,78.4,0,67.0
8706,Northeast,4042,56.9,1,68.4
8707,Northeast,5722,86.0,0,75.1
8708,Midwest,5893,62.4,1,51.3
8709,Midwest,2675,74.8,1,78.4
8710,Northeast,5298,71.1,0,81.8
8711,South,5155,75.3,0,72.5
8712,Northeast,4992,68.3,0,74.3
8713,Midwest,1431,86.3,0,56.5
8714,Midwest,7636,77.9,0,70.7
8715,South,8738,47.0,1,59.2
8716,Midwest,2326,58.1,1,58.0
8717,West,4231,76.2,0,75.3
8718,Northeast,6820,76.8,0,87.6
8719,West,5706,70.9,0,82.6
8720,South,7290,56.1,1,75.5
8721,West,7276,76.6,0,86.5
8722,South,2755,54.4,1,92.1
8723,South,2656,45.4,1,56.3
8724,Midwest,2259,48.8,1,55.0
8725,Northeast,5002,77.8,0,74.6
8726,Midwest,2675,67.3,0,75.1
8727,West,7688,67.4,0,78.6
8728,West,1223,58.0,0,82.5
8729,South,7223,55.3,1,62.7
8730,South,5555,94.4,0,90.2
8731,Midwest,3037,73.7,1,78.3
8732,West,1621,62.2,0,59.4
8733,Midwest,2785,69.0,0,74.4
8734,West,4823,55.8,1,60.1
8735,Northeast,2588,60.8,1,67.1
8736,Midwest,5314,68.6,1,62.5
8737,Northeast,7030,67.6,0,60.1
8738,West,6263,79.8,0,84.7
8739,South,6790,90.0,0,92.5
8740,South,4867,71.9,0,74.1
8741,West,1738,72.1,0,75.0
8742,Midwest,3438,74.5,0,60.3
8743,Northeast,6092,59.4,1,72.3
8744,West,8673,82.4,0,78.3
8745,Northeast,6935,41.3,1,44.4
8746,South,6541,80.4,0,76.4
8747,South,4805,74.7,0,76.0
8748,West,7388,63.9,0,68.1
8749,South,7533,52.3,1,39.4
8750,South,5615,45.2,1,52.4
8751,Northeast,4376,69.1,0,77.2
8752,Midwest,5377,63.8,0,64.8
8753,South,5451,81.3,0,85.1
8754,Midwest,3678,70.1,0,95.9
8755,Midwest,1532,58.6,0,63.9
8756,South,1841,74.9,0,79.0
8757,South,5482,67.2,0,57.7
8758,West,2282,74.5,1,73.0
8759,West,6410,55.3,1,57.0
8760,Midwest,8902,62.2,0,73.9
8761,West,4389,48.5,1,76.0
8762,Northeast,5988,51.9,1,51.1
8763,Midwest,8578,74.6,0,83.8
8764,West,3476,92.2,0,89.8
8765,Midwest,4366,66.1,0,72.6
8766,Northeast,2175,76.8,0,57.0
8767,West,7069,79.5,0,69.0
8768,South,8002,79.9,0,89.7
8769,Northeast,4628,73.2,0,81.8
8770,Northeast,4775,78.9,1,72.6
8771,West,8949,66.7,0,57.7
8772,Northeast,2877,90.5,0,70.7
8773,West,8055,78.5,0,72.4
8774,Midwest,7335,76.5,0,71.4
8775,West,5211,77.1,0,80.6
8776,Northeast,6003,65.4,1,66.1
8777,South,1851,90.1,0,72.0
8778,Midwest,8951,59.1,0,65.0
8779,Northeast,3422,81.8,0,85.1
8780,South,4836,94.5,0,78.1
8781,Northeast,8300,92.0,0,81.4
8782,Midwest,4351,78.7,0,89.0
8783,Midwest,1977,67.0,0,86.2
8784,West,8539,54.1,1,58.8
8785,Northeast,4182,79.4,0,77.9
8786,Midwest,3738,83.6,0,84.1
8787,Midwest,5184,63.4,1,62.8
8788,Northeast,8976,63.1,0,57.9
8789,Northeast,8667,75.1,0,73.4
8790,West,4178,82.7,0,77.9
8791,South,3402,61.0,0,71.6
8792,South,3753,100.0,0,89.9
8793,South,2323,73.3,0,57.9
8794,South,2534,69.0,0,61.5
8795,Midwest,3266,77.9,0,61.0
8796,Northeast,5154,72.5,0,78.6
8797,Northeast,6524,87.0,0,65.0
8798,Midwest,4423,78.4,0,79.8
8799,Midwest,6291,61.5,0,61.2
8800,South,2932,66.5,0,50.6
8801,South,3352,69.5,0,68.6
8802,West,4279,87.0,0,66.6
8803,Northeast,1543,70.4,0,84.4
8804,Midwest,7772,72.5,1,88.5
8805,West,1497,68.4,1,81.0
8806,Northeast,8311,65.3,1,74.9
8807,Midwest,2597,75.1,0,73.1
8808,Northeast,1219,60.1,1,58.5
8809,Midwest,7977,65.7,0,64.7
8810,West,7428,79.9,0,53.7
8811,South,5830,60.0,0,64.2
8812,West,5858,63.5,1,81.6
8813,West,3559,62.5,1,64.1
8814,Northeast,8860,61.9,1,81.8
8815,Northeast,7540,67.7,1,76.6
8816,Midwest,8622,55.6,1,50.2
8817,South,7797,88.1,0,68.4
8818,Midwest,5115,68.3,0,73.4
8819,Northeast,4520,71.0,0,77.0
8820,West,1904,58.4,0,70.4
8821,Midwest,5540,71.6,0,78.2
8822,South,2576,66.3,0,66.1
8823,Northeast,8248,64.8,0,65.3
8824,Midwest,6680,64.4,0,61.1
8825,Northeast,1866,61.4,0,73.3
8826,South,1419,82.1,0,88.6
8827,West,2732,71.7,0,79.5
8828,West,7365,91.5,0,80.2
8829,South,1531,72.3,0,64.9
8830,Midwest,6392,73.3,1,54.2
8831,Midwest,4522,80.2,0,66.5
8832,South,3092,69.8,0,68.1
8833,Midwest,6836,52.1,1,80.2
8834,Midwest,8835,69.3,0,66.1
8835,South,2507,72.2,0,57.5
8836,Midwest,2695,82.9,0,74.4
8837,West,1837,67.9,0,80.1
8838,Midwest,6202,46.0,1,57.9
8839,South,3145,87.9,0,85.7
8840,Northeast,8617,64.8,1,51.9
8841,Northeast,6580,75.2,0,77.9
8842,West,7476,74.8,0,67.4
8843,Midwest,3936,77.0,0,84.0
8844,South,2500,86.4,0,63.9
8845,Midwest,8969,58.7,1,51.2
8846,Northeast,8623,91.0,0,86.0
8847,Midwest,4185,82.9,0,74.8
8848,Northeast,6811,67.0,0,84.7
8849,Midwest,8196,71.9,0,71.1
8850,West,7138,78.7,0,68.1
8851,Midwest,7166,71.1,0,71.5
8852,Midwest,1301,64.2,1,59.7
8853,West,4690,85.1,0,80.6
8854,Northeast,8853,86.1,0,89.5
8855,West,7393,79.6,1,79.8
8856,Midwest,2418,68.6,1,65.4
8857,West,2333,66.2,0,58.1
8858,South,8605,80.0,0,85.3
8859,West,5458,79.3,0,68.4
8860,Midwest,2409,57.8,0,77.7
8861,Midwest,4811,71.9,1,70.2
8862,South,4092,74.3,0,70.3
8863,West,8283,82.1,0,83.2
8864,South,3969,83.7,0,67.0
8865,Northeast,1430,72.0,0,66.5
8866,South,4031,65.3,1,51.4
8867,Northeast,3836,78.8,0,90.5
8868,Northeast,8509,70.7,0,83.0
8869,Northeast,4318,69.1,0,63.3
8870,West,6815,78.0,0,82.2
8871,West,3035,72.4,0,70.7
8872,Northeast,5022,89.8,0,86.2
8873,Midwest,5774,84.6,0,66.2
8874,South,7291,59.4,1,72.4
8875,South,2749,58.0,0,68.2
8876,Midwest,3017,80.1,0,81.7
8877,Midwest,8164,83.8,0,74.3
8878,Northeast,8539,70.5,0,74.0
8879,West,7163,74.2,0,86.8
8880,Midwest,1765,69.7,0,50.6
8881,South,2246,82.3,0,100.0
8882,Northeast,1799,79.8,0,77.0
8883,West,8003,90.8,0,100.0
8884,Northeast,1549,92.4,0,87.4
8885,South,5253,66.0,0,66.4
8886,Northeast,4801,74.7,0,72.4
8887,South,8509,79.5,0,64.5
8888,South,2771,74.1,0,70.3
8889,Midwest,2778,79.0,0,79.0
8890,South,1284,71.5,0,57.2
8891,Midwest,6926,62.7,0,67.3
8892,Northeast,4569,66.9,0,61.5
8893,South,5439,71.0,0,67.7
8894,Midwest,4751,83.2,0,73.5
8895,West,6196,84.6,0,79.8
8896,West,2165,77.0,0,59.1
8897,West,7748,81.8,0,75.7
8898,South,1774,55.6,1,64.6
8899,Northeast,7850,63.0,0,65.9
8900,Northeast,5031,63.3,0,72.3
8901,Northeast,6368,68.6,0,69.3
8902,West,3123,65.7,1,71.2
8903,Midwest,2693,79.3,0,98.4
8904,Northeast,5366,47.9,1,63.9
8905,Northeast,4854,75.5,0,68.4
8906,Northeast,8317,73.2,0,79.4
8907,South,6115,75.4,0,73.0
8908,South,4851,54.6,1,50.9
8909,Midwest,2724,73.1,0,77.5
8910,West,6616,75.4,0,73.4
8911,Northeast,6350,65.2,1,62.4
8912,Midwest,8917,69.4,0,69.9
8913,West,2472,73.1,0,65.3
8914,West,4107,80.6,0,72.6
8915,Northeast,8877,86.1,0,67.7
8916,South,1545,61.3,1,72.2
8917,Midwest,6778,78.2,0,74.0
8918,Northeast,6135,80.1,0,59.2
8919,West,7305,56.1,1,55.5
8920,West,4399,67.4,0,61.4
8921,West,8238,66.9,1,68.1
8922,Midwest,7506,82.3,0,90.4
8923,Northeast,2383,80.3,0,86.1
8924,Northeast,7238,90.9,0,86.9
8925,West,5721,60.2,0,66.9
8926,South,4266,72.6,0,61.4
8927,Midwest,6334,66.6,0,72.3
8928,South,5844,86.3,0,77.8
8929,Northeast,5186,80.9,0,64.4
8930,South,3719,78.4,0,88.7
8931,Midwest,5324,74.6,0,86.0
8932,Midwest,5224,80.1,0,100.0
8933,South,2734,99.5,0,84.0
8934,West,8650,82.4,0,94.7
8935,South,2861,57.5,0,61.3
8936,Midwest,6656,65.1,0,73.8
8937,Northeast,5221,60.6,0,75.6
8938,West,7925,64.5,0,52.1
8939,South,5248,77.8,0,62.1
8940,Northeast,2207,60.9,0,58.7
8941,Northeast,6936,55.1,1,52.8
8942,South,5707,82.0,0,54.4
8943,West,3192,47.7,1,58.9
8944,Midwest,7557,92.9,0,86.4
8945,Northeast,2847,87.9,0,74.5
8946,Northeast,6288,83.2,0,89.5
8947,Midwest,4160,70.4,1,69.7
8948,Northeast,8017,58.5,1,64.9
8949,Midwest,5795,58.7,1,57.2
8950,West,6895,71.7,0,65.2
8951,Northeast,7780,68.7,0,64.3
8952,Midwest,5902,66.1,1,72.0
8953,Northeast,7700,95.0,0,76.2
8954,South,8184,71.5,0,63.7
8955,South,4007,63.2,0,86.1
8956,Midwest,6098,91.0,0,100.0
8957,Northeast,7401,66.1,0,45.9
8958,Midwest,4053,85.6,0,93.0
8959,Northeast,1472,77.2,0,58.6
8960,South,6227,69.6,0,63.7
8961,South,3595,78.0,0,70.9
8962,Midwest,3623,83.0,0,86.2
8963,Midwest,4573,80.8,0,82.3
8964,Northeast,8474,72.9,0,77.9
8965,South,8548,71.5,0,67.3
8966,Northeast,7267,81.4,0,84.8
8967,West,1775,74.3,0,48.3
8968,Northeast,8168,69.8,0,72.9
8969,Northeast,6449,86.2,0,72.4
8970,Northeast,3873,69.0,1,86.9
8971,Northeast,3520,53.2,1,57.0
8972,Northeast,7125,75.3,0,98.3
8973,Northeast,1400,76.9,0,94.7
8974,South,6655,80.0,0,73.7
8975,West,2778,41.8,1,58.3
8976,South,6343,57.8,1,54.1
8977,West,3482,81.8,0,63.3
8978,South,1992,99.4,0,99.7
8979,West,7167,63.6,0,62.1
8980,South,7720,90.0,0,79.6
8981,Northeast,7148,83.9,0,78.0
8982,South,2904,55.9,0,61.7
8983,West,2786,78.6,0,88.0
8984,Midwest,6907,61.9,1,76.8
8985,Midwest,1801,77.5,0,77.1
8986,Northeast,6094,82.2,0,73.1
8987,South,1405,86.6,0,85.0
8988,Midwest,5721,73.6,0,78.8
8989,West,2554,67.3,0,67.6
8990,Midwest,6262,55.2,0,64.0
8991,Midwest,7551,87.5,0,90.6
8992,Northeast,5024,90.7,0,77.8
8993,Midwest,8291,75.9,0,59.3
8994,Midwest,3784,74.1,1,68.8
8995,West,8507,62.6,1,70.2
8996,Northeast,7716,56.6,1,37.2
8997,Midwest,7518,33.5,1,47.1
8998,South,7675,81.2,0,65.4
8999,South,7730,66.7,1,78.1
9000,Midwest,1531,77.9,0,68.1
9001,Midwest,5952,54.3,1,60.4
9002,Northeast,2239,79.4,0,51.2
9003,Northeast,5606,63.3,1,64.9
9004,Midwest,6728,82.8,0,63.3
9005,South,2804,53.2,1,60.8
9006,Midwest,1732,73.8,1,70.4
9007,Northeast,6804,76.0,1,60.5
9008,Northeast,1450,73.3,0,75.5
9009,Midwest,1464,76.5,0,80.1
9010,South,4133,74.3,0,83.0
9011,West,3178,77.0,1,52.7
9012,South,2653,79.2,0,51.3
9013,West,8607,65.8,0,57.4
9014,West,7660,81.3,0,62.0
9015,West,2911,84.6,0,67.5
9016,South,8845,79.7,0,79.9
9017,Northeast,5707,81.8,0,62.2
9018,Midwest,2389,64.2,0,55.2
9019,South,7696,80.0,0,68.2
9020,Northeast,1453,83.9,0,100.0
9021,Northeast,5675,57.7,0,69.0
9022,West,5853,68.9,0,68.9
9023,Northeast,5802,76.2,0,73.1
9024,Northeast,3309,58.9,1,53.5
9025,South,7570,78.5,0,76.2
9026,Northeast,7149,54.0,1,47.6
9027,West,7534,53.9,1,76.5
9028,South,6663,69.2,0,53.3
9029,West,3800,61.4,1,71.3
9030,West,3432,63.6,1,44.2
9031,West,5342,78.2,0,76.6
9032,West,7389,85.7,0,87.5
9033,West,3725,78.3,0,68.9
9034,West,8962,75.3,0,52.3
9035,South,4451,99.4,0,81.4
9036,Midwest,6725,71.0,0,64.6
9037,West,2528,100.0,0,79.0
9038,South,5503,74.3,0,65.6
9039,Northeast,3909,79.4,0,75.4
9040,Midwest,7422,68.6,1,71.0
9041,Northeast,3596,55.4,1,52.7
9042,West,2896,81.0,0,70.4
9043,Midwest,7224,60.1,0,63.4
9044,Midwest,3277,61.4,0,76.3
9045,West,1712,66.6,0,63.4
9046,South,5165,88.4,1,77.7
9047,West,6346,69.7,0,57.1
9048,Midwest,3641,66.9,1,67.0
9049,South,8019,52.4,1,62.5
9050,South,3631,76.0,0,80.9
9051,Midwest,7833,44.3,1,51.4
9052,Midwest,8454,68.9,1,84.6
9053,Northeast,2445,58.4,1,59.1
9054,Midwest,7599,61.9,1,59.3
9055,West,6475,81.7,0,71.3
9056,West,4247,72.0,0,70.6
9057,South,1455,83.5,0,92.6
9058,Northeast,3944,59.6,0,66.5
9059,Midwest,1349,83.0,0,81.7
9060,Midwest,3332,84.4,0,79.3
9061,Midwest,7330,81.3,0,86.6
9062,West,5091,86.6,0,83.9
9063,Midwest,7083,65.1,0,69.3
9064,Midwest,3769,67.9,0,74.4
9065,Northeast,8993,68.6,0,63.0
9066,Northeast,8058,79.7,1,100.0
9067,South,7785,83.8,0,93.9
9068,West,8155,66.5,0,67.5
9069,Midwest,6286,72.3,0,91.2
9070,Midwest,3809,72.1,0,74.7
9071,Midwest,2096,88.1,0,91.4
9072,Midwest,2693,55.4,1,48.6
9073,Northeast,8130,66.4,0,53.5
9074,West,1762,67.6,0,73.4
9075,Midwest,3473,83.8,0,74.4
9076,Northeast,8562,68.2,1,60.4
9077,Midwest,3258,82.0,0,73.0
9078,Midwest,5061,71.3,0,68.0
9079,West,3207,80.9,0,77.5
9080,Northeast,3801,47.4,0,50.8
9081,West,7026,66.0,0,69.8
9082,Northeast,7937,74.1,1,98.9
9083,West,7397,78.1,0,89.4
9084,South,2120,78.5,0,78.2
9085,Midwest,8750,89.4,0,83.4
9086,South,2342,54.6,1,65.1
9087,South,4801,78.4,0,74.2
9088,Midwest,4176,58.4,1,68.9
9089,Midwest,3924,64.0,1,75.4
9090,Midwest,3005,64.7,1,64.3
9091,Northeast,8745,88.9,0,74.4
9092,Northeast,1507,66.5,0,82.1
9093,Midwest,8450,65.0,0,38.1
9094,Northeast,8071,56.8,0,63.6
9095,South,6481,71.6,0,80.4
9096,Northeast,1264,70.5,0,63.3
9097,Northeast,7618,67.7,0,51.2
9098,South,8873,69.0,0,95.6
9099,Midwest,6048,66.6,0,79.5
9100,Northeast,4270,66.8,0,70.5
9101,South,5889,72.3,0,76.8
9102,Northeast,6300,86.0,0,89.7
9103,West,2604,66.6,0,54.2
9104,Northeast,8527,67.4,0,63.8
9105,West,5195,67.7,0,56.8
9106,West,3364,75.7,0,72.9
9107,Northeast,6347,57.2,1,56.2
9108,South,8637,50.9,0,54.1
9109,South,4443,70.0,0,62.6
9110,Midwest,2296,73.0,0,55.4
9111,South,6712,80.0,0,85.6
9112,Midwest,5564,77.9,0,72.3
9113,West,8768,77.9,0,70.3
9114,South,7034,57.4,1,65.1
9115,West,3059,86.5,0,92.5
9116,South,2330,62.4,0,67.0
9117,Midwest,7561,84.6,0,78.9
9118,Northeast,8557,71.3,0,67.2
9119,Midwest,4283,75.6,0,70.8
9120,South,8837,97.4,0,83.8
9121,Northeast,8629,77.1,0,75.0
9122,Midwest,8327,100.0,0,85.1
9123,South,5094,84.1,0,90.3
9124,Northeast,8024,91.4,0,91.6
9125,Midwest,1625,55.3,1,65.9
9126,Midwest,8460,52.1,1,72.2
9127,South,7833,52.3,1,60.7
9128,Midwest,5279,84.0,0,83.2
9129,South,8410,59.4,1,69.1
9130,Northeast,5321,71.2,0,83.0
9131,Midwest,5429,69.9,0,74.8
9132,West,1383,77.8,0,92.9
9133,South,4950,84.5,0,72.9
9134,West,3944,71.5,0,74.6
9135,Northeast,6190,79.9,0,82.3
9136,South,1658,70.7,0,73.3
9137,Northeast,1320,68.2,0,65.1
9138,Northeast,5077,97.4,0,99.1
9139,South,2648,74.4,0,80.2
9140,Northeast,4596,80.8,0,77.6
9141,Northeast,8293,77.4,0,69.7
9142,Northeast,8387,78.8,0,77.5
9143,South,1328,45.8,1,55.4
9144,Northeast,8097,83.8,0,73.9
9145,South,5085,75.3,0,66.1
9146,Northeast,8751,94.3,0,77.5
9147,South,7973,73.9,0,70.3
9148,Northeast,5176,82.3,0,95.8
9149,West,3237,68.4,1,68.9
9150,Northeast,5338,69.6,0,80.2
9151,Midwest,2999,81.8,0,78.3
9152,Northeast,5319,93.3,0,87.1
9153,West,4167,59.3,1,53.6
9154,South,4501,73.5,0,79.7
9155,Northeast,8959,53.9,1,55.6
9156,South,4076,72.5,0,71.8
9157,Northeast,4549,83.6,0,78.5
9158,Midwest,7073,87.8,0,83.7
9159,South,8877,64.0,0,68.9
9160,West,3960,52.1,1,56.4
9161,West,8977,89.5,0,50.9
9162,Midwest,7952,55.7,1,56.5
9163,South,4995,78.0,0,91.0
9164,West,5200,63.8,1,78.9
9165,West,6480,71.5,0,75.3
9166,Midwest,7112,94.0,0,88.2
9167,Midwest,8856,80.7,0,85.1
9168,Northeast,3286,60.1,1,62.5
9169,West,1453,76.0,0,74.4
9170,South,3251,71.0,0,72.9
9171,South,2486,72.8,0,51.2
9172,South,2498,62.2,0,45.6
9173,West,1263,88.3,0,55.6
9174,West,2749,74.4,0,49.8
9175,South,8009,68.5,0,79.2
9176,Northeast,1963,75.9,1,71.1
9177,Midwest,4473,64.9,1,74.2
9178,Northeast,1647,77.1,1,71.9
9179,South,5394,70.6,0,54.0
9180,West,2517,68.0,1,69.7
9181,South,8004,83.5,0,64.0
9182,West,5048,57.9,1,60.3
9183,West,1267,60.3,1,67.9
9184,South,7917,89.3,0,79.1
9185,Midwest,5276,74.9,0,75.9
9186,Midwest,2615,80.6,0,88.1
9187,Midwest,4486,90.4,0,67.8
9188,Midwest,5065,71.6,0,67.8
9189,West,8340,73.0,0,67.6
9190,West,2720,93.9,0,75.6
9191,Midwest,5343,76.0,0,82.0
9192,West,2543,76.6,0,93.4
9193,Northeast,5967,51.4,1,66.4
9194,West,6823,71.4,0,82.6
9195,Northeast,6104,54.9,1,59.9
9196,South,7241,77.6,0,93.3
9197,Midwest,1560,64.0,0,71.8
9198,Northeast,5182,63.1,0,67.0
9199,South,8743,76.3,0,70.3
9200,South,2288,97.8,0,100.0
9201,West,3285,79.8,0,72.5
9202,South,4855,66.5,0,62.1
9203,Northeast,3530,68.8,1,59.1
9204,Northeast,2503,97.3,0,78.5
9205,Midwest,7589,62.4,0,59.2
9206,Midwest,6236,69.9,0,61.5
9207,South,4289,54.1,1,82.3
9208,Northeast,7241,94.0,0,92.8
9209,Midwest,8785,79.1,0,84.5
9210,Midwest,1855,80.9,0,89.1
9211,South,3928,74.8,0,78.3
9212,South,6548,66.3,1,56.8
9213,South,3288,77.9,0,81.2
9214,West,3107,77.7,0,65.1
9215,Midwest,5566,66.4,1,87.5
9216,South,7139,69.9,0,67.5
9217,Midwest,4929,66.9,0,75.9
9218,Midwest,3514,56.9,0,47.0
9219,West,3054,64.3,0,65.5
9220,Midwest,4117,53.8,1,73.5
9221,Northeast,5104,58.5,1,70.3
9222,West,8186,67.4,1,66.9
9223,South,6091,79.4,0,66.5
9224,West,5731,76.5,0,68.6
9225,Northeast,6072,90.4,0,89.4
9226,West,5483,62.1,1,48.2
9227,Northeast,4186,73.3,0,55.6
9228,South,7997,75.9,0,79.9
9229,South,7446,88.5,0,88.6
9230,Midwest,2470,71.1,0,81.5
9231,Northeast,8854,87.2,0,75.8
9232,Midwest,3800,61.7,1,69.0
9233,Midwest,5314,70.4,0,65.4
9234,West,6985,79.6,0,70.2
9235,West,6509,65.6,0,43.4
9236,West,7935,68.4,0,72.2
9237,Northeast,6495,56.3,1,64.5
9238,Midwest,3025,58.4,1,60.9
9239,South,4853,80.8,0,80.5
9240,Northeast,5035,81.4,0,76.4
9241,Northeast,4784,61.6,0,64.7
9242,South,4766,76.1,0,62.4
9243,West,7170,54.6,1,64.3
9244,Midwest,8014,77.7,0,76.9
9245,Northeast,5829,49.0,1,79.5
9246,West,7690,76.9,0,81.4
9247,Midwest,8524,42.0,1,72.0
9248,West,2783,60.6,1,61.7
9249,Northeast,5051,59.2,0,65.0
9250,West,4653,69.4,1,63.7
9251,Midwest,5165,72.6,0,66.9
9252,Midwest,2986,63.2,0,62.0
9253,South,6459,75.3,0,82.6
9254,Northeast,4423,59.9,0,69.5
9255,West,5593,65.8,0,79.1
9256,South,2704,57.6,1,53.7
9257,Northeast,2026,55.0,1,77.4
9258,Northeast,3321,76.9,0,72.4
9259,Northeast,2383,58.7,1,58.0
9260,West,2758,79.9,0,85.2
9261,West,7967,65.9,0,73.4
9262,Northeast,8900,59.0,0,59.1
9263,Northeast,1937,100.0,0,94.1
9264,Northeast,5370,69.3,0,83.2
9265,Northeast,8965,74.8,0,82.5
9266,Northeast,8678,63.8,1,88.7
9267,South,7587,83.5,0,67.3
9268,Northeast,3572,80.3,0,75.2
9269,Midwest,8099,66.6,0,48.3
9270,South,2040,76.5,0,88.2
9271,West,2463,65.0,1,58.5
9272,Northeast,8378,58.7,1,72.3
9273,West,5370,83.1,0,83.0
9274,Northeast,5509,72.8,0,69.9
9275,South,3049,73.7,0,68.7
9276,West,5077,77.1,0,64.7
9277,South,7556,62.0,1,74.2
9278,Midwest,5866,90.0,0,85.0
9279,Northeast,2853,62.7,1,61.0
9280,Midwest,3592,76.6,0,72.6
9281,South,2063,63.8,1,59.2
9282,Northeast,4907,72.0,0,87.4
9283,Northeast,8070,68.9,0,70.2
9284,Northeast,4602,79.5,0,70.3
9285,West,8584,63.7,1,76.4
9286,Midwest,3728,87.4,0,66.7
9287,Midwest,5647,68.7,1,58.1
9288,West,6453,42.3,1,58.8
9289,Midwest,4037,82.4,0,81.6
9290,West,2778,68.1,1,62.8
9291,Northeast,2356,60.8,1,62.8
9292,South,1781,95.6,0,75.7
9293,West,6915,79.7,0,82.8
9294,Northeast,8903,61.4,1,83.9
9295,West,1504,82.9,0,77.5
9296,Midwest,4458,69.9,1,68.8
9297,West,5895,76.2,0,91.1
9298,Midwest,4016,85.2,0,71.1
9299,Midwest,8532,64.2,1,60.5
9300,Midwest,6472,66.9,1,57.4
9301,West,3432,68.2,0,70.9
9302,West,6706,63.6,1,69.8
9303,West,4166,49.4,1,46.0
9304,Midwest,7764,77.9,0,88.0
9305,Northeast,2237,70.0,1,56.7
9306,Midwest,6925,66.6,0,71.0
9307,South,4251,78.5,0,58.7
9308,Northeast,1694,83.2,0,71.8
9309,Midwest,6461,73.6,0,68.5
9310,Northeast,4977,53.7,1,48.2
9311,South,3657,83.1,0,79.1
9312,Midwest,1455,60.0,1,65.0
9313,Northeast,5725,66.4,1,64.2
9314,West,2368,43.7,1,66.8
9315,Northeast,7010,85.3,0,78.0
9316,Northeast,5758,37.8,1,31.1
9317,Northeast,4527,90.0,0,95.2
9318,Northeast,8715,75.2,0,78.6
9319,Northeast,5972,65.2,0,73.4
9320,West,6890,77.0,0,67.2
9321,Midwest,5820,87.2,0,72.0
9322,South,4933,96.1,0,90.8
9323,West,6573,73.3,0,68.4
9324,Northeast,5105,90.7,0,76.1
9325,West,3020,84.3,0,85.9
9326,Northeast,1275,57.8,1,52.8
9327,South,7687,99.5,0,100.0
9328,South,7183,88.6,0,63.8
9329,South,4792,77.4,0,73.9
9330,Northeast,8675,81.1,0,85.8
9331,Midwest,4479,58.9,1,71.4
9332,West,5385,73.8,1,87.3
9333,West,5709,80.2,1,73.2
9334,South,3172,71.5,0,59.5
9335,Northeast,2137,88.9,0,84.1
9336,Midwest,2037,76.5,0,80.6
9337,Midwest,2222,57.9,1,72.2
9338,West,5116,54.8,0,47.4
9339,West,2012,74.1,1,66.2
9340,South,5987,84.6,0,80.2
9341,South,5574,87.4,0,90.0
9342,Midwest,4096,69.6,0,53.8
9343,West,1670,96.6,0,73.0
9344,Midwest,3250,60.4,1,61.3
9345,Northeast,4540,90.4,0,98.9
9346,Northeast,5304,50.7,1,72.2
9347,South,6123,79.9,0,62.2
9348,Midwest,7891,86.9,0,88.5
9349,Northeast,3956,42.8,1,57.7
9350,South,2921,59.6,1,52.2
9351,South,3067,89.9,0,88.7
9352,West,2761,60.2,0,70.6
9353,West,1735,80.0,0,79.4
9354,Northeast,6733,73.3,0,80.0
9355,Midwest,7392,50.5,1,55.0
9356,Northeast,3841,57.2,1,71.1
9357,South,7866,72.1,0,67.9
9358,West,7064,73.0,0,70.4
9359,South,3153,78.5,0,76.0
9360,West,2023,79.2,0,65.3
9361,West,1913,58.3,0,48.0
9362,Northeast,4859,85.8,0,74.9
9363,Northeast,6266,73.9,0,49.8
9364,South,6722,62.1,1,71.4
9365,West,4852,70.6,0,85.1
9366,West,2230,72.6,0,80.9
9367,Northeast,7946,83.5,0,87.4
9368,South,6016,72.9,1,67.7
9369,Midwest,6033,56.0,1,71.4
9370,Midwest,8997,67.4,0,75.8
9371,Northeast,3918,79.1,0,69.1
9372,South,1770,88.6,0,68.7
9373,South,8244,54.6,1,59.3
9374,Northeast,4769,48.0,1,63.7
9375,South,3633,79.5,0,79.2
9376,Midwest,3461,68.1,0,60.4
9377,Midwest,7635,62.6,0,62.9
9378,Midwest,6202,75.2,0,74.6
9379,Northeast,5704,57.0,1,66.1
9380,South,2832,66.5,0,91.2
9381,South,2901,60.1,1,65.1
9382,West,7739,82.1,0,64.5
9383,South,5023,88.6,0,85.5
9384,Northeast,2598,65.7,0,76.6
9385,Midwest,6865,51.5,1,64.5
9386,Northeast,2499,66.3,1,65.3
9387,South,6230,47.7,1,56.8
9388,Northeast,8442,71.1,0,72.7
9389,Midwest,5702,74.6,0,57.5
9390,South,3158,79.9,0,61.9
9391,West,4597,87.7,0,79.9
9392,Midwest,6040,59.2,1,76.1
9393,South,6596,85.4,0,76.9
9394,South,6877,61.4,1,57.6
9395,Northeast,2842,52.4,1,57.3
9396,Midwest,8906,100.0,0,100.0
9397,Midwest,8942,81.2,0,78.0
9398,South,4028,63.8,1,54.7
9399,Midwest,1386,94.3,0,66.5
9400,South,8987,65.7,0,71.7
9401,West,5352,73.4,0,77.9
9402,West,5605,59.6,1,51.0
9403,Midwest,5434,86.0,0,58.3
9404,South,2625,84.1,0,66.8
9405,South,7582,75.1,0,84.4
9406,West,5901,90.9,0,75.0
9407,Northeast,7252,76.9,0,74.3
9408,West,1270,69.0,0,80.7
9409,Midwest,8894,70.0,1,72.4
9410,Midwest,6331,98.0,0,71.5
9411,Midwest,7190,69.1,0,71.1
9412,South,7797,66.6,1,74.6
9413,Midwest,8737,60.0,0,64.5
9414,West,3052,82.8,0,83.4
9415,Northeast,6158,86.6,0,86.2
9416,South,3994,68.5,0,61.6
9417,South,4146,75.8,0,85.8
9418,South,6507,90.5,0,83.7
9419,Northeast,8321,61.5,1,70.0
9420,South,5644,79.3,0,89.8
9421,West,3212,73.5,0,76.8
9422,Northeast,6543,37.3,1,44.9
9423,Midwest,8378,64.2,0,73.4
9424,Northeast,8625,79.0,0,63.0
9425,West,7094,57.5,1,56.8
9426,West,5161,79.5,0,85.2
9427,South,2069,76.4,0,79.2
9428,West,3518,82.6,0,68.6
9429,West,2663,58.2,0,66.2
9430,South,7135,72.5,0,86.0
9431,West,1216,53.9,1,65.9
9432,Northeast,2803,63.4,0,65.5
9433,West,3773,67.8,1,78.7
9434,Midwest,6377,88.4,0,89.9
9435,Northeast,2597,61.7,1,60.5
9436,Northeast,8711,50.4,1,77.9
9437,West,4824,63.8,0,65.7
9438,South,4908,69.5,0,49.8
9439,South,1442,85.9,0,75.3
9440,Midwest,6005,65.0,0,70.8
9441,Northeast,4789,46.5,1,56.9
9442,Midwest,4977,100.0,0,89.0
9443,South,1349,75.2,0,76.4
9444,South,8806,90.2,0,55.9
9445,Northeast,5622,63.2,1,60.2
9446,South,8603,66.1,1,50.4
9447,Midwest,3180,73.2,0,56.4
9448,West,8751,61.9,0,90.5
9449,Northeast,1243,39.9,1,58.2
9450,West,1585,87.9,0,86.6
9451,Northeast,8460,87.7,0,79.0
9452,Northeast,6648,53.0,0,67.5
9453,Northeast,6113,92.1,0,87.9
9454,Midwest,6293,57.1,1,52.1
9455,West,1346,78.5,0,75.4
9456,Northeast,6943,89.5,0,82.5
9457,Northeast,4766,59.3,1,76.6
9458,Northeast,6470,61.5,1,79.4
9459,West,6111,56.4,1,62.3
9460,Midwest,5414,63.6,0,73.6
9461,South,5477,66.4,1,61.6
9462,West,5247,65.5,1,73.4
9463,Midwest,4544,66.7,0,50.9
9464,South,7516,62.1,1,68.1
9465,South,4234,79.6,0,61.7
9466,Midwest,1800,98.8,0,93.2
9467,West,5541,73.0,0,58.7
9468,West,6690,57.5,1,66.8
9469,South,4197,68.5,0,85.7
9470,Northeast,5736,76.5,0,75.5
9471,Northeast,4908,74.7,0,75.0
9472,Northeast,6230,80.8,0,84.7
9473,West,5295,68.4,1,65.7
9474,South,2021,79.9,0,57.8
9475,West,6460,61.3,1,59.9
9476,West,1948,50.9,1,63.6
9477,South,4032,78.8,0,96.3
9478,Northeast,8363,67.2,0,67.7
9479,South,2015,75.9,0,57.3
9480,South,7881,38.5,1,43.5
9481,South,7688,78.3,0,82.7
9482,South,5949,87.4,0,85.3
9483,West,5766,85.4,0,75.1
9484,South,6460,80.7,1,76.2
9485,West,4271,83.0,0,80.0
9486,West,1645,82.6,0,67.4
9487,West,4261,85.1,0,73.4
9488,Midwest,4074,79.9,0,86.3
9489,South,7166,59.8,0,62.5
9490,Midwest,2996,86.7,0,76.2
9491,Northeast,2599,71.6,0,67.2
9492,West,2875,82.7,0,80.8
9493,West,4848,59.8,1,61.3
9494,Midwest,5841,82.1,0,76.0
9495,South,2662,84.4,0,58.6
9496,Midwest,5379,66.4,0,71.5
9497,Midwest,8117,89.3,0,83.5
9498,Northeast,2473,62.9,1,72.7
9499,South,6580,80.1,0,76.6
9500,West,2952,87.5,0,87.8
9501,Northeast,6120,57.3,1,64.5
9502,Northeast,7718,78.0,0,78.2
9503,Midwest,1505,85.9,0,93.2
9504,Midwest,6658,65.5,0,86.5
9505,West,2588,51.3,1,59.2
9506,South,3886,62.6,1,62.8
9507,Midwest,6596,80.7,0,73.6
9508,Northeast,1462,78.0,0,74.4
9509,West,5370,94.4,0,78.8
9510,West,4310,71.4,1,74.3
9511,Northeast,6659,61.3,0,59.5
9512,West,8990,75.0,0,72.8
9513,Northeast,6236,78.1,0,84.0
9514,Northeast,7054,50.6,1,54.2
9515,West,4225,81.8,0,68.5
9516,Midwest,2829,74.0,0,80.7
9517,Northeast,7903,68.6,0,58.1
9518,Midwest,1935,72.5,0,75.5
9519,Northeast,8234,88.2,0,95.2
9520,Northeast,5625,88.5,0,83.1
9521,Northeast,3233,74.9,0,69.3
9522,Northeast,6820,96.5,0,74.2
9523,South,8552,90.3,0,90.2
9524,West,7872,61.2,1,78.9
9525,Northeast,8163,80.2,0,85.1
9526,West,7580,76.1,0,77.9
9527,South,5888,66.5,0,67.3
9528,South,4685,68.3,0,68.3
9529,West,4715,75.3,0,60.8
9530,West,3407,75.1,0,76.5
9531,Northeast,8859,65.4,0,57.1
9532,Midwest,8705,48.4,1,51.3
9533,West,1829,99.8,0,76.5
9534,Midwest,4840,76.8,0,76.1
9535,South,8862,72.2,0,67.5
9536,Northeast,4352,81.3,0,63.5
9537,Northeast,2777,65.4,0,75.8
9538,Midwest,8212,56.1,1,57.8
9539,Northeast,6979,53.0,1,64.7
9540,Midwest,1645,52.8,1,74.0
9541,Midwest,1336,60.5,1,66.4
9542,Midwest,2947,48.6,1,43.5
9543,Northeast,6018,79.8,0,64.3
9544,West,5607,64.8,1,78.1
9545,Northeast,3342,65.8,0,83.1
9546,West,8018,75.6,0,67.4
9547,Midwest,3095,71.5,0,84.3
9548,Northeast,8694,60.1,1,52.4
9549,Northeast,8012,68.8,0,72.3
9550,Northeast,7066,88.7,0,84.9
9551,Midwest,8726,79.6,0,95.9
9552,West,4674,73.6,0,77.1
9553,South,5095,71.6,0,65.8
9554,South,4785,69.1,0,59.2
9555,West,4117,64.5,0,77.3
9556,Midwest,7991,54.3,1,73.0
9557,West,7603,77.3,0,69.6
9558,Midwest,5233,72.4,0,72.2
9559,South,7927,66.0,1,88.5
9560,Midwest,7158,61.8,0,59.0
9561,Northeast,5707,73.2,0,66.6
9562,Northeast,3882,58.3,1,67.0
9563,West,4328,54.3,1,58.6
9564,Midwest,3802,83.8,0,78.1
9565,West,5905,62.3,0,74.2
9566,Midwest,2194,57.2,1,76.8
9567,West,1311,79.4,0,81.0
9568,Northeast,8026,79.4,0,79.1
9569,Midwest,1200,52.2,1,62.5
9570,South,2768,77.3,0,78.0
9571,Midwest,4577,75.1,0,74.9
9572,Northeast,5393,69.5,0,81.8
9573,Midwest,4663,65.1,0,70.3
9574,Northeast,8406,75.0,0,80.5
9575,Northeast,7711,69.6,0,75.3
9576,Midwest,2113,64.2,0,69.1
9577,Midwest,8902,66.2,0,57.7
9578,Northeast,3756,61.4,1,57.6
9579,Midwest,6332,60.2,1,82.1
9580,Northeast,8500,64.5,0,83.0
9581,Midwest,2703,50.2,1,61.0
9582,West,7286,67.0,1,55.6
9583,South,8625,88.4,0,83.1
9584,South,5332,50.8,1,75.2
9585,South,7532,66.9,1,51.3
9586,West,3909,62.7,1,52.2
9587,West,6860,67.9,0,70.1
9588,Northeast,5347,63.0,0,59.9
9589,West,1408,73.6,0,66.1
9590,South,3483,79.2,0,81.1
9591,Midwest,6065,79.4,0,83.1
9592,South,1303,73.0,0,69.9
9593,Northeast,3954,71.6,0,76.1
9594,Northeast,6241,82.5,0,83.4
9595,West,2823,82.4,0,100.0
9596,Midwest,2342,71.2,0,74.0
9597,Northeast,6367,77.3,0,94.5
9598,Midwest,3007,47.6,1,56.9
9599,South,4384,60.5,0,54.5
9600,Midwest,5296,87.0,0,90.4
9601,West,3757,54.1,1,56.4
9602,Midwest,4036,69.5,1,78.2
9603,Midwest,6513,64.3,0,68.7
9604,Northeast,8251,100.0,0,94.0
9605,West,4341,66.9,1,59.0
9606,Midwest,3612,71.7,0,77.2
9607,Northeast,3836,64.2,1,77.9
9608,South,7066,70.0,1,65.0
9609,Northeast,6590,83.1,0,81.9
9610,Northeast,3770,63.6,0,68.4
9611,West,5261,89.3,0,68.2
9612,West,8115,68.8,1,66.7
9613,Northeast,8415,94.2,0,92.6
9614,Northeast,7814,64.7,1,62.0
9615,West,6248,58.9,1,62.4
9616,South,7673,86.0,0,69.9
9617,West,6613,66.2,1,76.2
9618,South,3965,54.1,1,75.1
9619,South,5964,68.3,0,65.6
9620,West,1478,81.7,0,64.6
9621,South,4934,77.3,0,73.1
9622,South,8929,61.9,1,65.0
9623,South,5697,76.4,0,70.5
9624,South,2371,81.8,0,90.2
9625,South,2404,56.2,1,64.8
9626,South,3165,81.4,0,90.3
9627,West,4750,55.5,1,64.9
9628,West,6174,84.3,0,81.0
9629,South,4692,86.2,0,48.7
9630,West,6658,65.3,0,69.0
9631,Northeast,3617,58.3,0,69.1
9632,Northeast,1457,65.0,0,74.3
9633,Midwest,4606,84.7,0,84.0
9634,Northeast,4652,51.2,1,58.4
9635,South,6895,77.2,0,70.1
9636,West,1424,73.8,1,71.0
9637,Northeast,7366,87.4,0,66.5
9638,Midwest,3224,74.2,0,84.3
9639,South,7309,78.1,0,75.1
9640,Northeast,8221,69.3,0,94.4
9641,West,8158,75.2,0,79.0
9642,South,5496,77.3,0,78.2
9643,Midwest,5115,71.9,0,92.1
9644,Northeast,3826,75.4,0,80.8
9645,Midwest,8402,74.1,1,74.0
9646,West,7218,93.9,0,77.9
9647,Northeast,5977,85.5,0,88.6
9648,Northeast,3101,77.3,0,88.7
9649,Northeast,6902,73.6,0,67.5
9650,West,1466,85.9,0,70.9
9651,West,8410,43.7,1,76.0
9652,Midwest,6714,74.8,0,63.8
9653,West,1485,72.7,0,63.5
9654,South,8004,100.0,0,82.3
9655,Midwest,3687,64.1,1,56.4
9656,South,3587,77.7,0,70.7
9657,Northeast,7335,69.1,1,73.8
9658,Midwest,5832,58.4,1,57.4
9659,Northeast,1840,77.5,0,67.9
9660,Northeast,2762,62.6,0,68.6
9661,Midwest,4764,88.4,0,99.0
9662,South,3754,86.2,0,81.0
9663,South,3201,77.1,0,74.7
9664,South,4061,62.7,1,75.5
9665,South,7628,61.5,0,72.7
9666,West,4533,64.1,1,72.5
9667,South,2852,70.1,0,72.4
9668,West,3662,54.3,1,54.2
9669,Northeast,7922,79.0,1,98.1
9670,Northeast,6049,100.0,0,77.5
9671,West,6896,67.0,0,58.3
9672,Midwest,8441,81.5,0,63.6
9673,Northeast,4219,81.8,0,87.4
9674,Midwest,5869,72.3,1,76.3
9675,West,3858,86.5,0,63.1
9676,South,5965,49.5,1,61.7
9677,South,2505,63.0,1,51.4
9678,South,2713,82.0,0,72.1
9679,West,8815,51.1,1,52.5
9680,South,8062,62.3,0,52.9
9681,Midwest,3259,66.1,0,53.8
9682,Northeast,4941,86.6,0,90.4
9683,Northeast,3661,70.1,1,82.5
9684,West,5480,92.0,0,79.2
9685,Midwest,6574,56.9,1,53.7
9686,West,6397,80.6,0,73.4
9687,Northeast,5013,84.6,0,88.6
9688,West,3511,65.1,1,74.8
9689,South,1466,78.1,0,77.3
9690,West,5144,46.5,1,66.8
9691,South,4439,63.4,1,60.2
9692,Northeast,3550,68.9,0,73.3
9693,Northeast,8374,65.1,0,56.8
9694,South,7146,71.4,0,70.8
9695,West,5589,88.5,0,73.3
9696,South,4671,68.3,0,88.8
9697,South,7167,69.0,0,64.6
9698,South,7549,78.9,0,77.7
9699,South,2696,94.7,0,91.9
9700,Midwest,8460,59.1,1,58.1
9701,South,1525,81.8,0,80.9
9702,West,3581,57.9,1,66.1
9703,South,6878,72.7,0,61.4
9704,Midwest,4357,73.9,1,71.9
9705,West,2840,76.2,0,81.2
9706,Northeast,2884,80.6,0,61.1
9707,West,4533,70.6,0,74.8
9708,South,8628,48.6,1,54.3
9709,Northeast,2253,68.8,0,69.2
9710,Midwest,4584,44.7,1,61.6
9711,South,7764,75.3,0,65.3
9712,West,5742,67.4,1,56.4
9713,Midwest,1814,80.8,0,78.0
9714,Midwest,1427,74.2,0,92.8
9715,West,7648,73.8,0,95.6
9716,West,7504,57.1,1,73.3
9717,Midwest,8628,73.5,0,74.8
9718,South,6020,65.4,1,77.9
9719,West,7878,61.3,0,68.9
9720,Northeast,1924,82.1,0,90.7
9721,Midwest,7626,62.6,1,68.5
9722,Midwest,5543,71.8,0,78.8
9723,Northeast,2852,82.9,0,82.7
9724,Midwest,4407,79.7,1,83.3
9725,West,8745,61.5,1,53.1
9726,Northeast,2538,65.3,1,64.5
9727,South,6745,64.4,0,62.1
9728,South,4864,64.3,0,79.2
9729,Midwest,6894,63.8,1,64.0
9730,Northeast,8831,62.4,0,58.3
9731,South,2340,73.4,0,71.9
9732,West,6067,50.6,1,69.6
9733,South,5653,78.2,0,72.0
9734,South,2444,65.7,0,65.5
9735,Midwest,7652,65.1,0,66.2
9736,West,1265,86.9,0,65.6
9737,Northeast,5546,73.4,0,49.0
9738,West,1551,80.0,0,65.3
9739,Northeast,5217,53.6,1,56.7
9740,Midwest,4289,96.8,0,83.2
9741,South,4836,51.1,1,66.1
9742,West,6736,55.0,1,61.7
9743,Midwest,6196,90.1,0,82.7
9744,South,6042,80.1,0,66.6
9745,Midwest,2415,53.5,1,53.4
9746,Northeast,6143,99.9,0,88.8
9747,West,3463,62.9,1,55.1
9748,Northeast,4162,74.7,0,59.9
9749,Northeast,8135,64.4,0,71.7
9750,West,6835,60.8,0,65.4
9751,West,5787,94.6,0,73.3
9752,West,3060,75.7,0,58.4
9753,Northeast,7045,96.1,0,81.4
9754,Northeast,7820,85.0,0,93.7
9755,West,3089,59.3,1,84.1
9756,Midwest,6868,62.4,0,76.0
9757,Midwest,8451,70.8,0,84.8
9758,South,8607,48.4,1,60.2
9759,South,8828,60.7,0,54.3
9760,West,6637,58.5,1,57.7
9761,Northeast,6815,68.4,0,50.4
9762,West,8973,74.0,0,65.8
9763,West,3624,57.8,1,77.7
9764,Northeast,5887,76.3,0,71.2
9765,Midwest,8177,67.9,1,64.4
9766,Midwest,3572,79.2,0,75.6
9767,South,8063,78.2,1,75.9
9768,South,8528,69.8,1,89.1
9769,West,7717,84.5,0,53.9
9770,West,3170,88.4,0,98.0
9771,Northeast,1573,76.0,0,92.8
9772,West,2210,67.3,0,51.3
9773,Midwest,3337,71.7,1,81.5
9774,West,1247,68.1,0,79.5
9775,South,4673,80.5,0,71.1
9776,West,5249,71.2,0,95.0
9777,South,4267,72.0,0,92.0
9778,Midwest,8983,40.6,1,59.5
9779,Midwest,7348,70.1,0,68.4
9780,South,3468,64.5,1,75.7
9781,West,1529,86.0,0,87.0
9782,Northeast,8025,91.8,0,92.4
9783,Northeast,1766,84.8,0,73.0
9784,Midwest,7684,70.1,0,79.6
9785,Northeast,6228,91.8,0,92.3
9786,Northeast,7058,52.6,1,64.0
9787,Northeast,8398,64.0,0,53.3
9788,West,5994,77.2,0,79.6
9789,West,8047,48.6,1,60.6
9790,Northeast,5322,67.7,0,66.6
9791,Northeast,2416,100.0,0,79.9
9792,South,2068,61.9,1,53.3
9793,Midwest,2784,85.7,0,77.8
9794,Midwest,6882,72.5,0,35.2
9795,South,8254,66.0,0,63.2
9796,South,4095,92.1,0,83.7
9797,Northeast,6195,66.2,0,74.4
9798,Northeast,4145,61.5,1,66.7
9799,Midwest,8021,79.7,0,94.0
9800,Midwest,7253,80.7,0,52.2
9801,Midwest,8298,95.6,0,69.3
9802,South,2337,74.1,0,85.9
9803,West,5232,77.4,0,74.5
9804,West,3366,96.2,0,69.0
9805,Midwest,5984,81.0,0,73.9
9806,West,7562,63.2,1,80.8
9807,West,4729,64.5,0,56.3
9808,Midwest,5505,62.3,0,57.5
9809,West,6722,100.0,0,94.6
9810,South,8341,80.6,0,68.7
9811,West,2333,62.8,0,60.2
9812,Northeast,8536,73.3,1,65.0
9813,West,4306,46.8,1,47.0
9814,Northeast,4233,65.8,0,51.6
9815,West,5975,80.4,0,88.2
9816,Northeast,3517,77.2,1,50.5
9817,South,1317,69.0,0,74.9
9818,South,2779,66.4,0,43.8
9819,Northeast,6992,77.9,0,79.9
9820,Northeast,8475,69.0,0,50.1
9821,Midwest,7730,88.3,0,85.0
9822,West,3784,73.1,0,82.1
9823,West,8398,69.0,1,67.7
9824,South,3080,51.6,1,60.4
9825,South,8563,64.0,0,72.7
9826,South,5422,54.7,1,84.5
9827,West,5213,74.2,0,84.3
9828,Northeast,2971,88.0,0,87.3
9829,West,2911,85.6,0,86.0
9830,Midwest,2155,84.5,0,72.9
9831,West,3813,94.4,0,100.0
9832,South,3668,68.6,0,56.8
9833,Northeast,2844,82.3,0,84.5
9834,Midwest,3591,84.7,0,92.9
9835,South,2075,67.3,1,64.6
9836,Northeast,8532,72.7,0,73.6
9837,South,8708,48.9,1,79.3
9838,Midwest,1782,76.1,0,58.9
9839,West,3122,79.6,0,43.6
9840,Midwest,3808,80.2,0,75.5
9841,Midwest,7593,63.7,0,68.1
9842,Northeast,3290,68.6,0,66.4
9843,Midwest,6919,64.9,0,85.5
9844,West,4676,75.9,0,78.1
9845,Northeast,4226,55.4,1,55.1
9846,West,5102,88.9,0,57.5
9847,Midwest,4413,91.8,0,79.3
9848,Northeast,4054,53.3,1,59.7
9849,West,2331,52.0,1,78.7
9850,Northeast,4287,60.6,0,67.0
9851,South,3298,76.3,0,94.3
9852,West,8918,62.4,1,53.5
9853,Midwest,5712,83.1,0,85.8
9854,Midwest,5147,68.6,0,61.7
9855,West,8404,64.0,1,71.0
9856,South,4419,82.7,0,76.3
9857,Northeast,5846,38.8,1,54.9
9858,South,1566,66.1,0,64.2
9859,West,8254,62.5,0,79.2
9860,West,2748,79.5,0,74.5
9861,West,3260,84.9,0,66.4
9862,Midwest,6638,56.7,0,51.8
9863,South,8873,87.2,0,77.8
9864,Northeast,3000,61.1,1,68.0
9865,Midwest,2221,52.3,1,52.7
9866,South,1611,54.6,1,63.8
9867,South,2945,79.4,0,72.7
9868,Northeast,3859,72.4,0,59.2
9869,West,4243,76.3,0,89.9
9870,South,1321,86.0,0,83.3
9871,West,1986,78.7,0,94.9
9872,Northeast,2675,79.4,0,68.4
9873,Midwest,7144,68.1,0,48.4
9874,West,3957,66.4,1,68.8
9875,South,3987,74.8,0,69.7
9876,West,3431,64.3,0,64.0
9877,Midwest,1599,67.7,0,60.0
9878,Northeast,6461,76.0,0,75.1
9879,Midwest,3289,73.5,0,72.7
9880,West,8109,72.5,0,60.8
9881,South,1279,72.2,0,75.5
9882,South,7592,76.5,0,68.7
9883,West,7830,96.1,0,81.0
9884,West,1605,68.4,0,73.9
9885,West,8958,55.5,1,61.7
9886,Midwest,6352,87.1,0,65.1
9887,South,8891,66.1,0,81.1
9888,Midwest,4905,60.3,1,60.3
9889,Midwest,3682,78.4,0,73.3
9890,Northeast,2090,45.7,1,58.6
9891,South,2815,87.8,0,90.7
9892,Midwest,5082,53.9,1,74.7
9893,West,8837,81.1,0,58.8
9894,Midwest,1432,73.8,0,75.8
9895,Midwest,7345,66.3,0,62.9
9896,Northeast,6010,77.3,0,95.2
9897,South,7330,67.5,0,67.7
9898,Northeast,3325,79.8,0,94.0
9899,South,6016,66.2,1,76.6
9900,South,2399,97.5,0,100.0
9901,Midwest,1337,65.3,0,64.8
9902,Northeast,5986,83.0,0,90.8
9903,Northeast,6822,68.3,0,77.0
9904,Midwest,8822,69.0,0,62.4
9905,Northeast,1302,69.4,1,67.8
9906,Northeast,2819,70.0,0,81.8
9907,Northeast,1724,59.8,1,65.8
9908,South,5578,60.7,1,69.9
9909,Northeast,3235,66.9,0,53.0
9910,South,1698,65.5,1,62.5
9911,West,7960,73.4,0,82.8
9912,Northeast,3697,65.2,0,58.1
9913,South,1426,95.5,0,86.6
9914,West,5390,74.1,0,78.3
9915,South,1901,89.1,0,78.4
9916,South,5682,84.4,0,75.0
9917,Northeast,8572,82.6,0,80.6
9918,South,3175,74.6,0,76.9
9919,West,4709,86.9,0,73.1
9920,Northeast,8559,66.9,0,59.4
9921,South,3199,54.5,1,57.2
9922,West,1851,61.2,0,73.3
9923,Midwest,8075,55.6,1,70.7
9924,Midwest,2633,74.5,0,61.2
9925,West,6187,79.4,0,78.5
9926,South,1910,98.0,0,93.3
9927,Midwest,7933,76.8,0,59.9
9928,Northeast,6111,62.2,1,72.6
9929,Northeast,6443,60.2,1,72.7
9930,Midwest,7191,83.9,0,66.8
9931,Northeast,2602,54.8,1,70.0
9932,South,7380,60.7,1,61.6
9933,Northeast,3883,97.6,0,82.0
9934,West,5327,64.1,0,53.1
9935,Northeast,5730,72.1,0,74.6
9936,South,3391,71.0,0,80.0
9937,West,7642,88.1,0,56.1
9938,Midwest,1684,59.8,1,84.9
9939,Midwest,3961,72.4,0,61.8
9940,Midwest,2303,75.6,0,78.0
9941,Northeast,8653,83.6,0,100.0
9942,Midwest,7275,69.1,0,69.0
9943,Midwest,6073,85.9,0,57.5
9944,Northeast,8828,68.0,1,73.4
9945,Northeast,1427,55.7,1,51.5
9946,Midwest,8453,62.4,1,60.7
9947,West,3108,78.8,0,87.0
9948,West,6902,68.2,1,78.7
9949,Midwest,6624,76.8,0,89.7
9950,Northeast,8286,45.8,1,62.5
9951,Northeast,7110,88.4,0,76.0
9952,Northeast,2916,63.4,1,63.1
9953,West,2915,51.1,1,55.9
9954,South,8108,82.7,0,77.3
9955,West,4852,80.5,0,67.4
9956,Midwest,7982,83.1,0,79.0
9957,Northeast,2203,91.9,0,90.9
9958,Midwest,4069,79.4,0,66.8
9959,South,1865,74.6,0,76.5
9960,Midwest,5941,84.9,0,78.8
9961,Northeast,5051,64.4,0,59.8
9962,Northeast,2167,58.8,1,58.4
9963,Northeast,2741,81.9,0,84.1
9964,Midwest,4704,73.5,0,80.6
9965,Midwest,8719,65.8,0,59.5
9966,Northeast,4425,64.1,1,50.9
9967,Northeast,7596,82.4,0,84.9
9968,Northeast,3463,78.6,0,76.8
9969,West,7040,76.9,0,65.1
9970,Northeast,8808,60.0,0,76.6
9971,Northeast,4152,88.6,0,89.5
9972,Northeast,4337,83.4,0,100.0
9973,South,4563,77.2,0,65.5
9974,South,8175,68.6,1,60.6
9975,West,3641,80.2,0,81.2
9976,Northeast,4067,80.8,0,83.6
9977,South,3814,68.5,0,66.8
9978,South,8929,65.3,0,71.4
9979,Northeast,2010,100.0,0,95.5
9980,Midwest,1217,70.1,0,79.3
9981,Northeast,4093,66.4,1,82.9
9982,Midwest,3667,88.0,0,84.6
9983,Northeast,8073,73.9,0,86.7
9984,West,5803,91.5,0,90.3
9985,Northeast,8980,79.2,0,94.6
9986,South,7304,57.2,1,51.3
9987,South,7656,67.8,0,62.0
9988,West,5859,69.0,0,75.0
9989,South,7926,78.7,0,74.2
9990,South,6455,65.7,0,69.3
9991,South,5659,75.9,0,68.5
9992,West,7270,63.4,0,75.5
9993,West,5314,93.4,0,100.0
9994,South,4685,75.0,0,62.8
9995,Northeast,1686,91.2,0,82.7
9996,Midwest,7725,58.5,1,64.6
9997,South,6355,94.8,0,86.3
9998,West,7246,59.4,0,53.3
9999,West,6561,81.3,0,95.0
10000,West,6888,75.9,0,83.9
10001,West,1275,72.0,0,68.9
10002,Midwest,1354,67.6,0,71.5
10003,South,8372,81.4,0,67.7
10004,West,4779,62.4,1,66.0
10005,Northeast,3582,66.1,0,57.2
10006,Northeast,8423,80.8,0,65.1
10007,South,3085,72.2,0,76.2
10008,Northeast,5372,80.9,0,72.5
10009,West,4662,60.6,0,65.9
10010,South,5794,91.7,0,79.5
10011,Midwest,2216,91.4,0,96.1
10012,Midwest,2624,55.5,1,71.4
10013,West,6593,86.7,0,83.5
10014,West,4308,69.1,0,77.0
10015,South,7799,76.4,0,63.2
10016,Midwest,8241,76.3,1,88.4
10017,Northeast,8158,39.7,1,46.9
10018,South,8621,68.2,0,65.4
10019,Midwest,2376,80.1,0,64.8
10020,Midwest,2445,62.8,1,66.9
10021,West,4795,86.4,0,94.9
10022,Northeast,4228,64.2,1,75.3
10023,West,4585,66.4,1,56.9
10024,Northeast,6391,75.5,0,87.9
10025,West,7391,66.4,0,62.2
10026,South,3590,78.7,0,89.1
10027,Midwest,2750,61.1,1,53.1
10028,West,4366,72.0,0,70.3
10029,West,4753,74.0,0,83.4
10030,West,1208,52.4,1,62.6
10031,Midwest,7883,82.3,0,89.2
10032,South,2588,82.6,0,70.5
10033,West,6620,82.7,0,72.8
10034,Northeast,7368,75.2,0,69.1
10035,South,3771,88.2,0,79.5
10036,Midwest,3444,48.7,1,49.6
10037,Northeast,4269,76.9,0,76.8
10038,West,7066,68.6,0,64.2
10039,West,4397,66.6,1,65.2
10040,West,5112,73.3,0,74.8
10041,West,7593,49.4,1,53.6
10042,South,2188,83.3,0,72.8
10043,West,3101,72.5,1,75.1
10044,West,3393,86.8,0,87.1
10045,South,1789,83.9,0,82.4
10046,West,8367,78.4,0,68.2
10047,Midwest,8427,83.2,0,79.1
10048,South,6334,70.1,0,62.9
10049,Northeast,8732,83.3,0,77.8
10050,Midwest,4979,70.2,0,79.0
10051,West,3775,60.5,0,66.1
10052,Midwest,6153,60.2,0,64.9
10053,South,3045,75.6,0,66.8
10054,Midwest,4230,66.2,0,68.0
10055,South,4396,66.3,0,67.2
10056,Northeast,8893,65.4,0,64.2
10057,South,6873,72.7,1,86.2
10058,South,5619,40.3,1,60.9
10059,Midwest,1539,77.0,0,74.6
10060,West,3285,78.9,0,67.7
10061,South,8439,69.5,0,68.0
10062,West,6396,72.1,0,73.2
10063,South,4453,81.2,0,81.6
10064,West,8718,74.2,1,82.9
10065,West,8786,74.7,0,72.9
10066,Northeast,5435,75.1,0,60.5
10067,Northeast,6190,67.6,0,67.8
10068,South,3868,83.7,0,81.9
10069,South,1648,80.1,0,64.2
10070,South,4984,83.1,0,100.0
10071,Midwest,1372,69.5,0,72.9
10072,Midwest,1361,84.4,0,94.9
10073,Midwest,3460,62.7,1,68.7
10074,South,2361,71.9,0,68.5
10075,Northeast,3972,85.6,0,76.9
10076,Midwest,3547,54.5,1,65.4
10077,Midwest,4875,55.7,1,54.3
10078,Northeast,2333,72.8,0,68.7
10079,Midwest,1590,87.2,0,81.1
10080,South,1329,76.6,0,48.3
10081,West,3081,100.0,0,91.2
10082,West,3997,64.0,0,77.0
10083,Midwest,4850,73.9,0,84.6
10084,Northeast,4356,80.3,0,83.8
10085,South,4047,75.0,0,75.9
10086,Northeast,1600,71.6,1,79.2
10087,South,2498,62.2,1,72.1
10088,Northeast,8924,88.6,0,86.9
10089,West,7948,66.5,1,67.7
10090,South,4303,64.4,1,78.6
10091,South,1445,68.3,1,69.9
10092,Northeast,8153,82.0,0,81.6
10093,South,4981,81.7,0,74.6
10094,South,6605,69.6,0,53.4
10095,West,6968,90.9,0,86.5
10096,South,7513,56.1,1,54.6
10097,Northeast,1545,58.6,0,58.9
10098,West,5407,62.0,1,73.1
10099,Northeast,3160,79.8,0,55.6
10100,West,4650,100.0,0,95.8
10101,South,1869,57.7,1,46.1
10102,Midwest,6573,69.6,0,58.7
10103,West,7014,66.5,0,76.9
10104,West,6438,72.8,0,69.2
10105,South,3708,99.2,0,94.7
10106,South,5704,79.1,0,60.7
10107,South,2618,53.2,1,80.9
10108,Midwest,6284,60.3,1,64.0
10109,Northeast,2049,79.9,0,82.7
10110,Midwest,1604,61.1,0,66.2
10111,Midwest,4543,74.2,0,75.4
10112,Northeast,4093,45.6,1,69.6
10113,Midwest,3034,76.3,0,75.0
10114,Midwest,6193,73.3,0,77.3
10115,Northeast,5038,77.7,0,80.0
10116,South,3566,71.0,0,65.6
10117,West,8775,97.4,0,86.9
10118,West,6597,79.7,0,71.3
10119,Midwest,4785,77.3,0,67.5
10120,West,1713,79.2,0,81.2
10121,South,3348,75.5,0,82.5
10122,South,4297,45.0,1,72.2
10123,Midwest,6936,67.6,0,70.1
10124,Midwest,4320,85.8,0,62.1
10125,Midwest,3846,77.1,0,69.7
10126,Midwest,8434,72.9,0,69.5
10127,West,5156,67.2,0,84.5
10128,Midwest,1662,80.9,0,66.4
10129,Midwest,3083,75.7,0,73.0
10130,South,8425,81.2,1,97.5
10131,South,3539,78.9,0,87.5
10132,West,6011,80.5,0,55.4
10133,Midwest,5394,82.3,0,84.7
10134,South,1684,76.8,0,75.7
10135,Midwest,2561,60.3,0,59.0
10136,South,2649,55.8,0,56.1
10137,Northeast,8265,74.5,0,71.8
10138,South,1370,68.8,1,72.3
10139,West,5345,79.6,0,82.8
10140,South,1500,70.5,1,64.6
10141,Midwest,4879,76.8,0,83.4
10142,Northeast,1325,49.2,1,56.9
10143,Midwest,2592,86.4,0,86.1
10144,South,6114,72.3,1,61.0
10145,South,3386,63.6,1,72.2
10146,South,8044,56.8,1,40.7
10147,Northeast,6052,99.5,0,73.9
10148,West,3197,75.7,0,63.9
10149,South,2742,73.1,0,78.5
10150,Northeast,3453,83.3,0,80.9
10151,Northeast,4615,63.7,0,74.8
10152,West,6755,69.7,0,55.0
10153,South,6918,51.5,1,61.1
10154,South,8324,73.9,0,67.2
10155,Northeast,4876,75.4,0,57.4
10156,Northeast,6613,78.3,0,76.3
10157,Midwest,3221,58.2,1,67.9
10158,Midwest,3077,60.0,1,63.5
10159,Northeast,3747,66.0,1,60.5
10160,Midwest,3509,80.3,0,74.9
10161,Northeast,2500,61.3,1,62.6
10162,South,7628,53.2,1,60.3
10163,Midwest,4759,64.0,1,74.4
10164,West,2686,64.3,0,65.9
10165,South,8970,78.6,0,64.2
10166,South,4090,80.9,0,83.7
10167,West,2018,100.0,0,75.1
10168,Northeast,5932,90.4,0,64.0
10169,Northeast,6908,70.4,0,66.8
10170,South,3377,86.5,0,88.7
10171,West,2051,77.1,1,64.0
10172,Northeast,5972,43.1,1,45.7
10173,South,3677,71.9,0,55.2
10174,Northeast,2293,49.4,1,77.4
10175,West,6382,77.3,0,91.7
10176,Midwest,1317,74.6,0,73.3
10177,South,8585,87.5,0,89.6
10178,West,3388,61.8,1,65.8
10179,Midwest,3400,70.0,0,85.4
10180,Midwest,5337,55.0,1,54.4
10181,South,5795,72.4,0,72.3
10182,Northeast,3617,71.7,0,71.7
10183,Midwest,6083,55.5,0,60.5
10184,South,5224,68.5,0,72.3
10185,Midwest,2777,67.9,0,64.0
10186,South,7692,92.9,0,94.1
10187,South,7501,57.8,1,62.2
10188,Northeast,6139,64.2,0,63.9
10189,West,2552,78.6,0,79.2
10190,Northeast,6837,79.9,0,67.4
10191,Northeast,2871,66.8,1,78.9
10192,Midwest,5588,57.3,1,67.3
10193,Midwest,1970,70.5,1,65.0
10194,Northeast,5894,55.6,1,60.6
10195,Northeast,5703,73.5,0,73.7
10196,Northeast,8758,61.4,0,57.7
10197,Midwest,1677,56.3,1,56.3
10198,Northeast,6929,70.3,0,67.8
10199,West,2651,67.0,0,75.4
10200,West,4179,62.2,1,62.0
10201,South,2341,57.8,1,67.4
10202,West,4312,88.2,0,82.8
10203,Northeast,2174,100.0,0,63.3
10204,South,8455,99.4,0,95.7
10205,Midwest,5819,94.6,0,79.8
10206,South,4524,57.6,1,55.4
10207,Midwest,2736,80.6,0,80.2
10208,West,6697,78.4,0,71.7
10209,Midwest,7845,68.9,0,79.0
10210,West,1626,63.0,1,88.4
10211,Northeast,6423,46.8,1,73.4
10212,South,2704,65.9,1,78.5
10213,West,3002,87.0,0,85.3
10214,Midwest,6054,68.9,0,81.7
10215,South,4145,65.1,0,64.6
10216,South,8162,73.9,0,68.5
10217,Northeast,3219,64.6,1,72.5
10218,Midwest,3010,70.6,0,69.7
10219,Midwest,6380,92.0,0,72.5
10220,Midwest,3355,91.9,0,77.0
10221,West,7380,62.4,1,62.8
10222,West,3900,70.5,0,70.8
10223,West,7960,60.1,1,75.8
10224,West,6243,49.7,1,50.6
10225,Midwest,2391,75.2,0,78.6
10226,South,3249,76.7,0,73.2
10227,South,4198,65.3,0,95.3
10228,West,4626,68.1,0,78.0
10229,Northeast,4721,80.0,0,73.3
10230,South,2815,52.3,1,61.2
10231,South,1736,59.7,1,54.8
10232,Northeast,2733,70.3,0,70.8
10233,Midwest,6041,100.0,0,99.1
10234,West,2681,86.2,0,83.2
10235,Northeast,4175,68.9,0,73.3
10236,South,5844,75.4,0,61.5
10237,South,3245,95.6,0,94.2
10238,Midwest,7277,57.9,1,64.8
10239,West,5469,95.0,0,99.4
10240,South,3742,77.2,0,85.7
10241,Northeast,2768,60.5,1,56.4
10242,West,4169,70.8,1,63.4
10243,Northeast,3801,64.1,1,50.0
10244,Midwest,4564,72.5,1,61.2
10245,Northeast,5452,100.0,0,71.9
10246,Midwest,6499,88.4,0,79.9
10247,South,6553,90.2,0,88.9
10248,Midwest,3487,71.2,0,86.7
10249,Northeast,2858,73.7,0,69.0
10250,Northeast,3505,79.1,0,62.3
10251,West,5515,73.8,0,49.1
10252,Northeast,5229,73.0,0,83.8
10253,Midwest,5854,58.6,0,61.9
10254,South,8974,48.1,1,51.8
10255,South,4675,65.9,0,64.6
10256,Midwest,6551,85.1,0,87.0
10257,Midwest,1528,66.7,1,61.2
10258,Northeast,6001,54.9,1,64.2
10259,West,4084,68.0,0,53.0
10260,Northeast,6909,75.9,0,63.6
10261,West,4255,49.0,1,50.4
10262,Northeast,4259,85.2,0,79.1
10263,South,4335,64.7,0,82.3
10264,West,3884,86.0,0,74.5
10265,West,1431,72.3,0,58.2
10266,Midwest,5816,57.7,1,73.9
10267,West,2871,72.7,0,75.8
10268,South,4093,51.0,1,50.7
10269,South,6949,100.0,0,95.0
10270,Northeast,1853,84.2,0,92.8
10271,Northeast,1237,91.0,0,98.4
10272,South,8720,53.6,1,64.0
10273,South,5328,61.2,0,65.3
10274,Midwest,5805,67.8,1,82.3
10275,Midwest,4614,74.3,0,83.2
10276,West,3356,50.5,1,64.4
10277,Midwest,3353,67.1,0,77.6
10278,South,1738,66.5,0,58.1
10279,Northeast,7176,68.9,1,68.8
10280,South,6575,91.0,0,72.9
10281,West,4425,84.9,0,99.3
10282,Northeast,8405,67.3,1,64.6
10283,West,4159,59.8,1,69.3
10284,West,3008,73.6,0,81.6
10285,Northeast,8396,85.0,0,100.0
10286,Northeast,1605,61.6,1,71.6
10287,South,7867,44.3,1,45.8
10288,West,5370,64.4,1,67.2
10289,Northeast,6663,88.3,0,71.2
10290,South,3047,70.8,0,65.1
10291,West,3141,70.5,0,65.4
10292,West,4224,75.0,0,75.2
10293,Northeast,1672,66.6,0,67.2
10294,Midwest,7728,71.7,0,66.5
10295,South,7921,88.9,1,92.3
10296,Midwest,3233,64.4,1,85.3
10297,West,1984,75.6,0,73.9
10298,Northeast,3921,73.4,0,61.4
10299,Midwest,1470,58.9,0,67.4
10300,West,1952,37.6,1,47.5
10301,South,7603,65.6,0,66.4
10302,South,4839,85.5,0,86.8
10303,South,1671,60.2,0,62.4
10304,Midwest,7770,72.0,0,88.4
10305,Midwest,7741,58.9,1,71.6
10306,Midwest,1382,77.2,0,51.2
10307,West,6376,67.6,1,88.1
10308,South,3464,87.5,0,78.7
10309,Northeast,8091,65.0,1,57.7
10310,West,6489,57.4,1,58.4
10311,Midwest,2970,78.5,0,85.2
10312,Midwest,2441,85.9,0,72.3
10313,Midwest,7145,62.7,0,76.4
10314,Midwest,6688,76.3,0,62.4
10315,Northeast,7690,68.7,1,73.4
10316,Midwest,8574,80.7,0,71.9
10317,Northeast,2186,60.1,1,40.8
10318,Northeast,2096,75.1,0,86.6
10319,South,2530,49.2,1,54.1
10320,South,5049,85.3,0,72.6
10321,Midwest,5241,51.4,1,68.5
10322,Midwest,8858,74.1,0,74.5
10323,Northeast,5087,43.6,1,60.1
10324,West,5144,92.5,0,79.5
10325,Northeast,1715,75.7,0,65.4
10326,South,6225,53.9,1,81.6
10327,South,8482,63.4,1,58.2
10328,Northeast,7168,56.0,1,73.1
10329,West,8539,72.3,1,58.9
10330,West,3666,48.4,0,51.1
10331,Northeast,8405,64.8,1,71.8
10332,West,6314,67.4,1,82.6
10333,South,4468,76.2,0,74.9
10334,Midwest,5069,70.6,0,75.3
10335,West,6128,75.7,0,80.5
10336,Midwest,7876,53.3,1,71.8
10337,Midwest,3264,71.3,0,81.7
10338,South,4094,71.7,0,58.3
10339,Northeast,7535,71.8,0,67.7
10340,Midwest,2340,45.7,1,53.8
10341,West,5622,74.7,0,71.6
10342,Northeast,2655,69.6,1,71.7
10343,Midwest,1968,75.6,0,65.6
10344,West,3675,76.8,0,63.7
10345,West,4715,72.1,0,75.9
10346,West,6038,61.1,0,73.5
10347,Midwest,4112,80.5,0,68.1
10348,South,3880,63.1,1,49.0
10349,South,4169,50.4,1,67.8
10350,South,7893,89.9,0,80.1
10351,Midwest,3296,62.6,1,65.3
10352,Midwest,8760,89.7,0,91.9
10353,Northeast,8033,86.3,0,58.4
10354,South,8178,63.0,1,74.9
10355,Northeast,1256,79.6,0,74.9
10356,Midwest,4654,49.7,1,70.6
10357,Northeast,3152,65.1,0,68.2
10358,Northeast,7498,51.0,1,63.9
10359,South,5322,61.6,1,74.4
10360,South,4825,100.0,0,89.5
10361,West,8823,66.2,1,77.3
10362,Midwest,8242,87.5,0,77.6
10363,South,2946,70.3,0,69.7
10364,Northeast,2911,53.0,0,58.9
10365,West,4130,60.7,0,76.2
10366,South,2203,56.1,0,76.0
10367,West,5374,79.6,0,65.7
10368,West,5337,49.3,1,79.0
10369,Midwest,3245,69.3,0,70.7
10370,West,3739,74.9,0,66.9
10371,Midwest,2240,65.3,0,64.6
10372,Midwest,8444,81.7,0,66.2
10373,Northeast,1267,69.9,0,84.2
10374,South,6960,64.7,1,80.7
10375,Northeast,4191,70.4,0,86.7
10376,West,2289,73.2,0,63.3
10377,Northeast,6692,58.7,0,50.2
10378,Northeast,5940,72.0,0,66.3
10379,Northeast,6735,39.5,1,39.9
10380,Midwest,4760,60.8,1,66.6
10381,West,2135,54.7,0,61.9
10382,South,4914,50.7,1,51.2
10383,South,8747,74.7,0,74.1
10384,Midwest,1545,80.3,0,76.4
10385,Midwest,7072,79.1,0,79.6
10386,South,8659,66.8,1,75.7
10387,South,7259,52.5,1,56.1
10388,Northeast,6951,77.2,0,90.4
10389,Northeast,1692,64.9,0,58.0
10390,South,1537,74.9,0,76.2
10391,Midwest,6582,76.3,0,72.1
10392,Midwest,7537,77.3,0,85.0
10393,Midwest,6440,95.0,0,95.7
10394,West,5956,52.0,1,59.2
10395,West,2308,64.2,1,70.7
10396,Midwest,1565,65.9,1,69.8
10397,South,2850,80.8,0,58.1
10398,Midwest,4320,62.5,1,62.0
10399,South,2770,84.9,0,85.4
10400,West,7426,85.1,0,76.9
10401,South,8749,41.3,1,51.3
10402,Midwest,2551,72.6,0,75.0
10403,Midwest,5308,37.4,1,55.5
10404,Midwest,6170,70.3,0,76.0
10405,Northeast,2909,88.0,0,75.8
10406,Northeast,4366,85.7,0,89.1
10407,Northeast,7614,93.3,0,74.9
10408,Midwest,5947,49.0,1,69.5
10409,West,2107,83.3,0,70.2
10410,South,5312,79.2,0,63.9
10411,Northeast,4252,92.1,0,84.3
10412,South,8526,82.3,0,100.0
10413,West,4925,76.4,0,71.9
10414,South,3508,81.9,0,77.1
10415,Northeast,4940,53.5,1,62.9
10416,West,5127,73.5,0,70.4
10417,West,1970,93.1,0,62.5
10418,West,3183,65.6,0,83.3
10419,Midwest,5019,77.3,0,88.5
10420,South,3250,70.3,0,53.3
10421,Midwest,6789,83.2,0,81.2
10422,West,7663,46.6,1,57.1
10423,South,6860,72.7,0,62.1
10424,West,2394,64.2,0,50.4
10425,South,1801,62.2,0,80.3
10426,Midwest,6685,77.0,0,65.3
10427,South,5116,58.5,1,56.1
10428,South,1401,86.4,0,67.7
10429,West,7604,65.9,0,83.3
10430,Northeast,1599,77.0,0,97.3
10431,South,2807,69.5,0,48.9
10432,Northeast,1770,75.2,0,89.3
10433,West,4679,63.5,1,80.8
10434,South,6033,70.1,1,70.4
10435,Midwest,8162,50.5,1,44.0
10436,South,2768,59.4,0,54.9
10437,South,8331,62.4,1,70.4
10438,Northeast,2105,67.2,1,80.9
10439,Midwest,8725,83.8,0,80.6
10440,Midwest,4082,72.7,0,65.3
10441,Midwest,1491,67.5,1,57.2
10442,South,7367,49.4,1,49.7
10443,South,2885,71.9,0,78.0
10444,South,8818,67.0,0,63.0
10445,Midwest,8428,71.4,1,51.0
10446,Midwest,7656,59.2,1,66.2
10447,Northeast,3579,81.2,0,71.9
10448,Midwest,7942,47.3,1,58.5
10449,Northeast,8240,59.8,1,61.0
10450,South,6719,76.0,0,75.4
10451,West,3422,86.5,0,77.6
10452,Northeast,7700,84.1,0,80.1
10453,West,5126,54.7,1,47.3
10454,Midwest,8464,77.6,0,80.2
10455,South,6279,59.9,0,63.5
10456,South,4092,68.7,1,65.7
10457,South,6396,67.4,0,91.4
10458,South,7333,75.2,0,84.9
10459,West,2772,69.8,0,69.8
10460,Northeast,6293,72.0,0,87.4
10461,South,3566,71.0,0,55.4
10462,South,2499,39.8,1,64.3
10463,South,2139,51.3,1,57.4
10464,Midwest,5824,75.0,0,79.4
10465,South,5271,91.0,0,86.7
10466,West,8585,64.5,1,65.2
10467,South,3946,66.9,1,82.9
10468,Northeast,6079,80.8,0,68.8
10469,Midwest,8631,63.8,1,88.9
10470,Midwest,6044,69.9,0,70.3
10471,West,6447,75.2,0,72.8
10472,Northeast,8565,68.7,1,74.0
10473,South,3458,85.7,0,77.7
10474,West,8810,63.1,0,50.6
10475,West,6675,63.0,0,61.6
10476,West,8672,87.2,0,76.4
10477,Northeast,4242,80.8,0,85.8
10478,Midwest,5308,59.6,1,64.0
10479,Northeast,5251,59.4,1,68.0
10480,West,5947,55.5,1,60.6
10481,South,6528,77.2,0,89.2
10482,South,5728,59.9,1,99.4
10483,Northeast,7540,58.9,1,59.8
10484,Northeast,2235,82.1,0,82.9
10485,Northeast,1386,77.8,0,73.6
10486,West,2907,77.4,0,90.0
10487,South,8536,82.1,0,80.3
10488,South,6708,57.7,1,70.9
10489,West,5586,71.7,0,82.0
10490,South,1928,69.0,0,61.7
10491,Northeast,1875,79.6,0,87.4
10492,South,2410,55.2,1,46.1
10493,West,1406,62.1,1,69.6
10494,South,2662,65.5,0,56.3
10495,Midwest,3461,64.9,0,61.3
10496,Midwest,8073,92.2,0,78.1
10497,Northeast,4744,75.6,1,81.7
10498,Midwest,1406,67.3,1,68.1
10499,South,7241,83.8,0,83.3
10500,South,2565,73.9,0,74.3
10501,Northeast,3022,55.4,1,73.2
10502,Northeast,6530,87.4,0,98.5
10503,Northeast,2142,64.5,1,53.9
10504,Northeast,8588,89.1,0,74.8
10505,West,7161,81.4,0,87.2
10506,South,2349,95.1,0,77.3
10507,Northeast,7966,85.1,0,72.7
10508,West,6588,73.2,0,57.2
10509,South,6241,81.7,0,66.0
10510,Northeast,7715,86.1,1,97.0
10511,South,6658,62.8,0,70.8
10512,Northeast,4128,49.5,1,39.9
10513,South,4029,86.7,0,74.7
10514,Northeast,8373,81.4,0,75.7
10515,Midwest,3721,60.7,1,56.5
10516,Midwest,8210,94.6,0,73.5
10517,West,6707,75.2,0,83.1
10518,Midwest,1783,72.1,0,61.4
10519,South,4432,62.2,1,68.1
10520,South,4024,72.7,1,62.4
10521,Midwest,3914,66.4,0,70.6
10522,Midwest,6332,54.2,1,48.2
10523,Midwest,4682,59.5,1,52.9
10524,Midwest,2848,91.0,0,98.3
10525,Northeast,7321,55.3,1,62.7
10526,West,6722,68.6,1,57.2
10527,South,6753,84.3,0,83.5
10528,West,5626,63.0,0,72.8
10529,Northeast,7012,60.3,0,69.2
10530,West,1826,60.3,1,71.3
10531,Northeast,1965,66.5,0,69.9
10532,South,4883,58.5,1,65.5
10533,South,5488,79.8,0,76.8
10534,Midwest,2814,77.4,0,75.3
10535,South,3863,66.1,0,84.4
10536,South,5359,79.4,0,59.6
10537,Northeast,4887,62.3,0,66.4
10538,West,6456,73.2,0,69.2
10539,Northeast,6158,76.1,0,84.2
10540,Northeast,8830,74.5,0,72.8
10541,Midwest,3948,95.9,0,79.7
10542,Midwest,2680,68.9,1,73.1
10543,Midwest,8412,77.5,0,70.2
10544,Northeast,7484,58.1,0,51.9
10545,Midwest,8438,38.9,1,44.4
10546,South,1795,91.2,0,91.9
10547,South,4078,69.0,1,62.8
10548,South,2155,53.9,1,70.6
10549,South,7971,80.6,0,69.0
10550,Midwest,3368,64.0,0,59.5
10551,South,3005,79.5,0,90.0
10552,West,2258,68.7,0,66.5
10553,Northeast,5158,72.5,0,49.5
10554,West,4762,74.6,0,65.4
10555,Northeast,6828,73.6,0,69.8
10556,Northeast,2896,72.5,0,69.4
10557,Northeast,3496,77.2,0,85.4
10558,South,3137,76.5,0,81.1
10559,Midwest,3396,78.5,0,67.0
10560,West,1615,75.0,0,56.5
10561,South,5792,69.7,0,86.2
10562,West,2347,90.4,0,100.0
10563,Midwest,1854,65.6,1,56.1
10564,South,4685,53.3,1,66.5
10565,South,7464,58.5,1,74.7
10566,Northeast,8962,65.0,0,60.5
10567,Midwest,6117,95.3,0,73.5
10568,Northeast,6191,78.3,0,75.7
10569,South,2212,43.9,1,50.2
10570,West,6342,65.7,1,70.6
10571,Midwest,1460,58.7,0,65.2
10572,Northeast,2614,78.9,0,67.5
10573,Northeast,2645,78.6,0,67.2
10574,Northeast,8850,88.7,0,76.0
10575,West,5817,71.0,1,80.5
10576,South,2090,54.0,0,62.5
10577,South,5338,92.4,0,71.7
10578,Northeast,8448,48.8,1,45.0
10579,West,1988,73.2,0,81.9
10580,West,4739,89.8,0,83.0
10581,Northeast,7976,94.3,0,71.2
10582,South,3762,69.8,0,79.5
10583,Midwest,7723,77.0,0,73.0
10584,West,3665,81.0,0,61.9
10585,South,8225,77.8,0,68.8
10586,Midwest,3740,69.4,0,72.5
10587,South,7286,70.9,0,66.0
10588,Midwest,5433,59.2,0,61.7
10589,South,2737,65.3,1,78.8
10590,Midwest,3167,75.4,0,100.0
10591,South,8736,79.1,0,76.0
10592,Midwest,3336,66.0,0,85.5
10593,South,1988,83.3,0,62.7
10594,West,6154,57.0,1,51.5
10595,Midwest,8107,61.6,1,75.3
10596,Midwest,8818,71.3,0,56.4
10597,Midwest,7033,67.5,0,62.6
10598,South,8738,70.7,0,62.2
10599,West,5054,49.3,1,61.0
10600,West,4714,86.3,0,75.0
10601,Midwest,8377,68.6,0,67.5
10602,Northeast,6680,82.5,0,74.9
10603,Midwest,4126,81.6,0,87.2
10604,West,5604,86.2,0,93.6
10605,Midwest,6050,82.9,0,75.8
10606,West,2611,61.2,1,53.3
10607,South,4051,71.1,0,68.9
10608,South,7080,75.5,0,77.4
10609,Midwest,8520,52.2,1,56.2
10610,Northeast,2899,100.0,0,86.7
10611,South,6979,63.1,0,64.0
10612,Midwest,1713,65.6,0,77.2
10613,West,8228,72.7,0,81.9
10614,West,7357,74.0,0,90.7
10615,West,5704,73.9,0,82.4
10616,Midwest,2578,45.4,1,51.9
10617,West,5782,66.2,1,63.9
10618,Northeast,4410,77.0,0,81.3
10619,West,2332,67.2,0,50.5
10620,South,4570,91.2,0,75.1
10621,Midwest,8528,78.8,0,78.0
10622,South,3736,89.1,0,72.6
10623,Midwest,5606,80.2,0,83.8
10624,South,3622,95.3,0,85.4
10625,Midwest,7856,73.3,1,78.3
10626,South,4792,75.8,0,55.9
10627,West,3623,61.6,0,81.3
10628,South,4361,75.3,0,63.2
10629,West,3996,71.1,0,74.2
10630,West,3562,69.2,1,67.7
10631,West,7336,47.8,1,52.2
10632,Northeast,6979,78.5,0,76.0
10633,Midwest,6191,74.7,0,69.5
10634,Midwest,3774,70.0,1,60.9
10635,Northeast,1816,82.1,0,84.6
10636,Midwest,4788,83.4,0,78.4
10637,Northeast,6228,92.0,0,86.7
10638,Midwest,6175,80.8,0,72.8
10639,Midwest,3698,79.2,1,75.1
10640,West,3236,69.9,0,77.5
10641,Midwest,1801,33.3,1,65.7
10642,Midwest,7852,78.6,0,89.7
10643,West,1212,52.5,1,58.9
10644,Northeast,6862,50.8,1,75.4
10645,Northeast,3439,73.3,0,68.9
10646,Midwest,8821,62.2,0,84.2
10647,Northeast,6781,75.3,0,66.9
10648,Northeast,2363,67.2,0,74.9
10649,West,7530,55.8,1,74.4
10650,Midwest,8614,57.0,1,78.3
10651,Midwest,3591,57.5,1,69.0
10652,Midwest,2866,74.3,0,75.0
10653,West,3438,61.5,1,50.4
10654,South,7792,71.9,0,75.3
10655,Midwest,6517,65.9,0,58.9
10656,West,2434,76.1,0,76.5
10657,Northeast,3940,74.3,0,79.7
10658,Northeast,7468,61.7,1,75.1
10659,South,8454,77.5,0,60.6
10660,Midwest,4559,61.1,1,83.9
10661,Midwest,4226,78.0,0,87.6
10662,Northeast,3825,76.7,0,74.3
10663,Northeast,2994,88.0,0,59.8
10664,Midwest,7393,66.2,0,72.7
10665,West,3013,78.3,0,85.0
10666,South,7794,79.5,0,69.6
10667,South,3052,61.1,1,68.9
10668,Northeast,6975,73.9,0,70.1
10669,Midwest,8279,61.2,1,60.0
10670,West,6443,62.8,0,63.0
10671,West,4594,76.8,0,63.8
10672,South,5323,77.7,0,58.6
10673,West,8338,75.6,0,77.1
10674,Northeast,6567,83.5,0,86.6
10675,South,2855,75.8,0,48.5
10676,West,2827,84.0,0,74.4
10677,Midwest,2965,83.6,0,79.4
10678,Northeast,7409,51.0,1,48.6
10679,South,4139,54.9,1,70.4
10680,West,5910,80.1,0,79.8
10681,Northeast,3981,100.0,0,83.9
10682,West,5437,63.3,1,77.8
10683,South,7866,67.3,0,76.6
10684,Northeast,1698,71.5,1,87.7
10685,South,8804,69.8,1,76.1
10686,Midwest,6114,84.8,0,90.2
10687,West,3044,51.1,1,63.9
10688,Northeast,6214,60.5,0,71.2
10689,Northeast,8638,71.6,0,61.1
10690,Midwest,6497,77.7,0,79.9
10691,Midwest,6892,71.7,0,67.9
10692,West,4472,66.6,0,61.9
10693,South,3846,62.6,1,74.2
10694,South,1486,86.0,0,87.9
10695,Northeast,1210,72.4,0,86.2
10696,Midwest,6224,67.0,0,66.3
10697,West,3028,63.0,1,74.1
10698,West,3724,63.6,0,78.7
10699,West,6211,69.4,0,70.0
10700,South,5123,57.3,1,54.7
10701,Northeast,6631,86.7,0,65.6
10702,West,1594,96.8,0,71.5
10703,South,2595,77.7,0,79.5
10704,Northeast,5938,67.6,0,80.2
10705,South,7056,71.7,1,80.4
10706,Northeast,5602,65.3,0,54.7
10707,South,8594,72.2,0,69.6
10708,Northeast,7029,72.2,0,69.9
10709,Northeast,3980,62.9,1,68.5
10710,West,7495,75.0,0,78.0
10711,South,6766,60.3,1,48.2
10712,Northeast,2409,91.9,0,100.0
10713,Northeast,7717,70.9,0,54.0
10714,South,8918,78.6,0,89.4
10715,Midwest,3735,53.3,1,55.7
10716,West,8205,51.0,1,62.1
10717,South,8339,71.7,0,77.3
10718,Midwest,5523,80.8,1,75.8
10719,West,8354,88.8,0,89.2
10720,South,3332,44.4,1,62.5
10721,West,2028,75.2,0,69.8
10722,Northeast,4538,65.7,1,60.1
10723,Northeast,1938,57.0,1,55.8
10724,Midwest,7472,60.3,1,70.8
10725,South,3908,66.8,0,62.9
10726,Northeast,3246,81.2,0,83.0
10727,West,3629,83.3,0,70.4
10728,South,8752,78.4,0,80.8
10729,Northeast,1891,84.1,0,80.9
10730,South,1597,73.1,0,70.9
10731,Northeast,4161,76.8,0,82.3
10732,South,4700,72.9,1,71.8
10733,Northeast,3948,82.8,0,64.4
10734,Midwest,5436,69.1,1,72.0
10735,Midwest,3783,79.7,0,58.4
10736,Northeast,2571,60.0,1,74.4
10737,West,8268,56.5,1,68.2
10738,Northeast,2262,64.5,0,62.6
10739,West,7504,60.3,1,71.0
10740,Midwest,5642,73.4,0,67.9
10741,Midwest,7643,91.7,0,99.9
10742,Northeast,4650,81.0,0,80.8
10743,South,8860,63.5,1,83.7
10744,Midwest,4588,59.7,1,52.7
10745,Northeast,6925,84.3,0,70.6
10746,South,3547,88.8,0,63.3
10747,West,7476,48.5,1,56.6
10748,South,6214,70.3,0,75.1
10749,Midwest,2623,75.2,0,88.5
10750,Northeast,3612,81.2,0,69.4
10751,South,1447,65.1,1,62.2
10752,Northeast,4426,79.4,0,52.4
10753,South,6534,74.1,0,86.3
10754,Northeast,8528,73.0,0,73.2
10755,Midwest,5977,70.7,0,76.9
10756,Northeast,2872,75.8,0,49.2
10757,South,1940,74.2,0,76.1
10758,Northeast,6064,86.7,0,92.7
10759,Midwest,7750,65.5,0,85.1
10760,Northeast,2058,74.3,0,66.0
10761,Midwest,6643,83.5,0,90.6
10762,South,8959,71.1,1,80.6
10763,South,8083,63.0,1,80.8
10764,Midwest,7383,80.9,0,85.8
10765,West,2333,68.8,1,82.6
10766,Midwest,7068,62.2,1,67.0
10767,Midwest,1839,66.5,0,72.1
10768,Midwest,6659,82.3,0,74.2
10769,Northeast,8166,82.4,0,75.4
10770,Northeast,6657,42.4,1,57.6
10771,South,7866,67.6,1,66.9
10772,Northeast,7631,88.0,0,74.9
10773,South,7753,71.9,0,65.0
10774,Northeast,8000,98.2,0,93.4
10775,South,6334,65.6,1,67.9
10776,South,4278,49.7,1,53.4
10777,South,5724,78.4,0,73.3
10778,Midwest,2609,62.7,0,74.1
10779,South,3969,83.3,0,80.3
10780,West,1446,76.8,0,67.2
10781,South,5669,64.4,1,83.5
10782,Northeast,6072,58.8,1,69.4
10783,South,4692,57.4,0,68.4
10784,South,1682,64.4,1,53.2
10785,West,4439,78.0,0,82.6
10786,Midwest,4493,60.2,0,56.3
10787,South,6849,80.0,0,69.6
10788,Midwest,8004,93.5,0,85.6
10789,South,8320,80.4,0,63.2
10790,Midwest,4320,68.2,0,82.0
10791,West,4787,66.9,0,72.2
10792,South,8641,91.3,0,71.2
10793,West,5657,75.5,0,68.6
10794,Midwest,8720,72.8,0,79.7
10795,South,5641,82.6,0,70.0
10796,South,8532,76.3,0,76.2
10797,West,6932,81.3,0,89.6
10798,South,5772,54.8,1,73.1
10799,Northeast,7090,70.1,0,73.2
10800,South,4145,93.4,0,84.9
10801,West,8907,73.3,1,90.2
10802,West,7310,77.1,0,79.7
10803,West,2258,71.1,0,75.3
10804,Northeast,1509,78.7,0,80.3
10805,Midwest,2548,73.3,0,71.7
10806,South,1725,70.7,0,78.1
10807,West,6017,71.1,1,71.0
10808,South,4057,58.1,0,79.1
10809,Northeast,5353,61.7,1,65.0
10810,Midwest,3635,62.8,1,66.4
10811,Midwest,1477,79.2,0,89.2
10812,Northeast,8561,76.0,0,76.4
10813,Midwest,1806,60.0,1,88.0
10814,West,8954,65.5,0,68.8
10815,West,6882,85.2,0,66.7
10816,West,1593,67.2,0,66.5
10817,West,2933,62.7,0,86.6
10818,Northeast,6162,64.0,1,63.5
10819,South,4224,62.0,0,70.6
10820,Midwest,7149,60.7,1,54.6
10821,Northeast,1900,69.0,0,83.4
10822,Midwest,3082,65.2,0,53.5
10823,South,2691,76.3,0,67.7
10824,Northeast,1600,84.3,0,90.9
10825,West,5551,77.2,0,77.9
10826,West,6765,90.4,0,79.9
10827,Midwest,8410,55.0,1,73.2
10828,West,6688,78.0,0,77.1
10829,West,8623,72.2,0,78.4
10830,Northeast,5514,59.2,1,68.2
10831,Midwest,6615,74.1,0,68.7
10832,Northeast,7395,51.3,1,51.4
10833,South,3845,86.1,0,73.5
10834,South,7617,58.6,1,61.6
10835,South,8275,82.4,0,68.5
10836,South,1702,82.0,0,80.0
10837,South,5962,71.7,0,80.1
10838,Northeast,7824,86.4,0,73.3
10839,Midwest,6756,71.4,0,72.2
10840,Midwest,1978,71.9,0,85.9
10841,Midwest,7886,73.8,0,72.9
10842,Northeast,5694,69.0,0,58.9
10843,Midwest,1425,79.8,0,82.8
10844,West,6129,65.3,0,80.0
10845,West,5448,84.4,0,71.6
10846,South,3774,59.9,1,62.1
10847,South,5233,67.6,0,69.0
10848,West,3062,69.1,0,76.4
10849,Northeast,4087,77.6,0,63.9
10850,Northeast,7176,89.3,0,88.0
10851,Northeast,2154,78.0,0,85.6
10852,West,8031,86.5,0,71.0
10853,Northeast,8742,71.9,1,72.5
10854,West,7763,81.4,0,64.9
10855,West,7734,91.1,0,76.0
10856,West,8784,63.8,1,62.7
10857,Northeast,5597,72.6,0,69.5
10858,South,2851,65.4,0,79.4
10859,Midwest,1211,66.9,1,64.2
10860,Northeast,2892,82.6,0,52.7
10861,Northeast,6392,54.7,0,64.2
10862,Northeast,7527,87.2,0,86.1
10863,Midwest,5733,46.9,1,74.3
10864,South,8260,79.0,0,83.3
10865,Midwest,4186,41.9,1,68.6
10866,Northeast,7036,100.0,0,86.3
10867,South,3986,70.1,1,70.8
10868,Northeast,2643,84.8,0,100.0
10869,South,8390,76.0,0,80.6
10870,Northeast,6492,75.3,0,76.9
10871,Midwest,8431,78.0,0,87.9
10872,South,3294,76.2,0,69.6
10873,South,6050,83.9,0,76.5
10874,Northeast,3975,62.6,1,78.5
10875,South,4384,88.7,0,87.4
10876,South,4516,89.4,0,73.0
10877,South,5461,64.2,1,81.5
10878,South,5235,51.6,1,78.0
10879,South,5872,77.6,0,62.4
10880,West,8318,45.2,1,58.6
10881,West,3418,94.0,0,83.5
10882,South,8328,92.5,0,64.2
10883,West,1285,72.5,0,64.5
10884,West,7431,71.0,0,69.3
10885,Midwest,5997,66.3,0,61.4
10886,Midwest,5466,74.0,0,76.7
10887,Northeast,8975,89.1,0,73.6
10888,South,5346,66.7,1,72.9
10889,Northeast,1243,62.8,1,85.6
10890,West,8641,73.1,0,51.8
10891,Northeast,1990,53.4,1,73.2
10892,Northeast,1816,82.6,0,68.5
10893,West,1249,84.6,0,71.2
10894,Northeast,2114,90.7,0,64.8
10895,South,7794,69.8,0,80.9
10896,South,1636,59.9,1,84.7
10897,South,3570,78.1,0,79.2
10898,Northeast,6676,81.1,0,76.3
10899,West,7406,100.0,0,81.7
10900,Northeast,2997,83.4,0,69.1
10901,Northeast,6840,79.9,0,61.4
10902,Midwest,5092,75.9,0,70.1
10903,Midwest,6409,45.2,1,47.2
10904,South,4112,78.6,1,83.5
10905,South,6038,86.4,0,72.5
10906,West,4087,58.6,1,66.7
10907,Midwest,3597,70.0,0,74.1
10908,South,7322,72.9,0,69.8
10909,South,4968,93.6,0,90.4
10910,Northeast,8811,67.7,1,74.7
10911,Northeast,3079,56.1,1,54.4
10912,West,6475,72.3,0,67.0
10913,West,4639,70.8,0,43.7
10914,Midwest,6446,70.9,0,84.1
10915,Northeast,4816,77.6,0,83.6
10916,Midwest,4355,70.1,0,80.9
10917,Midwest,4499,70.8,0,58.7
10918,West,7666,67.7,1,67.4
10919,Midwest,2793,89.4,0,91.0
10920,Northeast,1652,94.9,0,80.2
10921,Midwest,8786,79.7,0,77.2
10922,Northeast,3807,86.0,0,60.3
10923,West,1256,54.1,1,62.5
10924,Midwest,5383,84.9,0,74.3
10925,South,5434,70.6,0,76.3
10926,South,5106,92.7,0,81.6
10927,Northeast,7443,78.0,0,56.9
10928,West,5241,81.7,0,63.1
10929,Midwest,4981,72.5,0,74.1
10930,Midwest,1702,60.7,1,68.1
10931,West,5139,68.2,0,53.6
10932,South,2952,60.2,1,56.7
10933,Northeast,8967,72.4,0,71.5
10934,Midwest,3208,74.1,0,69.2
10935,West,7195,71.4,0,66.8
10936,West,2366,65.3,1,79.5
10937,South,2543,67.8,1,70.4
10938,West,1363,51.7,1,51.9
10939,Midwest,4781,62.2,0,53.3
10940,South,5059,82.6,0,77.5
10941,South,2661,63.9,0,84.5
10942,West,3259,61.3,1,73.1
10943,South,2361,72.9,0,72.1
10944,Northeast,4179,59.5,0,59.9
10945,West,3608,82.7,0,100.0
10946,Midwest,7276,52.6,1,64.7
10947,Midwest,3006,56.3,0,82.2
10948,Northeast,6774,72.1,0,68.2
10949,Northeast,4618,67.0,0,69.4
10950,West,5829,71.8,0,48.8
10951,Midwest,1839,58.0,1,58.4
10952,South,6290,86.2,0,96.7
10953,Northeast,4774,88.5,0,86.6
10954,Northeast,4574,95.8,0,93.8
10955,South,5125,100.0,0,98.2
10956,Midwest,6032,77.3,0,75.0
10957,South,6445,88.2,0,77.7
10958,Northeast,1463,85.6,0,71.4
10959,West,8192,63.5,0,55.9
10960,Northeast,3738,69.3,0,74.9
10961,Midwest,8598,86.4,0,78.1
10962,Midwest,6872,62.6,0,58.1
10963,Northeast,1948,86.3,0,99.4
10964,Midwest,8255,63.0,0,67.1
10965,West,1971,72.3,0,77.2
10966,Northeast,7965,65.2,0,50.1
10967,West,8848,75.3,0,48.6
10968,West,5755,78.1,0,71.8
10969,Northeast,4394,62.7,1,77.3
10970,Midwest,4220,56.4,0,53.9
10971,Midwest,1497,76.8,0,79.5
10972,West,8268,67.5,1,78.9
10973,West,3794,55.1,1,76.4
10974,Northeast,5145,86.2,0,87.8
10975,Northeast,4743,71.7,0,61.3
10976,Midwest,1346,54.1,1,55.9
10977,Northeast,2607,69.6,0,76.3
10978,West,6910,70.3,0,63.3
10979,West,3413,62.4,0,58.0
10980,West,8083,47.2,1,46.1
10981,South,1667,100.0,0,92.7
10982,West,3569,64.3,0,69.0
10983,Midwest,3364,60.3,1,49.9
10984,Midwest,7504,80.7,0,68.6
10985,South,5250,45.3,1,66.2
10986,Northeast,3243,69.8,1,65.2
10987,Northeast,3754,70.7,0,70.2
10988,South,4769,64.6,1,67.4
10989,South,3314,66.1,1,68.7
10990,West,4606,90.5,0,80.8
10991,South,5060,76.2,0,59.2
10992,West,4912,83.3,0,76.2
10993,South,5661,82.6,0,86.5
10994,Midwest,7040,77.9,0,79.2
10995,West,6524,72.9,1,55.7
10996,West,5263,59.8,1,73.6
10997,South,7817,70.6,0,66.4
10998,West,3172,92.5,0,70.4
10999,West,7074,83.6,0,84.7
11000,South,5273,92.6,0,87.8
11001,Midwest,4044,78.7,0,66.0
11002,West,3168,71.6,1,78.2
11003,Midwest,5767,76.5,0,69.5
11004,Midwest,4636,87.5,0,99.3
11005,South,3698,62.7,0,60.7
11006,West,7339,70.9,0,69.9
11007,West,1825,85.7,0,74.8
11008,West,1953,61.0,0,71.9
11009,Northeast,5516,100.0,0,92.4
11010,South,6313,56.9,1,63.3
11011,South,2107,63.5,1,56.1
11012,South,2456,79.0,0,79.8
11013,Midwest,2691,49.8,1,58.0
11014,Midwest,5895,77.6,0,77.1
11015,Northeast,2924,66.4,0,64.9
11016,Northeast,7941,61.5,0,78.7
11017,Midwest,5389,73.9,0,75.0
11018,Northeast,2240,72.4,0,53.5
11019,South,6621,88.5,0,86.1
11020,Midwest,8747,53.9,1,69.0
11021,West,6860,100.0,0,82.6
11022,Midwest,7159,78.1,0,81.2
11023,West,7372,69.4,1,93.7
11024,Northeast,7457,63.7,0,64.3
11025,Northeast,2423,67.9,0,65.1
11026,West,6510,74.7,0,64.7
11027,South,4189,64.6,1,63.5
11028,Northeast,2265,65.5,0,73.0
11029,Northeast,8948,73.3,0,98.5
11030,West,5995,81.3,0,69.5
11031,Midwest,4293,77.3,0,79.2
11032,West,8763,60.4,1,77.1
11033,Northeast,1615,70.1,0,65.0
11034,West,8161,78.4,0,80.2
11035,Midwest,7634,53.3,0,58.3
11036,Northeast,6058,74.6,1,82.4
11037,West,3191,61.0,1,54.0
11038,South,6588,77.9,0,93.5
11039,Midwest,6029,69.1,1,66.2
11040,Midwest,6300,65.7,1,74.4
11041,West,4450,80.2,0,80.4
11042,Midwest,7174,73.7,0,92.7
11043,South,8583,100.0,0,90.5
11044,Midwest,3321,69.5,1,83.4
11045,Northeast,8155,81.4,0,84.2
11046,Northeast,8773,72.5,0,76.0
11047,South,6870,53.8,1,43.5
11048,Northeast,1784,71.5,0,55.0
11049,Midwest,5258,66.0,0,75.9
11050,South,4739,69.6,1,58.8
11051,South,3268,85.1,0,77.2
11052,West,5053,69.4,0,66.0
11053,South,7872,86.0,0,70.3
11054,Northeast,6257,89.2,0,81.3
11055,Northeast,8359,78.6,1,67.9
11056,Northeast,5026,75.6,0,91.8
11057,Northeast,3667,76.5,0,79.5
11058,West,5134,63.7,0,44.0
11059,Northeast,3373,61.3,0,66.5
11060,Midwest,1824,93.0,0,77.2
11061,Northeast,3776,65.7,0,72.6
11062,South,3849,74.4,0,90.0
11063,Midwest,6671,66.8,0,74.2
11064,South,5118,100.0,0,84.1
11065,Midwest,8097,94.3,0,92.7
11066,West,1332,57.5,1,57.9
11067,West,6473,63.8,1,74.7
11068,Midwest,2101,66.6,1,95.4
11069,South,7118,80.9,0,77.4
11070,Northeast,8502,79.5,0,85.9
11071,West,5958,65.5,0,65.1
11072,Midwest,4192,44.8,1,75.6
11073,South,3719,76.8,0,90.8
11074,West,7382,61.6,0,62.1
11075,Northeast,7178,77.0,1,67.2
11076,South,3181,88.7,0,76.7
11077,Midwest,7075,71.7,0,88.6
11078,Northeast,3785,76.5,0,86.1
11079,Midwest,4113,77.6,0,80.6
11080,Northeast,1950,67.5,0,71.9
11081,Midwest,4810,83.8,0,81.5
11082,West,3267,69.1,0,68.1
11083,Midwest,1302,64.8,0,77.0
11084,West,1220,75.4,0,74.6
11085,South,7557,58.9,1,48.5
11086,West,8994,84.9,0,86.3
11087,West,7826,82.1,0,77.9
11088,Midwest,8691,93.3,0,84.9
11089,West,8897,59.1,1,57.1
11090,Northeast,3389,68.1,0,66.9
11091,West,5247,81.0,0,87.8
11092,Midwest,5333,64.3,0,53.8
11093,West,3654,74.4,0,76.9
11094,Northeast,2383,94.6,0,87.4
11095,West,6528,91.1,0,92.9
11096,Midwest,5408,72.9,0,56.3
11097,Midwest,1298,63.4,1,51.3
11098,West,4547,72.6,0,54.5
11099,Midwest,4300,75.6,0,77.4
11100,Northeast,4288,79.0,0,53.5
11101,Midwest,4161,75.6,0,72.3
11102,South,3334,58.5,1,67.9
11103,South,3118,70.4,0,69.4
11104,South,8185,65.3,1,62.5
11105,Midwest,6467,68.8,0,64.3
11106,Northeast,5116,75.5,0,90.4
11107,Northeast,8543,100.0,0,99.9
11108,Midwest,6692,69.5,1,65.4
11109,South,2617,62.5,1,80.6
11110,South,8374,78.3,0,83.4
11111,Northeast,2021,79.4,0,87.4
11112,Midwest,6294,62.9,0,74.5
11113,West,8819,67.0,0,55.2
11114,West,1629,45.3,1,52.7
11115,West,5366,66.6,1,73.9
11116,West,8913,65.9,0,67.6
11117,West,8910,71.1,0,77.8
11118,Northeast,4388,70.2,0,65.1
11119,Midwest,6197,69.5,0,65.9
11120,South,6731,79.2,0,84.0
11121,Midwest,1957,67.6,0,82.8
11122,Midwest,2237,74.5,0,49.4
11123,West,6099,74.7,0,71.9
11124,South,6838,71.1,0,72.1
11125,Midwest,2753,64.7,0,57.2
11126,South,6610,81.7,0,57.1
11127,West,1476,56.2,0,65.2
11128,South,4956,81.4,0,79.3
11129,South,2129,50.9,1,59.3
11130,West,7296,91.4,0,86.4
11131,Midwest,8146,88.0,0,78.7
11132,West,7894,63.5,1,57.2
11133,Northeast,1833,74.7,0,79.2
11134,Northeast,4004,66.7,1,58.8
11135,Northeast,4298,80.6,0,76.3
11136,Midwest,2048,91.4,0,100.0
11137,Midwest,4424,76.8,0,76.5
11138,West,6656,64.5,1,65.5
11139,Northeast,7413,58.0,0,75.1
11140,West,8862,53.4,0,54.1
11141,South,1716,67.0,0,60.2
11142,South,4599,87.3,0,94.3
11143,Northeast,5218,63.2,1,72.2
11144,South,4796,77.9,0,83.0
11145,Northeast,2636,60.7,1,90.1
11146,Midwest,2960,75.7,0,73.3
11147,West,8985,63.7,1,66.8
11148,Midwest,2459,87.1,0,75.2
11149,Midwest,8561,73.9,0,73.7
11150,West,7685,68.9,0,67.6
11151,South,1753,56.0,1,60.4
11152,Northeast,3162,74.6,0,74.8
11153,Midwest,6199,75.4,0,82.9
11154,South,7627,57.1,1,67.1
11155,Northeast,2726,62.2,1,67.4
11156,Midwest,8679,68.8,0,77.7
11157,Northeast,6782,90.1,0,86.1
11158,South,2131,59.4,1,59.5
11159,South,1236,68.4,1,72.0
11160,Northeast,7248,76.4,0,94.9
11161,Northeast,7766,74.1,0,68.8
11162,Midwest,3679,90.3,0,86.5
11163,West,3579,69.7,0,82.5
11164,Northeast,5758,75.8,0,71.6
11165,Midwest,1969,88.0,0,63.4
11166,Midwest,5298,72.4,1,71.2
11167,Midwest,7246,78.1,0,69.4
11168,Northeast,6291,85.0,0,75.4
11169,West,8872,62.6,1,65.3
11170,Northeast,4021,77.4,0,76.2
11171,Northeast,4230,77.9,0,73.7
11172,West,1335,58.4,0,62.2
11173,South,2022,46.3,1,48.0
11174,West,3009,61.7,0,64.2
11175,Northeast,1707,67.7,0,81.1
11176,Midwest,7886,97.1,0,82.1
11177,South,6289,60.5,1,83.1
11178,Midwest,5304,78.2,0,76.9
11179,West,4074,65.1,0,71.5
11180,South,1749,79.4,0,82.1
11181,Midwest,2248,45.2,1,63.9
11182,South,7096,54.0,1,51.9
11183,Midwest,7729,63.9,1,50.8
11184,Midwest,5138,71.7,0,60.4
11185,South,7587,48.8,1,61.6
11186,Northeast,7508,45.9,1,65.4
11187,West,2185,87.5,0,74.3
11188,West,1264,71.4,1,73.8
11189,West,7632,70.2,0,57.5
11190,Northeast,1677,78.4,0,71.8
11191,Northeast,4758,75.6,0,65.4
11192,Midwest,8592,77.3,0,69.8
11193,South,5948,62.5,1,63.2
11194,Northeast,6990,65.8,1,50.1
11195,West,7247,81.0,0,64.2
11196,West,7934,66.5,0,68.0
11197,South,7339,66.9,0,79.4
11198,West,1530,100.0,0,84.8
11199,Midwest,8394,68.0,0,82.9
11200,Midwest,1894,81.3,0,71.0
11201,Midwest,5484,67.4,0,84.0
11202,South,2283,70.7,0,74.2
11203,Midwest,6627,83.8,0,73.2
11204,West,5462,57.0,1,61.6
11205,West,6162,69.1,0,67.2
11206,Midwest,2296,64.5,0,53.4
11207,Midwest,4848,76.1,0,53.1
11208,Northeast,7985,66.4,1,76.5
11209,Midwest,8847,69.6,0,78.1
11210,West,3990,73.6,0,67.8
11211,West,5523,87.6,0,74.9
11212,Midwest,6233,40.0,1,51.7
11213,West,2581,67.0,0,75.2
11214,South,3582,75.2,0,67.9
11215,West,8252,100.0,0,100.0
11216,South,7124,65.7,0,74.1
11217,West,1833,54.3,1,48.8
11218,Midwest,1523,95.5,0,88.9
11219,Northeast,4584,78.5,0,85.6
11220,Northeast,3192,79.5,0,59.5
11221,Northeast,6540,88.7,0,71.8
11222,South,7097,63.6,1,69.2
11223,Northeast,7393,54.2,1,59.4
11224,Northeast,4364,100.0,0,86.7
11225,Midwest,3440,76.5,0,67.8
11226,Midwest,5399,62.1,0,66.3
11227,Midwest,2237,75.6,0,79.1
11228,Midwest,6511,76.2,0,86.3
11229,South,6483,76.4,0,89.8
11230,Midwest,2511,60.5,0,49.4
11231,Midwest,5411,63.9,1,77.6
11232,Northeast,3512,77.9,1,85.7
11233,Midwest,7143,58.8,1,70.0
11234,South,5576,70.1,1,84.9
11235,South,7890,77.1,0,66.0
11236,South,6449,77.3,0,90.5
11237,West,1763,62.0,0,71.3
11238,Northeast,4371,73.1,0,54.1
11239,South,8606,64.2,0,57.7
11240,Midwest,7551,65.0,1,69.6
11241,South,3316,76.2,0,76.7
11242,West,4348,55.3,0,67.3
11243,South,4624,86.5,0,75.6
11244,Northeast,4079,80.7,0,88.3
11245,West,8067,80.5,0,83.3
11246,South,8010,72.0,0,69.5
11247,South,3696,77.3,0,70.7
11248,South,7324,43.5,1,55.9
11249,South,3380,53.2,1,38.9
11250,Midwest,8492,47.0,1,66.9
11251,South,5589,79.3,0,72.3
11252,South,6094,49.2,1,58.6
11253,Midwest,4171,71.3,0,72.1
11254,Northeast,7270,71.2,0,74.4
11255,Northeast,7971,78.8,0,82.5
11256,Northeast,8681,77.4,0,63.5
11257,Midwest,4093,78.3,1,85.4
11258,West,7216,76.6,0,59.5
11259,West,2135,66.7,0,63.3
11260,South,7343,55.1,1,57.5
11261,Midwest,6709,78.7,0,89.3
11262,Northeast,3694,80.3,0,80.2
11263,South,4497,70.6,1,92.7
11264,South,4727,75.5,0,72.7
11265,West,6090,71.2,0,76.7
11266,South,1904,88.9,0,94.6
11267,West,2470,72.6,0,74.9
11268,Midwest,4904,57.1,1,37.1
11269,Northeast,3176,73.0,0,66.6
11270,Northeast,5395,81.9,0,74.4
11271,Northeast,2852,80.7,0,69.8
11272,West,8031,51.2,1,35.6
11273,South,4566,88.6,0,82.4
11274,Midwest,1628,57.7,1,69.5
11275,Northeast,1507,59.4,1,78.1
11276,Midwest,2477,56.7,1,67.8
11277,Midwest,5993,86.7,0,71.7
11278,Northeast,5069,78.2,0,70.7
11279,Midwest,8477,100.0,0,85.2
11280,West,6024,62.9,0,67.0
11281,West,6376,100.0,0,93.3
11282,Northeast,1303,63.4,0,77.2
11283,West,2397,62.4,0,65.1
11284,Northeast,1287,80.1,0,82.8
11285,Northeast,6090,80.1,0,81.5
11286,South,4709,54.6,1,67.7
11287,Midwest,1975,58.7,0,65.3
11288,South,2271,74.8,0,74.6
11289,South,8219,74.9,1,72.4
11290,Midwest,5578,79.6,0,67.7
11291,West,3531,73.3,0,63.5
11292,West,3712,76.5,0,74.8
11293,Midwest,5301,49.3,1,68.0
11294,West,4777,60.4,1,65.4
11295,South,5352,59.1,1,63.3
11296,South,5792,91.4,0,80.2
11297,Northeast,5022,67.7,0,79.1
11298,West,8613,59.1,1,63.5
11299,Northeast,6900,84.6,0,58.9
11300,South,2211,76.0,0,76.5
11301,Northeast,3678,73.8,0,78.0
11302,Midwest,1292,74.1,0,79.2
11303,Midwest,5453,45.6,1,65.7
11304,Northeast,4277,69.1,0,63.4
11305,Northeast,8833,65.8,0,73.5
11306,South,5579,62.8,0,76.7
11307,Midwest,7737,93.9,0,94.4
11308,Northeast,6469,68.4,0,73.9
11309,Midwest,7633,37.4,1,64.1
11310,Midwest,6670,61.8,1,59.5
11311,Midwest,7428,79.1,0,80.3
11312,West,2040,77.1,1,67.8
11313,West,1254,70.2,0,60.7
11314,Midwest,4977,99.7,0,94.4
11315,Northeast,5522,81.5,0,85.9
11316,Midwest,6261,68.4,1,81.1
11317,Midwest,7338,77.5,0,79.5
11318,Northeast,6029,47.3,1,42.1
11319,Northeast,5058,82.3,0,67.8
11320,Midwest,5967,73.2,0,76.4
11321,South,7517,79.0,0,73.0
11322,West,3309,59.9,0,64.2
11323,West,6234,76.2,0,80.0
11324,Midwest,4971,96.7,0,97.2
11325,South,3910,53.5,1,51.5
11326,West,6219,50.9,1,64.6
11327,South,1439,72.0,1,70.5
11328,South,7857,54.4,1,67.5
11329,Northeast,2416,74.9,0,84.2
11330,Midwest,6398,62.4,0,63.2
11331,Northeast,6509,74.2,0,74.4
11332,South,8175,85.9,0,88.7
11333,Northeast,6889,51.0,1,66.5
11334,South,3572,78.3,0,68.1
11335,South,7957,74.4,0,76.4
11336,Midwest,7180,94.1,0,87.0
11337,West,3571,94.3,0,81.1
11338,South,4528,82.7,0,70.0
11339,West,8762,61.2,0,80.5
11340,Midwest,2013,73.4,0,80.5
11341,West,7032,86.8,0,74.8
11342,Midwest,6692,94.5,0,84.1
11343,West,7956,86.1,0,59.3
11344,Northeast,5650,74.3,0,54.0
11345,West,7504,69.1,1,67.2
11346,Midwest,1548,74.5,0,75.1
11347,Northeast,1421,51.1,1,64.8
11348,South,5910,72.4,0,65.7
11349,West,5163,91.0,0,72.1
11350,Northeast,4813,52.7,1,68.2
11351,West,6828,83.2,0,86.9
11352,Midwest,8724,59.8,0,79.1
11353,West,5323,94.1,0,63.0
11354,South,6824,74.4,1,81.1
11355,Midwest,2800,80.0,0,69.1
11356,Midwest,3667,60.0,1,67.1
11357,Northeast,2721,73.8,0,73.5
11358,Northeast,1820,82.8,0,78.4
11359,South,6436,63.9,0,85.7
11360,West,7415,72.0,0,64.6
11361,Northeast,2275,69.3,0,91.7
11362,West,5609,68.4,1,68.4
11363,West,7458,55.3,1,63.8
11364,South,5092,61.5,0,68.3
11365,Midwest,3903,41.8,1,71.0
11366,Midwest,2083,49.3,1,36.7
11367,Northeast,3602,52.6,1,43.8
11368,West,2977,80.5,0,83.6
11369,Northeast,2370,80.3,0,62.8
11370,Midwest,7561,78.7,0,69.1
11371,West,3006,56.8,1,36.1
11372,South,3090,64.3,0,75.6
11373,West,5841,81.3,0,95.1
11374,Northeast,8784,71.8,0,58.2
11375,South,2616,65.9,0,86.5
11376,Northeast,7096,84.3,0,100.0
11377,Midwest,1955,46.4,1,60.4
11378,West,7102,62.2,1,63.8
11379,South,8319,54.6,1,56.2
11380,South,5076,57.4,1,68.9
11381,South,1523,66.5,0,68.5
11382,Northeast,7525,36.3,1,44.3
11383,West,8829,74.6,0,63.5
11384,Northeast,6063,57.5,0,69.8
11385,Midwest,1702,95.1,0,86.2
11386,Northeast,6082,72.2,1,74.4
11387,Northeast,7902,41.2,1,41.4
11388,South,4849,91.3,0,85.5
11389,Midwest,1579,85.3,0,77.4
11390,West,7824,56.1,1,59.9
11391,West,4308,77.9,0,69.8
11392,Midwest,5097,67.6,1,61.4
11393,Midwest,5475,91.0,0,76.4
11394,Northeast,6826,72.8,0,78.9
11395,South,8320,75.1,0,69.0
11396,West,5185,61.7,1,70.3
11397,West,3429,74.2,0,52.8
11398,South,6978,73.3,1,72.3
11399,Northeast,7700,71.9,1,72.1
11400,South,8782,57.8,0,54.4
11401,West,5482,67.8,0,59.2
11402,Northeast,8824,68.9,0,88.1
11403,Midwest,1618,85.7,0,51.9
11404,West,3657,70.7,0,67.2
11405,Northeast,4375,65.8,1,58.1
11406,South,5108,88.8,0,84.7
11407,West,7589,71.0,0,69.2
11408,Northeast,1268,84.5,0,72.1
11409,West,8169,79.2,0,87.0
11410,West,2102,57.1,1,65.2
11411,West,5190,70.7,0,55.5
11412,South,8841,63.6,0,81.4
11413,Midwest,8044,71.1,0,77.9
11414,Midwest,8111,65.6,0,58.6
11415,West,2324,69.8,1,68.0
11416,West,4907,50.2,1,57.6
11417,Northeast,5760,62.5,1,67.4
11418,Midwest,6488,81.0,0,93.4
11419,South,4233,78.8,1,76.4
11420,Northeast,1505,69.0,0,55.9
11421,South,2829,75.1,0,86.3
11422,Midwest,3302,67.2,0,100.0
11423,Northeast,7019,60.7,0,74.7
11424,Midwest,6586,73.7,0,71.2
11425,Midwest,3200,88.2,0,90.1
11426,West,6060,73.8,0,65.2
11427,Northeast,8522,78.4,0,75.1
11428,Northeast,3723,73.6,0,75.3
11429,Northeast,6235,70.0,1,75.7
11430,West,8231,52.9,1,46.4
11431,South,3052,79.2,0,80.3
11432,South,7833,85.2,0,73.2
11433,West,2737,57.3,0,68.6
11434,South,2055,72.3,0,76.3
11435,Midwest,6575,89.4,0,85.8
11436,Midwest,5371,57.0,1,61.2
11437,Northeast,3237,90.1,0,75.1
11438,South,5692,66.2,0,76.4
11439,West,5166,70.9,0,88.9
11440,Northeast,7684,55.1,0,48.9
11441,West,4308,76.9,0,75.6
11442,Northeast,4799,75.6,1,91.4
11443,Northeast,8505,66.0,1,54.5
11444,Northeast,3897,82.8,0,77.3
11445,Midwest,6169,82.2,0,72.2
11446,Northeast,5225,91.9,0,76.3
11447,Midwest,7119,71.1,0,69.4
11448,South,3307,58.4,0,59.3
11449,West,5131,58.2,0,61.8
11450,Midwest,1821,60.6,1,86.0
11451,Midwest,6836,79.3,0,71.5
11452,Midwest,6656,77.3,0,68.1
11453,West,6997,96.3,0,79.8
11454,West,7323,62.2,0,46.7
11455,South,7953,74.4,0,90.7
11456,South,4621,80.4,0,75.5
11457,Midwest,1712,74.7,1,75.7
11458,South,3242,79.0,0,76.9
11459,South,6757,61.0,1,64.3
11460,West,2932,67.0,0,66.6
11461,West,8541,72.1,0,77.5
11462,Northeast,6017,100.0,0,89.5
11463,West,1862,82.3,0,69.7
11464,Northeast,7622,71.3,0,74.2
11465,West,6876,72.5,0,62.8
11466,West,6735,84.4,0,70.2
11467,West,1231,92.2,0,93.5
11468,Northeast,5545,54.2,1,54.4
11469,South,3372,78.1,0,66.4
11470,West,8947,57.4,1,63.7
11471,South,8206,47.1,1,59.4
11472,West,2908,78.3,0,87.6
11473,West,5484,86.6,0,82.6
11474,Midwest,7060,81.5,0,81.0
11475,West,1764,55.1,1,78.7
11476,Midwest,8461,76.2,0,71.0
11477,South,4085,86.4,0,69.4
11478,Northeast,4263,68.0,0,63.1
11479,West,2675,100.0,0,80.6
11480,West,6827,77.1,0,78.2
11481,Midwest,7989,99.3,0,86.2
11482,Midwest,1546,64.4,1,82.0
11483,Midwest,2198,52.3,1,67.7
11484,Midwest,2389,60.3,1,77.4
11485,Midwest,8492,70.2,0,82.1
11486,South,1707,72.8,1,66.9
11487,Midwest,2341,76.1,0,71.5
11488,West,5428,75.4,0,62.6
11489,Midwest,4837,83.2,0,80.7
11490,South,3919,95.3,0,97.1
11491,West,6580,81.8,0,76.7
11492,South,3699,59.2,1,64.1
11493,Northeast,2283,83.4,0,79.5
11494,Northeast,4755,65.2,0,70.6
11495,Northeast,7750,57.0,1,70.6
11496,Northeast,8981,49.8,1,58.9
11497,West,6159,92.8,0,86.5
11498,South,3499,72.6,0,74.8
11499,South,1997,70.0,0,74.4
11500,Midwest,8619,73.6,0,66.9
11501,West,6541,88.8,0,78.0
11502,Midwest,4484,81.4,0,84.6
11503,Northeast,8524,77.3,0,73.6
11504,South,6486,53.6,1,74.8
11505,Midwest,2802,69.1,0,79.5
11506,Midwest,5154,79.0,0,71.1
11507,Midwest,3185,75.8,0,46.4
11508,Northeast,8040,59.3,1,62.6
11509,Northeast,4780,100.0,0,80.9
11510,West,8369,58.9,1,63.7
11511,Northeast,7843,82.5,0,62.9
11512,South,8458,55.0,1,64.1
11513,Northeast,8239,76.0,0,62.5
11514,South,7237,51.8,1,55.1
11515,South,5857,77.4,0,82.3
11516,South,4569,94.7,0,82.7
11517,Midwest,3055,79.1,1,58.4
11518,Midwest,6608,64.3,0,72.4
11519,West,8684,68.2,1,73.0
11520,Midwest,3809,69.1,0,68.8
11521,Northeast,8555,73.7,0,80.2
11522,Northeast,6260,72.3,0,87.3
11523,South,4379,65.0,1,52.1
11524,West,2888,57.3,1,49.6
11525,West,3671,76.6,0,68.6
11526,Northeast,8399,82.3,0,79.4
11527,Northeast,1217,42.0,1,68.5
11528,Northeast,8722,56.6,1,64.7
11529,South,4758,61.8,1,75.0
11530,West,5497,41.9,1,57.5
11531,South,7902,65.5,0,72.2
11532,West,2918,78.2,0,61.2
11533,South,3588,65.5,0,71.0
11534,Northeast,5525,95.7,0,93.7
11535,South,7966,63.8,1,59.3
11536,South,1821,72.3,0,65.8
11537,South,3009,39.1,1,42.1
11538,South,4003,69.3,0,62.1
11539,West,3378,58.6,1,59.2
11540,South,2988,76.2,0,78.7
11541,South,8711,38.1,1,46.4
11542,South,3542,77.5,0,67.6
11543,Northeast,4685,59.4,1,73.2
11544,Northeast,5047,76.8,0,97.1
11545,Northeast,5537,59.2,1,76.8
11546,West,3131,62.7,1,48.1
11547,West,8458,84.5,0,75.7
11548,West,8625,73.9,0,85.4
11549,Midwest,3447,60.5,1,68.9
11550,West,5809,67.9,0,76.1
11551,Midwest,8795,69.9,1,85.8
11552,Midwest,8577,70.5,0,72.0
11553,Northeast,5066,58.6,0,60.6
11554,West,1653,55.8,0,52.5
11555,Midwest,3531,60.6,1,54.8
11556,Northeast,6683,57.3,1,70.5
11557,Midwest,5450,78.8,0,77.9
11558,South,2508,67.2,0,91.2
11559,South,1229,70.7,0,65.7
11560,South,8720,81.0,0,59.4
11561,South,2730,74.7,0,75.1
11562,Midwest,8579,80.8,0,90.5
11563,West,8475,92.9,0,74.6
11564,Midwest,3922,78.8,0,75.4
11565,Northeast,4801,63.4,1,62.9
11566,Northeast,6534,76.8,0,61.5
11567,West,7095,51.4,1,53.3
11568,Midwest,2297,75.2,0,75.3
11569,South,8023,64.9,0,58.2
11570,Midwest,7987,93.2,0,86.7
11571,South,4587,87.3,0,72.0
11572,Midwest,1207,66.7,1,90.6
11573,Midwest,3295,58.4,1,63.7
11574,West,2495,73.1,0,69.5
11575,Midwest,4317,66.4,0,75.2
11576,South,8269,71.1,0,66.1
11577,Northeast,8347,71.6,1,67.8
11578,Midwest,2766,70.0,0,80.8
11579,West,7686,94.0,0,94.0
11580,West,6317,71.5,0,83.2
11581,West,6699,71.1,0,63.1
11582,Midwest,2504,93.2,0,80.8
11583,South,3812,87.0,0,65.5
11584,Northeast,8157,73.2,0,65.4
11585,Midwest,1554,94.5,0,66.8
11586,Northeast,2834,76.6,1,70.5
11587,Northeast,6715,68.1,1,79.3
11588,West,2388,68.7,1,75.3
11589,Midwest,5342,71.7,1,63.1
11590,Northeast,5554,64.0,1,63.4
11591,Northeast,5743,80.6,0,78.4
11592,South,1933,67.3,1,66.7
11593,Northeast,1975,63.3,0,69.3
11594,South,4724,97.8,0,87.7
11595,South,6280,76.6,0,86.7
11596,Northeast,6217,71.0,0,77.3
11597,South,3002,66.5,1,59.3
11598,Midwest,6321,58.0,1,59.7
11599,Northeast,5952,69.1,0,63.6
11600,South,1213,62.2,1,61.8
11601,West,1418,67.9,1,73.3
11602,South,6334,69.5,0,39.0
11603,Northeast,5814,65.4,1,78.4
11604,West,4891,70.4,1,74.9
11605,West,7357,66.3,0,86.8
11606,Northeast,6640,67.5,0,65.1
11607,South,4427,71.3,0,61.4
11608,West,8334,91.7,0,62.4
11609,South,5436,67.2,0,91.4
11610,Northeast,7191,82.3,0,76.5
11611,West,6668,64.6,0,62.0
11612,Midwest,3525,69.4,0,80.7
11613,South,3247,67.4,1,57.3
11614,South,3055,77.4,0,82.0
11615,Northeast,8342,79.0,0,69.4
11616,South,1890,78.8,0,67.5
11617,West,2492,64.2,0,77.1
11618,West,3259,73.3,0,81.8
11619,West,3746,84.4,0,76.1
11620,South,3265,67.7,1,65.0
11621,Midwest,5389,72.4,0,57.4
11622,Midwest,1585,71.6,0,54.1
11623,South,4165,74.0,0,79.4
11624,Northeast,6149,69.8,0,60.9
11625,South,6292,74.5,0,98.5
11626,Northeast,3759,69.0,0,60.4
11627,South,8431,63.1,1,68.8
11628,Northeast,5357,81.7,0,82.6
11629,West,6806,84.5,0,78.8
11630,South,5195,53.8,1,69.2
11631,Midwest,2916,49.7,1,56.5
11632,South,5667,88.5,0,89.0
11633,South,6144,69.5,0,75.7
11634,West,8165,73.0,0,92.4
11635,South,8029,68.6,1,69.2
11636,South,7035,59.3,1,70.9
11637,Midwest,7027,68.9,1,80.1
11638,Midwest,7225,68.4,0,78.4
11639,South,2040,91.2,0,81.6
11640,Northeast,8673,60.0,0,63.5
11641,South,3980,60.7,1,64.5
11642,South,8823,65.0,1,67.6
11643,South,4452,85.2,0,76.4
11644,Midwest,4878,84.0,0,69.9
11645,Northeast,1461,75.7,0,77.7
11646,West,1985,70.5,0,72.9
11647,Midwest,5047,66.8,1,75.2
11648,South,7214,72.4,0,82.5
11649,Midwest,8666,62.9,1,72.1
11650,Northeast,4350,80.5,0,71.3
11651,Midwest,4221,76.9,0,57.8
11652,West,7103,70.3,0,62.8
11653,Northeast,1334,61.8,1,85.0
11654,South,5674,52.5,1,78.9
11655,Northeast,2342,72.1,0,66.9
11656,Midwest,7396,62.9,0,56.8
11657,Northeast,8269,79.7,0,60.3
11658,South,6750,76.5,0,63.9
11659,West,8593,58.4,1,68.1
11660,Midwest,2416,57.0,1,64.7
11661,Northeast,6149,44.8,1,67.4
11662,South,7085,68.4,0,67.3
11663,South,2270,60.6,0,66.2
11664,Midwest,8864,65.1,1,67.2
11665,South,1687,57.2,0,77.5
11666,Midwest,2939,85.4,0,84.8
11667,West,7368,58.6,0,64.8
11668,Northeast,6631,74.1,0,53.4
11669,Midwest,8428,79.6,0,75.2
11670,South,4361,54.0,0,59.6
11671,South,4200,62.9,0,72.3
11672,South,4293,94.9,0,97.9
11673,West,3452,57.6,1,66.1
11674,West,5753,67.1,0,62.1
11675,West,2341,71.1,1,65.9
11676,Midwest,2151,90.8,0,82.7
11677,South,4623,82.1,0,42.3
11678,Northeast,3451,77.8,0,79.1
11679,Midwest,4440,87.8,0,82.4
11680,West,7560,64.0,0,62.1
11681,Midwest,5939,84.3,0,85.1
11682,Midwest,6950,90.1,0,57.6
11683,Northeast,6578,41.0,1,46.9
11684,West,7219,69.0,0,68.2
11685,West,6135,66.2,0,64.3
11686,Northeast,4455,83.9,0,91.2
11687,Midwest,6930,73.1,1,71.7
11688,West,6580,66.4,0,54.3
11689,Midwest,1690,66.6,0,63.9
11690,West,3957,77.2,0,73.2
11691,West,5257,88.8,0,69.6
11692,Midwest,5365,64.8,0,92.7
11693,Northeast,7745,64.7,0,52.8
11694,Northeast,5154,85.8,0,79.3
11695,Midwest,3683,71.5,0,73.7
11696,South,4270,80.7,0,61.1
11697,South,6116,63.2,0,58.5
11698,Midwest,4817,55.8,1,73.6
11699,Midwest,5124,92.6,0,71.6
11700,South,3071,74.6,0,67.3
11701,Midwest,2630,75.7,0,58.6
11702,South,4702,56.0,1,49.4
11703,Midwest,4183,97.8,0,83.2
11704,Northeast,1238,83.7,0,83.5
11705,South,2539,64.6,1,71.7
11706,Midwest,8016,65.9,0,69.0
11707,Midwest,1812,57.2,0,76.7
11708,Midwest,8390,77.8,0,90.9
11709,Northeast,7042,64.4,0,47.4
11710,Midwest,4848,69.9,0,86.4
11711,South,1874,72.6,1,80.9
11712,Midwest,8524,72.9,0,73.5
11713,Midwest,7725,89.6,0,76.2
11714,South,6483,48.9,1,66.8
11715,South,8241,83.3,0,88.4
11716,Northeast,1899,73.2,0,69.7
11717,South,4718,77.2,0,66.9
11718,South,4397,60.6,0,76.5
11719,Northeast,5679,90.1,0,66.8
11720,West,7279,81.8,0,85.5
11721,Midwest,4490,71.0,0,71.7
11722,Northeast,6487,74.7,0,68.2
11723,Midwest,8512,86.8,0,73.1
11724,Midwest,8664,80.5,0,88.8
11725,Northeast,8262,84.9,0,78.4
11726,South,6463,67.9,0,76.9
11727,South,6210,83.6,0,68.6
11728,West,4132,73.9,1,78.1
11729,Midwest,5714,68.6,0,56.3
11730,West,8282,62.5,1,66.6
11731,South,7046,52.6,1,82.3
11732,South,4902,60.1,0,70.0
11733,Northeast,1203,82.3,0,64.8
11734,West,8960,57.6,1,72.6
11735,South,4586,61.1,0,82.4
11736,Northeast,4922,87.8,0,88.1
11737,West,8402,59.4,1,76.7
11738,Midwest,8351,50.8,1,44.2
11739,Northeast,5491,79.6,0,81.5
11740,South,3575,67.8,1,80.8
11741,South,7235,80.0,0,49.4
11742,South,3254,75.2,0,46.3
11743,West,7369,93.7,0,66.8
11744,South,4442,65.3,1,77.4
11745,Northeast,6485,78.3,0,73.3
11746,Midwest,7213,81.8,1,74.8
11747,Northeast,5138,76.3,0,68.6
11748,Northeast,8245,64.0,0,76.7
11749,West,5735,85.2,0,93.0
11750,Midwest,7121,59.6,0,58.9
11751,Midwest,5646,65.6,0,71.5
11752,South,3881,60.9,0,68.2
11753,South,6730,60.0,1,56.3
11754,Northeast,8396,45.2,1,53.4
11755,West,5766,65.0,1,73.9
11756,West,2825,77.6,0,59.0
11757,Midwest,5338,57.2,1,67.6
11758,Midwest,2680,66.8,1,60.1
11759,West,3365,71.2,0,76.9
11760,Northeast,4457,65.0,0,89.0
11761,Northeast,8101,81.7,0,82.2
11762,South,3543,95.1,0,76.9
11763,Northeast,3976,76.7,0,73.5
11764,Midwest,7518,65.6,0,69.9
11765,Northeast,5056,70.4,1,80.2
11766,South,2816,76.9,0,59.8
11767,South,8040,68.4,0,71.3
11768,Northeast,3390,65.4,0,58.2
11769,West,4038,46.1,1,72.3
11770,Northeast,3181,55.8,1,62.7
11771,South,3272,64.0,1,67.9
11772,Midwest,8786,92.7,0,60.5
11773,West,5782,49.8,1,47.5
11774,Northeast,8973,63.8,1,66.7
11775,South,7909,79.6,0,66.2
11776,Midwest,5458,82.8,0,62.4
11777,South,5178,67.4,0,70.3
11778,Northeast,8995,87.2,0,75.0
11779,South,4141,60.1,1,76.8
11780,Northeast,8032,72.6,1,74.3
11781,South,3250,66.1,1,66.4
11782,West,5108,100.0,0,86.8
11783,South,3654,76.4,0,75.7
11784,West,3476,90.6,0,85.0
11785,West,6491,80.2,0,85.3
11786,Midwest,2617,85.7,0,64.8
11787,West,6285,84.5,0,80.4
11788,Northeast,1768,59.6,1,69.6
11789,West,2401,96.1,0,92.0
11790,Midwest,1923,95.3,0,83.0
11791,Northeast,7728,82.6,0,89.1
11792,South,3482,65.2,1,47.1
11793,West,7776,72.7,0,82.5
11794,South,2409,80.3,0,92.2
11795,Midwest,1260,73.6,1,84.4
11796,South,1735,67.4,0,74.7
11797,Midwest,7967,85.1,0,73.4
11798,South,2767,98.3,0,99.9
11799,Midwest,1780,51.3,1,47.7
11800,Midwest,7239,74.8,0,83.5
11801,South,5820,36.4,1,68.8
11802,Midwest,8061,93.5,0,72.2
11803,Midwest,2494,85.6,0,68.0
11804,West,3080,65.1,1,73.6
11805,Midwest,3429,79.8,0,79.0
11806,Midwest,6280,83.0,0,77.2
11807,South,7396,36.9,1,67.4
11808,West,4886,51.0,1,64.2
11809,South,2252,60.4,1,77.8
11810,Northeast,1824,76.1,0,91.6
11811,West,1788,72.6,0,69.3
11812,West,7418,90.0,0,84.3
11813,Northeast,1240,69.4,1,76.4
11814,South,1953,56.0,1,41.6
11815,Northeast,3086,72.9,0,74.3
11816,Northeast,1465,85.7,0,61.0
11817,South,4439,44.5,1,53.1
11818,West,2125,84.4,0,100.0
11819,Northeast,7173,70.6,0,70.0
11820,West,4363,60.2,1,37.4
11821,West,3744,86.0,0,84.8
11822,South,8056,80.3,0,88.6
11823,Northeast,8844,56.4,1,72.2
11824,Northeast,5015,76.5,0,76.3
11825,West,6151,78.7,0,84.1
11826,Midwest,1379,66.6,0,57.3
11827,Northeast,3202,79.9,0,68.8
11828,South,8633,58.7,1,73.1
11829,Midwest,5530,74.3,0,90.2
11830,West,8727,67.3,0,58.7
11831,Northeast,8574,100.0,0,91.8
11832,Midwest,6845,59.4,1,81.7
11833,South,1591,81.7,0,86.8
11834,Northeast,7957,47.1,1,64.6
11835,Northeast,7172,76.8,0,87.8
11836,West,4828,77.3,0,77.0
11837,Northeast,1817,66.9,0,74.4
11838,South,5558,83.0,0,89.5
11839,Midwest,3509,76.8,0,59.2
11840,Midwest,1370,64.7,0,62.9
11841,Northeast,4800,70.9,0,76.6
11842,Northeast,7961,80.4,0,51.1
11843,Northeast,1241,60.3,1,65.9
11844,Midwest,6916,54.0,1,63.9
11845,Northeast,7170,80.1,0,86.7
11846,Northeast,6122,95.7,0,89.3
11847,Northeast,5820,51.6,1,64.6
11848,West,3335,72.9,0,74.3
11849,West,2473,70.0,0,63.6
11850,West,3148,84.2,0,70.7
11851,South,6838,78.2,0,66.6
11852,South,8238,65.2,0,71.5
11853,Northeast,6561,77.5,0,76.6
11854,South,5458,76.0,0,70.0
11855,Northeast,5358,76.7,0,85.6
11856,Midwest,4870,62.2,1,74.7
11857,South,1796,75.7,1,89.0
11858,Northeast,5601,69.2,0,73.2
11859,West,6458,62.6,1,71.1
11860,Northeast,8059,67.5,0,59.6
11861,South,5876,51.2,1,70.6
11862,Northeast,5655,50.1,1,77.1
11863,South,6463,77.0,0,76.6
11864,South,5538,56.3,0,57.5
11865,Northeast,1429,78.1,0,79.5
11866,South,4572,52.6,1,59.9
11867,South,8105,72.7,1,85.0
11868,Northeast,1538,82.1,0,92.5
11869,Northeast,1750,74.1,0,62.4
11870,Midwest,8377,77.7,0,75.3
11871,South,6038,68.8,0,63.5
11872,West,7929,74.0,0,83.6
11873,Midwest,3939,97.1,0,89.9
11874,South,7987,91.3,0,80.3
11875,West,2094,70.9,0,85.9
11876,West,7169,63.1,1,74.3
11877,Midwest,1383,94.8,0,91.0
11878,Midwest,2280,59.3,1,64.8
11879,South,4818,81.9,0,89.2
11880,West,4221,53.7,0,66.6
11881,West,8545,56.4,1,63.4
11882,South,6357,57.8,1,63.2
11883,Midwest,5625,63.6,0,81.8
11884,South,7154,97.8,0,99.0
11885,West,8815,39.1,1,43.5
11886,South,7240,65.5,0,66.1
11887,Midwest,8142,83.4,0,79.4
11888,West,3505,64.6,1,73.7
11889,South,3737,65.0,1,79.4
11890,West,3117,83.0,0,93.5
11891,South,2231,70.2,0,75.0
11892,Midwest,6508,72.7,0,72.9
11893,Midwest,8703,59.3,1,44.0
11894,Midwest,2980,67.6,0,56.9
11895,South,5074,56.3,1,57.6
11896,South,6247,83.0,0,91.6
11897,South,2261,53.4,1,59.3
11898,Midwest,2647,68.4,0,70.2
11899,South,5030,71.9,0,76.1
11900,West,3562,67.4,1,62.5
11901,South,4546,68.9,0,66.9
11902,Northeast,3337,89.8,0,95.0
11903,Midwest,7680,69.0,0,81.8
11904,Midwest,2833,85.2,0,77.2
11905,Northeast,3531,76.6,0,76.1
11906,Northeast,6761,74.6,0,80.4
11907,Northeast,7936,66.1,0,51.2
11908,Northeast,6909,55.9,1,49.7
11909,Northeast,8249,61.6,0,79.7
11910,Midwest,3744,66.1,0,94.6
11911,West,8725,82.9,0,79.2
11912,South,5911,58.0,1,62.0
11913,Midwest,5630,83.8,0,68.5
11914,West,6709,47.4,1,68.3
11915,South,4569,85.5,0,84.2
11916,South,4883,57.3,1,63.1
11917,South,8605,67.1,0,72.8
11918,Northeast,4687,80.0,0,94.0
11919,Midwest,5493,55.5,1,70.9
11920,South,7952,72.3,0,64.7
11921,Northeast,7300,71.8,0,79.7
11922,Midwest,4774,81.5,0,87.2
11923,South,6567,51.1,0,52.9
11924,Northeast,8595,67.1,0,58.1
11925,West,8132,65.4,0,62.3
11926,South,2903,86.7,0,77.6
11927,South,6993,69.5,0,76.8
11928,West,4810,74.5,0,62.5
11929,West,7212,90.3,0,86.3
11930,Midwest,7407,83.1,1,83.0
11931,West,8798,63.0,1,77.3
11932,West,5682,71.0,0,61.8
11933,Northeast,8842,64.6,0,75.8
11934,South,5657,76.8,0,87.7
11935,South,5023,67.2,0,62.1
11936,Midwest,7904,65.7,0,88.0
11937,Midwest,5330,63.9,1,64.0
11938,South,8453,65.0,1,69.2
11939,South,8296,71.1,0,77.0
11940,West,1239,81.7,0,100.0
11941,Northeast,2365,63.9,1,63.4
11942,Midwest,6034,66.9,0,85.1
11943,South,1996,60.1,0,51.5
11944,South,3034,100.0,0,100.0
11945,South,7627,65.6,0,77.9
11946,South,2808,64.7,0,59.6
11947,Midwest,4585,65.7,0,65.6
11948,South,3353,86.3,0,88.2
11949,West,8154,79.5,0,73.9
11950,South,5959,81.5,0,65.7
11951,Midwest,8688,56.9,1,67.3
11952,South,1703,79.2,0,78.4
11953,Midwest,2949,78.1,0,74.6
11954,Northeast,4688,68.9,0,71.5
11955,South,3768,72.5,0,65.5
11956,Northeast,7771,75.1,0,75.9
11957,Northeast,5024,77.6,0,65.0
11958,South,8901,72.7,1,69.7
11959,Midwest,4848,60.2,1,54.7
11960,Northeast,1697,81.4,0,60.1
11961,Northeast,3579,73.1,0,76.1
11962,Northeast,5248,82.3,0,78.9
11963,South,4616,63.3,0,71.8
11964,Midwest,3418,66.9,0,63.0
11965,South,7973,80.1,1,82.4
11966,Northeast,7631,93.3,0,71.4
11967,Midwest,2411,67.4,0,66.6
11968,South,4635,100.0,0,100.0
11969,South,2758,55.2,1,65.9
11970,South,6305,80.1,0,84.4
11971,South,4295,71.3,0,62.2
11972,South,8232,82.5,0,77.8
11973,Northeast,6738,57.3,1,77.8
11974,West,8672,49.0,1,76.9
11975,South,1446,60.5,0,63.9
11976,West,3730,80.6,0,66.5
11977,Midwest,1939,67.1,0,79.9
11978,West,2392,61.8,1,56.7
11979,Northeast,4605,62.1,0,67.6
11980,West,2076,59.6,1,67.0
11981,Northeast,7785,82.3,0,74.0
11982,Northeast,3924,73.2,1,74.3
11983,West,3716,95.8,0,90.5
11984,Northeast,1973,71.7,0,70.4
11985,South,1379,70.4,0,70.2
11986,West,1397,75.4,0,81.4
11987,Northeast,7337,61.0,0,66.6
11988,West,6785,87.0,0,64.6
11989,West,5288,64.6,0,63.1
11990,West,4813,40.2,1,46.7
11991,Midwest,3835,65.4,0,63.0
11992,Midwest,2672,69.4,0,69.5
11993,West,7572,66.1,0,62.6
11994,Midwest,6360,63.6,0,58.8
11995,Northeast,8264,58.6,1,67.6
11996,South,2348,64.6,0,78.0
11997,Northeast,4254,41.0,1,47.2
11998,South,3993,76.0,0,57.4
11999,Midwest,6756,59.4,1,48.5
12000,Midwest,8324,65.1,1,75.6
