email_id,send_day,policy,opened
1,1,bandit,0
2,1,bandit,0
3,1,bandit,0
4,1,bandit,0
5,1,bandit,0
6,1,bandit,0
7,1,bandit,0
8,1,bandit,0
9,1,bandit,0
10,1,bandit,0
11,1,bandit,0
12,1,bandit,0
13,1,bandit,0
14,1,bandit,0
15,1,bandit,0
16,1,bandit,0
17,1,bandit,0
18,1,bandit,0
19,1,bandit,0
20,1,bandit,0
21,1,bandit,0
22,1,bandit,0
23,1,bandit,0
24,1,bandit,0
25,1,bandit,1
26,1,bandit,0
27,1,bandit,0
28,1,bandit,0
29,1,bandit,0
30,1,bandit,0
31,1,bandit,0
32,1,bandit,0
33,1,bandit,0
34,1,bandit,0
35,1,bandit,0
36,1,bandit,0
37,1,bandit,0
38,1,bandit,0
39,1,bandit,0
40,1,bandit,0
41,1,bandit,0
42,1,bandit,0
43,1,bandit,0
44,1,bandit,0
45,1,bandit,0
46,1,bandit,0
47,1,bandit,0
48,1,bandit,0
49,1,bandit,0
50,1,bandit,0
51,1,bandit,0
52,1,bandit,1
53,1,bandit,0
54,1,bandit,0
55,1,bandit,0
56,1,bandit,0
57,1,bandit,0
58,1,bandit,0
59,1,bandit,0
60,1,bandit,0
61,1,bandit,0
62,1,bandit,0
63,1,bandit,0
64,1,bandit,0
65,1,bandit,0
66,1,bandit,0
67,1,bandit,0
68,1,bandit,0
69,1,bandit,1
70,1,bandit,0
71,1,bandit,0
72,1,bandit,0
73,1,bandit,0
74,1,bandit,0
75,1,bandit,0
76,1,bandit,0
77,1,bandit,0
78,1,bandit,0
79,1,bandit,1
80,1,bandit,0
81,1,bandit,0
82,1,bandit,0
83,1,bandit,0
84,1,bandit,0
85,1,bandit,0
86,1,bandit,0
87,1,bandit,0
88,1,bandit,0
89,1,bandit,0
90,1,bandit,0
91,1,bandit,0
92,1,bandit,0
93,1,bandit,1
94,1,bandit,0
95,1,bandit,0
96,1,bandit,0
97,1,bandit,0
98,1,bandit,0
99,1,bandit,0
100,1,bandit,0
101,1,bandit,0
102,1,bandit,0
103,1,bandit,0
104,1,bandit,0
105,1,bandit,0
106,1,bandit,0
107,1,bandit,0
108,1,bandit,0
109,1,bandit,0
110,1,bandit,0
111,1,bandit,0
112,1,bandit,0
113,1,bandit,0
114,1,bandit,0
115,1,bandit,0
116,1,bandit,0
117,1,bandit,0
118,1,bandit,0
119,1,bandit,0
120,1,bandit,0
121,1,bandit,0
122,1,bandit,0
123,1,bandit,0
124,1,bandit,0
125,1,bandit,1
126,1,bandit,0
127,1,bandit,0
128,1,bandit,0
129,1,bandit,0
130,1,bandit,0
131,1,bandit,0
132,1,bandit,0
133,1,bandit,0
134,1,bandit,0
135,1,bandit,0
136,1,bandit,0
137,1,bandit,0
138,1,bandit,0
139,1,bandit,1
140,1,bandit,0
141,1,bandit,0
142,1,bandit,0
143,1,bandit,0
144,1,bandit,0
145,1,bandit,0
146,1,bandit,0
147,1,bandit,0
148,1,bandit,0
149,1,bandit,0
150,1,bandit,0
151,1,baseline,0
152,1,baseline,0
153,1,baseline,0
154,1,baseline,0
155,1,baseline,0
156,1,baseline,0
157,1,baseline,0
158,1,baseline,0
159,1,baseline,0
160,1,baseline,0
161,1,baseline,0
162,1,baseline,0
163,1,baseline,0
164,1,baseline,0
165,1,baseline,0
166,1,baseline,1
167,1,baseline,0
168,1,baseline,0
169,1,baseline,0
170,1,baseline,0
171,1,baseline,0
172,1,baseline,0
173,1,baseline,1
174,1,baseline,0
175,1,baseline,0
176,1,baseline,0
177,1,baseline,0
178,1,baseline,0
179,1,baseline,0
180,1,baseline,0
181,1,baseline,0
182,1,baseline,0
183,1,baseline,0
184,1,baseline,1
185,1,baseline,0
186,1,baseline,0
187,1,baseline,0
188,1,baseline,0
189,1,baseline,0
190,1,baseline,0
191,1,baseline,0
192,1,baseline,0
193,1,baseline,0
194,1,baseline,0
195,1,baseline,0
196,1,baseline,0
197,1,baseline,0
198,1,baseline,0
199,1,baseline,0
200,1,baseline,0
201,1,baseline,0
202,1,baseline,0
203,1,baseline,1
204,1,baseline,0
205,1,baseline,0
206,1,baseline,0
207,1,baseline,0
208,1,baseline,0
209,1,baseline,0
210,1,baseline,0
211,1,baseline,0
212,1,baseline,0
213,1,baseline,0
214,1,baseline,0
215,1,baseline,0
216,1,baseline,0
217,1,baseline,0
218,1,baseline,0
219,1,baseline,0
220,1,baseline,0
221,1,baseline,0
222,1,baseline,0
223,1,baseline,0
224,1,baseline,0
225,1,baseline,0
226,1,baseline,0
227,1,baseline,0
228,1,baseline,0
229,1,baseline,0
230,1,baseline,0
231,1,baseline,0
232,1,baseline,0
233,1,baseline,0
234,1,baseline,0
235,1,baseline,0
236,1,baseline,0
237,1,baseline,0
238,1,baseline,0
239,1,baseline,0
240,1,baseline,0
241,1,baseline,0
242,1,baseline,0
243,1,baseline,0
244,1,baseline,0
245,1,baseline,0
246,1,baseline,0
247,1,baseline,0
248,1,baseline,0
249,1,baseline,0
250,1,baseline,0
251,1,baseline,0
252,1,baseline,0
253,1,baseline,0
254,1,baseline,0
255,1,baseline,1
256,1,baseline,0
257,1,baseline,0
258,1,baseline,1
259,1,baseline,1
260,1,baseline,1
261,1,baseline,0
262,1,baseline,1
263,1,baseline,0
264,1,baseline,0
265,1,baseline,0
266,1,baseline,0
267,1,baseline,0
268,1,baseline,0
269,1,baseline,0
270,1,baseline,0
271,1,baseline,0
272,1,baseline,0
273,1,baseline,0
274,1,baseline,0
275,1,baseline,0
276,1,baseline,1
277,1,baseline,0
278,1,baseline,0
279,1,baseline,0
280,1,baseline,0
281,1,baseline,0
282,1,baseline,0
283,1,baseline,0
284,1,baseline,0
285,1,baseline,0
286,1,baseline,0
287,1,baseline,0
288,1,baseline,0
289,1,baseline,0
290,1,baseline,0
291,1,baseline,0
292,1,baseline,0
293,1,baseline,0
294,1,baseline,0
295,1,baseline,0
296,1,baseline,0
297,1,baseline,0
298,1,baseline,0
299,1,baseline,0
300,1,baseline,0
301,2,bandit,0
302,2,bandit,0
303,2,bandit,0
304,2,bandit,0
305,2,bandit,0
306,2,bandit,0
307,2,bandit,0
308,2,bandit,0
309,2,bandit,0
310,2,bandit,0
311,2,bandit,0
312,2,bandit,0
313,2,bandit,0
314,2,bandit,0
315,2,bandit,0
316,2,bandit,0
317,2,bandit,1
318,2,bandit,0
319,2,bandit,0
320,2,bandit,0
321,2,bandit,0
322,2,bandit,0
323,2,bandit,0
324,2,bandit,0
325,2,bandit,0
326,2,bandit,0
327,2,bandit,0
328,2,bandit,0
329,2,bandit,0
330,2,bandit,0
331,2,bandit,0
332,2,bandit,0
333,2,bandit,0
334,2,bandit,0
335,2,bandit,0
336,2,bandit,0
337,2,bandit,0
338,2,bandit,0
339,2,bandit,0
340,2,bandit,0
341,2,bandit,0
342,2,bandit,0
343,2,bandit,0
344,2,bandit,0
345,2,bandit,0
346,2,bandit,0
347,2,bandit,0
348,2,bandit,0
349,2,bandit,0
350,2,bandit,0
351,2,bandit,0
352,2,bandit,0
353,2,bandit,0
354,2,bandit,0
355,2,bandit,0
356,2,bandit,0
357,2,bandit,0
358,2,bandit,0
359,2,bandit,0
360,2,bandit,0
361,2,bandit,0
362,2,bandit,0
363,2,bandit,0
364,2,bandit,0
365,2,bandit,0
366,2,bandit,0
367,2,bandit,0
368,2,bandit,1
369,2,bandit,0
370,2,bandit,0
371,2,bandit,1
372,2,bandit,0
373,2,bandit,0
374,2,bandit,0
375,2,bandit,0
376,2,bandit,0
377,2,bandit,0
378,2,bandit,0
379,2,bandit,0
380,2,bandit,0
381,2,bandit,0
382,2,bandit,0
383,2,bandit,0
384,2,bandit,0
385,2,bandit,0
386,2,bandit,0
387,2,bandit,0
388,2,bandit,0
389,2,bandit,0
390,2,bandit,0
391,2,bandit,0
392,2,bandit,0
393,2,bandit,0
394,2,bandit,0
395,2,bandit,0
396,2,bandit,0
397,2,bandit,0
398,2,bandit,0
399,2,bandit,0
400,2,bandit,0
401,2,bandit,1
402,2,bandit,0
403,2,bandit,0
404,2,bandit,0
405,2,bandit,0
406,2,bandit,0
407,2,bandit,0
408,2,bandit,0
409,2,bandit,1
410,2,bandit,0
411,2,bandit,0
412,2,bandit,0
413,2,bandit,0
414,2,bandit,0
415,2,bandit,0
416,2,bandit,0
417,2,bandit,0
418,2,bandit,0
419,2,bandit,0
420,2,bandit,0
421,2,bandit,0
422,2,bandit,0
423,2,bandit,0
424,2,bandit,0
425,2,bandit,0
426,2,bandit,0
427,2,bandit,0
428,2,bandit,0
429,2,bandit,1
430,2,bandit,0
431,2,bandit,0
432,2,bandit,0
433,2,bandit,0
434,2,bandit,0
435,2,bandit,0
436,2,bandit,0
437,2,bandit,0
438,2,bandit,0
439,2,bandit,0
440,2,bandit,0
441,2,bandit,0
442,2,bandit,0
443,2,bandit,0
444,2,bandit,0
445,2,bandit,0
446,2,bandit,0
447,2,bandit,0
448,2,bandit,0
449,2,bandit,0
450,2,bandit,0
451,2,baseline,0
452,2,baseline,0
453,2,baseline,1
454,2,baseline,0
455,2,baseline,0
456,2,baseline,0
457,2,baseline,0
458,2,baseline,0
459,2,baseline,0
460,2,baseline,0
461,2,baseline,0
462,2,baseline,0
463,2,baseline,0
464,2,baseline,0
465,2,baseline,0
466,2,baseline,0
467,2,baseline,0
468,2,baseline,0
469,2,baseline,0
470,2,baseline,1
471,2,baseline,0
472,2,baseline,0
473,2,baseline,0
474,2,baseline,0
475,2,baseline,0
476,2,baseline,1
477,2,baseline,0
478,2,baseline,0
479,2,baseline,0
480,2,baseline,0
481,2,baseline,0
482,2,baseline,0
483,2,baseline,0
484,2,baseline,0
485,2,baseline,0
486,2,baseline,0
487,2,baseline,0
488,2,baseline,1
489,2,baseline,0
490,2,baseline,0
491,2,baseline,0
492,2,baseline,0
493,2,baseline,0
494,2,baseline,0
495,2,baseline,0
496,2,baseline,0
497,2,baseline,0
498,2,baseline,0
499,2,baseline,0
500,2,baseline,0
501,2,baseline,0
502,2,baseline,0
503,2,baseline,0
504,2,baseline,1
505,2,baseline,0
506,2,baseline,0
507,2,baseline,0
508,2,baseline,0
509,2,baseline,1
510,2,baseline,0
511,2,baseline,0
512,2,baseline,0
513,2,baseline,0
514,2,baseline,0
515,2,baseline,0
516,2,baseline,0
517,2,baseline,0
518,2,baseline,0
519,2,baseline,0
520,2,baseline,0
521,2,baseline,0
522,2,baseline,0
523,2,baseline,0
524,2,baseline,0
525,2,baseline,0
526,2,baseline,0
527,2,baseline,0
528,2,baseline,0
529,2,baseline,0
530,2,baseline,0
531,2,baseline,0
532,2,baseline,0
533,2,baseline,0
534,2,baseline,0
535,2,baseline,0
536,2,baseline,0
537,2,baseline,0
538,2,baseline,0
539,2,baseline,0
540,2,baseline,0
541,2,baseline,0
542,2,baseline,0
543,2,baseline,1
544,2,baseline,0
545,2,baseline,0
546,2,baseline,1
547,2,baseline,1
548,2,baseline,0
549,2,baseline,0
550,2,baseline,1
551,2,baseline,0
552,2,baseline,0
553,2,baseline,0
554,2,baseline,0
555,2,baseline,0
556,2,baseline,0
557,2,baseline,0
558,2,baseline,0
559,2,baseline,0
560,2,baseline,0
561,2,baseline,0
562,2,baseline,1
563,2,baseline,0
564,2,baseline,1
565,2,baseline,0
566,2,baseline,0
567,2,baseline,0
568,2,baseline,0
569,2,baseline,0
570,2,baseline,0
571,2,baseline,0
572,2,baseline,0
573,2,baseline,0
574,2,baseline,0
575,2,baseline,0
576,2,baseline,0
577,2,baseline,0
578,2,baseline,0
579,2,baseline,0
580,2,baseline,0
581,2,baseline,0
582,2,baseline,1
583,2,baseline,1
584,2,baseline,0
585,2,baseline,0
586,2,baseline,0
587,2,baseline,0
588,2,baseline,0
589,2,baseline,0
590,2,baseline,0
591,2,baseline,0
592,2,baseline,0
593,2,baseline,0
594,2,baseline,0
595,2,baseline,0
596,2,baseline,0
597,2,baseline,0
598,2,baseline,0
599,2,baseline,0
600,2,baseline,0
601,3,bandit,0
602,3,bandit,0
603,3,bandit,0
604,3,bandit,0
605,3,bandit,0
606,3,bandit,0
607,3,bandit,0
608,3,bandit,0
609,3,bandit,0
610,3,bandit,0
611,3,bandit,0
612,3,bandit,0
613,3,bandit,0
614,3,bandit,0
615,3,bandit,0
616,3,bandit,0
617,3,bandit,0
618,3,bandit,0
619,3,bandit,0
620,3,bandit,0
621,3,bandit,0
622,3,bandit,0
623,3,bandit,0
624,3,bandit,0
625,3,bandit,0
626,3,bandit,0
627,3,bandit,0
628,3,bandit,0
629,3,bandit,0
630,3,bandit,0
631,3,bandit,0
632,3,bandit,0
633,3,bandit,0
634,3,bandit,0
635,3,bandit,0
636,3,bandit,0
637,3,bandit,0
638,3,bandit,0
639,3,bandit,0
640,3,bandit,0
641,3,bandit,0
642,3,bandit,0
643,3,bandit,0
644,3,bandit,0
645,3,bandit,0
646,3,bandit,0
647,3,bandit,0
648,3,bandit,0
649,3,bandit,0
650,3,bandit,0
651,3,bandit,0
652,3,bandit,0
653,3,bandit,0
654,3,bandit,0
655,3,bandit,0
656,3,bandit,0
657,3,bandit,0
658,3,bandit,0
659,3,bandit,0
660,3,bandit,0
661,3,bandit,0
662,3,bandit,0
663,3,bandit,0
664,3,bandit,0
665,3,bandit,0
666,3,bandit,0
667,3,bandit,0
668,3,bandit,0
669,3,bandit,1
670,3,bandit,0
671,3,bandit,0
672,3,bandit,0
673,3,bandit,0
674,3,bandit,0
675,3,bandit,0
676,3,bandit,0
677,3,bandit,0
678,3,bandit,0
679,3,bandit,0
680,3,bandit,0
681,3,bandit,0
682,3,bandit,0
683,3,bandit,0
684,3,bandit,0
685,3,bandit,0
686,3,bandit,0
687,3,bandit,0
688,3,bandit,0
689,3,bandit,0
690,3,bandit,0
691,3,bandit,0
692,3,bandit,0
693,3,bandit,0
694,3,bandit,0
695,3,bandit,0
696,3,bandit,0
697,3,bandit,0
698,3,bandit,0
699,3,bandit,0
700,3,bandit,0
701,3,bandit,0
702,3,bandit,0
703,3,bandit,0
704,3,bandit,0
705,3,bandit,0
706,3,bandit,0
707,3,bandit,0
708,3,bandit,0
709,3,bandit,0
710,3,bandit,0
711,3,bandit,0
712,3,bandit,0
713,3,bandit,0
714,3,bandit,0
715,3,bandit,0
716,3,bandit,0
717,3,bandit,0
718,3,bandit,0
719,3,bandit,0
720,3,bandit,0
721,3,bandit,0
722,3,bandit,0
723,3,bandit,0
724,3,bandit,1
725,3,bandit,0
726,3,bandit,0
727,3,bandit,0
728,3,bandit,0
729,3,bandit,0
730,3,bandit,0
731,3,bandit,0
732,3,bandit,0
733,3,bandit,0
734,3,bandit,0
735,3,bandit,0
736,3,bandit,0
737,3,bandit,0
738,3,bandit,0
739,3,bandit,0
740,3,bandit,0
741,3,bandit,0
742,3,bandit,0
743,3,bandit,0
744,3,bandit,0
745,3,bandit,0
746,3,bandit,0
747,3,bandit,0
748,3,bandit,0
749,3,bandit,0
750,3,bandit,0
751,3,baseline,0
752,3,baseline,0
753,3,baseline,0
754,3,baseline,0
755,3,baseline,0
756,3,baseline,0
757,3,baseline,1
758,3,baseline,0
759,3,baseline,0
760,3,baseline,0
761,3,baseline,0
762,3,baseline,0
763,3,baseline,0
764,3,baseline,0
765,3,baseline,0
766,3,baseline,0
767,3,baseline,0
768,3,baseline,0
769,3,baseline,0
770,3,baseline,0
771,3,baseline,0
772,3,baseline,0
773,3,baseline,0
774,3,baseline,0
775,3,baseline,0
776,3,baseline,1
777,3,baseline,0
778,3,baseline,0
779,3,baseline,0
780,3,baseline,1
781,3,baseline,0
782,3,baseline,0
783,3,baseline,0
784,3,baseline,0
785,3,baseline,0
786,3,baseline,1
787,3,baseline,0
788,3,baseline,0
789,3,baseline,1
790,3,baseline,0
791,3,baseline,0
792,3,baseline,0
793,3,baseline,0
794,3,baseline,0
795,3,baseline,0
796,3,baseline,0
797,3,baseline,0
798,3,baseline,0
799,3,baseline,0
800,3,baseline,0
801,3,baseline,0
802,3,baseline,0
803,3,baseline,1
804,3,baseline,0
805,3,baseline,0
806,3,baseline,0
807,3,baseline,0
808,3,baseline,0
809,3,baseline,0
810,3,baseline,0
811,3,baseline,0
812,3,baseline,0
813,3,baseline,0
814,3,baseline,0
815,3,baseline,0
816,3,baseline,0
817,3,baseline,0
818,3,baseline,0
819,3,baseline,0
820,3,baseline,0
821,3,baseline,0
822,3,baseline,0
823,3,baseline,1
824,3,baseline,0
825,3,baseline,0
826,3,baseline,0
827,3,baseline,0
828,3,baseline,0
829,3,baseline,0
830,3,baseline,0
831,3,baseline,0
832,3,baseline,0
833,3,baseline,0
834,3,baseline,0
835,3,baseline,0
836,3,baseline,0
837,3,baseline,0
838,3,baseline,0
839,3,baseline,0
840,3,baseline,0
841,3,baseline,0
842,3,baseline,1
843,3,baseline,0
844,3,baseline,0
845,3,baseline,0
846,3,baseline,0
847,3,baseline,0
848,3,baseline,0
849,3,baseline,0
850,3,baseline,0
851,3,baseline,0
852,3,baseline,0
853,3,baseline,0
854,3,baseline,0
855,3,baseline,0
856,3,baseline,0
857,3,baseline,0
858,3,baseline,0
859,3,baseline,0
860,3,baseline,0
861,3,baseline,0
862,3,baseline,0
863,3,baseline,1
864,3,baseline,0
865,3,baseline,0
866,3,baseline,0
867,3,baseline,0
868,3,baseline,1
869,3,baseline,0
870,3,baseline,0
871,3,baseline,0
872,3,baseline,0
873,3,baseline,0
874,3,baseline,0
875,3,baseline,0
876,3,baseline,0
877,3,baseline,0
878,3,baseline,0
879,3,baseline,0
880,3,baseline,0
881,3,baseline,0
882,3,baseline,0
883,3,baseline,0
884,3,baseline,0
885,3,baseline,0
886,3,baseline,0
887,3,baseline,0
888,3,baseline,0
889,3,baseline,0
890,3,baseline,0
891,3,baseline,1
892,3,baseline,0
893,3,baseline,0
894,3,baseline,0
895,3,baseline,0
896,3,baseline,0
897,3,baseline,0
898,3,baseline,0
899,3,baseline,0
900,3,baseline,0
901,4,bandit,0
902,4,bandit,0
903,4,bandit,0
904,4,bandit,0
905,4,bandit,0
906,4,bandit,0
907,4,bandit,0
908,4,bandit,0
909,4,bandit,0
910,4,bandit,0
911,4,bandit,0
912,4,bandit,0
913,4,bandit,0
914,4,bandit,0
915,4,bandit,0
916,4,bandit,0
917,4,bandit,0
918,4,bandit,0
919,4,bandit,0
920,4,bandit,0
921,4,bandit,0
922,4,bandit,0
923,4,bandit,0
924,4,bandit,0
925,4,bandit,0
926,4,bandit,0
927,4,bandit,0
928,4,bandit,0
929,4,bandit,0
930,4,bandit,0
931,4,bandit,0
932,4,bandit,0
933,4,bandit,0
934,4,bandit,0
935,4,bandit,0
936,4,bandit,0
937,4,bandit,0
938,4,bandit,0
939,4,bandit,0
940,4,bandit,0
941,4,bandit,0
942,4,bandit,0
943,4,bandit,0
944,4,bandit,0
945,4,bandit,0
946,4,bandit,0
947,4,bandit,0
948,4,bandit,0
949,4,bandit,0
950,4,bandit,0
951,4,bandit,1
952,4,bandit,0
953,4,bandit,0
954,4,bandit,0
955,4,bandit,1
956,4,bandit,0
957,4,bandit,0
958,4,bandit,0
959,4,bandit,0
960,4,bandit,0
961,4,bandit,0
962,4,bandit,0
963,4,bandit,0
964,4,bandit,0
965,4,bandit,0
966,4,bandit,0
967,4,bandit,0
968,4,bandit,0
969,4,bandit,0
970,4,bandit,0
971,4,bandit,0
972,4,bandit,1
973,4,bandit,0
974,4,bandit,0
975,4,bandit,0
976,4,bandit,0
977,4,bandit,0
978,4,bandit,0
979,4,bandit,0
980,4,bandit,0
981,4,bandit,0
982,4,bandit,1
983,4,bandit,0
984,4,bandit,0
985,4,bandit,0
986,4,bandit,0
987,4,bandit,0
988,4,bandit,0
989,4,bandit,0
990,4,bandit,0
991,4,bandit,0
992,4,bandit,0
993,4,bandit,0
994,4,bandit,0
995,4,bandit,0
996,4,bandit,0
997,4,bandit,0
998,4,bandit,0
999,4,bandit,0
1000,4,bandit,0
1001,4,bandit,0
1002,4,bandit,0
1003,4,bandit,0
1004,4,bandit,0
1005,4,bandit,0
1006,4,bandit,0
1007,4,bandit,0
1008,4,bandit,0
1009,4,bandit,0
1010,4,bandit,0
1011,4,bandit,0
1012,4,bandit,0
1013,4,bandit,0
1014,4,bandit,0
1015,4,bandit,0
1016,4,bandit,0
1017,4,bandit,0
1018,4,bandit,0
1019,4,bandit,0
1020,4,bandit,0
1021,4,bandit,1
1022,4,bandit,0
1023,4,bandit,0
1024,4,bandit,0
1025,4,bandit,0
1026,4,bandit,0
1027,4,bandit,0
1028,4,bandit,0
1029,4,bandit,0
1030,4,bandit,0
1031,4,bandit,0
1032,4,bandit,0
1033,4,bandit,0
1034,4,bandit,0
1035,4,bandit,0
1036,4,bandit,0
1037,4,bandit,0
1038,4,bandit,0
1039,4,bandit,0
1040,4,bandit,1
1041,4,bandit,0
1042,4,bandit,0
1043,4,bandit,0
1044,4,bandit,0
1045,4,bandit,0
1046,4,bandit,0
1047,4,bandit,0
1048,4,bandit,0
1049,4,bandit,0
1050,4,bandit,0
1051,4,baseline,0
1052,4,baseline,1
1053,4,baseline,0
1054,4,baseline,0
1055,4,baseline,0
1056,4,baseline,0
1057,4,baseline,0
1058,4,baseline,0
1059,4,baseline,0
1060,4,baseline,0
1061,4,baseline,0
1062,4,baseline,0
1063,4,baseline,0
1064,4,baseline,0
1065,4,baseline,0
1066,4,baseline,0
1067,4,baseline,0
1068,4,baseline,1
1069,4,baseline,0
1070,4,baseline,0
1071,4,baseline,0
1072,4,baseline,0
1073,4,baseline,0
1074,4,baseline,0
1075,4,baseline,0
1076,4,baseline,0
1077,4,baseline,0
1078,4,baseline,0
1079,4,baseline,0
1080,4,baseline,0
1081,4,baseline,0
1082,4,baseline,1
1083,4,baseline,0
1084,4,baseline,1
1085,4,baseline,0
1086,4,baseline,0
1087,4,baseline,0
1088,4,baseline,0
1089,4,baseline,0
1090,4,baseline,0
1091,4,baseline,0
1092,4,baseline,0
1093,4,baseline,0
1094,4,baseline,0
1095,4,baseline,0
1096,4,baseline,0
1097,4,baseline,0
1098,4,baseline,0
1099,4,baseline,0
1100,4,baseline,0
1101,4,baseline,0
1102,4,baseline,0
1103,4,baseline,0
1104,4,baseline,0
1105,4,baseline,0
1106,4,baseline,1
1107,4,baseline,0
1108,4,baseline,0
1109,4,baseline,0
1110,4,baseline,0
1111,4,baseline,0
1112,4,baseline,0
1113,4,baseline,0
1114,4,baseline,0
1115,4,baseline,0
1116,4,baseline,0
1117,4,baseline,0
1118,4,baseline,0
1119,4,baseline,0
1120,4,baseline,0
1121,4,baseline,0
1122,4,baseline,1
1123,4,baseline,0
1124,4,baseline,0
1125,4,baseline,0
1126,4,baseline,0
1127,4,baseline,0
1128,4,baseline,0
1129,4,baseline,0
1130,4,baseline,1
1131,4,baseline,0
1132,4,baseline,1
1133,4,baseline,0
1134,4,baseline,0
1135,4,baseline,0
1136,4,baseline,0
1137,4,baseline,0
1138,4,baseline,0
1139,4,baseline,0
1140,4,baseline,0
1141,4,baseline,0
1142,4,baseline,0
1143,4,baseline,0
1144,4,baseline,0
1145,4,baseline,0
1146,4,baseline,0
1147,4,baseline,0
1148,4,baseline,0
1149,4,baseline,0
1150,4,baseline,0
1151,4,baseline,0
1152,4,baseline,0
1153,4,baseline,0
1154,4,baseline,0
1155,4,baseline,0
1156,4,baseline,0
1157,4,baseline,0
1158,4,baseline,0
1159,4,baseline,0
1160,4,baseline,0
1161,4,baseline,0
1162,4,baseline,0
1163,4,baseline,0
1164,4,baseline,0
1165,4,baseline,0
1166,4,baseline,0
1167,4,baseline,0
1168,4,baseline,0
1169,4,baseline,0
1170,4,baseline,0
1171,4,baseline,0
1172,4,baseline,0
1173,4,baseline,0
1174,4,baseline,0
1175,4,baseline,0
1176,4,baseline,0
1177,4,baseline,0
1178,4,baseline,0
1179,4,baseline,1
1180,4,baseline,0
1181,4,baseline,0
1182,4,baseline,0
1183,4,baseline,0
1184,4,baseline,0
1185,4,baseline,0
1186,4,baseline,0
1187,4,baseline,0
1188,4,baseline,0
1189,4,baseline,0
1190,4,baseline,0
1191,4,baseline,0
1192,4,baseline,1
1193,4,baseline,0
1194,4,baseline,0
1195,4,baseline,0
1196,4,baseline,1
1197,4,baseline,0
1198,4,baseline,0
1199,4,baseline,0
1200,4,baseline,0
1201,5,bandit,0
1202,5,bandit,0
1203,5,bandit,0
1204,5,bandit,0
1205,5,bandit,0
1206,5,bandit,0
1207,5,bandit,0
1208,5,bandit,0
1209,5,bandit,0
1210,5,bandit,0
1211,5,bandit,0
1212,5,bandit,0
1213,5,bandit,0
1214,5,bandit,1
1215,5,bandit,0
1216,5,bandit,0
1217,5,bandit,0
1218,5,bandit,0
1219,5,bandit,0
1220,5,bandit,0
1221,5,bandit,0
1222,5,bandit,0
1223,5,bandit,0
1224,5,bandit,0
1225,5,bandit,0
1226,5,bandit,0
1227,5,bandit,0
1228,5,bandit,1
1229,5,bandit,0
1230,5,bandit,0
1231,5,bandit,0
1232,5,bandit,0
1233,5,bandit,0
1234,5,bandit,0
1235,5,bandit,0
1236,5,bandit,0
1237,5,bandit,0
1238,5,bandit,0
1239,5,bandit,0
1240,5,bandit,0
1241,5,bandit,0
1242,5,bandit,0
1243,5,bandit,0
1244,5,bandit,0
1245,5,bandit,0
1246,5,bandit,0
1247,5,bandit,0
1248,5,bandit,0
1249,5,bandit,0
1250,5,bandit,0
1251,5,bandit,0
1252,5,bandit,0
1253,5,bandit,0
1254,5,bandit,0
1255,5,bandit,0
1256,5,bandit,0
1257,5,bandit,0
1258,5,bandit,0
1259,5,bandit,0
1260,5,bandit,0
1261,5,bandit,0
1262,5,bandit,0
1263,5,bandit,1
1264,5,bandit,0
1265,5,bandit,0
1266,5,bandit,0
1267,5,bandit,0
1268,5,bandit,0
1269,5,bandit,0
1270,5,bandit,0
1271,5,bandit,0
1272,5,bandit,0
1273,5,bandit,0
1274,5,bandit,0
1275,5,bandit,0
1276,5,bandit,0
1277,5,bandit,0
1278,5,bandit,0
1279,5,bandit,0
1280,5,bandit,0
1281,5,bandit,0
1282,5,bandit,0
1283,5,bandit,0
1284,5,bandit,0
1285,5,bandit,0
1286,5,bandit,0
1287,5,bandit,0
1288,5,bandit,0
1289,5,bandit,0
1290,5,bandit,0
1291,5,bandit,0
1292,5,bandit,0
1293,5,bandit,0
1294,5,bandit,0
1295,5,bandit,0
1296,5,bandit,0
1297,5,bandit,0
1298,5,bandit,0
1299,5,bandit,0
1300,5,bandit,0
1301,5,bandit,0
1302,5,bandit,0
1303,5,bandit,0
1304,5,bandit,0
1305,5,bandit,1
1306,5,bandit,0
1307,5,bandit,0
1308,5,bandit,0
1309,5,bandit,0
1310,5,bandit,0
1311,5,bandit,0
1312,5,bandit,0
1313,5,bandit,0
1314,5,bandit,0
1315,5,bandit,0
1316,5,bandit,0
1317,5,bandit,0
1318,5,bandit,0
1319,5,bandit,0
1320,5,bandit,0
1321,5,bandit,0
1322,5,bandit,0
1323,5,bandit,0
1324,5,bandit,0
1325,5,bandit,0
1326,5,bandit,0
1327,5,bandit,0
1328,5,bandit,0
1329,5,bandit,0
1330,5,bandit,0
1331,5,bandit,0
1332,5,bandit,1
1333,5,bandit,0
1334,5,bandit,0
1335,5,bandit,0
1336,5,bandit,0
1337,5,bandit,0
1338,5,bandit,0
1339,5,bandit,0
1340,5,bandit,0
1341,5,bandit,0
1342,5,bandit,0
1343,5,bandit,1
1344,5,bandit,0
1345,5,bandit,0
1346,5,bandit,0
1347,5,bandit,0
1348,5,bandit,0
1349,5,bandit,1
1350,5,bandit,0
1351,5,baseline,0
1352,5,baseline,0
1353,5,baseline,0
1354,5,baseline,0
1355,5,baseline,0
1356,5,baseline,0
1357,5,baseline,0
1358,5,baseline,0
1359,5,baseline,0
1360,5,baseline,0
1361,5,baseline,0
1362,5,baseline,0
1363,5,baseline,0
1364,5,baseline,0
1365,5,baseline,0
1366,5,baseline,0
1367,5,baseline,0
1368,5,baseline,0
1369,5,baseline,0
1370,5,baseline,0
1371,5,baseline,0
1372,5,baseline,0
1373,5,baseline,0
1374,5,baseline,0
1375,5,baseline,0
1376,5,baseline,0
1377,5,baseline,1
1378,5,baseline,0
1379,5,baseline,0
1380,5,baseline,0
1381,5,baseline,0
1382,5,baseline,0
1383,5,baseline,1
1384,5,baseline,0
1385,5,baseline,0
1386,5,baseline,0
1387,5,baseline,0
1388,5,baseline,0
1389,5,baseline,0
1390,5,baseline,0
1391,5,baseline,0
1392,5,baseline,0
1393,5,baseline,0
1394,5,baseline,0
1395,5,baseline,0
1396,5,baseline,0
1397,5,baseline,0
1398,5,baseline,0
1399,5,baseline,0
1400,5,baseline,0
1401,5,baseline,0
1402,5,baseline,0
1403,5,baseline,0
1404,5,baseline,0
1405,5,baseline,0
1406,5,baseline,0
1407,5,baseline,0
1408,5,baseline,1
1409,5,baseline,0
1410,5,baseline,0
1411,5,baseline,0
1412,5,baseline,0
1413,5,baseline,0
1414,5,baseline,0
1415,5,baseline,0
1416,5,baseline,0
1417,5,baseline,0
1418,5,baseline,0
1419,5,baseline,0
1420,5,baseline,0
1421,5,baseline,0
1422,5,baseline,0
1423,5,baseline,1
1424,5,baseline,0
1425,5,baseline,0
1426,5,baseline,0
1427,5,baseline,0
1428,5,baseline,1
1429,5,baseline,1
1430,5,baseline,0
1431,5,baseline,0
1432,5,baseline,0
1433,5,baseline,0
1434,5,baseline,0
1435,5,baseline,0
1436,5,baseline,0
1437,5,baseline,1
1438,5,baseline,1
1439,5,baseline,0
1440,5,baseline,0
1441,5,baseline,0
1442,5,baseline,0
1443,5,baseline,0
1444,5,baseline,0
1445,5,baseline,0
1446,5,baseline,0
1447,5,baseline,0
1448,5,baseline,0
1449,5,baseline,0
1450,5,baseline,0
1451,5,baseline,0
1452,5,baseline,0
1453,5,baseline,0
1454,5,baseline,0
1455,5,baseline,0
1456,5,baseline,0
1457,5,baseline,0
1458,5,baseline,0
1459,5,baseline,0
1460,5,baseline,0
1461,5,baseline,0
1462,5,baseline,0
1463,5,baseline,0
1464,5,baseline,0
1465,5,baseline,0
1466,5,baseline,0
1467,5,baseline,0
1468,5,baseline,0
1469,5,baseline,0
1470,5,baseline,0
1471,5,baseline,0
1472,5,baseline,0
1473,5,baseline,0
1474,5,baseline,1
1475,5,baseline,0
1476,5,baseline,0
1477,5,baseline,0
1478,5,baseline,0
1479,5,baseline,0
1480,5,baseline,0
1481,5,baseline,0
1482,5,baseline,0
1483,5,baseline,0
1484,5,baseline,0
1485,5,baseline,0
1486,5,baseline,0
1487,5,baseline,0
1488,5,baseline,0
1489,5,baseline,0
1490,5,baseline,0
1491,5,baseline,0
1492,5,baseline,0
1493,5,baseline,0
1494,5,baseline,0
1495,5,baseline,0
1496,5,baseline,0
1497,5,baseline,0
1498,5,baseline,0
1499,5,baseline,0
1500,5,baseline,0
1501,6,bandit,0
1502,6,bandit,0
1503,6,bandit,0
1504,6,bandit,0
1505,6,bandit,0
1506,6,bandit,0
1507,6,bandit,0
1508,6,bandit,0
1509,6,bandit,0
1510,6,bandit,1
1511,6,bandit,1
1512,6,bandit,0
1513,6,bandit,0
1514,6,bandit,1
1515,6,bandit,0
1516,6,bandit,0
1517,6,bandit,0
1518,6,bandit,0
1519,6,bandit,0
1520,6,bandit,0
1521,6,bandit,0
1522,6,bandit,0
1523,6,bandit,0
1524,6,bandit,0
1525,6,bandit,0
1526,6,bandit,0
1527,6,bandit,1
1528,6,bandit,0
1529,6,bandit,0
1530,6,bandit,0
1531,6,bandit,0
1532,6,bandit,0
1533,6,bandit,0
1534,6,bandit,0
1535,6,bandit,0
1536,6,bandit,0
1537,6,bandit,0
1538,6,bandit,0
1539,6,bandit,0
1540,6,bandit,0
1541,6,bandit,0
1542,6,bandit,0
1543,6,bandit,0
1544,6,bandit,0
1545,6,bandit,0
1546,6,bandit,0
1547,6,bandit,0
1548,6,bandit,0
1549,6,bandit,0
1550,6,bandit,0
1551,6,bandit,0
1552,6,bandit,0
1553,6,bandit,0
1554,6,bandit,0
1555,6,bandit,0
1556,6,bandit,0
1557,6,bandit,0
1558,6,bandit,0
1559,6,bandit,0
1560,6,bandit,1
1561,6,bandit,0
1562,6,bandit,0
1563,6,bandit,0
1564,6,bandit,0
1565,6,bandit,0
1566,6,bandit,0
1567,6,bandit,0
1568,6,bandit,0
1569,6,bandit,0
1570,6,bandit,0
1571,6,bandit,0
1572,6,bandit,0
1573,6,bandit,0
1574,6,bandit,0
1575,6,bandit,0
1576,6,bandit,0
1577,6,bandit,0
1578,6,bandit,0
1579,6,bandit,0
1580,6,bandit,0
1581,6,bandit,0
1582,6,bandit,0
1583,6,bandit,0
1584,6,bandit,0
1585,6,bandit,0
1586,6,bandit,0
1587,6,bandit,0
1588,6,bandit,0
1589,6,bandit,0
1590,6,bandit,0
1591,6,bandit,0
1592,6,bandit,0
1593,6,bandit,0
1594,6,bandit,0
1595,6,bandit,0
1596,6,bandit,0
1597,6,bandit,0
1598,6,bandit,0
1599,6,bandit,0
1600,6,bandit,0
1601,6,bandit,0
1602,6,bandit,0
1603,6,bandit,0
1604,6,bandit,0
1605,6,bandit,0
1606,6,bandit,0
1607,6,bandit,0
1608,6,bandit,0
1609,6,bandit,0
1610,6,bandit,1
1611,6,bandit,0
1612,6,bandit,0
1613,6,bandit,0
1614,6,bandit,0
1615,6,bandit,0
1616,6,bandit,0
1617,6,bandit,0
1618,6,bandit,0
1619,6,bandit,1
1620,6,bandit,0
1621,6,bandit,0
1622,6,bandit,0
1623,6,bandit,0
1624,6,bandit,0
1625,6,bandit,0
1626,6,bandit,0
1627,6,bandit,0
1628,6,bandit,0
1629,6,bandit,0
1630,6,bandit,0
1631,6,bandit,0
1632,6,bandit,0
1633,6,bandit,0
1634,6,bandit,0
1635,6,bandit,1
1636,6,bandit,0
1637,6,bandit,0
1638,6,bandit,0
1639,6,bandit,0
1640,6,bandit,0
1641,6,bandit,0
1642,6,bandit,0
1643,6,bandit,0
1644,6,bandit,0
1645,6,bandit,0
1646,6,bandit,0
1647,6,bandit,0
1648,6,bandit,0
1649,6,bandit,0
1650,6,bandit,0
1651,6,baseline,0
1652,6,baseline,0
1653,6,baseline,0
1654,6,baseline,0
1655,6,baseline,0
1656,6,baseline,0
1657,6,baseline,0
1658,6,baseline,0
1659,6,baseline,0
1660,6,baseline,0
1661,6,baseline,0
1662,6,baseline,0
1663,6,baseline,0
1664,6,baseline,0
1665,6,baseline,1
1666,6,baseline,0
1667,6,baseline,0
1668,6,baseline,0
1669,6,baseline,0
1670,6,baseline,0
1671,6,baseline,0
1672,6,baseline,1
1673,6,baseline,0
1674,6,baseline,0
1675,6,baseline,0
1676,6,baseline,0
1677,6,baseline,0
1678,6,baseline,0
1679,6,baseline,0
1680,6,baseline,0
1681,6,baseline,0
1682,6,baseline,0
1683,6,baseline,0
1684,6,baseline,0
1685,6,baseline,0
1686,6,baseline,0
1687,6,baseline,0
1688,6,baseline,0
1689,6,baseline,0
1690,6,baseline,0
1691,6,baseline,0
1692,6,baseline,0
1693,6,baseline,0
1694,6,baseline,0
1695,6,baseline,0
1696,6,baseline,0
1697,6,baseline,0
1698,6,baseline,0
1699,6,baseline,0
1700,6,baseline,0
1701,6,baseline,0
1702,6,baseline,1
1703,6,baseline,0
1704,6,baseline,0
1705,6,baseline,0
1706,6,baseline,0
1707,6,baseline,0
1708,6,baseline,0
1709,6,baseline,0
1710,6,baseline,0
1711,6,baseline,0
1712,6,baseline,0
1713,6,baseline,0
1714,6,baseline,0
1715,6,baseline,0
1716,6,baseline,0
1717,6,baseline,0
1718,6,baseline,0
1719,6,baseline,1
1720,6,baseline,0
1721,6,baseline,0
1722,6,baseline,0
1723,6,baseline,0
1724,6,baseline,0
1725,6,baseline,0
1726,6,baseline,0
1727,6,baseline,1
1728,6,baseline,0
1729,6,baseline,0
1730,6,baseline,0
1731,6,baseline,0
1732,6,baseline,0
1733,6,baseline,0
1734,6,baseline,0
1735,6,baseline,0
1736,6,baseline,1
1737,6,baseline,0
1738,6,baseline,0
1739,6,baseline,0
1740,6,baseline,0
1741,6,baseline,0
1742,6,baseline,0
1743,6,baseline,0
1744,6,baseline,0
1745,6,baseline,0
1746,6,baseline,0
1747,6,baseline,0
1748,6,baseline,1
1749,6,baseline,0
1750,6,baseline,0
1751,6,baseline,0
1752,6,baseline,0
1753,6,baseline,0
1754,6,baseline,0
1755,6,baseline,0
1756,6,baseline,1
1757,6,baseline,1
1758,6,baseline,0
1759,6,baseline,0
1760,6,baseline,0
1761,6,baseline,1
1762,6,baseline,0
1763,6,baseline,0
1764,6,baseline,0
1765,6,baseline,0
1766,6,baseline,0
1767,6,baseline,0
1768,6,baseline,0
1769,6,baseline,0
1770,6,baseline,0
1771,6,baseline,0
1772,6,baseline,0
1773,6,baseline,0
1774,6,baseline,0
1775,6,baseline,0
1776,6,baseline,0
1777,6,baseline,0
1778,6,baseline,0
1779,6,baseline,0
1780,6,baseline,0
1781,6,baseline,0
1782,6,baseline,0
1783,6,baseline,0
1784,6,baseline,0
1785,6,baseline,0
1786,6,baseline,0
1787,6,baseline,0
1788,6,baseline,0
1789,6,baseline,1
1790,6,baseline,0
1791,6,baseline,1
1792,6,baseline,1
1793,6,baseline,0
1794,6,baseline,0
1795,6,baseline,0
1796,6,baseline,0
1797,6,baseline,0
1798,6,baseline,0
1799,6,baseline,0
1800,6,baseline,0
1801,7,bandit,0
1802,7,bandit,0
1803,7,bandit,0
1804,7,bandit,0
1805,7,bandit,0
1806,7,bandit,0
1807,7,bandit,0
1808,7,bandit,0
1809,7,bandit,0
1810,7,bandit,0
1811,7,bandit,0
1812,7,bandit,0
1813,7,bandit,0
1814,7,bandit,1
1815,7,bandit,1
1816,7,bandit,0
1817,7,bandit,0
1818,7,bandit,0
1819,7,bandit,0
1820,7,bandit,0
1821,7,bandit,0
1822,7,bandit,0
1823,7,bandit,0
1824,7,bandit,0
1825,7,bandit,0
1826,7,bandit,0
1827,7,bandit,0
1828,7,bandit,0
1829,7,bandit,0
1830,7,bandit,0
1831,7,bandit,0
1832,7,bandit,0
1833,7,bandit,0
1834,7,bandit,0
1835,7,bandit,0
1836,7,bandit,0
1837,7,bandit,0
1838,7,bandit,0
1839,7,bandit,0
1840,7,bandit,0
1841,7,bandit,0
1842,7,bandit,0
1843,7,bandit,0
1844,7,bandit,0
1845,7,bandit,0
1846,7,bandit,0
1847,7,bandit,0
1848,7,bandit,0
1849,7,bandit,0
1850,7,bandit,0
1851,7,bandit,0
1852,7,bandit,0
1853,7,bandit,0
1854,7,bandit,0
1855,7,bandit,0
1856,7,bandit,0
1857,7,bandit,0
1858,7,bandit,0
1859,7,bandit,0
1860,7,bandit,1
1861,7,bandit,0
1862,7,bandit,0
1863,7,bandit,0
1864,7,bandit,0
1865,7,bandit,0
1866,7,bandit,0
1867,7,bandit,0
1868,7,bandit,0
1869,7,bandit,0
1870,7,bandit,0
1871,7,bandit,0
1872,7,bandit,0
1873,7,bandit,0
1874,7,bandit,0
1875,7,bandit,0
1876,7,bandit,0
1877,7,bandit,1
1878,7,bandit,0
1879,7,bandit,0
1880,7,bandit,0
1881,7,bandit,1
1882,7,bandit,0
1883,7,bandit,0
1884,7,bandit,0
1885,7,bandit,0
1886,7,bandit,0
1887,7,bandit,0
1888,7,bandit,0
1889,7,bandit,0
1890,7,bandit,0
1891,7,bandit,0
1892,7,bandit,0
1893,7,bandit,0
1894,7,bandit,0
1895,7,bandit,0
1896,7,bandit,0
1897,7,bandit,0
1898,7,bandit,0
1899,7,bandit,0
1900,7,bandit,0
1901,7,bandit,0
1902,7,bandit,0
1903,7,bandit,0
1904,7,bandit,0
1905,7,bandit,0
1906,7,bandit,0
1907,7,bandit,0
1908,7,bandit,0
1909,7,bandit,0
1910,7,bandit,0
1911,7,bandit,1
1912,7,bandit,0
1913,7,bandit,0
1914,7,bandit,0
1915,7,bandit,0
1916,7,bandit,0
1917,7,bandit,0
1918,7,bandit,0
1919,7,bandit,0
1920,7,bandit,0
1921,7,bandit,0
1922,7,bandit,0
1923,7,bandit,0
1924,7,bandit,0
1925,7,bandit,0
1926,7,bandit,0
1927,7,bandit,0
1928,7,bandit,0
1929,7,bandit,0
1930,7,bandit,0
1931,7,bandit,0
1932,7,bandit,0
1933,7,bandit,0
1934,7,bandit,0
1935,7,bandit,0
1936,7,bandit,0
1937,7,bandit,0
1938,7,bandit,0
1939,7,bandit,0
1940,7,bandit,0
1941,7,bandit,0
1942,7,bandit,1
1943,7,bandit,0
1944,7,bandit,0
1945,7,bandit,0
1946,7,bandit,0
1947,7,bandit,0
1948,7,bandit,0
1949,7,bandit,0
1950,7,bandit,0
1951,7,baseline,0
1952,7,baseline,0
1953,7,baseline,0
1954,7,baseline,0
1955,7,baseline,0
1956,7,baseline,0
1957,7,baseline,0
1958,7,baseline,0
1959,7,baseline,0
1960,7,baseline,0
1961,7,baseline,0
1962,7,baseline,0
1963,7,baseline,1
1964,7,baseline,1
1965,7,baseline,0
1966,7,baseline,0
1967,7,baseline,0
1968,7,baseline,0
1969,7,baseline,0
1970,7,baseline,0
1971,7,baseline,0
1972,7,baseline,0
1973,7,baseline,0
1974,7,baseline,1
1975,7,baseline,0
1976,7,baseline,0
1977,7,baseline,0
1978,7,baseline,0
1979,7,baseline,0
1980,7,baseline,0
1981,7,baseline,0
1982,7,baseline,0
1983,7,baseline,0
1984,7,baseline,0
1985,7,baseline,0
1986,7,baseline,0
1987,7,baseline,0
1988,7,baseline,0
1989,7,baseline,0
1990,7,baseline,0
1991,7,baseline,0
1992,7,baseline,0
1993,7,baseline,0
1994,7,baseline,0
1995,7,baseline,0
1996,7,baseline,0
1997,7,baseline,0
1998,7,baseline,0
1999,7,baseline,0
2000,7,baseline,0
2001,7,baseline,0
2002,7,baseline,0
2003,7,baseline,0
2004,7,baseline,0
2005,7,baseline,0
2006,7,baseline,0
2007,7,baseline,0
2008,7,baseline,0
2009,7,baseline,0
2010,7,baseline,1
2011,7,baseline,0
2012,7,baseline,0
2013,7,baseline,0
2014,7,baseline,0
2015,7,baseline,0
2016,7,baseline,0
2017,7,baseline,0
2018,7,baseline,0
2019,7,baseline,0
2020,7,baseline,0
2021,7,baseline,0
2022,7,baseline,0
2023,7,baseline,0
2024,7,baseline,0
2025,7,baseline,0
2026,7,baseline,0
2027,7,baseline,0
2028,7,baseline,0
2029,7,baseline,0
2030,7,baseline,0
2031,7,baseline,0
2032,7,baseline,0
2033,7,baseline,0
2034,7,baseline,0
2035,7,baseline,0
2036,7,baseline,0
2037,7,baseline,0
2038,7,baseline,1
2039,7,baseline,0
2040,7,baseline,0
2041,7,baseline,0
2042,7,baseline,0
2043,7,baseline,0
2044,7,baseline,0
2045,7,baseline,0
2046,7,baseline,0
2047,7,baseline,0
2048,7,baseline,0
2049,7,baseline,1
2050,7,baseline,0
2051,7,baseline,0
2052,7,baseline,1
2053,7,baseline,0
2054,7,baseline,0
2055,7,baseline,0
2056,7,baseline,0
2057,7,baseline,1
2058,7,baseline,0
2059,7,baseline,1
2060,7,baseline,0
2061,7,baseline,0
2062,7,baseline,0
2063,7,baseline,0
2064,7,baseline,0
2065,7,baseline,0
2066,7,baseline,0
2067,7,baseline,0
2068,7,baseline,0
2069,7,baseline,0
2070,7,baseline,0
2071,7,baseline,0
2072,7,baseline,0
2073,7,baseline,0
2074,7,baseline,0
2075,7,baseline,0
2076,7,baseline,0
2077,7,baseline,0
2078,7,baseline,0
2079,7,baseline,1
2080,7,baseline,0
2081,7,baseline,0
2082,7,baseline,0
2083,7,baseline,0
2084,7,baseline,0
2085,7,baseline,0
2086,7,baseline,0
2087,7,baseline,0
2088,7,baseline,1
2089,7,baseline,0
2090,7,baseline,0
2091,7,baseline,0
2092,7,baseline,0
2093,7,baseline,0
2094,7,baseline,0
2095,7,baseline,0
2096,7,baseline,0
2097,7,baseline,0
2098,7,baseline,0
2099,7,baseline,0
2100,7,baseline,0
2101,8,bandit,1
2102,8,bandit,0
2103,8,bandit,0
2104,8,bandit,0
2105,8,bandit,0
2106,8,bandit,0
2107,8,bandit,0
2108,8,bandit,0
2109,8,bandit,0
2110,8,bandit,0
2111,8,bandit,0
2112,8,bandit,0
2113,8,bandit,0
2114,8,bandit,0
2115,8,bandit,0
2116,8,bandit,0
2117,8,bandit,0
2118,8,bandit,0
2119,8,bandit,0
2120,8,bandit,0
2121,8,bandit,0
2122,8,bandit,0
2123,8,bandit,0
2124,8,bandit,0
2125,8,bandit,0
2126,8,bandit,0
2127,8,bandit,1
2128,8,bandit,0
2129,8,bandit,0
2130,8,bandit,0
2131,8,bandit,0
2132,8,bandit,0
2133,8,bandit,0
2134,8,bandit,0
2135,8,bandit,0
2136,8,bandit,0
2137,8,bandit,0
2138,8,bandit,0
2139,8,bandit,0
2140,8,bandit,0
2141,8,bandit,0
2142,8,bandit,0
2143,8,bandit,0
2144,8,bandit,0
2145,8,bandit,0
2146,8,bandit,0
2147,8,bandit,0
2148,8,bandit,0
2149,8,bandit,0
2150,8,bandit,0
2151,8,bandit,0
2152,8,bandit,0
2153,8,bandit,0
2154,8,bandit,0
2155,8,bandit,0
2156,8,bandit,0
2157,8,bandit,0
2158,8,bandit,0
2159,8,bandit,0
2160,8,bandit,0
2161,8,bandit,0
2162,8,bandit,0
2163,8,bandit,0
2164,8,bandit,0
2165,8,bandit,0
2166,8,bandit,0
2167,8,bandit,0
2168,8,bandit,0
2169,8,bandit,0
2170,8,bandit,0
2171,8,bandit,0
2172,8,bandit,0
2173,8,bandit,0
2174,8,bandit,0
2175,8,bandit,0
2176,8,bandit,0
2177,8,bandit,0
2178,8,bandit,0
2179,8,bandit,0
2180,8,bandit,0
2181,8,bandit,0
2182,8,bandit,0
2183,8,bandit,0
2184,8,bandit,0
2185,8,bandit,0
2186,8,bandit,0
2187,8,bandit,0
2188,8,bandit,0
2189,8,bandit,0
2190,8,bandit,0
2191,8,bandit,1
2192,8,bandit,0
2193,8,bandit,0
2194,8,bandit,0
2195,8,bandit,0
2196,8,bandit,0
2197,8,bandit,0
2198,8,bandit,0
2199,8,bandit,0
2200,8,bandit,0
2201,8,bandit,0
2202,8,bandit,0
2203,8,bandit,0
2204,8,bandit,0
2205,8,bandit,0
2206,8,bandit,0
2207,8,bandit,0
2208,8,bandit,1
2209,8,bandit,1
2210,8,bandit,0
2211,8,bandit,0
2212,8,bandit,0
2213,8,bandit,0
2214,8,bandit,0
2215,8,bandit,0
2216,8,bandit,0
2217,8,bandit,0
2218,8,bandit,0
2219,8,bandit,0
2220,8,bandit,0
2221,8,bandit,0
2222,8,bandit,0
2223,8,bandit,0
2224,8,bandit,0
2225,8,bandit,0
2226,8,bandit,0
2227,8,bandit,0
2228,8,bandit,0
2229,8,bandit,0
2230,8,bandit,0
2231,8,bandit,0
2232,8,bandit,0
2233,8,bandit,0
2234,8,bandit,0
2235,8,bandit,0
2236,8,bandit,0
2237,8,bandit,0
2238,8,bandit,0
2239,8,bandit,0
2240,8,bandit,0
2241,8,bandit,0
2242,8,bandit,0
2243,8,bandit,0
2244,8,bandit,0
2245,8,bandit,0
2246,8,bandit,0
2247,8,bandit,0
2248,8,bandit,0
2249,8,bandit,0
2250,8,bandit,0
2251,8,baseline,0
2252,8,baseline,0
2253,8,baseline,0
2254,8,baseline,0
2255,8,baseline,0
2256,8,baseline,0
2257,8,baseline,0
2258,8,baseline,0
2259,8,baseline,0
2260,8,baseline,0
2261,8,baseline,0
2262,8,baseline,0
2263,8,baseline,0
2264,8,baseline,0
2265,8,baseline,0
2266,8,baseline,0
2267,8,baseline,0
2268,8,baseline,0
2269,8,baseline,0
2270,8,baseline,0
2271,8,baseline,0
2272,8,baseline,0
2273,8,baseline,0
2274,8,baseline,0
2275,8,baseline,0
2276,8,baseline,0
2277,8,baseline,0
2278,8,baseline,0
2279,8,baseline,0
2280,8,baseline,0
2281,8,baseline,1
2282,8,baseline,1
2283,8,baseline,0
2284,8,baseline,0
2285,8,baseline,0
2286,8,baseline,0
2287,8,baseline,0
2288,8,baseline,0
2289,8,baseline,1
2290,8,baseline,0
2291,8,baseline,0
2292,8,baseline,0
2293,8,baseline,0
2294,8,baseline,0
2295,8,baseline,1
2296,8,baseline,0
2297,8,baseline,0
2298,8,baseline,0
2299,8,baseline,0
2300,8,baseline,0
2301,8,baseline,0
2302,8,baseline,0
2303,8,baseline,0
2304,8,baseline,1
2305,8,baseline,0
2306,8,baseline,1
2307,8,baseline,1
2308,8,baseline,1
2309,8,baseline,0
2310,8,baseline,0
2311,8,baseline,0
2312,8,baseline,1
2313,8,baseline,0
2314,8,baseline,0
2315,8,baseline,0
2316,8,baseline,0
2317,8,baseline,0
2318,8,baseline,1
2319,8,baseline,0
2320,8,baseline,0
2321,8,baseline,0
2322,8,baseline,0
2323,8,baseline,0
2324,8,baseline,0
2325,8,baseline,0
2326,8,baseline,1
2327,8,baseline,0
2328,8,baseline,0
2329,8,baseline,0
2330,8,baseline,0
2331,8,baseline,1
2332,8,baseline,0
2333,8,baseline,0
2334,8,baseline,0
2335,8,baseline,0
2336,8,baseline,0
2337,8,baseline,0
2338,8,baseline,0
2339,8,baseline,0
2340,8,baseline,0
2341,8,baseline,0
2342,8,baseline,0
2343,8,baseline,0
2344,8,baseline,0
2345,8,baseline,0
2346,8,baseline,0
2347,8,baseline,0
2348,8,baseline,0
2349,8,baseline,0
2350,8,baseline,0
2351,8,baseline,0
2352,8,baseline,0
2353,8,baseline,0
2354,8,baseline,0
2355,8,baseline,0
2356,8,baseline,0
2357,8,baseline,0
2358,8,baseline,0
2359,8,baseline,0
2360,8,baseline,0
2361,8,baseline,0
2362,8,baseline,0
2363,8,baseline,0
2364,8,baseline,0
2365,8,baseline,0
2366,8,baseline,0
2367,8,baseline,0
2368,8,baseline,0
2369,8,baseline,0
2370,8,baseline,0
2371,8,baseline,0
2372,8,baseline,0
2373,8,baseline,0
2374,8,baseline,0
2375,8,baseline,0
2376,8,baseline,0
2377,8,baseline,1
2378,8,baseline,0
2379,8,baseline,0
2380,8,baseline,0
2381,8,baseline,0
2382,8,baseline,0
2383,8,baseline,1
2384,8,baseline,0
2385,8,baseline,1
2386,8,baseline,0
2387,8,baseline,0
2388,8,baseline,1
2389,8,baseline,0
2390,8,baseline,0
2391,8,baseline,0
2392,8,baseline,0
2393,8,baseline,0
2394,8,baseline,0
2395,8,baseline,0
2396,8,baseline,0
2397,8,baseline,0
2398,8,baseline,0
2399,8,baseline,0
2400,8,baseline,0
2401,9,bandit,0
2402,9,bandit,0
2403,9,bandit,0
2404,9,bandit,0
2405,9,bandit,0
2406,9,bandit,0
2407,9,bandit,0
2408,9,bandit,0
2409,9,bandit,0
2410,9,bandit,0
2411,9,bandit,1
2412,9,bandit,0
2413,9,bandit,0
2414,9,bandit,0
2415,9,bandit,0
2416,9,bandit,0
2417,9,bandit,0
2418,9,bandit,0
2419,9,bandit,0
2420,9,bandit,0
2421,9,bandit,0
2422,9,bandit,0
2423,9,bandit,0
2424,9,bandit,0
2425,9,bandit,0
2426,9,bandit,0
2427,9,bandit,0
2428,9,bandit,0
2429,9,bandit,0
2430,9,bandit,0
2431,9,bandit,0
2432,9,bandit,0
2433,9,bandit,0
2434,9,bandit,0
2435,9,bandit,0
2436,9,bandit,0
2437,9,bandit,0
2438,9,bandit,0
2439,9,bandit,0
2440,9,bandit,0
2441,9,bandit,1
2442,9,bandit,0
2443,9,bandit,0
2444,9,bandit,0
2445,9,bandit,0
2446,9,bandit,0
2447,9,bandit,0
2448,9,bandit,0
2449,9,bandit,0
2450,9,bandit,0
2451,9,bandit,0
2452,9,bandit,1
2453,9,bandit,0
2454,9,bandit,0
2455,9,bandit,0
2456,9,bandit,0
2457,9,bandit,0
2458,9,bandit,0
2459,9,bandit,0
2460,9,bandit,0
2461,9,bandit,0
2462,9,bandit,0
2463,9,bandit,0
2464,9,bandit,0
2465,9,bandit,0
2466,9,bandit,0
2467,9,bandit,0
2468,9,bandit,0
2469,9,bandit,0
2470,9,bandit,0
2471,9,bandit,0
2472,9,bandit,0
2473,9,bandit,0
2474,9,bandit,0
2475,9,bandit,0
2476,9,bandit,0
2477,9,bandit,0
2478,9,bandit,0
2479,9,bandit,0
2480,9,bandit,0
2481,9,bandit,0
2482,9,bandit,0
2483,9,bandit,0
2484,9,bandit,0
2485,9,bandit,0
2486,9,bandit,0
2487,9,bandit,0
2488,9,bandit,0
2489,9,bandit,0
2490,9,bandit,0
2491,9,bandit,0
2492,9,bandit,0
2493,9,bandit,0
2494,9,bandit,0
2495,9,bandit,0
2496,9,bandit,0
2497,9,bandit,0
2498,9,bandit,1
2499,9,bandit,0
2500,9,bandit,0
2501,9,bandit,0
2502,9,bandit,0
2503,9,bandit,0
2504,9,bandit,1
2505,9,bandit,0
2506,9,bandit,0
2507,9,bandit,0
2508,9,bandit,0
2509,9,bandit,0
2510,9,bandit,0
2511,9,bandit,0
2512,9,bandit,0
2513,9,bandit,0
2514,9,bandit,0
2515,9,bandit,0
2516,9,bandit,0
2517,9,bandit,0
2518,9,bandit,0
2519,9,bandit,0
2520,9,bandit,0
2521,9,bandit,0
2522,9,bandit,0
2523,9,bandit,0
2524,9,bandit,0
2525,9,bandit,0
2526,9,bandit,0
2527,9,bandit,0
2528,9,bandit,0
2529,9,bandit,0
2530,9,bandit,0
2531,9,bandit,0
2532,9,bandit,0
2533,9,bandit,0
2534,9,bandit,0
2535,9,bandit,0
2536,9,bandit,0
2537,9,bandit,0
2538,9,bandit,0
2539,9,bandit,0
2540,9,bandit,0
2541,9,bandit,0
2542,9,bandit,0
2543,9,bandit,0
2544,9,bandit,0
2545,9,bandit,0
2546,9,bandit,0
2547,9,bandit,0
2548,9,bandit,0
2549,9,bandit,0
2550,9,bandit,0
2551,9,baseline,0
2552,9,baseline,0
2553,9,baseline,0
2554,9,baseline,0
2555,9,baseline,0
2556,9,baseline,0
2557,9,baseline,0
2558,9,baseline,0
2559,9,baseline,0
2560,9,baseline,1
2561,9,baseline,0
2562,9,baseline,0
2563,9,baseline,0
2564,9,baseline,0
2565,9,baseline,0
2566,9,baseline,0
2567,9,baseline,0
2568,9,baseline,1
2569,9,baseline,0
2570,9,baseline,0
2571,9,baseline,0
2572,9,baseline,0
2573,9,baseline,0
2574,9,baseline,0
2575,9,baseline,0
2576,9,baseline,0
2577,9,baseline,0
2578,9,baseline,0
2579,9,baseline,0
2580,9,baseline,0
2581,9,baseline,0
2582,9,baseline,1
2583,9,baseline,0
2584,9,baseline,1
2585,9,baseline,0
2586,9,baseline,0
2587,9,baseline,0
2588,9,baseline,0
2589,9,baseline,0
2590,9,baseline,0
2591,9,baseline,0
2592,9,baseline,0
2593,9,baseline,0
2594,9,baseline,0
2595,9,baseline,0
2596,9,baseline,0
2597,9,baseline,0
2598,9,baseline,0
2599,9,baseline,0
2600,9,baseline,0
2601,9,baseline,0
2602,9,baseline,0
2603,9,baseline,0
2604,9,baseline,0
2605,9,baseline,0
2606,9,baseline,0
2607,9,baseline,0
2608,9,baseline,0
2609,9,baseline,0
2610,9,baseline,1
2611,9,baseline,0
2612,9,baseline,0
2613,9,baseline,0
2614,9,baseline,0
2615,9,baseline,0
2616,9,baseline,0
2617,9,baseline,0
2618,9,baseline,0
2619,9,baseline,0
2620,9,baseline,0
2621,9,baseline,0
2622,9,baseline,0
2623,9,baseline,0
2624,9,baseline,0
2625,9,baseline,0
2626,9,baseline,0
2627,9,baseline,0
2628,9,baseline,0
2629,9,baseline,0
2630,9,baseline,0
2631,9,baseline,1
2632,9,baseline,0
2633,9,baseline,0
2634,9,baseline,0
2635,9,baseline,0
2636,9,baseline,0
2637,9,baseline,1
2638,9,baseline,0
2639,9,baseline,0
2640,9,baseline,0
2641,9,baseline,0
2642,9,baseline,0
2643,9,baseline,0
2644,9,baseline,0
2645,9,baseline,1
2646,9,baseline,0
2647,9,baseline,0
2648,9,baseline,1
2649,9,baseline,0
2650,9,baseline,0
2651,9,baseline,0
2652,9,baseline,0
2653,9,baseline,0
2654,9,baseline,0
2655,9,baseline,0
2656,9,baseline,0
2657,9,baseline,0
2658,9,baseline,0
2659,9,baseline,1
2660,9,baseline,1
2661,9,baseline,1
2662,9,baseline,0
2663,9,baseline,0
2664,9,baseline,0
2665,9,baseline,0
2666,9,baseline,0
2667,9,baseline,0
2668,9,baseline,0
2669,9,baseline,0
2670,9,baseline,1
2671,9,baseline,0
2672,9,baseline,0
2673,9,baseline,0
2674,9,baseline,0
2675,9,baseline,0
2676,9,baseline,0
2677,9,baseline,0
2678,9,baseline,0
2679,9,baseline,1
2680,9,baseline,0
2681,9,baseline,0
2682,9,baseline,0
2683,9,baseline,0
2684,9,baseline,1
2685,9,baseline,0
2686,9,baseline,1
2687,9,baseline,0
2688,9,baseline,0
2689,9,baseline,0
2690,9,baseline,0
2691,9,baseline,0
2692,9,baseline,0
2693,9,baseline,0
2694,9,baseline,0
2695,9,baseline,0
2696,9,baseline,0
2697,9,baseline,0
2698,9,baseline,0
2699,9,baseline,0
2700,9,baseline,1
2701,10,bandit,0
2702,10,bandit,0
2703,10,bandit,0
2704,10,bandit,0
2705,10,bandit,0
2706,10,bandit,0
2707,10,bandit,0
2708,10,bandit,0
2709,10,bandit,0
2710,10,bandit,0
2711,10,bandit,0
2712,10,bandit,0
2713,10,bandit,0
2714,10,bandit,0
2715,10,bandit,1
2716,10,bandit,0
2717,10,bandit,0
2718,10,bandit,0
2719,10,bandit,0
2720,10,bandit,0
2721,10,bandit,0
2722,10,bandit,0
2723,10,bandit,0
2724,10,bandit,0
2725,10,bandit,0
2726,10,bandit,0
2727,10,bandit,0
2728,10,bandit,0
2729,10,bandit,0
2730,10,bandit,0
2731,10,bandit,0
2732,10,bandit,0
2733,10,bandit,0
2734,10,bandit,0
2735,10,bandit,0
2736,10,bandit,0
2737,10,bandit,0
2738,10,bandit,0
2739,10,bandit,0
2740,10,bandit,0
2741,10,bandit,0
2742,10,bandit,0
2743,10,bandit,0
2744,10,bandit,0
2745,10,bandit,0
2746,10,bandit,0
2747,10,bandit,0
2748,10,bandit,1
2749,10,bandit,0
2750,10,bandit,0
2751,10,bandit,0
2752,10,bandit,0
2753,10,bandit,0
2754,10,bandit,0
2755,10,bandit,0
2756,10,bandit,0
2757,10,bandit,0
2758,10,bandit,0
2759,10,bandit,0
2760,10,bandit,0
2761,10,bandit,0
2762,10,bandit,0
2763,10,bandit,1
2764,10,bandit,0
2765,10,bandit,0
2766,10,bandit,0
2767,10,bandit,0
2768,10,bandit,0
2769,10,bandit,0
2770,10,bandit,0
2771,10,bandit,0
2772,10,bandit,0
2773,10,bandit,0
2774,10,bandit,0
2775,10,bandit,0
2776,10,bandit,0
2777,10,bandit,0
2778,10,bandit,0
2779,10,bandit,0
2780,10,bandit,0
2781,10,bandit,0
2782,10,bandit,0
2783,10,bandit,0
2784,10,bandit,0
2785,10,bandit,0
2786,10,bandit,0
2787,10,bandit,0
2788,10,bandit,0
2789,10,bandit,0
2790,10,bandit,0
2791,10,bandit,0
2792,10,bandit,0
2793,10,bandit,0
2794,10,bandit,1
2795,10,bandit,0
2796,10,bandit,0
2797,10,bandit,0
2798,10,bandit,0
2799,10,bandit,0
2800,10,bandit,0
2801,10,bandit,0
2802,10,bandit,0
2803,10,bandit,0
2804,10,bandit,0
2805,10,bandit,0
2806,10,bandit,0
2807,10,bandit,0
2808,10,bandit,0
2809,10,bandit,0
2810,10,bandit,0
2811,10,bandit,0
2812,10,bandit,0
2813,10,bandit,0
2814,10,bandit,0
2815,10,bandit,0
2816,10,bandit,0
2817,10,bandit,0
2818,10,bandit,0
2819,10,bandit,0
2820,10,bandit,0
2821,10,bandit,0
2822,10,bandit,0
2823,10,bandit,0
2824,10,bandit,0
2825,10,bandit,0
2826,10,bandit,0
2827,10,bandit,0
2828,10,bandit,0
2829,10,bandit,0
2830,10,bandit,0
2831,10,bandit,1
2832,10,bandit,0
2833,10,bandit,0
2834,10,bandit,0
2835,10,bandit,0
2836,10,bandit,0
2837,10,bandit,0
2838,10,bandit,0
2839,10,bandit,0
2840,10,bandit,0
2841,10,bandit,0
2842,10,bandit,0
2843,10,bandit,0
2844,10,bandit,0
2845,10,bandit,0
2846,10,bandit,0
2847,10,bandit,0
2848,10,bandit,0
2849,10,bandit,0
2850,10,bandit,0
2851,10,baseline,0
2852,10,baseline,0
2853,10,baseline,0
2854,10,baseline,0
2855,10,baseline,0
2856,10,baseline,0
2857,10,baseline,0
2858,10,baseline,0
2859,10,baseline,0
2860,10,baseline,0
2861,10,baseline,0
2862,10,baseline,1
2863,10,baseline,0
2864,10,baseline,1
2865,10,baseline,0
2866,10,baseline,0
2867,10,baseline,0
2868,10,baseline,0
2869,10,baseline,0
2870,10,baseline,0
2871,10,baseline,0
2872,10,baseline,0
2873,10,baseline,0
2874,10,baseline,1
2875,10,baseline,0
2876,10,baseline,0
2877,10,baseline,0
2878,10,baseline,1
2879,10,baseline,0
2880,10,baseline,0
2881,10,baseline,0
2882,10,baseline,0
2883,10,baseline,0
2884,10,baseline,1
2885,10,baseline,0
2886,10,baseline,0
2887,10,baseline,0
2888,10,baseline,0
2889,10,baseline,0
2890,10,baseline,0
2891,10,baseline,0
2892,10,baseline,0
2893,10,baseline,0
2894,10,baseline,0
2895,10,baseline,0
2896,10,baseline,0
2897,10,baseline,0
2898,10,baseline,1
2899,10,baseline,0
2900,10,baseline,0
2901,10,baseline,0
2902,10,baseline,0
2903,10,baseline,1
2904,10,baseline,0
2905,10,baseline,0
2906,10,baseline,0
2907,10,baseline,0
2908,10,baseline,0
2909,10,baseline,0
2910,10,baseline,0
2911,10,baseline,0
2912,10,baseline,0
2913,10,baseline,0
2914,10,baseline,0
2915,10,baseline,0
2916,10,baseline,0
2917,10,baseline,0
2918,10,baseline,0
2919,10,baseline,0
2920,10,baseline,0
2921,10,baseline,0
2922,10,baseline,0
2923,10,baseline,0
2924,10,baseline,1
2925,10,baseline,0
2926,10,baseline,0
2927,10,baseline,0
2928,10,baseline,0
2929,10,baseline,0
2930,10,baseline,0
2931,10,baseline,0
2932,10,baseline,0
2933,10,baseline,0
2934,10,baseline,0
2935,10,baseline,0
2936,10,baseline,0
2937,10,baseline,0
2938,10,baseline,0
2939,10,baseline,0
2940,10,baseline,0
2941,10,baseline,0
2942,10,baseline,1
2943,10,baseline,0
2944,10,baseline,0
2945,10,baseline,0
2946,10,baseline,0
2947,10,baseline,0
2948,10,baseline,0
2949,10,baseline,0
2950,10,baseline,0
2951,10,baseline,0
2952,10,baseline,0
2953,10,baseline,0
2954,10,baseline,0
2955,10,baseline,0
2956,10,baseline,0
2957,10,baseline,0
2958,10,baseline,0
2959,10,baseline,0
2960,10,baseline,0
2961,10,baseline,0
2962,10,baseline,0
2963,10,baseline,0
2964,10,baseline,1
2965,10,baseline,0
2966,10,baseline,0
2967,10,baseline,0
2968,10,baseline,0
2969,10,baseline,0
2970,10,baseline,0
2971,10,baseline,0
2972,10,baseline,0
2973,10,baseline,1
2974,10,baseline,0
2975,10,baseline,0
2976,10,baseline,0
2977,10,baseline,0
2978,10,baseline,0
2979,10,baseline,0
2980,10,baseline,0
2981,10,baseline,0
2982,10,baseline,0
2983,10,baseline,0
2984,10,baseline,1
2985,10,baseline,0
2986,10,baseline,0
2987,10,baseline,0
2988,10,baseline,0
2989,10,baseline,0
2990,10,baseline,0
2991,10,baseline,0
2992,10,baseline,0
2993,10,baseline,0
2994,10,baseline,1
2995,10,baseline,0
2996,10,baseline,0
2997,10,baseline,0
2998,10,baseline,1
2999,10,baseline,0
3000,10,baseline,0
3001,11,bandit,0
3002,11,bandit,1
3003,11,bandit,0
3004,11,bandit,0
3005,11,bandit,0
3006,11,bandit,0
3007,11,bandit,0
3008,11,bandit,0
3009,11,bandit,0
3010,11,bandit,0
3011,11,bandit,0
3012,11,bandit,0
3013,11,bandit,0
3014,11,bandit,0
3015,11,bandit,0
3016,11,bandit,0
3017,11,bandit,0
3018,11,bandit,0
3019,11,bandit,0
3020,11,bandit,0
3021,11,bandit,0
3022,11,bandit,0
3023,11,bandit,0
3024,11,bandit,0
3025,11,bandit,0
3026,11,bandit,0
3027,11,bandit,0
3028,11,bandit,0
3029,11,bandit,0
3030,11,bandit,0
3031,11,bandit,0
3032,11,bandit,0
3033,11,bandit,0
3034,11,bandit,0
3035,11,bandit,0
3036,11,bandit,0
3037,11,bandit,0
3038,11,bandit,0
3039,11,bandit,0
3040,11,bandit,0
3041,11,bandit,0
3042,11,bandit,0
3043,11,bandit,0
3044,11,bandit,0
3045,11,bandit,0
3046,11,bandit,0
3047,11,bandit,0
3048,11,bandit,1
3049,11,bandit,0
3050,11,bandit,0
3051,11,bandit,0
3052,11,bandit,0
3053,11,bandit,0
3054,11,bandit,0
3055,11,bandit,0
3056,11,bandit,0
3057,11,bandit,0
3058,11,bandit,0
3059,11,bandit,0
3060,11,bandit,0
3061,11,bandit,0
3062,11,bandit,0
3063,11,bandit,0
3064,11,bandit,0
3065,11,bandit,0
3066,11,bandit,0
3067,11,bandit,0
3068,11,bandit,0
3069,11,bandit,0
3070,11,bandit,0
3071,11,bandit,0
3072,11,bandit,0
3073,11,bandit,0
3074,11,bandit,0
3075,11,bandit,0
3076,11,bandit,0
3077,11,bandit,0
3078,11,bandit,0
3079,11,bandit,0
3080,11,bandit,0
3081,11,bandit,0
3082,11,bandit,0
3083,11,bandit,0
3084,11,bandit,0
3085,11,bandit,0
3086,11,bandit,0
3087,11,bandit,0
3088,11,bandit,0
3089,11,bandit,0
3090,11,bandit,0
3091,11,bandit,0
3092,11,bandit,0
3093,11,bandit,0
3094,11,bandit,0
3095,11,bandit,0
3096,11,bandit,0
3097,11,bandit,0
3098,11,bandit,0
3099,11,bandit,0
3100,11,bandit,0
3101,11,bandit,0
3102,11,bandit,0
3103,11,bandit,0
3104,11,bandit,0
3105,11,bandit,0
3106,11,bandit,0
3107,11,bandit,0
3108,11,bandit,0
3109,11,bandit,0
3110,11,bandit,0
3111,11,bandit,0
3112,11,bandit,0
3113,11,bandit,0
3114,11,bandit,0
3115,11,bandit,0
3116,11,bandit,0
3117,11,bandit,0
3118,11,bandit,0
3119,11,bandit,0
3120,11,bandit,1
3121,11,bandit,0
3122,11,bandit,0
3123,11,bandit,0
3124,11,bandit,0
3125,11,bandit,0
3126,11,bandit,0
3127,11,bandit,0
3128,11,bandit,0
3129,11,bandit,0
3130,11,bandit,0
3131,11,bandit,0
3132,11,bandit,0
3133,11,bandit,0
3134,11,bandit,0
3135,11,bandit,0
3136,11,bandit,0
3137,11,bandit,0
3138,11,bandit,0
3139,11,bandit,0
3140,11,bandit,1
3141,11,bandit,0
3142,11,bandit,0
3143,11,bandit,0
3144,11,bandit,0
3145,11,bandit,0
3146,11,bandit,0
3147,11,bandit,0
3148,11,bandit,0
3149,11,bandit,0
3150,11,bandit,0
3151,11,baseline,0
3152,11,baseline,0
3153,11,baseline,0
3154,11,baseline,0
3155,11,baseline,0
3156,11,baseline,0
3157,11,baseline,0
3158,11,baseline,0
3159,11,baseline,0
3160,11,baseline,1
3161,11,baseline,0
3162,11,baseline,0
3163,11,baseline,0
3164,11,baseline,0
3165,11,baseline,0
3166,11,baseline,0
3167,11,baseline,0
3168,11,baseline,0
3169,11,baseline,0
3170,11,baseline,0
3171,11,baseline,0
3172,11,baseline,0
3173,11,baseline,0
3174,11,baseline,0
3175,11,baseline,0
3176,11,baseline,0
3177,11,baseline,0
3178,11,baseline,0
3179,11,baseline,0
3180,11,baseline,0
3181,11,baseline,0
3182,11,baseline,0
3183,11,baseline,0
3184,11,baseline,0
3185,11,baseline,1
3186,11,baseline,0
3187,11,baseline,0
3188,11,baseline,0
3189,11,baseline,1
3190,11,baseline,1
3191,11,baseline,0
3192,11,baseline,0
3193,11,baseline,1
3194,11,baseline,0
3195,11,baseline,0
3196,11,baseline,0
3197,11,baseline,0
3198,11,baseline,1
3199,11,baseline,0
3200,11,baseline,0
3201,11,baseline,0
3202,11,baseline,0
3203,11,baseline,0
3204,11,baseline,1
3205,11,baseline,0
3206,11,baseline,0
3207,11,baseline,0
3208,11,baseline,0
3209,11,baseline,0
3210,11,baseline,0
3211,11,baseline,0
3212,11,baseline,0
3213,11,baseline,0
3214,11,baseline,0
3215,11,baseline,0
3216,11,baseline,0
3217,11,baseline,0
3218,11,baseline,0
3219,11,baseline,0
3220,11,baseline,0
3221,11,baseline,0
3222,11,baseline,0
3223,11,baseline,0
3224,11,baseline,1
3225,11,baseline,0
3226,11,baseline,0
3227,11,baseline,0
3228,11,baseline,0
3229,11,baseline,0
3230,11,baseline,0
3231,11,baseline,0
3232,11,baseline,0
3233,11,baseline,0
3234,11,baseline,0
3235,11,baseline,0
3236,11,baseline,0
3237,11,baseline,1
3238,11,baseline,0
3239,11,baseline,0
3240,11,baseline,0
3241,11,baseline,0
3242,11,baseline,0
3243,11,baseline,0
3244,11,baseline,0
3245,11,baseline,0
3246,11,baseline,0
3247,11,baseline,0
3248,11,baseline,0
3249,11,baseline,0
3250,11,baseline,0
3251,11,baseline,0
3252,11,baseline,0
3253,11,baseline,0
3254,11,baseline,0
3255,11,baseline,0
3256,11,baseline,0
3257,11,baseline,0
3258,11,baseline,0
3259,11,baseline,0
3260,11,baseline,0
3261,11,baseline,0
3262,11,baseline,0
3263,11,baseline,0
3264,11,baseline,0
3265,11,baseline,0
3266,11,baseline,0
3267,11,baseline,0
3268,11,baseline,0
3269,11,baseline,0
3270,11,baseline,0
3271,11,baseline,0
3272,11,baseline,0
3273,11,baseline,0
3274,11,baseline,0
3275,11,baseline,0
3276,11,baseline,0
3277,11,baseline,0
3278,11,baseline,0
3279,11,baseline,0
3280,11,baseline,0
3281,11,baseline,1
3282,11,baseline,0
3283,11,baseline,0
3284,11,baseline,0
3285,11,baseline,0
3286,11,baseline,0
3287,11,baseline,0
3288,11,baseline,0
3289,11,baseline,0
3290,11,baseline,0
3291,11,baseline,0
3292,11,baseline,0
3293,11,baseline,0
3294,11,baseline,1
3295,11,baseline,0
3296,11,baseline,0
3297,11,baseline,0
3298,11,baseline,1
3299,11,baseline,0
3300,11,baseline,0
3301,12,bandit,0
3302,12,bandit,0
3303,12,bandit,0
3304,12,bandit,0
3305,12,bandit,0
3306,12,bandit,0
3307,12,bandit,0
3308,12,bandit,0
3309,12,bandit,0
3310,12,bandit,1
3311,12,bandit,0
3312,12,bandit,0
3313,12,bandit,0
3314,12,bandit,0
3315,12,bandit,0
3316,12,bandit,0
3317,12,bandit,0
3318,12,bandit,0
3319,12,bandit,0
3320,12,bandit,0
3321,12,bandit,0
3322,12,bandit,0
3323,12,bandit,0
3324,12,bandit,0
3325,12,bandit,0
3326,12,bandit,0
3327,12,bandit,0
3328,12,bandit,0
3329,12,bandit,0
3330,12,bandit,0
3331,12,bandit,0
3332,12,bandit,0
3333,12,bandit,0
3334,12,bandit,0
3335,12,bandit,0
3336,12,bandit,0
3337,12,bandit,0
3338,12,bandit,0
3339,12,bandit,0
3340,12,bandit,0
3341,12,bandit,0
3342,12,bandit,0
3343,12,bandit,0
3344,12,bandit,0
3345,12,bandit,0
3346,12,bandit,0
3347,12,bandit,0
3348,12,bandit,0
3349,12,bandit,1
3350,12,bandit,0
3351,12,bandit,0
3352,12,bandit,0
3353,12,bandit,0
3354,12,bandit,0
3355,12,bandit,0
3356,12,bandit,0
3357,12,bandit,0
3358,12,bandit,0
3359,12,bandit,0
3360,12,bandit,0
3361,12,bandit,0
3362,12,bandit,0
3363,12,bandit,0
3364,12,bandit,0
3365,12,bandit,0
3366,12,bandit,0
3367,12,bandit,0
3368,12,bandit,1
3369,12,bandit,0
3370,12,bandit,0
3371,12,bandit,0
3372,12,bandit,0
3373,12,bandit,0
3374,12,bandit,0
3375,12,bandit,0
3376,12,bandit,0
3377,12,bandit,0
3378,12,bandit,0
3379,12,bandit,0
3380,12,bandit,0
3381,12,bandit,0
3382,12,bandit,0
3383,12,bandit,0
3384,12,bandit,0
3385,12,bandit,0
3386,12,bandit,0
3387,12,bandit,0
3388,12,bandit,0
3389,12,bandit,0
3390,12,bandit,1
3391,12,bandit,0
3392,12,bandit,0
3393,12,bandit,0
3394,12,bandit,0
3395,12,bandit,0
3396,12,bandit,0
3397,12,bandit,0
3398,12,bandit,0
3399,12,bandit,0
3400,12,bandit,0
3401,12,bandit,0
3402,12,bandit,0
3403,12,bandit,0
3404,12,bandit,0
3405,12,bandit,0
3406,12,bandit,0
3407,12,bandit,0
3408,12,bandit,0
3409,12,bandit,0
3410,12,bandit,0
3411,12,bandit,0
3412,12,bandit,0
3413,12,bandit,0
3414,12,bandit,0
3415,12,bandit,0
3416,12,bandit,0
3417,12,bandit,0
3418,12,bandit,0
3419,12,bandit,0
3420,12,bandit,0
3421,12,bandit,0
3422,12,bandit,0
3423,12,bandit,0
3424,12,bandit,0
3425,12,bandit,0
3426,12,bandit,0
3427,12,bandit,1
3428,12,bandit,0
3429,12,bandit,0
3430,12,bandit,1
3431,12,bandit,0
3432,12,bandit,0
3433,12,bandit,0
3434,12,bandit,0
3435,12,bandit,1
3436,12,bandit,0
3437,12,bandit,0
3438,12,bandit,0
3439,12,bandit,0
3440,12,bandit,0
3441,12,bandit,1
3442,12,bandit,0
3443,12,bandit,0
3444,12,bandit,0
3445,12,bandit,0
3446,12,bandit,0
3447,12,bandit,0
3448,12,bandit,1
3449,12,bandit,0
3450,12,bandit,0
3451,12,baseline,0
3452,12,baseline,0
3453,12,baseline,0
3454,12,baseline,0
3455,12,baseline,0
3456,12,baseline,0
3457,12,baseline,0
3458,12,baseline,0
3459,12,baseline,0
3460,12,baseline,0
3461,12,baseline,1
3462,12,baseline,0
3463,12,baseline,0
3464,12,baseline,1
3465,12,baseline,0
3466,12,baseline,0
3467,12,baseline,0
3468,12,baseline,0
3469,12,baseline,0
3470,12,baseline,0
3471,12,baseline,0
3472,12,baseline,0
3473,12,baseline,0
3474,12,baseline,0
3475,12,baseline,1
3476,12,baseline,0
3477,12,baseline,0
3478,12,baseline,0
3479,12,baseline,1
3480,12,baseline,0
3481,12,baseline,0
3482,12,baseline,1
3483,12,baseline,0
3484,12,baseline,0
3485,12,baseline,0
3486,12,baseline,0
3487,12,baseline,0
3488,12,baseline,0
3489,12,baseline,0
3490,12,baseline,0
3491,12,baseline,0
3492,12,baseline,0
3493,12,baseline,0
3494,12,baseline,0
3495,12,baseline,0
3496,12,baseline,0
3497,12,baseline,0
3498,12,baseline,1
3499,12,baseline,0
3500,12,baseline,0
3501,12,baseline,0
3502,12,baseline,0
3503,12,baseline,0
3504,12,baseline,0
3505,12,baseline,0
3506,12,baseline,0
3507,12,baseline,0
3508,12,baseline,0
3509,12,baseline,0
3510,12,baseline,0
3511,12,baseline,0
3512,12,baseline,0
3513,12,baseline,0
3514,12,baseline,0
3515,12,baseline,0
3516,12,baseline,0
3517,12,baseline,0
3518,12,baseline,0
3519,12,baseline,0
3520,12,baseline,0
3521,12,baseline,0
3522,12,baseline,0
3523,12,baseline,0
3524,12,baseline,0
3525,12,baseline,0
3526,12,baseline,0
3527,12,baseline,0
3528,12,baseline,0
3529,12,baseline,0
3530,12,baseline,0
3531,12,baseline,0
3532,12,baseline,0
3533,12,baseline,0
3534,12,baseline,0
3535,12,baseline,0
3536,12,baseline,0
3537,12,baseline,0
3538,12,baseline,0
3539,12,baseline,0
3540,12,baseline,0
3541,12,baseline,0
3542,12,baseline,0
3543,12,baseline,0
3544,12,baseline,0
3545,12,baseline,0
3546,12,baseline,0
3547,12,baseline,0
3548,12,baseline,0
3549,12,baseline,0
3550,12,baseline,0
3551,12,baseline,0
3552,12,baseline,0
3553,12,baseline,0
3554,12,baseline,0
3555,12,baseline,0
3556,12,baseline,0
3557,12,baseline,0
3558,12,baseline,0
3559,12,baseline,0
3560,12,baseline,0
3561,12,baseline,0
3562,12,baseline,0
3563,12,baseline,0
3564,12,baseline,0
3565,12,baseline,0
3566,12,baseline,0
3567,12,baseline,1
3568,12,baseline,0
3569,12,baseline,0
3570,12,baseline,0
3571,12,baseline,0
3572,12,baseline,0
3573,12,baseline,0
3574,12,baseline,0
3575,12,baseline,0
3576,12,baseline,0
3577,12,baseline,0
3578,12,baseline,1
3579,12,baseline,0
3580,12,baseline,0
3581,12,baseline,0
3582,12,baseline,0
3583,12,baseline,0
3584,12,baseline,0
3585,12,baseline,0
3586,12,baseline,0
3587,12,baseline,0
3588,12,baseline,1
3589,12,baseline,0
3590,12,baseline,0
3591,12,baseline,0
3592,12,baseline,0
3593,12,baseline,1
3594,12,baseline,0
3595,12,baseline,0
3596,12,baseline,1
3597,12,baseline,0
3598,12,baseline,0
3599,12,baseline,0
3600,12,baseline,0
3601,13,bandit,0
3602,13,bandit,0
3603,13,bandit,0
3604,13,bandit,0
3605,13,bandit,0
3606,13,bandit,0
3607,13,bandit,0
3608,13,bandit,0
3609,13,bandit,0
3610,13,bandit,1
3611,13,bandit,0
3612,13,bandit,0
3613,13,bandit,0
3614,13,bandit,0
3615,13,bandit,0
3616,13,bandit,0
3617,13,bandit,0
3618,13,bandit,0
3619,13,bandit,0
3620,13,bandit,0
3621,13,bandit,0
3622,13,bandit,0
3623,13,bandit,0
3624,13,bandit,0
3625,13,bandit,0
3626,13,bandit,0
3627,13,bandit,0
3628,13,bandit,0
3629,13,bandit,0
3630,13,bandit,0
3631,13,bandit,0
3632,13,bandit,0
3633,13,bandit,0
3634,13,bandit,0
3635,13,bandit,0
3636,13,bandit,0
3637,13,bandit,1
3638,13,bandit,0
3639,13,bandit,0
3640,13,bandit,0
3641,13,bandit,0
3642,13,bandit,0
3643,13,bandit,1
3644,13,bandit,0
3645,13,bandit,0
3646,13,bandit,1
3647,13,bandit,0
3648,13,bandit,0
3649,13,bandit,0
3650,13,bandit,1
3651,13,bandit,0
3652,13,bandit,0
3653,13,bandit,0
3654,13,bandit,0
3655,13,bandit,0
3656,13,bandit,0
3657,13,bandit,0
3658,13,bandit,0
3659,13,bandit,0
3660,13,bandit,0
3661,13,bandit,0
3662,13,bandit,0
3663,13,bandit,0
3664,13,bandit,0
3665,13,bandit,1
3666,13,bandit,1
3667,13,bandit,0
3668,13,bandit,0
3669,13,bandit,0
3670,13,bandit,0
3671,13,bandit,0
3672,13,bandit,0
3673,13,bandit,0
3674,13,bandit,0
3675,13,bandit,0
3676,13,bandit,0
3677,13,bandit,0
3678,13,bandit,0
3679,13,bandit,0
3680,13,bandit,0
3681,13,bandit,0
3682,13,bandit,0
3683,13,bandit,0
3684,13,bandit,0
3685,13,bandit,0
3686,13,bandit,0
3687,13,bandit,0
3688,13,bandit,0
3689,13,bandit,0
3690,13,bandit,0
3691,13,bandit,0
3692,13,bandit,0
3693,13,bandit,0
3694,13,bandit,0
3695,13,bandit,0
3696,13,bandit,1
3697,13,bandit,0
3698,13,bandit,0
3699,13,bandit,0
3700,13,bandit,0
3701,13,bandit,1
3702,13,bandit,0
3703,13,bandit,0
3704,13,bandit,0
3705,13,bandit,0
3706,13,bandit,1
3707,13,bandit,0
3708,13,bandit,0
3709,13,bandit,0
3710,13,bandit,0
3711,13,bandit,0
3712,13,bandit,0
3713,13,bandit,0
3714,13,bandit,0
3715,13,bandit,0
3716,13,bandit,0
3717,13,bandit,0
3718,13,bandit,0
3719,13,bandit,0
3720,13,bandit,0
3721,13,bandit,0
3722,13,bandit,0
3723,13,bandit,0
3724,13,bandit,0
3725,13,bandit,0
3726,13,bandit,0
3727,13,bandit,0
3728,13,bandit,0
3729,13,bandit,0
3730,13,bandit,0
3731,13,bandit,0
3732,13,bandit,1
3733,13,bandit,1
3734,13,bandit,0
3735,13,bandit,0
3736,13,bandit,0
3737,13,bandit,0
3738,13,bandit,0
3739,13,bandit,0
3740,13,bandit,0
3741,13,bandit,0
3742,13,bandit,1
3743,13,bandit,0
3744,13,bandit,0
3745,13,bandit,0
3746,13,bandit,0
3747,13,bandit,0
3748,13,bandit,0
3749,13,bandit,0
3750,13,bandit,0
3751,13,baseline,0
3752,13,baseline,0
3753,13,baseline,0
3754,13,baseline,0
3755,13,baseline,0
3756,13,baseline,0
3757,13,baseline,0
3758,13,baseline,0
3759,13,baseline,0
3760,13,baseline,0
3761,13,baseline,0
3762,13,baseline,0
3763,13,baseline,0
3764,13,baseline,0
3765,13,baseline,0
3766,13,baseline,0
3767,13,baseline,0
3768,13,baseline,0
3769,13,baseline,0
3770,13,baseline,0
3771,13,baseline,0
3772,13,baseline,0
3773,13,baseline,0
3774,13,baseline,0
3775,13,baseline,1
3776,13,baseline,0
3777,13,baseline,1
3778,13,baseline,0
3779,13,baseline,0
3780,13,baseline,0
3781,13,baseline,0
3782,13,baseline,0
3783,13,baseline,0
3784,13,baseline,0
3785,13,baseline,1
3786,13,baseline,0
3787,13,baseline,0
3788,13,baseline,0
3789,13,baseline,0
3790,13,baseline,0
3791,13,baseline,0
3792,13,baseline,0
3793,13,baseline,0
3794,13,baseline,1
3795,13,baseline,0
3796,13,baseline,0
3797,13,baseline,0
3798,13,baseline,0
3799,13,baseline,0
3800,13,baseline,0
3801,13,baseline,0
3802,13,baseline,0
3803,13,baseline,1
3804,13,baseline,0
3805,13,baseline,0
3806,13,baseline,0
3807,13,baseline,0
3808,13,baseline,0
3809,13,baseline,0
3810,13,baseline,0
3811,13,baseline,0
3812,13,baseline,0
3813,13,baseline,0
3814,13,baseline,0
3815,13,baseline,0
3816,13,baseline,0
3817,13,baseline,0
3818,13,baseline,0
3819,13,baseline,0
3820,13,baseline,0
3821,13,baseline,0
3822,13,baseline,0
3823,13,baseline,0
3824,13,baseline,0
3825,13,baseline,0
3826,13,baseline,1
3827,13,baseline,0
3828,13,baseline,0
3829,13,baseline,0
3830,13,baseline,0
3831,13,baseline,0
3832,13,baseline,0
3833,13,baseline,0
3834,13,baseline,0
3835,13,baseline,1
3836,13,baseline,0
3837,13,baseline,0
3838,13,baseline,0
3839,13,baseline,0
3840,13,baseline,0
3841,13,baseline,0
3842,13,baseline,1
3843,13,baseline,0
3844,13,baseline,0
3845,13,baseline,0
3846,13,baseline,1
3847,13,baseline,0
3848,13,baseline,0
3849,13,baseline,1
3850,13,baseline,0
3851,13,baseline,0
3852,13,baseline,0
3853,13,baseline,0
3854,13,baseline,0
3855,13,baseline,0
3856,13,baseline,1
3857,13,baseline,0
3858,13,baseline,0
3859,13,baseline,0
3860,13,baseline,0
3861,13,baseline,0
3862,13,baseline,0
3863,13,baseline,0
3864,13,baseline,0
3865,13,baseline,0
3866,13,baseline,0
3867,13,baseline,0
3868,13,baseline,0
3869,13,baseline,0
3870,13,baseline,0
3871,13,baseline,0
3872,13,baseline,0
3873,13,baseline,0
3874,13,baseline,0
3875,13,baseline,0
3876,13,baseline,0
3877,13,baseline,1
3878,13,baseline,0
3879,13,baseline,0
3880,13,baseline,0
3881,13,baseline,0
3882,13,baseline,1
3883,13,baseline,0
3884,13,baseline,0
3885,13,baseline,0
3886,13,baseline,0
3887,13,baseline,0
3888,13,baseline,0
3889,13,baseline,0
3890,13,baseline,0
3891,13,baseline,0
3892,13,baseline,0
3893,13,baseline,0
3894,13,baseline,0
3895,13,baseline,0
3896,13,baseline,0
3897,13,baseline,0
3898,13,baseline,0
3899,13,baseline,0
3900,13,baseline,0
3901,14,bandit,0
3902,14,bandit,1
3903,14,bandit,0
3904,14,bandit,0
3905,14,bandit,1
3906,14,bandit,0
3907,14,bandit,0
3908,14,bandit,0
3909,14,bandit,1
3910,14,bandit,0
3911,14,bandit,0
3912,14,bandit,0
3913,14,bandit,0
3914,14,bandit,0
3915,14,bandit,0
3916,14,bandit,1
3917,14,bandit,0
3918,14,bandit,0
3919,14,bandit,0
3920,14,bandit,0
3921,14,bandit,0
3922,14,bandit,0
3923,14,bandit,0
3924,14,bandit,0
3925,14,bandit,0
3926,14,bandit,0
3927,14,bandit,0
3928,14,bandit,0
3929,14,bandit,0
3930,14,bandit,0
3931,14,bandit,0
3932,14,bandit,0
3933,14,bandit,0
3934,14,bandit,0
3935,14,bandit,0
3936,14,bandit,0
3937,14,bandit,0
3938,14,bandit,1
3939,14,bandit,0
3940,14,bandit,0
3941,14,bandit,0
3942,14,bandit,0
3943,14,bandit,0
3944,14,bandit,0
3945,14,bandit,0
3946,14,bandit,0
3947,14,bandit,0
3948,14,bandit,0
3949,14,bandit,0
3950,14,bandit,0
3951,14,bandit,0
3952,14,bandit,0
3953,14,bandit,0
3954,14,bandit,1
3955,14,bandit,0
3956,14,bandit,0
3957,14,bandit,0
3958,14,bandit,0
3959,14,bandit,0
3960,14,bandit,0
3961,14,bandit,0
3962,14,bandit,0
3963,14,bandit,0
3964,14,bandit,0
3965,14,bandit,0
3966,14,bandit,0
3967,14,bandit,0
3968,14,bandit,0
3969,14,bandit,0
3970,14,bandit,1
3971,14,bandit,0
3972,14,bandit,0
3973,14,bandit,0
3974,14,bandit,0
3975,14,bandit,0
3976,14,bandit,0
3977,14,bandit,0
3978,14,bandit,0
3979,14,bandit,0
3980,14,bandit,0
3981,14,bandit,0
3982,14,bandit,1
3983,14,bandit,0
3984,14,bandit,1
3985,14,bandit,0
3986,14,bandit,0
3987,14,bandit,0
3988,14,bandit,0
3989,14,bandit,0
3990,14,bandit,0
3991,14,bandit,1
3992,14,bandit,0
3993,14,bandit,0
3994,14,bandit,0
3995,14,bandit,0
3996,14,bandit,0
3997,14,bandit,0
3998,14,bandit,0
3999,14,bandit,0
4000,14,bandit,0
4001,14,bandit,0
4002,14,bandit,0
4003,14,bandit,0
4004,14,bandit,0
4005,14,bandit,0
4006,14,bandit,0
4007,14,bandit,0
4008,14,bandit,0
4009,14,bandit,0
4010,14,bandit,0
4011,14,bandit,0
4012,14,bandit,0
4013,14,bandit,0
4014,14,bandit,0
4015,14,bandit,0
4016,14,bandit,0
4017,14,bandit,0
4018,14,bandit,1
4019,14,bandit,0
4020,14,bandit,0
4021,14,bandit,0
4022,14,bandit,0
4023,14,bandit,0
4024,14,bandit,0
4025,14,bandit,0
4026,14,bandit,0
4027,14,bandit,0
4028,14,bandit,0
4029,14,bandit,0
4030,14,bandit,0
4031,14,bandit,0
4032,14,bandit,0
4033,14,bandit,0
4034,14,bandit,0
4035,14,bandit,0
4036,14,bandit,0
4037,14,bandit,1
4038,14,bandit,0
4039,14,bandit,0
4040,14,bandit,0
4041,14,bandit,0
4042,14,bandit,0
4043,14,bandit,0
4044,14,bandit,0
4045,14,bandit,0
4046,14,bandit,0
4047,14,bandit,0
4048,14,bandit,0
4049,14,bandit,0
4050,14,bandit,0
4051,14,baseline,0
4052,14,baseline,0
4053,14,baseline,1
4054,14,baseline,0
4055,14,baseline,0
4056,14,baseline,0
4057,14,baseline,0
4058,14,baseline,0
4059,14,baseline,0
4060,14,baseline,0
4061,14,baseline,0
4062,14,baseline,0
4063,14,baseline,0
4064,14,baseline,0
4065,14,baseline,0
4066,14,baseline,0
4067,14,baseline,1
4068,14,baseline,0
4069,14,baseline,0
4070,14,baseline,0
4071,14,baseline,0
4072,14,baseline,0
4073,14,baseline,0
4074,14,baseline,0
4075,14,baseline,0
4076,14,baseline,0
4077,14,baseline,0
4078,14,baseline,0
4079,14,baseline,0
4080,14,baseline,0
4081,14,baseline,0
4082,14,baseline,0
4083,14,baseline,0
4084,14,baseline,0
4085,14,baseline,0
4086,14,baseline,0
4087,14,baseline,0
4088,14,baseline,0
4089,14,baseline,0
4090,14,baseline,0
4091,14,baseline,0
4092,14,baseline,0
4093,14,baseline,0
4094,14,baseline,0
4095,14,baseline,0
4096,14,baseline,0
4097,14,baseline,0
4098,14,baseline,0
4099,14,baseline,0
4100,14,baseline,0
4101,14,baseline,0
4102,14,baseline,0
4103,14,baseline,0
4104,14,baseline,0
4105,14,baseline,0
4106,14,baseline,0
4107,14,baseline,0
4108,14,baseline,0
4109,14,baseline,0
4110,14,baseline,0
4111,14,baseline,0
4112,14,baseline,0
4113,14,baseline,1
4114,14,baseline,0
4115,14,baseline,0
4116,14,baseline,0
4117,14,baseline,0
4118,14,baseline,0
4119,14,baseline,0
4120,14,baseline,1
4121,14,baseline,0
4122,14,baseline,0
4123,14,baseline,0
4124,14,baseline,0
4125,14,baseline,1
4126,14,baseline,0
4127,14,baseline,0
4128,14,baseline,0
4129,14,baseline,1
4130,14,baseline,0
4131,14,baseline,1
4132,14,baseline,0
4133,14,baseline,1
4134,14,baseline,0
4135,14,baseline,0
4136,14,baseline,0
4137,14,baseline,0
4138,14,baseline,0
4139,14,baseline,0
4140,14,baseline,0
4141,14,baseline,0
4142,14,baseline,0
4143,14,baseline,0
4144,14,baseline,0
4145,14,baseline,0
4146,14,baseline,0
4147,14,baseline,0
4148,14,baseline,1
4149,14,baseline,0
4150,14,baseline,0
4151,14,baseline,0
4152,14,baseline,1
4153,14,baseline,0
4154,14,baseline,0
4155,14,baseline,0
4156,14,baseline,1
4157,14,baseline,0
4158,14,baseline,1
4159,14,baseline,0
4160,14,baseline,0
4161,14,baseline,0
4162,14,baseline,0
4163,14,baseline,0
4164,14,baseline,0
4165,14,baseline,0
4166,14,baseline,1
4167,14,baseline,0
4168,14,baseline,0
4169,14,baseline,0
4170,14,baseline,0
4171,14,baseline,0
4172,14,baseline,1
4173,14,baseline,0
4174,14,baseline,0
4175,14,baseline,0
4176,14,baseline,0
4177,14,baseline,0
4178,14,baseline,0
4179,14,baseline,0
4180,14,baseline,0
4181,14,baseline,0
4182,14,baseline,0
4183,14,baseline,0
4184,14,baseline,0
4185,14,baseline,0
4186,14,baseline,0
4187,14,baseline,0
4188,14,baseline,0
4189,14,baseline,0
4190,14,baseline,0
4191,14,baseline,0
4192,14,baseline,0
4193,14,baseline,0
4194,14,baseline,0
4195,14,baseline,0
4196,14,baseline,0
4197,14,baseline,0
4198,14,baseline,0
4199,14,baseline,0
4200,14,baseline,0
4201,15,bandit,0
4202,15,bandit,0
4203,15,bandit,0
4204,15,bandit,0
4205,15,bandit,0
4206,15,bandit,0
4207,15,bandit,0
4208,15,bandit,0
4209,15,bandit,0
4210,15,bandit,0
4211,15,bandit,0
4212,15,bandit,0
4213,15,bandit,1
4214,15,bandit,1
4215,15,bandit,0
4216,15,bandit,0
4217,15,bandit,0
4218,15,bandit,0
4219,15,bandit,0
4220,15,bandit,0
4221,15,bandit,0
4222,15,bandit,0
4223,15,bandit,1
4224,15,bandit,1
4225,15,bandit,0
4226,15,bandit,0
4227,15,bandit,0
4228,15,bandit,0
4229,15,bandit,0
4230,15,bandit,0
4231,15,bandit,0
4232,15,bandit,0
4233,15,bandit,0
4234,15,bandit,0
4235,15,bandit,0
4236,15,bandit,1
4237,15,bandit,0
4238,15,bandit,1
4239,15,bandit,0
4240,15,bandit,0
4241,15,bandit,0
4242,15,bandit,0
4243,15,bandit,0
4244,15,bandit,0
4245,15,bandit,0
4246,15,bandit,0
4247,15,bandit,0
4248,15,bandit,1
4249,15,bandit,0
4250,15,bandit,0
4251,15,bandit,0
4252,15,bandit,0
4253,15,bandit,0
4254,15,bandit,0
4255,15,bandit,0
4256,15,bandit,1
4257,15,bandit,0
4258,15,bandit,0
4259,15,bandit,0
4260,15,bandit,0
4261,15,bandit,0
4262,15,bandit,0
4263,15,bandit,0
4264,15,bandit,0
4265,15,bandit,0
4266,15,bandit,0
4267,15,bandit,0
4268,15,bandit,0
4269,15,bandit,0
4270,15,bandit,0
4271,15,bandit,0
4272,15,bandit,0
4273,15,bandit,0
4274,15,bandit,0
4275,15,bandit,0
4276,15,bandit,0
4277,15,bandit,1
4278,15,bandit,0
4279,15,bandit,0
4280,15,bandit,0
4281,15,bandit,0
4282,15,bandit,0
4283,15,bandit,0
4284,15,bandit,0
4285,15,bandit,0
4286,15,bandit,0
4287,15,bandit,0
4288,15,bandit,0
4289,15,bandit,0
4290,15,bandit,0
4291,15,bandit,1
4292,15,bandit,0
4293,15,bandit,0
4294,15,bandit,0
4295,15,bandit,0
4296,15,bandit,0
4297,15,bandit,0
4298,15,bandit,0
4299,15,bandit,0
4300,15,bandit,0
4301,15,bandit,0
4302,15,bandit,0
4303,15,bandit,0
4304,15,bandit,0
4305,15,bandit,0
4306,15,bandit,0
4307,15,bandit,0
4308,15,bandit,0
4309,15,bandit,0
4310,15,bandit,0
4311,15,bandit,0
4312,15,bandit,0
4313,15,bandit,0
4314,15,bandit,0
4315,15,bandit,0
4316,15,bandit,0
4317,15,bandit,0
4318,15,bandit,0
4319,15,bandit,0
4320,15,bandit,1
4321,15,bandit,0
4322,15,bandit,0
4323,15,bandit,0
4324,15,bandit,0
4325,15,bandit,0
4326,15,bandit,0
4327,15,bandit,0
4328,15,bandit,0
4329,15,bandit,0
4330,15,bandit,0
4331,15,bandit,1
4332,15,bandit,0
4333,15,bandit,0
4334,15,bandit,0
4335,15,bandit,0
4336,15,bandit,0
4337,15,bandit,0
4338,15,bandit,0
4339,15,bandit,0
4340,15,bandit,0
4341,15,bandit,0
4342,15,bandit,0
4343,15,bandit,0
4344,15,bandit,0
4345,15,bandit,0
4346,15,bandit,0
4347,15,bandit,0
4348,15,bandit,0
4349,15,bandit,0
4350,15,bandit,0
4351,15,baseline,0
4352,15,baseline,0
4353,15,baseline,0
4354,15,baseline,1
4355,15,baseline,0
4356,15,baseline,0
4357,15,baseline,0
4358,15,baseline,0
4359,15,baseline,0
4360,15,baseline,0
4361,15,baseline,0
4362,15,baseline,0
4363,15,baseline,0
4364,15,baseline,0
4365,15,baseline,0
4366,15,baseline,0
4367,15,baseline,0
4368,15,baseline,0
4369,15,baseline,0
4370,15,baseline,0
4371,15,baseline,0
4372,15,baseline,0
4373,15,baseline,0
4374,15,baseline,0
4375,15,baseline,0
4376,15,baseline,0
4377,15,baseline,0
4378,15,baseline,0
4379,15,baseline,0
4380,15,baseline,0
4381,15,baseline,0
4382,15,baseline,0
4383,15,baseline,0
4384,15,baseline,0
4385,15,baseline,0
4386,15,baseline,0
4387,15,baseline,0
4388,15,baseline,0
4389,15,baseline,0
4390,15,baseline,0
4391,15,baseline,1
4392,15,baseline,0
4393,15,baseline,0
4394,15,baseline,0
4395,15,baseline,0
4396,15,baseline,0
4397,15,baseline,0
4398,15,baseline,0
4399,15,baseline,0
4400,15,baseline,0
4401,15,baseline,0
4402,15,baseline,0
4403,15,baseline,0
4404,15,baseline,0
4405,15,baseline,0
4406,15,baseline,0
4407,15,baseline,0
4408,15,baseline,0
4409,15,baseline,0
4410,15,baseline,0
4411,15,baseline,0
4412,15,baseline,0
4413,15,baseline,0
4414,15,baseline,0
4415,15,baseline,0
4416,15,baseline,0
4417,15,baseline,1
4418,15,baseline,0
4419,15,baseline,0
4420,15,baseline,0
4421,15,baseline,0
4422,15,baseline,0
4423,15,baseline,0
4424,15,baseline,0
4425,15,baseline,0
4426,15,baseline,0
4427,15,baseline,0
4428,15,baseline,0
4429,15,baseline,0
4430,15,baseline,0
4431,15,baseline,0
4432,15,baseline,0
4433,15,baseline,0
4434,15,baseline,0
4435,15,baseline,0
4436,15,baseline,0
4437,15,baseline,0
4438,15,baseline,0
4439,15,baseline,0
4440,15,baseline,0
4441,15,baseline,1
4442,15,baseline,0
4443,15,baseline,0
4444,15,baseline,0
4445,15,baseline,0
4446,15,baseline,0
4447,15,baseline,0
4448,15,baseline,1
4449,15,baseline,0
4450,15,baseline,0
4451,15,baseline,0
4452,15,baseline,0
4453,15,baseline,0
4454,15,baseline,0
4455,15,baseline,0
4456,15,baseline,0
4457,15,baseline,0
4458,15,baseline,0
4459,15,baseline,1
4460,15,baseline,0
4461,15,baseline,0
4462,15,baseline,0
4463,15,baseline,0
4464,15,baseline,0
4465,15,baseline,0
4466,15,baseline,0
4467,15,baseline,0
4468,15,baseline,0
4469,15,baseline,0
4470,15,baseline,0
4471,15,baseline,0
4472,15,baseline,0
4473,15,baseline,0
4474,15,baseline,0
4475,15,baseline,0
4476,15,baseline,1
4477,15,baseline,0
4478,15,baseline,0
4479,15,baseline,1
4480,15,baseline,0
4481,15,baseline,0
4482,15,baseline,0
4483,15,baseline,0
4484,15,baseline,0
4485,15,baseline,0
4486,15,baseline,0
4487,15,baseline,0
4488,15,baseline,0
4489,15,baseline,0
4490,15,baseline,0
4491,15,baseline,0
4492,15,baseline,0
4493,15,baseline,0
4494,15,baseline,0
4495,15,baseline,0
4496,15,baseline,0
4497,15,baseline,0
4498,15,baseline,0
4499,15,baseline,0
4500,15,baseline,0
4501,16,bandit,0
4502,16,bandit,0
4503,16,bandit,0
4504,16,bandit,0
4505,16,bandit,0
4506,16,bandit,0
4507,16,bandit,0
4508,16,bandit,0
4509,16,bandit,0
4510,16,bandit,0
4511,16,bandit,0
4512,16,bandit,1
4513,16,bandit,0
4514,16,bandit,0
4515,16,bandit,0
4516,16,bandit,0
4517,16,bandit,0
4518,16,bandit,1
4519,16,bandit,0
4520,16,bandit,0
4521,16,bandit,0
4522,16,bandit,0
4523,16,bandit,0
4524,16,bandit,0
4525,16,bandit,0
4526,16,bandit,0
4527,16,bandit,0
4528,16,bandit,0
4529,16,bandit,0
4530,16,bandit,0
4531,16,bandit,0
4532,16,bandit,0
4533,16,bandit,0
4534,16,bandit,1
4535,16,bandit,1
4536,16,bandit,0
4537,16,bandit,0
4538,16,bandit,0
4539,16,bandit,0
4540,16,bandit,0
4541,16,bandit,0
4542,16,bandit,0
4543,16,bandit,0
4544,16,bandit,0
4545,16,bandit,0
4546,16,bandit,0
4547,16,bandit,0
4548,16,bandit,0
4549,16,bandit,0
4550,16,bandit,0
4551,16,bandit,0
4552,16,bandit,0
4553,16,bandit,1
4554,16,bandit,0
4555,16,bandit,0
4556,16,bandit,0
4557,16,bandit,0
4558,16,bandit,0
4559,16,bandit,0
4560,16,bandit,0
4561,16,bandit,0
4562,16,bandit,0
4563,16,bandit,0
4564,16,bandit,1
4565,16,bandit,0
4566,16,bandit,0
4567,16,bandit,0
4568,16,bandit,0
4569,16,bandit,0
4570,16,bandit,0
4571,16,bandit,0
4572,16,bandit,0
4573,16,bandit,0
4574,16,bandit,0
4575,16,bandit,0
4576,16,bandit,0
4577,16,bandit,0
4578,16,bandit,0
4579,16,bandit,0
4580,16,bandit,0
4581,16,bandit,0
4582,16,bandit,0
4583,16,bandit,1
4584,16,bandit,0
4585,16,bandit,0
4586,16,bandit,0
4587,16,bandit,0
4588,16,bandit,0
4589,16,bandit,0
4590,16,bandit,0
4591,16,bandit,0
4592,16,bandit,0
4593,16,bandit,0
4594,16,bandit,0
4595,16,bandit,1
4596,16,bandit,0
4597,16,bandit,0
4598,16,bandit,0
4599,16,bandit,1
4600,16,bandit,1
4601,16,bandit,0
4602,16,bandit,0
4603,16,bandit,0
4604,16,bandit,0
4605,16,bandit,0
4606,16,bandit,0
4607,16,bandit,0
4608,16,bandit,0
4609,16,bandit,0
4610,16,bandit,0
4611,16,bandit,0
4612,16,bandit,0
4613,16,bandit,0
4614,16,bandit,0
4615,16,bandit,0
4616,16,bandit,0
4617,16,bandit,0
4618,16,bandit,0
4619,16,bandit,1
4620,16,bandit,0
4621,16,bandit,0
4622,16,bandit,0
4623,16,bandit,0
4624,16,bandit,0
4625,16,bandit,0
4626,16,bandit,0
4627,16,bandit,0
4628,16,bandit,0
4629,16,bandit,1
4630,16,bandit,0
4631,16,bandit,0
4632,16,bandit,0
4633,16,bandit,0
4634,16,bandit,0
4635,16,bandit,0
4636,16,bandit,0
4637,16,bandit,0
4638,16,bandit,0
4639,16,bandit,0
4640,16,bandit,0
4641,16,bandit,0
4642,16,bandit,0
4643,16,bandit,0
4644,16,bandit,0
4645,16,bandit,0
4646,16,bandit,0
4647,16,bandit,0
4648,16,bandit,0
4649,16,bandit,0
4650,16,bandit,0
4651,16,baseline,0
4652,16,baseline,0
4653,16,baseline,0
4654,16,baseline,0
4655,16,baseline,0
4656,16,baseline,0
4657,16,baseline,0
4658,16,baseline,0
4659,16,baseline,0
4660,16,baseline,0
4661,16,baseline,0
4662,16,baseline,0
4663,16,baseline,0
4664,16,baseline,0
4665,16,baseline,0
4666,16,baseline,0
4667,16,baseline,0
4668,16,baseline,0
4669,16,baseline,0
4670,16,baseline,1
4671,16,baseline,0
4672,16,baseline,0
4673,16,baseline,0
4674,16,baseline,0
4675,16,baseline,0
4676,16,baseline,0
4677,16,baseline,0
4678,16,baseline,0
4679,16,baseline,0
4680,16,baseline,0
4681,16,baseline,0
4682,16,baseline,0
4683,16,baseline,0
4684,16,baseline,0
4685,16,baseline,0
4686,16,baseline,0
4687,16,baseline,1
4688,16,baseline,0
4689,16,baseline,0
4690,16,baseline,0
4691,16,baseline,0
4692,16,baseline,0
4693,16,baseline,0
4694,16,baseline,0
4695,16,baseline,0
4696,16,baseline,0
4697,16,baseline,0
4698,16,baseline,0
4699,16,baseline,0
4700,16,baseline,0
4701,16,baseline,0
4702,16,baseline,0
4703,16,baseline,0
4704,16,baseline,0
4705,16,baseline,0
4706,16,baseline,0
4707,16,baseline,0
4708,16,baseline,0
4709,16,baseline,0
4710,16,baseline,1
4711,16,baseline,0
4712,16,baseline,0
4713,16,baseline,0
4714,16,baseline,0
4715,16,baseline,0
4716,16,baseline,0
4717,16,baseline,0
4718,16,baseline,0
4719,16,baseline,0
4720,16,baseline,1
4721,16,baseline,0
4722,16,baseline,0
4723,16,baseline,0
4724,16,baseline,0
4725,16,baseline,0
4726,16,baseline,0
4727,16,baseline,1
4728,16,baseline,0
4729,16,baseline,0
4730,16,baseline,0
4731,16,baseline,0
4732,16,baseline,0
4733,16,baseline,0
4734,16,baseline,0
4735,16,baseline,0
4736,16,baseline,0
4737,16,baseline,0
4738,16,baseline,1
4739,16,baseline,0
4740,16,baseline,0
4741,16,baseline,0
4742,16,baseline,0
4743,16,baseline,0
4744,16,baseline,0
4745,16,baseline,0
4746,16,baseline,0
4747,16,baseline,0
4748,16,baseline,0
4749,16,baseline,0
4750,16,baseline,0
4751,16,baseline,0
4752,16,baseline,0
4753,16,baseline,0
4754,16,baseline,0
4755,16,baseline,0
4756,16,baseline,0
4757,16,baseline,0
4758,16,baseline,0
4759,16,baseline,0
4760,16,baseline,0
4761,16,baseline,0
4762,16,baseline,0
4763,16,baseline,0
4764,16,baseline,0
4765,16,baseline,0
4766,16,baseline,0
4767,16,baseline,0
4768,16,baseline,0
4769,16,baseline,0
4770,16,baseline,0
4771,16,baseline,0
4772,16,baseline,0
4773,16,baseline,0
4774,16,baseline,0
4775,16,baseline,0
4776,16,baseline,1
4777,16,baseline,1
4778,16,baseline,0
4779,16,baseline,0
4780,16,baseline,0
4781,16,baseline,0
4782,16,baseline,0
4783,16,baseline,0
4784,16,baseline,0
4785,16,baseline,0
4786,16,baseline,0
4787,16,baseline,0
4788,16,baseline,0
4789,16,baseline,0
4790,16,baseline,0
4791,16,baseline,0
4792,16,baseline,0
4793,16,baseline,0
4794,16,baseline,0
4795,16,baseline,0
4796,16,baseline,0
4797,16,baseline,0
4798,16,baseline,1
4799,16,baseline,1
4800,16,baseline,1
4801,17,bandit,0
4802,17,bandit,0
4803,17,bandit,0
4804,17,bandit,0
4805,17,bandit,0
4806,17,bandit,0
4807,17,bandit,0
4808,17,bandit,0
4809,17,bandit,1
4810,17,bandit,1
4811,17,bandit,0
4812,17,bandit,0
4813,17,bandit,0
4814,17,bandit,1
4815,17,bandit,0
4816,17,bandit,0
4817,17,bandit,0
4818,17,bandit,0
4819,17,bandit,0
4820,17,bandit,0
4821,17,bandit,0
4822,17,bandit,0
4823,17,bandit,0
4824,17,bandit,0
4825,17,bandit,0
4826,17,bandit,0
4827,17,bandit,1
4828,17,bandit,0
4829,17,bandit,0
4830,17,bandit,0
4831,17,bandit,1
4832,17,bandit,0
4833,17,bandit,0
4834,17,bandit,0
4835,17,bandit,0
4836,17,bandit,0
4837,17,bandit,0
4838,17,bandit,0
4839,17,bandit,0
4840,17,bandit,0
4841,17,bandit,1
4842,17,bandit,0
4843,17,bandit,0
4844,17,bandit,0
4845,17,bandit,0
4846,17,bandit,0
4847,17,bandit,0
4848,17,bandit,0
4849,17,bandit,0
4850,17,bandit,0
4851,17,bandit,0
4852,17,bandit,0
4853,17,bandit,0
4854,17,bandit,0
4855,17,bandit,0
4856,17,bandit,0
4857,17,bandit,0
4858,17,bandit,0
4859,17,bandit,0
4860,17,bandit,0
4861,17,bandit,0
4862,17,bandit,0
4863,17,bandit,0
4864,17,bandit,0
4865,17,bandit,0
4866,17,bandit,0
4867,17,bandit,0
4868,17,bandit,0
4869,17,bandit,0
4870,17,bandit,0
4871,17,bandit,0
4872,17,bandit,0
4873,17,bandit,1
4874,17,bandit,1
4875,17,bandit,0
4876,17,bandit,0
4877,17,bandit,0
4878,17,bandit,0
4879,17,bandit,0
4880,17,bandit,0
4881,17,bandit,0
4882,17,bandit,0
4883,17,bandit,0
4884,17,bandit,0
4885,17,bandit,0
4886,17,bandit,0
4887,17,bandit,0
4888,17,bandit,1
4889,17,bandit,0
4890,17,bandit,1
4891,17,bandit,0
4892,17,bandit,0
4893,17,bandit,1
4894,17,bandit,0
4895,17,bandit,0
4896,17,bandit,0
4897,17,bandit,0
4898,17,bandit,0
4899,17,bandit,0
4900,17,bandit,0
4901,17,bandit,0
4902,17,bandit,0
4903,17,bandit,0
4904,17,bandit,0
4905,17,bandit,0
4906,17,bandit,0
4907,17,bandit,0
4908,17,bandit,0
4909,17,bandit,1
4910,17,bandit,0
4911,17,bandit,0
4912,17,bandit,0
4913,17,bandit,0
4914,17,bandit,0
4915,17,bandit,0
4916,17,bandit,0
4917,17,bandit,0
4918,17,bandit,0
4919,17,bandit,0
4920,17,bandit,0
4921,17,bandit,1
4922,17,bandit,0
4923,17,bandit,0
4924,17,bandit,0
4925,17,bandit,0
4926,17,bandit,0
4927,17,bandit,0
4928,17,bandit,0
4929,17,bandit,0
4930,17,bandit,0
4931,17,bandit,0
4932,17,bandit,1
4933,17,bandit,0
4934,17,bandit,0
4935,17,bandit,0
4936,17,bandit,0
4937,17,bandit,0
4938,17,bandit,0
4939,17,bandit,0
4940,17,bandit,0
4941,17,bandit,0
4942,17,bandit,0
4943,17,bandit,0
4944,17,bandit,0
4945,17,bandit,0
4946,17,bandit,0
4947,17,bandit,1
4948,17,bandit,0
4949,17,bandit,0
4950,17,bandit,0
4951,17,baseline,0
4952,17,baseline,0
4953,17,baseline,0
4954,17,baseline,0
4955,17,baseline,0
4956,17,baseline,0
4957,17,baseline,0
4958,17,baseline,1
4959,17,baseline,0
4960,17,baseline,0
4961,17,baseline,0
4962,17,baseline,0
4963,17,baseline,1
4964,17,baseline,1
4965,17,baseline,1
4966,17,baseline,0
4967,17,baseline,1
4968,17,baseline,0
4969,17,baseline,0
4970,17,baseline,0
4971,17,baseline,0
4972,17,baseline,0
4973,17,baseline,0
4974,17,baseline,0
4975,17,baseline,0
4976,17,baseline,0
4977,17,baseline,0
4978,17,baseline,0
4979,17,baseline,0
4980,17,baseline,0
4981,17,baseline,0
4982,17,baseline,0
4983,17,baseline,0
4984,17,baseline,1
4985,17,baseline,0
4986,17,baseline,0
4987,17,baseline,0
4988,17,baseline,0
4989,17,baseline,0
4990,17,baseline,0
4991,17,baseline,0
4992,17,baseline,1
4993,17,baseline,0
4994,17,baseline,0
4995,17,baseline,0
4996,17,baseline,0
4997,17,baseline,0
4998,17,baseline,1
4999,17,baseline,0
5000,17,baseline,0
5001,17,baseline,0
5002,17,baseline,0
5003,17,baseline,0
5004,17,baseline,0
5005,17,baseline,0
5006,17,baseline,0
5007,17,baseline,0
5008,17,baseline,0
5009,17,baseline,0
5010,17,baseline,0
5011,17,baseline,0
5012,17,baseline,0
5013,17,baseline,0
5014,17,baseline,0
5015,17,baseline,1
5016,17,baseline,0
5017,17,baseline,0
5018,17,baseline,0
5019,17,baseline,0
5020,17,baseline,0
5021,17,baseline,0
5022,17,baseline,0
5023,17,baseline,1
5024,17,baseline,0
5025,17,baseline,0
5026,17,baseline,0
5027,17,baseline,0
5028,17,baseline,0
5029,17,baseline,0
5030,17,baseline,0
5031,17,baseline,0
5032,17,baseline,0
5033,17,baseline,0
5034,17,baseline,1
5035,17,baseline,0
5036,17,baseline,0
5037,17,baseline,0
5038,17,baseline,0
5039,17,baseline,0
5040,17,baseline,0
5041,17,baseline,0
5042,17,baseline,0
5043,17,baseline,0
5044,17,baseline,0
5045,17,baseline,0
5046,17,baseline,0
5047,17,baseline,0
5048,17,baseline,0
5049,17,baseline,0
5050,17,baseline,0
5051,17,baseline,0
5052,17,baseline,0
5053,17,baseline,0
5054,17,baseline,0
5055,17,baseline,1
5056,17,baseline,0
5057,17,baseline,0
5058,17,baseline,0
5059,17,baseline,0
5060,17,baseline,0
5061,17,baseline,1
5062,17,baseline,0
5063,17,baseline,0
5064,17,baseline,0
5065,17,baseline,1
5066,17,baseline,0
5067,17,baseline,0
5068,17,baseline,0
5069,17,baseline,0
5070,17,baseline,0
5071,17,baseline,1
5072,17,baseline,0
5073,17,baseline,0
5074,17,baseline,0
5075,17,baseline,1
5076,17,baseline,0
5077,17,baseline,0
5078,17,baseline,0
5079,17,baseline,0
5080,17,baseline,0
5081,17,baseline,0
5082,17,baseline,0
5083,17,baseline,0
5084,17,baseline,0
5085,17,baseline,0
5086,17,baseline,0
5087,17,baseline,0
5088,17,baseline,0
5089,17,baseline,0
5090,17,baseline,0
5091,17,baseline,0
5092,17,baseline,0
5093,17,baseline,0
5094,17,baseline,0
5095,17,baseline,0
5096,17,baseline,0
5097,17,baseline,0
5098,17,baseline,0
5099,17,baseline,0
5100,17,baseline,0
5101,18,bandit,1
5102,18,bandit,0
5103,18,bandit,0
5104,18,bandit,0
5105,18,bandit,0
5106,18,bandit,0
5107,18,bandit,0
5108,18,bandit,0
5109,18,bandit,0
5110,18,bandit,0
5111,18,bandit,0
5112,18,bandit,0
5113,18,bandit,0
5114,18,bandit,0
5115,18,bandit,0
5116,18,bandit,0
5117,18,bandit,0
5118,18,bandit,0
5119,18,bandit,0
5120,18,bandit,0
5121,18,bandit,0
5122,18,bandit,0
5123,18,bandit,0
5124,18,bandit,0
5125,18,bandit,0
5126,18,bandit,0
5127,18,bandit,0
5128,18,bandit,0
5129,18,bandit,0
5130,18,bandit,0
5131,18,bandit,0
5132,18,bandit,0
5133,18,bandit,0
5134,18,bandit,0
5135,18,bandit,0
5136,18,bandit,1
5137,18,bandit,0
5138,18,bandit,0
5139,18,bandit,0
5140,18,bandit,1
5141,18,bandit,0
5142,18,bandit,0
5143,18,bandit,0
5144,18,bandit,0
5145,18,bandit,0
5146,18,bandit,0
5147,18,bandit,0
5148,18,bandit,0
5149,18,bandit,0
5150,18,bandit,0
5151,18,bandit,0
5152,18,bandit,1
5153,18,bandit,0
5154,18,bandit,0
5155,18,bandit,0
5156,18,bandit,0
5157,18,bandit,0
5158,18,bandit,0
5159,18,bandit,0
5160,18,bandit,0
5161,18,bandit,0
5162,18,bandit,0
5163,18,bandit,0
5164,18,bandit,0
5165,18,bandit,0
5166,18,bandit,0
5167,18,bandit,0
5168,18,bandit,0
5169,18,bandit,0
5170,18,bandit,0
5171,18,bandit,0
5172,18,bandit,0
5173,18,bandit,0
5174,18,bandit,0
5175,18,bandit,0
5176,18,bandit,0
5177,18,bandit,0
5178,18,bandit,0
5179,18,bandit,0
5180,18,bandit,0
5181,18,bandit,0
5182,18,bandit,0
5183,18,bandit,0
5184,18,bandit,0
5185,18,bandit,0
5186,18,bandit,0
5187,18,bandit,0
5188,18,bandit,0
5189,18,bandit,0
5190,18,bandit,0
5191,18,bandit,0
5192,18,bandit,0
5193,18,bandit,0
5194,18,bandit,0
5195,18,bandit,0
5196,18,bandit,0
5197,18,bandit,0
5198,18,bandit,0
5199,18,bandit,0
5200,18,bandit,0
5201,18,bandit,1
5202,18,bandit,0
5203,18,bandit,0
5204,18,bandit,0
5205,18,bandit,0
5206,18,bandit,0
5207,18,bandit,0
5208,18,bandit,0
5209,18,bandit,0
5210,18,bandit,1
5211,18,bandit,0
5212,18,bandit,0
5213,18,bandit,0
5214,18,bandit,0
5215,18,bandit,0
5216,18,bandit,0
5217,18,bandit,0
5218,18,bandit,0
5219,18,bandit,0
5220,18,bandit,0
5221,18,bandit,0
5222,18,bandit,0
5223,18,bandit,1
5224,18,bandit,0
5225,18,bandit,0
5226,18,bandit,0
5227,18,bandit,0
5228,18,bandit,0
5229,18,bandit,0
5230,18,bandit,0
5231,18,bandit,0
5232,18,bandit,0
5233,18,bandit,0
5234,18,bandit,0
5235,18,bandit,0
5236,18,bandit,0
5237,18,bandit,0
5238,18,bandit,0
5239,18,bandit,0
5240,18,bandit,0
5241,18,bandit,1
5242,18,bandit,0
5243,18,bandit,0
5244,18,bandit,0
5245,18,bandit,1
5246,18,bandit,0
5247,18,bandit,0
5248,18,bandit,0
5249,18,bandit,0
5250,18,bandit,0
5251,18,baseline,0
5252,18,baseline,0
5253,18,baseline,0
5254,18,baseline,0
5255,18,baseline,0
5256,18,baseline,0
5257,18,baseline,0
5258,18,baseline,1
5259,18,baseline,0
5260,18,baseline,0
5261,18,baseline,0
5262,18,baseline,0
5263,18,baseline,0
5264,18,baseline,0
5265,18,baseline,0
5266,18,baseline,0
5267,18,baseline,0
5268,18,baseline,0
5269,18,baseline,0
5270,18,baseline,0
5271,18,baseline,0
5272,18,baseline,0
5273,18,baseline,0
5274,18,baseline,0
5275,18,baseline,0
5276,18,baseline,0
5277,18,baseline,0
5278,18,baseline,0
5279,18,baseline,0
5280,18,baseline,0
5281,18,baseline,0
5282,18,baseline,0
5283,18,baseline,1
5284,18,baseline,0
5285,18,baseline,0
5286,18,baseline,0
5287,18,baseline,0
5288,18,baseline,0
5289,18,baseline,0
5290,18,baseline,0
5291,18,baseline,0
5292,18,baseline,0
5293,18,baseline,0
5294,18,baseline,0
5295,18,baseline,0
5296,18,baseline,0
5297,18,baseline,0
5298,18,baseline,0
5299,18,baseline,0
5300,18,baseline,0
5301,18,baseline,0
5302,18,baseline,0
5303,18,baseline,0
5304,18,baseline,0
5305,18,baseline,0
5306,18,baseline,0
5307,18,baseline,0
5308,18,baseline,0
5309,18,baseline,1
5310,18,baseline,0
5311,18,baseline,0
5312,18,baseline,0
5313,18,baseline,0
5314,18,baseline,0
5315,18,baseline,0
5316,18,baseline,0
5317,18,baseline,0
5318,18,baseline,0
5319,18,baseline,0
5320,18,baseline,0
5321,18,baseline,1
5322,18,baseline,0
5323,18,baseline,1
5324,18,baseline,0
5325,18,baseline,0
5326,18,baseline,0
5327,18,baseline,0
5328,18,baseline,0
5329,18,baseline,0
5330,18,baseline,0
5331,18,baseline,0
5332,18,baseline,0
5333,18,baseline,0
5334,18,baseline,0
5335,18,baseline,0
5336,18,baseline,0
5337,18,baseline,0
5338,18,baseline,0
5339,18,baseline,0
5340,18,baseline,0
5341,18,baseline,0
5342,18,baseline,0
5343,18,baseline,0
5344,18,baseline,0
5345,18,baseline,0
5346,18,baseline,0
5347,18,baseline,0
5348,18,baseline,0
5349,18,baseline,0
5350,18,baseline,0
5351,18,baseline,0
5352,18,baseline,0
5353,18,baseline,0
5354,18,baseline,0
5355,18,baseline,0
5356,18,baseline,0
5357,18,baseline,0
5358,18,baseline,0
5359,18,baseline,0
5360,18,baseline,0
5361,18,baseline,0
5362,18,baseline,0
5363,18,baseline,0
5364,18,baseline,0
5365,18,baseline,0
5366,18,baseline,0
5367,18,baseline,0
5368,18,baseline,0
5369,18,baseline,0
5370,18,baseline,0
5371,18,baseline,0
5372,18,baseline,0
5373,18,baseline,0
5374,18,baseline,0
5375,18,baseline,0
5376,18,baseline,0
5377,18,baseline,0
5378,18,baseline,0
5379,18,baseline,0
5380,18,baseline,0
5381,18,baseline,0
5382,18,baseline,0
5383,18,baseline,0
5384,18,baseline,0
5385,18,baseline,0
5386,18,baseline,0
5387,18,baseline,0
5388,18,baseline,0
5389,18,baseline,0
5390,18,baseline,0
5391,18,baseline,0
5392,18,baseline,0
5393,18,baseline,0
5394,18,baseline,0
5395,18,baseline,0
5396,18,baseline,0
5397,18,baseline,0
5398,18,baseline,0
5399,18,baseline,1
5400,18,baseline,0
5401,19,bandit,0
5402,19,bandit,1
5403,19,bandit,0
5404,19,bandit,0
5405,19,bandit,0
5406,19,bandit,0
5407,19,bandit,0
5408,19,bandit,0
5409,19,bandit,1
5410,19,bandit,0
5411,19,bandit,0
5412,19,bandit,0
5413,19,bandit,0
5414,19,bandit,0
5415,19,bandit,0
5416,19,bandit,0
5417,19,bandit,1
5418,19,bandit,1
5419,19,bandit,0
5420,19,bandit,0
5421,19,bandit,1
5422,19,bandit,0
5423,19,bandit,0
5424,19,bandit,0
5425,19,bandit,0
5426,19,bandit,0
5427,19,bandit,1
5428,19,bandit,0
5429,19,bandit,0
5430,19,bandit,0
5431,19,bandit,0
5432,19,bandit,0
5433,19,bandit,1
5434,19,bandit,0
5435,19,bandit,0
5436,19,bandit,0
5437,19,bandit,0
5438,19,bandit,0
5439,19,bandit,0
5440,19,bandit,0
5441,19,bandit,0
5442,19,bandit,0
5443,19,bandit,0
5444,19,bandit,0
5445,19,bandit,0
5446,19,bandit,0
5447,19,bandit,0
5448,19,bandit,0
5449,19,bandit,0
5450,19,bandit,0
5451,19,bandit,0
5452,19,bandit,0
5453,19,bandit,0
5454,19,bandit,0
5455,19,bandit,0
5456,19,bandit,0
5457,19,bandit,0
5458,19,bandit,0
5459,19,bandit,0
5460,19,bandit,0
5461,19,bandit,0
5462,19,bandit,0
5463,19,bandit,0
5464,19,bandit,0
5465,19,bandit,0
5466,19,bandit,0
5467,19,bandit,0
5468,19,bandit,1
5469,19,bandit,0
5470,19,bandit,0
5471,19,bandit,0
5472,19,bandit,0
5473,19,bandit,0
5474,19,bandit,0
5475,19,bandit,0
5476,19,bandit,0
5477,19,bandit,0
5478,19,bandit,0
5479,19,bandit,0
5480,19,bandit,0
5481,19,bandit,0
5482,19,bandit,0
5483,19,bandit,0
5484,19,bandit,0
5485,19,bandit,1
5486,19,bandit,0
5487,19,bandit,0
5488,19,bandit,0
5489,19,bandit,0
5490,19,bandit,0
5491,19,bandit,0
5492,19,bandit,1
5493,19,bandit,0
5494,19,bandit,0
5495,19,bandit,0
5496,19,bandit,0
5497,19,bandit,0
5498,19,bandit,0
5499,19,bandit,0
5500,19,bandit,0
5501,19,bandit,0
5502,19,bandit,0
5503,19,bandit,0
5504,19,bandit,0
5505,19,bandit,0
5506,19,bandit,0
5507,19,bandit,0
5508,19,bandit,0
5509,19,bandit,0
5510,19,bandit,0
5511,19,bandit,0
5512,19,bandit,0
5513,19,bandit,0
5514,19,bandit,0
5515,19,bandit,0
5516,19,bandit,0
5517,19,bandit,0
5518,19,bandit,0
5519,19,bandit,0
5520,19,bandit,0
5521,19,bandit,0
5522,19,bandit,0
5523,19,bandit,0
5524,19,bandit,0
5525,19,bandit,0
5526,19,bandit,0
5527,19,bandit,0
5528,19,bandit,0
5529,19,bandit,0
5530,19,bandit,0
5531,19,bandit,0
5532,19,bandit,1
5533,19,bandit,0
5534,19,bandit,0
5535,19,bandit,0
5536,19,bandit,0
5537,19,bandit,0
5538,19,bandit,0
5539,19,bandit,0
5540,19,bandit,0
5541,19,bandit,0
5542,19,bandit,0
5543,19,bandit,0
5544,19,bandit,0
5545,19,bandit,0
5546,19,bandit,1
5547,19,bandit,0
5548,19,bandit,0
5549,19,bandit,0
5550,19,bandit,0
5551,19,baseline,0
5552,19,baseline,0
5553,19,baseline,0
5554,19,baseline,0
5555,19,baseline,0
5556,19,baseline,0
5557,19,baseline,0
5558,19,baseline,0
5559,19,baseline,1
5560,19,baseline,0
5561,19,baseline,0
5562,19,baseline,0
5563,19,baseline,0
5564,19,baseline,0
5565,19,baseline,0
5566,19,baseline,0
5567,19,baseline,0
5568,19,baseline,0
5569,19,baseline,0
5570,19,baseline,0
5571,19,baseline,0
5572,19,baseline,0
5573,19,baseline,1
5574,19,baseline,0
5575,19,baseline,1
5576,19,baseline,0
5577,19,baseline,0
5578,19,baseline,0
5579,19,baseline,0
5580,19,baseline,0
5581,19,baseline,0
5582,19,baseline,0
5583,19,baseline,0
5584,19,baseline,0
5585,19,baseline,0
5586,19,baseline,0
5587,19,baseline,0
5588,19,baseline,0
5589,19,baseline,0
5590,19,baseline,0
5591,19,baseline,0
5592,19,baseline,0
5593,19,baseline,0
5594,19,baseline,0
5595,19,baseline,1
5596,19,baseline,0
5597,19,baseline,0
5598,19,baseline,0
5599,19,baseline,0
5600,19,baseline,1
5601,19,baseline,0
5602,19,baseline,0
5603,19,baseline,0
5604,19,baseline,0
5605,19,baseline,0
5606,19,baseline,1
5607,19,baseline,0
5608,19,baseline,0
5609,19,baseline,0
5610,19,baseline,0
5611,19,baseline,0
5612,19,baseline,0
5613,19,baseline,0
5614,19,baseline,0
5615,19,baseline,0
5616,19,baseline,0
5617,19,baseline,0
5618,19,baseline,0
5619,19,baseline,0
5620,19,baseline,0
5621,19,baseline,0
5622,19,baseline,0
5623,19,baseline,0
5624,19,baseline,0
5625,19,baseline,0
5626,19,baseline,0
5627,19,baseline,0
5628,19,baseline,0
5629,19,baseline,1
5630,19,baseline,0
5631,19,baseline,0
5632,19,baseline,0
5633,19,baseline,0
5634,19,baseline,0
5635,19,baseline,0
5636,19,baseline,0
5637,19,baseline,0
5638,19,baseline,0
5639,19,baseline,0
5640,19,baseline,0
5641,19,baseline,0
5642,19,baseline,0
5643,19,baseline,0
5644,19,baseline,0
5645,19,baseline,0
5646,19,baseline,0
5647,19,baseline,0
5648,19,baseline,0
5649,19,baseline,0
5650,19,baseline,0
5651,19,baseline,0
5652,19,baseline,0
5653,19,baseline,1
5654,19,baseline,0
5655,19,baseline,0
5656,19,baseline,0
5657,19,baseline,0
5658,19,baseline,1
5659,19,baseline,0
5660,19,baseline,0
5661,19,baseline,0
5662,19,baseline,0
5663,19,baseline,0
5664,19,baseline,0
5665,19,baseline,0
5666,19,baseline,0
5667,19,baseline,0
5668,19,baseline,1
5669,19,baseline,0
5670,19,baseline,0
5671,19,baseline,0
5672,19,baseline,0
5673,19,baseline,0
5674,19,baseline,0
5675,19,baseline,0
5676,19,baseline,0
5677,19,baseline,0
5678,19,baseline,1
5679,19,baseline,0
5680,19,baseline,0
5681,19,baseline,0
5682,19,baseline,0
5683,19,baseline,0
5684,19,baseline,0
5685,19,baseline,0
5686,19,baseline,0
5687,19,baseline,0
5688,19,baseline,0
5689,19,baseline,0
5690,19,baseline,0
5691,19,baseline,0
5692,19,baseline,0
5693,19,baseline,0
5694,19,baseline,0
5695,19,baseline,0
5696,19,baseline,0
5697,19,baseline,0
5698,19,baseline,0
5699,19,baseline,1
5700,19,baseline,0
5701,20,bandit,0
5702,20,bandit,0
5703,20,bandit,0
5704,20,bandit,0
5705,20,bandit,0
5706,20,bandit,0
5707,20,bandit,0
5708,20,bandit,0
5709,20,bandit,0
5710,20,bandit,0
5711,20,bandit,0
5712,20,bandit,0
5713,20,bandit,0
5714,20,bandit,0
5715,20,bandit,0
5716,20,bandit,0
5717,20,bandit,0
5718,20,bandit,0
5719,20,bandit,0
5720,20,bandit,0
5721,20,bandit,0
5722,20,bandit,0
5723,20,bandit,0
5724,20,bandit,0
5725,20,bandit,0
5726,20,bandit,0
5727,20,bandit,0
5728,20,bandit,0
5729,20,bandit,0
5730,20,bandit,0
5731,20,bandit,0
5732,20,bandit,0
5733,20,bandit,0
5734,20,bandit,0
5735,20,bandit,1
5736,20,bandit,0
5737,20,bandit,0
5738,20,bandit,0
5739,20,bandit,0
5740,20,bandit,0
5741,20,bandit,0
5742,20,bandit,0
5743,20,bandit,0
5744,20,bandit,0
5745,20,bandit,0
5746,20,bandit,0
5747,20,bandit,1
5748,20,bandit,0
5749,20,bandit,0
5750,20,bandit,0
5751,20,bandit,0
5752,20,bandit,1
5753,20,bandit,0
5754,20,bandit,0
5755,20,bandit,0
5756,20,bandit,1
5757,20,bandit,0
5758,20,bandit,1
5759,20,bandit,0
5760,20,bandit,0
5761,20,bandit,0
5762,20,bandit,0
5763,20,bandit,0
5764,20,bandit,0
5765,20,bandit,0
5766,20,bandit,0
5767,20,bandit,0
5768,20,bandit,0
5769,20,bandit,0
5770,20,bandit,1
5771,20,bandit,0
5772,20,bandit,0
5773,20,bandit,0
5774,20,bandit,0
5775,20,bandit,0
5776,20,bandit,0
5777,20,bandit,0
5778,20,bandit,0
5779,20,bandit,0
5780,20,bandit,0
5781,20,bandit,0
5782,20,bandit,1
5783,20,bandit,0
5784,20,bandit,1
5785,20,bandit,0
5786,20,bandit,0
5787,20,bandit,0
5788,20,bandit,0
5789,20,bandit,0
5790,20,bandit,0
5791,20,bandit,0
5792,20,bandit,0
5793,20,bandit,0
5794,20,bandit,0
5795,20,bandit,0
5796,20,bandit,0
5797,20,bandit,0
5798,20,bandit,0
5799,20,bandit,0
5800,20,bandit,0
5801,20,bandit,0
5802,20,bandit,1
5803,20,bandit,0
5804,20,bandit,0
5805,20,bandit,0
5806,20,bandit,1
5807,20,bandit,0
5808,20,bandit,0
5809,20,bandit,0
5810,20,bandit,0
5811,20,bandit,0
5812,20,bandit,0
5813,20,bandit,0
5814,20,bandit,0
5815,20,bandit,0
5816,20,bandit,0
5817,20,bandit,1
5818,20,bandit,0
5819,20,bandit,0
5820,20,bandit,0
5821,20,bandit,0
5822,20,bandit,0
5823,20,bandit,0
5824,20,bandit,0
5825,20,bandit,0
5826,20,bandit,0
5827,20,bandit,0
5828,20,bandit,1
5829,20,bandit,0
5830,20,bandit,0
5831,20,bandit,0
5832,20,bandit,0
5833,20,bandit,0
5834,20,bandit,0
5835,20,bandit,0
5836,20,bandit,1
5837,20,bandit,0
5838,20,bandit,0
5839,20,bandit,0
5840,20,bandit,0
5841,20,bandit,0
5842,20,bandit,1
5843,20,bandit,0
5844,20,bandit,0
5845,20,bandit,0
5846,20,bandit,0
5847,20,bandit,0
5848,20,bandit,0
5849,20,bandit,0
5850,20,bandit,0
5851,20,baseline,1
5852,20,baseline,0
5853,20,baseline,0
5854,20,baseline,0
5855,20,baseline,0
5856,20,baseline,0
5857,20,baseline,0
5858,20,baseline,0
5859,20,baseline,0
5860,20,baseline,0
5861,20,baseline,0
5862,20,baseline,0
5863,20,baseline,0
5864,20,baseline,0
5865,20,baseline,0
5866,20,baseline,0
5867,20,baseline,0
5868,20,baseline,0
5869,20,baseline,0
5870,20,baseline,0
5871,20,baseline,0
5872,20,baseline,0
5873,20,baseline,0
5874,20,baseline,0
5875,20,baseline,0
5876,20,baseline,0
5877,20,baseline,0
5878,20,baseline,0
5879,20,baseline,0
5880,20,baseline,0
5881,20,baseline,0
5882,20,baseline,0
5883,20,baseline,0
5884,20,baseline,0
5885,20,baseline,0
5886,20,baseline,0
5887,20,baseline,0
5888,20,baseline,0
5889,20,baseline,0
5890,20,baseline,0
5891,20,baseline,0
5892,20,baseline,1
5893,20,baseline,0
5894,20,baseline,0
5895,20,baseline,0
5896,20,baseline,0
5897,20,baseline,0
5898,20,baseline,0
5899,20,baseline,0
5900,20,baseline,0
5901,20,baseline,0
5902,20,baseline,0
5903,20,baseline,0
5904,20,baseline,0
5905,20,baseline,0
5906,20,baseline,0
5907,20,baseline,0
5908,20,baseline,1
5909,20,baseline,0
5910,20,baseline,0
5911,20,baseline,0
5912,20,baseline,0
5913,20,baseline,1
5914,20,baseline,0
5915,20,baseline,0
5916,20,baseline,0
5917,20,baseline,1
5918,20,baseline,0
5919,20,baseline,0
5920,20,baseline,0
5921,20,baseline,0
5922,20,baseline,0
5923,20,baseline,0
5924,20,baseline,0
5925,20,baseline,0
5926,20,baseline,0
5927,20,baseline,0
5928,20,baseline,0
5929,20,baseline,0
5930,20,baseline,0
5931,20,baseline,0
5932,20,baseline,0
5933,20,baseline,1
5934,20,baseline,0
5935,20,baseline,0
5936,20,baseline,0
5937,20,baseline,0
5938,20,baseline,1
5939,20,baseline,0
5940,20,baseline,0
5941,20,baseline,0
5942,20,baseline,0
5943,20,baseline,0
5944,20,baseline,0
5945,20,baseline,0
5946,20,baseline,1
5947,20,baseline,0
5948,20,baseline,0
5949,20,baseline,0
5950,20,baseline,0
5951,20,baseline,0
5952,20,baseline,0
5953,20,baseline,0
5954,20,baseline,0
5955,20,baseline,0
5956,20,baseline,0
5957,20,baseline,0
5958,20,baseline,0
5959,20,baseline,0
5960,20,baseline,0
5961,20,baseline,0
5962,20,baseline,0
5963,20,baseline,0
5964,20,baseline,0
5965,20,baseline,0
5966,20,baseline,0
5967,20,baseline,0
5968,20,baseline,0
5969,20,baseline,0
5970,20,baseline,0
5971,20,baseline,0
5972,20,baseline,0
5973,20,baseline,0
5974,20,baseline,0
5975,20,baseline,0
5976,20,baseline,0
5977,20,baseline,0
5978,20,baseline,0
5979,20,baseline,0
5980,20,baseline,0
5981,20,baseline,0
5982,20,baseline,0
5983,20,baseline,0
5984,20,baseline,0
5985,20,baseline,0
5986,20,baseline,0
5987,20,baseline,0
5988,20,baseline,1
5989,20,baseline,0
5990,20,baseline,0
5991,20,baseline,0
5992,20,baseline,0
5993,20,baseline,0
5994,20,baseline,0
5995,20,baseline,0
5996,20,baseline,0
5997,20,baseline,0
5998,20,baseline,0
5999,20,baseline,0
6000,20,baseline,0
6001,21,bandit,0
6002,21,bandit,0
6003,21,bandit,0
6004,21,bandit,0
6005,21,bandit,0
6006,21,bandit,0
6007,21,bandit,0
6008,21,bandit,0
6009,21,bandit,0
6010,21,bandit,0
6011,21,bandit,0
6012,21,bandit,0
6013,21,bandit,0
6014,21,bandit,0
6015,21,bandit,0
6016,21,bandit,0
6017,21,bandit,0
6018,21,bandit,1
6019,21,bandit,0
6020,21,bandit,0
6021,21,bandit,0
6022,21,bandit,0
6023,21,bandit,0
6024,21,bandit,0
6025,21,bandit,0
6026,21,bandit,0
6027,21,bandit,0
6028,21,bandit,0
6029,21,bandit,0
6030,21,bandit,0
6031,21,bandit,0
6032,21,bandit,0
6033,21,bandit,0
6034,21,bandit,0
6035,21,bandit,0
6036,21,bandit,0
6037,21,bandit,0
6038,21,bandit,0
6039,21,bandit,0
6040,21,bandit,0
6041,21,bandit,0
6042,21,bandit,0
6043,21,bandit,0
6044,21,bandit,0
6045,21,bandit,0
6046,21,bandit,0
6047,21,bandit,0
6048,21,bandit,0
6049,21,bandit,0
6050,21,bandit,0
6051,21,bandit,1
6052,21,bandit,0
6053,21,bandit,0
6054,21,bandit,0
6055,21,bandit,0
6056,21,bandit,1
6057,21,bandit,0
6058,21,bandit,0
6059,21,bandit,0
6060,21,bandit,1
6061,21,bandit,0
6062,21,bandit,0
6063,21,bandit,0
6064,21,bandit,0
6065,21,bandit,0
6066,21,bandit,0
6067,21,bandit,0
6068,21,bandit,0
6069,21,bandit,1
6070,21,bandit,0
6071,21,bandit,0
6072,21,bandit,0
6073,21,bandit,0
6074,21,bandit,0
6075,21,bandit,0
6076,21,bandit,0
6077,21,bandit,0
6078,21,bandit,0
6079,21,bandit,0
6080,21,bandit,1
6081,21,bandit,0
6082,21,bandit,0
6083,21,bandit,1
6084,21,bandit,0
6085,21,bandit,0
6086,21,bandit,0
6087,21,bandit,0
6088,21,bandit,0
6089,21,bandit,0
6090,21,bandit,0
6091,21,bandit,0
6092,21,bandit,0
6093,21,bandit,0
6094,21,bandit,0
6095,21,bandit,0
6096,21,bandit,0
6097,21,bandit,0
6098,21,bandit,0
6099,21,bandit,0
6100,21,bandit,0
6101,21,bandit,0
6102,21,bandit,0
6103,21,bandit,0
6104,21,bandit,0
6105,21,bandit,0
6106,21,bandit,0
6107,21,bandit,0
6108,21,bandit,0
6109,21,bandit,0
6110,21,bandit,0
6111,21,bandit,0
6112,21,bandit,0
6113,21,bandit,0
6114,21,bandit,0
6115,21,bandit,0
6116,21,bandit,0
6117,21,bandit,0
6118,21,bandit,0
6119,21,bandit,0
6120,21,bandit,0
6121,21,bandit,0
6122,21,bandit,0
6123,21,bandit,0
6124,21,bandit,0
6125,21,bandit,0
6126,21,bandit,0
6127,21,bandit,0
6128,21,bandit,0
6129,21,bandit,0
6130,21,bandit,0
6131,21,bandit,0
6132,21,bandit,0
6133,21,bandit,0
6134,21,bandit,1
6135,21,bandit,0
6136,21,bandit,0
6137,21,bandit,0
6138,21,bandit,0
6139,21,bandit,0
6140,21,bandit,1
6141,21,bandit,0
6142,21,bandit,0
6143,21,bandit,0
6144,21,bandit,0
6145,21,bandit,0
6146,21,bandit,1
6147,21,bandit,0
6148,21,bandit,0
6149,21,bandit,0
6150,21,bandit,0
6151,21,baseline,0
6152,21,baseline,0
6153,21,baseline,0
6154,21,baseline,0
6155,21,baseline,0
6156,21,baseline,0
6157,21,baseline,0
6158,21,baseline,0
6159,21,baseline,0
6160,21,baseline,0
6161,21,baseline,0
6162,21,baseline,0
6163,21,baseline,0
6164,21,baseline,0
6165,21,baseline,0
6166,21,baseline,1
6167,21,baseline,0
6168,21,baseline,0
6169,21,baseline,0
6170,21,baseline,1
6171,21,baseline,0
6172,21,baseline,0
6173,21,baseline,0
6174,21,baseline,1
6175,21,baseline,0
6176,21,baseline,0
6177,21,baseline,0
6178,21,baseline,0
6179,21,baseline,0
6180,21,baseline,0
6181,21,baseline,0
6182,21,baseline,0
6183,21,baseline,0
6184,21,baseline,0
6185,21,baseline,0
6186,21,baseline,1
6187,21,baseline,0
6188,21,baseline,0
6189,21,baseline,1
6190,21,baseline,0
6191,21,baseline,1
6192,21,baseline,0
6193,21,baseline,0
6194,21,baseline,0
6195,21,baseline,0
6196,21,baseline,0
6197,21,baseline,0
6198,21,baseline,0
6199,21,baseline,0
6200,21,baseline,0
6201,21,baseline,0
6202,21,baseline,1
6203,21,baseline,0
6204,21,baseline,0
6205,21,baseline,0
6206,21,baseline,0
6207,21,baseline,0
6208,21,baseline,0
6209,21,baseline,0
6210,21,baseline,0
6211,21,baseline,0
6212,21,baseline,0
6213,21,baseline,0
6214,21,baseline,0
6215,21,baseline,0
6216,21,baseline,0
6217,21,baseline,0
6218,21,baseline,1
6219,21,baseline,0
6220,21,baseline,0
6221,21,baseline,0
6222,21,baseline,0
6223,21,baseline,0
6224,21,baseline,0
6225,21,baseline,0
6226,21,baseline,0
6227,21,baseline,0
6228,21,baseline,0
6229,21,baseline,0
6230,21,baseline,0
6231,21,baseline,0
6232,21,baseline,0
6233,21,baseline,0
6234,21,baseline,0
6235,21,baseline,0
6236,21,baseline,0
6237,21,baseline,0
6238,21,baseline,0
6239,21,baseline,0
6240,21,baseline,0
6241,21,baseline,0
6242,21,baseline,0
6243,21,baseline,0
6244,21,baseline,0
6245,21,baseline,0
6246,21,baseline,0
6247,21,baseline,1
6248,21,baseline,0
6249,21,baseline,0
6250,21,baseline,0
6251,21,baseline,0
6252,21,baseline,0
6253,21,baseline,0
6254,21,baseline,1
6255,21,baseline,0
6256,21,baseline,0
6257,21,baseline,0
6258,21,baseline,1
6259,21,baseline,0
6260,21,baseline,0
6261,21,baseline,0
6262,21,baseline,0
6263,21,baseline,0
6264,21,baseline,0
6265,21,baseline,0
6266,21,baseline,0
6267,21,baseline,0
6268,21,baseline,0
6269,21,baseline,0
6270,21,baseline,0
6271,21,baseline,0
6272,21,baseline,0
6273,21,baseline,0
6274,21,baseline,0
6275,21,baseline,0
6276,21,baseline,1
6277,21,baseline,0
6278,21,baseline,0
6279,21,baseline,0
6280,21,baseline,0
6281,21,baseline,0
6282,21,baseline,0
6283,21,baseline,0
6284,21,baseline,0
6285,21,baseline,0
6286,21,baseline,0
6287,21,baseline,0
6288,21,baseline,0
6289,21,baseline,0
6290,21,baseline,0
6291,21,baseline,0
6292,21,baseline,0
6293,21,baseline,0
6294,21,baseline,0
6295,21,baseline,0
6296,21,baseline,1
6297,21,baseline,0
6298,21,baseline,0
6299,21,baseline,0
6300,21,baseline,0
6301,22,bandit,0
6302,22,bandit,0
6303,22,bandit,0
6304,22,bandit,0
6305,22,bandit,0
6306,22,bandit,0
6307,22,bandit,0
6308,22,bandit,0
6309,22,bandit,0
6310,22,bandit,0
6311,22,bandit,0
6312,22,bandit,0
6313,22,bandit,1
6314,22,bandit,0
6315,22,bandit,0
6316,22,bandit,0
6317,22,bandit,0
6318,22,bandit,0
6319,22,bandit,0
6320,22,bandit,0
6321,22,bandit,0
6322,22,bandit,0
6323,22,bandit,0
6324,22,bandit,1
6325,22,bandit,1
6326,22,bandit,0
6327,22,bandit,0
6328,22,bandit,0
6329,22,bandit,0
6330,22,bandit,0
6331,22,bandit,0
6332,22,bandit,1
6333,22,bandit,0
6334,22,bandit,0
6335,22,bandit,0
6336,22,bandit,0
6337,22,bandit,1
6338,22,bandit,0
6339,22,bandit,0
6340,22,bandit,0
6341,22,bandit,0
6342,22,bandit,0
6343,22,bandit,0
6344,22,bandit,0
6345,22,bandit,0
6346,22,bandit,0
6347,22,bandit,0
6348,22,bandit,0
6349,22,bandit,0
6350,22,bandit,0
6351,22,bandit,0
6352,22,bandit,0
6353,22,bandit,0
6354,22,bandit,0
6355,22,bandit,0
6356,22,bandit,0
6357,22,bandit,0
6358,22,bandit,1
6359,22,bandit,1
6360,22,bandit,0
6361,22,bandit,0
6362,22,bandit,0
6363,22,bandit,0
6364,22,bandit,0
6365,22,bandit,0
6366,22,bandit,0
6367,22,bandit,0
6368,22,bandit,0
6369,22,bandit,0
6370,22,bandit,0
6371,22,bandit,0
6372,22,bandit,0
6373,22,bandit,0
6374,22,bandit,0
6375,22,bandit,0
6376,22,bandit,0
6377,22,bandit,0
6378,22,bandit,0
6379,22,bandit,0
6380,22,bandit,1
6381,22,bandit,0
6382,22,bandit,0
6383,22,bandit,0
6384,22,bandit,0
6385,22,bandit,0
6386,22,bandit,0
6387,22,bandit,0
6388,22,bandit,0
6389,22,bandit,0
6390,22,bandit,0
6391,22,bandit,1
6392,22,bandit,0
6393,22,bandit,0
6394,22,bandit,0
6395,22,bandit,0
6396,22,bandit,0
6397,22,bandit,0
6398,22,bandit,0
6399,22,bandit,0
6400,22,bandit,0
6401,22,bandit,0
6402,22,bandit,0
6403,22,bandit,0
6404,22,bandit,0
6405,22,bandit,0
6406,22,bandit,0
6407,22,bandit,0
6408,22,bandit,0
6409,22,bandit,0
6410,22,bandit,0
6411,22,bandit,0
6412,22,bandit,0
6413,22,bandit,1
6414,22,bandit,0
6415,22,bandit,0
6416,22,bandit,0
6417,22,bandit,0
6418,22,bandit,0
6419,22,bandit,0
6420,22,bandit,0
6421,22,bandit,0
6422,22,bandit,0
6423,22,bandit,0
6424,22,bandit,0
6425,22,bandit,0
6426,22,bandit,1
6427,22,bandit,0
6428,22,bandit,0
6429,22,bandit,0
6430,22,bandit,0
6431,22,bandit,0
6432,22,bandit,0
6433,22,bandit,0
6434,22,bandit,0
6435,22,bandit,0
6436,22,bandit,0
6437,22,bandit,0
6438,22,bandit,0
6439,22,bandit,1
6440,22,bandit,0
6441,22,bandit,0
6442,22,bandit,0
6443,22,bandit,0
6444,22,bandit,0
6445,22,bandit,0
6446,22,bandit,0
6447,22,bandit,0
6448,22,bandit,0
6449,22,bandit,0
6450,22,bandit,0
6451,22,baseline,0
6452,22,baseline,1
6453,22,baseline,0
6454,22,baseline,0
6455,22,baseline,1
6456,22,baseline,0
6457,22,baseline,0
6458,22,baseline,0
6459,22,baseline,0
6460,22,baseline,0
6461,22,baseline,0
6462,22,baseline,0
6463,22,baseline,0
6464,22,baseline,0
6465,22,baseline,0
6466,22,baseline,0
6467,22,baseline,0
6468,22,baseline,0
6469,22,baseline,0
6470,22,baseline,0
6471,22,baseline,0
6472,22,baseline,0
6473,22,baseline,0
6474,22,baseline,0
6475,22,baseline,0
6476,22,baseline,0
6477,22,baseline,0
6478,22,baseline,0
6479,22,baseline,0
6480,22,baseline,0
6481,22,baseline,0
6482,22,baseline,0
6483,22,baseline,0
6484,22,baseline,0
6485,22,baseline,0
6486,22,baseline,0
6487,22,baseline,0
6488,22,baseline,0
6489,22,baseline,0
6490,22,baseline,0
6491,22,baseline,0
6492,22,baseline,0
6493,22,baseline,0
6494,22,baseline,0
6495,22,baseline,0
6496,22,baseline,0
6497,22,baseline,0
6498,22,baseline,0
6499,22,baseline,0
6500,22,baseline,0
6501,22,baseline,0
6502,22,baseline,1
6503,22,baseline,0
6504,22,baseline,0
6505,22,baseline,1
6506,22,baseline,0
6507,22,baseline,0
6508,22,baseline,0
6509,22,baseline,0
6510,22,baseline,1
6511,22,baseline,0
6512,22,baseline,0
6513,22,baseline,0
6514,22,baseline,0
6515,22,baseline,0
6516,22,baseline,0
6517,22,baseline,0
6518,22,baseline,0
6519,22,baseline,0
6520,22,baseline,0
6521,22,baseline,0
6522,22,baseline,0
6523,22,baseline,0
6524,22,baseline,0
6525,22,baseline,0
6526,22,baseline,0
6527,22,baseline,0
6528,22,baseline,0
6529,22,baseline,0
6530,22,baseline,0
6531,22,baseline,0
6532,22,baseline,0
6533,22,baseline,0
6534,22,baseline,0
6535,22,baseline,0
6536,22,baseline,0
6537,22,baseline,0
6538,22,baseline,0
6539,22,baseline,0
6540,22,baseline,0
6541,22,baseline,0
6542,22,baseline,0
6543,22,baseline,0
6544,22,baseline,0
6545,22,baseline,0
6546,22,baseline,0
6547,22,baseline,0
6548,22,baseline,0
6549,22,baseline,0
6550,22,baseline,0
6551,22,baseline,0
6552,22,baseline,1
6553,22,baseline,0
6554,22,baseline,0
6555,22,baseline,0
6556,22,baseline,0
6557,22,baseline,0
6558,22,baseline,0
6559,22,baseline,0
6560,22,baseline,0
6561,22,baseline,0
6562,22,baseline,1
6563,22,baseline,0
6564,22,baseline,0
6565,22,baseline,0
6566,22,baseline,0
6567,22,baseline,0
6568,22,baseline,0
6569,22,baseline,0
6570,22,baseline,0
6571,22,baseline,0
6572,22,baseline,0
6573,22,baseline,0
6574,22,baseline,0
6575,22,baseline,0
6576,22,baseline,1
6577,22,baseline,0
6578,22,baseline,0
6579,22,baseline,0
6580,22,baseline,0
6581,22,baseline,0
6582,22,baseline,0
6583,22,baseline,0
6584,22,baseline,0
6585,22,baseline,0
6586,22,baseline,1
6587,22,baseline,0
6588,22,baseline,0
6589,22,baseline,0
6590,22,baseline,0
6591,22,baseline,0
6592,22,baseline,0
6593,22,baseline,0
6594,22,baseline,0
6595,22,baseline,0
6596,22,baseline,0
6597,22,baseline,0
6598,22,baseline,0
6599,22,baseline,0
6600,22,baseline,0
6601,23,bandit,0
6602,23,bandit,0
6603,23,bandit,0
6604,23,bandit,0
6605,23,bandit,0
6606,23,bandit,1
6607,23,bandit,1
6608,23,bandit,0
6609,23,bandit,0
6610,23,bandit,0
6611,23,bandit,0
6612,23,bandit,0
6613,23,bandit,0
6614,23,bandit,0
6615,23,bandit,0
6616,23,bandit,1
6617,23,bandit,0
6618,23,bandit,0
6619,23,bandit,0
6620,23,bandit,0
6621,23,bandit,0
6622,23,bandit,0
6623,23,bandit,0
6624,23,bandit,0
6625,23,bandit,0
6626,23,bandit,0
6627,23,bandit,0
6628,23,bandit,0
6629,23,bandit,0
6630,23,bandit,0
6631,23,bandit,0
6632,23,bandit,0
6633,23,bandit,0
6634,23,bandit,0
6635,23,bandit,0
6636,23,bandit,0
6637,23,bandit,0
6638,23,bandit,0
6639,23,bandit,0
6640,23,bandit,1
6641,23,bandit,0
6642,23,bandit,0
6643,23,bandit,0
6644,23,bandit,0
6645,23,bandit,0
6646,23,bandit,0
6647,23,bandit,0
6648,23,bandit,0
6649,23,bandit,0
6650,23,bandit,0
6651,23,bandit,0
6652,23,bandit,0
6653,23,bandit,0
6654,23,bandit,0
6655,23,bandit,1
6656,23,bandit,1
6657,23,bandit,1
6658,23,bandit,0
6659,23,bandit,0
6660,23,bandit,0
6661,23,bandit,0
6662,23,bandit,1
6663,23,bandit,1
6664,23,bandit,0
6665,23,bandit,0
6666,23,bandit,1
6667,23,bandit,0
6668,23,bandit,0
6669,23,bandit,0
6670,23,bandit,0
6671,23,bandit,0
6672,23,bandit,0
6673,23,bandit,0
6674,23,bandit,0
6675,23,bandit,0
6676,23,bandit,0
6677,23,bandit,0
6678,23,bandit,0
6679,23,bandit,0
6680,23,bandit,0
6681,23,bandit,0
6682,23,bandit,0
6683,23,bandit,0
6684,23,bandit,0
6685,23,bandit,0
6686,23,bandit,0
6687,23,bandit,0
6688,23,bandit,0
6689,23,bandit,0
6690,23,bandit,0
6691,23,bandit,0
6692,23,bandit,0
6693,23,bandit,0
6694,23,bandit,1
6695,23,bandit,0
6696,23,bandit,0
6697,23,bandit,0
6698,23,bandit,0
6699,23,bandit,0
6700,23,bandit,0
6701,23,bandit,0
6702,23,bandit,0
6703,23,bandit,0
6704,23,bandit,0
6705,23,bandit,0
6706,23,bandit,0
6707,23,bandit,0
6708,23,bandit,0
6709,23,bandit,0
6710,23,bandit,0
6711,23,bandit,0
6712,23,bandit,0
6713,23,bandit,1
6714,23,bandit,0
6715,23,bandit,0
6716,23,bandit,0
6717,23,bandit,0
6718,23,bandit,0
6719,23,bandit,0
6720,23,bandit,0
6721,23,bandit,0
6722,23,bandit,0
6723,23,bandit,0
6724,23,bandit,0
6725,23,bandit,0
6726,23,bandit,0
6727,23,bandit,0
6728,23,bandit,0
6729,23,bandit,0
6730,23,bandit,0
6731,23,bandit,0
6732,23,bandit,0
6733,23,bandit,0
6734,23,bandit,0
6735,23,bandit,1
6736,23,bandit,0
6737,23,bandit,0
6738,23,bandit,0
6739,23,bandit,0
6740,23,bandit,0
6741,23,bandit,0
6742,23,bandit,0
6743,23,bandit,0
6744,23,bandit,0
6745,23,bandit,0
6746,23,bandit,1
6747,23,bandit,0
6748,23,bandit,0
6749,23,bandit,0
6750,23,bandit,0
6751,23,baseline,0
6752,23,baseline,1
6753,23,baseline,0
6754,23,baseline,0
6755,23,baseline,0
6756,23,baseline,0
6757,23,baseline,0
6758,23,baseline,0
6759,23,baseline,0
6760,23,baseline,0
6761,23,baseline,1
6762,23,baseline,0
6763,23,baseline,0
6764,23,baseline,0
6765,23,baseline,0
6766,23,baseline,0
6767,23,baseline,0
6768,23,baseline,0
6769,23,baseline,0
6770,23,baseline,0
6771,23,baseline,1
6772,23,baseline,0
6773,23,baseline,0
6774,23,baseline,0
6775,23,baseline,0
6776,23,baseline,0
6777,23,baseline,1
6778,23,baseline,1
6779,23,baseline,0
6780,23,baseline,0
6781,23,baseline,0
6782,23,baseline,0
6783,23,baseline,0
6784,23,baseline,0
6785,23,baseline,1
6786,23,baseline,0
6787,23,baseline,0
6788,23,baseline,0
6789,23,baseline,0
6790,23,baseline,0
6791,23,baseline,0
6792,23,baseline,0
6793,23,baseline,0
6794,23,baseline,0
6795,23,baseline,0
6796,23,baseline,0
6797,23,baseline,1
6798,23,baseline,0
6799,23,baseline,0
6800,23,baseline,0
6801,23,baseline,0
6802,23,baseline,0
6803,23,baseline,1
6804,23,baseline,0
6805,23,baseline,0
6806,23,baseline,0
6807,23,baseline,0
6808,23,baseline,0
6809,23,baseline,1
6810,23,baseline,0
6811,23,baseline,0
6812,23,baseline,0
6813,23,baseline,1
6814,23,baseline,0
6815,23,baseline,0
6816,23,baseline,0
6817,23,baseline,1
6818,23,baseline,0
6819,23,baseline,0
6820,23,baseline,0
6821,23,baseline,0
6822,23,baseline,0
6823,23,baseline,0
6824,23,baseline,0
6825,23,baseline,0
6826,23,baseline,0
6827,23,baseline,0
6828,23,baseline,0
6829,23,baseline,0
6830,23,baseline,0
6831,23,baseline,0
6832,23,baseline,0
6833,23,baseline,0
6834,23,baseline,0
6835,23,baseline,0
6836,23,baseline,0
6837,23,baseline,0
6838,23,baseline,0
6839,23,baseline,0
6840,23,baseline,0
6841,23,baseline,0
6842,23,baseline,1
6843,23,baseline,0
6844,23,baseline,0
6845,23,baseline,0
6846,23,baseline,0
6847,23,baseline,0
6848,23,baseline,0
6849,23,baseline,0
6850,23,baseline,0
6851,23,baseline,0
6852,23,baseline,0
6853,23,baseline,0
6854,23,baseline,0
6855,23,baseline,0
6856,23,baseline,0
6857,23,baseline,0
6858,23,baseline,0
6859,23,baseline,0
6860,23,baseline,0
6861,23,baseline,0
6862,23,baseline,0
6863,23,baseline,0
6864,23,baseline,0
6865,23,baseline,0
6866,23,baseline,0
6867,23,baseline,0
6868,23,baseline,0
6869,23,baseline,0
6870,23,baseline,0
6871,23,baseline,0
6872,23,baseline,0
6873,23,baseline,0
6874,23,baseline,0
6875,23,baseline,0
6876,23,baseline,1
6877,23,baseline,1
6878,23,baseline,0
6879,23,baseline,0
6880,23,baseline,0
6881,23,baseline,0
6882,23,baseline,0
6883,23,baseline,0
6884,23,baseline,0
6885,23,baseline,0
6886,23,baseline,0
6887,23,baseline,1
6888,23,baseline,0
6889,23,baseline,1
6890,23,baseline,0
6891,23,baseline,0
6892,23,baseline,0
6893,23,baseline,0
6894,23,baseline,0
6895,23,baseline,0
6896,23,baseline,0
6897,23,baseline,0
6898,23,baseline,0
6899,23,baseline,0
6900,23,baseline,0
6901,24,bandit,0
6902,24,bandit,0
6903,24,bandit,0
6904,24,bandit,1
6905,24,bandit,0
6906,24,bandit,0
6907,24,bandit,0
6908,24,bandit,0
6909,24,bandit,0
6910,24,bandit,0
6911,24,bandit,0
6912,24,bandit,0
6913,24,bandit,0
6914,24,bandit,0
6915,24,bandit,0
6916,24,bandit,0
6917,24,bandit,0
6918,24,bandit,0
6919,24,bandit,0
6920,24,bandit,0
6921,24,bandit,1
6922,24,bandit,0
6923,24,bandit,0
6924,24,bandit,0
6925,24,bandit,0
6926,24,bandit,0
6927,24,bandit,0
6928,24,bandit,0
6929,24,bandit,1
6930,24,bandit,0
6931,24,bandit,0
6932,24,bandit,0
6933,24,bandit,0
6934,24,bandit,1
6935,24,bandit,1
6936,24,bandit,0
6937,24,bandit,0
6938,24,bandit,0
6939,24,bandit,0
6940,24,bandit,0
6941,24,bandit,0
6942,24,bandit,0
6943,24,bandit,0
6944,24,bandit,0
6945,24,bandit,0
6946,24,bandit,0
6947,24,bandit,0
6948,24,bandit,0
6949,24,bandit,0
6950,24,bandit,0
6951,24,bandit,0
6952,24,bandit,0
6953,24,bandit,0
6954,24,bandit,0
6955,24,bandit,0
6956,24,bandit,0
6957,24,bandit,0
6958,24,bandit,0
6959,24,bandit,0
6960,24,bandit,1
6961,24,bandit,0
6962,24,bandit,0
6963,24,bandit,0
6964,24,bandit,0
6965,24,bandit,0
6966,24,bandit,0
6967,24,bandit,0
6968,24,bandit,0
6969,24,bandit,0
6970,24,bandit,0
6971,24,bandit,0
6972,24,bandit,0
6973,24,bandit,0
6974,24,bandit,0
6975,24,bandit,0
6976,24,bandit,0
6977,24,bandit,0
6978,24,bandit,0
6979,24,bandit,0
6980,24,bandit,0
6981,24,bandit,0
6982,24,bandit,0
6983,24,bandit,0
6984,24,bandit,0
6985,24,bandit,0
6986,24,bandit,0
6987,24,bandit,0
6988,24,bandit,0
6989,24,bandit,0
6990,24,bandit,0
6991,24,bandit,0
6992,24,bandit,0
6993,24,bandit,0
6994,24,bandit,0
6995,24,bandit,0
6996,24,bandit,0
6997,24,bandit,0
6998,24,bandit,0
6999,24,bandit,1
7000,24,bandit,0
7001,24,bandit,0
7002,24,bandit,0
7003,24,bandit,0
7004,24,bandit,0
7005,24,bandit,1
7006,24,bandit,0
7007,24,bandit,0
7008,24,bandit,0
7009,24,bandit,1
7010,24,bandit,1
7011,24,bandit,0
7012,24,bandit,0
7013,24,bandit,0
7014,24,bandit,0
7015,24,bandit,0
7016,24,bandit,0
7017,24,bandit,1
7018,24,bandit,0
7019,24,bandit,0
7020,24,bandit,0
7021,24,bandit,0
7022,24,bandit,0
7023,24,bandit,0
7024,24,bandit,0
7025,24,bandit,0
7026,24,bandit,0
7027,24,bandit,0
7028,24,bandit,0
7029,24,bandit,1
7030,24,bandit,1
7031,24,bandit,0
7032,24,bandit,1
7033,24,bandit,0
7034,24,bandit,0
7035,24,bandit,0
7036,24,bandit,0
7037,24,bandit,0
7038,24,bandit,0
7039,24,bandit,0
7040,24,bandit,0
7041,24,bandit,0
7042,24,bandit,0
7043,24,bandit,0
7044,24,bandit,0
7045,24,bandit,0
7046,24,bandit,0
7047,24,bandit,0
7048,24,bandit,0
7049,24,bandit,0
7050,24,bandit,0
7051,24,baseline,0
7052,24,baseline,0
7053,24,baseline,0
7054,24,baseline,0
7055,24,baseline,0
7056,24,baseline,0
7057,24,baseline,0
7058,24,baseline,1
7059,24,baseline,0
7060,24,baseline,1
7061,24,baseline,0
7062,24,baseline,0
7063,24,baseline,0
7064,24,baseline,0
7065,24,baseline,0
7066,24,baseline,0
7067,24,baseline,0
7068,24,baseline,0
7069,24,baseline,0
7070,24,baseline,0
7071,24,baseline,0
7072,24,baseline,0
7073,24,baseline,0
7074,24,baseline,0
7075,24,baseline,0
7076,24,baseline,0
7077,24,baseline,0
7078,24,baseline,1
7079,24,baseline,0
7080,24,baseline,0
7081,24,baseline,0
7082,24,baseline,0
7083,24,baseline,0
7084,24,baseline,0
7085,24,baseline,0
7086,24,baseline,0
7087,24,baseline,0
7088,24,baseline,0
7089,24,baseline,0
7090,24,baseline,0
7091,24,baseline,0
7092,24,baseline,0
7093,24,baseline,0
7094,24,baseline,0
7095,24,baseline,0
7096,24,baseline,0
7097,24,baseline,0
7098,24,baseline,0
7099,24,baseline,1
7100,24,baseline,0
7101,24,baseline,0
7102,24,baseline,0
7103,24,baseline,0
7104,24,baseline,0
7105,24,baseline,0
7106,24,baseline,0
7107,24,baseline,1
7108,24,baseline,0
7109,24,baseline,0
7110,24,baseline,0
7111,24,baseline,0
7112,24,baseline,0
7113,24,baseline,0
7114,24,baseline,0
7115,24,baseline,0
7116,24,baseline,0
7117,24,baseline,0
7118,24,baseline,0
7119,24,baseline,0
7120,24,baseline,0
7121,24,baseline,0
7122,24,baseline,0
7123,24,baseline,0
7124,24,baseline,0
7125,24,baseline,0
7126,24,baseline,1
7127,24,baseline,0
7128,24,baseline,0
7129,24,baseline,0
7130,24,baseline,0
7131,24,baseline,0
7132,24,baseline,0
7133,24,baseline,0
7134,24,baseline,0
7135,24,baseline,1
7136,24,baseline,0
7137,24,baseline,0
7138,24,baseline,0
7139,24,baseline,0
7140,24,baseline,0
7141,24,baseline,0
7142,24,baseline,0
7143,24,baseline,0
7144,24,baseline,0
7145,24,baseline,0
7146,24,baseline,0
7147,24,baseline,0
7148,24,baseline,0
7149,24,baseline,0
7150,24,baseline,0
7151,24,baseline,0
7152,24,baseline,0
7153,24,baseline,0
7154,24,baseline,0
7155,24,baseline,0
7156,24,baseline,0
7157,24,baseline,0
7158,24,baseline,0
7159,24,baseline,0
7160,24,baseline,0
7161,24,baseline,0
7162,24,baseline,0
7163,24,baseline,0
7164,24,baseline,0
7165,24,baseline,0
7166,24,baseline,0
7167,24,baseline,0
7168,24,baseline,0
7169,24,baseline,0
7170,24,baseline,0
7171,24,baseline,0
7172,24,baseline,0
7173,24,baseline,0
7174,24,baseline,0
7175,24,baseline,0
7176,24,baseline,0
7177,24,baseline,0
7178,24,baseline,0
7179,24,baseline,0
7180,24,baseline,0
7181,24,baseline,0
7182,24,baseline,0
7183,24,baseline,0
7184,24,baseline,0
7185,24,baseline,0
7186,24,baseline,0
7187,24,baseline,0
7188,24,baseline,1
7189,24,baseline,0
7190,24,baseline,0
7191,24,baseline,0
7192,24,baseline,0
7193,24,baseline,0
7194,24,baseline,0
7195,24,baseline,1
7196,24,baseline,0
7197,24,baseline,0
7198,24,baseline,0
7199,24,baseline,0
7200,24,baseline,0
7201,25,bandit,0
7202,25,bandit,0
7203,25,bandit,0
7204,25,bandit,0
7205,25,bandit,0
7206,25,bandit,0
7207,25,bandit,0
7208,25,bandit,0
7209,25,bandit,0
7210,25,bandit,0
7211,25,bandit,0
7212,25,bandit,0
7213,25,bandit,0
7214,25,bandit,1
7215,25,bandit,0
7216,25,bandit,0
7217,25,bandit,0
7218,25,bandit,1
7219,25,bandit,1
7220,25,bandit,0
7221,25,bandit,0
7222,25,bandit,0
7223,25,bandit,1
7224,25,bandit,1
7225,25,bandit,0
7226,25,bandit,0
7227,25,bandit,0
7228,25,bandit,1
7229,25,bandit,0
7230,25,bandit,0
7231,25,bandit,0
7232,25,bandit,1
7233,25,bandit,0
7234,25,bandit,1
7235,25,bandit,0
7236,25,bandit,0
7237,25,bandit,0
7238,25,bandit,1
7239,25,bandit,0
7240,25,bandit,0
7241,25,bandit,0
7242,25,bandit,0
7243,25,bandit,0
7244,25,bandit,0
7245,25,bandit,0
7246,25,bandit,0
7247,25,bandit,0
7248,25,bandit,0
7249,25,bandit,0
7250,25,bandit,0
7251,25,bandit,0
7252,25,bandit,0
7253,25,bandit,0
7254,25,bandit,0
7255,25,bandit,0
7256,25,bandit,0
7257,25,bandit,0
7258,25,bandit,0
7259,25,bandit,0
7260,25,bandit,0
7261,25,bandit,0
7262,25,bandit,0
7263,25,bandit,0
7264,25,bandit,0
7265,25,bandit,0
7266,25,bandit,0
7267,25,bandit,0
7268,25,bandit,0
7269,25,bandit,0
7270,25,bandit,0
7271,25,bandit,0
7272,25,bandit,0
7273,25,bandit,0
7274,25,bandit,0
7275,25,bandit,0
7276,25,bandit,0
7277,25,bandit,0
7278,25,bandit,1
7279,25,bandit,1
7280,25,bandit,0
7281,25,bandit,1
7282,25,bandit,0
7283,25,bandit,0
7284,25,bandit,1
7285,25,bandit,1
7286,25,bandit,0
7287,25,bandit,0
7288,25,bandit,0
7289,25,bandit,0
7290,25,bandit,0
7291,25,bandit,0
7292,25,bandit,0
7293,25,bandit,0
7294,25,bandit,0
7295,25,bandit,0
7296,25,bandit,0
7297,25,bandit,0
7298,25,bandit,1
7299,25,bandit,1
7300,25,bandit,0
7301,25,bandit,0
7302,25,bandit,0
7303,25,bandit,1
7304,25,bandit,0
7305,25,bandit,0
7306,25,bandit,0
7307,25,bandit,0
7308,25,bandit,0
7309,25,bandit,0
7310,25,bandit,0
7311,25,bandit,0
7312,25,bandit,0
7313,25,bandit,1
7314,25,bandit,0
7315,25,bandit,0
7316,25,bandit,0
7317,25,bandit,1
7318,25,bandit,0
7319,25,bandit,0
7320,25,bandit,0
7321,25,bandit,0
7322,25,bandit,1
7323,25,bandit,1
7324,25,bandit,0
7325,25,bandit,0
7326,25,bandit,0
7327,25,bandit,0
7328,25,bandit,0
7329,25,bandit,0
7330,25,bandit,0
7331,25,bandit,1
7332,25,bandit,0
7333,25,bandit,0
7334,25,bandit,0
7335,25,bandit,0
7336,25,bandit,0
7337,25,bandit,0
7338,25,bandit,0
7339,25,bandit,0
7340,25,bandit,0
7341,25,bandit,0
7342,25,bandit,0
7343,25,bandit,0
7344,25,bandit,0
7345,25,bandit,0
7346,25,bandit,0
7347,25,bandit,0
7348,25,bandit,1
7349,25,bandit,0
7350,25,bandit,0
7351,25,baseline,0
7352,25,baseline,0
7353,25,baseline,0
7354,25,baseline,0
7355,25,baseline,0
7356,25,baseline,0
7357,25,baseline,0
7358,25,baseline,0
7359,25,baseline,0
7360,25,baseline,0
7361,25,baseline,0
7362,25,baseline,0
7363,25,baseline,0
7364,25,baseline,0
7365,25,baseline,0
7366,25,baseline,0
7367,25,baseline,0
7368,25,baseline,0
7369,25,baseline,0
7370,25,baseline,0
7371,25,baseline,0
7372,25,baseline,0
7373,25,baseline,0
7374,25,baseline,0
7375,25,baseline,1
7376,25,baseline,0
7377,25,baseline,0
7378,25,baseline,1
7379,25,baseline,0
7380,25,baseline,0
7381,25,baseline,0
7382,25,baseline,0
7383,25,baseline,0
7384,25,baseline,0
7385,25,baseline,0
7386,25,baseline,1
7387,25,baseline,0
7388,25,baseline,0
7389,25,baseline,0
7390,25,baseline,0
7391,25,baseline,0
7392,25,baseline,0
7393,25,baseline,0
7394,25,baseline,0
7395,25,baseline,1
7396,25,baseline,0
7397,25,baseline,0
7398,25,baseline,0
7399,25,baseline,0
7400,25,baseline,0
7401,25,baseline,0
7402,25,baseline,0
7403,25,baseline,0
7404,25,baseline,0
7405,25,baseline,0
7406,25,baseline,0
7407,25,baseline,0
7408,25,baseline,1
7409,25,baseline,0
7410,25,baseline,0
7411,25,baseline,0
7412,25,baseline,0
7413,25,baseline,0
7414,25,baseline,0
7415,25,baseline,0
7416,25,baseline,0
7417,25,baseline,0
7418,25,baseline,0
7419,25,baseline,0
7420,25,baseline,0
7421,25,baseline,0
7422,25,baseline,0
7423,25,baseline,0
7424,25,baseline,0
7425,25,baseline,0
7426,25,baseline,0
7427,25,baseline,0
7428,25,baseline,0
7429,25,baseline,0
7430,25,baseline,0
7431,25,baseline,0
7432,25,baseline,0
7433,25,baseline,0
7434,25,baseline,0
7435,25,baseline,0
7436,25,baseline,0
7437,25,baseline,0
7438,25,baseline,0
7439,25,baseline,0
7440,25,baseline,0
7441,25,baseline,0
7442,25,baseline,0
7443,25,baseline,0
7444,25,baseline,0
7445,25,baseline,0
7446,25,baseline,0
7447,25,baseline,0
7448,25,baseline,0
7449,25,baseline,0
7450,25,baseline,0
7451,25,baseline,0
7452,25,baseline,0
7453,25,baseline,0
7454,25,baseline,0
7455,25,baseline,0
7456,25,baseline,0
7457,25,baseline,0
7458,25,baseline,0
7459,25,baseline,0
7460,25,baseline,0
7461,25,baseline,0
7462,25,baseline,0
7463,25,baseline,0
7464,25,baseline,0
7465,25,baseline,0
7466,25,baseline,0
7467,25,baseline,0
7468,25,baseline,0
7469,25,baseline,0
7470,25,baseline,0
7471,25,baseline,0
7472,25,baseline,0
7473,25,baseline,1
7474,25,baseline,0
7475,25,baseline,0
7476,25,baseline,0
7477,25,baseline,0
7478,25,baseline,0
7479,25,baseline,0
7480,25,baseline,0
7481,25,baseline,1
7482,25,baseline,1
7483,25,baseline,0
7484,25,baseline,0
7485,25,baseline,0
7486,25,baseline,0
7487,25,baseline,0
7488,25,baseline,0
7489,25,baseline,1
7490,25,baseline,0
7491,25,baseline,0
7492,25,baseline,0
7493,25,baseline,0
7494,25,baseline,0
7495,25,baseline,0
7496,25,baseline,0
7497,25,baseline,1
7498,25,baseline,0
7499,25,baseline,0
7500,25,baseline,0
7501,26,bandit,0
7502,26,bandit,1
7503,26,bandit,0
7504,26,bandit,0
7505,26,bandit,0
7506,26,bandit,0
7507,26,bandit,0
7508,26,bandit,0
7509,26,bandit,0
7510,26,bandit,0
7511,26,bandit,0
7512,26,bandit,1
7513,26,bandit,0
7514,26,bandit,0
7515,26,bandit,0
7516,26,bandit,0
7517,26,bandit,0
7518,26,bandit,0
7519,26,bandit,0
7520,26,bandit,0
7521,26,bandit,0
7522,26,bandit,0
7523,26,bandit,0
7524,26,bandit,0
7525,26,bandit,0
7526,26,bandit,0
7527,26,bandit,0
7528,26,bandit,0
7529,26,bandit,0
7530,26,bandit,0
7531,26,bandit,0
7532,26,bandit,0
7533,26,bandit,1
7534,26,bandit,0
7535,26,bandit,0
7536,26,bandit,1
7537,26,bandit,0
7538,26,bandit,0
7539,26,bandit,0
7540,26,bandit,0
7541,26,bandit,0
7542,26,bandit,0
7543,26,bandit,0
7544,26,bandit,0
7545,26,bandit,0
7546,26,bandit,0
7547,26,bandit,1
7548,26,bandit,0
7549,26,bandit,0
7550,26,bandit,0
7551,26,bandit,0
7552,26,bandit,0
7553,26,bandit,0
7554,26,bandit,1
7555,26,bandit,1
7556,26,bandit,0
7557,26,bandit,0
7558,26,bandit,0
7559,26,bandit,0
7560,26,bandit,0
7561,26,bandit,0
7562,26,bandit,0
7563,26,bandit,0
7564,26,bandit,1
7565,26,bandit,0
7566,26,bandit,0
7567,26,bandit,0
7568,26,bandit,0
7569,26,bandit,0
7570,26,bandit,0
7571,26,bandit,0
7572,26,bandit,0
7573,26,bandit,0
7574,26,bandit,0
7575,26,bandit,0
7576,26,bandit,0
7577,26,bandit,0
7578,26,bandit,0
7579,26,bandit,0
7580,26,bandit,0
7581,26,bandit,0
7582,26,bandit,0
7583,26,bandit,0
7584,26,bandit,0
7585,26,bandit,0
7586,26,bandit,1
7587,26,bandit,0
7588,26,bandit,0
7589,26,bandit,0
7590,26,bandit,0
7591,26,bandit,0
7592,26,bandit,0
7593,26,bandit,0
7594,26,bandit,0
7595,26,bandit,0
7596,26,bandit,0
7597,26,bandit,0
7598,26,bandit,1
7599,26,bandit,0
7600,26,bandit,0
7601,26,bandit,0
7602,26,bandit,1
7603,26,bandit,0
7604,26,bandit,0
7605,26,bandit,0
7606,26,bandit,0
7607,26,bandit,0
7608,26,bandit,1
7609,26,bandit,0
7610,26,bandit,0
7611,26,bandit,1
7612,26,bandit,0
7613,26,bandit,0
7614,26,bandit,0
7615,26,bandit,0
7616,26,bandit,0
7617,26,bandit,0
7618,26,bandit,0
7619,26,bandit,0
7620,26,bandit,0
7621,26,bandit,0
7622,26,bandit,0
7623,26,bandit,0
7624,26,bandit,0
7625,26,bandit,0
7626,26,bandit,0
7627,26,bandit,0
7628,26,bandit,0
7629,26,bandit,1
7630,26,bandit,0
7631,26,bandit,1
7632,26,bandit,0
7633,26,bandit,0
7634,26,bandit,0
7635,26,bandit,0
7636,26,bandit,0
7637,26,bandit,0
7638,26,bandit,0
7639,26,bandit,0
7640,26,bandit,0
7641,26,bandit,0
7642,26,bandit,0
7643,26,bandit,0
7644,26,bandit,0
7645,26,bandit,0
7646,26,bandit,1
7647,26,bandit,0
7648,26,bandit,1
7649,26,bandit,1
7650,26,bandit,0
7651,26,baseline,0
7652,26,baseline,0
7653,26,baseline,1
7654,26,baseline,0
7655,26,baseline,0
7656,26,baseline,0
7657,26,baseline,0
7658,26,baseline,0
7659,26,baseline,0
7660,26,baseline,0
7661,26,baseline,0
7662,26,baseline,0
7663,26,baseline,0
7664,26,baseline,0
7665,26,baseline,0
7666,26,baseline,0
7667,26,baseline,0
7668,26,baseline,0
7669,26,baseline,1
7670,26,baseline,0
7671,26,baseline,0
7672,26,baseline,0
7673,26,baseline,0
7674,26,baseline,0
7675,26,baseline,0
7676,26,baseline,0
7677,26,baseline,0
7678,26,baseline,0
7679,26,baseline,0
7680,26,baseline,0
7681,26,baseline,0
7682,26,baseline,1
7683,26,baseline,0
7684,26,baseline,0
7685,26,baseline,0
7686,26,baseline,0
7687,26,baseline,0
7688,26,baseline,0
7689,26,baseline,0
7690,26,baseline,0
7691,26,baseline,0
7692,26,baseline,0
7693,26,baseline,0
7694,26,baseline,0
7695,26,baseline,0
7696,26,baseline,0
7697,26,baseline,0
7698,26,baseline,1
7699,26,baseline,0
7700,26,baseline,0
7701,26,baseline,0
7702,26,baseline,0
7703,26,baseline,0
7704,26,baseline,0
7705,26,baseline,0
7706,26,baseline,0
7707,26,baseline,0
7708,26,baseline,0
7709,26,baseline,0
7710,26,baseline,1
7711,26,baseline,0
7712,26,baseline,0
7713,26,baseline,0
7714,26,baseline,0
7715,26,baseline,0
7716,26,baseline,0
7717,26,baseline,0
7718,26,baseline,1
7719,26,baseline,0
7720,26,baseline,0
7721,26,baseline,0
7722,26,baseline,0
7723,26,baseline,0
7724,26,baseline,0
7725,26,baseline,0
7726,26,baseline,0
7727,26,baseline,0
7728,26,baseline,0
7729,26,baseline,1
7730,26,baseline,0
7731,26,baseline,0
7732,26,baseline,0
7733,26,baseline,0
7734,26,baseline,0
7735,26,baseline,0
7736,26,baseline,0
7737,26,baseline,1
7738,26,baseline,0
7739,26,baseline,0
7740,26,baseline,0
7741,26,baseline,0
7742,26,baseline,0
7743,26,baseline,0
7744,26,baseline,0
7745,26,baseline,0
7746,26,baseline,0
7747,26,baseline,0
7748,26,baseline,0
7749,26,baseline,0
7750,26,baseline,0
7751,26,baseline,0
7752,26,baseline,0
7753,26,baseline,0
7754,26,baseline,0
7755,26,baseline,0
7756,26,baseline,0
7757,26,baseline,0
7758,26,baseline,0
7759,26,baseline,0
7760,26,baseline,0
7761,26,baseline,0
7762,26,baseline,0
7763,26,baseline,0
7764,26,baseline,0
7765,26,baseline,0
7766,26,baseline,0
7767,26,baseline,0
7768,26,baseline,0
7769,26,baseline,0
7770,26,baseline,0
7771,26,baseline,0
7772,26,baseline,0
7773,26,baseline,0
7774,26,baseline,0
7775,26,baseline,0
7776,26,baseline,0
7777,26,baseline,0
7778,26,baseline,0
7779,26,baseline,0
7780,26,baseline,0
7781,26,baseline,0
7782,26,baseline,1
7783,26,baseline,0
7784,26,baseline,0
7785,26,baseline,0
7786,26,baseline,0
7787,26,baseline,0
7788,26,baseline,1
7789,26,baseline,1
7790,26,baseline,0
7791,26,baseline,0
7792,26,baseline,0
7793,26,baseline,0
7794,26,baseline,0
7795,26,baseline,0
7796,26,baseline,0
7797,26,baseline,0
7798,26,baseline,0
7799,26,baseline,0
7800,26,baseline,0
7801,27,bandit,0
7802,27,bandit,0
7803,27,bandit,0
7804,27,bandit,0
7805,27,bandit,1
7806,27,bandit,0
7807,27,bandit,0
7808,27,bandit,0
7809,27,bandit,0
7810,27,bandit,0
7811,27,bandit,0
7812,27,bandit,0
7813,27,bandit,0
7814,27,bandit,0
7815,27,bandit,0
7816,27,bandit,0
7817,27,bandit,1
7818,27,bandit,0
7819,27,bandit,0
7820,27,bandit,1
7821,27,bandit,0
7822,27,bandit,0
7823,27,bandit,0
7824,27,bandit,0
7825,27,bandit,0
7826,27,bandit,0
7827,27,bandit,0
7828,27,bandit,0
7829,27,bandit,0
7830,27,bandit,0
7831,27,bandit,0
7832,27,bandit,0
7833,27,bandit,0
7834,27,bandit,0
7835,27,bandit,1
7836,27,bandit,0
7837,27,bandit,1
7838,27,bandit,0
7839,27,bandit,0
7840,27,bandit,0
7841,27,bandit,0
7842,27,bandit,0
7843,27,bandit,0
7844,27,bandit,0
7845,27,bandit,0
7846,27,bandit,1
7847,27,bandit,0
7848,27,bandit,1
7849,27,bandit,0
7850,27,bandit,0
7851,27,bandit,0
7852,27,bandit,0
7853,27,bandit,0
7854,27,bandit,0
7855,27,bandit,0
7856,27,bandit,0
7857,27,bandit,0
7858,27,bandit,0
7859,27,bandit,0
7860,27,bandit,0
7861,27,bandit,0
7862,27,bandit,0
7863,27,bandit,0
7864,27,bandit,1
7865,27,bandit,0
7866,27,bandit,0
7867,27,bandit,0
7868,27,bandit,0
7869,27,bandit,0
7870,27,bandit,1
7871,27,bandit,0
7872,27,bandit,0
7873,27,bandit,1
7874,27,bandit,0
7875,27,bandit,0
7876,27,bandit,0
7877,27,bandit,0
7878,27,bandit,0
7879,27,bandit,0
7880,27,bandit,0
7881,27,bandit,0
7882,27,bandit,0
7883,27,bandit,1
7884,27,bandit,1
7885,27,bandit,0
7886,27,bandit,0
7887,27,bandit,0
7888,27,bandit,0
7889,27,bandit,0
7890,27,bandit,0
7891,27,bandit,0
7892,27,bandit,0
7893,27,bandit,0
7894,27,bandit,0
7895,27,bandit,0
7896,27,bandit,0
7897,27,bandit,0
7898,27,bandit,0
7899,27,bandit,0
7900,27,bandit,1
7901,27,bandit,0
7902,27,bandit,0
7903,27,bandit,0
7904,27,bandit,0
7905,27,bandit,0
7906,27,bandit,0
7907,27,bandit,1
7908,27,bandit,0
7909,27,bandit,0
7910,27,bandit,0
7911,27,bandit,0
7912,27,bandit,0
7913,27,bandit,0
7914,27,bandit,1
7915,27,bandit,0
7916,27,bandit,0
7917,27,bandit,0
7918,27,bandit,0
7919,27,bandit,0
7920,27,bandit,1
7921,27,bandit,0
7922,27,bandit,0
7923,27,bandit,0
7924,27,bandit,0
7925,27,bandit,0
7926,27,bandit,0
7927,27,bandit,0
7928,27,bandit,0
7929,27,bandit,0
7930,27,bandit,0
7931,27,bandit,0
7932,27,bandit,1
7933,27,bandit,1
7934,27,bandit,0
7935,27,bandit,0
7936,27,bandit,0
7937,27,bandit,0
7938,27,bandit,0
7939,27,bandit,1
7940,27,bandit,1
7941,27,bandit,0
7942,27,bandit,0
7943,27,bandit,0
7944,27,bandit,0
7945,27,bandit,0
7946,27,bandit,0
7947,27,bandit,0
7948,27,bandit,0
7949,27,bandit,0
7950,27,bandit,0
7951,27,baseline,0
7952,27,baseline,0
7953,27,baseline,0
7954,27,baseline,0
7955,27,baseline,0
7956,27,baseline,0
7957,27,baseline,0
7958,27,baseline,0
7959,27,baseline,0
7960,27,baseline,0
7961,27,baseline,0
7962,27,baseline,0
7963,27,baseline,0
7964,27,baseline,0
7965,27,baseline,0
7966,27,baseline,0
7967,27,baseline,0
7968,27,baseline,0
7969,27,baseline,0
7970,27,baseline,0
7971,27,baseline,0
7972,27,baseline,0
7973,27,baseline,1
7974,27,baseline,0
7975,27,baseline,0
7976,27,baseline,0
7977,27,baseline,0
7978,27,baseline,0
7979,27,baseline,0
7980,27,baseline,0
7981,27,baseline,0
7982,27,baseline,0
7983,27,baseline,0
7984,27,baseline,0
7985,27,baseline,0
7986,27,baseline,0
7987,27,baseline,0
7988,27,baseline,0
7989,27,baseline,0
7990,27,baseline,0
7991,27,baseline,0
7992,27,baseline,0
7993,27,baseline,0
7994,27,baseline,0
7995,27,baseline,0
7996,27,baseline,0
7997,27,baseline,0
7998,27,baseline,0
7999,27,baseline,1
8000,27,baseline,0
8001,27,baseline,0
8002,27,baseline,1
8003,27,baseline,0
8004,27,baseline,0
8005,27,baseline,0
8006,27,baseline,1
8007,27,baseline,0
8008,27,baseline,1
8009,27,baseline,0
8010,27,baseline,0
8011,27,baseline,0
8012,27,baseline,0
8013,27,baseline,0
8014,27,baseline,0
8015,27,baseline,0
8016,27,baseline,0
8017,27,baseline,0
8018,27,baseline,1
8019,27,baseline,1
8020,27,baseline,0
8021,27,baseline,0
8022,27,baseline,0
8023,27,baseline,0
8024,27,baseline,0
8025,27,baseline,0
8026,27,baseline,0
8027,27,baseline,0
8028,27,baseline,0
8029,27,baseline,0
8030,27,baseline,0
8031,27,baseline,0
8032,27,baseline,0
8033,27,baseline,0
8034,27,baseline,0
8035,27,baseline,0
8036,27,baseline,0
8037,27,baseline,0
8038,27,baseline,0
8039,27,baseline,0
8040,27,baseline,0
8041,27,baseline,0
8042,27,baseline,0
8043,27,baseline,0
8044,27,baseline,0
8045,27,baseline,0
8046,27,baseline,0
8047,27,baseline,0
8048,27,baseline,0
8049,27,baseline,0
8050,27,baseline,0
8051,27,baseline,0
8052,27,baseline,0
8053,27,baseline,0
8054,27,baseline,0
8055,27,baseline,1
8056,27,baseline,1
8057,27,baseline,0
8058,27,baseline,0
8059,27,baseline,0
8060,27,baseline,1
8061,27,baseline,0
8062,27,baseline,0
8063,27,baseline,0
8064,27,baseline,0
8065,27,baseline,1
8066,27,baseline,1
8067,27,baseline,0
8068,27,baseline,0
8069,27,baseline,0
8070,27,baseline,0
8071,27,baseline,1
8072,27,baseline,0
8073,27,baseline,0
8074,27,baseline,0
8075,27,baseline,0
8076,27,baseline,0
8077,27,baseline,0
8078,27,baseline,0
8079,27,baseline,0
8080,27,baseline,0
8081,27,baseline,0
8082,27,baseline,0
8083,27,baseline,0
8084,27,baseline,0
8085,27,baseline,0
8086,27,baseline,0
8087,27,baseline,0
8088,27,baseline,1
8089,27,baseline,0
8090,27,baseline,0
8091,27,baseline,0
8092,27,baseline,0
8093,27,baseline,0
8094,27,baseline,0
8095,27,baseline,0
8096,27,baseline,0
8097,27,baseline,0
8098,27,baseline,0
8099,27,baseline,1
8100,27,baseline,0
8101,28,bandit,0
8102,28,bandit,1
8103,28,bandit,0
8104,28,bandit,0
8105,28,bandit,0
8106,28,bandit,0
8107,28,bandit,0
8108,28,bandit,0
8109,28,bandit,0
8110,28,bandit,0
8111,28,bandit,1
8112,28,bandit,0
8113,28,bandit,0
8114,28,bandit,0
8115,28,bandit,0
8116,28,bandit,0
8117,28,bandit,0
8118,28,bandit,0
8119,28,bandit,0
8120,28,bandit,0
8121,28,bandit,0
8122,28,bandit,0
8123,28,bandit,0
8124,28,bandit,0
8125,28,bandit,0
8126,28,bandit,0
8127,28,bandit,0
8128,28,bandit,1
8129,28,bandit,0
8130,28,bandit,0
8131,28,bandit,0
8132,28,bandit,0
8133,28,bandit,0
8134,28,bandit,0
8135,28,bandit,0
8136,28,bandit,0
8137,28,bandit,0
8138,28,bandit,0
8139,28,bandit,0
8140,28,bandit,0
8141,28,bandit,0
8142,28,bandit,0
8143,28,bandit,1
8144,28,bandit,0
8145,28,bandit,0
8146,28,bandit,0
8147,28,bandit,0
8148,28,bandit,0
8149,28,bandit,0
8150,28,bandit,0
8151,28,bandit,0
8152,28,bandit,0
8153,28,bandit,0
8154,28,bandit,0
8155,28,bandit,0
8156,28,bandit,1
8157,28,bandit,0
8158,28,bandit,0
8159,28,bandit,0
8160,28,bandit,1
8161,28,bandit,0
8162,28,bandit,0
8163,28,bandit,0
8164,28,bandit,1
8165,28,bandit,0
8166,28,bandit,0
8167,28,bandit,0
8168,28,bandit,0
8169,28,bandit,0
8170,28,bandit,0
8171,28,bandit,1
8172,28,bandit,0
8173,28,bandit,0
8174,28,bandit,0
8175,28,bandit,0
8176,28,bandit,0
8177,28,bandit,0
8178,28,bandit,0
8179,28,bandit,0
8180,28,bandit,0
8181,28,bandit,0
8182,28,bandit,0
8183,28,bandit,0
8184,28,bandit,0
8185,28,bandit,0
8186,28,bandit,1
8187,28,bandit,0
8188,28,bandit,0
8189,28,bandit,0
8190,28,bandit,0
8191,28,bandit,1
8192,28,bandit,1
8193,28,bandit,0
8194,28,bandit,0
8195,28,bandit,0
8196,28,bandit,0
8197,28,bandit,0
8198,28,bandit,0
8199,28,bandit,0
8200,28,bandit,0
8201,28,bandit,0
8202,28,bandit,0
8203,28,bandit,0
8204,28,bandit,0
8205,28,bandit,0
8206,28,bandit,0
8207,28,bandit,0
8208,28,bandit,1
8209,28,bandit,0
8210,28,bandit,1
8211,28,bandit,1
8212,28,bandit,0
8213,28,bandit,0
8214,28,bandit,1
8215,28,bandit,0
8216,28,bandit,0
8217,28,bandit,0
8218,28,bandit,0
8219,28,bandit,0
8220,28,bandit,0
8221,28,bandit,0
8222,28,bandit,0
8223,28,bandit,0
8224,28,bandit,0
8225,28,bandit,0
8226,28,bandit,0
8227,28,bandit,0
8228,28,bandit,0
8229,28,bandit,0
8230,28,bandit,0
8231,28,bandit,0
8232,28,bandit,0
8233,28,bandit,0
8234,28,bandit,0
8235,28,bandit,0
8236,28,bandit,1
8237,28,bandit,1
8238,28,bandit,1
8239,28,bandit,1
8240,28,bandit,0
8241,28,bandit,0
8242,28,bandit,0
8243,28,bandit,0
8244,28,bandit,0
8245,28,bandit,0
8246,28,bandit,0
8247,28,bandit,0
8248,28,bandit,0
8249,28,bandit,0
8250,28,bandit,0
8251,28,baseline,0
8252,28,baseline,0
8253,28,baseline,0
8254,28,baseline,0
8255,28,baseline,0
8256,28,baseline,0
8257,28,baseline,0
8258,28,baseline,0
8259,28,baseline,0
8260,28,baseline,0
8261,28,baseline,0
8262,28,baseline,0
8263,28,baseline,1
8264,28,baseline,0
8265,28,baseline,1
8266,28,baseline,0
8267,28,baseline,0
8268,28,baseline,1
8269,28,baseline,0
8270,28,baseline,1
8271,28,baseline,0
8272,28,baseline,1
8273,28,baseline,0
8274,28,baseline,0
8275,28,baseline,0
8276,28,baseline,0
8277,28,baseline,0
8278,28,baseline,0
8279,28,baseline,0
8280,28,baseline,0
8281,28,baseline,0
8282,28,baseline,0
8283,28,baseline,0
8284,28,baseline,0
8285,28,baseline,0
8286,28,baseline,1
8287,28,baseline,0
8288,28,baseline,0
8289,28,baseline,1
8290,28,baseline,0
8291,28,baseline,0
8292,28,baseline,0
8293,28,baseline,0
8294,28,baseline,0
8295,28,baseline,0
8296,28,baseline,0
8297,28,baseline,0
8298,28,baseline,0
8299,28,baseline,0
8300,28,baseline,0
8301,28,baseline,0
8302,28,baseline,0
8303,28,baseline,0
8304,28,baseline,0
8305,28,baseline,1
8306,28,baseline,0
8307,28,baseline,0
8308,28,baseline,0
8309,28,baseline,0
8310,28,baseline,1
8311,28,baseline,0
8312,28,baseline,0
8313,28,baseline,0
8314,28,baseline,0
8315,28,baseline,0
8316,28,baseline,0
8317,28,baseline,0
8318,28,baseline,0
8319,28,baseline,0
8320,28,baseline,0
8321,28,baseline,0
8322,28,baseline,0
8323,28,baseline,0
8324,28,baseline,0
8325,28,baseline,0
8326,28,baseline,0
8327,28,baseline,0
8328,28,baseline,0
8329,28,baseline,1
8330,28,baseline,0
8331,28,baseline,0
8332,28,baseline,0
8333,28,baseline,0
8334,28,baseline,0
8335,28,baseline,0
8336,28,baseline,0
8337,28,baseline,0
8338,28,baseline,0
8339,28,baseline,0
8340,28,baseline,0
8341,28,baseline,0
8342,28,baseline,0
8343,28,baseline,0
8344,28,baseline,0
8345,28,baseline,0
8346,28,baseline,0
8347,28,baseline,0
8348,28,baseline,0
8349,28,baseline,0
8350,28,baseline,0
8351,28,baseline,0
8352,28,baseline,0
8353,28,baseline,0
8354,28,baseline,0
8355,28,baseline,1
8356,28,baseline,0
8357,28,baseline,0
8358,28,baseline,0
8359,28,baseline,0
8360,28,baseline,0
8361,28,baseline,0
8362,28,baseline,0
8363,28,baseline,0
8364,28,baseline,0
8365,28,baseline,1
8366,28,baseline,1
8367,28,baseline,1
8368,28,baseline,0
8369,28,baseline,0
8370,28,baseline,0
8371,28,baseline,1
8372,28,baseline,0
8373,28,baseline,0
8374,28,baseline,0
8375,28,baseline,0
8376,28,baseline,0
8377,28,baseline,0
8378,28,baseline,0
8379,28,baseline,0
8380,28,baseline,0
8381,28,baseline,0
8382,28,baseline,0
8383,28,baseline,0
8384,28,baseline,0
8385,28,baseline,0
8386,28,baseline,0
8387,28,baseline,0
8388,28,baseline,0
8389,28,baseline,0
8390,28,baseline,1
8391,28,baseline,0
8392,28,baseline,0
8393,28,baseline,0
8394,28,baseline,0
8395,28,baseline,0
8396,28,baseline,0
8397,28,baseline,0
8398,28,baseline,0
8399,28,baseline,0
8400,28,baseline,0
8401,29,bandit,0
8402,29,bandit,1
8403,29,bandit,1
8404,29,bandit,0
8405,29,bandit,0
8406,29,bandit,0
8407,29,bandit,0
8408,29,bandit,0
8409,29,bandit,0
8410,29,bandit,0
8411,29,bandit,1
8412,29,bandit,0
8413,29,bandit,0
8414,29,bandit,0
8415,29,bandit,0
8416,29,bandit,0
8417,29,bandit,0
8418,29,bandit,1
8419,29,bandit,0
8420,29,bandit,0
8421,29,bandit,1
8422,29,bandit,0
8423,29,bandit,0
8424,29,bandit,0
8425,29,bandit,0
8426,29,bandit,0
8427,29,bandit,0
8428,29,bandit,0
8429,29,bandit,0
8430,29,bandit,0
8431,29,bandit,0
8432,29,bandit,0
8433,29,bandit,0
8434,29,bandit,0
8435,29,bandit,0
8436,29,bandit,0
8437,29,bandit,0
8438,29,bandit,0
8439,29,bandit,0
8440,29,bandit,0
8441,29,bandit,0
8442,29,bandit,1
8443,29,bandit,0
8444,29,bandit,0
8445,29,bandit,1
8446,29,bandit,0
8447,29,bandit,0
8448,29,bandit,0
8449,29,bandit,1
8450,29,bandit,1
8451,29,bandit,0
8452,29,bandit,0
8453,29,bandit,0
8454,29,bandit,0
8455,29,bandit,0
8456,29,bandit,0
8457,29,bandit,0
8458,29,bandit,0
8459,29,bandit,0
8460,29,bandit,1
8461,29,bandit,0
8462,29,bandit,1
8463,29,bandit,0
8464,29,bandit,0
8465,29,bandit,0
8466,29,bandit,0
8467,29,bandit,0
8468,29,bandit,0
8469,29,bandit,0
8470,29,bandit,0
8471,29,bandit,0
8472,29,bandit,0
8473,29,bandit,0
8474,29,bandit,0
8475,29,bandit,0
8476,29,bandit,0
8477,29,bandit,0
8478,29,bandit,0
8479,29,bandit,0
8480,29,bandit,0
8481,29,bandit,0
8482,29,bandit,0
8483,29,bandit,0
8484,29,bandit,0
8485,29,bandit,0
8486,29,bandit,0
8487,29,bandit,0
8488,29,bandit,0
8489,29,bandit,0
8490,29,bandit,0
8491,29,bandit,0
8492,29,bandit,0
8493,29,bandit,0
8494,29,bandit,0
8495,29,bandit,0
8496,29,bandit,0
8497,29,bandit,0
8498,29,bandit,0
8499,29,bandit,0
8500,29,bandit,1
8501,29,bandit,0
8502,29,bandit,0
8503,29,bandit,0
8504,29,bandit,0
8505,29,bandit,0
8506,29,bandit,0
8507,29,bandit,0
8508,29,bandit,0
8509,29,bandit,0
8510,29,bandit,1
8511,29,bandit,0
8512,29,bandit,0
8513,29,bandit,0
8514,29,bandit,0
8515,29,bandit,0
8516,29,bandit,0
8517,29,bandit,0
8518,29,bandit,0
8519,29,bandit,0
8520,29,bandit,0
8521,29,bandit,1
8522,29,bandit,1
8523,29,bandit,0
8524,29,bandit,0
8525,29,bandit,0
8526,29,bandit,0
8527,29,bandit,0
8528,29,bandit,0
8529,29,bandit,0
8530,29,bandit,0
8531,29,bandit,0
8532,29,bandit,0
8533,29,bandit,0
8534,29,bandit,0
8535,29,bandit,0
8536,29,bandit,0
8537,29,bandit,0
8538,29,bandit,0
8539,29,bandit,1
8540,29,bandit,0
8541,29,bandit,0
8542,29,bandit,0
8543,29,bandit,0
8544,29,bandit,1
8545,29,bandit,0
8546,29,bandit,0
8547,29,bandit,1
8548,29,bandit,1
8549,29,bandit,0
8550,29,bandit,0
8551,29,baseline,0
8552,29,baseline,1
8553,29,baseline,0
8554,29,baseline,0
8555,29,baseline,0
8556,29,baseline,0
8557,29,baseline,0
8558,29,baseline,0
8559,29,baseline,0
8560,29,baseline,0
8561,29,baseline,0
8562,29,baseline,0
8563,29,baseline,0
8564,29,baseline,0
8565,29,baseline,0
8566,29,baseline,0
8567,29,baseline,1
8568,29,baseline,0
8569,29,baseline,0
8570,29,baseline,0
8571,29,baseline,0
8572,29,baseline,0
8573,29,baseline,0
8574,29,baseline,1
8575,29,baseline,0
8576,29,baseline,0
8577,29,baseline,0
8578,29,baseline,0
8579,29,baseline,0
8580,29,baseline,0
8581,29,baseline,0
8582,29,baseline,0
8583,29,baseline,0
8584,29,baseline,0
8585,29,baseline,0
8586,29,baseline,0
8587,29,baseline,0
8588,29,baseline,0
8589,29,baseline,0
8590,29,baseline,0
8591,29,baseline,0
8592,29,baseline,0
8593,29,baseline,0
8594,29,baseline,0
8595,29,baseline,0
8596,29,baseline,0
8597,29,baseline,0
8598,29,baseline,0
8599,29,baseline,0
8600,29,baseline,0
8601,29,baseline,0
8602,29,baseline,0
8603,29,baseline,0
8604,29,baseline,1
8605,29,baseline,0
8606,29,baseline,0
8607,29,baseline,0
8608,29,baseline,0
8609,29,baseline,0
8610,29,baseline,0
8611,29,baseline,0
8612,29,baseline,0
8613,29,baseline,0
8614,29,baseline,0
8615,29,baseline,0
8616,29,baseline,0
8617,29,baseline,0
8618,29,baseline,0
8619,29,baseline,0
8620,29,baseline,0
8621,29,baseline,0
8622,29,baseline,0
8623,29,baseline,0
8624,29,baseline,0
8625,29,baseline,0
8626,29,baseline,0
8627,29,baseline,0
8628,29,baseline,0
8629,29,baseline,0
8630,29,baseline,0
8631,29,baseline,1
8632,29,baseline,1
8633,29,baseline,0
8634,29,baseline,1
8635,29,baseline,0
8636,29,baseline,0
8637,29,baseline,0
8638,29,baseline,0
8639,29,baseline,0
8640,29,baseline,0
8641,29,baseline,0
8642,29,baseline,0
8643,29,baseline,0
8644,29,baseline,0
8645,29,baseline,0
8646,29,baseline,0
8647,29,baseline,0
8648,29,baseline,0
8649,29,baseline,0
8650,29,baseline,0
8651,29,baseline,0
8652,29,baseline,0
8653,29,baseline,0
8654,29,baseline,0
8655,29,baseline,0
8656,29,baseline,0
8657,29,baseline,0
8658,29,baseline,0
8659,29,baseline,0
8660,29,baseline,1
8661,29,baseline,0
8662,29,baseline,0
8663,29,baseline,0
8664,29,baseline,0
8665,29,baseline,0
8666,29,baseline,0
8667,29,baseline,0
8668,29,baseline,0
8669,29,baseline,0
8670,29,baseline,0
8671,29,baseline,0
8672,29,baseline,0
8673,29,baseline,0
8674,29,baseline,0
8675,29,baseline,0
8676,29,baseline,0
8677,29,baseline,0
8678,29,baseline,0
8679,29,baseline,0
8680,29,baseline,0
8681,29,baseline,1
8682,29,baseline,0
8683,29,baseline,0
8684,29,baseline,0
8685,29,baseline,0
8686,29,baseline,1
8687,29,baseline,0
8688,29,baseline,0
8689,29,baseline,0
8690,29,baseline,0
8691,29,baseline,0
8692,29,baseline,0
8693,29,baseline,0
8694,29,baseline,0
8695,29,baseline,0
8696,29,baseline,0
8697,29,baseline,0
8698,29,baseline,0
8699,29,baseline,0
8700,29,baseline,0
8701,30,bandit,0
8702,30,bandit,0
8703,30,bandit,0
8704,30,bandit,0
8705,30,bandit,0
8706,30,bandit,0
8707,30,bandit,1
8708,30,bandit,0
8709,30,bandit,0
8710,30,bandit,0
8711,30,bandit,1
8712,30,bandit,0
8713,30,bandit,0
8714,30,bandit,0
8715,30,bandit,0
8716,30,bandit,0
8717,30,bandit,0
8718,30,bandit,0
8719,30,bandit,0
8720,30,bandit,1
8721,30,bandit,0
8722,30,bandit,0
8723,30,bandit,0
8724,30,bandit,0
8725,30,bandit,0
8726,30,bandit,0
8727,30,bandit,0
8728,30,bandit,0
8729,30,bandit,0
8730,30,bandit,0
8731,30,bandit,0
8732,30,bandit,0
8733,30,bandit,0
8734,30,bandit,0
8735,30,bandit,0
8736,30,bandit,0
8737,30,bandit,1
8738,30,bandit,0
8739,30,bandit,1
8740,30,bandit,0
8741,30,bandit,0
8742,30,bandit,0
8743,30,bandit,0
8744,30,bandit,0
8745,30,bandit,0
8746,30,bandit,1
8747,30,bandit,0
8748,30,bandit,0
8749,30,bandit,0
8750,30,bandit,0
8751,30,bandit,0
8752,30,bandit,0
8753,30,bandit,0
8754,30,bandit,0
8755,30,bandit,0
8756,30,bandit,0
8757,30,bandit,0
8758,30,bandit,0
8759,30,bandit,0
8760,30,bandit,0
8761,30,bandit,1
8762,30,bandit,0
8763,30,bandit,1
8764,30,bandit,0
8765,30,bandit,0
8766,30,bandit,0
8767,30,bandit,0
8768,30,bandit,1
8769,30,bandit,0
8770,30,bandit,0
8771,30,bandit,0
8772,30,bandit,0
8773,30,bandit,0
8774,30,bandit,0
8775,30,bandit,0
8776,30,bandit,1
8777,30,bandit,0
8778,30,bandit,0
8779,30,bandit,0
8780,30,bandit,0
8781,30,bandit,0
8782,30,bandit,0
8783,30,bandit,0
8784,30,bandit,0
8785,30,bandit,0
8786,30,bandit,1
8787,30,bandit,0
8788,30,bandit,0
8789,30,bandit,0
8790,30,bandit,0
8791,30,bandit,0
8792,30,bandit,0
8793,30,bandit,0
8794,30,bandit,0
8795,30,bandit,0
8796,30,bandit,0
8797,30,bandit,0
8798,30,bandit,0
8799,30,bandit,0
8800,30,bandit,0
8801,30,bandit,1
8802,30,bandit,1
8803,30,bandit,0
8804,30,bandit,0
8805,30,bandit,0
8806,30,bandit,0
8807,30,bandit,0
8808,30,bandit,1
8809,30,bandit,0
8810,30,bandit,0
8811,30,bandit,1
8812,30,bandit,0
8813,30,bandit,0
8814,30,bandit,0
8815,30,bandit,0
8816,30,bandit,0
8817,30,bandit,0
8818,30,bandit,0
8819,30,bandit,0
8820,30,bandit,0
8821,30,bandit,1
8822,30,bandit,0
8823,30,bandit,0
8824,30,bandit,0
8825,30,bandit,0
8826,30,bandit,0
8827,30,bandit,0
8828,30,bandit,0
8829,30,bandit,1
8830,30,bandit,0
8831,30,bandit,0
8832,30,bandit,1
8833,30,bandit,0
8834,30,bandit,0
8835,30,bandit,1
8836,30,bandit,0
8837,30,bandit,0
8838,30,bandit,0
8839,30,bandit,0
8840,30,bandit,0
8841,30,bandit,0
8842,30,bandit,0
8843,30,bandit,0
8844,30,bandit,1
8845,30,bandit,0
8846,30,bandit,0
8847,30,bandit,0
8848,30,bandit,1
8849,30,bandit,0
8850,30,bandit,0
8851,30,baseline,0
8852,30,baseline,0
8853,30,baseline,0
8854,30,baseline,0
8855,30,baseline,0
8856,30,baseline,0
8857,30,baseline,0
8858,30,baseline,0
8859,30,baseline,0
8860,30,baseline,0
8861,30,baseline,0
8862,30,baseline,0
8863,30,baseline,0
8864,30,baseline,0
8865,30,baseline,0
8866,30,baseline,0
8867,30,baseline,0
8868,30,baseline,1
8869,30,baseline,0
8870,30,baseline,0
8871,30,baseline,0
8872,30,baseline,0
8873,30,baseline,0
8874,30,baseline,0
8875,30,baseline,0
8876,30,baseline,0
8877,30,baseline,0
8878,30,baseline,0
8879,30,baseline,0
8880,30,baseline,0
8881,30,baseline,0
8882,30,baseline,0
8883,30,baseline,1
8884,30,baseline,0
8885,30,baseline,0
8886,30,baseline,1
8887,30,baseline,0
8888,30,baseline,0
8889,30,baseline,0
8890,30,baseline,0
8891,30,baseline,0
8892,30,baseline,0
8893,30,baseline,0
8894,30,baseline,1
8895,30,baseline,0
8896,30,baseline,0
8897,30,baseline,0
8898,30,baseline,0
8899,30,baseline,0
8900,30,baseline,0
8901,30,baseline,0
8902,30,baseline,0
8903,30,baseline,0
8904,30,baseline,0
8905,30,baseline,0
8906,30,baseline,1
8907,30,baseline,0
8908,30,baseline,0
8909,30,baseline,0
8910,30,baseline,0
8911,30,baseline,0
8912,30,baseline,0
8913,30,baseline,0
8914,30,baseline,1
8915,30,baseline,0
8916,30,baseline,0
8917,30,baseline,1
8918,30,baseline,1
8919,30,baseline,0
8920,30,baseline,0
8921,30,baseline,0
8922,30,baseline,0
8923,30,baseline,0
8924,30,baseline,0
8925,30,baseline,0
8926,30,baseline,0
8927,30,baseline,0
8928,30,baseline,0
8929,30,baseline,0
8930,30,baseline,0
8931,30,baseline,0
8932,30,baseline,0
8933,30,baseline,0
8934,30,baseline,0
8935,30,baseline,0
8936,30,baseline,0
8937,30,baseline,0
8938,30,baseline,0
8939,30,baseline,0
8940,30,baseline,0
8941,30,baseline,0
8942,30,baseline,0
8943,30,baseline,0
8944,30,baseline,0
8945,30,baseline,0
8946,30,baseline,0
8947,30,baseline,0
8948,30,baseline,0
8949,30,baseline,0
8950,30,baseline,1
8951,30,baseline,0
8952,30,baseline,0
8953,30,baseline,0
8954,30,baseline,0
8955,30,baseline,0
8956,30,baseline,0
8957,30,baseline,0
8958,30,baseline,0
8959,30,baseline,0
8960,30,baseline,0
8961,30,baseline,0
8962,30,baseline,0
8963,30,baseline,0
8964,30,baseline,0
8965,30,baseline,0
8966,30,baseline,0
8967,30,baseline,0
8968,30,baseline,0
8969,30,baseline,0
8970,30,baseline,0
8971,30,baseline,0
8972,30,baseline,0
8973,30,baseline,0
8974,30,baseline,0
8975,30,baseline,1
8976,30,baseline,0
8977,30,baseline,0
8978,30,baseline,0
8979,30,baseline,0
8980,30,baseline,0
8981,30,baseline,0
8982,30,baseline,0
8983,30,baseline,0
8984,30,baseline,0
8985,30,baseline,0
8986,30,baseline,0
8987,30,baseline,0
8988,30,baseline,0
8989,30,baseline,1
8990,30,baseline,0
8991,30,baseline,0
8992,30,baseline,0
8993,30,baseline,0
8994,30,baseline,1
8995,30,baseline,0
8996,30,baseline,0
8997,30,baseline,1
8998,30,baseline,0
8999,30,baseline,0
9000,30,baseline,0
9001,31,bandit,0
9002,31,bandit,0
9003,31,bandit,0
9004,31,bandit,0
9005,31,bandit,0
9006,31,bandit,0
9007,31,bandit,0
9008,31,bandit,0
9009,31,bandit,0
9010,31,bandit,0
9011,31,bandit,0
9012,31,bandit,0
9013,31,bandit,0
9014,31,bandit,0
9015,31,bandit,0
9016,31,bandit,0
9017,31,bandit,0
9018,31,bandit,0
9019,31,bandit,0
9020,31,bandit,1
9021,31,bandit,0
9022,31,bandit,0
9023,31,bandit,0
9024,31,bandit,0
9025,31,bandit,0
9026,31,bandit,0
9027,31,bandit,0
9028,31,bandit,0
9029,31,bandit,0
9030,31,bandit,0
9031,31,bandit,0
9032,31,bandit,0
9033,31,bandit,0
9034,31,bandit,0
9035,31,bandit,0
9036,31,bandit,1
9037,31,bandit,0
9038,31,bandit,0
9039,31,bandit,0
9040,31,bandit,0
9041,31,bandit,0
9042,31,bandit,0
9043,31,bandit,0
9044,31,bandit,0
9045,31,bandit,0
9046,31,bandit,0
9047,31,bandit,0
9048,31,bandit,0
9049,31,bandit,0
9050,31,bandit,1
9051,31,bandit,0
9052,31,bandit,1
9053,31,bandit,0
9054,31,bandit,1
9055,31,bandit,0
9056,31,bandit,1
9057,31,bandit,1
9058,31,bandit,0
9059,31,bandit,1
9060,31,bandit,0
9061,31,bandit,0
9062,31,bandit,0
9063,31,bandit,0
9064,31,bandit,0
9065,31,bandit,0
9066,31,bandit,0
9067,31,bandit,0
9068,31,bandit,0
9069,31,bandit,0
9070,31,bandit,0
9071,31,bandit,0
9072,31,bandit,0
9073,31,bandit,0
9074,31,bandit,0
9075,31,bandit,1
9076,31,bandit,0
9077,31,bandit,1
9078,31,bandit,0
9079,31,bandit,1
9080,31,bandit,1
9081,31,bandit,0
9082,31,bandit,0
9083,31,bandit,0
9084,31,bandit,0
9085,31,bandit,0
9086,31,bandit,0
9087,31,bandit,0
9088,31,bandit,0
9089,31,bandit,0
9090,31,bandit,0
9091,31,bandit,0
9092,31,bandit,0
9093,31,bandit,0
9094,31,bandit,0
9095,31,bandit,0
9096,31,bandit,0
9097,31,bandit,0
9098,31,bandit,1
9099,31,bandit,1
9100,31,bandit,0
9101,31,bandit,0
9102,31,bandit,0
9103,31,bandit,0
9104,31,bandit,1
9105,31,bandit,0
9106,31,bandit,1
9107,31,bandit,0
9108,31,bandit,0
9109,31,bandit,0
9110,31,bandit,0
9111,31,bandit,0
9112,31,bandit,0
9113,31,bandit,0
9114,31,bandit,0
9115,31,bandit,0
9116,31,bandit,1
9117,31,bandit,0
9118,31,bandit,0
9119,31,bandit,0
9120,31,bandit,0
9121,31,bandit,0
9122,31,bandit,0
9123,31,bandit,0
9124,31,bandit,0
9125,31,bandit,0
9126,31,bandit,0
9127,31,bandit,0
9128,31,bandit,0
9129,31,bandit,0
9130,31,bandit,1
9131,31,bandit,0
9132,31,bandit,0
9133,31,bandit,1
9134,31,bandit,0
9135,31,bandit,0
9136,31,bandit,0
9137,31,bandit,0
9138,31,bandit,0
9139,31,bandit,0
9140,31,bandit,0
9141,31,bandit,0
9142,31,bandit,0
9143,31,bandit,0
9144,31,bandit,1
9145,31,bandit,0
9146,31,bandit,0
9147,31,bandit,0
9148,31,bandit,0
9149,31,bandit,0
9150,31,bandit,0
9151,31,baseline,0
9152,31,baseline,0
9153,31,baseline,0
9154,31,baseline,0
9155,31,baseline,0
9156,31,baseline,0
9157,31,baseline,0
9158,31,baseline,1
9159,31,baseline,0
9160,31,baseline,0
9161,31,baseline,0
9162,31,baseline,0
9163,31,baseline,0
9164,31,baseline,0
9165,31,baseline,0
9166,31,baseline,0
9167,31,baseline,0
9168,31,baseline,0
9169,31,baseline,0
9170,31,baseline,0
9171,31,baseline,0
9172,31,baseline,0
9173,31,baseline,1
9174,31,baseline,0
9175,31,baseline,0
9176,31,baseline,0
9177,31,baseline,0
9178,31,baseline,0
9179,31,baseline,0
9180,31,baseline,0
9181,31,baseline,0
9182,31,baseline,0
9183,31,baseline,0
9184,31,baseline,0
9185,31,baseline,1
9186,31,baseline,0
9187,31,baseline,0
9188,31,baseline,0
9189,31,baseline,0
9190,31,baseline,1
9191,31,baseline,0
9192,31,baseline,0
9193,31,baseline,0
9194,31,baseline,0
9195,31,baseline,0
9196,31,baseline,0
9197,31,baseline,0
9198,31,baseline,1
9199,31,baseline,0
9200,31,baseline,0
9201,31,baseline,0
9202,31,baseline,0
9203,31,baseline,0
9204,31,baseline,0
9205,31,baseline,0
9206,31,baseline,0
9207,31,baseline,0
9208,31,baseline,0
9209,31,baseline,1
9210,31,baseline,0
9211,31,baseline,0
9212,31,baseline,1
9213,31,baseline,0
9214,31,baseline,0
9215,31,baseline,0
9216,31,baseline,0
9217,31,baseline,0
9218,31,baseline,0
9219,31,baseline,0
9220,31,baseline,0
9221,31,baseline,0
9222,31,baseline,0
9223,31,baseline,0
9224,31,baseline,0
9225,31,baseline,0
9226,31,baseline,0
9227,31,baseline,0
9228,31,baseline,0
9229,31,baseline,0
9230,31,baseline,0
9231,31,baseline,0
9232,31,baseline,0
9233,31,baseline,0
9234,31,baseline,0
9235,31,baseline,1
9236,31,baseline,0
9237,31,baseline,0
9238,31,baseline,0
9239,31,baseline,0
9240,31,baseline,0
9241,31,baseline,0
9242,31,baseline,0
9243,31,baseline,0
9244,31,baseline,0
9245,31,baseline,1
9246,31,baseline,0
9247,31,baseline,0
9248,31,baseline,0
9249,31,baseline,0
9250,31,baseline,0
9251,31,baseline,0
9252,31,baseline,0
9253,31,baseline,0
9254,31,baseline,0
9255,31,baseline,0
9256,31,baseline,0
9257,31,baseline,0
9258,31,baseline,1
9259,31,baseline,0
9260,31,baseline,0
9261,31,baseline,0
9262,31,baseline,0
9263,31,baseline,0
9264,31,baseline,0
9265,31,baseline,0
9266,31,baseline,0
9267,31,baseline,0
9268,31,baseline,0
9269,31,baseline,0
9270,31,baseline,0
9271,31,baseline,0
9272,31,baseline,0
9273,31,baseline,0
9274,31,baseline,0
9275,31,baseline,0
9276,31,baseline,0
9277,31,baseline,0
9278,31,baseline,0
9279,31,baseline,0
9280,31,baseline,0
9281,31,baseline,0
9282,31,baseline,0
9283,31,baseline,0
9284,31,baseline,0
9285,31,baseline,0
9286,31,baseline,0
9287,31,baseline,1
9288,31,baseline,0
9289,31,baseline,0
9290,31,baseline,0
9291,31,baseline,1
9292,31,baseline,0
9293,31,baseline,0
9294,31,baseline,0
9295,31,baseline,0
9296,31,baseline,0
9297,31,baseline,0
9298,31,baseline,0
9299,31,baseline,0
9300,31,baseline,0
9301,32,bandit,0
9302,32,bandit,0
9303,32,bandit,0
9304,32,bandit,0
9305,32,bandit,0
9306,32,bandit,1
9307,32,bandit,1
9308,32,bandit,0
9309,32,bandit,0
9310,32,bandit,0
9311,32,bandit,0
9312,32,bandit,0
9313,32,bandit,1
9314,32,bandit,1
9315,32,bandit,0
9316,32,bandit,0
9317,32,bandit,0
9318,32,bandit,0
9319,32,bandit,0
9320,32,bandit,1
9321,32,bandit,0
9322,32,bandit,0
9323,32,bandit,1
9324,32,bandit,1
9325,32,bandit,0
9326,32,bandit,0
9327,32,bandit,0
9328,32,bandit,0
9329,32,bandit,0
9330,32,bandit,1
9331,32,bandit,0
9332,32,bandit,0
9333,32,bandit,0
9334,32,bandit,0
9335,32,bandit,0
9336,32,bandit,0
9337,32,bandit,0
9338,32,bandit,0
9339,32,bandit,0
9340,32,bandit,0
9341,32,bandit,0
9342,32,bandit,0
9343,32,bandit,1
9344,32,bandit,0
9345,32,bandit,1
9346,32,bandit,0
9347,32,bandit,0
9348,32,bandit,0
9349,32,bandit,0
9350,32,bandit,0
9351,32,bandit,0
9352,32,bandit,0
9353,32,bandit,0
9354,32,bandit,0
9355,32,bandit,1
9356,32,bandit,0
9357,32,bandit,1
9358,32,bandit,0
9359,32,bandit,0
9360,32,bandit,0
9361,32,bandit,0
9362,32,bandit,0
9363,32,bandit,0
9364,32,bandit,0
9365,32,bandit,0
9366,32,bandit,0
9367,32,bandit,1
9368,32,bandit,0
9369,32,bandit,0
9370,32,bandit,0
9371,32,bandit,1
9372,32,bandit,0
9373,32,bandit,1
9374,32,bandit,0
9375,32,bandit,0
9376,32,bandit,0
9377,32,bandit,0
9378,32,bandit,0
9379,32,bandit,0
9380,32,bandit,0
9381,32,bandit,0
9382,32,bandit,0
9383,32,bandit,0
9384,32,bandit,0
9385,32,bandit,0
9386,32,bandit,0
9387,32,bandit,1
9388,32,bandit,0
9389,32,bandit,0
9390,32,bandit,0
9391,32,bandit,0
9392,32,bandit,0
9393,32,bandit,0
9394,32,bandit,0
9395,32,bandit,0
9396,32,bandit,0
9397,32,bandit,1
9398,32,bandit,0
9399,32,bandit,0
9400,32,bandit,0
9401,32,bandit,0
9402,32,bandit,0
9403,32,bandit,0
9404,32,bandit,0
9405,32,bandit,0
9406,32,bandit,1
9407,32,bandit,0
9408,32,bandit,0
9409,32,bandit,0
9410,32,bandit,1
9411,32,bandit,0
9412,32,bandit,0
9413,32,bandit,0
9414,32,bandit,0
9415,32,bandit,0
9416,32,bandit,0
9417,32,bandit,0
9418,32,bandit,0
9419,32,bandit,0
9420,32,bandit,0
9421,32,bandit,0
9422,32,bandit,1
9423,32,bandit,0
9424,32,bandit,0
9425,32,bandit,1
9426,32,bandit,0
9427,32,bandit,0
9428,32,bandit,0
9429,32,bandit,0
9430,32,bandit,0
9431,32,bandit,1
9432,32,bandit,0
9433,32,bandit,0
9434,32,bandit,0
9435,32,bandit,0
9436,32,bandit,0
9437,32,bandit,0
9438,32,bandit,0
9439,32,bandit,0
9440,32,bandit,0
9441,32,bandit,0
9442,32,bandit,1
9443,32,bandit,0
9444,32,bandit,0
9445,32,bandit,0
9446,32,bandit,0
9447,32,bandit,0
9448,32,bandit,0
9449,32,bandit,0
9450,32,bandit,0
9451,32,baseline,0
9452,32,baseline,0
9453,32,baseline,0
9454,32,baseline,0
9455,32,baseline,0
9456,32,baseline,0
9457,32,baseline,0
9458,32,baseline,0
9459,32,baseline,0
9460,32,baseline,0
9461,32,baseline,0
9462,32,baseline,0
9463,32,baseline,0
9464,32,baseline,0
9465,32,baseline,1
9466,32,baseline,0
9467,32,baseline,0
9468,32,baseline,1
9469,32,baseline,0
9470,32,baseline,0
9471,32,baseline,0
9472,32,baseline,0
9473,32,baseline,0
9474,32,baseline,0
9475,32,baseline,0
9476,32,baseline,0
9477,32,baseline,0
9478,32,baseline,0
9479,32,baseline,0
9480,32,baseline,0
9481,32,baseline,0
9482,32,baseline,0
9483,32,baseline,0
9484,32,baseline,0
9485,32,baseline,0
9486,32,baseline,1
9487,32,baseline,0
9488,32,baseline,0
9489,32,baseline,0
9490,32,baseline,0
9491,32,baseline,1
9492,32,baseline,0
9493,32,baseline,0
9494,32,baseline,0
9495,32,baseline,0
9496,32,baseline,0
9497,32,baseline,0
9498,32,baseline,0
9499,32,baseline,0
9500,32,baseline,0
9501,32,baseline,1
9502,32,baseline,0
9503,32,baseline,0
9504,32,baseline,0
9505,32,baseline,0
9506,32,baseline,0
9507,32,baseline,0
9508,32,baseline,0
9509,32,baseline,0
9510,32,baseline,0
9511,32,baseline,0
9512,32,baseline,0
9513,32,baseline,0
9514,32,baseline,0
9515,32,baseline,0
9516,32,baseline,0
9517,32,baseline,0
9518,32,baseline,0
9519,32,baseline,1
9520,32,baseline,0
9521,32,baseline,0
9522,32,baseline,0
9523,32,baseline,0
9524,32,baseline,0
9525,32,baseline,0
9526,32,baseline,0
9527,32,baseline,0
9528,32,baseline,0
9529,32,baseline,0
9530,32,baseline,0
9531,32,baseline,0
9532,32,baseline,0
9533,32,baseline,0
9534,32,baseline,0
9535,32,baseline,0
9536,32,baseline,0
9537,32,baseline,0
9538,32,baseline,0
9539,32,baseline,0
9540,32,baseline,0
9541,32,baseline,0
9542,32,baseline,1
9543,32,baseline,0
9544,32,baseline,0
9545,32,baseline,0
9546,32,baseline,0
9547,32,baseline,0
9548,32,baseline,1
9549,32,baseline,0
9550,32,baseline,0
9551,32,baseline,0
9552,32,baseline,0
9553,32,baseline,0
9554,32,baseline,1
9555,32,baseline,0
9556,32,baseline,0
9557,32,baseline,0
9558,32,baseline,0
9559,32,baseline,0
9560,32,baseline,0
9561,32,baseline,0
9562,32,baseline,0
9563,32,baseline,0
9564,32,baseline,0
9565,32,baseline,0
9566,32,baseline,0
9567,32,baseline,0
9568,32,baseline,0
9569,32,baseline,0
9570,32,baseline,0
9571,32,baseline,0
9572,32,baseline,0
9573,32,baseline,0
9574,32,baseline,0
9575,32,baseline,0
9576,32,baseline,0
9577,32,baseline,0
9578,32,baseline,0
9579,32,baseline,0
9580,32,baseline,0
9581,32,baseline,0
9582,32,baseline,0
9583,32,baseline,0
9584,32,baseline,0
9585,32,baseline,0
9586,32,baseline,0
9587,32,baseline,0
9588,32,baseline,0
9589,32,baseline,0
9590,32,baseline,0
9591,32,baseline,0
9592,32,baseline,0
9593,32,baseline,0
9594,32,baseline,1
9595,32,baseline,0
9596,32,baseline,0
9597,32,baseline,0
9598,32,baseline,0
9599,32,baseline,0
9600,32,baseline,0
9601,33,bandit,0
9602,33,bandit,0
9603,33,bandit,0
9604,33,bandit,0
9605,33,bandit,0
9606,33,bandit,1
9607,33,bandit,0
9608,33,bandit,0
9609,33,bandit,0
9610,33,bandit,0
9611,33,bandit,0
9612,33,bandit,0
9613,33,bandit,0
9614,33,bandit,0
9615,33,bandit,0
9616,33,bandit,0
9617,33,bandit,0
9618,33,bandit,0
9619,33,bandit,0
9620,33,bandit,0
9621,33,bandit,1
9622,33,bandit,0
9623,33,bandit,0
9624,33,bandit,0
9625,33,bandit,0
9626,33,bandit,0
9627,33,bandit,0
9628,33,bandit,1
9629,33,bandit,0
9630,33,bandit,0
9631,33,bandit,1
9632,33,bandit,0
9633,33,bandit,0
9634,33,bandit,1
9635,33,bandit,0
9636,33,bandit,0
9637,33,bandit,0
9638,33,bandit,0
9639,33,bandit,0
9640,33,bandit,0
9641,33,bandit,0
9642,33,bandit,1
9643,33,bandit,0
9644,33,bandit,1
9645,33,bandit,0
9646,33,bandit,0
9647,33,bandit,0
9648,33,bandit,1
9649,33,bandit,0
9650,33,bandit,0
9651,33,bandit,0
9652,33,bandit,0
9653,33,bandit,0
9654,33,bandit,0
9655,33,bandit,0
9656,33,bandit,1
9657,33,bandit,0
9658,33,bandit,0
9659,33,bandit,0
9660,33,bandit,0
9661,33,bandit,1
9662,33,bandit,0
9663,33,bandit,0
9664,33,bandit,0
9665,33,bandit,0
9666,33,bandit,1
9667,33,bandit,0
9668,33,bandit,0
9669,33,bandit,0
9670,33,bandit,0
9671,33,bandit,0
9672,33,bandit,0
9673,33,bandit,1
9674,33,bandit,0
9675,33,bandit,0
9676,33,bandit,0
9677,33,bandit,0
9678,33,bandit,0
9679,33,bandit,0
9680,33,bandit,0
9681,33,bandit,0
9682,33,bandit,0
9683,33,bandit,0
9684,33,bandit,0
9685,33,bandit,1
9686,33,bandit,0
9687,33,bandit,0
9688,33,bandit,0
9689,33,bandit,0
9690,33,bandit,0
9691,33,bandit,0
9692,33,bandit,0
9693,33,bandit,0
9694,33,bandit,0
9695,33,bandit,0
9696,33,bandit,0
9697,33,bandit,0
9698,33,bandit,0
9699,33,bandit,0
9700,33,bandit,0
9701,33,bandit,0
9702,33,bandit,0
9703,33,bandit,0
9704,33,bandit,0
9705,33,bandit,0
9706,33,bandit,0
9707,33,bandit,0
9708,33,bandit,0
9709,33,bandit,0
9710,33,bandit,0
9711,33,bandit,0
9712,33,bandit,0
9713,33,bandit,1
9714,33,bandit,0
9715,33,bandit,0
9716,33,bandit,0
9717,33,bandit,0
9718,33,bandit,0
9719,33,bandit,0
9720,33,bandit,0
9721,33,bandit,0
9722,33,bandit,0
9723,33,bandit,0
9724,33,bandit,0
9725,33,bandit,0
9726,33,bandit,1
9727,33,bandit,0
9728,33,bandit,0
9729,33,bandit,0
9730,33,bandit,0
9731,33,bandit,0
9732,33,bandit,0
9733,33,bandit,0
9734,33,bandit,0
9735,33,bandit,0
9736,33,bandit,0
9737,33,bandit,0
9738,33,bandit,0
9739,33,bandit,0
9740,33,bandit,0
9741,33,bandit,0
9742,33,bandit,0
9743,33,bandit,0
9744,33,bandit,0
9745,33,bandit,1
9746,33,bandit,0
9747,33,bandit,0
9748,33,bandit,0
9749,33,bandit,0
9750,33,bandit,0
9751,33,baseline,0
9752,33,baseline,0
9753,33,baseline,0
9754,33,baseline,0
9755,33,baseline,0
9756,33,baseline,0
9757,33,baseline,0
9758,33,baseline,0
9759,33,baseline,0
9760,33,baseline,0
9761,33,baseline,0
9762,33,baseline,0
9763,33,baseline,0
9764,33,baseline,0
9765,33,baseline,0
9766,33,baseline,0
9767,33,baseline,0
9768,33,baseline,0
9769,33,baseline,0
9770,33,baseline,0
9771,33,baseline,0
9772,33,baseline,0
9773,33,baseline,0
9774,33,baseline,0
9775,33,baseline,0
9776,33,baseline,0
9777,33,baseline,0
9778,33,baseline,0
9779,33,baseline,0
9780,33,baseline,0
9781,33,baseline,0
9782,33,baseline,0
9783,33,baseline,0
9784,33,baseline,0
9785,33,baseline,0
9786,33,baseline,0
9787,33,baseline,0
9788,33,baseline,0
9789,33,baseline,0
9790,33,baseline,0
9791,33,baseline,0
9792,33,baseline,0
9793,33,baseline,0
9794,33,baseline,0
9795,33,baseline,0
9796,33,baseline,0
9797,33,baseline,0
9798,33,baseline,0
9799,33,baseline,0
9800,33,baseline,0
9801,33,baseline,0
9802,33,baseline,1
9803,33,baseline,0
9804,33,baseline,0
9805,33,baseline,0
9806,33,baseline,0
9807,33,baseline,0
9808,33,baseline,0
9809,33,baseline,0
9810,33,baseline,0
9811,33,baseline,0
9812,33,baseline,0
9813,33,baseline,0
9814,33,baseline,0
9815,33,baseline,0
9816,33,baseline,0
9817,33,baseline,0
9818,33,baseline,0
9819,33,baseline,0
9820,33,baseline,0
9821,33,baseline,0
9822,33,baseline,0
9823,33,baseline,0
9824,33,baseline,0
9825,33,baseline,0
9826,33,baseline,0
9827,33,baseline,0
9828,33,baseline,1
9829,33,baseline,0
9830,33,baseline,0
9831,33,baseline,0
9832,33,baseline,0
9833,33,baseline,0
9834,33,baseline,0
9835,33,baseline,0
9836,33,baseline,0
9837,33,baseline,0
9838,33,baseline,0
9839,33,baseline,0
9840,33,baseline,0
9841,33,baseline,0
9842,33,baseline,0
9843,33,baseline,0
9844,33,baseline,0
9845,33,baseline,0
9846,33,baseline,0
9847,33,baseline,0
9848,33,baseline,0
9849,33,baseline,0
9850,33,baseline,0
9851,33,baseline,0
9852,33,baseline,0
9853,33,baseline,0
9854,33,baseline,0
9855,33,baseline,0
9856,33,baseline,0
9857,33,baseline,0
9858,33,baseline,0
9859,33,baseline,0
9860,33,baseline,0
9861,33,baseline,0
9862,33,baseline,0
9863,33,baseline,0
9864,33,baseline,1
9865,33,baseline,0
9866,33,baseline,1
9867,33,baseline,0
9868,33,baseline,0
9869,33,baseline,0
9870,33,baseline,0
9871,33,baseline,0
9872,33,baseline,0
9873,33,baseline,0
9874,33,baseline,0
9875,33,baseline,0
9876,33,baseline,0
9877,33,baseline,0
9878,33,baseline,1
9879,33,baseline,0
9880,33,baseline,0
9881,33,baseline,0
9882,33,baseline,0
9883,33,baseline,0
9884,33,baseline,1
9885,33,baseline,0
9886,33,baseline,1
9887,33,baseline,0
9888,33,baseline,0
9889,33,baseline,1
9890,33,baseline,0
9891,33,baseline,0
9892,33,baseline,0
9893,33,baseline,0
9894,33,baseline,0
9895,33,baseline,0
9896,33,baseline,0
9897,33,baseline,0
9898,33,baseline,0
9899,33,baseline,0
9900,33,baseline,0
9901,34,bandit,0
9902,34,bandit,1
9903,34,bandit,0
9904,34,bandit,0
9905,34,bandit,0
9906,34,bandit,1
9907,34,bandit,1
9908,34,bandit,0
9909,34,bandit,0
9910,34,bandit,1
9911,34,bandit,0
9912,34,bandit,0
9913,34,bandit,1
9914,34,bandit,0
9915,34,bandit,1
9916,34,bandit,0
9917,34,bandit,1
9918,34,bandit,0
9919,34,bandit,0
9920,34,bandit,0
9921,34,bandit,0
9922,34,bandit,0
9923,34,bandit,0
9924,34,bandit,0
9925,34,bandit,0
9926,34,bandit,0
9927,34,bandit,0
9928,34,bandit,0
9929,34,bandit,0
9930,34,bandit,0
9931,34,bandit,1
9932,34,bandit,0
9933,34,bandit,0
9934,34,bandit,0
9935,34,bandit,0
9936,34,bandit,0
9937,34,bandit,1
9938,34,bandit,0
9939,34,bandit,0
9940,34,bandit,0
9941,34,bandit,1
9942,34,bandit,0
9943,34,bandit,0
9944,34,bandit,0
9945,34,bandit,0
9946,34,bandit,0
9947,34,bandit,0
9948,34,bandit,0
9949,34,bandit,0
9950,34,bandit,0
9951,34,bandit,0
9952,34,bandit,0
9953,34,bandit,0
9954,34,bandit,0
9955,34,bandit,0
9956,34,bandit,0
9957,34,bandit,0
9958,34,bandit,0
9959,34,bandit,0
9960,34,bandit,0
9961,34,bandit,0
9962,34,bandit,0
9963,34,bandit,0
9964,34,bandit,0
9965,34,bandit,0
9966,34,bandit,0
9967,34,bandit,0
9968,34,bandit,0
9969,34,bandit,0
9970,34,bandit,0
9971,34,bandit,0
9972,34,bandit,0
9973,34,bandit,0
9974,34,bandit,0
9975,34,bandit,0
9976,34,bandit,0
9977,34,bandit,0
9978,34,bandit,0
9979,34,bandit,1
9980,34,bandit,0
9981,34,bandit,0
9982,34,bandit,0
9983,34,bandit,0
9984,34,bandit,0
9985,34,bandit,0
9986,34,bandit,0
9987,34,bandit,0
9988,34,bandit,0
9989,34,bandit,0
9990,34,bandit,1
9991,34,bandit,0
9992,34,bandit,0
9993,34,bandit,0
9994,34,bandit,0
9995,34,bandit,1
9996,34,bandit,0
9997,34,bandit,0
9998,34,bandit,0
9999,34,bandit,1
10000,34,bandit,0
10001,34,bandit,0
10002,34,bandit,0
10003,34,bandit,0
10004,34,bandit,0
10005,34,bandit,0
10006,34,bandit,0
10007,34,bandit,0
10008,34,bandit,0
10009,34,bandit,0
10010,34,bandit,1
10011,34,bandit,0
10012,34,bandit,0
10013,34,bandit,1
10014,34,bandit,0
10015,34,bandit,0
10016,34,bandit,0
10017,34,bandit,0
10018,34,bandit,0
10019,34,bandit,0
10020,34,bandit,0
10021,34,bandit,0
10022,34,bandit,0
10023,34,bandit,0
10024,34,bandit,0
10025,34,bandit,0
10026,34,bandit,1
10027,34,bandit,0
10028,34,bandit,0
10029,34,bandit,0
10030,34,bandit,0
10031,34,bandit,0
10032,34,bandit,0
10033,34,bandit,0
10034,34,bandit,0
10035,34,bandit,0
10036,34,bandit,0
10037,34,bandit,0
10038,34,bandit,0
10039,34,bandit,0
10040,34,bandit,0
10041,34,bandit,0
10042,34,bandit,0
10043,34,bandit,0
10044,34,bandit,1
10045,34,bandit,0
10046,34,bandit,0
10047,34,bandit,0
10048,34,bandit,0
10049,34,bandit,0
10050,34,bandit,0
10051,34,baseline,0
10052,34,baseline,0
10053,34,baseline,0
10054,34,baseline,1
10055,34,baseline,0
10056,34,baseline,0
10057,34,baseline,0
10058,34,baseline,0
10059,34,baseline,0
10060,34,baseline,0
10061,34,baseline,1
10062,34,baseline,1
10063,34,baseline,0
10064,34,baseline,0
10065,34,baseline,0
10066,34,baseline,0
10067,34,baseline,0
10068,34,baseline,0
10069,34,baseline,0
10070,34,baseline,0
10071,34,baseline,0
10072,34,baseline,1
10073,34,baseline,0
10074,34,baseline,0
10075,34,baseline,0
10076,34,baseline,0
10077,34,baseline,0
10078,34,baseline,0
10079,34,baseline,0
10080,34,baseline,0
10081,34,baseline,0
10082,34,baseline,1
10083,34,baseline,1
10084,34,baseline,0
10085,34,baseline,0
10086,34,baseline,0
10087,34,baseline,0
10088,34,baseline,0
10089,34,baseline,1
10090,34,baseline,0
10091,34,baseline,0
10092,34,baseline,0
10093,34,baseline,0
10094,34,baseline,0
10095,34,baseline,0
10096,34,baseline,0
10097,34,baseline,0
10098,34,baseline,0
10099,34,baseline,0
10100,34,baseline,0
10101,34,baseline,0
10102,34,baseline,0
10103,34,baseline,0
10104,34,baseline,0
10105,34,baseline,0
10106,34,baseline,0
10107,34,baseline,0
10108,34,baseline,0
10109,34,baseline,0
10110,34,baseline,0
10111,34,baseline,0
10112,34,baseline,0
10113,34,baseline,0
10114,34,baseline,0
10115,34,baseline,0
10116,34,baseline,0
10117,34,baseline,0
10118,34,baseline,0
10119,34,baseline,0
10120,34,baseline,0
10121,34,baseline,0
10122,34,baseline,0
10123,34,baseline,0
10124,34,baseline,0
10125,34,baseline,1
10126,34,baseline,0
10127,34,baseline,0
10128,34,baseline,0
10129,34,baseline,0
10130,34,baseline,0
10131,34,baseline,0
10132,34,baseline,0
10133,34,baseline,0
10134,34,baseline,0
10135,34,baseline,0
10136,34,baseline,0
10137,34,baseline,0
10138,34,baseline,0
10139,34,baseline,0
10140,34,baseline,0
10141,34,baseline,0
10142,34,baseline,0
10143,34,baseline,0
10144,34,baseline,0
10145,34,baseline,0
10146,34,baseline,0
10147,34,baseline,0
10148,34,baseline,0
10149,34,baseline,0
10150,34,baseline,1
10151,34,baseline,0
10152,34,baseline,0
10153,34,baseline,0
10154,34,baseline,0
10155,34,baseline,0
10156,34,baseline,0
10157,34,baseline,0
10158,34,baseline,0
10159,34,baseline,0
10160,34,baseline,0
10161,34,baseline,0
10162,34,baseline,0
10163,34,baseline,0
10164,34,baseline,1
10165,34,baseline,0
10166,34,baseline,0
10167,34,baseline,1
10168,34,baseline,0
10169,34,baseline,0
10170,34,baseline,0
10171,34,baseline,0
10172,34,baseline,0
10173,34,baseline,0
10174,34,baseline,0
10175,34,baseline,0
10176,34,baseline,0
10177,34,baseline,0
10178,34,baseline,1
10179,34,baseline,0
10180,34,baseline,1
10181,34,baseline,0
10182,34,baseline,0
10183,34,baseline,0
10184,34,baseline,0
10185,34,baseline,0
10186,34,baseline,0
10187,34,baseline,0
10188,34,baseline,0
10189,34,baseline,0
10190,34,baseline,0
10191,34,baseline,0
10192,34,baseline,1
10193,34,baseline,0
10194,34,baseline,0
10195,34,baseline,0
10196,34,baseline,0
10197,34,baseline,0
10198,34,baseline,0
10199,34,baseline,0
10200,34,baseline,0
10201,35,bandit,1
10202,35,bandit,0
10203,35,bandit,1
10204,35,bandit,0
10205,35,bandit,0
10206,35,bandit,1
10207,35,bandit,0
10208,35,bandit,1
10209,35,bandit,0
10210,35,bandit,0
10211,35,bandit,0
10212,35,bandit,0
10213,35,bandit,1
10214,35,bandit,1
10215,35,bandit,0
10216,35,bandit,0
10217,35,bandit,0
10218,35,bandit,0
10219,35,bandit,0
10220,35,bandit,0
10221,35,bandit,1
10222,35,bandit,0
10223,35,bandit,0
10224,35,bandit,1
10225,35,bandit,0
10226,35,bandit,0
10227,35,bandit,0
10228,35,bandit,0
10229,35,bandit,0
10230,35,bandit,0
10231,35,bandit,1
10232,35,bandit,0
10233,35,bandit,0
10234,35,bandit,1
10235,35,bandit,0
10236,35,bandit,0
10237,35,bandit,1
10238,35,bandit,0
10239,35,bandit,1
10240,35,bandit,1
10241,35,bandit,1
10242,35,bandit,0
10243,35,bandit,1
10244,35,bandit,0
10245,35,bandit,0
10246,35,bandit,1
10247,35,bandit,0
10248,35,bandit,0
10249,35,bandit,0
10250,35,bandit,0
10251,35,bandit,0
10252,35,bandit,0
10253,35,bandit,0
10254,35,bandit,0
10255,35,bandit,0
10256,35,bandit,0
10257,35,bandit,0
10258,35,bandit,0
10259,35,bandit,0
10260,35,bandit,0
10261,35,bandit,0
10262,35,bandit,0
10263,35,bandit,0
10264,35,bandit,0
10265,35,bandit,0
10266,35,bandit,0
10267,35,bandit,0
10268,35,bandit,0
10269,35,bandit,0
10270,35,bandit,0
10271,35,bandit,0
10272,35,bandit,0
10273,35,bandit,0
10274,35,bandit,0
10275,35,bandit,0
10276,35,bandit,0
10277,35,bandit,0
10278,35,bandit,1
10279,35,bandit,0
10280,35,bandit,0
10281,35,bandit,0
10282,35,bandit,0
10283,35,bandit,0
10284,35,bandit,0
10285,35,bandit,0
10286,35,bandit,0
10287,35,bandit,0
10288,35,bandit,1
10289,35,bandit,0
10290,35,bandit,0
10291,35,bandit,0
10292,35,bandit,1
10293,35,bandit,1
10294,35,bandit,0
10295,35,bandit,0
10296,35,bandit,1
10297,35,bandit,0
10298,35,bandit,0
10299,35,bandit,0
10300,35,bandit,1
10301,35,bandit,0
10302,35,bandit,0
10303,35,bandit,0
10304,35,bandit,0
10305,35,bandit,0
10306,35,bandit,0
10307,35,bandit,0
10308,35,bandit,0
10309,35,bandit,0
10310,35,bandit,0
10311,35,bandit,0
10312,35,bandit,0
10313,35,bandit,0
10314,35,bandit,0
10315,35,bandit,0
10316,35,bandit,0
10317,35,bandit,0
10318,35,bandit,1
10319,35,bandit,0
10320,35,bandit,1
10321,35,bandit,0
10322,35,bandit,0
10323,35,bandit,0
10324,35,bandit,0
10325,35,bandit,0
10326,35,bandit,0
10327,35,bandit,0
10328,35,bandit,0
10329,35,bandit,0
10330,35,bandit,0
10331,35,bandit,0
10332,35,bandit,0
10333,35,bandit,0
10334,35,bandit,0
10335,35,bandit,1
10336,35,bandit,0
10337,35,bandit,0
10338,35,bandit,0
10339,35,bandit,0
10340,35,bandit,0
10341,35,bandit,0
10342,35,bandit,0
10343,35,bandit,0
10344,35,bandit,0
10345,35,bandit,1
10346,35,bandit,0
10347,35,bandit,0
10348,35,bandit,0
10349,35,bandit,0
10350,35,bandit,1
10351,35,baseline,0
10352,35,baseline,0
10353,35,baseline,1
10354,35,baseline,0
10355,35,baseline,0
10356,35,baseline,0
10357,35,baseline,0
10358,35,baseline,0
10359,35,baseline,0
10360,35,baseline,0
10361,35,baseline,0
10362,35,baseline,0
10363,35,baseline,0
10364,35,baseline,0
10365,35,baseline,0
10366,35,baseline,0
10367,35,baseline,0
10368,35,baseline,0
10369,35,baseline,0
10370,35,baseline,1
10371,35,baseline,0
10372,35,baseline,0
10373,35,baseline,0
10374,35,baseline,0
10375,35,baseline,0
10376,35,baseline,0
10377,35,baseline,0
10378,35,baseline,0
10379,35,baseline,0
10380,35,baseline,0
10381,35,baseline,0
10382,35,baseline,0
10383,35,baseline,1
10384,35,baseline,0
10385,35,baseline,0
10386,35,baseline,0
10387,35,baseline,0
10388,35,baseline,0
10389,35,baseline,0
10390,35,baseline,0
10391,35,baseline,0
10392,35,baseline,0
10393,35,baseline,0
10394,35,baseline,0
10395,35,baseline,0
10396,35,baseline,0
10397,35,baseline,0
10398,35,baseline,0
10399,35,baseline,0
10400,35,baseline,0
10401,35,baseline,0
10402,35,baseline,0
10403,35,baseline,0
10404,35,baseline,0
10405,35,baseline,1
10406,35,baseline,1
10407,35,baseline,0
10408,35,baseline,0
10409,35,baseline,0
10410,35,baseline,0
10411,35,baseline,0
10412,35,baseline,0
10413,35,baseline,0
10414,35,baseline,0
10415,35,baseline,0
10416,35,baseline,0
10417,35,baseline,0
10418,35,baseline,0
10419,35,baseline,0
10420,35,baseline,0
10421,35,baseline,0
10422,35,baseline,0
10423,35,baseline,1
10424,35,baseline,0
10425,35,baseline,0
10426,35,baseline,0
10427,35,baseline,0
10428,35,baseline,0
10429,35,baseline,0
10430,35,baseline,0
10431,35,baseline,0
10432,35,baseline,0
10433,35,baseline,0
10434,35,baseline,1
10435,35,baseline,0
10436,35,baseline,0
10437,35,baseline,0
10438,35,baseline,0
10439,35,baseline,0
10440,35,baseline,0
10441,35,baseline,1
10442,35,baseline,0
10443,35,baseline,0
10444,35,baseline,0
10445,35,baseline,1
10446,35,baseline,0
10447,35,baseline,1
10448,35,baseline,0
10449,35,baseline,0
10450,35,baseline,0
10451,35,baseline,1
10452,35,baseline,0
10453,35,baseline,1
10454,35,baseline,0
10455,35,baseline,0
10456,35,baseline,0
10457,35,baseline,0
10458,35,baseline,0
10459,35,baseline,0
10460,35,baseline,0
10461,35,baseline,0
10462,35,baseline,0
10463,35,baseline,0
10464,35,baseline,0
10465,35,baseline,0
10466,35,baseline,0
10467,35,baseline,0
10468,35,baseline,0
10469,35,baseline,0
10470,35,baseline,0
10471,35,baseline,0
10472,35,baseline,0
10473,35,baseline,0
10474,35,baseline,0
10475,35,baseline,0
10476,35,baseline,0
10477,35,baseline,0
10478,35,baseline,0
10479,35,baseline,0
10480,35,baseline,0
10481,35,baseline,0
10482,35,baseline,0
10483,35,baseline,0
10484,35,baseline,1
10485,35,baseline,0
10486,35,baseline,0
10487,35,baseline,0
10488,35,baseline,0
10489,35,baseline,0
10490,35,baseline,1
10491,35,baseline,0
10492,35,baseline,0
10493,35,baseline,0
10494,35,baseline,0
10495,35,baseline,0
10496,35,baseline,0
10497,35,baseline,0
10498,35,baseline,0
10499,35,baseline,0
10500,35,baseline,0
10501,36,bandit,0
10502,36,bandit,0
10503,36,bandit,0
10504,36,bandit,0
10505,36,bandit,0
10506,36,bandit,1
10507,36,bandit,0
10508,36,bandit,0
10509,36,bandit,0
10510,36,bandit,0
10511,36,bandit,0
10512,36,bandit,1
10513,36,bandit,0
10514,36,bandit,0
10515,36,bandit,0
10516,36,bandit,0
10517,36,bandit,0
10518,36,bandit,0
10519,36,bandit,0
10520,36,bandit,0
10521,36,bandit,1
10522,36,bandit,1
10523,36,bandit,1
10524,36,bandit,0
10525,36,bandit,0
10526,36,bandit,0
10527,36,bandit,0
10528,36,bandit,0
10529,36,bandit,0
10530,36,bandit,1
10531,36,bandit,0
10532,36,bandit,0
10533,36,bandit,0
10534,36,bandit,1
10535,36,bandit,0
10536,36,bandit,0
10537,36,bandit,0
10538,36,bandit,0
10539,36,bandit,1
10540,36,bandit,0
10541,36,bandit,0
10542,36,bandit,0
10543,36,bandit,0
10544,36,bandit,0
10545,36,bandit,0
10546,36,bandit,0
10547,36,bandit,0
10548,36,bandit,0
10549,36,bandit,0
10550,36,bandit,0
10551,36,bandit,0
10552,36,bandit,0
10553,36,bandit,0
10554,36,bandit,0
10555,36,bandit,0
10556,36,bandit,0
10557,36,bandit,0
10558,36,bandit,1
10559,36,bandit,0
10560,36,bandit,0
10561,36,bandit,0
10562,36,bandit,0
10563,36,bandit,1
10564,36,bandit,0
10565,36,bandit,0
10566,36,bandit,0
10567,36,bandit,0
10568,36,bandit,1
10569,36,bandit,0
10570,36,bandit,0
10571,36,bandit,0
10572,36,bandit,0
10573,36,bandit,0
10574,36,bandit,0
10575,36,bandit,1
10576,36,bandit,0
10577,36,bandit,0
10578,36,bandit,0
10579,36,bandit,0
10580,36,bandit,1
10581,36,bandit,0
10582,36,bandit,0
10583,36,bandit,1
10584,36,bandit,0
10585,36,bandit,0
10586,36,bandit,0
10587,36,bandit,0
10588,36,bandit,0
10589,36,bandit,1
10590,36,bandit,0
10591,36,bandit,0
10592,36,bandit,0
10593,36,bandit,0
10594,36,bandit,0
10595,36,bandit,0
10596,36,bandit,0
10597,36,bandit,1
10598,36,bandit,0
10599,36,bandit,0
10600,36,bandit,0
10601,36,bandit,0
10602,36,bandit,0
10603,36,bandit,0
10604,36,bandit,1
10605,36,bandit,0
10606,36,bandit,0
10607,36,bandit,0
10608,36,bandit,0
10609,36,bandit,0
10610,36,bandit,0
10611,36,bandit,0
10612,36,bandit,0
10613,36,bandit,0
10614,36,bandit,0
10615,36,bandit,0
10616,36,bandit,0
10617,36,bandit,0
10618,36,bandit,0
10619,36,bandit,0
10620,36,bandit,0
10621,36,bandit,0
10622,36,bandit,0
10623,36,bandit,1
10624,36,bandit,0
10625,36,bandit,0
10626,36,bandit,0
10627,36,bandit,0
10628,36,bandit,0
10629,36,bandit,0
10630,36,bandit,0
10631,36,bandit,0
10632,36,bandit,0
10633,36,bandit,1
10634,36,bandit,0
10635,36,bandit,0
10636,36,bandit,0
10637,36,bandit,0
10638,36,bandit,0
10639,36,bandit,0
10640,36,bandit,0
10641,36,bandit,1
10642,36,bandit,0
10643,36,bandit,0
10644,36,bandit,0
10645,36,bandit,0
10646,36,bandit,0
10647,36,bandit,0
10648,36,bandit,0
10649,36,bandit,0
10650,36,bandit,1
10651,36,baseline,0
10652,36,baseline,0
10653,36,baseline,0
10654,36,baseline,0
10655,36,baseline,0
10656,36,baseline,0
10657,36,baseline,0
10658,36,baseline,0
10659,36,baseline,0
10660,36,baseline,0
10661,36,baseline,0
10662,36,baseline,0
10663,36,baseline,0
10664,36,baseline,0
10665,36,baseline,0
10666,36,baseline,0
10667,36,baseline,0
10668,36,baseline,0
10669,36,baseline,0
10670,36,baseline,1
10671,36,baseline,1
10672,36,baseline,0
10673,36,baseline,0
10674,36,baseline,0
10675,36,baseline,1
10676,36,baseline,0
10677,36,baseline,0
10678,36,baseline,0
10679,36,baseline,0
10680,36,baseline,0
10681,36,baseline,0
10682,36,baseline,0
10683,36,baseline,0
10684,36,baseline,0
10685,36,baseline,0
10686,36,baseline,0
10687,36,baseline,0
10688,36,baseline,0
10689,36,baseline,0
10690,36,baseline,0
10691,36,baseline,0
10692,36,baseline,0
10693,36,baseline,0
10694,36,baseline,0
10695,36,baseline,0
10696,36,baseline,0
10697,36,baseline,0
10698,36,baseline,0
10699,36,baseline,0
10700,36,baseline,0
10701,36,baseline,0
10702,36,baseline,0
10703,36,baseline,0
10704,36,baseline,0
10705,36,baseline,0
10706,36,baseline,0
10707,36,baseline,0
10708,36,baseline,0
10709,36,baseline,0
10710,36,baseline,0
10711,36,baseline,0
10712,36,baseline,0
10713,36,baseline,0
10714,36,baseline,0
10715,36,baseline,0
10716,36,baseline,0
10717,36,baseline,0
10718,36,baseline,0
10719,36,baseline,0
10720,36,baseline,0
10721,36,baseline,0
10722,36,baseline,0
10723,36,baseline,1
10724,36,baseline,0
10725,36,baseline,1
10726,36,baseline,0
10727,36,baseline,0
10728,36,baseline,0
10729,36,baseline,0
10730,36,baseline,0
10731,36,baseline,0
10732,36,baseline,0
10733,36,baseline,0
10734,36,baseline,0
10735,36,baseline,0
10736,36,baseline,0
10737,36,baseline,0
10738,36,baseline,0
10739,36,baseline,0
10740,36,baseline,0
10741,36,baseline,0
10742,36,baseline,0
10743,36,baseline,0
10744,36,baseline,0
10745,36,baseline,0
10746,36,baseline,1
10747,36,baseline,0
10748,36,baseline,0
10749,36,baseline,0
10750,36,baseline,0
10751,36,baseline,0
10752,36,baseline,0
10753,36,baseline,0
10754,36,baseline,1
10755,36,baseline,0
10756,36,baseline,0
10757,36,baseline,0
10758,36,baseline,0
10759,36,baseline,0
10760,36,baseline,0
10761,36,baseline,0
10762,36,baseline,0
10763,36,baseline,1
10764,36,baseline,1
10765,36,baseline,0
10766,36,baseline,0
10767,36,baseline,1
10768,36,baseline,1
10769,36,baseline,1
10770,36,baseline,0
10771,36,baseline,0
10772,36,baseline,0
10773,36,baseline,1
10774,36,baseline,0
10775,36,baseline,0
10776,36,baseline,1
10777,36,baseline,0
10778,36,baseline,0
10779,36,baseline,0
10780,36,baseline,0
10781,36,baseline,0
10782,36,baseline,0
10783,36,baseline,0
10784,36,baseline,0
10785,36,baseline,1
10786,36,baseline,0
10787,36,baseline,0
10788,36,baseline,1
10789,36,baseline,0
10790,36,baseline,0
10791,36,baseline,0
10792,36,baseline,0
10793,36,baseline,0
10794,36,baseline,0
10795,36,baseline,0
10796,36,baseline,0
10797,36,baseline,0
10798,36,baseline,0
10799,36,baseline,0
10800,36,baseline,0
10801,37,bandit,0
10802,37,bandit,0
10803,37,bandit,0
10804,37,bandit,0
10805,37,bandit,0
10806,37,bandit,0
10807,37,bandit,0
10808,37,bandit,0
10809,37,bandit,0
10810,37,bandit,0
10811,37,bandit,0
10812,37,bandit,0
10813,37,bandit,0
10814,37,bandit,0
10815,37,bandit,0
10816,37,bandit,0
10817,37,bandit,0
10818,37,bandit,0
10819,37,bandit,1
10820,37,bandit,0
10821,37,bandit,1
10822,37,bandit,0
10823,37,bandit,0
10824,37,bandit,1
10825,37,bandit,0
10826,37,bandit,0
10827,37,bandit,0
10828,37,bandit,0
10829,37,bandit,0
10830,37,bandit,0
10831,37,bandit,0
10832,37,bandit,0
10833,37,bandit,0
10834,37,bandit,0
10835,37,bandit,0
10836,37,bandit,0
10837,37,bandit,0
10838,37,bandit,0
10839,37,bandit,0
10840,37,bandit,0
10841,37,bandit,1
10842,37,bandit,0
10843,37,bandit,0
10844,37,bandit,0
10845,37,bandit,0
10846,37,bandit,1
10847,37,bandit,0
10848,37,bandit,0
10849,37,bandit,0
10850,37,bandit,0
10851,37,bandit,0
10852,37,bandit,0
10853,37,bandit,1
10854,37,bandit,0
10855,37,bandit,0
10856,37,bandit,0
10857,37,bandit,0
10858,37,bandit,0
10859,37,bandit,1
10860,37,bandit,0
10861,37,bandit,0
10862,37,bandit,0
10863,37,bandit,0
10864,37,bandit,0
10865,37,bandit,0
10866,37,bandit,0
10867,37,bandit,0
10868,37,bandit,0
10869,37,bandit,0
10870,37,bandit,0
10871,37,bandit,0
10872,37,bandit,0
10873,37,bandit,0
10874,37,bandit,0
10875,37,bandit,0
10876,37,bandit,0
10877,37,bandit,0
10878,37,bandit,0
10879,37,bandit,1
10880,37,bandit,0
10881,37,bandit,1
10882,37,bandit,0
10883,37,bandit,0
10884,37,bandit,0
10885,37,bandit,1
10886,37,bandit,0
10887,37,bandit,0
10888,37,bandit,1
10889,37,bandit,0
10890,37,bandit,0
10891,37,bandit,0
10892,37,bandit,0
10893,37,bandit,0
10894,37,bandit,0
10895,37,bandit,0
10896,37,bandit,0
10897,37,bandit,0
10898,37,bandit,0
10899,37,bandit,0
10900,37,bandit,0
10901,37,bandit,0
10902,37,bandit,0
10903,37,bandit,0
10904,37,bandit,0
10905,37,bandit,0
10906,37,bandit,0
10907,37,bandit,0
10908,37,bandit,0
10909,37,bandit,0
10910,37,bandit,0
10911,37,bandit,0
10912,37,bandit,0
10913,37,bandit,0
10914,37,bandit,0
10915,37,bandit,0
10916,37,bandit,1
10917,37,bandit,0
10918,37,bandit,0
10919,37,bandit,0
10920,37,bandit,0
10921,37,bandit,0
10922,37,bandit,0
10923,37,bandit,0
10924,37,bandit,1
10925,37,bandit,0
10926,37,bandit,0
10927,37,bandit,0
10928,37,bandit,0
10929,37,bandit,0
10930,37,bandit,1
10931,37,bandit,0
10932,37,bandit,0
10933,37,bandit,0
10934,37,bandit,0
10935,37,bandit,0
10936,37,bandit,0
10937,37,bandit,0
10938,37,bandit,1
10939,37,bandit,0
10940,37,bandit,1
10941,37,bandit,1
10942,37,bandit,0
10943,37,bandit,1
10944,37,bandit,0
10945,37,bandit,0
10946,37,bandit,0
10947,37,bandit,0
10948,37,bandit,0
10949,37,bandit,1
10950,37,bandit,0
10951,37,baseline,0
10952,37,baseline,0
10953,37,baseline,0
10954,37,baseline,0
10955,37,baseline,0
10956,37,baseline,0
10957,37,baseline,0
10958,37,baseline,1
10959,37,baseline,0
10960,37,baseline,0
10961,37,baseline,0
10962,37,baseline,0
10963,37,baseline,0
10964,37,baseline,0
10965,37,baseline,0
10966,37,baseline,0
10967,37,baseline,0
10968,37,baseline,0
10969,37,baseline,0
10970,37,baseline,0
10971,37,baseline,0
10972,37,baseline,0
10973,37,baseline,0
10974,37,baseline,0
10975,37,baseline,0
10976,37,baseline,0
10977,37,baseline,0
10978,37,baseline,0
10979,37,baseline,0
10980,37,baseline,0
10981,37,baseline,0
10982,37,baseline,0
10983,37,baseline,0
10984,37,baseline,0
10985,37,baseline,0
10986,37,baseline,0
10987,37,baseline,0
10988,37,baseline,0
10989,37,baseline,0
10990,37,baseline,0
10991,37,baseline,0
10992,37,baseline,0
10993,37,baseline,0
10994,37,baseline,0
10995,37,baseline,0
10996,37,baseline,0
10997,37,baseline,0
10998,37,baseline,0
10999,37,baseline,0
11000,37,baseline,0
11001,37,baseline,0
11002,37,baseline,1
11003,37,baseline,0
11004,37,baseline,0
11005,37,baseline,0
11006,37,baseline,0
11007,37,baseline,0
11008,37,baseline,0
11009,37,baseline,0
11010,37,baseline,0
11011,37,baseline,0
11012,37,baseline,0
11013,37,baseline,0
11014,37,baseline,0
11015,37,baseline,0
11016,37,baseline,0
11017,37,baseline,0
11018,37,baseline,0
11019,37,baseline,0
11020,37,baseline,0
11021,37,baseline,0
11022,37,baseline,0
11023,37,baseline,0
11024,37,baseline,0
11025,37,baseline,0
11026,37,baseline,0
11027,37,baseline,0
11028,37,baseline,0
11029,37,baseline,0
11030,37,baseline,0
11031,37,baseline,0
11032,37,baseline,0
11033,37,baseline,0
11034,37,baseline,0
11035,37,baseline,1
11036,37,baseline,0
11037,37,baseline,0
11038,37,baseline,0
11039,37,baseline,1
11040,37,baseline,0
11041,37,baseline,0
11042,37,baseline,0
11043,37,baseline,0
11044,37,baseline,0
11045,37,baseline,1
11046,37,baseline,0
11047,37,baseline,0
11048,37,baseline,0
11049,37,baseline,0
11050,37,baseline,0
11051,37,baseline,0
11052,37,baseline,0
11053,37,baseline,1
11054,37,baseline,0
11055,37,baseline,0
11056,37,baseline,0
11057,37,baseline,1
11058,37,baseline,0
11059,37,baseline,0
11060,37,baseline,0
11061,37,baseline,0
11062,37,baseline,0
11063,37,baseline,0
11064,37,baseline,0
11065,37,baseline,0
11066,37,baseline,0
11067,37,baseline,0
11068,37,baseline,0
11069,37,baseline,0
11070,37,baseline,0
11071,37,baseline,1
11072,37,baseline,0
11073,37,baseline,0
11074,37,baseline,0
11075,37,baseline,0
11076,37,baseline,0
11077,37,baseline,0
11078,37,baseline,0
11079,37,baseline,0
11080,37,baseline,1
11081,37,baseline,0
11082,37,baseline,0
11083,37,baseline,0
11084,37,baseline,0
11085,37,baseline,0
11086,37,baseline,0
11087,37,baseline,1
11088,37,baseline,0
11089,37,baseline,1
11090,37,baseline,0
11091,37,baseline,0
11092,37,baseline,0
11093,37,baseline,1
11094,37,baseline,0
11095,37,baseline,0
11096,37,baseline,0
11097,37,baseline,1
11098,37,baseline,0
11099,37,baseline,0
11100,37,baseline,0
11101,38,bandit,0
11102,38,bandit,0
11103,38,bandit,0
11104,38,bandit,0
11105,38,bandit,0
11106,38,bandit,0
11107,38,bandit,0
11108,38,bandit,0
11109,38,bandit,0
11110,38,bandit,0
11111,38,bandit,0
11112,38,bandit,0
11113,38,bandit,0
11114,38,bandit,0
11115,38,bandit,0
11116,38,bandit,0
11117,38,bandit,0
11118,38,bandit,0
11119,38,bandit,1
11120,38,bandit,1
11121,38,bandit,0
11122,38,bandit,0
11123,38,bandit,1
11124,38,bandit,1
11125,38,bandit,1
11126,38,bandit,1
11127,38,bandit,1
11128,38,bandit,0
11129,38,bandit,0
11130,38,bandit,0
11131,38,bandit,0
11132,38,bandit,0
11133,38,bandit,0
11134,38,bandit,0
11135,38,bandit,0
11136,38,bandit,1
11137,38,bandit,0
11138,38,bandit,0
11139,38,bandit,1
11140,38,bandit,0
11141,38,bandit,1
11142,38,bandit,0
11143,38,bandit,0
11144,38,bandit,0
11145,38,bandit,0
11146,38,bandit,1
11147,38,bandit,0
11148,38,bandit,0
11149,38,bandit,1
11150,38,bandit,0
11151,38,bandit,0
11152,38,bandit,0
11153,38,bandit,0
11154,38,bandit,0
11155,38,bandit,0
11156,38,bandit,1
11157,38,bandit,1
11158,38,bandit,1
11159,38,bandit,0
11160,38,bandit,0
11161,38,bandit,0
11162,38,bandit,0
11163,38,bandit,0
11164,38,bandit,0
11165,38,bandit,0
11166,38,bandit,0
11167,38,bandit,0
11168,38,bandit,0
11169,38,bandit,0
11170,38,bandit,0
11171,38,bandit,0
11172,38,bandit,1
11173,38,bandit,0
11174,38,bandit,0
11175,38,bandit,0
11176,38,bandit,0
11177,38,bandit,0
11178,38,bandit,0
11179,38,bandit,0
11180,38,bandit,0
11181,38,bandit,0
11182,38,bandit,1
11183,38,bandit,0
11184,38,bandit,0
11185,38,bandit,1
11186,38,bandit,0
11187,38,bandit,0
11188,38,bandit,1
11189,38,bandit,0
11190,38,bandit,0
11191,38,bandit,0
11192,38,bandit,0
11193,38,bandit,0
11194,38,bandit,0
11195,38,bandit,0
11196,38,bandit,0
11197,38,bandit,0
11198,38,bandit,0
11199,38,bandit,0
11200,38,bandit,0
11201,38,bandit,0
11202,38,bandit,1
11203,38,bandit,0
11204,38,bandit,0
11205,38,bandit,0
11206,38,bandit,1
11207,38,bandit,0
11208,38,bandit,0
11209,38,bandit,0
11210,38,bandit,0
11211,38,bandit,0
11212,38,bandit,0
11213,38,bandit,0
11214,38,bandit,1
11215,38,bandit,0
11216,38,bandit,0
11217,38,bandit,0
11218,38,bandit,0
11219,38,bandit,1
11220,38,bandit,0
11221,38,bandit,0
11222,38,bandit,0
11223,38,bandit,0
11224,38,bandit,0
11225,38,bandit,1
11226,38,bandit,0
11227,38,bandit,0
11228,38,bandit,0
11229,38,bandit,0
11230,38,bandit,0
11231,38,bandit,0
11232,38,bandit,0
11233,38,bandit,1
11234,38,bandit,0
11235,38,bandit,0
11236,38,bandit,0
11237,38,bandit,0
11238,38,bandit,0
11239,38,bandit,0
11240,38,bandit,0
11241,38,bandit,0
11242,38,bandit,0
11243,38,bandit,0
11244,38,bandit,0
11245,38,bandit,0
11246,38,bandit,1
11247,38,bandit,0
11248,38,bandit,0
11249,38,bandit,0
11250,38,bandit,0
11251,38,baseline,0
11252,38,baseline,0
11253,38,baseline,1
11254,38,baseline,0
11255,38,baseline,0
11256,38,baseline,0
11257,38,baseline,0
11258,38,baseline,0
11259,38,baseline,0
11260,38,baseline,0
11261,38,baseline,0
11262,38,baseline,0
11263,38,baseline,0
11264,38,baseline,1
11265,38,baseline,0
11266,38,baseline,0
11267,38,baseline,0
11268,38,baseline,0
11269,38,baseline,0
11270,38,baseline,0
11271,38,baseline,0
11272,38,baseline,0
11273,38,baseline,0
11274,38,baseline,0
11275,38,baseline,0
11276,38,baseline,0
11277,38,baseline,0
11278,38,baseline,0
11279,38,baseline,0
11280,38,baseline,0
11281,38,baseline,0
11282,38,baseline,0
11283,38,baseline,1
11284,38,baseline,0
11285,38,baseline,0
11286,38,baseline,0
11287,38,baseline,0
11288,38,baseline,0
11289,38,baseline,0
11290,38,baseline,0
11291,38,baseline,0
11292,38,baseline,0
11293,38,baseline,0
11294,38,baseline,1
11295,38,baseline,0
11296,38,baseline,0
11297,38,baseline,0
11298,38,baseline,0
11299,38,baseline,0
11300,38,baseline,0
11301,38,baseline,0
11302,38,baseline,0
11303,38,baseline,0
11304,38,baseline,0
11305,38,baseline,0
11306,38,baseline,0
11307,38,baseline,1
11308,38,baseline,0
11309,38,baseline,0
11310,38,baseline,0
11311,38,baseline,0
11312,38,baseline,0
11313,38,baseline,0
11314,38,baseline,0
11315,38,baseline,0
11316,38,baseline,0
11317,38,baseline,0
11318,38,baseline,0
11319,38,baseline,0
11320,38,baseline,0
11321,38,baseline,1
11322,38,baseline,0
11323,38,baseline,0
11324,38,baseline,0
11325,38,baseline,0
11326,38,baseline,0
11327,38,baseline,0
11328,38,baseline,0
11329,38,baseline,1
11330,38,baseline,1
11331,38,baseline,0
11332,38,baseline,0
11333,38,baseline,0
11334,38,baseline,0
11335,38,baseline,0
11336,38,baseline,0
11337,38,baseline,0
11338,38,baseline,0
11339,38,baseline,0
11340,38,baseline,0
11341,38,baseline,0
11342,38,baseline,0
11343,38,baseline,0
11344,38,baseline,0
11345,38,baseline,0
11346,38,baseline,0
11347,38,baseline,0
11348,38,baseline,0
11349,38,baseline,0
11350,38,baseline,0
11351,38,baseline,0
11352,38,baseline,1
11353,38,baseline,0
11354,38,baseline,0
11355,38,baseline,0
11356,38,baseline,1
11357,38,baseline,0
11358,38,baseline,0
11359,38,baseline,0
11360,38,baseline,0
11361,38,baseline,0
11362,38,baseline,0
11363,38,baseline,0
11364,38,baseline,0
11365,38,baseline,0
11366,38,baseline,0
11367,38,baseline,0
11368,38,baseline,0
11369,38,baseline,0
11370,38,baseline,0
11371,38,baseline,0
11372,38,baseline,0
11373,38,baseline,0
11374,38,baseline,0
11375,38,baseline,0
11376,38,baseline,0
11377,38,baseline,0
11378,38,baseline,0
11379,38,baseline,0
11380,38,baseline,0
11381,38,baseline,0
11382,38,baseline,0
11383,38,baseline,0
11384,38,baseline,0
11385,38,baseline,0
11386,38,baseline,0
11387,38,baseline,0
11388,38,baseline,0
11389,38,baseline,0
11390,38,baseline,0
11391,38,baseline,0
11392,38,baseline,0
11393,38,baseline,0
11394,38,baseline,0
11395,38,baseline,0
11396,38,baseline,0
11397,38,baseline,0
11398,38,baseline,0
11399,38,baseline,0
11400,38,baseline,0
11401,39,bandit,0
11402,39,bandit,0
11403,39,bandit,0
11404,39,bandit,0
11405,39,bandit,0
11406,39,bandit,0
11407,39,bandit,0
11408,39,bandit,0
11409,39,bandit,1
11410,39,bandit,0
11411,39,bandit,0
11412,39,bandit,0
11413,39,bandit,0
11414,39,bandit,0
11415,39,bandit,0
11416,39,bandit,0
11417,39,bandit,0
11418,39,bandit,0
11419,39,bandit,0
11420,39,bandit,0
11421,39,bandit,0
11422,39,bandit,1
11423,39,bandit,0
11424,39,bandit,0
11425,39,bandit,0
11426,39,bandit,0
11427,39,bandit,0
11428,39,bandit,1
11429,39,bandit,0
11430,39,bandit,0
11431,39,bandit,1
11432,39,bandit,0
11433,39,bandit,0
11434,39,bandit,0
11435,39,bandit,0
11436,39,bandit,1
11437,39,bandit,1
11438,39,bandit,0
11439,39,bandit,0
11440,39,bandit,0
11441,39,bandit,0
11442,39,bandit,0
11443,39,bandit,0
11444,39,bandit,1
11445,39,bandit,0
11446,39,bandit,0
11447,39,bandit,0
11448,39,bandit,0
11449,39,bandit,0
11450,39,bandit,0
11451,39,bandit,0
11452,39,bandit,1
11453,39,bandit,0
11454,39,bandit,0
11455,39,bandit,0
11456,39,bandit,0
11457,39,bandit,0
11458,39,bandit,0
11459,39,bandit,0
11460,39,bandit,0
11461,39,bandit,1
11462,39,bandit,0
11463,39,bandit,0
11464,39,bandit,1
11465,39,bandit,0
11466,39,bandit,0
11467,39,bandit,0
11468,39,bandit,0
11469,39,bandit,0
11470,39,bandit,0
11471,39,bandit,0
11472,39,bandit,0
11473,39,bandit,0
11474,39,bandit,1
11475,39,bandit,0
11476,39,bandit,0
11477,39,bandit,0
11478,39,bandit,0
11479,39,bandit,0
11480,39,bandit,0
11481,39,bandit,0
11482,39,bandit,0
11483,39,bandit,0
11484,39,bandit,0
11485,39,bandit,0
11486,39,bandit,0
11487,39,bandit,0
11488,39,bandit,0
11489,39,bandit,1
11490,39,bandit,1
11491,39,bandit,1
11492,39,bandit,0
11493,39,bandit,0
11494,39,bandit,0
11495,39,bandit,0
11496,39,bandit,0
11497,39,bandit,0
11498,39,bandit,0
11499,39,bandit,0
11500,39,bandit,0
11501,39,bandit,0
11502,39,bandit,1
11503,39,bandit,0
11504,39,bandit,0
11505,39,bandit,0
11506,39,bandit,0
11507,39,bandit,1
11508,39,bandit,0
11509,39,bandit,0
11510,39,bandit,0
11511,39,bandit,0
11512,39,bandit,0
11513,39,bandit,0
11514,39,bandit,0
11515,39,bandit,0
11516,39,bandit,0
11517,39,bandit,1
11518,39,bandit,0
11519,39,bandit,0
11520,39,bandit,0
11521,39,bandit,0
11522,39,bandit,0
11523,39,bandit,0
11524,39,bandit,0
11525,39,bandit,0
11526,39,bandit,0
11527,39,bandit,0
11528,39,bandit,0
11529,39,bandit,0
11530,39,bandit,0
11531,39,bandit,0
11532,39,bandit,0
11533,39,bandit,1
11534,39,bandit,0
11535,39,bandit,0
11536,39,bandit,1
11537,39,bandit,0
11538,39,bandit,0
11539,39,bandit,1
11540,39,bandit,0
11541,39,bandit,0
11542,39,bandit,0
11543,39,bandit,1
11544,39,bandit,0
11545,39,bandit,0
11546,39,bandit,0
11547,39,bandit,1
11548,39,bandit,0
11549,39,bandit,0
11550,39,bandit,0
11551,39,baseline,0
11552,39,baseline,0
11553,39,baseline,0
11554,39,baseline,0
11555,39,baseline,0
11556,39,baseline,0
11557,39,baseline,0
11558,39,baseline,0
11559,39,baseline,0
11560,39,baseline,0
11561,39,baseline,0
11562,39,baseline,0
11563,39,baseline,0
11564,39,baseline,0
11565,39,baseline,0
11566,39,baseline,1
11567,39,baseline,0
11568,39,baseline,0
11569,39,baseline,0
11570,39,baseline,0
11571,39,baseline,0
11572,39,baseline,0
11573,39,baseline,0
11574,39,baseline,0
11575,39,baseline,0
11576,39,baseline,0
11577,39,baseline,0
11578,39,baseline,0
11579,39,baseline,0
11580,39,baseline,0
11581,39,baseline,1
11582,39,baseline,1
11583,39,baseline,0
11584,39,baseline,0
11585,39,baseline,0
11586,39,baseline,0
11587,39,baseline,0
11588,39,baseline,0
11589,39,baseline,0
11590,39,baseline,0
11591,39,baseline,0
11592,39,baseline,0
11593,39,baseline,0
11594,39,baseline,0
11595,39,baseline,0
11596,39,baseline,0
11597,39,baseline,0
11598,39,baseline,0
11599,39,baseline,0
11600,39,baseline,0
11601,39,baseline,0
11602,39,baseline,0
11603,39,baseline,0
11604,39,baseline,0
11605,39,baseline,1
11606,39,baseline,0
11607,39,baseline,0
11608,39,baseline,0
11609,39,baseline,0
11610,39,baseline,0
11611,39,baseline,0
11612,39,baseline,0
11613,39,baseline,0
11614,39,baseline,0
11615,39,baseline,0
11616,39,baseline,0
11617,39,baseline,0
11618,39,baseline,0
11619,39,baseline,0
11620,39,baseline,0
11621,39,baseline,0
11622,39,baseline,0
11623,39,baseline,0
11624,39,baseline,0
11625,39,baseline,1
11626,39,baseline,1
11627,39,baseline,1
11628,39,baseline,0
11629,39,baseline,1
11630,39,baseline,0
11631,39,baseline,0
11632,39,baseline,0
11633,39,baseline,0
11634,39,baseline,0
11635,39,baseline,0
11636,39,baseline,0
11637,39,baseline,0
11638,39,baseline,0
11639,39,baseline,0
11640,39,baseline,0
11641,39,baseline,0
11642,39,baseline,0
11643,39,baseline,0
11644,39,baseline,0
11645,39,baseline,0
11646,39,baseline,0
11647,39,baseline,0
11648,39,baseline,0
11649,39,baseline,0
11650,39,baseline,0
11651,39,baseline,0
11652,39,baseline,1
11653,39,baseline,0
11654,39,baseline,0
11655,39,baseline,0
11656,39,baseline,0
11657,39,baseline,0
11658,39,baseline,0
11659,39,baseline,0
11660,39,baseline,0
11661,39,baseline,0
11662,39,baseline,0
11663,39,baseline,0
11664,39,baseline,0
11665,39,baseline,0
11666,39,baseline,0
11667,39,baseline,0
11668,39,baseline,0
11669,39,baseline,0
11670,39,baseline,0
11671,39,baseline,0
11672,39,baseline,0
11673,39,baseline,0
11674,39,baseline,0
11675,39,baseline,0
11676,39,baseline,0
11677,39,baseline,0
11678,39,baseline,0
11679,39,baseline,0
11680,39,baseline,0
11681,39,baseline,0
11682,39,baseline,0
11683,39,baseline,0
11684,39,baseline,0
11685,39,baseline,0
11686,39,baseline,0
11687,39,baseline,0
11688,39,baseline,0
11689,39,baseline,0
11690,39,baseline,1
11691,39,baseline,0
11692,39,baseline,0
11693,39,baseline,0
11694,39,baseline,0
11695,39,baseline,0
11696,39,baseline,0
11697,39,baseline,0
11698,39,baseline,0
11699,39,baseline,0
11700,39,baseline,0
11701,40,bandit,0
11702,40,bandit,0
11703,40,bandit,0
11704,40,bandit,0
11705,40,bandit,0
11706,40,bandit,0
11707,40,bandit,0
11708,40,bandit,0
11709,40,bandit,1
11710,40,bandit,0
11711,40,bandit,0
11712,40,bandit,0
11713,40,bandit,0
11714,40,bandit,0
11715,40,bandit,0
11716,40,bandit,0
11717,40,bandit,0
11718,40,bandit,0
11719,40,bandit,0
11720,40,bandit,1
11721,40,bandit,0
11722,40,bandit,0
11723,40,bandit,1
11724,40,bandit,0
11725,40,bandit,1
11726,40,bandit,0
11727,40,bandit,0
11728,40,bandit,0
11729,40,bandit,0
11730,40,bandit,0
11731,40,bandit,0
11732,40,bandit,0
11733,40,bandit,0
11734,40,bandit,0
11735,40,bandit,0
11736,40,bandit,1
11737,40,bandit,0
11738,40,bandit,1
11739,40,bandit,0
11740,40,bandit,0
11741,40,bandit,0
11742,40,bandit,1
11743,40,bandit,0
11744,40,bandit,0
11745,40,bandit,1
11746,40,bandit,0
11747,40,bandit,1
11748,40,bandit,1
11749,40,bandit,0
11750,40,bandit,0
11751,40,bandit,0
11752,40,bandit,0
11753,40,bandit,0
11754,40,bandit,1
11755,40,bandit,1
11756,40,bandit,0
11757,40,bandit,0
11758,40,bandit,1
11759,40,bandit,1
11760,40,bandit,0
11761,40,bandit,0
11762,40,bandit,0
11763,40,bandit,0
11764,40,bandit,0
11765,40,bandit,0
11766,40,bandit,0
11767,40,bandit,0
11768,40,bandit,0
11769,40,bandit,0
11770,40,bandit,0
11771,40,bandit,0
11772,40,bandit,0
11773,40,bandit,0
11774,40,bandit,0
11775,40,bandit,0
11776,40,bandit,1
11777,40,bandit,0
11778,40,bandit,0
11779,40,bandit,0
11780,40,bandit,1
11781,40,bandit,0
11782,40,bandit,0
11783,40,bandit,0
11784,40,bandit,0
11785,40,bandit,0
11786,40,bandit,0
11787,40,bandit,0
11788,40,bandit,1
11789,40,bandit,1
11790,40,bandit,0
11791,40,bandit,0
11792,40,bandit,0
11793,40,bandit,0
11794,40,bandit,0
11795,40,bandit,1
11796,40,bandit,0
11797,40,bandit,0
11798,40,bandit,1
11799,40,bandit,0
11800,40,bandit,0
11801,40,bandit,0
11802,40,bandit,0
11803,40,bandit,0
11804,40,bandit,0
11805,40,bandit,0
11806,40,bandit,0
11807,40,bandit,0
11808,40,bandit,0
11809,40,bandit,0
11810,40,bandit,1
11811,40,bandit,0
11812,40,bandit,1
11813,40,bandit,0
11814,40,bandit,1
11815,40,bandit,0
11816,40,bandit,1
11817,40,bandit,1
11818,40,bandit,1
11819,40,bandit,1
11820,40,bandit,0
11821,40,bandit,0
11822,40,bandit,0
11823,40,bandit,0
11824,40,bandit,0
11825,40,bandit,0
11826,40,bandit,0
11827,40,bandit,0
11828,40,bandit,0
11829,40,bandit,0
11830,40,bandit,0
11831,40,bandit,1
11832,40,bandit,0
11833,40,bandit,0
11834,40,bandit,0
11835,40,bandit,0
11836,40,bandit,0
11837,40,bandit,0
11838,40,bandit,0
11839,40,bandit,0
11840,40,bandit,0
11841,40,bandit,0
11842,40,bandit,0
11843,40,bandit,0
11844,40,bandit,0
11845,40,bandit,0
11846,40,bandit,0
11847,40,bandit,0
11848,40,bandit,0
11849,40,bandit,1
11850,40,bandit,1
11851,40,baseline,0
11852,40,baseline,0
11853,40,baseline,0
11854,40,baseline,0
11855,40,baseline,0
11856,40,baseline,0
11857,40,baseline,0
11858,40,baseline,0
11859,40,baseline,0
11860,40,baseline,0
11861,40,baseline,0
11862,40,baseline,0
11863,40,baseline,0
11864,40,baseline,0
11865,40,baseline,0
11866,40,baseline,0
11867,40,baseline,0
11868,40,baseline,0
11869,40,baseline,0
11870,40,baseline,0
11871,40,baseline,0
11872,40,baseline,0
11873,40,baseline,0
11874,40,baseline,0
11875,40,baseline,0
11876,40,baseline,1
11877,40,baseline,0
11878,40,baseline,0
11879,40,baseline,0
11880,40,baseline,0
11881,40,baseline,0
11882,40,baseline,0
11883,40,baseline,0
11884,40,baseline,0
11885,40,baseline,0
11886,40,baseline,0
11887,40,baseline,0
11888,40,baseline,0
11889,40,baseline,0
11890,40,baseline,0
11891,40,baseline,0
11892,40,baseline,0
11893,40,baseline,0
11894,40,baseline,1
11895,40,baseline,0
11896,40,baseline,0
11897,40,baseline,1
11898,40,baseline,0
11899,40,baseline,0
11900,40,baseline,0
11901,40,baseline,0
11902,40,baseline,0
11903,40,baseline,0
11904,40,baseline,0
11905,40,baseline,0
11906,40,baseline,0
11907,40,baseline,1
11908,40,baseline,0
11909,40,baseline,0
11910,40,baseline,0
11911,40,baseline,0
11912,40,baseline,0
11913,40,baseline,0
11914,40,baseline,0
11915,40,baseline,0
11916,40,baseline,0
11917,40,baseline,0
11918,40,baseline,0
11919,40,baseline,0
11920,40,baseline,0
11921,40,baseline,0
11922,40,baseline,0
11923,40,baseline,0
11924,40,baseline,0
11925,40,baseline,0
11926,40,baseline,0
11927,40,baseline,1
11928,40,baseline,0
11929,40,baseline,0
11930,40,baseline,0
11931,40,baseline,0
11932,40,baseline,0
11933,40,baseline,0
11934,40,baseline,1
11935,40,baseline,0
11936,40,baseline,0
11937,40,baseline,0
11938,40,baseline,0
11939,40,baseline,0
11940,40,baseline,0
11941,40,baseline,0
11942,40,baseline,0
11943,40,baseline,0
11944,40,baseline,0
11945,40,baseline,0
11946,40,baseline,0
11947,40,baseline,0
11948,40,baseline,0
11949,40,baseline,0
11950,40,baseline,0
11951,40,baseline,0
11952,40,baseline,0
11953,40,baseline,1
11954,40,baseline,1
11955,40,baseline,0
11956,40,baseline,0
11957,40,baseline,0
11958,40,baseline,0
11959,40,baseline,0
11960,40,baseline,0
11961,40,baseline,0
11962,40,baseline,0
11963,40,baseline,0
11964,40,baseline,0
11965,40,baseline,0
11966,40,baseline,0
11967,40,baseline,0
11968,40,baseline,0
11969,40,baseline,0
11970,40,baseline,0
11971,40,baseline,0
11972,40,baseline,0
11973,40,baseline,0
11974,40,baseline,0
11975,40,baseline,1
11976,40,baseline,1
11977,40,baseline,0
11978,40,baseline,0
11979,40,baseline,0
11980,40,baseline,0
11981,40,baseline,0
11982,40,baseline,0
11983,40,baseline,0
11984,40,baseline,0
11985,40,baseline,0
11986,40,baseline,1
11987,40,baseline,0
11988,40,baseline,0
11989,40,baseline,0
11990,40,baseline,0
11991,40,baseline,0
11992,40,baseline,1
11993,40,baseline,0
11994,40,baseline,0
11995,40,baseline,0
11996,40,baseline,0
11997,40,baseline,0
11998,40,baseline,0
11999,40,baseline,0
12000,40,baseline,0
