session_id,customer_ltv_score,arm,propensity,revenue_per_session
1,54.9,standard_price,0.5199,34.66
2,63.6,aggressive_discount,0.5774,36.99
3,38.3,aggressive_discount,0.3044,30.76
4,31.8,standard_price,0.7538,11.05
5,10.2,standard_price,0.89,0.0
6,69.4,standard_price,0.3605,65.41
7,50.3,aggressive_discount,0.4289,29.04
8,54.1,aggressive_discount,0.4712,41.22
9,34.3,standard_price,0.7323,19.8
10,74.5,aggressive_discount,0.6905,65.06
11,68.9,standard_price,0.3657,79.3
12,47.6,standard_price,0.6006,50.26
13,38.9,standard_price,0.6899,53.58
14,42.9,standard_price,0.6501,20.54
15,34.0,standard_price,0.735,20.27
16,50.5,aggressive_discount,0.4311,41.17
17,37.7,aggressive_discount,0.2987,25.38
18,61.7,aggressive_discount,0.5564,44.92
19,42.8,aggressive_discount,0.3489,27.9
20,42.9,aggressive_discount,0.3499,25.39
21,80.7,standard_price,0.2532,70.52
22,35.5,standard_price,0.7216,20.98
23,18.6,standard_price,0.8472,0.09
24,57.3,standard_price,0.4929,34.55
25,8.4,standard_price,0.8977,0.0
26,55.3,standard_price,0.5154,51.11
27,69.6,aggressive_discount,0.6415,53.1
28,51.4,aggressive_discount,0.441,30.61
29,50.2,standard_price,0.5722,41.67
30,9.0,standard_price,0.8952,0.0
31,61.1,standard_price,0.4503,54.0
32,57.9,aggressive_discount,0.5139,60.85
33,26.6,standard_price,0.7946,16.39
34,88.3,standard_price,0.1941,74.7
35,25.5,standard_price,0.8026,2.37
36,16.4,aggressive_discount,0.1404,6.49
37,13.8,standard_price,0.8731,7.2
38,50.5,aggressive_discount,0.4311,34.87
39,56.8,aggressive_discount,0.5015,33.42
40,58.8,aggressive_discount,0.524,37.3
41,43.3,aggressive_discount,0.354,23.93
42,33.7,standard_price,0.7376,44.9
43,66.9,aggressive_discount,0.6131,51.34
44,32.0,standard_price,0.7521,14.54
45,25.8,aggressive_discount,0.1996,20.3
46,78.0,aggressive_discount,0.7231,79.78
47,53.6,aggressive_discount,0.4656,28.81
48,59.4,aggressive_discount,0.5307,55.94
49,62.5,aggressive_discount,0.5653,44.36
50,38.6,standard_price,0.6927,28.58
51,39.3,aggressive_discount,0.314,17.53
52,62.8,aggressive_discount,0.5686,64.61
53,37.7,standard_price,0.7013,28.92
54,56.7,standard_price,0.4996,54.62
55,48.2,standard_price,0.5941,41.11
56,26.1,standard_price,0.7983,22.43
57,69.3,standard_price,0.3616,64.07
58,24.2,aggressive_discount,0.1883,4.44
59,54.7,aggressive_discount,0.4779,55.26
60,51.3,standard_price,0.5601,58.17
61,75.3,aggressive_discount,0.6981,71.12
62,27.6,standard_price,0.7872,15.3
63,39.1,standard_price,0.6879,14.38
64,48.0,standard_price,0.5963,34.73
65,53.6,aggressive_discount,0.4656,26.68
66,67.4,aggressive_discount,0.6185,49.96
67,56.2,aggressive_discount,0.4948,56.07
68,50.5,aggressive_discount,0.4311,36.4
69,70.6,aggressive_discount,0.6518,59.94
70,91.9,aggressive_discount,0.83,79.88
71,22.9,standard_price,0.8205,0.0
72,49.9,standard_price,0.5755,49.52
73,65.2,standard_price,0.4052,65.54
74,51.7,standard_price,0.5556,31.09
75,78.7,aggressive_discount,0.7294,70.34
76,43.3,aggressive_discount,0.354,37.02
77,29.7,standard_price,0.7709,0.4
78,67.4,aggressive_discount,0.6185,46.1
79,0.0,standard_price,0.9276,0.0
80,40.5,standard_price,0.6743,33.18
81,97.3,aggressive_discount,0.8616,93.37
82,50.5,aggressive_discount,0.4311,47.31
83,57.2,standard_price,0.494,50.01
84,31.0,standard_price,0.7604,9.06
85,49.5,standard_price,0.5799,31.28
86,47.2,standard_price,0.6049,51.23
87,87.2,aggressive_discount,0.798,75.96
88,29.8,aggressive_discount,0.2299,6.47
89,0.0,standard_price,0.9276,0.0
90,58.1,aggressive_discount,0.5161,48.72
91,81.0,standard_price,0.2507,75.29
92,36.2,aggressive_discount,0.2848,22.02
93,13.5,standard_price,0.8746,0.0
94,28.5,standard_price,0.7803,15.9
95,58.7,aggressive_discount,0.5229,53.69
96,38.8,standard_price,0.6908,33.38
97,50.8,aggressive_discount,0.4344,34.94
98,2.8,standard_price,0.9186,0.0
99,39.6,standard_price,0.6831,27.52
100,65.8,standard_price,0.3987,53.96
101,44.7,standard_price,0.6315,43.42
102,29.5,standard_price,0.7725,8.25
103,71.0,standard_price,0.3441,65.85
104,69.7,aggressive_discount,0.6426,46.39
105,40.7,standard_price,0.6723,19.2
106,35.2,aggressive_discount,0.2757,25.32
107,75.6,standard_price,0.299,71.36
108,39.0,aggressive_discount,0.3111,22.98
109,46.7,standard_price,0.6103,43.09
110,86.0,aggressive_discount,0.7892,82.7
111,53.7,standard_price,0.5333,45.72
112,40.1,standard_price,0.6782,36.93
113,10.5,standard_price,0.8887,0.0
114,50.7,aggressive_discount,0.4333,23.66
115,48.3,standard_price,0.593,31.13
116,37.5,standard_price,0.7032,34.52
117,68.5,standard_price,0.3699,46.89
118,24.2,standard_price,0.8117,10.2
119,18.3,standard_price,0.849,2.27
120,34.2,standard_price,0.7332,37.27
121,48.9,aggressive_discount,0.4135,46.28
122,19.4,standard_price,0.8425,0.0
123,25.8,standard_price,0.8004,10.21
124,32.4,standard_price,0.7488,18.73
125,48.2,aggressive_discount,0.4059,38.73
126,34.6,aggressive_discount,0.2703,15.57
127,68.1,aggressive_discount,0.6259,61.57
128,4.2,aggressive_discount,0.0862,0.0
129,56.4,standard_price,0.503,39.78
130,36.3,standard_price,0.7143,29.9
131,57.5,aggressive_discount,0.5094,25.94
132,87.7,aggressive_discount,0.8016,58.56
133,46.7,aggressive_discount,0.3897,37.59
134,52.1,aggressive_discount,0.4488,40.27
135,64.8,aggressive_discount,0.5905,53.55
136,21.6,aggressive_discount,0.1711,9.21
137,61.4,standard_price,0.447,45.56
138,64.4,standard_price,0.4139,52.11
139,45.4,aggressive_discount,0.3759,41.7
140,61.2,standard_price,0.4492,57.2
141,50.7,aggressive_discount,0.4333,48.15
142,32.9,standard_price,0.7445,13.17
143,21.9,standard_price,0.827,12.27
144,67.8,standard_price,0.3773,73.33
145,83.8,aggressive_discount,0.7722,66.88
146,32.5,standard_price,0.7479,17.99
147,55.6,aggressive_discount,0.488,49.94
148,23.9,standard_price,0.8137,8.11
149,38.8,standard_price,0.6908,30.19
150,38.3,standard_price,0.6956,20.05
151,25.5,aggressive_discount,0.1974,11.9
152,46.8,aggressive_discount,0.3908,23.01
153,68.1,aggressive_discount,0.6259,40.3
154,59.5,aggressive_discount,0.5318,53.48
155,38.0,aggressive_discount,0.3015,15.38
156,76.8,standard_price,0.2878,64.29
157,52.7,standard_price,0.5445,50.34
158,84.4,aggressive_discount,0.777,74.75
159,22.3,standard_price,0.8244,2.57
160,100.0,aggressive_discount,0.8754,102.59
161,44.9,standard_price,0.6294,31.63
162,24.8,standard_price,0.8075,12.34
163,27.2,standard_price,0.7902,15.37
164,67.2,standard_price,0.3837,53.56
165,66.6,aggressive_discount,0.6099,53.84
166,64.8,aggressive_discount,0.5905,56.79
167,60.7,standard_price,0.4547,47.58
168,26.0,standard_price,0.799,20.49
169,45.7,aggressive_discount,0.3791,37.62
170,2.3,standard_price,0.9203,0.0
171,31.1,standard_price,0.7596,21.37
172,62.0,aggressive_discount,0.5597,46.81
173,11.1,aggressive_discount,0.114,0.0
174,96.2,standard_price,0.1444,105.15
175,74.0,aggressive_discount,0.6857,68.06
176,25.8,standard_price,0.8004,14.07
177,63.3,aggressive_discount,0.5741,57.23
178,59.9,aggressive_discount,0.5363,50.2
179,46.0,standard_price,0.6177,27.99
180,60.6,standard_price,0.4559,50.26
181,43.5,standard_price,0.6439,31.4
182,48.5,aggressive_discount,0.4091,30.2
183,59.9,standard_price,0.4637,62.67
184,58.6,standard_price,0.4783,33.75
185,55.8,standard_price,0.5097,50.62
186,56.3,standard_price,0.5041,37.63
187,68.8,standard_price,0.3668,62.56
188,65.3,standard_price,0.4041,59.07
189,25.9,standard_price,0.7997,10.59
190,34.5,standard_price,0.7306,29.02
191,79.0,aggressive_discount,0.732,62.27
192,81.0,aggressive_discount,0.7493,64.94
193,61.0,standard_price,0.4514,44.38
194,44.4,aggressive_discount,0.3654,33.05
195,66.3,standard_price,0.3933,50.71
196,63.6,aggressive_discount,0.5774,55.8
197,19.0,standard_price,0.8449,4.64
198,51.3,standard_price,0.5601,43.42
199,22.0,standard_price,0.8264,15.81
200,40.8,standard_price,0.6713,36.83
201,50.6,standard_price,0.5678,32.29
202,84.4,aggressive_discount,0.777,80.31
203,7.7,standard_price,0.9006,0.0
204,42.9,standard_price,0.6501,30.54
205,63.6,aggressive_discount,0.5774,51.85
206,63.3,aggressive_discount,0.5741,40.09
207,67.0,aggressive_discount,0.6142,51.97
208,30.1,standard_price,0.7677,10.72
209,47.4,aggressive_discount,0.3972,40.5
210,40.7,aggressive_discount,0.3277,19.45
211,76.2,aggressive_discount,0.7066,68.92
212,47.2,standard_price,0.6049,23.85
213,50.4,aggressive_discount,0.43,35.92
214,53.8,aggressive_discount,0.4678,42.36
215,23.8,standard_price,0.8144,1.1
216,60.4,standard_price,0.4581,49.94
217,27.9,standard_price,0.7849,8.03
218,53.7,standard_price,0.5333,50.07
219,35.5,standard_price,0.7216,31.29
220,74.0,aggressive_discount,0.6857,78.4
221,50.8,aggressive_discount,0.4344,35.73
222,88.6,aggressive_discount,0.808,81.72
223,5.3,standard_price,0.9098,0.0
224,77.4,aggressive_discount,0.7177,66.81
225,67.2,standard_price,0.3837,63.63
226,55.9,standard_price,0.5086,44.29
227,94.1,aggressive_discount,0.8435,98.36
228,21.4,standard_price,0.8302,13.28
229,54.3,aggressive_discount,0.4734,40.06
230,74.9,aggressive_discount,0.6943,78.27
231,62.1,standard_price,0.4392,47.39
232,42.4,standard_price,0.6552,36.15
233,63.0,aggressive_discount,0.5708,47.48
234,41.7,standard_price,0.6623,29.07
235,43.2,aggressive_discount,0.353,31.84
236,36.8,standard_price,0.7097,43.42
237,71.1,standard_price,0.3431,59.86
238,56.2,standard_price,0.5052,53.0
239,100.0,standard_price,0.1246,88.61
240,66.9,aggressive_discount,0.6131,58.48
241,20.3,standard_price,0.8371,13.91
242,66.1,aggressive_discount,0.6046,59.43
243,28.2,standard_price,0.7826,11.79
244,44.5,aggressive_discount,0.3664,17.02
245,52.8,standard_price,0.5434,24.29
246,28.2,standard_price,0.7826,29.74
247,39.9,standard_price,0.6802,25.69
248,36.5,standard_price,0.7125,29.08
249,52.8,standard_price,0.5434,27.47
250,48.5,standard_price,0.5909,30.55
251,47.9,aggressive_discount,0.4026,42.13
252,84.1,standard_price,0.2254,72.44
253,60.8,aggressive_discount,0.5464,52.87
254,58.7,standard_price,0.4771,44.91
255,71.9,aggressive_discount,0.665,57.69
256,87.2,aggressive_discount,0.798,73.75
257,78.0,aggressive_discount,0.7231,71.32
258,28.9,standard_price,0.7772,27.51
259,60.6,aggressive_discount,0.5441,48.5
260,65.5,aggressive_discount,0.5981,42.91
261,69.3,standard_price,0.3616,55.14
262,47.2,standard_price,0.6049,42.19
263,51.4,standard_price,0.559,38.9
264,32.3,standard_price,0.7496,16.46
265,42.6,aggressive_discount,0.3468,15.87
266,26.7,standard_price,0.7939,0.0
267,75.5,aggressive_discount,0.7,55.58
268,39.6,standard_price,0.6831,30.63
269,31.3,standard_price,0.758,22.75
270,55.9,standard_price,0.5086,40.62
271,52.1,standard_price,0.5512,40.73
272,36.3,aggressive_discount,0.2857,13.7
273,57.5,standard_price,0.4906,57.07
274,37.5,standard_price,0.7032,16.8
275,60.2,standard_price,0.4603,54.51
276,49.5,standard_price,0.5799,34.31
277,54.3,standard_price,0.5266,49.8
278,42.4,aggressive_discount,0.3448,35.01
279,36.6,standard_price,0.7116,15.42
280,55.1,aggressive_discount,0.4824,27.4
281,18.6,standard_price,0.8472,0.0
282,77.7,aggressive_discount,0.7204,72.71
283,40.9,standard_price,0.6703,24.72
284,91.5,standard_price,0.1726,86.84
285,63.4,standard_price,0.4248,47.65
286,48.1,standard_price,0.5952,23.42
287,37.9,aggressive_discount,0.3006,15.76
288,60.4,aggressive_discount,0.5419,52.58
289,59.3,standard_price,0.4704,57.41
290,58.6,aggressive_discount,0.5217,44.73
291,66.8,aggressive_discount,0.6121,52.33
292,52.4,aggressive_discount,0.4521,36.22
293,72.9,standard_price,0.3251,60.81
294,34.7,standard_price,0.7288,34.89
295,45.9,standard_price,0.6188,36.63
296,62.4,standard_price,0.4359,63.7
297,34.4,aggressive_discount,0.2685,15.87
298,50.9,standard_price,0.5645,44.28
299,80.7,aggressive_discount,0.7468,68.32
300,52.1,standard_price,0.5512,45.66
301,40.6,aggressive_discount,0.3267,36.96
302,72.6,aggressive_discount,0.6719,67.45
303,27.3,standard_price,0.7894,0.26
304,43.4,aggressive_discount,0.355,23.06
305,71.3,aggressive_discount,0.6589,56.4
306,34.6,aggressive_discount,0.2703,20.42
307,55.2,standard_price,0.5165,28.54
308,48.6,standard_price,0.5898,53.04
309,81.3,aggressive_discount,0.7518,64.23
310,21.6,aggressive_discount,0.1711,0.0
311,39.2,standard_price,0.687,40.97
312,43.5,standard_price,0.6439,33.48
313,57.5,standard_price,0.4906,40.81
314,61.0,standard_price,0.4514,55.7
315,58.5,aggressive_discount,0.5206,50.39
316,78.4,aggressive_discount,0.7267,66.99
317,63.4,aggressive_discount,0.5752,56.27
318,24.4,standard_price,0.8103,17.15
319,21.1,standard_price,0.8321,21.48
320,39.3,aggressive_discount,0.314,23.01
321,39.5,standard_price,0.6841,35.81
322,41.3,standard_price,0.6663,33.75
323,71.0,aggressive_discount,0.6559,58.43
324,37.4,aggressive_discount,0.2959,28.35
325,72.2,aggressive_discount,0.668,67.62
326,73.0,aggressive_discount,0.6759,64.77
327,50.6,standard_price,0.5678,44.31
328,39.6,aggressive_discount,0.3169,35.33
329,75.8,standard_price,0.2971,80.68
330,33.1,standard_price,0.7428,0.0
331,59.6,standard_price,0.467,54.59
332,55.5,standard_price,0.5131,45.99
333,75.9,aggressive_discount,0.7038,72.36
334,57.2,standard_price,0.494,39.2
335,50.4,aggressive_discount,0.43,39.16
336,71.1,aggressive_discount,0.6569,67.11
337,42.4,standard_price,0.6552,41.55
338,61.2,aggressive_discount,0.5508,54.17
339,52.7,standard_price,0.5445,28.15
340,50.7,standard_price,0.5667,42.65
341,20.4,aggressive_discount,0.1636,9.38
342,49.9,standard_price,0.5755,27.39
343,29.8,standard_price,0.7701,13.01
344,60.6,aggressive_discount,0.5441,52.25
345,97.4,standard_price,0.1379,105.82
346,45.5,standard_price,0.623,49.69
347,68.3,standard_price,0.372,63.99
348,70.2,standard_price,0.3523,60.11
349,27.0,standard_price,0.7917,3.87
350,64.2,aggressive_discount,0.5839,43.61
351,43.7,standard_price,0.6419,36.91
352,41.2,standard_price,0.6673,26.72
353,66.4,standard_price,0.3922,50.79
354,38.9,standard_price,0.6899,28.3
355,39.8,standard_price,0.6811,32.42
356,65.2,standard_price,0.4052,51.07
357,75.8,aggressive_discount,0.7029,62.75
358,51.3,standard_price,0.5601,39.85
359,63.3,aggressive_discount,0.5741,45.89
360,21.6,aggressive_discount,0.1711,0.0
361,48.0,standard_price,0.5963,54.03
362,58.9,aggressive_discount,0.5251,39.31
363,33.1,standard_price,0.7428,13.08
364,62.9,standard_price,0.4303,45.51
365,55.6,aggressive_discount,0.488,45.5
366,55.7,standard_price,0.5109,49.79
367,73.7,aggressive_discount,0.6828,71.21
368,75.3,standard_price,0.3019,65.61
369,25.7,standard_price,0.8012,11.74
370,36.9,aggressive_discount,0.2912,13.79
371,60.8,standard_price,0.4536,44.32
372,44.0,aggressive_discount,0.3612,42.32
373,89.8,aggressive_discount,0.8162,78.46
374,72.1,aggressive_discount,0.667,59.36
375,33.6,standard_price,0.7385,24.86
376,34.9,standard_price,0.727,33.16
377,24.7,standard_price,0.8082,16.59
378,57.4,aggressive_discount,0.5082,37.29
379,37.9,aggressive_discount,0.3006,31.34
380,36.5,standard_price,0.7125,15.61
381,24.7,standard_price,0.8082,14.28
382,67.8,standard_price,0.3773,58.29
383,35.1,standard_price,0.7252,16.03
384,31.9,standard_price,0.753,8.48
385,12.3,standard_price,0.8804,0.0
386,58.1,aggressive_discount,0.5161,55.61
387,54.6,standard_price,0.5232,34.87
388,64.6,standard_price,0.4117,54.04
389,78.7,aggressive_discount,0.7294,71.59
390,54.1,standard_price,0.5288,40.73
391,43.1,standard_price,0.6481,28.5
392,17.9,aggressive_discount,0.1487,0.0
393,52.2,standard_price,0.5501,43.31
394,57.1,aggressive_discount,0.5049,57.46
395,55.1,standard_price,0.5176,58.99
396,11.1,standard_price,0.886,0.0
397,74.7,standard_price,0.3076,72.36
398,62.4,standard_price,0.4359,61.24
399,42.2,standard_price,0.6572,33.17
400,44.3,standard_price,0.6356,42.21
401,11.6,standard_price,0.8837,0.0
402,56.5,standard_price,0.5019,51.91
403,43.1,standard_price,0.6481,33.77
404,27.4,standard_price,0.7887,13.58
405,89.5,aggressive_discount,0.8142,77.49
406,80.9,aggressive_discount,0.7485,66.92
407,64.5,aggressive_discount,0.5872,44.0
408,49.6,aggressive_discount,0.4212,30.99
409,25.2,standard_price,0.8047,4.84
410,49.6,standard_price,0.5788,35.79
411,59.4,aggressive_discount,0.5307,55.82
412,47.8,aggressive_discount,0.4016,29.0
413,49.3,aggressive_discount,0.4179,43.09
414,53.7,aggressive_discount,0.4667,41.64
415,27.1,aggressive_discount,0.2091,7.32
416,66.4,aggressive_discount,0.6078,65.62
417,70.1,aggressive_discount,0.6467,69.29
418,41.4,standard_price,0.6653,10.71
419,36.1,standard_price,0.7162,22.02
420,92.4,aggressive_discount,0.8331,81.97
421,72.8,aggressive_discount,0.6739,50.24
422,3.6,standard_price,0.9159,0.0
423,48.0,aggressive_discount,0.4037,43.7
424,29.6,aggressive_discount,0.2283,24.44
425,31.8,standard_price,0.7538,12.34
426,36.2,standard_price,0.7152,34.17
427,50.9,aggressive_discount,0.4355,37.63
428,47.4,standard_price,0.6028,42.39
429,24.1,aggressive_discount,0.1876,6.27
430,28.3,standard_price,0.7819,10.7
431,8.8,standard_price,0.896,0.0
432,48.2,standard_price,0.5941,34.02
433,55.4,standard_price,0.5142,43.46
434,67.2,standard_price,0.3837,47.97
435,69.6,aggressive_discount,0.6415,66.19
436,52.0,standard_price,0.5523,45.16
437,41.9,standard_price,0.6603,20.89
438,92.8,aggressive_discount,0.8356,94.43
439,31.5,standard_price,0.7563,6.62
440,22.9,aggressive_discount,0.1795,24.23
441,40.8,aggressive_discount,0.3287,17.63
442,53.9,standard_price,0.5311,42.89
443,77.0,aggressive_discount,0.714,55.58
444,40.5,standard_price,0.6743,29.35
445,17.6,standard_price,0.853,12.59
446,64.7,standard_price,0.4106,61.28
447,41.0,standard_price,0.6693,42.88
448,28.6,aggressive_discount,0.2205,8.84
449,31.7,standard_price,0.7546,7.56
450,52.6,aggressive_discount,0.4544,38.62
451,14.6,standard_price,0.8691,0.47
452,79.5,aggressive_discount,0.7364,65.6
453,46.6,standard_price,0.6114,45.11
454,50.9,standard_price,0.5645,35.31
455,70.9,aggressive_discount,0.6549,59.78
456,35.0,standard_price,0.7261,26.87
457,51.2,standard_price,0.5612,44.3
458,48.2,standard_price,0.5941,38.96
459,59.5,aggressive_discount,0.5318,60.13
460,98.8,aggressive_discount,0.8694,90.47
461,28.0,standard_price,0.7841,18.98
462,48.6,aggressive_discount,0.4102,46.54
463,92.3,aggressive_discount,0.8325,84.8
464,31.9,aggressive_discount,0.247,30.75
465,82.2,aggressive_discount,0.7593,70.31
466,51.5,standard_price,0.5579,35.58
467,70.6,aggressive_discount,0.6518,65.08
468,61.2,standard_price,0.4492,52.29
469,56.3,standard_price,0.5041,58.81
470,32.2,standard_price,0.7504,18.32
471,47.0,aggressive_discount,0.3929,30.34
472,63.7,aggressive_discount,0.5785,61.18
473,42.3,standard_price,0.6562,44.9
474,28.3,aggressive_discount,0.2181,0.96
475,30.4,standard_price,0.7653,33.66
476,78.3,aggressive_discount,0.7258,66.13
477,81.9,aggressive_discount,0.7569,67.97
478,35.6,aggressive_discount,0.2793,35.21
479,49.6,standard_price,0.5788,45.8
480,74.8,aggressive_discount,0.6934,70.24
481,55.8,aggressive_discount,0.4903,41.16
482,51.3,standard_price,0.5601,47.25
483,62.3,aggressive_discount,0.563,48.12
484,27.8,standard_price,0.7857,12.36
485,36.3,aggressive_discount,0.2857,19.63
486,65.3,standard_price,0.4041,53.97
487,54.0,standard_price,0.53,43.53
488,59.2,aggressive_discount,0.5285,42.23
489,51.8,standard_price,0.5545,56.24
490,24.2,standard_price,0.8117,9.02
491,58.5,standard_price,0.4794,56.96
492,76.0,aggressive_discount,0.7047,70.64
493,60.3,standard_price,0.4592,49.45
494,64.7,aggressive_discount,0.5894,56.88
495,31.2,aggressive_discount,0.2412,9.92
496,45.0,standard_price,0.6283,33.5
497,40.9,aggressive_discount,0.3297,24.6
498,39.9,standard_price,0.6802,23.33
499,37.6,aggressive_discount,0.2978,15.28
500,61.9,standard_price,0.4414,49.25
501,61.1,standard_price,0.4503,56.82
502,66.9,aggressive_discount,0.6131,64.82
503,86.1,standard_price,0.2101,84.95
504,53.5,standard_price,0.5356,52.51
505,59.4,aggressive_discount,0.5307,57.77
506,53.6,aggressive_discount,0.4656,33.81
507,17.8,standard_price,0.8518,4.24
508,28.8,standard_price,0.778,19.07
509,59.4,standard_price,0.4693,53.24
510,41.3,standard_price,0.6663,26.02
511,49.0,standard_price,0.5854,46.16
512,21.5,standard_price,0.8296,6.82
513,55.8,aggressive_discount,0.4903,49.72
514,44.1,aggressive_discount,0.3623,17.12
515,53.8,aggressive_discount,0.4678,31.88
516,53.9,standard_price,0.5311,61.82
517,17.5,standard_price,0.8535,0.0
518,72.1,aggressive_discount,0.667,54.52
519,24.7,standard_price,0.8082,12.38
520,44.0,standard_price,0.6388,41.89
521,40.8,standard_price,0.6713,16.65
522,70.7,aggressive_discount,0.6528,64.82
523,52.2,standard_price,0.5501,31.75
524,69.3,aggressive_discount,0.6384,49.37
525,54.1,aggressive_discount,0.4712,36.39
526,49.6,standard_price,0.5788,39.33
527,33.9,standard_price,0.7358,24.53
528,40.6,aggressive_discount,0.3267,20.43
529,50.8,aggressive_discount,0.4344,42.14
530,55.2,standard_price,0.5165,52.55
531,37.2,standard_price,0.706,41.42
532,78.2,standard_price,0.2751,74.58
533,56.1,aggressive_discount,0.4936,43.51
534,27.9,aggressive_discount,0.2151,11.2
535,79.8,standard_price,0.261,71.72
536,16.4,aggressive_discount,0.1404,0.0
537,58.0,standard_price,0.485,54.81
538,39.2,standard_price,0.687,28.38
539,81.5,aggressive_discount,0.7535,66.0
540,66.8,aggressive_discount,0.6121,70.65
541,26.8,standard_price,0.7931,15.45
542,70.2,aggressive_discount,0.6477,53.52
543,9.7,standard_price,0.8922,0.0
544,66.8,aggressive_discount,0.6121,59.72
545,49.2,aggressive_discount,0.4168,27.14
546,31.9,standard_price,0.753,26.84
547,69.7,aggressive_discount,0.6426,52.45
548,65.6,aggressive_discount,0.5992,50.2
549,53.9,standard_price,0.5311,38.14
550,55.8,aggressive_discount,0.4903,47.23
551,58.2,aggressive_discount,0.5172,36.35
552,43.0,standard_price,0.6491,24.99
553,61.3,aggressive_discount,0.5519,32.82
554,12.8,standard_price,0.878,2.95
555,0.0,standard_price,0.9276,0.0
556,59.4,standard_price,0.4693,36.32
557,57.8,standard_price,0.4873,51.77
558,36.7,standard_price,0.7106,26.98
559,28.5,standard_price,0.7803,16.88
560,76.5,aggressive_discount,0.7094,68.21
561,39.8,aggressive_discount,0.3189,23.53
562,38.0,aggressive_discount,0.3015,18.39
563,30.7,standard_price,0.7629,15.83
564,66.0,aggressive_discount,0.6035,62.04
565,5.8,standard_price,0.908,0.0
566,46.2,standard_price,0.6156,37.41
567,35.7,standard_price,0.7198,31.18
568,47.1,aggressive_discount,0.394,30.98
569,63.4,aggressive_discount,0.5752,59.76
570,40.3,aggressive_discount,0.3238,27.07
571,44.5,aggressive_discount,0.3664,15.46
572,12.6,standard_price,0.879,1.47
573,39.0,aggressive_discount,0.3111,19.89
574,28.9,standard_price,0.7772,34.58
575,54.6,standard_price,0.5232,46.78
576,45.3,aggressive_discount,0.3748,32.39
577,41.2,aggressive_discount,0.3327,23.67
578,53.1,standard_price,0.54,59.54
579,32.0,aggressive_discount,0.2479,24.02
580,27.3,standard_price,0.7894,15.97
581,0.0,standard_price,0.9276,0.0
582,48.5,standard_price,0.5909,34.15
583,49.8,aggressive_discount,0.4234,38.48
584,48.7,standard_price,0.5887,35.68
585,38.2,standard_price,0.6966,32.86
586,70.7,aggressive_discount,0.6528,58.81
587,34.9,standard_price,0.727,29.11
588,85.5,aggressive_discount,0.7854,78.07
589,44.0,standard_price,0.6388,25.29
590,33.3,standard_price,0.7411,20.43
591,41.8,standard_price,0.6613,40.32
592,48.2,aggressive_discount,0.4059,39.01
593,57.3,aggressive_discount,0.5071,51.95
594,87.2,aggressive_discount,0.798,66.49
595,52.4,aggressive_discount,0.4521,38.81
596,63.9,aggressive_discount,0.5807,71.22
597,68.0,standard_price,0.3752,69.78
598,58.4,aggressive_discount,0.5195,52.69
599,88.1,aggressive_discount,0.8045,80.32
600,43.0,standard_price,0.6491,40.79
601,37.2,aggressive_discount,0.294,24.78
602,25.3,standard_price,0.804,20.43
603,44.2,aggressive_discount,0.3633,40.18
604,7.6,standard_price,0.901,0.0
605,62.1,aggressive_discount,0.5608,66.2
606,35.7,aggressive_discount,0.2802,18.13
607,62.6,standard_price,0.4336,65.8
608,56.8,aggressive_discount,0.5015,51.54
609,25.7,standard_price,0.8012,13.69
610,91.7,aggressive_discount,0.8287,76.24
611,34.3,standard_price,0.7323,24.52
612,32.7,aggressive_discount,0.2538,22.39
613,41.4,standard_price,0.6653,18.86
614,59.2,aggressive_discount,0.5285,51.78
615,28.2,aggressive_discount,0.2174,7.31
616,65.8,standard_price,0.3987,52.8
617,52.4,standard_price,0.5479,45.56
618,46.0,standard_price,0.6177,38.76
619,28.8,standard_price,0.778,8.19
620,51.7,standard_price,0.5556,55.79
621,44.3,standard_price,0.6356,26.79
622,9.1,standard_price,0.8948,0.0
623,55.9,aggressive_discount,0.4914,29.75
624,30.9,standard_price,0.7612,7.72
625,43.3,standard_price,0.646,38.29
626,32.0,standard_price,0.7521,20.3
627,42.5,standard_price,0.6542,25.71
628,40.3,standard_price,0.6762,25.16
629,41.9,standard_price,0.6603,20.03
630,40.4,standard_price,0.6752,17.2
631,35.9,aggressive_discount,0.282,18.81
632,69.6,standard_price,0.3585,65.78
633,58.3,standard_price,0.4816,58.72
634,60.1,aggressive_discount,0.5385,47.8
635,75.6,aggressive_discount,0.701,64.7
636,38.5,standard_price,0.6937,31.2
637,58.0,standard_price,0.485,34.53
638,38.4,aggressive_discount,0.3053,14.89
639,32.3,standard_price,0.7496,19.63
640,75.4,aggressive_discount,0.6991,68.36
641,32.0,standard_price,0.7521,10.86
642,98.7,aggressive_discount,0.8689,91.23
643,96.8,aggressive_discount,0.8589,78.56
644,6.0,standard_price,0.9072,0.0
645,67.6,aggressive_discount,0.6206,57.36
646,32.4,aggressive_discount,0.2512,26.46
647,60.7,standard_price,0.4547,65.0
648,53.1,standard_price,0.54,44.04
649,0.0,standard_price,0.9276,0.0
650,51.6,standard_price,0.5568,46.77
651,75.8,aggressive_discount,0.7029,71.96
652,54.4,aggressive_discount,0.4745,47.39
653,87.3,aggressive_discount,0.7987,75.27
654,35.1,aggressive_discount,0.2748,27.71
655,87.6,aggressive_discount,0.8009,75.83
656,49.3,standard_price,0.5821,22.23
657,23.4,aggressive_discount,0.1829,6.98
658,60.7,standard_price,0.4547,61.24
659,84.0,aggressive_discount,0.7738,69.93
660,53.5,aggressive_discount,0.4644,45.83
661,54.4,aggressive_discount,0.4745,46.71
662,52.1,aggressive_discount,0.4488,52.82
663,6.2,standard_price,0.9064,0.0
664,90.6,aggressive_discount,0.8216,68.2
665,88.1,aggressive_discount,0.8045,69.97
666,80.0,aggressive_discount,0.7408,65.95
667,58.6,aggressive_discount,0.5217,51.64
668,52.0,aggressive_discount,0.4477,41.34
669,43.7,aggressive_discount,0.3581,22.7
670,81.7,aggressive_discount,0.7552,71.05
671,66.5,standard_price,0.3911,62.41
672,26.9,standard_price,0.7924,14.63
673,40.7,standard_price,0.6723,22.01
674,57.1,standard_price,0.4951,41.35
675,39.0,aggressive_discount,0.3111,27.27
676,64.1,standard_price,0.4171,46.54
677,90.4,aggressive_discount,0.8202,77.76
678,90.1,aggressive_discount,0.8182,74.29
679,64.1,standard_price,0.4171,51.42
680,32.3,standard_price,0.7496,14.2
681,69.8,standard_price,0.3564,63.59
682,25.6,standard_price,0.8019,18.38
683,40.3,standard_price,0.6762,35.8
684,36.4,aggressive_discount,0.2866,17.33
685,45.6,standard_price,0.622,55.68
686,56.7,standard_price,0.4996,52.99
687,71.8,standard_price,0.336,67.07
688,56.5,aggressive_discount,0.4981,35.13
689,17.3,standard_price,0.8546,5.41
690,62.7,standard_price,0.4325,39.45
691,66.3,aggressive_discount,0.6067,58.0
692,67.1,standard_price,0.3847,59.91
693,36.7,standard_price,0.7106,36.51
694,46.8,standard_price,0.6092,48.35
695,41.3,standard_price,0.6663,17.26
696,67.7,aggressive_discount,0.6216,57.62
697,12.8,standard_price,0.878,2.37
698,40.7,standard_price,0.6723,41.48
699,77.2,aggressive_discount,0.7159,73.86
700,40.6,standard_price,0.6733,27.72
701,77.4,standard_price,0.2823,74.45
702,66.5,aggressive_discount,0.6089,51.59
703,12.1,standard_price,0.8814,0.0
704,32.6,standard_price,0.7471,24.8
705,88.7,standard_price,0.1913,80.83
706,15.7,standard_price,0.8634,0.0
707,37.8,standard_price,0.7004,23.9
708,52.1,standard_price,0.5512,47.67
709,55.3,standard_price,0.5154,52.75
710,83.0,aggressive_discount,0.7658,80.63
711,30.3,aggressive_discount,0.2339,14.96
712,52.5,standard_price,0.5467,55.06
713,65.3,standard_price,0.4041,55.38
714,43.7,aggressive_discount,0.3581,36.55
715,31.8,standard_price,0.7538,22.28
716,40.6,aggressive_discount,0.3267,30.12
717,25.5,standard_price,0.8026,10.04
718,49.6,aggressive_discount,0.4212,17.61
719,71.7,standard_price,0.337,67.13
720,39.5,standard_price,0.6841,39.2
721,63.3,aggressive_discount,0.5741,57.34
722,9.3,standard_price,0.8939,0.0
723,12.4,standard_price,0.88,0.0
724,74.8,standard_price,0.3066,65.01
725,46.3,standard_price,0.6146,33.86
726,58.4,aggressive_discount,0.5195,58.47
727,19.9,standard_price,0.8395,7.62
728,30.6,standard_price,0.7637,34.96
729,73.4,standard_price,0.3202,68.41
730,48.8,standard_price,0.5876,34.34
731,62.5,aggressive_discount,0.5653,61.32
732,50.2,standard_price,0.5722,52.91
733,73.2,standard_price,0.3221,74.01
734,38.6,aggressive_discount,0.3073,18.02
735,3.5,standard_price,0.9163,0.0
736,30.4,standard_price,0.7653,29.8
737,60.7,aggressive_discount,0.5453,65.93
738,55.0,standard_price,0.5187,38.52
739,44.3,standard_price,0.6356,37.33
740,73.4,aggressive_discount,0.6798,63.49
741,37.5,standard_price,0.7032,16.72
742,26.2,aggressive_discount,0.2025,7.91
743,67.2,aggressive_discount,0.6163,57.5
744,35.7,standard_price,0.7198,35.67
745,54.4,aggressive_discount,0.4745,24.9
746,20.5,aggressive_discount,0.1642,0.0
747,19.7,standard_price,0.8407,17.71
748,36.4,aggressive_discount,0.2866,19.95
749,94.2,aggressive_discount,0.8441,68.24
750,59.2,standard_price,0.4715,53.59
751,44.1,standard_price,0.6377,32.39
752,41.5,standard_price,0.6643,29.52
753,54.5,standard_price,0.5244,43.02
754,52.6,standard_price,0.5456,53.93
755,64.2,aggressive_discount,0.5839,60.12
756,90.8,aggressive_discount,0.8229,78.96
757,43.3,standard_price,0.646,27.65
758,100.0,aggressive_discount,0.8754,95.79
759,11.3,standard_price,0.8851,0.11
760,54.4,aggressive_discount,0.4745,47.71
761,35.3,standard_price,0.7234,37.66
762,60.5,standard_price,0.457,43.78
763,23.1,aggressive_discount,0.1809,0.0
764,33.3,standard_price,0.7411,31.05
765,50.6,aggressive_discount,0.4322,39.84
766,22.4,aggressive_discount,0.1762,13.21
767,100.0,aggressive_discount,0.8754,97.41
768,73.4,aggressive_discount,0.6798,61.56
769,66.6,aggressive_discount,0.6099,68.99
770,57.9,standard_price,0.4861,48.27
771,60.2,aggressive_discount,0.5397,68.72
772,47.1,standard_price,0.606,39.29
773,55.0,standard_price,0.5187,63.0
774,45.2,standard_price,0.6262,31.44
775,28.8,standard_price,0.778,19.52
776,46.2,standard_price,0.6156,51.2
777,79.2,aggressive_discount,0.7338,56.61
778,56.6,standard_price,0.5007,30.62
779,82.9,aggressive_discount,0.765,80.26
780,70.4,standard_price,0.3502,58.01
781,95.9,aggressive_discount,0.8539,88.45
782,54.7,standard_price,0.5221,41.37
783,53.6,aggressive_discount,0.4656,41.59
784,41.9,aggressive_discount,0.3397,30.23
785,74.7,standard_price,0.3076,55.77
786,41.6,standard_price,0.6633,25.16
787,63.3,aggressive_discount,0.5741,55.88
788,15.9,standard_price,0.8623,9.86
789,40.9,standard_price,0.6703,27.32
790,79.2,aggressive_discount,0.7338,68.01
791,60.7,standard_price,0.4547,35.43
792,77.4,standard_price,0.2823,67.82
793,39.9,standard_price,0.6802,8.9
794,45.7,standard_price,0.6209,30.66
795,16.3,aggressive_discount,0.1399,0.0
796,50.0,aggressive_discount,0.4256,42.51
797,66.8,aggressive_discount,0.6121,65.18
798,45.6,aggressive_discount,0.378,41.28
799,52.1,aggressive_discount,0.4488,34.11
800,31.0,standard_price,0.7604,9.81
801,33.0,aggressive_discount,0.2564,22.7
802,50.3,aggressive_discount,0.4289,32.08
803,65.8,aggressive_discount,0.6013,60.59
804,42.8,aggressive_discount,0.3489,40.97
805,64.3,aggressive_discount,0.585,59.53
806,73.4,aggressive_discount,0.6798,58.19
807,40.5,standard_price,0.6743,24.69
808,26.9,aggressive_discount,0.2076,2.49
809,5.0,standard_price,0.9109,0.0
810,55.0,aggressive_discount,0.4813,30.0
811,35.4,standard_price,0.7225,21.79
812,51.8,aggressive_discount,0.4455,29.74
813,36.6,standard_price,0.7116,27.07
814,45.0,aggressive_discount,0.3717,30.09
815,57.7,aggressive_discount,0.5116,52.12
816,42.7,standard_price,0.6521,35.39
817,70.6,aggressive_discount,0.6518,55.1
818,34.2,aggressive_discount,0.2668,18.62
819,37.3,aggressive_discount,0.2949,18.18
820,41.8,standard_price,0.6613,40.91
821,58.7,standard_price,0.4771,50.02
822,28.0,standard_price,0.7841,19.27
823,73.0,aggressive_discount,0.6759,72.66
824,14.1,standard_price,0.8716,0.0
825,46.5,standard_price,0.6124,31.17
826,56.9,aggressive_discount,0.5026,40.62
827,19.8,aggressive_discount,0.1599,4.9
828,57.3,aggressive_discount,0.5071,37.35
829,66.6,aggressive_discount,0.6099,55.54
830,54.7,aggressive_discount,0.4779,32.66
831,48.6,standard_price,0.5898,29.77
832,48.2,standard_price,0.5941,26.82
833,49.6,aggressive_discount,0.4212,34.06
834,69.1,standard_price,0.3637,74.45
835,44.7,standard_price,0.6315,39.06
836,40.1,standard_price,0.6782,11.09
837,67.4,standard_price,0.3815,56.54
838,61.9,aggressive_discount,0.5586,55.76
839,71.1,standard_price,0.3431,53.52
840,27.2,standard_price,0.7902,27.51
841,72.3,aggressive_discount,0.669,54.35
842,46.5,standard_price,0.6124,40.67
843,31.5,standard_price,0.7563,22.44
844,65.4,standard_price,0.403,54.37
845,56.7,aggressive_discount,0.5004,50.68
846,28.3,standard_price,0.7819,27.92
847,45.3,standard_price,0.6252,36.82
848,62.8,standard_price,0.4314,58.68
849,14.6,standard_price,0.8691,0.0
850,60.9,standard_price,0.4525,49.04
851,45.8,standard_price,0.6199,35.69
852,60.3,aggressive_discount,0.5408,59.19
853,5.5,standard_price,0.9091,0.0
854,82.0,aggressive_discount,0.7577,81.63
855,37.7,standard_price,0.7013,35.59
856,38.3,standard_price,0.6956,20.37
857,45.2,standard_price,0.6262,30.73
858,61.0,standard_price,0.4514,65.05
859,47.2,standard_price,0.6049,56.53
860,81.1,aggressive_discount,0.7502,76.15
861,45.3,standard_price,0.6252,37.08
862,82.9,aggressive_discount,0.765,85.16
863,45.9,aggressive_discount,0.3812,44.62
864,50.1,standard_price,0.5733,39.5
865,18.2,standard_price,0.8495,9.44
866,33.9,standard_price,0.7358,33.77
867,55.9,standard_price,0.5086,46.6
868,20.9,standard_price,0.8333,0.0
869,83.8,aggressive_discount,0.7722,76.4
870,54.3,standard_price,0.5266,40.95
871,42.9,standard_price,0.6501,37.78
872,48.2,aggressive_discount,0.4059,44.46
873,83.5,aggressive_discount,0.7699,65.55
874,65.6,aggressive_discount,0.5992,66.82
875,12.0,standard_price,0.8818,2.98
876,41.6,standard_price,0.6633,33.82
877,68.4,aggressive_discount,0.629,46.61
878,33.0,standard_price,0.7436,6.22
879,57.2,aggressive_discount,0.506,49.61
880,4.5,standard_price,0.9127,0.0
881,38.2,aggressive_discount,0.3034,10.05
882,52.2,standard_price,0.5501,40.33
883,64.5,standard_price,0.4128,40.72
884,40.3,standard_price,0.6762,32.53
885,68.5,standard_price,0.3699,62.49
886,20.2,standard_price,0.8377,0.0
887,46.3,aggressive_discount,0.3854,31.66
888,53.7,standard_price,0.5333,52.2
889,18.6,standard_price,0.8472,9.04
890,75.9,standard_price,0.2962,70.34
891,55.8,standard_price,0.5097,56.79
892,27.9,aggressive_discount,0.2151,16.68
893,61.1,aggressive_discount,0.5497,42.83
894,33.3,aggressive_discount,0.2589,21.66
895,37.0,standard_price,0.7079,25.39
896,22.6,standard_price,0.8224,25.73
897,42.8,standard_price,0.6511,30.56
898,6.0,standard_price,0.9072,0.0
899,54.3,aggressive_discount,0.4734,50.2
900,87.0,standard_price,0.2034,73.4
901,41.1,aggressive_discount,0.3317,31.15
902,3.9,standard_price,0.9149,0.0
903,40.4,aggressive_discount,0.3248,29.13
904,48.6,aggressive_discount,0.4102,39.73
905,53.0,aggressive_discount,0.4588,46.82
906,48.7,aggressive_discount,0.4113,47.85
907,80.4,aggressive_discount,0.7442,69.92
908,46.2,standard_price,0.6156,42.14
909,42.1,standard_price,0.6582,36.07
910,57.0,standard_price,0.4963,47.05
911,58.9,aggressive_discount,0.5251,38.14
912,45.7,aggressive_discount,0.3791,42.75
913,45.1,aggressive_discount,0.3727,27.15
914,37.0,aggressive_discount,0.2921,19.03
915,64.6,standard_price,0.4117,51.53
916,18.9,standard_price,0.8455,0.0
917,52.3,aggressive_discount,0.451,45.91
918,67.8,aggressive_discount,0.6227,42.65
919,48.9,aggressive_discount,0.4135,18.85
920,15.1,standard_price,0.8665,13.87
921,46.7,standard_price,0.6103,35.07
922,64.5,aggressive_discount,0.5872,52.97
923,54.5,aggressive_discount,0.4756,36.19
924,28.3,standard_price,0.7819,9.31
925,95.7,aggressive_discount,0.8528,88.58
926,68.6,standard_price,0.3689,66.87
927,53.0,aggressive_discount,0.4588,29.79
928,100.0,standard_price,0.1246,112.52
929,44.1,standard_price,0.6377,26.52
930,19.8,standard_price,0.8401,0.0
931,46.7,standard_price,0.6103,40.98
932,51.3,aggressive_discount,0.4399,43.75
933,18.5,standard_price,0.8478,10.72
934,63.8,aggressive_discount,0.5796,57.9
935,69.7,aggressive_discount,0.6426,44.64
936,21.5,standard_price,0.8296,8.65
937,37.0,standard_price,0.7079,25.35
938,25.5,standard_price,0.8026,2.14
939,23.9,aggressive_discount,0.1863,21.17
940,58.8,aggressive_discount,0.524,48.16
941,51.8,aggressive_discount,0.4455,46.83
942,45.6,standard_price,0.622,30.65
943,56.2,aggressive_discount,0.4948,49.68
944,42.2,standard_price,0.6572,32.6
945,36.9,standard_price,0.7088,16.97
946,42.0,standard_price,0.6593,37.35
947,45.0,standard_price,0.6283,40.64
948,50.4,aggressive_discount,0.43,40.91
949,60.2,aggressive_discount,0.5397,49.27
950,35.3,standard_price,0.7234,38.27
951,44.1,standard_price,0.6377,25.85
952,38.5,standard_price,0.6937,17.15
953,37.5,standard_price,0.7032,23.36
954,65.8,standard_price,0.3987,51.98
955,35.8,standard_price,0.7189,33.62
956,46.9,standard_price,0.6081,32.64
957,29.5,standard_price,0.7725,19.34
958,64.1,standard_price,0.4171,55.88
959,72.0,standard_price,0.334,78.93
960,53.4,aggressive_discount,0.4633,34.16
961,88.7,standard_price,0.1913,85.31
962,7.8,standard_price,0.9002,0.0
963,36.1,standard_price,0.7162,1.81
964,63.1,aggressive_discount,0.5719,60.79
965,18.8,standard_price,0.8461,0.0
966,46.6,standard_price,0.6114,42.3
967,51.4,standard_price,0.559,32.1
968,45.0,standard_price,0.6283,40.24
969,49.1,aggressive_discount,0.4157,33.68
970,67.0,aggressive_discount,0.6142,42.32
971,71.7,aggressive_discount,0.663,57.75
972,21.8,standard_price,0.8276,3.43
973,23.5,standard_price,0.8165,6.79
974,58.9,aggressive_discount,0.5251,46.12
975,26.5,aggressive_discount,0.2046,20.91
976,88.2,aggressive_discount,0.8052,81.34
977,47.9,aggressive_discount,0.4026,38.57
978,54.6,aggressive_discount,0.4768,38.06
979,46.5,standard_price,0.6124,24.56
980,42.6,standard_price,0.6532,30.08
981,35.4,standard_price,0.7225,32.35
982,83.8,aggressive_discount,0.7722,72.21
983,57.3,aggressive_discount,0.5071,35.35
984,9.6,standard_price,0.8926,0.0
985,37.3,standard_price,0.7051,35.99
986,60.6,aggressive_discount,0.5441,43.94
987,58.4,standard_price,0.4805,47.95
988,74.6,standard_price,0.3085,65.53
989,55.4,standard_price,0.5142,43.46
990,44.9,aggressive_discount,0.3706,51.86
991,46.5,standard_price,0.6124,36.35
992,55.8,standard_price,0.5097,35.72
993,60.9,aggressive_discount,0.5475,47.04
994,37.2,standard_price,0.706,29.53
995,43.5,standard_price,0.6439,46.59
996,61.4,aggressive_discount,0.553,58.43
997,52.9,aggressive_discount,0.4577,49.41
998,47.9,standard_price,0.5974,30.62
999,66.8,standard_price,0.3879,70.29
1000,35.2,standard_price,0.7243,9.44
1001,62.1,aggressive_discount,0.5608,50.09
1002,74.5,aggressive_discount,0.6905,49.38
1003,49.9,aggressive_discount,0.4245,31.97
1004,48.2,aggressive_discount,0.4059,25.46
1005,28.9,standard_price,0.7772,17.35
1006,42.7,standard_price,0.6521,39.95
1007,36.8,standard_price,0.7097,19.8
1008,70.0,aggressive_discount,0.6457,61.36
1009,44.8,aggressive_discount,0.3696,42.89
1010,44.3,standard_price,0.6356,26.88
1011,71.6,standard_price,0.338,68.68
1012,48.5,standard_price,0.5909,38.49
1013,61.0,standard_price,0.4514,51.94
1014,42.8,aggressive_discount,0.3489,25.55
1015,57.7,standard_price,0.4884,47.92
1016,46.5,standard_price,0.6124,31.7
1017,75.7,aggressive_discount,0.7019,77.7
1018,54.6,standard_price,0.5232,44.49
1019,21.9,standard_price,0.827,13.73
1020,40.3,standard_price,0.6762,21.62
1021,24.7,standard_price,0.8082,21.85
1022,60.8,standard_price,0.4536,45.76
1023,65.7,aggressive_discount,0.6002,58.59
1024,55.1,standard_price,0.5176,51.76
1025,39.9,standard_price,0.6802,39.44
1026,27.2,aggressive_discount,0.2098,22.53
1027,49.1,standard_price,0.5843,30.67
1028,36.7,standard_price,0.7106,24.65
1029,68.6,aggressive_discount,0.6311,53.31
1030,42.2,standard_price,0.6572,29.71
1031,59.1,standard_price,0.4727,46.29
1032,40.4,standard_price,0.6752,19.76
1033,71.9,standard_price,0.335,66.7
1034,29.7,standard_price,0.7709,12.68
1035,42.9,standard_price,0.6501,33.25
1036,61.6,standard_price,0.4447,55.79
1037,83.5,aggressive_discount,0.7699,71.83
1038,21.4,standard_price,0.8302,8.44
1039,24.6,aggressive_discount,0.1911,8.84
1040,59.4,standard_price,0.4693,41.83
1041,81.6,aggressive_discount,0.7544,78.79
1042,66.8,aggressive_discount,0.6121,44.6
1043,64.3,aggressive_discount,0.585,41.35
1044,28.7,standard_price,0.7788,23.63
1045,55.2,standard_price,0.5165,45.22
1046,60.2,aggressive_discount,0.5397,41.71
1047,54.3,aggressive_discount,0.4734,42.14
1048,56.1,standard_price,0.5064,42.76
1049,65.1,aggressive_discount,0.5938,68.67
1050,1.3,standard_price,0.9235,0.0
1051,9.3,standard_price,0.8939,0.0
1052,26.2,standard_price,0.7975,11.25
1053,51.7,standard_price,0.5556,43.58
1054,42.2,standard_price,0.6572,37.44
1055,23.3,standard_price,0.8178,0.0
1056,82.4,aggressive_discount,0.761,80.0
1057,45.8,standard_price,0.6199,30.07
1058,53.9,standard_price,0.5311,25.39
1059,68.7,aggressive_discount,0.6322,57.27
1060,92.6,aggressive_discount,0.8344,74.88
1061,48.8,aggressive_discount,0.4124,35.75
1062,53.7,standard_price,0.5333,47.95
1063,25.1,standard_price,0.8054,10.81
1064,49.0,aggressive_discount,0.4146,38.11
1065,24.8,standard_price,0.8075,16.31
1066,40.9,standard_price,0.6703,24.74
1067,65.2,standard_price,0.4052,58.47
1068,57.2,aggressive_discount,0.506,46.61
1069,68.9,aggressive_discount,0.6343,45.19
1070,55.0,standard_price,0.5187,32.93
1071,73.3,aggressive_discount,0.6789,73.81
1072,30.4,standard_price,0.7653,17.76
1073,74.3,aggressive_discount,0.6886,66.04
1074,38.6,standard_price,0.6927,21.24
1075,42.5,aggressive_discount,0.3458,22.7
1076,43.7,aggressive_discount,0.3581,36.44
1077,86.6,aggressive_discount,0.7936,77.28
1078,34.9,standard_price,0.727,38.74
1079,59.6,standard_price,0.467,65.55
1080,58.4,standard_price,0.4805,51.63
1081,51.9,aggressive_discount,0.4466,48.98
1082,34.2,aggressive_discount,0.2668,11.26
1083,27.1,standard_price,0.7909,9.94
1084,27.0,aggressive_discount,0.2083,2.04
1085,71.7,aggressive_discount,0.663,58.6
1086,34.2,standard_price,0.7332,31.79
1087,25.7,standard_price,0.8012,0.0
1088,69.1,standard_price,0.3637,59.86
1089,62.3,standard_price,0.437,38.14
1090,49.2,standard_price,0.5832,36.66
1091,39.3,standard_price,0.686,19.34
1092,0.0,standard_price,0.9276,0.0
1093,34.2,standard_price,0.7332,26.38
1094,46.4,standard_price,0.6135,38.49
1095,28.3,standard_price,0.7819,4.03
1096,28.3,standard_price,0.7819,8.05
1097,90.9,aggressive_discount,0.8235,78.85
1098,15.6,standard_price,0.8639,14.31
1099,55.6,aggressive_discount,0.488,46.33
1100,33.7,standard_price,0.7376,11.41
1101,53.5,standard_price,0.5356,34.14
1102,25.3,standard_price,0.804,15.67
1103,73.5,aggressive_discount,0.6808,58.21
1104,42.8,standard_price,0.6511,44.35
1105,83.7,aggressive_discount,0.7714,84.31
1106,76.9,standard_price,0.2869,78.45
1107,31.3,standard_price,0.758,28.41
1108,29.4,standard_price,0.7733,6.38
1109,23.3,aggressive_discount,0.1822,0.0
1110,29.6,standard_price,0.7717,26.1
1111,74.2,aggressive_discount,0.6876,77.57
1112,82.1,aggressive_discount,0.7585,75.85
1113,37.7,standard_price,0.7013,36.05
1114,71.4,aggressive_discount,0.6599,73.7
1115,48.6,aggressive_discount,0.4102,37.93
1116,44.1,standard_price,0.6377,37.0
1117,46.7,standard_price,0.6103,48.64
1118,65.5,aggressive_discount,0.5981,60.78
1119,9.4,standard_price,0.8935,0.0
1120,42.3,aggressive_discount,0.3438,29.66
1121,37.3,standard_price,0.7051,30.98
1122,66.1,aggressive_discount,0.6046,62.29
1123,64.7,aggressive_discount,0.5894,50.57
1124,70.0,standard_price,0.3543,45.48
1125,62.7,aggressive_discount,0.5675,39.67
1126,57.0,standard_price,0.4963,66.99
1127,33.4,aggressive_discount,0.2598,28.92
1128,55.1,standard_price,0.5176,48.86
1129,42.5,aggressive_discount,0.3458,24.96
1130,39.4,aggressive_discount,0.315,36.73
1131,5.3,standard_price,0.9098,0.0
1132,71.6,aggressive_discount,0.662,70.7
1133,30.4,standard_price,0.7653,19.53
1134,49.3,aggressive_discount,0.4179,46.12
1135,88.0,aggressive_discount,0.8038,84.32
1136,68.2,standard_price,0.3731,50.4
1137,40.5,standard_price,0.6743,22.33
1138,100.0,aggressive_discount,0.8754,89.32
1139,71.0,standard_price,0.3441,76.74
1140,33.2,standard_price,0.7419,25.13
1141,40.9,standard_price,0.6703,34.34
1142,71.0,aggressive_discount,0.6559,64.33
1143,67.0,standard_price,0.3858,51.49
1144,58.3,standard_price,0.4816,53.07
1145,25.9,standard_price,0.7997,13.08
1146,48.2,aggressive_discount,0.4059,33.17
1147,67.2,aggressive_discount,0.6163,49.42
1148,88.3,aggressive_discount,0.8059,78.66
1149,53.5,aggressive_discount,0.4644,47.12
1150,46.2,standard_price,0.6156,28.45
1151,45.8,standard_price,0.6199,27.87
1152,60.5,aggressive_discount,0.543,43.11
1153,13.8,standard_price,0.8731,0.0
1154,42.0,standard_price,0.6593,20.81
1155,47.6,standard_price,0.6006,51.67
1156,57.3,standard_price,0.4929,37.73
1157,48.8,aggressive_discount,0.4124,31.42
1158,45.2,standard_price,0.6262,39.69
1159,40.1,standard_price,0.6782,40.41
1160,51.6,standard_price,0.5568,35.52
1161,60.7,standard_price,0.4547,40.35
1162,57.8,aggressive_discount,0.5127,37.47
1163,70.0,standard_price,0.3543,71.2
1164,41.7,standard_price,0.6623,44.54
1165,62.5,standard_price,0.4347,52.27
1166,19.6,standard_price,0.8413,9.93
1167,43.6,standard_price,0.6429,48.43
1168,78.7,aggressive_discount,0.7294,59.83
1169,32.4,standard_price,0.7488,27.68
1170,64.3,standard_price,0.415,55.16
1171,37.6,aggressive_discount,0.2978,27.88
1172,52.8,standard_price,0.5434,41.59
1173,19.4,standard_price,0.8425,0.0
1174,85.5,standard_price,0.2146,66.66
1175,80.5,aggressive_discount,0.7451,64.39
1176,35.9,aggressive_discount,0.282,21.76
1177,29.8,standard_price,0.7701,22.03
1178,18.0,standard_price,0.8507,15.63
1179,54.9,standard_price,0.5199,46.29
1180,54.5,aggressive_discount,0.4756,35.71
1181,62.1,standard_price,0.4392,66.92
1182,59.4,aggressive_discount,0.5307,49.86
1183,30.9,standard_price,0.7612,21.94
1184,72.1,standard_price,0.333,55.31
1185,82.0,standard_price,0.2423,75.49
1186,44.4,standard_price,0.6346,29.68
1187,38.8,aggressive_discount,0.3092,33.46
1188,46.2,aggressive_discount,0.3844,32.97
1189,42.8,standard_price,0.6511,22.06
1190,68.1,standard_price,0.3741,50.3
1191,68.7,aggressive_discount,0.6322,65.52
1192,63.0,aggressive_discount,0.5708,50.15
1193,44.4,aggressive_discount,0.3654,39.48
1194,51.6,standard_price,0.5568,34.4
1195,71.0,aggressive_discount,0.6559,56.55
1196,63.2,standard_price,0.427,65.21
1197,54.9,aggressive_discount,0.4801,36.27
1198,57.6,standard_price,0.4895,46.72
1199,73.5,aggressive_discount,0.6808,62.67
1200,43.2,standard_price,0.647,27.9
1201,30.2,standard_price,0.7669,18.2
1202,43.6,standard_price,0.6429,39.16
1203,88.5,aggressive_discount,0.8073,71.89
1204,34.6,standard_price,0.7297,14.6
1205,75.1,standard_price,0.3038,57.52
1206,28.6,standard_price,0.7795,11.47
1207,51.3,aggressive_discount,0.4399,33.22
1208,63.9,aggressive_discount,0.5807,46.9
1209,43.1,standard_price,0.6481,39.24
1210,37.9,standard_price,0.6994,39.72
1211,58.8,aggressive_discount,0.524,42.5
1212,29.8,aggressive_discount,0.2299,8.41
1213,72.3,standard_price,0.331,55.13
1214,38.8,standard_price,0.6908,27.29
1215,60.4,aggressive_discount,0.5419,41.81
1216,38.8,standard_price,0.6908,29.23
1217,48.1,standard_price,0.5952,47.96
1218,47.7,standard_price,0.5995,34.58
1219,70.2,aggressive_discount,0.6477,56.29
1220,62.3,aggressive_discount,0.563,49.77
1221,27.5,aggressive_discount,0.2121,11.91
1222,21.6,aggressive_discount,0.1711,17.6
1223,26.9,standard_price,0.7924,15.03
1224,33.7,aggressive_discount,0.2624,19.99
1225,71.4,aggressive_discount,0.6599,48.57
1226,53.6,aggressive_discount,0.4656,37.53
1227,72.3,aggressive_discount,0.669,56.75
1228,34.6,standard_price,0.7297,21.96
1229,44.7,aggressive_discount,0.3685,21.31
1230,41.4,standard_price,0.6653,29.6
1231,19.4,standard_price,0.8425,6.75
1232,74.4,aggressive_discount,0.6895,61.58
1233,28.5,standard_price,0.7803,26.91
1234,25.4,standard_price,0.8033,7.45
1235,56.2,aggressive_discount,0.4948,58.36
1236,70.9,aggressive_discount,0.6549,62.81
1237,66.3,aggressive_discount,0.6067,37.98
1238,60.5,aggressive_discount,0.543,48.04
1239,80.7,standard_price,0.2532,79.33
1240,38.3,standard_price,0.6956,24.17
1241,16.6,standard_price,0.8585,5.46
1242,61.2,aggressive_discount,0.5508,44.99
1243,43.2,standard_price,0.647,31.65
1244,62.8,standard_price,0.4314,49.86
1245,88.5,aggressive_discount,0.8073,74.21
1246,71.7,aggressive_discount,0.663,51.01
1247,57.1,standard_price,0.4951,45.29
1248,39.2,standard_price,0.687,21.06
1249,72.5,aggressive_discount,0.671,66.32
1250,71.8,aggressive_discount,0.664,56.38
1251,66.7,standard_price,0.389,66.31
1252,55.8,aggressive_discount,0.4903,38.65
1253,32.6,standard_price,0.7471,17.6
1254,56.2,aggressive_discount,0.4948,56.44
1255,76.2,aggressive_discount,0.7066,72.13
1256,36.8,standard_price,0.7097,23.31
1257,63.5,aggressive_discount,0.5763,50.73
1258,91.1,aggressive_discount,0.8248,78.48
1259,64.5,aggressive_discount,0.5872,52.84
1260,63.2,aggressive_discount,0.573,59.76
1261,54.4,aggressive_discount,0.4745,35.47
1262,66.1,aggressive_discount,0.6046,51.21
1263,100.0,aggressive_discount,0.8754,105.97
1264,36.5,standard_price,0.7125,24.64
1265,37.4,standard_price,0.7041,30.34
1266,57.6,standard_price,0.4895,57.0
1267,31.1,standard_price,0.7596,25.57
1268,34.7,standard_price,0.7288,19.89
1269,31.4,standard_price,0.7571,16.69
1270,51.1,aggressive_discount,0.4377,37.18
1271,10.0,standard_price,0.8909,0.0
1272,36.8,aggressive_discount,0.2903,17.27
1273,27.4,standard_price,0.7887,15.76
1274,42.1,standard_price,0.6582,15.87
1275,59.4,aggressive_discount,0.5307,34.53
1276,59.3,aggressive_discount,0.5296,40.26
1277,52.1,aggressive_discount,0.4488,45.94
1278,61.1,standard_price,0.4503,63.41
1279,44.1,standard_price,0.6377,24.67
1280,48.5,aggressive_discount,0.4091,39.32
1281,34.9,standard_price,0.727,10.86
1282,53.0,standard_price,0.5412,45.12
1283,43.3,aggressive_discount,0.354,18.37
1284,16.6,standard_price,0.8585,7.75
1285,50.5,standard_price,0.5689,33.76
1286,95.0,aggressive_discount,0.8488,86.82
1287,18.7,standard_price,0.8466,0.0
1288,51.3,standard_price,0.5601,49.0
1289,14.2,standard_price,0.8711,0.0
1290,81.2,aggressive_discount,0.751,85.89
1291,87.4,aggressive_discount,0.7995,77.9
1292,71.5,standard_price,0.3391,65.79
1293,79.7,aggressive_discount,0.7382,61.92
1294,46.4,aggressive_discount,0.3865,29.52
1295,36.1,standard_price,0.7162,39.05
1296,22.8,standard_price,0.8211,16.37
1297,48.8,standard_price,0.5876,44.73
1298,67.9,aggressive_discount,0.6238,57.72
1299,58.8,standard_price,0.476,53.11
1300,45.3,standard_price,0.6252,31.97
1301,83.7,aggressive_discount,0.7714,75.57
1302,24.3,standard_price,0.811,20.48
1303,33.3,standard_price,0.7411,20.27
1304,68.7,standard_price,0.3678,68.3
1305,11.8,standard_price,0.8828,4.91
1306,24.2,standard_price,0.8117,2.02
1307,47.2,standard_price,0.6049,32.98
1308,62.0,aggressive_discount,0.5597,46.87
1309,62.2,standard_price,0.4381,62.86
1310,73.7,aggressive_discount,0.6828,59.06
1311,60.5,aggressive_discount,0.543,59.06
1312,31.0,standard_price,0.7604,22.55
1313,41.9,standard_price,0.6603,27.09
1314,40.7,aggressive_discount,0.3277,14.89
1315,66.2,aggressive_discount,0.6056,62.54
1316,63.9,aggressive_discount,0.5807,46.21
1317,41.0,standard_price,0.6693,30.65
1318,16.4,standard_price,0.8596,11.99
1319,53.6,standard_price,0.5344,46.72
1320,19.8,aggressive_discount,0.1599,2.17
1321,28.4,standard_price,0.7811,15.51
1322,52.9,standard_price,0.5423,47.88
1323,54.8,aggressive_discount,0.479,44.9
1324,34.6,standard_price,0.7297,28.89
1325,50.0,aggressive_discount,0.4256,26.6
1326,56.5,standard_price,0.5019,49.74
1327,84.7,aggressive_discount,0.7793,61.39
1328,64.5,standard_price,0.4128,53.9
1329,34.9,standard_price,0.727,24.04
1330,40.5,standard_price,0.6743,48.78
1331,55.8,aggressive_discount,0.4903,52.83
1332,66.1,standard_price,0.3954,63.74
1333,49.3,standard_price,0.5821,37.52
1334,47.5,standard_price,0.6017,41.8
1335,78.3,aggressive_discount,0.7258,61.01
1336,50.3,standard_price,0.5711,30.27
1337,10.0,standard_price,0.8909,0.0
1338,100.0,aggressive_discount,0.8754,103.41
1339,43.0,aggressive_discount,0.3509,30.85
1340,40.3,standard_price,0.6762,28.19
1341,56.9,aggressive_discount,0.5026,38.36
1342,52.0,aggressive_discount,0.4477,33.62
1343,66.4,aggressive_discount,0.6078,62.1
1344,51.6,standard_price,0.5568,31.55
1345,63.1,aggressive_discount,0.5719,42.36
1346,34.3,standard_price,0.7323,19.7
1347,3.1,standard_price,0.9176,0.0
1348,57.3,aggressive_discount,0.5071,53.91
1349,28.8,standard_price,0.778,10.24
1350,18.3,standard_price,0.849,17.1
1351,52.8,standard_price,0.5434,43.05
1352,52.3,standard_price,0.549,42.3
1353,59.5,aggressive_discount,0.5318,39.78
1354,71.0,aggressive_discount,0.6559,64.35
1355,46.0,aggressive_discount,0.3823,26.47
1356,17.5,standard_price,0.8535,1.83
1357,65.3,standard_price,0.4041,58.94
1358,62.0,aggressive_discount,0.5597,42.7
1359,28.4,standard_price,0.7811,5.93
1360,87.5,aggressive_discount,0.8002,73.22
1361,33.5,standard_price,0.7393,16.96
1362,70.0,aggressive_discount,0.6457,57.32
1363,63.8,aggressive_discount,0.5796,43.64
1364,29.7,standard_price,0.7709,29.29
1365,40.2,standard_price,0.6772,33.66
1366,62.0,standard_price,0.4403,46.67
1367,70.8,standard_price,0.3462,65.5
1368,35.8,standard_price,0.7189,2.71
1369,36.9,aggressive_discount,0.2912,19.69
1370,24.3,standard_price,0.811,12.28
1371,75.6,standard_price,0.299,78.77
1372,67.7,standard_price,0.3784,63.5
1373,47.5,aggressive_discount,0.3983,37.7
1374,24.1,aggressive_discount,0.1876,15.99
1375,46.4,standard_price,0.6135,32.68
1376,49.7,aggressive_discount,0.4223,37.33
1377,59.4,standard_price,0.4693,45.61
1378,13.6,standard_price,0.8741,0.0
1379,64.0,aggressive_discount,0.5818,61.12
1380,44.3,aggressive_discount,0.3644,41.01
1381,69.4,aggressive_discount,0.6395,54.03
1382,60.9,aggressive_discount,0.5475,59.1
1383,29.4,standard_price,0.7733,15.76
1384,49.8,aggressive_discount,0.4234,39.24
1385,40.1,standard_price,0.6782,27.58
1386,53.5,aggressive_discount,0.4644,42.18
1387,33.4,aggressive_discount,0.2598,21.82
1388,40.6,standard_price,0.6733,22.14
1389,40.1,aggressive_discount,0.3218,29.78
1390,13.8,standard_price,0.8731,3.45
1391,59.0,standard_price,0.4738,37.23
1392,87.3,aggressive_discount,0.7987,80.66
1393,41.4,standard_price,0.6653,27.57
1394,58.4,standard_price,0.4805,36.99
1395,41.7,standard_price,0.6623,42.85
1396,0.3,standard_price,0.9267,0.0
1397,30.4,standard_price,0.7653,0.0
1398,82.1,aggressive_discount,0.7585,73.29
1399,93.8,aggressive_discount,0.8417,73.41
1400,49.8,aggressive_discount,0.4234,18.74
1401,33.2,standard_price,0.7419,15.57
1402,65.8,aggressive_discount,0.6013,47.12
1403,31.2,standard_price,0.7588,21.26
1404,55.6,standard_price,0.512,42.48
1405,50.2,standard_price,0.5722,21.92
1406,34.4,aggressive_discount,0.2685,30.88
1407,61.8,aggressive_discount,0.5575,44.83
1408,48.7,aggressive_discount,0.4113,34.65
1409,84.8,aggressive_discount,0.7801,87.46
1410,72.5,aggressive_discount,0.671,68.47
1411,51.5,standard_price,0.5579,32.62
1412,24.1,standard_price,0.8124,19.96
1413,30.3,aggressive_discount,0.2339,15.46
1414,71.1,aggressive_discount,0.6569,65.0
1415,66.0,aggressive_discount,0.6035,53.36
1416,27.4,aggressive_discount,0.2113,14.91
1417,51.0,standard_price,0.5634,36.65
1418,34.6,standard_price,0.7297,21.76
1419,27.2,standard_price,0.7902,11.6
1420,15.7,aggressive_discount,0.1366,0.0
1421,47.2,standard_price,0.6049,24.8
1422,48.9,aggressive_discount,0.4135,41.47
1423,42.0,standard_price,0.6593,44.37
1424,24.9,standard_price,0.8068,8.97
1425,55.6,standard_price,0.512,31.52
1426,38.5,aggressive_discount,0.3063,9.98
1427,63.6,aggressive_discount,0.5774,47.62
1428,54.2,standard_price,0.5277,60.58
1429,40.8,aggressive_discount,0.3287,23.03
1430,68.0,standard_price,0.3752,63.91
1431,35.0,standard_price,0.7261,23.73
1432,36.0,standard_price,0.7171,33.89
1433,51.0,aggressive_discount,0.4366,33.23
1434,64.7,aggressive_discount,0.5894,68.49
1435,46.2,standard_price,0.6156,34.19
1436,52.2,standard_price,0.5501,37.7
1437,55.3,aggressive_discount,0.4846,47.2
1438,43.5,standard_price,0.6439,41.72
1439,55.1,aggressive_discount,0.4824,51.05
1440,54.4,standard_price,0.5255,45.74
1441,16.5,standard_price,0.8591,12.78
1442,76.0,aggressive_discount,0.7047,64.53
1443,79.0,standard_price,0.268,63.29
1444,53.0,standard_price,0.5412,47.5
1445,70.7,aggressive_discount,0.6528,67.25
1446,52.9,standard_price,0.5423,34.68
1447,66.0,standard_price,0.3965,45.13
1448,70.2,aggressive_discount,0.6477,52.42
1449,42.0,standard_price,0.6593,31.45
1450,59.6,aggressive_discount,0.533,53.44
1451,77.9,standard_price,0.2778,78.08
1452,72.1,standard_price,0.333,57.38
1453,81.0,aggressive_discount,0.7493,68.39
1454,79.5,standard_price,0.2636,73.17
1455,62.5,aggressive_discount,0.5653,55.58
1456,31.9,standard_price,0.753,28.96
1457,62.9,standard_price,0.4303,60.48
1458,69.1,standard_price,0.3637,73.6
1459,67.9,standard_price,0.3762,73.41
1460,39.1,standard_price,0.6879,37.65
1461,65.8,aggressive_discount,0.6013,60.96
1462,39.7,standard_price,0.6821,25.03
1463,65.3,standard_price,0.4041,70.22
1464,89.3,aggressive_discount,0.8128,81.0
1465,31.8,aggressive_discount,0.2462,10.48
1466,42.7,standard_price,0.6521,17.69
1467,52.1,aggressive_discount,0.4488,51.95
1468,76.5,aggressive_discount,0.7094,59.92
1469,100.0,aggressive_discount,0.8754,85.92
1470,60.4,standard_price,0.4581,44.06
1471,52.8,standard_price,0.5434,34.49
1472,47.5,standard_price,0.6017,33.86
1473,13.4,standard_price,0.8751,0.0
1474,50.4,standard_price,0.57,32.16
1475,53.5,standard_price,0.5356,43.5
1476,78.0,aggressive_discount,0.7231,76.06
1477,9.0,standard_price,0.8952,0.0
1478,48.7,standard_price,0.5887,42.1
1479,54.7,aggressive_discount,0.4779,40.91
1480,25.4,standard_price,0.8033,7.5
1481,75.0,standard_price,0.3047,60.59
1482,53.6,standard_price,0.5344,25.41
1483,62.2,aggressive_discount,0.5619,51.48
1484,47.1,standard_price,0.606,35.21
1485,43.4,standard_price,0.645,41.54
1486,17.7,standard_price,0.8524,0.0
1487,64.1,standard_price,0.4171,58.31
1488,70.8,aggressive_discount,0.6538,50.07
1489,62.1,aggressive_discount,0.5608,56.0
1490,33.8,standard_price,0.7367,14.83
1491,37.1,standard_price,0.7069,23.04
1492,24.8,aggressive_discount,0.1925,12.47
1493,45.5,standard_price,0.623,32.39
1494,78.2,aggressive_discount,0.7249,57.67
1495,63.1,standard_price,0.4281,49.48
1496,36.0,standard_price,0.7171,23.22
1497,20.5,standard_price,0.8358,9.07
1498,55.1,aggressive_discount,0.4824,40.53
1499,59.2,aggressive_discount,0.5285,36.46
1500,45.4,standard_price,0.6241,52.68
1501,42.8,aggressive_discount,0.3489,21.88
1502,39.2,standard_price,0.687,29.64
1503,45.3,standard_price,0.6252,31.77
1504,30.4,standard_price,0.7653,19.97
1505,54.7,standard_price,0.5221,50.01
1506,58.3,standard_price,0.4816,47.26
1507,55.1,aggressive_discount,0.4824,42.91
1508,52.4,aggressive_discount,0.4521,41.27
1509,75.9,standard_price,0.2962,75.49
1510,44.5,aggressive_discount,0.3664,32.45
1511,50.3,standard_price,0.5711,42.75
1512,85.3,aggressive_discount,0.7839,77.92
1513,21.6,aggressive_discount,0.1711,13.28
1514,9.5,standard_price,0.8931,0.0
1515,60.1,standard_price,0.4615,43.66
1516,45.5,aggressive_discount,0.377,41.39
1517,88.2,standard_price,0.1948,72.8
1518,69.3,standard_price,0.3616,61.34
1519,65.1,standard_price,0.4062,58.65
1520,66.2,aggressive_discount,0.6056,61.77
1521,29.5,aggressive_discount,0.2275,5.72
1522,52.0,aggressive_discount,0.4477,31.8
1523,91.0,aggressive_discount,0.8242,67.73
1524,25.0,standard_price,0.8061,7.64
1525,49.2,standard_price,0.5832,57.63
1526,29.1,aggressive_discount,0.2243,25.38
1527,62.0,standard_price,0.4403,43.14
1528,68.3,aggressive_discount,0.628,46.53
1529,31.3,standard_price,0.758,18.86
1530,49.7,standard_price,0.5777,29.54
1531,77.0,standard_price,0.286,66.4
1532,51.6,aggressive_discount,0.4432,41.96
1533,29.1,standard_price,0.7757,5.57
1534,59.0,aggressive_discount,0.5262,45.69
1535,89.1,standard_price,0.1885,84.56
1536,22.4,standard_price,0.8238,9.34
1537,41.0,standard_price,0.6693,36.16
1538,44.1,aggressive_discount,0.3623,40.06
1539,60.1,standard_price,0.4615,64.16
1540,55.8,standard_price,0.5097,46.53
1541,61.6,aggressive_discount,0.5553,52.62
1542,87.1,aggressive_discount,0.7973,87.06
1543,49.0,standard_price,0.5854,55.02
1544,33.2,standard_price,0.7419,9.66
1545,51.7,aggressive_discount,0.4444,22.38
1546,80.0,aggressive_discount,0.7408,69.23
1547,46.4,standard_price,0.6135,34.01
1548,63.4,aggressive_discount,0.5752,60.66
1549,52.8,standard_price,0.5434,48.04
1550,46.3,aggressive_discount,0.3854,44.03
1551,41.8,standard_price,0.6613,22.14
1552,68.1,aggressive_discount,0.6259,49.39
1553,39.8,standard_price,0.6811,21.93
1554,45.9,aggressive_discount,0.3812,14.82
1555,16.1,standard_price,0.8612,5.88
1556,45.4,aggressive_discount,0.3759,35.87
1557,46.1,aggressive_discount,0.3833,38.02
1558,52.5,aggressive_discount,0.4533,40.28
1559,38.9,standard_price,0.6899,16.96
1560,23.7,standard_price,0.8151,5.59
1561,56.5,standard_price,0.5019,62.69
1562,60.7,standard_price,0.4547,50.06
1563,35.6,standard_price,0.7207,18.77
1564,53.9,standard_price,0.5311,40.29
1565,39.9,standard_price,0.6802,31.7
1566,45.5,standard_price,0.623,41.45
1567,51.8,aggressive_discount,0.4455,40.18
1568,38.1,standard_price,0.6975,35.6
1569,28.9,aggressive_discount,0.2228,10.84
1570,87.2,aggressive_discount,0.798,84.41
1571,45.7,standard_price,0.6209,40.84
1572,53.5,standard_price,0.5356,33.02
1573,75.2,aggressive_discount,0.6972,62.38
1574,71.3,aggressive_discount,0.6589,53.05
1575,29.8,standard_price,0.7701,22.15
1576,39.3,aggressive_discount,0.314,33.61
1577,100.0,aggressive_discount,0.8754,104.66
1578,51.1,standard_price,0.5623,52.46
1579,65.9,standard_price,0.3976,60.55
1580,55.4,aggressive_discount,0.4858,38.23
1581,45.0,aggressive_discount,0.3717,27.19
1582,50.6,standard_price,0.5678,20.51
1583,55.0,standard_price,0.5187,42.43
1584,56.4,standard_price,0.503,37.81
1585,0.0,standard_price,0.9276,0.0
1586,39.2,standard_price,0.687,35.54
1587,33.7,standard_price,0.7376,19.42
1588,12.4,standard_price,0.88,0.0
1589,31.2,standard_price,0.7588,21.65
1590,5.2,standard_price,0.9102,0.0
1591,85.0,aggressive_discount,0.7816,76.05
1592,39.3,aggressive_discount,0.314,19.93
1593,39.2,aggressive_discount,0.313,11.84
1594,64.2,standard_price,0.4161,57.03
1595,44.5,standard_price,0.6336,35.05
1596,62.4,standard_price,0.4359,46.83
1597,42.4,standard_price,0.6552,38.89
1598,47.4,standard_price,0.6028,33.65
1599,42.2,standard_price,0.6572,40.67
1600,66.7,aggressive_discount,0.611,59.23
1601,38.2,aggressive_discount,0.3034,24.15
1602,0.0,standard_price,0.9276,0.0
1603,50.4,standard_price,0.57,29.77
1604,68.7,aggressive_discount,0.6322,56.21
1605,34.7,standard_price,0.7288,27.56
1606,27.9,standard_price,0.7849,10.21
1607,36.9,standard_price,0.7088,22.1
1608,2.6,standard_price,0.9193,0.73
1609,28.4,standard_price,0.7811,32.41
1610,33.9,standard_price,0.7358,10.29
1611,63.1,standard_price,0.4281,50.99
1612,39.7,aggressive_discount,0.3179,36.55
1613,63.5,standard_price,0.4237,67.63
1614,21.9,standard_price,0.827,15.41
1615,98.7,aggressive_discount,0.8689,91.88
1616,31.6,standard_price,0.7555,18.28
1617,28.3,standard_price,0.7819,14.49
1618,75.4,aggressive_discount,0.6991,76.85
1619,26.7,standard_price,0.7939,27.05
1620,54.6,standard_price,0.5232,56.02
1621,100.0,aggressive_discount,0.8754,90.77
1622,38.5,standard_price,0.6937,31.33
1623,10.4,standard_price,0.8891,0.0
1624,50.0,aggressive_discount,0.4256,29.98
1625,35.6,standard_price,0.7207,32.66
1626,30.4,aggressive_discount,0.2347,28.76
1627,59.3,aggressive_discount,0.5296,51.2
1628,69.4,aggressive_discount,0.6395,56.29
1629,57.3,aggressive_discount,0.5071,45.16
1630,56.0,aggressive_discount,0.4925,38.98
1631,18.7,aggressive_discount,0.1534,7.02
1632,38.4,standard_price,0.6947,16.1
1633,65.1,aggressive_discount,0.5938,41.32
1634,26.6,standard_price,0.7946,0.0
1635,57.9,aggressive_discount,0.5139,55.4
1636,30.5,standard_price,0.7645,12.73
1637,66.9,standard_price,0.3869,59.6
1638,30.6,standard_price,0.7637,16.52
1639,64.3,aggressive_discount,0.585,64.67
1640,64.3,standard_price,0.415,62.31
1641,49.6,aggressive_discount,0.4212,35.04
1642,45.4,aggressive_discount,0.3759,35.98
1643,23.7,standard_price,0.8151,8.06
1644,21.7,standard_price,0.8283,5.43
1645,91.4,aggressive_discount,0.8268,92.17
1646,32.0,standard_price,0.7521,0.0
1647,10.2,standard_price,0.89,13.83
1648,54.7,aggressive_discount,0.4779,45.06
1649,38.3,standard_price,0.6956,23.58
1650,50.7,standard_price,0.5667,37.19
1651,48.3,standard_price,0.593,50.37
1652,24.3,standard_price,0.811,22.32
1653,7.7,standard_price,0.9006,0.0
1654,47.5,aggressive_discount,0.3983,30.54
1655,72.3,aggressive_discount,0.669,63.64
1656,40.9,standard_price,0.6703,30.8
1657,53.1,standard_price,0.54,37.2
1658,63.7,aggressive_discount,0.5785,54.26
1659,36.6,standard_price,0.7116,24.94
1660,32.8,standard_price,0.7454,16.99
1661,37.0,standard_price,0.7079,20.35
1662,65.9,aggressive_discount,0.6024,56.2
1663,58.4,aggressive_discount,0.5195,46.42
1664,53.7,standard_price,0.5333,45.9
1665,23.3,standard_price,0.8178,12.72
1666,86.4,aggressive_discount,0.7922,71.79
1667,49.8,aggressive_discount,0.4234,31.8
1668,43.5,standard_price,0.6439,18.77
1669,62.0,aggressive_discount,0.5597,52.0
1670,62.0,standard_price,0.4403,41.73
1671,46.4,standard_price,0.6135,21.78
1672,61.9,aggressive_discount,0.5586,57.61
1673,87.7,aggressive_discount,0.8016,82.94
1674,60.4,standard_price,0.4581,50.88
1675,44.3,standard_price,0.6356,40.66
1676,27.6,aggressive_discount,0.2128,0.0
1677,27.3,standard_price,0.7894,0.0
1678,32.9,standard_price,0.7445,28.38
1679,36.4,aggressive_discount,0.2866,33.4
1680,23.8,standard_price,0.8144,28.83
1681,42.9,standard_price,0.6501,25.33
1682,45.7,standard_price,0.6209,46.12
1683,27.8,standard_price,0.7857,25.71
1684,14.3,standard_price,0.8706,2.06
1685,67.0,standard_price,0.3858,65.78
1686,63.5,aggressive_discount,0.5763,42.86
1687,42.2,standard_price,0.6572,31.0
1688,49.4,standard_price,0.581,42.38
1689,51.7,standard_price,0.5556,49.14
1690,63.0,standard_price,0.4292,61.81
1691,60.0,standard_price,0.4626,53.62
1692,46.0,standard_price,0.6177,30.27
1693,39.9,standard_price,0.6802,37.2
1694,33.6,standard_price,0.7385,21.62
1695,59.5,standard_price,0.4682,47.68
1696,84.8,standard_price,0.2199,82.72
1697,50.8,standard_price,0.5656,37.27
1698,64.8,aggressive_discount,0.5905,50.75
1699,71.7,aggressive_discount,0.663,55.48
1700,48.0,aggressive_discount,0.4037,32.99
1701,12.0,aggressive_discount,0.1182,3.22
1702,35.9,standard_price,0.718,25.88
1703,69.4,aggressive_discount,0.6395,54.73
1704,45.4,standard_price,0.6241,22.08
1705,71.6,aggressive_discount,0.662,51.75
1706,32.1,standard_price,0.7513,9.14
1707,60.3,standard_price,0.4592,55.95
1708,34.3,standard_price,0.7323,25.04
1709,35.3,aggressive_discount,0.2766,29.93
1710,62.9,aggressive_discount,0.5697,50.8
1711,62.0,standard_price,0.4403,49.97
1712,21.8,standard_price,0.8276,0.0
1713,64.2,aggressive_discount,0.5839,36.17
1714,51.3,standard_price,0.5601,52.82
1715,63.2,aggressive_discount,0.573,53.12
1716,64.8,standard_price,0.4095,59.93
1717,54.1,standard_price,0.5288,34.24
1718,69.8,aggressive_discount,0.6436,55.47
1719,41.1,standard_price,0.6683,27.47
1720,68.4,standard_price,0.371,58.89
1721,6.3,standard_price,0.9061,0.0
1722,46.8,standard_price,0.6092,46.3
1723,37.3,standard_price,0.7051,30.93
1724,50.8,aggressive_discount,0.4344,45.44
1725,78.1,aggressive_discount,0.724,68.3
1726,77.4,aggressive_discount,0.7177,61.38
1727,70.3,aggressive_discount,0.6487,58.73
1728,52.3,standard_price,0.549,34.76
1729,12.6,standard_price,0.879,0.0
1730,56.3,aggressive_discount,0.4959,42.56
1731,54.6,aggressive_discount,0.4768,40.81
1732,40.0,standard_price,0.6792,27.73
1733,39.9,standard_price,0.6802,27.77
1734,84.0,aggressive_discount,0.7738,76.68
1735,73.0,aggressive_discount,0.6759,67.53
1736,40.9,standard_price,0.6703,16.58
1737,67.0,standard_price,0.3858,60.94
1738,59.7,standard_price,0.4659,58.23
1739,48.3,standard_price,0.593,33.75
1740,35.6,aggressive_discount,0.2793,26.98
1741,52.1,standard_price,0.5512,50.22
1742,45.6,aggressive_discount,0.378,66.33
1743,12.4,standard_price,0.88,9.32
1744,48.9,standard_price,0.5865,44.05
1745,83.3,aggressive_discount,0.7683,61.69
1746,25.8,standard_price,0.8004,20.5
1747,60.9,standard_price,0.4525,40.46
1748,66.1,aggressive_discount,0.6046,60.0
1749,39.0,aggressive_discount,0.3111,28.85
1750,63.1,aggressive_discount,0.5719,56.01
1751,91.2,aggressive_discount,0.8255,91.09
1752,58.6,standard_price,0.4783,36.57
1753,53.2,aggressive_discount,0.4611,41.17
1754,50.6,standard_price,0.5678,31.11
1755,70.7,aggressive_discount,0.6528,55.28
1756,59.0,standard_price,0.4738,56.09
1757,61.6,standard_price,0.4447,53.96
1758,37.8,aggressive_discount,0.2996,27.75
1759,41.5,standard_price,0.6643,22.76
1760,67.9,standard_price,0.3762,72.13
1761,94.9,aggressive_discount,0.8482,92.24
1762,75.2,aggressive_discount,0.6972,65.46
1763,66.1,aggressive_discount,0.6046,51.35
1764,34.4,standard_price,0.7315,24.82
1765,61.4,aggressive_discount,0.553,54.83
1766,38.6,aggressive_discount,0.3073,18.96
1767,75.9,standard_price,0.2962,71.43
1768,40.7,standard_price,0.6723,10.62
1769,7.8,standard_price,0.9002,3.48
1770,100.0,aggressive_discount,0.8754,102.09
1771,58.4,standard_price,0.4805,44.65
1772,46.4,aggressive_discount,0.3865,28.57
1773,60.1,standard_price,0.4615,39.18
1774,16.7,standard_price,0.858,0.0
1775,43.0,standard_price,0.6491,40.05
1776,31.0,standard_price,0.7604,17.17
1777,31.2,standard_price,0.7588,5.36
1778,34.5,standard_price,0.7306,42.73
1779,65.1,standard_price,0.4062,54.21
1780,53.6,standard_price,0.5344,49.62
1781,49.1,standard_price,0.5843,53.15
1782,37.3,standard_price,0.7051,36.57
1783,40.8,standard_price,0.6713,39.29
1784,40.3,aggressive_discount,0.3238,19.6
1785,56.5,standard_price,0.5019,47.09
1786,62.7,standard_price,0.4325,49.74
1787,51.6,aggressive_discount,0.4432,26.93
1788,48.2,standard_price,0.5941,31.42
1789,66.5,aggressive_discount,0.6089,47.39
1790,68.7,standard_price,0.3678,60.5
1791,42.7,aggressive_discount,0.3479,34.47
1792,45.5,standard_price,0.623,22.8
1793,64.8,standard_price,0.4095,72.36
1794,78.7,aggressive_discount,0.7294,66.33
1795,69.0,aggressive_discount,0.6353,57.27
1796,62.8,aggressive_discount,0.5686,57.38
1797,58.0,standard_price,0.485,58.29
1798,28.5,aggressive_discount,0.2197,0.0
1799,32.6,aggressive_discount,0.2529,23.15
1800,54.2,standard_price,0.5277,41.18
1801,43.9,standard_price,0.6398,24.99
1802,59.5,aggressive_discount,0.5318,45.64
1803,58.3,aggressive_discount,0.5184,38.7
1804,68.2,standard_price,0.3731,57.0
1805,31.6,aggressive_discount,0.2445,16.16
1806,54.4,standard_price,0.5255,40.61
1807,17.5,aggressive_discount,0.1465,13.34
1808,43.2,standard_price,0.647,37.96
1809,70.3,aggressive_discount,0.6487,56.52
1810,31.3,aggressive_discount,0.242,17.29
1811,46.6,standard_price,0.6114,33.47
1812,27.2,standard_price,0.7902,13.2
1813,55.0,standard_price,0.5187,42.31
1814,91.2,aggressive_discount,0.8255,88.12
1815,24.4,standard_price,0.8103,15.32
1816,42.5,standard_price,0.6542,24.75
1817,62.9,aggressive_discount,0.5697,55.43
1818,71.9,aggressive_discount,0.665,65.2
1819,58.7,standard_price,0.4771,37.52
1820,67.2,aggressive_discount,0.6163,66.52
1821,33.1,standard_price,0.7428,22.72
1822,53.8,standard_price,0.5322,60.05
1823,45.1,standard_price,0.6273,39.97
1824,31.4,standard_price,0.7571,4.03
1825,47.6,aggressive_discount,0.3994,31.49
1826,34.5,standard_price,0.7306,21.82
1827,29.2,standard_price,0.7749,21.41
1828,53.6,standard_price,0.5344,49.97
1829,88.2,aggressive_discount,0.8052,71.52
1830,24.1,standard_price,0.8124,10.68
1831,26.2,standard_price,0.7975,17.58
1832,55.1,aggressive_discount,0.4824,63.1
1833,18.5,standard_price,0.8478,0.0
1834,34.5,standard_price,0.7306,27.63
1835,60.1,standard_price,0.4615,63.24
1836,37.3,aggressive_discount,0.2949,37.38
1837,49.4,aggressive_discount,0.419,23.73
1838,82.6,aggressive_discount,0.7626,74.06
1839,62.0,standard_price,0.4403,53.55
1840,21.9,standard_price,0.827,2.37
1841,37.9,standard_price,0.6994,28.19
1842,84.7,aggressive_discount,0.7793,85.65
1843,48.0,standard_price,0.5963,33.95
1844,23.3,standard_price,0.8178,20.11
1845,60.0,standard_price,0.4626,44.45
1846,60.4,aggressive_discount,0.5419,51.77
1847,86.8,aggressive_discount,0.7951,66.91
1848,58.9,aggressive_discount,0.5251,33.54
1849,66.7,aggressive_discount,0.611,75.82
1850,76.3,standard_price,0.2925,60.24
1851,18.3,standard_price,0.849,0.0
1852,47.6,aggressive_discount,0.3994,30.05
1853,45.2,standard_price,0.6262,36.14
1854,48.0,standard_price,0.5963,30.61
1855,46.3,standard_price,0.6146,27.57
1856,41.1,standard_price,0.6683,28.5
1857,68.3,standard_price,0.372,57.25
1858,40.3,standard_price,0.6762,29.82
1859,76.7,aggressive_discount,0.7113,72.29
1860,30.5,standard_price,0.7645,21.41
1861,37.6,standard_price,0.7022,35.58
1862,5.4,aggressive_discount,0.0905,0.0
1863,19.6,aggressive_discount,0.1587,6.26
1864,88.3,standard_price,0.1941,79.49
1865,25.5,standard_price,0.8026,22.56
1866,51.9,aggressive_discount,0.4466,38.93
1867,63.6,aggressive_discount,0.5774,62.46
1868,58.3,standard_price,0.4816,47.64
1869,78.1,standard_price,0.276,67.8
1870,97.5,aggressive_discount,0.8627,88.91
1871,45.5,standard_price,0.623,35.87
1872,43.8,standard_price,0.6408,38.89
1873,71.0,aggressive_discount,0.6559,61.21
1874,36.6,aggressive_discount,0.2884,11.56
1875,16.5,standard_price,0.8591,11.83
1876,56.2,standard_price,0.5052,51.19
1877,36.4,standard_price,0.7134,17.24
1878,40.4,aggressive_discount,0.3248,36.95
1879,36.9,aggressive_discount,0.2912,15.81
1880,44.7,standard_price,0.6315,29.44
1881,55.3,standard_price,0.5154,61.31
1882,31.1,standard_price,0.7596,24.04
1883,100.0,aggressive_discount,0.8754,91.32
1884,3.9,standard_price,0.9149,0.0
1885,76.5,aggressive_discount,0.7094,67.18
1886,43.7,standard_price,0.6419,45.44
1887,35.4,standard_price,0.7225,14.26
1888,45.2,standard_price,0.6262,27.51
1889,69.7,aggressive_discount,0.6426,54.66
1890,42.1,standard_price,0.6582,18.51
1891,47.3,aggressive_discount,0.3962,26.26
1892,45.0,standard_price,0.6283,41.37
1893,32.4,standard_price,0.7488,24.87
1894,72.0,standard_price,0.334,62.92
1895,63.0,aggressive_discount,0.5708,60.8
1896,53.9,standard_price,0.5311,34.88
1897,70.3,aggressive_discount,0.6487,46.33
1898,68.6,standard_price,0.3689,69.23
1899,56.0,standard_price,0.5075,54.46
1900,45.3,aggressive_discount,0.3748,37.59
1901,49.7,aggressive_discount,0.4223,43.08
1902,60.9,standard_price,0.4525,50.72
1903,74.0,standard_price,0.3143,64.49
1904,50.3,standard_price,0.5711,49.36
1905,64.4,aggressive_discount,0.5861,45.45
1906,62.4,aggressive_discount,0.5641,50.01
1907,20.1,standard_price,0.8383,3.48
1908,23.7,standard_price,0.8151,11.71
1909,77.5,aggressive_discount,0.7186,62.65
1910,42.9,standard_price,0.6501,32.59
1911,31.9,standard_price,0.753,20.54
1912,79.5,standard_price,0.2636,61.1
1913,22.5,standard_price,0.8231,17.0
1914,74.8,aggressive_discount,0.6934,56.95
1915,63.6,standard_price,0.4226,48.59
1916,55.5,standard_price,0.5131,38.5
1917,31.5,aggressive_discount,0.2437,3.76
1918,65.2,aggressive_discount,0.5948,45.53
1919,34.7,standard_price,0.7288,38.52
1920,60.8,aggressive_discount,0.5464,43.37
1921,53.9,aggressive_discount,0.4689,42.34
1922,54.3,standard_price,0.5266,39.85
1923,31.1,standard_price,0.7596,7.05
1924,23.6,aggressive_discount,0.1842,26.83
1925,45.0,aggressive_discount,0.3717,44.22
1926,61.7,standard_price,0.4436,56.08
1927,42.4,standard_price,0.6552,37.56
1928,20.4,standard_price,0.8364,0.0
1929,58.1,aggressive_discount,0.5161,40.84
1930,52.1,standard_price,0.5512,35.86
1931,51.3,standard_price,0.5601,48.93
1932,48.2,standard_price,0.5941,29.03
1933,24.1,standard_price,0.8124,2.89
1934,35.7,aggressive_discount,0.2802,19.82
1935,47.1,aggressive_discount,0.394,34.7
1936,65.3,standard_price,0.4041,63.69
1937,54.7,aggressive_discount,0.4779,41.39
1938,53.5,standard_price,0.5356,37.2
1939,92.2,aggressive_discount,0.8319,97.03
1940,55.9,aggressive_discount,0.4914,32.17
1941,34.4,standard_price,0.7315,20.61
1942,54.1,standard_price,0.5288,49.32
1943,0.0,standard_price,0.9276,0.0
1944,48.7,standard_price,0.5887,42.2
1945,45.9,standard_price,0.6188,45.58
1946,18.6,standard_price,0.8472,5.09
1947,19.0,standard_price,0.8449,0.0
1948,64.6,standard_price,0.4117,59.13
1949,44.1,standard_price,0.6377,32.64
1950,38.9,standard_price,0.6899,40.13
1951,61.4,aggressive_discount,0.553,47.49
1952,55.5,aggressive_discount,0.4869,37.54
1953,65.1,standard_price,0.4062,54.01
1954,38.2,standard_price,0.6966,16.9
1955,52.4,aggressive_discount,0.4521,47.2
1956,91.3,aggressive_discount,0.8261,96.05
1957,58.2,standard_price,0.4828,50.84
1958,43.6,aggressive_discount,0.3571,36.55
1959,65.8,aggressive_discount,0.6013,60.58
1960,63.2,standard_price,0.427,60.57
1961,88.7,aggressive_discount,0.8087,77.98
1962,46.2,aggressive_discount,0.3844,29.46
1963,55.4,standard_price,0.5142,49.87
1964,68.1,standard_price,0.3741,51.99
1965,59.0,aggressive_discount,0.5262,52.46
1966,43.6,standard_price,0.6429,33.66
1967,75.8,aggressive_discount,0.7029,76.89
1968,8.8,standard_price,0.896,0.0
1969,52.0,aggressive_discount,0.4477,41.02
1970,56.4,aggressive_discount,0.497,56.84
1971,25.0,standard_price,0.8061,24.28
1972,58.6,aggressive_discount,0.5217,53.31
1973,43.6,standard_price,0.6429,31.7
1974,35.2,aggressive_discount,0.2757,20.02
1975,41.9,standard_price,0.6603,40.66
1976,85.3,aggressive_discount,0.7839,82.69
1977,60.7,aggressive_discount,0.5453,53.15
1978,7.7,standard_price,0.9006,0.0
1979,58.5,standard_price,0.4794,46.44
1980,51.7,standard_price,0.5556,47.53
1981,39.5,aggressive_discount,0.3159,34.86
1982,46.7,aggressive_discount,0.3897,23.28
1983,31.2,standard_price,0.7588,8.51
1984,57.9,standard_price,0.4861,47.44
1985,38.6,standard_price,0.6927,23.47
1986,44.2,aggressive_discount,0.3633,47.19
1987,29.3,standard_price,0.7741,10.27
1988,79.6,aggressive_discount,0.7373,57.56
1989,1.5,aggressive_discount,0.0771,0.0
1990,43.4,standard_price,0.645,26.83
1991,0.0,standard_price,0.9276,0.0
1992,54.6,aggressive_discount,0.4768,42.1
1993,27.9,standard_price,0.7849,15.2
1994,57.7,standard_price,0.4884,46.96
1995,35.0,aggressive_discount,0.2739,23.75
1996,87.7,aggressive_discount,0.8016,81.62
1997,81.5,aggressive_discount,0.7535,91.19
1998,34.4,standard_price,0.7315,27.96
1999,75.0,aggressive_discount,0.6953,64.82
2000,61.9,aggressive_discount,0.5586,30.44
2001,55.2,aggressive_discount,0.4835,51.03
2002,31.8,standard_price,0.7538,15.25
2003,44.4,standard_price,0.6346,27.74
2004,57.2,aggressive_discount,0.506,25.02
2005,74.3,standard_price,0.3114,76.4
2006,31.9,standard_price,0.753,22.65
2007,54.2,aggressive_discount,0.4723,32.9
2008,21.8,standard_price,0.8276,11.41
2009,66.3,aggressive_discount,0.6067,71.01
2010,59.9,aggressive_discount,0.5363,50.49
2011,56.9,aggressive_discount,0.5026,35.53
2012,56.9,standard_price,0.4974,49.41
2013,39.0,standard_price,0.6889,25.97
2014,60.7,standard_price,0.4547,49.95
2015,56.7,standard_price,0.4996,37.64
2016,40.7,standard_price,0.6723,39.04
2017,37.7,standard_price,0.7013,34.28
2018,71.3,standard_price,0.3411,59.25
2019,39.4,standard_price,0.685,31.52
2020,62.1,aggressive_discount,0.5608,56.29
2021,36.5,standard_price,0.7125,20.73
2022,37.6,standard_price,0.7022,18.01
2023,63.3,standard_price,0.4259,52.59
2024,88.7,aggressive_discount,0.8087,78.8
2025,54.5,aggressive_discount,0.4756,27.99
2026,50.0,standard_price,0.5744,44.4
2027,63.9,standard_price,0.4193,56.47
2028,33.5,standard_price,0.7393,19.43
2029,53.8,standard_price,0.5322,31.41
2030,40.3,standard_price,0.6762,32.14
2031,20.8,standard_price,0.834,16.47
2032,83.8,aggressive_discount,0.7722,67.6
2033,43.4,aggressive_discount,0.355,25.83
2034,36.4,standard_price,0.7134,29.96
2035,42.3,aggressive_discount,0.3438,25.97
2036,30.5,standard_price,0.7645,13.0
2037,43.9,standard_price,0.6398,32.0
2038,0.0,standard_price,0.9276,0.0
2039,55.6,aggressive_discount,0.488,46.0
2040,16.6,standard_price,0.8585,3.46
2041,10.9,standard_price,0.8869,8.02
2042,75.3,aggressive_discount,0.6981,65.52
2043,62.8,aggressive_discount,0.5686,44.98
2044,23.7,aggressive_discount,0.1849,0.0
2045,72.8,aggressive_discount,0.6739,66.19
2046,59.1,aggressive_discount,0.5273,47.21
2047,47.6,aggressive_discount,0.3994,57.79
2048,47.2,standard_price,0.6049,39.64
2049,30.3,standard_price,0.7661,23.63
2050,41.2,aggressive_discount,0.3327,28.64
2051,94.8,aggressive_discount,0.8476,79.01
2052,47.7,standard_price,0.5995,41.17
2053,35.5,standard_price,0.7216,24.81
2054,60.2,standard_price,0.4603,48.57
2055,54.9,standard_price,0.5199,47.13
2056,29.4,aggressive_discount,0.2267,15.26
2057,42.3,aggressive_discount,0.3438,32.58
2058,26.8,standard_price,0.7931,11.75
2059,86.2,standard_price,0.2093,82.77
2060,60.5,aggressive_discount,0.543,64.35
2061,29.8,standard_price,0.7701,12.0
2062,50.0,aggressive_discount,0.4256,48.94
2063,79.9,aggressive_discount,0.7399,82.58
2064,55.9,aggressive_discount,0.4914,52.78
2065,50.4,aggressive_discount,0.43,39.78
2066,56.2,standard_price,0.5052,34.87
2067,29.1,standard_price,0.7757,24.36
2068,60.4,aggressive_discount,0.5419,43.43
2069,25.1,standard_price,0.8054,10.19
2070,57.5,standard_price,0.4906,38.56
2071,78.6,standard_price,0.2715,60.98
2072,47.2,standard_price,0.6049,42.91
2073,61.8,standard_price,0.4425,57.96
2074,37.0,aggressive_discount,0.2921,23.15
2075,57.8,aggressive_discount,0.5127,54.92
2076,30.0,aggressive_discount,0.2315,23.23
2077,0.0,standard_price,0.9276,0.0
2078,52.9,standard_price,0.5423,30.16
2079,62.5,standard_price,0.4347,32.51
2080,43.2,standard_price,0.647,33.85
2081,35.8,standard_price,0.7189,30.21
2082,47.6,aggressive_discount,0.3994,40.92
2083,59.3,aggressive_discount,0.5296,53.69
2084,79.9,aggressive_discount,0.7399,72.96
2085,68.3,aggressive_discount,0.628,49.89
2086,62.7,aggressive_discount,0.5675,59.97
2087,33.7,standard_price,0.7376,27.38
2088,37.6,standard_price,0.7022,27.35
2089,0.0,standard_price,0.9276,0.0
2090,46.6,standard_price,0.6114,32.42
2091,54.1,aggressive_discount,0.4712,36.12
2092,84.7,standard_price,0.2207,73.49
2093,0.0,standard_price,0.9276,0.0
2094,42.9,standard_price,0.6501,18.66
2095,21.4,standard_price,0.8302,0.0
2096,47.2,standard_price,0.6049,29.14
2097,35.1,aggressive_discount,0.2748,23.02
2098,95.5,aggressive_discount,0.8516,89.88
2099,76.9,aggressive_discount,0.7131,70.97
2100,53.8,aggressive_discount,0.4678,41.6
2101,52.2,aggressive_discount,0.4499,48.55
2102,3.3,standard_price,0.9169,0.0
2103,50.3,standard_price,0.5711,50.68
2104,41.4,standard_price,0.6653,36.98
2105,64.0,standard_price,0.4182,55.05
2106,35.2,standard_price,0.7243,21.96
2107,27.8,standard_price,0.7857,23.92
2108,72.5,aggressive_discount,0.671,56.15
2109,36.3,standard_price,0.7143,29.78
2110,54.3,aggressive_discount,0.4734,46.93
2111,61.8,standard_price,0.4425,35.07
2112,88.9,aggressive_discount,0.8101,85.72
2113,50.8,standard_price,0.5656,38.07
2114,55.6,standard_price,0.512,40.82
2115,68.7,aggressive_discount,0.6322,52.58
2116,74.3,standard_price,0.3114,72.78
2117,31.7,standard_price,0.7546,22.19
2118,53.1,standard_price,0.54,43.59
2119,78.4,aggressive_discount,0.7267,66.93
2120,20.4,standard_price,0.8364,8.03
2121,62.1,standard_price,0.4392,58.13
2122,0.0,standard_price,0.9276,0.0
2123,48.8,standard_price,0.5876,46.37
2124,39.4,standard_price,0.685,22.38
2125,60.5,standard_price,0.457,53.02
2126,55.1,aggressive_discount,0.4824,45.51
2127,48.4,standard_price,0.5919,34.58
2128,68.6,standard_price,0.3689,59.62
2129,38.0,standard_price,0.6985,25.88
2130,28.7,standard_price,0.7788,21.57
2131,16.4,standard_price,0.8596,1.47
2132,52.0,aggressive_discount,0.4477,42.51
2133,93.5,aggressive_discount,0.8399,93.55
2134,63.3,aggressive_discount,0.5741,60.36
2135,53.3,standard_price,0.5378,43.78
2136,9.0,standard_price,0.8952,0.0
2137,71.3,standard_price,0.3411,56.83
2138,78.8,aggressive_discount,0.7303,72.81
2139,38.6,standard_price,0.6927,17.51
2140,27.2,standard_price,0.7902,15.84
2141,19.2,aggressive_discount,0.1563,8.88
2142,18.2,standard_price,0.8495,0.0
2143,55.6,standard_price,0.512,41.69
2144,68.7,standard_price,0.3678,62.88
2145,56.7,aggressive_discount,0.5004,42.68
2146,81.4,aggressive_discount,0.7527,74.81
2147,49.3,aggressive_discount,0.4179,31.79
2148,43.1,standard_price,0.6481,40.86
2149,43.0,standard_price,0.6491,35.94
2150,47.9,aggressive_discount,0.4026,47.2
2151,94.1,aggressive_discount,0.8435,83.19
2152,62.0,standard_price,0.4403,48.32
2153,65.9,aggressive_discount,0.6024,43.91
2154,81.2,standard_price,0.249,65.0
2155,34.5,aggressive_discount,0.2694,39.04
2156,96.3,aggressive_discount,0.8561,84.25
2157,30.9,standard_price,0.7612,11.85
2158,65.6,aggressive_discount,0.5992,46.44
2159,79.8,aggressive_discount,0.739,79.76
2160,54.2,aggressive_discount,0.4723,42.58
2161,61.5,standard_price,0.4458,54.52
2162,42.2,aggressive_discount,0.3428,27.74
2163,40.6,standard_price,0.6733,26.87
2164,54.5,aggressive_discount,0.4756,42.78
2165,44.1,standard_price,0.6377,18.27
2166,48.2,aggressive_discount,0.4059,43.44
2167,55.9,aggressive_discount,0.4914,54.91
2168,63.1,standard_price,0.4281,67.84
2169,53.4,standard_price,0.5367,42.53
2170,27.4,standard_price,0.7887,14.09
2171,47.6,aggressive_discount,0.3994,35.51
2172,36.1,standard_price,0.7162,35.59
2173,55.9,standard_price,0.5086,42.16
2174,63.9,aggressive_discount,0.5807,54.97
2175,59.8,standard_price,0.4648,54.72
2176,53.3,aggressive_discount,0.4622,33.1
2177,58.6,standard_price,0.4783,66.83
2178,37.2,standard_price,0.706,41.03
2179,82.0,standard_price,0.2423,72.29
2180,73.1,standard_price,0.3231,61.54
2181,35.3,standard_price,0.7234,27.19
2182,47.1,standard_price,0.606,34.63
2183,59.0,aggressive_discount,0.5262,56.5
2184,58.6,aggressive_discount,0.5217,39.43
2185,50.3,standard_price,0.5711,45.99
2186,27.6,standard_price,0.7872,18.48
2187,70.8,standard_price,0.3462,65.17
2188,59.8,standard_price,0.4648,46.07
2189,44.2,aggressive_discount,0.3633,48.45
2190,42.5,aggressive_discount,0.3458,24.64
2191,30.0,standard_price,0.7685,32.29
2192,17.7,standard_price,0.8524,11.15
2193,51.6,aggressive_discount,0.4432,40.41
2194,81.3,aggressive_discount,0.7518,83.45
2195,69.4,standard_price,0.3605,55.76
2196,54.6,standard_price,0.5232,48.27
2197,69.4,aggressive_discount,0.6395,56.25
2198,50.2,standard_price,0.5722,41.57
2199,20.8,standard_price,0.834,4.54
2200,10.1,standard_price,0.8905,0.0
2201,71.5,standard_price,0.3391,58.95
2202,28.6,standard_price,0.7795,27.01
2203,65.9,standard_price,0.3976,58.41
2204,48.1,standard_price,0.5952,18.33
2205,59.0,standard_price,0.4738,46.64
2206,48.8,standard_price,0.5876,42.26
2207,82.0,standard_price,0.2423,58.41
2208,53.3,standard_price,0.5378,37.85
2209,44.5,aggressive_discount,0.3664,31.89
2210,67.9,aggressive_discount,0.6238,52.89
2211,72.8,aggressive_discount,0.6739,72.29
2212,56.4,standard_price,0.503,52.53
2213,39.0,standard_price,0.6889,30.06
2214,10.6,standard_price,0.8883,0.0
2215,58.6,aggressive_discount,0.5217,53.84
2216,39.4,standard_price,0.685,27.78
2217,42.1,standard_price,0.6582,31.41
2218,59.0,aggressive_discount,0.5262,44.9
2219,58.7,standard_price,0.4771,48.98
2220,88.1,standard_price,0.1955,71.19
2221,49.0,standard_price,0.5854,32.84
2222,26.9,standard_price,0.7924,10.84
2223,67.8,aggressive_discount,0.6227,41.98
2224,82.2,aggressive_discount,0.7593,73.98
2225,54.1,standard_price,0.5288,54.72
2226,14.5,standard_price,0.8696,5.45
2227,30.2,standard_price,0.7669,15.51
2228,57.3,standard_price,0.4929,39.06
2229,91.4,aggressive_discount,0.8268,72.94
2230,67.6,standard_price,0.3794,62.57
2231,69.6,standard_price,0.3585,70.23
2232,56.1,standard_price,0.5064,40.05
2233,8.1,standard_price,0.8989,0.0
2234,54.3,aggressive_discount,0.4734,35.99
2235,43.5,standard_price,0.6439,35.98
2236,13.0,standard_price,0.8771,0.0
2237,59.3,standard_price,0.4704,56.77
2238,57.0,aggressive_discount,0.5037,38.93
2239,45.0,standard_price,0.6283,23.57
2240,51.2,aggressive_discount,0.4388,35.96
2241,69.3,standard_price,0.3616,67.12
2242,16.3,standard_price,0.8601,4.21
2243,47.6,aggressive_discount,0.3994,27.33
2244,25.2,standard_price,0.8047,21.92
2245,61.4,aggressive_discount,0.553,44.46
2246,11.6,standard_price,0.8837,0.0
2247,58.1,standard_price,0.4839,48.26
2248,43.7,standard_price,0.6419,34.4
2249,37.7,standard_price,0.7013,23.38
2250,66.6,standard_price,0.3901,55.93
2251,74.2,standard_price,0.3124,58.04
2252,69.8,aggressive_discount,0.6436,75.17
2253,49.8,standard_price,0.5766,44.71
2254,89.9,aggressive_discount,0.8169,84.04
2255,44.2,standard_price,0.6367,22.07
2256,66.9,aggressive_discount,0.6131,55.67
2257,46.3,standard_price,0.6146,35.44
2258,22.7,standard_price,0.8218,6.27
2259,57.4,standard_price,0.4918,37.07
2260,40.6,standard_price,0.6733,22.47
2261,59.5,aggressive_discount,0.5318,41.04
2262,77.2,aggressive_discount,0.7159,79.61
2263,71.7,standard_price,0.337,68.02
2264,71.5,aggressive_discount,0.6609,64.24
2265,85.6,aggressive_discount,0.7862,65.83
2266,38.1,standard_price,0.6975,9.07
2267,39.7,aggressive_discount,0.3179,32.86
2268,72.5,standard_price,0.329,49.29
2269,66.9,aggressive_discount,0.6131,46.41
2270,35.7,standard_price,0.7198,33.75
2271,33.7,standard_price,0.7376,20.71
2272,52.3,standard_price,0.549,30.9
2273,81.3,aggressive_discount,0.7518,64.89
2274,31.2,standard_price,0.7588,27.29
2275,36.2,aggressive_discount,0.2848,32.68
2276,36.9,standard_price,0.7088,24.55
2277,11.5,standard_price,0.8842,0.0
2278,78.5,standard_price,0.2724,75.75
2279,66.7,standard_price,0.389,63.09
2280,32.6,standard_price,0.7471,28.32
2281,57.3,standard_price,0.4929,46.86
2282,61.6,aggressive_discount,0.5553,43.02
2283,50.3,standard_price,0.5711,51.96
2284,24.2,standard_price,0.8117,13.69
2285,79.4,aggressive_discount,0.7356,67.9
2286,48.1,standard_price,0.5952,33.6
2287,71.7,aggressive_discount,0.663,78.72
2288,24.9,standard_price,0.8068,17.25
2289,10.5,standard_price,0.8887,0.0
2290,69.5,aggressive_discount,0.6405,54.66
2291,18.1,standard_price,0.8501,11.57
2292,53.4,standard_price,0.5367,49.03
2293,31.7,standard_price,0.7546,19.82
2294,58.6,standard_price,0.4783,48.42
2295,23.9,standard_price,0.8137,0.0
2296,61.1,aggressive_discount,0.5497,55.97
2297,96.4,aggressive_discount,0.8567,84.39
2298,49.9,standard_price,0.5755,52.63
2299,78.2,aggressive_discount,0.7249,78.93
2300,80.5,aggressive_discount,0.7451,78.46
2301,41.4,standard_price,0.6653,30.52
2302,64.6,aggressive_discount,0.5883,68.46
2303,45.7,standard_price,0.6209,45.56
2304,41.8,standard_price,0.6613,44.98
2305,64.1,standard_price,0.4171,53.25
2306,55.1,standard_price,0.5176,50.3
2307,62.3,standard_price,0.437,50.75
2308,42.9,aggressive_discount,0.3499,26.29
2309,60.0,aggressive_discount,0.5374,55.2
2310,69.6,aggressive_discount,0.6415,65.6
2311,53.1,standard_price,0.54,54.65
2312,63.1,standard_price,0.4281,64.61
2313,10.1,standard_price,0.8905,6.76
2314,58.4,aggressive_discount,0.5195,44.8
2315,1.0,standard_price,0.9245,0.0
2316,36.6,standard_price,0.7116,22.98
2317,53.9,aggressive_discount,0.4689,45.72
2318,42.7,standard_price,0.6521,37.02
2319,22.9,standard_price,0.8205,6.92
2320,58.9,standard_price,0.4749,50.88
2321,70.7,standard_price,0.3472,72.44
2322,40.6,aggressive_discount,0.3267,36.36
2323,64.0,aggressive_discount,0.5818,47.63
2324,81.8,aggressive_discount,0.756,76.72
2325,37.3,aggressive_discount,0.2949,20.52
2326,34.2,standard_price,0.7332,4.53
2327,85.7,aggressive_discount,0.7869,71.81
2328,80.2,aggressive_discount,0.7425,76.45
2329,63.3,aggressive_discount,0.5741,44.29
2330,16.8,standard_price,0.8574,8.5
2331,96.8,standard_price,0.1411,77.67
2332,51.4,standard_price,0.559,45.19
2333,64.1,aggressive_discount,0.5829,51.64
2334,49.0,aggressive_discount,0.4146,39.41
2335,43.0,standard_price,0.6491,38.52
2336,21.8,standard_price,0.8276,10.57
2337,26.7,standard_price,0.7939,4.06
2338,33.2,standard_price,0.7419,17.5
2339,33.7,standard_price,0.7376,23.13
2340,22.9,standard_price,0.8205,18.76
2341,44.4,standard_price,0.6346,27.49
2342,66.7,aggressive_discount,0.611,61.43
2343,43.9,standard_price,0.6398,26.13
2344,50.4,standard_price,0.57,41.37
2345,84.4,aggressive_discount,0.777,74.12
2346,0.4,standard_price,0.9264,0.0
2347,54.8,standard_price,0.521,42.58
2348,67.0,aggressive_discount,0.6142,60.47
2349,52.5,standard_price,0.5467,39.22
2350,8.8,standard_price,0.896,0.0
2351,34.2,standard_price,0.7332,26.59
2352,52.1,standard_price,0.5512,62.41
2353,39.4,standard_price,0.685,25.42
2354,58.6,aggressive_discount,0.5217,53.47
2355,41.4,standard_price,0.6653,34.77
2356,27.8,aggressive_discount,0.2143,23.64
2357,33.9,standard_price,0.7358,26.3
2358,24.9,standard_price,0.8068,4.81
2359,46.9,aggressive_discount,0.3919,24.53
2360,63.8,aggressive_discount,0.5796,72.15
2361,42.7,aggressive_discount,0.3479,23.88
2362,57.1,aggressive_discount,0.5049,31.69
2363,39.2,standard_price,0.687,30.5
2364,50.6,aggressive_discount,0.4322,42.17
2365,51.3,standard_price,0.5601,39.95
2366,15.7,standard_price,0.8634,2.1
2367,69.5,aggressive_discount,0.6405,59.44
2368,75.6,aggressive_discount,0.701,65.47
2369,33.5,standard_price,0.7393,33.85
2370,36.1,standard_price,0.7162,9.49
2371,40.7,standard_price,0.6723,25.23
2372,20.9,standard_price,0.8333,4.58
2373,27.8,standard_price,0.7857,27.85
2374,39.0,standard_price,0.6889,36.05
2375,17.2,standard_price,0.8552,8.42
2376,31.4,standard_price,0.7571,24.84
2377,67.0,standard_price,0.3858,61.59
2378,44.1,aggressive_discount,0.3623,28.91
2379,36.6,standard_price,0.7116,26.94
2380,45.0,aggressive_discount,0.3717,37.44
2381,81.8,standard_price,0.244,73.06
2382,64.1,standard_price,0.4171,46.88
2383,15.2,aggressive_discount,0.134,0.0
2384,56.4,aggressive_discount,0.497,41.21
2385,55.9,aggressive_discount,0.4914,51.4
2386,18.6,standard_price,0.8472,14.49
2387,70.4,aggressive_discount,0.6498,62.06
2388,47.7,standard_price,0.5995,36.42
2389,27.3,standard_price,0.7894,28.25
2390,47.5,standard_price,0.6017,38.38
2391,24.3,aggressive_discount,0.189,14.22
2392,60.8,aggressive_discount,0.5464,46.46
2393,38.8,standard_price,0.6908,23.06
2394,34.2,standard_price,0.7332,17.7
2395,32.8,standard_price,0.7454,37.81
2396,52.3,aggressive_discount,0.451,41.09
2397,54.5,standard_price,0.5244,46.98
2398,31.0,standard_price,0.7604,21.22
2399,5.0,standard_price,0.9109,0.0
2400,34.9,standard_price,0.727,34.01
2401,40.8,standard_price,0.6713,21.04
2402,52.3,standard_price,0.549,48.21
2403,42.8,standard_price,0.6511,45.79
2404,53.6,aggressive_discount,0.4656,43.98
2405,68.3,standard_price,0.372,70.84
2406,35.5,standard_price,0.7216,22.48
2407,41.1,standard_price,0.6683,27.55
2408,39.6,aggressive_discount,0.3169,17.38
2409,37.5,standard_price,0.7032,25.5
2410,55.9,standard_price,0.5086,52.63
2411,55.6,aggressive_discount,0.488,31.14
2412,80.0,aggressive_discount,0.7408,70.04
2413,59.4,aggressive_discount,0.5307,36.89
2414,46.6,standard_price,0.6114,36.64
2415,21.8,aggressive_discount,0.1724,0.0
2416,71.2,aggressive_discount,0.6579,45.0
2417,42.3,aggressive_discount,0.3438,38.45
2418,50.1,standard_price,0.5733,37.84
2419,100.0,aggressive_discount,0.8754,81.0
2420,42.4,aggressive_discount,0.3448,29.06
2421,61.5,standard_price,0.4458,56.31
2422,44.3,standard_price,0.6356,27.56
2423,69.8,aggressive_discount,0.6436,62.09
2424,62.5,aggressive_discount,0.5653,35.57
2425,70.9,standard_price,0.3451,72.4
2426,27.0,aggressive_discount,0.2083,17.62
2427,59.7,aggressive_discount,0.5341,50.41
2428,54.9,aggressive_discount,0.4801,33.12
2429,59.3,standard_price,0.4704,58.7
2430,17.6,standard_price,0.853,6.83
2431,53.5,standard_price,0.5356,46.11
2432,55.6,standard_price,0.512,37.11
2433,65.8,standard_price,0.3987,57.17
2434,70.1,aggressive_discount,0.6467,56.45
2435,28.9,standard_price,0.7772,29.64
2436,18.8,standard_price,0.8461,11.53
2437,86.4,aggressive_discount,0.7922,98.0
2438,36.1,aggressive_discount,0.2838,25.77
2439,76.4,aggressive_discount,0.7085,57.27
2440,79.7,aggressive_discount,0.7382,67.49
2441,67.4,standard_price,0.3815,41.93
2442,74.3,aggressive_discount,0.6886,70.94
2443,44.7,standard_price,0.6315,43.29
2444,52.3,aggressive_discount,0.451,39.9
2445,66.0,aggressive_discount,0.6035,51.37
2446,39.0,standard_price,0.6889,15.79
2447,35.4,standard_price,0.7225,18.04
2448,42.0,standard_price,0.6593,32.34
2449,13.1,aggressive_discount,0.1234,0.0
2450,62.6,standard_price,0.4336,63.36
2451,48.5,standard_price,0.5909,42.53
2452,80.3,aggressive_discount,0.7434,61.62
2453,58.6,aggressive_discount,0.5217,42.41
2454,84.2,aggressive_discount,0.7754,68.23
2455,69.9,standard_price,0.3554,67.4
2456,60.5,aggressive_discount,0.543,50.71
2457,75.1,standard_price,0.3038,75.37
2458,23.3,standard_price,0.8178,16.26
2459,71.0,aggressive_discount,0.6559,66.85
2460,48.9,standard_price,0.5865,33.77
2461,27.2,aggressive_discount,0.2098,23.1
2462,26.4,standard_price,0.7961,10.07
2463,66.5,aggressive_discount,0.6089,52.31
2464,54.9,standard_price,0.5199,26.02
2465,40.8,standard_price,0.6713,38.82
2466,6.4,standard_price,0.9057,7.82
2467,48.4,aggressive_discount,0.4081,25.51
2468,60.6,aggressive_discount,0.5441,59.72
2469,28.2,standard_price,0.7826,19.56
2470,38.1,standard_price,0.6975,24.21
2471,30.4,standard_price,0.7653,11.86
2472,71.4,standard_price,0.3401,46.04
2473,50.3,aggressive_discount,0.4289,44.09
2474,41.6,aggressive_discount,0.3367,19.84
2475,26.9,standard_price,0.7924,8.3
2476,86.9,standard_price,0.2042,72.48
2477,36.7,standard_price,0.7106,9.03
2478,67.1,standard_price,0.3847,57.54
2479,69.4,aggressive_discount,0.6395,66.89
2480,43.5,aggressive_discount,0.3561,43.81
2481,62.0,standard_price,0.4403,48.73
2482,49.2,standard_price,0.5832,44.79
2483,31.5,standard_price,0.7563,7.09
2484,34.0,aggressive_discount,0.265,19.48
2485,47.5,aggressive_discount,0.3983,29.91
2486,74.2,aggressive_discount,0.6876,58.43
2487,43.2,aggressive_discount,0.353,12.97
2488,52.3,aggressive_discount,0.451,48.94
2489,68.6,aggressive_discount,0.6311,61.85
2490,71.5,aggressive_discount,0.6609,55.9
2491,25.7,standard_price,0.8012,16.9
2492,100.0,aggressive_discount,0.8754,82.66
2493,69.8,aggressive_discount,0.6436,59.84
2494,43.8,standard_price,0.6408,31.15
2495,58.3,aggressive_discount,0.5184,38.58
2496,77.3,aggressive_discount,0.7168,64.4
2497,35.3,aggressive_discount,0.2766,16.15
2498,45.1,standard_price,0.6273,36.45
2499,39.0,aggressive_discount,0.3111,36.93
2500,22.2,standard_price,0.8251,16.35
2501,42.6,standard_price,0.6532,26.01
2502,45.7,standard_price,0.6209,33.49
2503,26.2,standard_price,0.7975,6.06
2504,48.3,standard_price,0.593,39.05
2505,51.6,standard_price,0.5568,52.13
2506,43.2,standard_price,0.647,25.33
2507,62.8,standard_price,0.4314,54.67
2508,27.0,standard_price,0.7917,11.76
2509,60.6,standard_price,0.4559,45.21
2510,0.0,standard_price,0.9276,0.0
2511,94.3,aggressive_discount,0.8447,88.64
2512,49.9,aggressive_discount,0.4245,33.5
2513,39.6,standard_price,0.6831,39.8
2514,62.3,aggressive_discount,0.563,56.85
2515,46.6,standard_price,0.6114,39.28
2516,45.3,standard_price,0.6252,40.57
2517,49.4,standard_price,0.581,63.39
2518,61.9,standard_price,0.4414,40.36
2519,26.9,aggressive_discount,0.2076,3.91
2520,64.4,aggressive_discount,0.5861,47.02
2521,40.8,standard_price,0.6713,23.89
2522,61.6,aggressive_discount,0.5553,45.43
2523,32.7,standard_price,0.7462,24.97
2524,27.2,standard_price,0.7902,21.77
2525,47.5,aggressive_discount,0.3983,22.03
2526,28.3,standard_price,0.7819,18.98
2527,37.5,standard_price,0.7032,28.42
2528,65.5,aggressive_discount,0.5981,61.58
2529,64.1,aggressive_discount,0.5829,57.68
2530,38.3,standard_price,0.6956,31.21
2531,44.8,standard_price,0.6304,31.07
2532,57.9,aggressive_discount,0.5139,38.07
2533,33.9,standard_price,0.7358,32.88
2534,15.6,standard_price,0.8639,8.8
2535,29.5,standard_price,0.7725,21.96
2536,71.1,standard_price,0.3431,62.23
2537,83.7,aggressive_discount,0.7714,76.54
2538,57.6,standard_price,0.4895,59.51
2539,24.0,aggressive_discount,0.1869,6.53
2540,56.9,aggressive_discount,0.5026,43.36
2541,57.9,aggressive_discount,0.5139,50.8
2542,58.8,aggressive_discount,0.524,50.27
2543,84.8,aggressive_discount,0.7801,65.38
2544,71.4,standard_price,0.3401,65.52
2545,75.5,aggressive_discount,0.7,70.7
2546,36.4,standard_price,0.7134,24.98
2547,44.2,aggressive_discount,0.3633,25.79
2548,50.9,aggressive_discount,0.4355,44.84
2549,66.8,standard_price,0.3879,59.69
2550,49.9,standard_price,0.5755,57.58
2551,65.1,aggressive_discount,0.5938,53.05
2552,71.2,aggressive_discount,0.6579,59.56
2553,58.4,standard_price,0.4805,61.88
2554,87.8,aggressive_discount,0.8023,69.62
2555,46.2,standard_price,0.6156,38.74
2556,64.4,aggressive_discount,0.5861,69.86
2557,34.2,standard_price,0.7332,28.07
2558,51.0,standard_price,0.5634,48.5
2559,67.7,aggressive_discount,0.6216,48.7
2560,83.1,aggressive_discount,0.7667,78.75
2561,55.8,standard_price,0.5097,55.76
2562,77.1,aggressive_discount,0.7149,81.03
2563,86.5,aggressive_discount,0.7929,77.7
2564,50.6,standard_price,0.5678,47.41
2565,76.2,aggressive_discount,0.7066,66.97
2566,80.6,aggressive_discount,0.7459,81.99
2567,46.7,standard_price,0.6103,28.07
2568,65.9,aggressive_discount,0.6024,45.19
2569,13.9,standard_price,0.8726,0.0
2570,11.4,standard_price,0.8846,0.0
2571,26.2,standard_price,0.7975,11.56
2572,56.5,standard_price,0.5019,53.43
2573,64.1,aggressive_discount,0.5829,55.67
2574,14.3,standard_price,0.8706,0.0
2575,45.5,standard_price,0.623,26.06
2576,47.0,aggressive_discount,0.3929,37.75
2577,24.9,standard_price,0.8068,17.53
2578,43.5,standard_price,0.6439,29.56
2579,70.4,standard_price,0.3502,55.99
2580,50.1,aggressive_discount,0.4267,27.28
2581,69.9,standard_price,0.3554,65.69
2582,66.6,aggressive_discount,0.6099,66.82
2583,61.7,standard_price,0.4436,54.91
2584,47.8,aggressive_discount,0.4016,28.79
2585,56.6,standard_price,0.5007,42.94
2586,29.4,standard_price,0.7733,13.03
2587,75.2,aggressive_discount,0.6972,64.01
2588,86.6,aggressive_discount,0.7936,77.21
2589,25.4,standard_price,0.8033,11.39
2590,27.4,standard_price,0.7887,4.96
2591,49.5,standard_price,0.5799,51.48
2592,24.1,standard_price,0.8124,6.76
2593,61.4,standard_price,0.447,42.95
2594,25.0,aggressive_discount,0.1939,2.01
2595,96.7,aggressive_discount,0.8583,78.86
2596,89.1,aggressive_discount,0.8115,83.75
2597,64.3,aggressive_discount,0.585,52.68
2598,40.2,aggressive_discount,0.3228,30.05
2599,74.3,standard_price,0.3114,72.11
2600,41.9,aggressive_discount,0.3397,37.21
2601,31.3,standard_price,0.758,12.45
2602,10.5,standard_price,0.8887,5.61
2603,32.4,standard_price,0.7488,36.21
2604,81.0,standard_price,0.2507,82.85
2605,79.5,aggressive_discount,0.7364,77.46
2606,62.1,aggressive_discount,0.5608,31.75
2607,49.5,standard_price,0.5799,51.48
2608,20.4,standard_price,0.8364,13.06
2609,37.8,standard_price,0.7004,14.68
2610,39.8,standard_price,0.6811,27.8
2611,46.3,aggressive_discount,0.3854,31.02
2612,31.3,standard_price,0.758,19.55
2613,64.2,aggressive_discount,0.5839,60.68
2614,35.8,standard_price,0.7189,28.98
2615,38.1,standard_price,0.6975,23.06
2616,61.9,standard_price,0.4414,43.77
2617,59.0,standard_price,0.4738,49.49
2618,72.1,aggressive_discount,0.667,70.79
2619,34.3,aggressive_discount,0.2677,19.08
2620,67.3,standard_price,0.3826,54.87
2621,15.9,standard_price,0.8623,1.91
2622,44.6,aggressive_discount,0.3675,18.57
2623,28.4,standard_price,0.7811,4.49
2624,46.5,aggressive_discount,0.3876,27.08
2625,76.4,aggressive_discount,0.7085,62.51
2626,4.1,standard_price,0.9142,0.0
2627,76.3,aggressive_discount,0.7075,79.85
2628,74.6,aggressive_discount,0.6915,63.43
2629,40.8,standard_price,0.6713,28.85
2630,32.8,standard_price,0.7454,9.53
2631,55.6,aggressive_discount,0.488,40.7
2632,11.7,standard_price,0.8832,4.32
2633,76.8,aggressive_discount,0.7122,70.65
2634,86.9,aggressive_discount,0.7958,64.45
2635,33.9,standard_price,0.7358,19.03
2636,38.2,standard_price,0.6966,29.71
2637,62.0,aggressive_discount,0.5597,57.15
2638,33.5,standard_price,0.7393,31.54
2639,36.0,standard_price,0.7171,28.11
2640,64.8,standard_price,0.4095,53.92
2641,49.1,standard_price,0.5843,38.32
2642,63.4,aggressive_discount,0.5752,56.85
2643,79.5,aggressive_discount,0.7364,62.27
2644,32.1,standard_price,0.7513,23.47
2645,54.1,standard_price,0.5288,35.18
2646,26.2,aggressive_discount,0.2025,13.5
2647,70.0,aggressive_discount,0.6457,59.2
2648,47.3,aggressive_discount,0.3962,30.03
2649,53.6,aggressive_discount,0.4656,49.78
2650,78.2,aggressive_discount,0.7249,76.85
2651,19.9,standard_price,0.8395,16.95
2652,57.0,aggressive_discount,0.5037,49.86
2653,27.4,aggressive_discount,0.2113,10.05
2654,59.8,standard_price,0.4648,49.59
2655,12.1,standard_price,0.8814,0.0
2656,40.4,standard_price,0.6752,27.27
2657,40.8,aggressive_discount,0.3287,24.97
2658,74.1,standard_price,0.3134,61.93
2659,57.9,aggressive_discount,0.5139,32.81
2660,25.6,standard_price,0.8019,27.96
2661,35.8,aggressive_discount,0.2811,30.86
2662,71.4,aggressive_discount,0.6599,56.36
2663,43.1,standard_price,0.6481,46.45
2664,53.7,aggressive_discount,0.4667,41.36
2665,39.8,standard_price,0.6811,57.66
2666,67.4,aggressive_discount,0.6185,45.36
2667,71.3,aggressive_discount,0.6589,55.15
2668,94.4,aggressive_discount,0.8453,77.41
2669,36.5,aggressive_discount,0.2875,33.81
2670,36.6,aggressive_discount,0.2884,13.16
2671,52.9,standard_price,0.5423,55.54
2672,42.0,standard_price,0.6593,29.64
2673,18.0,standard_price,0.8507,0.0
2674,68.1,aggressive_discount,0.6259,55.05
2675,71.9,standard_price,0.335,67.51
2676,20.6,aggressive_discount,0.1648,1.59
2677,40.1,standard_price,0.6782,30.62
2678,73.0,aggressive_discount,0.6759,69.23
2679,6.1,standard_price,0.9068,4.0
2680,52.6,standard_price,0.5456,41.53
2681,53.6,aggressive_discount,0.4656,43.05
2682,37.5,standard_price,0.7032,22.36
2683,56.5,aggressive_discount,0.4981,45.24
2684,58.9,aggressive_discount,0.5251,39.33
2685,20.8,standard_price,0.834,0.2
2686,70.6,aggressive_discount,0.6518,64.35
2687,45.5,aggressive_discount,0.377,33.26
2688,80.0,aggressive_discount,0.7408,66.49
2689,21.6,aggressive_discount,0.1711,9.82
2690,40.0,standard_price,0.6792,26.5
2691,34.1,standard_price,0.7341,26.32
2692,37.8,standard_price,0.7004,9.51
2693,93.7,standard_price,0.1589,87.81
2694,41.1,aggressive_discount,0.3317,33.28
2695,49.5,aggressive_discount,0.4201,38.62
2696,47.0,standard_price,0.6071,40.92
2697,39.4,standard_price,0.685,20.12
2698,36.8,standard_price,0.7097,17.45
2699,63.3,aggressive_discount,0.5741,58.51
2700,34.6,standard_price,0.7297,21.53
2701,57.3,standard_price,0.4929,52.44
2702,62.6,aggressive_discount,0.5664,55.87
2703,45.0,aggressive_discount,0.3717,41.41
2704,55.7,aggressive_discount,0.4891,38.54
2705,33.9,standard_price,0.7358,26.44
2706,46.7,aggressive_discount,0.3897,26.1
2707,16.5,standard_price,0.8591,0.0
2708,32.1,standard_price,0.7513,23.19
2709,54.8,aggressive_discount,0.479,54.5
2710,77.8,aggressive_discount,0.7213,60.75
2711,60.2,aggressive_discount,0.5397,39.0
2712,58.8,standard_price,0.476,44.26
2713,65.0,aggressive_discount,0.5927,49.17
2714,33.5,standard_price,0.7393,29.97
2715,44.1,aggressive_discount,0.3623,34.01
2716,41.4,standard_price,0.6653,19.32
2717,14.7,aggressive_discount,0.1314,3.97
2718,22.1,standard_price,0.8257,4.01
2719,57.3,aggressive_discount,0.5071,61.04
2720,73.3,aggressive_discount,0.6789,59.6
2721,56.7,standard_price,0.4996,51.58
2722,27.4,aggressive_discount,0.2113,0.0
2723,69.5,aggressive_discount,0.6405,63.72
2724,39.5,aggressive_discount,0.3159,25.54
2725,22.8,standard_price,0.8211,6.49
2726,62.5,aggressive_discount,0.5653,53.57
2727,63.8,standard_price,0.4204,50.76
2728,86.3,standard_price,0.2086,84.98
2729,41.9,aggressive_discount,0.3397,30.42
2730,76.0,standard_price,0.2953,64.12
2731,46.4,standard_price,0.6135,30.9
2732,61.0,standard_price,0.4514,43.38
2733,82.8,aggressive_discount,0.7642,72.13
2734,58.4,standard_price,0.4805,58.2
2735,67.9,standard_price,0.3762,63.2
2736,75.7,aggressive_discount,0.7019,68.09
2737,74.5,aggressive_discount,0.6905,73.88
2738,38.6,standard_price,0.6927,34.65
2739,82.1,aggressive_discount,0.7585,66.29
2740,47.5,standard_price,0.6017,37.81
2741,37.2,standard_price,0.706,31.81
2742,51.2,aggressive_discount,0.4388,35.57
2743,87.5,aggressive_discount,0.8002,89.67
2744,37.9,standard_price,0.6994,32.96
2745,67.6,standard_price,0.3794,50.44
2746,44.5,standard_price,0.6336,37.85
2747,95.8,aggressive_discount,0.8533,89.13
2748,21.7,standard_price,0.8283,9.72
2749,23.1,standard_price,0.8191,9.49
2750,20.4,standard_price,0.8364,4.39
2751,45.7,standard_price,0.6209,42.18
2752,57.6,aggressive_discount,0.5105,45.43
2753,22.5,standard_price,0.8231,9.89
2754,8.5,standard_price,0.8973,0.0
2755,39.4,aggressive_discount,0.315,34.12
2756,73.2,standard_price,0.3221,69.95
2757,11.1,standard_price,0.886,0.0
2758,31.5,aggressive_discount,0.2437,3.08
2759,69.5,standard_price,0.3595,71.01
2760,45.4,aggressive_discount,0.3759,33.1
2761,51.3,standard_price,0.5601,50.27
2762,22.1,standard_price,0.8257,2.73
2763,55.8,aggressive_discount,0.4903,37.01
2764,56.1,standard_price,0.5064,57.66
2765,67.1,standard_price,0.3847,41.89
2766,66.8,aggressive_discount,0.6121,59.14
2767,47.8,standard_price,0.5984,38.31
2768,62.9,standard_price,0.4303,38.66
2769,24.6,aggressive_discount,0.1911,6.01
2770,40.7,standard_price,0.6723,29.6
2771,64.1,standard_price,0.4171,54.5
2772,12.9,aggressive_discount,0.1224,5.61
2773,24.7,standard_price,0.8082,11.56
2774,36.2,standard_price,0.7152,12.75
2775,60.8,aggressive_discount,0.5464,58.17
2776,58.2,aggressive_discount,0.5172,48.92
2777,28.1,standard_price,0.7834,10.66
2778,52.7,standard_price,0.5445,36.84
2779,74.8,aggressive_discount,0.6934,69.52
2780,75.4,aggressive_discount,0.6991,59.33
2781,13.9,standard_price,0.8726,3.33
2782,40.8,standard_price,0.6713,30.13
2783,69.2,aggressive_discount,0.6374,58.0
2784,73.1,standard_price,0.3231,47.5
2785,42.2,standard_price,0.6572,26.71
2786,43.4,aggressive_discount,0.355,20.48
2787,66.2,aggressive_discount,0.6056,39.96
2788,82.2,aggressive_discount,0.7593,74.03
2789,40.4,standard_price,0.6752,28.57
2790,20.0,standard_price,0.8389,11.52
2791,42.3,aggressive_discount,0.3438,41.41
2792,65.3,aggressive_discount,0.5959,53.25
2793,1.9,standard_price,0.9216,0.0
2794,30.0,standard_price,0.7685,11.49
2795,57.7,aggressive_discount,0.5116,48.01
2796,33.4,standard_price,0.7402,25.02
2797,44.1,aggressive_discount,0.3623,29.23
2798,54.5,aggressive_discount,0.4756,24.89
2799,49.4,aggressive_discount,0.419,46.17
2800,43.8,standard_price,0.6408,33.18
2801,36.6,standard_price,0.7116,22.45
2802,71.2,aggressive_discount,0.6579,75.61
2803,74.9,standard_price,0.3057,83.74
2804,74.2,aggressive_discount,0.6876,56.06
2805,72.4,aggressive_discount,0.67,68.63
2806,71.7,standard_price,0.337,64.84
2807,34.8,aggressive_discount,0.2721,35.42
2808,49.3,standard_price,0.5821,39.21
2809,89.6,aggressive_discount,0.8149,89.51
2810,23.3,standard_price,0.8178,10.77
2811,31.4,aggressive_discount,0.2429,18.42
2812,47.2,standard_price,0.6049,31.73
2813,38.4,standard_price,0.6947,18.13
2814,74.2,aggressive_discount,0.6876,58.3
2815,41.5,standard_price,0.6643,35.17
2816,37.4,standard_price,0.7041,49.48
2817,30.5,standard_price,0.7645,20.52
2818,45.2,standard_price,0.6262,36.92
2819,41.4,aggressive_discount,0.3347,30.13
2820,45.2,standard_price,0.6262,28.63
2821,46.8,standard_price,0.6092,36.12
2822,48.4,standard_price,0.5919,41.29
2823,58.9,aggressive_discount,0.5251,45.06
2824,41.7,standard_price,0.6623,29.17
2825,79.2,aggressive_discount,0.7338,59.39
2826,34.2,standard_price,0.7332,16.91
2827,69.7,aggressive_discount,0.6426,66.61
2828,59.5,standard_price,0.4682,51.54
2829,50.5,aggressive_discount,0.4311,48.74
2830,41.5,aggressive_discount,0.3357,32.23
2831,43.5,aggressive_discount,0.3561,24.61
2832,51.9,standard_price,0.5534,31.88
2833,84.7,aggressive_discount,0.7793,90.4
2834,75.8,standard_price,0.2971,74.84
2835,28.0,standard_price,0.7841,25.37
2836,66.9,aggressive_discount,0.6131,59.68
2837,41.3,standard_price,0.6663,32.66
2838,50.7,standard_price,0.5667,33.16
2839,73.4,aggressive_discount,0.6798,51.58
2840,43.7,standard_price,0.6419,30.28
2841,58.8,standard_price,0.476,66.14
2842,66.0,standard_price,0.3965,52.34
2843,42.6,standard_price,0.6532,34.63
2844,30.1,aggressive_discount,0.2323,9.76
2845,54.9,standard_price,0.5199,60.42
2846,47.9,aggressive_discount,0.4026,37.18
2847,29.3,standard_price,0.7741,23.93
2848,80.3,aggressive_discount,0.7434,61.24
2849,90.9,aggressive_discount,0.8235,86.59
2850,68.7,aggressive_discount,0.6322,63.22
2851,25.6,standard_price,0.8019,0.0
2852,77.0,aggressive_discount,0.714,72.62
2853,47.7,aggressive_discount,0.4005,33.67
2854,36.2,standard_price,0.7152,18.0
2855,29.4,standard_price,0.7733,37.99
2856,61.2,standard_price,0.4492,50.59
2857,73.2,aggressive_discount,0.6779,62.6
2858,45.5,standard_price,0.623,43.82
2859,84.3,standard_price,0.2238,71.68
2860,21.3,standard_price,0.8308,4.62
2861,22.9,standard_price,0.8205,14.79
2862,48.9,standard_price,0.5865,42.26
2863,77.6,aggressive_discount,0.7195,62.99
2864,46.6,standard_price,0.6114,48.05
2865,40.2,standard_price,0.6772,15.2
2866,58.8,aggressive_discount,0.524,43.24
2867,61.4,aggressive_discount,0.553,59.14
2868,33.2,standard_price,0.7419,32.94
2869,31.5,standard_price,0.7563,22.48
2870,43.4,standard_price,0.645,48.23
2871,65.4,standard_price,0.403,66.07
2872,33.8,aggressive_discount,0.2633,27.46
2873,62.8,aggressive_discount,0.5686,47.26
2874,59.0,aggressive_discount,0.5262,45.38
2875,73.2,standard_price,0.3221,72.98
2876,46.3,standard_price,0.6146,38.28
2877,62.7,aggressive_discount,0.5675,55.07
2878,42.5,aggressive_discount,0.3458,34.94
2879,32.1,standard_price,0.7513,21.61
2880,46.8,standard_price,0.6092,43.39
2881,90.2,aggressive_discount,0.8189,89.42
2882,22.5,aggressive_discount,0.1769,0.0
2883,46.0,standard_price,0.6177,45.4
2884,51.2,standard_price,0.5612,36.76
2885,55.4,aggressive_discount,0.4858,49.74
2886,74.5,standard_price,0.3095,68.15
2887,54.0,aggressive_discount,0.47,37.5
2888,51.7,standard_price,0.5556,39.95
2889,59.4,aggressive_discount,0.5307,37.21
2890,52.7,standard_price,0.5445,32.23
2891,66.7,aggressive_discount,0.611,55.09
2892,62.0,aggressive_discount,0.5597,52.81
2893,50.0,standard_price,0.5744,39.23
2894,73.1,standard_price,0.3231,62.15
2895,93.0,standard_price,0.1631,83.66
2896,41.9,standard_price,0.6603,34.96
2897,44.4,standard_price,0.6346,26.82
2898,42.8,aggressive_discount,0.3489,42.74
2899,19.1,standard_price,0.8443,16.31
2900,60.5,aggressive_discount,0.543,51.99
2901,34.1,standard_price,0.7341,30.45
2902,43.4,standard_price,0.645,20.49
2903,20.0,standard_price,0.8389,10.19
2904,17.3,standard_price,0.8546,0.0
2905,17.2,aggressive_discount,0.1448,0.0
2906,48.8,aggressive_discount,0.4124,29.72
2907,95.7,aggressive_discount,0.8528,84.5
2908,55.1,standard_price,0.5176,50.96
2909,47.2,aggressive_discount,0.3951,43.02
2910,40.0,standard_price,0.6792,23.69
2911,49.2,aggressive_discount,0.4168,15.76
2912,43.0,aggressive_discount,0.3509,32.12
2913,73.0,standard_price,0.3241,65.38
2914,64.9,aggressive_discount,0.5916,51.51
2915,64.6,aggressive_discount,0.5883,54.11
2916,68.3,aggressive_discount,0.628,66.04
2917,15.3,standard_price,0.8655,0.0
2918,41.1,standard_price,0.6683,37.58
2919,69.8,standard_price,0.3564,69.9
2920,42.9,standard_price,0.6501,34.95
2921,28.9,standard_price,0.7772,21.92
2922,44.3,standard_price,0.6356,38.21
2923,41.2,standard_price,0.6673,28.74
2924,68.0,aggressive_discount,0.6248,64.73
2925,60.3,standard_price,0.4592,42.99
2926,51.5,standard_price,0.5579,41.06
2927,41.3,standard_price,0.6663,23.24
2928,68.8,aggressive_discount,0.6332,43.32
2929,49.7,standard_price,0.5777,45.51
2930,46.1,aggressive_discount,0.3833,37.58
2931,50.1,standard_price,0.5733,24.51
2932,36.9,standard_price,0.7088,19.11
2933,66.2,standard_price,0.3944,56.56
2934,67.1,aggressive_discount,0.6153,58.15
2935,29.8,standard_price,0.7701,13.63
2936,70.1,aggressive_discount,0.6467,58.51
2937,59.6,aggressive_discount,0.533,57.1
2938,54.8,standard_price,0.521,53.08
2939,54.8,aggressive_discount,0.479,48.67
2940,39.9,standard_price,0.6802,39.04
2941,51.2,standard_price,0.5612,31.25
2942,25.6,standard_price,0.8019,10.22
2943,53.4,aggressive_discount,0.4633,40.32
2944,51.9,standard_price,0.5534,38.78
2945,33.2,aggressive_discount,0.2581,20.16
2946,48.8,standard_price,0.5876,31.73
2947,28.3,aggressive_discount,0.2181,8.81
2948,54.1,aggressive_discount,0.4712,27.07
2949,54.7,aggressive_discount,0.4779,47.78
2950,77.7,aggressive_discount,0.7204,80.42
2951,67.2,aggressive_discount,0.6163,63.87
2952,49.5,aggressive_discount,0.4201,33.75
2953,21.4,standard_price,0.8302,0.94
2954,89.6,aggressive_discount,0.8149,66.58
2955,74.3,standard_price,0.3114,56.38
2956,44.8,standard_price,0.6304,30.48
2957,45.8,aggressive_discount,0.3801,41.81
2958,29.2,standard_price,0.7749,26.94
2959,33.9,standard_price,0.7358,13.34
2960,28.2,standard_price,0.7826,14.27
2961,30.2,standard_price,0.7669,17.51
2962,11.9,standard_price,0.8823,0.08
2963,64.8,aggressive_discount,0.5905,56.47
2964,66.5,aggressive_discount,0.6089,61.63
2965,79.8,standard_price,0.261,73.38
2966,48.0,standard_price,0.5963,50.04
2967,25.7,aggressive_discount,0.1988,17.08
2968,70.2,aggressive_discount,0.6477,58.11
2969,76.6,aggressive_discount,0.7103,89.03
2970,22.6,standard_price,0.8224,6.42
2971,17.2,standard_price,0.8552,0.0
2972,21.0,standard_price,0.8327,5.02
2973,43.9,standard_price,0.6398,28.27
2974,23.1,standard_price,0.8191,24.55
2975,76.4,aggressive_discount,0.7085,63.64
2976,38.4,aggressive_discount,0.3053,41.55
2977,35.6,standard_price,0.7207,31.86
2978,76.4,aggressive_discount,0.7085,54.88
2979,32.2,standard_price,0.7504,0.0
2980,63.8,aggressive_discount,0.5796,42.47
2981,38.5,aggressive_discount,0.3063,13.55
2982,43.9,aggressive_discount,0.3602,31.02
2983,8.9,standard_price,0.8956,0.0
2984,36.5,aggressive_discount,0.2875,17.78
2985,64.1,aggressive_discount,0.5829,48.53
2986,61.9,standard_price,0.4414,55.32
2987,50.6,aggressive_discount,0.4322,30.87
2988,64.3,aggressive_discount,0.585,57.77
2989,75.4,aggressive_discount,0.6991,61.65
2990,39.1,aggressive_discount,0.3121,20.77
2991,82.7,aggressive_discount,0.7634,53.58
2992,35.8,aggressive_discount,0.2811,31.56
2993,14.0,standard_price,0.8721,0.0
2994,39.9,standard_price,0.6802,24.52
2995,42.3,standard_price,0.6562,31.6
2996,48.2,standard_price,0.5941,27.91
2997,57.9,standard_price,0.4861,52.15
2998,54.8,standard_price,0.521,35.77
2999,13.5,standard_price,0.8746,0.79
3000,49.0,aggressive_discount,0.4146,32.5
3001,22.0,standard_price,0.8264,9.43
3002,58.2,aggressive_discount,0.5172,50.96
3003,55.9,aggressive_discount,0.4914,34.7
3004,76.1,aggressive_discount,0.7057,72.73
3005,23.0,aggressive_discount,0.1802,0.0
3006,88.2,aggressive_discount,0.8052,86.32
3007,61.8,aggressive_discount,0.5575,43.64
3008,23.7,standard_price,0.8151,25.17
3009,50.4,aggressive_discount,0.43,24.02
3010,63.5,aggressive_discount,0.5763,59.58
3011,74.6,aggressive_discount,0.6915,55.89
3012,63.9,aggressive_discount,0.5807,54.71
3013,47.8,standard_price,0.5984,42.83
3014,90.5,aggressive_discount,0.8209,98.04
3015,48.8,standard_price,0.5876,18.17
3016,15.8,standard_price,0.8628,0.04
3017,38.5,standard_price,0.6937,40.69
3018,71.1,aggressive_discount,0.6569,63.01
3019,54.6,standard_price,0.5232,42.95
3020,47.0,standard_price,0.6071,41.97
3021,36.4,standard_price,0.7134,30.34
3022,54.5,aggressive_discount,0.4756,35.06
3023,45.3,aggressive_discount,0.3748,41.2
3024,26.0,standard_price,0.799,22.54
3025,36.3,standard_price,0.7143,30.39
3026,50.4,standard_price,0.57,39.81
3027,72.0,standard_price,0.334,71.25
3028,68.5,standard_price,0.3699,51.83
3029,65.4,aggressive_discount,0.597,59.06
3030,58.6,aggressive_discount,0.5217,52.14
3031,45.7,aggressive_discount,0.3791,31.91
3032,68.6,aggressive_discount,0.6311,56.97
3033,36.4,standard_price,0.7134,22.3
3034,28.7,aggressive_discount,0.2212,20.31
3035,43.9,standard_price,0.6398,35.64
3036,72.7,aggressive_discount,0.6729,51.6
3037,31.7,standard_price,0.7546,21.87
3038,37.8,standard_price,0.7004,21.55
3039,76.5,aggressive_discount,0.7094,70.6
3040,57.8,standard_price,0.4873,41.79
3041,63.7,aggressive_discount,0.5785,61.63
3042,45.4,standard_price,0.6241,28.73
3043,87.3,aggressive_discount,0.7987,88.08
3044,58.1,aggressive_discount,0.5161,32.44
3045,71.5,standard_price,0.3391,62.35
3046,48.2,standard_price,0.5941,46.7
3047,34.5,aggressive_discount,0.2694,14.96
3048,44.5,standard_price,0.6336,28.66
3049,46.8,standard_price,0.6092,43.77
3050,56.8,aggressive_discount,0.5015,51.96
3051,20.3,standard_price,0.8371,16.1
3052,25.1,standard_price,0.8054,11.34
3053,76.6,aggressive_discount,0.7103,52.96
3054,41.9,aggressive_discount,0.3397,29.95
3055,36.6,standard_price,0.7116,50.59
3056,17.0,standard_price,0.8563,17.96
3057,77.8,aggressive_discount,0.7213,54.01
3058,59.8,aggressive_discount,0.5352,43.62
3059,47.1,standard_price,0.606,39.16
3060,53.2,standard_price,0.5389,52.29
3061,97.1,standard_price,0.1395,86.85
3062,55.2,aggressive_discount,0.4835,43.38
3063,21.7,standard_price,0.8283,7.41
3064,43.3,aggressive_discount,0.354,27.85
3065,63.3,aggressive_discount,0.5741,45.2
3066,58.8,aggressive_discount,0.524,43.91
3067,8.8,standard_price,0.896,0.65
3068,57.2,aggressive_discount,0.506,49.7
3069,45.2,aggressive_discount,0.3738,45.41
3070,38.7,standard_price,0.6918,8.22
3071,45.7,standard_price,0.6209,32.1
3072,48.0,aggressive_discount,0.4037,28.78
3073,34.1,standard_price,0.7341,23.79
3074,35.1,standard_price,0.7252,19.44
3075,65.6,standard_price,0.4008,66.78
3076,47.7,aggressive_discount,0.4005,16.71
3077,58.6,standard_price,0.4783,53.29
3078,46.8,aggressive_discount,0.3908,36.99
3079,1.0,standard_price,0.9245,0.0
3080,69.6,standard_price,0.3585,67.49
3081,44.6,aggressive_discount,0.3675,31.44
3082,43.3,standard_price,0.646,34.67
3083,59.3,standard_price,0.4704,47.24
3084,33.7,standard_price,0.7376,25.31
3085,48.2,aggressive_discount,0.4059,29.18
3086,45.1,standard_price,0.6273,27.98
3087,59.4,standard_price,0.4693,51.44
3088,21.6,standard_price,0.8289,4.14
3089,35.2,standard_price,0.7243,36.65
3090,71.7,aggressive_discount,0.663,71.18
3091,100.0,aggressive_discount,0.8754,96.43
3092,18.1,standard_price,0.8501,17.48
3093,0.8,standard_price,0.9251,0.0
3094,89.9,standard_price,0.1831,86.51
3095,42.1,standard_price,0.6582,18.67
3096,43.2,aggressive_discount,0.353,35.27
3097,58.3,aggressive_discount,0.5184,44.07
3098,68.4,aggressive_discount,0.629,51.73
3099,31.2,aggressive_discount,0.2412,20.95
3100,19.8,standard_price,0.8401,2.0
3101,20.4,standard_price,0.8364,10.91
3102,33.8,standard_price,0.7367,26.38
3103,30.8,aggressive_discount,0.2379,24.8
3104,40.7,standard_price,0.6723,30.36
3105,44.7,aggressive_discount,0.3685,25.43
3106,58.1,aggressive_discount,0.5161,42.73
3107,52.4,aggressive_discount,0.4521,38.4
3108,26.3,standard_price,0.7968,14.79
3109,57.8,aggressive_discount,0.5127,45.1
3110,25.1,standard_price,0.8054,18.55
3111,66.4,standard_price,0.3922,58.34
3112,77.0,aggressive_discount,0.714,76.86
3113,99.0,aggressive_discount,0.8705,99.15
3114,69.5,standard_price,0.3595,54.33
3115,79.6,aggressive_discount,0.7373,66.15
3116,67.6,standard_price,0.3794,61.1
3117,68.2,standard_price,0.3731,56.79
3118,65.8,aggressive_discount,0.6013,47.01
3119,36.0,standard_price,0.7171,31.46
3120,36.8,aggressive_discount,0.2903,12.77
3121,20.3,standard_price,0.8371,1.64
3122,37.4,standard_price,0.7041,23.07
3123,62.8,standard_price,0.4314,46.56
3124,99.7,aggressive_discount,0.874,93.34
3125,65.3,aggressive_discount,0.5959,54.26
3126,60.6,aggressive_discount,0.5441,43.12
3127,53.8,standard_price,0.5322,44.91
3128,76.0,standard_price,0.2953,58.76
3129,50.0,standard_price,0.5744,48.73
3130,42.5,standard_price,0.6542,30.03
3131,45.2,aggressive_discount,0.3738,32.69
3132,30.8,aggressive_discount,0.2379,19.38
3133,47.8,standard_price,0.5984,29.95
3134,59.9,standard_price,0.4637,41.96
3135,57.8,aggressive_discount,0.5127,50.58
3136,52.9,aggressive_discount,0.4577,43.81
3137,41.1,standard_price,0.6683,33.6
3138,49.1,standard_price,0.5843,39.69
3139,58.7,aggressive_discount,0.5229,56.33
3140,41.2,standard_price,0.6673,36.34
3141,31.8,aggressive_discount,0.2462,30.76
3142,55.4,standard_price,0.5142,50.11
3143,71.4,aggressive_discount,0.6599,61.24
3144,54.7,aggressive_discount,0.4779,48.68
3145,76.7,standard_price,0.2887,44.26
3146,48.5,standard_price,0.5909,29.83
3147,72.5,standard_price,0.329,60.19
3148,84.7,aggressive_discount,0.7793,80.75
3149,43.1,standard_price,0.6481,40.24
3150,42.1,aggressive_discount,0.3418,31.26
3151,53.3,aggressive_discount,0.4622,45.37
3152,20.6,standard_price,0.8352,14.82
3153,18.4,standard_price,0.8484,4.25
3154,72.8,aggressive_discount,0.6739,63.01
3155,49.4,standard_price,0.581,53.03
3156,75.4,standard_price,0.3009,67.26
3157,30.5,aggressive_discount,0.2355,10.61
3158,20.7,standard_price,0.8346,7.98
3159,68.6,aggressive_discount,0.6311,57.82
3160,67.1,aggressive_discount,0.6153,59.97
3161,30.6,aggressive_discount,0.2363,19.69
3162,59.5,standard_price,0.4682,52.18
3163,67.3,aggressive_discount,0.6174,42.14
3164,65.3,aggressive_discount,0.5959,61.36
3165,48.3,standard_price,0.593,45.34
3166,45.4,standard_price,0.6241,25.45
3167,26.7,aggressive_discount,0.2061,8.0
3168,59.6,aggressive_discount,0.533,46.66
3169,59.6,standard_price,0.467,32.58
3170,34.5,standard_price,0.7306,30.04
3171,56.2,aggressive_discount,0.4948,42.66
3172,33.2,aggressive_discount,0.2581,16.59
3173,42.6,standard_price,0.6532,25.43
3174,84.9,aggressive_discount,0.7808,78.02
3175,35.3,standard_price,0.7234,16.0
3176,46.0,standard_price,0.6177,31.11
3177,59.5,aggressive_discount,0.5318,53.08
3178,34.2,standard_price,0.7332,5.1
3179,66.5,aggressive_discount,0.6089,50.92
3180,20.4,standard_price,0.8364,0.09
3181,42.7,aggressive_discount,0.3479,29.5
3182,63.2,aggressive_discount,0.573,56.4
3183,73.7,standard_price,0.3172,64.44
3184,80.2,aggressive_discount,0.7425,65.65
3185,58.7,aggressive_discount,0.5229,45.61
3186,57.8,aggressive_discount,0.5127,50.94
3187,74.4,aggressive_discount,0.6895,57.71
3188,58.6,aggressive_discount,0.5217,58.06
3189,80.1,aggressive_discount,0.7416,64.17
3190,39.1,aggressive_discount,0.3121,27.79
3191,28.2,standard_price,0.7826,1.5
3192,39.2,standard_price,0.687,39.28
3193,65.2,aggressive_discount,0.5948,48.35
3194,31.6,standard_price,0.7555,22.55
3195,44.9,standard_price,0.6294,25.75
3196,52.9,standard_price,0.5423,38.43
3197,34.2,standard_price,0.7332,27.27
3198,24.3,standard_price,0.811,6.32
3199,23.5,standard_price,0.8165,7.56
3200,53.2,standard_price,0.5389,38.43
3201,38.1,standard_price,0.6975,32.61
3202,52.5,aggressive_discount,0.4533,31.44
3203,38.1,standard_price,0.6975,24.82
3204,54.6,standard_price,0.5232,40.58
3205,48.3,standard_price,0.593,39.28
3206,62.9,aggressive_discount,0.5697,45.22
3207,81.3,standard_price,0.2482,65.59
3208,31.7,standard_price,0.7546,12.12
3209,26.0,aggressive_discount,0.201,11.66
3210,66.1,aggressive_discount,0.6046,51.58
3211,57.0,standard_price,0.4963,35.84
3212,91.2,aggressive_discount,0.8255,95.3
3213,22.7,standard_price,0.8218,0.0
3214,22.9,standard_price,0.8205,34.13
3215,72.0,aggressive_discount,0.666,70.17
3216,49.6,standard_price,0.5788,32.71
3217,54.3,aggressive_discount,0.4734,46.37
3218,35.9,standard_price,0.718,26.37
3219,39.3,standard_price,0.686,30.18
3220,57.4,aggressive_discount,0.5082,51.39
3221,57.6,aggressive_discount,0.5105,36.34
3222,52.6,aggressive_discount,0.4544,44.17
3223,72.5,standard_price,0.329,87.79
3224,39.4,aggressive_discount,0.315,29.69
3225,54.3,aggressive_discount,0.4734,39.05
3226,60.3,standard_price,0.4592,30.54
3227,41.7,aggressive_discount,0.3377,25.64
3228,19.6,standard_price,0.8413,0.0
3229,71.2,aggressive_discount,0.6579,52.0
3230,91.7,aggressive_discount,0.8287,86.15
3231,100.0,aggressive_discount,0.8754,84.31
3232,58.0,standard_price,0.485,56.46
3233,38.4,standard_price,0.6947,33.47
3234,65.4,aggressive_discount,0.597,56.61
3235,80.7,aggressive_discount,0.7468,70.37
3236,48.7,aggressive_discount,0.4113,16.72
3237,57.4,aggressive_discount,0.5082,44.4
3238,35.2,standard_price,0.7243,19.55
3239,71.8,aggressive_discount,0.664,66.51
3240,49.6,standard_price,0.5788,55.07
3241,28.8,aggressive_discount,0.222,18.92
3242,65.7,standard_price,0.3998,62.66
3243,54.9,standard_price,0.5199,60.6
3244,71.5,aggressive_discount,0.6609,62.82
3245,45.4,aggressive_discount,0.3759,34.27
3246,59.5,standard_price,0.4682,49.03
3247,50.9,standard_price,0.5645,42.52
3248,37.4,standard_price,0.7041,27.86
3249,31.5,standard_price,0.7563,7.79
3250,52.5,aggressive_discount,0.4533,32.95
3251,40.5,standard_price,0.6743,28.89
3252,39.1,standard_price,0.6879,22.35
3253,60.8,aggressive_discount,0.5464,53.05
3254,21.0,aggressive_discount,0.1673,10.74
3255,61.5,standard_price,0.4458,53.0
3256,39.8,standard_price,0.6811,33.72
3257,99.8,standard_price,0.1255,100.12
3258,72.2,aggressive_discount,0.668,52.15
3259,67.3,aggressive_discount,0.6174,66.03
3260,51.3,aggressive_discount,0.4399,50.78
3261,33.5,standard_price,0.7393,25.55
3262,47.7,standard_price,0.5995,23.71
3263,56.7,standard_price,0.4996,41.03
3264,69.6,standard_price,0.3585,71.96
3265,54.0,standard_price,0.53,45.27
3266,43.6,standard_price,0.6429,37.09
3267,41.7,aggressive_discount,0.3377,49.91
3268,51.0,aggressive_discount,0.4366,34.55
3269,30.6,aggressive_discount,0.2363,0.0
3270,44.9,standard_price,0.6294,39.42
3271,75.0,standard_price,0.3047,65.64
3272,42.8,standard_price,0.6511,30.12
3273,62.0,aggressive_discount,0.5597,45.26
3274,36.7,aggressive_discount,0.2894,14.59
3275,88.4,aggressive_discount,0.8066,81.63
3276,42.5,standard_price,0.6542,33.45
3277,46.0,aggressive_discount,0.3823,32.69
3278,38.9,standard_price,0.6899,28.85
3279,26.8,standard_price,0.7931,16.07
3280,86.7,aggressive_discount,0.7944,78.64
3281,23.1,standard_price,0.8191,5.03
3282,82.6,aggressive_discount,0.7626,66.57
3283,42.5,aggressive_discount,0.3458,26.27
3284,50.0,standard_price,0.5744,52.46
3285,78.9,aggressive_discount,0.7312,66.2
3286,54.6,aggressive_discount,0.4768,39.88
3287,18.6,standard_price,0.8472,0.0
3288,52.9,aggressive_discount,0.4577,31.71
3289,62.4,standard_price,0.4359,67.0
3290,32.9,aggressive_discount,0.2555,10.57
3291,34.7,aggressive_discount,0.2712,29.65
3292,36.1,standard_price,0.7162,35.68
3293,27.8,aggressive_discount,0.2143,5.13
3294,31.2,standard_price,0.7588,20.94
3295,70.8,standard_price,0.3462,54.01
3296,37.3,aggressive_discount,0.2949,23.49
3297,85.7,aggressive_discount,0.7869,78.28
3298,52.3,standard_price,0.549,43.8
3299,61.6,aggressive_discount,0.5553,41.94
3300,33.5,aggressive_discount,0.2607,20.08
3301,30.2,standard_price,0.7669,11.67
3302,28.1,standard_price,0.7834,4.05
3303,40.5,aggressive_discount,0.3257,20.7
3304,74.0,aggressive_discount,0.6857,72.09
3305,60.0,aggressive_discount,0.5374,43.88
3306,75.8,aggressive_discount,0.7029,78.21
3307,52.6,standard_price,0.5456,47.12
3308,34.6,aggressive_discount,0.2703,27.05
3309,59.8,standard_price,0.4648,49.5
3310,58.8,aggressive_discount,0.524,36.33
3311,46.9,standard_price,0.6081,25.96
3312,50.8,standard_price,0.5656,43.38
3313,68.2,standard_price,0.3731,59.29
3314,96.2,standard_price,0.1444,103.64
3315,22.2,standard_price,0.8251,6.4
3316,54.4,aggressive_discount,0.4745,38.73
3317,13.7,aggressive_discount,0.1264,1.87
3318,64.2,aggressive_discount,0.5839,63.5
3319,86.9,standard_price,0.2042,71.19
3320,40.7,aggressive_discount,0.3277,29.35
3321,57.4,aggressive_discount,0.5082,50.3
3322,54.4,standard_price,0.5255,34.81
3323,30.6,standard_price,0.7637,23.33
3324,41.0,aggressive_discount,0.3307,46.31
3325,37.8,standard_price,0.7004,27.21
3326,41.8,standard_price,0.6613,34.07
3327,21.4,standard_price,0.8302,0.0
3328,59.9,aggressive_discount,0.5363,30.24
3329,50.9,standard_price,0.5645,49.55
3330,66.1,standard_price,0.3954,53.4
3331,76.6,standard_price,0.2897,70.91
3332,63.3,aggressive_discount,0.5741,55.27
3333,22.3,standard_price,0.8244,6.39
3334,60.2,standard_price,0.4603,58.71
3335,75.6,aggressive_discount,0.701,69.61
3336,85.8,aggressive_discount,0.7877,86.6
3337,63.8,standard_price,0.4204,63.94
3338,51.1,standard_price,0.5623,36.46
3339,14.7,standard_price,0.8686,1.43
3340,72.1,aggressive_discount,0.667,61.82
3341,56.4,aggressive_discount,0.497,42.83
3342,16.5,aggressive_discount,0.1409,0.0
3343,26.1,standard_price,0.7983,0.0
3344,29.8,standard_price,0.7701,12.45
3345,59.9,aggressive_discount,0.5363,39.29
3346,28.9,standard_price,0.7772,10.76
3347,52.3,aggressive_discount,0.451,50.17
3348,55.8,aggressive_discount,0.4903,45.41
3349,57.0,standard_price,0.4963,49.7
3350,52.3,aggressive_discount,0.451,40.06
3351,39.4,standard_price,0.685,28.37
3352,66.0,standard_price,0.3965,61.52
3353,32.0,aggressive_discount,0.2479,4.37
3354,43.9,standard_price,0.6398,30.28
3355,28.1,standard_price,0.7834,31.02
3356,73.9,aggressive_discount,0.6847,57.45
3357,25.7,standard_price,0.8012,21.4
3358,73.5,aggressive_discount,0.6808,50.35
3359,70.2,aggressive_discount,0.6477,52.8
3360,64.6,aggressive_discount,0.5883,50.65
3361,52.0,aggressive_discount,0.4477,40.33
3362,54.0,aggressive_discount,0.47,39.64
3363,37.5,aggressive_discount,0.2968,28.67
3364,7.5,standard_price,0.9014,0.0
3365,64.6,aggressive_discount,0.5883,50.33
3366,68.7,aggressive_discount,0.6322,60.61
3367,53.5,aggressive_discount,0.4644,32.52
3368,44.7,aggressive_discount,0.3685,31.59
3369,10.4,aggressive_discount,0.1109,1.23
3370,70.3,aggressive_discount,0.6487,53.06
3371,31.2,standard_price,0.7588,20.24
3372,52.3,standard_price,0.549,45.6
3373,36.9,standard_price,0.7088,21.8
3374,34.6,standard_price,0.7297,19.02
3375,74.7,aggressive_discount,0.6924,75.68
3376,41.7,standard_price,0.6623,24.62
3377,55.3,aggressive_discount,0.4846,47.17
3378,61.2,aggressive_discount,0.5508,43.63
3379,22.5,aggressive_discount,0.1769,16.04
3380,39.3,standard_price,0.686,32.73
3381,51.7,aggressive_discount,0.4444,35.13
3382,42.1,standard_price,0.6582,38.23
3383,38.3,aggressive_discount,0.3044,30.47
3384,27.7,standard_price,0.7864,14.71
3385,42.1,aggressive_discount,0.3418,30.89
3386,41.6,standard_price,0.6633,25.53
3387,57.1,standard_price,0.4951,46.06
3388,74.5,aggressive_discount,0.6905,67.28
3389,79.3,aggressive_discount,0.7347,72.03
3390,100.0,aggressive_discount,0.8754,89.65
3391,80.5,aggressive_discount,0.7451,84.62
3392,49.3,standard_price,0.5821,30.99
3393,77.7,aggressive_discount,0.7204,68.41
3394,82.9,standard_price,0.235,65.18
3395,64.3,aggressive_discount,0.585,47.34
3396,34.1,aggressive_discount,0.2659,18.51
3397,68.4,aggressive_discount,0.629,65.86
3398,52.0,standard_price,0.5523,28.63
3399,0.0,standard_price,0.9276,0.0
3400,58.6,aggressive_discount,0.5217,56.37
3401,60.6,aggressive_discount,0.5441,43.45
3402,53.6,aggressive_discount,0.4656,45.36
3403,54.1,aggressive_discount,0.4712,46.43
3404,51.9,aggressive_discount,0.4466,33.18
3405,50.0,standard_price,0.5744,34.61
3406,90.3,aggressive_discount,0.8196,72.21
3407,17.6,standard_price,0.853,12.35
3408,55.3,aggressive_discount,0.4846,37.66
3409,56.0,standard_price,0.5075,43.9
3410,52.9,aggressive_discount,0.4577,35.64
3411,64.1,standard_price,0.4171,54.37
3412,62.6,aggressive_discount,0.5664,43.14
3413,34.8,standard_price,0.7279,24.18
3414,33.6,aggressive_discount,0.2615,16.93
3415,47.8,standard_price,0.5984,33.94
3416,41.1,standard_price,0.6683,24.37
3417,66.4,aggressive_discount,0.6078,50.36
3418,36.0,standard_price,0.7171,24.72
3419,43.0,standard_price,0.6491,25.81
3420,48.9,standard_price,0.5865,42.21
3421,50.1,aggressive_discount,0.4267,32.15
3422,63.6,aggressive_discount,0.5774,44.67
3423,21.3,aggressive_discount,0.1692,5.32
3424,44.6,standard_price,0.6325,48.52
3425,26.4,standard_price,0.7961,17.73
3426,68.8,standard_price,0.3668,83.05
3427,33.5,standard_price,0.7393,23.29
3428,66.0,aggressive_discount,0.6035,52.74
3429,48.9,aggressive_discount,0.4135,34.41
3430,67.7,aggressive_discount,0.6216,66.5
3431,49.4,standard_price,0.581,38.83
3432,66.4,standard_price,0.3922,49.52
3433,63.7,standard_price,0.4215,56.79
3434,42.9,standard_price,0.6501,43.19
3435,48.7,standard_price,0.5887,27.06
3436,48.4,standard_price,0.5919,47.99
3437,77.3,aggressive_discount,0.7168,59.89
3438,85.4,standard_price,0.2153,62.71
3439,62.2,standard_price,0.4381,47.81
3440,54.6,standard_price,0.5232,55.22
3441,35.9,aggressive_discount,0.282,33.39
3442,32.6,aggressive_discount,0.2529,13.29
3443,51.2,standard_price,0.5612,37.62
3444,75.5,aggressive_discount,0.7,69.64
3445,14.3,aggressive_discount,0.1294,0.0
3446,69.2,aggressive_discount,0.6374,69.11
3447,66.3,aggressive_discount,0.6067,52.01
3448,59.8,aggressive_discount,0.5352,51.39
3449,42.8,standard_price,0.6511,36.4
3450,41.9,standard_price,0.6603,37.3
3451,37.9,standard_price,0.6994,17.96
3452,0.0,standard_price,0.9276,0.0
3453,54.8,standard_price,0.521,47.25
3454,82.8,aggressive_discount,0.7642,61.15
3455,56.5,standard_price,0.5019,53.37
3456,32.5,standard_price,0.7479,13.34
3457,50.2,aggressive_discount,0.4278,44.06
3458,80.6,aggressive_discount,0.7459,90.09
3459,28.0,standard_price,0.7841,24.3
3460,33.9,standard_price,0.7358,8.69
3461,57.8,standard_price,0.4873,39.93
3462,64.3,aggressive_discount,0.585,71.31
3463,53.3,aggressive_discount,0.4622,45.22
3464,22.5,standard_price,0.8231,7.06
3465,38.9,standard_price,0.6899,34.04
3466,35.5,standard_price,0.7216,23.23
3467,24.7,standard_price,0.8082,13.83
3468,16.8,standard_price,0.8574,9.56
3469,40.3,standard_price,0.6762,26.14
3470,33.0,aggressive_discount,0.2564,20.96
3471,38.1,standard_price,0.6975,16.05
3472,20.3,standard_price,0.8371,1.33
3473,52.0,aggressive_discount,0.4477,46.98
3474,50.5,aggressive_discount,0.4311,38.79
3475,28.3,standard_price,0.7819,20.15
3476,40.5,standard_price,0.6743,32.08
3477,38.3,aggressive_discount,0.3044,18.54
3478,77.0,aggressive_discount,0.714,62.7
3479,56.5,aggressive_discount,0.4981,45.12
3480,65.8,standard_price,0.3987,57.01
3481,68.9,aggressive_discount,0.6343,62.29
3482,69.6,aggressive_discount,0.6415,56.45
3483,58.5,aggressive_discount,0.5206,47.59
3484,0.0,standard_price,0.9276,0.0
3485,50.3,aggressive_discount,0.4289,49.33
3486,55.9,aggressive_discount,0.4914,56.15
3487,32.1,standard_price,0.7513,26.43
3488,68.8,aggressive_discount,0.6332,49.92
3489,45.6,standard_price,0.622,46.75
3490,42.8,standard_price,0.6511,32.55
3491,93.4,aggressive_discount,0.8393,103.73
3492,44.0,standard_price,0.6388,29.35
3493,62.6,aggressive_discount,0.5664,58.78
3494,95.2,aggressive_discount,0.8499,70.98
3495,69.1,aggressive_discount,0.6363,60.11
3496,33.2,standard_price,0.7419,19.63
3497,17.4,standard_price,0.8541,0.0
3498,15.3,standard_price,0.8655,0.0
3499,59.0,aggressive_discount,0.5262,39.11
3500,59.2,aggressive_discount,0.5285,39.99
3501,42.2,aggressive_discount,0.3428,38.93
3502,54.4,aggressive_discount,0.4745,45.03
3503,47.0,aggressive_discount,0.3929,46.96
3504,48.2,standard_price,0.5941,38.08
3505,78.5,aggressive_discount,0.7276,68.51
3506,37.8,standard_price,0.7004,32.31
3507,28.9,aggressive_discount,0.2228,18.54
3508,56.1,aggressive_discount,0.4936,39.22
3509,90.9,aggressive_discount,0.8235,81.83
3510,33.5,standard_price,0.7393,23.44
3511,46.6,standard_price,0.6114,41.51
3512,41.2,standard_price,0.6673,45.02
3513,58.8,aggressive_discount,0.524,40.7
3514,47.5,standard_price,0.6017,34.65
3515,57.0,aggressive_discount,0.5037,38.97
3516,33.3,standard_price,0.7411,23.64
3517,47.1,standard_price,0.606,44.97
3518,16.6,standard_price,0.8585,0.0
3519,8.3,standard_price,0.8981,8.28
3520,42.4,standard_price,0.6552,39.99
3521,54.7,aggressive_discount,0.4779,42.45
3522,35.0,aggressive_discount,0.2739,9.45
3523,75.2,standard_price,0.3028,56.82
3524,45.3,standard_price,0.6252,28.53
3525,39.8,aggressive_discount,0.3189,32.95
3526,61.0,standard_price,0.4514,42.56
3527,54.3,standard_price,0.5266,41.37
3528,29.7,standard_price,0.7709,10.63
3529,26.7,standard_price,0.7939,14.04
3530,100.0,standard_price,0.1246,91.45
3531,72.1,aggressive_discount,0.667,54.81
3532,43.7,standard_price,0.6419,34.4
3533,64.5,standard_price,0.4128,70.32
3534,55.2,standard_price,0.5165,48.49
3535,86.7,aggressive_discount,0.7944,84.37
3536,54.5,standard_price,0.5244,46.78
3537,57.3,standard_price,0.4929,48.2
3538,88.5,aggressive_discount,0.8073,91.6
3539,22.8,standard_price,0.8211,8.9
3540,75.7,aggressive_discount,0.7019,70.26
3541,18.8,standard_price,0.8461,9.65
3542,72.0,aggressive_discount,0.666,61.53
3543,13.4,standard_price,0.8751,17.45
3544,43.1,aggressive_discount,0.3519,26.38
3545,47.5,standard_price,0.6017,41.29
3546,56.6,aggressive_discount,0.4993,44.72
3547,52.2,standard_price,0.5501,29.99
3548,43.2,standard_price,0.647,26.25
3549,8.6,standard_price,0.8969,0.0
3550,80.3,aggressive_discount,0.7434,70.98
3551,44.1,standard_price,0.6377,45.18
3552,52.3,standard_price,0.549,39.93
3553,29.2,aggressive_discount,0.2251,12.87
3554,67.3,aggressive_discount,0.6174,62.17
3555,24.2,standard_price,0.8117,8.21
3556,45.6,standard_price,0.622,41.71
3557,30.3,standard_price,0.7661,22.65
3558,58.6,standard_price,0.4783,56.79
3559,46.6,standard_price,0.6114,26.18
3560,60.8,standard_price,0.4536,30.15
3561,46.5,standard_price,0.6124,36.73
3562,27.3,standard_price,0.7894,16.15
3563,82.2,aggressive_discount,0.7593,90.99
3564,47.3,aggressive_discount,0.3962,29.52
3565,57.0,standard_price,0.4963,25.84
3566,48.9,standard_price,0.5865,41.09
3567,29.2,standard_price,0.7749,26.77
3568,68.2,aggressive_discount,0.6269,54.6
3569,36.9,standard_price,0.7088,32.96
3570,63.3,standard_price,0.4259,59.68
3571,52.9,standard_price,0.5423,38.12
3572,56.6,aggressive_discount,0.4993,20.14
3573,35.4,standard_price,0.7225,7.97
3574,6.2,standard_price,0.9064,0.0
3575,55.3,aggressive_discount,0.4846,53.53
3576,44.9,standard_price,0.6294,20.82
3577,28.9,standard_price,0.7772,24.73
3578,42.8,aggressive_discount,0.3489,21.08
3579,86.5,standard_price,0.2071,88.11
3580,62.3,aggressive_discount,0.563,54.17
3581,59.6,aggressive_discount,0.533,54.22
3582,55.4,standard_price,0.5142,26.14
3583,46.0,aggressive_discount,0.3823,27.75
3584,43.2,standard_price,0.647,29.81
3585,50.2,aggressive_discount,0.4278,41.68
3586,23.3,aggressive_discount,0.1822,7.04
3587,56.8,standard_price,0.4985,41.76
3588,50.0,standard_price,0.5744,35.13
3589,48.3,standard_price,0.593,45.42
3590,34.6,aggressive_discount,0.2703,14.35
3591,73.2,standard_price,0.3221,64.95
3592,70.6,aggressive_discount,0.6518,63.38
3593,68.8,aggressive_discount,0.6332,73.62
3594,55.6,aggressive_discount,0.488,35.35
3595,42.3,aggressive_discount,0.3438,24.13
3596,39.2,standard_price,0.687,24.62
3597,63.3,standard_price,0.4259,49.22
3598,74.5,aggressive_discount,0.6905,59.4
3599,45.8,aggressive_discount,0.3801,42.37
3600,24.2,standard_price,0.8117,24.9
3601,59.1,standard_price,0.4727,38.93
3602,56.1,standard_price,0.5064,29.28
3603,52.1,standard_price,0.5512,43.32
3604,20.7,standard_price,0.8346,13.31
3605,48.1,aggressive_discount,0.4048,25.44
3606,72.5,aggressive_discount,0.671,55.43
3607,41.4,standard_price,0.6653,28.95
3608,43.6,aggressive_discount,0.3571,35.25
3609,44.6,standard_price,0.6325,26.73
3610,51.5,aggressive_discount,0.4421,37.02
3611,30.5,aggressive_discount,0.2355,11.96
3612,35.2,standard_price,0.7243,23.8
3613,48.0,standard_price,0.5963,28.63
3614,72.2,aggressive_discount,0.668,56.51
3615,74.7,aggressive_discount,0.6924,63.4
3616,45.0,standard_price,0.6283,38.75
3617,22.9,standard_price,0.8205,16.86
3618,23.3,aggressive_discount,0.1822,14.52
3619,43.6,standard_price,0.6429,33.23
3620,15.5,standard_price,0.8644,0.0
3621,59.2,aggressive_discount,0.5285,61.34
3622,64.8,aggressive_discount,0.5905,65.2
3623,59.8,standard_price,0.4648,44.8
3624,42.4,standard_price,0.6552,37.32
3625,43.3,standard_price,0.646,53.9
3626,77.1,aggressive_discount,0.7149,72.26
3627,70.2,standard_price,0.3523,50.59
3628,52.4,standard_price,0.5479,40.84
3629,54.1,aggressive_discount,0.4712,20.53
3630,44.6,standard_price,0.6325,35.63
3631,43.8,aggressive_discount,0.3592,34.94
3632,15.3,standard_price,0.8655,0.0
3633,27.2,standard_price,0.7902,5.99
3634,61.0,aggressive_discount,0.5486,51.17
3635,16.0,standard_price,0.8618,8.1
3636,71.2,aggressive_discount,0.6579,77.82
3637,100.0,aggressive_discount,0.8754,92.45
3638,61.9,aggressive_discount,0.5586,64.95
3639,54.6,standard_price,0.5232,51.84
3640,69.2,standard_price,0.3626,60.14
3641,24.7,standard_price,0.8082,6.83
3642,77.5,standard_price,0.2814,76.32
3643,38.1,aggressive_discount,0.3025,21.87
3644,50.9,aggressive_discount,0.4355,28.84
3645,40.4,standard_price,0.6752,27.6
3646,35.5,standard_price,0.7216,33.83
3647,17.7,standard_price,0.8524,1.86
3648,41.1,aggressive_discount,0.3317,34.39
3649,51.9,standard_price,0.5534,43.82
3650,34.5,standard_price,0.7306,36.19
3651,37.0,aggressive_discount,0.2921,18.81
3652,55.7,standard_price,0.5109,44.74
3653,22.3,standard_price,0.8244,12.36
3654,43.7,standard_price,0.6419,38.91
3655,76.2,aggressive_discount,0.7066,72.83
3656,33.7,aggressive_discount,0.2624,21.66
3657,85.9,standard_price,0.2116,82.55
3658,21.8,standard_price,0.8276,10.06
3659,8.7,standard_price,0.8965,0.0
3660,59.4,aggressive_discount,0.5307,43.62
3661,55.6,standard_price,0.512,42.27
3662,86.5,standard_price,0.2071,80.14
3663,13.4,standard_price,0.8751,7.97
3664,44.9,aggressive_discount,0.3706,31.55
3665,45.4,aggressive_discount,0.3759,43.64
3666,83.0,aggressive_discount,0.7658,88.2
3667,69.6,aggressive_discount,0.6415,80.83
3668,38.7,standard_price,0.6918,24.03
3669,84.6,aggressive_discount,0.7785,84.4
3670,36.2,standard_price,0.7152,15.99
3671,59.8,aggressive_discount,0.5352,36.89
3672,48.6,standard_price,0.5898,42.71
3673,39.4,standard_price,0.685,41.85
3674,44.4,standard_price,0.6346,34.37
3675,46.1,aggressive_discount,0.3833,35.37
3676,31.2,standard_price,0.7588,12.97
3677,40.7,aggressive_discount,0.3277,29.8
3678,78.7,aggressive_discount,0.7294,67.17
3679,36.7,standard_price,0.7106,23.19
3680,52.8,standard_price,0.5434,47.7
3681,69.8,standard_price,0.3564,59.53
3682,43.3,aggressive_discount,0.354,26.45
3683,66.8,aggressive_discount,0.6121,71.38
3684,68.2,aggressive_discount,0.6269,56.62
3685,45.2,aggressive_discount,0.3738,30.44
3686,71.8,standard_price,0.336,64.64
3687,70.5,aggressive_discount,0.6508,65.95
3688,62.5,standard_price,0.4347,44.02
3689,69.2,standard_price,0.3626,71.78
3690,46.2,standard_price,0.6156,35.88
3691,71.0,standard_price,0.3441,57.54
3692,88.9,standard_price,0.1899,82.51
3693,43.6,standard_price,0.6429,26.2
3694,63.9,aggressive_discount,0.5807,54.79
3695,55.0,aggressive_discount,0.4813,49.01
3696,20.6,aggressive_discount,0.1648,13.84
3697,80.4,aggressive_discount,0.7442,72.3
3698,31.8,standard_price,0.7538,22.54
3699,94.8,aggressive_discount,0.8476,89.75
3700,14.5,standard_price,0.8696,0.0
3701,52.6,standard_price,0.5456,45.61
3702,77.4,standard_price,0.2823,64.01
3703,60.3,aggressive_discount,0.5408,54.62
3704,51.0,standard_price,0.5634,41.08
3705,66.5,aggressive_discount,0.6089,53.99
3706,63.5,aggressive_discount,0.5763,50.77
3707,23.8,standard_price,0.8144,15.68
3708,0.0,standard_price,0.9276,0.0
3709,58.3,standard_price,0.4816,56.89
3710,46.7,aggressive_discount,0.3897,32.51
3711,47.3,standard_price,0.6038,29.24
3712,63.5,aggressive_discount,0.5763,50.58
3713,81.4,aggressive_discount,0.7527,57.32
3714,66.6,standard_price,0.3901,56.33
3715,26.3,standard_price,0.7968,15.42
3716,53.4,standard_price,0.5367,35.75
3717,58.3,aggressive_discount,0.5184,41.13
3718,49.5,standard_price,0.5799,38.09
3719,28.1,standard_price,0.7834,9.81
3720,67.4,aggressive_discount,0.6185,63.41
3721,38.4,aggressive_discount,0.3053,15.27
3722,41.5,standard_price,0.6643,25.42
3723,58.1,standard_price,0.4839,63.05
3724,67.2,standard_price,0.3837,64.65
3725,41.1,aggressive_discount,0.3317,26.45
3726,57.1,aggressive_discount,0.5049,47.02
3727,52.7,standard_price,0.5445,41.07
3728,66.8,standard_price,0.3879,50.03
3729,29.5,aggressive_discount,0.2275,33.85
3730,23.8,standard_price,0.8144,8.0
3731,34.5,aggressive_discount,0.2694,11.23
3732,48.3,standard_price,0.593,53.0
3733,46.7,standard_price,0.6103,33.27
3734,25.1,standard_price,0.8054,14.92
3735,70.2,aggressive_discount,0.6477,59.27
3736,17.2,standard_price,0.8552,5.18
3737,21.6,standard_price,0.8289,12.48
3738,28.4,standard_price,0.7811,12.19
3739,65.3,aggressive_discount,0.5959,52.18
3740,28.8,standard_price,0.778,18.19
3741,46.4,standard_price,0.6135,18.56
3742,16.6,aggressive_discount,0.1415,0.0
3743,51.0,aggressive_discount,0.4366,29.38
3744,25.3,standard_price,0.804,0.0
3745,72.6,aggressive_discount,0.6719,67.2
3746,70.4,standard_price,0.3502,69.95
3747,85.7,aggressive_discount,0.7869,84.63
3748,45.6,standard_price,0.622,26.33
3749,30.4,standard_price,0.7653,21.41
3750,23.1,standard_price,0.8191,14.58
3751,87.6,aggressive_discount,0.8009,81.49
3752,63.0,aggressive_discount,0.5708,46.01
3753,29.9,standard_price,0.7693,12.81
3754,42.2,aggressive_discount,0.3428,36.97
3755,57.0,standard_price,0.4963,49.09
3756,41.5,standard_price,0.6643,24.75
3757,77.8,aggressive_discount,0.7213,73.02
3758,77.6,aggressive_discount,0.7195,68.58
3759,16.7,aggressive_discount,0.142,0.0
3760,80.1,aggressive_discount,0.7416,84.68
3761,65.1,aggressive_discount,0.5938,61.97
3762,31.8,aggressive_discount,0.2462,19.05
3763,44.0,standard_price,0.6388,33.68
3764,20.7,standard_price,0.8346,17.56
3765,48.7,aggressive_discount,0.4113,19.74
3766,32.1,standard_price,0.7513,16.92
3767,38.2,standard_price,0.6966,30.31
3768,41.0,standard_price,0.6693,29.71
3769,35.2,standard_price,0.7243,26.04
3770,62.7,aggressive_discount,0.5675,47.48
3771,14.1,standard_price,0.8716,0.0
3772,64.8,aggressive_discount,0.5905,54.59
3773,52.2,standard_price,0.5501,51.92
3774,38.9,standard_price,0.6899,26.24
3775,23.4,standard_price,0.8171,14.1
3776,0.0,standard_price,0.9276,0.0
3777,76.2,aggressive_discount,0.7066,68.96
3778,18.6,standard_price,0.8472,9.8
3779,60.7,aggressive_discount,0.5453,65.49
3780,29.4,standard_price,0.7733,17.32
3781,54.8,standard_price,0.521,55.96
3782,19.7,standard_price,0.8407,0.0
3783,58.6,standard_price,0.4783,39.97
3784,24.3,standard_price,0.811,17.52
3785,64.4,aggressive_discount,0.5861,48.52
3786,56.9,aggressive_discount,0.5026,46.9
3787,0.0,standard_price,0.9276,0.0
3788,27.6,standard_price,0.7872,7.66
3789,100.0,aggressive_discount,0.8754,102.79
3790,65.2,standard_price,0.4052,55.19
3791,79.1,aggressive_discount,0.7329,56.7
3792,38.8,aggressive_discount,0.3092,32.0
3793,23.4,standard_price,0.8171,8.39
3794,22.4,standard_price,0.8238,18.57
3795,41.7,standard_price,0.6623,21.14
3796,34.9,standard_price,0.727,17.7
3797,52.5,standard_price,0.5467,54.32
3798,24.7,aggressive_discount,0.1918,0.0
3799,58.4,standard_price,0.4805,53.1
3800,18.4,standard_price,0.8484,4.79
3801,29.7,standard_price,0.7709,34.05
3802,57.7,standard_price,0.4884,53.72
3803,74.6,standard_price,0.3085,89.42
3804,74.3,aggressive_discount,0.6886,60.33
3805,53.7,standard_price,0.5333,37.72
3806,61.1,aggressive_discount,0.5497,43.92
3807,19.9,standard_price,0.8395,6.11
3808,66.7,aggressive_discount,0.611,51.46
3809,60.2,standard_price,0.4603,56.48
3810,43.5,aggressive_discount,0.3561,19.7
3811,68.3,aggressive_discount,0.628,58.25
3812,55.2,aggressive_discount,0.4835,30.23
3813,49.9,standard_price,0.5755,19.22
3814,45.4,aggressive_discount,0.3759,36.26
3815,47.0,aggressive_discount,0.3929,34.86
3816,54.4,aggressive_discount,0.4745,28.03
3817,5.9,standard_price,0.9076,1.79
3818,62.0,aggressive_discount,0.5597,53.3
3819,74.4,aggressive_discount,0.6895,72.71
3820,24.3,standard_price,0.811,4.26
3821,26.4,standard_price,0.7961,14.72
3822,47.8,aggressive_discount,0.4016,44.71
3823,77.3,standard_price,0.2832,59.1
3824,47.2,standard_price,0.6049,32.8
3825,38.6,standard_price,0.6927,40.02
3826,31.5,aggressive_discount,0.2437,35.85
3827,99.0,aggressive_discount,0.8705,89.26
3828,76.5,aggressive_discount,0.7094,73.08
3829,40.8,standard_price,0.6713,28.67
3830,94.4,aggressive_discount,0.8453,86.56
3831,55.6,standard_price,0.512,45.45
3832,18.6,standard_price,0.8472,4.99
3833,29.8,standard_price,0.7701,7.83
3834,49.1,aggressive_discount,0.4157,38.05
3835,15.1,standard_price,0.8665,5.89
3836,22.2,standard_price,0.8251,0.0
3837,45.7,standard_price,0.6209,28.62
3838,56.6,aggressive_discount,0.4993,54.6
3839,43.1,aggressive_discount,0.3519,29.2
3840,76.9,standard_price,0.2869,64.5
3841,39.3,aggressive_discount,0.314,30.77
3842,44.8,standard_price,0.6304,27.43
3843,46.3,standard_price,0.6146,38.04
3844,28.7,standard_price,0.7788,21.07
3845,57.0,aggressive_discount,0.5037,43.44
3846,43.3,standard_price,0.646,25.53
3847,69.8,aggressive_discount,0.6436,65.06
3848,21.0,aggressive_discount,0.1673,19.87
3849,40.3,standard_price,0.6762,41.88
3850,16.3,standard_price,0.8601,0.0
3851,23.0,standard_price,0.8198,4.59
3852,40.9,standard_price,0.6703,16.54
3853,31.9,standard_price,0.753,32.01
3854,69.5,standard_price,0.3595,50.47
3855,75.8,aggressive_discount,0.7029,55.42
3856,34.7,aggressive_discount,0.2712,14.56
3857,46.2,aggressive_discount,0.3844,27.72
3858,50.9,aggressive_discount,0.4355,47.87
3859,51.8,standard_price,0.5545,33.22
3860,42.9,aggressive_discount,0.3499,44.94
3861,81.5,aggressive_discount,0.7535,79.82
3862,41.2,standard_price,0.6673,29.3
3863,61.8,aggressive_discount,0.5575,57.75
3864,36.9,aggressive_discount,0.2912,26.47
3865,56.1,aggressive_discount,0.4936,39.25
3866,68.6,aggressive_discount,0.6311,65.9
3867,45.9,standard_price,0.6188,26.66
3868,73.8,standard_price,0.3163,59.34
3869,44.3,standard_price,0.6356,48.17
3870,53.6,standard_price,0.5344,53.14
3871,52.0,aggressive_discount,0.4477,36.11
3872,71.2,standard_price,0.3421,64.69
3873,29.1,standard_price,0.7757,21.28
3874,33.4,standard_price,0.7402,11.84
3875,31.9,standard_price,0.753,20.78
3876,35.0,standard_price,0.7261,31.64
3877,34.2,standard_price,0.7332,30.53
3878,25.2,standard_price,0.8047,4.55
3879,42.2,standard_price,0.6572,26.73
3880,65.9,standard_price,0.3976,58.56
3881,55.4,aggressive_discount,0.4858,57.46
3882,86.6,aggressive_discount,0.7936,91.6
3883,34.0,standard_price,0.735,51.33
3884,22.7,aggressive_discount,0.1782,0.0
3885,31.4,standard_price,0.7571,29.05
3886,36.9,standard_price,0.7088,22.01
3887,45.6,aggressive_discount,0.378,23.99
3888,50.8,standard_price,0.5656,32.31
3889,35.3,standard_price,0.7234,17.75
3890,95.5,standard_price,0.1484,97.15
3891,75.7,standard_price,0.2981,53.95
3892,45.2,standard_price,0.6262,36.43
3893,31.9,standard_price,0.753,22.95
3894,38.4,standard_price,0.6947,2.62
3895,67.0,aggressive_discount,0.6142,58.48
3896,55.5,aggressive_discount,0.4869,49.08
3897,28.5,standard_price,0.7803,26.38
3898,35.9,aggressive_discount,0.282,19.47
3899,28.7,standard_price,0.7788,21.82
3900,59.9,standard_price,0.4637,51.43
3901,81.8,aggressive_discount,0.756,77.86
3902,75.4,aggressive_discount,0.6991,66.05
3903,39.7,aggressive_discount,0.3179,22.43
3904,55.9,standard_price,0.5086,34.67
3905,30.7,aggressive_discount,0.2371,0.0
3906,57.7,standard_price,0.4884,49.48
3907,61.7,aggressive_discount,0.5564,52.27
3908,6.4,standard_price,0.9057,5.67
3909,42.2,aggressive_discount,0.3428,28.28
3910,37.7,standard_price,0.7013,32.01
3911,33.2,standard_price,0.7419,18.86
3912,32.4,aggressive_discount,0.2512,29.24
3913,94.0,standard_price,0.1571,90.7
3914,52.7,standard_price,0.5445,55.76
3915,39.6,standard_price,0.6831,26.95
3916,34.3,standard_price,0.7323,26.37
3917,40.4,aggressive_discount,0.3248,4.14
3918,32.3,standard_price,0.7496,30.19
3919,50.1,standard_price,0.5733,46.06
3920,24.1,aggressive_discount,0.1876,15.04
3921,39.7,standard_price,0.6821,22.24
3922,63.0,standard_price,0.4292,49.16
3923,65.9,standard_price,0.3976,58.96
3924,8.5,standard_price,0.8973,0.0
3925,62.4,aggressive_discount,0.5641,50.08
3926,35.4,standard_price,0.7225,30.79
3927,72.0,aggressive_discount,0.666,41.94
3928,27.8,standard_price,0.7857,11.49
3929,42.8,aggressive_discount,0.3489,35.05
3930,51.6,standard_price,0.5568,43.41
3931,66.2,aggressive_discount,0.6056,61.44
3932,66.7,aggressive_discount,0.611,59.04
3933,33.7,aggressive_discount,0.2624,19.17
3934,33.8,standard_price,0.7367,26.87
3935,71.4,aggressive_discount,0.6599,52.89
3936,37.2,standard_price,0.706,23.15
3937,84.6,standard_price,0.2215,71.69
3938,62.4,aggressive_discount,0.5641,49.56
3939,27.5,standard_price,0.7879,7.09
3940,67.6,aggressive_discount,0.6206,59.57
3941,55.7,standard_price,0.5109,35.8
3942,46.9,aggressive_discount,0.3919,40.94
3943,42.0,aggressive_discount,0.3407,31.2
3944,65.2,standard_price,0.4052,56.6
3945,33.2,aggressive_discount,0.2581,16.14
3946,34.5,standard_price,0.7306,21.84
3947,37.3,standard_price,0.7051,42.64
3948,39.6,standard_price,0.6831,23.05
3949,53.7,aggressive_discount,0.4667,41.37
3950,55.7,aggressive_discount,0.4891,44.64
3951,64.8,aggressive_discount,0.5905,64.58
3952,91.8,standard_price,0.1707,89.64
3953,63.8,aggressive_discount,0.5796,50.66
3954,40.9,standard_price,0.6703,28.67
3955,53.8,standard_price,0.5322,44.76
3956,49.6,standard_price,0.5788,30.71
3957,24.5,aggressive_discount,0.1904,1.04
3958,56.4,aggressive_discount,0.497,26.38
3959,26.5,standard_price,0.7954,0.0
3960,54.0,aggressive_discount,0.47,36.4
3961,44.0,aggressive_discount,0.3612,22.08
3962,19.2,standard_price,0.8437,0.0
3963,65.0,standard_price,0.4073,60.95
3964,60.4,aggressive_discount,0.5419,57.58
3965,71.4,aggressive_discount,0.6599,77.13
3966,33.9,standard_price,0.7358,8.79
3967,47.3,standard_price,0.6038,36.93
3968,60.2,aggressive_discount,0.5397,55.17
3969,94.5,aggressive_discount,0.8459,100.7
3970,50.5,standard_price,0.5689,39.9
3971,40.9,aggressive_discount,0.3297,25.02
3972,34.1,standard_price,0.7341,22.07
3973,77.4,aggressive_discount,0.7177,54.66
3974,73.4,aggressive_discount,0.6798,53.62
3975,44.9,standard_price,0.6294,40.64
3976,56.8,aggressive_discount,0.5015,53.96
3977,81.8,aggressive_discount,0.756,73.91
3978,61.6,aggressive_discount,0.5553,40.38
3979,35.9,aggressive_discount,0.282,14.35
3980,44.6,standard_price,0.6325,25.52
3981,55.3,aggressive_discount,0.4846,37.53
3982,88.9,aggressive_discount,0.8101,81.0
3983,17.8,standard_price,0.8518,11.85
3984,60.0,aggressive_discount,0.5374,45.9
3985,51.3,aggressive_discount,0.4399,47.52
3986,89.9,aggressive_discount,0.8169,77.35
3987,65.2,aggressive_discount,0.5948,55.21
3988,48.4,standard_price,0.5919,42.45
3989,49.1,standard_price,0.5843,37.12
3990,47.9,standard_price,0.5974,42.1
3991,58.7,aggressive_discount,0.5229,44.63
3992,63.1,aggressive_discount,0.5719,49.71
3993,31.0,aggressive_discount,0.2396,14.88
3994,38.9,aggressive_discount,0.3101,34.58
3995,56.9,standard_price,0.4974,67.24
3996,53.8,standard_price,0.5322,49.61
3997,41.7,standard_price,0.6623,31.42
3998,10.9,standard_price,0.8869,0.0
3999,32.7,standard_price,0.7462,28.51
4000,42.5,aggressive_discount,0.3458,39.52
4001,41.1,standard_price,0.6683,35.99
4002,72.0,aggressive_discount,0.666,58.46
4003,41.0,aggressive_discount,0.3307,35.84
4004,39.2,aggressive_discount,0.313,35.24
4005,66.1,standard_price,0.3954,49.59
4006,65.2,standard_price,0.4052,63.52
4007,24.4,standard_price,0.8103,20.42
4008,70.9,aggressive_discount,0.6549,60.39
4009,67.2,aggressive_discount,0.6163,38.79
4010,37.3,standard_price,0.7051,19.73
4011,25.3,standard_price,0.804,16.94
4012,64.6,aggressive_discount,0.5883,49.58
4013,45.5,aggressive_discount,0.377,46.56
4014,36.5,aggressive_discount,0.2875,17.67
4015,43.3,standard_price,0.646,35.9
4016,22.0,aggressive_discount,0.1736,0.0
4017,54.2,aggressive_discount,0.4723,41.0
4018,65.3,standard_price,0.4041,49.52
4019,54.4,aggressive_discount,0.4745,47.46
4020,57.1,aggressive_discount,0.5049,42.53
4021,42.5,aggressive_discount,0.3458,22.19
4022,57.4,standard_price,0.4918,47.39
4023,69.7,aggressive_discount,0.6426,46.44
4024,23.0,standard_price,0.8198,14.34
4025,23.4,aggressive_discount,0.1829,9.15
4026,52.9,standard_price,0.5423,38.07
4027,45.5,aggressive_discount,0.377,41.26
4028,31.2,standard_price,0.7588,14.36
4029,67.6,aggressive_discount,0.6206,47.52
4030,56.1,aggressive_discount,0.4936,35.81
4031,39.2,standard_price,0.687,24.11
4032,75.9,standard_price,0.2962,77.41
4033,30.9,standard_price,0.7612,36.64
4034,10.5,standard_price,0.8887,0.0
4035,23.9,aggressive_discount,0.1863,0.0
4036,38.8,standard_price,0.6908,23.7
4037,52.5,aggressive_discount,0.4533,43.38
4038,60.5,standard_price,0.457,58.85
4039,36.7,standard_price,0.7106,12.11
4040,62.9,aggressive_discount,0.5697,59.42
4041,60.0,standard_price,0.4626,65.96
4042,35.0,standard_price,0.7261,23.23
4043,85.3,aggressive_discount,0.7839,88.46
4044,81.4,standard_price,0.2473,74.04
4045,47.6,aggressive_discount,0.3994,28.78
4046,66.6,standard_price,0.3901,44.75
4047,44.3,standard_price,0.6356,39.32
4048,48.2,aggressive_discount,0.4059,27.52
4049,41.1,standard_price,0.6683,36.2
4050,56.7,standard_price,0.4996,38.31
4051,23.3,standard_price,0.8178,15.4
4052,60.0,aggressive_discount,0.5374,42.59
4053,51.7,standard_price,0.5556,40.01
4054,67.3,standard_price,0.3826,55.62
4055,72.0,aggressive_discount,0.666,64.03
4056,55.3,aggressive_discount,0.4846,37.49
4057,55.8,aggressive_discount,0.4903,30.77
4058,37.8,standard_price,0.7004,24.77
4059,21.0,aggressive_discount,0.1673,10.26
4060,56.2,aggressive_discount,0.4948,41.91
4061,70.5,aggressive_discount,0.6508,53.67
4062,64.6,standard_price,0.4117,50.54
4063,44.1,standard_price,0.6377,29.03
4064,30.8,aggressive_discount,0.2379,13.89
4065,48.1,aggressive_discount,0.4048,47.69
4066,60.4,aggressive_discount,0.5419,51.16
4067,44.7,standard_price,0.6315,30.93
4068,64.1,aggressive_discount,0.5829,55.96
4069,58.6,standard_price,0.4783,34.56
4070,26.6,aggressive_discount,0.2054,2.31
4071,34.7,standard_price,0.7288,11.08
4072,45.1,aggressive_discount,0.3727,37.31
4073,88.0,aggressive_discount,0.8038,80.43
4074,57.1,aggressive_discount,0.5049,53.05
4075,70.6,aggressive_discount,0.6518,69.76
4076,36.8,standard_price,0.7097,40.11
4077,28.5,standard_price,0.7803,0.0
4078,46.1,aggressive_discount,0.3833,40.93
4079,58.4,aggressive_discount,0.5195,58.09
4080,57.6,aggressive_discount,0.5105,42.84
4081,46.3,standard_price,0.6146,38.63
4082,75.3,aggressive_discount,0.6981,80.68
4083,60.4,aggressive_discount,0.5419,53.13
4084,36.7,standard_price,0.7106,26.47
4085,99.0,aggressive_discount,0.8705,91.85
4086,65.1,aggressive_discount,0.5938,55.98
4087,46.5,standard_price,0.6124,41.0
4088,53.9,aggressive_discount,0.4689,44.76
4089,52.5,standard_price,0.5467,42.23
4090,13.3,standard_price,0.8756,5.05
4091,38.8,standard_price,0.6908,30.84
4092,61.5,standard_price,0.4458,48.68
4093,57.3,aggressive_discount,0.5071,43.95
4094,62.6,aggressive_discount,0.5664,48.42
4095,55.9,aggressive_discount,0.4914,47.15
4096,93.5,aggressive_discount,0.8399,87.28
4097,44.8,standard_price,0.6304,31.93
4098,44.7,aggressive_discount,0.3685,45.2
4099,44.6,standard_price,0.6325,25.9
4100,41.1,aggressive_discount,0.3317,37.39
4101,100.0,standard_price,0.1246,95.92
4102,45.9,standard_price,0.6188,32.43
4103,50.1,standard_price,0.5733,33.52
4104,75.8,aggressive_discount,0.7029,80.61
4105,40.5,standard_price,0.6743,27.57
4106,87.7,aggressive_discount,0.8016,91.47
4107,58.4,standard_price,0.4805,42.36
4108,43.1,standard_price,0.6481,40.61
4109,59.7,aggressive_discount,0.5341,59.7
4110,54.7,standard_price,0.5221,50.5
4111,64.5,aggressive_discount,0.5872,52.3
4112,38.2,aggressive_discount,0.3034,26.93
4113,43.2,standard_price,0.647,44.37
4114,91.5,aggressive_discount,0.8274,82.07
4115,59.5,standard_price,0.4682,47.44
4116,38.5,aggressive_discount,0.3063,23.79
4117,44.2,standard_price,0.6367,43.04
4118,60.2,aggressive_discount,0.5397,46.46
4119,35.2,aggressive_discount,0.2757,37.26
4120,64.7,standard_price,0.4106,71.56
4121,56.1,standard_price,0.5064,54.65
4122,17.4,standard_price,0.8541,7.41
4123,34.8,standard_price,0.7279,26.7
4124,50.2,aggressive_discount,0.4278,26.42
4125,42.5,aggressive_discount,0.3458,11.49
4126,52.0,aggressive_discount,0.4477,42.35
4127,27.4,standard_price,0.7887,13.73
4128,35.7,standard_price,0.7198,26.75
4129,68.6,aggressive_discount,0.6311,64.94
4130,40.6,aggressive_discount,0.3267,20.4
4131,29.0,aggressive_discount,0.2236,25.51
4132,36.6,aggressive_discount,0.2884,29.35
4133,49.7,aggressive_discount,0.4223,29.66
4134,52.1,aggressive_discount,0.4488,39.91
4135,47.9,aggressive_discount,0.4026,24.84
4136,41.3,standard_price,0.6663,41.47
4137,61.1,aggressive_discount,0.5497,34.19
4138,60.5,standard_price,0.457,45.06
4139,22.6,standard_price,0.8224,16.48
4140,97.6,standard_price,0.1368,99.55
4141,71.0,standard_price,0.3441,45.33
4142,50.1,standard_price,0.5733,48.91
4143,55.9,aggressive_discount,0.4914,41.37
4144,53.5,aggressive_discount,0.4644,47.7
4145,73.8,aggressive_discount,0.6837,56.62
4146,45.2,standard_price,0.6262,40.92
4147,38.7,standard_price,0.6918,26.48
4148,50.1,aggressive_discount,0.4267,27.72
4149,20.4,standard_price,0.8364,3.33
4150,0.0,standard_price,0.9276,0.0
4151,48.9,standard_price,0.5865,42.27
4152,66.6,standard_price,0.3901,58.11
4153,11.1,standard_price,0.886,0.0
4154,30.6,aggressive_discount,0.2363,18.46
4155,35.5,standard_price,0.7216,24.29
4156,58.5,aggressive_discount,0.5206,67.11
4157,70.3,aggressive_discount,0.6487,67.24
4158,58.1,aggressive_discount,0.5161,60.24
4159,46.8,aggressive_discount,0.3908,22.69
4160,55.0,aggressive_discount,0.4813,48.23
4161,67.2,aggressive_discount,0.6163,59.63
4162,60.1,standard_price,0.4615,44.38
4163,40.0,standard_price,0.6792,29.0
4164,16.6,standard_price,0.8585,0.0
4165,87.1,aggressive_discount,0.7973,81.69
4166,8.0,standard_price,0.8993,5.59
4167,84.2,aggressive_discount,0.7754,71.14
4168,50.1,standard_price,0.5733,50.49
4169,62.5,standard_price,0.4347,41.99
4170,59.6,aggressive_discount,0.533,41.62
4171,56.8,aggressive_discount,0.5015,47.15
4172,60.8,aggressive_discount,0.5464,39.26
4173,35.8,standard_price,0.7189,18.41
4174,58.8,standard_price,0.476,51.66
4175,15.3,standard_price,0.8655,0.0
4176,70.7,aggressive_discount,0.6528,70.7
4177,14.9,standard_price,0.8676,9.32
4178,35.3,standard_price,0.7234,18.59
4179,62.2,aggressive_discount,0.5619,51.45
4180,83.8,standard_price,0.2278,76.09
4181,61.5,aggressive_discount,0.5542,57.99
4182,7.2,standard_price,0.9026,0.0
4183,55.5,standard_price,0.5131,49.56
4184,38.5,aggressive_discount,0.3063,40.21
4185,51.2,aggressive_discount,0.4388,48.56
4186,86.4,aggressive_discount,0.7922,81.87
4187,58.4,aggressive_discount,0.5195,52.66
4188,45.0,aggressive_discount,0.3717,35.94
4189,18.7,standard_price,0.8466,10.77
4190,23.5,standard_price,0.8165,7.85
4191,46.9,aggressive_discount,0.3919,36.91
4192,60.9,aggressive_discount,0.5475,56.88
4193,52.6,standard_price,0.5456,30.34
4194,32.0,standard_price,0.7521,30.52
4195,66.4,aggressive_discount,0.6078,59.37
4196,29.4,standard_price,0.7733,13.05
4197,46.5,aggressive_discount,0.3876,27.3
4198,76.3,standard_price,0.2925,77.66
4199,31.7,standard_price,0.7546,15.11
4200,45.2,aggressive_discount,0.3738,21.65
4201,57.9,standard_price,0.4861,57.4
4202,8.6,aggressive_discount,0.1031,0.0
4203,52.6,aggressive_discount,0.4544,25.79
4204,53.6,aggressive_discount,0.4656,36.76
4205,14.2,standard_price,0.8711,0.0
4206,54.9,aggressive_discount,0.4801,33.64
4207,15.3,standard_price,0.8655,0.0
4208,79.4,aggressive_discount,0.7356,74.26
4209,52.0,standard_price,0.5523,41.61
4210,25.1,standard_price,0.8054,12.49
4211,9.9,standard_price,0.8913,0.0
4212,87.0,aggressive_discount,0.7966,77.31
4213,51.2,aggressive_discount,0.4388,40.17
4214,84.9,standard_price,0.2192,72.99
4215,16.7,aggressive_discount,0.142,1.16
4216,56.0,standard_price,0.5075,41.58
4217,60.3,aggressive_discount,0.5408,49.6
4218,44.0,aggressive_discount,0.3612,36.5
4219,24.1,standard_price,0.8124,18.24
4220,51.7,standard_price,0.5556,37.29
4221,44.0,aggressive_discount,0.3612,29.57
4222,75.0,standard_price,0.3047,75.01
4223,41.6,aggressive_discount,0.3367,35.24
4224,48.9,aggressive_discount,0.4135,42.32
4225,52.5,standard_price,0.5467,36.21
4226,79.9,aggressive_discount,0.7399,64.92
4227,62.6,standard_price,0.4336,60.34
4228,64.0,aggressive_discount,0.5818,56.03
4229,24.5,standard_price,0.8096,19.34
4230,91.1,aggressive_discount,0.8248,86.29
4231,22.9,standard_price,0.8205,10.89
4232,52.4,aggressive_discount,0.4521,43.71
4233,23.1,standard_price,0.8191,6.55
4234,70.9,aggressive_discount,0.6549,71.98
4235,33.2,aggressive_discount,0.2581,10.69
4236,19.4,standard_price,0.8425,0.0
4237,42.5,standard_price,0.6542,21.33
4238,62.8,standard_price,0.4314,35.7
4239,62.0,standard_price,0.4403,54.55
4240,6.4,standard_price,0.9057,0.0
4241,16.1,aggressive_discount,0.1388,1.45
4242,50.8,standard_price,0.5656,40.49
4243,78.6,aggressive_discount,0.7285,61.57
4244,63.6,aggressive_discount,0.5774,47.1
4245,23.7,aggressive_discount,0.1849,9.04
4246,15.4,standard_price,0.8649,0.0
4247,37.0,standard_price,0.7079,21.11
4248,31.1,standard_price,0.7596,9.89
4249,69.7,aggressive_discount,0.6426,62.7
4250,61.3,standard_price,0.4481,58.27
4251,17.7,aggressive_discount,0.1476,13.03
4252,44.8,aggressive_discount,0.3696,47.24
4253,40.0,standard_price,0.6792,20.42
4254,37.7,standard_price,0.7013,35.62
4255,73.0,aggressive_discount,0.6759,60.83
4256,56.1,aggressive_discount,0.4936,43.35
4257,71.0,aggressive_discount,0.6559,67.82
4258,44.7,standard_price,0.6315,38.8
4259,78.8,aggressive_discount,0.7303,67.04
4260,1.6,standard_price,0.9226,0.0
4261,23.3,standard_price,0.8178,11.05
4262,33.4,aggressive_discount,0.2598,26.72
4263,36.5,aggressive_discount,0.2875,16.63
4264,42.1,standard_price,0.6582,28.55
4265,59.5,standard_price,0.4682,48.44
4266,56.0,aggressive_discount,0.4925,46.54
4267,67.7,standard_price,0.3784,58.55
4268,45.4,standard_price,0.6241,45.45
4269,38.6,standard_price,0.6927,32.02
4270,31.0,aggressive_discount,0.2396,20.9
4271,64.6,aggressive_discount,0.5883,56.87
4272,68.1,aggressive_discount,0.6259,61.25
4273,66.4,standard_price,0.3922,52.5
4274,19.4,standard_price,0.8425,10.41
4275,55.9,standard_price,0.5086,50.23
4276,58.9,standard_price,0.4749,57.32
4277,63.0,aggressive_discount,0.5708,47.14
4278,44.4,standard_price,0.6346,33.43
4279,74.5,aggressive_discount,0.6905,62.26
4280,64.2,aggressive_discount,0.5839,59.31
4281,53.5,standard_price,0.5356,47.09
4282,33.7,standard_price,0.7376,31.45
4283,0.0,standard_price,0.9276,0.0
4284,74.3,standard_price,0.3114,59.18
4285,48.8,aggressive_discount,0.4124,23.65
4286,58.5,aggressive_discount,0.5206,37.92
4287,59.8,standard_price,0.4648,58.79
4288,50.4,aggressive_discount,0.43,35.54
4289,55.5,aggressive_discount,0.4869,39.64
4290,36.9,aggressive_discount,0.2912,11.93
4291,77.6,standard_price,0.2805,65.34
4292,88.1,aggressive_discount,0.8045,87.36
4293,66.9,aggressive_discount,0.6131,58.11
4294,35.7,standard_price,0.7198,27.31
4295,9.5,standard_price,0.8931,0.0
4296,73.7,aggressive_discount,0.6828,62.23
4297,42.7,aggressive_discount,0.3479,40.64
4298,28.2,standard_price,0.7826,20.65
4299,53.2,aggressive_discount,0.4611,46.27
4300,70.2,aggressive_discount,0.6477,53.24
4301,59.3,aggressive_discount,0.5296,60.34
4302,60.5,aggressive_discount,0.543,60.94
4303,88.9,aggressive_discount,0.8101,85.56
4304,52.3,aggressive_discount,0.451,29.51
4305,48.7,aggressive_discount,0.4113,43.72
4306,59.0,standard_price,0.4738,44.8
4307,41.0,standard_price,0.6693,42.58
4308,60.6,aggressive_discount,0.5441,31.04
4309,92.5,aggressive_discount,0.8338,91.46
4310,54.5,standard_price,0.5244,44.93
4311,58.2,aggressive_discount,0.5172,44.79
4312,32.1,standard_price,0.7513,29.67
4313,24.3,standard_price,0.811,0.73
4314,65.8,standard_price,0.3987,56.7
4315,13.8,standard_price,0.8731,0.72
4316,68.3,aggressive_discount,0.628,61.85
4317,55.8,standard_price,0.5097,46.5
4318,71.6,aggressive_discount,0.662,66.38
4319,9.8,aggressive_discount,0.1082,0.43
4320,66.6,aggressive_discount,0.6099,47.21
4321,77.0,aggressive_discount,0.714,75.48
4322,43.6,standard_price,0.6429,42.22
4323,42.2,standard_price,0.6572,29.77
4324,37.1,standard_price,0.7069,27.61
4325,68.1,aggressive_discount,0.6259,56.88
4326,99.7,standard_price,0.126,104.51
4327,48.6,aggressive_discount,0.4102,30.47
4328,66.0,standard_price,0.3965,65.93
4329,45.1,standard_price,0.6273,34.82
4330,28.5,standard_price,0.7803,12.99
4331,48.9,aggressive_discount,0.4135,28.13
4332,36.6,standard_price,0.7116,22.65
4333,39.4,standard_price,0.685,27.01
4334,32.4,standard_price,0.7488,32.64
4335,59.8,aggressive_discount,0.5352,49.83
4336,66.1,standard_price,0.3954,65.24
4337,44.9,aggressive_discount,0.3706,36.68
4338,100.0,aggressive_discount,0.8754,88.44
4339,32.7,standard_price,0.7462,22.92
4340,13.9,standard_price,0.8726,0.03
4341,43.0,standard_price,0.6491,22.99
4342,43.9,standard_price,0.6398,34.17
4343,26.6,standard_price,0.7946,18.63
4344,85.4,aggressive_discount,0.7847,68.97
4345,58.0,standard_price,0.485,42.44
4346,68.2,aggressive_discount,0.6269,53.39
4347,16.2,standard_price,0.8607,0.0
4348,83.6,aggressive_discount,0.7707,80.74
4349,18.8,standard_price,0.8461,5.3
4350,61.0,aggressive_discount,0.5486,48.37
4351,31.3,aggressive_discount,0.242,11.6
4352,59.5,standard_price,0.4682,40.54
4353,53.0,aggressive_discount,0.4588,42.13
4354,76.0,aggressive_discount,0.7047,58.71
4355,46.1,standard_price,0.6167,44.25
4356,36.0,standard_price,0.7171,41.04
4357,45.3,standard_price,0.6252,32.97
4358,28.5,standard_price,0.7803,0.54
4359,69.6,aggressive_discount,0.6415,57.32
4360,48.9,aggressive_discount,0.4135,40.4
4361,63.2,standard_price,0.427,66.62
4362,74.8,aggressive_discount,0.6934,65.95
4363,24.2,standard_price,0.8117,31.51
4364,64.3,aggressive_discount,0.585,60.94
4365,36.6,aggressive_discount,0.2884,25.86
4366,42.4,standard_price,0.6552,41.06
4367,51.1,standard_price,0.5623,50.81
4368,28.6,standard_price,0.7795,12.59
4369,19.2,aggressive_discount,0.1563,3.11
4370,46.9,standard_price,0.6081,26.29
4371,48.6,standard_price,0.5898,37.51
4372,70.0,aggressive_discount,0.6457,62.78
4373,41.1,standard_price,0.6683,36.26
4374,29.4,aggressive_discount,0.2267,19.43
4375,49.5,standard_price,0.5799,52.13
4376,30.0,aggressive_discount,0.2315,15.22
4377,75.1,aggressive_discount,0.6962,68.78
4378,47.0,standard_price,0.6071,33.21
4379,60.5,standard_price,0.457,52.85
4380,38.9,aggressive_discount,0.3101,25.62
4381,54.5,standard_price,0.5244,52.52
4382,56.1,aggressive_discount,0.4936,44.74
4383,50.0,aggressive_discount,0.4256,34.34
4384,64.2,standard_price,0.4161,56.04
4385,52.3,standard_price,0.549,46.54
4386,50.9,standard_price,0.5645,53.98
4387,57.7,aggressive_discount,0.5116,43.81
4388,26.5,standard_price,0.7954,18.28
4389,69.9,standard_price,0.3554,60.33
4390,38.9,standard_price,0.6899,21.97
4391,56.7,aggressive_discount,0.5004,35.74
4392,65.4,standard_price,0.403,46.03
4393,77.6,aggressive_discount,0.7195,58.44
4394,55.8,standard_price,0.5097,51.55
4395,68.9,aggressive_discount,0.6343,57.67
4396,43.9,standard_price,0.6398,26.69
4397,54.8,standard_price,0.521,38.84
4398,56.0,aggressive_discount,0.4925,33.26
4399,76.3,aggressive_discount,0.7075,56.05
4400,70.4,standard_price,0.3502,54.21
4401,78.4,aggressive_discount,0.7267,67.88
4402,54.2,aggressive_discount,0.4723,43.22
4403,0.3,standard_price,0.9267,0.0
4404,7.7,standard_price,0.9006,1.85
4405,29.1,standard_price,0.7757,8.06
4406,52.8,standard_price,0.5434,35.65
4407,13.6,standard_price,0.8741,1.03
4408,57.4,aggressive_discount,0.5082,60.51
4409,80.0,aggressive_discount,0.7408,74.97
4410,32.0,standard_price,0.7521,12.76
4411,34.9,standard_price,0.727,26.77
4412,50.2,standard_price,0.5722,32.6
4413,42.9,aggressive_discount,0.3499,35.65
4414,55.5,aggressive_discount,0.4869,45.34
4415,75.2,aggressive_discount,0.6972,65.48
4416,30.3,standard_price,0.7661,23.48
4417,74.6,aggressive_discount,0.6915,59.64
4418,76.6,aggressive_discount,0.7103,76.85
4419,49.4,aggressive_discount,0.419,37.09
4420,78.1,standard_price,0.276,74.5
4421,20.3,standard_price,0.8371,6.81
4422,57.4,aggressive_discount,0.5082,50.85
4423,22.7,standard_price,0.8218,18.59
4424,45.7,standard_price,0.6209,43.52
4425,45.6,aggressive_discount,0.378,39.43
4426,59.3,standard_price,0.4704,50.13
4427,68.1,standard_price,0.3741,56.83
4428,43.5,standard_price,0.6439,37.39
4429,58.6,standard_price,0.4783,40.0
4430,49.5,standard_price,0.5799,41.36
4431,61.3,aggressive_discount,0.5519,47.75
4432,52.1,aggressive_discount,0.4488,37.97
4433,50.3,standard_price,0.5711,58.67
4434,97.8,aggressive_discount,0.8642,87.96
4435,39.7,standard_price,0.6821,40.74
4436,52.8,standard_price,0.5434,43.36
4437,22.0,standard_price,0.8264,12.66
4438,46.9,aggressive_discount,0.3919,44.9
4439,13.5,standard_price,0.8746,0.0
4440,96.9,aggressive_discount,0.8594,100.14
4441,74.4,aggressive_discount,0.6895,75.37
4442,15.4,standard_price,0.8649,0.46
4443,65.7,aggressive_discount,0.6002,67.48
4444,67.9,standard_price,0.3762,59.46
4445,32.4,standard_price,0.7488,26.05
4446,66.6,aggressive_discount,0.6099,51.11
4447,39.4,standard_price,0.685,18.74
4448,32.9,standard_price,0.7445,23.76
4449,37.4,standard_price,0.7041,33.41
4450,85.8,aggressive_discount,0.7877,72.26
4451,57.7,aggressive_discount,0.5116,49.49
4452,76.1,standard_price,0.2943,58.35
4453,65.9,standard_price,0.3976,56.01
4454,42.0,aggressive_discount,0.3407,19.75
4455,21.6,standard_price,0.8289,25.76
4456,37.5,aggressive_discount,0.2968,28.59
4457,46.6,aggressive_discount,0.3886,38.89
4458,41.2,aggressive_discount,0.3327,13.23
4459,32.7,standard_price,0.7462,19.04
4460,34.9,aggressive_discount,0.273,17.67
4461,33.4,standard_price,0.7402,13.67
4462,48.5,standard_price,0.5909,34.97
4463,75.7,standard_price,0.2981,61.0
4464,52.8,aggressive_discount,0.4566,31.25
4465,51.9,standard_price,0.5534,39.43
4466,42.7,standard_price,0.6521,37.96
4467,59.3,aggressive_discount,0.5296,43.07
4468,62.7,standard_price,0.4325,43.78
4469,45.3,aggressive_discount,0.3748,39.43
4470,51.4,standard_price,0.559,40.33
4471,72.9,aggressive_discount,0.6749,57.29
4472,55.5,standard_price,0.5131,44.18
4473,50.9,standard_price,0.5645,39.89
4474,58.1,aggressive_discount,0.5161,52.9
4475,63.3,aggressive_discount,0.5741,56.04
4476,50.4,aggressive_discount,0.43,39.79
4477,39.1,standard_price,0.6879,30.77
4478,47.6,aggressive_discount,0.3994,24.01
4479,71.3,aggressive_discount,0.6589,59.13
4480,55.4,aggressive_discount,0.4858,39.0
4481,14.1,standard_price,0.8716,4.1
4482,66.8,aggressive_discount,0.6121,50.86
4483,44.3,standard_price,0.6356,37.9
4484,38.5,standard_price,0.6937,21.98
4485,70.4,standard_price,0.3502,66.94
4486,68.1,aggressive_discount,0.6259,61.77
4487,43.5,standard_price,0.6439,31.66
4488,21.3,standard_price,0.8308,0.0
4489,13.2,standard_price,0.8761,3.4
4490,39.2,aggressive_discount,0.313,26.94
4491,38.1,standard_price,0.6975,11.4
4492,19.5,aggressive_discount,0.1581,3.36
4493,77.3,aggressive_discount,0.7168,68.26
4494,38.2,aggressive_discount,0.3034,12.98
4495,68.6,standard_price,0.3689,68.74
4496,15.6,standard_price,0.8639,0.32
4497,43.3,standard_price,0.646,26.55
4498,54.9,standard_price,0.5199,57.95
4499,44.4,aggressive_discount,0.3654,25.05
4500,42.2,aggressive_discount,0.3428,31.5
4501,100.0,aggressive_discount,0.8754,89.45
4502,79.0,aggressive_discount,0.732,52.4
4503,89.0,aggressive_discount,0.8108,65.43
4504,36.8,standard_price,0.7097,30.51
4505,67.3,standard_price,0.3826,68.87
4506,38.9,aggressive_discount,0.3101,22.86
4507,68.7,aggressive_discount,0.6322,61.48
4508,5.6,standard_price,0.9087,6.95
4509,41.0,standard_price,0.6693,38.94
4510,36.3,aggressive_discount,0.2857,23.14
4511,15.1,standard_price,0.8665,2.01
4512,32.4,aggressive_discount,0.2512,20.41
4513,63.6,aggressive_discount,0.5774,53.61
4514,64.6,aggressive_discount,0.5883,63.52
4515,70.7,aggressive_discount,0.6528,65.03
4516,40.5,standard_price,0.6743,37.76
4517,46.5,aggressive_discount,0.3876,28.44
4518,79.0,aggressive_discount,0.732,69.94
4519,17.8,standard_price,0.8518,13.42
4520,59.1,aggressive_discount,0.5273,54.36
4521,51.8,standard_price,0.5545,35.09
4522,89.0,aggressive_discount,0.8108,84.19
4523,48.9,standard_price,0.5865,49.44
4524,34.3,standard_price,0.7323,32.15
4525,53.4,aggressive_discount,0.4633,20.13
4526,33.0,standard_price,0.7436,20.82
4527,63.7,standard_price,0.4215,54.41
4528,63.7,standard_price,0.4215,52.2
4529,31.1,standard_price,0.7596,11.45
4530,28.9,standard_price,0.7772,14.42
4531,57.9,aggressive_discount,0.5139,52.58
4532,46.9,standard_price,0.6081,36.98
4533,67.3,standard_price,0.3826,47.37
4534,63.6,aggressive_discount,0.5774,57.26
4535,71.9,aggressive_discount,0.665,66.67
4536,60.0,standard_price,0.4626,45.37
4537,55.0,standard_price,0.5187,50.88
4538,40.8,aggressive_discount,0.3287,38.06
4539,58.3,standard_price,0.4816,47.61
4540,60.6,standard_price,0.4559,54.74
4541,9.9,standard_price,0.8913,2.34
4542,42.9,standard_price,0.6501,40.26
4543,71.2,aggressive_discount,0.6579,61.16
4544,69.8,aggressive_discount,0.6436,41.28
4545,87.8,aggressive_discount,0.8023,73.61
4546,16.0,standard_price,0.8618,5.76
4547,58.2,standard_price,0.4828,51.75
4548,50.3,aggressive_discount,0.4289,37.39
4549,64.4,standard_price,0.4139,45.12
4550,50.6,standard_price,0.5678,59.56
4551,59.3,aggressive_discount,0.5296,39.75
4552,42.0,aggressive_discount,0.3407,41.55
4553,52.6,standard_price,0.5456,41.54
4554,74.2,aggressive_discount,0.6876,65.87
4555,10.3,standard_price,0.8896,10.59
4556,48.8,standard_price,0.5876,44.24
4557,14.7,aggressive_discount,0.1314,3.25
4558,67.1,aggressive_discount,0.6153,43.88
4559,19.3,standard_price,0.8431,0.77
4560,68.3,standard_price,0.372,62.09
4561,73.5,aggressive_discount,0.6808,65.7
4562,35.8,standard_price,0.7189,31.21
4563,26.2,standard_price,0.7975,9.61
4564,57.3,aggressive_discount,0.5071,41.03
4565,46.8,standard_price,0.6092,35.18
4566,69.3,aggressive_discount,0.6384,48.61
4567,50.1,standard_price,0.5733,30.3
4568,48.0,standard_price,0.5963,34.23
4569,45.5,aggressive_discount,0.377,37.36
4570,36.5,aggressive_discount,0.2875,25.74
4571,47.1,standard_price,0.606,44.78
4572,16.0,standard_price,0.8618,5.85
4573,47.2,standard_price,0.6049,36.02
4574,98.9,aggressive_discount,0.8699,95.86
4575,25.4,standard_price,0.8033,15.12
4576,33.0,standard_price,0.7436,9.78
4577,34.0,standard_price,0.735,33.27
4578,67.8,standard_price,0.3773,59.67
4579,79.0,standard_price,0.268,83.51
4580,71.4,standard_price,0.3401,68.25
4581,8.8,standard_price,0.896,10.91
4582,62.5,aggressive_discount,0.5653,54.84
4583,69.7,aggressive_discount,0.6426,59.4
4584,48.6,standard_price,0.5898,45.65
4585,42.0,standard_price,0.6593,36.81
4586,44.1,aggressive_discount,0.3623,25.29
4587,66.2,aggressive_discount,0.6056,67.42
4588,59.6,standard_price,0.467,49.39
4589,52.0,standard_price,0.5523,32.54
4590,14.7,standard_price,0.8686,0.0
4591,61.1,aggressive_discount,0.5497,49.35
4592,54.4,standard_price,0.5255,27.91
4593,30.4,standard_price,0.7653,16.18
4594,49.6,aggressive_discount,0.4212,39.93
4595,59.1,standard_price,0.4727,55.74
4596,3.4,standard_price,0.9166,0.0
4597,57.7,aggressive_discount,0.5116,47.62
4598,56.6,standard_price,0.5007,41.34
4599,74.5,aggressive_discount,0.6905,63.08
4600,58.4,standard_price,0.4805,39.15
4601,61.5,aggressive_discount,0.5542,64.49
4602,47.6,standard_price,0.6006,44.71
4603,49.1,aggressive_discount,0.4157,39.59
4604,31.5,standard_price,0.7563,13.42
4605,30.3,standard_price,0.7661,13.8
4606,47.1,aggressive_discount,0.394,29.8
4607,37.0,standard_price,0.7079,16.21
4608,42.3,standard_price,0.6562,33.92
4609,54.7,aggressive_discount,0.4779,46.49
4610,41.4,standard_price,0.6653,15.01
4611,66.1,standard_price,0.3954,55.46
4612,52.7,aggressive_discount,0.4555,27.82
4613,71.0,aggressive_discount,0.6559,63.0
4614,3.3,aggressive_discount,0.0831,0.0
4615,63.0,aggressive_discount,0.5708,48.11
4616,85.3,aggressive_discount,0.7839,81.02
4617,32.5,standard_price,0.7479,22.28
4618,21.4,standard_price,0.8302,11.23
4619,57.3,standard_price,0.4929,49.96
4620,37.8,standard_price,0.7004,28.66
4621,61.7,standard_price,0.4436,52.31
4622,4.6,standard_price,0.9124,0.0
4623,54.4,aggressive_discount,0.4745,52.31
4624,47.2,standard_price,0.6049,33.07
4625,68.0,standard_price,0.3752,53.74
4626,37.1,standard_price,0.7069,27.83
4627,26.3,standard_price,0.7968,13.72
4628,57.0,aggressive_discount,0.5037,36.17
4629,44.8,standard_price,0.6304,35.85
4630,39.3,aggressive_discount,0.314,20.85
4631,51.8,standard_price,0.5545,53.2
4632,72.2,aggressive_discount,0.668,54.26
4633,80.3,aggressive_discount,0.7434,78.05
4634,68.7,aggressive_discount,0.6322,47.25
4635,43.2,aggressive_discount,0.353,36.49
4636,72.0,aggressive_discount,0.666,69.6
4637,71.3,standard_price,0.3411,63.04
4638,30.9,standard_price,0.7612,19.65
4639,29.7,standard_price,0.7709,4.17
4640,60.2,aggressive_discount,0.5397,49.6
4641,33.3,aggressive_discount,0.2589,5.11
4642,64.8,standard_price,0.4095,74.8
4643,1.7,standard_price,0.9223,0.0
4644,23.3,standard_price,0.8178,6.58
4645,35.7,standard_price,0.7198,26.24
4646,66.6,aggressive_discount,0.6099,69.15
4647,46.7,standard_price,0.6103,40.35
4648,65.5,aggressive_discount,0.5981,66.21
4649,64.9,aggressive_discount,0.5916,69.56
4650,61.5,standard_price,0.4458,54.91
4651,26.3,standard_price,0.7968,21.25
4652,62.4,aggressive_discount,0.5641,54.88
4653,56.3,aggressive_discount,0.4959,42.19
4654,70.7,aggressive_discount,0.6528,46.48
4655,36.2,standard_price,0.7152,22.67
4656,39.0,standard_price,0.6889,18.36
4657,0.0,aggressive_discount,0.0724,0.0
4658,84.3,aggressive_discount,0.7762,72.67
4659,30.9,standard_price,0.7612,15.65
4660,64.2,standard_price,0.4161,53.86
4661,71.6,aggressive_discount,0.662,70.6
4662,39.1,aggressive_discount,0.3121,31.04
4663,51.2,aggressive_discount,0.4388,39.54
4664,47.5,standard_price,0.6017,44.16
4665,47.3,standard_price,0.6038,27.75
4666,57.4,aggressive_discount,0.5082,39.34
4667,45.0,aggressive_discount,0.3717,35.1
4668,40.2,standard_price,0.6772,30.02
4669,71.8,aggressive_discount,0.664,54.04
4670,25.0,standard_price,0.8061,19.5
4671,51.4,standard_price,0.559,47.51
4672,35.5,aggressive_discount,0.2784,20.21
4673,40.5,aggressive_discount,0.3257,32.28
4674,65.5,standard_price,0.4019,65.04
4675,60.7,aggressive_discount,0.5453,49.63
4676,47.7,aggressive_discount,0.4005,47.53
4677,10.7,standard_price,0.8878,4.19
4678,48.9,standard_price,0.5865,46.72
4679,25.3,standard_price,0.804,14.71
4680,51.6,standard_price,0.5568,49.68
4681,38.5,standard_price,0.6937,42.77
4682,13.5,standard_price,0.8746,2.98
4683,44.7,standard_price,0.6315,26.49
4684,57.0,aggressive_discount,0.5037,42.75
4685,100.0,standard_price,0.1246,96.37
4686,11.4,aggressive_discount,0.1154,0.0
4687,80.4,aggressive_discount,0.7442,49.56
4688,38.0,aggressive_discount,0.3015,26.23
4689,62.2,aggressive_discount,0.5619,29.42
4690,57.9,standard_price,0.4861,65.36
4691,34.9,standard_price,0.727,25.26
4692,76.0,aggressive_discount,0.7047,71.04
4693,46.4,aggressive_discount,0.3865,23.99
4694,33.6,standard_price,0.7385,22.59
4695,42.7,standard_price,0.6521,29.58
4696,22.6,standard_price,0.8224,0.0
4697,61.5,aggressive_discount,0.5542,55.47
4698,46.4,standard_price,0.6135,39.04
4699,32.6,standard_price,0.7471,27.07
4700,65.0,standard_price,0.4073,60.58
4701,37.8,standard_price,0.7004,11.74
4702,78.4,aggressive_discount,0.7267,75.41
4703,56.4,aggressive_discount,0.497,50.91
4704,26.6,aggressive_discount,0.2054,14.8
4705,36.6,standard_price,0.7116,24.06
4706,42.9,aggressive_discount,0.3499,35.75
4707,55.7,aggressive_discount,0.4891,50.46
4708,10.9,standard_price,0.8869,5.86
4709,63.6,aggressive_discount,0.5774,54.29
4710,55.0,standard_price,0.5187,56.04
4711,45.6,standard_price,0.622,43.53
4712,1.8,standard_price,0.9219,0.0
4713,30.0,standard_price,0.7685,18.83
4714,75.9,aggressive_discount,0.7038,66.35
4715,32.9,standard_price,0.7445,20.42
4716,51.8,standard_price,0.5545,40.3
4717,37.9,standard_price,0.6994,29.35
4718,74.1,aggressive_discount,0.6866,61.39
4719,59.6,aggressive_discount,0.533,57.84
4720,31.5,standard_price,0.7563,23.42
4721,30.1,standard_price,0.7677,12.01
4722,50.8,aggressive_discount,0.4344,37.34
4723,52.0,standard_price,0.5523,37.81
4724,26.6,aggressive_discount,0.2054,10.12
4725,42.2,aggressive_discount,0.3428,27.77
4726,49.6,standard_price,0.5788,25.05
4727,49.8,standard_price,0.5766,41.77
4728,77.4,aggressive_discount,0.7177,60.7
4729,45.2,aggressive_discount,0.3738,27.78
4730,39.1,standard_price,0.6879,36.07
4731,96.1,aggressive_discount,0.855,84.77
4732,20.1,standard_price,0.8383,0.0
4733,54.3,aggressive_discount,0.4734,36.38
4734,62.4,standard_price,0.4359,61.67
4735,12.1,standard_price,0.8814,0.0
4736,40.5,standard_price,0.6743,46.06
4737,37.1,aggressive_discount,0.2931,27.5
4738,70.7,standard_price,0.3472,69.3
4739,41.5,aggressive_discount,0.3357,31.85
4740,45.8,standard_price,0.6199,24.95
4741,33.6,standard_price,0.7385,31.79
4742,26.2,standard_price,0.7975,18.09
4743,61.0,aggressive_discount,0.5486,54.63
4744,32.3,standard_price,0.7496,17.09
4745,39.6,standard_price,0.6831,27.37
4746,39.3,standard_price,0.686,27.41
4747,38.0,aggressive_discount,0.3015,25.71
4748,35.5,aggressive_discount,0.2784,12.74
4749,41.5,standard_price,0.6643,31.33
4750,75.8,aggressive_discount,0.7029,69.67
4751,75.5,aggressive_discount,0.7,74.38
4752,47.6,standard_price,0.6006,28.05
4753,73.2,aggressive_discount,0.6779,62.08
4754,53.2,standard_price,0.5389,61.4
4755,56.5,standard_price,0.5019,50.78
4756,32.3,standard_price,0.7496,29.3
4757,52.8,standard_price,0.5434,39.19
4758,36.9,aggressive_discount,0.2912,37.47
4759,47.9,standard_price,0.5974,49.26
4760,60.2,aggressive_discount,0.5397,41.93
4761,52.8,standard_price,0.5434,43.68
4762,52.7,standard_price,0.5445,42.05
4763,42.6,standard_price,0.6532,8.79
4764,24.3,standard_price,0.811,7.51
4765,58.5,standard_price,0.4794,39.71
4766,69.3,standard_price,0.3616,61.98
4767,70.0,aggressive_discount,0.6457,57.51
4768,44.0,aggressive_discount,0.3612,37.01
4769,52.3,aggressive_discount,0.451,41.55
4770,30.2,standard_price,0.7669,6.13
4771,29.0,standard_price,0.7764,17.5
4772,67.5,aggressive_discount,0.6195,46.08
4773,72.3,aggressive_discount,0.669,69.42
4774,43.9,standard_price,0.6398,26.6
4775,17.7,standard_price,0.8524,6.11
4776,69.8,aggressive_discount,0.6436,73.24
4777,56.3,aggressive_discount,0.4959,41.56
4778,68.8,aggressive_discount,0.6332,65.21
4779,47.5,aggressive_discount,0.3983,32.62
4780,44.1,aggressive_discount,0.3623,39.21
4781,46.6,standard_price,0.6114,49.31
4782,44.8,standard_price,0.6304,31.19
4783,60.8,standard_price,0.4536,67.62
4784,56.3,aggressive_discount,0.4959,56.23
4785,63.4,standard_price,0.4248,48.16
4786,39.9,standard_price,0.6802,25.36
4787,29.2,standard_price,0.7749,15.5
4788,68.0,aggressive_discount,0.6248,54.78
4789,11.1,standard_price,0.886,6.04
4790,43.0,standard_price,0.6491,41.42
4791,62.8,standard_price,0.4314,50.43
4792,46.8,aggressive_discount,0.3908,42.21
4793,36.6,standard_price,0.7116,17.22
4794,46.8,standard_price,0.6092,32.1
4795,58.3,aggressive_discount,0.5184,52.47
4796,16.8,standard_price,0.8574,13.63
4797,50.7,aggressive_discount,0.4333,50.7
4798,58.5,standard_price,0.4794,51.99
4799,58.9,standard_price,0.4749,59.68
4800,43.7,aggressive_discount,0.3581,26.76
4801,23.6,standard_price,0.8158,23.46
4802,27.1,standard_price,0.7909,31.83
4803,52.5,standard_price,0.5467,57.82
4804,79.4,standard_price,0.2644,93.38
4805,48.6,standard_price,0.5898,27.14
4806,70.6,aggressive_discount,0.6518,75.05
4807,36.4,standard_price,0.7134,24.88
4808,42.5,standard_price,0.6542,30.35
4809,29.4,standard_price,0.7733,44.78
4810,65.4,aggressive_discount,0.597,54.16
4811,45.2,standard_price,0.6262,35.6
4812,67.9,aggressive_discount,0.6238,61.75
4813,27.8,aggressive_discount,0.2143,22.76
4814,90.8,standard_price,0.1771,94.36
4815,40.8,standard_price,0.6713,24.14
4816,60.8,aggressive_discount,0.5464,52.6
4817,42.6,standard_price,0.6532,33.57
4818,66.1,standard_price,0.3954,60.2
4819,54.9,aggressive_discount,0.4801,30.85
4820,38.1,standard_price,0.6975,23.53
4821,16.4,aggressive_discount,0.1404,13.92
4822,82.1,aggressive_discount,0.7585,65.68
4823,30.0,aggressive_discount,0.2315,19.66
4824,87.9,aggressive_discount,0.8031,97.78
4825,65.7,aggressive_discount,0.6002,58.81
4826,78.3,aggressive_discount,0.7258,62.6
4827,58.6,standard_price,0.4783,61.56
4828,29.7,aggressive_discount,0.2291,22.37
4829,40.7,standard_price,0.6723,31.55
4830,44.1,aggressive_discount,0.3623,32.32
4831,40.7,standard_price,0.6723,21.1
4832,40.5,standard_price,0.6743,31.37
4833,39.7,standard_price,0.6821,18.74
4834,100.0,aggressive_discount,0.8754,94.17
4835,73.2,aggressive_discount,0.6779,59.86
4836,49.1,standard_price,0.5843,48.99
4837,29.6,aggressive_discount,0.2283,17.94
4838,44.6,standard_price,0.6325,29.25
4839,48.0,standard_price,0.5963,38.77
4840,74.6,aggressive_discount,0.6915,55.12
4841,40.3,standard_price,0.6762,39.75
4842,41.2,standard_price,0.6673,40.15
4843,73.9,aggressive_discount,0.6847,54.43
4844,51.0,standard_price,0.5634,43.05
4845,73.9,aggressive_discount,0.6847,56.76
4846,53.2,standard_price,0.5389,45.56
4847,53.3,standard_price,0.5378,47.88
4848,58.1,aggressive_discount,0.5161,41.32
4849,72.3,aggressive_discount,0.669,62.49
4850,48.2,aggressive_discount,0.4059,40.58
4851,73.7,aggressive_discount,0.6828,54.93
4852,38.9,aggressive_discount,0.3101,19.71
4853,52.2,standard_price,0.5501,52.15
4854,32.1,aggressive_discount,0.2487,5.25
4855,74.5,aggressive_discount,0.6905,62.17
4856,32.1,standard_price,0.7513,20.99
4857,48.8,standard_price,0.5876,52.31
4858,59.6,aggressive_discount,0.533,42.85
4859,61.8,standard_price,0.4425,56.67
4860,56.1,standard_price,0.5064,50.75
4861,67.4,aggressive_discount,0.6185,47.72
4862,78.4,aggressive_discount,0.7267,55.5
4863,27.3,standard_price,0.7894,15.48
4864,61.8,standard_price,0.4425,62.95
4865,56.4,standard_price,0.503,38.7
4866,41.9,standard_price,0.6603,23.85
4867,52.6,aggressive_discount,0.4544,41.1
4868,20.2,aggressive_discount,0.1623,5.0
4869,18.8,standard_price,0.8461,10.69
4870,61.3,aggressive_discount,0.5519,55.65
4871,46.8,standard_price,0.6092,41.24
4872,51.5,standard_price,0.5579,43.37
4873,22.4,aggressive_discount,0.1762,0.0
4874,73.9,standard_price,0.3153,77.56
4875,59.0,standard_price,0.4738,48.61
4876,34.4,standard_price,0.7315,12.84
4877,31.4,standard_price,0.7571,17.9
4878,20.2,standard_price,0.8377,0.0
4879,48.5,standard_price,0.5909,39.76
4880,45.6,standard_price,0.622,30.17
4881,22.3,standard_price,0.8244,0.0
4882,38.1,aggressive_discount,0.3025,25.58
4883,76.3,standard_price,0.2925,56.83
4884,14.1,standard_price,0.8716,0.0
4885,51.0,standard_price,0.5634,41.56
4886,42.5,standard_price,0.6542,27.71
4887,61.0,aggressive_discount,0.5486,53.65
4888,10.6,standard_price,0.8883,0.0
4889,39.8,standard_price,0.6811,26.85
4890,63.0,aggressive_discount,0.5708,50.05
4891,81.7,aggressive_discount,0.7552,66.81
4892,42.8,aggressive_discount,0.3489,32.76
4893,26.8,standard_price,0.7931,17.35
4894,51.5,aggressive_discount,0.4421,33.27
4895,27.5,standard_price,0.7879,8.26
4896,73.0,aggressive_discount,0.6759,53.85
4897,59.8,aggressive_discount,0.5352,47.02
4898,36.5,standard_price,0.7125,28.29
4899,62.4,standard_price,0.4359,46.12
4900,6.3,standard_price,0.9061,0.0
4901,33.0,standard_price,0.7436,22.4
4902,61.1,aggressive_discount,0.5497,56.5
4903,41.4,aggressive_discount,0.3347,19.69
4904,47.1,standard_price,0.606,48.43
4905,86.3,standard_price,0.2086,75.51
4906,48.8,standard_price,0.5876,43.48
4907,60.5,aggressive_discount,0.543,32.5
4908,24.0,standard_price,0.8131,14.24
4909,51.6,standard_price,0.5568,26.13
4910,79.8,aggressive_discount,0.739,70.2
4911,45.7,standard_price,0.6209,38.41
4912,51.7,aggressive_discount,0.4444,30.86
4913,45.4,standard_price,0.6241,29.1
4914,36.3,aggressive_discount,0.2857,10.86
4915,51.2,aggressive_discount,0.4388,29.93
4916,79.5,aggressive_discount,0.7364,84.11
4917,41.3,standard_price,0.6663,45.09
4918,62.6,aggressive_discount,0.5664,35.85
4919,59.6,standard_price,0.467,49.66
4920,80.4,aggressive_discount,0.7442,72.6
4921,36.6,aggressive_discount,0.2884,31.42
4922,11.5,standard_price,0.8842,0.0
4923,82.4,standard_price,0.239,86.44
4924,64.0,standard_price,0.4182,52.54
4925,51.0,aggressive_discount,0.4366,50.14
4926,51.0,standard_price,0.5634,40.52
4927,62.0,standard_price,0.4403,58.46
4928,53.3,aggressive_discount,0.4622,50.13
4929,77.5,aggressive_discount,0.7186,88.22
4930,50.2,standard_price,0.5722,36.49
4931,37.8,standard_price,0.7004,24.38
4932,56.3,standard_price,0.5041,57.76
4933,63.3,aggressive_discount,0.5741,51.83
4934,11.5,standard_price,0.8842,0.0
4935,36.6,standard_price,0.7116,31.37
4936,35.2,standard_price,0.7243,21.01
4937,51.8,standard_price,0.5545,42.35
4938,45.4,standard_price,0.6241,43.47
4939,87.1,standard_price,0.2027,78.0
4940,47.7,aggressive_discount,0.4005,22.62
4941,30.8,standard_price,0.7621,9.24
4942,29.7,standard_price,0.7709,12.34
4943,53.8,standard_price,0.5322,54.24
4944,60.5,aggressive_discount,0.543,33.18
4945,64.6,standard_price,0.4117,59.96
4946,65.2,standard_price,0.4052,64.27
4947,51.3,aggressive_discount,0.4399,54.0
4948,42.8,standard_price,0.6511,30.11
4949,65.0,standard_price,0.4073,61.93
4950,45.0,standard_price,0.6283,64.82
4951,72.9,aggressive_discount,0.6749,56.99
4952,67.1,standard_price,0.3847,59.34
4953,23.3,aggressive_discount,0.1822,0.0
4954,29.7,standard_price,0.7709,10.83
4955,54.4,aggressive_discount,0.4745,47.29
4956,65.8,standard_price,0.3987,54.15
4957,51.8,standard_price,0.5545,39.48
4958,43.0,standard_price,0.6491,42.96
4959,61.4,aggressive_discount,0.553,47.82
4960,45.7,aggressive_discount,0.3791,26.0
4961,36.1,aggressive_discount,0.2838,27.59
4962,59.3,aggressive_discount,0.5296,43.42
4963,58.1,standard_price,0.4839,58.28
4964,42.7,aggressive_discount,0.3479,32.29
4965,76.3,aggressive_discount,0.7075,58.5
4966,22.5,standard_price,0.8231,18.62
4967,48.6,standard_price,0.5898,45.07
4968,53.2,standard_price,0.5389,34.25
4969,33.2,standard_price,0.7419,18.37
4970,39.9,standard_price,0.6802,31.81
4971,60.6,standard_price,0.4559,58.28
4972,52.2,standard_price,0.5501,37.89
4973,52.3,standard_price,0.549,51.18
4974,46.3,aggressive_discount,0.3854,32.78
4975,28.9,standard_price,0.7772,16.05
4976,59.5,aggressive_discount,0.5318,46.96
4977,57.6,aggressive_discount,0.5105,43.99
4978,27.0,standard_price,0.7917,8.38
4979,30.0,standard_price,0.7685,7.32
4980,62.1,standard_price,0.4392,46.5
4981,21.8,standard_price,0.8276,23.28
4982,79.8,aggressive_discount,0.739,76.98
4983,67.9,standard_price,0.3762,50.38
4984,17.7,standard_price,0.8524,0.32
4985,57.5,standard_price,0.4906,43.04
4986,60.3,standard_price,0.4592,63.7
4987,21.9,standard_price,0.827,9.15
4988,68.0,aggressive_discount,0.6248,67.56
4989,28.5,aggressive_discount,0.2197,16.87
4990,31.8,standard_price,0.7538,19.47
4991,82.7,aggressive_discount,0.7634,60.26
4992,47.4,standard_price,0.6028,40.0
4993,61.8,aggressive_discount,0.5575,56.55
4994,38.2,aggressive_discount,0.3034,30.81
4995,51.3,standard_price,0.5601,41.31
4996,62.7,aggressive_discount,0.5675,67.57
4997,29.0,aggressive_discount,0.2236,10.91
4998,77.8,standard_price,0.2787,68.94
4999,92.4,aggressive_discount,0.8331,100.14
5000,45.0,standard_price,0.6283,24.86
5001,55.8,aggressive_discount,0.4903,50.9
5002,76.2,standard_price,0.2934,76.75
5003,70.5,standard_price,0.3492,60.74
5004,40.7,standard_price,0.6723,42.43
5005,64.8,standard_price,0.4095,65.94
5006,15.5,standard_price,0.8644,10.22
5007,74.2,standard_price,0.3124,54.32
5008,34.1,standard_price,0.7341,34.91
5009,53.4,aggressive_discount,0.4633,50.68
5010,87.9,aggressive_discount,0.8031,88.51
5011,65.2,aggressive_discount,0.5948,53.51
5012,83.2,aggressive_discount,0.7675,55.26
5013,34.9,standard_price,0.727,22.17
5014,31.9,aggressive_discount,0.247,25.22
5015,43.1,standard_price,0.6481,40.8
5016,51.7,aggressive_discount,0.4444,42.84
5017,97.1,aggressive_discount,0.8605,88.02
5018,44.6,standard_price,0.6325,37.74
5019,54.9,aggressive_discount,0.4801,50.74
5020,74.9,standard_price,0.3057,55.04
5021,22.0,standard_price,0.8264,13.51
5022,40.6,aggressive_discount,0.3267,32.66
5023,9.6,standard_price,0.8926,0.0
5024,36.8,standard_price,0.7097,23.35
5025,44.5,aggressive_discount,0.3664,24.97
5026,84.4,aggressive_discount,0.777,72.9
5027,45.2,aggressive_discount,0.3738,36.73
5028,39.7,standard_price,0.6821,19.86
5029,6.7,standard_price,0.9045,0.0
5030,46.4,standard_price,0.6135,38.85
5031,64.4,standard_price,0.4139,66.16
5032,60.6,aggressive_discount,0.5441,59.07
5033,35.8,standard_price,0.7189,24.45
5034,96.8,aggressive_discount,0.8589,97.66
5035,9.6,standard_price,0.8926,0.0
5036,52.9,aggressive_discount,0.4577,35.0
5037,65.9,aggressive_discount,0.6024,55.72
5038,35.2,standard_price,0.7243,27.77
5039,40.6,aggressive_discount,0.3267,31.69
5040,36.8,aggressive_discount,0.2903,28.78
5041,41.1,aggressive_discount,0.3317,23.2
5042,58.8,aggressive_discount,0.524,48.15
5043,78.2,aggressive_discount,0.7249,88.34
5044,81.3,aggressive_discount,0.7518,60.34
5045,66.6,aggressive_discount,0.6099,53.92
5046,50.1,aggressive_discount,0.4267,40.67
5047,54.5,aggressive_discount,0.4756,46.95
5048,99.6,aggressive_discount,0.8735,88.87
5049,48.6,aggressive_discount,0.4102,45.22
5050,45.6,standard_price,0.622,28.59
5051,49.7,aggressive_discount,0.4223,32.13
5052,58.5,standard_price,0.4794,60.1
5053,48.8,standard_price,0.5876,23.68
5054,64.5,aggressive_discount,0.5872,54.65
5055,52.6,standard_price,0.5456,43.36
5056,32.5,standard_price,0.7479,10.32
5057,23.1,standard_price,0.8191,0.43
5058,57.1,aggressive_discount,0.5049,39.65
5059,39.0,standard_price,0.6889,27.52
5060,82.9,aggressive_discount,0.765,83.73
5061,47.0,standard_price,0.6071,33.71
5062,46.7,aggressive_discount,0.3897,35.47
5063,63.4,aggressive_discount,0.5752,62.61
5064,58.4,aggressive_discount,0.5195,46.8
5065,28.2,standard_price,0.7826,0.03
5066,26.0,aggressive_discount,0.201,8.87
5067,36.4,aggressive_discount,0.2866,35.59
5068,39.5,standard_price,0.6841,20.98
5069,41.1,standard_price,0.6683,30.53
5070,42.7,aggressive_discount,0.3479,22.78
5071,20.2,standard_price,0.8377,4.33
5072,27.8,aggressive_discount,0.2143,10.28
5073,46.9,aggressive_discount,0.3919,36.87
5074,31.2,standard_price,0.7588,38.84
5075,46.8,standard_price,0.6092,36.37
5076,69.6,standard_price,0.3585,64.28
5077,52.9,standard_price,0.5423,42.69
5078,31.5,aggressive_discount,0.2437,17.69
5079,99.8,aggressive_discount,0.8745,101.51
5080,37.6,standard_price,0.7022,15.93
5081,41.3,standard_price,0.6663,23.32
5082,48.4,standard_price,0.5919,38.3
5083,31.6,standard_price,0.7555,16.65
5084,57.5,standard_price,0.4906,47.35
5085,78.3,aggressive_discount,0.7258,64.77
5086,38.7,aggressive_discount,0.3082,23.84
5087,46.3,aggressive_discount,0.3854,30.1
5088,51.6,aggressive_discount,0.4432,48.67
5089,0.0,standard_price,0.9276,0.0
5090,34.5,aggressive_discount,0.2694,27.28
5091,55.9,standard_price,0.5086,49.78
5092,42.8,standard_price,0.6511,30.8
5093,22.7,aggressive_discount,0.1782,2.29
5094,42.5,standard_price,0.6542,21.07
5095,24.9,standard_price,0.8068,10.36
5096,74.3,aggressive_discount,0.6886,58.61
5097,36.0,aggressive_discount,0.2829,25.72
5098,59.3,standard_price,0.4704,54.82
5099,40.5,standard_price,0.6743,2.92
5100,51.5,standard_price,0.5579,39.21
5101,66.3,standard_price,0.3933,50.44
5102,44.1,standard_price,0.6377,40.14
5103,61.6,aggressive_discount,0.5553,68.46
5104,34.3,standard_price,0.7323,24.99
5105,53.0,standard_price,0.5412,42.8
5106,70.2,standard_price,0.3523,60.75
5107,54.9,standard_price,0.5199,45.4
5108,51.8,aggressive_discount,0.4455,43.62
5109,16.0,standard_price,0.8618,11.32
5110,63.6,standard_price,0.4226,48.18
5111,100.0,aggressive_discount,0.8754,85.8
5112,64.4,standard_price,0.4139,63.22
5113,56.0,aggressive_discount,0.4925,38.61
5114,71.0,aggressive_discount,0.6559,68.42
5115,69.5,aggressive_discount,0.6405,59.29
5116,66.3,standard_price,0.3933,67.19
5117,56.2,aggressive_discount,0.4948,39.89
5118,23.7,standard_price,0.8151,17.06
5119,58.8,standard_price,0.476,49.2
5120,55.2,aggressive_discount,0.4835,44.42
5121,68.9,standard_price,0.3657,61.57
5122,52.4,standard_price,0.5479,53.91
5123,34.2,aggressive_discount,0.2668,24.42
5124,52.4,aggressive_discount,0.4521,37.31
5125,29.2,standard_price,0.7749,20.55
5126,37.6,standard_price,0.7022,37.4
5127,69.5,aggressive_discount,0.6405,52.66
5128,0.0,standard_price,0.9276,0.0
5129,49.1,aggressive_discount,0.4157,33.91
5130,42.4,aggressive_discount,0.3448,21.52
5131,59.3,aggressive_discount,0.5296,47.57
5132,90.9,aggressive_discount,0.8235,87.12
5133,61.4,aggressive_discount,0.553,58.5
5134,63.5,standard_price,0.4237,53.38
5135,65.0,aggressive_discount,0.5927,63.84
5136,18.2,aggressive_discount,0.1505,0.0
5137,68.3,aggressive_discount,0.628,61.37
5138,54.0,aggressive_discount,0.47,46.94
5139,29.6,standard_price,0.7717,12.29
5140,95.1,aggressive_discount,0.8493,87.5
5141,51.6,aggressive_discount,0.4432,27.77
5142,21.8,standard_price,0.8276,3.46
5143,42.0,aggressive_discount,0.3407,29.12
5144,49.6,standard_price,0.5788,41.99
5145,69.6,aggressive_discount,0.6415,63.47
5146,44.3,aggressive_discount,0.3644,36.87
5147,63.7,aggressive_discount,0.5785,50.44
5148,34.2,aggressive_discount,0.2668,16.78
5149,52.0,standard_price,0.5523,26.04
5150,42.6,aggressive_discount,0.3468,20.13
5151,10.2,standard_price,0.89,0.0
5152,67.1,aggressive_discount,0.6153,50.73
5153,31.1,aggressive_discount,0.2404,11.19
5154,24.7,standard_price,0.8082,15.42
5155,58.0,aggressive_discount,0.515,59.56
5156,57.8,standard_price,0.4873,36.79
5157,56.8,standard_price,0.4985,50.48
5158,53.5,standard_price,0.5356,52.24
5159,70.0,aggressive_discount,0.6457,56.12
5160,15.6,standard_price,0.8639,11.47
5161,54.8,standard_price,0.521,39.66
5162,63.3,standard_price,0.4259,54.59
5163,0.0,standard_price,0.9276,0.0
5164,46.9,aggressive_discount,0.3919,45.03
5165,24.8,standard_price,0.8075,23.79
5166,31.0,standard_price,0.7604,21.05
5167,43.3,standard_price,0.646,21.41
5168,60.0,aggressive_discount,0.5374,53.04
5169,76.9,aggressive_discount,0.7131,70.5
5170,11.1,standard_price,0.886,0.0
5171,3.1,standard_price,0.9176,0.0
5172,85.2,aggressive_discount,0.7831,64.93
5173,37.5,standard_price,0.7032,21.11
5174,46.4,standard_price,0.6135,30.7
5175,70.1,aggressive_discount,0.6467,54.28
5176,63.2,standard_price,0.427,56.43
5177,27.7,standard_price,0.7864,15.9
5178,49.3,standard_price,0.5821,39.35
5179,50.2,standard_price,0.5722,36.12
5180,53.7,aggressive_discount,0.4667,45.79
5181,65.7,standard_price,0.3998,56.63
5182,30.9,standard_price,0.7612,9.42
5183,59.4,aggressive_discount,0.5307,49.66
5184,12.7,standard_price,0.8785,0.0
5185,25.0,standard_price,0.8061,15.56
5186,57.3,aggressive_discount,0.5071,32.46
5187,78.4,aggressive_discount,0.7267,61.7
5188,65.3,standard_price,0.4041,52.45
5189,28.0,standard_price,0.7841,14.59
5190,65.1,standard_price,0.4062,42.65
5191,49.5,aggressive_discount,0.4201,41.03
5192,76.7,aggressive_discount,0.7113,58.69
5193,44.9,standard_price,0.6294,33.91
5194,68.1,standard_price,0.3741,52.69
5195,0.0,standard_price,0.9276,0.0
5196,43.8,standard_price,0.6408,40.07
5197,45.7,aggressive_discount,0.3791,27.96
5198,31.6,standard_price,0.7555,19.9
5199,14.2,aggressive_discount,0.1289,5.55
5200,55.2,standard_price,0.5165,52.65
5201,43.3,standard_price,0.646,25.86
5202,72.8,aggressive_discount,0.6739,60.45
5203,20.1,standard_price,0.8383,17.07
5204,61.9,aggressive_discount,0.5586,50.43
5205,13.1,standard_price,0.8766,7.07
5206,20.4,standard_price,0.8364,12.96
5207,76.8,aggressive_discount,0.7122,72.78
5208,32.3,standard_price,0.7496,42.2
5209,34.5,aggressive_discount,0.2694,5.26
5210,34.9,standard_price,0.727,13.21
5211,99.5,aggressive_discount,0.873,96.36
5212,42.3,standard_price,0.6562,33.3
5213,49.7,aggressive_discount,0.4223,34.04
5214,82.0,aggressive_discount,0.7577,76.3
5215,3.4,standard_price,0.9166,0.0
5216,30.6,standard_price,0.7637,25.42
5217,46.3,standard_price,0.6146,38.87
5218,79.7,standard_price,0.2618,77.62
5219,75.6,aggressive_discount,0.701,69.85
5220,67.0,aggressive_discount,0.6142,59.12
5221,51.2,aggressive_discount,0.4388,24.55
5222,11.9,standard_price,0.8823,19.02
5223,52.1,aggressive_discount,0.4488,60.99
5224,38.3,aggressive_discount,0.3044,13.46
5225,40.3,aggressive_discount,0.3238,24.39
5226,65.4,standard_price,0.403,51.6
5227,100.0,aggressive_discount,0.8754,94.97
5228,45.9,aggressive_discount,0.3812,35.21
5229,20.4,standard_price,0.8364,6.51
5230,60.8,standard_price,0.4536,47.28
5231,58.2,standard_price,0.4828,55.12
5232,44.6,standard_price,0.6325,27.55
5233,27.9,aggressive_discount,0.2151,23.22
5234,37.4,aggressive_discount,0.2959,18.02
5235,43.4,aggressive_discount,0.355,33.45
5236,81.0,aggressive_discount,0.7493,75.78
5237,51.2,aggressive_discount,0.4388,50.03
5238,44.8,standard_price,0.6304,42.97
5239,30.3,standard_price,0.7661,7.67
5240,68.0,standard_price,0.3752,59.9
5241,47.9,aggressive_discount,0.4026,25.29
5242,28.6,aggressive_discount,0.2205,30.88
5243,72.6,aggressive_discount,0.6719,58.27
5244,49.0,standard_price,0.5854,41.72
5245,56.6,aggressive_discount,0.4993,48.87
5246,61.7,aggressive_discount,0.5564,35.6
5247,65.1,aggressive_discount,0.5938,46.46
5248,48.0,standard_price,0.5963,42.79
5249,61.0,standard_price,0.4514,61.93
5250,76.1,standard_price,0.2943,63.36
5251,79.0,standard_price,0.268,79.13
5252,23.7,standard_price,0.8151,9.54
5253,50.0,aggressive_discount,0.4256,39.81
5254,73.6,standard_price,0.3182,51.15
5255,100.0,aggressive_discount,0.8754,90.76
5256,54.7,standard_price,0.5221,45.32
5257,47.9,standard_price,0.5974,31.03
5258,16.4,standard_price,0.8596,2.88
5259,57.8,aggressive_discount,0.5127,37.38
5260,66.4,standard_price,0.3922,61.2
5261,77.0,aggressive_discount,0.714,51.44
5262,60.8,standard_price,0.4536,40.97
5263,85.1,standard_price,0.2176,81.6
5264,64.1,aggressive_discount,0.5829,43.85
5265,78.6,aggressive_discount,0.7285,64.74
5266,81.4,aggressive_discount,0.7527,81.9
5267,49.4,standard_price,0.581,53.86
5268,61.7,standard_price,0.4436,49.06
5269,0.0,standard_price,0.9276,0.0
5270,49.3,standard_price,0.5821,53.23
5271,33.6,aggressive_discount,0.2615,11.96
5272,32.4,standard_price,0.7488,18.96
5273,39.3,standard_price,0.686,20.87
5274,68.8,standard_price,0.3668,53.42
5275,54.1,standard_price,0.5288,47.78
5276,10.8,standard_price,0.8874,0.0
5277,43.7,aggressive_discount,0.3581,37.32
5278,38.2,aggressive_discount,0.3034,32.97
5279,61.7,aggressive_discount,0.5564,47.19
5280,52.3,standard_price,0.549,46.98
5281,56.3,aggressive_discount,0.4959,51.05
5282,35.6,standard_price,0.7207,23.84
5283,13.8,standard_price,0.8731,0.0
5284,29.9,standard_price,0.7693,10.02
5285,44.2,standard_price,0.6367,23.64
5286,55.0,standard_price,0.5187,48.44
5287,85.2,aggressive_discount,0.7831,75.19
5288,21.1,standard_price,0.8321,6.68
5289,24.7,standard_price,0.8082,0.0
5290,95.6,aggressive_discount,0.8522,90.72
5291,34.9,aggressive_discount,0.273,33.4
5292,67.7,aggressive_discount,0.6216,41.98
5293,32.5,standard_price,0.7479,8.73
5294,40.2,standard_price,0.6772,20.51
5295,37.5,standard_price,0.7032,33.99
5296,48.5,aggressive_discount,0.4091,40.27
5297,51.2,aggressive_discount,0.4388,46.32
5298,45.8,standard_price,0.6199,32.9
5299,45.1,standard_price,0.6273,29.11
5300,28.4,standard_price,0.7811,17.96
5301,57.9,standard_price,0.4861,56.31
5302,93.6,standard_price,0.1595,90.57
5303,43.9,aggressive_discount,0.3602,33.1
5304,29.3,aggressive_discount,0.2259,34.39
5305,72.9,aggressive_discount,0.6749,65.09
5306,59.4,aggressive_discount,0.5307,39.48
5307,18.3,standard_price,0.849,0.0
5308,43.0,standard_price,0.6491,27.47
5309,64.9,aggressive_discount,0.5916,52.87
5310,32.7,standard_price,0.7462,29.01
5311,40.4,standard_price,0.6752,40.6
5312,55.8,standard_price,0.5097,52.98
5313,41.8,standard_price,0.6613,25.57
5314,43.9,aggressive_discount,0.3602,20.68
5315,76.1,aggressive_discount,0.7057,75.03
5316,31.7,aggressive_discount,0.2454,10.8
5317,35.5,standard_price,0.7216,17.43
5318,32.6,standard_price,0.7471,15.4
5319,63.3,standard_price,0.4259,48.94
5320,39.9,aggressive_discount,0.3198,24.78
5321,68.8,aggressive_discount,0.6332,68.17
5322,59.8,standard_price,0.4648,46.87
5323,50.5,aggressive_discount,0.4311,43.75
5324,63.5,standard_price,0.4237,61.51
5325,11.9,standard_price,0.8823,0.0
5326,32.0,aggressive_discount,0.2479,12.2
5327,82.3,standard_price,0.2399,86.59
5328,81.0,aggressive_discount,0.7493,66.35
5329,11.5,standard_price,0.8842,0.0
5330,69.1,aggressive_discount,0.6363,66.09
5331,25.8,aggressive_discount,0.1996,18.47
5332,49.0,standard_price,0.5854,34.87
5333,28.9,standard_price,0.7772,20.31
5334,53.1,aggressive_discount,0.46,36.99
5335,45.7,standard_price,0.6209,41.27
5336,71.7,standard_price,0.337,72.69
5337,59.6,aggressive_discount,0.533,59.26
5338,35.8,standard_price,0.7189,25.14
5339,56.5,aggressive_discount,0.4981,45.61
5340,37.4,standard_price,0.7041,15.66
5341,50.8,aggressive_discount,0.4344,50.43
5342,69.9,aggressive_discount,0.6446,60.4
5343,58.4,aggressive_discount,0.5195,46.92
5344,90.6,aggressive_discount,0.8216,73.66
5345,58.7,aggressive_discount,0.5229,48.82
5346,54.9,standard_price,0.5199,56.73
5347,81.2,aggressive_discount,0.751,75.01
5348,61.8,standard_price,0.4425,50.18
5349,51.5,standard_price,0.5579,55.04
5350,49.9,aggressive_discount,0.4245,44.44
5351,9.0,aggressive_discount,0.1048,1.25
5352,36.9,standard_price,0.7088,30.17
5353,79.0,standard_price,0.268,72.69
5354,75.0,standard_price,0.3047,82.09
5355,66.7,standard_price,0.389,48.37
5356,22.8,standard_price,0.8211,16.66
5357,100.0,aggressive_discount,0.8754,84.58
5358,0.0,standard_price,0.9276,0.0
5359,93.5,aggressive_discount,0.8399,82.26
5360,40.0,standard_price,0.6792,17.1
5361,88.6,aggressive_discount,0.808,90.94
5362,34.3,standard_price,0.7323,24.41
5363,50.7,standard_price,0.5667,39.43
5364,71.6,aggressive_discount,0.662,60.66
5365,64.1,standard_price,0.4171,57.52
5366,59.0,aggressive_discount,0.5262,34.15
5367,36.8,standard_price,0.7097,25.34
5368,38.4,standard_price,0.6947,22.25
5369,44.1,aggressive_discount,0.3623,35.24
5370,58.7,aggressive_discount,0.5229,41.78
5371,62.2,standard_price,0.4381,51.79
5372,57.0,aggressive_discount,0.5037,49.57
5373,70.6,aggressive_discount,0.6518,56.16
5374,24.1,standard_price,0.8124,5.96
5375,29.1,aggressive_discount,0.2243,12.24
5376,43.0,aggressive_discount,0.3509,35.46
5377,46.5,standard_price,0.6124,43.63
5378,24.1,standard_price,0.8124,9.59
5379,37.9,standard_price,0.6994,8.24
5380,25.8,standard_price,0.8004,6.26
5381,25.0,standard_price,0.8061,16.85
5382,64.5,aggressive_discount,0.5872,56.56
5383,50.6,standard_price,0.5678,32.52
5384,49.8,aggressive_discount,0.4234,30.42
5385,66.4,aggressive_discount,0.6078,62.57
5386,62.0,aggressive_discount,0.5597,45.74
5387,54.3,aggressive_discount,0.4734,39.18
5388,0.0,standard_price,0.9276,0.0
5389,41.9,aggressive_discount,0.3397,48.17
5390,71.8,aggressive_discount,0.664,55.31
5391,42.5,standard_price,0.6542,28.48
5392,45.1,aggressive_discount,0.3727,42.99
5393,71.7,aggressive_discount,0.663,62.59
5394,60.1,standard_price,0.4615,47.1
5395,75.3,aggressive_discount,0.6981,49.84
5396,31.6,aggressive_discount,0.2445,15.55
5397,71.1,aggressive_discount,0.6569,58.6
5398,61.0,aggressive_discount,0.5486,51.5
5399,18.5,standard_price,0.8478,7.01
5400,64.3,standard_price,0.415,59.08
5401,57.7,aggressive_discount,0.5116,54.94
5402,22.9,standard_price,0.8205,11.63
5403,29.1,aggressive_discount,0.2243,14.2
5404,23.3,standard_price,0.8178,0.0
5405,100.0,aggressive_discount,0.8754,90.39
5406,29.9,standard_price,0.7693,27.05
5407,70.2,aggressive_discount,0.6477,67.94
5408,47.6,standard_price,0.6006,42.23
5409,31.5,standard_price,0.7563,16.74
5410,41.8,standard_price,0.6613,45.09
5411,40.1,standard_price,0.6782,16.05
5412,37.4,standard_price,0.7041,15.21
5413,49.3,standard_price,0.5821,37.77
5414,23.2,standard_price,0.8185,2.16
5415,33.6,standard_price,0.7385,21.15
5416,36.8,standard_price,0.7097,20.5
5417,75.0,standard_price,0.3047,62.51
5418,21.9,standard_price,0.827,9.14
5419,75.5,standard_price,0.3,68.16
5420,63.2,standard_price,0.427,52.74
5421,48.0,aggressive_discount,0.4037,34.42
5422,19.3,standard_price,0.8431,6.87
5423,30.1,standard_price,0.7677,19.88
5424,53.8,aggressive_discount,0.4678,39.83
5425,56.5,standard_price,0.5019,45.45
5426,34.9,standard_price,0.727,25.51
5427,34.8,standard_price,0.7279,0.92
5428,0.0,standard_price,0.9276,0.0
5429,36.3,standard_price,0.7143,36.84
5430,68.3,aggressive_discount,0.628,65.15
5431,33.0,standard_price,0.7436,18.56
5432,72.1,aggressive_discount,0.667,77.98
5433,63.5,standard_price,0.4237,48.67
5434,72.4,aggressive_discount,0.67,70.04
5435,73.9,standard_price,0.3153,78.23
5436,42.4,standard_price,0.6552,19.66
5437,8.7,standard_price,0.8965,0.0
5438,52.1,standard_price,0.5512,47.56
5439,38.1,standard_price,0.6975,25.49
5440,60.7,standard_price,0.4547,45.63
5441,18.0,aggressive_discount,0.1493,17.69
5442,90.7,aggressive_discount,0.8222,86.43
5443,3.2,standard_price,0.9173,0.0
5444,64.5,standard_price,0.4128,57.79
5445,56.2,standard_price,0.5052,51.31
5446,52.0,aggressive_discount,0.4477,45.08
5447,28.4,standard_price,0.7811,28.13
5448,25.8,aggressive_discount,0.1996,19.85
5449,26.7,standard_price,0.7939,6.74
5450,60.0,aggressive_discount,0.5374,53.01
5451,62.6,standard_price,0.4336,56.69
5452,20.6,standard_price,0.8352,0.0
5453,51.3,aggressive_discount,0.4399,48.03
5454,56.0,standard_price,0.5075,44.85
5455,37.1,aggressive_discount,0.2931,20.36
5456,24.1,standard_price,0.8124,9.13
5457,27.7,standard_price,0.7864,28.04
5458,43.8,aggressive_discount,0.3592,28.87
5459,2.7,standard_price,0.919,0.0
5460,43.5,standard_price,0.6439,34.58
5461,12.3,standard_price,0.8804,0.0
5462,71.5,standard_price,0.3391,61.75
5463,64.8,aggressive_discount,0.5905,57.78
5464,57.4,standard_price,0.4918,43.04
5465,33.7,standard_price,0.7376,19.28
5466,55.8,aggressive_discount,0.4903,45.84
5467,60.9,aggressive_discount,0.5475,46.45
5468,99.5,aggressive_discount,0.873,86.04
5469,56.9,standard_price,0.4974,51.68
5470,84.3,aggressive_discount,0.7762,70.02
5471,53.7,aggressive_discount,0.4667,39.96
5472,46.8,standard_price,0.6092,45.54
5473,50.6,aggressive_discount,0.4322,17.99
5474,56.4,aggressive_discount,0.497,42.74
5475,36.5,standard_price,0.7125,31.11
5476,40.8,standard_price,0.6713,27.94
5477,66.9,standard_price,0.3869,57.07
5478,73.8,aggressive_discount,0.6837,66.67
5479,45.1,standard_price,0.6273,32.69
5480,33.5,standard_price,0.7393,29.92
5481,36.1,standard_price,0.7162,13.48
5482,51.0,aggressive_discount,0.4366,50.32
5483,18.3,standard_price,0.849,14.99
5484,8.4,standard_price,0.8977,0.0
5485,68.9,aggressive_discount,0.6343,56.77
5486,44.2,aggressive_discount,0.3633,35.88
5487,35.0,standard_price,0.7261,25.9
5488,55.5,aggressive_discount,0.4869,37.29
5489,20.2,standard_price,0.8377,0.0
5490,63.0,aggressive_discount,0.5708,51.51
5491,37.1,standard_price,0.7069,43.49
5492,18.6,standard_price,0.8472,18.09
5493,62.0,aggressive_discount,0.5597,43.38
5494,53.8,aggressive_discount,0.4678,40.98
5495,56.8,standard_price,0.4985,47.71
5496,42.7,aggressive_discount,0.3479,32.54
5497,46.3,standard_price,0.6146,27.55
5498,36.8,standard_price,0.7097,17.66
5499,69.4,aggressive_discount,0.6395,58.17
5500,41.4,standard_price,0.6653,28.69
5501,43.4,aggressive_discount,0.355,34.49
5502,66.0,standard_price,0.3965,60.26
5503,68.7,standard_price,0.3678,73.36
5504,34.2,standard_price,0.7332,18.69
5505,54.0,standard_price,0.53,52.26
5506,41.3,standard_price,0.6663,43.67
5507,87.1,aggressive_discount,0.7973,88.47
5508,40.2,standard_price,0.6772,14.52
5509,36.9,standard_price,0.7088,11.56
5510,22.9,standard_price,0.8205,17.64
5511,41.4,aggressive_discount,0.3347,36.37
5512,73.0,aggressive_discount,0.6759,57.61
5513,45.3,standard_price,0.6252,12.41
5514,60.0,standard_price,0.4626,47.64
5515,14.5,aggressive_discount,0.1304,0.0
5516,50.7,standard_price,0.5667,35.61
5517,53.5,aggressive_discount,0.4644,32.82
5518,100.0,aggressive_discount,0.8754,107.47
5519,60.0,aggressive_discount,0.5374,54.2
5520,78.2,standard_price,0.2751,83.34
5521,42.6,standard_price,0.6532,32.73
5522,41.8,standard_price,0.6613,44.06
5523,48.5,standard_price,0.5909,44.86
5524,45.1,aggressive_discount,0.3727,30.25
5525,68.2,aggressive_discount,0.6269,48.27
5526,41.7,aggressive_discount,0.3377,18.21
5527,63.1,aggressive_discount,0.5719,51.09
5528,55.5,standard_price,0.5131,46.83
5529,32.4,standard_price,0.7488,24.92
5530,59.4,aggressive_discount,0.5307,46.96
5531,36.8,aggressive_discount,0.2903,29.99
5532,56.4,standard_price,0.503,58.48
5533,22.4,standard_price,0.8238,11.04
5534,36.3,standard_price,0.7143,30.93
5535,15.2,standard_price,0.866,0.0
5536,54.6,aggressive_discount,0.4768,42.14
5537,100.0,aggressive_discount,0.8754,85.9
5538,38.4,standard_price,0.6947,28.14
5539,19.3,standard_price,0.8431,0.0
5540,65.6,aggressive_discount,0.5992,46.17
5541,46.1,standard_price,0.6167,30.07
5542,63.1,aggressive_discount,0.5719,57.96
5543,16.4,standard_price,0.8596,1.65
5544,66.3,standard_price,0.3933,60.52
5545,70.9,aggressive_discount,0.6549,55.01
5546,26.7,standard_price,0.7939,20.71
5547,57.3,aggressive_discount,0.5071,46.34
5548,15.8,standard_price,0.8628,4.87
5549,82.3,aggressive_discount,0.7601,75.34
5550,22.2,standard_price,0.8251,0.0
5551,22.3,standard_price,0.8244,0.0
5552,45.3,standard_price,0.6252,40.18
5553,61.0,aggressive_discount,0.5486,57.64
5554,33.1,standard_price,0.7428,36.07
5555,69.0,aggressive_discount,0.6353,60.22
5556,74.9,aggressive_discount,0.6943,77.24
5557,10.5,standard_price,0.8887,0.0
5558,76.3,aggressive_discount,0.7075,61.01
5559,36.7,standard_price,0.7106,42.24
5560,79.7,aggressive_discount,0.7382,70.34
5561,76.2,aggressive_discount,0.7066,71.04
5562,33.0,standard_price,0.7436,14.16
5563,20.7,standard_price,0.8346,11.4
5564,59.7,aggressive_discount,0.5341,56.02
5565,64.0,standard_price,0.4182,59.52
5566,34.0,aggressive_discount,0.265,24.25
5567,27.7,standard_price,0.7864,26.78
5568,63.6,aggressive_discount,0.5774,49.4
5569,55.0,standard_price,0.5187,55.21
5570,46.2,aggressive_discount,0.3844,26.41
5571,43.9,standard_price,0.6398,33.5
5572,42.0,aggressive_discount,0.3407,28.28
5573,35.5,aggressive_discount,0.2784,20.98
5574,35.9,standard_price,0.718,33.44
5575,42.2,standard_price,0.6572,34.77
5576,74.5,aggressive_discount,0.6905,59.74
5577,66.6,standard_price,0.3901,40.09
5578,77.8,aggressive_discount,0.7213,78.39
5579,72.0,aggressive_discount,0.666,66.44
5580,51.7,aggressive_discount,0.4444,32.3
5581,39.8,aggressive_discount,0.3189,14.82
5582,87.2,standard_price,0.202,72.01
5583,88.4,aggressive_discount,0.8066,71.32
5584,75.1,aggressive_discount,0.6962,74.17
5585,70.9,standard_price,0.3451,70.04
5586,80.0,aggressive_discount,0.7408,73.46
5587,30.3,standard_price,0.7661,6.04
5588,65.6,aggressive_discount,0.5992,56.23
5589,47.0,standard_price,0.6071,35.58
5590,26.2,standard_price,0.7975,15.82
5591,49.2,standard_price,0.5832,34.21
5592,38.2,standard_price,0.6966,33.74
5593,12.1,standard_price,0.8814,14.97
5594,36.1,aggressive_discount,0.2838,23.43
5595,93.0,aggressive_discount,0.8369,85.39
5596,43.8,aggressive_discount,0.3592,46.56
5597,87.7,aggressive_discount,0.8016,79.57
5598,44.7,standard_price,0.6315,27.99
5599,40.6,standard_price,0.6733,27.12
5600,25.0,standard_price,0.8061,11.02
5601,30.7,aggressive_discount,0.2371,5.55
5602,47.5,standard_price,0.6017,32.31
5603,42.5,aggressive_discount,0.3458,16.81
5604,25.0,standard_price,0.8061,19.06
5605,69.6,standard_price,0.3585,56.53
5606,75.0,aggressive_discount,0.6953,56.62
5607,34.8,standard_price,0.7279,22.85
5608,49.5,standard_price,0.5799,36.96
5609,81.8,aggressive_discount,0.756,74.36
5610,66.3,aggressive_discount,0.6067,50.04
5611,33.3,standard_price,0.7411,30.19
5612,38.3,standard_price,0.6956,26.34
5613,35.3,standard_price,0.7234,30.88
5614,63.8,aggressive_discount,0.5796,52.11
5615,76.0,aggressive_discount,0.7047,80.2
5616,21.5,standard_price,0.8296,16.34
5617,97.1,aggressive_discount,0.8605,89.55
5618,27.2,standard_price,0.7902,21.42
5619,37.8,standard_price,0.7004,26.66
5620,12.2,standard_price,0.8809,0.0
5621,31.9,standard_price,0.753,8.56
5622,42.1,standard_price,0.6582,30.13
5623,64.1,aggressive_discount,0.5829,42.78
5624,26.5,aggressive_discount,0.2046,8.0
5625,43.0,standard_price,0.6491,28.67
5626,17.2,standard_price,0.8552,6.52
5627,55.5,aggressive_discount,0.4869,53.23
5628,36.6,standard_price,0.7116,30.15
5629,46.1,aggressive_discount,0.3833,39.72
5630,48.5,standard_price,0.5909,29.43
5631,77.5,aggressive_discount,0.7186,76.63
5632,28.1,standard_price,0.7834,19.89
5633,58.5,standard_price,0.4794,49.58
5634,1.0,standard_price,0.9245,0.0
5635,58.7,standard_price,0.4771,48.03
5636,63.4,standard_price,0.4248,53.47
5637,42.2,standard_price,0.6572,42.92
5638,36.6,standard_price,0.7116,16.28
5639,12.9,standard_price,0.8776,0.0
5640,63.1,aggressive_discount,0.5719,46.62
5641,33.9,standard_price,0.7358,22.07
5642,78.4,aggressive_discount,0.7267,75.22
5643,45.9,standard_price,0.6188,26.86
5644,33.9,standard_price,0.7358,24.38
5645,58.7,aggressive_discount,0.5229,48.91
5646,17.1,standard_price,0.8558,0.25
5647,24.2,standard_price,0.8117,0.0
5648,24.1,aggressive_discount,0.1876,25.92
5649,30.5,aggressive_discount,0.2355,6.81
5650,56.9,standard_price,0.4974,42.69
5651,45.7,standard_price,0.6209,39.39
5652,79.7,aggressive_discount,0.7382,60.1
5653,68.0,aggressive_discount,0.6248,58.58
5654,41.9,standard_price,0.6603,37.88
5655,71.2,aggressive_discount,0.6579,57.49
5656,96.9,aggressive_discount,0.8594,92.46
5657,5.1,standard_price,0.9106,0.0
5658,52.3,standard_price,0.549,37.69
5659,0.0,standard_price,0.9276,0.0
5660,63.9,aggressive_discount,0.5807,51.02
5661,36.6,standard_price,0.7116,14.46
5662,40.3,aggressive_discount,0.3238,28.25
5663,46.4,standard_price,0.6135,38.38
5664,91.4,aggressive_discount,0.8268,88.22
5665,37.4,standard_price,0.7041,24.42
5666,29.1,aggressive_discount,0.2243,13.04
5667,83.1,aggressive_discount,0.7667,68.7
5668,47.6,aggressive_discount,0.3994,32.63
5669,56.3,standard_price,0.5041,37.75
5670,66.5,aggressive_discount,0.6089,43.45
5671,3.7,standard_price,0.9156,0.0
5672,0.7,standard_price,0.9254,0.0
5673,80.3,standard_price,0.2566,64.62
5674,22.2,aggressive_discount,0.1749,10.69
5675,84.8,standard_price,0.2199,85.1
5676,61.4,aggressive_discount,0.553,67.26
5677,42.6,aggressive_discount,0.3468,22.57
5678,49.6,aggressive_discount,0.4212,15.72
5679,38.1,standard_price,0.6975,22.81
5680,57.3,aggressive_discount,0.5071,49.59
5681,61.2,aggressive_discount,0.5508,50.63
5682,80.5,standard_price,0.2549,77.49
5683,52.0,aggressive_discount,0.4477,43.69
5684,30.9,standard_price,0.7612,14.92
5685,24.8,aggressive_discount,0.1925,5.01
5686,21.8,aggressive_discount,0.1724,7.74
5687,62.7,aggressive_discount,0.5675,55.66
5688,49.8,aggressive_discount,0.4234,32.88
5689,4.8,standard_price,0.9117,0.0
5690,41.1,aggressive_discount,0.3317,15.64
5691,46.9,aggressive_discount,0.3919,32.92
5692,40.9,standard_price,0.6703,28.66
5693,84.2,aggressive_discount,0.7754,85.48
5694,37.2,standard_price,0.706,30.29
5695,67.8,standard_price,0.3773,49.55
5696,50.9,standard_price,0.5645,52.13
5697,55.2,aggressive_discount,0.4835,50.11
5698,57.0,standard_price,0.4963,46.06
5699,39.2,aggressive_discount,0.313,36.17
5700,67.7,aggressive_discount,0.6216,57.17
5701,41.4,aggressive_discount,0.3347,23.73
5702,33.7,standard_price,0.7376,21.06
5703,2.9,standard_price,0.9183,0.0
5704,63.6,standard_price,0.4226,41.86
5705,21.7,standard_price,0.8283,28.8
5706,40.6,aggressive_discount,0.3267,13.52
5707,64.2,standard_price,0.4161,55.99
5708,32.2,standard_price,0.7504,0.62
5709,40.9,standard_price,0.6703,31.06
5710,43.5,aggressive_discount,0.3561,14.11
5711,47.6,standard_price,0.6006,47.58
5712,84.8,standard_price,0.2199,67.17
5713,63.9,aggressive_discount,0.5807,35.91
5714,12.4,standard_price,0.88,1.1
5715,8.3,standard_price,0.8981,0.0
5716,60.7,standard_price,0.4547,48.07
5717,21.7,standard_price,0.8283,12.09
5718,43.9,aggressive_discount,0.3602,34.73
5719,45.0,standard_price,0.6283,36.61
5720,46.1,standard_price,0.6167,10.64
5721,64.1,aggressive_discount,0.5829,69.35
5722,65.2,aggressive_discount,0.5948,53.54
5723,46.4,standard_price,0.6135,35.54
5724,29.2,standard_price,0.7749,32.67
5725,7.1,standard_price,0.903,5.17
5726,31.8,standard_price,0.7538,20.65
5727,77.4,aggressive_discount,0.7177,70.0
5728,39.9,aggressive_discount,0.3198,35.12
5729,29.6,standard_price,0.7717,9.81
5730,48.7,standard_price,0.5887,41.79
5731,59.5,aggressive_discount,0.5318,49.56
5732,52.2,standard_price,0.5501,49.77
5733,48.8,standard_price,0.5876,42.08
5734,3.4,standard_price,0.9166,0.0
5735,44.2,standard_price,0.6367,33.7
5736,67.0,standard_price,0.3858,62.34
5737,83.7,aggressive_discount,0.7714,84.95
5738,17.0,standard_price,0.8563,7.51
5739,16.2,aggressive_discount,0.1393,0.0
5740,31.4,aggressive_discount,0.2429,20.48
5741,77.7,aggressive_discount,0.7204,83.29
5742,60.8,standard_price,0.4536,46.82
5743,33.1,standard_price,0.7428,17.84
5744,42.5,aggressive_discount,0.3458,29.59
5745,40.4,aggressive_discount,0.3248,24.1
5746,24.9,aggressive_discount,0.1932,20.6
5747,24.3,standard_price,0.811,18.64
5748,65.3,standard_price,0.4041,48.28
5749,49.5,standard_price,0.5799,45.47
5750,39.9,standard_price,0.6802,30.74
5751,64.6,aggressive_discount,0.5883,60.09
5752,55.3,aggressive_discount,0.4846,49.61
5753,26.2,standard_price,0.7975,16.04
5754,49.9,standard_price,0.5755,41.62
5755,45.4,standard_price,0.6241,25.57
5756,78.3,aggressive_discount,0.7258,74.55
5757,84.0,aggressive_discount,0.7738,74.94
5758,49.3,standard_price,0.5821,34.73
5759,15.2,standard_price,0.866,0.0
5760,19.6,standard_price,0.8413,8.84
5761,42.0,aggressive_discount,0.3407,42.77
5762,61.1,aggressive_discount,0.5497,40.58
5763,54.8,aggressive_discount,0.479,40.24
5764,58.0,aggressive_discount,0.515,49.77
5765,8.2,aggressive_discount,0.1015,0.0
5766,37.6,standard_price,0.7022,20.47
5767,35.8,standard_price,0.7189,34.24
5768,48.1,standard_price,0.5952,29.54
5769,31.1,aggressive_discount,0.2404,13.6
5770,60.5,standard_price,0.457,64.16
5771,28.7,standard_price,0.7788,2.4
5772,29.5,standard_price,0.7725,30.09
5773,58.8,standard_price,0.476,57.47
5774,64.2,aggressive_discount,0.5839,42.06
5775,47.4,standard_price,0.6028,36.33
5776,38.5,standard_price,0.6937,31.71
5777,60.3,standard_price,0.4592,57.95
5778,24.9,standard_price,0.8068,14.58
5779,71.1,aggressive_discount,0.6569,57.35
5780,61.6,aggressive_discount,0.5553,46.17
5781,70.5,aggressive_discount,0.6508,44.96
5782,26.3,standard_price,0.7968,3.83
5783,85.6,aggressive_discount,0.7862,64.63
5784,16.8,standard_price,0.8574,3.45
5785,42.8,standard_price,0.6511,24.73
5786,26.8,standard_price,0.7931,16.37
5787,70.0,aggressive_discount,0.6457,53.6
5788,71.5,aggressive_discount,0.6609,51.85
5789,24.8,standard_price,0.8075,21.32
5790,76.4,aggressive_discount,0.7085,76.18
5791,62.2,aggressive_discount,0.5619,56.2
5792,60.8,standard_price,0.4536,50.28
5793,26.9,standard_price,0.7924,29.36
5794,70.8,standard_price,0.3462,54.88
5795,62.4,standard_price,0.4359,59.8
5796,19.6,standard_price,0.8413,25.01
5797,95.7,aggressive_discount,0.8528,91.7
5798,43.8,standard_price,0.6408,24.79
5799,55.7,aggressive_discount,0.4891,43.21
5800,33.1,standard_price,0.7428,6.42
5801,73.7,standard_price,0.3172,66.61
5802,69.1,aggressive_discount,0.6363,57.3
5803,21.9,aggressive_discount,0.173,12.3
5804,41.6,standard_price,0.6633,22.43
5805,44.1,aggressive_discount,0.3623,16.08
5806,60.0,standard_price,0.4626,52.37
5807,68.2,standard_price,0.3731,62.86
5808,16.6,standard_price,0.8585,20.56
5809,58.5,aggressive_discount,0.5206,45.32
5810,62.3,aggressive_discount,0.563,56.75
5811,40.7,standard_price,0.6723,32.74
5812,43.2,standard_price,0.647,27.11
5813,95.1,aggressive_discount,0.8493,96.8
5814,18.0,standard_price,0.8507,0.0
5815,64.9,standard_price,0.4084,61.19
5816,67.2,standard_price,0.3837,58.27
5817,67.8,standard_price,0.3773,67.79
5818,39.8,aggressive_discount,0.3189,32.3
5819,45.0,standard_price,0.6283,28.68
5820,56.5,standard_price,0.5019,37.52
5821,23.4,standard_price,0.8171,14.95
5822,30.3,standard_price,0.7661,12.96
5823,52.3,aggressive_discount,0.451,35.8
5824,46.7,aggressive_discount,0.3897,41.74
5825,32.9,standard_price,0.7445,8.01
5826,49.5,standard_price,0.5799,39.03
5827,57.0,aggressive_discount,0.5037,54.3
5828,8.5,standard_price,0.8973,0.0
5829,60.4,aggressive_discount,0.5419,43.36
5830,41.1,standard_price,0.6683,27.3
5831,93.5,aggressive_discount,0.8399,79.02
5832,55.8,standard_price,0.5097,54.98
5833,48.6,standard_price,0.5898,40.84
5834,62.4,standard_price,0.4359,56.97
5835,62.8,aggressive_discount,0.5686,61.12
5836,47.3,standard_price,0.6038,30.02
5837,37.8,aggressive_discount,0.2996,33.08
5838,63.1,standard_price,0.4281,40.64
5839,50.6,standard_price,0.5678,49.48
5840,65.3,standard_price,0.4041,54.24
5841,49.0,standard_price,0.5854,47.71
5842,55.8,standard_price,0.5097,43.14
5843,47.8,standard_price,0.5984,36.51
5844,45.8,standard_price,0.6199,43.61
5845,25.9,aggressive_discount,0.2003,11.26
5846,31.4,standard_price,0.7571,12.16
5847,56.4,standard_price,0.503,48.3
5848,62.8,aggressive_discount,0.5686,54.22
5849,32.3,standard_price,0.7496,17.49
5850,53.3,aggressive_discount,0.4622,40.53
5851,77.6,standard_price,0.2805,65.17
5852,30.7,standard_price,0.7629,29.91
5853,42.1,standard_price,0.6582,25.45
5854,61.7,standard_price,0.4436,46.64
5855,63.8,standard_price,0.4204,64.05
5856,50.6,aggressive_discount,0.4322,43.37
5857,32.6,standard_price,0.7471,28.06
5858,40.7,aggressive_discount,0.3277,18.97
5859,49.7,aggressive_discount,0.4223,37.55
5860,86.4,standard_price,0.2078,76.6
5861,62.8,aggressive_discount,0.5686,44.58
5862,47.9,standard_price,0.5974,35.89
5863,67.0,standard_price,0.3858,46.51
5864,15.7,standard_price,0.8634,3.2
5865,79.9,aggressive_discount,0.7399,84.51
5866,70.6,aggressive_discount,0.6518,69.42
5867,42.5,aggressive_discount,0.3458,29.83
5868,37.8,aggressive_discount,0.2996,39.2
5869,27.1,standard_price,0.7909,9.18
5870,31.0,standard_price,0.7604,32.7
5871,51.7,aggressive_discount,0.4444,40.36
5872,0.1,aggressive_discount,0.0727,0.0
5873,93.5,aggressive_discount,0.8399,89.14
5874,65.1,aggressive_discount,0.5938,45.98
5875,100.0,aggressive_discount,0.8754,88.39
5876,49.0,standard_price,0.5854,43.9
5877,75.0,aggressive_discount,0.6953,65.41
5878,53.1,standard_price,0.54,45.34
5879,49.9,aggressive_discount,0.4245,29.39
5880,46.2,aggressive_discount,0.3844,41.78
5881,30.3,standard_price,0.7661,13.34
5882,67.7,aggressive_discount,0.6216,49.42
5883,62.3,standard_price,0.437,55.77
5884,65.9,aggressive_discount,0.6024,46.76
5885,53.0,aggressive_discount,0.4588,32.9
5886,52.8,standard_price,0.5434,41.52
5887,41.7,aggressive_discount,0.3377,37.86
5888,81.1,standard_price,0.2498,66.79
5889,40.6,standard_price,0.6733,41.49
5890,34.1,standard_price,0.7341,16.45
5891,65.5,standard_price,0.4019,59.15
5892,50.9,standard_price,0.5645,48.75
5893,42.7,standard_price,0.6521,34.27
5894,49.7,standard_price,0.5777,31.79
5895,43.1,standard_price,0.6481,21.21
5896,64.5,standard_price,0.4128,68.37
5897,27.5,standard_price,0.7879,18.55
5898,45.4,aggressive_discount,0.3759,37.79
5899,52.9,standard_price,0.5423,49.54
5900,69.9,standard_price,0.3554,69.83
5901,8.7,standard_price,0.8965,0.0
5902,51.3,standard_price,0.5601,50.54
5903,61.0,aggressive_discount,0.5486,54.2
5904,22.4,standard_price,0.8238,12.96
5905,48.5,standard_price,0.5909,44.45
5906,45.9,standard_price,0.6188,34.76
5907,18.3,standard_price,0.849,0.0
5908,41.8,standard_price,0.6613,35.09
5909,49.8,standard_price,0.5766,42.36
5910,46.9,standard_price,0.6081,30.2
5911,56.9,standard_price,0.4974,61.97
5912,44.2,aggressive_discount,0.3633,38.51
5913,14.1,standard_price,0.8716,0.0
5914,33.7,standard_price,0.7376,17.63
5915,52.1,aggressive_discount,0.4488,33.39
5916,43.6,aggressive_discount,0.3571,31.16
5917,48.7,standard_price,0.5887,43.44
5918,38.0,aggressive_discount,0.3015,27.83
5919,31.8,standard_price,0.7538,10.37
5920,53.1,aggressive_discount,0.46,39.43
5921,71.0,standard_price,0.3441,53.44
5922,32.1,standard_price,0.7513,24.89
5923,47.6,standard_price,0.6006,52.07
5924,53.6,standard_price,0.5344,43.77
5925,61.2,standard_price,0.4492,55.98
5926,31.5,standard_price,0.7563,30.24
5927,72.6,standard_price,0.3281,67.11
5928,40.8,standard_price,0.6713,22.9
5929,32.4,standard_price,0.7488,8.05
5930,39.2,aggressive_discount,0.313,28.95
5931,60.8,aggressive_discount,0.5464,41.0
5932,65.7,aggressive_discount,0.6002,45.65
5933,91.0,aggressive_discount,0.8242,74.33
5934,71.1,aggressive_discount,0.6569,50.73
5935,55.8,aggressive_discount,0.4903,43.69
5936,35.0,standard_price,0.7261,35.43
5937,34.1,standard_price,0.7341,38.21
5938,65.7,aggressive_discount,0.6002,61.96
5939,39.7,standard_price,0.6821,13.07
5940,45.8,aggressive_discount,0.3801,44.29
5941,36.1,standard_price,0.7162,38.64
5942,15.3,standard_price,0.8655,3.39
5943,45.8,aggressive_discount,0.3801,26.3
5944,44.6,standard_price,0.6325,29.5
5945,45.5,aggressive_discount,0.377,34.19
5946,37.0,standard_price,0.7079,30.02
5947,70.5,standard_price,0.3492,67.49
5948,59.8,standard_price,0.4648,52.9
5949,9.5,standard_price,0.8931,0.0
5950,25.7,aggressive_discount,0.1988,6.77
5951,0.0,aggressive_discount,0.0724,0.0
5952,71.8,aggressive_discount,0.664,56.2
5953,64.3,aggressive_discount,0.585,51.99
5954,44.9,aggressive_discount,0.3706,24.61
5955,52.7,standard_price,0.5445,50.39
5956,48.0,standard_price,0.5963,42.49
5957,19.3,standard_price,0.8431,18.9
5958,62.5,aggressive_discount,0.5653,44.04
5959,67.8,aggressive_discount,0.6227,45.12
5960,53.3,aggressive_discount,0.4622,26.13
5961,61.5,aggressive_discount,0.5542,40.49
5962,59.4,standard_price,0.4693,63.95
5963,81.5,standard_price,0.2465,79.68
5964,20.0,standard_price,0.8389,7.01
5965,12.3,standard_price,0.8804,1.11
5966,58.9,aggressive_discount,0.5251,36.68
5967,74.7,aggressive_discount,0.6924,52.08
5968,26.7,standard_price,0.7939,35.61
5969,62.6,aggressive_discount,0.5664,61.79
5970,66.2,aggressive_discount,0.6056,52.39
5971,14.4,standard_price,0.8701,15.61
5972,38.4,aggressive_discount,0.3053,26.13
5973,34.2,aggressive_discount,0.2668,27.33
5974,53.8,aggressive_discount,0.4678,29.48
5975,51.5,standard_price,0.5579,43.56
5976,79.0,aggressive_discount,0.732,61.79
5977,36.6,aggressive_discount,0.2884,23.88
5978,67.9,standard_price,0.3762,59.15
5979,66.5,standard_price,0.3911,66.46
5980,41.0,standard_price,0.6693,29.03
5981,76.6,standard_price,0.2897,65.3
5982,52.2,standard_price,0.5501,46.7
5983,34.2,aggressive_discount,0.2668,47.45
5984,64.6,standard_price,0.4117,44.28
5985,22.2,standard_price,0.8251,1.68
5986,55.3,aggressive_discount,0.4846,57.07
5987,24.0,standard_price,0.8131,6.66
5988,62.7,aggressive_discount,0.5675,59.83
5989,45.8,aggressive_discount,0.3801,35.42
5990,30.9,standard_price,0.7612,12.12
5991,35.2,standard_price,0.7243,31.46
5992,70.1,aggressive_discount,0.6467,54.65
5993,9.7,standard_price,0.8922,0.0
5994,83.1,standard_price,0.2333,81.69
5995,35.0,standard_price,0.7261,16.2
5996,42.1,aggressive_discount,0.3418,27.8
5997,72.4,aggressive_discount,0.67,53.79
5998,70.6,standard_price,0.3482,64.51
5999,37.0,standard_price,0.7079,17.08
6000,50.5,aggressive_discount,0.4311,47.41
6001,60.5,standard_price,0.457,57.16
6002,54.8,aggressive_discount,0.479,42.01
6003,27.4,standard_price,0.7887,20.3
6004,49.8,standard_price,0.5766,39.13
6005,19.5,standard_price,0.8419,0.0
6006,31.4,standard_price,0.7571,18.33
6007,58.3,aggressive_discount,0.5184,44.66
6008,23.9,aggressive_discount,0.1863,19.24
6009,36.5,standard_price,0.7125,35.37
6010,77.3,aggressive_discount,0.7168,51.84
6011,61.1,standard_price,0.4503,58.08
6012,39.9,aggressive_discount,0.3198,23.61
6013,47.8,standard_price,0.5984,36.65
6014,60.5,aggressive_discount,0.543,55.5
6015,75.9,aggressive_discount,0.7038,71.19
6016,31.1,aggressive_discount,0.2404,10.9
6017,44.9,standard_price,0.6294,38.69
6018,53.2,aggressive_discount,0.4611,43.98
6019,65.7,aggressive_discount,0.6002,51.82
6020,43.4,standard_price,0.645,34.9
6021,76.9,standard_price,0.2869,75.19
6022,49.9,standard_price,0.5755,33.43
6023,39.1,standard_price,0.6879,34.25
6024,80.1,aggressive_discount,0.7416,82.32
6025,100.0,aggressive_discount,0.8754,91.91
6026,12.3,aggressive_discount,0.1196,3.38
6027,78.1,standard_price,0.276,74.45
6028,51.3,standard_price,0.5601,50.4
6029,65.4,aggressive_discount,0.597,59.75
6030,67.2,aggressive_discount,0.6163,51.37
6031,51.6,aggressive_discount,0.4432,50.9
6032,100.0,aggressive_discount,0.8754,83.85
6033,50.0,standard_price,0.5744,48.81
6034,55.4,aggressive_discount,0.4858,35.49
6035,60.1,aggressive_discount,0.5385,50.55
6036,98.4,aggressive_discount,0.8674,94.27
6037,62.1,standard_price,0.4392,36.62
6038,54.8,standard_price,0.521,49.89
6039,18.4,aggressive_discount,0.1516,0.0
6040,50.9,standard_price,0.5645,45.04
6041,70.6,standard_price,0.3482,65.29
6042,65.5,aggressive_discount,0.5981,51.44
6043,65.2,standard_price,0.4052,59.92
6044,1.8,standard_price,0.9219,0.0
6045,59.6,standard_price,0.467,53.77
6046,26.9,standard_price,0.7924,33.44
6047,34.1,standard_price,0.7341,27.27
6048,46.6,standard_price,0.6114,19.38
6049,54.3,aggressive_discount,0.4734,43.27
6050,46.7,standard_price,0.6103,38.97
6051,58.4,aggressive_discount,0.5195,44.46
6052,58.4,standard_price,0.4805,49.01
6053,54.8,aggressive_discount,0.479,42.42
6054,24.6,standard_price,0.8089,23.92
6055,61.2,standard_price,0.4492,49.65
6056,82.3,aggressive_discount,0.7601,69.84
6057,49.9,aggressive_discount,0.4245,32.55
6058,31.0,aggressive_discount,0.2396,21.27
6059,47.7,standard_price,0.5995,49.17
6060,58.0,standard_price,0.485,37.71
6061,84.1,aggressive_discount,0.7746,61.31
6062,19.0,standard_price,0.8449,10.54
6063,36.3,aggressive_discount,0.2857,19.11
6064,38.0,standard_price,0.6985,36.8
6065,48.1,standard_price,0.5952,32.14
6066,31.5,standard_price,0.7563,16.65
6067,36.2,standard_price,0.7152,30.25
6068,63.6,aggressive_discount,0.5774,53.27
6069,30.7,standard_price,0.7629,18.77
6070,50.6,standard_price,0.5678,44.17
6071,64.4,standard_price,0.4139,61.86
6072,52.5,aggressive_discount,0.4533,40.01
6073,91.0,aggressive_discount,0.8242,83.3
6074,46.4,aggressive_discount,0.3865,22.66
6075,71.6,aggressive_discount,0.662,57.92
6076,52.4,aggressive_discount,0.4521,44.26
6077,66.4,aggressive_discount,0.6078,41.12
6078,54.6,aggressive_discount,0.4768,45.22
6079,61.3,aggressive_discount,0.5519,45.54
6080,23.1,standard_price,0.8191,0.0
6081,32.0,standard_price,0.7521,20.25
6082,52.9,aggressive_discount,0.4577,31.83
6083,66.7,standard_price,0.389,59.47
6084,55.4,aggressive_discount,0.4858,47.52
6085,78.8,aggressive_discount,0.7303,73.14
6086,43.8,standard_price,0.6408,17.25
6087,36.6,aggressive_discount,0.2884,32.0
6088,60.0,aggressive_discount,0.5374,59.59
6089,69.4,standard_price,0.3605,57.74
6090,42.5,standard_price,0.6542,39.28
6091,44.2,aggressive_discount,0.3633,42.61
6092,41.3,aggressive_discount,0.3337,27.86
6093,52.5,standard_price,0.5467,52.29
6094,43.9,standard_price,0.6398,40.16
6095,52.0,aggressive_discount,0.4477,41.6
6096,38.6,standard_price,0.6927,15.36
6097,63.9,standard_price,0.4193,67.92
6098,66.1,aggressive_discount,0.6046,57.95
6099,56.8,standard_price,0.4985,43.18
6100,35.0,aggressive_discount,0.2739,2.19
6101,25.4,aggressive_discount,0.1967,17.2
6102,46.6,standard_price,0.6114,35.53
6103,60.5,aggressive_discount,0.543,56.11
6104,46.8,standard_price,0.6092,29.62
6105,19.3,standard_price,0.8431,1.73
6106,42.6,standard_price,0.6532,29.93
6107,37.0,standard_price,0.7079,34.55
6108,75.0,standard_price,0.3047,63.43
6109,87.7,aggressive_discount,0.8016,92.9
6110,41.6,aggressive_discount,0.3367,32.63
6111,56.6,standard_price,0.5007,56.47
6112,66.2,aggressive_discount,0.6056,64.42
6113,5.1,standard_price,0.9106,0.0
6114,73.8,standard_price,0.3163,66.67
6115,43.2,aggressive_discount,0.353,27.39
6116,58.3,standard_price,0.4816,47.02
6117,15.1,standard_price,0.8665,6.06
6118,33.3,standard_price,0.7411,14.91
6119,52.6,standard_price,0.5456,37.24
6120,57.4,aggressive_discount,0.5082,58.72
6121,30.9,standard_price,0.7612,9.07
6122,33.6,standard_price,0.7385,23.88
6123,50.3,aggressive_discount,0.4289,27.68
6124,58.1,standard_price,0.4839,50.2
6125,68.3,aggressive_discount,0.628,59.65
6126,45.9,standard_price,0.6188,25.93
6127,55.9,aggressive_discount,0.4914,43.88
6128,43.0,standard_price,0.6491,27.73
6129,36.8,standard_price,0.7097,35.18
6130,51.7,standard_price,0.5556,56.22
6131,4.6,standard_price,0.9124,0.0
6132,50.7,standard_price,0.5667,52.05
6133,58.6,standard_price,0.4783,60.86
6134,67.4,standard_price,0.3815,56.89
6135,53.5,aggressive_discount,0.4644,34.02
6136,73.6,aggressive_discount,0.6818,60.92
6137,30.8,standard_price,0.7621,25.59
6138,64.4,aggressive_discount,0.5861,62.51
6139,71.6,standard_price,0.338,60.01
6140,52.1,standard_price,0.5512,43.94
6141,32.0,standard_price,0.7521,28.94
6142,26.1,standard_price,0.7983,0.0
6143,19.4,standard_price,0.8425,13.37
6144,20.0,standard_price,0.8389,8.99
6145,78.7,aggressive_discount,0.7294,66.79
6146,57.3,standard_price,0.4929,50.88
6147,56.8,standard_price,0.4985,50.4
6148,27.8,standard_price,0.7857,4.26
6149,55.4,aggressive_discount,0.4858,43.5
6150,61.8,standard_price,0.4425,51.73
6151,24.4,standard_price,0.8103,7.79
6152,66.1,aggressive_discount,0.6046,49.22
6153,80.8,aggressive_discount,0.7476,70.31
6154,36.5,standard_price,0.7125,27.43
6155,55.1,aggressive_discount,0.4824,52.35
6156,51.5,aggressive_discount,0.4421,38.64
6157,58.0,aggressive_discount,0.515,42.27
6158,47.2,aggressive_discount,0.3951,39.15
6159,68.2,standard_price,0.3731,61.98
6160,48.3,standard_price,0.593,33.38
6161,55.6,aggressive_discount,0.488,55.87
6162,37.6,standard_price,0.7022,26.32
6163,34.3,aggressive_discount,0.2677,32.82
6164,44.5,aggressive_discount,0.3664,33.15
6165,30.4,standard_price,0.7653,15.76
6166,50.5,aggressive_discount,0.4311,38.57
6167,20.0,standard_price,0.8389,2.23
6168,86.3,aggressive_discount,0.7914,88.43
6169,73.1,standard_price,0.3231,71.97
6170,68.2,standard_price,0.3731,46.47
6171,38.2,standard_price,0.6966,24.76
6172,6.0,standard_price,0.9072,0.0
6173,25.6,standard_price,0.8019,14.52
6174,38.7,aggressive_discount,0.3082,20.32
6175,9.4,standard_price,0.8935,0.0
6176,35.1,aggressive_discount,0.2748,15.78
6177,46.7,standard_price,0.6103,49.11
6178,51.1,standard_price,0.5623,47.76
6179,56.7,standard_price,0.4996,40.97
6180,41.3,standard_price,0.6663,35.11
6181,54.1,standard_price,0.5288,46.8
6182,55.4,aggressive_discount,0.4858,45.75
6183,86.5,standard_price,0.2071,74.12
6184,38.0,standard_price,0.6985,27.83
6185,57.3,aggressive_discount,0.5071,52.42
6186,72.7,aggressive_discount,0.6729,71.35
6187,36.0,standard_price,0.7171,29.43
6188,42.2,standard_price,0.6572,24.04
6189,100.0,aggressive_discount,0.8754,99.19
6190,46.2,standard_price,0.6156,26.95
6191,44.5,standard_price,0.6336,28.72
6192,19.6,standard_price,0.8413,1.52
6193,73.8,standard_price,0.3163,69.54
6194,24.8,aggressive_discount,0.1925,0.0
6195,34.2,standard_price,0.7332,28.63
6196,42.9,standard_price,0.6501,27.64
6197,52.6,aggressive_discount,0.4544,34.74
6198,29.7,aggressive_discount,0.2291,1.06
6199,43.6,aggressive_discount,0.3571,23.21
6200,29.6,standard_price,0.7717,7.21
6201,55.7,standard_price,0.5109,59.67
6202,24.6,standard_price,0.8089,11.1
6203,54.0,standard_price,0.53,38.34
6204,64.6,aggressive_discount,0.5883,55.91
6205,15.6,aggressive_discount,0.1361,0.0
6206,41.2,standard_price,0.6673,29.78
6207,76.4,aggressive_discount,0.7085,78.45
6208,74.6,standard_price,0.3085,69.09
6209,18.8,standard_price,0.8461,0.0
6210,52.5,standard_price,0.5467,53.51
6211,29.9,aggressive_discount,0.2307,18.89
6212,75.8,standard_price,0.2971,55.34
6213,71.3,aggressive_discount,0.6589,54.08
6214,28.8,aggressive_discount,0.222,6.96
6215,84.2,aggressive_discount,0.7754,66.38
6216,49.1,aggressive_discount,0.4157,43.57
6217,33.8,standard_price,0.7367,34.58
6218,59.9,standard_price,0.4637,58.15
6219,71.8,aggressive_discount,0.664,81.19
6220,49.6,aggressive_discount,0.4212,27.06
6221,100.0,aggressive_discount,0.8754,98.06
6222,2.4,standard_price,0.92,0.0
6223,60.2,aggressive_discount,0.5397,54.83
6224,67.8,aggressive_discount,0.6227,52.25
6225,12.7,standard_price,0.8785,0.0
6226,32.9,standard_price,0.7445,15.7
6227,42.6,standard_price,0.6532,32.34
6228,5.0,standard_price,0.9109,0.0
6229,0.0,standard_price,0.9276,0.0
6230,62.9,standard_price,0.4303,43.08
6231,38.9,standard_price,0.6899,20.08
6232,76.5,standard_price,0.2906,57.12
6233,32.0,aggressive_discount,0.2479,8.73
6234,85.3,standard_price,0.2161,86.43
6235,53.7,standard_price,0.5333,55.21
6236,100.0,aggressive_discount,0.8754,81.39
6237,48.1,aggressive_discount,0.4048,38.57
6238,35.5,standard_price,0.7216,10.71
6239,62.8,standard_price,0.4314,69.0
6240,68.1,standard_price,0.3741,64.4
6241,64.5,aggressive_discount,0.5872,54.86
6242,81.0,aggressive_discount,0.7493,88.85
6243,41.9,aggressive_discount,0.3397,26.88
6244,67.8,standard_price,0.3773,66.21
6245,90.3,aggressive_discount,0.8196,81.93
6246,32.4,standard_price,0.7488,27.93
6247,50.4,standard_price,0.57,37.02
6248,62.5,aggressive_discount,0.5653,57.82
6249,68.9,aggressive_discount,0.6343,52.78
6250,75.6,standard_price,0.299,52.78
6251,62.3,aggressive_discount,0.563,49.77
6252,70.8,aggressive_discount,0.6538,57.88
6253,31.3,standard_price,0.758,10.91
6254,34.4,aggressive_discount,0.2685,30.03
6255,51.9,aggressive_discount,0.4466,39.53
6256,28.5,standard_price,0.7803,12.75
6257,61.5,standard_price,0.4458,63.2
6258,38.9,aggressive_discount,0.3101,30.2
6259,47.8,aggressive_discount,0.4016,47.35
6260,57.5,standard_price,0.4906,55.11
6261,94.1,aggressive_discount,0.8435,74.81
6262,50.7,standard_price,0.5667,24.52
6263,61.6,aggressive_discount,0.5553,54.29
6264,57.7,standard_price,0.4884,32.38
6265,60.2,aggressive_discount,0.5397,40.71
6266,43.4,standard_price,0.645,23.34
6267,42.5,standard_price,0.6542,38.71
6268,32.5,aggressive_discount,0.2521,29.05
6269,30.1,aggressive_discount,0.2323,24.47
6270,52.8,aggressive_discount,0.4566,35.03
6271,53.4,aggressive_discount,0.4633,34.91
6272,32.7,standard_price,0.7462,18.83
6273,77.3,aggressive_discount,0.7168,67.09
6274,42.9,standard_price,0.6501,32.13
6275,38.8,standard_price,0.6908,36.95
6276,32.4,standard_price,0.7488,30.54
6277,59.8,standard_price,0.4648,51.0
6278,52.5,aggressive_discount,0.4533,32.04
6279,66.9,aggressive_discount,0.6131,46.3
6280,37.6,standard_price,0.7022,30.52
6281,28.3,aggressive_discount,0.2181,6.51
6282,59.3,standard_price,0.4704,49.3
6283,55.2,standard_price,0.5165,48.74
6284,61.9,standard_price,0.4414,50.95
6285,17.4,standard_price,0.8541,21.26
6286,90.4,aggressive_discount,0.8202,84.11
6287,81.8,aggressive_discount,0.756,78.84
6288,40.8,aggressive_discount,0.3287,17.23
6289,42.4,standard_price,0.6552,34.39
6290,49.7,standard_price,0.5777,55.11
6291,55.4,aggressive_discount,0.4858,37.1
6292,48.4,standard_price,0.5919,41.63
6293,53.1,standard_price,0.54,33.66
6294,46.4,aggressive_discount,0.3865,32.5
6295,66.4,standard_price,0.3922,47.31
6296,76.7,aggressive_discount,0.7113,55.29
6297,60.7,standard_price,0.4547,50.8
6298,43.3,standard_price,0.646,38.32
6299,54.0,standard_price,0.53,53.6
6300,85.7,aggressive_discount,0.7869,67.47
6301,45.5,standard_price,0.623,40.85
6302,69.8,standard_price,0.3564,65.79
6303,46.7,standard_price,0.6103,45.59
6304,28.3,standard_price,0.7819,17.62
6305,62.3,aggressive_discount,0.563,65.24
6306,69.8,aggressive_discount,0.6436,64.54
6307,87.2,aggressive_discount,0.798,69.96
6308,82.7,aggressive_discount,0.7634,72.7
6309,100.0,aggressive_discount,0.8754,96.5
6310,88.7,aggressive_discount,0.8087,72.75
6311,59.2,standard_price,0.4715,56.22
6312,50.2,aggressive_discount,0.4278,44.08
6313,44.5,standard_price,0.6336,29.64
6314,37.7,standard_price,0.7013,23.29
6315,82.1,aggressive_discount,0.7585,63.44
6316,32.1,standard_price,0.7513,21.61
6317,35.3,aggressive_discount,0.2766,32.49
6318,60.7,aggressive_discount,0.5453,51.14
6319,66.8,standard_price,0.3879,69.24
6320,9.6,standard_price,0.8926,0.0
6321,50.9,aggressive_discount,0.4355,50.04
6322,29.2,standard_price,0.7749,9.41
6323,58.5,standard_price,0.4794,38.45
6324,38.8,standard_price,0.6908,35.21
6325,67.2,standard_price,0.3837,66.66
6326,35.8,standard_price,0.7189,29.28
6327,72.1,aggressive_discount,0.667,64.91
6328,70.5,aggressive_discount,0.6508,58.35
6329,55.5,aggressive_discount,0.4869,55.41
6330,18.8,standard_price,0.8461,0.0
6331,17.7,standard_price,0.8524,7.68
6332,31.2,standard_price,0.7588,10.04
6333,39.1,standard_price,0.6879,36.31
6334,24.7,standard_price,0.8082,20.8
6335,90.9,aggressive_discount,0.8235,87.29
6336,48.3,aggressive_discount,0.407,37.98
6337,26.8,standard_price,0.7931,17.56
6338,45.9,standard_price,0.6188,42.85
6339,54.5,aggressive_discount,0.4756,48.08
6340,46.9,standard_price,0.6081,35.93
6341,22.5,standard_price,0.8231,18.75
6342,37.2,standard_price,0.706,32.54
6343,28.0,aggressive_discount,0.2159,17.05
6344,41.2,standard_price,0.6673,33.92
6345,29.7,standard_price,0.7709,15.47
6346,56.7,standard_price,0.4996,52.54
6347,29.3,standard_price,0.7741,12.72
6348,76.8,aggressive_discount,0.7122,66.04
6349,50.8,aggressive_discount,0.4344,42.44
6350,96.6,aggressive_discount,0.8578,92.76
6351,82.9,aggressive_discount,0.765,55.56
6352,60.4,aggressive_discount,0.5419,54.82
6353,76.5,aggressive_discount,0.7094,79.43
6354,83.9,aggressive_discount,0.773,72.27
6355,21.8,standard_price,0.8276,0.0
6356,45.4,standard_price,0.6241,36.58
6357,38.8,standard_price,0.6908,20.74
6358,44.4,standard_price,0.6346,35.52
6359,55.0,aggressive_discount,0.4813,29.9
6360,25.1,aggressive_discount,0.1946,17.64
6361,50.8,standard_price,0.5656,44.57
6362,59.5,standard_price,0.4682,53.28
6363,36.6,standard_price,0.7116,17.67
6364,18.8,standard_price,0.8461,4.46
6365,57.4,aggressive_discount,0.5082,36.4
6366,43.4,aggressive_discount,0.355,34.17
6367,36.5,standard_price,0.7125,21.54
6368,13.4,standard_price,0.8751,0.0
6369,37.7,standard_price,0.7013,27.91
6370,45.9,aggressive_discount,0.3812,30.18
6371,55.7,standard_price,0.5109,35.05
6372,61.4,standard_price,0.447,44.93
6373,30.5,standard_price,0.7645,35.57
6374,42.1,standard_price,0.6582,40.42
6375,35.1,standard_price,0.7252,34.41
6376,52.1,standard_price,0.5512,31.24
6377,37.5,standard_price,0.7032,23.45
6378,47.7,standard_price,0.5995,42.29
6379,31.3,standard_price,0.758,17.04
6380,59.4,standard_price,0.4693,38.1
6381,92.4,aggressive_discount,0.8331,80.1
6382,36.9,aggressive_discount,0.2912,12.91
6383,5.6,standard_price,0.9087,0.0
6384,39.8,standard_price,0.6811,26.79
6385,50.4,aggressive_discount,0.43,21.36
6386,31.7,standard_price,0.7546,21.39
6387,42.8,standard_price,0.6511,32.01
6388,61.3,standard_price,0.4481,57.15
6389,39.0,standard_price,0.6889,29.49
6390,36.5,standard_price,0.7125,25.23
6391,81.3,aggressive_discount,0.7518,74.75
6392,52.0,standard_price,0.5523,36.95
6393,14.2,standard_price,0.8711,8.53
6394,45.3,standard_price,0.6252,45.32
6395,37.6,standard_price,0.7022,29.28
6396,75.8,aggressive_discount,0.7029,51.38
6397,29.2,standard_price,0.7749,22.4
6398,62.5,standard_price,0.4347,45.49
6399,93.9,aggressive_discount,0.8423,76.95
6400,45.7,aggressive_discount,0.3791,39.95
6401,57.8,aggressive_discount,0.5127,40.24
6402,60.8,standard_price,0.4536,56.72
6403,68.6,standard_price,0.3689,69.93
6404,45.6,standard_price,0.622,22.73
6405,48.0,aggressive_discount,0.4037,27.73
6406,13.0,standard_price,0.8771,0.0
6407,60.0,aggressive_discount,0.5374,43.62
6408,57.3,standard_price,0.4929,56.39
6409,5.8,standard_price,0.908,0.0
6410,48.9,aggressive_discount,0.4135,27.59
6411,58.8,standard_price,0.476,50.87
6412,18.8,standard_price,0.8461,12.82
6413,56.4,aggressive_discount,0.497,42.39
6414,72.3,aggressive_discount,0.669,58.76
6415,84.3,standard_price,0.2238,63.69
6416,55.5,standard_price,0.5131,50.15
6417,58.6,aggressive_discount,0.5217,61.7
6418,60.2,aggressive_discount,0.5397,53.6
6419,85.2,aggressive_discount,0.7831,64.43
6420,100.0,aggressive_discount,0.8754,84.5
6421,34.6,aggressive_discount,0.2703,15.72
6422,16.0,standard_price,0.8618,8.78
6423,11.4,aggressive_discount,0.1154,0.0
6424,42.3,aggressive_discount,0.3438,37.25
6425,76.2,standard_price,0.2934,62.85
6426,37.0,standard_price,0.7079,26.24
6427,54.1,aggressive_discount,0.4712,31.44
6428,36.2,standard_price,0.7152,19.8
6429,43.1,standard_price,0.6481,27.19
6430,45.7,standard_price,0.6209,24.08
6431,55.0,standard_price,0.5187,54.66
6432,35.2,standard_price,0.7243,24.88
6433,67.7,standard_price,0.3784,54.02
6434,50.1,standard_price,0.5733,40.31
6435,79.1,standard_price,0.2671,73.11
6436,30.3,standard_price,0.7661,13.89
6437,25.0,standard_price,0.8061,15.17
6438,52.8,aggressive_discount,0.4566,50.38
6439,62.7,standard_price,0.4325,60.4
6440,66.2,aggressive_discount,0.6056,67.32
6441,73.0,standard_price,0.3241,56.82
6442,78.7,aggressive_discount,0.7294,83.14
6443,37.0,standard_price,0.7079,25.22
6444,26.3,standard_price,0.7968,18.62
6445,42.7,standard_price,0.6521,41.41
6446,47.0,standard_price,0.6071,35.56
6447,67.2,aggressive_discount,0.6163,65.56
6448,25.1,standard_price,0.8054,9.11
6449,32.1,aggressive_discount,0.2487,14.37
6450,42.4,standard_price,0.6552,25.5
6451,35.8,aggressive_discount,0.2811,21.39
6452,35.6,standard_price,0.7207,23.75
6453,21.7,standard_price,0.8283,21.82
6454,70.9,aggressive_discount,0.6549,66.91
6455,60.9,aggressive_discount,0.5475,57.36
6456,69.8,standard_price,0.3564,62.2
6457,45.8,aggressive_discount,0.3801,26.13
6458,68.6,standard_price,0.3689,67.17
6459,22.7,standard_price,0.8218,8.7
6460,64.1,aggressive_discount,0.5829,54.14
6461,43.3,standard_price,0.646,31.31
6462,48.8,aggressive_discount,0.4124,39.44
6463,58.0,aggressive_discount,0.515,41.68
6464,86.6,aggressive_discount,0.7936,86.7
6465,7.1,standard_price,0.903,0.0
6466,53.1,aggressive_discount,0.46,38.86
6467,84.6,aggressive_discount,0.7785,70.73
6468,60.8,standard_price,0.4536,63.59
6469,74.1,standard_price,0.3134,60.96
6470,34.6,standard_price,0.7297,15.42
6471,44.6,aggressive_discount,0.3675,30.95
6472,82.6,aggressive_discount,0.7626,64.26
6473,37.3,standard_price,0.7051,31.05
6474,82.9,standard_price,0.235,70.55
6475,50.1,aggressive_discount,0.4267,38.79
6476,72.0,aggressive_discount,0.666,70.38
6477,54.6,aggressive_discount,0.4768,40.66
6478,44.2,standard_price,0.6367,30.06
6479,51.7,standard_price,0.5556,53.23
6480,56.0,aggressive_discount,0.4925,54.34
6481,68.0,aggressive_discount,0.6248,58.95
6482,49.6,standard_price,0.5788,46.46
6483,49.9,standard_price,0.5755,45.09
6484,78.4,standard_price,0.2733,72.97
6485,34.6,aggressive_discount,0.2703,27.98
6486,55.8,standard_price,0.5097,55.6
6487,77.2,aggressive_discount,0.7159,76.0
6488,49.7,standard_price,0.5777,27.05
6489,37.9,aggressive_discount,0.3006,34.28
6490,73.5,standard_price,0.3192,62.48
6491,67.5,aggressive_discount,0.6195,53.94
6492,62.4,aggressive_discount,0.5641,46.13
6493,50.4,aggressive_discount,0.43,29.82
6494,37.3,standard_price,0.7051,27.96
6495,61.4,aggressive_discount,0.553,51.57
6496,34.5,standard_price,0.7306,12.3
6497,41.4,standard_price,0.6653,21.09
6498,50.1,standard_price,0.5733,44.22
6499,46.6,standard_price,0.6114,48.69
6500,40.4,aggressive_discount,0.3248,29.12
6501,27.0,standard_price,0.7917,14.03
6502,47.5,aggressive_discount,0.3983,44.46
6503,53.1,aggressive_discount,0.46,39.24
6504,24.2,standard_price,0.8117,26.71
6505,51.4,aggressive_discount,0.441,55.32
6506,45.3,standard_price,0.6252,24.78
6507,49.3,standard_price,0.5821,41.44
6508,32.0,standard_price,0.7521,19.15
6509,36.5,standard_price,0.7125,19.97
6510,77.0,aggressive_discount,0.714,68.15
6511,31.6,standard_price,0.7555,28.55
6512,40.3,aggressive_discount,0.3238,25.58
6513,72.5,aggressive_discount,0.671,44.79
6514,31.3,standard_price,0.758,9.4
6515,37.0,standard_price,0.7079,33.14
6516,63.0,aggressive_discount,0.5708,46.97
6517,65.5,standard_price,0.4019,55.65
6518,39.6,standard_price,0.6831,25.46
6519,52.3,aggressive_discount,0.451,36.95
6520,68.4,aggressive_discount,0.629,43.54
6521,50.9,aggressive_discount,0.4355,27.25
6522,13.5,standard_price,0.8746,0.0
6523,56.8,aggressive_discount,0.5015,46.29
6524,68.9,aggressive_discount,0.6343,73.14
6525,57.7,standard_price,0.4884,52.45
6526,42.8,aggressive_discount,0.3489,30.28
6527,50.5,standard_price,0.5689,47.95
6528,43.0,aggressive_discount,0.3509,31.79
6529,43.2,standard_price,0.647,34.91
6530,52.1,standard_price,0.5512,45.6
6531,55.3,aggressive_discount,0.4846,42.74
6532,30.1,standard_price,0.7677,16.55
6533,52.0,standard_price,0.5523,38.42
6534,49.9,standard_price,0.5755,29.29
6535,30.0,standard_price,0.7685,0.0
6536,79.9,aggressive_discount,0.7399,71.18
6537,51.7,standard_price,0.5556,29.83
6538,67.3,aggressive_discount,0.6174,75.88
6539,50.0,aggressive_discount,0.4256,28.3
6540,78.8,aggressive_discount,0.7303,71.1
6541,63.0,aggressive_discount,0.5708,46.58
6542,73.7,aggressive_discount,0.6828,57.22
6543,49.5,standard_price,0.5799,39.29
6544,68.3,aggressive_discount,0.628,61.38
6545,30.6,standard_price,0.7637,0.0
6546,56.6,aggressive_discount,0.4993,46.37
6547,28.3,standard_price,0.7819,24.25
6548,62.0,aggressive_discount,0.5597,66.94
6549,68.9,standard_price,0.3657,57.46
6550,90.6,standard_price,0.1784,92.27
6551,55.1,standard_price,0.5176,56.32
6552,70.9,standard_price,0.3451,59.1
6553,21.0,standard_price,0.8327,5.61
6554,50.6,standard_price,0.5678,36.51
6555,53.8,aggressive_discount,0.4678,49.52
6556,30.7,aggressive_discount,0.2371,18.01
6557,35.5,standard_price,0.7216,27.92
6558,63.0,aggressive_discount,0.5708,53.46
6559,60.3,aggressive_discount,0.5408,44.4
6560,71.4,standard_price,0.3401,63.52
6561,61.4,standard_price,0.447,58.04
6562,64.7,aggressive_discount,0.5894,47.88
6563,65.2,standard_price,0.4052,56.9
6564,80.9,aggressive_discount,0.7485,71.78
6565,77.2,aggressive_discount,0.7159,71.03
6566,61.2,aggressive_discount,0.5508,53.35
6567,31.9,standard_price,0.753,28.2
6568,39.7,standard_price,0.6821,36.75
6569,71.0,aggressive_discount,0.6559,58.65
6570,36.8,aggressive_discount,0.2903,14.17
6571,50.2,aggressive_discount,0.4278,40.71
6572,48.6,standard_price,0.5898,46.38
6573,35.6,standard_price,0.7207,20.02
6574,70.1,aggressive_discount,0.6467,67.88
6575,51.1,standard_price,0.5623,42.47
6576,55.2,standard_price,0.5165,47.01
6577,40.3,standard_price,0.6762,27.19
6578,55.0,standard_price,0.5187,36.11
6579,38.3,aggressive_discount,0.3044,26.85
6580,24.3,standard_price,0.811,9.63
6581,41.6,aggressive_discount,0.3367,20.02
6582,61.9,standard_price,0.4414,44.06
6583,78.1,aggressive_discount,0.724,57.06
6584,19.8,aggressive_discount,0.1599,0.0
6585,16.9,standard_price,0.8569,8.89
6586,35.6,standard_price,0.7207,18.27
6587,49.9,aggressive_discount,0.4245,38.98
6588,52.7,aggressive_discount,0.4555,35.78
6589,28.2,aggressive_discount,0.2174,17.34
6590,52.8,standard_price,0.5434,33.33
6591,6.1,standard_price,0.9068,5.38
6592,55.5,aggressive_discount,0.4869,39.67
6593,73.5,aggressive_discount,0.6808,47.26
6594,15.4,standard_price,0.8649,0.0
6595,39.0,standard_price,0.6889,23.92
6596,37.8,standard_price,0.7004,18.79
6597,76.7,standard_price,0.2887,63.4
6598,53.2,aggressive_discount,0.4611,52.01
6599,32.1,standard_price,0.7513,22.27
6600,54.0,aggressive_discount,0.47,47.51
6601,71.0,aggressive_discount,0.6559,54.5
6602,55.3,aggressive_discount,0.4846,43.02
6603,31.0,standard_price,0.7604,22.8
6604,62.4,standard_price,0.4359,48.17
6605,63.5,standard_price,0.4237,59.37
6606,46.7,standard_price,0.6103,32.85
6607,43.3,standard_price,0.646,35.3
6608,71.2,aggressive_discount,0.6579,58.34
6609,35.9,aggressive_discount,0.282,18.57
6610,58.4,aggressive_discount,0.5195,49.27
6611,49.8,aggressive_discount,0.4234,25.38
6612,47.9,standard_price,0.5974,27.02
6613,79.5,standard_price,0.2636,81.63
6614,59.3,standard_price,0.4704,54.14
6615,62.7,standard_price,0.4325,45.05
6616,59.1,standard_price,0.4727,49.51
6617,38.8,standard_price,0.6908,20.44
6618,52.1,standard_price,0.5512,45.21
6619,74.3,aggressive_discount,0.6886,66.53
6620,47.9,standard_price,0.5974,40.0
6621,46.9,standard_price,0.6081,39.31
6622,33.8,standard_price,0.7367,19.93
6623,9.1,standard_price,0.8948,0.0
6624,24.6,standard_price,0.8089,8.62
6625,44.8,standard_price,0.6304,38.3
6626,67.2,aggressive_discount,0.6163,48.21
6627,69.2,standard_price,0.3626,64.26
6628,60.9,aggressive_discount,0.5475,64.73
6629,40.2,standard_price,0.6772,22.52
6630,12.9,standard_price,0.8776,3.98
6631,48.9,standard_price,0.5865,49.11
6632,39.6,standard_price,0.6831,26.92
6633,19.8,standard_price,0.8401,0.0
6634,45.4,standard_price,0.6241,26.75
6635,78.5,aggressive_discount,0.7276,81.73
6636,50.0,standard_price,0.5744,35.64
6637,46.2,aggressive_discount,0.3844,35.97
6638,72.7,aggressive_discount,0.6729,67.93
6639,60.7,standard_price,0.4547,41.45
6640,22.9,standard_price,0.8205,13.68
6641,28.7,aggressive_discount,0.2212,14.16
6642,70.1,aggressive_discount,0.6467,50.58
6643,19.7,standard_price,0.8407,16.44
6644,58.8,aggressive_discount,0.524,47.11
6645,45.9,standard_price,0.6188,33.02
6646,49.9,aggressive_discount,0.4245,46.16
6647,71.9,standard_price,0.335,77.11
6648,44.1,standard_price,0.6377,40.29
6649,62.2,aggressive_discount,0.5619,36.77
6650,27.2,standard_price,0.7902,8.3
6651,35.5,standard_price,0.7216,31.85
6652,76.0,standard_price,0.2953,72.21
6653,40.1,standard_price,0.6782,23.95
6654,90.2,aggressive_discount,0.8189,88.23
6655,37.1,standard_price,0.7069,28.12
6656,4.2,standard_price,0.9138,0.0
6657,22.3,standard_price,0.8244,0.0
6658,38.4,standard_price,0.6947,19.7
6659,48.9,standard_price,0.5865,30.59
6660,7.6,standard_price,0.901,0.0
6661,58.5,aggressive_discount,0.5206,65.88
6662,48.0,aggressive_discount,0.4037,40.69
6663,38.7,standard_price,0.6918,16.26
6664,86.7,aggressive_discount,0.7944,86.4
6665,52.6,standard_price,0.5456,45.85
6666,49.1,aggressive_discount,0.4157,36.36
6667,7.4,standard_price,0.9018,0.0
6668,88.7,aggressive_discount,0.8087,83.36
6669,40.9,standard_price,0.6703,26.32
6670,58.4,standard_price,0.4805,37.62
6671,47.0,standard_price,0.6071,37.42
6672,45.7,standard_price,0.6209,33.71
6673,59.8,standard_price,0.4648,44.56
6674,22.6,standard_price,0.8224,1.48
6675,79.2,aggressive_discount,0.7338,65.46
6676,63.8,aggressive_discount,0.5796,64.57
6677,54.1,standard_price,0.5288,41.68
6678,81.7,aggressive_discount,0.7552,62.35
6679,27.1,standard_price,0.7909,6.85
6680,48.3,standard_price,0.593,37.41
6681,70.6,standard_price,0.3482,58.31
6682,63.3,aggressive_discount,0.5741,43.15
6683,64.6,aggressive_discount,0.5883,50.72
6684,23.4,standard_price,0.8171,9.61
6685,12.8,aggressive_discount,0.122,0.0
6686,57.8,standard_price,0.4873,53.68
6687,50.2,aggressive_discount,0.4278,42.09
6688,36.2,standard_price,0.7152,26.85
6689,66.5,aggressive_discount,0.6089,63.03
6690,39.4,standard_price,0.685,22.19
6691,51.5,standard_price,0.5579,53.64
6692,60.2,standard_price,0.4603,56.07
6693,80.0,aggressive_discount,0.7408,68.99
6694,67.2,aggressive_discount,0.6163,54.38
6695,62.4,standard_price,0.4359,63.88
6696,43.2,standard_price,0.647,47.03
6697,71.3,standard_price,0.3411,59.37
6698,1.8,standard_price,0.9219,0.0
6699,27.7,aggressive_discount,0.2136,9.99
6700,49.1,aggressive_discount,0.4157,39.65
6701,55.4,aggressive_discount,0.4858,40.55
6702,38.6,standard_price,0.6927,15.17
6703,76.9,aggressive_discount,0.7131,63.12
6704,56.7,aggressive_discount,0.5004,32.45
6705,60.8,standard_price,0.4536,40.05
6706,48.9,standard_price,0.5865,41.71
6707,88.3,aggressive_discount,0.8059,70.04
6708,68.0,aggressive_discount,0.6248,70.5
6709,55.7,standard_price,0.5109,51.96
6710,100.0,standard_price,0.1246,102.74
6711,41.6,standard_price,0.6633,18.65
6712,58.1,standard_price,0.4839,41.5
6713,34.0,aggressive_discount,0.265,23.8
6714,20.0,standard_price,0.8389,8.29
6715,44.4,standard_price,0.6346,19.26
6716,65.9,aggressive_discount,0.6024,39.21
6717,16.1,standard_price,0.8612,0.0
6718,59.7,aggressive_discount,0.5341,48.23
6719,28.9,standard_price,0.7772,15.51
6720,57.7,aggressive_discount,0.5116,56.92
6721,24.4,aggressive_discount,0.1897,12.25
6722,59.8,standard_price,0.4648,56.97
6723,9.9,standard_price,0.8913,0.0
6724,64.9,standard_price,0.4084,63.0
6725,48.5,standard_price,0.5909,29.21
6726,27.6,standard_price,0.7872,12.6
6727,38.0,aggressive_discount,0.3015,23.77
6728,61.9,aggressive_discount,0.5586,48.48
6729,50.4,aggressive_discount,0.43,33.32
6730,20.0,standard_price,0.8389,11.47
6731,51.6,aggressive_discount,0.4432,41.87
6732,36.0,aggressive_discount,0.2829,10.4
6733,26.3,standard_price,0.7968,7.9
6734,60.9,standard_price,0.4525,52.63
6735,56.6,aggressive_discount,0.4993,39.58
6736,3.5,standard_price,0.9163,0.0
6737,84.7,aggressive_discount,0.7793,83.0
6738,61.6,standard_price,0.4447,57.32
6739,52.6,standard_price,0.5456,51.54
6740,28.0,standard_price,0.7841,7.11
6741,48.1,aggressive_discount,0.4048,42.18
6742,43.9,standard_price,0.6398,33.53
6743,69.1,aggressive_discount,0.6363,69.35
6744,75.4,standard_price,0.3009,60.14
6745,79.2,aggressive_discount,0.7338,80.09
6746,81.2,aggressive_discount,0.751,72.36
6747,57.3,standard_price,0.4929,36.36
6748,50.3,standard_price,0.5711,25.97
6749,34.4,standard_price,0.7315,22.16
6750,33.5,standard_price,0.7393,23.28
6751,10.8,aggressive_discount,0.1126,0.0
6752,40.6,aggressive_discount,0.3267,26.85
6753,38.6,standard_price,0.6927,25.45
6754,32.5,standard_price,0.7479,30.97
6755,26.7,standard_price,0.7939,16.08
6756,52.8,standard_price,0.5434,33.56
6757,61.4,aggressive_discount,0.553,56.04
6758,60.4,aggressive_discount,0.5419,53.23
6759,77.2,aggressive_discount,0.7159,68.5
6760,14.6,aggressive_discount,0.1309,6.05
6761,73.9,aggressive_discount,0.6847,71.99
6762,72.0,standard_price,0.334,69.22
6763,52.5,standard_price,0.5467,33.25
6764,40.9,standard_price,0.6703,28.9
6765,9.1,aggressive_discount,0.1052,0.0
6766,52.9,standard_price,0.5423,46.55
6767,57.8,aggressive_discount,0.5127,37.12
6768,36.1,aggressive_discount,0.2838,32.38
6769,50.9,aggressive_discount,0.4355,42.31
6770,48.9,standard_price,0.5865,27.92
6771,35.1,standard_price,0.7252,24.89
6772,91.5,aggressive_discount,0.8274,76.94
6773,0.0,standard_price,0.9276,0.0
6774,22.1,standard_price,0.8257,9.74
6775,68.7,aggressive_discount,0.6322,50.67
6776,60.2,aggressive_discount,0.5397,50.94
6777,33.0,standard_price,0.7436,7.44
6778,97.3,aggressive_discount,0.8616,82.45
6779,27.8,standard_price,0.7857,12.18
6780,54.6,standard_price,0.5232,45.96
6781,31.7,aggressive_discount,0.2454,24.94
6782,44.5,standard_price,0.6336,49.29
6783,55.2,aggressive_discount,0.4835,60.72
6784,35.4,standard_price,0.7225,11.49
6785,46.3,standard_price,0.6146,40.09
6786,55.3,aggressive_discount,0.4846,41.09
6787,63.9,aggressive_discount,0.5807,55.1
6788,37.0,standard_price,0.7079,13.18
6789,49.0,standard_price,0.5854,37.69
6790,84.5,aggressive_discount,0.7777,81.17
6791,96.0,aggressive_discount,0.8545,75.72
6792,2.4,standard_price,0.92,0.0
6793,36.4,standard_price,0.7134,29.84
6794,55.1,standard_price,0.5176,56.32
6795,55.0,aggressive_discount,0.4813,35.85
6796,11.5,standard_price,0.8842,3.67
6797,33.5,standard_price,0.7393,16.14
6798,64.3,aggressive_discount,0.585,53.05
6799,100.0,standard_price,0.1246,83.49
6800,71.5,aggressive_discount,0.6609,47.33
6801,69.8,standard_price,0.3564,58.64
6802,38.4,standard_price,0.6947,28.61
6803,31.4,standard_price,0.7571,23.45
6804,53.3,standard_price,0.5378,49.53
6805,80.4,aggressive_discount,0.7442,67.78
6806,28.5,standard_price,0.7803,16.38
6807,42.6,aggressive_discount,0.3468,19.69
6808,40.3,standard_price,0.6762,37.02
6809,45.5,standard_price,0.623,43.81
6810,59.2,aggressive_discount,0.5285,41.06
6811,50.8,standard_price,0.5656,59.86
6812,30.0,standard_price,0.7685,22.46
6813,34.5,standard_price,0.7306,9.52
6814,46.7,standard_price,0.6103,23.1
6815,39.2,standard_price,0.687,29.17
6816,60.0,aggressive_discount,0.5374,67.9
6817,70.3,aggressive_discount,0.6487,66.52
6818,98.2,aggressive_discount,0.8663,93.69
6819,60.0,standard_price,0.4626,61.06
6820,18.2,aggressive_discount,0.1505,0.0
6821,71.9,standard_price,0.335,58.54
6822,26.3,standard_price,0.7968,0.0
6823,37.3,aggressive_discount,0.2949,28.74
6824,66.2,standard_price,0.3944,49.34
6825,45.6,aggressive_discount,0.378,33.98
6826,41.8,standard_price,0.6613,29.73
6827,5.7,standard_price,0.9083,10.09
6828,40.2,aggressive_discount,0.3228,30.57
6829,41.0,standard_price,0.6693,36.98
6830,35.4,aggressive_discount,0.2775,15.66
6831,42.2,standard_price,0.6572,22.24
6832,26.3,standard_price,0.7968,3.98
6833,21.7,standard_price,0.8283,10.48
6834,34.8,aggressive_discount,0.2721,11.58
6835,59.3,aggressive_discount,0.5296,34.83
6836,8.0,aggressive_discount,0.1007,0.0
6837,62.3,aggressive_discount,0.563,56.68
6838,61.6,aggressive_discount,0.5553,49.03
6839,73.6,standard_price,0.3182,83.4
6840,38.3,standard_price,0.6956,29.32
6841,49.0,aggressive_discount,0.4146,59.78
6842,74.1,aggressive_discount,0.6866,61.87
6843,33.0,standard_price,0.7436,18.84
6844,16.1,standard_price,0.8612,10.58
6845,49.7,standard_price,0.5777,39.55
6846,40.0,aggressive_discount,0.3208,26.16
6847,52.7,standard_price,0.5445,55.61
6848,30.5,standard_price,0.7645,13.76
6849,39.7,aggressive_discount,0.3179,49.52
6850,57.3,aggressive_discount,0.5071,52.43
6851,51.7,aggressive_discount,0.4444,38.69
6852,47.1,standard_price,0.606,30.19
6853,5.4,aggressive_discount,0.0905,0.0
6854,29.7,standard_price,0.7709,17.09
6855,26.0,standard_price,0.799,8.0
6856,100.0,aggressive_discount,0.8754,90.94
6857,44.5,aggressive_discount,0.3664,11.21
6858,35.5,standard_price,0.7216,32.38
6859,58.8,aggressive_discount,0.524,61.64
6860,16.3,standard_price,0.8601,0.0
6861,55.7,aggressive_discount,0.4891,37.3
6862,76.9,standard_price,0.2869,63.55
6863,69.4,aggressive_discount,0.6395,72.54
6864,35.9,aggressive_discount,0.282,19.86
6865,86.3,aggressive_discount,0.7914,89.61
6866,84.3,aggressive_discount,0.7762,72.6
6867,10.6,standard_price,0.8883,0.0
6868,50.0,aggressive_discount,0.4256,41.62
6869,38.4,standard_price,0.6947,21.14
6870,32.8,aggressive_discount,0.2546,20.99
6871,37.2,standard_price,0.706,19.03
6872,31.8,standard_price,0.7538,7.33
6873,74.7,aggressive_discount,0.6924,70.94
6874,51.5,aggressive_discount,0.4421,26.45
6875,52.7,aggressive_discount,0.4555,46.41
6876,78.3,standard_price,0.2742,80.21
6877,43.1,standard_price,0.6481,39.76
6878,54.6,aggressive_discount,0.4768,41.34
6879,30.5,standard_price,0.7645,22.9
6880,55.0,aggressive_discount,0.4813,43.34
6881,93.9,aggressive_discount,0.8423,95.95
6882,61.4,aggressive_discount,0.553,36.11
6883,39.2,aggressive_discount,0.313,16.67
6884,40.7,standard_price,0.6723,37.39
6885,45.3,aggressive_discount,0.3748,24.69
6886,64.2,standard_price,0.4161,49.65
6887,35.6,standard_price,0.7207,18.5
6888,53.6,standard_price,0.5344,49.38
6889,50.2,standard_price,0.5722,34.41
6890,69.6,aggressive_discount,0.6415,48.21
6891,40.9,standard_price,0.6703,36.82
6892,82.8,standard_price,0.2358,68.73
6893,60.2,standard_price,0.4603,29.39
6894,29.3,standard_price,0.7741,16.83
6895,27.6,standard_price,0.7872,13.84
6896,35.2,standard_price,0.7243,30.4
6897,37.1,aggressive_discount,0.2931,21.23
6898,31.9,standard_price,0.753,9.26
6899,68.4,aggressive_discount,0.629,55.2
6900,66.2,standard_price,0.3944,52.65
6901,47.1,aggressive_discount,0.394,30.76
6902,57.6,standard_price,0.4895,68.12
6903,50.0,aggressive_discount,0.4256,29.55
6904,68.6,aggressive_discount,0.6311,47.6
6905,49.6,aggressive_discount,0.4212,29.49
6906,31.3,standard_price,0.758,21.77
6907,72.1,aggressive_discount,0.667,67.39
6908,54.9,aggressive_discount,0.4801,40.32
6909,70.5,aggressive_discount,0.6508,56.02
6910,21.0,standard_price,0.8327,0.0
6911,62.9,aggressive_discount,0.5697,55.48
6912,78.5,aggressive_discount,0.7276,67.34
6913,30.2,standard_price,0.7669,8.58
6914,53.1,aggressive_discount,0.46,36.39
6915,39.1,standard_price,0.6879,32.79
6916,79.4,aggressive_discount,0.7356,69.55
6917,26.1,standard_price,0.7983,22.45
6918,30.1,standard_price,0.7677,12.97
6919,55.3,aggressive_discount,0.4846,61.96
6920,30.4,aggressive_discount,0.2347,15.25
6921,35.9,standard_price,0.718,22.91
6922,73.8,aggressive_discount,0.6837,65.09
6923,18.0,standard_price,0.8507,4.13
6924,41.8,standard_price,0.6613,21.56
6925,87.7,aggressive_discount,0.8016,82.61
6926,71.3,standard_price,0.3411,72.98
6927,22.6,aggressive_discount,0.1776,1.78
6928,57.4,aggressive_discount,0.5082,49.92
6929,59.0,standard_price,0.4738,49.07
6930,69.3,standard_price,0.3616,62.26
6931,54.8,aggressive_discount,0.479,62.2
6932,46.1,aggressive_discount,0.3833,43.97
6933,43.9,standard_price,0.6398,25.43
6934,67.9,aggressive_discount,0.6238,59.29
6935,23.4,standard_price,0.8171,3.14
6936,58.4,aggressive_discount,0.5195,54.68
6937,5.8,standard_price,0.908,0.0
6938,33.7,aggressive_discount,0.2624,9.26
6939,52.5,aggressive_discount,0.4533,45.62
6940,78.5,aggressive_discount,0.7276,63.21
6941,18.0,standard_price,0.8507,10.36
6942,50.5,standard_price,0.5689,53.53
6943,52.7,standard_price,0.5445,37.4
6944,53.0,standard_price,0.5412,38.83
6945,43.6,standard_price,0.6429,35.18
6946,71.6,aggressive_discount,0.662,77.56
6947,38.0,aggressive_discount,0.3015,24.65
6948,63.6,aggressive_discount,0.5774,42.94
6949,42.5,standard_price,0.6542,26.55
6950,42.0,standard_price,0.6593,22.99
6951,67.4,standard_price,0.3815,44.26
6952,56.9,standard_price,0.4974,50.65
6953,47.1,aggressive_discount,0.394,21.72
6954,70.7,aggressive_discount,0.6528,67.78
6955,52.4,aggressive_discount,0.4521,46.62
6956,30.0,standard_price,0.7685,21.13
6957,29.8,standard_price,0.7701,13.88
6958,45.5,standard_price,0.623,22.65
6959,60.5,standard_price,0.457,55.26
6960,19.1,standard_price,0.8443,13.24
6961,47.5,aggressive_discount,0.3983,43.41
6962,50.6,aggressive_discount,0.4322,33.55
6963,47.9,standard_price,0.5974,34.33
6964,73.9,aggressive_discount,0.6847,58.41
6965,27.5,standard_price,0.7879,12.43
6966,81.4,standard_price,0.2473,68.48
6967,62.4,aggressive_discount,0.5641,42.03
6968,55.0,aggressive_discount,0.4813,44.99
6969,73.5,aggressive_discount,0.6808,59.34
6970,36.3,standard_price,0.7143,23.09
6971,39.0,aggressive_discount,0.3111,20.73
6972,43.2,standard_price,0.647,40.85
6973,18.7,standard_price,0.8466,24.19
6974,43.5,standard_price,0.6439,28.47
6975,39.9,aggressive_discount,0.3198,36.11
6976,35.7,standard_price,0.7198,12.65
6977,14.6,aggressive_discount,0.1309,0.0
6978,38.6,standard_price,0.6927,32.0
6979,38.8,standard_price,0.6908,24.66
6980,40.8,standard_price,0.6713,24.69
6981,47.5,aggressive_discount,0.3983,39.17
6982,35.5,standard_price,0.7216,12.45
6983,42.4,standard_price,0.6552,30.51
6984,49.6,aggressive_discount,0.4212,27.91
6985,57.4,standard_price,0.4918,59.5
6986,79.8,aggressive_discount,0.739,69.19
6987,64.4,standard_price,0.4139,64.99
6988,70.8,aggressive_discount,0.6538,53.88
6989,76.7,standard_price,0.2887,71.28
6990,41.4,aggressive_discount,0.3347,28.63
6991,27.7,standard_price,0.7864,14.11
6992,28.0,standard_price,0.7841,18.11
6993,61.4,standard_price,0.447,51.23
6994,60.8,standard_price,0.4536,45.45
6995,77.3,aggressive_discount,0.7168,76.95
6996,50.6,standard_price,0.5678,37.22
6997,18.7,standard_price,0.8466,0.0
6998,57.9,standard_price,0.4861,57.8
6999,51.2,standard_price,0.5612,33.31
7000,56.4,aggressive_discount,0.497,42.09
7001,55.0,standard_price,0.5187,32.49
7002,45.8,aggressive_discount,0.3801,29.04
7003,63.6,aggressive_discount,0.5774,53.33
7004,49.6,standard_price,0.5788,40.73
7005,60.4,standard_price,0.4581,36.21
7006,36.3,aggressive_discount,0.2857,15.71
7007,18.9,standard_price,0.8455,5.3
7008,67.9,aggressive_discount,0.6238,59.68
7009,20.0,standard_price,0.8389,19.14
7010,66.5,standard_price,0.3911,59.41
7011,33.1,standard_price,0.7428,12.93
7012,49.0,aggressive_discount,0.4146,35.7
7013,20.7,standard_price,0.8346,8.27
7014,18.7,standard_price,0.8466,14.09
7015,45.8,standard_price,0.6199,38.96
7016,51.1,standard_price,0.5623,52.27
7017,14.0,standard_price,0.8721,12.79
7018,41.3,standard_price,0.6663,30.37
7019,27.5,standard_price,0.7879,12.28
7020,0.0,standard_price,0.9276,0.0
7021,32.7,standard_price,0.7462,24.64
7022,43.8,standard_price,0.6408,27.62
7023,55.4,standard_price,0.5142,41.99
7024,30.0,standard_price,0.7685,13.64
7025,33.3,standard_price,0.7411,17.81
7026,67.8,standard_price,0.3773,64.61
7027,85.5,aggressive_discount,0.7854,63.82
7028,14.1,standard_price,0.8716,1.36
7029,62.2,aggressive_discount,0.5619,64.36
7030,53.2,standard_price,0.5389,49.29
7031,68.2,standard_price,0.3731,64.5
7032,38.3,aggressive_discount,0.3044,29.7
7033,59.4,aggressive_discount,0.5307,58.09
7034,40.7,standard_price,0.6723,28.83
7035,47.7,standard_price,0.5995,33.03
7036,50.0,aggressive_discount,0.4256,33.48
7037,50.1,standard_price,0.5733,35.66
7038,40.6,standard_price,0.6733,39.86
7039,24.0,standard_price,0.8131,17.48
7040,66.9,standard_price,0.3869,57.29
7041,75.7,aggressive_discount,0.7019,64.32
7042,25.4,standard_price,0.8033,4.57
7043,24.0,standard_price,0.8131,12.94
7044,87.5,aggressive_discount,0.8002,83.89
7045,23.9,aggressive_discount,0.1863,17.73
7046,54.3,standard_price,0.5266,46.81
7047,23.1,standard_price,0.8191,12.22
7048,79.2,standard_price,0.2662,77.38
7049,56.1,standard_price,0.5064,44.08
7050,23.4,standard_price,0.8171,4.34
7051,76.9,standard_price,0.2869,62.4
7052,82.4,aggressive_discount,0.761,71.62
7053,53.9,standard_price,0.5311,38.54
7054,73.1,standard_price,0.3231,82.36
7055,49.5,standard_price,0.5799,46.72
7056,39.6,aggressive_discount,0.3169,39.63
7057,33.9,standard_price,0.7358,13.14
7058,43.3,aggressive_discount,0.354,31.92
7059,92.4,aggressive_discount,0.8331,88.18
7060,48.4,standard_price,0.5919,42.54
7061,92.9,standard_price,0.1638,91.8
7062,0.0,standard_price,0.9276,0.0
7063,41.7,aggressive_discount,0.3377,34.33
7064,0.0,standard_price,0.9276,0.0
7065,27.2,aggressive_discount,0.2098,13.76
7066,76.9,aggressive_discount,0.7131,70.3
7067,56.8,standard_price,0.4985,43.07
7068,51.7,aggressive_discount,0.4444,40.16
7069,52.8,aggressive_discount,0.4566,43.03
7070,38.6,standard_price,0.6927,25.59
7071,27.4,aggressive_discount,0.2113,0.0
7072,77.9,aggressive_discount,0.7222,57.7
7073,52.9,standard_price,0.5423,32.55
7074,16.2,standard_price,0.8607,4.1
7075,31.0,standard_price,0.7604,17.22
7076,30.0,standard_price,0.7685,6.75
7077,64.5,aggressive_discount,0.5872,33.14
7078,61.1,standard_price,0.4503,44.41
7079,54.7,aggressive_discount,0.4779,55.43
7080,46.2,standard_price,0.6156,33.77
7081,33.7,standard_price,0.7376,27.95
7082,33.2,standard_price,0.7419,22.74
7083,45.8,standard_price,0.6199,37.83
7084,58.0,aggressive_discount,0.515,45.49
7085,47.7,aggressive_discount,0.4005,44.26
7086,51.3,standard_price,0.5601,42.09
7087,36.3,aggressive_discount,0.2857,18.12
7088,59.4,aggressive_discount,0.5307,65.74
7089,65.3,aggressive_discount,0.5959,61.07
7090,20.3,standard_price,0.8371,14.83
7091,60.9,aggressive_discount,0.5475,61.97
7092,64.3,standard_price,0.415,46.93
7093,10.8,standard_price,0.8874,0.0
7094,16.0,standard_price,0.8618,9.8
7095,64.0,aggressive_discount,0.5818,63.5
7096,55.6,aggressive_discount,0.488,44.19
7097,64.8,standard_price,0.4095,68.08
7098,57.4,standard_price,0.4918,54.32
7099,36.3,standard_price,0.7143,34.19
7100,37.2,standard_price,0.706,29.93
7101,22.7,aggressive_discount,0.1782,11.66
7102,52.4,aggressive_discount,0.4521,41.64
7103,46.5,aggressive_discount,0.3876,24.85
7104,77.1,standard_price,0.2851,61.5
7105,22.2,standard_price,0.8251,10.31
7106,60.6,standard_price,0.4559,59.33
7107,71.9,aggressive_discount,0.665,68.92
7108,39.9,aggressive_discount,0.3198,26.45
7109,42.3,standard_price,0.6562,35.52
7110,32.5,standard_price,0.7479,11.19
7111,31.9,standard_price,0.753,20.0
7112,54.0,standard_price,0.53,43.97
7113,0.0,standard_price,0.9276,0.0
7114,13.0,standard_price,0.8771,0.0
7115,92.5,aggressive_discount,0.8338,80.43
7116,31.6,standard_price,0.7555,25.13
7117,32.9,aggressive_discount,0.2555,28.03
7118,29.0,aggressive_discount,0.2236,13.91
7119,72.7,aggressive_discount,0.6729,64.52
7120,43.9,standard_price,0.6398,33.13
7121,70.4,aggressive_discount,0.6498,57.99
7122,73.1,standard_price,0.3231,73.37
7123,5.2,standard_price,0.9102,4.25
7124,51.5,standard_price,0.5579,43.3
7125,41.9,standard_price,0.6603,42.6
7126,32.6,aggressive_discount,0.2529,14.68
7127,53.4,standard_price,0.5367,38.52
7128,48.5,aggressive_discount,0.4091,48.33
7129,60.3,aggressive_discount,0.5408,39.05
7130,8.2,standard_price,0.8985,0.0
7131,55.8,aggressive_discount,0.4903,46.47
7132,66.1,aggressive_discount,0.6046,58.61
7133,49.6,aggressive_discount,0.4212,28.88
7134,29.5,standard_price,0.7725,10.3
7135,51.2,standard_price,0.5612,49.38
7136,62.4,standard_price,0.4359,60.46
7137,77.1,aggressive_discount,0.7149,66.17
7138,30.2,standard_price,0.7669,16.63
7139,46.8,standard_price,0.6092,30.55
7140,45.1,standard_price,0.6273,29.5
7141,39.7,standard_price,0.6821,27.9
7142,40.1,standard_price,0.6782,33.88
7143,61.5,aggressive_discount,0.5542,36.15
7144,87.0,standard_price,0.2034,86.94
7145,36.6,standard_price,0.7116,26.92
7146,51.4,aggressive_discount,0.441,37.63
7147,49.1,aggressive_discount,0.4157,35.8
7148,44.9,aggressive_discount,0.3706,22.78
7149,11.7,standard_price,0.8832,9.53
7150,26.9,standard_price,0.7924,30.16
7151,46.3,standard_price,0.6146,39.3
7152,63.8,standard_price,0.4204,59.58
7153,65.2,standard_price,0.4052,62.13
7154,40.0,aggressive_discount,0.3208,31.75
7155,93.5,aggressive_discount,0.8399,81.3
7156,37.7,standard_price,0.7013,28.77
7157,66.3,aggressive_discount,0.6067,64.18
7158,32.2,aggressive_discount,0.2496,6.01
7159,49.6,aggressive_discount,0.4212,45.77
7160,37.8,aggressive_discount,0.2996,28.64
7161,65.5,aggressive_discount,0.5981,52.14
7162,58.7,standard_price,0.4771,50.99
7163,42.5,standard_price,0.6542,41.64
7164,77.4,standard_price,0.2823,70.46
7165,60.1,aggressive_discount,0.5385,54.96
7166,50.6,standard_price,0.5678,52.57
7167,81.1,aggressive_discount,0.7502,74.95
7168,43.2,standard_price,0.647,41.97
7169,86.7,standard_price,0.2056,91.34
7170,26.1,standard_price,0.7983,0.0
7171,53.1,standard_price,0.54,40.12
7172,72.7,aggressive_discount,0.6729,59.11
7173,26.3,standard_price,0.7968,23.08
7174,73.7,standard_price,0.3172,71.3
7175,13.9,standard_price,0.8726,0.0
7176,60.3,standard_price,0.4592,52.42
7177,62.0,standard_price,0.4403,58.58
7178,60.4,aggressive_discount,0.5419,35.45
7179,46.9,aggressive_discount,0.3919,25.11
7180,50.9,aggressive_discount,0.4355,35.06
7181,45.6,standard_price,0.622,25.83
7182,16.1,standard_price,0.8612,0.0
7183,60.1,aggressive_discount,0.5385,43.19
7184,60.8,standard_price,0.4536,32.99
7185,49.9,aggressive_discount,0.4245,51.42
7186,40.1,aggressive_discount,0.3218,26.97
7187,70.3,aggressive_discount,0.6487,51.64
7188,67.2,standard_price,0.3837,66.85
7189,87.8,aggressive_discount,0.8023,79.06
7190,39.8,standard_price,0.6811,22.53
7191,18.8,standard_price,0.8461,8.74
7192,37.0,standard_price,0.7079,28.54
7193,48.9,standard_price,0.5865,29.82
7194,58.9,standard_price,0.4749,41.43
7195,39.3,aggressive_discount,0.314,31.7
7196,47.9,standard_price,0.5974,33.26
7197,74.1,aggressive_discount,0.6866,52.85
7198,34.6,standard_price,0.7297,33.9
7199,48.9,standard_price,0.5865,30.02
7200,64.9,aggressive_discount,0.5916,57.35
7201,65.2,standard_price,0.4052,60.99
7202,55.6,aggressive_discount,0.488,52.01
7203,37.6,standard_price,0.7022,22.83
7204,69.1,aggressive_discount,0.6363,56.1
7205,43.6,standard_price,0.6429,26.93
7206,24.6,aggressive_discount,0.1911,3.61
7207,49.3,aggressive_discount,0.4179,27.39
7208,14.5,standard_price,0.8696,1.63
7209,83.9,standard_price,0.227,81.17
7210,51.4,standard_price,0.559,26.61
7211,100.0,aggressive_discount,0.8754,106.94
7212,34.6,standard_price,0.7297,17.38
7213,16.9,standard_price,0.8569,7.07
7214,44.0,standard_price,0.6388,38.4
7215,60.0,aggressive_discount,0.5374,47.78
7216,73.2,standard_price,0.3221,60.71
7217,42.6,standard_price,0.6532,43.98
7218,40.0,standard_price,0.6792,37.82
7219,67.7,aggressive_discount,0.6216,73.3
7220,34.6,aggressive_discount,0.2703,41.49
7221,53.2,standard_price,0.5389,47.62
7222,40.8,standard_price,0.6713,27.18
7223,62.7,aggressive_discount,0.5675,54.44
7224,61.8,aggressive_discount,0.5575,48.29
7225,59.8,aggressive_discount,0.5352,40.49
7226,46.2,standard_price,0.6156,44.59
7227,7.4,standard_price,0.9018,0.0
7228,55.2,standard_price,0.5165,42.23
7229,52.3,aggressive_discount,0.451,56.53
7230,70.7,aggressive_discount,0.6528,67.3
7231,66.6,aggressive_discount,0.6099,53.89
7232,52.2,aggressive_discount,0.4499,39.92
7233,52.5,aggressive_discount,0.4533,38.1
7234,78.9,aggressive_discount,0.7312,65.87
7235,64.0,aggressive_discount,0.5818,74.12
7236,50.8,standard_price,0.5656,44.59
7237,65.4,aggressive_discount,0.597,69.65
7238,50.3,standard_price,0.5711,41.44
7239,47.0,standard_price,0.6071,29.2
7240,62.1,standard_price,0.4392,53.83
7241,55.6,standard_price,0.512,38.03
7242,87.1,aggressive_discount,0.7973,76.78
7243,30.7,standard_price,0.7629,22.91
7244,20.0,standard_price,0.8389,13.33
7245,70.1,standard_price,0.3533,79.06
7246,41.6,standard_price,0.6633,26.79
7247,49.3,standard_price,0.5821,40.52
7248,46.2,standard_price,0.6156,32.25
7249,50.4,standard_price,0.57,38.51
7250,21.2,standard_price,0.8315,14.03
7251,42.8,standard_price,0.6511,28.32
7252,51.7,aggressive_discount,0.4444,32.41
7253,57.1,aggressive_discount,0.5049,47.49
7254,54.4,aggressive_discount,0.4745,41.78
7255,59.3,aggressive_discount,0.5296,39.43
7256,60.9,aggressive_discount,0.5475,55.21
7257,22.3,standard_price,0.8244,12.65
7258,75.6,aggressive_discount,0.701,54.73
7259,9.1,standard_price,0.8948,0.0
7260,58.4,standard_price,0.4805,53.85
7261,28.1,aggressive_discount,0.2166,8.35
7262,45.0,standard_price,0.6283,21.86
7263,26.9,standard_price,0.7924,22.75
7264,60.3,aggressive_discount,0.5408,57.57
7265,27.7,aggressive_discount,0.2136,10.62
7266,38.6,aggressive_discount,0.3073,17.04
7267,63.7,standard_price,0.4215,49.54
7268,19.7,aggressive_discount,0.1593,0.4
7269,60.7,standard_price,0.4547,47.13
7270,43.0,aggressive_discount,0.3509,23.25
7271,40.1,aggressive_discount,0.3218,22.69
7272,27.0,aggressive_discount,0.2083,17.28
7273,69.0,standard_price,0.3647,61.9
7274,70.7,aggressive_discount,0.6528,61.55
7275,59.5,aggressive_discount,0.5318,52.18
7276,15.3,standard_price,0.8655,5.93
7277,54.2,standard_price,0.5277,42.54
7278,41.7,aggressive_discount,0.3377,32.41
7279,37.2,standard_price,0.706,39.49
7280,69.4,aggressive_discount,0.6395,69.1
7281,37.3,standard_price,0.7051,33.21
7282,49.8,aggressive_discount,0.4234,38.75
7283,51.1,aggressive_discount,0.4377,28.73
7284,45.9,aggressive_discount,0.3812,26.61
7285,80.1,aggressive_discount,0.7416,65.82
7286,51.6,standard_price,0.5568,32.35
7287,74.9,aggressive_discount,0.6943,57.05
7288,4.3,standard_price,0.9134,0.0
7289,25.7,standard_price,0.8012,2.55
7290,38.8,standard_price,0.6908,14.38
7291,68.8,aggressive_discount,0.6332,46.5
7292,57.0,standard_price,0.4963,59.65
7293,59.4,aggressive_discount,0.5307,49.55
7294,71.8,standard_price,0.336,77.26
7295,37.5,standard_price,0.7032,5.17
7296,81.1,aggressive_discount,0.7502,82.44
7297,35.6,standard_price,0.7207,19.77
7298,78.8,aggressive_discount,0.7303,72.24
7299,84.0,standard_price,0.2262,88.37
7300,52.5,aggressive_discount,0.4533,47.77
7301,30.1,aggressive_discount,0.2323,15.99
7302,59.7,standard_price,0.4659,38.87
7303,11.9,standard_price,0.8823,1.92
7304,29.5,aggressive_discount,0.2275,15.24
7305,76.6,aggressive_discount,0.7103,65.3
7306,57.9,standard_price,0.4861,58.1
7307,40.8,aggressive_discount,0.3287,26.61
7308,43.5,standard_price,0.6439,25.64
7309,54.9,standard_price,0.5199,55.88
7310,28.5,aggressive_discount,0.2197,8.36
7311,55.7,standard_price,0.5109,45.17
7312,59.4,aggressive_discount,0.5307,44.92
7313,46.8,standard_price,0.6092,19.15
7314,27.3,standard_price,0.7894,28.94
7315,10.6,standard_price,0.8883,0.0
7316,60.2,standard_price,0.4603,47.41
7317,55.6,aggressive_discount,0.488,45.54
7318,60.5,standard_price,0.457,34.4
7319,58.7,standard_price,0.4771,49.57
7320,49.8,aggressive_discount,0.4234,36.33
7321,36.8,aggressive_discount,0.2903,19.93
7322,27.4,aggressive_discount,0.2113,20.81
7323,33.6,standard_price,0.7385,31.11
7324,41.7,aggressive_discount,0.3377,39.25
7325,25.6,standard_price,0.8019,2.84
7326,64.4,aggressive_discount,0.5861,41.73
7327,62.5,aggressive_discount,0.5653,43.3
7328,71.7,aggressive_discount,0.663,72.79
7329,55.8,aggressive_discount,0.4903,45.04
7330,45.8,aggressive_discount,0.3801,31.16
7331,58.8,aggressive_discount,0.524,49.84
7332,52.9,standard_price,0.5423,36.65
7333,61.1,aggressive_discount,0.5497,55.49
7334,42.2,standard_price,0.6572,35.17
7335,34.2,standard_price,0.7332,17.12
7336,49.4,aggressive_discount,0.419,44.81
7337,27.5,standard_price,0.7879,7.34
7338,59.3,aggressive_discount,0.5296,35.43
7339,70.7,aggressive_discount,0.6528,55.47
7340,58.2,aggressive_discount,0.5172,50.14
7341,42.6,standard_price,0.6532,49.14
7342,56.6,aggressive_discount,0.4993,55.76
7343,27.4,standard_price,0.7887,22.43
7344,59.0,aggressive_discount,0.5262,43.87
7345,65.4,standard_price,0.403,43.52
7346,53.3,standard_price,0.5378,46.27
7347,74.3,aggressive_discount,0.6886,68.39
7348,49.4,standard_price,0.581,13.92
7349,17.7,standard_price,0.8524,15.15
7350,29.3,standard_price,0.7741,24.12
7351,54.9,standard_price,0.5199,63.35
7352,55.0,aggressive_discount,0.4813,43.91
7353,54.5,aggressive_discount,0.4756,48.29
7354,70.7,aggressive_discount,0.6528,48.46
7355,56.0,aggressive_discount,0.4925,35.97
7356,43.9,aggressive_discount,0.3602,28.12
7357,57.7,aggressive_discount,0.5116,43.29
7358,59.4,aggressive_discount,0.5307,35.92
7359,59.0,standard_price,0.4738,59.8
7360,47.2,standard_price,0.6049,41.04
7361,59.8,aggressive_discount,0.5352,49.83
7362,58.5,standard_price,0.4794,56.42
7363,68.7,standard_price,0.3678,75.1
7364,70.2,aggressive_discount,0.6477,67.96
7365,43.4,aggressive_discount,0.355,17.02
7366,33.3,aggressive_discount,0.2589,36.19
7367,58.8,standard_price,0.476,41.8
7368,48.7,standard_price,0.5887,22.1
7369,26.3,standard_price,0.7968,3.86
7370,69.1,aggressive_discount,0.6363,69.31
7371,48.5,standard_price,0.5909,37.39
7372,62.9,standard_price,0.4303,55.37
7373,90.1,aggressive_discount,0.8182,87.67
7374,58.6,standard_price,0.4783,51.82
7375,50.5,standard_price,0.5689,41.05
7376,55.7,standard_price,0.5109,34.88
7377,26.5,standard_price,0.7954,25.54
7378,50.4,aggressive_discount,0.43,39.99
7379,44.2,standard_price,0.6367,39.65
7380,52.6,standard_price,0.5456,59.43
7381,25.2,standard_price,0.8047,0.38
7382,50.1,standard_price,0.5733,42.9
7383,58.3,aggressive_discount,0.5184,45.47
7384,21.2,standard_price,0.8315,10.57
7385,38.8,standard_price,0.6908,29.25
7386,52.4,standard_price,0.5479,43.66
7387,33.3,standard_price,0.7411,17.08
7388,60.7,aggressive_discount,0.5453,59.94
7389,66.5,standard_price,0.3911,71.72
7390,38.2,aggressive_discount,0.3034,27.29
7391,27.6,standard_price,0.7872,9.87
7392,51.9,aggressive_discount,0.4466,28.31
7393,37.0,standard_price,0.7079,37.56
7394,36.0,standard_price,0.7171,35.05
7395,56.8,standard_price,0.4985,45.8
7396,63.3,aggressive_discount,0.5741,61.82
7397,100.0,aggressive_discount,0.8754,102.81
7398,71.4,aggressive_discount,0.6599,60.49
7399,34.8,aggressive_discount,0.2721,26.55
7400,48.4,standard_price,0.5919,43.89
7401,53.7,standard_price,0.5333,54.5
7402,60.3,aggressive_discount,0.5408,48.83
7403,66.6,aggressive_discount,0.6099,46.94
7404,39.9,standard_price,0.6802,11.7
7405,61.2,aggressive_discount,0.5508,51.98
7406,30.2,standard_price,0.7669,16.77
7407,80.6,aggressive_discount,0.7459,70.06
7408,75.7,standard_price,0.2981,74.14
7409,49.5,standard_price,0.5799,45.03
7410,59.1,standard_price,0.4727,53.26
7411,64.6,standard_price,0.4117,39.89
7412,70.6,standard_price,0.3482,69.3
7413,91.7,aggressive_discount,0.8287,95.28
7414,40.8,standard_price,0.6713,39.94
7415,42.5,aggressive_discount,0.3458,14.9
7416,73.5,aggressive_discount,0.6808,55.85
7417,15.0,aggressive_discount,0.133,0.0
7418,56.5,aggressive_discount,0.4981,53.42
7419,30.1,aggressive_discount,0.2323,2.85
7420,83.2,aggressive_discount,0.7675,74.18
7421,49.9,standard_price,0.5755,35.31
7422,27.0,standard_price,0.7917,18.13
7423,21.8,standard_price,0.8276,14.97
7424,22.2,standard_price,0.8251,9.7
7425,30.1,aggressive_discount,0.2323,15.51
7426,50.1,standard_price,0.5733,50.8
7427,54.0,aggressive_discount,0.47,46.82
7428,47.6,standard_price,0.6006,42.35
7429,63.2,aggressive_discount,0.573,52.26
7430,33.3,standard_price,0.7411,23.32
7431,42.2,standard_price,0.6572,17.21
7432,42.9,standard_price,0.6501,31.13
7433,40.5,aggressive_discount,0.3257,29.92
7434,47.6,standard_price,0.6006,47.92
7435,53.8,standard_price,0.5322,75.53
7436,8.2,standard_price,0.8985,0.0
7437,55.0,standard_price,0.5187,50.16
7438,46.0,aggressive_discount,0.3823,35.2
7439,24.6,standard_price,0.8089,6.85
7440,70.4,aggressive_discount,0.6498,52.13
7441,43.3,standard_price,0.646,35.49
7442,43.4,standard_price,0.645,43.83
7443,38.5,standard_price,0.6937,29.57
7444,51.5,standard_price,0.5579,47.47
7445,50.8,standard_price,0.5656,37.31
7446,48.2,standard_price,0.5941,36.61
7447,69.1,standard_price,0.3637,44.15
7448,48.0,standard_price,0.5963,38.58
7449,11.0,standard_price,0.8865,0.0
7450,41.2,standard_price,0.6673,23.1
7451,25.7,aggressive_discount,0.1988,7.23
7452,46.0,aggressive_discount,0.3823,30.09
7453,87.3,aggressive_discount,0.7987,83.36
7454,28.5,standard_price,0.7803,20.04
7455,49.2,standard_price,0.5832,41.02
7456,34.3,aggressive_discount,0.2677,22.4
7457,43.1,aggressive_discount,0.3519,29.29
7458,55.1,aggressive_discount,0.4824,43.93
7459,63.7,aggressive_discount,0.5785,53.44
7460,45.3,aggressive_discount,0.3748,39.46
7461,52.5,standard_price,0.5467,34.39
7462,65.2,aggressive_discount,0.5948,51.41
7463,47.5,aggressive_discount,0.3983,35.2
7464,88.7,aggressive_discount,0.8087,73.11
7465,80.9,aggressive_discount,0.7485,71.89
7466,78.8,standard_price,0.2697,63.71
7467,54.7,aggressive_discount,0.4779,42.25
7468,71.6,standard_price,0.338,58.5
7469,55.1,standard_price,0.5176,54.44
7470,67.3,aggressive_discount,0.6174,59.55
7471,90.5,aggressive_discount,0.8209,84.33
7472,39.3,standard_price,0.686,15.59
7473,38.2,aggressive_discount,0.3034,29.43
7474,68.5,aggressive_discount,0.6301,62.12
7475,78.3,standard_price,0.2742,83.65
7476,10.1,standard_price,0.8905,0.0
7477,50.9,standard_price,0.5645,43.64
7478,32.2,standard_price,0.7504,23.85
7479,44.5,standard_price,0.6336,28.05
7480,14.6,standard_price,0.8691,0.0
7481,58.5,aggressive_discount,0.5206,42.81
7482,73.7,aggressive_discount,0.6828,60.8
7483,79.5,aggressive_discount,0.7364,57.27
7484,54.9,standard_price,0.5199,49.94
7485,58.8,standard_price,0.476,53.56
7486,24.5,standard_price,0.8096,1.72
7487,78.1,standard_price,0.276,73.85
7488,74.5,aggressive_discount,0.6905,70.16
7489,39.1,standard_price,0.6879,28.48
7490,20.7,standard_price,0.8346,20.77
7491,68.7,aggressive_discount,0.6322,60.04
7492,51.8,standard_price,0.5545,54.76
7493,44.9,aggressive_discount,0.3706,24.36
7494,71.7,aggressive_discount,0.663,61.07
7495,37.4,aggressive_discount,0.2959,29.4
7496,51.2,aggressive_discount,0.4388,34.51
7497,72.6,standard_price,0.3281,78.8
7498,54.0,standard_price,0.53,47.91
7499,67.8,aggressive_discount,0.6227,61.81
7500,67.0,aggressive_discount,0.6142,71.55
7501,71.7,aggressive_discount,0.663,65.29
7502,58.7,standard_price,0.4771,40.91
7503,58.8,aggressive_discount,0.524,39.07
7504,54.0,aggressive_discount,0.47,38.2
7505,25.2,standard_price,0.8047,11.03
7506,96.1,aggressive_discount,0.855,84.75
7507,89.1,aggressive_discount,0.8115,107.71
7508,23.5,standard_price,0.8165,18.8
7509,54.3,standard_price,0.5266,56.69
7510,44.7,standard_price,0.6315,35.01
7511,15.2,standard_price,0.866,0.0
7512,41.5,standard_price,0.6643,18.89
7513,4.2,standard_price,0.9138,0.0
7514,100.0,aggressive_discount,0.8754,90.57
7515,63.8,aggressive_discount,0.5796,43.3
7516,52.9,standard_price,0.5423,41.15
7517,54.8,standard_price,0.521,50.62
7518,72.0,aggressive_discount,0.666,79.92
7519,67.8,standard_price,0.3773,61.94
7520,54.7,aggressive_discount,0.4779,42.86
7521,71.9,standard_price,0.335,69.41
7522,13.1,standard_price,0.8766,0.0
7523,1.1,standard_price,0.9242,0.0
7524,45.9,standard_price,0.6188,41.37
7525,38.6,standard_price,0.6927,29.69
7526,38.8,aggressive_discount,0.3092,36.55
7527,65.6,standard_price,0.4008,64.59
7528,37.2,standard_price,0.706,28.16
7529,56.0,standard_price,0.5075,49.3
7530,67.9,standard_price,0.3762,62.91
7531,56.5,aggressive_discount,0.4981,42.17
7532,57.3,aggressive_discount,0.5071,43.15
7533,68.2,aggressive_discount,0.6269,47.99
7534,49.4,aggressive_discount,0.419,40.21
7535,25.0,aggressive_discount,0.1939,6.45
7536,36.9,standard_price,0.7088,27.74
7537,79.0,aggressive_discount,0.732,63.36
7538,66.3,aggressive_discount,0.6067,52.61
7539,75.2,standard_price,0.3028,69.35
7540,72.1,aggressive_discount,0.667,53.6
7541,74.1,standard_price,0.3134,64.67
7542,75.6,aggressive_discount,0.701,51.85
7543,68.6,aggressive_discount,0.6311,56.42
7544,56.0,aggressive_discount,0.4925,36.03
7545,28.5,standard_price,0.7803,10.71
7546,76.7,standard_price,0.2887,67.04
7547,52.4,aggressive_discount,0.4521,45.94
7548,51.8,standard_price,0.5545,29.99
7549,29.5,standard_price,0.7725,23.86
7550,90.1,aggressive_discount,0.8182,82.87
7551,40.4,aggressive_discount,0.3248,26.36
7552,24.8,standard_price,0.8075,5.42
7553,67.3,standard_price,0.3826,35.71
7554,63.0,standard_price,0.4292,52.21
7555,39.0,standard_price,0.6889,24.4
7556,72.7,aggressive_discount,0.6729,58.07
7557,24.9,aggressive_discount,0.1932,12.65
7558,42.7,standard_price,0.6521,28.54
7559,31.5,standard_price,0.7563,15.51
7560,66.1,aggressive_discount,0.6046,50.09
7561,21.7,aggressive_discount,0.1717,8.51
7562,75.0,aggressive_discount,0.6953,59.75
7563,66.5,aggressive_discount,0.6089,51.26
7564,21.6,standard_price,0.8289,4.81
7565,86.8,aggressive_discount,0.7951,81.19
7566,47.8,aggressive_discount,0.4016,41.25
7567,34.1,standard_price,0.7341,11.86
7568,52.7,standard_price,0.5445,40.62
7569,62.9,aggressive_discount,0.5697,29.15
7570,37.1,aggressive_discount,0.2931,17.45
7571,78.7,aggressive_discount,0.7294,79.31
7572,31.0,standard_price,0.7604,12.58
7573,24.1,standard_price,0.8124,20.47
7574,42.9,aggressive_discount,0.3499,32.76
7575,50.3,standard_price,0.5711,41.5
7576,58.4,aggressive_discount,0.5195,54.83
7577,40.5,standard_price,0.6743,13.12
7578,73.4,aggressive_discount,0.6798,66.74
7579,9.2,standard_price,0.8944,0.0
7580,55.5,standard_price,0.5131,60.91
7581,33.3,aggressive_discount,0.2589,15.91
7582,16.3,standard_price,0.8601,0.0
7583,77.4,aggressive_discount,0.7177,60.97
7584,29.8,standard_price,0.7701,18.44
7585,56.7,aggressive_discount,0.5004,43.71
7586,23.5,aggressive_discount,0.1835,9.3
7587,64.9,aggressive_discount,0.5916,51.78
7588,22.8,aggressive_discount,0.1789,4.51
7589,70.9,aggressive_discount,0.6549,47.09
7590,42.8,standard_price,0.6511,22.87
7591,64.4,aggressive_discount,0.5861,47.35
7592,46.2,aggressive_discount,0.3844,38.86
7593,58.3,aggressive_discount,0.5184,50.1
7594,66.9,standard_price,0.3869,65.87
7595,56.3,standard_price,0.5041,57.55
7596,27.5,standard_price,0.7879,15.34
7597,0.0,standard_price,0.9276,0.0
7598,30.6,standard_price,0.7637,14.3
7599,64.6,aggressive_discount,0.5883,58.37
7600,45.7,standard_price,0.6209,35.22
7601,42.9,standard_price,0.6501,33.55
7602,32.4,standard_price,0.7488,8.89
7603,99.4,aggressive_discount,0.8725,78.86
7604,60.1,aggressive_discount,0.5385,49.71
7605,39.7,standard_price,0.6821,32.88
7606,15.9,standard_price,0.8623,5.63
7607,66.0,aggressive_discount,0.6035,43.24
7608,37.7,standard_price,0.7013,28.51
7609,57.4,standard_price,0.4918,37.18
7610,20.4,standard_price,0.8364,0.0
7611,0.0,standard_price,0.9276,0.0
7612,54.3,standard_price,0.5266,33.4
7613,69.4,aggressive_discount,0.6395,52.55
7614,48.6,aggressive_discount,0.4102,33.07
7615,46.2,aggressive_discount,0.3844,42.43
7616,50.4,standard_price,0.57,31.87
7617,35.4,standard_price,0.7225,25.38
7618,47.4,aggressive_discount,0.3972,37.94
7619,67.8,aggressive_discount,0.6227,55.67
7620,42.7,aggressive_discount,0.3479,22.21
7621,51.6,standard_price,0.5568,48.22
7622,57.2,aggressive_discount,0.506,41.55
7623,45.4,aggressive_discount,0.3759,42.84
7624,17.9,standard_price,0.8513,14.46
7625,66.8,standard_price,0.3879,74.72
7626,52.6,standard_price,0.5456,37.86
7627,47.3,standard_price,0.6038,38.02
7628,48.3,standard_price,0.593,31.72
7629,60.0,aggressive_discount,0.5374,47.48
7630,47.5,standard_price,0.6017,39.22
7631,41.6,standard_price,0.6633,31.69
7632,36.9,standard_price,0.7088,24.27
7633,77.7,aggressive_discount,0.7204,62.06
7634,57.1,standard_price,0.4951,59.78
7635,31.3,standard_price,0.758,26.58
7636,54.1,standard_price,0.5288,53.58
7637,74.4,standard_price,0.3105,71.4
7638,100.0,aggressive_discount,0.8754,102.31
7639,25.3,aggressive_discount,0.196,9.56
7640,10.2,standard_price,0.89,0.0
7641,69.9,standard_price,0.3554,50.9
7642,54.2,aggressive_discount,0.4723,45.04
7643,23.2,standard_price,0.8185,8.02
7644,72.0,aggressive_discount,0.666,63.56
7645,46.2,standard_price,0.6156,35.57
7646,72.1,standard_price,0.333,58.96
7647,67.3,aggressive_discount,0.6174,75.89
7648,64.1,aggressive_discount,0.5829,43.17
7649,35.9,aggressive_discount,0.282,21.26
7650,42.4,standard_price,0.6552,28.25
7651,100.0,aggressive_discount,0.8754,102.73
7652,74.9,aggressive_discount,0.6943,66.43
7653,30.9,standard_price,0.7612,10.29
7654,33.7,standard_price,0.7376,25.56
7655,50.2,standard_price,0.5722,36.5
7656,34.1,standard_price,0.7341,14.09
7657,63.6,standard_price,0.4226,53.59
7658,44.9,aggressive_discount,0.3706,21.02
7659,59.5,aggressive_discount,0.5318,44.49
7660,73.2,aggressive_discount,0.6779,76.93
7661,65.5,aggressive_discount,0.5981,47.71
7662,20.9,standard_price,0.8333,11.7
7663,50.6,standard_price,0.5678,34.76
7664,62.5,aggressive_discount,0.5653,47.43
7665,57.4,standard_price,0.4918,54.66
7666,46.1,standard_price,0.6167,41.13
7667,59.0,aggressive_discount,0.5262,44.6
7668,30.1,standard_price,0.7677,6.89
7669,37.5,standard_price,0.7032,9.05
7670,31.9,standard_price,0.753,18.03
7671,29.6,standard_price,0.7717,16.11
7672,70.6,aggressive_discount,0.6518,56.8
7673,42.5,aggressive_discount,0.3458,19.68
7674,78.0,aggressive_discount,0.7231,65.01
7675,18.9,standard_price,0.8455,1.9
7676,41.4,aggressive_discount,0.3347,23.49
7677,59.2,aggressive_discount,0.5285,42.16
7678,29.6,standard_price,0.7717,19.04
7679,94.2,standard_price,0.1559,87.65
7680,49.2,standard_price,0.5832,50.81
7681,68.4,aggressive_discount,0.629,61.23
7682,52.0,standard_price,0.5523,55.26
7683,74.9,standard_price,0.3057,68.87
7684,69.4,standard_price,0.3605,63.58
7685,49.3,standard_price,0.5821,48.76
7686,58.0,aggressive_discount,0.515,56.86
7687,77.8,aggressive_discount,0.7213,72.44
7688,57.4,standard_price,0.4918,43.35
7689,90.8,aggressive_discount,0.8229,77.34
7690,60.9,standard_price,0.4525,41.79
7691,41.9,standard_price,0.6603,32.3
7692,69.5,aggressive_discount,0.6405,59.72
7693,50.5,aggressive_discount,0.4311,29.39
7694,26.4,standard_price,0.7961,25.27
7695,49.3,aggressive_discount,0.4179,56.49
7696,58.1,standard_price,0.4839,50.85
7697,45.9,aggressive_discount,0.3812,26.47
7698,56.7,aggressive_discount,0.5004,45.94
7699,48.0,aggressive_discount,0.4037,28.33
7700,51.3,aggressive_discount,0.4399,39.53
7701,43.4,aggressive_discount,0.355,42.11
7702,20.4,standard_price,0.8364,11.41
7703,85.7,aggressive_discount,0.7869,72.15
7704,75.6,aggressive_discount,0.701,69.56
7705,55.7,standard_price,0.5109,39.86
7706,64.2,standard_price,0.4161,50.68
7707,43.9,standard_price,0.6398,33.74
7708,45.1,aggressive_discount,0.3727,26.39
7709,62.4,aggressive_discount,0.5641,53.17
7710,80.6,standard_price,0.2541,72.8
7711,34.1,standard_price,0.7341,7.69
7712,46.9,standard_price,0.6081,32.24
7713,61.8,aggressive_discount,0.5575,48.21
7714,41.5,standard_price,0.6643,29.35
7715,38.0,standard_price,0.6985,29.86
7716,75.9,aggressive_discount,0.7038,68.61
7717,54.3,aggressive_discount,0.4734,36.27
7718,52.1,aggressive_discount,0.4488,50.71
7719,45.0,aggressive_discount,0.3717,29.35
7720,92.0,aggressive_discount,0.8306,86.32
7721,30.8,aggressive_discount,0.2379,8.16
7722,51.0,aggressive_discount,0.4366,29.34
7723,14.1,standard_price,0.8716,2.42
7724,89.3,aggressive_discount,0.8128,83.61
7725,29.7,aggressive_discount,0.2291,13.12
7726,15.7,standard_price,0.8634,1.28
7727,52.7,aggressive_discount,0.4555,46.52
7728,78.9,standard_price,0.2688,66.53
7729,64.8,standard_price,0.4095,41.57
7730,77.0,aggressive_discount,0.714,77.52
7731,57.2,standard_price,0.494,36.14
7732,23.6,standard_price,0.8158,11.69
7733,60.6,standard_price,0.4559,57.8
7734,48.6,standard_price,0.5898,36.59
7735,24.3,standard_price,0.811,13.0
7736,48.4,standard_price,0.5919,20.47
7737,53.4,standard_price,0.5367,37.43
7738,49.2,aggressive_discount,0.4168,32.41
7739,51.6,aggressive_discount,0.4432,45.18
7740,76.2,aggressive_discount,0.7066,70.81
7741,89.7,standard_price,0.1844,84.33
7742,20.9,standard_price,0.8333,3.97
7743,35.2,aggressive_discount,0.2757,17.71
7744,59.8,aggressive_discount,0.5352,38.86
7745,34.9,standard_price,0.727,3.55
7746,50.1,aggressive_discount,0.4267,35.64
7747,48.5,aggressive_discount,0.4091,28.44
7748,74.6,aggressive_discount,0.6915,77.36
7749,50.6,standard_price,0.5678,40.4
7750,38.2,standard_price,0.6966,29.09
7751,34.0,standard_price,0.735,7.98
7752,24.2,aggressive_discount,0.1883,17.25
7753,38.2,standard_price,0.6966,24.93
7754,80.8,aggressive_discount,0.7476,84.84
7755,44.6,aggressive_discount,0.3675,43.43
7756,48.9,standard_price,0.5865,29.23
7757,72.2,aggressive_discount,0.668,55.01
7758,30.7,aggressive_discount,0.2371,1.91
7759,64.2,standard_price,0.4161,52.29
7760,48.0,aggressive_discount,0.4037,31.55
7761,43.6,standard_price,0.6429,27.14
7762,71.8,aggressive_discount,0.664,59.62
7763,50.3,aggressive_discount,0.4289,44.04
7764,12.5,standard_price,0.8795,7.08
7765,100.0,aggressive_discount,0.8754,91.98
7766,74.2,aggressive_discount,0.6876,61.7
7767,56.6,aggressive_discount,0.4993,53.13
7768,10.4,standard_price,0.8891,6.67
7769,43.5,standard_price,0.6439,34.88
7770,69.2,aggressive_discount,0.6374,54.09
7771,40.5,aggressive_discount,0.3257,18.05
7772,29.3,standard_price,0.7741,0.0
7773,68.5,standard_price,0.3699,62.12
7774,60.7,aggressive_discount,0.5453,51.82
7775,31.5,standard_price,0.7563,40.04
7776,77.3,aggressive_discount,0.7168,59.94
7777,70.6,aggressive_discount,0.6518,61.31
7778,72.2,aggressive_discount,0.668,64.79
7779,3.2,standard_price,0.9173,7.07
7780,77.2,aggressive_discount,0.7159,69.27
7781,24.2,standard_price,0.8117,8.08
7782,55.4,aggressive_discount,0.4858,42.51
7783,42.7,aggressive_discount,0.3479,16.73
7784,56.7,standard_price,0.4996,53.2
7785,59.8,aggressive_discount,0.5352,49.94
7786,56.3,aggressive_discount,0.4959,33.64
7787,71.6,standard_price,0.338,56.14
7788,47.0,standard_price,0.6071,34.29
7789,56.7,standard_price,0.4996,52.59
7790,52.5,standard_price,0.5467,47.67
7791,18.1,standard_price,0.8501,0.0
7792,7.3,standard_price,0.9022,0.0
7793,73.6,aggressive_discount,0.6818,81.8
7794,65.8,aggressive_discount,0.6013,61.42
7795,51.0,standard_price,0.5634,42.81
7796,41.6,standard_price,0.6633,28.91
7797,48.6,standard_price,0.5898,48.88
7798,57.1,aggressive_discount,0.5049,44.98
7799,24.0,standard_price,0.8131,2.91
7800,28.9,standard_price,0.7772,5.64
7801,67.0,aggressive_discount,0.6142,59.97
7802,36.1,standard_price,0.7162,16.9
7803,52.6,standard_price,0.5456,47.4
7804,47.6,standard_price,0.6006,53.11
7805,53.9,aggressive_discount,0.4689,32.84
7806,75.0,aggressive_discount,0.6953,71.25
7807,36.5,standard_price,0.7125,34.61
7808,40.6,standard_price,0.6733,26.23
7809,35.4,standard_price,0.7225,31.66
7810,38.8,standard_price,0.6908,43.55
7811,13.1,standard_price,0.8766,13.85
7812,58.9,standard_price,0.4749,41.11
7813,23.6,standard_price,0.8158,10.88
7814,70.6,aggressive_discount,0.6518,59.53
7815,13.0,standard_price,0.8771,0.0
7816,16.9,standard_price,0.8569,6.42
7817,53.6,aggressive_discount,0.4656,41.16
7818,39.9,aggressive_discount,0.3198,20.31
7819,55.8,standard_price,0.5097,50.07
7820,44.8,standard_price,0.6304,40.6
7821,27.2,standard_price,0.7902,18.81
7822,20.0,standard_price,0.8389,0.0
7823,35.0,standard_price,0.7261,20.07
7824,26.8,standard_price,0.7931,24.93
7825,100.0,aggressive_discount,0.8754,98.11
7826,59.4,aggressive_discount,0.5307,54.85
7827,45.6,aggressive_discount,0.378,24.8
7828,63.6,aggressive_discount,0.5774,56.75
7829,56.7,standard_price,0.4996,44.18
7830,77.7,aggressive_discount,0.7204,76.85
7831,28.9,aggressive_discount,0.2228,17.34
7832,61.5,standard_price,0.4458,50.1
7833,62.0,aggressive_discount,0.5597,56.05
7834,51.6,aggressive_discount,0.4432,39.16
7835,22.4,standard_price,0.8238,11.05
7836,73.2,standard_price,0.3221,73.68
7837,41.7,aggressive_discount,0.3377,32.7
7838,69.0,aggressive_discount,0.6353,48.38
7839,29.2,aggressive_discount,0.2251,16.36
7840,37.3,standard_price,0.7051,27.09
7841,47.6,aggressive_discount,0.3994,27.83
7842,36.7,standard_price,0.7106,26.7
7843,21.6,aggressive_discount,0.1711,0.0
7844,66.3,standard_price,0.3933,59.94
7845,71.3,standard_price,0.3411,71.62
7846,62.0,aggressive_discount,0.5597,46.77
7847,41.5,standard_price,0.6643,32.97
7848,19.1,standard_price,0.8443,9.53
7849,60.4,aggressive_discount,0.5419,40.56
7850,99.8,aggressive_discount,0.8745,94.61
7851,41.1,standard_price,0.6683,24.5
7852,47.0,standard_price,0.6071,44.21
7853,62.9,aggressive_discount,0.5697,61.52
7854,75.6,standard_price,0.299,62.34
7855,32.1,standard_price,0.7513,20.89
7856,34.4,standard_price,0.7315,35.25
7857,25.9,standard_price,0.7997,24.71
7858,62.2,standard_price,0.4381,42.78
7859,40.1,standard_price,0.6782,26.94
7860,27.8,standard_price,0.7857,9.58
7861,76.6,aggressive_discount,0.7103,76.86
7862,40.2,aggressive_discount,0.3228,22.57
7863,14.8,standard_price,0.8681,0.0
7864,0.0,standard_price,0.9276,0.0
7865,34.1,aggressive_discount,0.2659,11.22
7866,58.2,standard_price,0.4828,44.83
7867,31.6,standard_price,0.7555,19.56
7868,63.2,standard_price,0.427,72.99
7869,31.0,standard_price,0.7604,26.57
7870,62.7,aggressive_discount,0.5675,46.03
7871,46.8,standard_price,0.6092,42.74
7872,70.4,aggressive_discount,0.6498,52.42
7873,56.4,standard_price,0.503,65.66
7874,55.4,aggressive_discount,0.4858,60.18
7875,51.5,aggressive_discount,0.4421,34.88
7876,24.7,standard_price,0.8082,16.04
7877,71.1,aggressive_discount,0.6569,41.9
7878,28.9,standard_price,0.7772,9.36
7879,51.7,standard_price,0.5556,49.9
7880,42.9,aggressive_discount,0.3499,28.06
7881,82.0,aggressive_discount,0.7577,62.4
7882,86.2,aggressive_discount,0.7907,57.62
7883,75.2,standard_price,0.3028,68.41
7884,66.7,aggressive_discount,0.611,65.5
7885,81.4,aggressive_discount,0.7527,68.0
7886,65.7,standard_price,0.3998,47.26
7887,78.5,aggressive_discount,0.7276,74.77
7888,52.4,standard_price,0.5479,52.58
7889,24.0,standard_price,0.8131,6.18
7890,100.0,aggressive_discount,0.8754,91.43
7891,71.5,standard_price,0.3391,73.2
7892,66.3,aggressive_discount,0.6067,56.17
7893,41.4,standard_price,0.6653,39.22
7894,48.9,standard_price,0.5865,37.29
7895,57.4,standard_price,0.4918,51.17
7896,56.4,aggressive_discount,0.497,52.35
7897,4.3,aggressive_discount,0.0866,0.0
7898,45.1,aggressive_discount,0.3727,35.13
7899,7.2,standard_price,0.9026,0.0
7900,50.2,aggressive_discount,0.4278,32.29
7901,49.6,standard_price,0.5788,40.48
7902,18.1,standard_price,0.8501,6.75
7903,21.0,standard_price,0.8327,12.35
7904,65.4,standard_price,0.403,51.23
7905,61.0,aggressive_discount,0.5486,38.82
7906,38.7,standard_price,0.6918,13.9
7907,21.5,standard_price,0.8296,3.26
7908,66.2,aggressive_discount,0.6056,36.77
7909,55.6,standard_price,0.512,43.22
7910,35.7,standard_price,0.7198,20.04
7911,45.0,standard_price,0.6283,48.18
7912,48.3,aggressive_discount,0.407,27.08
7913,32.9,aggressive_discount,0.2555,34.17
7914,13.7,standard_price,0.8736,2.52
7915,83.9,aggressive_discount,0.773,78.87
7916,34.8,standard_price,0.7279,25.02
7917,59.6,standard_price,0.467,44.84
7918,56.8,standard_price,0.4985,40.17
7919,30.5,standard_price,0.7645,29.79
7920,67.6,aggressive_discount,0.6206,52.13
7921,71.2,aggressive_discount,0.6579,37.55
7922,67.7,standard_price,0.3784,41.2
7923,72.1,standard_price,0.333,58.5
7924,35.5,standard_price,0.7216,28.79
7925,56.8,aggressive_discount,0.5015,48.9
7926,53.5,standard_price,0.5356,51.24
7927,34.3,standard_price,0.7323,22.83
7928,54.3,standard_price,0.5266,41.59
7929,38.1,aggressive_discount,0.3025,13.21
7930,47.7,standard_price,0.5995,40.5
7931,81.5,aggressive_discount,0.7535,75.49
7932,61.0,standard_price,0.4514,54.41
7933,26.8,standard_price,0.7931,9.98
7934,46.6,aggressive_discount,0.3886,40.23
7935,45.2,standard_price,0.6262,25.71
7936,80.5,aggressive_discount,0.7451,51.15
7937,58.2,standard_price,0.4828,46.18
7938,61.9,aggressive_discount,0.5586,51.57
7939,45.5,aggressive_discount,0.377,39.99
7940,50.8,standard_price,0.5656,44.52
7941,31.3,standard_price,0.758,29.83
7942,77.4,standard_price,0.2823,78.65
7943,21.7,standard_price,0.8283,18.76
7944,57.8,aggressive_discount,0.5127,43.5
7945,50.5,aggressive_discount,0.4311,35.84
7946,56.2,standard_price,0.5052,52.11
7947,36.4,aggressive_discount,0.2866,0.2
7948,72.6,aggressive_discount,0.6719,59.86
7949,34.8,aggressive_discount,0.2721,7.22
7950,69.2,aggressive_discount,0.6374,58.26
7951,52.5,standard_price,0.5467,47.92
7952,61.3,standard_price,0.4481,55.9
7953,100.0,aggressive_discount,0.8754,88.21
7954,28.9,aggressive_discount,0.2228,4.58
7955,50.2,standard_price,0.5722,46.69
7956,40.0,standard_price,0.6792,31.87
7957,22.2,aggressive_discount,0.1749,9.47
7958,22.4,standard_price,0.8238,0.0
7959,61.1,aggressive_discount,0.5497,37.96
7960,42.3,standard_price,0.6562,29.56
7961,38.2,standard_price,0.6966,25.47
7962,62.0,aggressive_discount,0.5597,42.91
7963,39.2,standard_price,0.687,36.35
7964,34.7,standard_price,0.7288,25.01
7965,0.0,standard_price,0.9276,0.0
7966,23.4,standard_price,0.8171,14.69
7967,59.1,standard_price,0.4727,56.3
7968,23.0,standard_price,0.8198,10.4
7969,44.2,aggressive_discount,0.3633,41.26
7970,65.6,aggressive_discount,0.5992,54.56
7971,67.6,standard_price,0.3794,60.65
7972,48.0,aggressive_discount,0.4037,24.99
7973,92.3,aggressive_discount,0.8325,79.54
7974,59.5,standard_price,0.4682,62.55
7975,39.8,standard_price,0.6811,32.17
7976,44.7,standard_price,0.6315,35.87
7977,29.6,standard_price,0.7717,24.16
7978,46.6,aggressive_discount,0.3886,28.33
7979,8.0,standard_price,0.8993,0.0
7980,11.9,standard_price,0.8823,0.0
7981,43.8,aggressive_discount,0.3592,5.14
7982,38.7,standard_price,0.6918,29.3
7983,40.6,aggressive_discount,0.3267,22.56
7984,33.0,standard_price,0.7436,26.39
7985,44.8,standard_price,0.6304,28.25
7986,82.7,standard_price,0.2366,68.56
7987,43.4,standard_price,0.645,31.03
7988,47.0,standard_price,0.6071,45.04
7989,20.9,standard_price,0.8333,0.72
7990,36.2,aggressive_discount,0.2848,11.2
7991,82.6,standard_price,0.2374,88.04
7992,5.5,standard_price,0.9091,0.0
7993,34.8,standard_price,0.7279,33.33
7994,29.2,standard_price,0.7749,27.01
7995,68.7,aggressive_discount,0.6322,47.24
7996,63.0,aggressive_discount,0.5708,60.82
7997,61.2,aggressive_discount,0.5508,39.64
7998,68.6,aggressive_discount,0.6311,71.53
7999,28.0,standard_price,0.7841,22.84
8000,28.1,aggressive_discount,0.2166,7.59
8001,67.9,aggressive_discount,0.6238,57.51
8002,11.8,standard_price,0.8828,1.95
8003,40.0,standard_price,0.6792,27.83
8004,44.1,aggressive_discount,0.3623,35.03
8005,60.7,standard_price,0.4547,38.16
8006,74.0,aggressive_discount,0.6857,75.67
8007,56.5,aggressive_discount,0.4981,43.02
8008,59.9,standard_price,0.4637,54.85
8009,45.0,standard_price,0.6283,42.32
8010,16.6,standard_price,0.8585,0.0
8011,50.7,standard_price,0.5667,48.38
8012,71.4,aggressive_discount,0.6599,64.02
8013,60.5,standard_price,0.457,49.34
8014,96.4,aggressive_discount,0.8567,97.55
8015,34.8,standard_price,0.7279,35.22
8016,62.0,aggressive_discount,0.5597,45.54
8017,37.7,standard_price,0.7013,24.62
8018,89.1,aggressive_discount,0.8115,70.68
8019,59.8,aggressive_discount,0.5352,47.37
8020,58.9,aggressive_discount,0.5251,27.98
8021,67.7,aggressive_discount,0.6216,57.71
8022,74.8,aggressive_discount,0.6934,64.05
8023,77.7,aggressive_discount,0.7204,75.4
8024,43.8,standard_price,0.6408,37.02
8025,38.7,standard_price,0.6918,27.02
8026,45.2,aggressive_discount,0.3738,35.74
8027,40.3,standard_price,0.6762,23.41
8028,85.2,standard_price,0.2169,91.41
8029,37.5,aggressive_discount,0.2968,20.63
8030,31.5,standard_price,0.7563,34.06
8031,59.8,standard_price,0.4648,37.78
8032,53.8,aggressive_discount,0.4678,48.24
8033,45.3,aggressive_discount,0.3748,36.86
8034,72.9,aggressive_discount,0.6749,63.84
8035,28.0,aggressive_discount,0.2159,3.23
8036,29.4,standard_price,0.7733,33.0
8037,17.3,standard_price,0.8546,0.0
8038,55.4,standard_price,0.5142,40.55
8039,71.1,aggressive_discount,0.6569,53.21
8040,32.5,standard_price,0.7479,21.34
8041,49.7,aggressive_discount,0.4223,33.64
8042,27.8,standard_price,0.7857,11.15
8043,36.5,standard_price,0.7125,11.53
8044,11.2,standard_price,0.8855,0.0
8045,52.4,standard_price,0.5479,39.22
8046,47.2,standard_price,0.6049,40.99
8047,30.5,aggressive_discount,0.2355,13.27
8048,42.6,standard_price,0.6532,17.51
8049,55.7,aggressive_discount,0.4891,42.65
8050,24.0,standard_price,0.8131,23.22
8051,47.1,standard_price,0.606,41.78
8052,52.4,standard_price,0.5479,48.46
8053,6.3,standard_price,0.9061,0.0
8054,56.6,standard_price,0.5007,35.15
8055,45.3,standard_price,0.6252,30.89
8056,70.1,standard_price,0.3533,57.48
8057,63.0,aggressive_discount,0.5708,65.66
8058,65.2,standard_price,0.4052,48.73
8059,34.5,standard_price,0.7306,29.32
8060,71.8,aggressive_discount,0.664,67.57
8061,20.3,standard_price,0.8371,3.05
8062,78.5,aggressive_discount,0.7276,65.33
8063,43.7,standard_price,0.6419,22.47
8064,1.8,standard_price,0.9219,0.0
8065,57.4,aggressive_discount,0.5082,37.44
8066,57.2,aggressive_discount,0.506,40.43
8067,58.2,standard_price,0.4828,49.4
8068,39.6,aggressive_discount,0.3169,18.43
8069,58.9,standard_price,0.4749,57.2
8070,53.8,aggressive_discount,0.4678,39.48
8071,49.1,standard_price,0.5843,46.1
8072,45.1,aggressive_discount,0.3727,39.61
8073,70.0,aggressive_discount,0.6457,59.18
8074,55.0,standard_price,0.5187,39.63
8075,37.1,standard_price,0.7069,21.48
8076,37.7,aggressive_discount,0.2987,22.85
8077,62.9,aggressive_discount,0.5697,50.97
8078,44.9,standard_price,0.6294,40.77
8079,43.7,aggressive_discount,0.3581,24.24
8080,70.0,aggressive_discount,0.6457,57.78
8081,34.9,standard_price,0.727,26.15
8082,34.2,standard_price,0.7332,13.88
8083,56.4,standard_price,0.503,53.93
8084,50.2,standard_price,0.5722,38.1
8085,46.1,aggressive_discount,0.3833,33.66
8086,68.4,aggressive_discount,0.629,58.45
8087,38.8,standard_price,0.6908,30.79
8088,22.2,standard_price,0.8251,12.43
8089,48.1,aggressive_discount,0.4048,30.13
8090,40.9,standard_price,0.6703,28.75
8091,73.7,aggressive_discount,0.6828,70.49
8092,62.9,standard_price,0.4303,48.64
8093,48.4,standard_price,0.5919,33.35
8094,40.0,aggressive_discount,0.3208,36.91
8095,59.1,standard_price,0.4727,50.32
8096,41.5,standard_price,0.6643,39.58
8097,48.4,standard_price,0.5919,46.91
8098,58.2,standard_price,0.4828,49.89
8099,52.0,standard_price,0.5523,40.65
8100,45.0,standard_price,0.6283,16.01
8101,27.0,standard_price,0.7917,14.17
8102,72.5,aggressive_discount,0.671,55.54
8103,62.6,aggressive_discount,0.5664,48.71
8104,29.0,standard_price,0.7764,12.99
8105,49.0,standard_price,0.5854,44.13
8106,30.4,standard_price,0.7653,18.7
8107,63.5,aggressive_discount,0.5763,46.59
8108,36.9,standard_price,0.7088,29.09
8109,50.8,standard_price,0.5656,62.17
8110,43.3,standard_price,0.646,35.66
8111,87.3,aggressive_discount,0.7987,74.7
8112,56.8,standard_price,0.4985,59.34
8113,72.2,aggressive_discount,0.668,41.19
8114,47.8,standard_price,0.5984,28.0
8115,56.2,aggressive_discount,0.4948,43.45
8116,66.9,aggressive_discount,0.6131,48.7
8117,41.4,aggressive_discount,0.3347,28.06
8118,41.9,standard_price,0.6603,34.82
8119,96.1,standard_price,0.145,102.64
8120,37.3,aggressive_discount,0.2949,27.49
8121,14.1,standard_price,0.8716,1.04
8122,41.7,standard_price,0.6623,19.58
8123,34.6,standard_price,0.7297,9.47
8124,63.9,aggressive_discount,0.5807,53.55
8125,41.4,aggressive_discount,0.3347,30.34
8126,17.2,standard_price,0.8552,9.46
8127,0.0,standard_price,0.9276,0.0
8128,79.8,aggressive_discount,0.739,68.06
8129,55.4,standard_price,0.5142,49.26
8130,64.3,aggressive_discount,0.585,53.48
8131,48.8,standard_price,0.5876,36.48
8132,100.0,aggressive_discount,0.8754,107.78
8133,55.6,standard_price,0.512,43.19
8134,52.0,aggressive_discount,0.4477,47.8
8135,58.0,aggressive_discount,0.515,43.3
8136,49.4,standard_price,0.581,43.68
8137,58.7,standard_price,0.4771,58.62
8138,67.8,aggressive_discount,0.6227,73.04
8139,23.7,standard_price,0.8151,18.43
8140,39.5,standard_price,0.6841,37.03
8141,17.0,standard_price,0.8563,0.0
8142,36.4,aggressive_discount,0.2866,4.31
8143,40.1,standard_price,0.6782,34.08
8144,70.1,aggressive_discount,0.6467,58.76
8145,98.9,aggressive_discount,0.8699,79.42
8146,41.3,aggressive_discount,0.3337,16.27
8147,52.5,standard_price,0.5467,33.74
8148,79.5,aggressive_discount,0.7364,86.58
8149,53.8,aggressive_discount,0.4678,35.26
8150,59.0,standard_price,0.4738,42.17
8151,42.0,standard_price,0.6593,44.34
8152,22.1,standard_price,0.8257,10.25
8153,27.9,aggressive_discount,0.2151,4.28
8154,9.7,standard_price,0.8922,0.0
8155,42.6,standard_price,0.6532,23.36
8156,32.3,standard_price,0.7496,10.22
8157,64.9,aggressive_discount,0.5916,66.12
8158,61.8,standard_price,0.4425,62.96
8159,51.9,aggressive_discount,0.4466,38.78
8160,43.2,standard_price,0.647,27.89
8161,87.5,aggressive_discount,0.8002,80.35
8162,100.0,aggressive_discount,0.8754,85.36
8163,57.9,aggressive_discount,0.5139,40.75
8164,19.7,standard_price,0.8407,16.51
8165,32.5,aggressive_discount,0.2521,24.52
8166,70.8,aggressive_discount,0.6538,60.1
8167,53.9,standard_price,0.5311,42.57
8168,46.4,standard_price,0.6135,31.83
8169,47.7,standard_price,0.5995,42.03
8170,68.3,aggressive_discount,0.628,63.36
8171,37.0,standard_price,0.7079,11.01
8172,74.2,standard_price,0.3124,60.94
8173,51.8,aggressive_discount,0.4455,45.75
8174,30.8,standard_price,0.7621,17.66
8175,84.3,standard_price,0.2238,84.01
8176,39.4,standard_price,0.685,25.75
8177,12.8,standard_price,0.878,6.91
8178,47.8,aggressive_discount,0.4016,40.2
8179,88.0,standard_price,0.1962,76.87
8180,32.3,standard_price,0.7496,22.83
8181,34.6,standard_price,0.7297,19.32
8182,57.8,standard_price,0.4873,57.13
8183,35.3,aggressive_discount,0.2766,32.44
8184,65.9,aggressive_discount,0.6024,74.26
8185,32.8,standard_price,0.7454,5.03
8186,36.8,standard_price,0.7097,20.31
8187,40.7,standard_price,0.6723,35.31
8188,60.0,standard_price,0.4626,44.46
8189,100.0,aggressive_discount,0.8754,82.22
8190,35.7,aggressive_discount,0.2802,28.85
8191,35.6,standard_price,0.7207,24.78
8192,56.0,aggressive_discount,0.4925,43.9
8193,45.0,standard_price,0.6283,36.15
8194,67.6,standard_price,0.3794,54.75
8195,50.1,standard_price,0.5733,17.39
8196,32.4,standard_price,0.7488,22.68
8197,27.5,standard_price,0.7879,22.47
8198,31.5,standard_price,0.7563,18.63
8199,73.4,aggressive_discount,0.6798,66.97
8200,81.8,aggressive_discount,0.756,80.77
8201,53.0,standard_price,0.5412,40.82
8202,18.0,standard_price,0.8507,19.19
8203,22.8,standard_price,0.8211,3.39
8204,48.9,aggressive_discount,0.4135,38.75
8205,79.3,aggressive_discount,0.7347,67.7
8206,16.8,standard_price,0.8574,15.77
8207,62.0,aggressive_discount,0.5597,47.84
8208,52.5,aggressive_discount,0.4533,58.46
8209,100.0,aggressive_discount,0.8754,88.11
8210,59.9,standard_price,0.4637,52.9
8211,14.5,standard_price,0.8696,0.21
8212,28.9,standard_price,0.7772,24.4
8213,66.3,standard_price,0.3933,59.27
8214,60.3,aggressive_discount,0.5408,47.05
8215,33.9,standard_price,0.7358,9.68
8216,68.7,aggressive_discount,0.6322,64.2
8217,52.8,aggressive_discount,0.4566,44.26
8218,66.0,aggressive_discount,0.6035,58.67
8219,52.6,aggressive_discount,0.4544,43.83
8220,61.3,aggressive_discount,0.5519,43.41
8221,66.5,standard_price,0.3911,63.76
8222,70.4,standard_price,0.3502,62.69
8223,47.0,standard_price,0.6071,38.36
8224,100.0,aggressive_discount,0.8754,99.51
8225,20.3,standard_price,0.8371,9.45
8226,68.0,aggressive_discount,0.6248,58.34
8227,50.0,standard_price,0.5744,34.19
8228,50.5,standard_price,0.5689,49.48
8229,34.7,aggressive_discount,0.2712,10.71
8230,82.3,aggressive_discount,0.7601,75.34
8231,40.5,standard_price,0.6743,19.51
8232,69.4,aggressive_discount,0.6395,71.58
8233,22.3,standard_price,0.8244,2.12
8234,48.8,aggressive_discount,0.4124,31.18
8235,63.8,standard_price,0.4204,67.61
8236,27.6,standard_price,0.7872,28.73
8237,62.2,standard_price,0.4381,51.67
8238,84.0,standard_price,0.2262,85.49
8239,10.8,standard_price,0.8874,2.2
8240,26.7,standard_price,0.7939,17.59
8241,46.7,standard_price,0.6103,50.98
8242,59.4,aggressive_discount,0.5307,51.69
8243,21.7,standard_price,0.8283,0.0
8244,34.2,aggressive_discount,0.2668,14.97
8245,9.8,standard_price,0.8918,0.0
8246,64.2,aggressive_discount,0.5839,48.32
8247,30.5,standard_price,0.7645,17.4
8248,56.0,aggressive_discount,0.4925,46.71
8249,21.4,standard_price,0.8302,7.15
8250,79.8,aggressive_discount,0.739,71.04
8251,41.4,aggressive_discount,0.3347,17.75
8252,31.5,standard_price,0.7563,12.9
8253,60.2,aggressive_discount,0.5397,56.98
8254,62.2,aggressive_discount,0.5619,58.07
8255,76.5,standard_price,0.2906,57.28
8256,42.9,standard_price,0.6501,45.55
8257,79.5,aggressive_discount,0.7364,65.0
8258,40.2,standard_price,0.6772,32.96
8259,39.2,standard_price,0.687,20.94
8260,21.3,aggressive_discount,0.1692,4.01
8261,29.7,standard_price,0.7709,14.3
8262,16.6,standard_price,0.8585,0.11
8263,17.1,standard_price,0.8558,4.44
8264,46.6,aggressive_discount,0.3886,29.97
8265,70.9,standard_price,0.3451,55.48
8266,37.1,standard_price,0.7069,30.74
8267,70.4,standard_price,0.3502,61.33
8268,66.7,aggressive_discount,0.611,64.3
8269,86.5,aggressive_discount,0.7929,92.07
8270,63.9,aggressive_discount,0.5807,44.24
8271,52.6,aggressive_discount,0.4544,38.47
8272,47.0,standard_price,0.6071,20.89
8273,62.8,standard_price,0.4314,47.55
8274,45.7,standard_price,0.6209,45.83
8275,41.0,standard_price,0.6693,33.2
8276,50.5,standard_price,0.5689,38.46
8277,25.5,aggressive_discount,0.1974,19.62
8278,23.2,standard_price,0.8185,8.22
8279,49.0,aggressive_discount,0.4146,30.72
8280,55.1,aggressive_discount,0.4824,45.84
8281,83.3,aggressive_discount,0.7683,67.25
8282,63.9,standard_price,0.4193,49.95
8283,42.0,aggressive_discount,0.3407,31.52
8284,62.1,aggressive_discount,0.5608,41.66
8285,42.3,aggressive_discount,0.3438,33.11
8286,68.3,standard_price,0.372,68.05
8287,21.5,standard_price,0.8296,5.43
8288,70.8,standard_price,0.3462,59.99
8289,45.4,standard_price,0.6241,48.36
8290,3.2,standard_price,0.9173,0.0
8291,42.5,standard_price,0.6542,26.55
8292,52.7,standard_price,0.5445,55.77
8293,22.5,standard_price,0.8231,8.02
8294,41.1,standard_price,0.6683,32.21
8295,71.6,aggressive_discount,0.662,71.16
8296,69.8,aggressive_discount,0.6436,47.51
8297,49.5,aggressive_discount,0.4201,30.96
8298,95.3,standard_price,0.1495,95.32
8299,61.0,aggressive_discount,0.5486,45.4
8300,51.5,aggressive_discount,0.4421,38.86
8301,88.3,aggressive_discount,0.8059,89.28
8302,60.1,standard_price,0.4615,52.5
8303,77.0,standard_price,0.286,71.29
8304,33.9,standard_price,0.7358,23.54
8305,48.1,standard_price,0.5952,46.11
8306,58.5,standard_price,0.4794,53.07
8307,40.0,standard_price,0.6792,25.48
8308,54.0,standard_price,0.53,41.43
8309,73.6,standard_price,0.3182,75.67
8310,74.2,aggressive_discount,0.6876,64.3
8311,51.6,aggressive_discount,0.4432,35.72
8312,100.0,aggressive_discount,0.8754,103.4
8313,53.6,aggressive_discount,0.4656,55.89
8314,14.8,standard_price,0.8681,0.0
8315,38.6,standard_price,0.6927,22.81
8316,53.1,aggressive_discount,0.46,35.82
8317,30.3,standard_price,0.7661,18.7
8318,33.5,standard_price,0.7393,20.43
8319,33.2,standard_price,0.7419,31.5
8320,48.8,aggressive_discount,0.4124,44.58
8321,11.3,aggressive_discount,0.1149,0.0
8322,54.1,standard_price,0.5288,35.2
8323,53.5,aggressive_discount,0.4644,41.64
8324,33.5,standard_price,0.7393,24.47
8325,44.3,aggressive_discount,0.3644,35.92
8326,36.1,standard_price,0.7162,20.53
8327,16.3,standard_price,0.8601,0.0
8328,63.9,aggressive_discount,0.5807,46.78
8329,37.2,standard_price,0.706,37.67
8330,58.0,aggressive_discount,0.515,51.3
8331,45.2,standard_price,0.6262,32.37
8332,45.9,standard_price,0.6188,34.75
8333,55.5,aggressive_discount,0.4869,52.53
8334,39.3,standard_price,0.686,42.51
8335,38.9,standard_price,0.6899,28.31
8336,46.7,standard_price,0.6103,42.43
8337,57.1,aggressive_discount,0.5049,50.32
8338,32.8,standard_price,0.7454,14.96
8339,59.5,aggressive_discount,0.5318,45.16
8340,55.8,aggressive_discount,0.4903,36.05
8341,61.0,standard_price,0.4514,57.87
8342,48.2,aggressive_discount,0.4059,32.44
8343,58.9,standard_price,0.4749,43.2
8344,56.3,standard_price,0.5041,53.05
8345,70.0,standard_price,0.3543,57.78
8346,97.1,aggressive_discount,0.8605,91.61
8347,76.8,standard_price,0.2878,62.52
8348,58.1,aggressive_discount,0.5161,59.17
8349,59.1,aggressive_discount,0.5273,48.38
8350,63.3,aggressive_discount,0.5741,54.24
8351,67.2,aggressive_discount,0.6163,60.71
8352,60.7,aggressive_discount,0.5453,54.15
8353,40.2,standard_price,0.6772,35.19
8354,75.8,aggressive_discount,0.7029,71.69
8355,38.7,aggressive_discount,0.3082,29.56
8356,52.6,standard_price,0.5456,55.42
8357,3.6,standard_price,0.9159,0.0
8358,66.3,aggressive_discount,0.6067,59.71
8359,37.9,standard_price,0.6994,35.56
8360,51.3,standard_price,0.5601,41.06
8361,47.9,aggressive_discount,0.4026,36.47
8362,54.2,aggressive_discount,0.4723,42.21
8363,45.8,aggressive_discount,0.3801,26.74
8364,72.5,aggressive_discount,0.671,65.59
8365,82.7,aggressive_discount,0.7634,77.11
8366,19.8,standard_price,0.8401,0.0
8367,21.1,aggressive_discount,0.1679,8.22
8368,45.5,aggressive_discount,0.377,28.58
8369,71.8,aggressive_discount,0.664,68.44
8370,69.7,aggressive_discount,0.6426,63.48
8371,57.6,standard_price,0.4895,49.05
8372,66.0,aggressive_discount,0.6035,55.81
8373,53.3,standard_price,0.5378,44.94
8374,61.8,aggressive_discount,0.5575,49.94
8375,18.7,standard_price,0.8466,2.79
8376,16.8,standard_price,0.8574,0.0
8377,50.8,standard_price,0.5656,32.24
8378,49.6,standard_price,0.5788,26.39
8379,85.3,aggressive_discount,0.7839,72.6
8380,80.8,aggressive_discount,0.7476,48.43
8381,41.5,standard_price,0.6643,34.09
8382,23.8,aggressive_discount,0.1856,0.0
8383,66.4,aggressive_discount,0.6078,61.08
8384,44.5,aggressive_discount,0.3664,26.55
8385,59.0,aggressive_discount,0.5262,37.06
8386,52.5,aggressive_discount,0.4533,38.57
8387,55.6,standard_price,0.512,50.84
8388,57.0,aggressive_discount,0.5037,29.03
8389,54.9,aggressive_discount,0.4801,41.18
8390,34.1,standard_price,0.7341,29.85
8391,51.8,aggressive_discount,0.4455,23.82
8392,61.7,aggressive_discount,0.5564,56.99
8393,55.1,aggressive_discount,0.4824,37.84
8394,55.8,aggressive_discount,0.4903,51.86
8395,83.5,aggressive_discount,0.7699,63.83
8396,37.3,aggressive_discount,0.2949,16.95
8397,57.6,aggressive_discount,0.5105,58.12
8398,32.4,standard_price,0.7488,7.97
8399,52.0,standard_price,0.5523,26.78
8400,84.5,aggressive_discount,0.7777,94.18
8401,33.9,standard_price,0.7358,17.69
8402,70.7,standard_price,0.3472,62.61
8403,58.7,standard_price,0.4771,55.3
8404,53.0,standard_price,0.5412,48.11
8405,64.6,standard_price,0.4117,41.43
8406,47.9,standard_price,0.5974,35.53
8407,64.4,aggressive_discount,0.5861,53.6
8408,48.6,aggressive_discount,0.4102,33.99
8409,9.1,standard_price,0.8948,1.45
8410,31.7,standard_price,0.7546,14.46
8411,54.6,standard_price,0.5232,48.03
8412,51.8,standard_price,0.5545,59.08
8413,28.1,standard_price,0.7834,23.08
8414,26.5,standard_price,0.7954,9.72
8415,51.5,aggressive_discount,0.4421,39.36
8416,38.7,standard_price,0.6918,34.43
8417,19.6,standard_price,0.8413,0.0
8418,53.9,aggressive_discount,0.4689,54.69
8419,60.1,standard_price,0.4615,57.75
8420,100.0,aggressive_discount,0.8754,92.03
8421,40.7,standard_price,0.6723,31.01
8422,20.4,standard_price,0.8364,1.66
8423,67.3,standard_price,0.3826,63.69
8424,59.2,aggressive_discount,0.5285,45.09
8425,15.6,standard_price,0.8639,7.99
8426,40.8,standard_price,0.6713,33.1
8427,75.0,aggressive_discount,0.6953,84.89
8428,39.6,standard_price,0.6831,14.28
8429,76.7,standard_price,0.2887,61.91
8430,65.5,aggressive_discount,0.5981,40.38
8431,86.5,aggressive_discount,0.7929,87.23
8432,71.8,aggressive_discount,0.664,59.18
8433,56.9,aggressive_discount,0.5026,43.65
8434,44.2,aggressive_discount,0.3633,34.32
8435,45.9,standard_price,0.6188,44.02
8436,71.9,standard_price,0.335,57.72
8437,59.1,standard_price,0.4727,47.58
8438,32.4,standard_price,0.7488,23.02
8439,36.5,aggressive_discount,0.2875,29.23
8440,11.3,standard_price,0.8851,0.0
8441,56.1,aggressive_discount,0.4936,42.1
8442,66.5,standard_price,0.3911,45.21
8443,47.6,standard_price,0.6006,41.59
8444,51.3,standard_price,0.5601,37.42
8445,61.7,aggressive_discount,0.5564,52.82
8446,19.3,standard_price,0.8431,0.0
8447,38.6,standard_price,0.6927,34.22
8448,60.9,aggressive_discount,0.5475,60.2
8449,56.8,standard_price,0.4985,42.79
8450,40.5,standard_price,0.6743,45.06
8451,30.7,aggressive_discount,0.2371,20.63
8452,49.3,standard_price,0.5821,49.35
8453,41.7,aggressive_discount,0.3377,37.85
8454,32.2,standard_price,0.7504,18.95
8455,41.4,standard_price,0.6653,39.28
8456,42.5,aggressive_discount,0.3458,27.84
8457,35.4,standard_price,0.7225,27.07
8458,44.5,standard_price,0.6336,36.66
8459,36.0,standard_price,0.7171,17.65
8460,37.4,standard_price,0.7041,23.8
8461,67.1,standard_price,0.3847,63.78
8462,45.7,standard_price,0.6209,42.94
8463,36.1,aggressive_discount,0.2838,30.07
8464,23.4,aggressive_discount,0.1829,0.0
8465,52.0,standard_price,0.5523,27.77
8466,66.3,standard_price,0.3933,62.55
8467,30.9,aggressive_discount,0.2388,13.82
8468,43.6,standard_price,0.6429,29.92
8469,61.8,aggressive_discount,0.5575,47.92
8470,61.0,aggressive_discount,0.5486,50.35
8471,39.6,standard_price,0.6831,29.52
8472,19.5,standard_price,0.8419,4.67
8473,14.4,aggressive_discount,0.1299,0.0
8474,61.0,standard_price,0.4514,61.25
8475,40.1,standard_price,0.6782,29.26
8476,53.4,standard_price,0.5367,53.91
8477,81.3,standard_price,0.2482,87.79
8478,81.3,standard_price,0.2482,73.98
8479,38.8,standard_price,0.6908,41.97
8480,37.4,standard_price,0.7041,26.83
8481,65.9,standard_price,0.3976,51.48
8482,72.8,aggressive_discount,0.6739,64.56
8483,32.2,standard_price,0.7504,13.52
8484,49.1,standard_price,0.5843,30.41
8485,71.9,aggressive_discount,0.665,49.63
8486,71.4,aggressive_discount,0.6599,63.54
8487,63.0,aggressive_discount,0.5708,53.02
8488,67.5,aggressive_discount,0.6195,51.14
8489,36.1,standard_price,0.7162,22.11
8490,66.8,standard_price,0.3879,60.55
8491,80.6,aggressive_discount,0.7459,73.05
8492,69.0,aggressive_discount,0.6353,73.03
8493,56.5,aggressive_discount,0.4981,31.44
8494,19.8,standard_price,0.8401,16.78
8495,60.8,aggressive_discount,0.5464,60.61
8496,54.9,standard_price,0.5199,36.77
8497,47.9,aggressive_discount,0.4026,45.16
8498,46.6,standard_price,0.6114,35.32
8499,94.0,aggressive_discount,0.8429,97.29
8500,9.0,standard_price,0.8952,0.0
8501,45.8,aggressive_discount,0.3801,38.6
8502,78.9,aggressive_discount,0.7312,60.26
8503,40.5,standard_price,0.6743,31.58
8504,41.4,aggressive_discount,0.3347,49.64
8505,90.9,aggressive_discount,0.8235,84.79
8506,45.9,standard_price,0.6188,45.51
8507,74.8,standard_price,0.3066,68.73
8508,39.7,standard_price,0.6821,23.13
8509,58.8,aggressive_discount,0.524,55.79
8510,65.3,aggressive_discount,0.5959,54.26
8511,27.9,aggressive_discount,0.2151,10.93
8512,65.8,aggressive_discount,0.6013,41.4
8513,56.1,aggressive_discount,0.4936,41.35
8514,71.3,standard_price,0.3411,68.83
8515,52.3,aggressive_discount,0.451,30.56
8516,54.0,aggressive_discount,0.47,36.01
8517,74.2,aggressive_discount,0.6876,65.78
8518,56.2,standard_price,0.5052,47.15
8519,30.8,aggressive_discount,0.2379,18.03
8520,32.5,aggressive_discount,0.2521,29.43
8521,28.9,standard_price,0.7772,20.08
8522,61.9,standard_price,0.4414,35.9
8523,80.3,aggressive_discount,0.7434,79.91
8524,52.4,standard_price,0.5479,43.48
8525,57.3,standard_price,0.4929,49.76
8526,37.1,aggressive_discount,0.2931,32.69
8527,12.5,standard_price,0.8795,0.0
8528,80.4,aggressive_discount,0.7442,65.0
8529,82.3,aggressive_discount,0.7601,62.46
8530,24.2,standard_price,0.8117,0.0
8531,51.7,standard_price,0.5556,41.26
8532,61.9,standard_price,0.4414,54.65
8533,43.2,standard_price,0.647,33.83
8534,48.0,aggressive_discount,0.4037,32.79
8535,57.8,aggressive_discount,0.5127,60.62
8536,40.4,aggressive_discount,0.3248,21.38
8537,62.5,standard_price,0.4347,55.26
8538,46.3,standard_price,0.6146,40.04
8539,68.0,standard_price,0.3752,72.07
8540,10.5,aggressive_discount,0.1113,0.0
8541,39.3,standard_price,0.686,27.8
8542,70.5,aggressive_discount,0.6508,66.72
8543,50.9,standard_price,0.5645,42.97
8544,44.7,standard_price,0.6315,25.97
8545,23.3,standard_price,0.8178,16.18
8546,74.1,standard_price,0.3134,57.97
8547,66.2,aggressive_discount,0.6056,64.63
8548,63.7,aggressive_discount,0.5785,53.31
8549,8.1,standard_price,0.8989,0.0
8550,55.0,standard_price,0.5187,48.82
8551,24.6,standard_price,0.8089,16.1
8552,45.8,aggressive_discount,0.3801,26.88
8553,69.0,aggressive_discount,0.6353,62.95
8554,38.3,standard_price,0.6956,25.2
8555,28.0,aggressive_discount,0.2159,11.26
8556,58.3,standard_price,0.4816,41.02
8557,14.3,standard_price,0.8706,16.76
8558,49.9,standard_price,0.5755,31.12
8559,56.5,aggressive_discount,0.4981,44.59
8560,54.6,aggressive_discount,0.4768,42.95
8561,58.9,standard_price,0.4749,40.41
8562,26.6,standard_price,0.7946,12.43
8563,32.6,standard_price,0.7471,23.71
8564,69.7,aggressive_discount,0.6426,59.45
8565,65.9,aggressive_discount,0.6024,64.05
8566,45.0,aggressive_discount,0.3717,35.93
8567,40.8,aggressive_discount,0.3287,31.58
8568,63.6,aggressive_discount,0.5774,63.37
8569,38.7,standard_price,0.6918,37.11
8570,57.6,aggressive_discount,0.5105,41.34
8571,24.4,standard_price,0.8103,0.0
8572,33.3,standard_price,0.7411,23.32
8573,73.0,standard_price,0.3241,52.05
8574,59.6,aggressive_discount,0.533,52.1
8575,38.5,standard_price,0.6937,31.81
8576,32.8,standard_price,0.7454,13.18
8577,59.3,aggressive_discount,0.5296,37.66
8578,39.1,aggressive_discount,0.3121,39.39
8579,32.8,standard_price,0.7454,28.14
8580,44.3,standard_price,0.6356,28.03
8581,20.0,standard_price,0.8389,0.0
8582,56.1,standard_price,0.5064,34.02
8583,54.0,standard_price,0.53,51.16
8584,72.9,aggressive_discount,0.6749,62.24
8585,48.5,aggressive_discount,0.4091,36.36
8586,11.7,standard_price,0.8832,12.96
8587,43.9,standard_price,0.6398,16.99
8588,25.8,standard_price,0.8004,12.42
8589,40.3,standard_price,0.6762,36.31
8590,59.8,aggressive_discount,0.5352,57.99
8591,34.6,standard_price,0.7297,15.11
8592,18.7,standard_price,0.8466,0.0
8593,47.1,standard_price,0.606,43.24
8594,46.7,aggressive_discount,0.3897,28.63
8595,55.2,aggressive_discount,0.4835,42.57
8596,53.3,standard_price,0.5378,47.98
8597,43.0,standard_price,0.6491,21.18
8598,40.5,aggressive_discount,0.3257,24.03
8599,44.5,aggressive_discount,0.3664,37.35
8600,47.6,standard_price,0.6006,34.08
8601,80.5,aggressive_discount,0.7451,62.02
8602,62.4,standard_price,0.4359,41.69
8603,36.0,standard_price,0.7171,17.88
8604,40.7,standard_price,0.6723,32.55
8605,30.9,standard_price,0.7612,14.21
8606,31.2,standard_price,0.7588,20.17
8607,24.9,standard_price,0.8068,20.21
8608,66.7,standard_price,0.389,78.08
8609,49.7,standard_price,0.5777,40.68
8610,0.0,standard_price,0.9276,0.0
8611,63.6,standard_price,0.4226,57.39
8612,24.7,standard_price,0.8082,5.09
8613,60.0,standard_price,0.4626,41.62
8614,73.5,standard_price,0.3192,65.44
8615,41.9,standard_price,0.6603,34.04
8616,32.2,standard_price,0.7504,25.5
8617,48.9,standard_price,0.5865,38.21
8618,68.0,aggressive_discount,0.6248,50.62
8619,49.0,standard_price,0.5854,28.07
8620,84.9,aggressive_discount,0.7808,81.65
8621,22.2,standard_price,0.8251,17.03
8622,28.2,standard_price,0.7826,17.62
8623,52.1,standard_price,0.5512,40.24
8624,34.2,standard_price,0.7332,32.62
8625,26.7,standard_price,0.7939,25.46
8626,59.4,aggressive_discount,0.5307,37.1
8627,47.7,standard_price,0.5995,41.86
8628,42.3,aggressive_discount,0.3438,24.66
8629,64.2,aggressive_discount,0.5839,46.15
8630,57.5,aggressive_discount,0.5094,35.38
8631,46.8,aggressive_discount,0.3908,28.0
8632,30.8,standard_price,0.7621,21.04
8633,44.4,aggressive_discount,0.3654,44.19
8634,43.2,standard_price,0.647,34.97
8635,68.9,aggressive_discount,0.6343,48.51
8636,58.8,aggressive_discount,0.524,39.42
8637,72.0,aggressive_discount,0.666,62.7
8638,58.1,aggressive_discount,0.5161,39.82
8639,60.9,standard_price,0.4525,60.32
8640,80.7,aggressive_discount,0.7468,78.66
8641,86.2,aggressive_discount,0.7907,66.31
8642,5.3,standard_price,0.9098,5.82
8643,15.1,standard_price,0.8665,5.65
8644,78.0,aggressive_discount,0.7231,57.55
8645,55.3,aggressive_discount,0.4846,30.76
8646,87.3,aggressive_discount,0.7987,75.26
8647,56.0,aggressive_discount,0.4925,39.87
8648,64.8,standard_price,0.4095,51.99
8649,72.0,aggressive_discount,0.666,52.92
8650,60.4,aggressive_discount,0.5419,48.78
8651,71.2,aggressive_discount,0.6579,55.74
8652,51.0,standard_price,0.5634,40.6
8653,49.9,aggressive_discount,0.4245,21.35
8654,65.0,aggressive_discount,0.5927,52.32
8655,53.7,standard_price,0.5333,45.19
8656,40.1,standard_price,0.6782,27.85
8657,32.0,standard_price,0.7521,7.61
8658,65.3,aggressive_discount,0.5959,48.41
8659,92.9,standard_price,0.1638,77.14
8660,72.2,aggressive_discount,0.668,52.69
8661,68.0,aggressive_discount,0.6248,58.97
8662,36.1,standard_price,0.7162,21.49
8663,27.2,standard_price,0.7902,7.52
8664,63.0,aggressive_discount,0.5708,60.51
8665,64.3,aggressive_discount,0.585,48.68
8666,26.2,standard_price,0.7975,9.87
8667,33.3,standard_price,0.7411,21.95
8668,42.4,standard_price,0.6552,26.35
8669,36.9,aggressive_discount,0.2912,19.38
8670,83.2,aggressive_discount,0.7675,66.38
8671,60.1,aggressive_discount,0.5385,44.95
8672,52.6,aggressive_discount,0.4544,31.42
8673,21.0,standard_price,0.8327,0.0
8674,81.5,aggressive_discount,0.7535,66.25
8675,44.4,aggressive_discount,0.3654,44.75
8676,35.6,standard_price,0.7207,31.0
8677,26.8,standard_price,0.7931,28.15
8678,69.5,aggressive_discount,0.6405,44.71
8679,44.3,standard_price,0.6356,40.89
8680,52.5,standard_price,0.5467,48.26
8681,33.7,standard_price,0.7376,25.14
8682,45.7,standard_price,0.6209,31.45
8683,57.9,standard_price,0.4861,49.65
8684,56.1,aggressive_discount,0.4936,32.58
8685,28.8,standard_price,0.778,7.36
8686,65.2,standard_price,0.4052,44.31
8687,38.2,standard_price,0.6966,30.16
8688,27.2,standard_price,0.7902,14.59
8689,63.7,aggressive_discount,0.5785,47.83
8690,57.2,aggressive_discount,0.506,48.77
8691,87.7,aggressive_discount,0.8016,70.75
8692,61.0,aggressive_discount,0.5486,67.65
8693,41.3,standard_price,0.6663,32.19
8694,66.9,standard_price,0.3869,52.85
8695,34.3,standard_price,0.7323,21.52
8696,47.2,aggressive_discount,0.3951,39.38
8697,35.8,standard_price,0.7189,19.85
8698,44.1,standard_price,0.6377,39.71
8699,70.1,aggressive_discount,0.6467,52.41
8700,34.2,standard_price,0.7332,29.53
8701,48.8,aggressive_discount,0.4124,30.31
8702,77.8,aggressive_discount,0.7213,78.99
8703,50.8,standard_price,0.5656,33.22
8704,37.4,standard_price,0.7041,18.89
8705,46.8,standard_price,0.6092,42.23
8706,30.0,standard_price,0.7685,0.0
8707,52.5,aggressive_discount,0.4533,46.9
8708,17.0,standard_price,0.8563,0.0
8709,54.7,aggressive_discount,0.4779,29.92
8710,56.2,aggressive_discount,0.4948,29.63
8711,39.8,aggressive_discount,0.3189,24.18
8712,34.4,standard_price,0.7315,21.17
8713,40.1,aggressive_discount,0.3218,41.22
8714,54.3,aggressive_discount,0.4734,41.9
8715,25.4,standard_price,0.8033,15.88
8716,62.2,standard_price,0.4381,49.85
8717,56.2,standard_price,0.5052,44.4
8718,61.6,aggressive_discount,0.5553,50.03
8719,56.1,standard_price,0.5064,48.34
8720,62.2,standard_price,0.4381,61.05
8721,58.9,aggressive_discount,0.5251,38.53
8722,36.6,standard_price,0.7116,28.19
8723,31.1,standard_price,0.7596,7.1
8724,21.1,standard_price,0.8321,19.17
8725,54.0,standard_price,0.53,42.79
8726,44.8,aggressive_discount,0.3696,42.87
8727,45.2,standard_price,0.6262,30.42
8728,30.9,standard_price,0.7612,17.93
8729,29.3,standard_price,0.7741,17.87
8730,73.0,aggressive_discount,0.6759,72.51
8731,43.2,standard_price,0.647,28.17
8732,33.9,standard_price,0.7358,20.78
8733,67.3,aggressive_discount,0.6174,66.36
8734,32.9,standard_price,0.7445,31.77
8735,38.6,aggressive_discount,0.3073,30.67
8736,29.2,standard_price,0.7749,22.91
8737,13.9,standard_price,0.8726,0.0
8738,82.2,standard_price,0.2407,75.03
8739,79.6,aggressive_discount,0.7373,66.94
8740,46.4,standard_price,0.6135,29.71
8741,43.8,aggressive_discount,0.3592,26.31
8742,49.6,aggressive_discount,0.4212,31.65
8743,46.2,standard_price,0.6156,23.61
8744,70.2,standard_price,0.3523,60.84
8745,0.0,standard_price,0.9276,0.0
8746,55.1,aggressive_discount,0.4824,48.46
8747,54.8,standard_price,0.521,43.08
8748,39.6,standard_price,0.6831,24.55
8749,0.0,standard_price,0.9276,0.0
8750,8.7,standard_price,0.8965,4.29
8751,60.4,aggressive_discount,0.5419,53.63
8752,22.7,standard_price,0.8218,0.0
8753,79.8,aggressive_discount,0.739,77.9
8754,84.9,aggressive_discount,0.7808,77.06
8755,34.7,standard_price,0.7288,18.46
8756,50.8,standard_price,0.5656,55.57
8757,29.7,standard_price,0.7709,0.0
8758,44.5,aggressive_discount,0.3664,29.23
8759,21.2,standard_price,0.8315,19.98
8760,51.1,aggressive_discount,0.4377,60.46
8761,31.9,standard_price,0.753,19.56
8762,12.0,standard_price,0.8818,0.0
8763,44.4,standard_price,0.6346,33.93
8764,78.6,aggressive_discount,0.7285,67.21
8765,66.6,aggressive_discount,0.6099,54.81
8766,35.7,aggressive_discount,0.2802,30.81
8767,47.0,aggressive_discount,0.3929,41.01
8768,65.7,aggressive_discount,0.6002,65.5
8769,56.7,standard_price,0.4996,48.43
8770,49.5,standard_price,0.5799,53.45
8771,48.8,standard_price,0.5876,31.65
8772,61.6,standard_price,0.4447,44.26
8773,53.9,standard_price,0.5311,48.53
8774,39.0,aggressive_discount,0.3111,4.5
8775,75.2,standard_price,0.3028,64.07
8776,28.5,standard_price,0.7803,31.51
8777,51.7,standard_price,0.5556,55.28
8778,44.6,standard_price,0.6325,46.33
8779,72.8,aggressive_discount,0.6739,66.41
8780,73.5,standard_price,0.3192,81.67
8781,87.0,standard_price,0.2034,72.84
8782,62.8,aggressive_discount,0.5686,55.71
8783,46.8,aggressive_discount,0.3908,34.45
8784,0.0,standard_price,0.9276,0.0
8785,42.8,standard_price,0.6511,39.45
8786,57.6,aggressive_discount,0.5105,44.68
8787,24.6,aggressive_discount,0.1911,6.48
8788,12.3,standard_price,0.8804,1.6
8789,61.9,aggressive_discount,0.5586,64.22
8790,64.4,aggressive_discount,0.5861,50.65
8791,22.6,standard_price,0.8224,2.05
8792,69.8,aggressive_discount,0.6436,55.69
8793,25.8,standard_price,0.8004,25.25
8794,49.0,aggressive_discount,0.4146,33.25
8795,43.9,standard_price,0.6398,41.96
8796,58.8,aggressive_discount,0.524,42.02
8797,61.2,aggressive_discount,0.5508,39.27
8798,53.7,aggressive_discount,0.4667,47.5
8799,25.9,standard_price,0.7997,13.87
8800,36.1,standard_price,0.7162,12.77
8801,32.5,standard_price,0.7479,33.84
8802,62.6,aggressive_discount,0.5664,47.93
8803,74.1,aggressive_discount,0.6866,64.03
8804,78.4,aggressive_discount,0.7267,67.96
8805,62.3,standard_price,0.437,59.17
8806,47.0,aggressive_discount,0.3929,43.2
8807,72.1,aggressive_discount,0.667,65.5
8808,9.9,standard_price,0.8913,0.0
8809,38.8,aggressive_discount,0.3092,25.92
8810,45.4,aggressive_discount,0.3759,30.72
8811,13.9,aggressive_discount,0.1274,0.0
8812,49.6,aggressive_discount,0.4212,36.93
8813,40.7,standard_price,0.6723,23.29
8814,60.1,standard_price,0.4615,50.75
8815,49.7,standard_price,0.5777,18.12
8816,17.4,standard_price,0.8541,1.61
8817,55.1,standard_price,0.5176,45.84
8818,33.1,aggressive_discount,0.2572,20.92
8819,41.6,standard_price,0.6633,27.22
8820,25.6,standard_price,0.8019,7.8
8821,49.9,standard_price,0.5755,43.28
8822,36.0,aggressive_discount,0.2829,26.94
8823,21.1,standard_price,0.8321,0.0
8824,36.6,standard_price,0.7116,22.55
8825,32.7,aggressive_discount,0.2538,9.71
8826,55.8,aggressive_discount,0.4903,42.81
8827,53.2,standard_price,0.5389,44.71
8828,70.6,aggressive_discount,0.6518,66.58
8829,7.3,standard_price,0.9022,0.0
8830,27.7,standard_price,0.7864,24.45
8831,60.5,standard_price,0.457,53.33
8832,32.5,standard_price,0.7479,27.01
8833,50.9,standard_price,0.5645,36.88
8834,52.6,aggressive_discount,0.4544,27.02
8835,51.7,standard_price,0.5556,44.35
8836,61.4,aggressive_discount,0.553,64.77
8837,56.1,standard_price,0.5064,41.18
8838,0.0,standard_price,0.9276,0.0
8839,63.7,aggressive_discount,0.5785,50.51
8840,22.4,standard_price,0.8238,24.45
8841,52.5,standard_price,0.5467,54.63
8842,58.3,aggressive_discount,0.5184,48.95
8843,50.3,standard_price,0.5711,51.66
8844,44.3,standard_price,0.6356,34.74
8845,21.8,aggressive_discount,0.1724,22.21
8846,84.8,aggressive_discount,0.7801,74.75
8847,46.2,aggressive_discount,0.3844,35.39
8848,43.9,standard_price,0.6398,33.86
8849,49.3,standard_price,0.5821,47.72
8850,72.2,standard_price,0.332,59.83
8851,77.9,aggressive_discount,0.7222,78.47
8852,23.2,standard_price,0.8185,0.65
8853,41.6,standard_price,0.6633,32.55
8854,93.7,aggressive_discount,0.8411,83.89
8855,56.0,aggressive_discount,0.4925,34.92
8856,40.3,aggressive_discount,0.3238,26.02
8857,38.4,standard_price,0.6947,23.95
8858,65.6,standard_price,0.4008,64.93
8859,55.1,aggressive_discount,0.4824,35.21
8860,43.6,standard_price,0.6429,16.11
8861,33.5,standard_price,0.7393,23.79
8862,38.4,standard_price,0.6947,18.47
8863,66.0,aggressive_discount,0.6035,68.94
8864,63.3,standard_price,0.4259,46.49
8865,55.3,standard_price,0.5154,49.19
8866,25.6,standard_price,0.8019,12.93
8867,74.2,standard_price,0.3124,69.28
8868,45.9,standard_price,0.6188,54.95
8869,48.9,standard_price,0.5865,35.85
8870,67.7,aggressive_discount,0.6216,51.86
8871,53.7,standard_price,0.5333,47.92
8872,91.7,aggressive_discount,0.8287,74.09
8873,59.7,aggressive_discount,0.5341,48.83
8874,50.1,aggressive_discount,0.4267,28.9
8875,44.5,standard_price,0.6336,44.51
8876,63.6,aggressive_discount,0.5774,44.31
8877,58.6,standard_price,0.4783,61.51
8878,43.7,standard_price,0.6419,26.68
8879,59.2,aggressive_discount,0.5285,49.45
8880,8.0,standard_price,0.8993,0.0
8881,70.8,standard_price,0.3462,63.42
8882,82.4,aggressive_discount,0.761,65.34
8883,95.1,aggressive_discount,0.8493,98.39
8884,80.7,standard_price,0.2532,62.92
8885,37.2,standard_price,0.706,26.27
8886,71.0,aggressive_discount,0.6559,67.24
8887,50.7,aggressive_discount,0.4333,40.95
8888,49.8,aggressive_discount,0.4234,28.68
8889,48.2,standard_price,0.5941,26.3
8890,49.5,aggressive_discount,0.4201,40.33
8891,44.1,standard_price,0.6377,26.39
8892,29.7,standard_price,0.7709,30.62
8893,32.5,standard_price,0.7479,25.57
8894,35.0,standard_price,0.7261,15.94
8895,45.9,standard_price,0.6188,27.52
8896,50.2,standard_price,0.5722,45.24
8897,73.4,aggressive_discount,0.6798,66.37
8898,48.1,standard_price,0.5952,26.21
8899,26.8,standard_price,0.7931,17.96
8900,35.3,standard_price,0.7234,5.55
8901,43.5,standard_price,0.6439,29.1
8902,47.2,standard_price,0.6049,34.51
8903,81.7,aggressive_discount,0.7552,80.68
8904,30.0,aggressive_discount,0.2315,16.13
8905,64.6,aggressive_discount,0.5883,49.54
8906,64.6,aggressive_discount,0.5883,43.92
8907,42.9,aggressive_discount,0.3499,31.84
8908,18.2,standard_price,0.8495,0.24
8909,60.2,standard_price,0.4603,66.8
8910,63.1,aggressive_discount,0.5719,53.28
8911,31.9,standard_price,0.753,16.34
8912,41.6,aggressive_discount,0.3367,42.01
8913,33.6,standard_price,0.7385,20.73
8914,79.5,aggressive_discount,0.7364,60.28
8915,40.2,standard_price,0.6772,38.34
8916,37.4,standard_price,0.7041,32.62
8917,73.5,aggressive_discount,0.6808,62.66
8918,32.3,standard_price,0.7496,24.54
8919,4.0,standard_price,0.9145,0.0
8920,56.3,standard_price,0.5041,49.69
8921,46.7,standard_price,0.6103,31.61
8922,73.5,aggressive_discount,0.6808,70.49
8923,70.2,standard_price,0.3523,64.99
8924,78.0,aggressive_discount,0.7231,50.36
8925,34.6,standard_price,0.7297,24.53
8926,53.7,aggressive_discount,0.4667,49.1
8927,44.4,aggressive_discount,0.3654,27.16
8928,73.6,aggressive_discount,0.6818,68.82
8929,51.4,standard_price,0.559,40.38
8930,58.2,standard_price,0.4828,46.59
8931,65.8,aggressive_discount,0.6013,53.69
8932,73.7,aggressive_discount,0.6828,60.05
8933,91.5,aggressive_discount,0.8274,77.45
8934,63.1,standard_price,0.4281,59.12
8935,42.5,aggressive_discount,0.3458,31.46
8936,56.3,standard_price,0.5041,63.45
8937,53.6,standard_price,0.5344,51.98
8938,31.1,standard_price,0.7596,14.24
8939,64.5,aggressive_discount,0.5872,67.66
8940,29.5,aggressive_discount,0.2275,6.92
8941,16.8,standard_price,0.8574,0.0
8942,45.2,standard_price,0.6262,53.2
8943,3.7,standard_price,0.9156,0.0
8944,82.1,aggressive_discount,0.7585,76.29
8945,66.7,aggressive_discount,0.611,55.4
8946,65.5,aggressive_discount,0.5981,66.18
8947,41.0,standard_price,0.6693,37.57
8948,50.8,standard_price,0.5656,42.64
8949,24.6,standard_price,0.8089,15.31
8950,46.7,standard_price,0.6103,31.38
8951,34.2,aggressive_discount,0.2668,14.34
8952,35.9,standard_price,0.718,29.65
8953,76.2,aggressive_discount,0.7066,63.43
8954,64.4,aggressive_discount,0.5861,62.11
8955,37.3,standard_price,0.7051,16.82
8956,95.9,aggressive_discount,0.8539,80.7
8957,11.3,standard_price,0.8851,0.0
8958,84.7,aggressive_discount,0.7793,90.04
8959,41.1,standard_price,0.6683,44.92
8960,17.4,standard_price,0.8541,6.07
8961,41.0,aggressive_discount,0.3307,31.97
8962,62.0,aggressive_discount,0.5597,45.75
8963,73.8,standard_price,0.3163,75.18
8964,51.1,standard_price,0.5623,46.09
8965,39.4,aggressive_discount,0.315,28.26
8966,85.6,aggressive_discount,0.7862,66.91
8967,34.8,standard_price,0.7279,12.95
8968,41.3,standard_price,0.6663,25.27
8969,54.7,aggressive_discount,0.4779,43.05
8970,55.4,standard_price,0.5142,40.09
8971,30.3,standard_price,0.7661,11.33
8972,79.8,aggressive_discount,0.739,70.7
8973,60.3,standard_price,0.4592,43.54
8974,49.1,aggressive_discount,0.4157,43.55
8975,34.9,aggressive_discount,0.273,22.59
8976,28.5,standard_price,0.7803,24.76
8977,52.8,aggressive_discount,0.4566,47.21
8978,86.3,aggressive_discount,0.7914,73.77
8979,43.3,standard_price,0.646,30.96
8980,84.9,aggressive_discount,0.7808,71.7
8981,67.6,aggressive_discount,0.6206,57.89
8982,35.2,standard_price,0.7243,20.93
8983,54.6,aggressive_discount,0.4768,46.49
8984,70.1,standard_price,0.3533,56.39
8985,46.6,standard_price,0.6114,41.98
8986,40.7,standard_price,0.6723,37.84
8987,68.3,aggressive_discount,0.628,47.36
8988,40.5,standard_price,0.6743,33.56
8989,27.0,aggressive_discount,0.2083,3.26
8990,24.4,standard_price,0.8103,3.33
8991,87.5,aggressive_discount,0.8002,77.7
8992,79.6,aggressive_discount,0.7373,69.43
8993,52.8,standard_price,0.5434,51.31
8994,50.6,aggressive_discount,0.4322,48.93
8995,41.0,standard_price,0.6693,37.86
8996,5.6,standard_price,0.9087,0.0
8997,0.0,standard_price,0.9276,0.0
8998,47.4,standard_price,0.6028,43.78
8999,54.0,standard_price,0.53,52.56
9000,35.6,standard_price,0.7207,20.51
9001,18.3,standard_price,0.849,18.59
9002,51.8,aggressive_discount,0.4455,25.96
9003,29.3,standard_price,0.7741,23.04
9004,51.3,standard_price,0.5601,46.29
9005,25.0,standard_price,0.8061,29.02
9006,28.2,standard_price,0.7826,19.86
9007,51.8,standard_price,0.5545,33.49
9008,52.5,standard_price,0.5467,36.84
9009,53.2,aggressive_discount,0.4611,40.91
9010,50.6,standard_price,0.5678,34.88
9011,37.3,standard_price,0.7051,20.12
9012,43.1,standard_price,0.6481,34.79
9013,27.4,aggressive_discount,0.2113,19.89
9014,54.3,aggressive_discount,0.4734,50.71
9015,80.2,aggressive_discount,0.7425,58.82
9016,55.5,standard_price,0.5131,48.11
9017,36.6,aggressive_discount,0.2884,20.78
9018,24.6,standard_price,0.8089,0.0
9019,59.6,standard_price,0.467,58.91
9020,82.0,aggressive_discount,0.7577,82.21
9021,49.1,standard_price,0.5843,30.45
9022,51.9,aggressive_discount,0.4466,51.42
9023,48.9,aggressive_discount,0.4135,26.5
9024,28.2,standard_price,0.7826,0.0
9025,60.7,aggressive_discount,0.5453,35.33
9026,0.0,standard_price,0.9276,0.0
9027,41.5,aggressive_discount,0.3357,26.71
9028,49.0,standard_price,0.5854,36.23
9029,19.3,standard_price,0.8431,0.0
9030,15.0,standard_price,0.867,3.3
9031,42.8,standard_price,0.6511,24.3
9032,71.5,standard_price,0.3391,55.06
9033,53.1,standard_price,0.54,35.96
9034,51.8,aggressive_discount,0.4455,35.7
9035,100.0,standard_price,0.1246,88.05
9036,42.2,standard_price,0.6572,33.82
9037,63.2,aggressive_discount,0.573,58.56
9038,54.5,aggressive_discount,0.4756,31.07
9039,73.6,aggressive_discount,0.6818,55.18
9040,30.4,standard_price,0.7653,21.29
9041,26.6,standard_price,0.7946,23.12
9042,59.0,aggressive_discount,0.5262,38.19
9043,34.9,standard_price,0.727,25.44
9044,58.6,standard_price,0.4783,57.51
9045,48.6,aggressive_discount,0.4102,36.85
9046,71.1,aggressive_discount,0.6569,47.86
9047,43.5,standard_price,0.6439,32.75
9048,28.5,standard_price,0.7803,0.0
9049,15.4,standard_price,0.8649,0.0
9050,54.5,standard_price,0.5244,45.1
9051,8.1,standard_price,0.8989,0.0
9052,68.5,aggressive_discount,0.6301,56.71
9053,22.4,standard_price,0.8238,4.62
9054,37.4,standard_price,0.7041,33.58
9055,48.9,standard_price,0.5865,32.37
9056,44.2,aggressive_discount,0.3633,30.12
9057,71.4,standard_price,0.3401,66.75
9058,37.0,standard_price,0.7079,24.4
9059,70.1,aggressive_discount,0.6467,58.25
9060,42.6,aggressive_discount,0.3468,30.71
9061,57.0,standard_price,0.4963,32.87
9062,65.8,aggressive_discount,0.6013,43.73
9063,39.0,standard_price,0.6889,21.01
9064,39.8,standard_price,0.6811,38.22
9065,37.2,standard_price,0.706,19.01
9066,84.0,aggressive_discount,0.7738,79.96
9067,77.4,aggressive_discount,0.7177,71.69
9068,45.3,aggressive_discount,0.3748,34.92
9069,60.4,standard_price,0.4581,60.72
9070,44.3,standard_price,0.6356,36.03
9071,94.3,aggressive_discount,0.8447,83.94
9072,26.8,standard_price,0.7931,13.75
9073,30.4,standard_price,0.7653,12.93
9074,31.0,standard_price,0.7604,22.93
9075,68.6,aggressive_discount,0.6311,62.33
9076,39.2,standard_price,0.687,36.27
9077,80.7,standard_price,0.2532,72.1
9078,65.2,standard_price,0.4052,60.54
9079,65.3,standard_price,0.4041,72.89
9080,12.2,standard_price,0.8809,1.42
9081,30.7,standard_price,0.7629,11.63
9082,73.7,aggressive_discount,0.6828,52.64
9083,84.6,standard_price,0.2215,78.56
9084,47.9,aggressive_discount,0.4026,33.76
9085,68.4,aggressive_discount,0.629,61.17
9086,37.2,standard_price,0.706,40.14
9087,66.6,aggressive_discount,0.6099,64.28
9088,30.5,standard_price,0.7645,28.6
9089,40.8,aggressive_discount,0.3287,14.56
9090,29.2,standard_price,0.7749,19.04
9091,80.7,aggressive_discount,0.7468,74.08
9092,45.6,standard_price,0.622,25.79
9093,16.4,standard_price,0.8596,0.0
9094,8.8,standard_price,0.896,0.0
9095,70.1,standard_price,0.3533,64.18
9096,42.7,standard_price,0.6521,13.84
9097,30.6,standard_price,0.7637,26.14
9098,49.3,standard_price,0.5821,36.29
9099,54.7,aggressive_discount,0.4779,53.73
9100,50.5,standard_price,0.5689,33.42
9101,58.8,standard_price,0.476,45.7
9102,82.2,standard_price,0.2407,60.05
9103,40.2,standard_price,0.6772,47.08
9104,64.6,standard_price,0.4117,45.19
9105,32.9,aggressive_discount,0.2555,23.85
9106,67.1,standard_price,0.3847,72.88
9107,27.2,standard_price,0.7902,16.82
9108,19.2,standard_price,0.8437,3.51
9109,47.1,aggressive_discount,0.394,43.31
9110,41.6,aggressive_discount,0.3367,21.3
9111,44.0,standard_price,0.6388,24.89
9112,37.7,aggressive_discount,0.2987,21.38
9113,53.2,standard_price,0.5389,44.52
9114,22.9,standard_price,0.8205,4.79
9115,71.2,standard_price,0.3421,59.1
9116,55.3,standard_price,0.5154,44.91
9117,79.7,aggressive_discount,0.7382,65.39
9118,35.3,standard_price,0.7234,14.5
9119,56.1,standard_price,0.5064,39.31
9120,72.6,standard_price,0.3281,61.98
9121,45.0,aggressive_discount,0.3717,42.26
9122,73.0,aggressive_discount,0.6759,76.85
9123,79.4,aggressive_discount,0.7356,61.9
9124,86.5,aggressive_discount,0.7929,68.46
9125,19.7,standard_price,0.8407,0.0
9126,47.1,aggressive_discount,0.394,28.2
9127,35.4,standard_price,0.7225,16.55
9128,80.7,aggressive_discount,0.7468,68.22
9129,38.6,standard_price,0.6927,21.27
9130,68.3,standard_price,0.372,67.2
9131,67.1,aggressive_discount,0.6153,49.64
9132,70.2,aggressive_discount,0.6477,49.39
9133,64.2,standard_price,0.4161,44.68
9134,42.8,aggressive_discount,0.3489,23.03
9135,63.5,aggressive_discount,0.5763,50.96
9136,50.8,standard_price,0.5656,34.46
9137,34.8,standard_price,0.7279,21.35
9138,84.8,aggressive_discount,0.7801,77.33
9139,74.7,aggressive_discount,0.6924,63.05
9140,52.0,aggressive_discount,0.4477,34.1
9141,53.2,standard_price,0.5389,55.87
9142,69.6,aggressive_discount,0.6415,50.65
9143,9.9,aggressive_discount,0.1087,0.0
9144,54.4,standard_price,0.5255,55.71
9145,45.3,aggressive_discount,0.3748,33.06
9146,73.1,aggressive_discount,0.6769,55.19
9147,56.5,aggressive_discount,0.4981,49.45
9148,89.9,aggressive_discount,0.8169,90.64
9149,35.0,aggressive_discount,0.2739,24.68
9150,46.4,standard_price,0.6135,23.05
9151,69.2,aggressive_discount,0.6374,60.51
9152,88.0,aggressive_discount,0.8038,75.61
9153,31.4,standard_price,0.7571,17.85
9154,45.6,standard_price,0.622,23.66
9155,20.9,standard_price,0.8333,0.0
9156,30.0,standard_price,0.7685,28.32
9157,66.1,standard_price,0.3954,72.69
9158,73.6,aggressive_discount,0.6818,49.73
9159,45.7,aggressive_discount,0.3791,30.51
9160,23.9,standard_price,0.8137,22.74
9161,54.5,aggressive_discount,0.4756,54.91
9162,27.6,standard_price,0.7872,1.5
9163,58.5,aggressive_discount,0.5206,72.41
9164,58.8,standard_price,0.476,39.43
9165,65.1,standard_price,0.4062,61.58
9166,74.7,standard_price,0.3076,64.76
9167,82.0,standard_price,0.2423,59.92
9168,26.8,standard_price,0.7931,24.65
9169,38.4,aggressive_discount,0.3053,31.08
9170,41.4,aggressive_discount,0.3347,27.02
9171,40.4,standard_price,0.6752,36.46
9172,12.7,standard_price,0.8785,0.59
9173,49.2,standard_price,0.5832,35.4
9174,76.4,aggressive_discount,0.7085,72.76
9175,51.0,aggressive_discount,0.4366,32.75
9176,54.7,aggressive_discount,0.4779,50.32
9177,53.3,standard_price,0.5378,55.59
9178,67.2,aggressive_discount,0.6163,48.81
9179,37.4,standard_price,0.7041,27.17
9180,43.7,standard_price,0.6419,34.44
9181,49.3,aggressive_discount,0.4179,31.8
9182,35.6,standard_price,0.7207,26.51
9183,42.6,standard_price,0.6532,19.55
9184,51.3,standard_price,0.5601,39.08
9185,51.9,aggressive_discount,0.4466,54.03
9186,79.8,aggressive_discount,0.739,67.41
9187,63.2,standard_price,0.427,65.24
9188,54.9,standard_price,0.5199,42.16
9189,37.7,standard_price,0.7013,25.92
9190,76.9,aggressive_discount,0.7131,63.63
9191,67.5,aggressive_discount,0.6195,76.98
9192,63.8,aggressive_discount,0.5796,59.93
9193,7.8,standard_price,0.9002,0.0
9194,44.8,standard_price,0.6304,43.16
9195,33.2,standard_price,0.7419,21.76
9196,70.7,aggressive_discount,0.6528,77.23
9197,39.1,standard_price,0.6879,32.37
9198,37.5,standard_price,0.7032,32.24
9199,39.4,aggressive_discount,0.315,22.57
9200,100.0,aggressive_discount,0.8754,97.43
9201,60.4,standard_price,0.4581,54.51
9202,37.4,standard_price,0.7041,28.27
9203,31.2,aggressive_discount,0.2412,19.04
9204,81.0,standard_price,0.2507,85.58
9205,41.4,aggressive_discount,0.3347,27.42
9206,49.3,standard_price,0.5821,47.96
9207,39.9,standard_price,0.6802,31.04
9208,99.1,aggressive_discount,0.871,94.29
9209,58.3,aggressive_discount,0.5184,53.15
9210,61.5,aggressive_discount,0.5542,53.81
9211,47.7,standard_price,0.5995,23.58
9212,25.5,standard_price,0.8026,13.62
9213,54.9,standard_price,0.5199,49.17
9214,56.3,aggressive_discount,0.4959,58.56
9215,48.8,aggressive_discount,0.4124,33.51
9216,54.3,aggressive_discount,0.4734,25.98
9217,47.1,aggressive_discount,0.394,30.26
9218,17.0,standard_price,0.8563,0.0
9219,18.1,standard_price,0.8501,0.0
9220,50.2,aggressive_discount,0.4278,28.17
9221,38.3,aggressive_discount,0.3044,27.32
9222,41.7,aggressive_discount,0.3377,32.57
9223,40.1,standard_price,0.6782,30.91
9224,44.5,standard_price,0.6336,51.59
9225,88.7,aggressive_discount,0.8087,89.05
9226,26.8,standard_price,0.7931,14.0
9227,45.0,aggressive_discount,0.3717,31.18
9228,71.3,aggressive_discount,0.6589,61.48
9229,100.0,aggressive_discount,0.8754,92.61
9230,48.3,aggressive_discount,0.407,35.6
9231,61.7,standard_price,0.4436,56.42
9232,37.7,standard_price,0.7013,23.3
9233,37.2,aggressive_discount,0.294,44.27
9234,57.8,aggressive_discount,0.5127,48.71
9235,34.3,standard_price,0.7323,27.5
9236,67.7,standard_price,0.3784,56.32
9237,46.7,standard_price,0.6103,36.75
9238,30.4,aggressive_discount,0.2347,11.62
9239,51.6,standard_price,0.5568,39.58
9240,67.3,aggressive_discount,0.6174,57.43
9241,43.9,aggressive_discount,0.3602,27.88
9242,46.5,standard_price,0.6124,31.99
9243,39.8,standard_price,0.6811,30.04
9244,57.3,aggressive_discount,0.5071,33.01
9245,53.2,standard_price,0.5389,43.93
9246,66.5,aggressive_discount,0.6089,46.52
9247,15.6,standard_price,0.8639,0.0
9248,18.6,standard_price,0.8472,18.25
9249,43.5,aggressive_discount,0.3561,15.12
9250,57.5,aggressive_discount,0.5094,35.09
9251,54.8,aggressive_discount,0.479,57.63
9252,18.9,standard_price,0.8455,0.0
9253,59.8,standard_price,0.4648,50.03
9254,45.1,standard_price,0.6273,22.99
9255,69.4,standard_price,0.3605,74.12
9256,40.3,aggressive_discount,0.3238,22.63
9257,57.1,standard_price,0.4951,45.24
9258,45.9,aggressive_discount,0.3812,43.56
9259,23.6,aggressive_discount,0.1842,1.01
9260,59.5,standard_price,0.4682,55.79
9261,43.3,aggressive_discount,0.354,41.36
9262,26.8,standard_price,0.7931,7.57
9263,93.0,aggressive_discount,0.8369,85.31
9264,70.2,standard_price,0.3523,64.43
9265,56.7,aggressive_discount,0.5004,57.69
9266,66.5,aggressive_discount,0.6089,67.06
9267,55.4,aggressive_discount,0.4858,35.47
9268,60.3,standard_price,0.4592,64.29
9269,35.3,standard_price,0.7234,30.79
9270,74.9,aggressive_discount,0.6943,62.75
9271,24.6,aggressive_discount,0.1911,23.03
9272,27.4,aggressive_discount,0.2113,24.01
9273,64.4,standard_price,0.4139,55.92
9274,47.9,aggressive_discount,0.4026,33.57
9275,59.3,standard_price,0.4704,37.08
9276,50.9,standard_price,0.5645,30.59
9277,46.6,standard_price,0.6114,31.55
9278,70.2,aggressive_discount,0.6477,65.43
9279,24.7,standard_price,0.8082,13.2
9280,56.1,aggressive_discount,0.4936,57.05
9281,43.8,standard_price,0.6408,36.89
9282,77.1,aggressive_discount,0.7149,65.67
9283,52.2,standard_price,0.5501,50.27
9284,61.9,aggressive_discount,0.5586,46.72
9285,43.3,standard_price,0.646,12.07
9286,64.7,aggressive_discount,0.5894,47.24
9287,56.3,aggressive_discount,0.4959,44.8
9288,12.6,standard_price,0.879,0.0
9289,64.9,aggressive_discount,0.5916,48.51
9290,39.8,standard_price,0.6811,25.45
9291,28.2,standard_price,0.7826,11.25
9292,81.1,aggressive_discount,0.7502,70.55
9293,80.8,aggressive_discount,0.7476,78.8
9294,57.4,aggressive_discount,0.5082,51.76
9295,69.5,aggressive_discount,0.6405,75.7
9296,44.3,standard_price,0.6356,33.47
9297,75.1,aggressive_discount,0.6962,63.99
9298,53.9,aggressive_discount,0.4689,24.72
9299,16.6,standard_price,0.8585,1.75
9300,16.8,standard_price,0.8574,5.0
9301,46.2,standard_price,0.6156,26.54
9302,20.9,standard_price,0.8333,11.66
9303,27.4,standard_price,0.7887,16.05
9304,80.7,aggressive_discount,0.7468,74.57
9305,43.4,standard_price,0.645,39.26
9306,61.3,aggressive_discount,0.5519,61.08
9307,51.3,aggressive_discount,0.4399,39.08
9308,61.8,aggressive_discount,0.5575,53.19
9309,50.9,aggressive_discount,0.4355,33.04
9310,0.0,standard_price,0.9276,0.0
9311,73.5,aggressive_discount,0.6808,49.52
9312,27.8,standard_price,0.7857,13.43
9313,41.7,aggressive_discount,0.3377,28.2
9314,26.9,standard_price,0.7924,4.34
9315,87.8,aggressive_discount,0.8023,78.08
9316,0.0,standard_price,0.9276,0.0
9317,77.4,standard_price,0.2823,74.65
9318,63.3,standard_price,0.4259,51.49
9319,42.0,aggressive_discount,0.3407,29.52
9320,41.7,aggressive_discount,0.3377,37.59
9321,78.6,aggressive_discount,0.7285,81.27
9322,96.1,aggressive_discount,0.855,85.7
9323,37.2,aggressive_discount,0.294,10.87
9324,97.7,aggressive_discount,0.8637,82.11
9325,48.3,standard_price,0.593,28.04
9326,37.1,aggressive_discount,0.2931,20.82
9327,89.3,aggressive_discount,0.8128,83.69
9328,59.0,aggressive_discount,0.5262,34.9
9329,41.9,standard_price,0.6603,41.83
9330,64.5,aggressive_discount,0.5872,76.1
9331,38.5,standard_price,0.6937,27.04
9332,78.6,standard_price,0.2715,87.83
9333,53.9,standard_price,0.5311,56.85
9334,42.3,standard_price,0.6562,40.32
9335,80.9,aggressive_discount,0.7485,70.59
9336,63.6,standard_price,0.4226,54.77
9337,29.0,standard_price,0.7764,25.48
9338,27.7,standard_price,0.7864,8.11
9339,41.5,standard_price,0.6643,32.09
9340,58.8,aggressive_discount,0.524,61.75
9341,71.8,aggressive_discount,0.664,49.06
9342,30.8,aggressive_discount,0.2379,13.59
9343,67.3,aggressive_discount,0.6174,52.42
9344,32.4,standard_price,0.7488,24.1
9345,81.5,aggressive_discount,0.7535,82.52
9346,27.7,standard_price,0.7864,12.4
9347,51.9,standard_price,0.5534,29.18
9348,97.3,aggressive_discount,0.8616,91.53
9349,13.5,standard_price,0.8746,14.69
9350,20.3,aggressive_discount,0.1629,0.0
9351,66.6,standard_price,0.3901,67.24
9352,47.6,standard_price,0.6006,53.01
9353,61.5,aggressive_discount,0.5542,55.36
9354,52.4,standard_price,0.5479,39.09
9355,28.7,aggressive_discount,0.2212,27.95
9356,41.4,aggressive_discount,0.3347,34.89
9357,48.8,standard_price,0.5876,49.29
9358,51.2,aggressive_discount,0.4388,38.73
9359,67.7,aggressive_discount,0.6216,54.81
9360,50.0,aggressive_discount,0.4256,36.64
9361,28.7,standard_price,0.7788,22.83
9362,40.2,aggressive_discount,0.3228,22.58
9363,40.8,standard_price,0.6713,37.88
9364,40.2,standard_price,0.6772,27.91
9365,54.2,standard_price,0.5277,41.54
9366,36.8,aggressive_discount,0.2903,26.6
9367,84.8,aggressive_discount,0.7801,70.88
9368,55.5,aggressive_discount,0.4869,31.91
9369,30.2,standard_price,0.7669,17.51
9370,37.9,standard_price,0.6994,27.59
9371,64.0,standard_price,0.4182,62.87
9372,51.4,aggressive_discount,0.441,21.21
9373,17.0,aggressive_discount,0.1437,12.47
9374,10.8,standard_price,0.8874,0.0
9375,57.7,aggressive_discount,0.5116,59.88
9376,32.6,standard_price,0.7471,10.5
9377,28.3,standard_price,0.7819,28.62
9378,44.4,standard_price,0.6346,31.95
9379,32.0,standard_price,0.7521,16.89
9380,74.2,aggressive_discount,0.6876,54.44
9381,42.4,standard_price,0.6552,41.47
9382,57.5,aggressive_discount,0.5094,39.93
9383,63.9,aggressive_discount,0.5807,54.87
9384,41.8,standard_price,0.6613,34.37
9385,16.9,standard_price,0.8569,0.0
9386,46.7,aggressive_discount,0.3897,33.65
9387,26.9,standard_price,0.7924,17.15
9388,51.8,standard_price,0.5545,59.02
9389,56.3,aggressive_discount,0.4959,58.84
9390,49.0,aggressive_discount,0.4146,41.07
9391,71.3,aggressive_discount,0.6589,55.1
9392,49.4,aggressive_discount,0.419,20.29
9393,61.6,standard_price,0.4447,55.91
9394,20.2,standard_price,0.8377,16.84
9395,27.3,standard_price,0.7894,10.53
9396,97.1,aggressive_discount,0.8605,90.64
9397,64.3,aggressive_discount,0.585,58.61
9398,30.5,standard_price,0.7645,4.2
9399,70.7,aggressive_discount,0.6528,53.0
9400,42.3,standard_price,0.6562,34.17
9401,83.4,aggressive_discount,0.7691,76.67
9402,24.3,standard_price,0.811,0.0
9403,33.5,standard_price,0.7393,7.7
9404,64.4,standard_price,0.4139,43.85
9405,61.4,standard_price,0.447,36.86
9406,82.2,standard_price,0.2407,72.34
9407,67.7,aggressive_discount,0.6216,57.06
9408,40.6,standard_price,0.6733,18.64
9409,51.7,aggressive_discount,0.4444,36.24
9410,76.3,standard_price,0.2925,55.71
9411,53.2,standard_price,0.5389,33.04
9412,36.1,standard_price,0.7162,27.4
9413,41.3,standard_price,0.6663,29.0
9414,58.1,standard_price,0.4839,39.94
9415,77.6,aggressive_discount,0.7195,63.31
9416,29.7,standard_price,0.7709,16.66
9417,83.6,aggressive_discount,0.7707,69.84
9418,83.5,aggressive_discount,0.7699,77.63
9419,23.4,standard_price,0.8171,0.0
9420,75.6,standard_price,0.299,76.55
9421,45.4,standard_price,0.6241,34.1
9422,4.4,aggressive_discount,0.0869,0.0
9423,28.1,standard_price,0.7834,14.05
9424,54.0,aggressive_discount,0.47,30.57
9425,26.1,standard_price,0.7983,22.32
9426,73.4,standard_price,0.3202,70.89
9427,56.6,standard_price,0.5007,62.63
9428,48.3,aggressive_discount,0.407,37.28
9429,22.0,standard_price,0.8264,4.92
9430,60.8,standard_price,0.4536,51.38
9431,41.4,standard_price,0.6653,42.48
9432,42.2,standard_price,0.6572,33.27
9433,49.0,standard_price,0.5854,41.22
9434,70.5,aggressive_discount,0.6508,57.66
9435,49.5,aggressive_discount,0.4201,39.01
9436,46.8,standard_price,0.6092,39.88
9437,45.9,standard_price,0.6188,39.67
9438,25.9,standard_price,0.7997,17.9
9439,66.0,standard_price,0.3965,44.12
9440,18.8,standard_price,0.8461,1.27
9441,39.5,standard_price,0.6841,11.04
9442,74.0,aggressive_discount,0.6857,57.34
9443,60.3,aggressive_discount,0.5408,38.78
9444,50.6,standard_price,0.5678,39.42
9445,31.8,aggressive_discount,0.2462,12.3
9446,26.5,standard_price,0.7954,0.0
9447,27.1,standard_price,0.7909,8.9
9448,48.0,standard_price,0.5963,20.64
9449,13.4,standard_price,0.8751,0.0
9450,89.1,standard_price,0.1885,69.18
9451,46.0,aggressive_discount,0.3823,32.08
9452,18.3,aggressive_discount,0.151,11.46
9453,84.5,aggressive_discount,0.7777,72.62
9454,15.0,standard_price,0.867,0.0
9455,66.9,aggressive_discount,0.6131,57.67
9456,82.4,aggressive_discount,0.761,69.79
9457,34.2,standard_price,0.7332,20.35
9458,32.7,aggressive_discount,0.2538,27.38
9459,37.7,aggressive_discount,0.2987,15.87
9460,47.2,standard_price,0.6049,49.22
9461,43.3,standard_price,0.646,25.75
9462,56.3,standard_price,0.5041,48.78
9463,23.6,aggressive_discount,0.1842,8.61
9464,22.9,standard_price,0.8205,10.69
9465,27.9,standard_price,0.7849,1.26
9466,76.2,aggressive_discount,0.7066,61.66
9467,36.8,standard_price,0.7097,22.26
9468,36.4,aggressive_discount,0.2866,15.99
9469,70.7,aggressive_discount,0.6528,57.66
9470,44.9,standard_price,0.6294,23.83
9471,41.5,standard_price,0.6643,33.07
9472,56.6,standard_price,0.5007,62.0
9473,48.2,aggressive_discount,0.4059,48.62
9474,35.5,aggressive_discount,0.2784,24.03
9475,44.9,standard_price,0.6294,38.41
9476,22.4,standard_price,0.8238,2.15
9477,93.4,aggressive_discount,0.8393,93.51
9478,40.2,standard_price,0.6772,31.1
9479,38.3,standard_price,0.6956,29.5
9480,2.4,standard_price,0.92,9.16
9481,53.8,standard_price,0.5322,51.51
9482,60.1,standard_price,0.4615,67.13
9483,73.2,standard_price,0.3221,51.73
9484,54.3,standard_price,0.5266,49.98
9485,42.8,standard_price,0.6511,20.52
9486,55.7,aggressive_discount,0.4891,41.84
9487,63.3,standard_price,0.4259,39.14
9488,71.1,standard_price,0.3431,74.4
9489,36.2,standard_price,0.7152,12.64
9490,53.7,aggressive_discount,0.4667,47.51
9491,39.1,standard_price,0.6879,14.45
9492,62.8,aggressive_discount,0.5686,48.53
9493,39.6,aggressive_discount,0.3169,25.05
9494,50.9,standard_price,0.5645,36.21
9495,72.1,aggressive_discount,0.667,69.16
9496,54.4,standard_price,0.5255,37.89
9497,80.9,aggressive_discount,0.7485,57.29
9498,43.0,aggressive_discount,0.3509,33.07
9499,64.7,aggressive_discount,0.5894,55.72
9500,73.3,aggressive_discount,0.6789,60.19
9501,41.5,standard_price,0.6643,26.01
9502,41.9,aggressive_discount,0.3397,8.85
9503,73.9,aggressive_discount,0.6847,62.58
9504,70.8,aggressive_discount,0.6538,68.57
9505,18.4,standard_price,0.8484,0.0
9506,44.1,aggressive_discount,0.3623,20.01
9507,67.6,aggressive_discount,0.6206,67.64
9508,71.3,aggressive_discount,0.6589,72.84
9509,75.1,aggressive_discount,0.6962,53.17
9510,68.4,standard_price,0.371,68.04
9511,34.9,standard_price,0.727,26.49
9512,66.1,aggressive_discount,0.6046,43.99
9513,70.9,standard_price,0.3451,42.2
9514,18.2,standard_price,0.8495,10.99
9515,40.8,aggressive_discount,0.3287,6.04
9516,51.0,standard_price,0.5634,44.14
9517,36.1,aggressive_discount,0.2838,14.93
9518,58.0,standard_price,0.485,37.54
9519,81.5,standard_price,0.2465,72.06
9520,65.5,aggressive_discount,0.5981,54.46
9521,66.1,aggressive_discount,0.6046,56.69
9522,57.8,standard_price,0.4873,60.95
9523,85.9,aggressive_discount,0.7884,72.2
9524,51.6,aggressive_discount,0.4432,41.66
9525,64.3,standard_price,0.415,69.9
9526,73.1,standard_price,0.3231,70.22
9527,40.6,aggressive_discount,0.3267,22.43
9528,44.4,standard_price,0.6346,34.55
9529,56.4,standard_price,0.503,30.64
9530,63.3,standard_price,0.4259,60.23
9531,28.5,standard_price,0.7803,12.74
9532,25.5,standard_price,0.8026,9.49
9533,64.5,aggressive_discount,0.5872,58.88
9534,63.4,aggressive_discount,0.5752,54.52
9535,65.9,aggressive_discount,0.6024,53.43
9536,34.6,aggressive_discount,0.2703,19.28
9537,58.9,aggressive_discount,0.5251,33.86
9538,30.6,standard_price,0.7637,13.34
9539,39.2,standard_price,0.687,33.29
9540,36.7,standard_price,0.7106,31.16
9541,35.7,standard_price,0.7198,30.13
9542,0.0,standard_price,0.9276,0.0
9543,25.2,standard_price,0.8047,13.3
9544,51.9,standard_price,0.5534,47.98
9545,60.0,aggressive_discount,0.5374,37.09
9546,64.1,aggressive_discount,0.5829,56.95
9547,49.2,standard_price,0.5832,35.12
9548,24.8,standard_price,0.8075,12.39
9549,56.8,standard_price,0.4985,54.43
9550,65.7,aggressive_discount,0.6002,57.4
9551,80.9,aggressive_discount,0.7485,70.17
9552,56.6,standard_price,0.5007,32.07
9553,42.9,aggressive_discount,0.3499,23.04
9554,38.6,standard_price,0.6927,22.84
9555,34.1,aggressive_discount,0.2659,33.57
9556,37.6,standard_price,0.7022,23.98
9557,43.0,standard_price,0.6491,34.6
9558,58.6,standard_price,0.4783,53.38
9559,67.2,aggressive_discount,0.6163,70.38
9560,17.9,standard_price,0.8513,9.2
9561,37.5,standard_price,0.7032,19.54
9562,38.2,standard_price,0.6966,35.87
9563,15.4,standard_price,0.8649,0.0
9564,59.6,standard_price,0.467,57.26
9565,59.0,standard_price,0.4738,51.25
9566,43.7,aggressive_discount,0.3581,33.45
9567,53.8,aggressive_discount,0.4678,42.8
9568,45.1,aggressive_discount,0.3727,33.05
9569,44.5,aggressive_discount,0.3664,26.56
9570,70.8,standard_price,0.3462,59.92
9571,62.7,aggressive_discount,0.5675,65.44
9572,49.2,standard_price,0.5832,31.64
9573,40.3,aggressive_discount,0.3238,20.9
9574,62.4,standard_price,0.4359,38.91
9575,46.2,aggressive_discount,0.3844,20.59
9576,29.1,standard_price,0.7757,8.75
9577,25.1,standard_price,0.8054,10.07
9578,17.6,standard_price,0.853,0.0
9579,30.0,standard_price,0.7685,25.83
9580,42.7,aggressive_discount,0.3479,33.47
9581,34.4,standard_price,0.7315,24.74
9582,44.0,standard_price,0.6388,23.27
9583,75.5,aggressive_discount,0.7,65.39
9584,40.4,standard_price,0.6752,25.34
9585,30.2,standard_price,0.7669,9.52
9586,40.7,standard_price,0.6723,30.05
9587,57.5,standard_price,0.4906,41.51
9588,44.7,aggressive_discount,0.3685,37.17
9589,54.0,aggressive_discount,0.47,39.43
9590,69.6,aggressive_discount,0.6415,71.55
9591,56.3,standard_price,0.5041,43.54
9592,39.6,aggressive_discount,0.3169,32.43
9593,36.7,standard_price,0.7106,24.95
9594,54.3,aggressive_discount,0.4734,44.95
9595,83.8,standard_price,0.2278,59.81
9596,43.5,standard_price,0.6439,19.49
9597,64.1,aggressive_discount,0.5829,46.62
9598,19.8,standard_price,0.8401,7.63
9599,34.1,aggressive_discount,0.2659,20.44
9600,66.9,aggressive_discount,0.6131,74.67
9601,26.5,aggressive_discount,0.2046,15.69
9602,58.1,standard_price,0.4839,53.95
9603,36.8,aggressive_discount,0.2903,42.67
9604,100.0,aggressive_discount,0.8754,91.72
9605,14.9,standard_price,0.8676,11.38
9606,69.2,aggressive_discount,0.6374,55.46
9607,57.2,standard_price,0.494,49.52
9608,53.1,aggressive_discount,0.46,36.72
9609,65.6,aggressive_discount,0.5992,54.7
9610,41.4,aggressive_discount,0.3347,13.04
9611,82.3,aggressive_discount,0.7601,77.29
9612,31.4,standard_price,0.7571,13.25
9613,89.1,standard_price,0.1885,91.39
9614,27.5,standard_price,0.7879,14.35
9615,40.3,aggressive_discount,0.3238,30.29
9616,57.3,standard_price,0.4929,48.19
9617,45.7,standard_price,0.6209,36.07
9618,42.7,aggressive_discount,0.3479,23.35
9619,50.4,aggressive_discount,0.43,42.02
9620,33.5,standard_price,0.7393,13.87
9621,62.9,aggressive_discount,0.5697,54.88
9622,34.1,aggressive_discount,0.2659,9.02
9623,56.0,standard_price,0.5075,55.42
9624,68.0,standard_price,0.3752,58.8
9625,39.7,standard_price,0.6821,30.73
9626,63.9,standard_price,0.4193,51.39
9627,31.2,aggressive_discount,0.2412,13.04
9628,55.8,aggressive_discount,0.4903,43.5
9629,44.8,standard_price,0.6304,31.97
9630,40.5,aggressive_discount,0.3257,21.13
9631,42.4,aggressive_discount,0.3448,29.13
9632,48.4,standard_price,0.5919,34.42
9633,69.7,standard_price,0.3574,70.67
9634,10.3,standard_price,0.8896,0.0
9635,52.1,standard_price,0.5512,41.03
9636,60.3,standard_price,0.4592,61.17
9637,51.4,standard_price,0.559,42.21
9638,66.2,aggressive_discount,0.6056,60.24
9639,64.7,aggressive_discount,0.5894,58.1
9640,72.3,aggressive_discount,0.669,53.6
9641,57.8,standard_price,0.4873,48.65
9642,55.1,standard_price,0.5176,45.61
9643,79.4,aggressive_discount,0.7356,62.47
9644,59.4,standard_price,0.4693,65.1
9645,55.5,standard_price,0.5131,54.43
9646,71.7,aggressive_discount,0.663,59.18
9647,82.9,aggressive_discount,0.765,75.13
9648,78.9,aggressive_discount,0.7312,63.25
9649,46.7,standard_price,0.6103,32.8
9650,72.6,aggressive_discount,0.6719,57.41
9651,27.3,aggressive_discount,0.2106,18.95
9652,53.4,aggressive_discount,0.4633,39.81
9653,33.9,standard_price,0.7358,31.13
9654,87.1,aggressive_discount,0.7973,82.33
9655,33.0,standard_price,0.7436,24.08
9656,47.5,standard_price,0.6017,45.66
9657,58.8,standard_price,0.476,49.78
9658,34.9,aggressive_discount,0.273,31.16
9659,47.4,standard_price,0.6028,38.08
9660,56.9,standard_price,0.4974,50.46
9661,100.0,aggressive_discount,0.8754,82.23
9662,77.7,aggressive_discount,0.7204,61.84
9663,71.2,aggressive_discount,0.6579,62.11
9664,39.0,standard_price,0.6889,17.53
9665,31.9,standard_price,0.753,26.7
9666,24.7,standard_price,0.8082,8.09
9667,59.5,aggressive_discount,0.5318,57.05
9668,31.2,standard_price,0.7588,26.24
9669,86.3,aggressive_discount,0.7914,97.99
9670,75.7,aggressive_discount,0.7019,71.71
9671,45.9,standard_price,0.6188,38.19
9672,25.1,standard_price,0.8054,19.72
9673,73.4,aggressive_discount,0.6798,53.7
9674,53.4,aggressive_discount,0.4633,45.06
9675,71.7,aggressive_discount,0.663,57.42
9676,23.6,standard_price,0.8158,21.49
9677,40.8,aggressive_discount,0.3287,28.46
9678,71.1,aggressive_discount,0.6569,69.81
9679,16.8,standard_price,0.8574,6.6
9680,18.6,aggressive_discount,0.1528,6.79
9681,33.3,aggressive_discount,0.2589,28.0
9682,73.8,standard_price,0.3163,66.41
9683,51.9,aggressive_discount,0.4466,49.97
9684,70.8,aggressive_discount,0.6538,51.61
9685,30.0,standard_price,0.7685,17.53
9686,63.0,standard_price,0.4292,56.58
9687,73.1,aggressive_discount,0.6769,66.22
9688,53.0,aggressive_discount,0.4588,36.78
9689,66.2,aggressive_discount,0.6056,70.7
9690,17.2,standard_price,0.8552,16.23
9691,39.5,aggressive_discount,0.3159,40.45
9692,52.2,standard_price,0.5501,51.88
9693,48.5,standard_price,0.5909,36.31
9694,45.3,aggressive_discount,0.3748,38.86
9695,59.5,aggressive_discount,0.5318,42.44
9696,59.1,standard_price,0.4727,38.84
9697,42.7,aggressive_discount,0.3479,30.02
9698,54.7,aggressive_discount,0.4779,30.23
9699,96.7,aggressive_discount,0.8583,88.54
9700,30.4,standard_price,0.7653,30.02
9701,60.7,aggressive_discount,0.5453,58.32
9702,25.9,standard_price,0.7997,15.09
9703,31.3,aggressive_discount,0.242,17.58
9704,58.5,aggressive_discount,0.5206,52.16
9705,54.2,aggressive_discount,0.4723,36.67
9706,45.4,aggressive_discount,0.3759,34.67
9707,46.8,aggressive_discount,0.3908,45.45
9708,11.1,standard_price,0.886,0.0
9709,31.7,standard_price,0.7546,21.56
9710,0.7,standard_price,0.9254,0.0
9711,50.0,standard_price,0.5744,27.81
9712,68.6,aggressive_discount,0.6311,61.01
9713,64.3,aggressive_discount,0.585,56.89
9714,50.1,standard_price,0.5733,52.17
9715,84.0,aggressive_discount,0.7738,77.79
9716,52.8,standard_price,0.5434,35.5
9717,69.7,aggressive_discount,0.6426,64.23
9718,58.2,aggressive_discount,0.5172,56.87
9719,48.0,standard_price,0.5963,35.77
9720,75.2,aggressive_discount,0.6972,72.61
9721,42.1,standard_price,0.6582,7.45
9722,59.2,aggressive_discount,0.5285,61.26
9723,60.9,aggressive_discount,0.5475,36.75
9724,63.3,standard_price,0.4259,52.25
9725,29.0,standard_price,0.7764,21.06
9726,34.9,standard_price,0.727,38.02
9727,49.0,standard_price,0.5854,36.89
9728,32.9,standard_price,0.7445,22.76
9729,29.0,standard_price,0.7764,16.03
9730,47.5,standard_price,0.6017,34.35
9731,60.2,standard_price,0.4603,44.5
9732,39.1,standard_price,0.6879,13.18
9733,59.5,aggressive_discount,0.5318,43.73
9734,46.7,aggressive_discount,0.3897,42.07
9735,30.0,standard_price,0.7685,31.24
9736,66.9,aggressive_discount,0.6131,51.93
9737,46.6,standard_price,0.6114,33.85
9738,49.1,standard_price,0.5843,22.59
9739,26.1,aggressive_discount,0.2017,1.0
9740,66.8,standard_price,0.3879,58.57
9741,15.5,aggressive_discount,0.1356,3.43
9742,28.0,standard_price,0.7841,9.54
9743,82.6,aggressive_discount,0.7626,66.2
9744,58.6,aggressive_discount,0.5217,65.2
9745,21.8,standard_price,0.8276,0.0
9746,96.3,aggressive_discount,0.8561,93.39
9747,22.8,aggressive_discount,0.1789,14.14
9748,49.7,standard_price,0.5777,33.07
9749,60.5,aggressive_discount,0.543,59.3
9750,47.3,standard_price,0.6038,35.45
9751,78.1,aggressive_discount,0.724,74.59
9752,42.6,standard_price,0.6532,28.8
9753,92.4,aggressive_discount,0.8331,82.59
9754,77.7,aggressive_discount,0.7204,55.94
9755,30.5,standard_price,0.7645,15.77
9756,60.2,aggressive_discount,0.5397,46.36
9757,72.5,aggressive_discount,0.671,55.78
9758,26.4,standard_price,0.7961,4.8
9759,16.7,standard_price,0.858,17.07
9760,11.4,standard_price,0.8846,0.0
9761,58.2,aggressive_discount,0.5172,51.85
9762,52.0,aggressive_discount,0.4477,49.14
9763,26.7,standard_price,0.7939,27.89
9764,54.1,aggressive_discount,0.4712,44.42
9765,44.2,standard_price,0.6367,16.23
9766,48.0,standard_price,0.5963,36.48
9767,48.6,standard_price,0.5898,48.07
9768,53.6,aggressive_discount,0.4656,49.71
9769,38.4,standard_price,0.6947,22.17
9770,82.7,aggressive_discount,0.7634,75.51
9771,73.8,aggressive_discount,0.6837,72.0
9772,38.0,aggressive_discount,0.3015,19.39
9773,51.2,standard_price,0.5612,28.47
9774,40.0,standard_price,0.6792,37.13
9775,50.8,standard_price,0.5656,39.36
9776,60.0,standard_price,0.4626,39.45
9777,62.9,aggressive_discount,0.5697,51.2
9778,13.5,standard_price,0.8746,0.0
9779,56.8,aggressive_discount,0.5015,53.19
9780,46.9,aggressive_discount,0.3919,35.32
9781,55.6,standard_price,0.512,46.56
9782,83.0,aggressive_discount,0.7658,71.08
9783,49.7,aggressive_discount,0.4223,44.35
9784,53.2,aggressive_discount,0.4611,32.24
9785,59.3,aggressive_discount,0.5296,53.85
9786,31.5,standard_price,0.7563,25.31
9787,35.5,standard_price,0.7216,20.59
9788,49.2,aggressive_discount,0.4168,33.2
9789,26.1,aggressive_discount,0.2017,0.0
9790,57.4,standard_price,0.4918,41.01
9791,84.3,aggressive_discount,0.7762,88.72
9792,20.2,standard_price,0.8377,6.58
9793,94.4,standard_price,0.1547,75.5
9794,16.2,aggressive_discount,0.1393,0.0
9795,53.9,aggressive_discount,0.4689,50.55
9796,90.0,aggressive_discount,0.8176,89.63
9797,40.4,standard_price,0.6752,25.28
9798,35.2,standard_price,0.7243,33.22
9799,76.4,aggressive_discount,0.7085,59.05
9800,37.5,standard_price,0.7032,34.34
9801,53.1,aggressive_discount,0.46,50.83
9802,64.7,standard_price,0.4106,64.32
9803,44.2,aggressive_discount,0.3633,34.21
9804,67.1,standard_price,0.3847,71.29
9805,54.0,standard_price,0.53,46.15
9806,34.9,standard_price,0.727,21.7
9807,32.6,standard_price,0.7471,36.06
9808,27.3,aggressive_discount,0.2106,0.12
9809,98.4,aggressive_discount,0.8674,87.56
9810,55.2,standard_price,0.5165,39.46
9811,41.4,aggressive_discount,0.3347,30.24
9812,58.2,standard_price,0.4828,76.3
9813,17.9,standard_price,0.8513,0.0
9814,1.8,standard_price,0.9219,0.0
9815,54.8,aggressive_discount,0.479,40.14
9816,43.2,standard_price,0.647,35.49
9817,62.2,standard_price,0.4381,39.8
9818,10.6,standard_price,0.8883,7.39
9819,54.5,aggressive_discount,0.4756,42.87
9820,33.4,aggressive_discount,0.2598,16.38
9821,57.5,aggressive_discount,0.5094,36.88
9822,49.0,standard_price,0.5854,38.85
9823,24.1,standard_price,0.8124,11.7
9824,14.5,standard_price,0.8696,1.45
9825,34.4,standard_price,0.7315,33.95
9826,44.0,standard_price,0.6388,38.91
9827,65.4,aggressive_discount,0.597,55.46
9828,77.1,aggressive_discount,0.7149,66.09
9829,68.2,aggressive_discount,0.6269,64.99
9830,54.2,standard_price,0.5277,46.27
9831,90.6,aggressive_discount,0.8216,84.4
9832,54.2,aggressive_discount,0.4723,41.88
9833,81.6,aggressive_discount,0.7544,82.02
9834,71.5,aggressive_discount,0.6609,60.53
9835,36.5,aggressive_discount,0.2875,21.11
9836,30.4,standard_price,0.7653,29.66
9837,27.9,standard_price,0.7849,13.16
9838,29.9,standard_price,0.7693,14.53
9839,28.7,standard_price,0.7788,11.98
9840,41.2,standard_price,0.6673,49.82
9841,42.4,aggressive_discount,0.3448,31.94
9842,45.6,standard_price,0.622,34.38
9843,53.2,standard_price,0.5389,36.32
9844,73.3,aggressive_discount,0.6789,65.09
9845,13.7,standard_price,0.8736,16.4
9846,65.9,aggressive_discount,0.6024,53.8
9847,65.1,aggressive_discount,0.5938,45.13
9848,46.9,standard_price,0.6081,32.5
9849,39.7,aggressive_discount,0.3179,21.76
9850,32.6,standard_price,0.7471,18.81
9851,73.1,aggressive_discount,0.6769,48.81
9852,15.5,aggressive_discount,0.1356,6.19
9853,70.1,aggressive_discount,0.6467,68.91
9854,28.7,aggressive_discount,0.2212,8.53
9855,37.0,standard_price,0.7079,22.77
9856,64.1,standard_price,0.4171,52.62
9857,18.3,standard_price,0.849,7.06
9858,39.3,standard_price,0.686,29.71
9859,37.0,standard_price,0.7079,30.38
9860,52.7,standard_price,0.5445,35.14
9861,56.1,aggressive_discount,0.4936,48.83
9862,12.6,standard_price,0.879,0.0
9863,84.0,aggressive_discount,0.7738,74.48
9864,23.8,standard_price,0.8144,14.07
9865,19.1,standard_price,0.8443,2.05
9866,31.8,standard_price,0.7538,21.33
9867,60.9,standard_price,0.4525,46.62
9868,32.3,standard_price,0.7496,27.81
9869,85.0,aggressive_discount,0.7816,66.64
9870,69.4,aggressive_discount,0.6395,68.73
9871,85.2,aggressive_discount,0.7831,82.93
9872,60.0,standard_price,0.4626,45.66
9873,7.8,standard_price,0.9002,0.0
9874,46.7,standard_price,0.6103,39.83
9875,74.6,aggressive_discount,0.6915,66.45
9876,47.3,aggressive_discount,0.3962,31.12
9877,36.2,standard_price,0.7152,23.23
9878,51.8,aggressive_discount,0.4455,24.71
9879,35.1,standard_price,0.7252,17.27
9880,51.9,standard_price,0.5534,35.36
9881,40.8,standard_price,0.6713,34.93
9882,40.5,standard_price,0.6743,29.09
9883,80.8,aggressive_discount,0.7476,68.02
9884,42.0,standard_price,0.6593,33.42
9885,33.6,aggressive_discount,0.2615,28.14
9886,51.6,aggressive_discount,0.4432,38.85
9887,45.2,aggressive_discount,0.3738,37.67
9888,42.8,aggressive_discount,0.3489,37.17
9889,60.0,aggressive_discount,0.5374,61.6
9890,24.0,standard_price,0.8131,0.74
9891,82.3,aggressive_discount,0.7601,73.54
9892,33.6,aggressive_discount,0.2615,8.22
9893,39.6,standard_price,0.6831,33.73
9894,52.4,aggressive_discount,0.4521,37.6
9895,51.6,aggressive_discount,0.4432,26.31
9896,62.8,aggressive_discount,0.5686,57.1
9897,69.6,aggressive_discount,0.6415,66.47
9898,71.5,standard_price,0.3391,50.74
9899,59.4,aggressive_discount,0.5307,53.7
9900,100.0,standard_price,0.1246,92.72
9901,33.1,standard_price,0.7428,17.58
9902,70.0,standard_price,0.3543,72.71
9903,55.4,aggressive_discount,0.4858,29.38
9904,39.9,aggressive_discount,0.3198,39.12
9905,59.4,standard_price,0.4693,50.71
9906,47.5,aggressive_discount,0.3983,36.47
9907,47.7,standard_price,0.5995,29.27
9908,19.8,aggressive_discount,0.1599,0.0
9909,32.8,aggressive_discount,0.2546,22.04
9910,26.5,aggressive_discount,0.2046,14.77
9911,50.3,standard_price,0.5711,36.29
9912,26.8,standard_price,0.7931,19.85
9913,58.8,aggressive_discount,0.524,44.25
9914,53.5,aggressive_discount,0.4644,44.56
9915,46.8,aggressive_discount,0.3908,44.14
9916,53.4,standard_price,0.5367,47.03
9917,55.2,aggressive_discount,0.4835,42.84
9918,47.7,standard_price,0.5995,38.83
9919,77.3,aggressive_discount,0.7168,64.48
9920,46.4,standard_price,0.6135,35.56
9921,4.4,standard_price,0.9131,0.4
9922,49.2,standard_price,0.5832,39.57
9923,38.9,standard_price,0.6899,19.13
9924,35.2,aggressive_discount,0.2757,16.4
9925,45.9,aggressive_discount,0.3812,36.41
9926,87.6,aggressive_discount,0.8009,63.12
9927,36.1,aggressive_discount,0.2838,26.14
9928,59.5,aggressive_discount,0.5318,63.11
9929,33.3,standard_price,0.7411,12.99
9930,62.8,standard_price,0.4314,55.25
9931,32.3,aggressive_discount,0.2504,18.73
9932,14.7,standard_price,0.8686,13.94
9933,69.9,standard_price,0.3554,61.76
9934,20.6,aggressive_discount,0.1648,9.87
9935,53.5,standard_price,0.5356,41.49
9936,65.2,standard_price,0.4052,49.84
9937,47.0,standard_price,0.6071,29.0
9938,52.8,aggressive_discount,0.4566,34.82
9939,44.9,standard_price,0.6294,41.88
9940,53.9,standard_price,0.5311,62.28
9941,88.9,aggressive_discount,0.8101,68.91
9942,44.9,standard_price,0.6294,25.97
9943,52.2,aggressive_discount,0.4499,33.75
9944,41.1,standard_price,0.6683,15.68
9945,30.1,standard_price,0.7677,15.96
9946,39.7,standard_price,0.6821,27.05
9947,63.4,aggressive_discount,0.5752,59.07
9948,47.0,aggressive_discount,0.3929,44.61
9949,76.5,aggressive_discount,0.7094,58.74
9950,13.8,aggressive_discount,0.1269,0.0
9951,64.2,aggressive_discount,0.5839,43.45
9952,48.1,standard_price,0.5952,30.1
9953,8.0,standard_price,0.8993,0.0
9954,43.3,standard_price,0.646,30.4
9955,58.1,standard_price,0.4839,49.05
9956,63.4,aggressive_discount,0.5752,56.55
9957,62.8,standard_price,0.4314,48.28
9958,46.5,aggressive_discount,0.3876,28.97
9959,55.0,aggressive_discount,0.4813,49.85
9960,64.3,aggressive_discount,0.585,48.08
9961,33.9,standard_price,0.7358,23.81
9962,42.2,aggressive_discount,0.3428,15.3
9963,84.0,aggressive_discount,0.7738,62.49
9964,62.1,aggressive_discount,0.5608,63.33
9965,27.7,standard_price,0.7864,15.6
9966,51.7,aggressive_discount,0.4444,44.04
9967,78.1,aggressive_discount,0.724,67.7
9968,71.9,aggressive_discount,0.665,60.5
9969,41.8,standard_price,0.6613,35.8
9970,46.6,standard_price,0.6114,23.03
9971,82.9,aggressive_discount,0.765,78.68
9972,82.4,aggressive_discount,0.761,65.94
9973,45.7,standard_price,0.6209,30.35
9974,27.9,standard_price,0.7849,23.43
9975,55.8,standard_price,0.5097,47.31
9976,57.7,standard_price,0.4884,55.3
9977,48.7,standard_price,0.5887,41.79
9978,47.7,aggressive_discount,0.4005,31.1
9979,100.0,aggressive_discount,0.8754,93.12
9980,54.4,aggressive_discount,0.4745,51.3
9981,52.2,standard_price,0.5501,40.13
9982,68.7,standard_price,0.3678,56.58
9983,65.0,standard_price,0.4073,46.05
9984,71.9,aggressive_discount,0.665,60.13
9985,62.4,aggressive_discount,0.5641,40.0
9986,0.0,standard_price,0.9276,0.0
9987,28.0,standard_price,0.7841,5.96
9988,51.4,standard_price,0.559,42.0
9989,52.0,standard_price,0.5523,48.24
9990,34.7,standard_price,0.7288,19.31
9991,48.1,standard_price,0.5952,38.79
9992,49.4,aggressive_discount,0.419,34.74
9993,90.6,aggressive_discount,0.8216,85.03
9994,42.8,standard_price,0.6511,49.18
9995,62.5,standard_price,0.4347,55.58
9996,11.3,aggressive_discount,0.1149,0.0
9997,76.0,standard_price,0.2953,75.74
9998,22.6,standard_price,0.8224,0.0
9999,85.5,aggressive_discount,0.7854,90.09
10000,81.1,aggressive_discount,0.7502,77.03
10001,55.9,aggressive_discount,0.4914,45.59
10002,50.6,standard_price,0.5678,38.49
10003,49.3,standard_price,0.5821,33.76
10004,55.0,aggressive_discount,0.4813,34.43
10005,38.7,standard_price,0.6918,33.43
10006,56.4,standard_price,0.503,39.07
10007,56.2,standard_price,0.5052,35.6
10008,50.2,standard_price,0.5722,49.23
10009,56.3,standard_price,0.5041,46.5
10010,72.3,aggressive_discount,0.669,43.08
10011,100.0,aggressive_discount,0.8754,92.33
10012,22.4,aggressive_discount,0.1762,8.23
10013,54.2,aggressive_discount,0.4723,42.66
10014,61.1,standard_price,0.4503,36.76
10015,55.8,standard_price,0.5097,38.62
10016,61.7,aggressive_discount,0.5564,62.47
10017,18.5,standard_price,0.8478,0.0
10018,25.1,standard_price,0.8054,0.0
10019,50.3,standard_price,0.5711,25.7
10020,48.5,aggressive_discount,0.4091,32.7
10021,84.6,aggressive_discount,0.7785,71.04
10022,40.6,aggressive_discount,0.3267,3.87
10023,48.5,standard_price,0.5909,44.92
10024,75.2,standard_price,0.3028,68.7
10025,23.8,standard_price,0.8144,8.11
10026,65.9,aggressive_discount,0.6024,69.42
10027,19.3,standard_price,0.8431,14.3
10028,50.3,aggressive_discount,0.4289,37.66
10029,54.0,aggressive_discount,0.47,42.68
10030,28.2,standard_price,0.7826,31.72
10031,80.2,aggressive_discount,0.7425,63.19
10032,57.6,standard_price,0.4895,42.92
10033,41.9,standard_price,0.6603,29.82
10034,52.6,standard_price,0.5456,37.88
10035,71.5,aggressive_discount,0.6609,55.1
10036,11.2,standard_price,0.8855,0.0
10037,67.9,aggressive_discount,0.6238,67.03
10038,47.8,standard_price,0.5984,47.15
10039,59.0,standard_price,0.4738,56.7
10040,57.1,aggressive_discount,0.5049,45.14
10041,9.9,standard_price,0.8913,0.0
10042,66.1,aggressive_discount,0.6046,58.28
10043,55.3,standard_price,0.5154,50.08
10044,100.0,aggressive_discount,0.8754,83.86
10045,72.4,standard_price,0.33,78.46
10046,60.7,aggressive_discount,0.5453,41.43
10047,57.6,aggressive_discount,0.5105,37.81
10048,51.9,standard_price,0.5534,55.19
10049,57.8,standard_price,0.4873,58.55
10050,63.7,standard_price,0.4215,57.31
10051,17.3,standard_price,0.8546,12.22
10052,23.4,standard_price,0.8171,6.12
10053,61.9,standard_price,0.4414,49.19
10054,42.6,standard_price,0.6532,17.92
10055,31.0,standard_price,0.7604,21.53
10056,40.8,standard_price,0.6713,33.57
10057,57.7,standard_price,0.4884,48.63
10058,21.3,standard_price,0.8308,20.44
10059,64.8,standard_price,0.4095,50.68
10060,40.5,standard_price,0.6743,24.68
10061,58.6,standard_price,0.4783,56.13
10062,55.3,aggressive_discount,0.4846,33.41
10063,66.7,standard_price,0.389,74.98
10064,57.8,aggressive_discount,0.5127,52.28
10065,59.8,aggressive_discount,0.5352,47.93
10066,58.8,aggressive_discount,0.524,51.64
10067,29.7,aggressive_discount,0.2291,10.81
10068,50.3,standard_price,0.5711,33.93
10069,56.2,standard_price,0.5052,36.08
10070,76.8,aggressive_discount,0.7122,61.65
10071,52.4,standard_price,0.5479,42.5
10072,87.7,standard_price,0.1984,73.11
10073,56.4,aggressive_discount,0.497,33.92
10074,43.1,standard_price,0.6481,26.56
10075,53.3,standard_price,0.5378,36.01
10076,19.1,standard_price,0.8443,14.69
10077,23.4,standard_price,0.8171,3.81
10078,45.1,aggressive_discount,0.3727,39.84
10079,78.0,aggressive_discount,0.7231,59.96
10080,29.7,standard_price,0.7709,15.32
10081,100.0,aggressive_discount,0.8754,93.49
10082,42.8,aggressive_discount,0.3489,23.34
10083,82.1,aggressive_discount,0.7585,82.1
10084,56.7,standard_price,0.4996,39.99
10085,57.8,standard_price,0.4873,53.76
10086,46.8,aggressive_discount,0.3908,43.38
10087,60.6,standard_price,0.4559,50.12
10088,64.2,aggressive_discount,0.5839,36.52
10089,47.1,standard_price,0.606,45.08
10090,41.1,standard_price,0.6683,27.58
10091,43.8,standard_price,0.6408,28.32
10092,58.6,standard_price,0.4783,41.61
10093,66.5,aggressive_discount,0.6089,63.51
10094,17.8,standard_price,0.8518,1.03
10095,93.5,standard_price,0.1601,83.38
10096,26.1,aggressive_discount,0.2017,5.01
10097,36.0,standard_price,0.7171,15.18
10098,26.5,standard_price,0.7954,14.42
10099,39.0,standard_price,0.6889,16.71
10100,100.0,aggressive_discount,0.8754,98.44
10101,3.3,aggressive_discount,0.0831,0.0
10102,40.5,aggressive_discount,0.3257,39.38
10103,42.1,aggressive_discount,0.3418,25.19
10104,35.6,standard_price,0.7207,25.35
10105,82.6,aggressive_discount,0.7626,79.13
10106,52.9,aggressive_discount,0.4577,49.54
10107,44.9,standard_price,0.6294,31.77
10108,34.5,standard_price,0.7306,27.89
10109,68.6,aggressive_discount,0.6311,57.3
10110,42.4,standard_price,0.6552,26.66
10111,76.0,standard_price,0.2953,79.81
10112,37.5,standard_price,0.7032,31.82
10113,59.0,aggressive_discount,0.5262,46.19
10114,47.5,standard_price,0.6017,46.11
10115,67.0,aggressive_discount,0.6142,68.63
10116,41.7,aggressive_discount,0.3377,18.33
10117,98.9,aggressive_discount,0.8699,88.56
10118,56.7,standard_price,0.4996,42.1
10119,51.3,standard_price,0.5601,41.57
10120,63.4,aggressive_discount,0.5752,46.26
10121,71.0,aggressive_discount,0.6559,54.87
10122,47.4,standard_price,0.6028,21.91
10123,35.2,standard_price,0.7243,35.78
10124,52.5,standard_price,0.5467,42.7
10125,40.0,standard_price,0.6792,27.76
10126,55.2,aggressive_discount,0.4835,26.45
10127,59.7,standard_price,0.4659,45.87
10128,43.9,standard_price,0.6398,31.47
10129,50.5,aggressive_discount,0.4311,36.91
10130,92.8,aggressive_discount,0.8356,75.09
10131,77.4,aggressive_discount,0.7177,61.29
10132,33.1,standard_price,0.7428,21.32
10133,66.3,aggressive_discount,0.6067,58.15
10134,52.8,standard_price,0.5434,40.19
10135,51.4,aggressive_discount,0.441,32.2
10136,28.9,standard_price,0.7772,18.51
10137,54.7,aggressive_discount,0.4779,35.38
10138,52.8,aggressive_discount,0.4566,44.3
10139,83.0,aggressive_discount,0.7658,63.15
10140,27.1,standard_price,0.7909,22.39
10141,84.2,aggressive_discount,0.7754,84.85
10142,9.5,standard_price,0.8931,0.0
10143,85.1,aggressive_discount,0.7824,79.45
10144,38.8,standard_price,0.6908,26.02
10145,47.4,aggressive_discount,0.3972,27.45
10146,2.0,standard_price,0.9213,0.0
10147,75.9,aggressive_discount,0.7038,57.35
10148,59.5,aggressive_discount,0.5318,45.52
10149,63.7,aggressive_discount,0.5785,59.78
10150,62.2,aggressive_discount,0.5619,52.34
10151,29.7,aggressive_discount,0.2291,18.47
10152,37.0,standard_price,0.7079,35.15
10153,16.0,standard_price,0.8618,0.92
10154,49.5,standard_price,0.5799,47.93
10155,41.7,standard_price,0.6623,29.41
10156,50.5,standard_price,0.5689,28.39
10157,33.6,standard_price,0.7385,27.02
10158,45.3,aggressive_discount,0.3748,42.47
10159,35.2,aggressive_discount,0.2757,8.71
10160,48.0,aggressive_discount,0.4037,19.75
10161,47.8,aggressive_discount,0.4016,33.8
10162,47.5,standard_price,0.6017,49.49
10163,20.6,standard_price,0.8352,8.97
10164,49.9,standard_price,0.5755,31.99
10165,53.5,standard_price,0.5356,32.64
10166,67.2,standard_price,0.3837,57.79
10167,66.7,standard_price,0.389,68.88
10168,55.7,aggressive_discount,0.4891,37.11
10169,40.5,aggressive_discount,0.3257,29.16
10170,67.2,standard_price,0.3837,35.37
10171,50.5,standard_price,0.5689,33.35
10172,2.8,standard_price,0.9186,0.0
10173,29.6,standard_price,0.7717,19.8
10174,38.6,standard_price,0.6927,19.44
10175,52.7,standard_price,0.5445,45.93
10176,59.7,aggressive_discount,0.5341,55.69
10177,70.8,aggressive_discount,0.6538,58.62
10178,63.2,aggressive_discount,0.573,57.9
10179,54.4,standard_price,0.5255,45.33
10180,39.7,aggressive_discount,0.3179,22.45
10181,56.3,standard_price,0.5041,47.66
10182,44.2,standard_price,0.6367,35.51
10183,17.2,standard_price,0.8552,10.49
10184,58.7,aggressive_discount,0.5229,43.39
10185,33.5,standard_price,0.7393,22.04
10186,83.1,aggressive_discount,0.7667,74.63
10187,23.7,standard_price,0.8151,16.56
10188,51.5,aggressive_discount,0.4421,47.33
10189,71.8,aggressive_discount,0.664,60.79
10190,62.4,standard_price,0.4359,54.11
10191,51.5,aggressive_discount,0.4421,41.7
10192,30.6,standard_price,0.7637,5.6
10193,49.5,aggressive_discount,0.4201,42.35
10194,23.2,standard_price,0.8185,2.9
10195,44.8,aggressive_discount,0.3696,46.46
10196,44.4,standard_price,0.6346,30.03
10197,37.3,standard_price,0.7051,32.73
10198,51.5,aggressive_discount,0.4421,41.95
10199,33.7,standard_price,0.7376,39.72
10200,20.3,standard_price,0.8371,7.92
10201,26.8,standard_price,0.7931,16.26
10202,70.1,standard_price,0.3533,49.96
10203,55.8,standard_price,0.5097,74.36
10204,78.7,aggressive_discount,0.7294,68.65
10205,67.2,aggressive_discount,0.6163,57.53
10206,15.5,aggressive_discount,0.1356,0.0
10207,77.1,aggressive_discount,0.7149,68.39
10208,57.7,aggressive_discount,0.5116,60.47
10209,23.9,aggressive_discount,0.1863,8.06
10210,54.4,standard_price,0.5255,44.25
10211,17.5,standard_price,0.8535,9.07
10212,68.9,standard_price,0.3657,62.3
10213,71.3,standard_price,0.3411,62.85
10214,40.0,standard_price,0.6792,24.05
10215,40.3,aggressive_discount,0.3238,35.45
10216,63.3,aggressive_discount,0.5741,38.33
10217,51.6,aggressive_discount,0.4432,43.19
10218,47.4,standard_price,0.6028,32.6
10219,59.0,aggressive_discount,0.5262,49.4
10220,57.7,standard_price,0.4884,48.7
10221,23.2,standard_price,0.8185,12.28
10222,59.4,aggressive_discount,0.5307,54.51
10223,22.9,standard_price,0.8205,13.3
10224,2.6,standard_price,0.9193,0.0
10225,38.5,standard_price,0.6937,14.79
10226,58.5,standard_price,0.4794,44.46
10227,55.3,standard_price,0.5154,30.91
10228,34.0,standard_price,0.735,24.73
10229,52.0,aggressive_discount,0.4477,33.68
10230,22.6,aggressive_discount,0.1776,16.19
10231,21.9,standard_price,0.827,13.26
10232,60.4,standard_price,0.4581,56.85
10233,94.0,aggressive_discount,0.8429,86.68
10234,64.2,standard_price,0.4161,57.77
10235,66.6,aggressive_discount,0.6099,45.84
10236,58.3,aggressive_discount,0.5184,41.73
10237,99.2,standard_price,0.1285,98.76
10238,23.6,aggressive_discount,0.1842,7.83
10239,92.6,aggressive_discount,0.8344,93.35
10240,72.2,aggressive_discount,0.668,53.11
10241,40.2,standard_price,0.6772,45.77
10242,45.6,standard_price,0.622,29.89
10243,11.6,standard_price,0.8837,3.93
10244,58.5,standard_price,0.4794,52.63
10245,70.9,aggressive_discount,0.6549,60.44
10246,52.9,standard_price,0.5423,50.48
10247,71.3,aggressive_discount,0.6589,60.39
10248,54.1,standard_price,0.5288,43.81
10249,53.3,aggressive_discount,0.4622,38.43
10250,48.5,standard_price,0.5909,26.89
10251,43.9,aggressive_discount,0.3602,29.23
10252,88.3,aggressive_discount,0.8059,83.35
10253,48.9,standard_price,0.5865,41.64
10254,5.2,standard_price,0.9102,0.0
10255,43.4,standard_price,0.645,27.66
10256,73.9,aggressive_discount,0.6847,58.0
10257,61.3,aggressive_discount,0.5519,54.76
10258,38.3,standard_price,0.6956,20.5
10259,37.2,standard_price,0.706,21.61
10260,48.8,aggressive_discount,0.4124,38.3
10261,43.2,standard_price,0.647,34.83
10262,85.6,aggressive_discount,0.7862,76.31
10263,64.7,standard_price,0.4106,58.43
10264,61.0,standard_price,0.4514,58.26
10265,60.1,aggressive_discount,0.5385,41.44
10266,27.5,standard_price,0.7879,8.55
10267,56.5,aggressive_discount,0.4981,42.05
10268,15.0,standard_price,0.867,6.1
10269,96.4,aggressive_discount,0.8567,101.54
10270,92.7,aggressive_discount,0.835,82.36
10271,89.1,aggressive_discount,0.8115,75.78
10272,28.0,standard_price,0.7841,24.64
10273,26.9,standard_price,0.7924,15.94
10274,63.8,standard_price,0.4204,58.32
10275,75.1,aggressive_discount,0.6962,71.63
10276,24.7,aggressive_discount,0.1918,15.9
10277,30.3,standard_price,0.7661,25.02
10278,41.9,standard_price,0.6603,34.95
10279,44.1,standard_price,0.6377,40.49
10280,73.8,standard_price,0.3163,59.63
10281,74.6,aggressive_discount,0.6915,74.05
10282,37.9,standard_price,0.6994,21.14
10283,34.7,standard_price,0.7288,24.61
10284,58.4,aggressive_discount,0.5195,49.46
10285,71.3,aggressive_discount,0.6589,63.0
10286,40.3,standard_price,0.6762,37.4
10287,7.6,standard_price,0.901,0.0
10288,47.9,aggressive_discount,0.4026,23.2
10289,74.4,aggressive_discount,0.6895,64.93
10290,20.9,standard_price,0.8333,7.48
10291,28.6,standard_price,0.7795,19.29
10292,68.6,standard_price,0.3689,51.67
10293,41.0,standard_price,0.6693,42.1
10294,44.5,aggressive_discount,0.3664,27.38
10295,70.2,aggressive_discount,0.6477,61.45
10296,61.3,standard_price,0.4481,54.58
10297,58.4,aggressive_discount,0.5195,43.56
10298,29.3,standard_price,0.7741,28.54
10299,47.7,standard_price,0.5995,39.4
10300,6.1,standard_price,0.9068,0.0
10301,45.3,aggressive_discount,0.3748,31.39
10302,77.6,aggressive_discount,0.7195,64.77
10303,38.0,standard_price,0.6985,22.22
10304,64.7,standard_price,0.4106,49.95
10305,30.5,aggressive_discount,0.2355,25.29
10306,22.7,standard_price,0.8218,15.35
10307,75.5,aggressive_discount,0.7,72.76
10308,77.6,aggressive_discount,0.7195,67.78
10309,29.0,standard_price,0.7764,11.48
10310,12.7,standard_price,0.8785,2.99
10311,52.7,standard_price,0.5445,48.07
10312,61.1,aggressive_discount,0.5497,57.91
10313,57.8,standard_price,0.4873,41.53
10314,43.7,aggressive_discount,0.3581,29.07
10315,36.8,aggressive_discount,0.2903,9.48
10316,65.2,standard_price,0.4052,48.69
10317,20.3,standard_price,0.8371,8.8
10318,59.8,aggressive_discount,0.5352,36.64
10319,17.0,aggressive_discount,0.1437,0.0
10320,56.3,standard_price,0.5041,54.23
10321,34.1,aggressive_discount,0.2659,15.66
10322,59.5,aggressive_discount,0.5318,62.47
10323,15.8,standard_price,0.8628,0.0
10324,60.8,standard_price,0.4536,60.96
10325,51.8,aggressive_discount,0.4455,30.35
10326,33.2,standard_price,0.7419,26.97
10327,32.2,standard_price,0.7504,20.35
10328,27.4,standard_price,0.7887,7.31
10329,46.7,aggressive_discount,0.3897,39.58
10330,22.6,aggressive_discount,0.1776,0.0
10331,63.8,standard_price,0.4204,67.46
10332,32.9,standard_price,0.7445,13.55
10333,44.1,aggressive_discount,0.3623,28.75
10334,50.8,aggressive_discount,0.4344,39.23
10335,56.5,aggressive_discount,0.4981,41.25
10336,38.0,aggressive_discount,0.3015,21.65
10337,65.2,aggressive_discount,0.5948,62.86
10338,22.0,aggressive_discount,0.1736,6.32
10339,42.5,aggressive_discount,0.3458,31.18
10340,28.3,standard_price,0.7819,15.22
10341,59.1,aggressive_discount,0.5273,52.74
10342,49.0,standard_price,0.5854,39.82
10343,49.3,aggressive_discount,0.4179,35.56
10344,53.9,aggressive_discount,0.4689,36.21
10345,45.4,standard_price,0.6241,27.68
10346,38.3,standard_price,0.6956,20.04
10347,58.6,aggressive_discount,0.5217,57.03
10348,15.3,standard_price,0.8655,0.0
10349,42.4,aggressive_discount,0.3448,33.29
10350,80.1,standard_price,0.2584,67.64
10351,33.5,aggressive_discount,0.2607,16.57
10352,82.8,aggressive_discount,0.7642,66.77
10353,24.7,standard_price,0.8082,21.41
10354,47.7,aggressive_discount,0.4005,36.66
10355,63.8,aggressive_discount,0.5796,40.52
10356,11.4,aggressive_discount,0.1154,12.43
10357,57.5,standard_price,0.4906,61.83
10358,37.6,standard_price,0.7022,25.61
10359,42.9,standard_price,0.6501,44.97
10360,93.4,aggressive_discount,0.8393,83.15
10361,47.7,aggressive_discount,0.4005,21.63
10362,47.5,standard_price,0.6017,46.85
10363,46.1,standard_price,0.6167,27.95
10364,24.2,standard_price,0.8117,3.48
10365,33.7,aggressive_discount,0.2624,13.36
10366,26.2,standard_price,0.7975,9.52
10367,59.1,aggressive_discount,0.5273,60.86
10368,31.6,standard_price,0.7555,14.96
10369,60.9,standard_price,0.4525,51.87
10370,55.3,aggressive_discount,0.4846,41.33
10371,40.7,standard_price,0.6723,29.46
10372,61.5,aggressive_discount,0.5542,55.58
10373,84.3,aggressive_discount,0.7762,75.89
10374,57.0,aggressive_discount,0.5037,45.01
10375,43.9,standard_price,0.6398,28.3
10376,28.5,standard_price,0.7803,23.56
10377,7.9,standard_price,0.8998,0.0
10378,41.5,aggressive_discount,0.3357,27.18
10379,4.8,standard_price,0.9117,0.0
10380,61.5,aggressive_discount,0.5542,59.51
10381,21.7,aggressive_discount,0.1717,1.54
10382,32.5,aggressive_discount,0.2521,1.94
10383,34.0,standard_price,0.735,10.57
10384,50.9,aggressive_discount,0.4355,33.77
10385,75.9,aggressive_discount,0.7038,63.01
10386,36.1,standard_price,0.7162,16.77
10387,32.5,standard_price,0.7479,30.33
10388,60.9,aggressive_discount,0.5475,44.84
10389,30.5,standard_price,0.7645,22.2
10390,59.4,standard_price,0.4693,49.95
10391,53.6,standard_price,0.5344,42.19
10392,68.4,aggressive_discount,0.629,65.09
10393,89.9,aggressive_discount,0.8169,76.42
10394,26.0,standard_price,0.799,10.09
10395,32.5,aggressive_discount,0.2521,19.23
10396,53.9,aggressive_discount,0.4689,47.32
10397,45.2,aggressive_discount,0.3738,41.72
10398,23.1,aggressive_discount,0.1809,10.32
10399,67.7,aggressive_discount,0.6216,55.02
10400,55.6,standard_price,0.512,49.96
10401,26.8,standard_price,0.7931,10.93
10402,66.0,standard_price,0.3965,59.02
10403,0.0,standard_price,0.9276,0.0
10404,50.1,aggressive_discount,0.4267,38.08
10405,65.0,aggressive_discount,0.5927,47.58
10406,89.2,standard_price,0.1879,82.67
10407,67.2,aggressive_discount,0.6163,55.09
10408,22.3,standard_price,0.8244,4.51
10409,46.2,aggressive_discount,0.3844,35.57
10410,54.9,standard_price,0.5199,53.3
10411,98.0,aggressive_discount,0.8653,95.62
10412,62.3,aggressive_discount,0.563,50.42
10413,43.8,aggressive_discount,0.3592,33.13
10414,67.7,standard_price,0.3784,65.82
10415,32.0,standard_price,0.7521,2.14
10416,34.2,aggressive_discount,0.2668,12.5
10417,60.3,aggressive_discount,0.5408,57.64
10418,47.4,standard_price,0.6028,31.95
10419,62.5,aggressive_discount,0.5653,49.61
10420,27.8,standard_price,0.7857,8.6
10421,71.1,standard_price,0.3431,74.93
10422,6.5,aggressive_discount,0.0947,0.0
10423,53.0,standard_price,0.5412,59.56
10424,21.3,standard_price,0.8308,0.0
10425,44.8,aggressive_discount,0.3696,31.47
10426,61.5,standard_price,0.4458,79.11
10427,4.6,standard_price,0.9124,0.0
10428,72.1,aggressive_discount,0.667,73.07
10429,53.7,aggressive_discount,0.4667,39.95
10430,74.5,aggressive_discount,0.6905,48.46
10431,29.2,standard_price,0.7749,22.26
10432,60.8,standard_price,0.4536,49.57
10433,33.8,standard_price,0.7367,15.45
10434,33.9,standard_price,0.7358,17.16
10435,15.3,standard_price,0.8655,0.0
10436,13.3,standard_price,0.8756,0.0
10437,35.2,standard_price,0.7243,24.99
10438,70.3,standard_price,0.3513,62.54
10439,56.3,standard_price,0.5041,42.94
10440,39.9,aggressive_discount,0.3198,17.54
10441,32.1,standard_price,0.7513,25.65
10442,4.6,standard_price,0.9124,0.0
10443,63.4,standard_price,0.4248,56.71
10444,41.4,standard_price,0.6653,38.39
10445,24.0,aggressive_discount,0.1869,7.01
10446,39.1,standard_price,0.6879,10.7
10447,57.0,aggressive_discount,0.5037,38.24
10448,20.5,aggressive_discount,0.1642,3.14
10449,44.8,aggressive_discount,0.3696,39.72
10450,53.6,aggressive_discount,0.4656,47.83
10451,74.2,standard_price,0.3124,68.35
10452,46.7,standard_price,0.6103,42.09
10453,18.1,standard_price,0.8501,18.06
10454,57.5,standard_price,0.4906,40.61
10455,23.3,standard_price,0.8178,12.44
10456,34.8,standard_price,0.7279,25.51
10457,64.2,standard_price,0.4161,61.21
10458,59.6,aggressive_discount,0.533,49.32
10459,47.3,aggressive_discount,0.3962,32.14
10460,40.4,standard_price,0.6752,33.45
10461,32.7,aggressive_discount,0.2538,14.67
10462,37.5,standard_price,0.7032,33.75
10463,31.3,aggressive_discount,0.242,29.48
10464,61.0,aggressive_discount,0.5486,38.28
10465,86.0,aggressive_discount,0.7892,84.88
10466,33.5,standard_price,0.7393,8.72
10467,73.2,standard_price,0.3221,60.36
10468,70.4,standard_price,0.3502,59.49
10469,44.9,standard_price,0.6294,36.19
10470,54.2,aggressive_discount,0.4723,58.73
10471,55.4,standard_price,0.5142,53.1
10472,66.1,aggressive_discount,0.6046,53.0
10473,60.0,standard_price,0.4626,48.24
10474,33.4,standard_price,0.7402,25.95
10475,13.6,standard_price,0.8741,5.47
10476,62.7,standard_price,0.4325,52.65
10477,70.2,aggressive_discount,0.6477,60.4
10478,18.7,standard_price,0.8466,13.99
10479,41.7,aggressive_discount,0.3377,17.86
10480,23.1,standard_price,0.8191,0.0
10481,58.5,aggressive_discount,0.5206,46.03
10482,57.4,aggressive_discount,0.5082,56.92
10483,52.1,standard_price,0.5512,58.49
10484,48.0,standard_price,0.5963,28.49
10485,52.9,aggressive_discount,0.4577,31.34
10486,60.7,aggressive_discount,0.5453,51.04
10487,66.4,aggressive_discount,0.6078,59.21
10488,45.5,standard_price,0.623,51.36
10489,42.5,standard_price,0.6542,30.96
10490,41.7,aggressive_discount,0.3377,20.18
10491,66.8,aggressive_discount,0.6121,58.63
10492,16.1,standard_price,0.8612,0.0
10493,43.0,aggressive_discount,0.3509,31.65
10494,34.2,aggressive_discount,0.2668,10.12
10495,23.4,aggressive_discount,0.1829,22.35
10496,72.6,aggressive_discount,0.6719,72.15
10497,62.2,aggressive_discount,0.5619,55.07
10498,60.0,aggressive_discount,0.5374,46.01
10499,71.5,standard_price,0.3391,73.9
10500,71.3,aggressive_discount,0.6589,67.06
10501,30.2,standard_price,0.7669,15.84
10502,65.1,standard_price,0.4062,41.86
10503,42.3,standard_price,0.6562,33.05
10504,81.2,aggressive_discount,0.751,71.25
10505,56.8,aggressive_discount,0.5015,30.87
10506,45.3,standard_price,0.6252,33.97
10507,73.2,aggressive_discount,0.6779,68.83
10508,35.5,aggressive_discount,0.2784,19.39
10509,40.5,standard_price,0.6743,39.65
10510,83.6,aggressive_discount,0.7707,96.28
10511,33.4,aggressive_discount,0.2598,20.49
10512,2.5,standard_price,0.9196,0.0
10513,71.7,aggressive_discount,0.663,63.72
10514,64.5,aggressive_discount,0.5872,39.25
10515,23.9,standard_price,0.8137,12.78
10516,74.4,aggressive_discount,0.6895,68.56
10517,55.7,standard_price,0.5109,44.69
10518,48.3,aggressive_discount,0.407,41.66
10519,33.4,aggressive_discount,0.2598,0.0
10520,66.3,standard_price,0.3933,63.86
10521,48.8,aggressive_discount,0.4124,52.16
10522,20.6,aggressive_discount,0.1648,3.76
10523,17.6,standard_price,0.853,7.53
10524,70.8,aggressive_discount,0.6538,74.02
10525,21.6,standard_price,0.8289,9.21
10526,49.4,aggressive_discount,0.419,22.43
10527,78.3,aggressive_discount,0.7258,64.88
10528,55.7,aggressive_discount,0.4891,43.39
10529,34.9,aggressive_discount,0.273,17.42
10530,46.7,standard_price,0.6103,33.1
10531,59.1,standard_price,0.4727,48.25
10532,22.2,standard_price,0.8251,0.0
10533,63.6,standard_price,0.4226,56.72
10534,69.7,aggressive_discount,0.6426,58.0
10535,66.6,standard_price,0.3901,58.94
10536,51.5,standard_price,0.5579,36.14
10537,20.5,standard_price,0.8358,9.31
10538,45.0,aggressive_discount,0.3717,28.0
10539,57.5,standard_price,0.4906,36.17
10540,56.1,aggressive_discount,0.4936,40.57
10541,81.0,aggressive_discount,0.7493,74.06
10542,39.9,standard_price,0.6802,28.65
10543,62.1,aggressive_discount,0.5608,58.35
10544,38.4,standard_price,0.6947,30.3
10545,0.0,standard_price,0.9276,0.0
10546,86.6,aggressive_discount,0.7936,71.27
10547,41.5,standard_price,0.6643,14.12
10548,34.4,standard_price,0.7315,25.42
10549,51.6,aggressive_discount,0.4432,41.48
10550,37.9,standard_price,0.6994,29.23
10551,74.1,aggressive_discount,0.6866,64.07
10552,43.3,standard_price,0.646,38.54
10553,41.6,standard_price,0.6633,32.07
10554,71.8,standard_price,0.336,54.11
10555,62.6,aggressive_discount,0.5664,68.23
10556,61.8,standard_price,0.4425,62.8
10557,72.8,standard_price,0.3261,50.99
10558,75.2,standard_price,0.3028,63.14
10559,57.2,aggressive_discount,0.506,42.57
10560,40.6,aggressive_discount,0.3267,35.67
10561,41.9,standard_price,0.6603,32.4
10562,93.7,aggressive_discount,0.8411,89.27
10563,33.5,standard_price,0.7393,1.42
10564,48.8,aggressive_discount,0.4124,33.7
10565,30.4,standard_price,0.7653,18.97
10566,12.8,standard_price,0.878,0.0
10567,83.3,aggressive_discount,0.7683,77.26
10568,56.2,standard_price,0.5052,52.82
10569,7.4,aggressive_discount,0.0982,5.17
10570,26.0,standard_price,0.799,18.64
10571,43.8,standard_price,0.6408,31.72
10572,63.0,standard_price,0.4292,63.07
10573,64.2,standard_price,0.4161,55.75
10574,70.4,aggressive_discount,0.6498,63.0
10575,52.0,standard_price,0.5523,41.72
10576,15.2,standard_price,0.866,13.6
10577,53.8,standard_price,0.5322,47.42
10578,8.0,standard_price,0.8993,0.36
10579,69.9,standard_price,0.3554,68.52
10580,67.0,standard_price,0.3858,60.75
10581,64.7,aggressive_discount,0.5894,45.4
10582,44.7,standard_price,0.6315,36.65
10583,37.6,aggressive_discount,0.2978,26.7
10584,39.8,standard_price,0.6811,27.39
10585,48.4,standard_price,0.5919,42.28
10586,33.1,standard_price,0.7428,26.3
10587,45.3,standard_price,0.6252,28.19
10588,17.2,standard_price,0.8552,3.06
10589,58.2,standard_price,0.4828,54.84
10590,57.0,standard_price,0.4963,31.6
10591,65.1,standard_price,0.4062,65.0
10592,44.0,aggressive_discount,0.3612,24.82
10593,52.7,standard_price,0.5445,34.23
10594,29.2,standard_price,0.7749,7.73
10595,38.1,aggressive_discount,0.3025,28.27
10596,28.7,standard_price,0.7788,21.08
10597,50.5,standard_price,0.5689,53.56
10598,50.4,standard_price,0.57,41.75
10599,9.9,standard_price,0.8913,5.2
10600,72.2,aggressive_discount,0.668,54.37
10601,31.1,standard_price,0.7596,19.81
10602,55.2,aggressive_discount,0.4835,50.51
10603,75.1,standard_price,0.3038,67.51
10604,82.5,standard_price,0.2382,89.78
10605,34.1,standard_price,0.7341,20.75
10606,41.9,standard_price,0.6603,35.53
10607,49.1,standard_price,0.5843,42.32
10608,40.9,aggressive_discount,0.3297,24.47
10609,15.8,standard_price,0.8628,8.01
10610,86.7,standard_price,0.2056,74.86
10611,28.5,standard_price,0.7803,18.99
10612,35.9,standard_price,0.718,23.9
10613,62.2,standard_price,0.4381,56.56
10614,46.5,standard_price,0.6124,29.42
10615,72.2,aggressive_discount,0.668,51.58
10616,11.9,standard_price,0.8823,3.91
10617,51.5,aggressive_discount,0.4421,43.4
10618,43.6,standard_price,0.6429,26.18
10619,26.7,standard_price,0.7939,12.61
10620,76.4,standard_price,0.2915,75.1
10621,67.8,aggressive_discount,0.6227,56.96
10622,68.9,aggressive_discount,0.6343,63.09
10623,64.0,standard_price,0.4182,51.23
10624,69.1,aggressive_discount,0.6363,64.53
10625,76.6,standard_price,0.2897,55.18
10626,52.0,standard_price,0.5523,35.62
10627,62.6,standard_price,0.4336,56.23
10628,38.7,standard_price,0.6918,23.05
10629,62.6,standard_price,0.4336,49.46
10630,24.1,standard_price,0.8124,5.07
10631,6.7,standard_price,0.9045,1.82
10632,63.7,aggressive_discount,0.5785,47.62
10633,54.7,aggressive_discount,0.4779,40.17
10634,33.3,standard_price,0.7411,17.33
10635,69.2,aggressive_discount,0.6374,64.99
10636,86.5,aggressive_discount,0.7929,91.2
10637,91.1,aggressive_discount,0.8248,86.05
10638,62.0,aggressive_discount,0.5597,58.78
10639,57.4,standard_price,0.4918,45.12
10640,47.8,standard_price,0.5984,38.29
10641,14.2,aggressive_discount,0.1289,5.52
10642,61.5,aggressive_discount,0.5542,40.45
10643,38.0,aggressive_discount,0.3015,19.89
10644,5.7,standard_price,0.9083,0.0
10645,49.4,standard_price,0.581,61.4
10646,58.9,standard_price,0.4749,60.14
10647,52.6,standard_price,0.5456,37.13
10648,51.1,standard_price,0.5623,35.67
10649,33.6,aggressive_discount,0.2615,22.11
10650,55.8,standard_price,0.5097,41.18
10651,40.8,aggressive_discount,0.3287,12.62
10652,58.3,standard_price,0.4816,48.18
10653,19.0,standard_price,0.8449,5.41
10654,41.8,standard_price,0.6613,24.55
10655,57.1,standard_price,0.4951,48.38
10656,66.7,standard_price,0.389,52.88
10657,65.8,standard_price,0.3987,61.09
10658,22.0,standard_price,0.8264,10.33
10659,37.5,standard_price,0.7032,58.75
10660,19.5,standard_price,0.8419,6.2
10661,79.0,aggressive_discount,0.732,83.62
10662,75.0,aggressive_discount,0.6953,71.08
10663,68.6,aggressive_discount,0.6311,60.61
10664,66.1,aggressive_discount,0.6046,48.74
10665,90.5,aggressive_discount,0.8209,79.22
10666,65.6,standard_price,0.4008,53.51
10667,31.6,aggressive_discount,0.2445,15.56
10668,59.4,aggressive_discount,0.5307,63.18
10669,39.7,aggressive_discount,0.3179,31.75
10670,45.5,aggressive_discount,0.377,37.88
10671,49.3,standard_price,0.5821,42.83
10672,35.9,standard_price,0.718,30.57
10673,73.4,aggressive_discount,0.6798,72.43
10674,64.9,aggressive_discount,0.5916,60.51
10675,36.8,aggressive_discount,0.2903,17.4
10676,60.4,aggressive_discount,0.5419,28.69
10677,76.2,aggressive_discount,0.7066,82.08
10678,33.9,standard_price,0.7358,22.02
10679,26.8,aggressive_discount,0.2069,8.81
10680,77.4,standard_price,0.2823,74.12
10681,83.2,aggressive_discount,0.7675,71.81
10682,46.9,standard_price,0.6081,42.05
10683,26.5,aggressive_discount,0.2046,8.75
10684,72.3,aggressive_discount,0.669,62.29
10685,42.1,standard_price,0.6582,39.55
10686,80.2,standard_price,0.2575,75.5
10687,30.8,standard_price,0.7621,1.75
10688,52.8,aggressive_discount,0.4566,40.07
10689,51.4,standard_price,0.559,51.54
10690,67.4,aggressive_discount,0.6185,52.54
10691,41.8,aggressive_discount,0.3387,49.27
10692,59.6,standard_price,0.467,44.35
10693,65.0,aggressive_discount,0.5927,60.93
10694,67.2,standard_price,0.3837,64.57
10695,37.7,aggressive_discount,0.2987,18.17
10696,23.2,standard_price,0.8185,9.69
10697,41.2,aggressive_discount,0.3327,38.67
10698,58.6,aggressive_discount,0.5217,53.11
10699,64.4,aggressive_discount,0.5861,70.63
10700,6.0,standard_price,0.9072,0.0
10701,63.5,standard_price,0.4237,59.0
10702,79.1,aggressive_discount,0.7329,58.31
10703,54.9,standard_price,0.5199,25.11
10704,60.8,aggressive_discount,0.5464,61.97
10705,57.7,standard_price,0.4884,43.25
10706,42.0,aggressive_discount,0.3407,32.1
10707,48.4,aggressive_discount,0.4081,36.14
10708,52.7,aggressive_discount,0.4555,50.63
10709,30.3,aggressive_discount,0.2339,18.98
10710,55.1,aggressive_discount,0.4824,43.93
10711,35.7,standard_price,0.7198,23.35
10712,100.0,aggressive_discount,0.8754,77.41
10713,25.2,standard_price,0.8047,8.43
10714,61.2,standard_price,0.4492,40.91
10715,29.5,standard_price,0.7725,18.12
10716,35.0,aggressive_discount,0.2739,16.31
10717,49.5,standard_price,0.5799,21.79
10718,72.2,aggressive_discount,0.668,48.5
10719,83.2,aggressive_discount,0.7675,59.27
10720,24.7,standard_price,0.8082,0.0
10721,76.8,aggressive_discount,0.7122,70.18
10722,43.1,standard_price,0.6481,34.03
10723,31.4,standard_price,0.7571,19.08
10724,57.4,standard_price,0.4918,46.8
10725,32.4,standard_price,0.7488,13.17
10726,74.0,standard_price,0.3143,68.63
10727,80.4,aggressive_discount,0.7442,79.72
10728,89.7,aggressive_discount,0.8156,96.26
10729,55.7,aggressive_discount,0.4891,39.4
10730,61.0,standard_price,0.4514,49.9
10731,56.5,standard_price,0.5019,40.08
10732,45.8,standard_price,0.6199,22.19
10733,40.9,standard_price,0.6703,28.75
10734,40.1,standard_price,0.6782,26.19
10735,63.8,aggressive_discount,0.5796,65.65
10736,32.5,standard_price,0.7479,15.52
10737,49.0,standard_price,0.5854,41.1
10738,43.2,standard_price,0.647,38.09
10739,26.7,standard_price,0.7939,14.9
10740,53.6,aggressive_discount,0.4656,39.25
10741,100.0,aggressive_discount,0.8754,79.99
10742,62.6,aggressive_discount,0.5664,56.66
10743,50.3,standard_price,0.5711,50.1
10744,27.7,standard_price,0.7864,13.12
10745,38.1,standard_price,0.6975,29.14
10746,83.2,aggressive_discount,0.7675,72.54
10747,8.3,standard_price,0.8981,5.29
10748,44.6,standard_price,0.6325,34.99
10749,74.3,aggressive_discount,0.6886,71.87
10750,53.5,standard_price,0.5356,43.27
10751,51.7,aggressive_discount,0.4444,45.48
10752,32.2,standard_price,0.7504,27.46
10753,77.8,aggressive_discount,0.7213,70.13
10754,46.7,standard_price,0.6103,44.51
10755,58.1,aggressive_discount,0.5161,40.33
10756,16.0,standard_price,0.8618,0.0
10757,67.8,standard_price,0.3773,65.06
10758,80.2,aggressive_discount,0.7425,68.71
10759,68.6,standard_price,0.3689,60.21
10760,43.6,standard_price,0.6429,22.39
10761,55.9,standard_price,0.5086,41.44
10762,55.0,aggressive_discount,0.4813,36.44
10763,51.9,standard_price,0.5534,27.35
10764,78.9,aggressive_discount,0.7312,76.24
10765,46.4,standard_price,0.6135,28.27
10766,26.1,standard_price,0.7983,17.22
10767,35.5,standard_price,0.7216,26.41
10768,71.8,aggressive_discount,0.664,57.95
10769,74.5,aggressive_discount,0.6905,72.21
10770,14.8,aggressive_discount,0.1319,2.96
10771,41.7,standard_price,0.6623,24.8
10772,69.5,aggressive_discount,0.6405,50.77
10773,44.8,standard_price,0.6304,29.64
10774,98.5,aggressive_discount,0.8679,92.64
10775,35.7,aggressive_discount,0.2802,14.62
10776,21.2,standard_price,0.8315,2.55
10777,58.4,standard_price,0.4805,49.16
10778,42.2,standard_price,0.6572,50.63
10779,56.5,aggressive_discount,0.4981,38.52
10780,48.8,standard_price,0.5876,32.04
10781,60.7,aggressive_discount,0.5453,37.85
10782,27.3,standard_price,0.7894,10.59
10783,39.3,aggressive_discount,0.314,17.89
10784,21.5,standard_price,0.8296,0.0
10785,43.9,standard_price,0.6398,19.66
10786,27.1,standard_price,0.7909,22.39
10787,67.0,standard_price,0.3858,63.43
10788,98.7,aggressive_discount,0.8689,100.81
10789,53.1,aggressive_discount,0.46,34.88
10790,49.9,standard_price,0.5755,35.24
10791,37.5,aggressive_discount,0.2968,22.06
10792,73.9,standard_price,0.3153,62.0
10793,71.0,aggressive_discount,0.6559,65.97
10794,75.4,aggressive_discount,0.6991,71.25
10795,62.9,aggressive_discount,0.5697,49.12
10796,40.5,aggressive_discount,0.3257,44.08
10797,73.2,aggressive_discount,0.6779,66.57
10798,41.4,standard_price,0.6653,37.78
10799,47.6,standard_price,0.6006,36.64
10800,78.0,aggressive_discount,0.7231,68.17
10801,73.1,aggressive_discount,0.6769,57.06
10802,76.7,aggressive_discount,0.7113,60.31
10803,59.7,standard_price,0.4659,60.93
10804,51.5,aggressive_discount,0.4421,44.04
10805,48.7,standard_price,0.5887,46.39
10806,48.1,aggressive_discount,0.4048,38.91
10807,52.4,aggressive_discount,0.4521,47.56
10808,55.6,standard_price,0.512,41.06
10809,33.5,standard_price,0.7393,13.41
10810,41.4,aggressive_discount,0.3347,23.31
10811,63.3,standard_price,0.4259,65.13
10812,68.1,aggressive_discount,0.6259,61.31
10813,44.1,aggressive_discount,0.3623,29.98
10814,42.4,standard_price,0.6552,25.37
10815,53.8,standard_price,0.5322,43.89
10816,40.8,standard_price,0.6713,31.01
10817,51.9,standard_price,0.5534,27.11
10818,18.1,standard_price,0.8501,0.0
10819,58.7,standard_price,0.4771,45.03
10820,29.8,standard_price,0.7701,14.75
10821,46.2,standard_price,0.6156,39.72
10822,17.7,standard_price,0.8524,0.0
10823,31.6,aggressive_discount,0.2445,10.82
10824,64.4,aggressive_discount,0.5861,58.35
10825,42.4,standard_price,0.6552,39.18
10826,78.6,aggressive_discount,0.7285,63.8
10827,44.9,standard_price,0.6294,25.97
10828,58.0,aggressive_discount,0.515,39.15
10829,53.2,standard_price,0.5389,47.19
10830,46.3,aggressive_discount,0.3854,45.31
10831,23.5,standard_price,0.8165,23.47
10832,0.0,standard_price,0.9276,0.0
10833,69.8,standard_price,0.3564,56.76
10834,13.8,standard_price,0.8731,0.0
10835,57.9,standard_price,0.4861,54.5
10836,56.6,standard_price,0.5007,55.28
10837,69.7,aggressive_discount,0.6426,61.43
10838,54.5,aggressive_discount,0.4756,43.37
10839,50.2,standard_price,0.5722,31.14
10840,46.0,standard_price,0.6177,35.96
10841,36.3,aggressive_discount,0.2857,23.7
10842,57.7,aggressive_discount,0.5116,49.38
10843,69.4,standard_price,0.3605,66.53
10844,50.8,aggressive_discount,0.4344,30.05
10845,66.3,standard_price,0.3933,70.51
10846,26.1,standard_price,0.7983,18.37
10847,45.9,standard_price,0.6188,34.8
10848,41.5,standard_price,0.6643,29.17
10849,40.0,standard_price,0.6792,26.41
10850,71.6,aggressive_discount,0.662,50.53
10851,55.7,standard_price,0.5109,32.96
10852,75.6,aggressive_discount,0.701,74.59
10853,57.1,aggressive_discount,0.5049,43.73
10854,53.0,aggressive_discount,0.4588,46.38
10855,59.5,aggressive_discount,0.5318,56.81
10856,24.3,aggressive_discount,0.189,0.0
10857,53.5,aggressive_discount,0.4644,41.91
10858,44.6,standard_price,0.6325,32.61
10859,32.9,aggressive_discount,0.2555,26.28
10860,52.7,standard_price,0.5445,38.61
10861,33.9,standard_price,0.7358,22.62
10862,70.8,standard_price,0.3462,69.26
10863,24.7,standard_price,0.8082,18.51
10864,89.4,aggressive_discount,0.8135,74.31
10865,41.6,aggressive_discount,0.3367,18.18
10866,78.4,standard_price,0.2733,87.96
10867,71.7,standard_price,0.337,60.4
10868,81.0,aggressive_discount,0.7493,72.78
10869,49.1,standard_price,0.5843,27.38
10870,53.7,aggressive_discount,0.4667,39.57
10871,75.5,aggressive_discount,0.7,59.0
10872,63.7,aggressive_discount,0.5785,55.12
10873,53.6,standard_price,0.5344,44.05
10874,56.2,aggressive_discount,0.4948,41.01
10875,69.8,aggressive_discount,0.6436,67.47
10876,73.7,standard_price,0.3172,68.54
10877,61.4,standard_price,0.447,62.47
10878,52.8,standard_price,0.5434,26.12
10879,38.3,standard_price,0.6956,9.64
10880,15.9,standard_price,0.8623,0.93
10881,78.7,aggressive_discount,0.7294,68.65
10882,57.9,standard_price,0.4861,30.89
10883,32.6,standard_price,0.7471,13.54
10884,38.3,standard_price,0.6956,30.22
10885,29.0,aggressive_discount,0.2236,11.66
10886,66.6,aggressive_discount,0.6099,64.56
10887,60.6,standard_price,0.4559,58.75
10888,43.5,standard_price,0.6439,40.05
10889,69.5,aggressive_discount,0.6405,58.74
10890,62.0,standard_price,0.4403,55.7
10891,46.9,aggressive_discount,0.3919,39.33
10892,50.3,standard_price,0.5711,33.1
10893,51.6,standard_price,0.5568,51.75
10894,51.2,aggressive_discount,0.4388,23.97
10895,59.1,standard_price,0.4727,57.64
10896,42.1,standard_price,0.6582,27.7
10897,76.8,aggressive_discount,0.7122,66.5
10898,56.4,standard_price,0.503,39.84
10899,87.3,aggressive_discount,0.7987,75.34
10900,50.5,standard_price,0.5689,24.01
10901,45.1,standard_price,0.6273,36.1
10902,37.0,standard_price,0.7079,15.09
10903,4.8,standard_price,0.9117,0.0
10904,57.2,standard_price,0.494,51.81
10905,96.2,aggressive_discount,0.8556,94.57
10906,51.2,aggressive_discount,0.4388,42.34
10907,35.2,standard_price,0.7243,28.41
10908,55.2,standard_price,0.5165,58.07
10909,72.7,aggressive_discount,0.6729,64.64
10910,63.4,aggressive_discount,0.5752,54.03
10911,25.6,standard_price,0.8019,0.0
10912,36.2,standard_price,0.7152,31.73
10913,26.4,standard_price,0.7961,15.63
10914,74.9,aggressive_discount,0.6943,61.76
10915,65.8,standard_price,0.3987,55.24
10916,62.4,aggressive_discount,0.5641,52.9
10917,45.1,aggressive_discount,0.3727,31.49
10918,12.4,standard_price,0.88,3.73
10919,79.0,aggressive_discount,0.732,70.98
10920,63.9,aggressive_discount,0.5807,52.18
10921,70.1,standard_price,0.3533,63.51
10922,33.2,aggressive_discount,0.2581,23.47
10923,43.9,standard_price,0.6398,25.9
10924,76.4,standard_price,0.2915,84.61
10925,42.3,aggressive_discount,0.3438,33.47
10926,75.3,aggressive_discount,0.6981,74.8
10927,37.4,aggressive_discount,0.2959,30.54
10928,50.4,standard_price,0.57,36.8
10929,67.8,standard_price,0.3773,59.46
10930,53.7,standard_price,0.5333,35.43
10931,48.7,standard_price,0.5887,56.82
10932,34.2,standard_price,0.7332,17.88
10933,64.3,standard_price,0.415,50.36
10934,55.6,standard_price,0.512,42.19
10935,55.4,standard_price,0.5142,41.53
10936,63.8,aggressive_discount,0.5796,46.3
10937,52.4,standard_price,0.5479,39.12
10938,0.0,standard_price,0.9276,0.0
10939,3.4,standard_price,0.9166,0.0
10940,58.9,standard_price,0.4749,50.5
10941,59.3,aggressive_discount,0.5296,61.05
10942,43.9,standard_price,0.6398,33.98
10943,46.2,aggressive_discount,0.3844,28.84
10944,52.6,aggressive_discount,0.4544,35.54
10945,81.6,aggressive_discount,0.7544,74.96
10946,10.6,standard_price,0.8883,8.13
10947,51.0,standard_price,0.5634,47.21
10948,43.1,standard_price,0.6481,25.24
10949,22.2,standard_price,0.8251,1.41
10950,31.2,standard_price,0.7588,28.39
10951,44.1,aggressive_discount,0.3623,44.47
10952,74.7,standard_price,0.3076,75.03
10953,72.6,aggressive_discount,0.6719,71.83
10954,95.3,aggressive_discount,0.8505,80.57
10955,86.0,aggressive_discount,0.7892,74.71
10956,46.6,aggressive_discount,0.3886,37.74
10957,70.0,standard_price,0.3543,58.63
10958,53.6,standard_price,0.5344,51.65
10959,37.8,standard_price,0.7004,23.89
10960,43.5,aggressive_discount,0.3561,22.02
10961,84.2,aggressive_discount,0.7754,68.14
10962,38.3,standard_price,0.6956,18.25
10963,88.6,aggressive_discount,0.808,83.89
10964,53.2,standard_price,0.5389,45.77
10965,52.4,aggressive_discount,0.4521,39.79
10966,44.4,aggressive_discount,0.3654,36.6
10967,4.3,standard_price,0.9134,6.59
10968,43.4,standard_price,0.645,34.54
10969,49.4,standard_price,0.581,36.2
10970,24.9,standard_price,0.8068,13.85
10971,72.9,aggressive_discount,0.6749,63.79
10972,55.9,aggressive_discount,0.4914,40.4
10973,40.7,aggressive_discount,0.3277,26.76
10974,54.5,aggressive_discount,0.4756,39.65
10975,40.0,standard_price,0.6792,36.97
10976,24.1,standard_price,0.8124,4.58
10977,50.1,standard_price,0.5733,40.61
10978,43.4,standard_price,0.645,43.94
10979,33.9,standard_price,0.7358,22.76
10980,9.7,standard_price,0.8922,0.0
10981,95.8,aggressive_discount,0.8533,95.79
10982,38.7,standard_price,0.6918,27.65
10983,36.4,aggressive_discount,0.2866,6.98
10984,72.9,aggressive_discount,0.6749,62.31
10985,27.9,aggressive_discount,0.2151,16.06
10986,35.3,standard_price,0.7234,24.95
10987,59.8,standard_price,0.4648,51.13
10988,44.5,aggressive_discount,0.3664,23.75
10989,21.4,standard_price,0.8302,11.11
10990,78.3,standard_price,0.2742,76.97
10991,43.6,standard_price,0.6429,29.5
10992,69.9,standard_price,0.3554,64.52
10993,73.3,aggressive_discount,0.6789,60.35
10994,55.6,aggressive_discount,0.488,51.75
10995,40.4,aggressive_discount,0.3248,27.42
10996,34.9,standard_price,0.727,21.21
10997,30.3,aggressive_discount,0.2339,8.46
10998,71.6,standard_price,0.338,62.08
10999,65.0,standard_price,0.4073,66.67
11000,91.0,aggressive_discount,0.8242,81.76
11001,59.7,standard_price,0.4659,58.07
11002,73.7,aggressive_discount,0.6828,69.39
11003,39.7,aggressive_discount,0.3179,19.64
11004,82.3,aggressive_discount,0.7601,73.48
11005,59.2,aggressive_discount,0.5285,65.94
11006,43.4,standard_price,0.645,25.47
11007,66.8,aggressive_discount,0.6121,59.46
11008,47.7,aggressive_discount,0.4005,31.27
11009,86.7,aggressive_discount,0.7944,79.69
11010,14.5,standard_price,0.8696,0.0
11011,26.2,standard_price,0.7975,27.23
11012,70.7,standard_price,0.3472,71.97
11013,0.4,standard_price,0.9264,0.0
11014,60.0,aggressive_discount,0.5374,36.9
11015,38.0,standard_price,0.6985,26.78
11016,50.8,standard_price,0.5656,43.6
11017,56.7,standard_price,0.4996,59.6
11018,5.6,standard_price,0.9087,0.0
11019,87.4,aggressive_discount,0.7995,67.8
11020,23.5,standard_price,0.8165,5.33
11021,95.1,aggressive_discount,0.8493,76.76
11022,58.4,standard_price,0.4805,44.01
11023,72.2,aggressive_discount,0.668,75.72
11024,32.4,aggressive_discount,0.2512,31.43
11025,38.1,standard_price,0.6975,36.6
11026,50.3,standard_price,0.5711,45.14
11027,50.3,standard_price,0.5711,28.15
11028,60.8,aggressive_discount,0.5464,53.31
11029,65.3,standard_price,0.4041,64.17
11030,55.8,standard_price,0.5097,57.39
11031,80.9,aggressive_discount,0.7485,75.74
11032,52.1,aggressive_discount,0.4488,44.9
11033,15.2,standard_price,0.866,0.0
11034,60.8,aggressive_discount,0.5464,55.71
11035,11.2,standard_price,0.8855,7.33
11036,68.0,standard_price,0.3752,45.02
11037,25.5,standard_price,0.8026,18.5
11038,47.5,aggressive_discount,0.3983,32.62
11039,39.0,standard_price,0.6889,18.25
11040,55.5,standard_price,0.5131,37.85
11041,62.3,standard_price,0.437,54.36
11042,58.0,aggressive_discount,0.515,56.98
11043,95.5,aggressive_discount,0.8516,84.56
11044,60.2,standard_price,0.4603,45.69
11045,60.3,aggressive_discount,0.5408,55.37
11046,58.9,standard_price,0.4749,51.37
11047,13.2,standard_price,0.8761,0.0
11048,20.7,standard_price,0.8346,9.49
11049,29.8,standard_price,0.7701,10.22
11050,25.1,standard_price,0.8054,6.1
11051,76.4,aggressive_discount,0.7085,66.58
11052,37.5,aggressive_discount,0.2968,18.07
11053,57.2,aggressive_discount,0.506,58.38
11054,47.4,standard_price,0.6028,42.69
11055,67.9,standard_price,0.3762,58.77
11056,74.4,standard_price,0.3105,69.36
11057,59.5,aggressive_discount,0.5318,65.58
11058,14.2,standard_price,0.8711,0.0
11059,30.8,standard_price,0.7621,16.28
11060,72.1,aggressive_discount,0.667,59.02
11061,43.3,standard_price,0.646,19.93
11062,54.0,standard_price,0.53,50.49
11063,46.5,standard_price,0.6124,35.18
11064,74.7,standard_price,0.3076,79.99
11065,92.0,aggressive_discount,0.8306,90.63
11066,32.8,standard_price,0.7454,27.55
11067,54.3,standard_price,0.5266,51.62
11068,71.1,standard_price,0.3431,55.26
11069,76.6,aggressive_discount,0.7103,73.26
11070,61.1,aggressive_discount,0.5497,44.27
11071,25.4,standard_price,0.8033,9.39
11072,24.8,standard_price,0.8075,12.18
11073,68.0,aggressive_discount,0.6248,64.46
11074,27.9,standard_price,0.7849,21.15
11075,48.8,standard_price,0.5876,41.73
11076,70.8,aggressive_discount,0.6538,49.56
11077,61.0,aggressive_discount,0.5486,31.59
11078,70.5,aggressive_discount,0.6508,72.94
11079,58.6,standard_price,0.4783,43.75
11080,39.2,standard_price,0.687,30.68
11081,76.7,aggressive_discount,0.7113,76.7
11082,33.4,standard_price,0.7402,3.09
11083,65.0,standard_price,0.4073,55.2
11084,51.3,standard_price,0.5601,35.98
11085,31.5,standard_price,0.7563,23.97
11086,71.1,aggressive_discount,0.6569,59.86
11087,67.5,aggressive_discount,0.6195,63.52
11088,72.5,aggressive_discount,0.671,52.19
11089,13.4,standard_price,0.8751,0.0
11090,46.2,standard_price,0.6156,36.35
11091,59.8,aggressive_discount,0.5352,56.01
11092,27.2,aggressive_discount,0.2098,20.12
11093,44.0,standard_price,0.6388,31.42
11094,60.8,aggressive_discount,0.5464,54.53
11095,81.6,aggressive_discount,0.7544,78.18
11096,13.4,standard_price,0.8751,3.58
11097,20.2,aggressive_discount,0.1623,0.0
11098,51.6,standard_price,0.5568,41.82
11099,83.9,aggressive_discount,0.773,83.92
11100,36.5,standard_price,0.7125,17.89
11101,61.4,standard_price,0.447,44.37
11102,44.1,aggressive_discount,0.3623,39.37
11103,27.1,standard_price,0.7909,20.15
11104,49.1,standard_price,0.5843,35.94
11105,66.9,aggressive_discount,0.6131,49.96
11106,64.5,aggressive_discount,0.5872,55.85
11107,89.7,aggressive_discount,0.8156,89.69
11108,20.4,standard_price,0.8364,0.0
11109,58.9,standard_price,0.4749,52.21
11110,85.4,aggressive_discount,0.7847,84.73
11111,81.1,standard_price,0.2498,69.33
11112,56.2,standard_price,0.5052,43.14
11113,42.1,standard_price,0.6582,31.68
11114,0.0,standard_price,0.9276,0.0
11115,47.5,aggressive_discount,0.3983,27.25
11116,29.2,standard_price,0.7749,16.54
11117,70.9,aggressive_discount,0.6549,54.16
11118,52.7,aggressive_discount,0.4555,23.91
11119,66.2,standard_price,0.3944,59.67
11120,94.3,aggressive_discount,0.8447,87.46
11121,53.0,standard_price,0.5412,39.65
11122,8.5,standard_price,0.8973,0.0
11123,49.9,aggressive_discount,0.4245,38.3
11124,38.9,standard_price,0.6899,31.03
11125,49.8,standard_price,0.5766,41.11
11126,35.7,standard_price,0.7198,29.07
11127,38.3,standard_price,0.6956,22.25
11128,48.9,standard_price,0.5865,42.98
11129,29.0,standard_price,0.7764,12.38
11130,78.0,standard_price,0.2769,74.02
11131,80.7,aggressive_discount,0.7468,68.55
11132,30.5,aggressive_discount,0.2355,4.34
11133,46.0,standard_price,0.6177,37.86
11134,55.1,standard_price,0.5176,50.55
11135,51.3,standard_price,0.5601,43.43
11136,87.7,standard_price,0.1984,70.15
11137,61.0,standard_price,0.4514,49.7
11138,48.8,standard_price,0.5876,31.35
11139,9.1,standard_price,0.8948,0.0
11140,34.2,standard_price,0.7332,34.02
11141,26.2,standard_price,0.7975,11.5
11142,77.4,aggressive_discount,0.7177,70.2
11143,34.9,standard_price,0.727,9.97
11144,63.2,standard_price,0.427,41.46
11145,61.6,standard_price,0.4447,52.92
11146,55.8,standard_price,0.5097,53.17
11147,25.6,standard_price,0.8019,11.25
11148,68.3,standard_price,0.372,60.23
11149,51.2,standard_price,0.5612,43.98
11150,25.7,standard_price,0.8012,9.39
11151,36.4,aggressive_discount,0.2866,32.12
11152,40.8,standard_price,0.6713,29.77
11153,51.3,standard_price,0.5601,46.43
11154,38.9,standard_price,0.6899,34.68
11155,37.0,standard_price,0.7079,39.17
11156,49.5,standard_price,0.5799,26.39
11157,66.9,standard_price,0.3869,58.96
11158,31.0,aggressive_discount,0.2396,0.0
11159,41.8,standard_price,0.6613,30.65
11160,56.9,standard_price,0.4974,40.59
11161,41.2,standard_price,0.6673,26.69
11162,91.8,aggressive_discount,0.8293,89.48
11163,54.6,standard_price,0.5232,45.05
11164,45.7,standard_price,0.6209,30.53
11165,42.9,standard_price,0.6501,37.66
11166,63.9,standard_price,0.4193,43.74
11167,52.3,aggressive_discount,0.451,38.4
11168,58.5,standard_price,0.4794,55.99
11169,27.5,standard_price,0.7879,38.74
11170,60.7,aggressive_discount,0.5453,50.73
11171,45.4,aggressive_discount,0.3759,36.32
11172,33.3,standard_price,0.7411,37.93
11173,0.0,standard_price,0.9276,0.0
11174,17.0,standard_price,0.8563,4.46
11175,49.5,standard_price,0.5799,32.2
11176,79.9,aggressive_discount,0.7399,71.34
11177,38.2,aggressive_discount,0.3034,22.18
11178,59.7,aggressive_discount,0.5341,43.1
11179,43.7,standard_price,0.6419,30.38
11180,62.0,aggressive_discount,0.5597,58.79
11181,25.5,standard_price,0.8026,10.81
11182,14.8,standard_price,0.8681,10.71
11183,20.5,standard_price,0.8358,4.04
11184,42.6,standard_price,0.6532,31.3
11185,7.9,aggressive_discount,0.1002,5.85
11186,20.6,standard_price,0.8352,24.93
11187,89.7,aggressive_discount,0.8156,82.71
11188,67.5,aggressive_discount,0.6195,43.66
11189,45.1,aggressive_discount,0.3727,13.49
11190,34.2,standard_price,0.7332,22.03
11191,55.4,aggressive_discount,0.4858,26.72
11192,65.8,aggressive_discount,0.6013,61.99
11193,36.1,standard_price,0.7162,15.52
11194,11.6,standard_price,0.8837,0.0
11195,44.1,standard_price,0.6377,26.99
11196,53.9,standard_price,0.5311,36.48
11197,47.2,standard_price,0.6049,34.41
11198,70.4,aggressive_discount,0.6498,64.93
11199,67.0,aggressive_discount,0.6142,52.16
11200,72.6,aggressive_discount,0.6719,78.19
11201,62.0,aggressive_discount,0.5597,48.97
11202,53.6,standard_price,0.5344,45.41
11203,58.4,standard_price,0.4805,46.62
11204,26.0,standard_price,0.799,12.01
11205,47.9,aggressive_discount,0.4026,44.79
11206,26.6,standard_price,0.7946,17.85
11207,28.6,standard_price,0.7795,4.31
11208,65.6,standard_price,0.4008,74.09
11209,40.7,standard_price,0.6723,36.19
11210,44.8,standard_price,0.6304,29.87
11211,61.0,aggressive_discount,0.5486,35.02
11212,25.2,standard_price,0.8047,9.62
11213,50.1,aggressive_discount,0.4267,32.61
11214,56.5,aggressive_discount,0.4981,38.69
11215,97.2,aggressive_discount,0.861,91.17
11216,21.2,standard_price,0.8315,5.22
11217,0.4,aggressive_discount,0.0736,0.0
11218,63.9,standard_price,0.4193,60.25
11219,68.5,aggressive_discount,0.6301,57.86
11220,30.5,standard_price,0.7645,33.7
11221,65.2,standard_price,0.4052,61.14
11222,50.7,aggressive_discount,0.4333,39.23
11223,23.1,standard_price,0.8191,22.08
11224,65.5,aggressive_discount,0.5981,45.04
11225,61.3,standard_price,0.4481,62.75
11226,41.0,standard_price,0.6693,25.72
11227,49.0,standard_price,0.5854,36.47
11228,66.8,aggressive_discount,0.6121,64.48
11229,74.2,aggressive_discount,0.6876,65.03
11230,31.2,standard_price,0.7588,25.24
11231,61.0,aggressive_discount,0.5486,52.57
11232,50.9,standard_price,0.5645,38.8
11233,40.5,standard_price,0.6743,15.9
11234,52.9,standard_price,0.5423,53.44
11235,50.1,aggressive_discount,0.4267,37.01
11236,72.9,standard_price,0.3251,60.96
11237,50.3,aggressive_discount,0.4289,43.15
11238,54.3,aggressive_discount,0.4734,51.18
11239,24.2,standard_price,0.8117,4.46
11240,35.7,standard_price,0.7198,30.18
11241,36.0,aggressive_discount,0.2829,28.63
11242,18.9,standard_price,0.8455,17.73
11243,52.6,standard_price,0.5456,37.98
11244,63.9,standard_price,0.4193,50.95
11245,53.7,aggressive_discount,0.4667,46.21
11246,44.1,aggressive_discount,0.3623,30.37
11247,52.6,aggressive_discount,0.4544,56.95
11248,25.4,aggressive_discount,0.1967,18.75
11249,15.4,standard_price,0.8649,0.0
11250,33.0,aggressive_discount,0.2564,9.55
11251,47.7,aggressive_discount,0.4005,38.21
11252,25.6,standard_price,0.8019,9.86
11253,43.3,standard_price,0.646,32.91
11254,45.3,aggressive_discount,0.3748,41.71
11255,55.8,standard_price,0.5097,40.56
11256,46.8,standard_price,0.6092,26.3
11257,60.9,standard_price,0.4525,52.54
11258,39.6,standard_price,0.6831,33.83
11259,61.0,aggressive_discount,0.5486,54.75
11260,33.1,standard_price,0.7428,28.29
11261,75.7,aggressive_discount,0.7019,63.76
11262,66.9,standard_price,0.3869,61.23
11263,74.4,aggressive_discount,0.6895,64.7
11264,60.7,aggressive_discount,0.5453,44.63
11265,40.7,standard_price,0.6723,35.99
11266,68.7,standard_price,0.3678,64.64
11267,46.8,standard_price,0.6092,45.87
11268,13.2,standard_price,0.8761,12.07
11269,44.4,standard_price,0.6346,27.08
11270,71.3,standard_price,0.3411,66.16
11271,38.9,standard_price,0.6899,33.01
11272,24.9,aggressive_discount,0.1932,22.04
11273,72.6,aggressive_discount,0.6719,50.22
11274,44.6,standard_price,0.6325,22.68
11275,37.5,standard_price,0.7032,47.54
11276,31.6,standard_price,0.7555,2.98
11277,77.1,aggressive_discount,0.7149,53.3
11278,41.4,standard_price,0.6653,44.08
11279,90.2,aggressive_discount,0.8189,94.04
11280,31.3,standard_price,0.758,6.44
11281,95.8,standard_price,0.1467,104.62
11282,52.8,aggressive_discount,0.4566,30.74
11283,49.0,standard_price,0.5854,25.44
11284,64.5,aggressive_discount,0.5872,53.95
11285,81.2,aggressive_discount,0.751,71.24
11286,32.1,standard_price,0.7513,27.89
11287,22.2,standard_price,0.8251,22.46
11288,60.4,standard_price,0.4581,69.73
11289,48.7,aggressive_discount,0.4113,37.76
11290,66.3,standard_price,0.3933,60.46
11291,37.9,aggressive_discount,0.3006,28.58
11292,60.2,standard_price,0.4603,48.25
11293,10.6,standard_price,0.8883,0.0
11294,47.1,aggressive_discount,0.394,29.46
11295,38.7,standard_price,0.6918,34.69
11296,92.9,aggressive_discount,0.8362,74.89
11297,58.7,aggressive_discount,0.5229,51.64
11298,60.6,standard_price,0.4559,58.03
11299,55.3,standard_price,0.5154,44.7
11300,59.8,aggressive_discount,0.5352,57.34
11301,62.2,aggressive_discount,0.5619,40.26
11302,62.3,aggressive_discount,0.563,45.52
11303,23.9,standard_price,0.8137,19.55
11304,38.2,standard_price,0.6966,28.6
11305,34.8,standard_price,0.7279,24.19
11306,62.0,aggressive_discount,0.5597,67.82
11307,93.6,standard_price,0.1595,70.61
11308,58.1,standard_price,0.4839,54.63
11309,22.7,standard_price,0.8218,9.93
11310,31.2,aggressive_discount,0.2412,21.65
11311,70.4,aggressive_discount,0.6498,50.1
11312,61.5,aggressive_discount,0.5542,37.54
11313,25.3,aggressive_discount,0.196,16.37
11314,76.2,aggressive_discount,0.7066,64.63
11315,38.7,standard_price,0.6918,27.27
11316,43.6,aggressive_discount,0.3571,36.05
11317,42.7,standard_price,0.6521,41.01
11318,8.5,standard_price,0.8973,0.0
11319,77.4,standard_price,0.2823,61.36
11320,41.9,standard_price,0.6603,22.53
11321,58.3,aggressive_discount,0.5184,40.26
11322,22.8,standard_price,0.8211,24.61
11323,70.5,aggressive_discount,0.6508,53.78
11324,100.0,aggressive_discount,0.8754,85.2
11325,3.9,standard_price,0.9149,0.0
11326,13.8,standard_price,0.8731,0.46
11327,49.6,aggressive_discount,0.4212,36.03
11328,30.2,aggressive_discount,0.2331,16.07
11329,78.5,aggressive_discount,0.7276,83.33
11330,16.7,standard_price,0.858,18.94
11331,75.5,aggressive_discount,0.7,59.54
11332,64.2,aggressive_discount,0.5839,46.86
11333,24.8,standard_price,0.8075,11.44
11334,40.4,standard_price,0.6752,31.0
11335,50.0,standard_price,0.5744,37.96
11336,81.1,aggressive_discount,0.7502,69.54
11337,71.5,aggressive_discount,0.6609,54.11
11338,48.3,standard_price,0.593,39.98
11339,52.0,standard_price,0.5523,44.76
11340,42.9,aggressive_discount,0.3499,26.26
11341,66.0,standard_price,0.3965,58.36
11342,90.7,standard_price,0.1778,89.89
11343,46.5,aggressive_discount,0.3876,33.85
11344,29.9,standard_price,0.7693,0.0
11345,38.7,aggressive_discount,0.3082,26.6
11346,56.6,aggressive_discount,0.4993,54.01
11347,30.3,aggressive_discount,0.2339,10.77
11348,37.4,aggressive_discount,0.2959,5.84
11349,100.0,aggressive_discount,0.8754,100.75
11350,27.5,aggressive_discount,0.2121,25.08
11351,78.4,aggressive_discount,0.7267,71.81
11352,48.9,standard_price,0.5865,35.74
11353,54.5,standard_price,0.5244,42.16
11354,60.3,aggressive_discount,0.5408,50.08
11355,61.6,standard_price,0.4447,40.62
11356,47.7,aggressive_discount,0.4005,25.9
11357,43.3,standard_price,0.646,38.47
11358,55.0,standard_price,0.5187,41.73
11359,52.7,standard_price,0.5445,43.66
11360,32.0,standard_price,0.7521,15.36
11361,62.3,standard_price,0.437,58.83
11362,41.8,aggressive_discount,0.3387,43.85
11363,38.2,aggressive_discount,0.3034,17.2
11364,27.9,standard_price,0.7849,18.16
11365,10.0,standard_price,0.8909,0.0
11366,0.0,standard_price,0.9276,0.0
11367,14.9,standard_price,0.8676,1.42
11368,56.5,standard_price,0.5019,40.79
11369,55.4,aggressive_discount,0.4858,47.5
11370,65.2,aggressive_discount,0.5948,70.9
11371,20.0,standard_price,0.8389,14.67
11372,55.5,standard_price,0.5131,43.36
11373,63.0,standard_price,0.4292,56.8
11374,22.3,standard_price,0.8244,26.2
11375,40.1,aggressive_discount,0.3218,21.51
11376,67.1,aggressive_discount,0.6153,55.68
11377,23.5,standard_price,0.8165,6.12
11378,41.4,standard_price,0.6653,42.43
11379,22.7,standard_price,0.8218,4.96
11380,20.0,standard_price,0.8389,0.0
11381,37.4,standard_price,0.7041,28.77
11382,0.0,standard_price,0.9276,0.0
11383,32.9,standard_price,0.7445,24.45
11384,27.1,standard_price,0.7909,24.02
11385,65.7,aggressive_discount,0.6002,66.82
11386,54.1,standard_price,0.5288,37.08
11387,0.0,standard_price,0.9276,0.0
11388,63.0,standard_price,0.4292,61.48
11389,67.5,aggressive_discount,0.6195,57.1
11390,16.7,standard_price,0.858,0.0
11391,55.4,aggressive_discount,0.4858,55.1
11392,19.7,standard_price,0.8407,3.93
11393,74.6,aggressive_discount,0.6915,84.13
11394,56.7,aggressive_discount,0.5004,42.14
11395,47.2,aggressive_discount,0.3951,28.27
11396,44.8,standard_price,0.6304,40.89
11397,25.0,aggressive_discount,0.1939,6.86
11398,30.1,standard_price,0.7677,12.77
11399,49.4,standard_price,0.581,42.22
11400,11.5,standard_price,0.8842,0.0
11401,33.2,aggressive_discount,0.2581,16.24
11402,58.4,standard_price,0.4805,57.18
11403,37.8,standard_price,0.7004,30.84
11404,31.2,aggressive_discount,0.2412,18.22
11405,33.9,aggressive_discount,0.2642,21.48
11406,55.3,standard_price,0.5154,48.14
11407,44.4,aggressive_discount,0.3654,27.68
11408,69.2,standard_price,0.3626,63.8
11409,72.9,standard_price,0.3251,71.19
11410,25.2,aggressive_discount,0.1953,5.27
11411,37.9,standard_price,0.6994,17.66
11412,35.3,standard_price,0.7234,17.56
11413,35.5,standard_price,0.7216,29.2
11414,59.1,aggressive_discount,0.5273,55.86
11415,32.4,standard_price,0.7488,11.0
11416,7.6,standard_price,0.901,0.0
11417,29.7,standard_price,0.7709,22.13
11418,95.5,standard_price,0.1484,91.3
11419,71.3,aggressive_discount,0.6589,64.03
11420,13.0,aggressive_discount,0.1229,0.0
11421,88.6,aggressive_discount,0.808,80.48
11422,72.4,standard_price,0.33,47.5
11423,34.8,aggressive_discount,0.2721,13.1
11424,43.6,aggressive_discount,0.3571,31.86
11425,89.3,standard_price,0.1872,83.06
11426,46.5,aggressive_discount,0.3876,40.05
11427,53.7,aggressive_discount,0.4667,44.16
11428,50.1,aggressive_discount,0.4267,40.49
11429,54.6,aggressive_discount,0.4768,35.86
11430,9.8,standard_price,0.8918,0.0
11431,65.6,standard_price,0.4008,52.45
11432,59.8,standard_price,0.4648,54.25
11433,24.4,standard_price,0.8103,22.88
11434,57.1,aggressive_discount,0.5049,52.23
11435,86.8,aggressive_discount,0.7951,82.87
11436,30.2,standard_price,0.7669,30.02
11437,46.9,standard_price,0.6081,37.82
11438,59.7,standard_price,0.4659,41.78
11439,55.7,standard_price,0.5109,63.5
11440,0.3,standard_price,0.9267,0.0
11441,68.2,standard_price,0.3731,54.29
11442,88.0,standard_price,0.1962,80.59
11443,25.6,standard_price,0.8019,9.96
11444,61.7,standard_price,0.4436,57.07
11445,71.8,standard_price,0.336,61.83
11446,67.2,standard_price,0.3837,57.02
11447,38.9,standard_price,0.6899,37.22
11448,34.0,aggressive_discount,0.265,10.4
11449,29.6,standard_price,0.7717,14.11
11450,58.2,aggressive_discount,0.5172,44.86
11451,69.7,standard_price,0.3574,68.18
11452,52.4,standard_price,0.5479,44.83
11453,80.7,aggressive_discount,0.7468,69.38
11454,33.5,standard_price,0.7393,22.03
11455,76.1,standard_price,0.2943,79.63
11456,51.9,aggressive_discount,0.4466,39.18
11457,53.6,standard_price,0.5344,40.99
11458,58.4,aggressive_discount,0.5195,58.24
11459,39.3,aggressive_discount,0.314,33.59
11460,32.6,standard_price,0.7471,24.45
11461,42.4,standard_price,0.6552,40.69
11462,95.0,standard_price,0.1512,80.67
11463,69.4,aggressive_discount,0.6395,66.57
11464,50.6,standard_price,0.5678,50.38
11465,35.3,standard_price,0.7234,28.35
11466,66.8,aggressive_discount,0.6121,52.47
11467,76.8,aggressive_discount,0.7122,68.68
11468,9.3,standard_price,0.8939,0.0
11469,52.1,standard_price,0.5512,42.43
11470,31.8,aggressive_discount,0.2462,16.49
11471,39.9,aggressive_discount,0.3198,26.18
11472,74.3,aggressive_discount,0.6886,66.04
11473,67.3,standard_price,0.3826,55.69
11474,69.5,aggressive_discount,0.6405,67.89
11475,40.4,aggressive_discount,0.3248,19.79
11476,36.7,aggressive_discount,0.2894,19.66
11477,48.8,standard_price,0.5876,40.83
11478,43.7,aggressive_discount,0.3581,26.63
11479,80.1,aggressive_discount,0.7416,65.49
11480,71.1,standard_price,0.3431,57.75
11481,86.5,aggressive_discount,0.7929,72.42
11482,60.0,standard_price,0.4626,49.8
11483,43.3,standard_price,0.646,21.91
11484,38.6,standard_price,0.6927,14.7
11485,37.4,standard_price,0.7041,14.98
11486,54.4,standard_price,0.5255,48.14
11487,39.1,standard_price,0.6879,18.1
11488,42.3,standard_price,0.6562,34.4
11489,53.2,standard_price,0.5389,50.51
11490,92.2,standard_price,0.1681,83.69
11491,64.5,standard_price,0.4128,44.94
11492,48.8,aggressive_discount,0.4124,27.97
11493,54.1,standard_price,0.5288,35.9
11494,29.7,standard_price,0.7709,11.23
11495,24.2,standard_price,0.8117,5.17
11496,25.2,standard_price,0.8047,6.53
11497,69.1,standard_price,0.3637,64.16
11498,31.0,aggressive_discount,0.2396,11.59
11499,56.9,aggressive_discount,0.5026,37.84
11500,35.8,standard_price,0.7189,11.89
11501,68.3,standard_price,0.372,59.94
11502,61.1,aggressive_discount,0.5497,49.89
11503,30.3,aggressive_discount,0.2339,12.37
11504,36.1,standard_price,0.7162,27.99
11505,55.0,standard_price,0.5187,32.29
11506,36.5,standard_price,0.7125,34.97
11507,36.2,standard_price,0.7152,22.34
11508,28.4,standard_price,0.7811,11.06
11509,80.3,standard_price,0.2566,66.08
11510,9.0,standard_price,0.8952,0.0
11511,48.4,standard_price,0.5919,38.27
11512,23.7,standard_price,0.8151,6.94
11513,37.6,aggressive_discount,0.2978,35.62
11514,20.3,standard_price,0.8371,17.45
11515,64.4,aggressive_discount,0.5861,53.5
11516,72.0,aggressive_discount,0.666,57.33
11517,48.4,aggressive_discount,0.4081,38.18
11518,59.2,aggressive_discount,0.5285,32.42
11519,48.1,standard_price,0.5952,44.2
11520,30.2,standard_price,0.7669,15.3
11521,49.7,standard_price,0.5777,43.42
11522,60.5,standard_price,0.457,55.72
11523,21.0,standard_price,0.8327,14.24
11524,3.1,standard_price,0.9176,0.0
11525,56.0,standard_price,0.5075,39.74
11526,68.2,aggressive_discount,0.6269,62.95
11527,36.2,standard_price,0.7152,23.49
11528,2.3,standard_price,0.9203,0.0
11529,44.5,aggressive_discount,0.3664,39.7
11530,0.1,standard_price,0.9273,0.0
11531,50.6,standard_price,0.5678,39.59
11532,32.9,standard_price,0.7445,40.58
11533,42.7,standard_price,0.6521,38.38
11534,100.0,aggressive_discount,0.8754,99.38
11535,16.7,standard_price,0.858,0.0
11536,41.7,aggressive_discount,0.3377,28.02
11537,4.2,standard_price,0.9138,0.0
11538,34.2,standard_price,0.7332,17.81
11539,16.3,standard_price,0.8601,0.0
11540,59.0,standard_price,0.4738,51.53
11541,2.5,standard_price,0.9196,0.0
11542,42.8,standard_price,0.6511,30.23
11543,44.1,standard_price,0.6377,32.52
11544,93.6,aggressive_discount,0.8405,74.97
11545,38.9,standard_price,0.6899,25.46
11546,29.1,standard_price,0.7757,3.49
11547,44.1,standard_price,0.6377,28.26
11548,78.1,aggressive_discount,0.724,62.23
11549,19.4,standard_price,0.8425,18.65
11550,51.0,standard_price,0.5634,37.41
11551,58.6,aggressive_discount,0.5217,48.73
11552,56.2,aggressive_discount,0.4948,44.49
11553,42.2,standard_price,0.6572,30.37
11554,33.3,standard_price,0.7411,10.79
11555,18.2,standard_price,0.8495,6.08
11556,30.7,standard_price,0.7629,22.91
11557,67.5,aggressive_discount,0.6195,58.06
11558,83.0,aggressive_discount,0.7658,66.0
11559,60.5,aggressive_discount,0.543,34.35
11560,38.5,standard_price,0.6937,25.21
11561,42.8,standard_price,0.6511,23.84
11562,69.0,aggressive_discount,0.6353,55.4
11563,55.1,standard_price,0.5176,51.39
11564,52.6,aggressive_discount,0.4544,28.44
11565,51.3,standard_price,0.5601,42.19
11566,33.2,standard_price,0.7419,29.33
11567,1.5,standard_price,0.9229,0.0
11568,51.2,standard_price,0.5612,40.65
11569,38.3,standard_price,0.6956,22.55
11570,83.4,aggressive_discount,0.7691,73.09
11571,53.6,standard_price,0.5344,49.81
11572,48.9,standard_price,0.5865,47.14
11573,43.4,aggressive_discount,0.355,34.67
11574,49.9,aggressive_discount,0.4245,34.33
11575,28.3,standard_price,0.7819,36.91
11576,43.4,standard_price,0.645,42.15
11577,53.0,standard_price,0.5412,45.65
11578,57.6,aggressive_discount,0.5105,44.96
11579,78.3,aggressive_discount,0.7258,70.85
11580,61.6,aggressive_discount,0.5553,62.66
11581,45.7,standard_price,0.6209,27.87
11582,72.0,aggressive_discount,0.666,54.49
11583,43.1,aggressive_discount,0.3519,28.1
11584,43.8,aggressive_discount,0.3592,29.4
11585,56.5,aggressive_discount,0.4981,46.85
11586,34.3,aggressive_discount,0.2677,21.65
11587,71.3,aggressive_discount,0.6589,55.14
11588,36.9,standard_price,0.7088,20.45
11589,50.0,standard_price,0.5744,52.45
11590,41.7,standard_price,0.6623,24.96
11591,73.8,standard_price,0.3163,69.34
11592,53.6,aggressive_discount,0.4656,56.54
11593,48.6,aggressive_discount,0.4102,37.58
11594,88.7,standard_price,0.1913,80.11
11595,71.0,standard_price,0.3441,71.67
11596,37.9,standard_price,0.6994,30.42
11597,57.9,standard_price,0.4861,41.9
11598,28.3,standard_price,0.7819,15.86
11599,41.7,aggressive_discount,0.3377,34.58
11600,26.0,standard_price,0.799,0.0
11601,36.6,standard_price,0.7116,21.97
11602,28.0,aggressive_discount,0.2159,23.9
11603,48.3,standard_price,0.593,33.72
11604,68.2,aggressive_discount,0.6269,64.14
11605,40.4,standard_price,0.6752,22.61
11606,57.0,aggressive_discount,0.5037,45.72
11607,44.3,aggressive_discount,0.3644,33.26
11608,66.2,aggressive_discount,0.6056,57.19
11609,49.0,standard_price,0.5854,29.46
11610,77.0,aggressive_discount,0.714,58.6
11611,25.4,standard_price,0.8033,12.42
11612,65.0,aggressive_discount,0.5927,60.12
11613,43.6,standard_price,0.6429,41.0
11614,49.5,standard_price,0.5799,53.33
11615,36.9,standard_price,0.7088,17.13
11616,30.9,standard_price,0.7612,11.37
11617,53.3,aggressive_discount,0.4622,43.02
11618,73.2,aggressive_discount,0.6779,62.2
11619,63.7,standard_price,0.4215,62.63
11620,40.5,standard_price,0.6743,27.45
11621,47.9,aggressive_discount,0.4026,30.0
11622,31.3,standard_price,0.758,21.71
11623,38.1,aggressive_discount,0.3025,26.79
11624,47.5,aggressive_discount,0.3983,34.88
11625,60.4,aggressive_discount,0.5419,48.54
11626,45.0,standard_price,0.6283,41.51
11627,34.5,standard_price,0.7306,15.34
11628,57.7,standard_price,0.4884,58.56
11629,58.5,standard_price,0.4794,50.17
11630,36.3,standard_price,0.7143,13.52
11631,33.7,standard_price,0.7376,37.75
11632,69.6,aggressive_discount,0.6415,69.52
11633,44.5,aggressive_discount,0.3664,32.05
11634,50.9,aggressive_discount,0.4355,52.64
11635,43.1,standard_price,0.6481,47.11
11636,37.4,aggressive_discount,0.2959,30.66
11637,58.3,aggressive_discount,0.5184,49.39
11638,48.5,aggressive_discount,0.4091,45.23
11639,59.7,aggressive_discount,0.5341,42.04
11640,24.4,aggressive_discount,0.1897,8.77
11641,17.0,standard_price,0.8563,16.51
11642,47.6,standard_price,0.6006,45.35
11643,74.0,aggressive_discount,0.6857,66.6
11644,47.1,standard_price,0.606,19.95
11645,44.8,aggressive_discount,0.3696,26.6
11646,38.6,standard_price,0.6927,36.88
11647,42.9,aggressive_discount,0.3499,31.76
11648,68.1,standard_price,0.3741,48.4
11649,40.9,standard_price,0.6703,36.23
11650,59.1,standard_price,0.4727,56.53
11651,35.1,aggressive_discount,0.2748,22.22
11652,37.6,standard_price,0.7022,21.89
11653,57.0,standard_price,0.4963,45.6
11654,39.7,standard_price,0.6821,34.3
11655,49.9,aggressive_discount,0.4245,51.91
11656,38.2,aggressive_discount,0.3034,20.29
11657,35.7,aggressive_discount,0.2802,16.71
11658,39.2,standard_price,0.687,37.35
11659,27.5,aggressive_discount,0.2121,17.41
11660,33.9,standard_price,0.7358,26.69
11661,32.4,standard_price,0.7488,23.31
11662,39.9,standard_price,0.6802,21.22
11663,39.3,standard_price,0.686,27.84
11664,30.1,standard_price,0.7677,14.3
11665,32.3,standard_price,0.7496,16.98
11666,73.5,aggressive_discount,0.6808,66.66
11667,46.6,standard_price,0.6114,56.85
11668,50.9,aggressive_discount,0.4355,39.61
11669,56.0,standard_price,0.5075,62.64
11670,23.3,standard_price,0.8178,4.38
11671,45.3,aggressive_discount,0.3748,27.48
11672,100.0,aggressive_discount,0.8754,94.35
11673,22.8,standard_price,0.8211,7.03
11674,24.7,standard_price,0.8082,23.96
11675,39.4,standard_price,0.685,19.68
11676,68.5,aggressive_discount,0.6301,59.12
11677,46.8,standard_price,0.6092,35.17
11678,59.5,standard_price,0.4682,63.15
11679,70.5,aggressive_discount,0.6508,74.3
11680,19.2,standard_price,0.8437,1.67
11681,86.7,aggressive_discount,0.7944,82.6
11682,51.9,aggressive_discount,0.4466,27.74
11683,0.0,standard_price,0.9276,0.0
11684,57.4,aggressive_discount,0.5082,46.11
11685,49.6,standard_price,0.5788,28.31
11686,71.1,standard_price,0.3431,84.24
11687,48.3,standard_price,0.593,39.33
11688,21.6,aggressive_discount,0.1711,7.85
11689,46.4,aggressive_discount,0.3865,53.12
11690,40.6,standard_price,0.6733,42.92
11691,55.7,aggressive_discount,0.4891,52.79
11692,52.9,standard_price,0.5423,33.17
11693,20.5,standard_price,0.8358,0.0
11694,71.7,aggressive_discount,0.663,61.09
11695,55.0,aggressive_discount,0.4813,43.56
11696,63.2,standard_price,0.427,45.67
11697,35.5,standard_price,0.7216,23.14
11698,27.9,standard_price,0.7849,32.43
11699,58.7,aggressive_discount,0.5229,42.96
11700,32.4,standard_price,0.7488,27.21
11701,35.2,aggressive_discount,0.2757,33.59
11702,18.8,standard_price,0.8461,5.33
11703,84.2,standard_price,0.2246,75.71
11704,85.9,aggressive_discount,0.7884,76.13
11705,32.6,standard_price,0.7471,15.41
11706,55.5,standard_price,0.5131,41.65
11707,42.8,standard_price,0.6511,18.58
11708,53.9,aggressive_discount,0.4689,39.51
11709,25.3,standard_price,0.804,15.47
11710,68.4,aggressive_discount,0.629,62.18
11711,54.1,standard_price,0.5288,34.66
11712,51.3,aggressive_discount,0.4399,43.21
11713,58.4,aggressive_discount,0.5195,47.27
11714,30.3,aggressive_discount,0.2339,11.21
11715,56.7,standard_price,0.4996,46.47
11716,34.0,standard_price,0.735,13.38
11717,47.4,standard_price,0.6028,41.56
11718,47.8,standard_price,0.5984,43.8
11719,64.6,standard_price,0.4117,51.12
11720,82.5,aggressive_discount,0.7618,69.52
11721,40.6,standard_price,0.6733,35.02
11722,48.3,standard_price,0.593,25.91
11723,67.9,aggressive_discount,0.6238,49.34
11724,79.5,standard_price,0.2636,62.17
11725,55.1,aggressive_discount,0.4824,44.13
11726,64.5,aggressive_discount,0.5872,41.36
11727,75.4,aggressive_discount,0.6991,65.95
11728,46.9,standard_price,0.6081,24.55
11729,24.9,standard_price,0.8068,4.59
11730,47.9,standard_price,0.5974,49.49
11731,30.7,standard_price,0.7629,14.79
11732,58.0,aggressive_discount,0.515,35.99
11733,59.4,standard_price,0.4693,49.71
11734,37.9,standard_price,0.6994,22.73
11735,42.4,standard_price,0.6552,24.24
11736,76.0,aggressive_discount,0.7047,65.27
11737,41.4,aggressive_discount,0.3347,20.3
11738,4.5,standard_price,0.9127,0.0
11739,73.4,aggressive_discount,0.6798,43.92
11740,39.4,aggressive_discount,0.315,17.9
11741,26.6,standard_price,0.7946,14.19
11742,28.6,aggressive_discount,0.2205,15.27
11743,40.9,standard_price,0.6703,42.01
11744,60.9,aggressive_discount,0.5475,42.83
11745,68.8,aggressive_discount,0.6332,43.47
11746,64.9,standard_price,0.4084,57.65
11747,56.5,aggressive_discount,0.4981,49.77
11748,44.2,standard_price,0.6367,30.13
11749,83.1,standard_price,0.2333,79.77
11750,32.0,standard_price,0.7521,25.62
11751,42.9,aggressive_discount,0.3499,28.23
11752,32.1,standard_price,0.7513,26.01
11753,35.4,aggressive_discount,0.2775,16.88
11754,20.4,standard_price,0.8364,20.44
11755,46.9,standard_price,0.6081,31.66
11756,50.8,standard_price,0.5656,30.96
11757,30.4,standard_price,0.7653,18.73
11758,57.2,aggressive_discount,0.506,38.56
11759,45.1,aggressive_discount,0.3727,38.76
11760,59.8,standard_price,0.4648,52.48
11761,67.6,aggressive_discount,0.6206,50.84
11762,68.7,standard_price,0.3678,50.76
11763,55.8,aggressive_discount,0.4903,41.18
11764,52.3,aggressive_discount,0.451,25.72
11765,70.1,aggressive_discount,0.6467,72.61
11766,47.7,aggressive_discount,0.4005,44.94
11767,26.4,standard_price,0.7961,4.7
11768,42.3,aggressive_discount,0.3438,26.31
11769,18.1,standard_price,0.8501,0.0
11770,36.0,standard_price,0.7171,27.57
11771,45.9,aggressive_discount,0.3812,30.66
11772,45.2,aggressive_discount,0.3738,34.47
11773,11.1,standard_price,0.886,0.0
11774,44.5,standard_price,0.6336,29.91
11775,45.9,standard_price,0.6188,36.68
11776,48.6,aggressive_discount,0.4102,35.73
11777,67.8,standard_price,0.3773,62.39
11778,65.7,standard_price,0.3998,58.9
11779,38.8,aggressive_discount,0.3092,15.26
11780,48.8,standard_price,0.5876,39.96
11781,55.1,standard_price,0.5176,46.51
11782,97.9,standard_price,0.1352,96.81
11783,54.4,standard_price,0.5255,47.06
11784,75.3,aggressive_discount,0.6981,60.15
11785,61.3,aggressive_discount,0.5519,50.18
11786,61.1,aggressive_discount,0.5497,46.99
11787,71.4,aggressive_discount,0.6599,68.49
11788,32.9,standard_price,0.7445,26.34
11789,75.7,aggressive_discount,0.7019,73.06
11790,64.6,aggressive_discount,0.5883,49.63
11791,60.6,standard_price,0.4559,41.25
11792,34.9,aggressive_discount,0.273,23.77
11793,81.8,aggressive_discount,0.756,71.65
11794,75.2,standard_price,0.3028,75.43
11795,86.5,aggressive_discount,0.7929,80.35
11796,54.7,aggressive_discount,0.4779,50.02
11797,53.0,standard_price,0.5412,43.55
11798,100.0,aggressive_discount,0.8754,97.86
11799,4.4,standard_price,0.9131,0.0
11800,64.4,standard_price,0.4139,54.24
11801,3.9,standard_price,0.9149,0.0
11802,76.3,aggressive_discount,0.7075,61.94
11803,60.7,aggressive_discount,0.5453,38.84
11804,58.6,aggressive_discount,0.5217,47.24
11805,64.5,standard_price,0.4128,43.94
11806,59.1,standard_price,0.4727,41.96
11807,10.4,aggressive_discount,0.1109,0.0
11808,26.8,standard_price,0.7931,19.48
11809,66.0,standard_price,0.3965,69.82
11810,51.0,aggressive_discount,0.4366,49.28
11811,42.9,standard_price,0.6501,34.85
11812,69.3,aggressive_discount,0.6384,63.09
11813,39.5,standard_price,0.6841,20.04
11814,36.7,standard_price,0.7106,22.04
11815,70.2,aggressive_discount,0.6477,66.86
11816,48.6,aggressive_discount,0.4102,44.73
11817,0.0,standard_price,0.9276,0.0
11818,97.2,aggressive_discount,0.861,78.81
11819,39.5,aggressive_discount,0.3159,29.34
11820,18.6,standard_price,0.8472,6.57
11821,78.4,standard_price,0.2733,78.2
11822,69.1,aggressive_discount,0.6363,54.98
11823,41.5,standard_price,0.6643,29.94
11824,61.0,standard_price,0.4514,49.31
11825,50.1,aggressive_discount,0.4267,27.56
11826,25.4,standard_price,0.8033,6.7
11827,75.2,aggressive_discount,0.6972,52.78
11828,39.2,standard_price,0.687,10.44
11829,57.4,aggressive_discount,0.5082,41.72
11830,47.2,standard_price,0.6049,26.11
11831,96.3,aggressive_discount,0.8561,78.42
11832,42.5,standard_price,0.6542,33.87
11833,65.6,standard_price,0.4008,68.73
11834,23.0,aggressive_discount,0.1802,10.65
11835,84.1,aggressive_discount,0.7746,91.1
11836,52.6,aggressive_discount,0.4544,46.18
11837,31.6,standard_price,0.7555,23.15
11838,79.8,aggressive_discount,0.739,70.6
11839,45.8,standard_price,0.6199,27.01
11840,21.2,standard_price,0.8315,7.38
11841,43.8,standard_price,0.6408,33.0
11842,51.4,aggressive_discount,0.441,46.63
11843,34.7,standard_price,0.7288,28.77
11844,42.4,aggressive_discount,0.3448,28.93
11845,83.6,aggressive_discount,0.7707,65.79
11846,84.2,aggressive_discount,0.7754,77.88
11847,34.5,standard_price,0.7306,22.47
11848,55.1,aggressive_discount,0.4824,38.62
11849,51.8,standard_price,0.5545,38.94
11850,44.6,standard_price,0.6325,47.01
11851,41.6,standard_price,0.6633,29.29
11852,49.1,aggressive_discount,0.4157,36.58
11853,69.3,standard_price,0.3616,60.14
11854,63.2,standard_price,0.427,51.47
11855,53.4,standard_price,0.5367,35.67
11856,39.2,standard_price,0.687,40.55
11857,48.9,aggressive_discount,0.4135,37.71
11858,73.3,standard_price,0.3211,66.23
11859,45.3,standard_price,0.6252,24.35
11860,28.8,standard_price,0.778,8.36
11861,47.9,standard_price,0.5974,24.86
11862,46.6,aggressive_discount,0.3886,30.61
11863,52.9,aggressive_discount,0.4577,50.03
11864,14.1,standard_price,0.8716,0.6
11865,64.1,standard_price,0.4171,64.1
11866,0.3,standard_price,0.9267,0.0
11867,67.1,standard_price,0.3847,67.67
11868,80.8,aggressive_discount,0.7476,66.36
11869,34.1,standard_price,0.7341,2.81
11870,51.7,aggressive_discount,0.4444,34.74
11871,20.9,standard_price,0.8333,3.95
11872,72.4,aggressive_discount,0.67,63.77
11873,98.8,aggressive_discount,0.8694,107.34
11874,62.4,aggressive_discount,0.5641,37.55
11875,64.8,standard_price,0.4095,49.29
11876,36.4,standard_price,0.7134,27.1
11877,86.6,aggressive_discount,0.7936,70.71
11878,29.0,standard_price,0.7764,10.77
11879,66.4,aggressive_discount,0.6078,55.66
11880,25.2,standard_price,0.8047,7.62
11881,12.4,standard_price,0.88,0.0
11882,42.7,standard_price,0.6521,22.89
11883,69.3,aggressive_discount,0.6384,45.98
11884,95.0,aggressive_discount,0.8488,89.99
11885,0.0,standard_price,0.9276,0.0
11886,47.2,standard_price,0.6049,16.1
11887,58.8,aggressive_discount,0.524,40.84
11888,34.8,standard_price,0.7279,22.45
11889,49.9,standard_price,0.5755,43.25
11890,52.0,aggressive_discount,0.4477,42.39
11891,52.2,aggressive_discount,0.4499,35.4
11892,51.5,aggressive_discount,0.4421,31.22
11893,20.7,standard_price,0.8346,9.57
11894,52.2,standard_price,0.5501,42.64
11895,19.3,standard_price,0.8431,3.0
11896,67.8,aggressive_discount,0.6227,55.56
11897,18.1,standard_price,0.8501,2.4
11898,26.7,standard_price,0.7939,24.11
11899,39.0,aggressive_discount,0.3111,32.08
11900,28.4,standard_price,0.7811,23.67
11901,38.2,aggressive_discount,0.3034,30.33
11902,98.1,aggressive_discount,0.8658,106.23
11903,49.7,standard_price,0.5777,43.84
11904,47.4,standard_price,0.6028,42.55
11905,50.9,aggressive_discount,0.4355,41.72
11906,54.2,standard_price,0.5277,37.41
11907,25.6,standard_price,0.8019,9.68
11908,10.2,standard_price,0.89,0.0
11909,43.8,standard_price,0.6408,40.33
11910,40.0,standard_price,0.6792,25.25
11911,77.4,aggressive_discount,0.7177,44.98
11912,31.5,aggressive_discount,0.2437,14.19
11913,49.9,aggressive_discount,0.4245,39.39
11914,30.3,standard_price,0.7661,12.27
11915,70.6,aggressive_discount,0.6518,63.88
11916,38.0,aggressive_discount,0.3015,9.53
11917,35.0,standard_price,0.7261,21.58
11918,62.7,standard_price,0.4325,61.75
11919,19.9,standard_price,0.8395,2.28
11920,37.2,standard_price,0.706,23.25
11921,65.5,aggressive_discount,0.5981,51.82
11922,86.0,aggressive_discount,0.7892,76.11
11923,20.6,standard_price,0.8352,0.0
11924,35.3,standard_price,0.7234,24.51
11925,51.3,standard_price,0.5601,34.87
11926,75.2,aggressive_discount,0.6972,70.9
11927,47.2,standard_price,0.6049,38.64
11928,51.1,standard_price,0.5623,39.36
11929,75.9,aggressive_discount,0.7038,66.35
11930,59.3,aggressive_discount,0.5296,45.9
11931,48.5,standard_price,0.5909,39.45
11932,36.7,standard_price,0.7106,22.65
11933,51.4,standard_price,0.559,46.76
11934,64.4,aggressive_discount,0.5861,51.12
11935,40.7,standard_price,0.6723,18.82
11936,62.8,aggressive_discount,0.5686,65.16
11937,41.3,aggressive_discount,0.3337,24.74
11938,51.0,aggressive_discount,0.4366,41.77
11939,35.0,aggressive_discount,0.2739,16.77
11940,88.9,aggressive_discount,0.8101,86.9
11941,26.2,standard_price,0.7975,23.07
11942,67.7,standard_price,0.3784,47.69
11943,27.9,standard_price,0.7849,21.81
11944,100.0,aggressive_discount,0.8754,88.24
11945,58.1,standard_price,0.4839,45.67
11946,37.1,standard_price,0.7069,16.53
11947,52.9,standard_price,0.5423,42.2
11948,68.5,standard_price,0.3699,70.21
11949,50.5,aggressive_discount,0.4311,31.79
11950,39.0,standard_price,0.6889,47.64
11951,22.4,standard_price,0.8238,15.59
11952,62.2,aggressive_discount,0.5619,63.96
11953,69.6,aggressive_discount,0.6415,71.77
11954,45.0,standard_price,0.6283,36.54
11955,40.6,standard_price,0.6733,20.8
11956,61.7,aggressive_discount,0.5564,51.64
11957,35.0,standard_price,0.7261,17.22
11958,41.1,aggressive_discount,0.3317,35.3
11959,28.6,standard_price,0.7795,17.91
11960,41.1,aggressive_discount,0.3317,20.02
11961,65.5,standard_price,0.4019,55.81
11962,62.9,aggressive_discount,0.5697,53.84
11963,40.3,aggressive_discount,0.3238,26.71
11964,42.6,aggressive_discount,0.3468,17.83
11965,63.9,standard_price,0.4193,64.4
11966,57.4,standard_price,0.4918,44.18
11967,47.2,standard_price,0.6049,42.25
11968,100.0,standard_price,0.1246,98.73
11969,26.8,standard_price,0.7931,23.17
11970,62.8,standard_price,0.4314,63.21
11971,33.7,standard_price,0.7376,27.91
11972,63.9,aggressive_discount,0.5807,53.14
11973,26.8,standard_price,0.7931,7.27
11974,31.0,standard_price,0.7604,25.42
11975,66.2,aggressive_discount,0.6056,57.44
11976,38.7,standard_price,0.6918,24.32
11977,46.1,standard_price,0.6167,36.15
11978,18.6,standard_price,0.8472,4.41
11979,62.6,standard_price,0.4336,56.24
11980,39.9,standard_price,0.6802,32.07
11981,57.4,standard_price,0.4918,44.73
11982,63.9,standard_price,0.4193,70.85
11983,95.1,aggressive_discount,0.8493,83.68
11984,59.7,aggressive_discount,0.5341,41.82
11985,55.1,aggressive_discount,0.4824,65.15
11986,67.8,standard_price,0.3773,48.54
11987,18.9,standard_price,0.8455,11.55
11988,59.5,standard_price,0.4682,43.59
11989,35.1,standard_price,0.7252,25.93
11990,5.1,aggressive_discount,0.0894,0.0
11991,48.9,aggressive_discount,0.4135,29.85
11992,32.5,standard_price,0.7479,26.01
11993,42.8,standard_price,0.6511,37.99
11994,40.4,aggressive_discount,0.3248,16.47
11995,50.2,aggressive_discount,0.4278,39.5
11996,69.2,aggressive_discount,0.6374,44.33
11997,3.2,standard_price,0.9173,0.0
11998,54.2,aggressive_discount,0.4723,38.77
11999,14.6,standard_price,0.8691,0.0
12000,47.7,standard_price,0.5995,24.84
