order_id,category,customer_type,items_in_cart,used_code,discount_pct,order_value
1,big_ticket,repeat,5,0,0.0,771.29
2,everyday,new,2,0,0.0,37.72
3,big_ticket,new,10,1,0.177,1004.83
4,everyday,repeat,2,0,0.0,14.69
5,everyday,new,3,0,0.0,62.03
6,big_ticket,new,6,1,0.19,353.52
7,big_ticket,new,7,0,0.0,848.43
8,big_ticket,repeat,2,1,0.155,280.18
9,everyday,repeat,4,0,0.0,105.22
10,everyday,repeat,3,1,0.108,31.79
11,everyday,repeat,2,0,0.0,18.99
12,big_ticket,new,4,0,0.0,644.19
13,everyday,repeat,3,0,0.0,52.63
14,big_ticket,new,4,1,0.196,296.58
15,everyday,new,1,1,0.121,21.24
16,everyday,new,3,0,0.0,66.15
17,everyday,repeat,3,0,0.0,28.31
18,everyday,repeat,4,1,0.127,61.94
19,big_ticket,repeat,1,1,0.186,123.84
20,everyday,new,4,0,0.0,58.43
21,big_ticket,new,5,1,0.159,486.1
22,everyday,new,4,1,0.169,113.84
23,big_ticket,new,5,1,0.195,655.34
24,big_ticket,new,4,1,0.175,436.55
25,big_ticket,repeat,10,1,0.119,1070.69
26,everyday,repeat,3,0,0.0,39.9
27,everyday,repeat,3,0,0.0,21.7
28,everyday,repeat,3,0,0.0,60.65
29,everyday,new,2,0,0.0,137.87
30,everyday,repeat,2,0,0.0,40.53
31,big_ticket,new,3,1,0.164,181.02
32,big_ticket,repeat,5,1,0.173,431.87
33,everyday,repeat,4,0,0.0,45.15
34,everyday,new,2,0,0.0,40.66
35,everyday,new,2,0,0.0,48.71
36,everyday,repeat,2,0,0.0,47.45
37,everyday,repeat,2,1,0.187,23.16
38,everyday,repeat,3,0,0.0,54.82
39,everyday,repeat,4,0,0.0,151.78
40,everyday,repeat,4,0,0.0,30.24
41,everyday,new,3,0,0.0,82.74
42,big_ticket,repeat,4,0,0.0,318.28
43,big_ticket,repeat,6,0,0.0,639.54
44,everyday,new,3,0,0.0,36.04
45,big_ticket,new,3,0,0.0,194.35
46,big_ticket,repeat,7,1,0.153,448.51
47,everyday,repeat,3,1,0.166,50.01
48,everyday,new,2,0,0.0,24.97
49,everyday,repeat,2,0,0.0,34.22
50,everyday,repeat,5,0,0.0,102.14
51,everyday,repeat,2,1,0.139,30.65
52,everyday,new,1,0,0.0,37.07
53,big_ticket,new,7,1,0.184,1037.29
54,everyday,new,6,1,0.195,144.34
55,big_ticket,repeat,5,1,0.105,804.53
56,big_ticket,repeat,5,1,0.127,773.49
57,everyday,new,2,1,0.192,25.78
58,everyday,repeat,3,1,0.163,38.7
59,everyday,new,2,0,0.0,71.09
60,everyday,repeat,3,0,0.0,35.49
61,everyday,new,2,0,0.0,25.44
62,everyday,repeat,6,0,0.0,41.57
63,everyday,repeat,2,0,0.0,21.13
64,big_ticket,repeat,4,0,0.0,696.27
65,everyday,new,3,1,0.156,89.82
66,everyday,new,4,0,0.0,79.07
67,everyday,new,2,0,0.0,49.21
68,everyday,repeat,2,0,0.0,41.49
69,everyday,new,4,0,0.0,40.72
70,everyday,repeat,2,0,0.0,49.48
71,everyday,repeat,4,1,0.137,60.33
72,everyday,new,3,0,0.0,65.94
73,big_ticket,new,3,0,0.0,365.88
74,everyday,new,6,0,0.0,54.32
75,everyday,repeat,3,0,0.0,34.68
76,everyday,repeat,3,0,0.0,57.49
77,everyday,new,2,0,0.0,14.96
78,everyday,repeat,6,1,0.141,310.64
79,everyday,new,2,0,0.0,61.84
80,big_ticket,new,5,0,0.0,583.75
81,everyday,repeat,3,0,0.0,101.21
82,everyday,repeat,2,1,0.127,43.62
83,big_ticket,new,7,1,0.132,606.06
84,everyday,repeat,3,0,0.0,62.05
85,everyday,repeat,2,0,0.0,25.71
86,everyday,repeat,1,0,0.0,14.64
87,big_ticket,repeat,9,1,0.173,855.69
88,everyday,new,4,0,0.0,49.63
89,everyday,new,3,0,0.0,36.26
90,everyday,repeat,3,1,0.109,80.57
91,everyday,repeat,3,1,0.136,33.09
92,everyday,new,4,0,0.0,56.35
93,everyday,new,4,0,0.0,63.07
94,everyday,new,2,1,0.183,44.41
95,everyday,repeat,5,1,0.152,119.71
96,everyday,new,4,1,0.106,47.66
97,everyday,new,3,0,0.0,21.37
98,everyday,new,3,0,0.0,93.54
99,everyday,repeat,4,0,0.0,21.35
100,big_ticket,repeat,8,1,0.2,793.95
101,big_ticket,new,4,1,0.177,269.25
102,everyday,new,3,1,0.177,56.79
103,everyday,new,2,0,0.0,38.38
104,big_ticket,repeat,4,1,0.169,831.14
105,big_ticket,repeat,5,1,0.146,286.01
106,big_ticket,repeat,7,1,0.178,639.24
107,everyday,repeat,1,0,0.0,18.79
108,everyday,new,2,1,0.162,8.27
109,everyday,new,1,0,0.0,15.89
110,big_ticket,new,5,1,0.161,629.37
111,everyday,repeat,4,0,0.0,45.84
112,everyday,new,2,0,0.0,41.45
113,everyday,repeat,2,0,0.0,54.8
114,everyday,new,2,1,0.132,34.81
115,everyday,repeat,6,1,0.193,106.03
116,big_ticket,new,11,1,0.11,1076.31
117,big_ticket,new,7,1,0.119,555.26
118,big_ticket,repeat,3,1,0.191,203.86
119,everyday,new,3,1,0.175,40.05
120,everyday,new,2,0,0.0,27.12
121,everyday,new,2,0,0.0,42.64
122,everyday,repeat,2,0,0.0,39.29
123,everyday,new,9,1,0.197,188.72
124,everyday,repeat,2,0,0.0,15.0
125,everyday,repeat,7,1,0.139,143.63
126,everyday,repeat,2,0,0.0,14.76
127,everyday,new,1,0,0.0,14.38
128,everyday,repeat,2,0,0.0,86.72
129,everyday,new,4,1,0.193,88.21
130,everyday,repeat,5,0,0.0,96.81
131,everyday,repeat,4,0,0.0,43.29
132,big_ticket,new,6,1,0.194,561.1
133,everyday,new,4,0,0.0,76.83
134,everyday,repeat,2,0,0.0,10.31
135,everyday,repeat,3,0,0.0,35.12
136,everyday,repeat,3,1,0.159,57.13
137,big_ticket,repeat,10,0,0.0,948.91
138,everyday,repeat,6,0,0.0,169.55
139,big_ticket,repeat,8,1,0.188,593.47
140,everyday,repeat,5,0,0.0,89.7
141,everyday,new,4,0,0.0,48.05
142,everyday,repeat,4,1,0.198,71.88
143,big_ticket,repeat,6,1,0.181,339.21
144,everyday,new,3,0,0.0,50.82
145,everyday,new,3,1,0.155,106.0
146,everyday,new,4,0,0.0,29.86
147,everyday,new,1,0,0.0,46.03
148,everyday,repeat,3,0,0.0,280.85
149,everyday,new,2,0,0.0,25.58
150,everyday,repeat,1,0,0.0,33.09
151,big_ticket,new,8,1,0.191,933.94
152,big_ticket,repeat,6,0,0.0,984.12
153,everyday,repeat,3,0,0.0,33.71
154,everyday,repeat,1,0,0.0,10.25
155,everyday,repeat,2,0,0.0,25.9
156,everyday,new,4,1,0.155,53.7
157,everyday,repeat,5,1,0.182,44.9
158,everyday,repeat,1,0,0.0,11.09
159,big_ticket,new,3,1,0.118,274.86
160,big_ticket,repeat,8,1,0.188,832.11
161,everyday,new,2,0,0.0,20.89
162,big_ticket,repeat,4,1,0.12,441.1
163,everyday,new,3,0,0.0,24.07
164,everyday,repeat,2,0,0.0,18.18
165,everyday,new,2,0,0.0,12.8
166,everyday,new,1,1,0.125,6.73
167,big_ticket,repeat,7,1,0.1,649.43
168,big_ticket,repeat,5,0,0.0,453.62
169,everyday,new,1,1,0.193,16.22
170,big_ticket,repeat,4,0,0.0,218.5
171,everyday,repeat,5,1,0.149,42.41
172,everyday,repeat,1,0,0.0,6.74
173,everyday,new,4,0,0.0,20.99
174,big_ticket,repeat,7,1,0.185,801.11
175,everyday,repeat,6,1,0.156,116.73
176,everyday,new,6,0,0.0,57.79
177,everyday,new,2,0,0.0,9.9
178,big_ticket,repeat,5,1,0.103,387.15
179,big_ticket,new,7,1,0.133,524.82
180,big_ticket,new,4,0,0.0,226.01
181,big_ticket,new,9,1,0.178,986.59
182,big_ticket,repeat,7,1,0.16,523.38
183,everyday,repeat,1,0,0.0,5.75
184,everyday,repeat,2,0,0.0,15.25
185,big_ticket,repeat,5,1,0.161,635.5
186,everyday,new,2,0,0.0,23.29
187,everyday,new,3,0,0.0,46.5
188,everyday,new,2,0,0.0,16.82
189,big_ticket,new,8,1,0.149,778.24
190,everyday,new,4,1,0.142,58.85
191,big_ticket,repeat,5,1,0.157,268.97
192,everyday,new,2,0,0.0,23.26
193,everyday,new,5,0,0.0,42.64
194,big_ticket,new,6,0,0.0,816.12
195,everyday,new,3,0,0.0,29.65
196,everyday,new,1,0,0.0,11.63
197,everyday,new,3,0,0.0,29.55
198,big_ticket,new,5,1,0.155,707.75
199,everyday,repeat,2,0,0.0,44.42
200,everyday,repeat,3,0,0.0,57.29
201,big_ticket,repeat,4,0,0.0,528.82
202,big_ticket,repeat,4,0,0.0,471.65
203,everyday,repeat,3,1,0.152,31.49
204,everyday,repeat,4,1,0.103,92.66
205,everyday,repeat,2,0,0.0,8.11
206,everyday,repeat,1,0,0.0,13.0
207,everyday,new,1,0,0.0,5.94
208,everyday,new,2,0,0.0,19.5
209,everyday,new,3,0,0.0,55.46
210,everyday,new,3,1,0.177,52.86
211,everyday,repeat,3,0,0.0,30.78
212,everyday,new,3,0,0.0,46.18
213,everyday,repeat,6,0,0.0,105.2
214,big_ticket,repeat,6,0,0.0,554.5
215,big_ticket,repeat,5,0,0.0,370.54
216,big_ticket,new,5,1,0.184,650.25
217,everyday,new,4,1,0.131,46.41
218,everyday,new,2,0,0.0,75.14
219,big_ticket,repeat,8,1,0.189,269.09
220,everyday,repeat,3,0,0.0,26.43
221,everyday,repeat,2,0,0.0,49.34
222,everyday,repeat,3,0,0.0,61.78
223,everyday,repeat,3,0,0.0,16.37
224,big_ticket,repeat,2,0,0.0,237.61
225,everyday,new,3,0,0.0,57.36
226,big_ticket,new,8,1,0.167,1152.11
227,everyday,new,4,0,0.0,70.13
228,everyday,repeat,1,0,0.0,12.35
229,everyday,repeat,5,0,0.0,98.12
230,everyday,repeat,3,1,0.192,66.61
231,everyday,repeat,4,1,0.125,23.79
232,everyday,repeat,3,0,0.0,27.31
233,big_ticket,new,6,1,0.11,637.99
234,everyday,new,3,1,0.153,56.89
235,big_ticket,repeat,9,1,0.102,2068.07
236,big_ticket,repeat,4,0,0.0,268.03
237,everyday,repeat,2,0,0.0,54.6
238,big_ticket,new,5,1,0.109,969.29
239,everyday,repeat,4,0,0.0,34.36
240,everyday,repeat,1,0,0.0,29.95
241,big_ticket,repeat,4,1,0.177,461.09
242,big_ticket,new,4,0,0.0,684.31
243,everyday,repeat,3,1,0.119,126.06
244,everyday,repeat,3,0,0.0,56.83
245,everyday,repeat,2,0,0.0,33.99
246,big_ticket,repeat,3,1,0.138,641.99
247,everyday,repeat,1,1,0.181,21.27
248,everyday,repeat,2,0,0.0,48.16
249,everyday,repeat,3,1,0.119,17.0
250,everyday,new,2,0,0.0,39.36
251,everyday,new,1,0,0.0,12.81
252,big_ticket,new,6,1,0.164,619.83
253,everyday,repeat,6,1,0.171,88.49
254,everyday,new,2,1,0.137,23.45
255,everyday,new,2,0,0.0,47.07
256,big_ticket,repeat,4,1,0.162,823.72
257,big_ticket,repeat,7,1,0.197,254.49
258,everyday,new,3,0,0.0,45.69
259,everyday,new,2,1,0.106,64.56
260,everyday,repeat,5,1,0.177,63.65
261,everyday,new,4,1,0.142,57.99
262,big_ticket,repeat,7,1,0.121,1263.84
263,everyday,repeat,4,0,0.0,230.94
264,everyday,new,5,1,0.188,132.73
265,big_ticket,repeat,3,0,0.0,273.42
266,everyday,new,4,1,0.174,59.79
267,everyday,repeat,2,1,0.132,22.37
268,everyday,new,3,1,0.168,126.24
269,everyday,new,6,1,0.135,46.11
270,everyday,new,2,0,0.0,20.13
271,everyday,repeat,4,0,0.0,102.35
272,everyday,new,2,1,0.175,77.67
273,everyday,new,2,0,0.0,32.56
274,everyday,new,3,0,0.0,42.92
275,everyday,repeat,4,0,0.0,66.92
276,everyday,new,4,1,0.168,68.92
277,everyday,repeat,4,1,0.105,189.72
278,everyday,repeat,2,0,0.0,40.9
279,big_ticket,repeat,7,0,0.0,970.82
280,big_ticket,repeat,1,0,0.0,145.33
281,everyday,new,1,0,0.0,26.26
282,everyday,repeat,3,0,0.0,30.72
283,everyday,repeat,1,0,0.0,18.68
284,everyday,new,2,0,0.0,33.28
285,everyday,repeat,4,0,0.0,37.0
286,everyday,new,3,1,0.106,40.3
287,everyday,repeat,1,0,0.0,12.92
288,everyday,repeat,4,1,0.124,51.79
289,everyday,repeat,2,0,0.0,83.82
290,everyday,new,2,0,0.0,33.21
291,big_ticket,repeat,5,1,0.171,339.4
292,everyday,repeat,3,1,0.131,69.19
293,big_ticket,new,5,1,0.184,409.12
294,everyday,repeat,2,0,0.0,26.33
295,big_ticket,repeat,4,1,0.153,544.19
296,big_ticket,repeat,8,1,0.106,967.13
297,big_ticket,repeat,2,1,0.15,295.19
298,big_ticket,new,7,1,0.128,1615.13
299,big_ticket,new,5,0,0.0,771.54
300,everyday,new,5,1,0.162,55.29
301,big_ticket,new,7,1,0.148,541.12
302,everyday,repeat,3,1,0.165,27.66
303,everyday,repeat,2,1,0.131,49.49
304,everyday,new,5,1,0.11,189.09
305,big_ticket,repeat,5,1,0.136,574.24
306,everyday,new,5,1,0.16,199.66
307,everyday,new,6,1,0.115,136.31
308,everyday,repeat,4,0,0.0,44.58
309,everyday,repeat,2,1,0.178,37.75
310,everyday,new,3,1,0.193,107.54
311,everyday,repeat,1,0,0.0,30.55
312,everyday,repeat,3,1,0.154,91.17
313,everyday,new,1,0,0.0,13.65
314,everyday,repeat,2,0,0.0,20.58
315,everyday,repeat,1,0,0.0,16.43
316,everyday,new,5,0,0.0,87.32
317,everyday,repeat,5,0,0.0,73.85
318,everyday,repeat,2,0,0.0,24.24
319,everyday,repeat,4,1,0.142,40.11
320,big_ticket,repeat,4,0,0.0,389.75
321,big_ticket,repeat,4,1,0.144,473.18
322,everyday,new,4,0,0.0,98.39
323,everyday,new,3,0,0.0,42.47
324,everyday,new,1,0,0.0,15.67
325,big_ticket,new,2,0,0.0,364.57
326,everyday,new,4,0,0.0,80.38
327,big_ticket,repeat,4,1,0.17,290.19
328,everyday,new,5,1,0.11,48.47
329,everyday,new,5,1,0.125,74.06
330,everyday,repeat,3,0,0.0,32.05
331,big_ticket,new,2,1,0.166,120.46
332,everyday,repeat,3,0,0.0,71.94
333,everyday,repeat,2,0,0.0,18.52
334,big_ticket,new,7,1,0.136,405.57
335,everyday,new,2,0,0.0,103.14
336,everyday,repeat,5,1,0.111,51.91
337,everyday,new,3,0,0.0,62.28
338,big_ticket,repeat,7,1,0.148,996.81
339,everyday,repeat,4,0,0.0,74.5
340,big_ticket,repeat,8,1,0.195,572.41
341,everyday,new,1,0,0.0,20.17
342,big_ticket,repeat,4,1,0.153,335.29
343,big_ticket,new,12,1,0.142,1025.85
344,everyday,repeat,2,0,0.0,11.84
345,big_ticket,repeat,8,1,0.135,867.88
346,big_ticket,new,5,0,0.0,256.14
347,big_ticket,new,8,1,0.187,618.6
348,everyday,new,1,1,0.182,15.61
349,everyday,repeat,1,0,0.0,30.94
350,everyday,new,4,0,0.0,67.93
351,everyday,repeat,1,0,0.0,17.6
352,everyday,repeat,2,0,0.0,13.83
353,everyday,repeat,7,0,0.0,154.21
354,everyday,repeat,1,0,0.0,35.11
355,everyday,new,3,0,0.0,30.06
356,everyday,new,3,1,0.194,39.96
357,big_ticket,repeat,7,1,0.141,811.53
358,big_ticket,new,10,1,0.135,612.93
359,everyday,repeat,5,1,0.144,76.56
360,everyday,repeat,1,1,0.112,24.91
361,big_ticket,new,3,0,0.0,264.1
362,everyday,repeat,3,0,0.0,47.0
363,everyday,new,3,0,0.0,47.83
364,everyday,repeat,3,0,0.0,53.69
365,everyday,repeat,4,1,0.118,67.2
366,everyday,repeat,1,0,0.0,20.34
367,big_ticket,repeat,8,1,0.13,758.27
368,everyday,new,4,1,0.127,108.17
369,everyday,repeat,1,0,0.0,39.57
370,big_ticket,new,4,0,0.0,341.4
371,big_ticket,repeat,6,1,0.184,825.66
372,everyday,new,1,1,0.11,28.92
373,everyday,new,5,0,0.0,49.59
374,everyday,new,4,0,0.0,147.86
375,everyday,new,3,0,0.0,38.23
376,everyday,new,3,0,0.0,45.89
377,big_ticket,new,12,1,0.182,1563.56
378,everyday,repeat,7,0,0.0,115.82
379,everyday,repeat,3,1,0.119,114.15
380,big_ticket,new,5,1,0.142,261.86
381,everyday,repeat,3,1,0.163,132.59
382,big_ticket,new,5,1,0.147,627.72
383,big_ticket,repeat,5,0,0.0,616.28
384,everyday,new,2,0,0.0,19.83
385,everyday,repeat,2,0,0.0,35.7
386,big_ticket,new,7,1,0.168,1193.81
387,big_ticket,new,2,1,0.106,229.01
388,big_ticket,repeat,3,0,0.0,143.61
389,everyday,repeat,3,1,0.119,29.61
390,big_ticket,repeat,7,0,0.0,616.66
391,everyday,new,4,0,0.0,95.4
392,everyday,repeat,4,1,0.161,84.23
393,everyday,repeat,3,0,0.0,51.22
394,everyday,new,2,0,0.0,37.13
395,everyday,new,1,1,0.105,23.06
396,everyday,new,3,0,0.0,36.5
397,big_ticket,new,2,0,0.0,105.63
398,everyday,new,1,0,0.0,16.41
399,everyday,new,2,0,0.0,35.25
400,everyday,repeat,1,0,0.0,29.34
401,everyday,repeat,3,0,0.0,56.96
402,big_ticket,repeat,4,1,0.195,362.35
403,big_ticket,repeat,2,1,0.114,392.54
404,everyday,new,7,0,0.0,109.91
405,big_ticket,repeat,7,1,0.127,479.96
406,big_ticket,repeat,5,1,0.147,422.5
407,everyday,repeat,4,0,0.0,54.56
408,big_ticket,new,5,1,0.121,236.26
409,everyday,repeat,1,0,0.0,12.81
410,big_ticket,repeat,5,1,0.136,573.67
411,everyday,repeat,1,0,0.0,19.54
412,everyday,repeat,1,0,0.0,7.15
413,everyday,repeat,3,0,0.0,21.84
414,big_ticket,repeat,7,1,0.187,552.31
415,everyday,repeat,2,1,0.191,40.48
416,everyday,repeat,4,0,0.0,42.55
417,everyday,repeat,2,0,0.0,34.52
418,big_ticket,new,4,1,0.151,806.13
419,everyday,repeat,4,1,0.145,84.09
420,big_ticket,new,4,0,0.0,195.82
421,everyday,new,3,1,0.147,54.08
422,everyday,new,1,0,0.0,33.53
423,everyday,repeat,2,0,0.0,44.94
424,everyday,new,3,0,0.0,40.55
425,everyday,new,2,0,0.0,20.35
426,big_ticket,new,8,1,0.197,410.07
427,everyday,repeat,2,0,0.0,17.18
428,big_ticket,repeat,3,0,0.0,526.91
429,everyday,repeat,3,0,0.0,45.86
430,big_ticket,new,6,1,0.165,786.42
431,big_ticket,new,8,1,0.199,890.24
432,big_ticket,repeat,13,1,0.133,1717.42
433,everyday,new,4,1,0.124,40.87
434,big_ticket,repeat,5,1,0.177,888.46
435,everyday,repeat,3,1,0.107,106.25
436,everyday,repeat,2,0,0.0,21.72
437,everyday,new,6,0,0.0,106.03
438,everyday,new,2,1,0.16,121.29
439,big_ticket,repeat,6,0,0.0,1778.87
440,everyday,new,4,0,0.0,31.8
441,big_ticket,repeat,8,1,0.161,1098.05
442,everyday,repeat,2,0,0.0,19.3
443,big_ticket,new,11,1,0.15,744.05
444,everyday,new,1,1,0.166,25.67
445,everyday,repeat,2,0,0.0,19.71
446,big_ticket,new,8,1,0.113,550.48
447,big_ticket,repeat,4,0,0.0,504.71
448,everyday,repeat,4,0,0.0,156.52
449,everyday,repeat,4,1,0.173,57.05
450,everyday,new,3,1,0.106,99.55
451,everyday,new,6,1,0.128,240.99
452,big_ticket,repeat,5,1,0.194,608.73
453,big_ticket,repeat,5,1,0.116,342.8
454,everyday,repeat,4,0,0.0,92.37
455,everyday,repeat,3,0,0.0,76.22
456,everyday,repeat,4,1,0.155,21.62
457,big_ticket,new,5,1,0.185,673.59
458,everyday,new,5,1,0.194,43.16
459,big_ticket,repeat,5,1,0.144,707.53
460,everyday,new,2,0,0.0,38.62
461,everyday,repeat,1,0,0.0,15.67
462,everyday,new,1,1,0.123,16.89
463,big_ticket,new,7,0,0.0,371.84
464,everyday,new,2,1,0.17,30.26
465,everyday,repeat,3,0,0.0,49.02
466,everyday,repeat,3,1,0.167,108.85
467,everyday,new,2,0,0.0,45.47
468,big_ticket,new,5,1,0.111,539.23
469,everyday,new,4,0,0.0,52.74
470,everyday,new,5,1,0.128,117.01
471,everyday,repeat,1,0,0.0,14.38
472,everyday,new,4,0,0.0,85.03
473,everyday,new,4,0,0.0,65.05
474,everyday,new,1,0,0.0,18.27
475,everyday,repeat,5,0,0.0,155.57
476,everyday,repeat,6,0,0.0,120.63
477,everyday,repeat,5,0,0.0,216.42
478,everyday,repeat,6,0,0.0,70.89
479,everyday,repeat,3,0,0.0,31.21
480,everyday,repeat,3,1,0.183,60.8
481,everyday,repeat,1,0,0.0,14.77
482,everyday,repeat,4,0,0.0,70.31
483,everyday,new,3,0,0.0,59.03
484,everyday,repeat,4,1,0.156,34.84
485,everyday,repeat,3,0,0.0,16.6
486,everyday,repeat,1,0,0.0,23.58
487,everyday,new,6,1,0.192,48.65
488,everyday,new,3,0,0.0,38.23
489,everyday,repeat,3,1,0.133,45.68
490,everyday,new,4,0,0.0,63.11
491,big_ticket,new,8,1,0.105,632.57
492,everyday,new,4,0,0.0,91.77
493,everyday,repeat,1,1,0.167,18.71
494,everyday,repeat,2,0,0.0,43.71
495,big_ticket,repeat,6,1,0.11,755.64
496,everyday,repeat,5,0,0.0,56.51
497,everyday,repeat,3,1,0.149,300.99
498,everyday,new,3,0,0.0,53.24
499,everyday,new,3,1,0.196,77.37
500,everyday,new,5,1,0.177,46.76
501,big_ticket,repeat,6,1,0.164,684.21
502,big_ticket,new,10,1,0.15,954.59
503,big_ticket,new,6,1,0.163,555.74
504,everyday,repeat,2,0,0.0,79.24
505,everyday,repeat,2,0,0.0,71.08
506,big_ticket,new,7,1,0.17,702.78
507,everyday,repeat,3,0,0.0,55.82
508,big_ticket,repeat,7,1,0.147,903.72
509,everyday,repeat,2,0,0.0,18.6
510,everyday,repeat,1,0,0.0,17.24
511,everyday,new,2,0,0.0,37.24
512,big_ticket,new,5,1,0.192,487.28
513,everyday,new,4,0,0.0,88.72
514,everyday,repeat,3,1,0.146,30.47
515,everyday,repeat,1,0,0.0,5.93
516,everyday,repeat,3,0,0.0,42.23
517,everyday,repeat,2,0,0.0,17.37
518,big_ticket,new,8,0,0.0,924.99
519,everyday,new,2,0,0.0,41.34
520,big_ticket,new,5,1,0.193,587.65
521,big_ticket,new,8,1,0.189,1667.07
522,everyday,repeat,2,1,0.169,41.05
523,everyday,repeat,1,0,0.0,33.36
524,everyday,new,7,1,0.165,143.43
525,everyday,repeat,3,0,0.0,59.83
526,everyday,new,5,0,0.0,63.42
527,big_ticket,repeat,6,1,0.123,392.49
528,big_ticket,new,4,1,0.121,183.83
529,big_ticket,repeat,6,1,0.168,456.49
530,everyday,new,3,0,0.0,42.58
531,everyday,new,6,1,0.117,185.85
532,big_ticket,repeat,6,1,0.185,485.9
533,everyday,new,2,1,0.19,45.59
534,everyday,repeat,2,0,0.0,37.32
535,everyday,new,3,0,0.0,65.34
536,everyday,repeat,2,1,0.17,51.62
537,everyday,new,3,0,0.0,95.51
538,everyday,repeat,3,0,0.0,85.82
539,everyday,repeat,2,0,0.0,69.81
540,big_ticket,repeat,7,1,0.155,991.83
541,big_ticket,new,5,0,0.0,565.43
542,everyday,repeat,2,0,0.0,31.16
543,big_ticket,new,4,1,0.136,406.08
544,big_ticket,repeat,7,0,0.0,1100.72
545,everyday,new,2,0,0.0,13.29
546,everyday,repeat,2,0,0.0,127.85
547,everyday,repeat,5,1,0.113,94.34
548,everyday,new,1,0,0.0,11.15
549,big_ticket,new,6,0,0.0,744.58
550,everyday,new,1,0,0.0,18.25
551,everyday,repeat,3,1,0.136,75.08
552,everyday,new,3,0,0.0,71.63
553,everyday,repeat,1,0,0.0,26.71
554,big_ticket,repeat,4,0,0.0,114.21
555,everyday,repeat,5,0,0.0,47.26
556,everyday,new,4,1,0.12,68.39
557,everyday,new,1,0,0.0,30.0
558,everyday,new,3,1,0.181,41.53
559,everyday,repeat,3,0,0.0,16.24
560,everyday,new,2,0,0.0,52.03
561,everyday,new,2,0,0.0,8.51
562,everyday,new,4,1,0.119,53.48
563,big_ticket,repeat,9,0,0.0,1354.27
564,everyday,repeat,3,0,0.0,74.31
565,everyday,new,2,0,0.0,14.83
566,everyday,new,2,0,0.0,53.35
567,big_ticket,new,7,1,0.188,673.05
568,everyday,new,3,0,0.0,70.87
569,everyday,repeat,1,0,0.0,15.07
570,everyday,repeat,1,0,0.0,21.49
571,everyday,repeat,2,0,0.0,23.54
572,big_ticket,repeat,3,0,0.0,512.79
573,everyday,repeat,4,1,0.142,146.92
574,big_ticket,new,7,1,0.161,674.63
575,big_ticket,repeat,4,1,0.108,218.4
576,everyday,new,8,0,0.0,226.41
577,big_ticket,new,10,1,0.19,726.96
578,everyday,repeat,2,0,0.0,10.82
579,big_ticket,new,4,0,0.0,335.89
580,everyday,repeat,1,0,0.0,3.6
581,everyday,new,4,0,0.0,152.46
582,everyday,new,2,0,0.0,45.96
583,everyday,repeat,4,1,0.124,60.37
584,everyday,repeat,4,1,0.132,110.34
585,big_ticket,repeat,5,0,0.0,673.33
586,everyday,new,5,1,0.183,151.59
587,everyday,new,4,1,0.105,76.59
588,everyday,repeat,6,1,0.151,115.93
589,everyday,repeat,2,0,0.0,27.35
590,everyday,repeat,2,0,0.0,28.93
591,big_ticket,repeat,5,1,0.161,443.98
592,everyday,repeat,1,0,0.0,10.59
593,everyday,repeat,4,0,0.0,35.62
594,everyday,new,2,1,0.139,57.41
595,everyday,repeat,3,0,0.0,64.65
596,everyday,repeat,5,0,0.0,51.09
597,big_ticket,repeat,4,0,0.0,479.26
598,everyday,new,2,1,0.175,34.08
599,big_ticket,repeat,6,1,0.125,401.6
600,everyday,new,5,1,0.181,92.76
601,everyday,repeat,4,0,0.0,64.9
602,big_ticket,repeat,6,0,0.0,692.88
603,big_ticket,repeat,9,1,0.123,1446.61
604,big_ticket,new,5,1,0.127,593.86
605,big_ticket,new,5,0,0.0,292.8
606,big_ticket,repeat,7,1,0.139,194.27
607,big_ticket,repeat,3,1,0.18,204.01
608,everyday,repeat,1,0,0.0,9.37
609,big_ticket,new,7,1,0.181,481.3
610,everyday,repeat,2,0,0.0,30.79
611,everyday,repeat,2,0,0.0,53.96
612,everyday,new,4,1,0.156,32.76
613,big_ticket,new,4,0,0.0,495.13
614,big_ticket,repeat,5,1,0.158,762.22
615,everyday,new,5,0,0.0,69.97
616,big_ticket,repeat,11,1,0.163,1456.99
617,big_ticket,repeat,6,1,0.125,213.99
618,everyday,repeat,1,0,0.0,18.66
619,everyday,new,1,0,0.0,14.35
620,everyday,repeat,2,0,0.0,27.23
621,big_ticket,repeat,8,1,0.123,795.35
622,everyday,repeat,3,1,0.2,156.35
623,big_ticket,repeat,5,1,0.115,1070.16
624,everyday,repeat,2,0,0.0,72.36
625,big_ticket,repeat,1,0,0.0,131.68
626,everyday,repeat,5,0,0.0,87.39
627,big_ticket,repeat,12,1,0.126,1206.75
628,everyday,new,8,1,0.182,125.06
629,everyday,new,6,0,0.0,104.83
630,big_ticket,repeat,9,1,0.132,881.66
631,big_ticket,new,8,1,0.152,577.48
632,big_ticket,repeat,6,1,0.156,855.54
633,everyday,repeat,3,1,0.113,83.58
634,everyday,new,4,0,0.0,40.5
635,everyday,new,4,1,0.119,158.95
636,everyday,repeat,3,0,0.0,66.09
637,everyday,new,2,0,0.0,28.5
638,big_ticket,repeat,4,0,0.0,159.54
639,big_ticket,repeat,8,1,0.139,770.33
640,big_ticket,repeat,7,1,0.164,645.15
641,big_ticket,repeat,8,1,0.109,495.94
642,big_ticket,repeat,5,0,0.0,758.36
643,everyday,new,5,0,0.0,58.39
644,everyday,new,5,1,0.162,86.62
645,everyday,new,2,0,0.0,42.27
646,big_ticket,repeat,5,1,0.146,837.11
647,everyday,new,2,0,0.0,40.83
648,everyday,new,9,1,0.16,133.41
649,everyday,new,2,0,0.0,45.75
650,everyday,new,5,0,0.0,245.27
651,everyday,new,4,1,0.13,72.93
652,big_ticket,repeat,7,1,0.156,390.58
653,everyday,new,5,1,0.103,83.63
654,everyday,repeat,2,1,0.139,50.42
655,big_ticket,new,7,1,0.159,570.32
656,everyday,repeat,2,0,0.0,49.52
657,big_ticket,new,9,1,0.155,1009.18
658,everyday,repeat,2,1,0.194,82.13
659,everyday,repeat,4,1,0.198,84.68
660,everyday,new,4,1,0.184,70.98
661,everyday,repeat,5,0,0.0,99.25
662,big_ticket,new,6,1,0.133,761.54
663,everyday,repeat,1,0,0.0,18.3
664,everyday,repeat,3,0,0.0,99.62
665,everyday,new,2,0,0.0,26.4
666,big_ticket,new,3,1,0.151,167.1
667,big_ticket,new,9,1,0.15,1107.12
668,big_ticket,repeat,5,1,0.177,1033.67
669,everyday,new,3,1,0.111,83.02
670,everyday,repeat,5,0,0.0,77.31
671,everyday,new,5,0,0.0,66.57
672,everyday,repeat,2,1,0.159,24.79
673,big_ticket,new,3,1,0.102,308.78
674,big_ticket,repeat,6,1,0.144,512.8
675,everyday,new,2,0,0.0,18.27
676,everyday,new,1,0,0.0,5.57
677,big_ticket,new,10,1,0.148,1420.2
678,everyday,repeat,2,0,0.0,36.65
679,everyday,new,1,0,0.0,47.43
680,everyday,repeat,3,0,0.0,23.8
681,everyday,repeat,4,1,0.176,177.93
682,everyday,new,6,1,0.177,92.85
683,everyday,new,1,0,0.0,7.47
684,everyday,new,4,0,0.0,24.2
685,everyday,new,3,0,0.0,37.93
686,everyday,repeat,2,0,0.0,51.9
687,everyday,repeat,4,1,0.127,76.21
688,big_ticket,new,9,1,0.115,1007.98
689,big_ticket,new,4,0,0.0,280.49
690,everyday,repeat,3,0,0.0,52.51
691,everyday,new,5,0,0.0,37.41
692,big_ticket,repeat,8,1,0.168,708.0
693,everyday,repeat,4,1,0.195,39.55
694,everyday,new,3,1,0.137,29.3
695,big_ticket,repeat,7,1,0.127,651.85
696,everyday,repeat,2,0,0.0,38.93
697,big_ticket,repeat,9,1,0.137,916.79
698,everyday,repeat,3,1,0.103,20.68
699,everyday,repeat,3,0,0.0,36.46
700,everyday,repeat,2,0,0.0,54.01
701,everyday,repeat,4,0,0.0,65.7
702,everyday,repeat,2,0,0.0,57.53
703,everyday,repeat,2,0,0.0,42.65
704,big_ticket,repeat,7,1,0.173,310.33
705,everyday,new,7,0,0.0,80.4
706,everyday,repeat,3,0,0.0,54.3
707,big_ticket,new,6,1,0.195,830.23
708,big_ticket,new,6,1,0.2,641.19
709,everyday,new,5,1,0.166,92.03
710,everyday,new,5,1,0.119,77.52
711,big_ticket,repeat,8,1,0.129,950.79
712,everyday,new,2,0,0.0,21.87
713,big_ticket,repeat,4,1,0.108,328.85
714,big_ticket,repeat,5,1,0.185,678.47
715,big_ticket,new,4,1,0.158,290.86
716,everyday,new,1,0,0.0,6.44
717,everyday,repeat,4,1,0.166,55.85
718,everyday,repeat,2,0,0.0,37.74
719,everyday,new,3,1,0.154,45.8
720,big_ticket,new,5,0,0.0,582.92
721,everyday,new,3,0,0.0,85.65
722,everyday,new,3,0,0.0,55.4
723,everyday,new,4,1,0.156,118.46
724,big_ticket,repeat,3,0,0.0,400.13
725,everyday,new,2,0,0.0,42.04
726,everyday,new,2,0,0.0,18.62
727,everyday,repeat,3,0,0.0,10.63
728,everyday,repeat,3,0,0.0,50.21
729,everyday,new,3,0,0.0,25.28
730,everyday,repeat,4,0,0.0,101.54
731,everyday,repeat,1,0,0.0,26.13
732,everyday,new,2,0,0.0,38.43
733,everyday,new,3,1,0.122,32.74
734,everyday,repeat,2,0,0.0,32.72
735,everyday,repeat,4,1,0.165,87.62
736,everyday,repeat,2,1,0.152,40.69
737,everyday,new,3,0,0.0,31.19
738,everyday,repeat,2,0,0.0,12.8
739,everyday,new,3,1,0.114,60.17
740,everyday,repeat,2,0,0.0,32.57
741,everyday,repeat,5,0,0.0,109.44
742,everyday,new,4,0,0.0,65.13
743,big_ticket,new,7,1,0.189,707.39
744,everyday,repeat,5,0,0.0,75.19
745,everyday,repeat,2,0,0.0,28.07
746,everyday,new,1,0,0.0,54.6
747,everyday,repeat,4,0,0.0,58.51
748,everyday,new,4,0,0.0,55.9
749,big_ticket,new,4,1,0.194,219.76
750,big_ticket,new,5,1,0.107,672.19
751,everyday,repeat,4,0,0.0,68.7
752,everyday,new,1,0,0.0,10.71
753,everyday,repeat,2,1,0.163,17.24
754,everyday,new,3,1,0.192,48.48
755,everyday,repeat,6,0,0.0,89.56
756,everyday,repeat,3,0,0.0,38.4
757,everyday,new,3,1,0.138,74.26
758,big_ticket,new,6,1,0.184,499.93
759,everyday,new,2,0,0.0,58.5
760,everyday,new,6,0,0.0,59.09
761,big_ticket,repeat,7,0,0.0,587.47
762,everyday,repeat,2,0,0.0,12.75
763,everyday,new,4,1,0.139,64.62
764,everyday,repeat,3,0,0.0,75.95
765,big_ticket,repeat,5,1,0.135,345.66
766,everyday,new,6,0,0.0,50.53
767,everyday,new,2,0,0.0,32.02
768,everyday,new,4,0,0.0,150.23
769,everyday,repeat,2,0,0.0,77.09
770,everyday,new,6,1,0.151,179.27
771,everyday,repeat,5,1,0.172,50.43
772,everyday,new,1,1,0.121,16.64
773,everyday,repeat,2,0,0.0,100.7
774,big_ticket,new,4,1,0.13,434.74
775,everyday,repeat,4,1,0.116,30.65
776,big_ticket,new,8,0,0.0,1145.27
777,everyday,new,4,0,0.0,45.56
778,everyday,new,2,0,0.0,28.49
779,big_ticket,repeat,3,1,0.162,279.51
780,big_ticket,repeat,8,1,0.162,690.85
781,everyday,new,8,1,0.1,102.57
782,big_ticket,repeat,11,1,0.191,1243.87
783,everyday,repeat,1,0,0.0,23.99
784,everyday,repeat,3,1,0.105,58.93
785,big_ticket,repeat,8,1,0.189,863.55
786,everyday,new,4,1,0.122,74.02
787,big_ticket,repeat,5,0,0.0,620.91
788,everyday,repeat,1,1,0.157,14.22
789,big_ticket,repeat,6,1,0.109,1199.1
790,everyday,new,6,0,0.0,48.63
791,everyday,repeat,1,1,0.137,25.6
792,everyday,new,6,1,0.146,79.88
793,everyday,repeat,4,1,0.163,242.42
794,everyday,new,2,1,0.179,21.38
795,everyday,new,2,0,0.0,22.56
796,everyday,repeat,4,0,0.0,77.82
797,everyday,repeat,1,0,0.0,9.86
798,everyday,new,5,1,0.153,39.42
799,big_ticket,repeat,8,0,0.0,1511.05
800,big_ticket,repeat,6,0,0.0,550.99
801,big_ticket,repeat,9,1,0.19,392.05
802,everyday,repeat,4,1,0.135,74.34
803,big_ticket,new,7,0,0.0,949.13
804,everyday,new,4,0,0.0,83.81
805,everyday,repeat,5,0,0.0,331.94
806,everyday,new,2,0,0.0,27.3
807,everyday,repeat,3,0,0.0,25.44
808,everyday,repeat,4,1,0.175,263.76
809,everyday,repeat,5,1,0.103,87.49
810,big_ticket,new,7,1,0.142,450.55
811,everyday,repeat,3,0,0.0,22.39
812,everyday,repeat,2,0,0.0,28.13
813,big_ticket,new,4,0,0.0,349.87
814,everyday,new,5,0,0.0,55.95
815,everyday,new,3,1,0.166,17.67
816,big_ticket,new,3,0,0.0,276.01
817,big_ticket,repeat,3,0,0.0,335.24
818,everyday,repeat,4,0,0.0,39.82
819,everyday,new,4,0,0.0,52.94
820,everyday,repeat,2,0,0.0,25.81
821,everyday,new,3,0,0.0,51.63
822,everyday,new,3,0,0.0,113.96
823,everyday,new,3,0,0.0,54.82
824,everyday,repeat,4,0,0.0,36.89
825,big_ticket,repeat,4,1,0.167,499.91
826,everyday,repeat,3,0,0.0,58.99
827,everyday,repeat,4,1,0.137,36.03
828,everyday,new,4,0,0.0,41.61
829,big_ticket,repeat,3,0,0.0,244.37
830,everyday,new,3,0,0.0,44.92
831,everyday,new,1,1,0.111,13.76
832,everyday,repeat,2,0,0.0,14.16
833,everyday,new,2,0,0.0,24.59
834,everyday,new,1,0,0.0,16.15
835,big_ticket,new,7,1,0.138,333.32
836,everyday,new,3,0,0.0,25.43
837,big_ticket,repeat,4,1,0.106,724.96
838,big_ticket,new,4,0,0.0,708.44
839,everyday,repeat,6,1,0.194,43.89
840,everyday,repeat,3,0,0.0,13.13
841,everyday,repeat,5,1,0.121,103.64
842,big_ticket,new,5,1,0.114,786.45
843,everyday,repeat,2,0,0.0,40.38
844,everyday,new,2,1,0.172,37.86
845,everyday,new,2,0,0.0,26.32
846,big_ticket,repeat,4,0,0.0,622.69
847,everyday,new,3,1,0.141,84.47
848,everyday,repeat,3,0,0.0,67.87
849,everyday,new,2,0,0.0,30.78
850,big_ticket,repeat,5,1,0.163,499.51
851,everyday,repeat,2,0,0.0,34.39
852,everyday,repeat,4,0,0.0,72.34
853,big_ticket,new,6,1,0.154,736.16
854,big_ticket,new,5,1,0.13,511.84
855,everyday,repeat,2,0,0.0,43.85
856,everyday,repeat,2,0,0.0,40.84
857,big_ticket,new,11,1,0.102,1023.78
858,big_ticket,new,9,1,0.165,538.81
859,everyday,repeat,5,1,0.195,139.13
860,everyday,repeat,3,0,0.0,37.69
861,big_ticket,repeat,12,1,0.156,1825.21
862,big_ticket,repeat,7,1,0.147,917.09
863,big_ticket,new,7,1,0.127,1573.39
864,everyday,new,6,1,0.131,105.78
865,everyday,repeat,4,1,0.132,84.66
866,big_ticket,repeat,10,1,0.164,1645.29
867,big_ticket,new,7,1,0.116,784.97
868,big_ticket,repeat,6,0,0.0,547.05
869,everyday,new,3,1,0.192,113.71
870,everyday,new,3,1,0.125,46.83
871,big_ticket,repeat,4,1,0.155,433.04
872,everyday,new,3,0,0.0,45.45
873,big_ticket,new,8,1,0.126,1203.26
874,everyday,repeat,2,0,0.0,33.94
875,big_ticket,new,5,1,0.135,352.13
876,big_ticket,new,8,0,0.0,1004.99
877,everyday,repeat,3,1,0.147,36.91
878,everyday,new,2,0,0.0,55.3
879,everyday,repeat,3,1,0.118,38.89
880,everyday,new,2,0,0.0,38.47
881,everyday,new,3,1,0.133,21.38
882,everyday,repeat,1,0,0.0,24.87
883,big_ticket,new,9,1,0.132,871.08
884,everyday,repeat,4,0,0.0,51.23
885,everyday,repeat,1,0,0.0,8.31
886,everyday,repeat,4,0,0.0,37.57
887,everyday,new,1,0,0.0,16.16
888,everyday,new,3,0,0.0,35.26
889,everyday,repeat,1,1,0.15,24.02
890,everyday,repeat,2,0,0.0,29.08
891,everyday,repeat,3,0,0.0,53.65
892,big_ticket,repeat,6,1,0.167,623.56
893,everyday,new,1,0,0.0,23.9
894,everyday,new,4,0,0.0,72.07
895,big_ticket,repeat,6,0,0.0,790.23
896,big_ticket,repeat,7,1,0.148,648.18
897,everyday,new,1,0,0.0,25.34
898,everyday,repeat,6,0,0.0,121.45
899,everyday,repeat,2,0,0.0,35.88
900,everyday,new,6,1,0.18,173.11
901,everyday,new,5,0,0.0,89.21
902,everyday,repeat,2,0,0.0,26.75
903,everyday,repeat,4,0,0.0,104.04
904,everyday,repeat,2,0,0.0,55.49
905,big_ticket,new,4,1,0.176,408.32
906,everyday,repeat,1,0,0.0,22.42
907,everyday,repeat,3,1,0.132,62.57
908,everyday,repeat,3,0,0.0,51.6
909,everyday,new,3,1,0.114,23.9
910,everyday,new,2,1,0.195,19.15
911,big_ticket,repeat,6,0,0.0,712.05
912,big_ticket,new,6,1,0.195,482.25
913,big_ticket,new,5,0,0.0,780.24
914,big_ticket,repeat,6,0,0.0,535.94
915,big_ticket,new,5,1,0.125,941.1
916,big_ticket,repeat,10,1,0.179,1015.3
917,everyday,repeat,1,1,0.195,25.6
918,everyday,repeat,3,1,0.146,130.98
919,everyday,new,3,0,0.0,25.02
920,everyday,repeat,3,1,0.19,59.11
921,everyday,repeat,4,0,0.0,216.06
922,big_ticket,repeat,9,1,0.177,905.56
923,everyday,new,2,0,0.0,20.18
924,everyday,new,1,0,0.0,26.73
925,everyday,repeat,1,0,0.0,18.07
926,everyday,new,2,0,0.0,37.75
927,everyday,repeat,1,0,0.0,22.42
928,big_ticket,new,5,1,0.122,438.86
929,everyday,new,1,0,0.0,20.32
930,big_ticket,repeat,6,1,0.114,462.24
931,everyday,repeat,3,1,0.179,27.37
932,everyday,repeat,3,0,0.0,80.61
933,everyday,repeat,4,0,0.0,143.78
934,big_ticket,repeat,6,0,0.0,463.13
935,big_ticket,repeat,12,1,0.129,1602.24
936,everyday,new,3,0,0.0,126.74
937,big_ticket,new,8,1,0.188,560.49
938,everyday,new,5,1,0.115,136.44
939,big_ticket,repeat,6,1,0.13,488.33
940,everyday,new,4,1,0.18,55.39
941,everyday,repeat,2,0,0.0,63.34
942,big_ticket,new,7,1,0.169,316.91
943,everyday,repeat,3,0,0.0,32.03
944,everyday,repeat,4,1,0.108,40.63
945,everyday,repeat,3,1,0.183,17.01
946,everyday,repeat,5,1,0.131,58.04
947,big_ticket,new,6,1,0.175,1195.86
948,big_ticket,repeat,10,1,0.167,938.34
949,big_ticket,new,5,1,0.196,965.45
950,everyday,repeat,5,1,0.125,24.2
951,everyday,new,1,0,0.0,11.3
952,everyday,new,4,0,0.0,43.03
953,everyday,new,6,1,0.126,256.99
954,everyday,repeat,3,1,0.2,49.35
955,big_ticket,repeat,6,1,0.133,913.55
956,big_ticket,new,5,1,0.169,509.58
957,big_ticket,new,7,1,0.1,672.99
958,everyday,new,5,0,0.0,92.9
959,everyday,repeat,3,1,0.101,33.23
960,everyday,repeat,2,1,0.181,37.77
961,everyday,new,1,0,0.0,14.83
962,everyday,repeat,2,1,0.153,28.52
963,everyday,repeat,4,1,0.154,28.96
964,everyday,repeat,3,0,0.0,132.1
965,big_ticket,repeat,6,1,0.109,703.91
966,everyday,repeat,2,0,0.0,18.85
967,big_ticket,repeat,6,0,0.0,514.49
968,everyday,new,3,0,0.0,41.46
969,everyday,new,3,0,0.0,99.4
970,everyday,new,4,1,0.111,57.43
971,everyday,new,4,1,0.127,64.93
972,everyday,new,3,1,0.146,36.45
973,everyday,repeat,3,0,0.0,62.76
974,big_ticket,repeat,3,1,0.151,403.64
975,everyday,new,3,1,0.176,93.08
976,everyday,new,5,1,0.173,96.88
977,everyday,repeat,2,1,0.154,112.73
978,everyday,repeat,1,0,0.0,15.33
979,everyday,new,6,1,0.104,67.05
980,everyday,repeat,3,0,0.0,34.33
981,big_ticket,new,7,1,0.136,975.26
982,big_ticket,new,9,1,0.155,908.55
983,big_ticket,repeat,5,1,0.115,683.56
984,everyday,repeat,3,0,0.0,43.41
985,everyday,new,3,1,0.15,57.99
986,big_ticket,repeat,6,1,0.123,379.3
987,everyday,repeat,3,1,0.132,49.95
988,everyday,new,3,1,0.116,15.49
989,everyday,repeat,3,0,0.0,59.07
990,big_ticket,new,4,0,0.0,352.16
991,everyday,repeat,4,0,0.0,146.99
992,big_ticket,new,5,1,0.16,342.67
993,big_ticket,new,7,1,0.107,445.97
994,everyday,new,5,0,0.0,53.27
995,big_ticket,repeat,5,1,0.119,437.09
996,everyday,new,4,0,0.0,175.8
997,everyday,repeat,4,1,0.113,45.61
998,everyday,new,2,0,0.0,21.7
999,big_ticket,repeat,7,1,0.158,631.73
1000,everyday,repeat,2,1,0.11,37.78
1001,everyday,new,3,1,0.169,70.15
1002,everyday,repeat,2,0,0.0,43.32
1003,everyday,repeat,3,0,0.0,55.67
1004,everyday,repeat,2,0,0.0,23.21
1005,everyday,new,3,0,0.0,134.11
1006,everyday,repeat,2,0,0.0,70.63
1007,big_ticket,repeat,5,1,0.108,1034.76
1008,everyday,new,2,0,0.0,62.22
1009,big_ticket,repeat,6,1,0.165,750.94
1010,everyday,new,2,0,0.0,18.22
1011,everyday,repeat,2,1,0.183,52.96
1012,everyday,repeat,3,0,0.0,26.71
1013,everyday,repeat,1,0,0.0,47.24
1014,big_ticket,new,3,1,0.179,493.09
1015,everyday,new,2,0,0.0,68.19
1016,everyday,new,2,0,0.0,86.08
1017,everyday,repeat,2,0,0.0,17.16
1018,big_ticket,new,8,1,0.135,721.48
1019,everyday,new,6,0,0.0,130.91
1020,everyday,new,5,1,0.14,185.1
1021,big_ticket,repeat,6,0,0.0,675.18
1022,big_ticket,new,10,0,0.0,942.04
1023,big_ticket,repeat,8,1,0.134,566.83
1024,everyday,new,1,0,0.0,52.24
1025,everyday,new,1,0,0.0,10.6
1026,everyday,new,4,1,0.144,83.45
1027,big_ticket,new,5,1,0.116,497.58
1028,everyday,repeat,4,0,0.0,59.39
1029,big_ticket,new,5,1,0.169,646.97
1030,everyday,new,4,1,0.157,40.53
1031,everyday,new,4,0,0.0,28.09
1032,big_ticket,new,6,0,0.0,435.48
1033,everyday,new,1,0,0.0,13.21
1034,big_ticket,new,4,0,0.0,182.17
1035,everyday,new,2,0,0.0,44.8
1036,everyday,repeat,2,0,0.0,32.71
1037,everyday,repeat,3,0,0.0,105.73
1038,everyday,repeat,4,0,0.0,65.64
1039,everyday,new,7,1,0.123,90.84
1040,everyday,repeat,4,1,0.193,99.24
1041,everyday,repeat,4,0,0.0,51.52
1042,everyday,repeat,5,1,0.169,93.03
1043,everyday,new,3,0,0.0,60.64
1044,everyday,repeat,4,0,0.0,69.44
1045,everyday,repeat,3,0,0.0,61.09
1046,everyday,repeat,4,1,0.168,82.33
1047,everyday,repeat,3,0,0.0,55.2
1048,big_ticket,repeat,3,1,0.187,407.27
1049,big_ticket,repeat,5,1,0.168,551.93
1050,everyday,new,1,0,0.0,11.56
1051,everyday,new,3,0,0.0,35.78
1052,everyday,repeat,1,0,0.0,23.22
1053,everyday,new,3,0,0.0,118.68
1054,everyday,new,3,0,0.0,49.92
1055,everyday,new,2,0,0.0,61.75
1056,everyday,new,4,1,0.159,47.44
1057,big_ticket,new,8,1,0.17,536.63
1058,everyday,repeat,2,0,0.0,30.63
1059,everyday,new,2,1,0.145,45.29
1060,big_ticket,repeat,4,1,0.126,178.27
1061,big_ticket,new,7,1,0.196,469.81
1062,everyday,repeat,2,0,0.0,39.7
1063,everyday,repeat,3,0,0.0,54.26
1064,everyday,repeat,3,0,0.0,37.58
1065,everyday,new,1,0,0.0,7.26
1066,big_ticket,new,7,1,0.111,755.3
1067,everyday,repeat,2,0,0.0,48.39
1068,everyday,repeat,3,0,0.0,20.62
1069,everyday,new,2,1,0.127,15.26
1070,everyday,repeat,1,0,0.0,14.36
1071,big_ticket,repeat,6,1,0.153,627.49
1072,everyday,new,3,0,0.0,247.51
1073,everyday,repeat,2,0,0.0,37.31
1074,big_ticket,new,9,1,0.163,938.76
1075,big_ticket,new,7,0,0.0,593.78
1076,everyday,repeat,1,1,0.155,16.15
1077,everyday,repeat,2,1,0.195,31.95
1078,everyday,repeat,6,0,0.0,246.71
1079,everyday,repeat,2,1,0.199,11.77
1080,everyday,repeat,4,0,0.0,40.75
1081,everyday,new,4,0,0.0,86.09
1082,big_ticket,new,6,0,0.0,698.45
1083,big_ticket,new,8,1,0.117,468.25
1084,big_ticket,repeat,7,1,0.178,769.17
1085,big_ticket,repeat,7,1,0.182,578.03
1086,big_ticket,repeat,7,1,0.119,664.54
1087,big_ticket,new,4,0,0.0,606.0
1088,big_ticket,new,4,1,0.176,466.48
1089,everyday,repeat,2,0,0.0,31.42
1090,everyday,repeat,1,0,0.0,25.07
1091,everyday,new,4,0,0.0,106.18
1092,everyday,repeat,4,0,0.0,46.52
1093,everyday,repeat,6,1,0.151,44.58
1094,everyday,repeat,2,0,0.0,30.77
1095,everyday,new,2,0,0.0,24.62
1096,everyday,repeat,5,0,0.0,57.62
1097,everyday,new,1,0,0.0,6.92
1098,big_ticket,new,8,1,0.138,1363.62
1099,big_ticket,repeat,4,0,0.0,171.8
1100,everyday,new,5,1,0.112,61.81
1101,everyday,new,4,0,0.0,64.18
1102,everyday,new,3,0,0.0,68.31
1103,big_ticket,new,6,1,0.156,338.45
1104,big_ticket,repeat,4,0,0.0,927.54
1105,everyday,new,5,0,0.0,59.44
1106,big_ticket,repeat,8,1,0.144,2338.23
1107,everyday,repeat,4,1,0.115,33.29
1108,everyday,new,2,0,0.0,49.46
1109,big_ticket,repeat,4,1,0.137,237.85
1110,everyday,new,3,0,0.0,100.32
1111,everyday,new,3,0,0.0,54.01
1112,everyday,new,2,0,0.0,24.89
1113,everyday,new,1,0,0.0,16.05
1114,big_ticket,new,6,1,0.129,503.88
1115,big_ticket,new,10,1,0.117,575.69
1116,everyday,repeat,3,1,0.114,52.0
1117,everyday,repeat,2,0,0.0,21.24
1118,big_ticket,repeat,8,1,0.157,507.2
1119,everyday,repeat,3,1,0.151,21.07
1120,big_ticket,repeat,7,1,0.184,685.71
1121,everyday,new,5,0,0.0,63.95
1122,everyday,repeat,4,0,0.0,15.39
1123,big_ticket,new,9,1,0.101,712.8
1124,everyday,repeat,1,0,0.0,15.91
1125,everyday,repeat,2,0,0.0,26.63
1126,everyday,new,4,0,0.0,80.66
1127,everyday,repeat,2,1,0.115,26.86
1128,everyday,repeat,2,0,0.0,43.9
1129,everyday,repeat,4,1,0.146,66.79
1130,big_ticket,new,6,1,0.121,520.75
1131,big_ticket,repeat,9,1,0.123,832.82
1132,everyday,repeat,2,1,0.187,42.81
1133,everyday,new,3,1,0.196,42.94
1134,big_ticket,repeat,4,1,0.125,666.38
1135,big_ticket,new,6,1,0.116,623.43
1136,everyday,repeat,2,1,0.103,23.1
1137,everyday,new,1,0,0.0,13.29
1138,everyday,new,3,0,0.0,59.83
1139,everyday,new,3,0,0.0,81.22
1140,everyday,repeat,1,0,0.0,22.95
1141,everyday,repeat,4,0,0.0,91.93
1142,big_ticket,new,7,1,0.199,1126.15
1143,big_ticket,new,6,1,0.127,503.02
1144,big_ticket,repeat,6,1,0.18,704.61
1145,everyday,new,2,0,0.0,25.06
1146,everyday,new,4,1,0.145,25.56
1147,big_ticket,repeat,6,1,0.176,695.08
1148,big_ticket,new,5,0,0.0,551.34
1149,everyday,repeat,2,0,0.0,19.1
1150,big_ticket,new,10,1,0.106,1573.53
1151,everyday,repeat,1,1,0.139,25.98
1152,big_ticket,repeat,5,1,0.133,762.66
1153,everyday,new,2,0,0.0,42.5
1154,everyday,repeat,4,1,0.119,59.58
1155,everyday,repeat,3,0,0.0,50.32
1156,everyday,repeat,3,0,0.0,48.28
1157,everyday,new,1,1,0.143,9.29
1158,everyday,new,1,0,0.0,24.72
1159,everyday,repeat,7,1,0.181,75.68
1160,big_ticket,new,6,0,0.0,658.28
1161,everyday,new,3,0,0.0,59.34
1162,everyday,new,6,0,0.0,165.57
1163,big_ticket,repeat,7,1,0.189,951.91
1164,everyday,new,1,0,0.0,24.06
1165,everyday,new,3,0,0.0,58.14
1166,big_ticket,repeat,8,1,0.12,426.75
1167,big_ticket,new,9,1,0.152,706.4
1168,everyday,new,4,1,0.14,63.34
1169,big_ticket,repeat,5,1,0.131,356.63
1170,everyday,new,3,0,0.0,87.74
1171,everyday,repeat,3,0,0.0,57.09
1172,big_ticket,new,6,1,0.107,963.59
1173,everyday,repeat,4,0,0.0,52.5
1174,big_ticket,repeat,5,1,0.136,441.5
1175,everyday,new,2,0,0.0,25.94
1176,big_ticket,new,6,1,0.186,755.91
1177,everyday,repeat,2,0,0.0,58.33
1178,everyday,new,4,0,0.0,61.73
1179,everyday,new,3,0,0.0,45.1
1180,everyday,repeat,1,1,0.129,32.61
1181,big_ticket,repeat,6,1,0.163,578.92
1182,everyday,repeat,3,0,0.0,61.05
1183,everyday,new,3,0,0.0,49.22
1184,everyday,new,2,0,0.0,39.07
1185,everyday,repeat,2,0,0.0,24.4
1186,big_ticket,new,11,1,0.101,825.91
1187,everyday,new,2,0,0.0,79.93
1188,big_ticket,new,6,1,0.147,702.78
1189,everyday,new,3,1,0.143,72.84
1190,everyday,repeat,4,0,0.0,69.87
1191,everyday,new,1,0,0.0,19.77
1192,everyday,repeat,3,0,0.0,62.21
1193,big_ticket,new,4,1,0.102,588.3
1194,big_ticket,new,4,0,0.0,576.02
1195,big_ticket,new,6,1,0.139,755.71
1196,everyday,repeat,3,1,0.157,91.85
1197,everyday,repeat,3,0,0.0,42.38
1198,everyday,repeat,3,0,0.0,62.35
1199,everyday,new,3,0,0.0,50.73
1200,big_ticket,new,8,1,0.12,564.92
1201,everyday,repeat,2,1,0.179,35.84
1202,everyday,new,3,0,0.0,32.83
1203,big_ticket,repeat,3,0,0.0,360.93
1204,big_ticket,new,5,1,0.14,288.15
1205,everyday,new,3,0,0.0,47.94
1206,everyday,new,4,0,0.0,46.85
1207,everyday,new,2,1,0.136,82.37
1208,everyday,repeat,1,0,0.0,7.01
1209,everyday,repeat,3,0,0.0,21.36
1210,everyday,repeat,4,0,0.0,81.43
1211,big_ticket,repeat,8,1,0.194,417.3
1212,big_ticket,new,8,1,0.127,1545.91
1213,everyday,repeat,1,0,0.0,14.43
1214,everyday,new,2,0,0.0,32.96
1215,everyday,repeat,3,1,0.152,64.02
1216,everyday,new,4,1,0.199,133.84
1217,everyday,repeat,3,0,0.0,25.62
1218,everyday,repeat,3,1,0.14,54.89
1219,everyday,repeat,3,1,0.128,68.63
1220,everyday,repeat,2,1,0.118,28.11
1221,everyday,repeat,3,0,0.0,61.28
1222,everyday,repeat,5,0,0.0,60.54
1223,big_ticket,repeat,6,1,0.17,573.27
1224,everyday,new,2,0,0.0,13.62
1225,everyday,repeat,2,0,0.0,28.88
1226,big_ticket,new,5,1,0.13,442.17
1227,everyday,repeat,2,0,0.0,28.47
1228,everyday,repeat,1,1,0.123,25.46
1229,big_ticket,new,8,1,0.192,459.01
1230,everyday,repeat,6,0,0.0,114.71
1231,everyday,repeat,3,1,0.12,66.09
1232,everyday,repeat,3,0,0.0,48.06
1233,everyday,repeat,1,0,0.0,7.19
1234,everyday,repeat,4,1,0.176,159.56
1235,everyday,repeat,2,0,0.0,65.16
1236,everyday,new,3,0,0.0,70.84
1237,everyday,new,2,0,0.0,27.44
1238,everyday,repeat,6,1,0.134,124.62
1239,everyday,new,2,0,0.0,13.87
1240,everyday,new,3,0,0.0,22.58
1241,big_ticket,new,7,1,0.185,737.11
1242,everyday,new,6,0,0.0,53.09
1243,everyday,repeat,1,0,0.0,14.13
1244,everyday,new,4,1,0.136,71.41
1245,everyday,new,1,0,0.0,19.54
1246,everyday,repeat,4,0,0.0,65.75
1247,everyday,repeat,4,0,0.0,54.68
1248,everyday,new,4,0,0.0,62.52
1249,big_ticket,repeat,6,0,0.0,415.87
1250,big_ticket,new,5,1,0.111,369.33
1251,everyday,repeat,4,0,0.0,92.51
1252,everyday,new,5,0,0.0,31.19
1253,everyday,new,3,0,0.0,64.18
1254,everyday,new,1,0,0.0,17.52
1255,everyday,repeat,1,0,0.0,11.97
1256,big_ticket,new,3,1,0.189,235.86
1257,big_ticket,repeat,2,0,0.0,195.04
1258,big_ticket,repeat,5,1,0.178,450.69
1259,everyday,new,2,0,0.0,59.39
1260,big_ticket,repeat,6,1,0.184,724.77
1261,everyday,new,1,0,0.0,6.17
1262,everyday,new,6,1,0.181,204.83
1263,everyday,new,2,0,0.0,14.04
1264,big_ticket,new,4,0,0.0,312.47
1265,everyday,new,3,1,0.133,80.8
1266,big_ticket,repeat,7,0,0.0,1116.32
1267,everyday,repeat,2,0,0.0,28.94
1268,big_ticket,new,4,1,0.194,170.45
1269,everyday,new,3,0,0.0,51.14
1270,everyday,repeat,5,0,0.0,149.59
1271,big_ticket,new,8,1,0.165,294.99
1272,everyday,repeat,3,0,0.0,55.71
1273,everyday,repeat,2,0,0.0,13.91
1274,everyday,new,4,0,0.0,187.96
1275,everyday,repeat,4,0,0.0,41.49
1276,everyday,repeat,1,1,0.127,22.0
1277,everyday,repeat,3,0,0.0,57.11
1278,everyday,repeat,3,0,0.0,52.78
1279,big_ticket,new,8,1,0.141,461.23
1280,everyday,repeat,2,0,0.0,16.59
1281,everyday,new,7,1,0.151,242.91
1282,everyday,new,5,1,0.197,51.81
1283,everyday,repeat,3,0,0.0,46.5
1284,everyday,new,5,1,0.184,69.83
1285,big_ticket,repeat,7,1,0.178,755.38
1286,big_ticket,repeat,7,1,0.146,671.22
1287,everyday,repeat,5,0,0.0,58.48
1288,everyday,repeat,3,1,0.138,53.42
1289,everyday,repeat,4,0,0.0,112.61
1290,everyday,repeat,2,0,0.0,63.99
1291,everyday,repeat,5,1,0.155,76.85
1292,everyday,repeat,1,0,0.0,15.51
1293,everyday,repeat,1,0,0.0,31.24
1294,everyday,new,3,0,0.0,19.6
1295,everyday,new,2,0,0.0,51.88
1296,everyday,new,2,0,0.0,22.06
1297,everyday,new,7,0,0.0,124.01
1298,everyday,new,3,0,0.0,50.9
1299,big_ticket,repeat,6,1,0.15,317.51
1300,everyday,repeat,2,0,0.0,38.42
1301,everyday,repeat,3,0,0.0,41.25
1302,everyday,repeat,4,0,0.0,109.09
1303,big_ticket,repeat,4,1,0.193,292.85
1304,everyday,repeat,1,0,0.0,9.75
1305,big_ticket,repeat,7,1,0.14,582.15
1306,big_ticket,new,5,1,0.163,386.36
1307,everyday,repeat,3,0,0.0,105.01
1308,everyday,new,2,0,0.0,32.47
1309,everyday,new,4,1,0.17,66.39
1310,big_ticket,new,8,1,0.156,916.85
1311,everyday,repeat,4,1,0.13,73.15
1312,big_ticket,repeat,7,1,0.177,847.12
1313,everyday,new,3,0,0.0,44.91
1314,everyday,repeat,5,0,0.0,51.98
1315,everyday,new,3,0,0.0,63.78
1316,everyday,new,4,1,0.126,62.92
1317,everyday,new,1,0,0.0,29.23
1318,everyday,new,3,0,0.0,29.86
1319,big_ticket,repeat,1,1,0.141,54.74
1320,big_ticket,new,9,0,0.0,1178.12
1321,everyday,new,5,0,0.0,76.15
1322,everyday,new,1,0,0.0,28.17
1323,everyday,repeat,2,0,0.0,31.59
1324,big_ticket,repeat,7,1,0.107,923.24
1325,everyday,repeat,2,1,0.129,40.36
1326,big_ticket,repeat,5,1,0.134,584.69
1327,everyday,repeat,3,0,0.0,34.86
1328,everyday,new,1,0,0.0,15.78
1329,everyday,new,6,1,0.105,109.63
1330,everyday,repeat,6,0,0.0,156.84
1331,big_ticket,new,7,1,0.129,845.36
1332,everyday,repeat,3,0,0.0,52.15
1333,everyday,repeat,1,0,0.0,13.26
1334,big_ticket,new,6,1,0.197,408.2
1335,big_ticket,repeat,2,1,0.122,316.19
1336,big_ticket,new,11,1,0.142,966.52
1337,everyday,new,1,0,0.0,8.21
1338,everyday,repeat,2,0,0.0,29.24
1339,big_ticket,repeat,6,1,0.142,573.72
1340,everyday,new,1,0,0.0,13.54
1341,everyday,new,2,0,0.0,42.82
1342,big_ticket,new,5,1,0.111,1000.99
1343,everyday,new,4,0,0.0,58.39
1344,everyday,new,2,1,0.176,18.3
1345,big_ticket,new,4,1,0.196,222.24
1346,everyday,repeat,6,0,0.0,43.83
1347,everyday,repeat,6,0,0.0,66.83
1348,everyday,repeat,3,1,0.11,33.25
1349,everyday,repeat,2,1,0.186,33.34
1350,everyday,repeat,3,0,0.0,50.69
1351,big_ticket,repeat,8,1,0.139,941.25
1352,big_ticket,repeat,5,1,0.104,264.76
1353,everyday,repeat,2,1,0.164,14.02
1354,everyday,repeat,5,0,0.0,161.2
1355,big_ticket,repeat,3,0,0.0,204.72
1356,everyday,repeat,1,0,0.0,14.22
1357,everyday,new,3,0,0.0,38.74
1358,everyday,new,2,1,0.171,51.08
1359,everyday,new,2,0,0.0,38.04
1360,everyday,new,2,1,0.147,23.21
1361,everyday,new,2,0,0.0,42.56
1362,everyday,new,4,0,0.0,33.44
1363,everyday,new,4,0,0.0,62.54
1364,everyday,repeat,5,0,0.0,18.31
1365,everyday,new,2,0,0.0,38.47
1366,everyday,new,4,0,0.0,53.19
1367,everyday,new,2,0,0.0,29.37
1368,everyday,new,2,1,0.153,60.77
1369,everyday,repeat,1,0,0.0,11.3
1370,everyday,repeat,3,1,0.174,34.99
1371,everyday,new,3,1,0.18,23.67
1372,big_ticket,repeat,5,1,0.129,723.76
1373,everyday,new,2,0,0.0,31.78
1374,big_ticket,repeat,10,1,0.184,1484.24
1375,big_ticket,repeat,5,1,0.112,573.28
1376,everyday,repeat,2,1,0.147,39.26
1377,everyday,new,4,0,0.0,85.35
1378,big_ticket,repeat,7,1,0.134,1032.19
1379,everyday,repeat,4,1,0.141,62.21
1380,everyday,repeat,3,0,0.0,64.54
1381,everyday,new,2,0,0.0,45.41
1382,everyday,repeat,10,1,0.136,274.2
1383,everyday,new,2,0,0.0,102.83
1384,big_ticket,new,9,1,0.181,879.16
1385,big_ticket,repeat,8,1,0.165,283.03
1386,everyday,new,3,1,0.155,49.43
1387,big_ticket,new,4,0,0.0,612.88
1388,everyday,repeat,5,1,0.198,121.26
1389,big_ticket,repeat,10,1,0.173,1268.14
1390,everyday,repeat,3,0,0.0,28.96
1391,big_ticket,repeat,8,1,0.122,350.72
1392,big_ticket,repeat,2,0,0.0,378.71
1393,everyday,repeat,2,0,0.0,22.32
1394,everyday,new,4,0,0.0,37.91
1395,big_ticket,new,9,1,0.138,1962.49
1396,everyday,repeat,3,0,0.0,23.95
1397,everyday,new,1,0,0.0,11.23
1398,big_ticket,new,5,0,0.0,401.71
1399,everyday,repeat,3,0,0.0,37.53
1400,everyday,new,8,1,0.182,160.9
1401,everyday,new,1,0,0.0,10.89
1402,everyday,repeat,2,0,0.0,45.05
1403,big_ticket,new,6,0,0.0,649.07
1404,everyday,repeat,2,0,0.0,48.82
1405,everyday,new,5,0,0.0,69.97
1406,everyday,repeat,3,0,0.0,39.04
1407,big_ticket,new,5,0,0.0,1047.84
1408,everyday,repeat,2,0,0.0,32.96
1409,big_ticket,new,3,1,0.165,205.96
1410,big_ticket,new,8,1,0.101,1271.56
1411,big_ticket,repeat,8,1,0.101,1259.76
1412,big_ticket,new,5,0,0.0,482.88
1413,big_ticket,repeat,10,1,0.107,1708.78
1414,big_ticket,new,4,1,0.188,600.29
1415,everyday,new,5,0,0.0,43.36
1416,big_ticket,new,7,0,0.0,361.34
1417,everyday,repeat,6,1,0.199,133.46
1418,everyday,new,2,0,0.0,27.77
1419,big_ticket,new,6,1,0.183,545.77
1420,big_ticket,repeat,9,1,0.114,779.71
1421,big_ticket,new,9,1,0.194,1221.46
1422,everyday,repeat,3,0,0.0,28.01
1423,everyday,repeat,2,0,0.0,43.99
1424,everyday,repeat,2,1,0.117,44.31
1425,everyday,repeat,3,0,0.0,30.71
1426,everyday,new,1,0,0.0,16.77
1427,everyday,repeat,2,0,0.0,70.68
1428,everyday,repeat,2,0,0.0,37.48
1429,big_ticket,new,6,1,0.187,800.94
1430,everyday,repeat,3,1,0.106,42.08
1431,big_ticket,repeat,1,0,0.0,97.0
1432,everyday,new,4,1,0.108,84.51
1433,everyday,new,2,1,0.143,30.7
1434,everyday,repeat,3,1,0.137,56.22
1435,everyday,repeat,4,1,0.183,68.03
1436,big_ticket,repeat,6,1,0.196,464.88
1437,everyday,new,3,0,0.0,50.93
1438,everyday,new,5,1,0.125,60.46
1439,big_ticket,new,10,1,0.166,1081.15
1440,big_ticket,new,4,1,0.156,429.15
1441,everyday,repeat,4,0,0.0,43.11
1442,everyday,new,7,1,0.124,107.97
1443,everyday,new,5,0,0.0,52.73
1444,everyday,repeat,2,0,0.0,67.77
1445,everyday,new,2,0,0.0,42.01
1446,everyday,new,2,1,0.153,20.2
1447,big_ticket,repeat,6,1,0.186,348.75
1448,everyday,new,2,0,0.0,33.29
1449,everyday,repeat,1,0,0.0,17.35
1450,everyday,new,1,1,0.155,12.19
1451,big_ticket,new,5,1,0.191,289.75
1452,everyday,repeat,4,0,0.0,137.81
1453,big_ticket,new,12,1,0.159,2353.94
1454,big_ticket,repeat,5,1,0.158,446.06
1455,everyday,new,2,0,0.0,13.2
1456,everyday,repeat,3,0,0.0,43.46
1457,everyday,new,1,1,0.19,8.72
1458,everyday,repeat,3,0,0.0,148.05
1459,big_ticket,repeat,5,1,0.148,401.29
1460,everyday,repeat,3,0,0.0,33.59
1461,big_ticket,new,10,1,0.186,1132.91
1462,everyday,repeat,4,0,0.0,112.85
1463,everyday,repeat,4,0,0.0,26.37
1464,everyday,new,2,0,0.0,33.07
1465,everyday,repeat,3,0,0.0,55.53
1466,everyday,new,1,0,0.0,10.04
1467,everyday,new,2,1,0.163,45.14
1468,everyday,repeat,5,1,0.184,40.72
1469,big_ticket,new,4,0,0.0,391.01
1470,everyday,new,3,0,0.0,79.16
1471,big_ticket,repeat,4,1,0.167,277.69
1472,everyday,repeat,4,0,0.0,164.59
1473,everyday,new,5,0,0.0,77.64
1474,everyday,new,3,0,0.0,107.12
1475,everyday,new,5,0,0.0,61.85
1476,everyday,repeat,3,1,0.106,88.07
1477,everyday,repeat,2,0,0.0,83.21
1478,big_ticket,repeat,6,1,0.175,925.16
1479,everyday,repeat,3,1,0.17,20.27
1480,everyday,repeat,4,1,0.156,73.86
1481,everyday,new,4,1,0.152,72.95
1482,everyday,new,2,0,0.0,30.24
1483,everyday,new,5,0,0.0,132.76
1484,everyday,new,5,0,0.0,46.66
1485,everyday,new,3,0,0.0,46.2
1486,everyday,repeat,4,0,0.0,44.48
1487,big_ticket,new,6,1,0.197,784.27
1488,everyday,new,3,1,0.147,73.06
1489,big_ticket,repeat,3,0,0.0,314.15
1490,everyday,repeat,2,0,0.0,33.5
1491,everyday,new,3,1,0.185,45.51
1492,big_ticket,repeat,6,0,0.0,301.82
1493,everyday,repeat,5,0,0.0,181.24
1494,big_ticket,new,7,1,0.178,1112.14
1495,everyday,repeat,4,0,0.0,306.85
1496,everyday,new,3,0,0.0,50.06
1497,big_ticket,new,2,0,0.0,220.87
1498,everyday,new,2,0,0.0,33.29
1499,everyday,new,3,1,0.122,58.0
1500,everyday,repeat,6,1,0.199,80.78
1501,everyday,repeat,3,1,0.154,20.26
1502,big_ticket,new,8,1,0.198,930.04
1503,everyday,repeat,2,0,0.0,24.19
1504,everyday,new,3,0,0.0,102.49
1505,big_ticket,new,5,1,0.152,574.31
1506,everyday,repeat,4,1,0.182,47.79
1507,big_ticket,new,5,1,0.102,421.8
1508,everyday,repeat,4,0,0.0,49.12
1509,everyday,new,5,0,0.0,31.62
1510,big_ticket,repeat,8,1,0.179,899.39
1511,everyday,new,1,0,0.0,31.4
1512,everyday,new,3,1,0.1,31.02
1513,everyday,repeat,4,0,0.0,83.13
1514,big_ticket,repeat,3,0,0.0,373.0
1515,big_ticket,new,2,1,0.102,243.68
1516,everyday,repeat,5,0,0.0,81.38
1517,everyday,new,1,0,0.0,19.4
1518,big_ticket,new,5,1,0.164,1119.97
1519,everyday,new,4,0,0.0,66.12
1520,everyday,repeat,2,0,0.0,24.33
1521,everyday,repeat,3,0,0.0,52.56
1522,everyday,repeat,2,0,0.0,20.76
1523,big_ticket,repeat,4,0,0.0,559.32
1524,big_ticket,new,2,0,0.0,195.48
1525,big_ticket,new,5,1,0.182,221.47
1526,everyday,new,2,0,0.0,29.52
1527,everyday,repeat,5,1,0.153,79.98
1528,everyday,new,5,1,0.125,64.98
1529,everyday,repeat,3,0,0.0,22.02
1530,everyday,repeat,3,1,0.154,46.67
1531,everyday,repeat,1,0,0.0,17.83
1532,everyday,new,2,0,0.0,40.61
1533,everyday,new,5,1,0.176,137.78
1534,big_ticket,repeat,6,0,0.0,730.42
1535,everyday,repeat,4,1,0.141,78.3
1536,everyday,repeat,3,0,0.0,65.54
1537,big_ticket,repeat,10,0,0.0,698.07
1538,big_ticket,repeat,4,0,0.0,310.22
1539,big_ticket,new,5,1,0.12,404.21
1540,everyday,repeat,1,0,0.0,14.95
1541,big_ticket,new,7,1,0.151,438.54
1542,everyday,repeat,4,0,0.0,82.03
1543,everyday,new,3,1,0.162,58.96
1544,everyday,new,4,1,0.19,96.35
1545,everyday,new,3,0,0.0,24.68
1546,everyday,repeat,3,1,0.14,71.37
1547,everyday,repeat,2,0,0.0,30.08
1548,big_ticket,new,2,1,0.154,242.07
1549,everyday,new,1,0,0.0,13.05
1550,everyday,new,3,0,0.0,32.79
1551,everyday,new,3,0,0.0,58.16
1552,everyday,repeat,2,0,0.0,26.45
1553,everyday,new,4,0,0.0,63.11
1554,everyday,repeat,2,0,0.0,26.04
1555,everyday,repeat,1,1,0.134,15.59
1556,big_ticket,new,6,1,0.179,885.71
1557,big_ticket,repeat,7,1,0.182,240.78
1558,everyday,repeat,5,1,0.178,313.93
1559,everyday,repeat,6,1,0.163,101.5
1560,big_ticket,repeat,3,1,0.14,471.65
1561,big_ticket,new,3,0,0.0,213.02
1562,everyday,new,7,1,0.129,114.46
1563,big_ticket,repeat,7,0,0.0,672.79
1564,big_ticket,new,8,1,0.121,1206.32
1565,big_ticket,repeat,11,1,0.195,1174.18
1566,everyday,repeat,1,0,0.0,8.38
1567,everyday,new,2,1,0.11,19.53
1568,everyday,new,2,0,0.0,17.86
1569,everyday,new,1,0,0.0,17.29
1570,everyday,repeat,5,1,0.136,89.34
1571,everyday,new,2,0,0.0,34.56
1572,everyday,new,2,0,0.0,22.85
1573,everyday,repeat,1,0,0.0,8.92
1574,big_ticket,repeat,8,1,0.146,902.13
1575,everyday,repeat,3,0,0.0,54.24
1576,everyday,repeat,2,0,0.0,43.6
1577,big_ticket,new,6,1,0.189,340.73
1578,big_ticket,repeat,8,1,0.195,1200.7
1579,big_ticket,repeat,9,1,0.162,449.39
1580,big_ticket,new,8,1,0.101,997.62
1581,big_ticket,new,6,1,0.159,253.23
1582,everyday,new,2,1,0.152,18.7
1583,everyday,repeat,6,0,0.0,54.96
1584,everyday,repeat,3,1,0.123,22.97
1585,everyday,repeat,4,1,0.171,87.69
1586,big_ticket,repeat,8,1,0.121,777.48
1587,everyday,repeat,1,0,0.0,8.7
1588,everyday,repeat,4,0,0.0,25.95
1589,everyday,repeat,3,0,0.0,31.68
1590,everyday,repeat,4,1,0.152,111.97
1591,everyday,new,2,1,0.185,18.13
1592,everyday,repeat,3,0,0.0,20.14
1593,big_ticket,repeat,8,1,0.104,577.76
1594,everyday,new,4,1,0.118,34.88
1595,big_ticket,repeat,5,1,0.165,414.93
1596,everyday,repeat,3,0,0.0,50.7
1597,everyday,new,4,0,0.0,51.74
1598,everyday,repeat,2,0,0.0,26.07
1599,big_ticket,new,2,0,0.0,333.02
1600,everyday,repeat,1,0,0.0,12.19
1601,big_ticket,repeat,3,1,0.15,174.49
1602,everyday,new,3,0,0.0,75.62
1603,everyday,new,3,0,0.0,41.92
1604,big_ticket,new,8,1,0.141,546.4
1605,everyday,new,2,0,0.0,21.41
1606,everyday,repeat,3,0,0.0,77.08
1607,big_ticket,new,6,1,0.116,628.45
1608,everyday,repeat,3,0,0.0,34.4
1609,everyday,new,5,0,0.0,44.56
1610,everyday,new,1,1,0.161,23.94
1611,everyday,repeat,2,0,0.0,29.99
1612,big_ticket,repeat,6,1,0.103,670.73
1613,big_ticket,repeat,12,1,0.187,1192.86
1614,everyday,repeat,5,1,0.18,74.3
1615,big_ticket,repeat,5,1,0.148,357.37
1616,everyday,new,3,0,0.0,50.83
1617,everyday,new,1,0,0.0,14.38
1618,everyday,repeat,3,1,0.197,45.71
1619,big_ticket,new,2,0,0.0,170.7
1620,everyday,repeat,4,0,0.0,38.86
1621,everyday,repeat,5,0,0.0,27.29
1622,everyday,repeat,3,0,0.0,120.41
1623,big_ticket,repeat,6,1,0.121,938.63
1624,everyday,repeat,8,1,0.147,163.43
1625,everyday,new,1,0,0.0,8.77
1626,big_ticket,repeat,5,1,0.149,420.52
1627,everyday,repeat,1,0,0.0,12.34
1628,everyday,new,2,1,0.178,38.28
1629,everyday,repeat,2,1,0.2,27.26
1630,everyday,repeat,3,0,0.0,31.45
1631,everyday,new,3,0,0.0,15.58
1632,big_ticket,repeat,4,1,0.128,500.93
1633,everyday,repeat,3,0,0.0,33.49
1634,everyday,new,3,0,0.0,35.74
1635,big_ticket,repeat,4,1,0.137,251.2
1636,everyday,new,4,0,0.0,116.78
1637,everyday,new,1,1,0.185,10.49
1638,big_ticket,new,8,0,0.0,483.11
1639,everyday,repeat,2,0,0.0,32.12
1640,big_ticket,new,8,1,0.19,444.91
1641,big_ticket,new,8,1,0.133,616.1
1642,everyday,repeat,3,0,0.0,44.55
1643,everyday,new,4,0,0.0,54.69
1644,everyday,new,1,1,0.117,11.57
1645,everyday,new,4,0,0.0,146.19
1646,everyday,repeat,3,0,0.0,28.99
1647,everyday,repeat,4,1,0.19,71.54
1648,big_ticket,repeat,7,1,0.167,1001.67
1649,big_ticket,new,4,1,0.127,367.33
1650,big_ticket,repeat,5,1,0.151,672.4
1651,everyday,repeat,4,0,0.0,65.6
1652,everyday,new,6,1,0.194,91.9
1653,everyday,new,4,1,0.13,33.76
1654,everyday,new,2,1,0.12,28.4
1655,big_ticket,new,4,1,0.146,313.61
1656,everyday,new,2,0,0.0,32.4
1657,everyday,repeat,4,1,0.185,45.45
1658,big_ticket,repeat,9,1,0.164,1085.32
1659,everyday,repeat,4,0,0.0,58.77
1660,everyday,new,5,1,0.132,78.79
1661,everyday,repeat,6,1,0.153,27.65
1662,everyday,repeat,2,0,0.0,24.01
1663,big_ticket,repeat,10,1,0.191,1474.21
1664,everyday,new,4,0,0.0,127.48
1665,big_ticket,repeat,5,0,0.0,224.4
1666,big_ticket,new,4,1,0.102,270.67
1667,big_ticket,repeat,11,1,0.147,1547.57
1668,everyday,repeat,1,0,0.0,19.15
1669,everyday,repeat,2,0,0.0,51.14
1670,big_ticket,repeat,7,0,0.0,1103.64
1671,everyday,repeat,4,1,0.168,58.31
1672,everyday,repeat,3,1,0.199,51.8
1673,big_ticket,new,6,1,0.118,809.28
1674,everyday,new,1,0,0.0,11.04
1675,big_ticket,repeat,5,0,0.0,260.53
1676,big_ticket,repeat,9,1,0.1,1014.95
1677,big_ticket,repeat,6,0,0.0,359.23
1678,everyday,new,4,1,0.111,51.45
1679,big_ticket,repeat,2,0,0.0,130.57
1680,everyday,new,4,0,0.0,69.61
1681,big_ticket,new,8,0,0.0,1074.08
1682,big_ticket,new,4,1,0.191,352.09
1683,big_ticket,new,7,1,0.12,427.77
1684,everyday,repeat,6,1,0.108,99.7
1685,everyday,new,3,1,0.194,71.32
1686,everyday,new,4,1,0.144,80.57
1687,everyday,repeat,2,1,0.154,16.7
1688,everyday,new,4,1,0.135,64.62
1689,everyday,new,3,1,0.196,42.86
1690,everyday,new,1,0,0.0,21.47
1691,big_ticket,new,6,1,0.194,589.25
1692,big_ticket,repeat,7,1,0.17,368.81
1693,everyday,new,4,0,0.0,76.97
1694,big_ticket,new,6,1,0.12,636.78
1695,everyday,new,2,0,0.0,23.87
1696,everyday,new,2,0,0.0,59.24
1697,everyday,new,4,0,0.0,85.75
1698,big_ticket,new,5,1,0.104,710.79
1699,big_ticket,new,6,1,0.187,585.8
1700,big_ticket,new,5,0,0.0,864.25
1701,big_ticket,repeat,4,0,0.0,422.09
1702,big_ticket,new,4,1,0.141,374.77
1703,everyday,new,4,1,0.174,85.07
1704,everyday,repeat,3,0,0.0,72.01
1705,everyday,new,3,0,0.0,114.71
1706,big_ticket,repeat,5,0,0.0,341.0
1707,everyday,new,1,1,0.102,11.55
1708,everyday,repeat,2,0,0.0,51.3
1709,big_ticket,repeat,4,0,0.0,1048.3
1710,everyday,new,2,1,0.142,13.28
1711,big_ticket,new,8,1,0.138,799.06
1712,everyday,repeat,1,0,0.0,9.43
1713,big_ticket,repeat,5,1,0.181,638.72
1714,big_ticket,new,3,0,0.0,477.58
1715,everyday,repeat,3,1,0.115,18.08
1716,big_ticket,new,4,1,0.125,349.27
1717,everyday,repeat,2,0,0.0,36.98
1718,everyday,new,3,1,0.184,84.3
1719,everyday,repeat,3,0,0.0,66.16
1720,big_ticket,new,2,0,0.0,227.16
1721,everyday,repeat,4,0,0.0,102.17
1722,everyday,new,5,0,0.0,169.71
1723,big_ticket,repeat,4,1,0.173,571.55
1724,everyday,repeat,4,1,0.177,40.04
1725,everyday,repeat,5,1,0.113,51.38
1726,everyday,repeat,4,0,0.0,89.05
1727,everyday,repeat,6,0,0.0,84.62
1728,big_ticket,repeat,12,1,0.176,971.45
1729,everyday,new,4,0,0.0,111.42
1730,everyday,repeat,3,1,0.115,65.7
1731,big_ticket,repeat,10,1,0.116,1091.99
1732,everyday,new,4,1,0.13,75.6
1733,big_ticket,new,5,1,0.188,280.75
1734,everyday,repeat,4,1,0.139,53.87
1735,big_ticket,repeat,6,0,0.0,628.87
1736,big_ticket,repeat,6,1,0.136,760.07
1737,big_ticket,repeat,6,1,0.135,438.86
1738,everyday,new,4,1,0.104,33.63
1739,everyday,repeat,3,1,0.128,54.1
1740,big_ticket,repeat,5,1,0.104,207.73
1741,everyday,repeat,3,0,0.0,38.93
1742,everyday,repeat,5,0,0.0,99.78
1743,everyday,repeat,1,0,0.0,12.3
1744,big_ticket,repeat,6,1,0.144,322.0
1745,big_ticket,repeat,6,0,0.0,1090.25
1746,everyday,repeat,2,0,0.0,38.15
1747,big_ticket,repeat,6,1,0.195,655.25
1748,everyday,new,4,0,0.0,154.67
1749,everyday,new,4,1,0.14,49.84
1750,everyday,repeat,4,0,0.0,59.04
1751,everyday,repeat,5,1,0.132,145.73
1752,everyday,repeat,5,1,0.152,70.02
1753,big_ticket,repeat,4,0,0.0,573.73
1754,big_ticket,new,6,0,0.0,379.77
1755,everyday,new,4,1,0.137,80.89
1756,everyday,repeat,5,0,0.0,110.79
1757,everyday,repeat,3,0,0.0,94.66
1758,big_ticket,new,5,1,0.17,532.91
1759,big_ticket,new,5,0,0.0,284.12
1760,big_ticket,new,8,0,0.0,1057.72
1761,everyday,repeat,2,0,0.0,14.48
1762,everyday,repeat,3,0,0.0,36.09
1763,everyday,new,3,0,0.0,33.93
1764,everyday,new,2,1,0.13,41.15
1765,everyday,repeat,4,1,0.111,42.88
1766,everyday,repeat,2,0,0.0,34.42
1767,big_ticket,repeat,5,1,0.124,862.84
1768,everyday,new,5,0,0.0,113.7
1769,everyday,new,8,1,0.111,104.65
1770,big_ticket,new,4,1,0.195,275.28
1771,everyday,repeat,2,0,0.0,52.26
1772,big_ticket,new,4,0,0.0,214.18
1773,everyday,repeat,5,1,0.176,143.87
1774,big_ticket,repeat,5,0,0.0,430.49
1775,everyday,repeat,6,1,0.133,103.17
1776,everyday,new,1,1,0.182,22.52
1777,big_ticket,new,3,0,0.0,294.39
1778,everyday,repeat,3,0,0.0,47.51
1779,everyday,new,3,1,0.141,40.1
1780,everyday,repeat,1,0,0.0,16.08
1781,everyday,new,4,0,0.0,26.67
1782,big_ticket,repeat,8,1,0.136,1111.57
1783,everyday,repeat,3,0,0.0,32.1
1784,everyday,new,2,0,0.0,25.45
1785,everyday,repeat,2,0,0.0,26.96
1786,big_ticket,repeat,7,0,0.0,901.12
1787,everyday,repeat,3,1,0.149,46.68
1788,everyday,new,4,0,0.0,91.78
1789,big_ticket,new,6,1,0.153,491.76
1790,everyday,repeat,4,0,0.0,43.75
1791,big_ticket,new,9,0,0.0,711.12
1792,everyday,repeat,4,1,0.158,58.02
1793,everyday,new,3,1,0.176,71.26
1794,everyday,repeat,2,0,0.0,43.0
1795,big_ticket,new,4,1,0.115,260.15
1796,everyday,repeat,5,1,0.176,72.99
1797,everyday,new,1,1,0.145,27.43
1798,everyday,new,3,0,0.0,58.71
1799,everyday,new,2,0,0.0,24.47
1800,everyday,repeat,3,0,0.0,43.25
1801,everyday,new,3,1,0.166,74.8
1802,everyday,repeat,2,0,0.0,69.75
1803,everyday,new,1,0,0.0,6.93
1804,everyday,repeat,4,1,0.11,75.89
1805,everyday,repeat,1,0,0.0,7.37
1806,everyday,new,3,0,0.0,33.93
1807,everyday,new,1,0,0.0,20.78
1808,everyday,new,1,0,0.0,17.42
1809,everyday,repeat,2,0,0.0,21.9
1810,everyday,repeat,4,0,0.0,52.81
1811,everyday,new,3,0,0.0,78.54
1812,everyday,repeat,1,0,0.0,17.11
1813,big_ticket,repeat,2,0,0.0,211.08
1814,everyday,repeat,2,1,0.143,55.3
1815,big_ticket,repeat,6,1,0.156,632.26
1816,everyday,repeat,2,1,0.118,27.41
1817,big_ticket,repeat,4,0,0.0,394.06
1818,everyday,repeat,4,0,0.0,57.93
1819,everyday,new,2,0,0.0,34.5
1820,everyday,repeat,6,1,0.165,42.22
1821,big_ticket,repeat,8,1,0.129,848.03
1822,everyday,repeat,4,0,0.0,71.07
1823,everyday,new,4,1,0.158,37.92
1824,everyday,repeat,3,0,0.0,41.84
1825,big_ticket,new,7,1,0.145,877.68
1826,everyday,repeat,1,0,0.0,23.36
1827,everyday,new,2,1,0.143,66.68
1828,everyday,repeat,1,0,0.0,9.94
1829,big_ticket,new,13,1,0.105,2515.24
1830,everyday,new,2,0,0.0,43.1
1831,everyday,new,2,0,0.0,37.21
1832,big_ticket,new,2,1,0.172,469.8
1833,everyday,new,7,1,0.155,165.04
1834,everyday,repeat,2,0,0.0,35.25
1835,everyday,repeat,4,1,0.138,131.54
1836,everyday,repeat,1,0,0.0,34.45
1837,everyday,repeat,2,0,0.0,85.6
1838,everyday,new,4,1,0.155,186.25
1839,big_ticket,repeat,6,0,0.0,527.87
1840,big_ticket,repeat,7,1,0.143,562.75
1841,everyday,new,2,0,0.0,36.16
1842,everyday,repeat,5,1,0.167,31.95
1843,everyday,repeat,5,1,0.126,107.6
1844,big_ticket,repeat,6,1,0.133,824.56
1845,everyday,repeat,4,1,0.12,66.4
1846,everyday,new,4,0,0.0,37.18
1847,everyday,repeat,5,1,0.129,159.47
1848,everyday,new,3,0,0.0,31.52
1849,everyday,repeat,2,0,0.0,22.74
1850,big_ticket,new,3,1,0.179,380.32
1851,everyday,repeat,2,0,0.0,37.74
1852,big_ticket,repeat,6,1,0.19,630.75
1853,everyday,new,5,0,0.0,128.19
1854,big_ticket,new,6,0,0.0,686.2
1855,big_ticket,new,11,1,0.134,778.63
1856,big_ticket,repeat,7,1,0.127,586.68
1857,everyday,repeat,5,0,0.0,205.08
1858,everyday,new,2,0,0.0,19.09
1859,everyday,repeat,2,1,0.19,33.39
1860,everyday,repeat,3,0,0.0,46.94
1861,everyday,repeat,4,1,0.133,76.21
1862,big_ticket,repeat,6,1,0.139,657.89
1863,big_ticket,new,3,1,0.189,246.63
1864,everyday,new,5,0,0.0,226.6
1865,everyday,new,2,0,0.0,10.13
1866,big_ticket,new,6,1,0.152,477.1
1867,big_ticket,repeat,7,1,0.147,816.53
1868,everyday,repeat,3,1,0.179,94.33
1869,everyday,new,5,1,0.17,76.81
1870,big_ticket,repeat,7,1,0.11,1081.33
1871,everyday,new,4,1,0.134,25.7
1872,everyday,new,2,1,0.152,28.51
1873,big_ticket,repeat,4,0,0.0,325.02
1874,big_ticket,repeat,6,1,0.195,816.5
1875,big_ticket,repeat,2,0,0.0,184.95
1876,big_ticket,new,9,1,0.122,1234.53
1877,everyday,new,3,0,0.0,39.68
1878,everyday,new,4,0,0.0,42.96
1879,everyday,repeat,2,0,0.0,33.19
1880,everyday,new,3,1,0.119,49.35
1881,everyday,repeat,4,1,0.182,35.99
1882,everyday,new,2,0,0.0,39.66
1883,everyday,repeat,2,0,0.0,17.48
1884,big_ticket,new,8,1,0.117,757.12
1885,everyday,repeat,6,1,0.137,76.6
1886,everyday,repeat,3,0,0.0,27.93
1887,everyday,repeat,2,0,0.0,131.53
1888,everyday,repeat,6,1,0.199,105.07
1889,big_ticket,repeat,3,0,0.0,205.85
1890,everyday,new,2,0,0.0,31.71
1891,everyday,repeat,2,0,0.0,63.4
1892,big_ticket,repeat,11,1,0.117,1574.05
1893,everyday,repeat,6,1,0.189,86.82
1894,everyday,repeat,3,0,0.0,80.2
1895,everyday,new,4,1,0.159,120.37
1896,everyday,repeat,4,0,0.0,53.41
1897,everyday,new,5,1,0.19,82.43
1898,everyday,new,2,0,0.0,93.51
1899,everyday,new,3,0,0.0,54.43
1900,everyday,repeat,2,0,0.0,57.38
1901,everyday,new,4,1,0.128,100.49
1902,everyday,repeat,5,0,0.0,141.97
1903,big_ticket,repeat,6,1,0.115,465.14
1904,everyday,repeat,3,1,0.133,12.75
1905,everyday,new,3,0,0.0,37.88
1906,everyday,repeat,2,1,0.143,28.57
1907,everyday,new,5,1,0.168,96.14
1908,everyday,new,2,0,0.0,21.19
1909,big_ticket,repeat,5,1,0.103,714.44
1910,big_ticket,new,8,1,0.103,1020.62
1911,everyday,repeat,4,1,0.181,24.21
1912,everyday,new,3,1,0.175,190.82
1913,big_ticket,repeat,5,1,0.167,510.19
1914,everyday,new,3,1,0.125,94.26
1915,everyday,repeat,3,0,0.0,77.31
1916,everyday,repeat,3,0,0.0,40.08
1917,everyday,new,2,0,0.0,70.52
1918,big_ticket,repeat,6,1,0.198,764.55
1919,everyday,new,3,0,0.0,47.52
1920,big_ticket,repeat,7,1,0.112,957.32
1921,everyday,repeat,3,1,0.155,50.63
1922,everyday,repeat,3,0,0.0,45.59
1923,everyday,new,2,0,0.0,12.38
1924,everyday,repeat,2,0,0.0,48.33
1925,everyday,repeat,4,1,0.151,104.97
1926,everyday,repeat,2,1,0.181,26.13
1927,everyday,new,2,0,0.0,52.48
1928,big_ticket,new,4,0,0.0,642.96
1929,everyday,repeat,1,0,0.0,28.58
1930,everyday,repeat,2,0,0.0,48.67
1931,everyday,repeat,5,1,0.107,71.59
1932,everyday,repeat,3,0,0.0,140.76
1933,big_ticket,repeat,5,1,0.145,372.52
1934,big_ticket,repeat,7,1,0.173,736.63
1935,big_ticket,repeat,7,1,0.191,797.36
1936,everyday,new,3,0,0.0,61.64
1937,everyday,repeat,2,0,0.0,10.6
1938,everyday,new,1,1,0.132,12.1
1939,everyday,repeat,2,1,0.13,58.15
1940,everyday,repeat,1,0,0.0,4.68
1941,everyday,repeat,1,0,0.0,14.58
1942,everyday,new,2,0,0.0,31.67
1943,everyday,repeat,2,0,0.0,15.22
1944,everyday,new,2,0,0.0,37.32
1945,big_ticket,new,8,1,0.187,909.56
1946,big_ticket,repeat,4,1,0.156,417.2
1947,everyday,repeat,3,1,0.113,48.57
1948,big_ticket,new,4,1,0.12,444.06
1949,everyday,repeat,5,1,0.193,99.51
1950,big_ticket,new,6,0,0.0,474.35
1951,big_ticket,repeat,5,1,0.139,719.2
1952,everyday,repeat,2,0,0.0,44.36
1953,big_ticket,repeat,5,0,0.0,384.12
1954,big_ticket,repeat,5,1,0.178,338.84
1955,big_ticket,repeat,2,1,0.103,150.96
1956,big_ticket,repeat,5,1,0.176,404.87
1957,everyday,new,3,1,0.129,56.36
1958,everyday,new,3,0,0.0,66.95
1959,big_ticket,repeat,2,0,0.0,322.09
1960,everyday,new,2,0,0.0,31.04
1961,everyday,repeat,2,0,0.0,15.69
1962,everyday,new,2,1,0.183,21.28
1963,everyday,repeat,3,0,0.0,54.75
1964,everyday,repeat,3,0,0.0,40.95
1965,big_ticket,repeat,11,1,0.184,2728.98
1966,everyday,repeat,3,0,0.0,48.29
1967,big_ticket,new,7,1,0.14,1610.33
1968,big_ticket,repeat,9,1,0.117,1277.39
1969,everyday,new,1,0,0.0,35.16
1970,everyday,repeat,3,0,0.0,88.43
1971,everyday,repeat,3,1,0.125,31.34
1972,big_ticket,new,10,1,0.17,1047.39
1973,big_ticket,new,5,1,0.148,428.4
1974,everyday,new,4,0,0.0,115.17
1975,everyday,new,2,0,0.0,35.24
1976,everyday,repeat,3,0,0.0,109.72
1977,everyday,new,3,0,0.0,66.88
1978,big_ticket,repeat,6,1,0.183,631.84
1979,big_ticket,repeat,6,1,0.123,613.42
1980,everyday,repeat,3,0,0.0,57.5
1981,big_ticket,repeat,4,1,0.14,505.47
1982,everyday,new,3,1,0.155,76.34
1983,big_ticket,repeat,7,1,0.138,960.26
1984,everyday,repeat,2,0,0.0,50.15
1985,everyday,repeat,3,0,0.0,71.13
1986,big_ticket,new,5,0,0.0,482.37
1987,everyday,new,2,0,0.0,21.46
1988,everyday,repeat,5,1,0.155,103.22
1989,big_ticket,repeat,4,0,0.0,211.1
1990,everyday,new,2,0,0.0,12.9
1991,everyday,repeat,4,0,0.0,93.43
1992,everyday,new,3,1,0.195,93.0
1993,everyday,repeat,1,0,0.0,16.48
1994,everyday,new,2,0,0.0,31.47
1995,everyday,new,5,0,0.0,97.94
1996,big_ticket,new,2,1,0.17,173.66
1997,everyday,new,2,0,0.0,51.49
1998,everyday,repeat,7,0,0.0,135.67
1999,big_ticket,new,8,1,0.127,595.41
2000,everyday,repeat,3,0,0.0,74.39
2001,big_ticket,repeat,3,0,0.0,177.45
2002,everyday,repeat,4,0,0.0,86.04
2003,big_ticket,repeat,6,0,0.0,714.27
2004,everyday,new,3,0,0.0,84.53
2005,everyday,new,1,0,0.0,25.12
2006,big_ticket,repeat,10,1,0.159,778.8
2007,everyday,repeat,3,0,0.0,44.98
2008,everyday,repeat,3,0,0.0,87.69
2009,everyday,repeat,4,1,0.112,76.19
2010,everyday,repeat,2,0,0.0,37.41
2011,everyday,repeat,4,0,0.0,77.76
2012,everyday,new,6,1,0.168,122.26
2013,everyday,repeat,2,0,0.0,59.02
2014,everyday,repeat,3,0,0.0,22.07
2015,everyday,repeat,3,0,0.0,46.58
2016,everyday,new,2,0,0.0,11.96
2017,everyday,new,3,1,0.198,60.88
2018,everyday,new,2,1,0.183,24.11
2019,everyday,new,4,1,0.196,71.36
2020,everyday,repeat,4,0,0.0,44.71
2021,everyday,repeat,4,0,0.0,43.69
2022,everyday,new,4,0,0.0,52.93
2023,everyday,repeat,2,1,0.123,34.61
2024,everyday,new,4,0,0.0,92.71
2025,everyday,repeat,5,0,0.0,56.88
2026,everyday,new,2,0,0.0,35.24
2027,big_ticket,repeat,7,1,0.11,723.23
2028,everyday,repeat,2,0,0.0,25.74
2029,everyday,repeat,5,1,0.194,100.39
2030,everyday,repeat,4,1,0.172,34.74
2031,everyday,new,3,1,0.124,31.72
2032,everyday,repeat,1,0,0.0,27.93
2033,everyday,new,4,1,0.127,21.74
2034,everyday,repeat,2,0,0.0,27.75
2035,everyday,repeat,3,0,0.0,51.08
2036,big_ticket,repeat,9,1,0.131,526.43
2037,big_ticket,repeat,4,0,0.0,159.51
2038,everyday,new,3,0,0.0,44.16
2039,everyday,repeat,3,0,0.0,40.8
2040,big_ticket,new,8,1,0.17,865.71
2041,everyday,repeat,2,0,0.0,71.27
2042,big_ticket,repeat,3,1,0.176,229.74
2043,everyday,repeat,3,0,0.0,57.11
2044,big_ticket,repeat,3,1,0.192,251.81
2045,big_ticket,repeat,6,1,0.127,456.15
2046,everyday,new,3,0,0.0,48.12
2047,everyday,repeat,1,0,0.0,10.14
2048,everyday,repeat,3,1,0.141,98.86
2049,everyday,new,5,1,0.16,53.47
2050,everyday,new,2,0,0.0,17.6
2051,big_ticket,new,5,0,0.0,621.77
2052,everyday,repeat,2,1,0.136,30.93
2053,everyday,repeat,4,0,0.0,42.66
2054,big_ticket,repeat,8,1,0.157,535.11
2055,everyday,new,2,0,0.0,16.87
2056,everyday,new,2,1,0.138,23.48
2057,big_ticket,repeat,5,1,0.135,357.81
2058,everyday,new,3,0,0.0,144.11
2059,everyday,new,3,0,0.0,82.33
2060,everyday,new,2,0,0.0,47.3
2061,big_ticket,new,3,0,0.0,815.97
2062,everyday,new,6,0,0.0,85.56
2063,everyday,repeat,7,1,0.131,55.9
2064,everyday,new,3,1,0.113,35.12
2065,everyday,new,2,0,0.0,65.39
2066,big_ticket,repeat,5,1,0.197,361.51
2067,everyday,repeat,4,1,0.175,61.94
2068,big_ticket,repeat,5,0,0.0,535.82
2069,everyday,repeat,3,0,0.0,61.01
2070,everyday,repeat,4,0,0.0,89.09
2071,big_ticket,repeat,4,1,0.108,667.51
2072,everyday,repeat,4,0,0.0,289.42
2073,everyday,repeat,4,1,0.16,97.63
2074,big_ticket,repeat,7,1,0.114,750.27
2075,everyday,repeat,2,0,0.0,33.94
2076,everyday,new,3,1,0.139,135.64
2077,big_ticket,new,6,1,0.103,381.62
2078,everyday,new,5,0,0.0,137.25
2079,everyday,new,5,1,0.189,79.05
2080,everyday,repeat,2,0,0.0,54.08
2081,everyday,repeat,4,1,0.179,87.77
2082,everyday,new,3,0,0.0,94.11
2083,everyday,new,2,0,0.0,42.5
2084,everyday,new,2,0,0.0,32.22
2085,everyday,repeat,2,0,0.0,54.64
2086,everyday,new,5,0,0.0,54.71
2087,everyday,new,4,0,0.0,27.24
2088,everyday,new,2,0,0.0,11.02
2089,big_ticket,repeat,6,1,0.102,936.86
2090,everyday,new,3,0,0.0,56.37
2091,everyday,repeat,2,0,0.0,41.99
2092,big_ticket,repeat,3,1,0.135,244.9
2093,everyday,repeat,5,0,0.0,96.89
2094,everyday,repeat,1,0,0.0,11.6
2095,big_ticket,new,4,1,0.149,121.02
2096,everyday,new,4,0,0.0,26.85
2097,everyday,repeat,3,0,0.0,19.34
2098,everyday,new,3,0,0.0,25.76
2099,everyday,repeat,3,0,0.0,32.37
2100,everyday,repeat,5,0,0.0,163.67
2101,big_ticket,new,6,0,0.0,810.34
2102,everyday,new,1,0,0.0,29.27
2103,big_ticket,repeat,8,1,0.19,597.22
2104,big_ticket,repeat,9,1,0.19,1027.05
2105,everyday,repeat,3,1,0.139,41.26
2106,big_ticket,new,3,0,0.0,182.7
2107,big_ticket,repeat,4,1,0.132,459.55
2108,big_ticket,new,5,1,0.152,620.87
2109,everyday,new,1,0,0.0,10.19
2110,everyday,repeat,1,1,0.107,12.72
2111,everyday,repeat,5,0,0.0,70.05
2112,everyday,new,5,0,0.0,111.81
2113,everyday,repeat,4,0,0.0,73.2
2114,everyday,new,1,0,0.0,11.93
2115,everyday,new,3,0,0.0,18.68
2116,big_ticket,new,4,1,0.146,465.94
2117,everyday,repeat,2,0,0.0,37.3
2118,everyday,new,2,1,0.186,23.09
2119,everyday,repeat,2,0,0.0,35.4
2120,everyday,new,4,0,0.0,66.05
2121,everyday,repeat,5,1,0.146,147.46
2122,everyday,new,2,1,0.147,38.35
2123,everyday,new,3,0,0.0,76.52
2124,everyday,repeat,2,0,0.0,29.46
2125,everyday,repeat,5,0,0.0,187.1
2126,everyday,repeat,4,1,0.186,53.0
2127,everyday,new,2,0,0.0,21.61
2128,everyday,repeat,2,0,0.0,64.32
2129,everyday,repeat,6,0,0.0,72.14
2130,everyday,new,2,0,0.0,19.1
2131,everyday,repeat,2,0,0.0,18.81
2132,big_ticket,repeat,5,1,0.189,333.65
2133,big_ticket,repeat,1,0,0.0,77.85
2134,big_ticket,repeat,4,0,0.0,238.37
2135,everyday,repeat,2,0,0.0,48.39
2136,everyday,repeat,2,0,0.0,33.4
2137,everyday,repeat,3,1,0.115,80.1
2138,big_ticket,repeat,5,1,0.12,317.44
2139,big_ticket,new,6,0,0.0,1352.24
2140,big_ticket,repeat,7,0,0.0,628.92
2141,big_ticket,repeat,7,1,0.185,555.68
2142,everyday,new,5,1,0.148,28.38
2143,big_ticket,repeat,8,1,0.114,738.78
2144,big_ticket,repeat,3,1,0.196,266.94
2145,everyday,repeat,4,1,0.13,150.19
2146,big_ticket,repeat,7,1,0.122,992.22
2147,everyday,new,4,0,0.0,56.67
2148,big_ticket,repeat,3,1,0.157,416.69
2149,big_ticket,repeat,2,0,0.0,116.86
2150,everyday,repeat,2,0,0.0,41.65
2151,everyday,new,3,0,0.0,18.8
2152,everyday,new,4,1,0.141,50.3
2153,big_ticket,repeat,10,1,0.151,1217.99
2154,big_ticket,new,3,0,0.0,478.66
2155,everyday,new,6,1,0.126,190.51
2156,big_ticket,repeat,4,0,0.0,461.98
2157,everyday,repeat,1,0,0.0,22.36
2158,everyday,repeat,3,0,0.0,55.0
2159,everyday,repeat,5,0,0.0,83.04
2160,everyday,repeat,3,1,0.152,79.06
2161,everyday,repeat,2,0,0.0,80.44
2162,everyday,repeat,4,0,0.0,23.15
2163,everyday,repeat,10,1,0.114,100.31
2164,everyday,repeat,2,0,0.0,33.89
2165,big_ticket,new,12,1,0.145,1580.54
2166,everyday,new,3,1,0.15,73.9
2167,big_ticket,repeat,3,1,0.126,186.54
2168,everyday,repeat,1,0,0.0,13.53
2169,everyday,repeat,3,0,0.0,71.91
2170,everyday,repeat,2,0,0.0,24.39
2171,everyday,repeat,1,0,0.0,18.95
2172,everyday,new,7,0,0.0,81.94
2173,everyday,repeat,3,0,0.0,62.99
2174,everyday,repeat,2,0,0.0,45.22
2175,everyday,new,5,1,0.139,21.62
2176,everyday,repeat,2,1,0.14,81.66
2177,everyday,repeat,3,1,0.187,129.33
2178,big_ticket,repeat,5,1,0.102,349.09
2179,everyday,repeat,4,0,0.0,58.68
2180,big_ticket,new,6,1,0.108,1043.1
2181,big_ticket,repeat,6,0,0.0,463.6
2182,big_ticket,repeat,7,1,0.162,638.5
2183,big_ticket,repeat,4,1,0.148,522.66
2184,everyday,new,1,0,0.0,16.26
2185,everyday,repeat,4,1,0.187,145.09
2186,everyday,new,5,1,0.102,59.65
2187,big_ticket,new,7,0,0.0,687.72
2188,everyday,new,4,1,0.144,54.68
2189,everyday,repeat,3,0,0.0,33.35
2190,big_ticket,repeat,5,1,0.152,373.05
2191,everyday,new,4,0,0.0,113.3
2192,everyday,repeat,2,0,0.0,18.47
2193,big_ticket,repeat,10,1,0.18,838.25
2194,everyday,repeat,1,1,0.134,25.78
2195,everyday,repeat,4,0,0.0,55.22
2196,big_ticket,repeat,5,1,0.199,1059.6
2197,everyday,new,1,0,0.0,10.9
2198,everyday,new,2,0,0.0,23.67
2199,everyday,repeat,4,0,0.0,109.83
2200,everyday,repeat,3,0,0.0,74.39
2201,everyday,repeat,2,0,0.0,65.98
2202,big_ticket,repeat,11,1,0.122,2279.15
2203,big_ticket,repeat,3,1,0.188,144.92
2204,everyday,repeat,3,0,0.0,61.64
2205,everyday,repeat,2,0,0.0,40.28
2206,everyday,new,3,1,0.186,32.51
2207,big_ticket,repeat,5,1,0.109,683.89
2208,everyday,repeat,3,1,0.142,43.88
2209,everyday,new,2,0,0.0,83.39
2210,everyday,new,3,0,0.0,49.29
2211,big_ticket,repeat,9,1,0.114,886.23
2212,everyday,repeat,3,0,0.0,93.45
2213,big_ticket,new,7,1,0.146,549.92
2214,everyday,new,2,0,0.0,21.48
2215,big_ticket,new,9,1,0.166,750.23
2216,everyday,new,3,0,0.0,31.54
2217,everyday,repeat,2,0,0.0,13.2
2218,big_ticket,repeat,7,1,0.133,842.51
2219,big_ticket,repeat,5,0,0.0,425.95
2220,everyday,new,3,1,0.142,37.49
2221,everyday,new,4,0,0.0,233.31
2222,everyday,new,3,0,0.0,24.29
2223,everyday,repeat,5,1,0.17,108.24
2224,everyday,repeat,2,0,0.0,40.88
2225,big_ticket,new,8,1,0.104,674.44
2226,everyday,repeat,1,0,0.0,15.21
2227,big_ticket,new,7,1,0.142,738.66
2228,everyday,new,1,0,0.0,28.12
2229,everyday,repeat,5,0,0.0,131.27
2230,everyday,new,5,0,0.0,51.51
2231,everyday,repeat,5,1,0.143,106.4
2232,everyday,new,4,0,0.0,98.95
2233,everyday,repeat,1,0,0.0,25.35
2234,big_ticket,new,4,1,0.164,404.06
2235,big_ticket,new,9,1,0.153,723.29
2236,big_ticket,new,7,1,0.169,516.62
2237,everyday,repeat,2,0,0.0,57.57
2238,everyday,repeat,3,1,0.152,43.67
2239,everyday,repeat,1,0,0.0,9.24
2240,everyday,new,2,1,0.109,20.67
2241,everyday,new,3,1,0.186,59.75
2242,everyday,new,2,0,0.0,58.8
2243,everyday,repeat,5,0,0.0,68.47
2244,everyday,new,5,1,0.171,96.14
2245,everyday,new,3,0,0.0,17.71
2246,everyday,repeat,6,0,0.0,34.0
2247,everyday,repeat,3,1,0.181,63.22
2248,everyday,new,1,0,0.0,20.68
2249,everyday,new,1,0,0.0,23.51
2250,everyday,new,4,1,0.191,23.36
2251,everyday,repeat,1,0,0.0,34.03
2252,big_ticket,new,5,0,0.0,583.87
2253,everyday,repeat,5,0,0.0,60.73
2254,everyday,new,4,1,0.144,92.74
2255,big_ticket,repeat,7,1,0.126,744.76
2256,everyday,repeat,4,0,0.0,153.35
2257,big_ticket,new,7,0,0.0,781.49
2258,big_ticket,repeat,5,1,0.15,452.49
2259,everyday,new,2,0,0.0,26.7
2260,everyday,repeat,3,1,0.101,92.0
2261,everyday,repeat,2,0,0.0,10.83
2262,big_ticket,repeat,6,1,0.132,633.82
2263,everyday,new,1,0,0.0,8.4
2264,everyday,new,2,0,0.0,35.13
2265,everyday,repeat,4,0,0.0,72.13
2266,everyday,repeat,7,0,0.0,185.76
2267,big_ticket,repeat,10,1,0.148,1096.26
2268,everyday,repeat,2,0,0.0,22.84
2269,big_ticket,repeat,10,1,0.172,904.05
2270,big_ticket,repeat,8,1,0.194,799.55
2271,everyday,repeat,3,1,0.146,36.14
2272,everyday,repeat,5,1,0.176,150.93
2273,big_ticket,repeat,6,1,0.2,258.79
2274,big_ticket,repeat,4,0,0.0,431.76
2275,big_ticket,new,7,1,0.143,1056.65
2276,everyday,repeat,2,1,0.101,45.44
2277,everyday,repeat,3,0,0.0,44.46
2278,everyday,new,1,0,0.0,29.48
2279,big_ticket,repeat,2,0,0.0,168.17
2280,everyday,new,2,0,0.0,36.52
2281,everyday,repeat,2,1,0.184,86.0
2282,everyday,new,5,1,0.111,76.98
2283,everyday,repeat,1,0,0.0,18.18
2284,big_ticket,repeat,7,0,0.0,2204.49
2285,everyday,repeat,1,0,0.0,9.96
2286,everyday,new,2,0,0.0,68.4
2287,big_ticket,repeat,5,1,0.183,191.43
2288,big_ticket,new,6,1,0.128,505.65
2289,everyday,new,2,1,0.118,23.24
2290,everyday,new,1,0,0.0,42.39
2291,big_ticket,repeat,7,0,0.0,667.77
2292,big_ticket,new,9,1,0.146,2885.73
2293,everyday,repeat,4,0,0.0,109.92
2294,everyday,repeat,3,0,0.0,106.98
2295,everyday,new,3,0,0.0,38.15
2296,everyday,repeat,2,0,0.0,44.96
2297,big_ticket,new,4,0,0.0,935.85
2298,everyday,new,4,1,0.156,60.89
2299,everyday,new,3,1,0.13,41.16
2300,big_ticket,repeat,5,1,0.151,262.39
2301,big_ticket,repeat,7,1,0.122,717.39
2302,big_ticket,repeat,5,1,0.185,681.89
2303,everyday,repeat,2,0,0.0,34.23
2304,everyday,new,7,1,0.163,81.37
2305,everyday,repeat,2,0,0.0,55.35
2306,everyday,repeat,3,0,0.0,57.82
2307,everyday,new,2,0,0.0,21.3
2308,everyday,repeat,5,1,0.167,69.83
2309,everyday,new,3,1,0.159,72.92
2310,big_ticket,new,5,1,0.175,488.2
2311,big_ticket,new,5,1,0.177,838.05
2312,everyday,new,2,0,0.0,49.96
2313,everyday,repeat,3,0,0.0,55.86
2314,everyday,repeat,5,0,0.0,118.95
2315,everyday,repeat,2,0,0.0,11.59
2316,everyday,new,2,0,0.0,17.17
2317,everyday,repeat,3,0,0.0,77.24
2318,big_ticket,repeat,6,1,0.174,366.94
2319,everyday,repeat,1,0,0.0,14.4
2320,big_ticket,repeat,7,1,0.124,1108.36
2321,everyday,repeat,3,0,0.0,66.73
2322,everyday,repeat,4,0,0.0,51.6
2323,everyday,repeat,4,0,0.0,46.53
2324,everyday,new,2,0,0.0,16.89
2325,everyday,repeat,2,0,0.0,68.09
2326,big_ticket,repeat,5,0,0.0,458.72
2327,everyday,new,3,0,0.0,105.63
2328,everyday,new,1,1,0.104,8.5
2329,everyday,repeat,3,0,0.0,52.66
2330,everyday,new,2,0,0.0,18.14
2331,everyday,new,2,0,0.0,79.26
2332,everyday,repeat,5,0,0.0,321.16
2333,big_ticket,new,7,1,0.188,667.26
2334,everyday,new,2,0,0.0,18.8
2335,everyday,new,2,0,0.0,18.45
2336,everyday,new,3,1,0.183,47.47
2337,big_ticket,new,4,0,0.0,676.15
2338,everyday,repeat,2,0,0.0,42.65
2339,everyday,new,2,0,0.0,41.7
2340,everyday,new,6,1,0.192,100.53
2341,everyday,repeat,3,0,0.0,44.03
2342,everyday,new,2,1,0.146,22.03
2343,big_ticket,new,3,1,0.193,457.96
2344,everyday,new,3,0,0.0,15.02
2345,big_ticket,new,8,1,0.126,1414.0
2346,everyday,new,4,0,0.0,73.7
2347,big_ticket,new,8,1,0.137,747.21
2348,big_ticket,repeat,6,1,0.194,555.84
2349,everyday,repeat,4,0,0.0,107.64
2350,everyday,repeat,3,0,0.0,54.64
2351,everyday,new,5,1,0.106,264.06
2352,big_ticket,repeat,5,1,0.164,453.08
2353,everyday,repeat,4,0,0.0,52.18
2354,everyday,new,4,0,0.0,53.44
2355,everyday,repeat,2,0,0.0,57.84
2356,big_ticket,repeat,3,0,0.0,244.48
2357,everyday,new,3,0,0.0,18.86
2358,everyday,repeat,4,1,0.179,56.36
2359,big_ticket,new,7,1,0.118,961.56
2360,everyday,repeat,3,0,0.0,115.01
2361,big_ticket,new,7,1,0.128,596.04
2362,everyday,new,3,1,0.122,49.42
2363,everyday,repeat,3,0,0.0,22.45
2364,big_ticket,repeat,5,1,0.2,321.38
2365,everyday,new,5,0,0.0,210.71
2366,everyday,repeat,7,1,0.138,76.66
2367,everyday,repeat,2,1,0.183,52.93
2368,everyday,repeat,6,0,0.0,89.01
2369,everyday,repeat,3,1,0.15,49.34
2370,everyday,repeat,1,0,0.0,22.43
2371,everyday,repeat,5,1,0.145,44.31
2372,everyday,new,5,0,0.0,56.04
2373,everyday,repeat,6,1,0.142,63.36
2374,everyday,new,1,0,0.0,38.3
2375,everyday,new,4,1,0.106,112.55
2376,everyday,new,3,0,0.0,80.84
2377,big_ticket,new,5,1,0.161,492.7
2378,everyday,repeat,5,0,0.0,123.21
2379,everyday,repeat,2,0,0.0,14.61
2380,everyday,repeat,1,0,0.0,12.2
2381,big_ticket,repeat,3,0,0.0,379.95
2382,everyday,new,4,0,0.0,70.27
2383,everyday,repeat,4,0,0.0,39.56
2384,everyday,new,3,0,0.0,24.68
2385,everyday,new,2,1,0.198,19.62
2386,big_ticket,repeat,4,1,0.111,410.15
2387,big_ticket,repeat,8,1,0.117,988.11
2388,everyday,new,3,0,0.0,61.05
2389,big_ticket,new,5,1,0.114,593.4
2390,everyday,new,1,0,0.0,30.24
2391,everyday,repeat,1,0,0.0,22.43
2392,big_ticket,new,4,1,0.17,222.5
2393,everyday,new,3,0,0.0,61.76
2394,everyday,repeat,4,0,0.0,62.46
2395,everyday,repeat,4,0,0.0,48.99
2396,big_ticket,new,9,0,0.0,1099.64
2397,everyday,repeat,3,0,0.0,60.71
2398,everyday,new,2,0,0.0,54.32
2399,everyday,new,1,0,0.0,49.53
2400,everyday,repeat,3,1,0.164,94.17
2401,everyday,new,4,0,0.0,39.94
2402,big_ticket,new,10,0,0.0,885.57
2403,big_ticket,repeat,4,0,0.0,272.46
2404,big_ticket,repeat,4,1,0.185,256.7
2405,big_ticket,repeat,3,0,0.0,193.24
2406,everyday,repeat,4,1,0.19,150.21
2407,everyday,new,2,0,0.0,29.94
2408,everyday,repeat,6,1,0.176,94.29
2409,everyday,new,4,1,0.156,48.27
2410,big_ticket,repeat,4,0,0.0,434.75
2411,everyday,new,4,0,0.0,41.47
2412,big_ticket,new,5,1,0.15,534.46
2413,everyday,new,2,0,0.0,14.49
2414,everyday,repeat,2,1,0.14,34.57
2415,everyday,new,3,0,0.0,56.38
2416,everyday,repeat,2,0,0.0,51.83
2417,everyday,repeat,4,0,0.0,45.06
2418,everyday,repeat,2,0,0.0,12.9
2419,everyday,new,4,1,0.118,56.4
2420,big_ticket,new,7,0,0.0,468.21
2421,everyday,repeat,4,1,0.122,65.57
2422,everyday,repeat,3,0,0.0,76.13
2423,big_ticket,new,4,1,0.127,1182.81
2424,everyday,repeat,2,0,0.0,31.73
2425,big_ticket,new,6,1,0.155,595.28
2426,big_ticket,new,7,1,0.193,487.73
2427,everyday,new,3,0,0.0,110.04
2428,everyday,new,5,0,0.0,108.68
2429,everyday,new,3,1,0.153,33.71
2430,big_ticket,repeat,8,1,0.177,720.54
2431,big_ticket,new,3,0,0.0,450.01
2432,big_ticket,repeat,6,1,0.192,529.46
2433,everyday,repeat,3,1,0.11,33.95
2434,everyday,repeat,6,1,0.145,90.44
2435,everyday,new,2,0,0.0,12.53
2436,big_ticket,repeat,5,1,0.148,710.42
2437,everyday,new,2,0,0.0,21.43
2438,everyday,repeat,5,1,0.154,114.02
2439,everyday,new,2,0,0.0,39.15
2440,big_ticket,repeat,10,0,0.0,901.76
2441,big_ticket,new,7,1,0.107,735.23
2442,everyday,repeat,5,1,0.141,189.04
2443,everyday,new,2,0,0.0,23.75
2444,everyday,new,2,0,0.0,75.44
2445,everyday,repeat,2,0,0.0,37.34
2446,everyday,new,3,0,0.0,52.48
2447,everyday,repeat,1,0,0.0,14.65
2448,everyday,repeat,4,0,0.0,69.57
2449,everyday,repeat,1,1,0.127,16.69
2450,everyday,repeat,2,1,0.133,79.4
2451,everyday,repeat,5,1,0.106,45.25
2452,big_ticket,repeat,5,1,0.148,875.52
2453,everyday,new,2,1,0.167,20.7
2454,big_ticket,repeat,9,1,0.132,1394.79
2455,everyday,repeat,1,0,0.0,16.59
2456,everyday,new,2,0,0.0,69.79
2457,everyday,new,2,0,0.0,41.87
2458,everyday,new,4,0,0.0,40.77
2459,everyday,repeat,2,0,0.0,28.4
2460,everyday,new,1,0,0.0,29.26
2461,big_ticket,repeat,8,1,0.157,924.87
2462,everyday,repeat,2,1,0.122,35.54
2463,everyday,repeat,3,1,0.104,61.13
2464,everyday,new,4,1,0.186,59.54
2465,everyday,repeat,2,0,0.0,20.84
2466,big_ticket,repeat,5,1,0.106,635.39
2467,big_ticket,new,7,1,0.107,1145.92
2468,everyday,new,3,1,0.199,39.47
2469,everyday,new,6,1,0.172,76.24
2470,everyday,repeat,1,0,0.0,23.83
2471,everyday,new,3,0,0.0,162.44
2472,big_ticket,new,5,1,0.149,397.11
2473,big_ticket,new,10,1,0.14,1054.11
2474,everyday,new,3,1,0.187,74.2
2475,everyday,new,4,0,0.0,99.08
2476,everyday,repeat,3,0,0.0,30.28
2477,everyday,repeat,3,1,0.128,42.94
2478,everyday,repeat,4,1,0.129,37.23
2479,everyday,new,1,0,0.0,13.69
2480,big_ticket,repeat,10,1,0.189,871.58
2481,everyday,repeat,7,1,0.187,187.1
2482,everyday,repeat,2,0,0.0,60.66
2483,everyday,repeat,5,0,0.0,78.37
2484,everyday,new,2,0,0.0,69.71
2485,big_ticket,repeat,7,1,0.172,980.84
2486,everyday,repeat,2,0,0.0,17.0
2487,big_ticket,new,6,1,0.167,312.25
2488,big_ticket,repeat,5,1,0.115,294.72
2489,everyday,new,3,1,0.154,130.25
2490,everyday,new,3,1,0.185,56.94
2491,big_ticket,repeat,5,1,0.172,532.82
2492,everyday,repeat,3,0,0.0,20.74
2493,everyday,repeat,3,0,0.0,39.53
2494,big_ticket,repeat,4,1,0.142,296.68
2495,big_ticket,new,5,1,0.163,537.4
2496,everyday,repeat,6,1,0.171,108.28
2497,everyday,repeat,5,1,0.189,82.0
2498,everyday,new,5,0,0.0,130.97
2499,big_ticket,repeat,5,0,0.0,434.94
2500,everyday,repeat,2,1,0.122,27.76
2501,everyday,new,2,0,0.0,62.13
2502,everyday,repeat,3,1,0.151,71.09
2503,big_ticket,repeat,5,1,0.198,540.08
2504,big_ticket,repeat,6,1,0.127,525.34
2505,everyday,repeat,3,0,0.0,41.6
2506,everyday,repeat,2,0,0.0,55.78
2507,big_ticket,repeat,4,1,0.106,367.73
2508,big_ticket,new,4,0,0.0,535.78
2509,everyday,repeat,3,0,0.0,42.34
2510,everyday,repeat,2,0,0.0,114.16
2511,everyday,repeat,3,0,0.0,28.8
2512,everyday,repeat,3,0,0.0,63.15
2513,everyday,repeat,1,0,0.0,30.95
2514,everyday,repeat,1,0,0.0,12.43
2515,everyday,repeat,4,0,0.0,67.07
2516,big_ticket,repeat,7,1,0.109,411.31
2517,everyday,repeat,1,0,0.0,13.24
2518,everyday,new,5,0,0.0,191.37
2519,everyday,new,1,0,0.0,6.41
2520,everyday,repeat,2,0,0.0,37.79
2521,everyday,new,2,0,0.0,11.6
2522,everyday,new,1,0,0.0,26.51
2523,everyday,new,2,0,0.0,27.18
2524,everyday,repeat,1,1,0.121,7.02
2525,big_ticket,repeat,7,1,0.118,876.34
2526,everyday,repeat,5,0,0.0,45.03
2527,big_ticket,repeat,7,1,0.179,395.43
2528,big_ticket,repeat,6,1,0.121,1273.79
2529,big_ticket,new,5,1,0.171,1012.44
2530,everyday,new,1,0,0.0,21.64
2531,everyday,new,5,1,0.122,60.25
2532,everyday,new,4,1,0.186,57.62
2533,everyday,repeat,3,1,0.151,135.26
2534,everyday,new,3,1,0.135,41.4
2535,big_ticket,repeat,8,0,0.0,2292.81
2536,everyday,repeat,2,0,0.0,79.82
2537,big_ticket,new,6,1,0.116,522.86
2538,everyday,repeat,3,0,0.0,57.1
2539,everyday,repeat,3,0,0.0,39.17
2540,everyday,repeat,8,1,0.11,134.79
2541,everyday,repeat,5,0,0.0,115.07
2542,everyday,repeat,3,0,0.0,47.64
2543,everyday,repeat,3,1,0.167,61.1
2544,everyday,repeat,3,0,0.0,35.13
2545,everyday,new,5,1,0.136,53.46
2546,everyday,repeat,3,0,0.0,41.39
2547,big_ticket,repeat,4,1,0.105,385.82
2548,everyday,new,2,0,0.0,63.28
2549,everyday,new,2,0,0.0,30.28
2550,everyday,new,3,0,0.0,61.13
2551,everyday,new,2,0,0.0,20.73
2552,everyday,new,2,0,0.0,51.0
2553,everyday,new,3,0,0.0,40.97
2554,big_ticket,repeat,6,0,0.0,1111.18
2555,everyday,repeat,4,0,0.0,68.43
2556,everyday,repeat,1,0,0.0,12.64
2557,everyday,new,2,1,0.101,19.24
2558,everyday,repeat,4,0,0.0,83.34
2559,everyday,new,3,1,0.134,79.14
2560,everyday,new,5,0,0.0,42.57
2561,everyday,repeat,1,1,0.149,18.98
2562,everyday,repeat,2,0,0.0,37.3
2563,big_ticket,repeat,4,0,0.0,299.42
2564,everyday,repeat,2,0,0.0,27.64
2565,everyday,repeat,4,1,0.162,114.42
2566,everyday,repeat,1,0,0.0,49.04
2567,everyday,repeat,2,0,0.0,63.51
2568,everyday,new,2,0,0.0,43.46
2569,everyday,new,2,0,0.0,59.86
2570,big_ticket,repeat,9,1,0.169,1519.04
2571,everyday,repeat,2,1,0.13,23.75
2572,everyday,new,2,1,0.109,40.12
2573,big_ticket,new,5,1,0.165,1155.2
2574,big_ticket,new,6,1,0.137,575.64
2575,everyday,repeat,5,0,0.0,132.36
2576,everyday,new,1,0,0.0,15.03
2577,everyday,repeat,3,0,0.0,32.75
2578,big_ticket,new,5,1,0.112,576.63
2579,everyday,new,3,0,0.0,26.88
2580,big_ticket,new,3,1,0.196,678.7
2581,everyday,repeat,2,0,0.0,26.63
2582,big_ticket,new,5,0,0.0,428.81
2583,everyday,repeat,1,1,0.166,20.46
2584,everyday,repeat,1,0,0.0,19.52
2585,everyday,repeat,3,0,0.0,27.29
2586,everyday,new,2,1,0.121,18.68
2587,everyday,repeat,4,0,0.0,63.54
2588,everyday,new,3,0,0.0,68.32
2589,everyday,repeat,3,0,0.0,35.32
2590,everyday,repeat,4,1,0.112,50.99
2591,big_ticket,repeat,4,1,0.179,263.37
2592,big_ticket,repeat,9,1,0.127,873.19
2593,everyday,repeat,3,0,0.0,48.09
2594,everyday,repeat,6,0,0.0,119.57
2595,everyday,new,3,1,0.185,31.67
2596,big_ticket,repeat,6,1,0.177,274.38
2597,everyday,new,4,0,0.0,56.62
2598,everyday,new,1,0,0.0,38.11
2599,big_ticket,repeat,8,1,0.165,792.02
2600,big_ticket,repeat,9,1,0.141,592.93
2601,everyday,repeat,4,0,0.0,63.11
2602,everyday,repeat,3,0,0.0,81.38
2603,everyday,repeat,2,0,0.0,36.96
2604,big_ticket,repeat,5,1,0.122,386.88
2605,everyday,repeat,3,0,0.0,56.89
2606,everyday,repeat,3,1,0.11,49.31
2607,everyday,new,1,0,0.0,43.87
2608,everyday,repeat,3,1,0.104,38.52
2609,everyday,repeat,3,0,0.0,93.3
2610,everyday,repeat,4,0,0.0,45.43
2611,big_ticket,new,6,1,0.116,614.24
2612,big_ticket,new,8,1,0.118,1161.15
2613,everyday,new,3,0,0.0,75.57
2614,big_ticket,new,7,0,0.0,934.43
2615,everyday,repeat,3,1,0.175,45.68
2616,everyday,new,2,0,0.0,43.2
2617,everyday,new,2,0,0.0,35.06
2618,big_ticket,repeat,4,1,0.125,667.51
2619,big_ticket,new,8,1,0.169,679.54
2620,big_ticket,new,10,1,0.12,775.96
2621,big_ticket,repeat,8,0,0.0,705.79
2622,big_ticket,repeat,9,0,0.0,613.11
2623,everyday,repeat,2,0,0.0,26.39
2624,big_ticket,repeat,5,1,0.113,500.6
2625,everyday,repeat,1,0,0.0,16.54
2626,everyday,new,1,0,0.0,14.88
2627,everyday,repeat,6,0,0.0,95.08
2628,everyday,repeat,3,1,0.132,55.68
2629,everyday,repeat,2,0,0.0,22.41
2630,everyday,repeat,2,0,0.0,11.41
2631,everyday,new,2,1,0.12,21.12
2632,everyday,new,2,0,0.0,57.25
2633,big_ticket,repeat,7,1,0.198,735.81
2634,everyday,repeat,4,1,0.187,117.12
2635,everyday,new,6,1,0.178,75.05
2636,everyday,repeat,3,0,0.0,75.52
2637,everyday,repeat,2,1,0.174,19.93
2638,everyday,repeat,2,1,0.109,9.48
2639,big_ticket,new,5,0,0.0,587.36
2640,everyday,repeat,2,0,0.0,30.79
2641,big_ticket,repeat,8,1,0.149,606.63
2642,big_ticket,repeat,11,1,0.129,2719.42
2643,everyday,repeat,4,0,0.0,79.43
2644,big_ticket,repeat,6,1,0.178,467.58
2645,everyday,new,1,1,0.199,12.2
2646,big_ticket,repeat,4,1,0.184,576.66
2647,big_ticket,new,4,1,0.161,310.66
2648,big_ticket,repeat,5,1,0.14,658.87
2649,everyday,repeat,6,1,0.174,110.18
2650,big_ticket,repeat,5,1,0.107,594.04
2651,big_ticket,repeat,10,1,0.175,1103.67
2652,everyday,new,5,1,0.133,31.4
2653,big_ticket,new,5,1,0.165,876.14
2654,big_ticket,repeat,7,0,0.0,1066.94
2655,everyday,new,5,0,0.0,39.5
2656,big_ticket,new,4,1,0.193,243.45
2657,everyday,repeat,4,1,0.135,77.95
2658,everyday,new,5,0,0.0,42.77
2659,everyday,new,3,0,0.0,80.95
2660,everyday,new,2,0,0.0,59.58
2661,big_ticket,repeat,3,1,0.142,151.81
2662,everyday,repeat,2,0,0.0,31.3
2663,everyday,repeat,2,0,0.0,62.92
2664,everyday,repeat,6,1,0.1,42.63
2665,everyday,new,4,1,0.149,94.04
2666,big_ticket,repeat,2,0,0.0,145.04
2667,big_ticket,new,5,0,0.0,353.1
2668,everyday,repeat,4,0,0.0,61.66
2669,everyday,new,4,0,0.0,64.67
2670,everyday,new,1,0,0.0,37.46
2671,everyday,repeat,3,0,0.0,22.55
2672,everyday,new,2,0,0.0,47.11
2673,everyday,repeat,3,0,0.0,47.61
2674,everyday,repeat,3,0,0.0,51.86
2675,everyday,repeat,1,1,0.186,25.51
2676,everyday,new,1,0,0.0,24.63
2677,everyday,repeat,1,0,0.0,22.45
2678,big_ticket,repeat,7,1,0.177,680.05
2679,big_ticket,new,5,1,0.142,836.78
2680,everyday,repeat,3,0,0.0,72.17
2681,big_ticket,repeat,5,1,0.17,339.48
2682,big_ticket,repeat,10,1,0.177,963.07
2683,everyday,repeat,3,0,0.0,51.78
2684,everyday,repeat,3,0,0.0,27.6
2685,everyday,new,4,0,0.0,53.73
2686,big_ticket,repeat,4,1,0.102,498.43
2687,everyday,new,6,0,0.0,100.12
2688,everyday,repeat,4,1,0.107,54.45
2689,everyday,repeat,2,0,0.0,81.15
2690,everyday,repeat,2,0,0.0,41.3
2691,big_ticket,repeat,6,1,0.139,798.81
2692,everyday,new,4,0,0.0,75.8
2693,big_ticket,repeat,5,1,0.181,1022.22
2694,big_ticket,new,6,1,0.109,759.01
2695,big_ticket,repeat,8,0,0.0,634.47
2696,everyday,repeat,2,0,0.0,26.91
2697,big_ticket,new,7,1,0.166,656.46
2698,everyday,repeat,2,0,0.0,36.9
2699,everyday,repeat,1,0,0.0,45.9
2700,big_ticket,repeat,5,1,0.11,303.24
2701,everyday,repeat,2,0,0.0,20.63
2702,everyday,repeat,2,0,0.0,54.05
2703,everyday,repeat,1,1,0.154,17.65
2704,big_ticket,new,6,0,0.0,403.08
2705,big_ticket,new,5,1,0.189,553.35
2706,everyday,new,3,0,0.0,87.3
2707,big_ticket,new,7,1,0.153,264.23
2708,everyday,new,4,1,0.113,95.17
2709,everyday,repeat,3,0,0.0,26.39
2710,everyday,repeat,1,0,0.0,14.86
2711,big_ticket,new,9,1,0.106,965.09
2712,everyday,repeat,3,1,0.125,86.87
2713,everyday,repeat,3,1,0.194,82.08
2714,everyday,new,2,0,0.0,16.71
2715,big_ticket,repeat,4,1,0.188,1061.92
2716,everyday,new,4,0,0.0,30.85
2717,everyday,repeat,4,0,0.0,81.38
2718,big_ticket,repeat,6,1,0.171,1400.86
2719,everyday,new,2,1,0.106,24.07
2720,everyday,new,4,0,0.0,104.74
2721,everyday,repeat,2,0,0.0,44.37
2722,big_ticket,new,3,1,0.15,150.74
2723,everyday,repeat,2,0,0.0,36.31
2724,everyday,repeat,2,0,0.0,20.38
2725,everyday,new,3,1,0.189,36.08
2726,big_ticket,repeat,5,1,0.174,318.91
2727,big_ticket,repeat,7,1,0.124,723.96
2728,everyday,new,3,1,0.175,47.73
2729,everyday,repeat,1,0,0.0,11.38
2730,big_ticket,repeat,8,1,0.197,1124.09
2731,everyday,repeat,5,1,0.136,129.76
2732,everyday,new,2,1,0.169,33.29
2733,everyday,new,2,0,0.0,19.06
2734,everyday,repeat,2,0,0.0,34.6
2735,everyday,repeat,2,1,0.122,15.8
2736,everyday,new,1,0,0.0,17.41
2737,everyday,repeat,2,0,0.0,43.52
2738,everyday,repeat,3,0,0.0,73.85
2739,big_ticket,new,9,1,0.122,401.18
2740,everyday,repeat,4,1,0.108,38.67
2741,everyday,repeat,3,1,0.114,37.55
2742,big_ticket,repeat,7,0,0.0,1752.26
2743,everyday,repeat,2,0,0.0,28.1
2744,big_ticket,repeat,4,0,0.0,274.27
2745,everyday,repeat,3,0,0.0,69.23
2746,big_ticket,repeat,13,1,0.166,1092.01
2747,everyday,new,1,0,0.0,15.83
2748,everyday,repeat,7,0,0.0,94.71
2749,everyday,repeat,2,1,0.179,85.67
2750,everyday,repeat,3,0,0.0,131.88
2751,everyday,new,4,1,0.114,67.69
2752,big_ticket,new,6,1,0.114,409.61
2753,big_ticket,new,8,1,0.109,560.67
2754,everyday,repeat,1,0,0.0,20.47
2755,big_ticket,repeat,5,1,0.104,673.27
2756,big_ticket,repeat,3,1,0.143,603.5
2757,big_ticket,new,6,1,0.12,413.76
2758,everyday,repeat,3,1,0.162,86.95
2759,everyday,new,1,0,0.0,22.92
2760,everyday,new,1,0,0.0,20.63
2761,everyday,new,2,0,0.0,31.16
2762,big_ticket,repeat,5,1,0.16,556.0
2763,everyday,repeat,2,1,0.131,13.74
2764,everyday,new,2,0,0.0,13.62
2765,everyday,new,5,0,0.0,35.63
2766,big_ticket,repeat,5,1,0.135,520.55
2767,everyday,new,3,0,0.0,35.51
2768,everyday,repeat,3,0,0.0,26.95
2769,big_ticket,new,3,1,0.176,335.28
2770,big_ticket,new,3,1,0.16,220.9
2771,everyday,new,2,1,0.111,27.3
2772,big_ticket,repeat,4,1,0.179,428.62
2773,big_ticket,repeat,7,0,0.0,1174.41
2774,everyday,new,3,0,0.0,41.86
2775,big_ticket,repeat,8,0,0.0,474.38
2776,everyday,new,4,0,0.0,32.69
2777,everyday,repeat,3,1,0.175,57.58
2778,everyday,new,1,0,0.0,33.55
2779,everyday,repeat,4,0,0.0,54.77
2780,everyday,new,3,0,0.0,51.82
2781,everyday,repeat,1,1,0.148,10.93
2782,everyday,repeat,2,1,0.161,23.16
2783,everyday,repeat,5,0,0.0,134.45
2784,everyday,repeat,2,1,0.171,36.0
2785,everyday,new,3,1,0.158,69.4
2786,everyday,new,2,0,0.0,37.59
2787,everyday,repeat,3,0,0.0,45.61
2788,everyday,repeat,1,0,0.0,30.16
2789,big_ticket,repeat,5,1,0.101,452.14
2790,everyday,repeat,4,1,0.182,44.35
2791,big_ticket,repeat,4,1,0.173,243.65
2792,everyday,repeat,4,1,0.189,67.96
2793,big_ticket,repeat,8,0,0.0,767.27
2794,big_ticket,repeat,5,1,0.155,239.32
2795,big_ticket,new,6,1,0.175,585.37
2796,everyday,repeat,2,0,0.0,18.5
2797,everyday,repeat,3,0,0.0,105.68
2798,everyday,new,3,1,0.195,44.69
2799,everyday,repeat,4,0,0.0,72.46
2800,big_ticket,repeat,9,1,0.116,1484.87
2801,big_ticket,new,9,1,0.144,451.61
2802,everyday,repeat,1,1,0.107,30.31
2803,everyday,new,5,0,0.0,46.3
2804,everyday,new,3,0,0.0,34.44
2805,everyday,repeat,3,0,0.0,67.5
2806,everyday,repeat,2,0,0.0,22.03
2807,everyday,repeat,2,1,0.138,13.05
2808,big_ticket,new,7,0,0.0,417.91
2809,everyday,repeat,1,1,0.197,11.3
2810,everyday,new,2,0,0.0,51.06
2811,everyday,repeat,6,1,0.163,79.63
2812,big_ticket,new,6,1,0.163,389.01
2813,everyday,repeat,5,1,0.164,94.32
2814,everyday,new,1,0,0.0,11.6
2815,everyday,new,5,1,0.131,45.01
2816,everyday,repeat,3,1,0.114,44.36
2817,everyday,repeat,3,0,0.0,50.73
2818,everyday,repeat,2,1,0.191,24.1
2819,everyday,repeat,4,1,0.145,34.81
2820,big_ticket,new,4,1,0.15,339.92
2821,everyday,new,1,0,0.0,35.45
2822,everyday,repeat,2,0,0.0,37.23
2823,everyday,new,3,1,0.15,36.05
2824,big_ticket,repeat,5,1,0.198,362.84
2825,big_ticket,repeat,11,1,0.153,895.28
2826,big_ticket,repeat,6,1,0.195,768.53
2827,everyday,repeat,4,0,0.0,57.83
2828,everyday,new,2,1,0.102,30.86
2829,big_ticket,new,9,1,0.136,980.07
2830,big_ticket,repeat,4,0,0.0,320.52
2831,everyday,new,3,0,0.0,68.67
2832,everyday,repeat,3,0,0.0,17.21
2833,everyday,repeat,3,0,0.0,35.48
2834,big_ticket,new,6,1,0.122,937.91
2835,everyday,repeat,3,0,0.0,37.3
2836,everyday,new,1,0,0.0,34.12
2837,everyday,repeat,2,1,0.111,28.46
2838,everyday,new,4,0,0.0,112.07
2839,everyday,repeat,3,0,0.0,52.74
2840,everyday,new,1,0,0.0,20.57
2841,big_ticket,new,5,0,0.0,204.8
2842,everyday,new,3,0,0.0,70.82
2843,everyday,new,2,0,0.0,24.17
2844,everyday,repeat,4,0,0.0,52.66
2845,everyday,new,4,0,0.0,50.72
2846,everyday,new,1,1,0.115,9.85
2847,everyday,new,3,0,0.0,48.81
2848,everyday,new,2,0,0.0,50.76
2849,big_ticket,new,6,1,0.116,587.33
2850,everyday,new,4,1,0.158,44.56
2851,everyday,repeat,2,0,0.0,87.19
2852,everyday,repeat,5,0,0.0,67.66
2853,big_ticket,repeat,8,1,0.146,873.2
2854,everyday,new,2,1,0.185,33.3
2855,big_ticket,repeat,5,0,0.0,901.25
2856,big_ticket,repeat,6,1,0.158,542.4
2857,everyday,repeat,3,0,0.0,48.15
2858,everyday,new,4,0,0.0,63.91
2859,big_ticket,new,8,1,0.148,638.86
2860,everyday,repeat,1,0,0.0,16.96
2861,everyday,new,1,1,0.187,11.3
2862,everyday,repeat,1,0,0.0,21.07
2863,everyday,new,4,0,0.0,255.4
2864,everyday,new,2,1,0.196,20.82
2865,everyday,new,2,0,0.0,38.52
2866,everyday,new,3,0,0.0,49.73
2867,everyday,new,1,0,0.0,9.34
2868,everyday,new,4,1,0.193,98.17
2869,big_ticket,repeat,4,0,0.0,412.42
2870,everyday,new,5,0,0.0,58.29
2871,everyday,repeat,1,0,0.0,32.58
2872,everyday,repeat,2,0,0.0,27.73
2873,everyday,repeat,6,1,0.132,178.64
2874,everyday,repeat,2,0,0.0,43.09
2875,everyday,new,3,1,0.106,52.25
2876,everyday,repeat,2,0,0.0,45.21
2877,everyday,repeat,2,0,0.0,48.72
2878,everyday,repeat,3,0,0.0,45.2
2879,everyday,new,1,1,0.114,13.82
2880,everyday,repeat,3,1,0.197,76.51
2881,everyday,new,2,0,0.0,131.94
2882,everyday,repeat,3,0,0.0,21.93
2883,everyday,new,4,0,0.0,37.67
2884,everyday,new,3,1,0.19,30.78
2885,everyday,repeat,1,0,0.0,13.98
2886,everyday,repeat,3,0,0.0,30.3
2887,everyday,repeat,3,1,0.117,67.67
2888,big_ticket,repeat,5,1,0.119,474.98
2889,everyday,repeat,4,1,0.105,53.65
2890,everyday,repeat,1,0,0.0,12.84
2891,everyday,repeat,3,1,0.189,81.93
2892,big_ticket,new,8,1,0.143,829.15
2893,everyday,new,5,1,0.162,42.52
2894,everyday,repeat,2,0,0.0,38.15
2895,big_ticket,new,4,1,0.119,419.1
2896,everyday,repeat,4,1,0.15,36.6
2897,big_ticket,new,7,1,0.106,1059.37
2898,everyday,new,5,0,0.0,66.28
2899,everyday,new,3,0,0.0,63.05
2900,everyday,repeat,2,0,0.0,25.92
2901,everyday,repeat,3,1,0.101,56.36
2902,big_ticket,new,7,1,0.107,1382.95
2903,everyday,new,2,0,0.0,36.14
2904,big_ticket,new,8,1,0.117,905.44
2905,everyday,new,3,1,0.149,25.78
2906,everyday,repeat,3,0,0.0,76.97
2907,big_ticket,repeat,4,1,0.113,394.95
2908,everyday,new,3,0,0.0,58.03
2909,big_ticket,new,6,1,0.193,598.49
2910,everyday,repeat,3,0,0.0,86.52
2911,big_ticket,new,6,1,0.148,337.66
2912,everyday,new,1,0,0.0,21.66
2913,everyday,repeat,1,0,0.0,40.8
2914,everyday,new,2,0,0.0,34.24
2915,everyday,new,5,0,0.0,69.47
2916,everyday,new,2,0,0.0,24.92
2917,everyday,repeat,2,0,0.0,24.76
2918,big_ticket,new,7,1,0.188,762.95
2919,everyday,repeat,1,0,0.0,37.61
2920,big_ticket,repeat,7,1,0.125,849.89
2921,big_ticket,repeat,6,1,0.112,612.97
2922,everyday,repeat,3,0,0.0,53.05
2923,everyday,new,2,1,0.167,15.3
2924,everyday,new,5,0,0.0,78.34
2925,everyday,new,2,1,0.16,20.9
2926,everyday,repeat,4,0,0.0,139.61
2927,everyday,repeat,1,0,0.0,10.63
2928,everyday,repeat,3,0,0.0,25.31
2929,everyday,repeat,2,0,0.0,13.9
2930,everyday,new,4,1,0.106,45.11
2931,everyday,new,4,0,0.0,15.4
2932,everyday,new,4,1,0.109,72.93
2933,everyday,repeat,3,1,0.119,56.04
2934,big_ticket,new,9,1,0.146,725.52
2935,everyday,repeat,4,1,0.191,102.26
2936,everyday,new,1,0,0.0,15.12
2937,everyday,repeat,3,1,0.197,46.15
2938,everyday,new,3,0,0.0,76.12
2939,everyday,repeat,4,0,0.0,115.8
2940,everyday,new,3,1,0.15,29.95
2941,big_ticket,repeat,4,0,0.0,407.57
2942,everyday,repeat,6,0,0.0,81.6
2943,big_ticket,repeat,6,1,0.128,471.34
2944,everyday,new,3,1,0.128,33.84
2945,everyday,repeat,2,1,0.111,53.9
2946,everyday,new,6,1,0.105,61.23
2947,everyday,new,3,0,0.0,45.69
2948,big_ticket,repeat,6,1,0.109,1201.77
2949,big_ticket,repeat,5,0,0.0,396.22
2950,big_ticket,new,3,0,0.0,160.12
2951,everyday,repeat,4,0,0.0,42.06
2952,big_ticket,repeat,8,1,0.175,663.75
2953,everyday,repeat,4,0,0.0,38.59
2954,big_ticket,new,10,1,0.196,1308.8
2955,everyday,repeat,4,0,0.0,39.55
2956,everyday,new,4,0,0.0,68.99
2957,everyday,new,5,1,0.146,101.29
2958,everyday,new,5,1,0.117,115.49
2959,everyday,repeat,2,0,0.0,46.05
2960,big_ticket,new,10,1,0.138,721.0
2961,big_ticket,new,3,1,0.119,164.89
2962,big_ticket,new,8,0,0.0,567.09
2963,everyday,new,5,1,0.114,53.71
2964,everyday,repeat,2,0,0.0,31.84
2965,everyday,repeat,2,0,0.0,56.75
2966,everyday,repeat,6,0,0.0,69.62
2967,everyday,repeat,3,0,0.0,42.27
2968,everyday,new,3,1,0.167,90.81
2969,everyday,repeat,1,1,0.18,8.37
2970,everyday,repeat,3,0,0.0,105.54
2971,everyday,repeat,4,0,0.0,89.78
2972,everyday,repeat,2,0,0.0,23.17
2973,everyday,new,2,0,0.0,27.73
2974,big_ticket,repeat,8,1,0.19,741.57
2975,everyday,new,5,1,0.184,64.67
2976,big_ticket,repeat,6,0,0.0,670.89
2977,everyday,new,1,0,0.0,45.6
2978,big_ticket,repeat,12,1,0.156,1956.02
2979,big_ticket,repeat,6,1,0.187,303.97
2980,big_ticket,repeat,9,1,0.154,1048.4
2981,everyday,new,3,0,0.0,28.63
2982,everyday,repeat,3,1,0.15,49.37
2983,everyday,repeat,1,0,0.0,20.35
2984,everyday,repeat,4,1,0.108,30.72
2985,everyday,repeat,3,0,0.0,27.59
2986,everyday,repeat,2,0,0.0,24.72
2987,everyday,repeat,3,1,0.146,61.11
2988,everyday,new,2,0,0.0,25.81
2989,everyday,repeat,1,0,0.0,15.74
2990,everyday,repeat,4,1,0.124,98.2
2991,big_ticket,repeat,6,0,0.0,780.24
2992,big_ticket,new,5,1,0.148,776.05
2993,everyday,new,2,0,0.0,36.03
2994,everyday,new,2,0,0.0,43.27
2995,everyday,repeat,1,1,0.193,15.94
2996,everyday,repeat,3,0,0.0,64.16
2997,everyday,repeat,2,0,0.0,48.32
2998,everyday,new,1,1,0.111,19.54
2999,big_ticket,new,5,0,0.0,597.72
3000,everyday,repeat,1,0,0.0,18.65
3001,big_ticket,new,6,1,0.163,1284.98
3002,everyday,new,4,1,0.169,134.52
3003,everyday,new,3,0,0.0,95.6
3004,big_ticket,repeat,7,1,0.111,453.33
3005,everyday,repeat,4,1,0.129,70.83
3006,big_ticket,new,12,1,0.175,811.7
3007,everyday,new,2,1,0.197,35.63
3008,everyday,repeat,4,0,0.0,77.29
3009,everyday,new,2,1,0.113,65.83
3010,big_ticket,new,4,1,0.155,333.82
3011,everyday,new,4,0,0.0,81.93
3012,big_ticket,new,9,1,0.159,759.59
3013,big_ticket,repeat,11,1,0.16,860.47
3014,everyday,repeat,3,0,0.0,46.3
3015,everyday,new,3,1,0.198,26.63
3016,big_ticket,repeat,5,1,0.126,655.54
3017,big_ticket,new,4,0,0.0,509.27
3018,everyday,repeat,2,0,0.0,25.85
3019,everyday,new,3,0,0.0,64.36
3020,everyday,new,3,0,0.0,74.54
3021,everyday,repeat,5,1,0.177,223.27
3022,big_ticket,repeat,8,1,0.134,766.45
3023,everyday,repeat,3,1,0.139,74.25
3024,everyday,repeat,6,1,0.197,109.05
3025,everyday,repeat,2,0,0.0,35.47
3026,everyday,repeat,4,0,0.0,79.29
3027,everyday,new,1,0,0.0,24.55
3028,big_ticket,repeat,6,1,0.117,492.21
3029,everyday,repeat,5,1,0.129,68.13
3030,everyday,repeat,3,0,0.0,66.08
3031,big_ticket,repeat,7,0,0.0,345.8
3032,everyday,repeat,4,1,0.147,89.11
3033,everyday,new,3,0,0.0,52.29
3034,everyday,new,2,0,0.0,12.92
3035,big_ticket,repeat,2,0,0.0,288.8
3036,big_ticket,new,9,1,0.114,342.34
3037,everyday,repeat,2,0,0.0,30.87
3038,everyday,new,2,0,0.0,36.88
3039,everyday,new,4,1,0.117,52.29
3040,everyday,repeat,3,1,0.156,43.45
3041,everyday,new,4,0,0.0,105.7
3042,big_ticket,repeat,9,0,0.0,871.18
3043,big_ticket,new,5,1,0.101,761.79
3044,everyday,repeat,2,0,0.0,11.06
3045,big_ticket,repeat,3,0,0.0,480.0
3046,big_ticket,repeat,5,1,0.181,309.61
3047,everyday,new,2,1,0.112,15.8
3048,everyday,new,5,0,0.0,48.07
3049,big_ticket,repeat,7,1,0.187,1231.83
3050,everyday,repeat,7,0,0.0,67.83
3051,big_ticket,repeat,1,0,0.0,66.08
3052,everyday,repeat,2,1,0.108,14.56
3053,everyday,repeat,3,0,0.0,65.86
3054,big_ticket,repeat,9,1,0.198,1060.55
3055,everyday,repeat,2,1,0.189,45.17
3056,everyday,repeat,2,0,0.0,32.11
3057,everyday,repeat,3,0,0.0,92.88
3058,everyday,repeat,6,0,0.0,98.7
3059,everyday,repeat,1,0,0.0,14.8
3060,everyday,new,3,0,0.0,88.38
3061,everyday,new,3,0,0.0,45.23
3062,everyday,repeat,5,1,0.196,37.49
3063,everyday,repeat,2,1,0.108,42.67
3064,big_ticket,new,3,1,0.12,337.87
3065,everyday,repeat,2,1,0.129,38.46
3066,everyday,repeat,2,0,0.0,27.44
3067,everyday,repeat,2,0,0.0,37.48
3068,everyday,repeat,1,1,0.183,23.37
3069,big_ticket,new,6,1,0.188,489.07
3070,everyday,repeat,5,1,0.198,29.93
3071,everyday,new,4,1,0.174,62.03
3072,big_ticket,repeat,4,1,0.15,568.11
3073,big_ticket,new,7,1,0.121,1078.66
3074,big_ticket,repeat,4,1,0.131,147.37
3075,big_ticket,repeat,5,1,0.162,606.43
3076,big_ticket,repeat,9,0,0.0,590.17
3077,everyday,repeat,3,0,0.0,34.89
3078,everyday,repeat,4,1,0.15,118.85
3079,everyday,repeat,3,0,0.0,35.27
3080,everyday,new,4,0,0.0,78.7
3081,everyday,new,2,0,0.0,50.05
3082,everyday,repeat,2,0,0.0,29.64
3083,everyday,new,5,1,0.161,126.51
3084,big_ticket,repeat,5,1,0.115,737.24
3085,big_ticket,new,9,1,0.103,1216.76
3086,everyday,repeat,3,0,0.0,40.91
3087,everyday,new,4,0,0.0,134.56
3088,everyday,repeat,3,0,0.0,77.65
3089,everyday,new,3,0,0.0,71.37
3090,big_ticket,repeat,7,1,0.152,1356.76
3091,big_ticket,new,7,1,0.114,350.29
3092,big_ticket,repeat,8,1,0.17,716.05
3093,big_ticket,new,4,1,0.158,334.99
3094,big_ticket,repeat,9,1,0.168,1109.93
3095,everyday,repeat,4,0,0.0,73.48
3096,everyday,repeat,4,0,0.0,225.85
3097,everyday,repeat,3,0,0.0,92.2
3098,everyday,repeat,2,1,0.108,41.55
3099,everyday,repeat,5,1,0.193,78.96
3100,everyday,new,5,0,0.0,121.49
3101,big_ticket,repeat,5,0,0.0,1438.11
3102,everyday,new,1,0,0.0,13.55
3103,big_ticket,repeat,10,1,0.149,864.3
3104,big_ticket,new,4,0,0.0,472.88
3105,everyday,new,3,0,0.0,33.79
3106,everyday,repeat,1,0,0.0,11.67
3107,everyday,repeat,3,0,0.0,28.07
3108,everyday,new,2,1,0.155,79.37
3109,everyday,repeat,3,1,0.116,25.39
3110,big_ticket,repeat,6,0,0.0,494.46
3111,everyday,new,3,0,0.0,15.76
3112,everyday,new,3,0,0.0,67.21
3113,big_ticket,repeat,8,1,0.19,710.97
3114,everyday,repeat,3,1,0.166,72.77
3115,everyday,new,1,1,0.107,16.21
3116,everyday,repeat,3,0,0.0,93.22
3117,everyday,new,2,1,0.179,21.71
3118,everyday,repeat,3,0,0.0,50.81
3119,everyday,new,2,0,0.0,57.33
3120,everyday,new,4,0,0.0,120.75
3121,everyday,new,2,0,0.0,56.62
3122,everyday,repeat,3,0,0.0,65.09
3123,everyday,new,2,0,0.0,32.47
3124,everyday,repeat,3,0,0.0,66.07
3125,everyday,repeat,6,1,0.145,51.77
3126,everyday,repeat,3,1,0.196,41.26
3127,everyday,repeat,4,1,0.153,134.48
3128,everyday,new,5,0,0.0,130.42
3129,everyday,new,5,1,0.148,45.13
3130,big_ticket,new,3,0,0.0,200.83
3131,everyday,repeat,3,0,0.0,31.43
3132,big_ticket,new,5,1,0.123,331.29
3133,everyday,repeat,2,0,0.0,68.99
3134,everyday,repeat,3,0,0.0,19.86
3135,big_ticket,repeat,11,1,0.171,640.83
3136,big_ticket,repeat,4,1,0.158,571.76
3137,big_ticket,new,7,1,0.179,1132.69
3138,everyday,new,3,1,0.196,42.86
3139,big_ticket,repeat,6,1,0.173,440.67
3140,everyday,new,2,0,0.0,29.33
3141,everyday,repeat,3,0,0.0,56.5
3142,everyday,repeat,1,0,0.0,16.93
3143,big_ticket,new,9,1,0.147,967.38
3144,everyday,new,4,0,0.0,95.55
3145,big_ticket,new,4,1,0.151,615.18
3146,everyday,new,2,1,0.162,63.41
3147,big_ticket,repeat,3,1,0.176,278.15
3148,big_ticket,repeat,6,1,0.119,716.32
3149,big_ticket,new,6,1,0.2,915.13
3150,everyday,repeat,3,0,0.0,60.91
3151,everyday,new,3,1,0.154,53.02
3152,everyday,repeat,1,0,0.0,20.78
3153,everyday,repeat,6,0,0.0,80.35
3154,everyday,new,2,1,0.13,31.83
3155,everyday,repeat,2,0,0.0,21.7
3156,everyday,repeat,3,1,0.125,98.32
3157,everyday,new,7,1,0.102,70.32
3158,everyday,new,6,1,0.124,66.22
3159,big_ticket,repeat,8,1,0.173,1004.36
3160,everyday,new,1,1,0.106,9.57
3161,big_ticket,new,8,1,0.176,990.36
3162,big_ticket,new,5,0,0.0,356.69
3163,everyday,repeat,2,0,0.0,48.96
3164,big_ticket,new,3,1,0.137,189.78
3165,everyday,repeat,3,1,0.158,38.39
3166,everyday,new,3,0,0.0,57.32
3167,everyday,new,2,1,0.144,42.67
3168,everyday,repeat,5,0,0.0,300.82
3169,everyday,new,2,1,0.184,69.04
3170,everyday,repeat,6,0,0.0,225.39
3171,big_ticket,new,5,1,0.159,705.12
3172,everyday,repeat,2,0,0.0,38.89
3173,big_ticket,new,8,1,0.168,652.94
3174,big_ticket,repeat,4,1,0.156,249.42
3175,everyday,new,3,0,0.0,43.84
3176,everyday,repeat,4,0,0.0,98.7
3177,big_ticket,new,8,1,0.159,596.61
3178,everyday,new,4,0,0.0,124.5
3179,everyday,repeat,4,1,0.125,70.98
3180,everyday,new,2,1,0.186,25.36
3181,big_ticket,repeat,6,1,0.131,339.45
3182,everyday,repeat,2,0,0.0,36.41
3183,everyday,repeat,3,0,0.0,62.4
3184,everyday,repeat,2,0,0.0,12.98
3185,everyday,repeat,1,0,0.0,16.5
3186,everyday,repeat,1,0,0.0,20.37
3187,big_ticket,new,4,1,0.152,411.71
3188,big_ticket,repeat,9,1,0.132,1383.49
3189,everyday,new,3,0,0.0,46.2
3190,everyday,new,5,0,0.0,53.1
3191,everyday,new,2,1,0.189,51.14
3192,everyday,new,4,0,0.0,56.81
3193,everyday,new,3,0,0.0,14.06
3194,everyday,new,2,0,0.0,24.24
3195,everyday,repeat,3,0,0.0,33.67
3196,everyday,repeat,4,0,0.0,55.91
3197,everyday,repeat,6,0,0.0,71.39
3198,everyday,new,3,0,0.0,46.7
3199,everyday,new,2,1,0.102,36.67
3200,big_ticket,repeat,6,1,0.107,802.54
3201,big_ticket,new,8,0,0.0,1025.06
3202,big_ticket,new,7,1,0.2,531.0
3203,big_ticket,repeat,4,1,0.122,236.65
3204,everyday,repeat,1,0,0.0,22.87
3205,big_ticket,new,5,1,0.195,358.41
3206,everyday,repeat,3,0,0.0,30.79
3207,everyday,repeat,1,0,0.0,19.06
3208,everyday,repeat,3,0,0.0,136.52
3209,everyday,new,4,0,0.0,74.18
3210,everyday,repeat,2,0,0.0,21.76
3211,everyday,repeat,3,1,0.138,63.62
3212,big_ticket,new,3,0,0.0,157.46
3213,big_ticket,repeat,5,1,0.149,355.34
3214,everyday,repeat,2,0,0.0,30.22
3215,everyday,new,3,1,0.172,28.1
3216,big_ticket,repeat,7,1,0.195,1019.36
3217,everyday,new,4,0,0.0,101.5
3218,everyday,repeat,3,0,0.0,15.31
3219,everyday,new,2,0,0.0,66.13
3220,everyday,repeat,2,0,0.0,43.7
3221,everyday,new,5,1,0.101,175.34
3222,big_ticket,repeat,10,1,0.111,1338.06
3223,big_ticket,repeat,4,1,0.161,482.41
3224,everyday,repeat,7,0,0.0,92.93
3225,everyday,repeat,1,1,0.171,12.18
3226,big_ticket,new,8,1,0.116,907.4
3227,everyday,new,4,0,0.0,108.12
3228,everyday,repeat,4,0,0.0,169.5
3229,everyday,new,3,0,0.0,29.86
3230,everyday,repeat,3,0,0.0,74.02
3231,everyday,repeat,3,1,0.156,50.83
3232,everyday,repeat,1,0,0.0,16.8
3233,everyday,new,5,0,0.0,113.82
3234,everyday,repeat,3,1,0.11,13.75
3235,everyday,new,4,0,0.0,66.72
3236,everyday,repeat,4,0,0.0,35.45
3237,big_ticket,repeat,10,1,0.172,1658.2
3238,everyday,repeat,3,0,0.0,57.69
3239,everyday,repeat,4,0,0.0,153.44
3240,everyday,new,3,0,0.0,104.18
3241,big_ticket,repeat,9,1,0.187,999.26
3242,everyday,repeat,2,1,0.178,38.14
3243,big_ticket,new,4,1,0.166,499.5
3244,everyday,repeat,4,1,0.114,84.47
3245,everyday,repeat,4,0,0.0,94.5
3246,everyday,repeat,6,1,0.126,227.82
3247,everyday,repeat,3,0,0.0,104.21
3248,big_ticket,new,7,0,0.0,1010.59
3249,big_ticket,repeat,6,1,0.154,418.56
3250,everyday,new,4,0,0.0,105.17
3251,big_ticket,repeat,4,0,0.0,578.71
3252,everyday,new,4,1,0.102,71.51
3253,everyday,repeat,2,0,0.0,63.42
3254,everyday,new,1,0,0.0,13.8
3255,everyday,new,3,0,0.0,64.2
3256,big_ticket,new,4,1,0.178,267.57
3257,everyday,repeat,3,0,0.0,72.07
3258,everyday,new,4,1,0.117,80.44
3259,everyday,new,3,1,0.148,50.95
3260,everyday,new,1,0,0.0,24.38
3261,everyday,new,1,0,0.0,22.09
3262,everyday,repeat,5,1,0.19,90.97
3263,everyday,repeat,3,0,0.0,71.71
3264,everyday,new,5,1,0.143,40.68
3265,everyday,new,4,0,0.0,84.18
3266,everyday,new,6,1,0.188,43.91
3267,everyday,new,3,0,0.0,32.77
3268,big_ticket,new,7,1,0.163,551.58
3269,big_ticket,new,7,1,0.17,621.45
3270,everyday,new,5,0,0.0,36.35
3271,big_ticket,new,6,1,0.159,711.39
3272,everyday,repeat,3,0,0.0,42.65
3273,everyday,new,2,0,0.0,13.57
3274,big_ticket,repeat,6,0,0.0,386.61
3275,big_ticket,repeat,3,1,0.159,546.83
3276,big_ticket,repeat,5,1,0.102,818.29
3277,everyday,new,2,0,0.0,18.51
3278,everyday,repeat,4,0,0.0,22.52
3279,everyday,repeat,3,0,0.0,96.97
3280,everyday,repeat,4,1,0.14,102.05
3281,everyday,repeat,2,0,0.0,39.46
3282,everyday,new,3,0,0.0,48.52
3283,everyday,repeat,4,0,0.0,187.29
3284,everyday,repeat,3,0,0.0,57.96
3285,everyday,new,3,0,0.0,51.5
3286,everyday,new,3,0,0.0,45.16
3287,everyday,repeat,2,0,0.0,40.9
3288,everyday,new,1,0,0.0,11.41
3289,everyday,repeat,1,1,0.192,29.0
3290,everyday,new,2,1,0.156,63.75
3291,everyday,repeat,1,0,0.0,31.1
3292,big_ticket,new,8,1,0.136,872.25
3293,everyday,repeat,2,0,0.0,39.71
3294,everyday,repeat,3,0,0.0,25.44
3295,everyday,repeat,5,0,0.0,43.94
3296,big_ticket,new,4,0,0.0,367.49
3297,big_ticket,new,4,1,0.148,384.79
3298,everyday,new,4,0,0.0,27.52
3299,everyday,new,4,1,0.102,34.96
3300,everyday,repeat,3,0,0.0,30.97
3301,big_ticket,new,8,1,0.162,864.88
3302,everyday,new,7,1,0.158,93.75
3303,everyday,repeat,3,0,0.0,27.57
3304,big_ticket,new,4,1,0.169,702.49
3305,big_ticket,new,5,1,0.184,248.81
3306,everyday,repeat,1,0,0.0,25.9
3307,everyday,new,2,1,0.174,29.08
3308,everyday,repeat,3,1,0.117,103.47
3309,everyday,repeat,3,0,0.0,17.75
3310,everyday,new,2,0,0.0,41.34
3311,big_ticket,repeat,7,1,0.173,1428.4
3312,big_ticket,repeat,10,1,0.19,1605.69
3313,everyday,new,2,1,0.11,28.89
3314,everyday,repeat,2,0,0.0,23.61
3315,everyday,new,1,0,0.0,7.94
3316,everyday,repeat,3,1,0.189,84.59
3317,big_ticket,repeat,11,1,0.122,1059.32
3318,everyday,new,3,0,0.0,77.61
3319,everyday,repeat,1,0,0.0,20.0
3320,everyday,new,2,0,0.0,45.7
3321,everyday,repeat,3,0,0.0,30.76
3322,everyday,repeat,1,0,0.0,19.52
3323,big_ticket,new,6,1,0.171,948.36
3324,big_ticket,new,6,1,0.129,847.72
3325,everyday,repeat,3,1,0.107,14.18
3326,big_ticket,new,3,0,0.0,422.49
3327,everyday,new,2,0,0.0,100.45
3328,big_ticket,new,6,0,0.0,380.4
3329,everyday,repeat,4,0,0.0,105.58
3330,everyday,new,1,1,0.191,14.76
3331,big_ticket,repeat,6,1,0.103,712.22
3332,everyday,repeat,3,0,0.0,34.72
3333,everyday,new,3,0,0.0,102.31
3334,everyday,repeat,1,1,0.195,19.19
3335,everyday,new,1,0,0.0,15.44
3336,everyday,new,2,0,0.0,14.98
3337,everyday,repeat,4,0,0.0,86.61
3338,big_ticket,new,1,1,0.144,113.62
3339,everyday,repeat,7,1,0.171,135.2
3340,everyday,repeat,7,1,0.168,65.68
3341,everyday,new,3,0,0.0,64.19
3342,big_ticket,repeat,6,0,0.0,460.12
3343,everyday,repeat,6,1,0.181,92.02
3344,everyday,new,3,1,0.199,83.64
3345,everyday,repeat,2,0,0.0,29.43
3346,everyday,repeat,3,1,0.121,45.56
3347,big_ticket,new,3,1,0.12,291.64
3348,everyday,new,4,0,0.0,54.92
3349,big_ticket,repeat,7,1,0.12,405.38
3350,everyday,new,4,1,0.174,67.06
3351,everyday,new,2,0,0.0,53.31
3352,everyday,repeat,5,0,0.0,85.72
3353,everyday,repeat,4,1,0.188,65.26
3354,everyday,repeat,4,0,0.0,72.59
3355,everyday,new,5,0,0.0,181.72
3356,everyday,new,3,0,0.0,30.16
3357,everyday,new,1,0,0.0,23.01
3358,everyday,new,3,0,0.0,75.17
3359,everyday,repeat,1,0,0.0,15.15
3360,everyday,new,1,0,0.0,30.41
3361,everyday,repeat,1,0,0.0,26.3
3362,everyday,repeat,4,0,0.0,99.95
3363,everyday,repeat,7,1,0.176,61.57
3364,everyday,repeat,4,0,0.0,50.33
3365,everyday,repeat,2,0,0.0,23.56
3366,everyday,repeat,3,0,0.0,70.85
3367,everyday,repeat,3,0,0.0,77.45
3368,everyday,repeat,4,1,0.162,58.56
3369,everyday,new,3,0,0.0,43.55
3370,everyday,new,5,0,0.0,249.68
3371,big_ticket,repeat,5,0,0.0,281.63
3372,everyday,new,2,0,0.0,41.38
3373,big_ticket,repeat,9,1,0.108,1201.97
3374,everyday,new,4,1,0.128,129.39
3375,everyday,repeat,5,1,0.126,102.15
3376,everyday,new,3,0,0.0,54.06
3377,everyday,repeat,2,1,0.164,37.18
3378,big_ticket,new,8,1,0.157,618.69
3379,everyday,new,4,1,0.176,41.47
3380,big_ticket,repeat,7,0,0.0,747.5
3381,everyday,new,5,0,0.0,178.95
3382,big_ticket,new,6,1,0.169,841.15
3383,big_ticket,repeat,4,1,0.108,347.4
3384,everyday,repeat,2,0,0.0,27.06
3385,everyday,new,2,0,0.0,12.88
3386,everyday,repeat,2,1,0.185,25.59
3387,everyday,new,1,0,0.0,7.31
3388,big_ticket,new,4,1,0.129,330.48
3389,everyday,repeat,2,0,0.0,13.16
3390,everyday,new,3,0,0.0,51.44
3391,everyday,repeat,3,1,0.19,34.25
3392,everyday,new,1,0,0.0,12.05
3393,big_ticket,repeat,4,0,0.0,252.62
3394,everyday,repeat,2,0,0.0,31.02
3395,big_ticket,new,5,1,0.105,410.76
3396,big_ticket,repeat,3,0,0.0,249.66
3397,everyday,repeat,1,0,0.0,13.5
3398,everyday,new,4,0,0.0,44.18
3399,everyday,repeat,6,1,0.164,43.32
3400,everyday,new,4,0,0.0,79.69
3401,everyday,new,7,0,0.0,133.85
3402,big_ticket,new,3,1,0.106,177.81
3403,everyday,new,4,0,0.0,80.5
3404,big_ticket,repeat,7,1,0.161,768.67
3405,big_ticket,repeat,5,0,0.0,688.8
3406,big_ticket,repeat,8,1,0.176,841.78
3407,everyday,new,3,1,0.127,86.46
3408,everyday,new,3,1,0.123,40.8
3409,everyday,new,3,0,0.0,85.88
3410,everyday,new,1,0,0.0,15.85
3411,everyday,repeat,2,0,0.0,23.64
3412,everyday,repeat,2,1,0.15,24.16
3413,everyday,repeat,5,1,0.104,72.07
3414,everyday,repeat,3,1,0.138,49.57
3415,everyday,new,4,0,0.0,116.97
3416,everyday,new,5,1,0.192,213.62
3417,everyday,new,3,0,0.0,44.38
3418,big_ticket,repeat,4,1,0.103,194.19
3419,everyday,new,2,0,0.0,24.49
3420,big_ticket,new,9,1,0.187,327.41
3421,big_ticket,repeat,7,0,0.0,1272.08
3422,everyday,new,5,1,0.159,33.87
3423,everyday,repeat,4,0,0.0,111.67
3424,everyday,new,4,0,0.0,42.0
3425,everyday,repeat,3,1,0.171,58.15
3426,everyday,new,2,1,0.118,31.27
3427,everyday,repeat,2,0,0.0,23.57
3428,big_ticket,repeat,3,0,0.0,229.29
3429,big_ticket,new,6,1,0.113,375.92
3430,big_ticket,repeat,10,1,0.101,832.3
3431,everyday,repeat,4,0,0.0,85.93
3432,everyday,repeat,3,0,0.0,76.67
3433,big_ticket,repeat,7,0,0.0,1106.11
3434,everyday,repeat,1,0,0.0,18.04
3435,everyday,new,3,1,0.14,80.68
3436,everyday,new,1,0,0.0,14.82
3437,everyday,new,2,0,0.0,29.11
3438,everyday,repeat,3,0,0.0,73.19
3439,everyday,repeat,1,0,0.0,15.28
3440,everyday,repeat,5,1,0.144,56.48
3441,everyday,new,4,0,0.0,65.73
3442,everyday,repeat,5,1,0.152,51.39
3443,everyday,repeat,2,0,0.0,31.83
3444,everyday,new,3,0,0.0,80.12
3445,big_ticket,repeat,3,0,0.0,191.24
3446,everyday,new,3,1,0.169,48.78
3447,everyday,repeat,2,0,0.0,44.36
3448,big_ticket,repeat,7,1,0.156,703.17
3449,everyday,repeat,3,1,0.113,100.09
3450,big_ticket,new,5,1,0.184,422.13
3451,everyday,new,6,1,0.109,121.26
3452,everyday,repeat,3,0,0.0,98.71
3453,everyday,repeat,3,0,0.0,63.95
3454,everyday,new,3,1,0.152,49.47
3455,big_ticket,new,8,1,0.168,756.95
3456,big_ticket,repeat,5,0,0.0,636.1
3457,big_ticket,repeat,7,1,0.157,508.59
3458,big_ticket,new,6,1,0.158,500.3
3459,everyday,new,1,0,0.0,31.81
3460,big_ticket,repeat,5,0,0.0,400.39
3461,everyday,repeat,4,0,0.0,66.2
3462,big_ticket,repeat,2,0,0.0,308.09
3463,everyday,repeat,4,1,0.191,98.11
3464,everyday,new,6,0,0.0,104.26
3465,big_ticket,repeat,6,1,0.152,530.85
3466,big_ticket,new,5,1,0.121,703.61
3467,everyday,repeat,1,1,0.177,26.75
3468,everyday,new,5,0,0.0,57.53
3469,everyday,new,3,0,0.0,60.93
3470,big_ticket,new,4,0,0.0,590.46
3471,everyday,new,5,1,0.194,101.82
3472,everyday,new,2,0,0.0,48.79
3473,everyday,repeat,1,0,0.0,26.12
3474,everyday,repeat,3,1,0.127,28.33
3475,everyday,repeat,3,0,0.0,73.67
3476,everyday,repeat,3,0,0.0,54.22
3477,big_ticket,new,5,1,0.179,530.51
3478,big_ticket,repeat,7,1,0.11,530.72
3479,big_ticket,new,2,0,0.0,160.86
3480,everyday,new,2,0,0.0,34.59
3481,everyday,new,3,0,0.0,20.48
3482,big_ticket,new,3,0,0.0,138.3
3483,big_ticket,repeat,4,1,0.119,270.14
3484,everyday,new,4,0,0.0,78.26
3485,everyday,new,5,0,0.0,80.12
3486,big_ticket,repeat,10,1,0.101,1635.07
3487,everyday,new,3,0,0.0,44.7
3488,big_ticket,repeat,6,1,0.1,675.16
3489,everyday,new,5,0,0.0,78.33
3490,everyday,repeat,4,0,0.0,52.67
3491,everyday,repeat,2,1,0.122,36.86
3492,everyday,new,3,0,0.0,39.41
3493,big_ticket,repeat,3,1,0.163,413.49
3494,everyday,new,4,0,0.0,65.35
3495,everyday,new,1,0,0.0,19.63
3496,big_ticket,repeat,5,0,0.0,770.16
3497,big_ticket,repeat,8,0,0.0,1132.93
3498,big_ticket,new,2,0,0.0,170.92
3499,everyday,new,5,0,0.0,64.69
3500,big_ticket,new,5,1,0.139,790.02
3501,everyday,repeat,5,0,0.0,61.23
3502,everyday,repeat,4,0,0.0,11.35
3503,everyday,new,3,0,0.0,75.04
3504,everyday,repeat,3,0,0.0,23.49
3505,big_ticket,new,6,1,0.172,347.16
3506,everyday,repeat,1,1,0.195,12.05
3507,everyday,repeat,2,1,0.125,29.01
3508,big_ticket,repeat,6,0,0.0,712.57
3509,everyday,new,3,1,0.146,42.61
3510,everyday,new,3,0,0.0,30.34
3511,big_ticket,new,13,1,0.157,774.1
3512,big_ticket,repeat,11,1,0.176,920.2
3513,big_ticket,repeat,6,1,0.174,1120.61
3514,big_ticket,new,5,1,0.141,314.15
3515,big_ticket,new,7,1,0.144,939.84
3516,big_ticket,new,8,1,0.167,1021.27
3517,everyday,repeat,3,1,0.136,67.19
3518,everyday,repeat,2,0,0.0,28.65
3519,everyday,new,2,0,0.0,37.15
3520,big_ticket,repeat,6,0,0.0,590.26
3521,everyday,new,2,0,0.0,23.64
3522,big_ticket,repeat,10,1,0.116,1213.4
3523,everyday,new,3,0,0.0,42.7
3524,everyday,new,3,1,0.113,49.43
3525,everyday,repeat,2,1,0.139,16.46
3526,everyday,repeat,3,0,0.0,74.71
3527,everyday,new,4,0,0.0,58.4
3528,everyday,repeat,2,0,0.0,40.29
3529,big_ticket,repeat,9,1,0.175,833.61
3530,everyday,new,2,0,0.0,30.86
3531,everyday,repeat,4,1,0.112,49.38
3532,everyday,repeat,1,0,0.0,11.4
3533,everyday,new,3,1,0.121,21.11
3534,everyday,repeat,4,0,0.0,135.21
3535,big_ticket,repeat,4,0,0.0,481.51
3536,big_ticket,new,12,1,0.183,789.86
3537,everyday,repeat,3,0,0.0,64.64
3538,everyday,new,3,0,0.0,27.28
3539,everyday,repeat,4,0,0.0,87.77
3540,everyday,repeat,2,0,0.0,40.3
3541,big_ticket,new,7,1,0.197,1608.93
3542,everyday,repeat,3,0,0.0,22.06
3543,big_ticket,new,6,1,0.199,888.69
3544,everyday,repeat,2,0,0.0,34.14
3545,everyday,repeat,3,1,0.109,22.45
3546,everyday,new,2,1,0.161,23.14
3547,everyday,repeat,3,0,0.0,93.42
3548,big_ticket,new,5,0,0.0,554.75
3549,everyday,repeat,4,1,0.132,245.81
3550,big_ticket,repeat,4,0,0.0,166.05
3551,big_ticket,repeat,4,1,0.142,324.81
3552,everyday,new,5,0,0.0,51.73
3553,everyday,repeat,3,0,0.0,27.46
3554,everyday,repeat,3,0,0.0,52.49
3555,everyday,repeat,2,0,0.0,25.5
3556,big_ticket,repeat,7,1,0.165,559.09
3557,everyday,repeat,1,0,0.0,17.82
3558,big_ticket,new,7,1,0.115,680.96
3559,everyday,new,2,1,0.129,50.47
3560,everyday,repeat,3,0,0.0,56.0
3561,big_ticket,new,3,1,0.143,164.81
3562,everyday,repeat,6,1,0.113,110.71
3563,big_ticket,repeat,6,1,0.13,510.84
3564,everyday,repeat,2,0,0.0,39.57
3565,big_ticket,repeat,5,1,0.118,300.02
3566,big_ticket,repeat,2,0,0.0,211.13
3567,big_ticket,repeat,5,1,0.164,229.92
3568,everyday,repeat,4,0,0.0,55.9
3569,big_ticket,new,5,1,0.161,640.7
3570,everyday,new,2,0,0.0,31.8
3571,big_ticket,new,11,1,0.197,817.57
3572,everyday,repeat,6,0,0.0,211.1
3573,everyday,new,6,1,0.184,82.89
3574,everyday,repeat,3,0,0.0,66.55
3575,everyday,repeat,5,0,0.0,64.66
3576,everyday,new,4,1,0.154,80.31
3577,big_ticket,repeat,3,0,0.0,224.88
3578,everyday,new,2,0,0.0,16.94
3579,big_ticket,repeat,13,1,0.195,1114.58
3580,everyday,repeat,3,1,0.168,59.94
3581,big_ticket,new,6,1,0.176,633.21
3582,big_ticket,new,4,1,0.154,438.98
3583,everyday,repeat,5,1,0.161,96.98
3584,big_ticket,new,6,1,0.191,222.74
3585,big_ticket,repeat,8,1,0.186,706.79
3586,big_ticket,repeat,7,1,0.117,697.95
3587,everyday,new,4,0,0.0,34.6
3588,everyday,new,5,1,0.169,68.28
3589,big_ticket,new,6,1,0.103,689.47
3590,everyday,repeat,3,1,0.16,38.51
3591,big_ticket,repeat,6,1,0.183,388.62
3592,everyday,new,5,0,0.0,152.36
3593,big_ticket,repeat,8,1,0.13,1002.31
3594,everyday,repeat,1,0,0.0,15.24
3595,everyday,repeat,6,1,0.162,55.81
3596,big_ticket,new,7,1,0.196,1073.13
3597,big_ticket,new,6,1,0.192,640.75
3598,big_ticket,new,6,1,0.103,503.2
3599,big_ticket,repeat,4,0,0.0,661.29
3600,everyday,repeat,5,0,0.0,120.41
3601,everyday,new,3,0,0.0,139.71
3602,everyday,new,4,0,0.0,66.05
3603,everyday,repeat,3,0,0.0,35.66
3604,everyday,new,6,1,0.166,97.16
3605,big_ticket,repeat,4,0,0.0,386.9
3606,everyday,new,3,0,0.0,34.84
3607,everyday,new,3,1,0.134,50.02
3608,everyday,repeat,3,1,0.136,63.61
3609,everyday,new,1,1,0.112,10.92
3610,everyday,repeat,2,1,0.184,17.18
3611,everyday,new,2,0,0.0,46.86
3612,everyday,new,2,1,0.179,21.37
3613,everyday,repeat,2,0,0.0,35.34
3614,big_ticket,new,3,1,0.131,565.69
3615,everyday,repeat,1,1,0.123,24.84
3616,everyday,repeat,1,0,0.0,22.06
3617,everyday,repeat,5,1,0.153,142.76
3618,everyday,new,5,0,0.0,92.4
3619,everyday,new,3,1,0.12,28.58
3620,big_ticket,new,3,1,0.127,345.96
3621,everyday,repeat,2,1,0.171,41.37
3622,everyday,new,2,0,0.0,41.62
3623,everyday,new,3,0,0.0,53.74
3624,big_ticket,repeat,8,1,0.159,651.18
3625,everyday,new,4,0,0.0,42.45
3626,everyday,repeat,3,0,0.0,111.75
3627,big_ticket,repeat,8,1,0.183,1178.74
3628,everyday,repeat,3,0,0.0,46.43
3629,everyday,repeat,2,1,0.149,37.95
3630,everyday,new,1,0,0.0,13.78
3631,everyday,repeat,1,0,0.0,45.15
3632,big_ticket,repeat,4,1,0.1,402.01
3633,everyday,new,4,1,0.165,46.11
3634,everyday,repeat,3,0,0.0,57.87
3635,everyday,repeat,3,1,0.123,60.67
3636,everyday,repeat,3,1,0.125,52.32
3637,big_ticket,repeat,3,1,0.189,317.73
3638,everyday,new,2,1,0.161,24.11
3639,big_ticket,new,10,1,0.172,1223.23
3640,everyday,new,4,0,0.0,38.86
3641,everyday,new,2,0,0.0,40.09
3642,everyday,new,3,0,0.0,21.03
3643,big_ticket,new,8,1,0.107,980.61
3644,everyday,new,5,1,0.107,128.64
3645,everyday,repeat,2,1,0.163,24.69
3646,big_ticket,new,2,0,0.0,99.19
3647,everyday,repeat,4,0,0.0,52.1
3648,everyday,repeat,1,0,0.0,13.06
3649,everyday,repeat,2,0,0.0,63.49
3650,big_ticket,new,6,1,0.127,1566.39
3651,everyday,repeat,1,0,0.0,14.9
3652,everyday,repeat,2,0,0.0,31.39
3653,everyday,repeat,3,1,0.111,82.32
3654,everyday,new,2,0,0.0,36.37
3655,everyday,new,3,0,0.0,41.73
3656,everyday,repeat,1,0,0.0,14.99
3657,everyday,new,3,0,0.0,132.24
3658,everyday,repeat,7,0,0.0,98.47
3659,big_ticket,repeat,8,1,0.152,1300.76
3660,everyday,repeat,5,1,0.12,81.35
3661,everyday,repeat,5,0,0.0,84.74
3662,big_ticket,repeat,4,0,0.0,374.78
3663,big_ticket,repeat,4,1,0.159,698.85
3664,everyday,repeat,4,1,0.133,55.34
3665,everyday,new,2,0,0.0,42.3
3666,everyday,repeat,4,1,0.116,151.27
3667,everyday,repeat,4,0,0.0,55.79
3668,everyday,repeat,5,0,0.0,100.78
3669,everyday,new,2,0,0.0,17.88
3670,everyday,new,2,0,0.0,22.42
3671,everyday,repeat,4,1,0.194,71.71
3672,everyday,new,2,0,0.0,27.14
3673,everyday,repeat,3,0,0.0,72.5
3674,everyday,repeat,3,0,0.0,38.48
3675,big_ticket,new,4,0,0.0,487.13
3676,big_ticket,new,9,1,0.184,1353.41
3677,everyday,repeat,2,0,0.0,57.87
3678,everyday,new,2,0,0.0,30.09
3679,everyday,repeat,3,0,0.0,36.06
3680,everyday,repeat,2,1,0.181,21.7
3681,big_ticket,repeat,4,0,0.0,323.53
3682,everyday,new,5,0,0.0,117.08
3683,everyday,new,4,1,0.192,64.33
3684,everyday,repeat,2,0,0.0,144.34
3685,everyday,new,3,1,0.186,38.23
3686,everyday,new,1,0,0.0,7.63
3687,everyday,repeat,3,0,0.0,44.67
3688,big_ticket,new,8,1,0.162,774.13
3689,everyday,new,3,0,0.0,59.18
3690,everyday,repeat,2,0,0.0,31.77
3691,everyday,new,3,1,0.13,38.41
3692,everyday,new,6,1,0.199,85.12
3693,everyday,new,1,0,0.0,30.05
3694,everyday,repeat,5,0,0.0,54.29
3695,big_ticket,repeat,5,1,0.199,388.46
3696,everyday,repeat,5,0,0.0,88.68
3697,everyday,repeat,1,0,0.0,16.56
3698,everyday,new,1,0,0.0,14.11
3699,everyday,repeat,1,0,0.0,7.98
3700,everyday,new,1,0,0.0,18.35
3701,big_ticket,repeat,5,1,0.106,601.89
3702,everyday,repeat,4,1,0.189,123.17
3703,everyday,new,4,1,0.12,61.08
3704,everyday,repeat,4,0,0.0,64.14
3705,everyday,repeat,2,0,0.0,35.61
3706,everyday,new,4,1,0.139,84.27
3707,everyday,repeat,5,1,0.188,33.79
3708,everyday,repeat,3,1,0.194,58.27
3709,everyday,new,1,0,0.0,7.05
3710,big_ticket,new,9,1,0.189,749.47
3711,big_ticket,repeat,4,0,0.0,557.4
3712,big_ticket,new,3,1,0.171,442.22
3713,big_ticket,new,13,1,0.126,1393.39
3714,big_ticket,repeat,7,1,0.19,501.22
3715,big_ticket,repeat,9,1,0.105,1843.15
3716,big_ticket,new,5,1,0.164,315.72
3717,big_ticket,new,9,1,0.133,752.91
3718,big_ticket,repeat,5,1,0.134,379.05
3719,big_ticket,repeat,10,1,0.171,1536.13
3720,everyday,repeat,3,0,0.0,76.68
3721,everyday,repeat,1,1,0.138,25.52
3722,everyday,new,3,0,0.0,50.56
3723,big_ticket,repeat,4,1,0.197,276.97
3724,everyday,repeat,5,1,0.16,123.06
3725,big_ticket,repeat,10,1,0.115,811.57
3726,big_ticket,new,1,0,0.0,173.05
3727,big_ticket,new,6,1,0.142,845.69
3728,everyday,repeat,2,0,0.0,19.9
3729,big_ticket,repeat,4,0,0.0,490.94
3730,big_ticket,repeat,3,0,0.0,291.05
3731,big_ticket,new,6,0,0.0,358.4
3732,big_ticket,repeat,5,0,0.0,357.35
3733,everyday,new,3,1,0.102,57.38
3734,everyday,repeat,3,0,0.0,47.1
3735,everyday,repeat,3,0,0.0,32.5
3736,big_ticket,repeat,7,1,0.167,727.67
3737,everyday,new,2,0,0.0,33.99
3738,big_ticket,repeat,8,0,0.0,807.45
3739,big_ticket,new,8,1,0.178,734.38
3740,everyday,repeat,4,1,0.143,60.09
3741,everyday,repeat,3,0,0.0,99.04
3742,everyday,repeat,2,0,0.0,71.85
3743,big_ticket,repeat,4,1,0.175,517.06
3744,everyday,repeat,3,0,0.0,27.26
3745,everyday,new,2,0,0.0,15.93
3746,big_ticket,new,2,0,0.0,201.09
3747,everyday,repeat,3,0,0.0,42.86
3748,big_ticket,repeat,6,1,0.177,502.41
3749,everyday,repeat,5,1,0.123,112.27
3750,everyday,new,4,0,0.0,65.4
3751,everyday,new,2,0,0.0,23.84
3752,everyday,repeat,4,0,0.0,37.99
3753,everyday,repeat,4,0,0.0,58.46
3754,big_ticket,repeat,3,0,0.0,246.38
3755,everyday,repeat,2,0,0.0,14.13
3756,everyday,new,3,0,0.0,38.65
3757,everyday,new,2,0,0.0,12.51
3758,everyday,new,3,1,0.158,78.99
3759,big_ticket,repeat,2,1,0.125,145.84
3760,everyday,new,2,0,0.0,14.73
3761,big_ticket,new,7,1,0.188,530.56
3762,everyday,repeat,5,1,0.109,60.14
3763,everyday,new,4,1,0.153,26.78
3764,everyday,repeat,2,0,0.0,42.84
3765,everyday,new,2,1,0.161,35.14
3766,big_ticket,new,7,1,0.116,623.23
3767,everyday,new,2,1,0.158,18.0
3768,everyday,repeat,2,0,0.0,20.03
3769,everyday,repeat,9,1,0.14,102.98
3770,everyday,repeat,2,1,0.122,54.2
3771,big_ticket,repeat,8,1,0.162,584.04
3772,big_ticket,new,8,1,0.196,404.64
3773,everyday,repeat,3,1,0.2,56.12
3774,big_ticket,new,8,1,0.112,1450.88
3775,big_ticket,repeat,9,1,0.101,1036.07
3776,everyday,repeat,3,1,0.159,56.64
3777,big_ticket,new,1,0,0.0,110.55
3778,everyday,repeat,3,0,0.0,26.18
3779,big_ticket,repeat,9,1,0.185,1477.02
3780,big_ticket,new,6,1,0.134,190.17
3781,everyday,new,7,1,0.197,146.86
3782,big_ticket,repeat,2,0,0.0,155.37
3783,big_ticket,repeat,7,1,0.114,758.51
3784,everyday,new,4,0,0.0,64.42
3785,everyday,repeat,3,0,0.0,63.65
3786,big_ticket,new,3,0,0.0,341.1
3787,big_ticket,repeat,6,1,0.18,280.14
3788,everyday,new,4,0,0.0,46.28
3789,everyday,repeat,3,0,0.0,56.73
3790,everyday,repeat,1,0,0.0,14.37
3791,everyday,repeat,4,0,0.0,56.2
3792,everyday,repeat,4,0,0.0,142.39
3793,everyday,repeat,7,1,0.189,72.55
3794,everyday,new,3,0,0.0,61.28
3795,everyday,new,4,0,0.0,51.75
3796,everyday,repeat,4,1,0.124,101.6
3797,everyday,new,2,0,0.0,16.59
3798,big_ticket,repeat,8,1,0.105,516.04
3799,everyday,new,2,0,0.0,20.24
3800,everyday,repeat,6,1,0.109,213.57
3801,everyday,repeat,1,0,0.0,30.58
3802,everyday,repeat,3,0,0.0,33.79
3803,everyday,new,2,0,0.0,18.05
3804,everyday,repeat,1,0,0.0,12.85
3805,everyday,repeat,4,0,0.0,96.18
3806,everyday,repeat,4,1,0.132,75.15
3807,everyday,repeat,2,0,0.0,26.6
3808,everyday,new,2,1,0.146,57.64
3809,big_ticket,new,5,1,0.192,722.58
3810,big_ticket,new,8,1,0.166,493.55
3811,everyday,repeat,1,0,0.0,5.76
3812,everyday,repeat,3,0,0.0,136.78
3813,everyday,new,3,0,0.0,42.35
3814,everyday,repeat,4,1,0.12,20.07
3815,everyday,new,5,1,0.168,95.94
3816,everyday,repeat,3,1,0.156,21.46
3817,everyday,repeat,3,0,0.0,93.13
3818,everyday,new,3,1,0.127,91.26
3819,everyday,new,5,0,0.0,72.9
3820,big_ticket,repeat,9,1,0.16,613.29
3821,big_ticket,repeat,5,1,0.198,726.62
3822,everyday,new,2,0,0.0,60.12
3823,everyday,repeat,3,0,0.0,46.77
3824,everyday,repeat,3,1,0.166,41.17
3825,big_ticket,new,3,0,0.0,404.91
3826,everyday,repeat,1,0,0.0,13.8
3827,everyday,new,2,0,0.0,30.35
3828,everyday,repeat,4,0,0.0,51.29
3829,big_ticket,repeat,9,1,0.138,1159.06
3830,everyday,new,2,0,0.0,75.07
3831,everyday,repeat,3,0,0.0,43.66
3832,everyday,new,4,1,0.187,50.91
3833,everyday,repeat,2,1,0.167,36.61
3834,everyday,repeat,2,0,0.0,37.05
3835,everyday,new,4,1,0.175,64.33
3836,everyday,repeat,5,0,0.0,46.5
3837,everyday,new,4,1,0.172,66.12
3838,everyday,repeat,1,0,0.0,17.68
3839,big_ticket,repeat,2,0,0.0,191.49
3840,everyday,repeat,4,0,0.0,75.07
3841,everyday,repeat,2,0,0.0,36.09
3842,everyday,repeat,3,0,0.0,28.85
3843,everyday,new,1,0,0.0,58.58
3844,everyday,new,1,0,0.0,20.63
3845,big_ticket,repeat,7,1,0.115,644.01
3846,everyday,new,3,0,0.0,66.95
3847,big_ticket,new,3,1,0.163,125.93
3848,big_ticket,new,5,1,0.153,622.17
3849,everyday,repeat,4,0,0.0,58.94
3850,everyday,repeat,3,1,0.199,30.86
3851,everyday,new,2,0,0.0,15.36
3852,everyday,new,8,1,0.138,377.12
3853,everyday,repeat,2,0,0.0,49.36
3854,everyday,new,5,0,0.0,86.4
3855,everyday,repeat,4,0,0.0,67.96
3856,everyday,repeat,3,1,0.14,67.51
3857,big_ticket,repeat,5,0,0.0,1221.61
3858,everyday,new,3,1,0.16,36.48
3859,big_ticket,repeat,4,0,0.0,611.68
3860,everyday,repeat,1,1,0.144,10.45
3861,everyday,new,4,1,0.149,119.46
3862,everyday,repeat,5,1,0.146,83.58
3863,everyday,new,4,0,0.0,74.16
3864,everyday,repeat,1,0,0.0,13.69
3865,big_ticket,repeat,8,1,0.133,543.8
3866,everyday,new,4,0,0.0,45.13
3867,everyday,repeat,8,0,0.0,151.67
3868,everyday,new,2,0,0.0,21.09
3869,everyday,new,4,0,0.0,42.46
3870,everyday,repeat,4,0,0.0,93.43
3871,everyday,new,4,0,0.0,79.81
3872,everyday,repeat,4,0,0.0,33.99
3873,everyday,new,3,1,0.173,89.04
3874,everyday,repeat,5,0,0.0,153.56
3875,big_ticket,repeat,3,1,0.142,286.85
3876,everyday,repeat,5,1,0.104,34.96
3877,everyday,repeat,3,0,0.0,24.22
3878,big_ticket,repeat,6,0,0.0,314.51
3879,everyday,repeat,2,0,0.0,59.17
3880,everyday,repeat,7,1,0.171,124.38
3881,big_ticket,new,6,0,0.0,887.84
3882,big_ticket,new,8,1,0.137,624.96
3883,big_ticket,new,3,1,0.161,138.75
3884,everyday,repeat,3,1,0.185,74.08
3885,big_ticket,repeat,8,1,0.136,793.42
3886,everyday,repeat,7,1,0.122,44.24
3887,big_ticket,repeat,5,1,0.2,737.84
3888,big_ticket,new,8,1,0.174,565.4
3889,big_ticket,repeat,5,1,0.136,741.09
3890,everyday,new,1,0,0.0,20.3
3891,everyday,new,1,0,0.0,41.54
3892,everyday,repeat,3,0,0.0,48.64
3893,everyday,new,2,0,0.0,31.22
3894,everyday,repeat,4,1,0.102,40.73
3895,big_ticket,repeat,9,0,0.0,1198.84
3896,everyday,repeat,2,1,0.185,68.4
3897,everyday,new,6,0,0.0,71.89
3898,everyday,new,5,0,0.0,77.24
3899,everyday,new,2,0,0.0,39.07
3900,everyday,repeat,2,0,0.0,21.9
3901,everyday,new,3,0,0.0,20.24
3902,big_ticket,new,6,1,0.102,789.95
3903,big_ticket,repeat,5,0,0.0,357.56
3904,everyday,repeat,3,1,0.107,31.18
3905,everyday,repeat,5,1,0.105,82.18
3906,everyday,new,4,1,0.163,186.02
3907,big_ticket,repeat,1,1,0.189,57.77
3908,big_ticket,new,8,1,0.104,494.92
3909,everyday,new,2,0,0.0,25.09
3910,big_ticket,new,6,1,0.175,590.63
3911,everyday,repeat,1,0,0.0,7.23
3912,everyday,repeat,6,1,0.118,94.56
3913,big_ticket,new,8,1,0.198,1173.26
3914,everyday,repeat,1,0,0.0,23.88
3915,everyday,repeat,3,0,0.0,16.56
3916,everyday,new,2,0,0.0,115.14
3917,everyday,repeat,2,0,0.0,26.31
3918,everyday,new,2,1,0.147,74.3
3919,everyday,new,3,1,0.129,71.52
3920,everyday,repeat,4,1,0.122,77.98
3921,everyday,new,3,1,0.188,56.04
3922,big_ticket,repeat,5,1,0.14,410.23
3923,everyday,new,1,0,0.0,12.89
3924,big_ticket,repeat,7,1,0.132,615.02
3925,everyday,repeat,5,1,0.103,75.0
3926,everyday,repeat,1,1,0.141,21.82
3927,everyday,repeat,2,0,0.0,40.37
3928,big_ticket,repeat,3,0,0.0,177.27
3929,everyday,new,2,0,0.0,25.55
3930,big_ticket,new,8,1,0.198,692.57
3931,everyday,repeat,4,1,0.177,81.98
3932,everyday,repeat,4,0,0.0,51.36
3933,everyday,new,1,0,0.0,9.93
3934,everyday,repeat,2,1,0.153,37.71
3935,everyday,new,1,0,0.0,19.62
3936,everyday,new,3,0,0.0,52.28
3937,everyday,repeat,1,0,0.0,15.69
3938,everyday,repeat,3,0,0.0,73.37
3939,everyday,repeat,5,0,0.0,50.55
3940,everyday,new,1,0,0.0,10.82
3941,everyday,new,5,1,0.186,62.35
3942,everyday,repeat,4,1,0.168,62.67
3943,everyday,new,3,1,0.114,36.27
3944,everyday,repeat,1,0,0.0,12.1
3945,everyday,new,2,1,0.114,52.27
3946,big_ticket,new,2,1,0.168,358.67
3947,everyday,new,4,0,0.0,98.23
3948,everyday,new,2,0,0.0,32.97
3949,big_ticket,new,5,1,0.128,577.12
3950,everyday,repeat,5,0,0.0,143.03
3951,everyday,repeat,6,1,0.173,81.43
3952,big_ticket,new,8,0,0.0,485.4
3953,big_ticket,repeat,4,1,0.136,434.11
3954,big_ticket,new,2,0,0.0,280.29
3955,everyday,new,3,1,0.106,43.9
3956,everyday,repeat,2,0,0.0,22.23
3957,big_ticket,repeat,8,1,0.102,793.37
3958,big_ticket,repeat,5,1,0.189,658.51
3959,everyday,new,4,0,0.0,57.24
3960,everyday,new,5,0,0.0,68.65
3961,everyday,repeat,4,0,0.0,49.45
3962,everyday,repeat,7,0,0.0,131.18
3963,everyday,repeat,2,0,0.0,58.09
3964,everyday,repeat,3,1,0.171,73.38
3965,everyday,new,4,1,0.11,25.09
3966,everyday,repeat,2,0,0.0,33.49
3967,everyday,repeat,2,0,0.0,99.51
3968,everyday,new,7,1,0.15,121.49
3969,everyday,new,3,0,0.0,41.73
3970,everyday,repeat,2,0,0.0,62.21
3971,big_ticket,new,4,0,0.0,410.95
3972,everyday,repeat,4,0,0.0,117.9
3973,everyday,repeat,3,1,0.148,45.74
3974,everyday,repeat,1,0,0.0,20.21
3975,everyday,repeat,3,0,0.0,35.84
3976,everyday,repeat,2,0,0.0,54.07
3977,everyday,repeat,4,1,0.185,64.7
3978,everyday,repeat,5,0,0.0,87.62
3979,everyday,new,4,0,0.0,104.82
3980,everyday,repeat,4,0,0.0,82.69
3981,everyday,new,5,0,0.0,75.41
3982,everyday,new,3,0,0.0,24.61
3983,everyday,repeat,3,0,0.0,46.64
3984,everyday,new,3,0,0.0,41.22
3985,everyday,new,4,1,0.136,66.94
3986,everyday,new,3,0,0.0,44.37
3987,everyday,repeat,2,0,0.0,61.48
3988,everyday,repeat,4,1,0.161,86.76
3989,big_ticket,new,11,1,0.194,2035.41
3990,big_ticket,repeat,4,0,0.0,335.12
3991,big_ticket,new,5,1,0.108,890.31
3992,everyday,repeat,2,1,0.182,24.15
3993,everyday,new,7,1,0.187,103.65
3994,everyday,repeat,3,1,0.166,35.49
3995,everyday,repeat,5,1,0.181,99.7
3996,everyday,repeat,4,0,0.0,186.46
3997,everyday,repeat,2,0,0.0,59.4
3998,everyday,new,2,0,0.0,28.05
3999,everyday,repeat,3,1,0.192,68.62
4000,everyday,new,3,0,0.0,91.38
4001,big_ticket,repeat,12,1,0.183,1868.73
4002,everyday,new,4,0,0.0,39.93
4003,big_ticket,new,6,1,0.115,511.31
4004,everyday,new,5,0,0.0,39.37
4005,everyday,new,4,0,0.0,68.18
4006,everyday,repeat,2,0,0.0,47.28
4007,everyday,repeat,2,0,0.0,38.63
4008,everyday,new,4,1,0.197,63.38
4009,everyday,repeat,5,1,0.172,165.2
4010,everyday,repeat,2,0,0.0,49.93
4011,everyday,new,3,0,0.0,148.64
4012,everyday,new,5,1,0.122,47.44
4013,big_ticket,repeat,10,1,0.183,1156.78
4014,everyday,new,4,0,0.0,63.66
4015,everyday,repeat,3,0,0.0,94.57
4016,everyday,new,1,0,0.0,23.84
4017,everyday,new,6,0,0.0,80.56
4018,everyday,repeat,2,0,0.0,20.16
4019,everyday,repeat,3,0,0.0,28.62
4020,big_ticket,repeat,6,1,0.196,396.54
4021,everyday,new,3,0,0.0,48.75
4022,everyday,repeat,4,0,0.0,72.67
4023,everyday,repeat,2,0,0.0,20.01
4024,big_ticket,repeat,4,1,0.127,573.98
4025,big_ticket,repeat,8,1,0.196,1505.59
4026,big_ticket,repeat,7,1,0.107,820.6
4027,everyday,repeat,5,1,0.177,70.32
4028,everyday,repeat,2,0,0.0,23.01
4029,everyday,repeat,3,1,0.158,90.69
4030,big_ticket,repeat,4,1,0.162,349.92
4031,everyday,repeat,4,1,0.156,85.13
4032,everyday,repeat,2,0,0.0,13.4
4033,everyday,new,4,0,0.0,38.78
4034,everyday,new,1,1,0.134,10.0
4035,everyday,new,1,0,0.0,42.11
4036,everyday,repeat,1,0,0.0,27.93
4037,everyday,new,3,0,0.0,97.33
4038,big_ticket,new,5,1,0.178,674.29
4039,everyday,repeat,3,0,0.0,22.91
4040,big_ticket,new,8,1,0.167,788.18
4041,everyday,repeat,3,0,0.0,15.88
4042,big_ticket,repeat,6,0,0.0,395.56
4043,everyday,new,3,1,0.185,67.4
4044,big_ticket,new,4,0,0.0,308.96
4045,everyday,repeat,1,0,0.0,34.98
4046,everyday,repeat,4,0,0.0,57.05
4047,everyday,repeat,4,0,0.0,77.44
4048,everyday,new,2,0,0.0,42.93
4049,everyday,repeat,4,0,0.0,72.33
4050,big_ticket,repeat,4,1,0.15,430.79
4051,big_ticket,repeat,6,1,0.178,227.53
4052,everyday,new,4,0,0.0,79.58
4053,everyday,repeat,5,0,0.0,112.53
4054,everyday,repeat,3,1,0.111,81.25
4055,big_ticket,new,5,1,0.131,901.17
4056,big_ticket,repeat,9,1,0.158,963.99
4057,everyday,repeat,2,1,0.133,21.37
4058,big_ticket,repeat,6,1,0.136,432.38
4059,everyday,repeat,3,0,0.0,32.31
4060,big_ticket,new,14,1,0.144,1275.23
4061,big_ticket,repeat,4,0,0.0,414.24
4062,big_ticket,new,6,1,0.172,423.86
4063,everyday,repeat,1,0,0.0,8.32
4064,everyday,new,3,0,0.0,22.8
4065,everyday,new,2,0,0.0,20.77
4066,big_ticket,repeat,6,1,0.101,714.1
4067,everyday,new,6,0,0.0,283.63
4068,everyday,repeat,2,1,0.174,39.97
4069,big_ticket,new,7,0,0.0,481.46
4070,everyday,new,2,0,0.0,19.99
4071,everyday,new,6,0,0.0,215.79
4072,everyday,new,2,0,0.0,62.83
4073,everyday,repeat,2,0,0.0,16.96
4074,everyday,new,5,1,0.154,122.35
4075,everyday,repeat,4,1,0.165,56.76
4076,everyday,repeat,2,0,0.0,29.7
4077,everyday,new,4,0,0.0,33.41
4078,everyday,new,3,0,0.0,40.51
4079,everyday,new,5,1,0.172,49.48
4080,everyday,new,1,0,0.0,30.96
4081,everyday,new,1,0,0.0,10.13
4082,everyday,repeat,1,0,0.0,29.35
4083,big_ticket,repeat,7,1,0.165,397.81
4084,everyday,repeat,3,0,0.0,18.87
4085,everyday,repeat,4,0,0.0,47.26
4086,big_ticket,repeat,6,1,0.132,659.55
4087,everyday,new,2,0,0.0,40.83
4088,everyday,new,3,0,0.0,26.73
4089,everyday,repeat,2,1,0.115,25.74
4090,everyday,new,5,1,0.114,94.5
4091,everyday,new,2,0,0.0,17.44
4092,big_ticket,repeat,4,1,0.145,517.99
4093,big_ticket,new,4,0,0.0,824.3
4094,everyday,new,3,1,0.107,50.22
4095,everyday,repeat,3,0,0.0,22.4
4096,everyday,new,4,0,0.0,48.9
4097,everyday,new,4,0,0.0,55.2
4098,everyday,new,4,0,0.0,34.24
4099,everyday,new,4,0,0.0,97.34
4100,big_ticket,repeat,2,0,0.0,132.92
4101,everyday,repeat,4,1,0.184,41.29
4102,everyday,repeat,3,0,0.0,39.74
4103,everyday,new,2,0,0.0,32.01
4104,everyday,new,2,0,0.0,85.06
4105,big_ticket,repeat,5,0,0.0,669.67
4106,everyday,new,3,1,0.119,31.69
4107,big_ticket,new,5,1,0.113,399.71
4108,big_ticket,repeat,9,1,0.182,1287.69
4109,big_ticket,repeat,3,0,0.0,483.86
4110,everyday,repeat,5,0,0.0,95.26
4111,everyday,repeat,4,1,0.173,80.04
4112,big_ticket,repeat,6,1,0.12,481.44
4113,big_ticket,repeat,4,1,0.194,905.53
4114,everyday,repeat,4,0,0.0,81.89
4115,big_ticket,new,7,0,0.0,583.38
4116,everyday,new,3,0,0.0,61.33
4117,everyday,new,4,1,0.103,34.03
4118,big_ticket,repeat,2,0,0.0,176.46
4119,everyday,repeat,3,0,0.0,67.77
4120,everyday,repeat,2,0,0.0,84.36
4121,big_ticket,new,5,1,0.118,1319.73
4122,big_ticket,repeat,5,1,0.155,435.07
4123,big_ticket,new,8,1,0.18,1340.77
4124,everyday,new,2,0,0.0,26.23
4125,big_ticket,repeat,4,0,0.0,259.82
4126,everyday,repeat,4,0,0.0,47.89
4127,everyday,repeat,4,0,0.0,43.76
4128,everyday,new,3,0,0.0,22.85
4129,big_ticket,new,5,1,0.105,993.51
4130,big_ticket,repeat,5,1,0.103,608.05
4131,big_ticket,new,4,0,0.0,342.67
4132,everyday,repeat,2,0,0.0,67.51
4133,everyday,new,2,0,0.0,35.96
4134,everyday,new,3,1,0.152,49.49
4135,everyday,new,3,0,0.0,35.28
4136,everyday,repeat,2,0,0.0,82.74
4137,everyday,repeat,4,0,0.0,107.71
4138,big_ticket,new,7,1,0.123,312.77
4139,big_ticket,new,5,1,0.161,390.75
4140,big_ticket,repeat,13,1,0.121,713.02
4141,everyday,repeat,3,0,0.0,28.56
4142,everyday,new,2,0,0.0,47.71
4143,everyday,new,4,1,0.125,59.39
4144,everyday,repeat,1,0,0.0,6.03
4145,everyday,repeat,5,0,0.0,51.12
4146,everyday,new,7,0,0.0,165.39
4147,everyday,new,4,0,0.0,88.73
4148,everyday,new,3,0,0.0,192.63
4149,everyday,new,2,0,0.0,35.38
4150,everyday,new,4,0,0.0,26.14
4151,everyday,new,6,0,0.0,59.28
4152,everyday,new,2,0,0.0,25.77
4153,everyday,new,2,0,0.0,27.75
4154,everyday,repeat,4,0,0.0,54.49
4155,everyday,repeat,3,0,0.0,56.52
4156,everyday,repeat,1,0,0.0,33.86
4157,big_ticket,new,6,0,0.0,629.28
4158,everyday,repeat,2,0,0.0,12.2
4159,everyday,repeat,3,0,0.0,57.57
4160,everyday,repeat,2,0,0.0,12.96
4161,everyday,new,2,0,0.0,22.96
4162,everyday,new,3,0,0.0,114.3
4163,big_ticket,repeat,6,0,0.0,420.13
4164,everyday,new,3,0,0.0,126.75
4165,everyday,new,2,0,0.0,41.21
4166,everyday,new,4,1,0.136,75.38
4167,everyday,repeat,3,0,0.0,24.12
4168,everyday,repeat,3,0,0.0,49.29
4169,everyday,new,8,1,0.198,99.25
4170,everyday,repeat,3,0,0.0,30.61
4171,big_ticket,repeat,4,1,0.146,528.88
4172,big_ticket,new,7,1,0.172,343.88
4173,big_ticket,new,6,0,0.0,452.71
4174,everyday,new,2,0,0.0,28.18
4175,big_ticket,repeat,5,0,0.0,437.43
4176,everyday,repeat,5,1,0.123,64.09
4177,everyday,repeat,5,1,0.135,113.1
4178,big_ticket,repeat,3,0,0.0,328.35
4179,everyday,new,3,1,0.188,73.17
4180,big_ticket,repeat,6,1,0.138,597.35
4181,big_ticket,repeat,4,1,0.137,671.7
4182,everyday,repeat,3,0,0.0,82.23
4183,everyday,repeat,5,1,0.2,197.21
4184,everyday,new,2,1,0.153,10.33
4185,big_ticket,new,8,1,0.153,883.15
4186,big_ticket,new,6,1,0.152,723.19
4187,everyday,repeat,3,0,0.0,68.05
4188,everyday,repeat,3,1,0.152,35.34
4189,everyday,repeat,1,0,0.0,15.63
4190,everyday,new,5,0,0.0,80.68
4191,everyday,new,4,0,0.0,61.33
4192,big_ticket,new,7,1,0.17,365.61
4193,everyday,repeat,4,0,0.0,65.2
4194,big_ticket,repeat,2,0,0.0,127.24
4195,everyday,repeat,3,0,0.0,43.96
4196,everyday,repeat,3,0,0.0,91.99
4197,everyday,repeat,3,1,0.116,48.25
4198,big_ticket,new,3,0,0.0,582.36
4199,everyday,new,4,0,0.0,57.15
4200,everyday,new,4,1,0.106,27.9
4201,everyday,new,2,0,0.0,18.95
4202,big_ticket,repeat,6,1,0.106,409.51
4203,everyday,new,1,0,0.0,17.48
4204,everyday,repeat,3,1,0.191,112.85
4205,big_ticket,repeat,5,1,0.198,504.64
4206,big_ticket,repeat,7,1,0.115,604.58
4207,everyday,repeat,1,0,0.0,25.01
4208,everyday,new,4,1,0.11,72.81
4209,everyday,repeat,1,1,0.19,29.66
4210,everyday,new,5,0,0.0,133.66
4211,everyday,repeat,4,1,0.101,88.04
4212,everyday,repeat,3,1,0.12,59.51
4213,everyday,new,4,1,0.113,108.12
4214,everyday,new,2,0,0.0,51.64
4215,everyday,repeat,6,1,0.176,159.99
4216,everyday,repeat,5,0,0.0,130.64
4217,everyday,repeat,5,0,0.0,79.41
4218,everyday,new,3,1,0.139,33.24
4219,big_ticket,repeat,9,1,0.15,606.83
4220,everyday,repeat,2,0,0.0,26.88
4221,everyday,new,4,0,0.0,41.39
4222,everyday,repeat,5,0,0.0,182.77
4223,everyday,repeat,2,0,0.0,32.7
4224,everyday,repeat,1,0,0.0,9.72
4225,everyday,new,3,0,0.0,96.36
4226,big_ticket,new,4,1,0.144,582.9
4227,everyday,repeat,3,1,0.139,81.94
4228,everyday,repeat,3,1,0.162,41.44
4229,everyday,new,4,1,0.124,89.44
4230,everyday,repeat,5,1,0.143,114.32
4231,big_ticket,new,9,1,0.153,1612.83
4232,everyday,repeat,2,1,0.133,24.27
4233,big_ticket,new,10,1,0.176,798.02
4234,big_ticket,new,5,0,0.0,525.36
4235,everyday,repeat,4,0,0.0,36.07
4236,everyday,new,6,1,0.135,334.42
4237,everyday,repeat,4,1,0.2,150.02
4238,big_ticket,repeat,6,1,0.184,761.45
4239,everyday,new,3,0,0.0,75.58
4240,everyday,repeat,1,0,0.0,16.3
4241,big_ticket,repeat,10,1,0.115,1698.48
4242,big_ticket,repeat,9,1,0.183,881.3
4243,everyday,repeat,3,0,0.0,32.81
4244,everyday,new,2,1,0.156,39.99
4245,big_ticket,new,4,1,0.198,769.03
4246,everyday,new,4,1,0.123,43.69
4247,big_ticket,repeat,6,1,0.179,585.98
4248,everyday,new,5,1,0.101,139.88
4249,everyday,new,4,0,0.0,74.97
4250,big_ticket,repeat,7,1,0.19,828.85
4251,everyday,new,4,0,0.0,26.81
4252,everyday,repeat,1,0,0.0,14.88
4253,everyday,repeat,3,0,0.0,24.37
4254,everyday,new,3,0,0.0,50.78
4255,big_ticket,new,4,1,0.154,201.62
4256,everyday,new,4,1,0.126,64.53
4257,everyday,repeat,3,0,0.0,48.58
4258,everyday,new,3,0,0.0,63.42
4259,big_ticket,repeat,7,1,0.135,754.21
4260,everyday,repeat,3,1,0.129,59.0
4261,big_ticket,new,7,1,0.162,1280.12
4262,big_ticket,repeat,8,1,0.161,767.48
4263,everyday,repeat,1,1,0.178,10.06
4264,big_ticket,new,8,0,0.0,1186.7
4265,everyday,repeat,3,0,0.0,49.48
4266,everyday,new,1,1,0.102,10.8
4267,everyday,repeat,2,1,0.145,41.31
4268,big_ticket,new,10,1,0.11,963.72
4269,big_ticket,repeat,8,1,0.119,899.06
4270,big_ticket,repeat,7,1,0.161,476.08
4271,big_ticket,repeat,4,0,0.0,300.29
4272,everyday,repeat,1,0,0.0,15.65
4273,big_ticket,new,8,1,0.104,1060.64
4274,big_ticket,repeat,7,1,0.129,536.69
4275,everyday,new,5,0,0.0,63.35
4276,everyday,new,3,0,0.0,48.09
4277,everyday,new,2,0,0.0,52.08
4278,big_ticket,repeat,9,1,0.121,666.1
4279,everyday,repeat,2,0,0.0,20.93
4280,big_ticket,new,3,0,0.0,188.22
4281,everyday,repeat,3,0,0.0,69.77
4282,everyday,repeat,1,0,0.0,8.59
4283,everyday,new,3,1,0.108,71.18
4284,everyday,repeat,1,1,0.129,12.77
4285,big_ticket,repeat,8,1,0.102,1657.51
4286,everyday,repeat,3,1,0.2,40.48
4287,big_ticket,repeat,4,1,0.13,346.49
4288,everyday,repeat,4,1,0.129,49.95
4289,big_ticket,new,3,1,0.156,341.46
4290,everyday,repeat,2,1,0.15,23.82
4291,everyday,new,3,0,0.0,15.66
4292,everyday,new,6,0,0.0,92.97
4293,everyday,new,2,0,0.0,11.88
4294,everyday,repeat,4,1,0.155,62.35
4295,big_ticket,new,6,0,0.0,521.49
4296,everyday,new,5,1,0.1,47.99
4297,everyday,new,4,0,0.0,86.52
4298,everyday,repeat,2,0,0.0,46.64
4299,everyday,new,3,0,0.0,33.15
4300,everyday,new,5,1,0.167,109.09
4301,everyday,new,5,0,0.0,32.99
4302,big_ticket,repeat,3,0,0.0,300.51
4303,big_ticket,new,4,1,0.155,261.8
4304,everyday,new,2,0,0.0,29.59
4305,everyday,repeat,6,1,0.11,79.92
4306,everyday,repeat,3,0,0.0,15.25
4307,everyday,repeat,1,1,0.118,16.11
4308,everyday,repeat,2,0,0.0,45.72
4309,big_ticket,repeat,3,0,0.0,271.38
4310,everyday,repeat,3,1,0.112,53.7
4311,everyday,repeat,2,0,0.0,16.06
4312,big_ticket,repeat,8,0,0.0,1029.98
4313,everyday,repeat,1,0,0.0,10.68
4314,big_ticket,repeat,9,0,0.0,1129.81
4315,everyday,new,3,1,0.117,67.32
4316,everyday,repeat,4,0,0.0,75.14
4317,big_ticket,repeat,9,1,0.112,1251.2
4318,big_ticket,repeat,7,0,0.0,639.65
4319,big_ticket,new,5,0,0.0,378.84
4320,everyday,new,4,1,0.195,172.88
4321,big_ticket,repeat,9,1,0.185,733.14
4322,everyday,repeat,4,0,0.0,66.32
4323,everyday,new,6,1,0.175,104.73
4324,everyday,repeat,3,1,0.182,49.86
4325,everyday,new,3,1,0.157,54.47
4326,everyday,repeat,1,1,0.145,42.28
4327,everyday,repeat,5,1,0.168,89.19
4328,big_ticket,repeat,2,1,0.118,158.73
4329,big_ticket,new,7,1,0.13,611.95
4330,big_ticket,new,8,0,0.0,971.56
4331,everyday,new,1,0,0.0,20.77
4332,big_ticket,repeat,7,1,0.134,674.73
4333,everyday,repeat,3,1,0.126,94.9
4334,everyday,repeat,4,0,0.0,13.54
4335,big_ticket,repeat,4,1,0.101,439.99
4336,everyday,new,2,0,0.0,92.86
4337,everyday,new,4,0,0.0,50.39
4338,everyday,repeat,1,0,0.0,13.57
4339,everyday,repeat,3,0,0.0,36.88
4340,big_ticket,new,7,1,0.199,383.42
4341,everyday,repeat,2,0,0.0,22.34
4342,everyday,repeat,3,0,0.0,37.6
4343,everyday,new,3,1,0.135,38.77
4344,everyday,new,3,0,0.0,30.23
4345,big_ticket,repeat,4,1,0.131,469.91
4346,big_ticket,new,7,1,0.188,820.84
4347,big_ticket,new,5,1,0.158,520.45
4348,big_ticket,repeat,4,0,0.0,244.3
4349,everyday,repeat,6,0,0.0,75.95
4350,big_ticket,new,6,1,0.186,934.4
4351,everyday,new,2,0,0.0,15.68
4352,everyday,repeat,5,0,0.0,118.04
4353,everyday,new,2,0,0.0,30.55
4354,everyday,repeat,2,0,0.0,60.72
4355,big_ticket,repeat,4,1,0.126,497.25
4356,everyday,new,3,1,0.13,109.8
4357,big_ticket,repeat,6,1,0.127,730.56
4358,everyday,new,2,0,0.0,20.22
4359,everyday,repeat,2,0,0.0,83.37
4360,big_ticket,repeat,10,1,0.2,507.76
4361,everyday,new,6,1,0.152,39.29
4362,everyday,new,2,1,0.183,41.78
4363,everyday,repeat,2,0,0.0,46.83
4364,big_ticket,repeat,6,0,0.0,492.96
4365,big_ticket,new,5,0,0.0,557.03
4366,everyday,new,2,0,0.0,29.97
4367,everyday,new,1,0,0.0,18.11
4368,everyday,repeat,4,0,0.0,46.3
4369,everyday,new,5,0,0.0,117.87
4370,everyday,new,4,1,0.15,29.75
4371,everyday,new,1,1,0.127,18.14
4372,everyday,repeat,3,1,0.106,131.46
4373,everyday,repeat,1,0,0.0,22.18
4374,everyday,repeat,1,0,0.0,33.88
4375,everyday,repeat,1,1,0.151,15.52
4376,everyday,repeat,1,0,0.0,18.25
4377,big_ticket,new,8,1,0.11,295.86
4378,everyday,new,1,0,0.0,13.47
4379,big_ticket,new,3,0,0.0,338.88
4380,everyday,new,2,0,0.0,20.58
4381,everyday,repeat,1,0,0.0,24.94
4382,everyday,new,3,0,0.0,62.96
4383,everyday,repeat,3,0,0.0,26.87
4384,everyday,new,1,1,0.161,26.97
4385,big_ticket,repeat,3,0,0.0,189.99
4386,big_ticket,new,4,1,0.137,365.03
4387,everyday,new,3,0,0.0,18.71
4388,everyday,new,4,0,0.0,215.75
4389,big_ticket,repeat,4,0,0.0,401.08
4390,everyday,repeat,2,0,0.0,13.94
4391,everyday,repeat,1,1,0.144,6.9
4392,big_ticket,repeat,5,0,0.0,533.91
4393,everyday,repeat,2,0,0.0,12.44
4394,everyday,repeat,4,1,0.149,21.59
4395,everyday,new,1,1,0.162,11.71
4396,everyday,new,2,0,0.0,22.78
4397,everyday,new,2,0,0.0,28.15
4398,big_ticket,repeat,9,1,0.12,1442.15
4399,everyday,repeat,3,0,0.0,102.11
4400,big_ticket,repeat,8,1,0.154,592.24
4401,big_ticket,repeat,3,0,0.0,319.09
4402,big_ticket,new,9,1,0.131,1724.87
4403,everyday,repeat,3,1,0.16,88.48
4404,everyday,repeat,4,1,0.109,140.85
4405,everyday,repeat,6,1,0.138,73.58
4406,everyday,new,3,1,0.164,25.24
4407,big_ticket,new,4,0,0.0,550.46
4408,everyday,new,2,0,0.0,25.82
4409,big_ticket,repeat,6,1,0.103,487.78
4410,everyday,repeat,5,1,0.154,82.6
4411,everyday,new,2,1,0.176,29.53
4412,everyday,repeat,3,0,0.0,25.99
4413,big_ticket,repeat,8,1,0.162,1317.71
4414,everyday,repeat,1,0,0.0,18.77
4415,everyday,repeat,3,0,0.0,104.18
4416,big_ticket,repeat,7,0,0.0,741.49
4417,everyday,repeat,2,1,0.136,32.49
4418,everyday,repeat,3,1,0.127,46.22
4419,everyday,new,3,1,0.148,37.99
4420,everyday,new,3,1,0.141,38.5
4421,everyday,repeat,4,1,0.116,25.85
4422,everyday,repeat,1,0,0.0,20.3
4423,everyday,repeat,3,0,0.0,68.03
4424,everyday,repeat,6,1,0.106,79.96
4425,everyday,repeat,3,0,0.0,62.48
4426,everyday,new,5,0,0.0,33.99
4427,everyday,new,3,1,0.189,102.89
4428,everyday,new,4,0,0.0,44.14
4429,everyday,new,6,1,0.149,86.16
4430,everyday,new,1,0,0.0,25.75
4431,everyday,repeat,1,0,0.0,7.86
4432,big_ticket,new,10,1,0.129,1364.75
4433,big_ticket,repeat,7,0,0.0,748.37
4434,everyday,repeat,3,1,0.185,64.55
4435,everyday,new,4,0,0.0,40.51
4436,everyday,repeat,4,1,0.11,95.78
4437,big_ticket,repeat,6,1,0.138,473.71
4438,everyday,repeat,3,0,0.0,22.33
4439,everyday,repeat,3,0,0.0,74.24
4440,everyday,new,2,0,0.0,82.63
4441,everyday,new,7,0,0.0,72.23
4442,everyday,repeat,4,0,0.0,50.29
4443,big_ticket,new,8,1,0.112,732.25
4444,big_ticket,repeat,10,1,0.154,823.87
4445,everyday,new,2,1,0.174,56.69
4446,everyday,repeat,5,0,0.0,57.9
4447,everyday,repeat,4,1,0.184,41.43
4448,everyday,new,6,0,0.0,184.4
4449,everyday,new,3,0,0.0,33.33
4450,everyday,new,3,0,0.0,34.19
4451,big_ticket,repeat,6,1,0.106,911.67
4452,big_ticket,repeat,4,1,0.123,301.03
4453,everyday,new,2,0,0.0,21.36
4454,everyday,repeat,3,0,0.0,124.06
4455,everyday,new,2,1,0.181,47.09
4456,everyday,repeat,2,1,0.157,44.72
4457,everyday,repeat,3,0,0.0,66.89
4458,everyday,repeat,4,0,0.0,89.31
4459,everyday,repeat,4,0,0.0,53.23
4460,big_ticket,new,8,1,0.131,617.11
4461,everyday,new,5,0,0.0,98.13
4462,everyday,repeat,3,0,0.0,38.71
4463,everyday,new,1,0,0.0,31.65
4464,big_ticket,new,5,1,0.157,620.28
4465,everyday,new,1,0,0.0,14.01
4466,everyday,repeat,1,0,0.0,28.59
4467,everyday,repeat,4,1,0.137,109.22
4468,everyday,repeat,3,1,0.152,38.76
4469,big_ticket,new,4,0,0.0,396.55
4470,everyday,new,4,1,0.187,77.29
4471,big_ticket,new,8,1,0.172,1102.81
4472,everyday,repeat,2,1,0.127,22.27
4473,everyday,new,7,1,0.169,129.02
4474,everyday,repeat,3,1,0.12,40.47
4475,everyday,repeat,3,0,0.0,105.71
4476,everyday,repeat,3,1,0.179,46.49
4477,everyday,repeat,1,0,0.0,12.05
4478,everyday,repeat,4,1,0.185,96.08
4479,big_ticket,repeat,7,1,0.158,902.11
4480,big_ticket,new,9,0,0.0,491.39
4481,everyday,repeat,4,1,0.106,92.9
4482,everyday,repeat,2,0,0.0,13.83
4483,big_ticket,repeat,6,0,0.0,295.72
4484,everyday,new,2,0,0.0,85.54
4485,big_ticket,repeat,7,1,0.196,746.2
4486,everyday,repeat,3,1,0.133,28.2
4487,big_ticket,repeat,9,1,0.105,1050.47
4488,everyday,repeat,2,0,0.0,12.89
4489,everyday,repeat,2,0,0.0,35.73
4490,everyday,new,4,0,0.0,80.1
4491,everyday,repeat,2,0,0.0,31.47
4492,big_ticket,new,5,1,0.192,491.19
4493,big_ticket,repeat,2,1,0.139,77.36
4494,everyday,repeat,4,0,0.0,55.73
4495,everyday,new,2,0,0.0,12.77
4496,everyday,new,4,0,0.0,60.6
4497,everyday,repeat,3,0,0.0,88.58
4498,everyday,repeat,3,0,0.0,110.82
4499,big_ticket,repeat,5,1,0.131,319.13
4500,big_ticket,new,5,0,0.0,301.45
4501,everyday,repeat,4,0,0.0,54.54
4502,everyday,new,4,1,0.171,72.18
4503,everyday,new,4,1,0.104,33.61
4504,everyday,repeat,4,0,0.0,86.82
4505,everyday,new,4,0,0.0,104.61
4506,everyday,repeat,2,0,0.0,21.14
4507,everyday,new,2,1,0.127,32.44
4508,everyday,new,2,0,0.0,49.42
4509,big_ticket,repeat,11,1,0.148,1189.19
4510,everyday,new,4,0,0.0,111.5
4511,everyday,new,4,1,0.107,51.19
4512,everyday,new,2,1,0.101,41.67
4513,big_ticket,new,7,1,0.128,530.61
4514,everyday,repeat,2,0,0.0,22.61
4515,everyday,new,3,0,0.0,63.21
4516,everyday,repeat,3,1,0.126,63.52
4517,everyday,repeat,5,0,0.0,81.91
4518,everyday,repeat,4,1,0.121,109.66
4519,big_ticket,repeat,8,1,0.157,829.22
4520,everyday,repeat,5,1,0.102,79.32
4521,everyday,repeat,4,0,0.0,72.6
4522,everyday,new,7,1,0.177,136.56
4523,big_ticket,repeat,5,1,0.102,352.37
4524,big_ticket,new,5,1,0.156,622.5
4525,big_ticket,repeat,4,0,0.0,311.86
4526,everyday,repeat,6,1,0.164,99.74
4527,big_ticket,new,3,1,0.169,456.97
4528,everyday,new,4,0,0.0,63.33
4529,everyday,new,3,1,0.105,103.5
4530,everyday,new,1,0,0.0,26.55
4531,big_ticket,repeat,8,1,0.179,993.73
4532,everyday,new,3,1,0.178,172.02
4533,everyday,repeat,2,0,0.0,44.22
4534,everyday,repeat,3,0,0.0,31.46
4535,everyday,new,2,0,0.0,47.62
4536,everyday,new,2,0,0.0,42.94
4537,everyday,new,1,0,0.0,32.91
4538,big_ticket,repeat,6,1,0.108,466.21
4539,everyday,new,2,0,0.0,35.24
4540,everyday,new,3,1,0.195,80.68
4541,everyday,repeat,4,1,0.134,28.68
4542,everyday,repeat,3,0,0.0,62.69
4543,big_ticket,new,6,0,0.0,526.98
4544,everyday,repeat,4,0,0.0,33.77
4545,everyday,repeat,1,0,0.0,17.5
4546,everyday,repeat,5,1,0.155,59.62
4547,big_ticket,new,8,1,0.11,1297.2
4548,everyday,repeat,4,0,0.0,104.4
4549,big_ticket,new,7,0,0.0,775.89
4550,everyday,repeat,2,0,0.0,29.36
4551,everyday,new,2,0,0.0,20.7
4552,everyday,repeat,3,0,0.0,55.22
4553,everyday,repeat,4,0,0.0,77.75
4554,everyday,repeat,1,1,0.126,8.72
4555,everyday,repeat,3,0,0.0,41.59
4556,big_ticket,new,10,1,0.106,1152.36
4557,big_ticket,new,5,1,0.199,630.87
4558,big_ticket,repeat,4,1,0.112,345.15
4559,everyday,new,1,0,0.0,10.19
4560,big_ticket,new,10,1,0.169,1243.51
4561,big_ticket,repeat,3,1,0.171,351.84
4562,everyday,new,4,0,0.0,97.27
4563,everyday,new,4,0,0.0,40.66
4564,big_ticket,repeat,9,1,0.136,1262.04
4565,everyday,repeat,3,0,0.0,60.73
4566,everyday,repeat,2,0,0.0,51.25
4567,big_ticket,new,11,1,0.142,938.92
4568,everyday,repeat,2,1,0.148,40.76
4569,everyday,repeat,2,0,0.0,40.84
4570,everyday,new,1,1,0.154,16.98
4571,everyday,repeat,7,1,0.113,52.69
4572,big_ticket,repeat,4,1,0.131,405.29
4573,everyday,repeat,3,0,0.0,91.57
4574,everyday,new,6,1,0.155,153.34
4575,big_ticket,repeat,4,1,0.171,649.57
4576,everyday,new,2,1,0.125,29.41
4577,big_ticket,new,7,1,0.118,821.88
4578,everyday,new,2,0,0.0,21.35
4579,everyday,repeat,3,0,0.0,79.24
4580,everyday,new,3,0,0.0,42.11
4581,everyday,repeat,3,0,0.0,57.19
4582,big_ticket,repeat,8,1,0.185,1106.85
4583,big_ticket,new,4,1,0.152,472.11
4584,big_ticket,repeat,7,1,0.163,1048.54
4585,everyday,repeat,5,1,0.138,128.68
4586,big_ticket,new,4,0,0.0,568.25
4587,everyday,repeat,3,0,0.0,18.68
4588,big_ticket,repeat,3,1,0.13,253.71
4589,everyday,repeat,3,0,0.0,31.43
4590,big_ticket,repeat,8,1,0.154,453.7
4591,everyday,repeat,3,0,0.0,93.34
4592,everyday,repeat,5,1,0.197,88.61
4593,big_ticket,new,12,1,0.175,683.79
4594,everyday,new,1,1,0.151,28.77
4595,everyday,repeat,4,0,0.0,81.12
4596,big_ticket,new,5,1,0.133,486.38
4597,everyday,new,3,0,0.0,64.11
4598,everyday,new,3,0,0.0,28.05
4599,everyday,repeat,2,0,0.0,37.61
4600,everyday,repeat,2,0,0.0,37.97
4601,everyday,new,5,0,0.0,104.42
4602,big_ticket,new,8,1,0.159,392.47
4603,big_ticket,new,4,1,0.104,303.51
4604,everyday,new,4,1,0.126,48.25
4605,everyday,repeat,4,0,0.0,66.68
4606,everyday,new,5,1,0.115,124.84
4607,big_ticket,repeat,4,0,0.0,306.87
4608,everyday,new,2,0,0.0,14.73
4609,everyday,new,2,0,0.0,28.83
4610,big_ticket,repeat,2,0,0.0,191.28
4611,big_ticket,new,10,1,0.118,1743.14
4612,everyday,new,2,1,0.18,10.25
4613,everyday,new,4,0,0.0,76.87
4614,everyday,repeat,2,0,0.0,17.1
4615,everyday,new,1,1,0.17,26.95
4616,everyday,repeat,3,1,0.198,157.66
4617,everyday,repeat,2,0,0.0,21.03
4618,everyday,repeat,4,0,0.0,78.43
4619,everyday,repeat,3,0,0.0,57.29
4620,everyday,repeat,3,0,0.0,22.9
4621,everyday,repeat,3,0,0.0,14.69
4622,big_ticket,repeat,5,1,0.197,782.32
4623,everyday,repeat,2,0,0.0,28.26
4624,big_ticket,repeat,5,1,0.167,591.82
4625,everyday,new,2,0,0.0,43.8
4626,everyday,repeat,4,1,0.112,42.7
4627,big_ticket,new,7,1,0.17,763.73
4628,everyday,repeat,2,0,0.0,23.35
4629,everyday,new,2,0,0.0,12.85
4630,everyday,new,2,1,0.181,21.34
4631,everyday,new,3,0,0.0,62.12
4632,everyday,new,6,1,0.186,88.99
4633,everyday,new,1,0,0.0,13.41
4634,everyday,new,1,1,0.19,25.2
4635,everyday,repeat,1,0,0.0,9.36
4636,everyday,new,2,1,0.148,41.15
4637,everyday,repeat,2,1,0.146,18.78
4638,everyday,repeat,7,1,0.102,176.13
4639,everyday,new,5,1,0.138,85.75
4640,everyday,new,2,0,0.0,35.69
4641,everyday,new,5,1,0.162,77.64
4642,everyday,new,2,0,0.0,43.18
4643,everyday,repeat,3,0,0.0,32.2
4644,everyday,repeat,4,1,0.176,110.14
4645,everyday,repeat,4,0,0.0,57.87
4646,big_ticket,new,6,0,0.0,787.45
4647,big_ticket,repeat,7,1,0.169,493.46
4648,everyday,new,3,0,0.0,33.65
4649,everyday,repeat,4,0,0.0,84.22
4650,everyday,repeat,4,0,0.0,45.34
4651,big_ticket,new,3,1,0.151,456.79
4652,big_ticket,repeat,8,1,0.194,802.55
4653,everyday,repeat,4,0,0.0,194.08
4654,everyday,repeat,2,0,0.0,23.7
4655,everyday,new,2,0,0.0,42.48
4656,big_ticket,repeat,7,1,0.11,649.87
4657,big_ticket,new,9,1,0.191,1980.03
4658,everyday,new,2,0,0.0,24.14
4659,everyday,repeat,1,0,0.0,30.72
4660,everyday,new,4,0,0.0,91.27
4661,everyday,new,5,0,0.0,85.17
4662,big_ticket,repeat,5,1,0.165,312.79
4663,everyday,new,5,1,0.168,62.23
4664,everyday,repeat,1,0,0.0,21.33
4665,everyday,repeat,4,1,0.163,13.8
4666,everyday,new,4,0,0.0,98.72
4667,big_ticket,repeat,3,1,0.177,598.45
4668,everyday,repeat,4,1,0.149,163.44
4669,big_ticket,repeat,2,0,0.0,117.03
4670,everyday,repeat,1,0,0.0,20.1
4671,everyday,repeat,1,0,0.0,24.27
4672,everyday,repeat,3,0,0.0,41.29
4673,everyday,new,3,1,0.185,37.8
4674,everyday,new,2,0,0.0,40.93
4675,everyday,repeat,1,0,0.0,10.9
4676,everyday,repeat,3,0,0.0,39.84
4677,everyday,repeat,2,0,0.0,98.35
4678,everyday,new,2,0,0.0,22.72
4679,everyday,repeat,1,1,0.191,18.69
4680,big_ticket,new,3,1,0.133,286.06
4681,big_ticket,new,5,0,0.0,524.81
4682,everyday,repeat,2,0,0.0,21.9
4683,big_ticket,new,8,1,0.154,800.59
4684,big_ticket,repeat,8,1,0.145,997.32
4685,big_ticket,new,3,1,0.18,125.67
4686,everyday,repeat,3,0,0.0,38.21
4687,everyday,repeat,2,0,0.0,29.72
4688,everyday,new,5,0,0.0,35.66
4689,big_ticket,repeat,4,0,0.0,232.86
4690,big_ticket,repeat,8,1,0.143,750.5
4691,everyday,new,6,0,0.0,73.67
4692,everyday,repeat,4,1,0.198,72.97
4693,big_ticket,repeat,10,1,0.171,1524.17
4694,big_ticket,new,4,0,0.0,575.68
4695,everyday,repeat,3,1,0.117,25.28
4696,everyday,new,5,1,0.188,29.59
4697,everyday,new,5,0,0.0,66.31
4698,everyday,new,2,0,0.0,33.24
4699,everyday,repeat,6,1,0.102,198.96
4700,big_ticket,repeat,3,0,0.0,238.19
4701,big_ticket,new,2,0,0.0,110.57
4702,everyday,new,1,1,0.167,15.78
4703,everyday,new,2,1,0.14,31.58
4704,everyday,repeat,3,1,0.198,48.1
4705,everyday,new,1,0,0.0,11.54
4706,everyday,new,2,0,0.0,64.05
4707,everyday,new,6,0,0.0,79.32
4708,everyday,repeat,2,0,0.0,38.6
4709,everyday,repeat,5,0,0.0,95.76
4710,everyday,repeat,2,1,0.113,10.21
4711,big_ticket,new,6,1,0.152,897.01
4712,everyday,repeat,2,0,0.0,38.7
4713,everyday,repeat,3,0,0.0,90.88
4714,big_ticket,repeat,5,0,0.0,326.67
4715,everyday,new,3,0,0.0,68.77
4716,everyday,new,1,0,0.0,9.43
4717,everyday,repeat,2,0,0.0,33.34
4718,everyday,new,2,0,0.0,18.26
4719,everyday,repeat,2,0,0.0,48.45
4720,everyday,new,5,0,0.0,84.0
4721,everyday,new,3,0,0.0,117.48
4722,everyday,repeat,4,0,0.0,65.07
4723,everyday,new,2,0,0.0,14.93
4724,everyday,new,1,0,0.0,19.37
4725,everyday,repeat,1,0,0.0,13.07
4726,everyday,new,7,1,0.168,187.14
4727,big_ticket,repeat,8,1,0.136,592.63
4728,everyday,new,3,0,0.0,92.19
4729,everyday,repeat,5,0,0.0,41.05
4730,everyday,repeat,3,1,0.132,100.94
4731,everyday,new,5,0,0.0,41.4
4732,big_ticket,repeat,7,1,0.119,1353.67
4733,everyday,repeat,5,1,0.153,116.62
4734,everyday,repeat,5,1,0.171,242.27
4735,big_ticket,new,7,0,0.0,658.72
4736,big_ticket,repeat,6,1,0.112,270.32
4737,everyday,repeat,2,1,0.132,10.32
4738,everyday,repeat,2,0,0.0,52.94
4739,everyday,repeat,4,0,0.0,149.93
4740,everyday,repeat,2,0,0.0,56.8
4741,everyday,repeat,1,1,0.137,18.07
4742,everyday,repeat,3,1,0.2,34.0
4743,big_ticket,repeat,3,0,0.0,214.45
4744,everyday,repeat,5,1,0.102,98.91
4745,everyday,new,1,0,0.0,44.19
4746,everyday,repeat,5,1,0.169,107.52
4747,everyday,new,2,0,0.0,51.2
4748,everyday,repeat,2,0,0.0,30.97
4749,big_ticket,repeat,2,1,0.161,169.68
4750,everyday,repeat,3,0,0.0,48.32
4751,everyday,new,2,1,0.133,9.9
4752,everyday,repeat,1,0,0.0,16.27
4753,everyday,new,5,0,0.0,96.03
4754,everyday,repeat,2,0,0.0,24.83
4755,big_ticket,repeat,7,1,0.111,368.58
4756,everyday,repeat,2,1,0.136,56.8
4757,everyday,new,5,0,0.0,87.59
4758,big_ticket,repeat,4,1,0.138,371.55
4759,everyday,repeat,4,1,0.193,54.51
4760,big_ticket,repeat,7,1,0.168,913.42
4761,everyday,repeat,1,0,0.0,44.12
4762,everyday,repeat,4,0,0.0,44.16
4763,big_ticket,new,11,1,0.157,699.13
4764,everyday,new,2,1,0.158,53.26
4765,everyday,repeat,3,1,0.136,33.86
4766,everyday,repeat,4,1,0.12,103.06
4767,everyday,new,3,0,0.0,30.88
4768,everyday,repeat,1,1,0.189,16.52
4769,everyday,new,5,1,0.12,132.09
4770,big_ticket,new,6,1,0.104,723.24
4771,everyday,repeat,5,0,0.0,118.59
4772,everyday,repeat,4,0,0.0,103.19
4773,everyday,repeat,5,0,0.0,72.0
4774,everyday,new,4,0,0.0,124.81
4775,everyday,repeat,1,0,0.0,15.08
4776,everyday,repeat,2,1,0.18,31.55
4777,everyday,repeat,3,1,0.157,71.25
4778,everyday,new,2,0,0.0,60.95
4779,everyday,repeat,3,0,0.0,12.0
4780,everyday,new,2,0,0.0,11.61
4781,everyday,repeat,4,0,0.0,34.55
4782,big_ticket,repeat,6,1,0.187,635.71
4783,big_ticket,new,4,1,0.167,371.11
4784,everyday,new,5,1,0.154,32.38
4785,big_ticket,repeat,11,1,0.196,900.35
4786,big_ticket,repeat,11,1,0.161,897.75
4787,everyday,new,2,0,0.0,28.9
4788,big_ticket,new,4,1,0.117,162.95
4789,everyday,repeat,2,0,0.0,28.15
4790,everyday,new,1,0,0.0,28.39
4791,everyday,repeat,2,0,0.0,64.57
4792,everyday,repeat,6,0,0.0,216.04
4793,everyday,new,2,0,0.0,41.95
4794,big_ticket,repeat,7,1,0.117,691.28
4795,everyday,repeat,3,1,0.156,83.59
4796,everyday,repeat,3,1,0.112,116.6
4797,everyday,repeat,3,0,0.0,43.31
4798,everyday,new,3,1,0.185,103.25
4799,big_ticket,new,11,1,0.179,1230.53
4800,big_ticket,repeat,6,0,0.0,1982.91
4801,everyday,repeat,2,0,0.0,39.63
4802,everyday,new,3,1,0.186,34.49
4803,everyday,new,2,0,0.0,12.74
4804,everyday,repeat,5,0,0.0,74.79
4805,big_ticket,new,4,1,0.181,177.58
4806,big_ticket,repeat,10,1,0.138,1311.02
4807,everyday,repeat,3,1,0.111,76.98
4808,everyday,new,4,1,0.145,58.62
4809,everyday,repeat,1,1,0.106,11.71
4810,everyday,new,2,0,0.0,21.6
4811,everyday,repeat,1,0,0.0,17.29
4812,everyday,repeat,1,0,0.0,14.31
4813,everyday,repeat,2,0,0.0,44.57
4814,big_ticket,repeat,6,1,0.142,1010.14
4815,everyday,repeat,5,1,0.157,93.38
4816,everyday,repeat,3,0,0.0,36.42
4817,everyday,repeat,3,0,0.0,60.03
4818,everyday,new,4,1,0.153,48.25
4819,everyday,repeat,3,0,0.0,39.23
4820,everyday,repeat,3,0,0.0,35.11
4821,big_ticket,new,7,1,0.159,1015.67
4822,everyday,repeat,2,0,0.0,50.94
4823,everyday,repeat,3,0,0.0,45.26
4824,big_ticket,repeat,4,1,0.117,608.75
4825,everyday,new,2,0,0.0,21.09
4826,everyday,repeat,4,0,0.0,64.41
4827,everyday,repeat,4,0,0.0,118.34
4828,everyday,new,2,0,0.0,7.25
4829,big_ticket,repeat,7,1,0.189,836.98
4830,big_ticket,repeat,6,0,0.0,1050.82
4831,everyday,new,3,0,0.0,70.09
4832,everyday,repeat,3,0,0.0,70.66
4833,everyday,new,1,0,0.0,27.97
4834,big_ticket,repeat,3,1,0.109,271.16
4835,everyday,repeat,3,0,0.0,71.9
4836,big_ticket,repeat,4,1,0.172,436.12
4837,everyday,repeat,5,1,0.114,66.51
4838,everyday,new,1,0,0.0,19.56
4839,everyday,new,2,0,0.0,25.73
4840,everyday,repeat,2,1,0.186,20.02
4841,big_ticket,new,8,1,0.119,589.0
4842,everyday,new,3,0,0.0,68.79
4843,everyday,new,1,0,0.0,15.57
4844,everyday,repeat,3,0,0.0,48.42
4845,everyday,repeat,3,0,0.0,59.92
4846,everyday,new,2,0,0.0,37.68
4847,everyday,new,5,1,0.115,173.16
4848,everyday,new,3,0,0.0,89.05
4849,everyday,new,4,1,0.111,82.35
4850,big_ticket,new,10,1,0.173,698.47
4851,everyday,repeat,5,0,0.0,162.3
4852,big_ticket,repeat,5,0,0.0,715.51
4853,big_ticket,new,6,1,0.105,692.57
4854,everyday,repeat,4,1,0.182,64.2
4855,everyday,repeat,4,0,0.0,60.35
4856,big_ticket,new,5,1,0.187,678.71
4857,everyday,new,1,0,0.0,12.93
4858,everyday,repeat,6,0,0.0,82.36
4859,everyday,new,5,1,0.113,142.78
4860,everyday,repeat,4,1,0.173,33.42
4861,everyday,repeat,3,1,0.15,56.79
4862,big_ticket,repeat,5,0,0.0,452.36
4863,everyday,new,3,0,0.0,92.07
4864,big_ticket,new,8,1,0.195,998.24
4865,everyday,repeat,2,0,0.0,53.05
4866,everyday,repeat,2,0,0.0,34.78
4867,everyday,new,4,0,0.0,29.47
4868,everyday,repeat,2,0,0.0,25.43
4869,everyday,new,2,0,0.0,78.35
4870,everyday,repeat,2,1,0.129,44.69
4871,everyday,repeat,3,0,0.0,135.78
4872,everyday,repeat,1,1,0.176,36.1
4873,everyday,repeat,3,0,0.0,36.55
4874,everyday,repeat,5,0,0.0,42.86
4875,everyday,repeat,5,1,0.181,145.9
4876,everyday,new,1,0,0.0,27.87
4877,everyday,repeat,3,0,0.0,50.45
4878,everyday,new,2,0,0.0,15.95
4879,everyday,new,2,0,0.0,25.23
4880,everyday,repeat,3,1,0.175,54.38
4881,everyday,new,1,0,0.0,24.3
4882,everyday,new,3,0,0.0,30.08
4883,everyday,repeat,2,1,0.195,55.79
4884,everyday,new,1,0,0.0,24.58
4885,big_ticket,repeat,6,1,0.173,498.11
4886,big_ticket,new,6,1,0.148,782.42
4887,everyday,repeat,3,1,0.179,16.88
4888,everyday,repeat,3,0,0.0,57.82
4889,everyday,new,3,0,0.0,40.76
4890,big_ticket,repeat,9,1,0.195,880.44
4891,everyday,new,3,0,0.0,22.28
4892,everyday,new,5,1,0.192,30.31
4893,everyday,new,3,1,0.12,67.12
4894,everyday,new,3,1,0.181,31.93
4895,everyday,new,2,0,0.0,11.35
4896,everyday,repeat,3,1,0.158,29.37
4897,everyday,repeat,2,1,0.124,30.6
4898,everyday,repeat,2,1,0.146,58.35
4899,big_ticket,repeat,5,1,0.144,332.93
4900,big_ticket,new,3,1,0.184,320.79
4901,everyday,new,1,0,0.0,14.45
4902,everyday,new,2,0,0.0,48.0
4903,everyday,repeat,3,0,0.0,64.98
4904,big_ticket,repeat,3,1,0.171,387.76
4905,big_ticket,new,5,0,0.0,388.45
4906,everyday,new,2,1,0.121,34.02
4907,big_ticket,new,8,1,0.136,948.83
4908,everyday,repeat,3,0,0.0,16.89
4909,everyday,repeat,1,0,0.0,18.0
4910,everyday,repeat,5,0,0.0,41.86
4911,everyday,repeat,1,1,0.157,12.12
4912,everyday,new,6,0,0.0,78.44
4913,everyday,new,4,0,0.0,65.65
4914,big_ticket,repeat,7,0,0.0,501.67
4915,everyday,repeat,2,1,0.186,27.44
4916,big_ticket,new,1,1,0.144,83.87
4917,big_ticket,new,7,1,0.112,639.64
4918,everyday,new,6,1,0.113,96.36
4919,big_ticket,new,4,1,0.181,340.33
4920,everyday,new,2,0,0.0,29.33
4921,everyday,new,3,1,0.156,81.77
4922,everyday,repeat,6,0,0.0,94.25
4923,everyday,repeat,2,0,0.0,101.83
4924,big_ticket,repeat,5,0,0.0,1216.58
4925,everyday,repeat,6,1,0.109,144.77
4926,everyday,repeat,1,0,0.0,14.04
4927,everyday,repeat,4,1,0.137,87.63
4928,everyday,new,2,0,0.0,54.75
4929,big_ticket,new,10,1,0.176,1469.62
4930,everyday,new,2,0,0.0,27.1
4931,big_ticket,repeat,5,1,0.127,736.95
4932,everyday,new,3,1,0.177,132.72
4933,big_ticket,new,4,0,0.0,658.33
4934,everyday,repeat,4,0,0.0,51.88
4935,everyday,repeat,1,0,0.0,16.08
4936,everyday,repeat,2,0,0.0,27.47
4937,everyday,repeat,2,0,0.0,31.89
4938,big_ticket,repeat,8,1,0.162,735.79
4939,everyday,repeat,1,1,0.191,26.45
4940,everyday,new,2,0,0.0,33.33
4941,big_ticket,repeat,4,1,0.126,719.51
4942,everyday,repeat,4,0,0.0,57.05
4943,everyday,new,5,0,0.0,58.23
4944,big_ticket,repeat,4,1,0.103,360.19
4945,everyday,repeat,4,1,0.179,148.58
4946,big_ticket,repeat,8,1,0.174,1361.58
4947,everyday,repeat,4,1,0.173,54.51
4948,big_ticket,new,5,0,0.0,485.28
4949,everyday,new,4,0,0.0,83.75
4950,everyday,new,3,0,0.0,76.74
4951,everyday,repeat,2,0,0.0,13.7
4952,big_ticket,repeat,5,1,0.18,303.96
4953,everyday,repeat,4,0,0.0,44.22
4954,big_ticket,repeat,5,1,0.184,328.64
4955,everyday,repeat,3,1,0.168,65.67
4956,everyday,new,3,0,0.0,48.68
4957,big_ticket,new,3,0,0.0,210.9
4958,everyday,repeat,1,0,0.0,8.06
4959,everyday,repeat,3,1,0.166,48.78
4960,big_ticket,new,11,1,0.171,1349.81
4961,everyday,repeat,4,1,0.156,70.03
4962,everyday,repeat,4,0,0.0,24.13
4963,everyday,new,3,0,0.0,93.08
4964,everyday,repeat,1,0,0.0,32.31
4965,everyday,repeat,1,0,0.0,21.84
4966,everyday,repeat,3,1,0.113,79.43
4967,everyday,new,2,0,0.0,41.8
4968,everyday,new,2,0,0.0,45.72
4969,everyday,new,5,1,0.142,62.34
4970,everyday,repeat,1,1,0.102,24.67
4971,everyday,repeat,2,1,0.154,10.85
4972,everyday,repeat,2,0,0.0,30.37
4973,everyday,repeat,2,1,0.174,52.48
4974,big_ticket,new,3,0,0.0,286.34
4975,everyday,repeat,2,0,0.0,40.51
4976,everyday,new,4,1,0.132,121.09
4977,everyday,new,3,0,0.0,48.01
4978,everyday,repeat,3,0,0.0,67.91
4979,big_ticket,repeat,5,0,0.0,382.5
4980,big_ticket,repeat,4,1,0.146,394.92
4981,big_ticket,repeat,5,1,0.18,900.57
4982,everyday,new,4,1,0.103,70.49
4983,everyday,new,2,1,0.119,37.08
4984,everyday,new,4,1,0.146,103.97
4985,everyday,repeat,3,1,0.146,38.15
4986,everyday,repeat,4,0,0.0,66.64
4987,everyday,new,4,1,0.147,68.81
4988,everyday,repeat,4,0,0.0,79.79
4989,big_ticket,repeat,6,1,0.134,308.33
4990,everyday,repeat,3,0,0.0,68.98
4991,everyday,new,4,1,0.177,94.77
4992,big_ticket,new,5,1,0.151,993.33
4993,big_ticket,repeat,5,1,0.136,476.53
4994,everyday,repeat,2,0,0.0,57.99
4995,everyday,new,1,0,0.0,10.08
4996,everyday,new,2,0,0.0,69.25
4997,everyday,repeat,3,0,0.0,30.97
4998,everyday,repeat,6,1,0.126,162.07
4999,everyday,new,5,1,0.155,51.3
5000,everyday,repeat,1,0,0.0,24.88
5001,everyday,repeat,3,0,0.0,55.29
5002,everyday,new,4,1,0.106,74.97
5003,big_ticket,new,6,1,0.109,531.22
5004,everyday,repeat,4,0,0.0,65.54
5005,everyday,repeat,3,0,0.0,33.36
5006,everyday,new,4,0,0.0,42.25
5007,big_ticket,repeat,10,1,0.117,360.82
5008,everyday,repeat,2,1,0.108,139.0
5009,big_ticket,repeat,6,1,0.198,1087.91
5010,everyday,new,2,1,0.197,41.07
5011,everyday,new,2,0,0.0,52.72
5012,everyday,new,1,0,0.0,12.0
5013,everyday,repeat,3,1,0.184,32.02
5014,big_ticket,repeat,8,1,0.163,1099.23
5015,everyday,repeat,4,1,0.102,67.01
5016,everyday,new,2,0,0.0,9.31
5017,everyday,repeat,3,1,0.18,56.62
5018,everyday,repeat,2,1,0.1,49.68
5019,everyday,repeat,2,0,0.0,42.06
5020,everyday,new,7,1,0.136,102.06
5021,big_ticket,repeat,6,0,0.0,435.55
5022,big_ticket,new,3,0,0.0,313.93
5023,big_ticket,new,4,1,0.115,593.35
5024,everyday,repeat,4,1,0.101,56.7
5025,everyday,new,4,0,0.0,66.0
5026,everyday,new,2,0,0.0,49.15
5027,everyday,repeat,3,0,0.0,82.93
5028,everyday,new,3,0,0.0,54.75
5029,everyday,repeat,3,0,0.0,50.13
5030,everyday,repeat,4,1,0.157,97.48
5031,everyday,repeat,3,1,0.138,32.12
5032,big_ticket,new,5,0,0.0,841.06
5033,everyday,repeat,3,0,0.0,102.35
5034,everyday,repeat,2,1,0.153,69.14
5035,everyday,new,2,0,0.0,13.61
5036,everyday,repeat,4,0,0.0,51.25
5037,big_ticket,repeat,4,1,0.163,644.45
5038,everyday,new,3,0,0.0,59.68
5039,big_ticket,new,8,1,0.116,787.09
5040,big_ticket,repeat,6,0,0.0,1355.46
5041,everyday,repeat,3,0,0.0,38.21
5042,everyday,repeat,1,0,0.0,10.78
5043,everyday,new,3,0,0.0,97.45
5044,everyday,new,4,1,0.148,45.48
5045,everyday,repeat,2,1,0.132,35.42
5046,big_ticket,repeat,5,0,0.0,378.11
5047,everyday,new,4,0,0.0,62.3
5048,big_ticket,repeat,6,1,0.154,537.89
5049,everyday,new,5,1,0.195,43.85
5050,big_ticket,new,4,0,0.0,393.95
5051,everyday,repeat,4,0,0.0,55.94
5052,everyday,new,1,0,0.0,12.16
5053,everyday,repeat,3,0,0.0,98.8
5054,everyday,new,4,1,0.137,173.45
5055,big_ticket,repeat,4,0,0.0,422.75
5056,everyday,new,2,0,0.0,70.09
5057,everyday,repeat,1,0,0.0,11.99
5058,everyday,repeat,1,0,0.0,14.79
5059,everyday,new,4,1,0.107,43.21
5060,everyday,new,2,0,0.0,34.83
5061,everyday,repeat,3,0,0.0,31.62
5062,everyday,new,4,0,0.0,38.72
5063,everyday,repeat,2,0,0.0,8.39
5064,everyday,repeat,6,0,0.0,124.01
5065,big_ticket,repeat,9,1,0.109,876.56
5066,everyday,new,4,0,0.0,112.27
5067,everyday,new,2,0,0.0,48.28
5068,everyday,new,4,0,0.0,99.21
5069,everyday,new,1,0,0.0,14.09
5070,everyday,new,2,0,0.0,14.92
5071,everyday,repeat,2,0,0.0,19.2
5072,everyday,new,2,0,0.0,28.23
5073,everyday,new,5,1,0.196,28.04
5074,everyday,new,3,0,0.0,65.37
5075,big_ticket,new,8,0,0.0,536.88
5076,everyday,repeat,2,0,0.0,42.92
5077,everyday,new,4,1,0.158,104.85
5078,everyday,repeat,3,0,0.0,20.02
5079,everyday,repeat,2,0,0.0,22.13
5080,big_ticket,new,5,0,0.0,655.21
5081,everyday,repeat,3,1,0.15,37.44
5082,everyday,new,1,0,0.0,11.53
5083,everyday,new,1,0,0.0,5.57
5084,everyday,repeat,3,0,0.0,69.69
5085,big_ticket,repeat,6,1,0.164,822.29
5086,everyday,new,3,0,0.0,34.15
5087,big_ticket,repeat,5,1,0.117,484.82
5088,everyday,new,3,1,0.17,75.88
5089,big_ticket,repeat,2,0,0.0,178.81
5090,everyday,repeat,2,1,0.177,43.93
5091,everyday,new,5,1,0.128,49.99
5092,big_ticket,repeat,7,0,0.0,1134.39
5093,everyday,repeat,5,1,0.154,101.12
5094,everyday,new,2,0,0.0,26.24
5095,big_ticket,repeat,8,1,0.185,1333.06
5096,everyday,repeat,3,1,0.125,17.2
5097,everyday,new,3,0,0.0,42.95
5098,everyday,repeat,2,1,0.186,33.69
5099,big_ticket,repeat,7,1,0.17,777.83
5100,big_ticket,repeat,6,0,0.0,358.23
5101,everyday,new,3,0,0.0,98.41
5102,everyday,repeat,4,0,0.0,122.41
5103,everyday,repeat,3,0,0.0,50.36
5104,everyday,repeat,1,0,0.0,19.71
5105,big_ticket,new,7,1,0.176,259.2
5106,everyday,repeat,3,0,0.0,28.14
5107,everyday,repeat,1,1,0.182,13.16
5108,everyday,new,3,1,0.105,29.33
5109,everyday,new,4,0,0.0,108.73
5110,big_ticket,repeat,3,0,0.0,279.81
5111,everyday,repeat,2,1,0.2,18.16
5112,everyday,repeat,5,0,0.0,223.69
5113,big_ticket,new,9,1,0.2,691.26
5114,big_ticket,repeat,4,0,0.0,274.58
5115,everyday,new,3,0,0.0,18.68
5116,big_ticket,repeat,10,1,0.191,1111.4
5117,everyday,new,2,0,0.0,67.56
5118,big_ticket,new,5,1,0.198,550.41
5119,everyday,repeat,6,0,0.0,31.79
5120,everyday,repeat,5,0,0.0,62.35
5121,everyday,new,2,0,0.0,39.43
5122,everyday,new,1,0,0.0,33.57
5123,everyday,repeat,5,0,0.0,32.06
5124,everyday,repeat,2,0,0.0,81.39
5125,everyday,new,2,1,0.148,14.38
5126,everyday,repeat,3,1,0.18,76.87
5127,everyday,new,1,0,0.0,16.2
5128,everyday,repeat,5,0,0.0,154.04
5129,big_ticket,new,7,1,0.106,962.57
5130,big_ticket,new,5,1,0.128,430.65
5131,everyday,repeat,1,0,0.0,23.12
5132,everyday,new,4,0,0.0,44.28
5133,everyday,repeat,4,0,0.0,61.93
5134,everyday,new,4,0,0.0,33.56
5135,big_ticket,new,5,1,0.103,398.13
5136,everyday,repeat,3,0,0.0,88.87
5137,everyday,repeat,3,0,0.0,61.87
5138,everyday,new,5,1,0.142,92.66
5139,everyday,repeat,5,0,0.0,70.79
5140,big_ticket,new,6,1,0.159,866.1
5141,everyday,repeat,2,1,0.174,32.61
5142,everyday,new,2,0,0.0,15.04
5143,everyday,repeat,3,1,0.161,66.05
5144,big_ticket,new,5,1,0.109,483.73
5145,everyday,repeat,4,0,0.0,185.66
5146,big_ticket,repeat,4,0,0.0,337.15
5147,big_ticket,repeat,4,1,0.18,196.41
5148,everyday,new,3,1,0.127,116.42
5149,big_ticket,new,5,0,0.0,708.99
5150,everyday,new,4,1,0.192,49.94
5151,everyday,repeat,1,1,0.181,51.37
5152,everyday,new,3,0,0.0,48.57
5153,everyday,repeat,2,1,0.13,25.14
5154,everyday,new,2,0,0.0,53.0
5155,everyday,repeat,3,0,0.0,79.78
5156,everyday,repeat,3,0,0.0,78.1
5157,everyday,repeat,2,0,0.0,64.47
5158,everyday,repeat,3,0,0.0,19.08
5159,everyday,repeat,3,0,0.0,74.92
5160,everyday,repeat,1,0,0.0,17.13
5161,big_ticket,repeat,6,0,0.0,410.66
5162,big_ticket,repeat,3,0,0.0,736.85
5163,everyday,new,5,1,0.165,67.3
5164,everyday,new,5,0,0.0,72.76
5165,everyday,repeat,4,0,0.0,70.44
5166,big_ticket,repeat,6,1,0.145,458.0
5167,everyday,new,1,0,0.0,23.57
5168,big_ticket,new,5,1,0.184,266.92
5169,everyday,repeat,2,0,0.0,41.58
5170,everyday,new,6,1,0.185,133.89
5171,big_ticket,repeat,6,1,0.119,435.77
5172,everyday,repeat,2,1,0.174,37.38
5173,big_ticket,new,9,1,0.142,888.44
5174,everyday,new,2,0,0.0,32.94
5175,everyday,new,2,1,0.188,54.1
5176,everyday,new,1,0,0.0,10.51
5177,everyday,repeat,2,0,0.0,30.76
5178,everyday,repeat,4,1,0.162,115.65
5179,everyday,repeat,4,0,0.0,60.53
5180,everyday,new,1,0,0.0,12.43
5181,everyday,repeat,3,1,0.128,59.16
5182,everyday,new,5,0,0.0,84.0
5183,everyday,repeat,4,1,0.199,41.78
5184,everyday,new,3,0,0.0,40.73
5185,everyday,repeat,4,1,0.154,74.1
5186,big_ticket,repeat,5,1,0.155,792.15
5187,everyday,new,6,0,0.0,100.84
5188,everyday,repeat,3,0,0.0,31.38
5189,big_ticket,new,7,1,0.13,658.35
5190,everyday,new,5,1,0.129,43.99
5191,everyday,repeat,3,0,0.0,41.21
5192,everyday,repeat,4,0,0.0,161.52
5193,everyday,new,1,0,0.0,9.88
5194,everyday,new,3,1,0.111,35.68
5195,big_ticket,new,6,1,0.178,907.23
5196,big_ticket,repeat,5,0,0.0,482.84
5197,everyday,repeat,2,1,0.113,13.87
5198,everyday,new,5,1,0.164,108.81
5199,big_ticket,new,10,1,0.149,1549.3
5200,everyday,repeat,1,1,0.147,40.57
5201,everyday,repeat,3,1,0.14,30.99
5202,everyday,new,5,0,0.0,207.03
5203,everyday,repeat,3,0,0.0,20.41
5204,everyday,new,1,0,0.0,15.07
5205,everyday,new,1,0,0.0,10.42
5206,everyday,repeat,3,0,0.0,71.81
5207,everyday,repeat,2,0,0.0,23.51
5208,big_ticket,new,4,0,0.0,526.82
5209,everyday,repeat,2,1,0.19,31.32
5210,everyday,repeat,6,1,0.196,355.38
5211,everyday,repeat,6,0,0.0,195.48
5212,everyday,repeat,5,0,0.0,64.65
5213,big_ticket,repeat,6,0,0.0,620.25
5214,big_ticket,repeat,6,0,0.0,675.18
5215,everyday,new,4,0,0.0,37.49
5216,everyday,repeat,3,0,0.0,81.88
5217,everyday,new,4,1,0.146,45.45
5218,everyday,repeat,2,0,0.0,59.68
5219,everyday,new,2,0,0.0,59.44
5220,everyday,new,5,0,0.0,75.47
5221,everyday,repeat,3,1,0.135,23.51
5222,everyday,new,2,0,0.0,48.18
5223,everyday,new,5,0,0.0,43.59
5224,everyday,new,5,1,0.159,82.87
5225,everyday,repeat,2,1,0.147,70.3
5226,everyday,new,3,0,0.0,14.59
5227,everyday,new,1,0,0.0,14.24
5228,everyday,repeat,2,0,0.0,23.67
5229,everyday,repeat,2,0,0.0,25.96
5230,everyday,repeat,4,0,0.0,32.24
5231,big_ticket,new,4,1,0.172,405.73
5232,big_ticket,repeat,6,0,0.0,423.29
5233,everyday,repeat,2,0,0.0,11.78
5234,everyday,repeat,3,0,0.0,59.28
5235,big_ticket,repeat,5,1,0.162,381.5
5236,everyday,new,3,1,0.115,47.94
5237,everyday,repeat,1,1,0.156,37.49
5238,everyday,repeat,1,0,0.0,5.78
5239,everyday,new,1,0,0.0,29.04
5240,everyday,new,3,0,0.0,43.41
5241,everyday,new,3,1,0.119,31.77
5242,everyday,repeat,4,1,0.172,98.63
5243,everyday,new,3,0,0.0,72.47
5244,everyday,repeat,2,0,0.0,70.11
5245,everyday,repeat,1,0,0.0,34.22
5246,everyday,new,3,0,0.0,51.11
5247,everyday,new,3,0,0.0,22.03
5248,everyday,new,1,0,0.0,6.6
5249,everyday,new,1,0,0.0,6.93
5250,big_ticket,repeat,5,0,0.0,1309.2
5251,everyday,repeat,3,1,0.105,56.3
5252,everyday,repeat,3,0,0.0,64.93
5253,everyday,repeat,4,0,0.0,87.62
5254,big_ticket,new,3,0,0.0,276.91
5255,big_ticket,repeat,6,1,0.164,1064.08
5256,big_ticket,repeat,6,1,0.166,385.67
5257,everyday,repeat,6,1,0.189,60.0
5258,everyday,new,3,0,0.0,46.72
5259,everyday,new,2,1,0.178,46.65
5260,everyday,repeat,4,1,0.135,137.46
5261,everyday,repeat,2,0,0.0,44.36
5262,everyday,new,5,1,0.143,61.5
5263,everyday,new,1,0,0.0,9.83
5264,big_ticket,repeat,5,1,0.109,891.41
5265,everyday,repeat,3,0,0.0,43.3
5266,everyday,repeat,3,0,0.0,38.11
5267,everyday,new,3,0,0.0,25.94
5268,big_ticket,new,5,0,0.0,607.38
5269,big_ticket,repeat,6,1,0.131,858.94
5270,everyday,repeat,3,0,0.0,61.37
5271,big_ticket,new,5,1,0.196,559.38
5272,big_ticket,repeat,6,0,0.0,373.43
5273,big_ticket,new,5,1,0.196,272.38
5274,big_ticket,repeat,9,1,0.195,1150.92
5275,everyday,new,3,1,0.162,46.92
5276,big_ticket,repeat,5,1,0.137,696.23
5277,everyday,repeat,4,0,0.0,89.96
5278,big_ticket,new,6,1,0.19,370.79
5279,everyday,new,3,0,0.0,48.73
5280,big_ticket,new,5,1,0.171,333.69
5281,big_ticket,new,9,1,0.145,1092.28
5282,everyday,repeat,5,0,0.0,161.65
5283,big_ticket,repeat,6,0,0.0,278.99
5284,everyday,new,3,1,0.174,58.13
5285,everyday,repeat,3,0,0.0,39.86
5286,everyday,new,3,0,0.0,115.83
5287,big_ticket,repeat,7,0,0.0,1027.68
5288,everyday,repeat,1,0,0.0,16.59
5289,everyday,new,1,1,0.19,21.13
5290,everyday,repeat,6,1,0.161,123.55
5291,everyday,repeat,3,1,0.105,33.54
5292,everyday,new,4,0,0.0,99.62
5293,big_ticket,repeat,4,1,0.171,296.8
5294,everyday,new,3,1,0.112,54.66
5295,big_ticket,new,6,1,0.178,409.68
5296,everyday,repeat,2,0,0.0,25.17
5297,big_ticket,new,8,1,0.188,480.96
5298,everyday,new,3,1,0.115,98.21
5299,everyday,new,4,0,0.0,47.46
5300,everyday,new,3,0,0.0,45.58
5301,everyday,new,4,0,0.0,117.31
5302,everyday,new,5,1,0.139,116.28
5303,big_ticket,repeat,7,1,0.126,1494.11
5304,everyday,repeat,2,0,0.0,20.26
5305,everyday,repeat,2,0,0.0,21.32
5306,everyday,repeat,4,0,0.0,69.33
5307,big_ticket,new,7,1,0.14,766.5
5308,everyday,repeat,3,0,0.0,89.82
5309,everyday,repeat,3,1,0.11,69.37
5310,everyday,repeat,1,0,0.0,24.3
5311,everyday,repeat,3,0,0.0,15.97
5312,everyday,new,1,1,0.197,19.74
5313,everyday,new,1,0,0.0,19.46
5314,everyday,repeat,3,1,0.174,24.29
5315,everyday,repeat,2,0,0.0,102.15
5316,everyday,repeat,5,1,0.135,106.71
5317,everyday,repeat,3,0,0.0,66.69
5318,big_ticket,new,8,1,0.124,916.57
5319,everyday,new,7,1,0.117,135.32
5320,everyday,repeat,1,0,0.0,18.09
5321,everyday,new,2,0,0.0,87.72
5322,everyday,repeat,1,0,0.0,27.13
5323,big_ticket,repeat,4,1,0.188,552.53
5324,everyday,new,6,1,0.113,47.62
5325,everyday,new,4,0,0.0,35.78
5326,everyday,repeat,5,1,0.169,23.36
5327,everyday,repeat,4,1,0.116,57.18
5328,big_ticket,repeat,5,1,0.132,374.22
5329,everyday,new,4,1,0.131,70.25
5330,everyday,new,1,0,0.0,23.09
5331,big_ticket,new,4,0,0.0,395.13
5332,big_ticket,new,2,0,0.0,223.76
5333,everyday,new,4,1,0.127,41.88
5334,everyday,repeat,3,1,0.114,53.86
5335,everyday,new,2,1,0.159,15.43
5336,big_ticket,repeat,8,1,0.18,863.85
5337,everyday,repeat,4,0,0.0,53.09
5338,everyday,repeat,2,0,0.0,17.63
5339,big_ticket,repeat,8,1,0.182,1376.24
5340,everyday,new,1,0,0.0,12.81
5341,everyday,repeat,2,0,0.0,23.56
5342,everyday,new,2,1,0.192,28.14
5343,big_ticket,new,6,0,0.0,952.31
5344,everyday,repeat,2,0,0.0,56.29
5345,everyday,new,5,0,0.0,101.45
5346,everyday,new,5,0,0.0,116.9
5347,big_ticket,repeat,8,1,0.188,943.53
5348,big_ticket,repeat,4,0,0.0,435.49
5349,everyday,new,1,0,0.0,10.08
5350,everyday,new,3,1,0.144,67.83
5351,big_ticket,new,7,1,0.157,562.4
5352,big_ticket,repeat,7,1,0.149,364.42
5353,everyday,repeat,3,0,0.0,78.06
5354,everyday,new,3,1,0.182,29.66
5355,big_ticket,repeat,8,0,0.0,1708.65
5356,big_ticket,repeat,6,0,0.0,587.09
5357,everyday,repeat,4,1,0.124,114.53
5358,everyday,repeat,1,1,0.102,11.86
5359,everyday,repeat,5,0,0.0,80.41
5360,big_ticket,repeat,4,0,0.0,323.94
5361,everyday,repeat,1,0,0.0,17.42
5362,everyday,new,7,0,0.0,38.49
5363,everyday,new,1,0,0.0,9.64
5364,big_ticket,new,4,1,0.114,977.45
5365,big_ticket,repeat,10,1,0.146,1147.02
5366,big_ticket,new,8,1,0.18,451.02
5367,everyday,repeat,2,0,0.0,60.41
5368,big_ticket,new,5,1,0.129,766.21
5369,big_ticket,repeat,7,1,0.154,361.52
5370,everyday,new,2,0,0.0,25.4
5371,everyday,repeat,5,1,0.116,77.09
5372,big_ticket,new,6,0,0.0,1756.29
5373,everyday,repeat,3,0,0.0,221.94
5374,everyday,repeat,5,0,0.0,104.59
5375,everyday,new,1,0,0.0,16.01
5376,everyday,repeat,2,0,0.0,21.81
5377,everyday,repeat,3,1,0.182,95.04
5378,big_ticket,repeat,4,0,0.0,270.45
5379,everyday,repeat,2,0,0.0,38.96
5380,big_ticket,repeat,7,1,0.182,489.49
5381,everyday,repeat,4,1,0.157,58.44
5382,everyday,repeat,3,0,0.0,133.54
5383,big_ticket,repeat,2,1,0.114,458.56
5384,everyday,repeat,3,1,0.174,86.71
5385,everyday,new,2,0,0.0,18.96
5386,big_ticket,new,8,1,0.164,1070.34
5387,everyday,repeat,3,1,0.133,103.68
5388,everyday,repeat,4,0,0.0,77.89
5389,everyday,repeat,4,1,0.118,54.81
5390,big_ticket,repeat,4,1,0.153,198.62
5391,everyday,repeat,4,0,0.0,68.4
5392,everyday,new,2,0,0.0,30.65
5393,big_ticket,repeat,7,1,0.127,511.67
5394,everyday,new,6,1,0.143,129.93
5395,everyday,repeat,4,0,0.0,74.79
5396,everyday,repeat,4,1,0.16,56.41
5397,everyday,new,2,0,0.0,28.16
5398,everyday,repeat,4,0,0.0,28.72
5399,everyday,repeat,1,0,0.0,15.51
5400,everyday,new,2,0,0.0,18.09
5401,everyday,repeat,4,0,0.0,55.44
5402,everyday,repeat,2,1,0.115,39.45
5403,everyday,repeat,1,0,0.0,6.65
5404,everyday,new,3,0,0.0,43.56
5405,everyday,new,4,1,0.193,80.49
5406,big_ticket,repeat,9,1,0.158,1469.05
5407,everyday,new,1,0,0.0,12.27
5408,everyday,new,2,0,0.0,17.07
5409,everyday,repeat,2,0,0.0,51.42
5410,big_ticket,repeat,5,1,0.184,480.32
5411,everyday,repeat,3,1,0.127,35.81
5412,big_ticket,repeat,3,0,0.0,337.72
5413,everyday,new,3,0,0.0,43.74
5414,everyday,new,4,1,0.134,165.28
5415,big_ticket,repeat,9,1,0.189,1402.72
5416,everyday,new,5,1,0.149,104.83
5417,everyday,new,2,0,0.0,42.2
5418,big_ticket,repeat,5,0,0.0,392.91
5419,everyday,new,2,0,0.0,6.98
5420,everyday,repeat,2,0,0.0,46.58
5421,everyday,repeat,2,0,0.0,21.89
5422,everyday,repeat,3,0,0.0,27.32
5423,big_ticket,new,6,1,0.128,451.41
5424,everyday,new,6,1,0.192,95.54
5425,big_ticket,repeat,8,1,0.104,786.41
5426,everyday,repeat,2,1,0.193,18.34
5427,big_ticket,repeat,6,0,0.0,470.21
5428,big_ticket,new,7,1,0.171,987.96
5429,big_ticket,repeat,6,1,0.1,452.54
5430,everyday,new,4,1,0.188,54.94
5431,everyday,new,3,1,0.174,57.53
5432,everyday,new,4,1,0.104,44.72
5433,everyday,new,2,0,0.0,65.05
5434,everyday,new,2,0,0.0,26.18
5435,big_ticket,new,7,0,0.0,936.72
5436,everyday,repeat,4,0,0.0,67.89
5437,big_ticket,repeat,5,1,0.191,899.09
5438,everyday,new,3,0,0.0,145.82
5439,big_ticket,new,6,1,0.1,670.14
5440,everyday,repeat,1,0,0.0,14.78
5441,everyday,new,1,0,0.0,26.06
5442,big_ticket,new,7,1,0.154,1170.3
5443,big_ticket,repeat,6,1,0.147,501.34
5444,big_ticket,repeat,8,1,0.141,693.6
5445,big_ticket,repeat,5,1,0.143,517.14
5446,everyday,new,4,0,0.0,76.92
5447,big_ticket,new,5,1,0.109,510.06
5448,everyday,new,4,0,0.0,87.94
5449,everyday,repeat,5,0,0.0,81.27
5450,everyday,new,1,0,0.0,8.57
5451,everyday,new,2,1,0.199,40.57
5452,everyday,new,5,0,0.0,56.98
5453,big_ticket,repeat,4,1,0.15,822.58
5454,everyday,new,2,0,0.0,28.89
5455,big_ticket,new,5,0,0.0,267.4
5456,everyday,repeat,1,0,0.0,10.59
5457,everyday,repeat,4,1,0.198,33.91
5458,everyday,repeat,1,0,0.0,18.53
5459,everyday,repeat,4,0,0.0,46.3
5460,everyday,new,3,1,0.109,30.5
5461,everyday,repeat,4,1,0.17,79.11
5462,everyday,new,3,1,0.114,43.87
5463,everyday,repeat,3,1,0.134,58.15
5464,big_ticket,new,5,1,0.199,362.47
5465,everyday,repeat,4,0,0.0,76.41
5466,big_ticket,repeat,6,1,0.114,513.23
5467,big_ticket,new,3,0,0.0,227.66
5468,everyday,new,3,1,0.107,20.42
5469,everyday,repeat,4,0,0.0,97.83
5470,everyday,new,5,1,0.184,76.03
5471,everyday,repeat,3,0,0.0,142.52
5472,everyday,new,6,1,0.156,99.54
5473,big_ticket,repeat,6,0,0.0,488.28
5474,everyday,repeat,1,0,0.0,5.7
5475,everyday,repeat,5,0,0.0,149.52
5476,everyday,repeat,4,0,0.0,81.2
5477,everyday,repeat,2,0,0.0,13.17
5478,everyday,repeat,2,1,0.176,23.25
5479,everyday,repeat,4,0,0.0,55.13
5480,big_ticket,repeat,6,1,0.18,360.95
5481,everyday,new,2,0,0.0,28.11
5482,everyday,new,1,0,0.0,8.46
5483,everyday,new,5,1,0.192,64.81
5484,everyday,repeat,5,1,0.182,107.07
5485,big_ticket,repeat,4,1,0.195,494.15
5486,big_ticket,new,2,1,0.168,375.52
5487,big_ticket,repeat,5,0,0.0,280.69
5488,everyday,new,4,0,0.0,160.94
5489,everyday,repeat,5,0,0.0,79.59
5490,big_ticket,repeat,5,0,0.0,416.75
5491,everyday,repeat,4,0,0.0,99.62
5492,everyday,repeat,3,0,0.0,91.3
5493,everyday,repeat,3,1,0.126,87.18
5494,everyday,new,4,0,0.0,43.6
5495,big_ticket,repeat,8,1,0.1,817.13
5496,everyday,new,1,0,0.0,20.85
5497,big_ticket,repeat,7,1,0.137,694.55
5498,everyday,repeat,4,0,0.0,83.61
5499,everyday,new,3,0,0.0,17.21
5500,everyday,new,3,0,0.0,136.41
5501,everyday,repeat,1,0,0.0,12.56
5502,everyday,repeat,2,0,0.0,50.16
5503,everyday,new,5,0,0.0,31.49
5504,everyday,repeat,2,1,0.174,66.44
5505,big_ticket,new,5,1,0.131,456.06
5506,everyday,repeat,3,0,0.0,39.54
5507,everyday,repeat,3,0,0.0,93.45
5508,everyday,new,3,0,0.0,53.79
5509,big_ticket,repeat,4,0,0.0,392.57
5510,everyday,new,3,0,0.0,46.37
5511,everyday,repeat,4,1,0.182,46.42
5512,everyday,new,2,0,0.0,81.14
5513,everyday,repeat,4,1,0.198,83.97
5514,everyday,new,3,0,0.0,24.59
5515,everyday,repeat,4,1,0.166,71.45
5516,big_ticket,new,8,1,0.133,2214.34
5517,everyday,repeat,1,0,0.0,28.62
5518,everyday,new,3,0,0.0,143.74
5519,everyday,new,8,1,0.104,181.23
5520,everyday,repeat,4,1,0.185,46.09
5521,everyday,repeat,5,0,0.0,73.71
5522,everyday,repeat,3,1,0.106,95.64
5523,everyday,repeat,4,1,0.168,46.87
5524,everyday,new,4,0,0.0,72.9
5525,everyday,repeat,3,1,0.118,39.14
5526,big_ticket,new,5,1,0.124,666.44
5527,everyday,repeat,1,0,0.0,14.66
5528,everyday,repeat,1,1,0.115,18.61
5529,big_ticket,new,5,1,0.147,487.19
5530,big_ticket,new,7,0,0.0,684.64
5531,everyday,repeat,3,1,0.154,92.06
5532,big_ticket,repeat,6,1,0.154,351.02
5533,everyday,new,6,0,0.0,109.48
5534,everyday,new,3,0,0.0,92.33
5535,big_ticket,new,2,0,0.0,191.78
5536,big_ticket,repeat,8,1,0.146,477.28
5537,everyday,repeat,3,0,0.0,58.08
5538,everyday,new,3,0,0.0,72.11
5539,everyday,repeat,2,0,0.0,19.69
5540,everyday,repeat,2,0,0.0,27.97
5541,big_ticket,repeat,4,1,0.188,364.17
5542,everyday,new,3,1,0.142,27.57
5543,everyday,new,2,0,0.0,61.52
5544,everyday,new,2,0,0.0,40.61
5545,everyday,repeat,3,0,0.0,38.55
5546,everyday,new,2,1,0.137,20.52
5547,big_ticket,new,5,0,0.0,493.77
5548,everyday,repeat,4,0,0.0,35.91
5549,everyday,repeat,3,0,0.0,36.16
5550,everyday,new,2,1,0.167,8.03
5551,everyday,new,2,0,0.0,51.66
5552,everyday,new,4,0,0.0,76.91
5553,everyday,new,2,0,0.0,40.53
5554,everyday,new,2,0,0.0,45.19
5555,everyday,new,6,1,0.153,98.01
5556,big_ticket,new,4,0,0.0,476.8
5557,everyday,repeat,3,0,0.0,48.26
5558,everyday,repeat,2,0,0.0,68.0
5559,everyday,new,3,1,0.192,31.67
5560,everyday,repeat,8,1,0.165,201.16
5561,big_ticket,new,4,0,0.0,624.46
5562,everyday,repeat,3,0,0.0,27.52
5563,everyday,repeat,3,0,0.0,23.57
5564,everyday,repeat,3,0,0.0,18.79
5565,big_ticket,repeat,6,1,0.123,389.3
5566,everyday,new,2,0,0.0,19.61
5567,everyday,new,5,0,0.0,96.63
5568,everyday,repeat,2,1,0.195,75.17
5569,everyday,new,3,0,0.0,39.18
5570,big_ticket,repeat,7,1,0.117,769.75
5571,everyday,repeat,3,0,0.0,82.59
5572,everyday,new,3,0,0.0,56.99
5573,everyday,repeat,4,0,0.0,69.99
5574,big_ticket,repeat,4,0,0.0,328.47
5575,everyday,repeat,1,0,0.0,17.46
5576,everyday,repeat,4,0,0.0,89.27
5577,big_ticket,repeat,5,0,0.0,363.21
5578,everyday,new,1,1,0.127,13.83
5579,big_ticket,repeat,14,1,0.129,1213.33
5580,big_ticket,new,5,1,0.109,277.49
5581,everyday,new,2,0,0.0,52.43
5582,everyday,repeat,3,1,0.128,32.86
5583,everyday,new,2,1,0.19,35.36
5584,big_ticket,new,6,1,0.189,1088.93
5585,big_ticket,new,4,1,0.185,576.53
5586,big_ticket,repeat,9,1,0.158,766.34
5587,everyday,repeat,2,1,0.153,34.79
5588,everyday,new,2,0,0.0,22.11
5589,everyday,repeat,2,0,0.0,32.12
5590,everyday,new,4,1,0.139,78.86
5591,everyday,repeat,2,0,0.0,27.93
5592,big_ticket,repeat,5,0,0.0,592.7
5593,everyday,new,4,1,0.118,45.66
5594,everyday,repeat,1,0,0.0,26.99
5595,everyday,repeat,1,0,0.0,16.51
5596,everyday,new,4,0,0.0,132.24
5597,big_ticket,new,7,1,0.163,431.23
5598,everyday,repeat,3,0,0.0,45.78
5599,everyday,new,2,0,0.0,43.01
5600,everyday,repeat,3,1,0.17,65.71
5601,everyday,repeat,4,1,0.12,129.66
5602,everyday,new,3,1,0.165,16.89
5603,big_ticket,new,8,1,0.171,2448.99
5604,big_ticket,new,6,1,0.173,489.32
5605,everyday,new,2,1,0.145,31.21
5606,everyday,repeat,3,1,0.135,28.58
5607,everyday,repeat,6,1,0.112,110.83
5608,everyday,new,2,0,0.0,19.28
5609,everyday,repeat,2,0,0.0,12.7
5610,big_ticket,new,7,1,0.182,730.67
5611,everyday,new,3,1,0.194,87.98
5612,big_ticket,repeat,8,1,0.178,848.33
5613,everyday,new,3,0,0.0,92.86
5614,everyday,repeat,3,0,0.0,18.48
5615,everyday,new,2,1,0.112,80.74
5616,everyday,repeat,3,0,0.0,162.17
5617,everyday,repeat,5,0,0.0,48.66
5618,big_ticket,new,6,1,0.187,518.49
5619,everyday,repeat,3,0,0.0,36.02
5620,everyday,new,3,0,0.0,72.66
5621,everyday,new,2,0,0.0,74.84
5622,everyday,new,2,0,0.0,20.12
5623,everyday,repeat,4,1,0.16,34.38
5624,everyday,repeat,2,0,0.0,28.85
5625,everyday,repeat,4,1,0.131,409.0
5626,everyday,repeat,4,0,0.0,100.13
5627,big_ticket,new,8,1,0.121,956.84
5628,big_ticket,repeat,7,1,0.16,1789.57
5629,everyday,repeat,3,1,0.165,89.3
5630,everyday,repeat,2,0,0.0,38.88
5631,everyday,repeat,5,1,0.16,80.88
5632,everyday,repeat,4,1,0.163,49.75
5633,everyday,new,4,0,0.0,73.39
5634,everyday,repeat,2,0,0.0,58.28
5635,everyday,repeat,1,0,0.0,28.28
5636,everyday,repeat,3,0,0.0,37.47
5637,everyday,new,4,1,0.137,62.75
5638,big_ticket,new,6,1,0.195,417.22
5639,everyday,repeat,4,0,0.0,112.59
5640,everyday,repeat,2,0,0.0,42.62
5641,everyday,repeat,3,0,0.0,43.01
5642,big_ticket,repeat,3,0,0.0,389.6
5643,big_ticket,repeat,5,1,0.101,476.89
5644,everyday,repeat,3,0,0.0,51.41
5645,everyday,new,3,0,0.0,104.23
5646,everyday,new,4,0,0.0,44.48
5647,everyday,repeat,2,0,0.0,16.53
5648,everyday,new,3,0,0.0,52.36
5649,everyday,new,4,0,0.0,118.85
5650,everyday,repeat,1,0,0.0,26.58
5651,big_ticket,new,11,1,0.196,532.25
5652,everyday,repeat,5,0,0.0,63.52
5653,everyday,new,3,1,0.109,77.66
5654,everyday,repeat,2,0,0.0,39.63
5655,everyday,new,1,0,0.0,14.42
5656,everyday,repeat,4,1,0.196,67.41
5657,big_ticket,repeat,6,1,0.143,1117.31
5658,big_ticket,new,6,1,0.144,1012.29
5659,everyday,new,2,0,0.0,43.29
5660,big_ticket,new,4,1,0.123,654.58
5661,everyday,new,2,0,0.0,26.86
5662,everyday,new,5,0,0.0,42.39
5663,everyday,new,3,1,0.165,35.27
5664,everyday,repeat,3,0,0.0,76.73
5665,everyday,new,9,1,0.139,73.32
5666,everyday,new,3,1,0.152,50.09
5667,everyday,new,2,0,0.0,35.45
5668,big_ticket,repeat,6,1,0.114,825.24
5669,everyday,repeat,1,0,0.0,8.7
5670,big_ticket,repeat,5,0,0.0,346.46
5671,everyday,repeat,5,0,0.0,61.82
5672,big_ticket,repeat,3,0,0.0,284.71
5673,everyday,new,2,1,0.189,66.55
5674,everyday,new,8,0,0.0,94.16
5675,everyday,repeat,1,0,0.0,10.81
5676,big_ticket,new,6,0,0.0,530.33
5677,everyday,repeat,5,0,0.0,233.29
5678,everyday,repeat,2,0,0.0,41.44
5679,big_ticket,repeat,5,0,0.0,431.93
5680,everyday,repeat,5,1,0.108,221.08
5681,big_ticket,repeat,3,0,0.0,458.63
5682,everyday,new,3,1,0.168,54.17
5683,everyday,new,4,0,0.0,37.55
5684,everyday,repeat,2,0,0.0,34.11
5685,everyday,repeat,2,0,0.0,47.21
5686,everyday,new,5,0,0.0,48.85
5687,everyday,new,3,0,0.0,78.7
5688,everyday,new,5,1,0.124,78.54
5689,big_ticket,repeat,9,1,0.181,851.39
5690,big_ticket,new,4,0,0.0,209.04
5691,everyday,new,4,0,0.0,78.41
5692,everyday,new,7,0,0.0,161.97
5693,everyday,repeat,3,0,0.0,28.88
5694,big_ticket,repeat,6,1,0.152,406.87
5695,big_ticket,repeat,8,1,0.152,1514.09
5696,everyday,repeat,2,1,0.194,50.59
5697,everyday,new,2,0,0.0,36.89
5698,big_ticket,repeat,4,1,0.126,452.98
5699,big_ticket,repeat,5,0,0.0,350.26
5700,everyday,repeat,3,1,0.105,24.83
5701,big_ticket,repeat,3,1,0.143,187.55
5702,everyday,repeat,5,1,0.194,71.75
5703,everyday,new,1,0,0.0,10.98
5704,big_ticket,new,9,1,0.141,2862.61
5705,everyday,repeat,2,0,0.0,69.34
5706,everyday,new,3,1,0.145,114.86
5707,big_ticket,repeat,4,1,0.151,413.29
5708,big_ticket,new,6,1,0.169,707.32
5709,everyday,repeat,2,0,0.0,57.9
5710,everyday,repeat,3,0,0.0,34.82
5711,big_ticket,repeat,7,1,0.135,634.47
5712,everyday,repeat,2,0,0.0,32.52
5713,big_ticket,repeat,5,1,0.187,880.12
5714,everyday,repeat,3,0,0.0,26.03
5715,everyday,repeat,8,1,0.118,189.35
5716,everyday,repeat,4,0,0.0,30.24
5717,big_ticket,repeat,8,0,0.0,1210.67
5718,big_ticket,repeat,5,1,0.117,265.95
5719,everyday,new,1,0,0.0,23.13
5720,everyday,new,2,0,0.0,15.08
5721,big_ticket,repeat,10,1,0.135,838.11
5722,everyday,new,2,0,0.0,53.16
5723,everyday,repeat,4,0,0.0,103.17
5724,big_ticket,new,6,0,0.0,345.26
5725,big_ticket,new,7,1,0.133,938.49
5726,big_ticket,repeat,5,1,0.167,659.63
5727,everyday,new,3,0,0.0,44.69
5728,everyday,repeat,6,1,0.174,64.11
5729,big_ticket,repeat,10,1,0.162,852.08
5730,everyday,repeat,3,1,0.179,44.16
5731,everyday,new,2,0,0.0,16.86
5732,big_ticket,new,10,1,0.117,1055.31
5733,everyday,repeat,4,1,0.111,24.36
5734,big_ticket,new,2,1,0.144,155.84
5735,everyday,repeat,3,0,0.0,52.41
5736,big_ticket,repeat,7,0,0.0,1066.47
5737,everyday,new,2,0,0.0,54.35
5738,everyday,repeat,1,0,0.0,6.65
5739,big_ticket,repeat,5,1,0.122,582.68
5740,everyday,repeat,3,1,0.128,54.96
5741,big_ticket,new,5,0,0.0,764.63
5742,everyday,repeat,4,0,0.0,121.67
5743,big_ticket,new,6,1,0.182,618.1
5744,big_ticket,repeat,7,1,0.172,1266.99
5745,everyday,repeat,2,0,0.0,34.7
5746,everyday,repeat,3,0,0.0,40.54
5747,everyday,repeat,2,0,0.0,14.99
5748,big_ticket,repeat,5,0,0.0,457.57
5749,big_ticket,repeat,6,1,0.124,382.86
5750,big_ticket,new,7,1,0.122,753.46
5751,everyday,repeat,2,0,0.0,10.71
5752,everyday,new,3,1,0.185,51.26
5753,big_ticket,repeat,8,1,0.196,517.09
5754,big_ticket,new,5,0,0.0,422.31
5755,everyday,new,2,0,0.0,27.26
5756,everyday,repeat,4,0,0.0,74.67
5757,everyday,new,2,0,0.0,54.25
5758,everyday,repeat,2,0,0.0,65.64
5759,everyday,new,2,0,0.0,39.64
5760,everyday,new,1,0,0.0,13.8
5761,everyday,repeat,5,1,0.165,151.6
5762,big_ticket,repeat,7,1,0.147,620.9
5763,big_ticket,repeat,5,0,0.0,384.68
5764,big_ticket,new,6,1,0.14,808.89
5765,everyday,new,6,1,0.123,162.55
5766,everyday,new,4,0,0.0,94.39
5767,everyday,new,4,0,0.0,57.47
5768,everyday,repeat,5,0,0.0,64.71
5769,everyday,new,2,1,0.109,66.17
5770,big_ticket,repeat,7,1,0.128,454.68
5771,big_ticket,repeat,5,1,0.18,1011.01
5772,big_ticket,new,5,0,0.0,369.4
5773,everyday,repeat,3,0,0.0,49.32
5774,everyday,new,3,0,0.0,45.77
5775,everyday,repeat,2,0,0.0,58.52
5776,everyday,new,1,0,0.0,20.47
5777,big_ticket,repeat,4,0,0.0,447.82
5778,everyday,new,5,1,0.107,75.16
5779,big_ticket,new,4,0,0.0,334.27
5780,everyday,new,2,0,0.0,20.95
5781,big_ticket,new,6,0,0.0,721.2
5782,big_ticket,repeat,6,1,0.163,427.2
5783,everyday,new,1,0,0.0,14.53
5784,big_ticket,repeat,8,0,0.0,1047.65
5785,everyday,repeat,4,1,0.126,65.5
5786,big_ticket,new,7,1,0.177,643.03
5787,big_ticket,new,4,0,0.0,932.75
5788,big_ticket,new,3,1,0.156,347.78
5789,big_ticket,repeat,10,1,0.16,751.89
5790,everyday,new,3,0,0.0,107.37
5791,big_ticket,repeat,5,0,0.0,213.19
5792,everyday,new,2,0,0.0,44.83
5793,everyday,new,2,1,0.193,29.04
5794,everyday,new,3,1,0.184,79.46
5795,big_ticket,repeat,5,1,0.104,295.1
5796,everyday,repeat,2,0,0.0,60.12
5797,everyday,repeat,1,0,0.0,13.64
5798,big_ticket,new,5,0,0.0,388.35
5799,everyday,new,5,1,0.156,74.41
5800,everyday,repeat,7,1,0.133,66.47
5801,everyday,repeat,3,0,0.0,73.16
5802,everyday,repeat,3,0,0.0,36.6
5803,big_ticket,new,9,1,0.148,1107.06
5804,everyday,repeat,3,0,0.0,43.35
5805,everyday,new,3,1,0.191,44.84
5806,big_ticket,repeat,6,0,0.0,618.5
5807,big_ticket,new,6,0,0.0,560.2
5808,big_ticket,repeat,2,0,0.0,419.93
5809,everyday,new,2,0,0.0,23.13
5810,big_ticket,repeat,9,0,0.0,566.67
5811,everyday,repeat,3,0,0.0,43.61
5812,everyday,repeat,4,0,0.0,44.98
5813,everyday,repeat,6,1,0.134,230.07
5814,big_ticket,new,7,1,0.164,1074.68
5815,everyday,repeat,2,1,0.126,8.76
5816,big_ticket,repeat,6,0,0.0,735.04
5817,everyday,repeat,5,0,0.0,99.71
5818,everyday,new,3,0,0.0,58.05
5819,everyday,new,2,0,0.0,21.95
5820,everyday,new,4,0,0.0,127.58
5821,everyday,repeat,4,0,0.0,41.65
5822,big_ticket,new,4,1,0.185,291.76
5823,big_ticket,new,5,0,0.0,513.88
5824,everyday,repeat,4,0,0.0,74.27
5825,everyday,repeat,3,1,0.144,37.37
5826,everyday,repeat,1,0,0.0,20.96
5827,everyday,new,2,0,0.0,21.64
5828,everyday,new,3,1,0.105,58.86
5829,everyday,repeat,2,0,0.0,24.68
5830,big_ticket,new,7,1,0.148,719.26
5831,everyday,repeat,4,0,0.0,58.14
5832,everyday,new,3,0,0.0,53.78
5833,everyday,repeat,2,1,0.196,57.18
5834,everyday,new,2,0,0.0,36.55
5835,everyday,repeat,2,0,0.0,49.14
5836,everyday,repeat,4,0,0.0,36.01
5837,big_ticket,new,6,1,0.13,615.16
5838,everyday,repeat,4,1,0.151,60.11
5839,everyday,repeat,5,1,0.151,127.46
5840,everyday,repeat,6,1,0.187,126.86
5841,everyday,new,2,0,0.0,42.75
5842,everyday,new,2,0,0.0,46.73
5843,everyday,repeat,1,0,0.0,27.5
5844,everyday,repeat,3,1,0.163,17.77
5845,everyday,repeat,2,1,0.159,22.53
5846,big_ticket,new,14,1,0.195,1604.04
5847,big_ticket,repeat,10,0,0.0,1059.84
5848,everyday,new,2,0,0.0,29.19
5849,everyday,new,2,0,0.0,36.32
5850,big_ticket,repeat,5,1,0.103,462.08
5851,big_ticket,repeat,9,1,0.132,734.33
5852,big_ticket,repeat,4,1,0.163,435.51
5853,everyday,new,4,1,0.122,68.26
5854,everyday,new,5,1,0.113,35.03
5855,everyday,repeat,1,0,0.0,11.46
5856,big_ticket,new,6,0,0.0,876.1
5857,everyday,repeat,1,0,0.0,21.8
5858,everyday,repeat,5,1,0.135,87.37
5859,everyday,new,3,0,0.0,54.84
5860,everyday,repeat,1,1,0.166,21.37
5861,everyday,repeat,4,1,0.138,52.65
5862,everyday,repeat,4,0,0.0,34.31
5863,everyday,new,6,0,0.0,79.42
5864,big_ticket,repeat,5,1,0.159,562.22
5865,everyday,repeat,3,0,0.0,20.98
5866,everyday,repeat,4,1,0.186,73.43
5867,big_ticket,new,4,1,0.136,408.63
5868,big_ticket,new,7,1,0.147,460.73
5869,everyday,repeat,4,1,0.174,35.1
5870,everyday,repeat,2,1,0.127,49.18
5871,everyday,repeat,3,0,0.0,24.54
5872,everyday,repeat,5,0,0.0,51.16
5873,everyday,new,2,0,0.0,46.15
5874,everyday,repeat,4,1,0.15,60.85
5875,everyday,new,4,1,0.138,24.85
5876,everyday,new,2,0,0.0,46.84
5877,everyday,new,3,0,0.0,17.12
5878,everyday,repeat,3,0,0.0,45.14
5879,big_ticket,new,4,0,0.0,340.77
5880,everyday,repeat,5,1,0.171,86.5
5881,everyday,new,1,0,0.0,13.82
5882,everyday,new,3,0,0.0,47.59
5883,big_ticket,repeat,3,1,0.149,744.19
5884,big_ticket,new,10,1,0.125,615.37
5885,everyday,new,2,1,0.148,98.24
5886,everyday,repeat,1,0,0.0,13.29
5887,everyday,repeat,1,1,0.157,11.07
5888,everyday,repeat,9,0,0.0,187.59
5889,big_ticket,repeat,8,0,0.0,1023.41
5890,everyday,new,3,0,0.0,51.96
5891,big_ticket,new,3,0,0.0,279.3
5892,everyday,new,2,0,0.0,43.41
5893,everyday,repeat,2,0,0.0,15.8
5894,big_ticket,new,6,0,0.0,319.41
5895,everyday,new,2,1,0.169,10.46
5896,big_ticket,repeat,7,1,0.104,820.43
5897,everyday,repeat,3,1,0.137,44.78
5898,big_ticket,new,7,1,0.117,1182.99
5899,everyday,repeat,1,0,0.0,10.73
5900,everyday,new,2,0,0.0,55.28
5901,big_ticket,repeat,8,1,0.112,695.61
5902,everyday,repeat,4,0,0.0,90.56
5903,everyday,repeat,1,0,0.0,24.19
5904,big_ticket,new,4,0,0.0,296.04
5905,everyday,repeat,1,1,0.119,19.05
5906,big_ticket,new,6,0,0.0,753.83
5907,everyday,repeat,3,0,0.0,89.83
5908,everyday,repeat,3,0,0.0,189.78
5909,everyday,repeat,2,1,0.147,16.02
5910,everyday,repeat,4,0,0.0,68.06
5911,big_ticket,repeat,2,0,0.0,270.91
5912,everyday,repeat,3,0,0.0,61.68
5913,everyday,new,3,1,0.193,22.25
5914,everyday,repeat,5,0,0.0,48.51
5915,everyday,repeat,3,1,0.13,118.11
5916,everyday,new,1,0,0.0,34.2
5917,big_ticket,repeat,4,1,0.168,538.03
5918,big_ticket,new,6,1,0.114,321.85
5919,big_ticket,repeat,6,1,0.142,229.44
5920,everyday,new,1,1,0.13,25.24
5921,everyday,new,2,0,0.0,31.15
5922,everyday,repeat,3,1,0.141,56.81
5923,big_ticket,repeat,7,1,0.174,541.85
5924,everyday,repeat,3,0,0.0,80.07
5925,everyday,repeat,3,0,0.0,38.62
5926,everyday,new,4,0,0.0,169.32
5927,big_ticket,new,2,0,0.0,108.84
5928,big_ticket,repeat,5,1,0.199,867.89
5929,big_ticket,repeat,6,1,0.147,1136.8
5930,everyday,repeat,3,0,0.0,53.4
5931,big_ticket,new,6,1,0.116,519.58
5932,everyday,new,7,1,0.155,100.1
5933,everyday,new,3,1,0.158,75.85
5934,everyday,repeat,2,0,0.0,45.03
5935,everyday,new,5,1,0.178,64.64
5936,everyday,repeat,3,0,0.0,52.0
5937,everyday,new,2,0,0.0,20.22
5938,everyday,repeat,1,0,0.0,39.18
5939,everyday,new,3,0,0.0,73.34
5940,big_ticket,repeat,5,1,0.122,400.54
5941,everyday,repeat,2,0,0.0,36.28
5942,everyday,new,2,0,0.0,49.87
5943,everyday,new,1,0,0.0,12.7
5944,big_ticket,new,6,1,0.158,562.22
5945,everyday,repeat,3,0,0.0,70.55
5946,everyday,repeat,3,0,0.0,27.16
5947,everyday,new,3,0,0.0,65.27
5948,everyday,repeat,6,0,0.0,345.27
5949,everyday,new,5,1,0.143,36.52
5950,everyday,repeat,3,0,0.0,78.05
5951,everyday,repeat,2,0,0.0,17.88
5952,everyday,repeat,4,1,0.194,33.37
5953,everyday,new,1,0,0.0,13.53
5954,everyday,new,6,1,0.13,130.06
5955,everyday,repeat,1,1,0.177,22.08
5956,everyday,new,2,1,0.137,31.35
5957,everyday,repeat,2,0,0.0,19.28
5958,everyday,repeat,3,1,0.173,46.43
5959,everyday,repeat,4,1,0.183,26.84
5960,everyday,repeat,1,0,0.0,25.06
5961,everyday,repeat,4,0,0.0,54.1
5962,everyday,repeat,2,0,0.0,57.21
5963,everyday,new,4,1,0.115,40.86
5964,everyday,repeat,1,0,0.0,21.52
5965,everyday,new,2,1,0.115,13.71
5966,everyday,repeat,1,1,0.105,32.6
5967,big_ticket,repeat,4,0,0.0,289.07
5968,everyday,repeat,2,0,0.0,27.44
5969,everyday,new,3,1,0.102,40.06
5970,big_ticket,new,8,1,0.141,1334.83
5971,everyday,repeat,5,1,0.176,82.97
5972,everyday,repeat,2,0,0.0,14.82
5973,everyday,new,4,0,0.0,55.75
5974,big_ticket,repeat,8,1,0.111,890.5
5975,big_ticket,repeat,6,1,0.115,541.7
5976,everyday,repeat,2,0,0.0,25.35
5977,big_ticket,repeat,5,1,0.185,462.61
5978,everyday,repeat,5,0,0.0,79.46
5979,everyday,repeat,3,0,0.0,66.08
5980,everyday,new,3,0,0.0,51.72
5981,everyday,repeat,4,1,0.162,68.41
5982,everyday,repeat,4,0,0.0,67.32
5983,big_ticket,repeat,8,1,0.145,1817.39
5984,everyday,repeat,4,1,0.172,50.21
5985,everyday,repeat,3,1,0.185,33.64
5986,everyday,new,1,0,0.0,16.67
5987,everyday,new,2,0,0.0,38.69
5988,everyday,new,3,0,0.0,50.98
5989,big_ticket,repeat,8,1,0.182,797.02
5990,everyday,repeat,3,1,0.135,79.29
5991,everyday,new,4,0,0.0,33.09
5992,everyday,new,3,1,0.178,25.75
5993,big_ticket,repeat,6,1,0.117,658.08
5994,big_ticket,new,6,1,0.164,506.65
5995,everyday,new,3,0,0.0,46.63
5996,everyday,new,2,0,0.0,53.62
5997,everyday,repeat,4,1,0.147,109.13
5998,big_ticket,repeat,3,0,0.0,341.6
5999,big_ticket,repeat,5,1,0.171,851.78
6000,big_ticket,new,6,1,0.104,536.97
6001,everyday,new,2,0,0.0,30.1
6002,everyday,repeat,2,0,0.0,19.67
6003,everyday,repeat,4,0,0.0,88.03
6004,everyday,new,2,0,0.0,57.73
6005,everyday,repeat,2,0,0.0,40.5
6006,everyday,repeat,4,1,0.135,45.13
6007,everyday,repeat,2,0,0.0,11.19
6008,big_ticket,new,11,1,0.171,651.26
6009,big_ticket,new,4,1,0.133,339.89
6010,big_ticket,new,5,1,0.199,706.71
6011,big_ticket,repeat,4,1,0.192,328.2
6012,big_ticket,repeat,7,1,0.126,705.35
6013,everyday,repeat,4,0,0.0,49.93
6014,everyday,new,2,1,0.153,36.08
6015,everyday,new,2,0,0.0,51.86
6016,everyday,repeat,3,0,0.0,35.1
6017,everyday,repeat,2,0,0.0,94.87
6018,big_ticket,new,2,0,0.0,143.7
6019,big_ticket,repeat,4,1,0.152,679.63
6020,big_ticket,repeat,7,1,0.181,365.25
6021,big_ticket,repeat,6,0,0.0,717.25
6022,big_ticket,repeat,3,1,0.15,375.72
6023,everyday,new,3,0,0.0,68.47
6024,big_ticket,repeat,3,1,0.156,682.31
6025,big_ticket,repeat,9,1,0.126,1116.76
6026,big_ticket,repeat,4,0,0.0,310.35
6027,everyday,repeat,2,0,0.0,24.24
6028,everyday,new,4,1,0.134,77.07
6029,big_ticket,repeat,4,0,0.0,351.66
6030,everyday,repeat,3,1,0.13,40.35
6031,everyday,new,4,0,0.0,112.56
6032,everyday,repeat,2,1,0.123,26.49
6033,everyday,new,2,0,0.0,51.08
6034,everyday,repeat,4,0,0.0,54.46
6035,big_ticket,new,6,1,0.18,1152.59
6036,big_ticket,new,4,1,0.111,267.43
6037,big_ticket,repeat,5,1,0.174,560.95
6038,everyday,repeat,3,1,0.139,126.6
6039,everyday,repeat,6,0,0.0,122.24
6040,everyday,repeat,5,1,0.184,95.45
6041,everyday,new,2,0,0.0,34.84
6042,everyday,repeat,4,0,0.0,49.65
6043,big_ticket,repeat,3,0,0.0,925.06
6044,big_ticket,new,6,1,0.113,729.04
6045,everyday,repeat,2,0,0.0,35.15
6046,everyday,new,1,0,0.0,7.63
6047,everyday,new,2,0,0.0,13.83
6048,everyday,repeat,4,0,0.0,45.1
6049,everyday,repeat,2,0,0.0,21.32
6050,everyday,repeat,7,0,0.0,133.09
6051,everyday,repeat,4,1,0.168,49.84
6052,everyday,new,2,0,0.0,42.76
6053,big_ticket,repeat,5,1,0.184,654.12
6054,everyday,new,3,1,0.165,148.98
6055,everyday,new,1,0,0.0,14.34
6056,everyday,new,3,0,0.0,59.83
6057,everyday,new,4,1,0.168,47.94
6058,everyday,new,1,0,0.0,13.22
6059,big_ticket,repeat,12,1,0.126,2253.55
6060,big_ticket,repeat,8,0,0.0,1760.23
6061,everyday,repeat,2,0,0.0,47.25
6062,everyday,new,3,0,0.0,81.9
6063,everyday,repeat,2,1,0.194,92.93
6064,everyday,new,2,0,0.0,47.06
6065,everyday,repeat,4,0,0.0,66.97
6066,big_ticket,repeat,6,1,0.175,379.27
6067,everyday,new,2,0,0.0,23.14
6068,everyday,repeat,4,1,0.153,54.04
6069,everyday,repeat,3,0,0.0,54.93
6070,everyday,new,3,0,0.0,88.36
6071,big_ticket,repeat,2,0,0.0,128.85
6072,everyday,repeat,3,0,0.0,42.75
6073,everyday,new,1,0,0.0,9.02
6074,everyday,new,3,1,0.197,33.62
6075,big_ticket,repeat,6,0,0.0,425.18
6076,everyday,repeat,2,0,0.0,43.46
6077,everyday,new,1,1,0.16,26.63
6078,everyday,repeat,4,1,0.165,106.47
6079,everyday,new,1,0,0.0,9.92
6080,big_ticket,repeat,5,1,0.157,736.7
6081,everyday,repeat,4,0,0.0,100.72
6082,everyday,repeat,2,1,0.16,55.88
6083,everyday,repeat,2,0,0.0,32.72
6084,everyday,repeat,3,0,0.0,109.79
6085,everyday,repeat,3,0,0.0,87.48
6086,big_ticket,new,7,1,0.152,885.52
6087,everyday,new,2,0,0.0,39.11
6088,everyday,repeat,4,0,0.0,28.03
6089,everyday,new,3,0,0.0,30.94
6090,big_ticket,new,5,1,0.172,392.98
6091,everyday,repeat,4,0,0.0,147.53
6092,everyday,repeat,3,0,0.0,95.72
6093,everyday,new,4,0,0.0,46.27
6094,everyday,new,1,0,0.0,26.74
6095,big_ticket,new,8,1,0.125,1518.68
6096,everyday,new,3,0,0.0,13.32
6097,everyday,new,2,1,0.144,87.15
6098,everyday,repeat,4,0,0.0,21.59
6099,everyday,repeat,2,0,0.0,7.92
6100,everyday,new,3,0,0.0,55.79
6101,everyday,new,2,0,0.0,28.06
6102,everyday,repeat,3,1,0.189,59.32
6103,big_ticket,new,5,1,0.163,575.03
6104,big_ticket,new,5,0,0.0,650.45
6105,everyday,new,2,0,0.0,43.34
6106,big_ticket,repeat,3,0,0.0,340.74
6107,big_ticket,new,11,1,0.198,1069.28
6108,everyday,new,2,0,0.0,43.93
6109,everyday,repeat,3,1,0.165,40.13
6110,everyday,repeat,2,0,0.0,49.07
6111,everyday,repeat,3,0,0.0,55.16
6112,everyday,repeat,4,1,0.136,60.21
6113,everyday,repeat,3,0,0.0,86.47
6114,big_ticket,new,4,1,0.135,390.65
6115,everyday,new,1,0,0.0,8.3
6116,big_ticket,new,2,0,0.0,226.92
6117,everyday,new,3,1,0.145,50.0
6118,everyday,new,3,0,0.0,44.09
6119,big_ticket,new,4,1,0.113,948.81
6120,everyday,repeat,5,1,0.187,62.43
6121,everyday,repeat,6,1,0.117,368.68
6122,everyday,new,3,0,0.0,25.79
6123,everyday,repeat,2,0,0.0,39.38
6124,everyday,new,1,0,0.0,18.23
6125,everyday,repeat,1,0,0.0,24.58
6126,everyday,repeat,2,0,0.0,27.53
6127,everyday,new,3,1,0.18,92.6
6128,everyday,new,3,1,0.128,42.18
6129,everyday,repeat,5,0,0.0,64.26
6130,everyday,repeat,4,0,0.0,68.64
6131,everyday,repeat,2,0,0.0,39.15
6132,everyday,new,2,0,0.0,56.85
6133,big_ticket,new,4,1,0.169,303.59
6134,everyday,new,2,0,0.0,52.12
6135,everyday,repeat,4,1,0.111,108.83
6136,everyday,new,2,1,0.146,47.98
6137,big_ticket,new,5,1,0.13,852.57
6138,everyday,repeat,2,0,0.0,25.81
6139,everyday,repeat,1,0,0.0,21.12
6140,everyday,new,2,1,0.193,37.35
6141,everyday,repeat,2,0,0.0,15.69
6142,everyday,repeat,3,0,0.0,77.88
6143,everyday,repeat,3,1,0.105,35.56
6144,everyday,new,3,0,0.0,35.83
6145,everyday,repeat,3,0,0.0,84.42
6146,everyday,new,2,0,0.0,35.88
6147,big_ticket,repeat,6,1,0.199,1056.81
6148,everyday,repeat,3,0,0.0,41.12
6149,big_ticket,repeat,6,1,0.156,382.01
6150,big_ticket,repeat,4,1,0.114,749.99
6151,big_ticket,repeat,7,0,0.0,911.94
6152,big_ticket,new,4,1,0.166,288.36
6153,everyday,new,3,0,0.0,173.77
6154,everyday,new,3,1,0.121,160.98
6155,everyday,repeat,7,1,0.173,97.14
6156,everyday,new,2,1,0.124,36.53
6157,everyday,repeat,3,1,0.198,54.72
6158,everyday,repeat,5,1,0.194,141.9
6159,everyday,repeat,4,0,0.0,70.59
6160,big_ticket,new,6,0,0.0,485.4
6161,everyday,repeat,2,0,0.0,59.53
6162,everyday,repeat,3,1,0.116,18.95
6163,everyday,repeat,2,0,0.0,30.46
6164,everyday,repeat,4,0,0.0,73.96
6165,big_ticket,new,5,0,0.0,506.9
6166,everyday,new,3,0,0.0,21.12
6167,everyday,repeat,2,0,0.0,33.67
6168,everyday,repeat,2,1,0.129,25.34
6169,everyday,repeat,4,1,0.175,53.74
6170,everyday,repeat,2,0,0.0,32.8
6171,big_ticket,repeat,4,1,0.12,351.69
6172,everyday,repeat,4,0,0.0,57.02
6173,everyday,repeat,2,0,0.0,23.45
6174,everyday,repeat,4,1,0.184,35.03
6175,everyday,new,2,0,0.0,42.36
6176,big_ticket,new,7,1,0.123,250.08
6177,big_ticket,new,5,1,0.137,639.33
6178,everyday,new,5,1,0.193,129.12
6179,everyday,repeat,4,0,0.0,62.3
6180,everyday,repeat,3,0,0.0,85.46
6181,everyday,new,4,0,0.0,209.91
6182,everyday,new,4,1,0.144,88.58
6183,big_ticket,repeat,5,1,0.1,439.69
6184,everyday,repeat,5,0,0.0,148.64
6185,everyday,repeat,2,0,0.0,12.49
6186,big_ticket,new,3,1,0.198,375.29
6187,big_ticket,new,2,0,0.0,132.55
6188,everyday,repeat,3,0,0.0,56.91
6189,everyday,repeat,5,1,0.188,38.08
6190,everyday,repeat,3,0,0.0,78.0
6191,big_ticket,repeat,6,0,0.0,502.28
6192,everyday,new,5,0,0.0,76.94
6193,everyday,new,2,0,0.0,24.1
6194,everyday,new,4,0,0.0,42.26
6195,everyday,new,2,0,0.0,22.76
6196,everyday,new,2,1,0.199,14.76
6197,big_ticket,new,4,1,0.124,591.37
6198,everyday,new,2,0,0.0,72.71
6199,everyday,repeat,3,0,0.0,60.12
6200,big_ticket,new,8,1,0.194,587.56
6201,everyday,repeat,3,0,0.0,58.12
6202,everyday,new,5,1,0.146,22.04
6203,everyday,new,5,1,0.106,194.78
6204,everyday,new,3,0,0.0,37.3
6205,everyday,new,5,0,0.0,106.29
6206,everyday,new,4,1,0.175,64.6
6207,everyday,repeat,5,0,0.0,109.96
6208,everyday,repeat,2,0,0.0,105.48
6209,everyday,new,1,1,0.147,5.7
6210,big_ticket,new,6,0,0.0,685.48
6211,everyday,new,4,0,0.0,75.87
6212,big_ticket,repeat,8,1,0.154,550.03
6213,everyday,new,3,0,0.0,34.05
6214,everyday,new,3,0,0.0,79.55
6215,everyday,repeat,2,0,0.0,32.32
6216,everyday,repeat,5,1,0.121,83.03
6217,everyday,repeat,2,1,0.194,28.57
6218,everyday,new,2,0,0.0,30.38
6219,everyday,new,4,1,0.166,90.15
6220,everyday,new,3,0,0.0,65.55
6221,everyday,repeat,2,0,0.0,22.3
6222,everyday,repeat,4,0,0.0,56.53
6223,everyday,new,1,0,0.0,27.36
6224,everyday,repeat,2,0,0.0,76.27
6225,everyday,repeat,1,0,0.0,38.15
6226,everyday,repeat,2,1,0.168,74.14
6227,everyday,new,4,0,0.0,72.65
6228,everyday,new,2,1,0.137,55.74
6229,everyday,new,1,0,0.0,19.76
6230,everyday,repeat,2,1,0.14,22.96
6231,big_ticket,new,6,1,0.197,470.59
6232,everyday,new,4,1,0.173,59.95
6233,big_ticket,repeat,6,1,0.169,519.65
6234,everyday,repeat,2,0,0.0,48.97
6235,everyday,repeat,4,1,0.182,63.1
6236,everyday,repeat,4,0,0.0,58.73
6237,everyday,repeat,2,0,0.0,23.4
6238,everyday,repeat,3,1,0.118,42.29
6239,big_ticket,new,4,0,0.0,218.22
6240,everyday,new,3,1,0.154,58.73
6241,everyday,new,2,1,0.159,35.16
6242,everyday,new,5,1,0.155,55.56
6243,everyday,repeat,6,1,0.191,78.14
6244,big_ticket,repeat,12,1,0.154,1813.16
6245,everyday,new,3,0,0.0,63.56
6246,everyday,repeat,2,0,0.0,25.65
6247,big_ticket,repeat,5,1,0.135,410.18
6248,big_ticket,repeat,6,1,0.105,546.9
6249,everyday,repeat,4,0,0.0,77.17
6250,everyday,new,3,0,0.0,62.23
6251,big_ticket,new,2,1,0.151,229.26
6252,everyday,new,4,1,0.105,40.5
6253,everyday,repeat,3,1,0.195,24.69
6254,everyday,new,4,1,0.181,33.72
6255,big_ticket,repeat,7,1,0.127,567.59
6256,big_ticket,new,4,1,0.172,499.72
6257,everyday,repeat,3,0,0.0,53.48
6258,everyday,repeat,4,1,0.119,85.81
6259,everyday,new,2,1,0.192,16.79
6260,everyday,repeat,5,1,0.119,49.51
6261,big_ticket,repeat,8,1,0.124,400.9
6262,everyday,repeat,8,1,0.145,88.59
6263,everyday,repeat,4,0,0.0,72.38
6264,big_ticket,repeat,6,1,0.149,1515.44
6265,everyday,new,3,0,0.0,44.52
6266,big_ticket,repeat,11,1,0.107,732.26
6267,everyday,new,3,0,0.0,53.64
6268,big_ticket,new,7,1,0.152,832.67
6269,everyday,new,3,0,0.0,64.36
6270,everyday,repeat,2,0,0.0,105.17
6271,everyday,new,3,0,0.0,30.54
6272,everyday,repeat,4,0,0.0,45.6
6273,everyday,new,2,0,0.0,37.96
6274,everyday,new,1,0,0.0,25.34
6275,everyday,new,5,0,0.0,228.01
6276,big_ticket,new,5,1,0.126,693.73
6277,everyday,new,5,1,0.173,53.73
6278,everyday,repeat,1,1,0.168,11.17
6279,big_ticket,new,9,1,0.15,1216.57
6280,everyday,new,3,0,0.0,43.59
6281,big_ticket,new,6,1,0.128,224.22
6282,everyday,new,2,0,0.0,33.41
6283,everyday,repeat,4,1,0.14,35.05
6284,everyday,new,3,0,0.0,22.94
6285,big_ticket,repeat,12,1,0.103,1271.44
6286,everyday,repeat,2,1,0.147,22.69
6287,everyday,new,2,0,0.0,24.42
6288,big_ticket,repeat,5,0,0.0,753.38
6289,everyday,new,2,0,0.0,45.66
6290,big_ticket,repeat,6,1,0.133,879.92
6291,big_ticket,repeat,1,0,0.0,146.44
6292,big_ticket,new,6,1,0.179,1160.96
6293,big_ticket,repeat,10,1,0.117,2310.82
6294,big_ticket,new,5,1,0.138,517.64
6295,everyday,repeat,3,0,0.0,44.52
6296,big_ticket,repeat,12,1,0.198,954.94
6297,big_ticket,new,8,1,0.171,650.77
6298,everyday,new,2,1,0.169,60.95
6299,everyday,repeat,3,0,0.0,43.82
6300,big_ticket,new,6,1,0.168,309.65
6301,everyday,repeat,1,0,0.0,9.96
6302,everyday,new,2,0,0.0,19.82
6303,everyday,new,2,0,0.0,40.32
6304,everyday,repeat,3,0,0.0,80.11
6305,big_ticket,repeat,5,1,0.112,355.7
6306,everyday,repeat,9,1,0.132,290.05
6307,everyday,repeat,4,0,0.0,120.67
6308,big_ticket,new,6,1,0.137,349.17
6309,everyday,new,4,1,0.17,106.82
6310,big_ticket,new,5,0,0.0,716.24
6311,everyday,new,2,0,0.0,16.17
6312,big_ticket,new,5,1,0.117,139.8
6313,big_ticket,repeat,4,1,0.116,311.78
6314,everyday,new,3,0,0.0,92.78
6315,everyday,new,4,1,0.195,36.77
6316,everyday,repeat,2,0,0.0,18.07
6317,everyday,new,3,1,0.18,31.91
6318,big_ticket,repeat,9,1,0.153,1050.9
6319,everyday,new,3,0,0.0,36.35
6320,everyday,new,5,0,0.0,104.61
6321,everyday,repeat,1,0,0.0,3.66
6322,everyday,repeat,1,0,0.0,15.83
6323,big_ticket,repeat,7,1,0.111,2042.66
6324,everyday,new,7,1,0.162,183.36
6325,everyday,new,3,0,0.0,60.19
6326,everyday,repeat,5,0,0.0,86.79
6327,big_ticket,new,2,1,0.19,292.75
6328,everyday,repeat,2,0,0.0,42.32
6329,everyday,new,3,0,0.0,43.02
6330,everyday,new,3,0,0.0,78.76
6331,everyday,new,6,1,0.157,50.38
6332,big_ticket,repeat,7,1,0.196,240.9
6333,everyday,new,1,0,0.0,21.63
6334,everyday,repeat,2,0,0.0,36.36
6335,big_ticket,new,9,1,0.188,1451.68
6336,everyday,repeat,2,0,0.0,76.27
6337,everyday,new,3,0,0.0,84.79
6338,everyday,repeat,2,1,0.129,65.99
6339,everyday,repeat,4,0,0.0,83.95
6340,big_ticket,repeat,8,1,0.159,888.3
6341,big_ticket,new,8,1,0.121,1266.58
6342,big_ticket,repeat,9,1,0.186,988.48
6343,big_ticket,new,7,1,0.164,505.93
6344,everyday,repeat,1,0,0.0,14.41
6345,everyday,repeat,2,0,0.0,59.34
6346,everyday,new,4,0,0.0,35.94
6347,big_ticket,repeat,9,1,0.138,1945.75
6348,big_ticket,repeat,3,1,0.153,140.67
6349,everyday,new,3,1,0.142,160.56
6350,everyday,new,2,0,0.0,23.79
6351,big_ticket,new,4,1,0.115,570.93
6352,big_ticket,repeat,4,1,0.156,349.34
6353,big_ticket,repeat,7,1,0.124,534.8
6354,everyday,new,4,1,0.126,44.42
6355,everyday,new,3,0,0.0,104.86
6356,everyday,new,6,1,0.155,59.31
6357,everyday,new,2,0,0.0,20.27
6358,big_ticket,new,5,1,0.175,320.05
6359,everyday,new,3,0,0.0,22.83
6360,everyday,new,3,0,0.0,61.33
6361,everyday,repeat,2,1,0.103,22.76
6362,everyday,repeat,4,1,0.144,196.0
6363,everyday,new,3,0,0.0,122.0
6364,everyday,repeat,1,0,0.0,31.09
6365,big_ticket,new,8,1,0.2,1013.82
6366,everyday,new,2,0,0.0,24.21
6367,everyday,repeat,1,0,0.0,24.39
6368,everyday,repeat,4,0,0.0,41.17
6369,everyday,new,2,0,0.0,51.14
6370,big_ticket,new,5,0,0.0,402.59
6371,big_ticket,repeat,6,1,0.179,979.67
6372,everyday,new,3,0,0.0,48.12
6373,big_ticket,repeat,4,0,0.0,361.67
6374,big_ticket,new,1,0,0.0,146.28
6375,everyday,new,5,0,0.0,202.17
6376,everyday,repeat,6,0,0.0,58.04
6377,everyday,repeat,3,0,0.0,35.25
6378,big_ticket,repeat,7,1,0.129,245.97
6379,everyday,repeat,1,0,0.0,23.06
6380,everyday,repeat,5,0,0.0,123.93
6381,big_ticket,new,9,1,0.191,799.23
6382,big_ticket,new,7,1,0.138,1213.87
6383,everyday,new,1,0,0.0,11.37
6384,big_ticket,repeat,5,1,0.106,348.93
6385,everyday,repeat,5,1,0.135,110.13
6386,big_ticket,new,5,1,0.105,463.71
6387,everyday,repeat,3,0,0.0,21.37
6388,everyday,new,4,0,0.0,110.53
6389,big_ticket,repeat,9,0,0.0,497.44
6390,everyday,repeat,2,0,0.0,35.8
6391,everyday,new,2,1,0.143,6.1
6392,everyday,new,2,1,0.162,32.52
6393,everyday,new,4,0,0.0,58.47
6394,everyday,repeat,2,1,0.128,84.17
6395,everyday,new,5,0,0.0,72.66
6396,big_ticket,repeat,6,1,0.168,965.54
6397,big_ticket,repeat,6,1,0.19,944.65
6398,everyday,repeat,2,0,0.0,33.01
6399,everyday,repeat,5,1,0.161,160.3
6400,big_ticket,new,4,0,0.0,389.26
6401,everyday,repeat,2,0,0.0,26.35
6402,everyday,new,2,0,0.0,30.49
6403,everyday,new,3,1,0.12,217.44
6404,everyday,new,5,0,0.0,106.86
6405,everyday,new,5,0,0.0,70.69
6406,big_ticket,repeat,10,1,0.19,486.15
6407,big_ticket,new,3,1,0.187,230.96
6408,everyday,repeat,4,0,0.0,44.31
6409,everyday,new,2,0,0.0,24.66
6410,everyday,repeat,1,0,0.0,6.47
6411,everyday,repeat,3,1,0.165,83.7
6412,big_ticket,repeat,7,1,0.165,500.11
6413,everyday,repeat,2,0,0.0,35.12
6414,big_ticket,new,4,0,0.0,601.11
6415,everyday,new,1,1,0.191,19.73
6416,everyday,repeat,4,0,0.0,180.72
6417,everyday,new,4,0,0.0,54.39
6418,everyday,repeat,3,0,0.0,38.16
6419,big_ticket,repeat,5,1,0.148,538.67
6420,everyday,new,1,0,0.0,14.08
6421,everyday,repeat,3,1,0.118,18.05
6422,everyday,new,1,1,0.192,36.0
6423,everyday,repeat,7,1,0.118,81.84
6424,big_ticket,new,3,0,0.0,194.46
6425,everyday,repeat,2,1,0.17,30.02
6426,everyday,new,4,0,0.0,92.63
6427,everyday,repeat,1,1,0.11,14.47
6428,everyday,repeat,2,0,0.0,59.51
6429,everyday,repeat,1,0,0.0,12.86
6430,everyday,repeat,4,1,0.196,43.43
6431,everyday,repeat,6,0,0.0,95.25
6432,everyday,repeat,1,0,0.0,15.04
6433,everyday,repeat,4,0,0.0,107.51
6434,big_ticket,repeat,9,1,0.164,1668.31
6435,everyday,repeat,4,1,0.199,51.42
6436,everyday,repeat,1,0,0.0,7.06
6437,everyday,new,4,1,0.196,90.93
6438,everyday,repeat,4,0,0.0,34.0
6439,big_ticket,new,3,0,0.0,404.1
6440,everyday,new,2,0,0.0,42.91
6441,everyday,repeat,2,0,0.0,87.4
6442,big_ticket,new,7,1,0.189,491.13
6443,big_ticket,new,4,0,0.0,609.72
6444,big_ticket,repeat,4,0,0.0,602.4
6445,everyday,repeat,4,1,0.17,36.33
6446,everyday,new,4,0,0.0,60.2
6447,everyday,repeat,2,0,0.0,27.14
6448,everyday,new,2,1,0.172,35.27
6449,everyday,new,2,0,0.0,35.24
6450,big_ticket,new,4,0,0.0,385.07
6451,everyday,new,1,0,0.0,22.67
6452,everyday,repeat,3,1,0.141,30.46
6453,everyday,repeat,1,1,0.171,18.08
6454,everyday,repeat,1,0,0.0,43.43
6455,everyday,repeat,4,0,0.0,38.61
6456,big_ticket,repeat,9,1,0.11,1058.03
6457,everyday,repeat,1,0,0.0,13.28
6458,big_ticket,new,4,0,0.0,322.5
6459,everyday,repeat,4,1,0.175,70.84
6460,big_ticket,repeat,2,0,0.0,297.49
6461,everyday,new,2,0,0.0,50.05
6462,big_ticket,new,8,1,0.197,900.22
6463,big_ticket,new,7,1,0.157,960.43
6464,everyday,repeat,1,0,0.0,24.83
6465,everyday,repeat,2,0,0.0,46.59
6466,big_ticket,repeat,9,1,0.178,526.07
6467,everyday,new,4,0,0.0,106.27
6468,big_ticket,new,10,1,0.154,1330.69
6469,big_ticket,repeat,8,0,0.0,826.13
6470,big_ticket,new,7,1,0.166,589.87
6471,everyday,new,3,1,0.126,81.19
6472,everyday,repeat,1,0,0.0,18.45
6473,big_ticket,repeat,15,1,0.13,1377.97
6474,everyday,repeat,5,1,0.134,106.37
6475,everyday,repeat,2,0,0.0,36.43
6476,everyday,new,4,0,0.0,59.6
6477,big_ticket,repeat,6,1,0.163,899.4
6478,everyday,repeat,6,1,0.135,47.65
6479,everyday,repeat,2,0,0.0,36.57
6480,everyday,new,2,0,0.0,70.82
6481,big_ticket,repeat,2,0,0.0,293.82
6482,everyday,new,3,1,0.181,75.05
6483,big_ticket,repeat,10,1,0.149,639.1
6484,big_ticket,repeat,5,1,0.184,450.34
6485,big_ticket,repeat,4,0,0.0,262.07
6486,big_ticket,new,4,0,0.0,425.07
6487,everyday,repeat,1,0,0.0,12.36
6488,everyday,new,3,1,0.121,66.26
6489,everyday,repeat,5,0,0.0,95.53
6490,big_ticket,new,4,1,0.147,358.0
6491,everyday,new,2,0,0.0,59.55
6492,everyday,repeat,1,0,0.0,14.54
6493,big_ticket,new,5,1,0.157,470.46
6494,everyday,repeat,2,1,0.16,27.52
6495,big_ticket,new,5,0,0.0,528.87
6496,everyday,repeat,3,0,0.0,34.96
6497,everyday,new,2,0,0.0,24.81
6498,everyday,repeat,2,0,0.0,18.19
6499,everyday,repeat,4,1,0.161,56.59
6500,everyday,repeat,1,0,0.0,17.92
6501,big_ticket,new,4,1,0.178,232.68
6502,everyday,repeat,5,1,0.19,47.58
6503,everyday,repeat,2,0,0.0,19.52
6504,big_ticket,new,5,0,0.0,537.79
6505,big_ticket,repeat,4,1,0.113,354.86
6506,everyday,repeat,2,1,0.165,14.31
6507,big_ticket,repeat,7,1,0.154,282.3
6508,everyday,new,1,0,0.0,15.49
6509,everyday,new,4,1,0.112,54.02
6510,everyday,repeat,4,1,0.134,62.51
6511,big_ticket,repeat,9,0,0.0,912.88
6512,everyday,repeat,2,0,0.0,36.89
6513,everyday,repeat,2,0,0.0,12.73
6514,big_ticket,new,4,0,0.0,861.6
6515,everyday,new,3,0,0.0,57.77
6516,everyday,repeat,2,0,0.0,23.06
6517,big_ticket,repeat,8,1,0.178,1117.73
6518,everyday,repeat,2,1,0.177,51.42
6519,everyday,repeat,3,0,0.0,39.34
6520,everyday,new,1,0,0.0,10.46
6521,big_ticket,new,4,0,0.0,351.73
6522,everyday,new,2,0,0.0,75.01
6523,everyday,repeat,5,1,0.173,46.12
6524,everyday,new,3,1,0.182,44.25
6525,everyday,repeat,2,1,0.2,30.39
6526,big_ticket,new,10,1,0.197,819.55
6527,everyday,new,3,0,0.0,32.32
6528,everyday,new,3,1,0.186,32.15
6529,everyday,repeat,5,1,0.171,122.27
6530,everyday,new,4,1,0.19,225.71
6531,everyday,repeat,6,1,0.197,73.79
6532,big_ticket,repeat,11,1,0.137,1002.07
6533,big_ticket,new,6,1,0.148,371.58
6534,everyday,repeat,2,0,0.0,27.02
6535,everyday,new,2,0,0.0,27.56
6536,everyday,new,2,0,0.0,35.99
6537,everyday,new,2,0,0.0,40.31
6538,everyday,repeat,1,0,0.0,18.6
6539,everyday,repeat,4,1,0.114,107.47
6540,big_ticket,new,3,1,0.114,225.33
6541,big_ticket,repeat,5,1,0.133,547.83
6542,everyday,repeat,2,0,0.0,56.64
6543,big_ticket,repeat,7,1,0.143,1028.67
6544,everyday,repeat,1,0,0.0,8.51
6545,everyday,repeat,5,1,0.129,118.28
6546,big_ticket,repeat,8,1,0.106,506.78
6547,everyday,new,3,1,0.145,36.06
6548,everyday,repeat,3,0,0.0,57.73
6549,big_ticket,new,7,1,0.143,605.11
6550,everyday,repeat,5,0,0.0,52.72
6551,big_ticket,repeat,4,1,0.138,363.59
6552,everyday,new,4,0,0.0,36.54
6553,big_ticket,new,4,1,0.181,452.09
6554,everyday,repeat,1,0,0.0,7.54
6555,everyday,repeat,6,0,0.0,92.49
6556,everyday,repeat,4,0,0.0,97.79
6557,big_ticket,repeat,2,0,0.0,307.34
6558,everyday,new,2,0,0.0,29.87
6559,big_ticket,new,7,1,0.12,1110.37
6560,everyday,repeat,2,1,0.145,18.82
6561,everyday,new,5,0,0.0,110.33
6562,everyday,repeat,2,0,0.0,23.19
6563,everyday,new,3,0,0.0,111.98
6564,big_ticket,new,7,1,0.19,350.58
6565,everyday,repeat,2,1,0.188,19.84
6566,everyday,repeat,4,1,0.146,123.49
6567,everyday,repeat,2,0,0.0,26.42
6568,everyday,new,4,0,0.0,34.35
6569,everyday,repeat,2,0,0.0,28.01
6570,big_ticket,repeat,7,1,0.184,392.63
6571,everyday,repeat,3,0,0.0,45.79
6572,everyday,repeat,2,0,0.0,27.03
6573,everyday,new,2,0,0.0,32.84
6574,everyday,repeat,6,1,0.112,29.93
6575,everyday,repeat,4,0,0.0,274.85
6576,everyday,repeat,4,0,0.0,63.96
6577,everyday,repeat,5,1,0.14,134.44
6578,big_ticket,new,9,1,0.137,1358.44
6579,big_ticket,repeat,8,1,0.145,663.44
6580,big_ticket,new,4,0,0.0,375.03
6581,big_ticket,new,9,1,0.168,679.46
6582,everyday,repeat,3,0,0.0,32.71
6583,big_ticket,new,7,1,0.182,551.17
6584,everyday,repeat,1,0,0.0,11.22
6585,everyday,new,4,0,0.0,14.65
6586,everyday,new,2,0,0.0,29.28
6587,everyday,new,6,0,0.0,94.8
6588,big_ticket,new,7,1,0.173,688.77
6589,big_ticket,new,7,0,0.0,715.7
6590,everyday,new,3,0,0.0,36.16
6591,everyday,new,6,1,0.102,129.93
6592,everyday,new,6,1,0.123,155.35
6593,everyday,new,4,1,0.128,36.88
6594,big_ticket,new,4,1,0.152,436.51
6595,big_ticket,new,7,1,0.141,303.51
6596,everyday,new,3,0,0.0,107.22
6597,everyday,new,5,0,0.0,58.41
6598,everyday,new,4,0,0.0,55.37
6599,everyday,new,3,1,0.133,48.42
6600,everyday,new,1,1,0.144,10.7
6601,everyday,repeat,4,0,0.0,48.52
6602,everyday,new,4,0,0.0,61.26
6603,everyday,new,1,0,0.0,7.99
6604,everyday,repeat,6,0,0.0,314.7
6605,big_ticket,repeat,3,1,0.157,476.83
6606,everyday,new,2,0,0.0,11.37
6607,big_ticket,repeat,6,1,0.121,632.74
6608,everyday,repeat,4,0,0.0,53.34
6609,everyday,repeat,9,1,0.169,182.89
6610,everyday,repeat,6,1,0.141,98.58
6611,big_ticket,repeat,6,1,0.199,635.24
6612,everyday,repeat,4,0,0.0,61.98
6613,everyday,new,1,1,0.167,20.12
6614,everyday,repeat,5,0,0.0,143.75
6615,big_ticket,repeat,8,1,0.183,917.93
6616,everyday,new,2,1,0.163,41.6
6617,everyday,new,2,0,0.0,25.8
6618,big_ticket,repeat,4,1,0.126,501.32
6619,everyday,repeat,3,1,0.158,31.78
6620,everyday,repeat,1,0,0.0,14.06
6621,big_ticket,new,7,1,0.172,760.69
6622,everyday,repeat,2,0,0.0,18.43
6623,everyday,new,3,0,0.0,30.95
6624,everyday,repeat,3,0,0.0,15.76
6625,everyday,new,2,0,0.0,20.25
6626,big_ticket,new,2,0,0.0,167.0
6627,everyday,new,5,0,0.0,97.26
6628,everyday,new,5,1,0.141,40.87
6629,everyday,new,1,0,0.0,15.92
6630,everyday,repeat,5,1,0.178,98.76
6631,everyday,new,3,0,0.0,42.45
6632,everyday,repeat,1,0,0.0,17.77
6633,big_ticket,repeat,5,1,0.174,452.21
6634,everyday,new,3,1,0.188,40.78
6635,big_ticket,repeat,4,0,0.0,702.74
6636,everyday,repeat,3,0,0.0,52.61
6637,everyday,repeat,3,0,0.0,28.08
6638,big_ticket,repeat,7,1,0.126,550.27
6639,big_ticket,repeat,4,0,0.0,409.23
6640,everyday,repeat,4,1,0.186,48.85
6641,everyday,new,4,1,0.176,69.86
6642,big_ticket,new,6,0,0.0,411.77
6643,everyday,repeat,4,1,0.162,46.94
6644,everyday,new,4,1,0.181,67.58
6645,everyday,repeat,2,0,0.0,50.35
6646,everyday,new,5,0,0.0,73.12
6647,everyday,new,1,0,0.0,10.07
6648,everyday,repeat,4,0,0.0,52.33
6649,big_ticket,new,5,1,0.189,811.77
6650,everyday,new,2,1,0.104,15.74
6651,everyday,repeat,2,1,0.129,44.98
6652,big_ticket,repeat,6,1,0.192,188.19
6653,everyday,repeat,4,0,0.0,110.14
6654,everyday,new,2,0,0.0,36.59
6655,everyday,repeat,5,0,0.0,107.59
6656,everyday,repeat,2,0,0.0,50.26
6657,everyday,repeat,1,0,0.0,27.44
6658,big_ticket,new,12,1,0.103,1486.29
6659,big_ticket,new,5,1,0.169,338.73
6660,everyday,repeat,2,0,0.0,46.21
6661,everyday,repeat,3,0,0.0,24.35
6662,big_ticket,new,3,1,0.149,334.85
6663,everyday,repeat,3,0,0.0,45.72
6664,big_ticket,repeat,5,1,0.156,435.17
6665,everyday,new,2,0,0.0,30.14
6666,big_ticket,repeat,8,1,0.132,714.45
6667,big_ticket,new,4,0,0.0,654.55
6668,everyday,repeat,1,0,0.0,12.63
6669,everyday,repeat,3,1,0.173,60.68
6670,big_ticket,repeat,5,0,0.0,475.42
6671,everyday,repeat,3,1,0.129,29.93
6672,everyday,repeat,1,1,0.119,28.45
6673,everyday,new,3,1,0.169,21.23
6674,everyday,repeat,3,0,0.0,30.61
6675,everyday,repeat,1,0,0.0,22.02
6676,everyday,new,3,0,0.0,201.37
6677,everyday,repeat,2,0,0.0,13.22
6678,big_ticket,new,3,1,0.2,141.98
6679,everyday,repeat,3,0,0.0,14.77
6680,everyday,repeat,2,0,0.0,29.74
6681,everyday,repeat,3,0,0.0,34.63
6682,big_ticket,repeat,3,1,0.144,298.41
6683,everyday,new,3,1,0.114,98.3
6684,big_ticket,repeat,10,1,0.16,1298.47
6685,everyday,repeat,3,1,0.193,40.69
6686,everyday,new,3,0,0.0,68.49
6687,big_ticket,new,10,1,0.171,1082.27
6688,big_ticket,repeat,6,1,0.161,978.28
6689,everyday,repeat,4,0,0.0,62.61
6690,everyday,new,3,0,0.0,61.2
6691,everyday,new,3,0,0.0,309.71
6692,everyday,new,1,0,0.0,31.2
6693,big_ticket,repeat,7,0,0.0,2303.59
6694,big_ticket,repeat,7,1,0.15,749.23
6695,everyday,repeat,2,0,0.0,35.68
6696,everyday,repeat,4,1,0.195,134.23
6697,everyday,new,4,0,0.0,85.65
6698,everyday,repeat,1,0,0.0,28.98
6699,big_ticket,new,2,1,0.166,101.44
6700,everyday,new,2,0,0.0,54.63
6701,everyday,repeat,3,1,0.123,21.0
6702,everyday,repeat,1,0,0.0,37.3
6703,big_ticket,repeat,4,1,0.11,397.86
6704,everyday,new,1,0,0.0,29.57
6705,everyday,new,4,1,0.194,70.89
6706,everyday,new,1,0,0.0,21.47
6707,everyday,repeat,3,0,0.0,71.08
6708,everyday,new,3,0,0.0,45.16
6709,everyday,repeat,4,0,0.0,44.16
6710,everyday,repeat,4,0,0.0,37.68
6711,everyday,repeat,2,1,0.198,31.12
6712,big_ticket,repeat,7,1,0.102,920.56
6713,everyday,new,2,0,0.0,22.88
6714,everyday,repeat,3,1,0.177,103.88
6715,everyday,repeat,4,0,0.0,147.99
6716,big_ticket,repeat,8,1,0.153,1576.63
6717,big_ticket,repeat,6,0,0.0,534.27
6718,big_ticket,new,10,1,0.121,1785.17
6719,everyday,new,4,0,0.0,54.47
6720,everyday,new,3,1,0.115,59.91
6721,everyday,repeat,6,1,0.177,68.6
6722,everyday,repeat,2,0,0.0,27.79
6723,everyday,repeat,5,1,0.176,162.38
6724,everyday,repeat,3,0,0.0,58.22
6725,everyday,new,2,0,0.0,39.76
6726,everyday,repeat,4,0,0.0,58.69
6727,everyday,repeat,1,0,0.0,14.02
6728,everyday,new,1,1,0.196,17.58
6729,big_ticket,repeat,3,0,0.0,354.86
6730,everyday,repeat,3,0,0.0,58.54
6731,big_ticket,repeat,4,0,0.0,360.59
6732,everyday,new,3,0,0.0,20.03
6733,big_ticket,repeat,3,1,0.155,213.35
6734,big_ticket,repeat,3,0,0.0,197.05
6735,everyday,repeat,2,0,0.0,40.87
6736,big_ticket,new,7,1,0.196,1081.08
6737,everyday,new,1,0,0.0,22.75
6738,everyday,repeat,3,0,0.0,41.51
6739,big_ticket,new,7,1,0.191,797.17
6740,everyday,new,5,0,0.0,199.37
6741,everyday,repeat,2,1,0.194,33.77
6742,everyday,new,5,0,0.0,32.45
6743,everyday,new,3,0,0.0,62.86
6744,everyday,repeat,3,0,0.0,89.14
6745,everyday,new,2,0,0.0,58.2
6746,everyday,repeat,3,0,0.0,41.88
6747,everyday,new,2,0,0.0,28.88
6748,everyday,new,4,1,0.171,96.98
6749,everyday,new,4,0,0.0,70.61
6750,everyday,new,5,1,0.199,109.18
6751,everyday,new,3,0,0.0,37.03
6752,everyday,repeat,3,0,0.0,59.2
6753,big_ticket,repeat,8,1,0.198,626.86
6754,big_ticket,new,5,1,0.184,475.57
6755,everyday,new,6,1,0.165,58.01
6756,everyday,repeat,3,1,0.161,33.19
6757,big_ticket,repeat,6,0,0.0,1131.01
6758,big_ticket,new,4,1,0.127,336.46
6759,everyday,new,2,0,0.0,20.55
6760,everyday,new,2,0,0.0,40.63
6761,everyday,repeat,2,0,0.0,37.02
6762,everyday,new,3,0,0.0,74.84
6763,big_ticket,repeat,8,1,0.155,855.54
6764,everyday,new,2,0,0.0,15.43
6765,everyday,new,3,1,0.14,59.37
6766,everyday,repeat,3,0,0.0,48.81
6767,big_ticket,new,6,0,0.0,453.56
6768,everyday,repeat,3,0,0.0,28.59
6769,big_ticket,repeat,8,1,0.15,924.29
6770,everyday,repeat,1,0,0.0,23.03
6771,everyday,repeat,4,0,0.0,35.97
6772,everyday,new,2,0,0.0,13.12
6773,everyday,new,3,1,0.125,53.5
6774,big_ticket,repeat,6,0,0.0,313.09
6775,everyday,repeat,4,1,0.122,96.09
6776,everyday,new,3,1,0.133,42.06
6777,everyday,new,2,0,0.0,19.46
6778,everyday,new,1,0,0.0,17.64
6779,everyday,new,3,1,0.128,48.84
6780,big_ticket,new,3,0,0.0,310.01
6781,everyday,repeat,2,0,0.0,19.12
6782,everyday,repeat,3,0,0.0,90.04
6783,everyday,new,2,0,0.0,24.36
6784,everyday,new,2,0,0.0,67.31
6785,everyday,new,4,0,0.0,27.83
6786,everyday,new,3,1,0.162,76.67
6787,everyday,repeat,3,0,0.0,63.26
6788,big_ticket,new,7,1,0.156,364.74
6789,big_ticket,repeat,9,0,0.0,636.8
6790,big_ticket,repeat,6,1,0.134,447.64
6791,everyday,repeat,3,0,0.0,19.5
6792,everyday,repeat,5,1,0.181,65.9
6793,big_ticket,repeat,7,0,0.0,788.75
6794,everyday,repeat,2,0,0.0,29.69
6795,everyday,new,4,0,0.0,59.31
6796,everyday,repeat,2,1,0.102,65.94
6797,big_ticket,new,6,1,0.14,262.83
6798,everyday,new,1,1,0.139,38.99
6799,everyday,repeat,2,0,0.0,27.77
6800,everyday,new,4,0,0.0,109.02
6801,everyday,new,4,0,0.0,60.76
6802,everyday,new,4,0,0.0,77.87
6803,everyday,new,3,0,0.0,32.51
6804,everyday,new,2,0,0.0,37.12
6805,big_ticket,new,5,1,0.113,368.63
6806,big_ticket,repeat,6,0,0.0,631.76
6807,everyday,repeat,4,0,0.0,27.53
6808,big_ticket,new,7,1,0.126,538.01
6809,everyday,repeat,2,1,0.132,38.61
6810,big_ticket,repeat,6,0,0.0,623.79
6811,everyday,repeat,6,1,0.119,211.52
6812,everyday,repeat,2,1,0.125,31.89
6813,everyday,repeat,2,1,0.188,46.5
6814,everyday,new,3,0,0.0,72.3
6815,everyday,repeat,5,1,0.113,72.13
6816,everyday,repeat,3,1,0.114,49.84
6817,everyday,repeat,4,1,0.163,44.64
6818,everyday,new,5,0,0.0,24.1
6819,everyday,repeat,5,1,0.13,56.91
6820,big_ticket,repeat,6,1,0.141,499.36
6821,everyday,new,2,1,0.117,15.65
6822,big_ticket,repeat,1,0,0.0,21.0
6823,everyday,repeat,2,0,0.0,107.04
6824,everyday,repeat,2,0,0.0,18.33
6825,everyday,new,2,0,0.0,42.37
6826,everyday,repeat,4,0,0.0,25.64
6827,everyday,repeat,3,0,0.0,57.05
6828,big_ticket,new,2,0,0.0,80.67
6829,everyday,repeat,3,0,0.0,28.18
6830,big_ticket,new,10,1,0.138,943.37
6831,everyday,repeat,4,0,0.0,41.13
6832,everyday,repeat,2,1,0.106,42.49
6833,everyday,repeat,2,0,0.0,37.86
6834,big_ticket,repeat,9,1,0.158,799.45
6835,everyday,new,3,0,0.0,45.45
6836,everyday,repeat,2,1,0.142,15.38
6837,everyday,new,1,0,0.0,9.4
6838,everyday,repeat,1,0,0.0,8.3
6839,big_ticket,new,6,1,0.153,525.27
6840,big_ticket,repeat,8,1,0.132,382.1
6841,big_ticket,repeat,5,1,0.123,646.85
6842,big_ticket,new,2,0,0.0,194.9
6843,big_ticket,new,4,0,0.0,464.7
6844,everyday,new,2,0,0.0,49.14
6845,everyday,new,3,0,0.0,56.46
6846,everyday,new,3,0,0.0,40.57
6847,everyday,repeat,2,0,0.0,24.83
6848,everyday,repeat,1,0,0.0,12.59
6849,everyday,repeat,4,0,0.0,54.4
6850,big_ticket,new,4,0,0.0,383.82
6851,big_ticket,new,3,0,0.0,857.85
6852,everyday,repeat,5,0,0.0,94.09
6853,big_ticket,repeat,4,0,0.0,796.65
6854,everyday,repeat,2,0,0.0,24.22
6855,everyday,repeat,4,0,0.0,29.24
6856,everyday,repeat,2,0,0.0,65.02
6857,everyday,repeat,2,1,0.145,44.98
6858,everyday,repeat,1,1,0.181,31.42
6859,everyday,new,1,1,0.143,12.88
6860,everyday,repeat,5,0,0.0,96.93
6861,everyday,repeat,1,0,0.0,12.07
6862,big_ticket,new,8,1,0.195,444.36
6863,everyday,repeat,2,1,0.144,72.68
6864,everyday,repeat,2,0,0.0,70.12
6865,everyday,repeat,2,0,0.0,33.45
6866,everyday,new,3,1,0.167,71.94
6867,everyday,new,5,0,0.0,106.39
6868,everyday,repeat,4,1,0.111,71.15
6869,everyday,new,5,0,0.0,101.87
6870,everyday,new,1,1,0.127,11.28
6871,everyday,new,2,0,0.0,15.24
6872,everyday,new,4,1,0.139,82.42
6873,everyday,repeat,2,0,0.0,19.0
6874,everyday,repeat,5,0,0.0,53.8
6875,everyday,new,3,0,0.0,39.56
6876,everyday,repeat,5,0,0.0,174.37
6877,everyday,new,3,0,0.0,47.68
6878,everyday,new,4,1,0.176,42.73
6879,everyday,repeat,4,0,0.0,35.5
6880,everyday,repeat,4,0,0.0,60.17
6881,everyday,new,5,1,0.181,74.54
6882,everyday,repeat,3,1,0.143,27.78
6883,everyday,new,4,0,0.0,70.31
6884,big_ticket,repeat,2,0,0.0,81.48
6885,big_ticket,new,10,1,0.183,1063.33
6886,big_ticket,repeat,9,0,0.0,1910.68
6887,everyday,repeat,4,1,0.135,37.01
6888,everyday,new,2,0,0.0,30.73
6889,everyday,repeat,3,0,0.0,59.73
6890,everyday,repeat,2,0,0.0,81.59
6891,everyday,new,4,0,0.0,140.68
6892,everyday,repeat,4,0,0.0,90.95
6893,everyday,repeat,5,0,0.0,47.93
6894,everyday,new,5,1,0.113,51.38
6895,everyday,repeat,2,0,0.0,25.85
6896,everyday,new,3,0,0.0,166.55
6897,big_ticket,repeat,6,1,0.101,711.53
6898,everyday,repeat,4,1,0.179,64.49
6899,everyday,repeat,1,0,0.0,18.03
6900,big_ticket,repeat,7,0,0.0,655.13
6901,everyday,repeat,3,0,0.0,36.32
6902,everyday,new,3,1,0.141,51.59
6903,everyday,new,1,0,0.0,14.63
6904,everyday,repeat,3,1,0.137,34.61
6905,everyday,new,2,0,0.0,28.95
6906,big_ticket,repeat,6,1,0.125,459.96
6907,big_ticket,new,10,1,0.162,1088.87
6908,big_ticket,new,5,0,0.0,359.59
6909,big_ticket,new,3,0,0.0,262.73
6910,everyday,repeat,2,0,0.0,36.89
6911,big_ticket,new,9,1,0.183,853.55
6912,everyday,new,2,0,0.0,31.58
6913,everyday,repeat,2,1,0.14,15.34
6914,big_ticket,repeat,3,0,0.0,355.97
6915,big_ticket,repeat,8,0,0.0,1754.31
6916,big_ticket,new,4,0,0.0,283.41
6917,everyday,new,3,1,0.18,40.88
6918,everyday,repeat,9,1,0.124,242.61
6919,everyday,new,3,1,0.18,23.64
6920,everyday,new,4,0,0.0,81.65
6921,big_ticket,repeat,7,1,0.153,535.15
6922,big_ticket,new,8,1,0.181,841.78
6923,everyday,repeat,5,1,0.19,72.44
6924,everyday,new,3,0,0.0,41.58
6925,everyday,new,2,1,0.11,37.99
6926,everyday,new,1,0,0.0,16.0
6927,everyday,repeat,4,0,0.0,51.52
6928,big_ticket,repeat,7,1,0.184,755.28
6929,everyday,repeat,5,1,0.101,35.87
6930,big_ticket,new,2,1,0.153,253.99
6931,everyday,repeat,3,0,0.0,83.82
6932,big_ticket,repeat,6,1,0.176,844.1
6933,everyday,repeat,5,1,0.126,69.12
6934,everyday,repeat,2,1,0.195,39.45
6935,everyday,repeat,1,1,0.152,20.22
6936,big_ticket,repeat,5,1,0.126,327.04
6937,big_ticket,new,4,1,0.123,297.09
6938,everyday,repeat,1,0,0.0,24.8
6939,everyday,new,4,0,0.0,107.7
6940,everyday,repeat,6,1,0.131,116.48
6941,big_ticket,new,4,1,0.187,700.84
6942,everyday,new,2,0,0.0,10.73
6943,everyday,new,1,0,0.0,12.76
6944,everyday,repeat,3,0,0.0,32.07
6945,everyday,new,6,1,0.181,95.64
6946,big_ticket,repeat,4,0,0.0,419.19
6947,big_ticket,repeat,6,0,0.0,238.89
6948,big_ticket,new,7,1,0.199,569.49
6949,big_ticket,repeat,7,1,0.176,415.32
6950,big_ticket,repeat,5,1,0.141,722.97
6951,everyday,repeat,5,0,0.0,60.54
6952,big_ticket,new,5,1,0.12,450.71
6953,everyday,repeat,3,1,0.173,41.95
6954,everyday,new,3,0,0.0,21.9
6955,big_ticket,repeat,4,1,0.199,249.95
6956,everyday,repeat,6,1,0.199,125.11
6957,everyday,new,1,0,0.0,4.99
6958,everyday,new,3,0,0.0,89.73
6959,everyday,repeat,4,0,0.0,80.5
6960,big_ticket,new,9,1,0.154,789.63
6961,everyday,new,3,0,0.0,62.0
6962,everyday,new,1,1,0.103,13.28
6963,everyday,repeat,3,0,0.0,47.39
6964,everyday,new,3,0,0.0,38.39
6965,everyday,repeat,3,0,0.0,74.0
6966,everyday,repeat,1,0,0.0,11.03
6967,everyday,repeat,4,0,0.0,77.23
6968,everyday,repeat,1,0,0.0,28.94
6969,everyday,repeat,3,1,0.165,55.39
6970,everyday,new,6,0,0.0,101.8
6971,big_ticket,new,2,0,0.0,298.91
6972,everyday,new,1,0,0.0,11.59
6973,everyday,new,3,0,0.0,16.55
6974,big_ticket,new,7,1,0.195,974.11
6975,everyday,repeat,4,0,0.0,44.23
6976,everyday,new,4,0,0.0,77.46
6977,big_ticket,new,3,0,0.0,351.01
6978,everyday,repeat,3,0,0.0,33.35
6979,big_ticket,new,5,1,0.177,550.94
6980,big_ticket,repeat,6,1,0.143,1218.14
6981,big_ticket,new,9,1,0.108,1002.98
6982,big_ticket,repeat,7,1,0.194,873.26
6983,everyday,new,4,0,0.0,30.51
6984,big_ticket,new,7,1,0.187,529.98
6985,everyday,repeat,5,1,0.177,112.3
6986,everyday,repeat,4,1,0.166,49.37
6987,everyday,new,3,1,0.168,76.62
6988,everyday,new,1,0,0.0,18.11
6989,everyday,repeat,8,1,0.147,244.14
6990,everyday,new,2,0,0.0,36.88
6991,everyday,repeat,4,0,0.0,53.23
6992,everyday,repeat,1,0,0.0,18.85
6993,big_ticket,repeat,4,0,0.0,513.44
6994,everyday,repeat,8,1,0.162,89.36
6995,big_ticket,new,5,0,0.0,388.37
6996,big_ticket,repeat,6,1,0.193,564.37
6997,big_ticket,repeat,7,1,0.168,1056.86
6998,everyday,repeat,2,0,0.0,33.75
6999,big_ticket,repeat,6,0,0.0,422.66
7000,big_ticket,repeat,9,1,0.149,1213.52
7001,big_ticket,new,5,1,0.147,588.98
7002,big_ticket,repeat,5,1,0.118,909.19
7003,everyday,repeat,3,1,0.125,55.85
7004,everyday,new,4,1,0.199,48.07
7005,big_ticket,repeat,7,0,0.0,1303.29
7006,everyday,repeat,6,1,0.197,213.9
7007,big_ticket,repeat,4,0,0.0,532.03
7008,everyday,repeat,5,1,0.169,67.17
7009,everyday,new,2,1,0.158,29.25
7010,everyday,repeat,4,0,0.0,84.7
7011,everyday,new,6,1,0.158,78.54
7012,big_ticket,repeat,7,1,0.151,1470.12
7013,everyday,repeat,5,1,0.187,89.63
7014,big_ticket,repeat,4,1,0.151,324.95
7015,everyday,new,1,0,0.0,20.66
7016,big_ticket,repeat,10,1,0.125,2104.88
7017,everyday,repeat,2,1,0.104,19.24
7018,everyday,new,6,0,0.0,60.83
7019,everyday,new,3,0,0.0,58.16
7020,everyday,new,2,0,0.0,42.85
7021,big_ticket,repeat,6,1,0.134,667.81
7022,big_ticket,repeat,6,1,0.1,659.13
7023,everyday,repeat,1,0,0.0,8.99
7024,everyday,repeat,5,1,0.154,80.24
7025,everyday,repeat,4,1,0.154,93.59
7026,everyday,repeat,3,0,0.0,35.18
7027,everyday,new,1,0,0.0,27.77
7028,everyday,new,2,0,0.0,19.46
7029,everyday,new,3,0,0.0,33.17
7030,big_ticket,repeat,6,1,0.16,380.04
7031,everyday,repeat,3,0,0.0,53.31
7032,everyday,repeat,4,0,0.0,58.05
7033,everyday,repeat,3,0,0.0,56.27
7034,everyday,repeat,6,0,0.0,110.3
7035,everyday,repeat,3,0,0.0,89.25
7036,everyday,repeat,1,0,0.0,17.04
7037,everyday,new,3,1,0.168,42.19
7038,big_ticket,new,4,1,0.118,474.62
7039,big_ticket,repeat,5,0,0.0,393.91
7040,big_ticket,repeat,5,1,0.101,673.94
7041,everyday,repeat,1,0,0.0,25.75
7042,everyday,new,1,0,0.0,12.55
7043,everyday,repeat,3,1,0.158,33.4
7044,everyday,new,3,0,0.0,61.39
7045,big_ticket,new,6,1,0.182,614.49
7046,big_ticket,repeat,9,1,0.139,1084.54
7047,everyday,repeat,4,1,0.15,53.9
7048,everyday,new,4,1,0.121,125.37
7049,everyday,new,1,0,0.0,13.8
7050,everyday,repeat,2,1,0.185,52.81
7051,big_ticket,new,9,1,0.107,452.86
7052,everyday,new,3,1,0.135,33.08
7053,everyday,repeat,1,0,0.0,15.84
7054,everyday,repeat,6,0,0.0,104.12
7055,everyday,new,5,0,0.0,78.34
7056,everyday,repeat,2,0,0.0,22.24
7057,big_ticket,repeat,4,1,0.141,650.16
7058,everyday,new,5,1,0.106,93.79
7059,everyday,new,2,1,0.152,11.04
7060,everyday,new,2,0,0.0,36.42
7061,everyday,new,6,1,0.14,128.41
7062,everyday,repeat,4,1,0.186,24.41
7063,everyday,repeat,4,1,0.125,46.55
7064,everyday,repeat,3,0,0.0,78.33
7065,everyday,new,2,0,0.0,35.64
7066,big_ticket,repeat,2,1,0.137,118.99
7067,big_ticket,repeat,5,1,0.155,523.23
7068,big_ticket,repeat,4,1,0.156,423.28
7069,everyday,repeat,1,1,0.15,8.42
7070,big_ticket,repeat,4,1,0.185,228.88
7071,everyday,repeat,4,1,0.152,18.49
7072,everyday,repeat,2,1,0.153,94.14
7073,everyday,repeat,3,0,0.0,34.27
7074,everyday,repeat,6,1,0.159,114.81
7075,big_ticket,new,4,1,0.192,523.88
7076,everyday,new,4,0,0.0,70.89
7077,everyday,new,1,0,0.0,15.67
7078,big_ticket,repeat,7,1,0.194,545.58
7079,everyday,new,1,0,0.0,45.77
7080,big_ticket,new,7,1,0.115,616.96
7081,big_ticket,repeat,6,0,0.0,192.65
7082,big_ticket,new,4,1,0.178,287.95
7083,big_ticket,repeat,6,0,0.0,522.08
7084,everyday,new,2,0,0.0,29.74
7085,everyday,repeat,3,0,0.0,26.96
7086,big_ticket,new,6,1,0.128,597.76
7087,big_ticket,repeat,7,0,0.0,832.9
7088,everyday,repeat,2,0,0.0,53.7
7089,everyday,new,2,0,0.0,20.93
7090,everyday,new,2,0,0.0,44.03
7091,everyday,repeat,2,1,0.138,37.31
7092,everyday,repeat,1,0,0.0,23.12
7093,big_ticket,new,4,1,0.163,483.45
7094,big_ticket,repeat,4,1,0.188,292.39
7095,everyday,new,1,1,0.192,7.69
7096,everyday,repeat,4,1,0.126,129.77
7097,everyday,repeat,2,0,0.0,22.16
7098,everyday,repeat,3,0,0.0,27.3
7099,everyday,new,4,1,0.135,62.27
7100,everyday,new,1,0,0.0,45.87
7101,everyday,new,3,0,0.0,34.91
7102,everyday,new,2,0,0.0,23.47
7103,everyday,repeat,3,1,0.107,80.06
7104,everyday,repeat,5,1,0.178,93.23
7105,everyday,new,1,0,0.0,16.33
7106,everyday,new,4,0,0.0,51.71
7107,everyday,repeat,1,0,0.0,18.91
7108,everyday,repeat,2,1,0.15,8.58
7109,everyday,repeat,4,1,0.129,75.65
7110,everyday,new,2,1,0.156,17.62
7111,big_ticket,new,9,1,0.178,834.44
7112,everyday,new,2,0,0.0,55.09
7113,everyday,repeat,3,1,0.141,72.49
7114,everyday,repeat,3,1,0.173,133.33
7115,big_ticket,new,10,0,0.0,728.85
7116,big_ticket,new,9,1,0.104,976.86
7117,everyday,repeat,3,0,0.0,49.95
7118,everyday,new,3,0,0.0,70.19
7119,everyday,repeat,3,1,0.179,67.35
7120,everyday,new,3,1,0.196,15.02
7121,everyday,new,7,0,0.0,99.28
7122,everyday,new,1,0,0.0,10.37
7123,big_ticket,repeat,5,1,0.139,341.89
7124,big_ticket,new,7,1,0.165,472.06
7125,everyday,new,4,1,0.16,66.17
7126,big_ticket,repeat,4,1,0.15,561.32
7127,everyday,new,2,0,0.0,24.77
7128,everyday,new,1,1,0.151,41.22
7129,big_ticket,new,2,1,0.174,167.81
7130,everyday,repeat,3,0,0.0,223.38
7131,everyday,new,4,1,0.11,167.56
7132,everyday,repeat,2,0,0.0,30.01
7133,everyday,repeat,1,0,0.0,22.51
7134,everyday,repeat,4,1,0.198,62.24
7135,everyday,new,3,0,0.0,44.96
7136,everyday,repeat,3,1,0.176,39.36
7137,everyday,repeat,1,0,0.0,11.66
7138,everyday,repeat,3,1,0.178,70.46
7139,big_ticket,new,8,1,0.183,841.05
7140,everyday,repeat,3,0,0.0,50.45
7141,everyday,repeat,2,0,0.0,26.66
7142,big_ticket,repeat,5,1,0.18,413.71
7143,big_ticket,new,4,1,0.102,414.43
7144,everyday,repeat,2,0,0.0,22.54
7145,big_ticket,repeat,5,1,0.181,575.02
7146,big_ticket,repeat,4,1,0.196,436.28
7147,everyday,repeat,5,1,0.166,143.93
7148,big_ticket,repeat,9,1,0.122,1041.38
7149,big_ticket,new,10,1,0.186,1118.91
7150,everyday,new,4,1,0.153,87.81
7151,everyday,new,4,1,0.189,64.11
7152,big_ticket,repeat,11,1,0.101,897.95
7153,big_ticket,new,9,1,0.166,503.51
7154,everyday,repeat,1,0,0.0,23.42
7155,big_ticket,repeat,6,1,0.114,813.78
7156,big_ticket,repeat,5,1,0.187,751.55
7157,big_ticket,repeat,7,1,0.135,442.48
7158,big_ticket,repeat,8,1,0.11,658.16
7159,everyday,new,2,0,0.0,67.54
7160,everyday,repeat,2,0,0.0,79.41
7161,everyday,repeat,2,1,0.113,40.62
7162,everyday,repeat,4,0,0.0,59.38
7163,everyday,new,2,0,0.0,18.31
7164,big_ticket,new,4,0,0.0,427.85
7165,big_ticket,repeat,12,1,0.136,1361.19
7166,everyday,repeat,5,1,0.162,145.98
7167,big_ticket,repeat,5,1,0.173,382.53
7168,everyday,repeat,2,0,0.0,18.83
7169,everyday,repeat,3,0,0.0,90.66
7170,everyday,repeat,2,0,0.0,27.93
7171,everyday,repeat,5,1,0.189,61.26
7172,everyday,repeat,3,1,0.135,62.31
7173,big_ticket,new,8,0,0.0,786.89
7174,everyday,new,2,0,0.0,13.1
7175,everyday,repeat,3,0,0.0,40.64
7176,everyday,new,3,0,0.0,24.31
7177,everyday,repeat,5,1,0.197,34.11
7178,big_ticket,new,12,1,0.104,821.19
7179,big_ticket,repeat,8,1,0.149,743.78
7180,everyday,new,4,0,0.0,32.81
7181,everyday,repeat,1,0,0.0,16.76
7182,everyday,repeat,2,0,0.0,33.9
7183,everyday,new,5,0,0.0,115.52
7184,everyday,repeat,3,1,0.177,44.61
7185,everyday,repeat,3,0,0.0,70.04
7186,everyday,repeat,3,0,0.0,73.16
7187,everyday,repeat,4,0,0.0,29.9
7188,everyday,repeat,1,0,0.0,39.24
7189,everyday,repeat,3,0,0.0,90.78
7190,everyday,repeat,3,0,0.0,42.21
7191,everyday,repeat,4,1,0.188,40.61
7192,everyday,repeat,6,0,0.0,150.3
7193,everyday,new,6,0,0.0,69.25
7194,everyday,repeat,4,1,0.198,38.65
7195,big_ticket,repeat,9,1,0.184,640.94
7196,big_ticket,repeat,6,1,0.188,665.33
7197,everyday,new,4,0,0.0,136.59
7198,big_ticket,repeat,9,1,0.167,416.18
7199,big_ticket,repeat,8,1,0.145,668.77
7200,everyday,new,4,1,0.105,61.13
7201,everyday,repeat,3,1,0.172,45.99
7202,everyday,repeat,5,0,0.0,59.5
7203,everyday,new,2,0,0.0,23.42
7204,big_ticket,repeat,5,0,0.0,708.92
7205,everyday,new,2,1,0.114,84.84
7206,everyday,repeat,4,0,0.0,42.79
7207,everyday,new,2,0,0.0,36.68
7208,everyday,repeat,2,0,0.0,44.47
7209,everyday,new,2,0,0.0,94.86
7210,everyday,repeat,2,1,0.168,38.58
7211,everyday,repeat,5,0,0.0,71.53
7212,big_ticket,new,7,1,0.183,948.53
7213,everyday,repeat,4,0,0.0,42.07
7214,everyday,repeat,2,0,0.0,32.7
7215,big_ticket,repeat,8,1,0.127,722.22
7216,everyday,repeat,4,1,0.171,64.51
7217,everyday,repeat,2,1,0.127,44.41
7218,big_ticket,repeat,7,1,0.174,513.94
7219,everyday,repeat,2,1,0.156,40.08
7220,everyday,new,6,0,0.0,165.92
7221,everyday,new,3,1,0.107,19.99
7222,everyday,new,1,0,0.0,17.96
7223,everyday,new,3,0,0.0,101.16
7224,everyday,repeat,2,0,0.0,40.6
7225,everyday,new,2,0,0.0,24.05
7226,everyday,repeat,4,1,0.188,90.38
7227,everyday,new,1,0,0.0,12.66
7228,everyday,new,4,0,0.0,102.36
7229,everyday,repeat,2,1,0.175,42.05
7230,big_ticket,new,1,1,0.171,127.58
7231,everyday,repeat,1,1,0.13,15.77
7232,everyday,repeat,1,0,0.0,20.55
7233,everyday,repeat,6,0,0.0,83.28
7234,everyday,repeat,1,1,0.135,17.53
7235,everyday,repeat,1,0,0.0,10.75
7236,big_ticket,new,2,1,0.116,157.6
7237,everyday,repeat,1,0,0.0,18.52
7238,everyday,new,4,0,0.0,66.91
7239,everyday,new,2,1,0.116,52.38
7240,big_ticket,repeat,12,1,0.146,1872.4
7241,everyday,repeat,5,1,0.178,258.81
7242,everyday,repeat,2,0,0.0,21.57
7243,big_ticket,repeat,5,1,0.14,541.98
7244,big_ticket,repeat,3,1,0.175,172.57
7245,everyday,repeat,4,0,0.0,63.02
7246,big_ticket,new,5,1,0.188,407.12
7247,big_ticket,new,8,1,0.163,1200.15
7248,everyday,repeat,3,0,0.0,31.3
7249,big_ticket,repeat,7,1,0.125,639.77
7250,everyday,new,4,1,0.189,46.95
7251,everyday,new,5,1,0.152,85.14
7252,everyday,new,3,1,0.175,22.99
7253,big_ticket,repeat,8,1,0.119,1332.76
7254,everyday,new,2,0,0.0,13.31
7255,everyday,new,2,0,0.0,124.96
7256,everyday,new,3,1,0.148,24.29
7257,everyday,new,2,1,0.111,51.67
7258,big_ticket,repeat,5,0,0.0,419.47
7259,big_ticket,repeat,10,1,0.143,1206.7
7260,everyday,new,3,1,0.166,56.87
7261,big_ticket,repeat,7,1,0.121,684.22
7262,big_ticket,repeat,6,1,0.17,433.71
7263,everyday,repeat,2,0,0.0,82.7
7264,everyday,new,3,0,0.0,132.08
7265,everyday,new,4,1,0.158,38.82
7266,everyday,repeat,1,0,0.0,6.93
7267,everyday,repeat,5,1,0.17,56.1
7268,everyday,new,2,1,0.199,57.29
7269,big_ticket,repeat,9,1,0.168,958.07
7270,everyday,new,1,0,0.0,21.06
7271,big_ticket,new,6,1,0.105,426.19
7272,big_ticket,new,3,0,0.0,373.74
7273,everyday,repeat,2,0,0.0,25.7
7274,everyday,new,3,1,0.175,45.5
7275,big_ticket,new,3,1,0.139,434.27
7276,big_ticket,new,6,1,0.123,586.57
7277,everyday,new,2,0,0.0,26.72
7278,everyday,new,1,1,0.189,15.83
7279,everyday,repeat,2,0,0.0,44.82
7280,big_ticket,repeat,4,1,0.121,265.04
7281,big_ticket,repeat,5,1,0.12,766.1
7282,everyday,repeat,4,0,0.0,43.36
7283,everyday,repeat,3,0,0.0,62.44
7284,everyday,new,2,0,0.0,28.81
7285,big_ticket,new,9,1,0.151,860.89
7286,big_ticket,repeat,12,1,0.127,1602.18
7287,big_ticket,repeat,10,1,0.195,962.79
7288,everyday,repeat,2,0,0.0,23.17
7289,everyday,new,2,0,0.0,20.66
7290,everyday,new,3,0,0.0,92.79
7291,everyday,new,2,0,0.0,41.13
7292,everyday,repeat,2,0,0.0,25.52
7293,big_ticket,repeat,5,1,0.141,407.73
7294,everyday,new,5,0,0.0,54.49
7295,everyday,new,4,1,0.189,42.83
7296,big_ticket,new,7,0,0.0,512.93
7297,everyday,new,3,1,0.167,42.84
7298,everyday,repeat,2,0,0.0,13.64
7299,big_ticket,new,9,1,0.19,1010.35
7300,everyday,repeat,3,0,0.0,65.25
7301,everyday,repeat,2,0,0.0,27.12
7302,everyday,repeat,3,0,0.0,48.37
7303,big_ticket,repeat,3,0,0.0,192.61
7304,everyday,repeat,1,1,0.16,19.11
7305,everyday,repeat,3,0,0.0,63.0
7306,everyday,new,3,0,0.0,99.52
7307,everyday,new,4,1,0.19,56.5
7308,big_ticket,new,6,1,0.139,893.11
7309,everyday,repeat,3,1,0.193,68.39
7310,everyday,repeat,3,0,0.0,45.67
7311,everyday,new,6,1,0.121,136.5
7312,everyday,repeat,4,1,0.161,95.71
7313,everyday,repeat,3,1,0.127,29.18
7314,everyday,repeat,3,1,0.124,28.5
7315,everyday,new,5,0,0.0,61.48
7316,everyday,new,3,1,0.134,21.05
7317,big_ticket,repeat,5,1,0.147,325.63
7318,big_ticket,new,9,1,0.112,612.57
7319,everyday,repeat,1,0,0.0,29.28
7320,everyday,new,1,1,0.105,9.92
7321,everyday,new,3,1,0.174,85.4
7322,everyday,new,1,0,0.0,29.72
7323,everyday,repeat,2,0,0.0,13.82
7324,big_ticket,new,4,0,0.0,383.92
7325,big_ticket,repeat,6,1,0.122,731.67
7326,everyday,new,5,0,0.0,86.53
7327,big_ticket,repeat,7,1,0.104,1084.39
7328,everyday,new,6,1,0.166,113.55
7329,everyday,new,3,0,0.0,76.95
7330,everyday,repeat,2,0,0.0,61.93
7331,everyday,repeat,5,1,0.129,75.74
7332,big_ticket,repeat,3,1,0.181,425.84
7333,everyday,repeat,2,1,0.12,28.41
7334,everyday,new,4,0,0.0,35.42
7335,everyday,repeat,4,1,0.115,94.4
7336,big_ticket,new,5,1,0.153,334.47
7337,everyday,repeat,2,0,0.0,61.75
7338,everyday,repeat,2,0,0.0,87.03
7339,everyday,repeat,5,0,0.0,62.86
7340,big_ticket,repeat,6,1,0.178,458.14
7341,everyday,repeat,3,0,0.0,36.21
7342,everyday,repeat,7,1,0.148,240.1
7343,big_ticket,new,9,1,0.163,965.95
7344,everyday,repeat,2,1,0.15,39.45
7345,everyday,repeat,2,0,0.0,15.65
7346,everyday,new,2,0,0.0,68.68
7347,everyday,repeat,4,1,0.108,95.65
7348,everyday,new,2,1,0.176,24.23
7349,everyday,repeat,1,0,0.0,40.47
7350,everyday,repeat,2,0,0.0,22.07
7351,everyday,new,4,1,0.109,70.63
7352,everyday,new,2,0,0.0,10.93
7353,big_ticket,repeat,5,1,0.153,548.85
7354,everyday,new,2,0,0.0,27.54
7355,everyday,repeat,3,0,0.0,44.11
7356,everyday,new,4,0,0.0,40.62
7357,big_ticket,new,6,1,0.164,1093.03
7358,everyday,new,5,0,0.0,62.55
7359,everyday,repeat,3,0,0.0,93.96
7360,everyday,repeat,2,0,0.0,40.35
7361,everyday,repeat,3,0,0.0,31.95
7362,big_ticket,repeat,9,1,0.17,471.73
7363,big_ticket,repeat,8,1,0.166,577.27
7364,big_ticket,new,7,1,0.147,1272.48
7365,everyday,new,6,1,0.138,175.47
7366,everyday,repeat,5,1,0.166,106.34
7367,everyday,new,3,0,0.0,44.67
7368,big_ticket,repeat,6,1,0.167,666.6
7369,big_ticket,repeat,9,1,0.17,1324.87
7370,big_ticket,repeat,5,1,0.15,724.38
7371,everyday,repeat,4,0,0.0,114.18
7372,big_ticket,repeat,6,1,0.128,626.43
7373,everyday,repeat,2,0,0.0,15.46
7374,big_ticket,repeat,4,0,0.0,262.92
7375,everyday,new,3,0,0.0,35.95
7376,everyday,repeat,4,1,0.171,68.4
7377,everyday,new,4,1,0.159,76.6
7378,big_ticket,repeat,3,1,0.101,327.87
7379,everyday,repeat,4,0,0.0,64.9
7380,everyday,repeat,3,0,0.0,72.98
7381,everyday,new,3,0,0.0,41.36
7382,everyday,repeat,4,0,0.0,184.16
7383,big_ticket,new,4,1,0.18,390.24
7384,everyday,repeat,2,0,0.0,23.74
7385,everyday,new,2,1,0.179,37.99
7386,big_ticket,repeat,4,0,0.0,399.28
7387,everyday,repeat,3,0,0.0,33.55
7388,everyday,repeat,3,0,0.0,42.65
7389,everyday,new,4,0,0.0,54.97
7390,everyday,new,3,0,0.0,29.54
7391,everyday,new,2,1,0.182,25.27
7392,everyday,new,7,0,0.0,81.91
7393,everyday,repeat,1,0,0.0,32.04
7394,big_ticket,repeat,6,1,0.162,326.25
7395,big_ticket,new,8,1,0.173,632.4
7396,big_ticket,repeat,8,1,0.136,660.73
7397,everyday,new,2,0,0.0,81.68
7398,everyday,new,3,0,0.0,117.01
7399,big_ticket,repeat,10,1,0.101,1915.7
7400,big_ticket,new,6,0,0.0,359.06
7401,everyday,repeat,5,0,0.0,240.73
7402,everyday,repeat,1,0,0.0,13.54
7403,everyday,repeat,5,0,0.0,73.97
7404,everyday,repeat,3,0,0.0,39.75
7405,everyday,repeat,2,0,0.0,36.75
7406,everyday,repeat,4,0,0.0,164.06
7407,big_ticket,repeat,8,0,0.0,425.47
7408,everyday,new,3,0,0.0,37.31
7409,everyday,repeat,5,0,0.0,78.4
7410,everyday,repeat,2,0,0.0,59.49
7411,big_ticket,repeat,4,1,0.163,184.29
7412,big_ticket,new,6,1,0.153,404.03
7413,everyday,new,2,0,0.0,29.4
7414,everyday,repeat,1,0,0.0,11.89
7415,everyday,new,4,0,0.0,27.33
7416,big_ticket,repeat,9,0,0.0,872.62
7417,everyday,repeat,1,0,0.0,14.2
7418,big_ticket,new,5,1,0.158,741.89
7419,everyday,new,3,1,0.186,28.34
7420,everyday,repeat,4,0,0.0,25.44
7421,everyday,repeat,3,0,0.0,26.77
7422,everyday,repeat,2,1,0.124,29.7
7423,everyday,repeat,4,1,0.157,26.79
7424,everyday,repeat,2,0,0.0,35.35
7425,big_ticket,repeat,5,0,0.0,405.74
7426,everyday,new,4,1,0.103,19.1
7427,big_ticket,repeat,5,1,0.152,484.64
7428,everyday,repeat,3,0,0.0,45.23
7429,everyday,new,3,0,0.0,44.78
7430,big_ticket,repeat,7,0,0.0,951.18
7431,big_ticket,new,6,0,0.0,426.56
7432,everyday,repeat,6,0,0.0,85.2
7433,big_ticket,repeat,5,1,0.108,415.01
7434,everyday,new,2,0,0.0,41.83
7435,everyday,repeat,4,1,0.17,151.24
7436,everyday,repeat,3,0,0.0,49.39
7437,everyday,repeat,4,0,0.0,141.47
7438,everyday,repeat,2,0,0.0,34.48
7439,everyday,new,1,1,0.105,8.83
7440,big_ticket,new,2,1,0.198,125.99
7441,big_ticket,new,3,1,0.184,184.33
7442,big_ticket,new,4,1,0.178,271.61
7443,big_ticket,new,3,0,0.0,366.81
7444,everyday,repeat,5,0,0.0,131.05
7445,everyday,new,3,0,0.0,33.69
7446,everyday,repeat,2,1,0.109,20.54
7447,everyday,new,3,0,0.0,48.36
7448,everyday,new,2,0,0.0,16.69
7449,everyday,repeat,3,1,0.138,29.02
7450,everyday,repeat,3,0,0.0,33.89
7451,everyday,repeat,3,0,0.0,26.72
7452,everyday,new,2,0,0.0,31.15
7453,everyday,repeat,5,1,0.122,83.94
7454,everyday,new,3,0,0.0,37.91
7455,big_ticket,repeat,8,1,0.197,644.35
7456,everyday,repeat,2,0,0.0,21.7
7457,big_ticket,new,5,1,0.126,637.83
7458,big_ticket,repeat,8,0,0.0,874.28
7459,everyday,repeat,3,1,0.152,52.39
7460,everyday,new,4,0,0.0,42.03
7461,everyday,new,3,0,0.0,60.74
7462,everyday,repeat,3,1,0.13,73.55
7463,everyday,repeat,1,0,0.0,8.55
7464,big_ticket,new,4,1,0.143,358.56
7465,big_ticket,new,3,0,0.0,369.23
7466,everyday,repeat,4,0,0.0,99.15
7467,everyday,new,2,0,0.0,99.95
7468,everyday,repeat,2,0,0.0,51.63
7469,big_ticket,repeat,7,1,0.135,925.47
7470,everyday,new,6,0,0.0,106.7
7471,everyday,new,1,1,0.106,22.08
7472,big_ticket,repeat,3,1,0.107,333.34
7473,everyday,new,2,1,0.179,34.11
7474,everyday,new,3,0,0.0,48.71
7475,everyday,new,3,0,0.0,44.05
7476,everyday,repeat,4,1,0.173,53.66
7477,everyday,repeat,5,0,0.0,85.85
7478,everyday,repeat,3,0,0.0,29.78
7479,everyday,new,3,0,0.0,33.81
7480,big_ticket,repeat,9,1,0.138,1140.03
7481,everyday,repeat,4,0,0.0,64.27
7482,big_ticket,new,4,1,0.122,292.1
7483,everyday,repeat,4,1,0.107,107.77
7484,big_ticket,repeat,10,1,0.154,770.78
7485,everyday,new,6,1,0.176,89.54
7486,big_ticket,repeat,6,1,0.151,983.81
7487,everyday,repeat,2,0,0.0,79.47
7488,everyday,repeat,5,0,0.0,64.94
7489,everyday,new,3,0,0.0,61.85
7490,everyday,repeat,4,1,0.174,58.32
7491,big_ticket,repeat,11,1,0.161,843.42
7492,big_ticket,repeat,5,0,0.0,715.6
7493,big_ticket,new,8,0,0.0,644.51
7494,everyday,new,1,0,0.0,10.83
7495,big_ticket,repeat,8,0,0.0,1125.29
7496,big_ticket,repeat,3,0,0.0,513.08
7497,everyday,new,4,0,0.0,52.65
7498,everyday,repeat,4,0,0.0,95.62
7499,everyday,new,2,0,0.0,37.6
7500,everyday,repeat,2,0,0.0,22.79
7501,everyday,repeat,4,1,0.163,34.54
7502,big_ticket,new,6,1,0.165,1075.63
7503,everyday,repeat,3,1,0.153,54.38
7504,everyday,repeat,2,0,0.0,83.87
7505,everyday,repeat,1,0,0.0,12.86
7506,big_ticket,repeat,5,1,0.129,408.24
7507,big_ticket,repeat,3,1,0.115,182.19
7508,big_ticket,repeat,9,1,0.18,1395.44
7509,everyday,new,4,0,0.0,53.02
7510,everyday,repeat,3,0,0.0,113.37
7511,everyday,new,3,0,0.0,55.41
7512,everyday,new,4,0,0.0,113.31
7513,everyday,new,3,0,0.0,136.01
7514,everyday,repeat,1,0,0.0,26.47
7515,big_ticket,new,10,1,0.154,3467.76
7516,everyday,new,2,1,0.154,35.5
7517,big_ticket,new,7,0,0.0,369.91
7518,everyday,new,2,0,0.0,39.47
7519,everyday,repeat,3,1,0.107,88.05
7520,everyday,new,1,1,0.113,14.14
7521,everyday,new,4,1,0.117,94.04
7522,everyday,repeat,1,0,0.0,20.38
7523,everyday,new,2,0,0.0,28.01
7524,everyday,repeat,2,0,0.0,16.28
7525,everyday,repeat,2,0,0.0,38.67
7526,everyday,repeat,2,1,0.124,41.69
7527,big_ticket,new,4,0,0.0,349.07
7528,big_ticket,repeat,7,1,0.116,1099.3
7529,everyday,repeat,2,0,0.0,38.19
7530,everyday,repeat,2,0,0.0,57.35
7531,everyday,new,2,0,0.0,38.43
7532,everyday,repeat,2,0,0.0,46.77
7533,everyday,repeat,3,0,0.0,45.88
7534,everyday,repeat,3,0,0.0,42.28
7535,everyday,repeat,4,0,0.0,61.5
7536,big_ticket,repeat,7,1,0.111,632.9
7537,everyday,repeat,3,1,0.186,44.25
7538,big_ticket,new,2,0,0.0,125.62
7539,everyday,new,3,0,0.0,64.82
7540,everyday,repeat,5,0,0.0,102.8
7541,big_ticket,new,5,1,0.181,388.56
7542,everyday,repeat,2,0,0.0,63.73
7543,everyday,repeat,2,0,0.0,63.49
7544,big_ticket,repeat,5,0,0.0,415.38
7545,everyday,new,2,0,0.0,71.65
7546,everyday,repeat,4,0,0.0,133.96
7547,everyday,repeat,4,1,0.145,71.76
7548,everyday,repeat,2,0,0.0,24.23
7549,everyday,repeat,3,0,0.0,41.26
7550,everyday,new,3,1,0.103,52.07
7551,big_ticket,repeat,8,1,0.101,494.84
7552,everyday,new,1,1,0.177,10.19
7553,everyday,repeat,2,0,0.0,19.63
7554,everyday,new,2,0,0.0,26.62
7555,everyday,new,3,0,0.0,36.87
7556,big_ticket,new,4,1,0.134,471.22
7557,everyday,new,2,0,0.0,50.09
7558,everyday,repeat,1,1,0.168,27.9
7559,big_ticket,repeat,6,1,0.129,221.34
7560,big_ticket,new,3,1,0.194,249.49
7561,big_ticket,new,5,1,0.198,837.93
7562,everyday,repeat,3,0,0.0,61.9
7563,everyday,new,1,0,0.0,30.67
7564,everyday,repeat,6,1,0.154,295.49
7565,everyday,new,3,0,0.0,49.63
7566,big_ticket,repeat,12,1,0.18,1988.13
7567,everyday,repeat,2,0,0.0,41.98
7568,everyday,new,1,0,0.0,12.27
7569,big_ticket,repeat,6,0,0.0,945.11
7570,big_ticket,repeat,7,1,0.137,204.95
7571,everyday,repeat,2,0,0.0,46.21
7572,big_ticket,repeat,6,0,0.0,330.93
7573,everyday,repeat,1,0,0.0,7.51
7574,everyday,repeat,4,0,0.0,22.59
7575,everyday,repeat,3,0,0.0,47.57
7576,big_ticket,new,5,0,0.0,1093.9
7577,big_ticket,repeat,3,0,0.0,324.45
7578,everyday,repeat,2,0,0.0,51.57
7579,everyday,new,1,0,0.0,18.33
7580,everyday,new,1,0,0.0,6.12
7581,everyday,new,2,0,0.0,89.37
7582,big_ticket,new,7,1,0.151,819.88
7583,everyday,new,2,1,0.142,25.25
7584,big_ticket,new,10,1,0.129,928.4
7585,everyday,new,4,1,0.129,84.72
7586,everyday,repeat,3,1,0.183,26.2
7587,everyday,new,5,0,0.0,114.45
7588,big_ticket,new,5,0,0.0,536.27
7589,everyday,new,2,0,0.0,47.18
7590,everyday,new,5,0,0.0,24.84
7591,everyday,new,3,0,0.0,44.66
7592,big_ticket,repeat,10,1,0.13,645.83
7593,big_ticket,new,2,0,0.0,292.2
7594,big_ticket,new,4,0,0.0,333.67
7595,everyday,repeat,3,0,0.0,56.67
7596,big_ticket,repeat,8,0,0.0,1079.98
7597,everyday,repeat,5,0,0.0,68.63
7598,big_ticket,new,7,0,0.0,502.25
7599,everyday,repeat,3,0,0.0,58.72
7600,everyday,repeat,2,0,0.0,38.02
7601,big_ticket,new,11,1,0.182,1687.53
7602,big_ticket,repeat,9,1,0.141,895.4
7603,everyday,repeat,4,1,0.175,84.39
7604,everyday,repeat,3,0,0.0,34.66
7605,big_ticket,new,5,1,0.108,400.02
7606,big_ticket,repeat,10,1,0.167,765.04
7607,big_ticket,repeat,5,0,0.0,936.68
7608,everyday,repeat,1,0,0.0,10.9
7609,everyday,new,2,1,0.118,41.45
7610,big_ticket,new,5,1,0.188,530.35
7611,big_ticket,new,11,1,0.112,925.18
7612,big_ticket,repeat,9,1,0.184,329.36
7613,everyday,repeat,3,1,0.127,70.94
7614,everyday,new,5,0,0.0,55.9
7615,everyday,new,3,1,0.122,32.5
7616,big_ticket,new,4,1,0.124,242.78
7617,everyday,repeat,4,0,0.0,28.27
7618,everyday,new,2,0,0.0,20.42
7619,big_ticket,new,5,1,0.13,516.32
7620,big_ticket,repeat,2,1,0.191,265.31
7621,everyday,repeat,4,1,0.173,90.32
7622,big_ticket,repeat,7,1,0.127,390.18
7623,everyday,repeat,4,0,0.0,59.62
7624,everyday,new,2,0,0.0,100.49
7625,everyday,new,5,0,0.0,45.39
7626,everyday,new,2,0,0.0,29.02
7627,big_ticket,repeat,5,1,0.151,383.93
7628,big_ticket,repeat,6,1,0.187,400.32
7629,everyday,new,1,0,0.0,14.15
7630,big_ticket,repeat,6,1,0.107,509.94
7631,everyday,repeat,2,0,0.0,27.77
7632,big_ticket,repeat,5,0,0.0,530.87
7633,big_ticket,repeat,5,1,0.184,382.1
7634,everyday,new,3,0,0.0,129.58
7635,everyday,repeat,3,0,0.0,100.43
7636,everyday,repeat,6,0,0.0,47.19
7637,everyday,repeat,5,1,0.114,46.74
7638,big_ticket,repeat,2,0,0.0,138.9
7639,everyday,new,2,0,0.0,31.36
7640,everyday,repeat,1,0,0.0,7.87
7641,everyday,new,1,0,0.0,26.51
7642,big_ticket,new,7,1,0.141,515.09
7643,everyday,new,2,0,0.0,69.34
7644,big_ticket,new,10,1,0.134,1026.02
7645,everyday,new,3,1,0.156,90.38
7646,everyday,repeat,2,0,0.0,42.7
7647,everyday,repeat,4,1,0.159,41.03
7648,everyday,new,3,0,0.0,86.16
7649,everyday,new,2,1,0.193,29.85
7650,big_ticket,new,5,1,0.157,1103.94
7651,big_ticket,new,3,0,0.0,427.19
7652,everyday,new,3,1,0.113,44.36
7653,everyday,repeat,5,1,0.105,48.36
7654,everyday,repeat,2,0,0.0,47.3
7655,everyday,repeat,1,0,0.0,42.58
7656,big_ticket,repeat,2,0,0.0,145.15
7657,big_ticket,repeat,4,1,0.108,1002.63
7658,big_ticket,new,7,1,0.163,735.75
7659,everyday,new,3,0,0.0,35.59
7660,everyday,new,6,0,0.0,182.25
7661,everyday,new,2,0,0.0,24.03
7662,big_ticket,repeat,7,0,0.0,756.37
7663,everyday,repeat,4,1,0.182,298.99
7664,big_ticket,repeat,6,1,0.183,773.81
7665,everyday,new,9,1,0.101,124.07
7666,everyday,new,2,0,0.0,23.6
7667,big_ticket,repeat,7,1,0.162,498.88
7668,everyday,new,1,0,0.0,9.26
7669,everyday,repeat,6,1,0.196,73.16
7670,everyday,new,3,0,0.0,61.31
7671,big_ticket,new,5,1,0.162,248.73
7672,everyday,new,1,0,0.0,9.16
7673,big_ticket,repeat,8,1,0.155,581.35
7674,everyday,new,5,1,0.112,72.25
7675,everyday,repeat,6,1,0.149,88.4
7676,everyday,new,5,1,0.135,72.65
7677,everyday,repeat,5,0,0.0,94.74
7678,big_ticket,repeat,6,0,0.0,828.66
7679,big_ticket,repeat,3,0,0.0,522.72
7680,big_ticket,new,6,1,0.2,1696.87
7681,big_ticket,new,4,1,0.186,215.57
7682,everyday,repeat,2,0,0.0,23.96
7683,everyday,repeat,3,0,0.0,19.97
7684,big_ticket,new,5,0,0.0,511.86
7685,everyday,new,6,1,0.179,170.08
7686,big_ticket,new,3,0,0.0,126.7
7687,everyday,repeat,2,0,0.0,17.76
7688,everyday,new,4,0,0.0,33.91
7689,everyday,new,2,0,0.0,50.3
7690,everyday,new,3,0,0.0,60.79
7691,everyday,repeat,6,1,0.116,107.86
7692,everyday,repeat,1,0,0.0,25.21
7693,everyday,repeat,3,0,0.0,69.08
7694,everyday,repeat,3,0,0.0,52.58
7695,everyday,repeat,1,1,0.179,33.39
7696,everyday,new,3,0,0.0,116.52
7697,everyday,repeat,4,0,0.0,124.97
7698,big_ticket,new,4,0,0.0,374.62
7699,everyday,new,4,0,0.0,69.72
7700,everyday,repeat,5,0,0.0,84.25
7701,everyday,new,5,0,0.0,119.61
7702,everyday,repeat,3,1,0.155,37.65
7703,everyday,repeat,3,1,0.15,48.37
7704,everyday,new,3,0,0.0,36.53
7705,everyday,new,3,0,0.0,47.61
7706,everyday,repeat,1,0,0.0,10.91
7707,everyday,repeat,6,1,0.173,89.46
7708,everyday,repeat,5,0,0.0,67.57
7709,everyday,new,3,0,0.0,84.32
7710,everyday,repeat,1,0,0.0,29.4
7711,everyday,new,2,0,0.0,43.84
7712,big_ticket,new,8,0,0.0,880.56
7713,everyday,repeat,2,0,0.0,44.38
7714,everyday,new,4,1,0.111,102.99
7715,everyday,new,1,1,0.13,14.11
7716,everyday,new,5,0,0.0,120.7
7717,everyday,repeat,2,0,0.0,52.57
7718,big_ticket,repeat,10,1,0.17,709.63
7719,big_ticket,repeat,2,1,0.176,150.68
7720,everyday,new,3,0,0.0,44.35
7721,everyday,repeat,1,0,0.0,8.29
7722,big_ticket,repeat,3,1,0.108,371.92
7723,everyday,new,3,1,0.111,41.09
7724,everyday,new,2,1,0.197,50.89
7725,big_ticket,new,6,1,0.147,725.67
7726,everyday,repeat,1,0,0.0,21.59
7727,everyday,repeat,3,0,0.0,33.4
7728,everyday,new,2,0,0.0,27.06
7729,everyday,new,3,0,0.0,42.35
7730,everyday,repeat,3,1,0.194,68.94
7731,everyday,repeat,1,0,0.0,32.73
7732,everyday,new,3,0,0.0,64.89
7733,everyday,new,4,1,0.188,43.88
7734,everyday,repeat,2,0,0.0,26.57
7735,big_ticket,repeat,6,0,0.0,408.37
7736,everyday,repeat,3,0,0.0,88.17
7737,big_ticket,repeat,5,1,0.196,338.64
7738,everyday,repeat,2,0,0.0,46.11
7739,everyday,new,4,0,0.0,30.21
7740,everyday,new,1,1,0.121,12.64
7741,everyday,new,5,0,0.0,118.17
7742,everyday,repeat,2,1,0.137,10.03
7743,big_ticket,new,4,1,0.145,458.32
7744,big_ticket,new,6,1,0.135,1377.45
7745,big_ticket,new,5,1,0.138,559.9
7746,everyday,repeat,2,1,0.14,11.99
7747,everyday,repeat,4,1,0.177,106.64
7748,everyday,new,3,1,0.157,132.83
7749,everyday,new,2,0,0.0,29.05
7750,big_ticket,repeat,4,0,0.0,318.62
7751,big_ticket,new,5,1,0.105,1679.11
7752,everyday,repeat,6,1,0.187,144.99
7753,big_ticket,new,4,0,0.0,365.78
7754,big_ticket,repeat,6,1,0.126,541.36
7755,everyday,new,4,0,0.0,57.78
7756,big_ticket,repeat,3,1,0.182,293.83
7757,everyday,new,2,0,0.0,18.59
7758,everyday,new,3,0,0.0,89.05
7759,everyday,repeat,2,0,0.0,63.6
7760,everyday,repeat,2,0,0.0,27.03
7761,everyday,repeat,3,0,0.0,118.87
7762,big_ticket,repeat,3,1,0.185,203.21
7763,everyday,repeat,4,0,0.0,65.88
7764,everyday,repeat,5,1,0.148,70.03
7765,everyday,new,3,0,0.0,72.92
7766,everyday,repeat,3,0,0.0,35.85
7767,big_ticket,new,6,0,0.0,1041.48
7768,everyday,new,3,0,0.0,37.26
7769,big_ticket,repeat,6,1,0.195,801.23
7770,everyday,new,3,1,0.174,57.87
7771,everyday,new,3,0,0.0,25.44
7772,everyday,new,1,0,0.0,31.64
7773,everyday,repeat,2,0,0.0,27.14
7774,big_ticket,repeat,2,0,0.0,244.39
7775,everyday,new,4,1,0.188,171.25
7776,everyday,new,3,0,0.0,194.04
7777,everyday,new,2,0,0.0,42.87
7778,big_ticket,new,6,1,0.126,1977.33
7779,everyday,new,1,0,0.0,20.78
7780,big_ticket,new,1,1,0.102,95.25
7781,big_ticket,repeat,9,1,0.156,2016.4
7782,everyday,repeat,2,0,0.0,32.85
7783,everyday,new,3,1,0.161,45.34
7784,everyday,new,4,0,0.0,66.02
7785,everyday,new,3,0,0.0,27.06
7786,big_ticket,new,5,1,0.118,1741.04
7787,everyday,new,4,0,0.0,69.48
7788,big_ticket,repeat,7,1,0.197,1117.0
7789,everyday,repeat,2,1,0.184,42.74
7790,everyday,repeat,5,0,0.0,26.52
7791,big_ticket,new,5,1,0.194,553.98
7792,everyday,repeat,3,1,0.182,75.55
7793,everyday,repeat,2,0,0.0,21.55
7794,everyday,new,1,0,0.0,16.51
7795,everyday,repeat,2,0,0.0,27.83
7796,big_ticket,new,8,1,0.188,545.21
7797,everyday,repeat,6,1,0.19,92.86
7798,big_ticket,new,5,0,0.0,396.0
7799,everyday,repeat,2,1,0.159,20.41
7800,everyday,new,4,1,0.161,90.87
7801,everyday,repeat,2,0,0.0,41.18
7802,big_ticket,repeat,5,1,0.198,320.9
7803,everyday,repeat,2,0,0.0,33.42
7804,everyday,repeat,3,0,0.0,21.03
7805,everyday,new,2,0,0.0,68.25
7806,everyday,repeat,1,1,0.128,28.07
7807,big_ticket,new,2,1,0.194,176.81
7808,everyday,repeat,2,0,0.0,50.34
7809,big_ticket,new,7,1,0.133,428.21
7810,everyday,repeat,4,1,0.148,43.51
7811,everyday,new,4,0,0.0,77.27
7812,everyday,repeat,2,0,0.0,24.88
7813,big_ticket,repeat,6,0,0.0,445.26
7814,everyday,new,2,0,0.0,30.55
7815,everyday,repeat,2,1,0.152,46.78
7816,everyday,new,4,1,0.193,65.72
7817,everyday,new,1,0,0.0,12.08
7818,everyday,new,6,0,0.0,131.12
7819,big_ticket,repeat,5,0,0.0,1270.81
7820,everyday,repeat,5,1,0.168,53.74
7821,everyday,repeat,2,0,0.0,37.38
7822,everyday,new,2,0,0.0,29.8
7823,everyday,new,2,1,0.119,84.43
7824,everyday,repeat,4,1,0.127,105.15
7825,big_ticket,new,6,0,0.0,346.01
7826,everyday,repeat,4,0,0.0,27.54
7827,big_ticket,repeat,5,0,0.0,414.74
7828,everyday,new,3,1,0.134,78.96
7829,big_ticket,new,3,1,0.199,328.25
7830,everyday,repeat,2,0,0.0,21.69
7831,big_ticket,repeat,3,1,0.114,224.53
7832,everyday,repeat,3,1,0.121,85.64
7833,everyday,repeat,1,0,0.0,30.32
7834,everyday,new,4,0,0.0,45.52
7835,everyday,repeat,4,1,0.161,37.33
7836,everyday,repeat,4,0,0.0,22.62
7837,everyday,repeat,5,1,0.171,36.71
7838,big_ticket,repeat,7,0,0.0,1081.82
7839,big_ticket,repeat,4,1,0.162,198.38
7840,everyday,new,1,0,0.0,16.4
7841,big_ticket,new,5,1,0.101,685.91
7842,everyday,repeat,2,0,0.0,36.95
7843,everyday,repeat,1,0,0.0,11.8
7844,everyday,repeat,2,0,0.0,31.24
7845,everyday,repeat,5,0,0.0,54.42
7846,everyday,new,2,0,0.0,26.34
7847,everyday,repeat,3,0,0.0,43.45
7848,everyday,repeat,8,0,0.0,192.24
7849,everyday,repeat,3,0,0.0,77.82
7850,big_ticket,repeat,8,1,0.116,1100.66
7851,everyday,repeat,5,1,0.157,83.8
7852,big_ticket,repeat,4,0,0.0,373.97
7853,everyday,new,3,1,0.138,46.53
7854,everyday,repeat,6,1,0.19,83.34
7855,everyday,new,6,1,0.148,164.71
7856,big_ticket,new,7,1,0.117,763.19
7857,everyday,repeat,4,1,0.166,65.15
7858,everyday,repeat,2,0,0.0,20.73
7859,big_ticket,repeat,7,1,0.121,816.77
7860,big_ticket,new,6,1,0.122,781.18
7861,everyday,new,5,1,0.179,112.74
7862,everyday,repeat,2,0,0.0,19.43
7863,everyday,repeat,4,0,0.0,107.84
7864,everyday,repeat,1,0,0.0,13.89
7865,big_ticket,repeat,10,1,0.113,1132.85
7866,everyday,repeat,4,0,0.0,84.04
7867,everyday,repeat,3,0,0.0,47.04
7868,everyday,new,4,0,0.0,61.12
7869,everyday,repeat,4,1,0.103,101.14
7870,everyday,repeat,2,0,0.0,69.95
7871,everyday,new,3,0,0.0,66.07
7872,everyday,repeat,3,0,0.0,40.19
7873,everyday,repeat,1,0,0.0,6.92
7874,everyday,new,2,0,0.0,44.91
7875,everyday,new,4,1,0.18,68.25
7876,everyday,repeat,5,1,0.19,56.23
7877,everyday,repeat,2,1,0.174,25.63
7878,big_ticket,repeat,9,1,0.134,1256.2
7879,big_ticket,new,8,1,0.137,888.61
7880,big_ticket,repeat,4,1,0.114,920.02
7881,everyday,new,1,0,0.0,27.89
7882,everyday,new,3,0,0.0,56.24
7883,everyday,new,2,0,0.0,19.61
7884,big_ticket,repeat,10,1,0.118,1129.73
7885,everyday,new,3,1,0.179,69.18
7886,everyday,new,3,0,0.0,46.6
7887,everyday,new,1,0,0.0,18.79
7888,everyday,repeat,3,0,0.0,65.29
7889,big_ticket,new,8,1,0.198,730.52
7890,everyday,new,3,0,0.0,79.17
7891,everyday,repeat,4,0,0.0,54.81
7892,big_ticket,repeat,5,0,0.0,435.55
7893,everyday,repeat,4,0,0.0,141.84
7894,everyday,repeat,4,0,0.0,77.35
7895,everyday,repeat,6,1,0.191,86.15
7896,everyday,repeat,2,1,0.164,13.12
7897,everyday,repeat,2,0,0.0,47.01
7898,everyday,repeat,5,0,0.0,105.36
7899,big_ticket,new,5,1,0.117,233.48
7900,everyday,new,6,0,0.0,119.64
7901,everyday,new,4,0,0.0,133.13
7902,everyday,new,2,0,0.0,17.47
7903,big_ticket,repeat,4,0,0.0,544.85
7904,everyday,new,3,0,0.0,30.97
7905,big_ticket,repeat,4,1,0.148,701.36
7906,everyday,repeat,3,0,0.0,43.14
7907,everyday,repeat,2,0,0.0,65.19
7908,big_ticket,new,6,1,0.141,904.16
7909,everyday,repeat,3,1,0.188,46.52
7910,everyday,new,3,0,0.0,23.57
7911,big_ticket,new,3,0,0.0,252.34
7912,everyday,new,2,0,0.0,21.46
7913,everyday,new,1,0,0.0,13.1
7914,big_ticket,repeat,4,0,0.0,328.2
7915,big_ticket,new,6,1,0.138,928.75
7916,big_ticket,repeat,10,1,0.173,1694.5
7917,big_ticket,new,6,1,0.119,302.07
7918,everyday,repeat,3,0,0.0,55.61
7919,big_ticket,new,5,1,0.114,651.67
7920,everyday,repeat,5,1,0.173,90.81
7921,everyday,new,3,0,0.0,45.07
7922,everyday,repeat,7,1,0.114,101.46
7923,big_ticket,repeat,5,1,0.117,264.72
7924,everyday,repeat,2,0,0.0,17.49
7925,big_ticket,new,6,1,0.176,785.37
7926,everyday,repeat,2,1,0.144,33.01
7927,everyday,repeat,1,0,0.0,35.21
7928,everyday,repeat,3,0,0.0,19.95
7929,everyday,repeat,6,1,0.124,109.88
7930,everyday,repeat,4,0,0.0,60.11
7931,everyday,repeat,4,0,0.0,96.05
7932,everyday,repeat,4,0,0.0,45.96
7933,everyday,new,2,0,0.0,29.66
7934,everyday,new,3,0,0.0,31.48
7935,everyday,repeat,1,0,0.0,13.35
7936,everyday,repeat,2,0,0.0,45.09
7937,everyday,new,3,0,0.0,60.44
7938,everyday,new,2,0,0.0,28.73
7939,everyday,new,3,1,0.15,77.91
7940,everyday,new,4,1,0.179,224.14
7941,everyday,repeat,2,0,0.0,22.13
7942,everyday,repeat,2,1,0.184,43.21
7943,everyday,new,4,0,0.0,67.49
7944,everyday,new,3,0,0.0,84.89
7945,everyday,new,2,1,0.143,25.23
7946,everyday,repeat,2,0,0.0,54.37
7947,big_ticket,repeat,6,1,0.146,1263.63
7948,everyday,new,3,0,0.0,43.97
7949,everyday,new,4,0,0.0,71.3
7950,big_ticket,repeat,4,1,0.162,470.96
7951,everyday,repeat,5,0,0.0,52.4
7952,everyday,repeat,2,0,0.0,33.43
7953,big_ticket,repeat,5,0,0.0,516.99
7954,everyday,repeat,3,0,0.0,27.56
7955,big_ticket,repeat,11,1,0.181,721.01
7956,everyday,repeat,2,1,0.151,55.32
7957,everyday,new,4,0,0.0,64.84
7958,everyday,new,1,0,0.0,14.64
7959,everyday,new,5,1,0.126,83.49
7960,big_ticket,repeat,7,1,0.123,735.21
7961,everyday,repeat,4,1,0.169,59.95
7962,everyday,new,5,1,0.14,194.94
7963,everyday,repeat,1,0,0.0,15.44
7964,big_ticket,repeat,10,0,0.0,1432.48
7965,everyday,new,4,0,0.0,41.25
7966,big_ticket,repeat,6,0,0.0,778.35
7967,everyday,repeat,2,0,0.0,19.41
7968,big_ticket,new,5,1,0.179,503.92
7969,everyday,repeat,3,1,0.12,12.82
7970,everyday,new,1,0,0.0,16.65
7971,everyday,repeat,3,0,0.0,53.44
7972,everyday,repeat,6,1,0.116,68.46
7973,everyday,repeat,2,0,0.0,25.15
7974,everyday,repeat,6,1,0.116,70.8
7975,big_ticket,new,4,1,0.106,280.81
7976,big_ticket,new,4,0,0.0,529.56
7977,big_ticket,repeat,3,0,0.0,562.81
7978,big_ticket,new,2,0,0.0,142.63
7979,big_ticket,repeat,9,1,0.186,1576.11
7980,everyday,new,1,1,0.123,35.91
7981,everyday,new,4,1,0.151,137.12
7982,big_ticket,repeat,6,0,0.0,565.19
7983,big_ticket,repeat,7,1,0.14,734.04
7984,big_ticket,repeat,6,0,0.0,525.58
7985,big_ticket,repeat,6,1,0.108,980.79
7986,everyday,new,2,0,0.0,25.09
7987,big_ticket,repeat,2,1,0.151,235.37
7988,big_ticket,repeat,8,1,0.149,1935.55
7989,everyday,repeat,3,0,0.0,27.19
7990,big_ticket,new,4,1,0.185,341.31
7991,everyday,repeat,3,0,0.0,50.75
7992,big_ticket,new,4,1,0.152,647.5
7993,everyday,repeat,2,0,0.0,30.31
7994,big_ticket,new,4,1,0.156,459.64
7995,everyday,repeat,1,1,0.189,28.29
7996,everyday,repeat,3,0,0.0,121.46
7997,everyday,repeat,2,0,0.0,26.76
7998,everyday,repeat,1,0,0.0,15.37
7999,everyday,repeat,6,0,0.0,173.61
8000,big_ticket,new,4,1,0.149,337.31
8001,everyday,repeat,2,0,0.0,50.5
8002,big_ticket,repeat,4,0,0.0,365.85
8003,everyday,new,4,1,0.129,44.39
8004,everyday,new,1,0,0.0,12.32
8005,big_ticket,repeat,8,0,0.0,690.01
8006,big_ticket,new,5,1,0.192,885.02
8007,everyday,repeat,3,0,0.0,27.83
8008,big_ticket,repeat,3,1,0.107,293.75
8009,big_ticket,repeat,4,0,0.0,585.38
8010,everyday,new,3,1,0.16,69.75
8011,big_ticket,new,7,1,0.187,822.48
8012,big_ticket,repeat,6,0,0.0,859.83
8013,everyday,new,2,0,0.0,33.84
8014,everyday,repeat,1,0,0.0,13.2
8015,everyday,new,4,1,0.188,54.44
8016,everyday,new,3,0,0.0,43.38
8017,big_ticket,repeat,2,1,0.165,121.72
8018,big_ticket,new,7,1,0.153,1030.99
8019,everyday,repeat,2,0,0.0,37.38
8020,everyday,repeat,4,0,0.0,139.97
8021,everyday,repeat,4,1,0.18,83.81
8022,everyday,repeat,2,1,0.127,30.21
8023,big_ticket,new,6,1,0.125,681.18
8024,everyday,new,1,0,0.0,29.21
8025,everyday,repeat,2,0,0.0,51.11
8026,everyday,new,1,0,0.0,20.25
8027,everyday,new,1,0,0.0,20.37
8028,big_ticket,new,8,1,0.199,1567.31
8029,big_ticket,repeat,5,1,0.16,184.32
8030,everyday,new,3,1,0.15,35.42
8031,everyday,new,2,0,0.0,30.64
8032,everyday,repeat,4,1,0.145,104.6
8033,everyday,repeat,3,0,0.0,52.11
8034,everyday,new,3,0,0.0,51.69
8035,everyday,repeat,1,0,0.0,25.47
8036,big_ticket,repeat,3,1,0.185,228.75
8037,everyday,new,4,0,0.0,105.71
8038,everyday,new,2,0,0.0,20.87
8039,everyday,new,2,0,0.0,27.42
8040,big_ticket,new,5,1,0.1,439.77
8041,everyday,repeat,2,0,0.0,26.15
8042,everyday,new,7,1,0.119,154.73
8043,big_ticket,repeat,9,1,0.127,994.59
8044,everyday,new,3,0,0.0,43.69
8045,big_ticket,new,6,1,0.12,675.79
8046,everyday,repeat,4,0,0.0,82.39
8047,big_ticket,repeat,6,1,0.104,615.18
8048,big_ticket,new,5,1,0.148,276.32
8049,everyday,new,2,0,0.0,43.94
8050,everyday,repeat,2,0,0.0,15.95
8051,everyday,new,4,0,0.0,147.98
8052,big_ticket,repeat,4,1,0.109,430.43
8053,big_ticket,repeat,4,1,0.161,620.69
8054,big_ticket,new,6,0,0.0,729.37
8055,big_ticket,repeat,9,1,0.107,771.41
8056,everyday,new,3,0,0.0,38.78
8057,everyday,repeat,5,1,0.152,57.21
8058,everyday,repeat,5,0,0.0,46.98
8059,big_ticket,repeat,7,1,0.114,935.36
8060,big_ticket,repeat,6,1,0.111,547.01
8061,everyday,repeat,3,0,0.0,34.77
8062,everyday,new,3,0,0.0,41.87
8063,everyday,new,1,0,0.0,21.86
8064,big_ticket,new,4,1,0.157,274.65
8065,big_ticket,repeat,7,1,0.198,563.67
8066,everyday,repeat,3,0,0.0,62.0
8067,everyday,repeat,4,0,0.0,100.28
8068,everyday,repeat,1,0,0.0,20.97
8069,everyday,new,2,0,0.0,14.34
8070,big_ticket,new,5,1,0.152,304.39
8071,everyday,new,5,1,0.115,118.14
8072,everyday,repeat,4,0,0.0,50.28
8073,everyday,new,4,0,0.0,34.31
8074,everyday,new,2,0,0.0,28.71
8075,big_ticket,new,4,1,0.195,352.76
8076,everyday,repeat,1,1,0.15,21.43
8077,everyday,new,4,1,0.153,68.03
8078,everyday,repeat,5,1,0.117,32.99
8079,big_ticket,new,5,1,0.189,613.79
8080,big_ticket,new,6,1,0.175,1159.15
8081,everyday,repeat,4,0,0.0,86.86
8082,everyday,repeat,5,1,0.117,100.0
8083,everyday,repeat,2,1,0.152,25.27
8084,everyday,new,5,0,0.0,41.94
8085,everyday,repeat,2,0,0.0,57.99
8086,big_ticket,repeat,6,1,0.108,1466.0
8087,big_ticket,repeat,5,0,0.0,384.59
8088,everyday,new,3,0,0.0,103.15
8089,everyday,new,4,0,0.0,67.23
8090,everyday,new,3,0,0.0,35.7
8091,everyday,repeat,2,0,0.0,55.88
8092,everyday,repeat,4,1,0.155,99.03
8093,everyday,repeat,1,0,0.0,22.07
8094,big_ticket,new,11,1,0.156,1125.63
8095,everyday,new,1,1,0.173,9.5
8096,big_ticket,new,7,0,0.0,492.29
8097,everyday,repeat,4,0,0.0,53.81
8098,everyday,new,2,0,0.0,12.21
8099,everyday,new,3,0,0.0,56.85
8100,big_ticket,new,2,0,0.0,201.8
8101,everyday,new,2,0,0.0,33.73
8102,everyday,repeat,7,0,0.0,251.7
8103,big_ticket,new,7,1,0.14,973.16
8104,big_ticket,repeat,6,1,0.171,493.51
8105,everyday,repeat,2,0,0.0,18.62
8106,everyday,repeat,4,0,0.0,124.35
8107,everyday,repeat,2,0,0.0,19.66
8108,big_ticket,repeat,5,1,0.19,371.47
8109,everyday,repeat,5,1,0.12,51.25
8110,everyday,new,3,0,0.0,57.61
8111,everyday,repeat,3,0,0.0,63.67
8112,everyday,new,3,1,0.16,76.76
8113,big_ticket,new,7,1,0.12,592.79
8114,big_ticket,new,8,1,0.109,1038.05
8115,everyday,repeat,4,0,0.0,52.12
8116,big_ticket,new,10,1,0.12,1212.06
8117,everyday,new,2,1,0.119,33.31
8118,everyday,new,6,1,0.15,171.04
8119,everyday,new,4,1,0.139,43.79
8120,big_ticket,new,8,0,0.0,1248.53
8121,everyday,repeat,3,0,0.0,47.47
8122,everyday,new,3,0,0.0,46.26
8123,big_ticket,repeat,4,0,0.0,207.66
8124,everyday,repeat,3,0,0.0,91.64
8125,big_ticket,repeat,12,1,0.189,1812.41
8126,everyday,repeat,3,0,0.0,39.12
8127,everyday,new,2,1,0.181,38.57
8128,everyday,repeat,3,0,0.0,58.32
8129,everyday,new,2,1,0.167,56.97
8130,everyday,new,4,0,0.0,68.94
8131,everyday,new,3,0,0.0,44.56
8132,big_ticket,repeat,5,1,0.119,534.08
8133,big_ticket,repeat,5,1,0.16,462.32
8134,big_ticket,new,6,1,0.103,439.46
8135,everyday,repeat,3,1,0.129,22.65
8136,everyday,new,4,1,0.194,62.02
8137,everyday,new,4,1,0.157,116.9
8138,everyday,new,2,0,0.0,34.84
8139,big_ticket,repeat,6,0,0.0,502.21
8140,everyday,repeat,1,0,0.0,6.4
8141,everyday,new,3,0,0.0,46.23
8142,everyday,new,1,0,0.0,30.76
8143,everyday,repeat,2,0,0.0,33.1
8144,everyday,repeat,5,1,0.123,105.54
8145,everyday,new,3,1,0.196,42.51
8146,everyday,repeat,3,0,0.0,41.9
8147,everyday,repeat,5,1,0.153,85.7
8148,everyday,repeat,2,0,0.0,42.34
8149,big_ticket,new,9,1,0.162,600.23
8150,everyday,repeat,1,0,0.0,23.52
8151,everyday,repeat,2,0,0.0,27.92
8152,everyday,new,2,0,0.0,36.63
8153,everyday,repeat,3,1,0.129,26.5
8154,big_ticket,repeat,6,1,0.146,979.82
8155,everyday,repeat,1,0,0.0,6.06
8156,big_ticket,repeat,9,1,0.132,934.49
8157,big_ticket,new,7,1,0.126,727.03
8158,everyday,repeat,2,0,0.0,43.1
8159,everyday,new,3,0,0.0,26.98
8160,everyday,repeat,5,0,0.0,108.69
8161,everyday,new,3,0,0.0,45.48
8162,everyday,new,2,1,0.152,58.62
8163,everyday,new,1,0,0.0,34.09
8164,everyday,repeat,3,0,0.0,16.15
8165,everyday,repeat,3,1,0.146,130.4
8166,everyday,repeat,4,1,0.102,105.1
8167,everyday,new,4,1,0.155,90.05
8168,big_ticket,new,8,1,0.106,589.85
8169,everyday,repeat,1,0,0.0,21.35
8170,everyday,new,3,0,0.0,59.41
8171,big_ticket,repeat,8,1,0.171,1384.24
8172,everyday,repeat,1,0,0.0,19.79
8173,everyday,repeat,4,0,0.0,87.39
8174,everyday,new,2,0,0.0,48.0
8175,everyday,repeat,4,1,0.174,25.36
8176,big_ticket,repeat,4,1,0.17,286.39
8177,everyday,repeat,1,1,0.176,16.76
8178,everyday,repeat,1,0,0.0,13.69
8179,everyday,new,2,0,0.0,58.21
8180,everyday,repeat,2,0,0.0,74.41
8181,everyday,new,2,0,0.0,35.58
8182,big_ticket,repeat,6,1,0.116,1093.11
8183,everyday,repeat,2,0,0.0,35.09
8184,everyday,repeat,5,1,0.164,38.23
8185,everyday,new,2,0,0.0,21.35
8186,big_ticket,repeat,10,1,0.1,902.21
8187,everyday,new,1,0,0.0,24.78
8188,everyday,repeat,2,0,0.0,27.17
8189,everyday,repeat,2,0,0.0,31.85
8190,big_ticket,repeat,6,1,0.175,766.81
8191,everyday,new,3,0,0.0,43.5
8192,big_ticket,repeat,7,1,0.113,509.59
8193,everyday,repeat,1,1,0.135,17.6
8194,big_ticket,repeat,9,1,0.17,872.69
8195,big_ticket,repeat,8,1,0.109,1335.9
8196,everyday,repeat,4,1,0.143,38.25
8197,everyday,new,5,1,0.106,130.19
8198,everyday,new,2,0,0.0,35.69
8199,everyday,repeat,5,1,0.19,114.11
8200,everyday,repeat,2,0,0.0,81.34
8201,everyday,new,4,1,0.137,73.19
8202,big_ticket,new,10,1,0.181,1264.94
8203,everyday,repeat,1,0,0.0,13.94
8204,everyday,repeat,4,0,0.0,70.53
8205,everyday,repeat,2,0,0.0,37.64
8206,everyday,repeat,2,0,0.0,42.11
8207,everyday,repeat,3,1,0.115,57.75
8208,everyday,repeat,4,0,0.0,30.36
8209,everyday,new,5,1,0.19,178.25
8210,big_ticket,repeat,3,0,0.0,377.49
8211,everyday,repeat,3,0,0.0,109.1
8212,big_ticket,repeat,2,0,0.0,132.25
8213,everyday,new,2,0,0.0,25.63
8214,everyday,repeat,2,0,0.0,29.73
8215,everyday,repeat,3,1,0.103,40.58
8216,everyday,new,5,0,0.0,98.51
8217,big_ticket,repeat,8,1,0.11,618.98
8218,everyday,repeat,1,0,0.0,32.69
8219,everyday,repeat,3,1,0.133,39.45
8220,big_ticket,repeat,8,1,0.189,1083.92
8221,everyday,new,2,1,0.168,48.79
8222,big_ticket,repeat,7,1,0.196,765.43
8223,everyday,new,2,0,0.0,45.99
8224,big_ticket,repeat,4,1,0.184,450.06
8225,everyday,repeat,4,0,0.0,52.76
8226,everyday,repeat,2,1,0.132,8.14
8227,everyday,repeat,1,0,0.0,18.78
8228,everyday,repeat,3,0,0.0,88.45
8229,big_ticket,new,6,1,0.199,682.1
8230,everyday,new,4,1,0.164,76.52
8231,everyday,new,1,0,0.0,21.11
8232,everyday,repeat,4,1,0.198,51.03
8233,big_ticket,repeat,5,1,0.161,417.53
8234,everyday,repeat,3,1,0.124,78.01
8235,big_ticket,new,5,0,0.0,350.13
8236,everyday,repeat,2,0,0.0,43.37
8237,big_ticket,repeat,4,1,0.19,466.12
8238,everyday,repeat,2,0,0.0,49.37
8239,everyday,repeat,3,0,0.0,20.94
8240,everyday,repeat,2,1,0.145,48.82
8241,everyday,repeat,6,1,0.181,184.5
8242,big_ticket,new,2,1,0.177,351.86
8243,big_ticket,new,7,0,0.0,566.07
8244,everyday,repeat,3,0,0.0,110.8
8245,big_ticket,repeat,7,0,0.0,1012.75
8246,everyday,new,4,0,0.0,30.71
8247,everyday,new,3,0,0.0,44.21
8248,everyday,repeat,2,0,0.0,13.9
8249,everyday,new,1,0,0.0,14.7
8250,everyday,new,1,0,0.0,16.21
8251,everyday,repeat,4,0,0.0,89.37
8252,everyday,repeat,3,0,0.0,50.06
8253,big_ticket,new,3,0,0.0,257.02
8254,big_ticket,new,4,1,0.142,196.93
8255,everyday,new,4,0,0.0,25.35
8256,everyday,new,2,0,0.0,44.74
8257,big_ticket,repeat,5,1,0.16,394.48
8258,everyday,new,4,1,0.181,61.0
8259,big_ticket,new,6,0,0.0,360.83
8260,everyday,repeat,4,0,0.0,99.74
8261,everyday,repeat,1,1,0.101,10.78
8262,everyday,new,1,0,0.0,18.83
8263,big_ticket,new,3,1,0.176,237.75
8264,big_ticket,repeat,6,1,0.183,603.66
8265,everyday,repeat,4,0,0.0,34.55
8266,big_ticket,repeat,10,1,0.127,1638.12
8267,big_ticket,new,5,1,0.122,1126.76
8268,everyday,repeat,2,0,0.0,33.44
8269,big_ticket,new,6,1,0.191,350.2
8270,everyday,new,3,0,0.0,58.37
8271,everyday,repeat,1,0,0.0,12.31
8272,everyday,repeat,4,0,0.0,98.49
8273,big_ticket,new,5,0,0.0,662.44
8274,big_ticket,new,9,1,0.197,946.5
8275,everyday,repeat,1,0,0.0,10.22
8276,everyday,new,4,0,0.0,45.1
8277,everyday,new,1,0,0.0,17.97
8278,big_ticket,new,4,1,0.124,268.06
8279,big_ticket,new,8,1,0.123,718.93
8280,everyday,repeat,3,0,0.0,44.63
8281,everyday,new,4,0,0.0,87.94
8282,everyday,repeat,1,0,0.0,28.09
8283,everyday,repeat,3,0,0.0,49.12
8284,everyday,new,1,0,0.0,22.33
8285,everyday,repeat,4,1,0.129,66.3
8286,everyday,new,4,1,0.172,77.71
8287,everyday,repeat,2,0,0.0,23.75
8288,big_ticket,repeat,7,1,0.191,767.23
8289,everyday,repeat,3,0,0.0,97.71
8290,everyday,new,4,1,0.125,79.8
8291,big_ticket,repeat,6,1,0.129,412.99
8292,big_ticket,repeat,14,1,0.185,2132.32
8293,everyday,new,2,1,0.11,39.4
8294,everyday,new,3,0,0.0,17.66
8295,everyday,new,4,1,0.179,92.13
8296,everyday,new,3,1,0.104,102.29
8297,everyday,new,3,0,0.0,37.84
8298,everyday,repeat,1,0,0.0,14.6
8299,everyday,repeat,3,0,0.0,79.56
8300,everyday,new,2,0,0.0,21.8
8301,big_ticket,repeat,9,1,0.168,483.44
8302,everyday,repeat,2,0,0.0,22.6
8303,everyday,repeat,4,1,0.119,88.48
8304,everyday,repeat,2,0,0.0,29.13
8305,big_ticket,repeat,6,1,0.142,735.64
8306,everyday,repeat,3,1,0.154,29.47
8307,everyday,new,3,0,0.0,47.08
8308,everyday,new,3,0,0.0,125.48
8309,everyday,repeat,4,0,0.0,58.22
8310,big_ticket,new,6,0,0.0,611.99
8311,big_ticket,new,5,1,0.109,615.15
8312,everyday,new,2,0,0.0,7.04
8313,everyday,repeat,1,1,0.104,31.42
8314,everyday,new,3,0,0.0,67.14
8315,everyday,repeat,5,0,0.0,63.87
8316,everyday,new,2,0,0.0,47.21
8317,big_ticket,repeat,3,0,0.0,327.36
8318,big_ticket,repeat,7,1,0.155,546.32
8319,everyday,repeat,2,0,0.0,43.23
8320,everyday,new,4,0,0.0,62.96
8321,everyday,new,2,0,0.0,35.79
8322,everyday,repeat,1,0,0.0,21.71
8323,everyday,repeat,2,0,0.0,27.24
8324,big_ticket,new,5,1,0.108,336.04
8325,big_ticket,repeat,6,1,0.145,495.41
8326,everyday,repeat,1,0,0.0,8.65
8327,everyday,new,2,0,0.0,14.06
8328,everyday,repeat,4,1,0.153,79.72
8329,big_ticket,repeat,6,1,0.176,1681.59
8330,everyday,repeat,4,1,0.11,36.88
8331,everyday,new,5,1,0.164,68.52
8332,everyday,new,4,0,0.0,38.71
8333,everyday,new,5,0,0.0,90.12
8334,everyday,new,5,1,0.177,135.99
8335,everyday,new,3,1,0.118,96.76
8336,everyday,repeat,4,1,0.2,61.49
8337,big_ticket,repeat,5,1,0.144,427.68
8338,everyday,new,1,0,0.0,6.67
8339,everyday,repeat,4,0,0.0,31.68
8340,big_ticket,new,3,1,0.108,429.08
8341,everyday,new,3,0,0.0,53.81
8342,everyday,repeat,3,1,0.138,87.39
8343,everyday,repeat,2,0,0.0,12.82
8344,everyday,new,3,1,0.1,47.97
8345,big_ticket,repeat,6,0,0.0,634.21
8346,everyday,repeat,2,1,0.112,11.23
8347,everyday,repeat,3,1,0.146,31.85
8348,everyday,repeat,3,0,0.0,122.73
8349,everyday,new,1,0,0.0,10.99
8350,everyday,new,3,0,0.0,92.23
8351,big_ticket,repeat,6,1,0.118,628.76
8352,big_ticket,repeat,5,0,0.0,341.55
8353,big_ticket,new,4,0,0.0,358.44
8354,everyday,new,2,0,0.0,63.58
8355,everyday,new,7,0,0.0,90.72
8356,big_ticket,new,7,0,0.0,779.38
8357,everyday,new,4,1,0.114,70.54
8358,everyday,repeat,2,0,0.0,117.1
8359,big_ticket,new,6,1,0.11,542.49
8360,everyday,repeat,4,0,0.0,61.21
8361,everyday,new,4,0,0.0,181.8
8362,big_ticket,new,4,1,0.152,869.32
8363,everyday,repeat,3,0,0.0,35.77
8364,everyday,new,2,1,0.183,38.2
8365,everyday,new,2,0,0.0,27.18
8366,big_ticket,repeat,5,0,0.0,583.03
8367,everyday,new,2,0,0.0,36.05
8368,big_ticket,new,9,1,0.131,766.21
8369,everyday,repeat,2,1,0.169,34.58
8370,everyday,new,1,0,0.0,16.02
8371,everyday,repeat,4,1,0.2,64.36
8372,everyday,new,1,0,0.0,14.78
8373,everyday,new,6,1,0.147,80.31
8374,everyday,repeat,2,1,0.184,14.14
8375,everyday,repeat,1,0,0.0,8.16
8376,everyday,new,3,1,0.144,48.42
8377,big_ticket,repeat,7,0,0.0,1112.21
8378,big_ticket,repeat,5,1,0.121,866.47
8379,everyday,repeat,4,1,0.177,52.39
8380,everyday,repeat,2,0,0.0,19.22
8381,everyday,repeat,2,0,0.0,28.15
8382,everyday,repeat,3,1,0.177,16.58
8383,everyday,new,1,0,0.0,17.96
8384,everyday,repeat,3,1,0.101,66.34
8385,everyday,repeat,3,0,0.0,95.48
8386,everyday,repeat,3,0,0.0,56.63
8387,big_ticket,repeat,4,0,0.0,397.7
8388,everyday,new,2,0,0.0,23.27
8389,everyday,new,5,1,0.194,75.73
8390,everyday,repeat,3,0,0.0,34.69
8391,everyday,repeat,1,0,0.0,9.14
8392,everyday,repeat,4,1,0.108,49.02
8393,everyday,new,3,1,0.17,80.82
8394,big_ticket,repeat,11,1,0.102,825.08
8395,everyday,repeat,3,1,0.109,76.29
8396,everyday,repeat,4,1,0.126,44.77
8397,everyday,new,4,1,0.156,131.84
8398,big_ticket,repeat,7,1,0.151,634.69
8399,big_ticket,new,7,1,0.164,925.98
8400,big_ticket,repeat,3,0,0.0,484.36
8401,everyday,new,3,0,0.0,14.3
8402,everyday,repeat,2,0,0.0,65.48
8403,everyday,new,4,1,0.127,77.32
8404,big_ticket,new,6,1,0.15,232.49
8405,big_ticket,new,6,1,0.108,349.93
8406,big_ticket,repeat,6,0,0.0,702.58
8407,everyday,repeat,3,0,0.0,40.92
8408,big_ticket,repeat,7,1,0.192,412.33
8409,big_ticket,repeat,6,1,0.109,327.61
8410,everyday,new,3,1,0.11,22.28
8411,everyday,new,1,0,0.0,13.14
8412,everyday,new,5,0,0.0,77.09
8413,everyday,repeat,4,0,0.0,86.71
8414,everyday,repeat,7,1,0.132,46.76
8415,everyday,new,2,0,0.0,21.98
8416,big_ticket,repeat,4,1,0.108,408.02
8417,big_ticket,repeat,4,0,0.0,293.89
8418,big_ticket,repeat,12,1,0.118,885.43
8419,everyday,new,4,0,0.0,25.29
8420,everyday,repeat,3,0,0.0,42.94
8421,everyday,repeat,2,0,0.0,66.18
8422,big_ticket,repeat,9,1,0.107,814.22
8423,everyday,repeat,3,0,0.0,41.45
8424,big_ticket,new,4,0,0.0,436.94
8425,everyday,repeat,4,0,0.0,97.94
8426,everyday,repeat,1,0,0.0,39.7
8427,big_ticket,repeat,7,1,0.115,689.4
8428,everyday,repeat,2,0,0.0,64.94
8429,big_ticket,repeat,7,1,0.147,1101.4
8430,everyday,new,4,1,0.134,49.24
8431,everyday,new,4,1,0.156,60.6
8432,everyday,repeat,3,0,0.0,53.43
8433,big_ticket,repeat,5,1,0.197,717.08
8434,everyday,repeat,2,0,0.0,31.34
8435,big_ticket,new,10,1,0.13,995.86
8436,big_ticket,repeat,3,1,0.106,209.26
8437,everyday,repeat,2,0,0.0,44.24
8438,big_ticket,repeat,7,0,0.0,1385.42
8439,big_ticket,new,8,1,0.112,924.04
8440,everyday,new,4,0,0.0,80.13
8441,big_ticket,repeat,6,1,0.105,459.71
8442,everyday,repeat,3,1,0.123,87.2
8443,everyday,new,5,0,0.0,119.54
8444,everyday,repeat,2,0,0.0,30.49
8445,big_ticket,new,4,0,0.0,574.74
8446,everyday,new,4,0,0.0,51.73
8447,everyday,new,2,0,0.0,31.42
8448,everyday,new,6,0,0.0,70.11
8449,everyday,repeat,3,0,0.0,65.43
8450,big_ticket,new,4,0,0.0,386.58
8451,big_ticket,repeat,5,1,0.12,430.05
8452,everyday,repeat,1,0,0.0,32.46
8453,everyday,new,2,0,0.0,41.02
8454,big_ticket,new,8,1,0.191,663.49
8455,everyday,new,5,0,0.0,141.67
8456,everyday,repeat,5,1,0.137,56.02
8457,big_ticket,repeat,6,1,0.137,478.67
8458,big_ticket,repeat,5,1,0.16,295.61
8459,everyday,repeat,2,1,0.195,43.18
8460,everyday,repeat,2,1,0.129,39.18
8461,big_ticket,repeat,8,0,0.0,567.01
8462,everyday,repeat,3,1,0.2,30.69
8463,everyday,repeat,1,0,0.0,17.17
8464,big_ticket,new,6,1,0.15,836.42
8465,everyday,new,4,1,0.166,82.89
8466,everyday,repeat,4,0,0.0,101.51
8467,everyday,repeat,1,0,0.0,18.48
8468,everyday,new,1,0,0.0,19.77
8469,everyday,repeat,3,0,0.0,41.22
8470,everyday,new,6,0,0.0,223.38
8471,everyday,repeat,2,0,0.0,25.98
8472,big_ticket,repeat,9,1,0.16,579.61
8473,everyday,new,2,0,0.0,24.39
8474,everyday,repeat,4,1,0.128,218.68
8475,everyday,repeat,4,1,0.147,36.78
8476,everyday,repeat,4,1,0.149,84.52
8477,big_ticket,repeat,9,1,0.179,657.22
8478,everyday,repeat,5,1,0.164,104.81
8479,everyday,repeat,7,1,0.184,202.13
8480,big_ticket,repeat,5,1,0.169,520.1
8481,everyday,new,4,0,0.0,124.74
8482,everyday,new,3,0,0.0,84.79
8483,big_ticket,new,8,1,0.123,470.35
8484,everyday,new,5,1,0.157,80.1
8485,big_ticket,repeat,5,0,0.0,345.63
8486,big_ticket,repeat,4,0,0.0,606.05
8487,big_ticket,repeat,3,0,0.0,643.98
8488,everyday,new,3,0,0.0,66.08
8489,big_ticket,repeat,6,1,0.15,456.18
8490,big_ticket,repeat,7,1,0.142,779.38
8491,everyday,new,3,0,0.0,81.72
8492,big_ticket,repeat,6,1,0.179,556.4
8493,everyday,new,6,0,0.0,192.5
8494,big_ticket,repeat,4,1,0.185,487.18
8495,everyday,new,2,0,0.0,80.76
8496,everyday,repeat,3,0,0.0,48.57
8497,everyday,repeat,6,1,0.111,70.06
8498,big_ticket,repeat,9,0,0.0,717.06
8499,everyday,new,1,1,0.117,36.63
8500,everyday,new,4,0,0.0,47.27
8501,everyday,repeat,2,1,0.194,34.9
8502,big_ticket,new,7,1,0.134,411.47
8503,everyday,new,1,0,0.0,20.1
8504,everyday,repeat,2,0,0.0,61.53
8505,everyday,repeat,3,0,0.0,56.95
8506,everyday,repeat,2,0,0.0,27.44
8507,everyday,new,4,0,0.0,53.61
8508,everyday,repeat,5,1,0.197,87.85
8509,big_ticket,repeat,7,0,0.0,694.99
8510,big_ticket,new,6,1,0.164,827.59
8511,everyday,new,2,0,0.0,19.55
8512,everyday,new,1,0,0.0,12.91
8513,everyday,repeat,5,1,0.111,171.31
8514,big_ticket,new,4,1,0.175,793.69
8515,everyday,repeat,5,1,0.135,89.4
8516,everyday,new,3,0,0.0,72.99
8517,big_ticket,new,3,1,0.177,330.57
8518,everyday,repeat,1,0,0.0,23.03
8519,everyday,repeat,2,0,0.0,116.24
8520,everyday,repeat,3,0,0.0,51.23
8521,everyday,repeat,1,0,0.0,18.91
8522,everyday,new,2,1,0.143,28.22
8523,big_ticket,repeat,8,1,0.133,487.51
8524,everyday,new,6,0,0.0,76.97
8525,everyday,repeat,2,0,0.0,51.5
8526,big_ticket,repeat,5,1,0.154,460.85
8527,big_ticket,repeat,6,1,0.195,840.86
8528,everyday,new,3,1,0.123,36.32
8529,big_ticket,new,9,1,0.104,810.25
8530,everyday,repeat,4,0,0.0,71.47
8531,everyday,repeat,2,0,0.0,29.78
8532,everyday,new,3,0,0.0,47.65
8533,everyday,new,1,0,0.0,9.61
8534,big_ticket,new,8,1,0.184,570.68
8535,big_ticket,new,9,1,0.158,363.1
8536,everyday,new,5,0,0.0,63.31
8537,everyday,repeat,3,1,0.176,33.47
8538,big_ticket,repeat,7,0,0.0,855.15
8539,everyday,repeat,3,1,0.158,89.49
8540,everyday,new,2,0,0.0,69.94
8541,everyday,new,2,0,0.0,23.96
8542,everyday,new,2,1,0.144,26.69
8543,everyday,repeat,3,0,0.0,21.38
8544,big_ticket,repeat,3,1,0.18,347.95
8545,everyday,new,3,0,0.0,52.74
8546,everyday,repeat,2,0,0.0,28.11
8547,big_ticket,repeat,7,1,0.169,779.76
8548,everyday,repeat,2,0,0.0,25.67
8549,big_ticket,repeat,4,1,0.124,489.08
8550,everyday,repeat,1,0,0.0,17.55
8551,everyday,new,2,1,0.174,55.9
8552,everyday,repeat,1,0,0.0,60.38
8553,big_ticket,repeat,6,1,0.132,434.28
8554,big_ticket,repeat,7,1,0.109,700.96
8555,big_ticket,new,6,1,0.163,1148.3
8556,everyday,repeat,5,1,0.142,80.69
8557,everyday,new,2,0,0.0,49.24
8558,big_ticket,repeat,5,0,0.0,1450.64
8559,everyday,repeat,3,0,0.0,29.04
8560,big_ticket,new,6,1,0.115,268.72
8561,everyday,repeat,2,0,0.0,17.6
8562,everyday,repeat,2,0,0.0,67.44
8563,big_ticket,repeat,8,1,0.103,1110.91
8564,everyday,repeat,3,0,0.0,35.0
8565,everyday,repeat,1,0,0.0,35.84
8566,everyday,new,4,0,0.0,86.36
8567,big_ticket,repeat,5,1,0.194,610.63
8568,everyday,repeat,4,1,0.139,69.67
8569,everyday,repeat,4,1,0.163,25.28
8570,big_ticket,repeat,5,1,0.147,389.19
8571,everyday,repeat,1,0,0.0,24.24
8572,big_ticket,new,8,1,0.198,646.6
8573,big_ticket,repeat,9,1,0.191,706.28
8574,everyday,repeat,1,1,0.192,20.27
8575,big_ticket,new,4,1,0.18,333.98
8576,everyday,new,6,0,0.0,58.91
8577,everyday,new,2,0,0.0,21.86
8578,everyday,repeat,1,0,0.0,12.29
8579,everyday,new,1,0,0.0,17.78
8580,everyday,new,1,0,0.0,29.81
8581,everyday,new,4,1,0.169,90.95
8582,everyday,repeat,4,0,0.0,123.67
8583,everyday,new,5,1,0.17,101.71
8584,everyday,new,3,1,0.171,40.4
8585,big_ticket,repeat,3,1,0.116,161.59
8586,everyday,new,1,1,0.189,22.77
8587,everyday,new,1,0,0.0,15.69
8588,everyday,repeat,3,1,0.163,74.06
8589,everyday,new,6,1,0.15,73.68
8590,everyday,new,4,0,0.0,148.89
8591,everyday,new,1,0,0.0,37.3
8592,everyday,new,3,1,0.139,32.22
8593,big_ticket,repeat,7,1,0.182,935.44
8594,everyday,repeat,2,0,0.0,15.0
8595,everyday,new,3,0,0.0,32.74
8596,big_ticket,repeat,11,1,0.103,1532.88
8597,everyday,repeat,1,0,0.0,12.16
8598,everyday,repeat,4,0,0.0,57.4
8599,everyday,repeat,2,0,0.0,22.3
8600,everyday,repeat,1,0,0.0,17.76
8601,everyday,repeat,2,0,0.0,15.3
8602,everyday,repeat,2,0,0.0,54.03
8603,everyday,new,2,0,0.0,19.33
8604,big_ticket,repeat,7,1,0.157,456.4
8605,everyday,repeat,4,1,0.117,53.72
8606,everyday,repeat,3,0,0.0,82.52
8607,everyday,repeat,2,0,0.0,27.91
8608,big_ticket,new,6,1,0.114,942.9
8609,everyday,new,3,0,0.0,59.01
8610,everyday,repeat,1,0,0.0,10.3
8611,everyday,repeat,8,1,0.198,119.44
8612,big_ticket,repeat,5,1,0.102,884.95
8613,everyday,new,4,0,0.0,94.96
8614,everyday,new,3,0,0.0,53.67
8615,everyday,new,2,0,0.0,29.44
8616,everyday,new,5,0,0.0,56.1
8617,everyday,repeat,2,0,0.0,41.76
8618,everyday,repeat,2,0,0.0,27.57
8619,everyday,repeat,4,0,0.0,45.86
8620,big_ticket,repeat,11,1,0.149,1703.04
8621,big_ticket,new,5,1,0.118,503.57
8622,everyday,repeat,2,0,0.0,15.65
8623,everyday,repeat,3,1,0.132,63.35
8624,everyday,repeat,2,0,0.0,33.24
8625,everyday,repeat,2,0,0.0,25.02
8626,everyday,new,4,0,0.0,45.96
8627,everyday,new,4,1,0.159,67.05
8628,big_ticket,repeat,8,0,0.0,300.94
8629,everyday,repeat,2,1,0.151,24.89
8630,big_ticket,repeat,6,1,0.19,219.45
8631,everyday,new,4,0,0.0,60.9
8632,everyday,repeat,4,0,0.0,66.02
8633,everyday,new,3,1,0.161,33.36
8634,everyday,repeat,2,0,0.0,54.08
8635,everyday,new,7,0,0.0,212.02
8636,everyday,repeat,6,1,0.182,111.16
8637,everyday,new,3,0,0.0,100.71
8638,everyday,new,3,0,0.0,37.59
8639,everyday,new,4,1,0.141,105.2
8640,everyday,repeat,2,0,0.0,27.21
8641,everyday,repeat,4,0,0.0,51.69
8642,big_ticket,repeat,4,1,0.169,402.72
8643,everyday,repeat,2,1,0.158,27.71
8644,everyday,repeat,1,0,0.0,10.2
8645,everyday,repeat,2,0,0.0,13.27
8646,everyday,new,4,0,0.0,66.05
8647,everyday,repeat,3,1,0.115,29.83
8648,everyday,repeat,3,0,0.0,132.42
8649,everyday,repeat,3,1,0.192,118.94
8650,everyday,new,1,0,0.0,3.67
8651,everyday,new,2,0,0.0,74.5
8652,big_ticket,new,4,0,0.0,494.38
8653,big_ticket,repeat,4,1,0.146,455.32
8654,everyday,repeat,4,0,0.0,111.72
8655,everyday,repeat,3,0,0.0,96.47
8656,everyday,repeat,3,1,0.19,122.51
8657,everyday,repeat,1,0,0.0,9.22
8658,everyday,new,3,1,0.122,29.53
8659,everyday,new,4,1,0.16,99.59
8660,everyday,repeat,1,1,0.143,17.57
8661,everyday,new,3,0,0.0,69.18
8662,everyday,new,3,0,0.0,41.42
8663,big_ticket,repeat,9,1,0.184,1096.43
8664,big_ticket,new,4,1,0.181,332.91
8665,everyday,repeat,4,1,0.161,177.06
8666,everyday,repeat,2,0,0.0,113.03
8667,everyday,repeat,3,0,0.0,20.02
8668,everyday,repeat,4,0,0.0,143.75
8669,everyday,new,2,0,0.0,13.8
8670,big_ticket,new,8,1,0.164,853.42
8671,everyday,repeat,2,0,0.0,20.41
8672,everyday,new,2,0,0.0,41.39
8673,big_ticket,repeat,11,1,0.158,1836.99
8674,everyday,new,1,0,0.0,20.16
8675,everyday,repeat,3,1,0.146,45.37
8676,big_ticket,repeat,4,1,0.154,433.68
8677,big_ticket,repeat,6,1,0.147,674.74
8678,everyday,repeat,3,0,0.0,21.01
8679,big_ticket,repeat,3,1,0.104,335.95
8680,everyday,new,1,0,0.0,14.06
8681,everyday,repeat,2,1,0.139,15.31
8682,everyday,repeat,1,0,0.0,23.1
8683,big_ticket,repeat,7,0,0.0,264.13
8684,big_ticket,repeat,9,1,0.191,816.08
8685,everyday,new,2,0,0.0,38.73
8686,everyday,new,2,0,0.0,31.78
8687,big_ticket,repeat,9,1,0.157,569.26
8688,everyday,new,4,0,0.0,88.3
8689,everyday,repeat,3,0,0.0,42.98
8690,big_ticket,repeat,7,1,0.134,729.69
8691,everyday,repeat,4,1,0.117,117.89
8692,everyday,new,2,1,0.135,24.79
8693,everyday,new,1,0,0.0,12.43
8694,everyday,repeat,2,0,0.0,44.97
8695,big_ticket,repeat,8,1,0.148,371.34
8696,everyday,repeat,1,0,0.0,28.46
8697,everyday,new,3,0,0.0,31.48
8698,everyday,new,3,1,0.142,43.07
8699,everyday,repeat,2,1,0.116,22.07
8700,everyday,repeat,3,0,0.0,102.84
8701,everyday,repeat,3,0,0.0,60.98
8702,everyday,repeat,1,0,0.0,9.97
8703,everyday,repeat,4,0,0.0,52.85
8704,everyday,repeat,4,1,0.178,41.44
8705,everyday,repeat,1,0,0.0,13.47
8706,everyday,repeat,2,0,0.0,43.66
8707,everyday,repeat,3,0,0.0,36.19
8708,everyday,new,3,1,0.19,52.2
8709,everyday,repeat,2,0,0.0,38.4
8710,everyday,repeat,3,0,0.0,18.98
8711,big_ticket,repeat,2,1,0.114,117.57
8712,everyday,new,6,0,0.0,77.65
8713,big_ticket,repeat,5,1,0.178,812.24
8714,big_ticket,repeat,5,1,0.119,539.77
8715,everyday,repeat,3,0,0.0,41.48
8716,everyday,new,3,0,0.0,70.6
8717,everyday,new,5,1,0.173,106.65
8718,everyday,repeat,1,1,0.125,25.55
8719,everyday,repeat,5,1,0.14,63.78
8720,everyday,new,1,0,0.0,14.73
8721,big_ticket,new,5,1,0.107,328.38
8722,everyday,repeat,2,0,0.0,19.48
8723,big_ticket,new,4,1,0.111,351.68
8724,big_ticket,new,7,1,0.165,1177.25
8725,everyday,repeat,3,1,0.188,63.16
8726,big_ticket,repeat,5,1,0.109,311.0
8727,big_ticket,new,10,1,0.122,957.73
8728,everyday,new,5,0,0.0,104.68
8729,everyday,repeat,3,1,0.162,55.69
8730,everyday,repeat,3,0,0.0,24.4
8731,everyday,repeat,3,1,0.158,44.69
8732,everyday,new,4,0,0.0,30.77
8733,everyday,repeat,1,0,0.0,22.56
8734,everyday,repeat,2,0,0.0,36.77
8735,big_ticket,new,6,1,0.107,310.94
8736,everyday,repeat,3,1,0.159,28.21
8737,everyday,repeat,3,1,0.106,52.35
8738,everyday,new,3,0,0.0,52.72
8739,big_ticket,repeat,9,1,0.106,729.92
8740,everyday,new,5,0,0.0,74.63
8741,everyday,repeat,1,0,0.0,12.49
8742,everyday,repeat,1,0,0.0,16.71
8743,everyday,new,1,0,0.0,37.55
8744,big_ticket,new,10,1,0.149,1248.19
8745,everyday,new,2,0,0.0,45.58
8746,everyday,repeat,2,0,0.0,29.27
8747,everyday,new,5,0,0.0,73.65
8748,big_ticket,new,6,0,0.0,822.12
8749,big_ticket,repeat,3,1,0.162,100.88
8750,everyday,repeat,2,0,0.0,25.64
8751,big_ticket,repeat,6,1,0.138,518.41
8752,everyday,repeat,5,1,0.184,38.12
8753,big_ticket,new,5,0,0.0,472.68
8754,big_ticket,repeat,4,0,0.0,239.8
8755,everyday,repeat,3,0,0.0,110.37
8756,everyday,new,3,0,0.0,43.41
8757,everyday,repeat,5,0,0.0,98.86
8758,everyday,repeat,2,1,0.164,56.49
8759,everyday,new,2,0,0.0,24.33
8760,everyday,new,1,0,0.0,22.19
8761,everyday,new,3,0,0.0,29.57
8762,everyday,repeat,2,1,0.132,24.11
8763,everyday,new,3,1,0.116,62.02
8764,everyday,repeat,5,1,0.134,102.28
8765,everyday,new,5,1,0.115,99.48
8766,everyday,repeat,5,0,0.0,172.11
8767,big_ticket,repeat,5,1,0.192,373.8
8768,big_ticket,new,7,1,0.177,755.99
8769,everyday,new,4,1,0.173,68.47
8770,everyday,repeat,2,0,0.0,44.47
8771,everyday,new,3,0,0.0,71.17
8772,big_ticket,new,8,1,0.129,1244.25
8773,everyday,repeat,3,1,0.109,55.35
8774,big_ticket,repeat,7,0,0.0,1125.18
8775,everyday,repeat,4,1,0.193,70.13
8776,everyday,repeat,6,1,0.169,103.21
8777,everyday,repeat,5,1,0.118,108.66
8778,big_ticket,repeat,9,1,0.186,768.25
8779,big_ticket,new,6,1,0.173,267.66
8780,everyday,repeat,2,0,0.0,14.07
8781,everyday,repeat,3,0,0.0,27.41
8782,everyday,repeat,3,0,0.0,30.57
8783,big_ticket,repeat,5,1,0.135,378.88
8784,everyday,repeat,3,0,0.0,33.41
8785,big_ticket,repeat,7,1,0.176,665.72
8786,everyday,repeat,5,1,0.158,64.53
8787,everyday,new,2,0,0.0,15.75
8788,everyday,new,4,0,0.0,78.88
8789,everyday,repeat,1,0,0.0,19.17
8790,big_ticket,new,4,1,0.16,280.91
8791,big_ticket,repeat,8,1,0.1,439.11
8792,big_ticket,repeat,4,1,0.2,620.69
8793,everyday,repeat,3,1,0.191,38.05
8794,big_ticket,repeat,2,1,0.148,136.14
8795,everyday,new,5,1,0.187,85.81
8796,everyday,new,1,0,0.0,7.53
8797,everyday,repeat,2,1,0.119,41.5
8798,everyday,new,4,1,0.135,64.88
8799,everyday,repeat,2,0,0.0,84.81
8800,everyday,new,5,1,0.104,111.82
8801,everyday,new,3,0,0.0,102.92
8802,everyday,repeat,3,1,0.189,31.1
8803,everyday,repeat,2,0,0.0,14.94
8804,everyday,repeat,2,1,0.139,64.45
8805,big_ticket,new,10,1,0.179,535.85
8806,everyday,repeat,6,1,0.197,248.58
8807,everyday,repeat,3,0,0.0,86.57
8808,big_ticket,repeat,8,1,0.116,582.22
8809,big_ticket,new,8,0,0.0,789.85
8810,big_ticket,new,3,1,0.136,529.96
8811,big_ticket,repeat,2,0,0.0,189.57
8812,big_ticket,repeat,10,1,0.149,1171.51
8813,everyday,new,2,0,0.0,25.31
8814,big_ticket,new,9,1,0.163,638.06
8815,big_ticket,repeat,7,1,0.113,369.06
8816,everyday,repeat,2,0,0.0,33.16
8817,big_ticket,repeat,7,1,0.174,817.32
8818,big_ticket,repeat,8,0,0.0,1726.3
8819,big_ticket,repeat,10,1,0.148,808.86
8820,big_ticket,repeat,4,1,0.181,647.94
8821,everyday,repeat,4,1,0.111,32.43
8822,everyday,new,4,0,0.0,29.94
8823,everyday,repeat,1,0,0.0,11.98
8824,big_ticket,repeat,6,1,0.185,612.8
8825,big_ticket,repeat,6,1,0.145,346.22
8826,big_ticket,new,9,1,0.198,817.53
8827,big_ticket,repeat,9,1,0.181,645.53
8828,big_ticket,repeat,11,1,0.147,1007.54
8829,everyday,new,2,0,0.0,14.45
8830,big_ticket,repeat,3,0,0.0,292.26
8831,everyday,new,2,0,0.0,26.98
8832,everyday,new,1,0,0.0,14.54
8833,everyday,new,3,0,0.0,94.31
8834,everyday,repeat,2,0,0.0,34.47
8835,everyday,new,3,0,0.0,114.36
8836,everyday,repeat,1,0,0.0,23.75
8837,everyday,repeat,3,0,0.0,39.58
8838,big_ticket,repeat,4,1,0.166,398.25
8839,everyday,repeat,6,1,0.165,91.46
8840,everyday,repeat,3,1,0.18,82.48
8841,everyday,new,3,0,0.0,24.48
8842,everyday,new,4,1,0.15,48.8
8843,everyday,new,1,0,0.0,10.79
8844,everyday,repeat,3,0,0.0,39.73
8845,big_ticket,new,7,0,0.0,1170.36
8846,everyday,repeat,1,1,0.168,18.26
8847,big_ticket,repeat,2,0,0.0,125.69
8848,everyday,repeat,2,0,0.0,16.32
8849,big_ticket,new,8,1,0.17,832.26
8850,big_ticket,new,4,1,0.143,418.39
8851,everyday,new,2,0,0.0,29.09
8852,everyday,repeat,3,0,0.0,31.45
8853,everyday,repeat,1,0,0.0,24.66
8854,everyday,repeat,4,1,0.177,129.43
8855,everyday,repeat,3,0,0.0,59.52
8856,everyday,repeat,2,0,0.0,22.85
8857,big_ticket,new,5,1,0.123,856.99
8858,big_ticket,new,5,0,0.0,499.36
8859,everyday,new,5,1,0.159,37.95
8860,everyday,new,5,0,0.0,40.89
8861,everyday,new,4,0,0.0,73.07
8862,everyday,repeat,2,0,0.0,72.06
8863,big_ticket,new,5,1,0.161,693.91
8864,everyday,new,4,1,0.154,80.33
8865,everyday,new,4,1,0.176,23.37
8866,everyday,new,3,0,0.0,14.44
8867,everyday,new,1,0,0.0,15.07
8868,everyday,new,5,0,0.0,198.69
8869,everyday,new,2,0,0.0,21.05
8870,everyday,repeat,4,0,0.0,101.24
8871,everyday,new,4,1,0.118,77.53
8872,big_ticket,new,9,1,0.119,484.99
8873,everyday,repeat,3,0,0.0,40.17
8874,big_ticket,new,3,0,0.0,266.34
8875,everyday,repeat,1,0,0.0,20.49
8876,everyday,new,4,0,0.0,47.41
8877,big_ticket,repeat,4,1,0.11,649.19
8878,everyday,repeat,3,1,0.153,44.52
8879,everyday,repeat,2,0,0.0,28.36
8880,everyday,new,2,0,0.0,11.43
8881,big_ticket,repeat,2,0,0.0,234.95
8882,big_ticket,new,12,1,0.132,1784.36
8883,everyday,repeat,2,0,0.0,61.72
8884,everyday,new,3,0,0.0,32.34
8885,everyday,repeat,2,1,0.141,37.92
8886,everyday,new,3,0,0.0,60.25
8887,everyday,repeat,2,0,0.0,17.37
8888,everyday,new,3,0,0.0,36.07
8889,big_ticket,new,6,1,0.185,412.83
8890,everyday,repeat,5,1,0.166,47.84
8891,big_ticket,repeat,9,1,0.107,1015.5
8892,big_ticket,new,1,0,0.0,107.5
8893,big_ticket,new,9,1,0.118,839.4
8894,everyday,repeat,3,0,0.0,67.48
8895,everyday,repeat,3,1,0.162,67.0
8896,everyday,repeat,4,0,0.0,97.47
8897,everyday,repeat,3,0,0.0,43.2
8898,everyday,repeat,5,0,0.0,63.56
8899,everyday,repeat,3,0,0.0,26.66
8900,everyday,new,2,0,0.0,46.66
8901,everyday,repeat,6,0,0.0,160.77
8902,big_ticket,repeat,8,1,0.129,868.64
8903,big_ticket,new,7,1,0.186,1321.27
8904,everyday,repeat,2,1,0.139,26.3
8905,big_ticket,new,2,0,0.0,303.29
8906,everyday,new,5,0,0.0,42.06
8907,everyday,repeat,3,0,0.0,18.5
8908,big_ticket,repeat,6,1,0.158,460.11
8909,everyday,new,3,0,0.0,59.73
8910,everyday,repeat,3,0,0.0,158.65
8911,everyday,new,3,1,0.177,46.91
8912,everyday,repeat,1,0,0.0,16.92
8913,everyday,repeat,5,1,0.193,99.52
8914,everyday,repeat,2,0,0.0,44.36
8915,everyday,new,5,0,0.0,58.66
8916,everyday,new,1,1,0.176,16.26
8917,everyday,repeat,4,0,0.0,96.73
8918,everyday,new,2,0,0.0,72.84
8919,big_ticket,new,2,0,0.0,218.82
8920,big_ticket,new,5,1,0.147,355.49
8921,everyday,repeat,2,0,0.0,34.44
8922,big_ticket,new,9,1,0.124,731.17
8923,everyday,repeat,1,1,0.177,27.54
8924,everyday,new,3,0,0.0,154.26
8925,everyday,repeat,5,1,0.138,99.74
8926,everyday,repeat,2,0,0.0,22.26
8927,big_ticket,new,7,1,0.169,1040.68
8928,big_ticket,repeat,6,1,0.163,670.65
8929,everyday,repeat,3,0,0.0,79.08
8930,everyday,new,2,0,0.0,29.65
8931,everyday,repeat,1,0,0.0,18.72
8932,everyday,repeat,2,1,0.183,88.26
8933,everyday,repeat,2,0,0.0,45.48
8934,big_ticket,repeat,6,1,0.121,724.44
8935,big_ticket,repeat,10,1,0.105,1755.54
8936,big_ticket,repeat,5,1,0.178,287.39
8937,everyday,new,2,0,0.0,43.48
8938,everyday,repeat,2,0,0.0,49.7
8939,everyday,repeat,2,0,0.0,17.58
8940,big_ticket,new,7,1,0.184,527.67
8941,everyday,repeat,5,1,0.149,110.99
8942,everyday,repeat,2,0,0.0,15.79
8943,everyday,repeat,1,0,0.0,17.57
8944,big_ticket,repeat,6,1,0.179,461.89
8945,big_ticket,repeat,7,1,0.117,749.32
8946,everyday,repeat,2,1,0.122,56.42
8947,everyday,repeat,2,1,0.152,33.68
8948,big_ticket,repeat,9,1,0.149,1123.82
8949,everyday,new,1,0,0.0,26.9
8950,everyday,new,3,1,0.129,35.41
8951,everyday,repeat,4,1,0.172,34.81
8952,everyday,repeat,2,0,0.0,28.8
8953,everyday,repeat,2,0,0.0,38.75
8954,big_ticket,new,5,1,0.161,712.79
8955,everyday,new,2,1,0.178,38.9
8956,everyday,repeat,2,0,0.0,22.67
8957,everyday,new,4,0,0.0,83.43
8958,everyday,repeat,5,1,0.148,78.8
8959,everyday,new,4,1,0.116,142.54
8960,everyday,repeat,4,0,0.0,102.61
8961,everyday,repeat,3,0,0.0,63.96
8962,everyday,new,1,1,0.108,15.17
8963,big_ticket,repeat,6,1,0.169,476.65
8964,everyday,new,1,0,0.0,14.68
8965,everyday,repeat,2,0,0.0,37.74
8966,everyday,repeat,6,1,0.157,162.55
8967,everyday,repeat,2,0,0.0,15.8
8968,everyday,new,3,1,0.115,38.78
8969,big_ticket,new,6,0,0.0,514.3
8970,everyday,new,2,1,0.138,24.98
8971,big_ticket,repeat,11,1,0.199,1182.12
8972,everyday,new,3,1,0.11,84.99
8973,big_ticket,repeat,5,1,0.103,545.75
8974,everyday,new,4,1,0.172,74.19
8975,everyday,repeat,4,0,0.0,89.23
8976,everyday,repeat,5,1,0.103,72.04
8977,everyday,new,1,0,0.0,16.73
8978,big_ticket,repeat,8,1,0.186,838.51
8979,big_ticket,repeat,3,1,0.105,141.08
8980,everyday,repeat,4,0,0.0,55.73
8981,everyday,repeat,4,0,0.0,42.4
8982,everyday,repeat,2,1,0.187,25.86
8983,everyday,repeat,3,1,0.128,40.01
8984,big_ticket,repeat,4,1,0.166,465.68
8985,everyday,new,1,1,0.125,22.44
8986,big_ticket,repeat,5,1,0.182,661.51
8987,everyday,repeat,2,0,0.0,69.04
8988,big_ticket,new,11,1,0.162,1182.34
8989,everyday,repeat,4,0,0.0,39.62
8990,everyday,new,4,1,0.178,106.03
8991,big_ticket,new,2,0,0.0,76.06
8992,everyday,repeat,4,1,0.172,64.87
8993,everyday,new,1,0,0.0,14.54
8994,everyday,repeat,2,0,0.0,70.71
8995,everyday,new,5,0,0.0,80.05
8996,big_ticket,repeat,11,1,0.18,837.82
8997,big_ticket,repeat,4,1,0.18,445.52
8998,everyday,repeat,3,0,0.0,32.04
8999,big_ticket,repeat,7,1,0.194,844.75
9000,everyday,new,2,0,0.0,18.96
9001,big_ticket,new,6,1,0.169,676.59
9002,everyday,repeat,2,0,0.0,46.43
9003,everyday,repeat,3,0,0.0,32.31
9004,everyday,repeat,3,0,0.0,43.34
9005,everyday,repeat,4,1,0.103,71.89
9006,big_ticket,new,4,1,0.115,284.16
9007,everyday,new,3,0,0.0,64.39
9008,everyday,repeat,2,1,0.157,19.44
9009,everyday,repeat,3,1,0.165,21.37
9010,everyday,repeat,4,0,0.0,67.71
9011,everyday,repeat,3,0,0.0,66.73
9012,everyday,repeat,5,1,0.149,130.09
9013,big_ticket,repeat,6,0,0.0,762.3
9014,everyday,new,5,0,0.0,58.45
9015,big_ticket,repeat,8,1,0.145,391.09
9016,big_ticket,new,6,1,0.101,688.75
9017,everyday,new,5,1,0.122,52.24
9018,everyday,repeat,2,0,0.0,53.34
9019,big_ticket,new,5,1,0.172,436.7
9020,big_ticket,new,4,1,0.153,290.27
9021,everyday,repeat,7,0,0.0,249.51
9022,big_ticket,repeat,6,1,0.166,552.7
9023,big_ticket,new,3,0,0.0,483.6
9024,everyday,repeat,3,0,0.0,38.44
9025,big_ticket,repeat,6,1,0.137,598.08
9026,everyday,new,3,1,0.168,50.72
9027,big_ticket,repeat,7,1,0.157,695.29
9028,big_ticket,repeat,10,1,0.13,1446.96
9029,everyday,repeat,5,1,0.186,105.51
9030,everyday,repeat,5,1,0.182,122.18
9031,everyday,repeat,4,0,0.0,138.83
9032,big_ticket,repeat,10,1,0.178,620.12
9033,everyday,new,3,0,0.0,44.24
9034,big_ticket,repeat,6,1,0.106,679.45
9035,everyday,repeat,6,1,0.146,222.07
9036,everyday,new,1,1,0.1,12.36
9037,big_ticket,repeat,9,1,0.197,656.08
9038,everyday,repeat,3,1,0.172,42.25
9039,everyday,new,1,1,0.188,10.93
9040,everyday,new,2,0,0.0,40.73
9041,everyday,repeat,3,0,0.0,55.78
9042,everyday,new,5,1,0.122,36.24
9043,everyday,repeat,4,0,0.0,93.25
9044,everyday,new,2,1,0.111,13.23
9045,everyday,repeat,5,0,0.0,203.65
9046,everyday,repeat,1,0,0.0,8.09
9047,everyday,new,6,1,0.158,115.49
9048,everyday,repeat,5,0,0.0,107.84
9049,big_ticket,new,7,1,0.117,1014.79
9050,everyday,new,1,0,0.0,8.02
9051,everyday,repeat,4,0,0.0,85.41
9052,everyday,new,3,0,0.0,28.9
9053,big_ticket,repeat,6,1,0.174,312.59
9054,big_ticket,repeat,6,1,0.133,332.99
9055,big_ticket,new,5,1,0.116,628.83
9056,big_ticket,new,9,1,0.109,1158.48
9057,everyday,repeat,6,1,0.169,86.47
9058,big_ticket,new,6,0,0.0,575.01
9059,everyday,repeat,3,0,0.0,67.19
9060,big_ticket,new,6,1,0.196,719.05
9061,big_ticket,repeat,4,0,0.0,365.83
9062,big_ticket,new,6,1,0.11,637.97
9063,everyday,repeat,3,1,0.15,40.71
9064,big_ticket,repeat,5,1,0.118,478.03
9065,everyday,new,6,1,0.145,78.63
9066,everyday,repeat,3,1,0.112,52.31
9067,everyday,new,4,0,0.0,108.94
9068,everyday,new,3,0,0.0,41.18
9069,everyday,new,1,0,0.0,9.47
9070,everyday,repeat,4,0,0.0,84.39
9071,everyday,repeat,4,1,0.115,122.64
9072,everyday,new,4,0,0.0,75.92
9073,everyday,repeat,7,0,0.0,91.14
9074,everyday,repeat,3,1,0.117,45.65
9075,big_ticket,new,7,0,0.0,891.31
9076,everyday,new,1,0,0.0,19.01
9077,big_ticket,new,1,1,0.175,175.73
9078,everyday,new,2,0,0.0,34.51
9079,everyday,repeat,2,1,0.191,30.43
9080,everyday,repeat,3,0,0.0,77.37
9081,everyday,new,1,1,0.128,8.17
9082,everyday,repeat,3,1,0.123,28.05
9083,everyday,new,2,0,0.0,39.24
9084,everyday,repeat,2,1,0.135,63.7
9085,everyday,repeat,5,0,0.0,76.5
9086,everyday,new,3,1,0.198,44.38
9087,everyday,repeat,5,0,0.0,55.59
9088,big_ticket,new,3,0,0.0,223.96
9089,everyday,repeat,3,0,0.0,30.45
9090,everyday,new,1,1,0.15,8.55
9091,everyday,repeat,3,1,0.179,65.3
9092,everyday,repeat,3,1,0.185,32.23
9093,everyday,repeat,3,0,0.0,68.87
9094,everyday,repeat,1,0,0.0,15.93
9095,everyday,repeat,1,0,0.0,26.81
9096,everyday,new,2,0,0.0,19.13
9097,everyday,repeat,5,0,0.0,122.43
9098,everyday,repeat,2,0,0.0,33.03
9099,everyday,repeat,4,0,0.0,31.4
9100,big_ticket,repeat,4,0,0.0,158.99
9101,everyday,new,3,0,0.0,34.94
9102,everyday,new,2,0,0.0,40.03
9103,everyday,new,4,0,0.0,40.82
9104,big_ticket,new,5,1,0.169,488.47
9105,big_ticket,repeat,6,0,0.0,339.99
9106,big_ticket,new,4,0,0.0,465.47
9107,everyday,repeat,1,1,0.146,17.67
9108,everyday,new,3,1,0.184,43.13
9109,big_ticket,repeat,6,1,0.142,328.2
9110,everyday,new,3,0,0.0,30.32
9111,big_ticket,new,10,1,0.148,1194.67
9112,everyday,repeat,3,0,0.0,113.23
9113,everyday,new,2,1,0.16,26.22
9114,everyday,repeat,5,0,0.0,85.77
9115,everyday,repeat,2,0,0.0,30.96
9116,big_ticket,new,10,0,0.0,2657.64
9117,everyday,repeat,2,0,0.0,51.66
9118,everyday,new,4,0,0.0,31.43
9119,everyday,new,1,0,0.0,13.55
9120,big_ticket,repeat,5,0,0.0,1293.64
9121,everyday,new,3,0,0.0,106.52
9122,big_ticket,new,10,1,0.155,1003.43
9123,big_ticket,repeat,4,1,0.111,320.08
9124,everyday,repeat,2,0,0.0,22.0
9125,big_ticket,repeat,8,1,0.114,743.69
9126,big_ticket,repeat,15,1,0.131,2656.06
9127,everyday,repeat,2,0,0.0,39.82
9128,everyday,repeat,1,1,0.13,68.2
9129,everyday,new,3,0,0.0,66.9
9130,everyday,new,2,0,0.0,75.51
9131,everyday,repeat,2,1,0.135,31.35
9132,big_ticket,new,7,1,0.155,1111.67
9133,everyday,new,3,1,0.159,163.81
9134,everyday,repeat,3,0,0.0,25.2
9135,everyday,repeat,3,0,0.0,56.01
9136,everyday,repeat,1,0,0.0,17.27
9137,everyday,new,5,0,0.0,60.52
9138,everyday,repeat,1,0,0.0,19.47
9139,everyday,new,1,0,0.0,15.09
9140,everyday,repeat,2,0,0.0,21.07
9141,everyday,new,3,0,0.0,25.63
9142,big_ticket,repeat,6,1,0.103,435.44
9143,everyday,repeat,3,0,0.0,32.97
9144,everyday,new,1,0,0.0,12.52
9145,everyday,repeat,1,1,0.189,10.87
9146,big_ticket,new,6,1,0.172,503.99
9147,everyday,new,4,0,0.0,60.33
9148,everyday,new,2,0,0.0,17.44
9149,everyday,repeat,2,0,0.0,27.76
9150,everyday,new,4,1,0.137,87.42
9151,everyday,repeat,7,1,0.152,155.63
9152,everyday,repeat,4,0,0.0,50.55
9153,everyday,repeat,3,0,0.0,33.77
9154,big_ticket,new,4,0,0.0,536.72
9155,everyday,repeat,3,0,0.0,59.66
9156,big_ticket,new,7,1,0.186,319.42
9157,everyday,new,4,1,0.171,122.9
9158,everyday,repeat,4,1,0.12,110.73
9159,everyday,repeat,2,0,0.0,50.52
9160,everyday,new,3,1,0.194,20.33
9161,everyday,new,4,0,0.0,48.84
9162,big_ticket,new,7,1,0.151,792.14
9163,everyday,new,2,0,0.0,63.81
9164,everyday,new,2,0,0.0,27.25
9165,everyday,new,2,1,0.126,22.42
9166,everyday,new,4,0,0.0,75.97
9167,everyday,new,3,1,0.134,67.44
9168,everyday,repeat,2,0,0.0,41.26
9169,everyday,repeat,1,0,0.0,16.41
9170,everyday,repeat,3,0,0.0,88.81
9171,everyday,new,1,1,0.178,13.9
9172,everyday,repeat,3,1,0.103,23.24
9173,everyday,new,5,1,0.138,67.46
9174,everyday,repeat,3,0,0.0,39.3
9175,big_ticket,new,6,0,0.0,301.02
9176,big_ticket,repeat,7,1,0.132,446.87
9177,everyday,new,2,0,0.0,22.31
9178,everyday,repeat,2,1,0.154,11.27
9179,big_ticket,new,6,1,0.198,503.43
9180,everyday,repeat,2,0,0.0,36.08
9181,everyday,repeat,2,1,0.15,11.79
9182,everyday,new,3,1,0.144,21.88
9183,everyday,repeat,2,0,0.0,36.66
9184,big_ticket,new,1,0,0.0,96.22
9185,big_ticket,repeat,5,0,0.0,968.57
9186,big_ticket,new,6,1,0.154,1463.24
9187,big_ticket,repeat,8,1,0.122,875.83
9188,everyday,repeat,3,0,0.0,36.42
9189,big_ticket,repeat,5,1,0.194,485.19
9190,everyday,repeat,3,0,0.0,50.72
9191,everyday,repeat,1,0,0.0,32.05
9192,everyday,repeat,4,1,0.101,77.07
9193,everyday,new,3,0,0.0,51.38
9194,everyday,repeat,3,0,0.0,71.5
9195,everyday,new,1,1,0.142,31.95
9196,everyday,repeat,2,0,0.0,16.88
9197,everyday,new,3,0,0.0,35.38
9198,everyday,repeat,6,0,0.0,109.21
9199,everyday,repeat,4,1,0.157,66.35
9200,everyday,repeat,2,0,0.0,24.18
9201,everyday,new,2,0,0.0,12.36
9202,big_ticket,new,6,1,0.104,582.42
9203,everyday,repeat,1,0,0.0,19.83
9204,everyday,repeat,5,1,0.193,170.6
9205,everyday,repeat,4,0,0.0,66.69
9206,big_ticket,repeat,11,1,0.119,1626.88
9207,everyday,new,2,0,0.0,22.22
9208,everyday,repeat,3,0,0.0,49.37
9209,everyday,repeat,5,0,0.0,64.1
9210,big_ticket,new,8,1,0.111,533.48
9211,big_ticket,repeat,2,1,0.162,218.28
9212,everyday,new,4,0,0.0,133.36
9213,everyday,new,3,0,0.0,56.82
9214,everyday,new,3,1,0.121,65.26
9215,everyday,repeat,2,0,0.0,16.57
9216,big_ticket,repeat,3,0,0.0,293.36
9217,big_ticket,new,3,0,0.0,293.77
9218,big_ticket,repeat,9,1,0.166,577.74
9219,big_ticket,repeat,7,1,0.116,901.64
9220,everyday,new,4,1,0.136,60.78
9221,big_ticket,new,4,1,0.133,390.19
9222,everyday,new,4,0,0.0,29.14
9223,everyday,new,5,1,0.177,155.64
9224,everyday,repeat,5,0,0.0,100.59
9225,everyday,repeat,2,0,0.0,25.76
9226,big_ticket,new,5,1,0.169,501.02
9227,big_ticket,repeat,6,0,0.0,534.85
9228,big_ticket,new,3,0,0.0,569.96
9229,big_ticket,new,7,0,0.0,630.98
9230,everyday,new,4,0,0.0,73.0
9231,everyday,new,4,0,0.0,44.54
9232,big_ticket,new,5,0,0.0,735.34
9233,everyday,new,2,0,0.0,44.61
9234,big_ticket,new,4,0,0.0,246.01
9235,everyday,repeat,6,0,0.0,166.25
9236,everyday,repeat,3,0,0.0,50.14
9237,everyday,new,2,1,0.155,51.29
9238,everyday,repeat,2,0,0.0,49.24
9239,big_ticket,new,7,1,0.144,849.95
9240,big_ticket,repeat,4,1,0.14,672.16
9241,everyday,new,3,1,0.154,39.66
9242,everyday,repeat,2,0,0.0,66.22
9243,everyday,new,3,0,0.0,23.61
9244,everyday,new,4,0,0.0,78.61
9245,everyday,repeat,4,0,0.0,130.62
9246,everyday,repeat,2,0,0.0,17.94
9247,everyday,repeat,2,0,0.0,34.01
9248,everyday,repeat,2,0,0.0,60.35
9249,everyday,new,1,0,0.0,13.77
9250,big_ticket,repeat,3,1,0.146,160.51
9251,everyday,new,3,1,0.127,44.71
9252,everyday,repeat,2,0,0.0,20.5
9253,big_ticket,repeat,5,0,0.0,348.06
9254,big_ticket,new,6,1,0.132,616.65
9255,big_ticket,repeat,2,1,0.173,117.29
9256,everyday,new,2,0,0.0,67.81
9257,everyday,new,2,0,0.0,41.14
9258,big_ticket,repeat,7,1,0.132,660.51
9259,everyday,new,4,1,0.178,52.4
9260,everyday,new,4,1,0.174,53.79
9261,big_ticket,repeat,3,1,0.175,285.99
9262,everyday,new,2,1,0.106,27.37
9263,big_ticket,new,12,1,0.165,1584.96
9264,big_ticket,new,9,1,0.123,576.97
9265,everyday,repeat,3,1,0.196,19.65
9266,big_ticket,new,5,1,0.154,523.87
9267,everyday,repeat,1,0,0.0,10.57
9268,big_ticket,new,6,1,0.158,328.65
9269,big_ticket,repeat,4,1,0.131,351.93
9270,big_ticket,new,5,0,0.0,430.57
9271,everyday,new,2,0,0.0,24.09
9272,big_ticket,repeat,9,1,0.101,599.5
9273,big_ticket,repeat,4,1,0.138,550.44
9274,everyday,new,2,0,0.0,23.58
9275,everyday,new,1,0,0.0,10.06
9276,everyday,repeat,6,1,0.116,96.34
9277,big_ticket,new,7,1,0.113,729.8
9278,everyday,new,5,1,0.161,44.16
9279,everyday,repeat,5,1,0.181,49.0
9280,big_ticket,repeat,7,0,0.0,795.83
9281,big_ticket,repeat,5,1,0.183,854.73
9282,big_ticket,repeat,6,1,0.114,1042.55
9283,everyday,repeat,2,0,0.0,78.4
9284,everyday,new,5,0,0.0,88.2
9285,everyday,repeat,3,0,0.0,35.41
9286,everyday,new,1,1,0.196,14.52
9287,big_ticket,repeat,4,0,0.0,399.26
9288,everyday,repeat,1,0,0.0,7.77
9289,everyday,new,3,0,0.0,32.16
9290,everyday,repeat,5,0,0.0,43.56
9291,everyday,repeat,4,0,0.0,100.95
9292,big_ticket,repeat,3,1,0.162,235.98
9293,big_ticket,new,6,0,0.0,295.8
9294,everyday,new,2,0,0.0,22.13
9295,everyday,repeat,1,0,0.0,16.52
9296,everyday,repeat,8,1,0.179,171.72
9297,everyday,new,2,0,0.0,40.13
9298,big_ticket,new,5,1,0.148,424.1
9299,everyday,repeat,3,0,0.0,27.1
9300,everyday,new,1,0,0.0,17.73
9301,big_ticket,new,7,0,0.0,985.16
9302,everyday,new,5,0,0.0,69.39
9303,everyday,repeat,4,0,0.0,30.17
9304,everyday,repeat,2,1,0.168,16.02
9305,everyday,repeat,2,0,0.0,62.68
9306,everyday,new,4,0,0.0,100.77
9307,big_ticket,repeat,5,1,0.127,523.12
9308,big_ticket,new,9,1,0.111,765.6
9309,everyday,repeat,2,0,0.0,33.35
9310,everyday,new,4,0,0.0,63.2
9311,everyday,repeat,5,1,0.16,37.02
9312,everyday,repeat,2,0,0.0,91.94
9313,everyday,repeat,1,0,0.0,30.57
9314,everyday,new,3,0,0.0,28.75
9315,everyday,repeat,2,1,0.173,64.0
9316,big_ticket,repeat,6,1,0.139,494.31
9317,big_ticket,new,6,1,0.163,611.89
9318,everyday,repeat,4,1,0.132,43.59
9319,big_ticket,repeat,3,0,0.0,739.5
9320,everyday,repeat,4,1,0.109,201.74
9321,big_ticket,repeat,6,1,0.1,760.1
9322,everyday,new,4,0,0.0,95.19
9323,everyday,repeat,3,0,0.0,19.53
9324,everyday,new,3,0,0.0,75.61
9325,everyday,new,2,0,0.0,41.38
9326,everyday,repeat,3,0,0.0,32.82
9327,everyday,repeat,2,1,0.108,28.25
9328,everyday,repeat,5,0,0.0,78.68
9329,everyday,repeat,1,0,0.0,21.5
9330,everyday,new,4,0,0.0,31.97
9331,everyday,repeat,2,0,0.0,33.76
9332,everyday,new,5,0,0.0,178.39
9333,everyday,repeat,2,0,0.0,42.95
9334,everyday,repeat,2,0,0.0,19.21
9335,everyday,repeat,3,1,0.13,57.04
9336,big_ticket,repeat,6,1,0.116,882.63
9337,everyday,repeat,4,0,0.0,23.41
9338,everyday,repeat,2,1,0.147,38.7
9339,everyday,repeat,1,0,0.0,16.57
9340,everyday,new,3,1,0.137,22.73
9341,everyday,repeat,3,0,0.0,128.41
9342,everyday,new,1,0,0.0,19.21
9343,big_ticket,repeat,7,1,0.182,553.85
9344,everyday,repeat,2,0,0.0,21.39
9345,everyday,repeat,2,1,0.191,35.11
9346,everyday,repeat,3,1,0.112,61.43
9347,everyday,repeat,1,0,0.0,31.96
9348,big_ticket,repeat,4,0,0.0,966.48
9349,everyday,new,7,1,0.156,59.19
9350,everyday,new,2,1,0.168,31.93
9351,big_ticket,new,8,1,0.178,467.94
9352,everyday,repeat,3,0,0.0,112.05
9353,everyday,repeat,3,1,0.133,57.59
9354,big_ticket,repeat,6,0,0.0,512.82
9355,everyday,new,7,1,0.13,88.34
9356,everyday,new,2,0,0.0,39.24
9357,big_ticket,repeat,8,1,0.167,405.89
9358,everyday,repeat,2,0,0.0,35.7
9359,everyday,new,1,0,0.0,24.45
9360,everyday,new,4,1,0.173,65.99
9361,everyday,new,1,0,0.0,28.55
9362,everyday,repeat,4,0,0.0,131.88
9363,everyday,repeat,5,0,0.0,145.12
9364,everyday,repeat,1,0,0.0,16.96
9365,big_ticket,repeat,7,1,0.158,475.48
9366,everyday,repeat,2,0,0.0,19.99
9367,big_ticket,new,4,1,0.158,791.02
9368,big_ticket,new,7,0,0.0,1162.67
9369,big_ticket,new,6,1,0.141,237.31
9370,big_ticket,repeat,6,1,0.15,767.02
9371,big_ticket,repeat,8,1,0.131,553.22
9372,everyday,repeat,2,0,0.0,16.51
9373,everyday,repeat,5,1,0.124,60.19
9374,big_ticket,new,7,1,0.123,614.88
9375,everyday,new,3,0,0.0,70.04
9376,everyday,repeat,3,1,0.166,81.1
9377,big_ticket,repeat,6,1,0.141,361.43
9378,everyday,new,4,1,0.145,30.01
9379,everyday,repeat,1,0,0.0,23.52
9380,everyday,repeat,2,1,0.13,34.97
9381,everyday,repeat,3,1,0.18,68.22
9382,everyday,repeat,1,1,0.147,12.17
9383,everyday,new,2,0,0.0,24.78
9384,big_ticket,new,8,1,0.155,243.46
9385,everyday,new,1,0,0.0,4.31
9386,everyday,new,4,0,0.0,37.57
9387,big_ticket,repeat,5,1,0.144,393.35
9388,big_ticket,repeat,3,1,0.181,244.17
9389,everyday,repeat,4,1,0.199,40.84
9390,everyday,new,3,0,0.0,31.16
9391,everyday,new,3,1,0.126,44.27
9392,big_ticket,repeat,6,0,0.0,446.98
9393,everyday,new,4,1,0.186,15.78
9394,everyday,new,5,0,0.0,51.38
9395,big_ticket,new,6,1,0.171,581.54
9396,everyday,new,4,1,0.123,30.87
9397,everyday,new,2,0,0.0,57.21
9398,big_ticket,new,6,1,0.15,838.49
9399,big_ticket,repeat,6,1,0.133,1230.87
9400,everyday,new,2,1,0.137,22.35
9401,everyday,repeat,4,0,0.0,123.82
9402,everyday,repeat,5,0,0.0,53.76
9403,everyday,repeat,3,0,0.0,31.12
9404,everyday,repeat,4,1,0.181,60.53
9405,big_ticket,new,5,1,0.15,986.46
9406,everyday,new,1,0,0.0,20.99
9407,everyday,repeat,3,1,0.139,35.68
9408,everyday,repeat,2,0,0.0,35.86
9409,big_ticket,new,7,1,0.118,1248.74
9410,everyday,repeat,1,0,0.0,34.46
9411,everyday,repeat,5,0,0.0,121.1
9412,everyday,repeat,2,0,0.0,32.22
9413,everyday,repeat,4,0,0.0,72.2
9414,big_ticket,repeat,8,0,0.0,622.9
9415,big_ticket,repeat,5,1,0.111,310.31
9416,everyday,repeat,1,1,0.175,22.13
9417,everyday,repeat,2,0,0.0,51.18
9418,big_ticket,repeat,12,1,0.175,1435.34
9419,everyday,new,3,1,0.103,16.99
9420,big_ticket,repeat,9,1,0.159,1032.36
9421,everyday,repeat,6,1,0.111,72.73
9422,everyday,repeat,4,1,0.169,101.1
9423,everyday,new,4,1,0.107,30.98
9424,everyday,repeat,4,0,0.0,77.27
9425,everyday,new,3,0,0.0,44.47
9426,big_ticket,repeat,7,1,0.16,1955.23
9427,everyday,new,2,0,0.0,67.95
9428,everyday,repeat,2,0,0.0,22.83
9429,everyday,repeat,2,1,0.137,65.51
9430,big_ticket,new,8,1,0.166,714.84
9431,everyday,repeat,2,0,0.0,17.5
9432,everyday,repeat,4,0,0.0,41.69
9433,everyday,new,2,0,0.0,30.32
9434,everyday,new,1,0,0.0,14.68
9435,big_ticket,new,7,1,0.167,680.02
9436,everyday,repeat,1,1,0.116,28.82
9437,everyday,repeat,7,1,0.177,90.94
9438,big_ticket,new,9,1,0.115,1281.39
9439,everyday,new,3,0,0.0,41.8
9440,everyday,repeat,8,1,0.104,148.13
9441,everyday,new,4,0,0.0,37.05
9442,big_ticket,repeat,5,1,0.167,396.14
9443,big_ticket,new,6,1,0.109,578.65
9444,everyday,repeat,2,1,0.192,26.43
9445,big_ticket,repeat,4,0,0.0,317.81
9446,everyday,repeat,4,0,0.0,24.11
9447,everyday,new,3,0,0.0,39.82
9448,everyday,repeat,3,1,0.188,25.92
9449,everyday,repeat,1,0,0.0,17.0
9450,everyday,repeat,4,1,0.145,35.3
9451,big_ticket,new,7,0,0.0,635.35
9452,everyday,new,7,0,0.0,105.49
9453,big_ticket,repeat,8,1,0.199,686.53
9454,everyday,repeat,2,0,0.0,37.9
9455,everyday,repeat,3,0,0.0,44.7
9456,everyday,repeat,3,1,0.171,48.44
9457,everyday,repeat,3,0,0.0,50.58
9458,everyday,repeat,2,1,0.19,24.65
9459,everyday,repeat,2,0,0.0,28.92
9460,big_ticket,new,9,1,0.184,1264.6
9461,big_ticket,new,5,1,0.153,795.22
9462,everyday,repeat,3,1,0.171,39.56
9463,everyday,new,3,1,0.136,41.33
9464,everyday,repeat,2,0,0.0,32.09
9465,big_ticket,new,4,0,0.0,292.43
9466,everyday,new,5,0,0.0,129.8
9467,everyday,repeat,3,1,0.131,36.32
9468,everyday,repeat,2,0,0.0,16.18
9469,everyday,repeat,2,0,0.0,48.51
9470,everyday,new,4,1,0.188,195.03
9471,everyday,new,3,0,0.0,64.04
9472,everyday,repeat,1,0,0.0,13.87
9473,everyday,repeat,4,0,0.0,73.3
9474,everyday,new,3,1,0.134,53.68
9475,everyday,repeat,2,0,0.0,32.17
9476,big_ticket,new,8,1,0.124,492.7
9477,everyday,repeat,3,1,0.134,81.41
9478,big_ticket,new,6,1,0.18,559.17
9479,everyday,repeat,3,0,0.0,79.53
9480,big_ticket,new,5,0,0.0,507.49
9481,big_ticket,repeat,5,1,0.17,1303.64
9482,everyday,repeat,3,0,0.0,70.49
9483,big_ticket,new,4,0,0.0,284.04
9484,everyday,new,4,1,0.115,32.75
9485,big_ticket,repeat,7,1,0.117,1058.43
9486,everyday,repeat,1,1,0.122,38.28
9487,everyday,repeat,3,0,0.0,40.33
9488,everyday,repeat,1,0,0.0,8.24
9489,big_ticket,new,11,1,0.128,642.94
9490,big_ticket,repeat,5,1,0.191,459.72
9491,everyday,new,3,0,0.0,33.04
9492,big_ticket,repeat,7,1,0.156,419.94
9493,big_ticket,repeat,5,1,0.127,357.42
9494,everyday,repeat,3,0,0.0,25.97
9495,everyday,new,3,0,0.0,28.84
9496,everyday,new,2,0,0.0,19.09
9497,everyday,repeat,2,0,0.0,35.67
9498,everyday,new,5,0,0.0,71.12
9499,big_ticket,repeat,7,1,0.19,644.22
9500,everyday,repeat,4,0,0.0,101.64
9501,everyday,new,3,0,0.0,74.17
9502,everyday,new,2,0,0.0,67.62
9503,everyday,repeat,4,0,0.0,67.54
9504,everyday,repeat,3,0,0.0,72.42
9505,everyday,new,2,0,0.0,18.51
9506,everyday,new,7,0,0.0,164.63
9507,everyday,new,1,0,0.0,24.1
9508,everyday,repeat,4,1,0.188,44.63
9509,big_ticket,repeat,5,1,0.124,798.66
9510,everyday,repeat,4,1,0.148,74.88
9511,everyday,repeat,3,1,0.129,62.63
9512,everyday,repeat,3,0,0.0,79.11
9513,everyday,repeat,2,0,0.0,35.84
9514,big_ticket,new,7,0,0.0,620.06
9515,everyday,repeat,4,0,0.0,37.62
9516,big_ticket,repeat,6,0,0.0,238.08
9517,big_ticket,repeat,4,0,0.0,145.31
9518,everyday,repeat,6,1,0.2,67.7
9519,everyday,new,2,0,0.0,37.39
9520,everyday,repeat,2,0,0.0,27.76
9521,big_ticket,repeat,6,1,0.163,1120.04
9522,everyday,repeat,6,1,0.192,84.52
9523,everyday,repeat,2,0,0.0,37.02
9524,everyday,repeat,5,1,0.15,82.73
9525,everyday,repeat,2,0,0.0,39.48
9526,everyday,repeat,2,0,0.0,27.05
9527,everyday,new,4,0,0.0,26.12
9528,everyday,repeat,4,1,0.155,96.1
9529,big_ticket,repeat,10,1,0.158,627.21
9530,everyday,repeat,3,0,0.0,56.72
9531,everyday,repeat,2,1,0.191,33.16
9532,everyday,new,3,0,0.0,148.98
9533,big_ticket,repeat,8,0,0.0,709.3
9534,everyday,new,3,0,0.0,35.48
9535,big_ticket,repeat,3,0,0.0,218.64
9536,everyday,new,5,0,0.0,36.84
9537,big_ticket,new,6,0,0.0,1119.06
9538,everyday,new,3,0,0.0,21.31
9539,big_ticket,new,3,1,0.136,221.07
9540,everyday,new,4,1,0.171,67.59
9541,big_ticket,repeat,4,1,0.138,359.02
9542,big_ticket,new,5,1,0.186,467.94
9543,everyday,new,3,0,0.0,30.34
9544,everyday,new,3,1,0.103,51.17
9545,everyday,new,3,0,0.0,57.71
9546,everyday,new,2,0,0.0,20.82
9547,everyday,repeat,3,0,0.0,80.06
9548,everyday,repeat,1,1,0.128,21.95
9549,everyday,new,1,0,0.0,7.27
9550,everyday,repeat,4,0,0.0,66.3
9551,big_ticket,new,9,1,0.119,731.2
9552,everyday,repeat,5,0,0.0,30.39
9553,everyday,repeat,3,1,0.114,37.29
9554,everyday,new,4,1,0.164,54.84
9555,everyday,new,6,1,0.142,287.58
9556,everyday,repeat,4,0,0.0,49.9
9557,everyday,new,4,0,0.0,66.81
9558,everyday,new,4,0,0.0,76.24
9559,everyday,repeat,6,1,0.12,82.62
9560,everyday,repeat,3,0,0.0,56.19
9561,everyday,new,2,0,0.0,22.84
9562,everyday,repeat,6,0,0.0,56.53
9563,everyday,new,1,0,0.0,12.18
9564,everyday,new,4,0,0.0,34.37
9565,everyday,repeat,3,0,0.0,65.95
9566,everyday,repeat,3,1,0.165,47.5
9567,everyday,repeat,2,0,0.0,25.39
9568,big_ticket,repeat,7,1,0.121,356.19
9569,everyday,repeat,4,0,0.0,48.07
9570,everyday,repeat,3,0,0.0,10.86
9571,everyday,repeat,3,0,0.0,37.1
9572,everyday,new,2,0,0.0,47.24
9573,everyday,repeat,4,0,0.0,106.62
9574,big_ticket,new,4,1,0.115,477.84
9575,everyday,repeat,4,0,0.0,48.09
9576,everyday,new,4,1,0.145,93.82
9577,everyday,repeat,1,0,0.0,7.65
9578,everyday,repeat,5,1,0.163,69.72
9579,everyday,repeat,2,1,0.182,38.04
9580,everyday,new,3,0,0.0,97.4
9581,big_ticket,new,9,1,0.187,1296.12
9582,everyday,repeat,4,0,0.0,31.86
9583,everyday,repeat,3,0,0.0,32.64
9584,big_ticket,repeat,4,1,0.193,495.69
9585,big_ticket,new,6,0,0.0,525.08
9586,big_ticket,new,6,1,0.107,624.54
9587,everyday,repeat,7,1,0.165,113.09
9588,everyday,new,5,0,0.0,54.05
9589,big_ticket,repeat,6,0,0.0,341.1
9590,everyday,repeat,3,0,0.0,38.26
9591,big_ticket,new,3,0,0.0,367.36
9592,everyday,new,4,0,0.0,33.45
9593,big_ticket,new,10,1,0.125,1212.98
9594,everyday,repeat,1,0,0.0,9.01
9595,everyday,repeat,3,0,0.0,41.46
9596,everyday,new,6,0,0.0,93.66
9597,everyday,repeat,2,0,0.0,43.51
9598,everyday,new,3,0,0.0,41.64
9599,big_ticket,repeat,7,1,0.151,449.2
9600,everyday,repeat,2,1,0.143,27.73
9601,everyday,new,2,0,0.0,39.0
9602,everyday,new,3,0,0.0,47.63
9603,everyday,repeat,3,1,0.137,53.65
9604,everyday,new,4,0,0.0,70.32
9605,everyday,new,3,1,0.163,46.25
9606,big_ticket,repeat,3,0,0.0,268.8
9607,everyday,repeat,3,0,0.0,64.8
9608,everyday,repeat,4,1,0.186,70.68
9609,big_ticket,repeat,7,1,0.163,1249.94
9610,everyday,repeat,3,0,0.0,161.43
9611,big_ticket,new,5,1,0.173,608.76
9612,everyday,new,3,0,0.0,29.28
9613,everyday,repeat,1,0,0.0,21.76
9614,everyday,new,1,0,0.0,30.02
9615,everyday,repeat,7,1,0.13,145.83
9616,everyday,new,3,0,0.0,48.16
9617,everyday,new,3,1,0.173,35.92
9618,everyday,repeat,1,1,0.102,20.62
9619,everyday,repeat,2,1,0.141,20.71
9620,big_ticket,new,5,1,0.11,730.26
9621,everyday,repeat,2,1,0.123,25.09
9622,big_ticket,new,8,1,0.104,586.94
9623,big_ticket,new,3,0,0.0,223.77
9624,big_ticket,repeat,6,0,0.0,1182.05
9625,big_ticket,repeat,5,1,0.128,487.12
9626,big_ticket,new,4,0,0.0,608.27
9627,everyday,new,4,0,0.0,49.4
9628,everyday,repeat,4,0,0.0,15.75
9629,big_ticket,repeat,5,0,0.0,422.69
9630,everyday,new,4,0,0.0,106.74
9631,big_ticket,new,10,1,0.114,649.12
9632,big_ticket,new,7,1,0.115,463.99
9633,everyday,repeat,3,0,0.0,46.51
9634,everyday,repeat,4,1,0.176,25.62
9635,everyday,new,3,0,0.0,43.42
9636,everyday,new,3,0,0.0,42.92
9637,everyday,new,1,0,0.0,15.1
9638,big_ticket,repeat,6,1,0.193,399.68
9639,everyday,repeat,4,0,0.0,137.05
9640,everyday,repeat,2,1,0.135,31.34
9641,big_ticket,repeat,11,1,0.198,560.94
9642,everyday,new,2,0,0.0,68.38
9643,big_ticket,repeat,9,1,0.159,864.88
9644,everyday,new,4,0,0.0,63.43
9645,big_ticket,new,10,1,0.11,1412.55
9646,everyday,repeat,3,1,0.103,32.83
9647,everyday,repeat,3,0,0.0,40.76
9648,everyday,new,3,0,0.0,41.01
9649,everyday,repeat,1,1,0.154,23.98
9650,everyday,repeat,4,0,0.0,55.74
9651,big_ticket,repeat,3,1,0.193,215.14
9652,big_ticket,repeat,7,1,0.124,504.45
9653,everyday,new,3,0,0.0,37.9
9654,everyday,repeat,2,1,0.103,20.67
9655,big_ticket,new,7,1,0.17,569.87
9656,big_ticket,new,6,1,0.125,866.79
9657,everyday,new,3,0,0.0,54.17
9658,everyday,repeat,3,0,0.0,42.3
9659,big_ticket,repeat,6,1,0.118,800.16
9660,everyday,repeat,3,0,0.0,37.36
9661,everyday,repeat,1,1,0.121,9.33
9662,big_ticket,repeat,5,1,0.199,456.62
9663,everyday,repeat,4,0,0.0,79.44
9664,big_ticket,repeat,4,0,0.0,432.27
9665,everyday,new,2,0,0.0,19.72
9666,big_ticket,new,9,1,0.179,233.28
9667,big_ticket,repeat,6,1,0.159,480.32
9668,big_ticket,repeat,6,1,0.122,404.81
9669,big_ticket,new,5,1,0.112,626.35
9670,big_ticket,repeat,5,1,0.199,457.98
9671,everyday,new,3,1,0.158,64.29
9672,big_ticket,new,7,1,0.16,881.81
9673,big_ticket,new,4,0,0.0,372.4
9674,everyday,new,3,0,0.0,36.12
9675,everyday,new,2,0,0.0,28.82
9676,everyday,repeat,6,0,0.0,173.54
9677,everyday,repeat,2,0,0.0,54.66
9678,big_ticket,new,9,1,0.18,1301.76
9679,everyday,new,3,0,0.0,51.73
9680,everyday,repeat,5,0,0.0,782.75
9681,everyday,new,1,1,0.157,46.83
9682,everyday,repeat,7,1,0.128,116.57
9683,big_ticket,repeat,3,1,0.134,429.1
9684,everyday,repeat,1,1,0.15,19.73
9685,everyday,new,3,0,0.0,101.53
9686,everyday,repeat,2,0,0.0,22.57
9687,big_ticket,repeat,8,0,0.0,553.54
9688,big_ticket,repeat,3,1,0.15,390.58
9689,everyday,repeat,2,0,0.0,31.98
9690,everyday,repeat,2,1,0.12,26.38
9691,everyday,new,2,1,0.161,36.58
9692,everyday,repeat,2,0,0.0,16.42
9693,big_ticket,repeat,5,1,0.161,220.71
9694,everyday,repeat,2,0,0.0,24.57
9695,everyday,repeat,1,0,0.0,24.8
9696,everyday,repeat,4,1,0.131,84.57
9697,everyday,new,2,1,0.136,45.14
9698,everyday,new,3,0,0.0,87.47
9699,everyday,repeat,3,0,0.0,27.77
9700,everyday,new,2,0,0.0,72.69
9701,everyday,new,5,1,0.141,129.18
9702,everyday,repeat,3,0,0.0,24.43
9703,big_ticket,repeat,6,1,0.138,995.59
9704,everyday,repeat,2,1,0.175,43.45
9705,everyday,new,2,0,0.0,39.79
9706,everyday,new,5,0,0.0,50.87
9707,big_ticket,repeat,9,1,0.193,747.56
9708,big_ticket,repeat,10,1,0.114,1325.51
9709,big_ticket,new,6,1,0.114,558.62
9710,everyday,repeat,2,0,0.0,16.78
9711,big_ticket,repeat,7,1,0.136,556.71
9712,everyday,repeat,5,1,0.128,98.01
9713,big_ticket,repeat,7,1,0.149,781.8
9714,big_ticket,new,6,1,0.186,854.02
9715,everyday,repeat,1,0,0.0,23.69
9716,everyday,repeat,3,0,0.0,69.71
9717,everyday,new,3,0,0.0,53.47
9718,everyday,new,4,1,0.144,52.88
9719,big_ticket,repeat,4,1,0.131,381.72
9720,everyday,repeat,2,0,0.0,27.14
9721,big_ticket,repeat,6,1,0.18,630.39
9722,big_ticket,new,6,1,0.159,614.49
9723,everyday,new,2,0,0.0,16.4
9724,everyday,repeat,3,0,0.0,61.29
9725,everyday,new,4,0,0.0,106.66
9726,big_ticket,new,8,1,0.165,718.66
9727,everyday,repeat,1,0,0.0,14.13
9728,everyday,repeat,2,1,0.179,21.96
9729,everyday,repeat,3,0,0.0,120.59
9730,big_ticket,new,7,1,0.134,608.79
9731,everyday,repeat,4,0,0.0,126.65
9732,everyday,repeat,3,0,0.0,40.02
9733,big_ticket,repeat,6,0,0.0,451.32
9734,everyday,new,2,0,0.0,15.01
9735,everyday,repeat,3,0,0.0,36.47
9736,everyday,repeat,5,0,0.0,226.66
9737,everyday,new,6,0,0.0,120.88
9738,everyday,new,2,0,0.0,27.88
9739,everyday,new,2,1,0.177,13.23
9740,everyday,repeat,2,0,0.0,36.0
9741,everyday,new,3,1,0.13,40.36
9742,everyday,repeat,3,0,0.0,75.36
9743,everyday,new,2,1,0.122,16.06
9744,everyday,repeat,5,0,0.0,128.29
9745,big_ticket,repeat,4,0,0.0,196.96
9746,big_ticket,repeat,4,0,0.0,551.88
9747,everyday,repeat,2,1,0.124,36.43
9748,big_ticket,repeat,6,1,0.154,382.55
9749,big_ticket,repeat,7,0,0.0,799.9
9750,everyday,repeat,4,1,0.127,77.55
9751,big_ticket,repeat,6,1,0.102,1039.92
9752,big_ticket,repeat,3,1,0.13,241.11
9753,everyday,repeat,3,1,0.134,59.28
9754,everyday,new,4,0,0.0,24.51
9755,everyday,repeat,2,1,0.118,48.61
9756,everyday,repeat,3,0,0.0,55.6
9757,big_ticket,repeat,5,1,0.178,342.06
9758,everyday,repeat,3,0,0.0,91.67
9759,everyday,repeat,3,0,0.0,34.05
9760,everyday,repeat,1,0,0.0,12.61
9761,big_ticket,new,9,1,0.129,1346.44
9762,everyday,repeat,3,0,0.0,60.46
9763,big_ticket,new,5,1,0.179,406.18
9764,everyday,new,1,0,0.0,9.96
9765,everyday,repeat,2,0,0.0,29.6
9766,everyday,new,4,0,0.0,50.92
9767,everyday,new,3,0,0.0,111.99
9768,everyday,new,5,0,0.0,29.24
9769,everyday,repeat,5,0,0.0,127.03
9770,everyday,repeat,3,0,0.0,17.61
9771,everyday,repeat,4,1,0.112,63.3
9772,big_ticket,new,9,1,0.179,904.27
9773,big_ticket,new,7,1,0.15,261.75
9774,everyday,new,3,1,0.108,95.53
9775,big_ticket,new,11,1,0.109,589.77
9776,everyday,new,2,0,0.0,33.56
9777,everyday,new,3,0,0.0,52.09
9778,everyday,repeat,8,1,0.101,89.69
9779,everyday,repeat,1,0,0.0,12.92
9780,big_ticket,new,2,1,0.127,202.62
9781,everyday,repeat,2,1,0.149,25.27
9782,everyday,new,4,1,0.198,59.1
9783,everyday,repeat,7,1,0.136,223.69
9784,everyday,repeat,4,0,0.0,87.53
9785,everyday,repeat,4,1,0.188,76.77
9786,everyday,repeat,2,0,0.0,19.8
9787,everyday,new,5,0,0.0,101.71
9788,everyday,repeat,3,0,0.0,14.05
9789,everyday,repeat,4,0,0.0,46.01
9790,big_ticket,repeat,9,1,0.194,779.47
9791,everyday,repeat,5,1,0.131,68.19
9792,everyday,repeat,3,1,0.13,42.68
9793,everyday,repeat,2,0,0.0,26.18
9794,everyday,repeat,1,0,0.0,16.11
9795,everyday,new,4,0,0.0,70.09
9796,everyday,new,3,0,0.0,95.27
9797,everyday,repeat,1,0,0.0,10.84
9798,everyday,repeat,2,0,0.0,21.43
9799,everyday,new,3,0,0.0,46.2
9800,everyday,new,1,0,0.0,18.92
9801,everyday,repeat,1,1,0.2,16.73
9802,everyday,repeat,1,0,0.0,40.52
9803,everyday,repeat,1,1,0.13,25.07
9804,big_ticket,new,4,1,0.172,468.89
9805,everyday,new,3,1,0.155,61.74
9806,big_ticket,repeat,7,1,0.137,766.7
9807,everyday,new,2,0,0.0,9.16
9808,everyday,repeat,6,1,0.133,100.79
9809,everyday,repeat,3,0,0.0,41.32
9810,big_ticket,new,4,1,0.156,273.23
9811,everyday,repeat,1,0,0.0,26.54
9812,everyday,new,1,0,0.0,8.33
9813,everyday,repeat,3,1,0.151,84.41
9814,everyday,repeat,2,0,0.0,44.29
9815,big_ticket,repeat,7,1,0.156,325.11
9816,everyday,repeat,3,0,0.0,72.61
9817,everyday,new,2,0,0.0,13.13
9818,everyday,repeat,1,0,0.0,19.44
9819,everyday,new,2,0,0.0,15.27
9820,big_ticket,repeat,9,1,0.107,1334.98
9821,big_ticket,new,6,1,0.192,364.48
9822,big_ticket,repeat,5,1,0.184,391.23
9823,everyday,new,8,1,0.17,102.86
9824,everyday,new,4,1,0.167,55.96
9825,everyday,new,2,0,0.0,35.09
9826,everyday,new,3,0,0.0,68.14
9827,big_ticket,new,3,1,0.1,286.61
9828,everyday,new,2,1,0.105,22.92
9829,everyday,repeat,5,0,0.0,84.73
9830,everyday,repeat,3,1,0.16,46.03
9831,big_ticket,new,5,1,0.126,222.43
9832,everyday,repeat,3,0,0.0,17.8
9833,big_ticket,repeat,7,1,0.16,775.78
9834,big_ticket,new,6,1,0.141,955.65
9835,big_ticket,new,6,1,0.106,720.99
9836,everyday,repeat,5,0,0.0,38.7
9837,everyday,repeat,3,1,0.144,41.18
9838,everyday,repeat,2,0,0.0,28.95
9839,big_ticket,repeat,9,1,0.167,640.59
9840,big_ticket,repeat,5,1,0.198,624.79
9841,everyday,repeat,2,0,0.0,13.45
9842,everyday,repeat,2,0,0.0,36.36
9843,everyday,repeat,4,1,0.158,56.99
9844,everyday,repeat,3,0,0.0,49.55
9845,everyday,repeat,7,0,0.0,136.35
9846,everyday,repeat,1,0,0.0,18.33
9847,big_ticket,new,9,1,0.122,633.69
9848,everyday,new,3,1,0.162,42.2
9849,everyday,new,2,0,0.0,39.97
9850,everyday,new,4,0,0.0,81.3
9851,everyday,repeat,3,1,0.113,32.19
9852,everyday,repeat,5,1,0.118,46.56
9853,everyday,new,5,1,0.2,106.36
9854,everyday,new,3,0,0.0,60.65
9855,everyday,new,4,1,0.161,37.29
9856,everyday,repeat,3,0,0.0,24.98
9857,everyday,repeat,6,0,0.0,77.38
9858,everyday,new,2,0,0.0,21.28
9859,everyday,new,2,0,0.0,33.38
9860,everyday,repeat,1,1,0.122,31.01
9861,everyday,repeat,3,1,0.143,25.34
9862,everyday,repeat,4,1,0.193,58.72
9863,everyday,new,2,0,0.0,21.12
9864,big_ticket,new,6,1,0.118,511.28
9865,everyday,repeat,3,0,0.0,70.12
9866,everyday,new,5,1,0.119,49.7
9867,everyday,repeat,3,1,0.178,81.01
9868,big_ticket,repeat,7,1,0.121,624.77
9869,everyday,new,2,1,0.195,28.66
9870,big_ticket,repeat,7,1,0.129,846.56
9871,everyday,repeat,1,0,0.0,7.78
9872,big_ticket,repeat,8,1,0.182,920.85
9873,everyday,new,1,1,0.16,15.99
9874,everyday,repeat,5,0,0.0,144.45
9875,everyday,new,3,0,0.0,34.22
9876,everyday,repeat,3,0,0.0,20.92
9877,big_ticket,repeat,7,1,0.163,342.98
9878,big_ticket,new,5,0,0.0,563.59
9879,everyday,repeat,6,0,0.0,67.25
9880,everyday,repeat,2,0,0.0,34.65
9881,everyday,repeat,3,0,0.0,70.01
9882,everyday,new,2,1,0.19,37.11
9883,everyday,repeat,4,0,0.0,104.22
9884,everyday,repeat,3,0,0.0,41.68
9885,everyday,new,3,1,0.118,91.92
9886,big_ticket,new,6,0,0.0,1032.64
9887,big_ticket,repeat,7,1,0.115,572.66
9888,big_ticket,repeat,10,1,0.199,689.36
9889,everyday,repeat,4,0,0.0,62.24
9890,big_ticket,repeat,11,1,0.16,1185.46
9891,everyday,new,2,0,0.0,40.89
9892,everyday,repeat,2,1,0.193,38.27
9893,everyday,repeat,1,0,0.0,21.38
9894,big_ticket,new,4,0,0.0,428.46
9895,everyday,repeat,3,1,0.161,15.5
9896,big_ticket,repeat,6,0,0.0,438.39
9897,everyday,new,5,1,0.165,67.14
9898,big_ticket,repeat,9,1,0.109,1617.72
9899,everyday,repeat,4,1,0.101,15.98
9900,big_ticket,repeat,5,1,0.149,351.93
9901,everyday,new,1,0,0.0,23.0
9902,everyday,new,5,1,0.187,119.94
9903,big_ticket,repeat,2,0,0.0,204.96
9904,everyday,repeat,2,1,0.191,17.86
9905,everyday,new,4,1,0.108,39.91
9906,big_ticket,repeat,7,1,0.171,520.56
9907,everyday,new,2,0,0.0,28.32
9908,big_ticket,repeat,6,0,0.0,649.09
9909,everyday,repeat,3,0,0.0,50.19
9910,big_ticket,new,4,1,0.198,457.05
9911,everyday,repeat,5,1,0.124,92.13
9912,everyday,repeat,4,0,0.0,66.43
9913,big_ticket,repeat,8,0,0.0,887.72
9914,everyday,repeat,2,1,0.113,27.72
9915,everyday,new,4,1,0.165,82.19
9916,everyday,new,1,0,0.0,19.16
9917,everyday,repeat,1,1,0.175,10.66
9918,everyday,repeat,3,1,0.145,119.28
9919,everyday,new,1,1,0.177,33.93
9920,big_ticket,repeat,1,1,0.162,77.59
9921,everyday,new,4,0,0.0,111.01
9922,everyday,new,2,0,0.0,36.83
9923,everyday,repeat,3,0,0.0,39.86
9924,everyday,repeat,3,1,0.132,84.0
9925,everyday,repeat,2,0,0.0,36.61
9926,big_ticket,new,1,0,0.0,44.34
9927,everyday,new,2,0,0.0,68.82
9928,everyday,new,4,0,0.0,29.41
9929,big_ticket,repeat,7,1,0.159,595.93
9930,everyday,repeat,3,0,0.0,30.56
9931,everyday,new,2,1,0.114,29.75
9932,everyday,repeat,4,0,0.0,43.63
9933,everyday,repeat,3,0,0.0,86.21
9934,everyday,new,2,0,0.0,40.53
9935,big_ticket,new,4,1,0.2,226.93
9936,everyday,repeat,2,0,0.0,14.8
9937,everyday,new,6,1,0.14,74.53
9938,everyday,new,1,0,0.0,12.67
9939,big_ticket,new,4,1,0.2,451.77
9940,big_ticket,repeat,2,1,0.147,633.97
9941,big_ticket,repeat,6,1,0.119,905.6
9942,everyday,repeat,5,0,0.0,23.72
9943,big_ticket,new,2,1,0.191,676.1
9944,everyday,repeat,2,0,0.0,17.75
9945,everyday,new,6,0,0.0,67.83
9946,everyday,repeat,2,0,0.0,41.6
9947,big_ticket,repeat,2,0,0.0,132.4
9948,everyday,repeat,6,1,0.168,97.77
9949,everyday,new,3,0,0.0,57.57
9950,everyday,repeat,4,0,0.0,103.02
9951,everyday,new,2,0,0.0,8.65
9952,big_ticket,new,5,1,0.157,248.02
9953,big_ticket,repeat,7,1,0.162,470.28
9954,everyday,new,5,1,0.195,68.61
9955,everyday,new,3,1,0.194,59.6
9956,everyday,repeat,3,0,0.0,29.4
9957,big_ticket,repeat,9,1,0.175,492.04
9958,everyday,repeat,2,0,0.0,6.51
9959,everyday,new,3,0,0.0,24.93
9960,everyday,repeat,1,0,0.0,10.64
9961,everyday,new,3,0,0.0,29.04
9962,everyday,repeat,6,1,0.135,89.21
9963,everyday,new,5,1,0.15,189.62
9964,big_ticket,new,4,0,0.0,328.68
9965,everyday,repeat,4,0,0.0,99.16
9966,everyday,new,4,0,0.0,79.95
9967,everyday,repeat,1,0,0.0,7.78
9968,everyday,new,4,0,0.0,114.92
9969,everyday,new,3,1,0.177,58.12
9970,everyday,new,3,0,0.0,61.9
9971,big_ticket,new,3,0,0.0,330.71
9972,everyday,new,2,0,0.0,41.01
9973,big_ticket,new,8,1,0.183,902.64
9974,everyday,new,6,1,0.152,63.99
9975,everyday,repeat,4,0,0.0,38.14
9976,everyday,repeat,2,0,0.0,19.14
9977,big_ticket,new,6,1,0.136,1093.6
9978,big_ticket,new,4,0,0.0,353.26
9979,everyday,new,3,0,0.0,62.5
9980,everyday,new,2,0,0.0,55.71
9981,everyday,repeat,3,0,0.0,33.16
9982,everyday,new,4,1,0.133,61.01
9983,big_ticket,repeat,7,1,0.132,614.12
9984,everyday,repeat,4,0,0.0,71.27
9985,everyday,new,2,0,0.0,16.07
9986,big_ticket,new,2,1,0.182,214.76
9987,big_ticket,new,8,1,0.151,720.11
9988,big_ticket,new,9,1,0.199,595.53
9989,everyday,repeat,7,1,0.164,48.03
9990,everyday,new,4,0,0.0,77.01
9991,everyday,new,3,1,0.151,76.87
9992,everyday,new,4,0,0.0,30.98
9993,everyday,repeat,3,1,0.198,35.42
9994,everyday,new,3,1,0.186,31.82
9995,everyday,repeat,4,1,0.115,145.0
9996,everyday,new,3,0,0.0,96.3
9997,everyday,new,2,0,0.0,51.68
9998,everyday,repeat,2,0,0.0,40.04
9999,everyday,repeat,3,0,0.0,76.35
10000,everyday,new,1,0,0.0,22.05
10001,big_ticket,repeat,6,1,0.108,290.05
10002,big_ticket,new,5,0,0.0,478.22
10003,everyday,new,2,0,0.0,9.56
10004,everyday,new,3,0,0.0,38.56
10005,everyday,repeat,2,0,0.0,43.19
10006,everyday,repeat,1,0,0.0,13.97
10007,everyday,repeat,3,0,0.0,89.47
10008,big_ticket,repeat,6,1,0.159,283.82
10009,everyday,repeat,4,0,0.0,103.18
10010,everyday,repeat,2,0,0.0,15.82
10011,big_ticket,new,6,1,0.13,298.68
10012,everyday,repeat,4,0,0.0,43.87
10013,everyday,repeat,4,0,0.0,33.71
10014,everyday,new,4,0,0.0,63.89
10015,big_ticket,new,7,1,0.164,765.57
10016,everyday,repeat,1,1,0.102,24.42
10017,everyday,new,4,0,0.0,54.93
10018,big_ticket,new,4,1,0.199,330.67
10019,everyday,repeat,3,1,0.161,48.5
10020,big_ticket,repeat,7,1,0.165,995.46
10021,everyday,new,3,0,0.0,34.85
10022,everyday,new,2,0,0.0,57.57
10023,everyday,repeat,1,0,0.0,45.7
10024,big_ticket,repeat,7,1,0.176,802.78
10025,everyday,repeat,3,0,0.0,109.47
10026,everyday,new,7,0,0.0,87.38
10027,big_ticket,new,9,1,0.181,883.2
10028,everyday,new,1,0,0.0,25.11
10029,big_ticket,repeat,4,1,0.14,365.15
10030,everyday,repeat,5,1,0.139,112.05
10031,everyday,repeat,1,0,0.0,21.66
10032,big_ticket,new,4,1,0.19,475.78
10033,big_ticket,repeat,8,1,0.182,1147.59
10034,everyday,new,4,1,0.168,50.82
10035,big_ticket,new,3,0,0.0,349.32
10036,big_ticket,repeat,5,1,0.11,408.71
10037,big_ticket,repeat,6,1,0.197,967.16
10038,everyday,repeat,2,1,0.131,58.87
10039,everyday,repeat,5,1,0.112,40.12
10040,everyday,repeat,2,0,0.0,16.97
10041,everyday,new,3,0,0.0,44.95
10042,everyday,new,3,0,0.0,30.82
10043,everyday,new,4,1,0.199,47.07
10044,everyday,new,3,0,0.0,32.79
10045,everyday,repeat,2,1,0.169,87.04
10046,everyday,new,2,1,0.139,58.89
10047,everyday,new,4,1,0.182,43.6
10048,everyday,new,5,1,0.107,31.65
10049,big_ticket,repeat,3,0,0.0,179.14
10050,big_ticket,repeat,3,0,0.0,503.89
10051,everyday,repeat,3,1,0.113,71.01
10052,everyday,new,4,0,0.0,67.76
10053,everyday,repeat,3,0,0.0,36.98
10054,everyday,new,5,1,0.139,79.56
10055,big_ticket,repeat,8,1,0.166,796.87
10056,everyday,new,3,0,0.0,43.89
10057,everyday,repeat,2,0,0.0,74.35
10058,everyday,repeat,4,1,0.14,47.12
10059,big_ticket,repeat,3,0,0.0,190.77
10060,big_ticket,repeat,7,1,0.181,789.0
10061,big_ticket,new,12,1,0.124,1373.66
10062,everyday,new,1,0,0.0,24.88
10063,big_ticket,new,5,0,0.0,409.19
10064,everyday,new,3,0,0.0,45.01
10065,everyday,repeat,2,0,0.0,21.19
10066,big_ticket,repeat,7,1,0.186,304.08
10067,everyday,repeat,2,1,0.14,23.49
10068,big_ticket,repeat,7,0,0.0,878.37
10069,everyday,new,1,1,0.198,15.32
10070,everyday,new,3,0,0.0,45.58
10071,everyday,new,1,1,0.109,28.71
10072,big_ticket,new,7,1,0.157,535.67
10073,everyday,repeat,3,1,0.125,61.54
10074,big_ticket,repeat,9,1,0.101,2247.13
10075,everyday,repeat,3,0,0.0,84.92
10076,big_ticket,repeat,6,1,0.129,391.1
10077,everyday,repeat,2,0,0.0,43.39
10078,everyday,repeat,2,0,0.0,49.89
10079,big_ticket,repeat,6,1,0.193,798.5
10080,big_ticket,repeat,4,0,0.0,502.68
10081,everyday,repeat,5,1,0.16,46.75
10082,everyday,new,2,0,0.0,23.5
10083,everyday,repeat,5,1,0.169,126.6
10084,big_ticket,new,4,1,0.179,397.25
10085,everyday,new,2,0,0.0,51.27
10086,big_ticket,repeat,10,1,0.134,1030.38
10087,everyday,new,4,0,0.0,152.17
10088,big_ticket,new,10,1,0.171,978.91
10089,everyday,new,3,0,0.0,62.06
10090,everyday,repeat,3,0,0.0,197.8
10091,everyday,repeat,3,1,0.102,38.54
10092,everyday,repeat,4,0,0.0,94.22
10093,everyday,repeat,5,0,0.0,38.6
10094,everyday,new,1,0,0.0,13.66
10095,big_ticket,repeat,9,1,0.128,707.46
10096,everyday,repeat,3,0,0.0,36.21
10097,everyday,new,2,1,0.174,33.86
10098,big_ticket,repeat,7,0,0.0,773.75
10099,everyday,repeat,4,0,0.0,71.28
10100,everyday,new,1,0,0.0,5.46
10101,big_ticket,repeat,2,0,0.0,327.44
10102,big_ticket,new,9,1,0.16,1122.13
10103,big_ticket,repeat,5,1,0.104,674.42
10104,big_ticket,repeat,7,1,0.154,446.58
10105,everyday,new,1,0,0.0,9.83
10106,everyday,repeat,3,0,0.0,47.61
10107,everyday,repeat,3,0,0.0,80.69
10108,big_ticket,new,5,1,0.179,431.89
10109,big_ticket,repeat,5,0,0.0,1234.29
10110,everyday,repeat,4,0,0.0,75.83
10111,everyday,repeat,2,0,0.0,18.36
10112,everyday,repeat,3,1,0.174,19.28
10113,everyday,new,1,0,0.0,9.94
10114,big_ticket,new,8,1,0.134,815.58
10115,everyday,repeat,2,0,0.0,21.46
10116,everyday,new,3,0,0.0,33.21
10117,big_ticket,repeat,6,0,0.0,720.45
10118,everyday,repeat,1,0,0.0,21.87
10119,everyday,repeat,3,0,0.0,26.9
10120,everyday,repeat,3,1,0.153,69.52
10121,everyday,repeat,5,1,0.181,102.34
10122,everyday,repeat,2,0,0.0,23.72
10123,everyday,repeat,6,1,0.125,37.6
10124,everyday,new,4,0,0.0,94.14
10125,everyday,repeat,1,1,0.17,19.02
10126,everyday,new,3,0,0.0,51.9
10127,everyday,new,2,0,0.0,15.78
10128,big_ticket,new,12,1,0.114,1680.2
10129,everyday,repeat,4,1,0.127,38.36
10130,everyday,repeat,4,1,0.145,48.39
10131,big_ticket,repeat,6,0,0.0,469.59
10132,everyday,new,1,0,0.0,16.54
10133,everyday,new,2,0,0.0,34.82
10134,big_ticket,new,6,1,0.188,676.25
10135,everyday,new,2,0,0.0,16.66
10136,everyday,new,3,0,0.0,57.55
10137,big_ticket,repeat,7,1,0.174,800.15
10138,everyday,new,6,1,0.17,248.73
10139,everyday,repeat,4,0,0.0,35.38
10140,everyday,new,2,1,0.186,26.28
10141,everyday,repeat,4,1,0.16,70.86
10142,big_ticket,repeat,12,1,0.172,977.83
10143,everyday,repeat,3,0,0.0,32.23
10144,everyday,new,4,0,0.0,66.42
10145,everyday,repeat,2,0,0.0,88.08
10146,big_ticket,new,6,0,0.0,722.6
10147,everyday,repeat,3,0,0.0,21.44
10148,everyday,new,6,1,0.191,128.12
10149,everyday,repeat,2,0,0.0,26.78
10150,everyday,repeat,1,0,0.0,9.6
10151,everyday,repeat,2,0,0.0,43.9
10152,big_ticket,repeat,5,1,0.146,418.58
10153,everyday,new,1,1,0.185,11.57
10154,everyday,repeat,4,0,0.0,28.04
10155,everyday,new,2,1,0.11,51.58
10156,everyday,new,1,0,0.0,11.47
10157,everyday,new,3,0,0.0,55.31
10158,big_ticket,new,5,1,0.198,237.72
10159,everyday,new,1,0,0.0,20.84
10160,big_ticket,repeat,10,1,0.151,1027.5
10161,everyday,new,2,0,0.0,62.53
10162,everyday,repeat,4,1,0.133,91.18
10163,everyday,new,1,0,0.0,6.08
10164,everyday,repeat,2,0,0.0,27.24
10165,everyday,new,1,0,0.0,17.51
10166,big_ticket,new,8,0,0.0,983.56
10167,big_ticket,repeat,4,1,0.178,292.64
10168,big_ticket,repeat,5,1,0.163,329.43
10169,big_ticket,repeat,2,0,0.0,296.22
10170,everyday,new,2,0,0.0,27.24
10171,everyday,repeat,2,0,0.0,33.19
10172,everyday,repeat,5,1,0.147,55.55
10173,big_ticket,repeat,5,1,0.15,477.31
10174,everyday,new,3,1,0.156,65.6
10175,everyday,new,2,0,0.0,39.84
10176,everyday,new,4,1,0.101,95.53
10177,everyday,repeat,2,0,0.0,64.13
10178,big_ticket,new,8,1,0.191,2038.1
10179,everyday,new,3,0,0.0,73.78
10180,everyday,repeat,3,0,0.0,48.86
10181,big_ticket,repeat,4,1,0.115,262.45
10182,everyday,repeat,1,1,0.133,46.19
10183,everyday,repeat,2,0,0.0,40.45
10184,everyday,new,3,1,0.126,30.76
10185,everyday,repeat,2,0,0.0,31.63
10186,everyday,new,1,0,0.0,13.81
10187,everyday,new,3,0,0.0,74.62
10188,everyday,repeat,6,1,0.132,85.21
10189,everyday,new,5,0,0.0,38.05
10190,everyday,repeat,2,0,0.0,44.07
10191,big_ticket,repeat,6,0,0.0,592.49
10192,everyday,new,3,0,0.0,15.57
10193,everyday,new,3,0,0.0,77.61
10194,everyday,new,5,0,0.0,42.66
10195,everyday,new,3,0,0.0,30.09
10196,big_ticket,repeat,3,1,0.167,203.12
10197,everyday,repeat,2,1,0.148,35.63
10198,everyday,new,2,0,0.0,25.07
10199,everyday,new,5,0,0.0,98.69
10200,big_ticket,repeat,8,1,0.102,743.18
10201,everyday,repeat,2,0,0.0,20.76
10202,big_ticket,repeat,6,1,0.101,906.76
10203,everyday,new,2,1,0.195,35.46
10204,everyday,repeat,2,1,0.15,60.41
10205,big_ticket,new,5,0,0.0,415.33
10206,everyday,repeat,2,1,0.133,13.2
10207,everyday,new,1,0,0.0,52.06
10208,everyday,repeat,1,1,0.173,17.51
10209,everyday,new,5,0,0.0,93.09
10210,everyday,repeat,2,0,0.0,31.05
10211,everyday,new,1,0,0.0,18.77
10212,everyday,repeat,2,0,0.0,40.5
10213,everyday,new,5,1,0.167,121.62
10214,everyday,repeat,3,0,0.0,45.43
10215,big_ticket,new,7,1,0.1,754.03
10216,everyday,repeat,3,0,0.0,39.37
10217,everyday,repeat,1,0,0.0,14.68
10218,everyday,new,2,1,0.161,23.39
10219,everyday,new,2,1,0.159,19.16
10220,everyday,new,4,0,0.0,51.35
10221,big_ticket,new,7,1,0.162,482.41
10222,big_ticket,repeat,4,1,0.153,681.04
10223,everyday,new,3,1,0.189,25.11
10224,big_ticket,new,4,1,0.103,277.14
10225,big_ticket,new,7,1,0.177,1073.59
10226,big_ticket,new,4,1,0.19,208.6
10227,big_ticket,new,10,1,0.103,686.57
10228,everyday,repeat,1,0,0.0,15.58
10229,everyday,new,2,0,0.0,45.06
10230,everyday,repeat,3,0,0.0,59.43
10231,everyday,repeat,5,1,0.191,68.99
10232,big_ticket,new,7,1,0.11,590.47
10233,everyday,repeat,3,0,0.0,35.88
10234,everyday,repeat,4,0,0.0,69.4
10235,big_ticket,repeat,7,1,0.198,736.83
10236,everyday,new,3,0,0.0,44.07
10237,big_ticket,repeat,10,1,0.103,498.81
10238,everyday,new,2,1,0.171,45.25
10239,everyday,repeat,1,1,0.1,6.61
10240,everyday,new,3,0,0.0,29.07
10241,everyday,new,3,0,0.0,73.52
10242,everyday,repeat,6,1,0.124,51.01
10243,everyday,new,4,1,0.14,39.4
10244,everyday,new,1,1,0.12,19.43
10245,everyday,repeat,3,1,0.119,79.79
10246,big_ticket,new,10,1,0.191,1194.43
10247,everyday,new,3,1,0.116,21.93
10248,everyday,new,6,1,0.158,85.67
10249,everyday,repeat,1,0,0.0,13.39
10250,big_ticket,repeat,4,1,0.146,328.9
10251,big_ticket,repeat,5,1,0.18,429.28
10252,big_ticket,repeat,4,1,0.109,281.25
10253,big_ticket,repeat,9,1,0.133,1408.55
10254,everyday,repeat,1,0,0.0,9.94
10255,everyday,repeat,2,0,0.0,38.75
10256,everyday,repeat,5,1,0.198,75.12
10257,big_ticket,repeat,7,1,0.126,840.96
10258,everyday,new,8,1,0.112,102.34
10259,everyday,new,4,0,0.0,52.11
10260,big_ticket,new,5,0,0.0,379.74
10261,big_ticket,repeat,5,1,0.121,359.13
10262,big_ticket,repeat,6,1,0.142,377.01
10263,everyday,repeat,5,0,0.0,40.31
10264,everyday,repeat,2,0,0.0,41.93
10265,everyday,repeat,3,0,0.0,56.11
10266,everyday,repeat,2,0,0.0,33.35
10267,everyday,repeat,1,0,0.0,16.95
10268,everyday,new,1,0,0.0,16.51
10269,big_ticket,repeat,6,1,0.147,703.56
10270,everyday,new,3,0,0.0,54.19
10271,everyday,new,3,1,0.129,44.73
10272,big_ticket,new,4,0,0.0,322.97
10273,everyday,new,2,0,0.0,26.86
10274,everyday,new,5,1,0.107,108.51
10275,everyday,new,3,0,0.0,70.78
10276,everyday,repeat,5,1,0.168,39.59
10277,big_ticket,new,7,1,0.197,685.0
10278,everyday,repeat,2,0,0.0,30.66
10279,everyday,new,1,0,0.0,52.82
10280,big_ticket,repeat,3,1,0.147,467.02
10281,everyday,repeat,1,0,0.0,14.85
10282,big_ticket,repeat,2,0,0.0,156.17
10283,everyday,repeat,4,0,0.0,38.77
10284,big_ticket,repeat,12,1,0.19,1059.49
10285,everyday,new,5,1,0.135,200.86
10286,everyday,new,4,1,0.191,56.02
10287,big_ticket,repeat,5,1,0.105,802.58
10288,big_ticket,new,4,0,0.0,386.39
10289,everyday,new,2,0,0.0,29.29
10290,everyday,repeat,2,0,0.0,26.19
10291,everyday,new,1,0,0.0,33.53
10292,big_ticket,repeat,10,1,0.158,842.04
10293,big_ticket,new,7,1,0.185,859.54
10294,everyday,new,3,1,0.159,21.38
10295,everyday,new,3,1,0.123,73.41
10296,everyday,repeat,4,0,0.0,110.67
10297,big_ticket,repeat,5,1,0.119,352.94
10298,everyday,repeat,2,0,0.0,26.05
10299,everyday,new,3,1,0.115,84.9
10300,big_ticket,new,8,1,0.112,617.03
10301,everyday,repeat,3,0,0.0,48.63
10302,everyday,new,3,1,0.174,65.34
10303,everyday,new,6,1,0.173,86.78
10304,everyday,repeat,7,1,0.154,93.71
10305,big_ticket,repeat,5,1,0.191,417.73
10306,everyday,new,2,0,0.0,23.31
10307,everyday,new,2,0,0.0,25.71
10308,everyday,repeat,3,0,0.0,114.0
10309,big_ticket,repeat,11,1,0.172,906.2
10310,everyday,repeat,5,1,0.133,188.9
10311,everyday,repeat,2,0,0.0,35.53
10312,everyday,repeat,4,0,0.0,65.22
10313,everyday,repeat,4,0,0.0,84.44
10314,big_ticket,repeat,6,1,0.146,597.75
10315,big_ticket,repeat,6,1,0.126,1041.59
10316,big_ticket,new,10,0,0.0,1132.43
10317,everyday,repeat,1,1,0.191,20.53
10318,everyday,repeat,2,0,0.0,26.02
10319,big_ticket,new,5,1,0.114,692.76
10320,everyday,repeat,1,0,0.0,17.28
10321,big_ticket,repeat,10,1,0.139,571.61
10322,everyday,new,2,0,0.0,20.52
10323,everyday,repeat,2,0,0.0,14.63
10324,everyday,new,3,0,0.0,29.26
10325,everyday,repeat,3,1,0.199,38.76
10326,everyday,repeat,3,0,0.0,92.8
10327,everyday,repeat,5,0,0.0,53.32
10328,everyday,repeat,3,0,0.0,62.51
10329,everyday,repeat,4,1,0.139,115.79
10330,big_ticket,repeat,9,1,0.182,1562.93
10331,everyday,repeat,2,0,0.0,64.17
10332,big_ticket,new,2,1,0.18,142.67
10333,everyday,repeat,3,1,0.139,30.35
10334,everyday,repeat,2,0,0.0,26.7
10335,everyday,repeat,2,0,0.0,21.87
10336,big_ticket,new,6,1,0.145,398.98
10337,everyday,new,5,0,0.0,99.03
10338,big_ticket,new,10,1,0.118,853.68
10339,everyday,new,4,1,0.108,78.84
10340,big_ticket,new,4,0,0.0,284.17
10341,big_ticket,new,5,1,0.112,526.8
10342,big_ticket,repeat,4,0,0.0,280.61
10343,everyday,new,3,0,0.0,83.34
10344,big_ticket,repeat,5,1,0.158,303.17
10345,everyday,new,5,0,0.0,117.29
10346,big_ticket,repeat,5,1,0.107,458.55
10347,everyday,repeat,3,0,0.0,105.22
10348,everyday,repeat,4,0,0.0,87.98
10349,everyday,repeat,3,0,0.0,69.34
10350,big_ticket,repeat,5,1,0.141,1425.89
10351,everyday,new,4,0,0.0,92.58
10352,everyday,repeat,2,0,0.0,40.0
10353,everyday,new,1,0,0.0,23.58
10354,big_ticket,repeat,11,1,0.118,1121.38
10355,everyday,repeat,2,0,0.0,25.51
10356,everyday,new,3,1,0.137,94.43
10357,everyday,repeat,3,0,0.0,71.52
10358,everyday,new,1,0,0.0,9.06
10359,everyday,repeat,4,1,0.102,150.51
10360,big_ticket,repeat,6,1,0.13,350.95
10361,big_ticket,repeat,5,0,0.0,672.54
10362,everyday,repeat,2,0,0.0,37.03
10363,everyday,new,3,0,0.0,30.48
10364,everyday,repeat,5,1,0.108,127.63
10365,everyday,repeat,5,1,0.189,66.54
10366,everyday,new,6,0,0.0,52.03
10367,big_ticket,new,4,0,0.0,423.84
10368,everyday,new,2,0,0.0,13.25
10369,everyday,repeat,4,0,0.0,33.71
10370,big_ticket,repeat,7,1,0.133,690.46
10371,everyday,new,2,0,0.0,15.26
10372,everyday,new,2,0,0.0,38.97
10373,everyday,repeat,2,0,0.0,24.53
10374,everyday,new,3,1,0.111,85.37
10375,big_ticket,new,6,1,0.102,434.13
10376,big_ticket,repeat,6,1,0.16,358.79
10377,everyday,new,3,0,0.0,65.96
10378,everyday,repeat,4,0,0.0,54.21
10379,everyday,new,3,0,0.0,68.81
10380,everyday,repeat,3,0,0.0,57.89
10381,everyday,new,3,0,0.0,29.03
10382,everyday,new,4,0,0.0,61.49
10383,everyday,repeat,5,0,0.0,61.65
10384,big_ticket,repeat,12,1,0.121,978.14
10385,big_ticket,repeat,4,1,0.179,189.98
10386,everyday,new,5,1,0.18,37.32
10387,everyday,repeat,2,0,0.0,38.06
10388,everyday,repeat,1,0,0.0,13.89
10389,everyday,new,4,0,0.0,34.64
10390,everyday,repeat,4,0,0.0,36.65
10391,everyday,new,3,1,0.173,20.82
10392,big_ticket,repeat,4,0,0.0,833.1
10393,everyday,repeat,2,0,0.0,32.22
10394,everyday,new,1,0,0.0,19.72
10395,everyday,repeat,5,0,0.0,168.22
10396,everyday,new,3,1,0.115,194.39
10397,everyday,repeat,4,1,0.126,46.39
10398,everyday,repeat,4,0,0.0,50.48
10399,big_ticket,repeat,3,1,0.179,173.59
10400,big_ticket,new,5,1,0.157,390.58
10401,big_ticket,new,5,0,0.0,426.07
10402,everyday,repeat,2,1,0.197,63.63
10403,everyday,repeat,5,1,0.193,106.28
10404,everyday,repeat,1,0,0.0,14.78
10405,everyday,new,4,0,0.0,31.57
10406,everyday,repeat,2,1,0.146,68.01
10407,big_ticket,repeat,7,1,0.123,1430.29
10408,everyday,repeat,5,0,0.0,195.44
10409,everyday,new,3,0,0.0,42.36
10410,everyday,repeat,2,0,0.0,34.06
10411,everyday,new,1,0,0.0,8.79
10412,everyday,repeat,9,0,0.0,270.23
10413,everyday,repeat,2,0,0.0,14.23
10414,everyday,repeat,1,1,0.115,24.46
10415,everyday,new,2,0,0.0,65.52
10416,big_ticket,repeat,9,1,0.183,718.49
10417,everyday,repeat,2,0,0.0,52.36
10418,everyday,new,2,0,0.0,67.5
10419,everyday,new,4,1,0.192,82.44
10420,big_ticket,new,6,1,0.174,536.21
10421,everyday,repeat,1,0,0.0,19.92
10422,everyday,new,4,1,0.159,68.7
10423,everyday,new,4,1,0.114,39.8
10424,everyday,repeat,3,0,0.0,48.01
10425,everyday,repeat,2,0,0.0,28.27
10426,everyday,repeat,4,0,0.0,168.2
10427,everyday,repeat,3,0,0.0,47.71
10428,big_ticket,repeat,5,1,0.122,723.34
10429,everyday,repeat,6,1,0.121,109.53
10430,everyday,repeat,2,1,0.137,41.62
10431,everyday,new,4,0,0.0,44.65
10432,everyday,repeat,2,1,0.186,53.44
10433,everyday,repeat,2,0,0.0,31.59
10434,everyday,repeat,4,0,0.0,94.97
10435,everyday,new,4,1,0.177,42.31
10436,big_ticket,new,7,1,0.186,775.41
10437,everyday,new,3,0,0.0,103.77
10438,big_ticket,new,5,0,0.0,463.57
10439,big_ticket,new,10,1,0.131,1375.52
10440,everyday,new,3,0,0.0,28.21
10441,everyday,new,5,1,0.177,33.08
10442,everyday,repeat,3,0,0.0,68.96
10443,big_ticket,repeat,7,0,0.0,567.41
10444,everyday,repeat,1,0,0.0,13.56
10445,everyday,new,4,1,0.15,60.49
10446,everyday,new,4,0,0.0,75.58
10447,big_ticket,new,8,1,0.127,913.06
10448,everyday,repeat,4,0,0.0,72.45
10449,everyday,new,3,0,0.0,54.81
10450,everyday,repeat,2,0,0.0,27.35
10451,everyday,new,5,1,0.111,87.91
10452,big_ticket,new,6,1,0.199,536.26
10453,big_ticket,new,5,1,0.174,833.43
10454,everyday,repeat,4,1,0.101,107.65
10455,everyday,new,2,0,0.0,54.46
10456,big_ticket,repeat,6,1,0.193,755.17
10457,everyday,new,3,0,0.0,73.88
10458,everyday,new,4,1,0.147,186.64
10459,everyday,new,4,1,0.101,36.25
10460,everyday,repeat,3,0,0.0,46.03
10461,big_ticket,repeat,9,0,0.0,929.54
10462,everyday,repeat,6,1,0.191,121.46
10463,everyday,repeat,1,0,0.0,10.27
10464,big_ticket,repeat,4,1,0.101,390.54
10465,everyday,new,5,1,0.151,57.63
10466,big_ticket,repeat,7,0,0.0,1137.92
10467,everyday,repeat,4,1,0.17,52.73
10468,everyday,new,2,0,0.0,50.98
10469,everyday,new,4,0,0.0,120.8
10470,everyday,repeat,3,0,0.0,32.2
10471,everyday,new,2,0,0.0,38.96
10472,everyday,new,3,0,0.0,52.0
10473,big_ticket,new,8,1,0.158,960.55
10474,big_ticket,new,3,0,0.0,345.78
10475,everyday,repeat,2,1,0.128,40.9
10476,everyday,repeat,2,0,0.0,89.45
10477,everyday,repeat,6,1,0.151,36.93
10478,everyday,repeat,1,0,0.0,34.53
10479,everyday,new,3,0,0.0,36.35
10480,big_ticket,repeat,3,1,0.152,305.3
10481,big_ticket,repeat,5,1,0.199,575.95
10482,everyday,new,2,0,0.0,36.53
10483,big_ticket,repeat,6,1,0.123,480.11
10484,everyday,repeat,2,0,0.0,48.12
10485,everyday,repeat,5,0,0.0,78.28
10486,everyday,new,3,0,0.0,119.33
10487,everyday,new,3,1,0.117,100.46
10488,everyday,repeat,5,0,0.0,103.52
10489,big_ticket,repeat,9,0,0.0,2136.58
10490,everyday,repeat,7,1,0.152,211.35
10491,everyday,repeat,6,0,0.0,101.47
10492,everyday,new,4,0,0.0,35.81
10493,big_ticket,repeat,7,1,0.159,633.41
10494,everyday,repeat,3,0,0.0,41.96
10495,big_ticket,repeat,10,1,0.183,1194.21
10496,big_ticket,repeat,10,1,0.19,895.87
10497,everyday,new,2,1,0.177,19.79
10498,everyday,repeat,2,1,0.127,59.56
10499,everyday,repeat,5,1,0.102,86.96
10500,big_ticket,new,7,1,0.195,909.64
10501,everyday,repeat,1,0,0.0,13.42
10502,everyday,new,2,0,0.0,30.78
10503,everyday,new,4,1,0.178,73.17
10504,everyday,repeat,3,0,0.0,21.85
10505,big_ticket,new,4,0,0.0,255.51
10506,big_ticket,repeat,5,1,0.185,281.99
10507,everyday,repeat,3,1,0.176,46.9
10508,everyday,repeat,5,0,0.0,34.88
10509,everyday,repeat,5,1,0.11,85.24
10510,big_ticket,repeat,8,1,0.137,798.67
10511,everyday,new,3,0,0.0,35.37
10512,big_ticket,repeat,6,0,0.0,479.41
10513,everyday,new,2,1,0.146,37.24
10514,everyday,repeat,5,1,0.12,89.01
10515,big_ticket,repeat,4,1,0.132,293.67
10516,everyday,new,4,1,0.142,190.93
10517,everyday,repeat,1,0,0.0,22.26
10518,everyday,repeat,5,0,0.0,58.11
10519,everyday,new,4,0,0.0,125.26
10520,big_ticket,new,9,1,0.177,1192.23
10521,big_ticket,new,4,1,0.115,281.6
10522,big_ticket,repeat,3,1,0.16,421.18
10523,everyday,repeat,2,0,0.0,44.51
10524,everyday,new,2,1,0.197,29.06
10525,big_ticket,repeat,7,1,0.173,589.34
10526,everyday,repeat,2,0,0.0,45.0
10527,big_ticket,repeat,8,1,0.148,660.13
10528,everyday,repeat,3,0,0.0,31.3
10529,everyday,new,6,1,0.149,115.17
10530,everyday,new,3,1,0.185,94.83
10531,everyday,repeat,5,0,0.0,142.82
10532,everyday,repeat,1,0,0.0,36.02
10533,everyday,repeat,4,0,0.0,73.18
10534,big_ticket,new,3,1,0.136,218.22
10535,everyday,repeat,2,1,0.182,60.24
10536,everyday,new,4,0,0.0,184.68
10537,everyday,repeat,2,0,0.0,41.58
10538,big_ticket,new,6,0,0.0,438.98
10539,everyday,repeat,1,0,0.0,30.34
10540,big_ticket,repeat,6,1,0.141,846.02
10541,big_ticket,new,8,1,0.127,727.27
10542,everyday,repeat,1,0,0.0,33.39
10543,everyday,repeat,1,0,0.0,28.39
10544,big_ticket,new,7,1,0.15,418.05
10545,everyday,new,1,0,0.0,19.11
10546,big_ticket,repeat,5,1,0.162,327.19
10547,everyday,new,3,1,0.172,67.47
10548,everyday,new,3,0,0.0,52.32
10549,everyday,repeat,2,1,0.116,38.5
10550,everyday,repeat,6,0,0.0,479.29
10551,big_ticket,repeat,6,1,0.164,1398.38
10552,everyday,repeat,3,0,0.0,27.22
10553,big_ticket,repeat,6,1,0.17,492.82
10554,everyday,repeat,4,0,0.0,198.49
10555,big_ticket,new,12,1,0.138,1304.13
10556,big_ticket,new,8,1,0.193,828.75
10557,everyday,repeat,3,0,0.0,156.45
10558,everyday,repeat,5,0,0.0,48.42
10559,big_ticket,new,12,1,0.102,649.4
10560,big_ticket,repeat,9,0,0.0,1809.21
10561,everyday,repeat,2,0,0.0,35.41
10562,everyday,repeat,3,1,0.187,65.43
10563,big_ticket,new,4,1,0.169,307.49
10564,everyday,new,2,0,0.0,62.09
10565,everyday,repeat,2,0,0.0,27.94
10566,everyday,new,5,0,0.0,73.93
10567,everyday,new,3,0,0.0,59.52
10568,big_ticket,new,4,0,0.0,744.9
10569,everyday,repeat,3,1,0.121,65.11
10570,big_ticket,new,4,1,0.118,542.18
10571,everyday,repeat,4,0,0.0,101.8
10572,everyday,new,4,1,0.129,61.86
10573,everyday,new,3,0,0.0,58.08
10574,everyday,new,3,0,0.0,46.77
10575,big_ticket,repeat,6,1,0.172,453.04
10576,everyday,repeat,3,0,0.0,36.88
10577,big_ticket,new,8,1,0.147,536.37
10578,everyday,repeat,7,1,0.194,139.76
10579,everyday,new,3,0,0.0,54.97
10580,everyday,repeat,4,0,0.0,69.06
10581,big_ticket,new,8,1,0.185,837.18
10582,everyday,repeat,4,0,0.0,69.39
10583,everyday,repeat,3,0,0.0,42.16
10584,everyday,repeat,2,0,0.0,38.49
10585,everyday,new,5,0,0.0,50.01
10586,everyday,repeat,1,0,0.0,23.93
10587,everyday,repeat,2,0,0.0,32.61
10588,big_ticket,repeat,1,1,0.101,137.58
10589,everyday,new,5,0,0.0,73.07
10590,everyday,repeat,3,0,0.0,41.66
10591,everyday,new,1,0,0.0,27.91
10592,big_ticket,repeat,11,1,0.104,2467.58
10593,everyday,new,1,0,0.0,11.37
10594,everyday,repeat,3,0,0.0,18.66
10595,big_ticket,new,6,1,0.118,374.11
10596,everyday,new,4,1,0.182,122.63
10597,everyday,new,2,0,0.0,42.46
10598,everyday,repeat,4,0,0.0,43.64
10599,everyday,repeat,5,0,0.0,77.11
10600,big_ticket,repeat,6,1,0.185,390.77
10601,big_ticket,repeat,8,1,0.147,1241.49
10602,big_ticket,repeat,9,1,0.177,926.13
10603,big_ticket,new,9,1,0.122,565.75
10604,big_ticket,repeat,5,1,0.128,260.19
10605,everyday,new,3,1,0.178,70.07
10606,everyday,repeat,3,1,0.102,74.66
10607,everyday,new,3,0,0.0,73.21
10608,big_ticket,repeat,5,0,0.0,546.19
10609,big_ticket,repeat,6,1,0.184,569.46
10610,big_ticket,new,7,1,0.122,818.79
10611,everyday,repeat,4,0,0.0,66.84
10612,everyday,new,1,0,0.0,8.84
10613,big_ticket,new,8,1,0.151,989.39
10614,everyday,repeat,3,0,0.0,44.32
10615,everyday,repeat,4,0,0.0,56.01
10616,everyday,repeat,6,0,0.0,77.93
10617,everyday,repeat,2,0,0.0,13.7
10618,everyday,new,3,0,0.0,28.77
10619,big_ticket,new,7,1,0.12,1626.4
10620,big_ticket,repeat,7,1,0.116,1128.17
10621,everyday,repeat,1,0,0.0,19.34
10622,everyday,new,1,1,0.169,14.8
10623,big_ticket,new,5,1,0.171,485.57
10624,everyday,new,3,0,0.0,59.83
10625,everyday,new,3,0,0.0,56.91
10626,everyday,new,2,0,0.0,20.97
10627,everyday,new,2,0,0.0,88.98
10628,everyday,repeat,5,0,0.0,26.66
10629,big_ticket,new,8,1,0.161,1047.25
10630,everyday,new,1,0,0.0,26.26
10631,everyday,repeat,5,0,0.0,140.09
10632,everyday,repeat,3,0,0.0,58.88
10633,big_ticket,new,9,0,0.0,911.88
10634,everyday,new,4,0,0.0,177.1
10635,everyday,repeat,4,1,0.144,34.08
10636,everyday,new,3,1,0.12,29.53
10637,big_ticket,new,2,1,0.103,183.65
10638,big_ticket,repeat,5,1,0.177,487.83
10639,everyday,new,5,1,0.18,44.81
10640,everyday,repeat,5,0,0.0,53.35
10641,everyday,repeat,4,0,0.0,25.11
10642,big_ticket,new,8,1,0.106,1347.1
10643,big_ticket,new,4,1,0.128,1076.31
10644,big_ticket,repeat,3,1,0.125,227.92
10645,everyday,repeat,3,0,0.0,57.22
10646,everyday,repeat,2,1,0.177,31.38
10647,everyday,repeat,7,1,0.151,84.48
10648,big_ticket,new,6,1,0.144,359.04
10649,everyday,new,5,0,0.0,72.15
10650,everyday,new,2,1,0.16,22.28
10651,big_ticket,repeat,6,1,0.153,652.09
10652,everyday,new,7,1,0.158,220.47
10653,big_ticket,repeat,6,1,0.14,799.49
10654,everyday,repeat,4,1,0.135,92.5
10655,everyday,repeat,2,0,0.0,20.16
10656,everyday,repeat,2,0,0.0,33.42
10657,everyday,new,2,0,0.0,37.87
10658,big_ticket,new,4,0,0.0,370.58
10659,everyday,repeat,4,0,0.0,55.33
10660,everyday,repeat,2,0,0.0,20.57
10661,everyday,repeat,2,0,0.0,21.54
10662,big_ticket,repeat,6,1,0.146,610.89
10663,big_ticket,repeat,2,0,0.0,253.27
10664,big_ticket,new,6,1,0.115,1291.06
10665,everyday,new,3,0,0.0,50.29
10666,everyday,repeat,5,0,0.0,167.73
10667,everyday,repeat,7,1,0.109,60.67
10668,everyday,repeat,3,0,0.0,97.24
10669,everyday,new,3,0,0.0,41.22
10670,everyday,repeat,4,0,0.0,76.33
10671,everyday,new,5,0,0.0,116.46
10672,big_ticket,new,2,1,0.155,145.64
10673,everyday,new,2,0,0.0,27.75
10674,big_ticket,repeat,10,1,0.131,1187.99
10675,big_ticket,new,5,0,0.0,460.58
10676,everyday,new,5,1,0.13,68.37
10677,everyday,new,5,0,0.0,81.2
10678,big_ticket,new,11,1,0.19,998.28
10679,everyday,repeat,2,0,0.0,20.24
10680,everyday,repeat,3,0,0.0,32.1
10681,everyday,repeat,3,0,0.0,21.07
10682,big_ticket,new,5,0,0.0,418.25
10683,big_ticket,repeat,5,1,0.182,838.09
10684,big_ticket,new,5,0,0.0,867.55
10685,everyday,repeat,3,0,0.0,56.56
10686,everyday,repeat,4,1,0.183,153.3
10687,big_ticket,repeat,8,1,0.15,572.22
10688,big_ticket,repeat,9,1,0.11,994.56
10689,everyday,new,4,1,0.14,63.35
10690,big_ticket,repeat,5,1,0.148,509.18
10691,big_ticket,repeat,9,1,0.184,889.93
10692,everyday,repeat,2,0,0.0,28.36
10693,everyday,repeat,5,0,0.0,202.49
10694,everyday,new,3,0,0.0,65.98
10695,big_ticket,repeat,11,1,0.136,958.14
10696,everyday,repeat,2,1,0.167,46.45
10697,everyday,repeat,3,0,0.0,82.5
10698,everyday,new,5,0,0.0,45.09
10699,big_ticket,new,5,0,0.0,390.94
10700,big_ticket,repeat,7,0,0.0,1026.52
10701,big_ticket,new,7,1,0.128,446.86
10702,everyday,new,3,0,0.0,110.62
10703,everyday,new,3,1,0.17,83.78
10704,everyday,repeat,2,1,0.162,27.57
10705,everyday,repeat,5,1,0.1,90.84
10706,everyday,repeat,4,1,0.106,137.54
10707,big_ticket,repeat,6,1,0.147,747.45
10708,everyday,new,1,0,0.0,13.83
10709,everyday,new,3,1,0.181,58.98
10710,everyday,new,3,0,0.0,45.41
10711,big_ticket,repeat,6,1,0.104,643.41
10712,everyday,repeat,2,0,0.0,66.97
10713,everyday,new,4,1,0.137,204.28
10714,everyday,new,2,0,0.0,62.5
10715,everyday,repeat,3,0,0.0,56.49
10716,everyday,repeat,3,0,0.0,18.77
10717,everyday,repeat,2,0,0.0,40.32
10718,big_ticket,repeat,8,0,0.0,444.23
10719,everyday,new,4,1,0.16,31.13
10720,everyday,repeat,3,0,0.0,91.05
10721,everyday,new,5,1,0.181,48.93
10722,everyday,repeat,2,0,0.0,23.47
10723,everyday,new,4,0,0.0,52.8
10724,everyday,repeat,4,1,0.178,72.77
10725,big_ticket,repeat,9,1,0.101,972.19
10726,big_ticket,repeat,6,1,0.11,627.18
10727,big_ticket,new,6,0,0.0,362.59
10728,everyday,repeat,1,0,0.0,7.62
10729,big_ticket,new,5,1,0.1,352.8
10730,big_ticket,repeat,6,1,0.11,1288.17
10731,everyday,new,4,1,0.16,40.69
10732,everyday,repeat,3,0,0.0,120.59
10733,big_ticket,new,8,0,0.0,438.5
10734,big_ticket,new,4,1,0.16,460.86
10735,everyday,repeat,3,0,0.0,71.25
10736,everyday,repeat,4,0,0.0,83.12
10737,everyday,new,3,0,0.0,34.88
10738,everyday,new,5,1,0.149,75.48
10739,big_ticket,new,8,1,0.148,1161.93
10740,everyday,new,3,0,0.0,35.06
10741,big_ticket,repeat,5,1,0.136,395.2
10742,big_ticket,repeat,8,0,0.0,709.6
10743,everyday,repeat,1,0,0.0,13.52
10744,big_ticket,repeat,6,0,0.0,632.1
10745,big_ticket,repeat,4,1,0.182,390.57
10746,everyday,repeat,1,0,0.0,14.89
10747,everyday,new,2,0,0.0,15.54
10748,big_ticket,repeat,4,1,0.103,357.15
10749,everyday,new,1,0,0.0,31.97
10750,everyday,new,3,1,0.192,9.35
10751,everyday,repeat,3,1,0.156,54.63
10752,everyday,repeat,3,1,0.131,11.11
10753,everyday,new,2,0,0.0,68.83
10754,everyday,new,2,0,0.0,24.48
10755,everyday,new,2,0,0.0,33.07
10756,everyday,repeat,1,0,0.0,9.92
10757,big_ticket,new,2,1,0.179,173.01
10758,everyday,repeat,2,0,0.0,93.22
10759,big_ticket,repeat,7,1,0.19,1866.29
10760,big_ticket,new,4,0,0.0,735.15
10761,everyday,repeat,3,0,0.0,75.01
10762,everyday,repeat,2,1,0.107,51.1
10763,everyday,repeat,1,0,0.0,13.54
10764,big_ticket,repeat,9,1,0.102,930.3
10765,everyday,new,2,1,0.164,70.39
10766,everyday,repeat,3,1,0.184,43.53
10767,everyday,repeat,4,0,0.0,55.81
10768,everyday,repeat,5,1,0.187,88.12
10769,big_ticket,repeat,5,1,0.185,641.78
10770,big_ticket,repeat,9,1,0.179,683.83
10771,everyday,new,2,0,0.0,19.81
10772,everyday,new,3,0,0.0,18.23
10773,everyday,new,6,0,0.0,63.94
10774,everyday,new,2,0,0.0,31.85
10775,everyday,repeat,4,1,0.115,44.34
10776,everyday,new,2,0,0.0,30.45
10777,big_ticket,repeat,10,0,0.0,1440.95
10778,everyday,repeat,2,0,0.0,44.32
10779,big_ticket,new,7,1,0.149,704.51
10780,everyday,repeat,2,1,0.1,45.92
10781,everyday,new,1,0,0.0,17.67
10782,everyday,new,3,0,0.0,73.8
10783,everyday,repeat,3,1,0.169,36.38
10784,everyday,new,2,0,0.0,21.97
10785,big_ticket,new,4,0,0.0,311.15
10786,big_ticket,repeat,1,0,0.0,72.34
10787,big_ticket,new,4,0,0.0,841.61
10788,everyday,new,4,0,0.0,179.94
10789,everyday,repeat,2,1,0.124,123.43
10790,everyday,repeat,3,0,0.0,78.1
10791,big_ticket,repeat,7,1,0.178,671.14
10792,big_ticket,repeat,4,0,0.0,312.34
10793,everyday,new,3,0,0.0,39.98
10794,big_ticket,repeat,4,1,0.19,299.58
10795,everyday,new,3,0,0.0,35.32
10796,everyday,new,4,1,0.109,130.59
10797,everyday,repeat,4,0,0.0,135.82
10798,everyday,repeat,4,1,0.161,53.76
10799,big_ticket,new,9,1,0.114,1578.71
10800,big_ticket,new,7,0,0.0,941.51
10801,everyday,new,2,0,0.0,13.17
10802,everyday,repeat,2,1,0.174,63.25
10803,everyday,new,2,0,0.0,49.74
10804,everyday,repeat,3,1,0.11,26.85
10805,everyday,new,1,0,0.0,8.95
10806,everyday,new,2,1,0.175,76.28
10807,everyday,repeat,4,0,0.0,100.46
10808,everyday,repeat,2,1,0.18,84.04
10809,everyday,new,1,0,0.0,11.31
10810,big_ticket,repeat,3,0,0.0,387.36
10811,everyday,repeat,2,0,0.0,20.82
10812,everyday,repeat,3,0,0.0,54.36
10813,everyday,repeat,5,0,0.0,35.2
10814,big_ticket,repeat,5,1,0.154,358.19
10815,everyday,repeat,1,0,0.0,18.48
10816,everyday,repeat,4,0,0.0,54.83
10817,big_ticket,new,12,1,0.103,1200.15
10818,big_ticket,repeat,4,1,0.137,384.64
10819,everyday,repeat,6,1,0.162,102.28
10820,everyday,repeat,2,0,0.0,28.57
10821,big_ticket,new,4,0,0.0,732.97
10822,everyday,repeat,3,0,0.0,75.67
10823,everyday,repeat,2,0,0.0,23.77
10824,everyday,repeat,1,0,0.0,15.37
10825,everyday,new,5,0,0.0,66.08
10826,everyday,repeat,2,1,0.18,75.6
10827,everyday,repeat,1,0,0.0,16.43
10828,everyday,new,3,0,0.0,49.51
10829,everyday,repeat,2,0,0.0,29.04
10830,everyday,new,5,0,0.0,103.27
10831,big_ticket,repeat,4,1,0.102,589.52
10832,everyday,repeat,3,0,0.0,39.53
10833,everyday,new,2,1,0.126,26.63
10834,everyday,repeat,1,0,0.0,17.08
10835,everyday,repeat,3,0,0.0,85.18
10836,everyday,new,4,1,0.156,56.85
10837,everyday,repeat,1,0,0.0,8.57
10838,big_ticket,new,7,1,0.179,425.72
10839,everyday,new,1,0,0.0,70.4
10840,big_ticket,repeat,2,0,0.0,255.84
10841,big_ticket,new,8,1,0.106,849.63
10842,everyday,repeat,2,0,0.0,29.23
10843,everyday,repeat,3,1,0.191,30.88
10844,big_ticket,repeat,5,0,0.0,450.95
10845,everyday,repeat,4,0,0.0,90.04
10846,big_ticket,repeat,5,1,0.188,412.45
10847,big_ticket,repeat,8,1,0.121,813.81
10848,everyday,repeat,3,0,0.0,22.63
10849,big_ticket,repeat,9,1,0.124,443.67
10850,everyday,repeat,2,0,0.0,40.25
10851,everyday,new,2,0,0.0,15.19
10852,everyday,repeat,2,1,0.102,26.7
10853,everyday,new,3,0,0.0,56.36
10854,big_ticket,new,5,1,0.182,467.91
10855,big_ticket,new,5,1,0.134,473.72
10856,everyday,new,2,1,0.192,92.05
10857,everyday,new,4,0,0.0,82.76
10858,everyday,repeat,5,1,0.144,46.32
10859,everyday,repeat,1,0,0.0,17.71
10860,everyday,new,3,1,0.11,34.71
10861,everyday,repeat,1,0,0.0,7.52
10862,big_ticket,repeat,5,1,0.13,640.47
10863,everyday,repeat,1,0,0.0,15.38
10864,everyday,new,2,1,0.121,38.2
10865,everyday,new,5,0,0.0,51.16
10866,everyday,repeat,1,0,0.0,10.6
10867,everyday,repeat,1,0,0.0,26.33
10868,everyday,repeat,2,0,0.0,48.13
10869,everyday,repeat,6,1,0.19,53.47
10870,big_ticket,repeat,6,0,0.0,1022.56
10871,everyday,repeat,5,0,0.0,46.95
10872,everyday,repeat,4,0,0.0,115.07
10873,big_ticket,repeat,4,0,0.0,248.31
10874,everyday,repeat,2,0,0.0,24.55
10875,big_ticket,new,6,1,0.15,887.83
10876,everyday,repeat,2,1,0.162,36.58
10877,everyday,new,2,0,0.0,30.49
10878,everyday,new,4,0,0.0,104.28
10879,everyday,repeat,3,0,0.0,44.13
10880,big_ticket,new,3,0,0.0,168.41
10881,everyday,repeat,1,0,0.0,23.94
10882,big_ticket,repeat,4,1,0.121,322.08
10883,big_ticket,new,4,1,0.159,275.82
10884,big_ticket,new,7,0,0.0,520.66
10885,big_ticket,new,9,1,0.18,1701.34
10886,everyday,repeat,3,0,0.0,37.21
10887,everyday,new,5,1,0.199,85.6
10888,big_ticket,new,6,0,0.0,1439.52
10889,everyday,repeat,5,0,0.0,44.64
10890,everyday,new,4,0,0.0,87.56
10891,everyday,repeat,4,0,0.0,61.9
10892,everyday,new,2,0,0.0,61.45
10893,big_ticket,repeat,6,1,0.14,554.89
10894,everyday,repeat,4,0,0.0,59.14
10895,everyday,new,2,0,0.0,42.88
10896,big_ticket,new,11,1,0.109,1602.36
10897,everyday,new,5,1,0.115,28.66
10898,big_ticket,new,10,1,0.149,2945.62
10899,everyday,new,4,0,0.0,61.4
10900,everyday,repeat,2,0,0.0,62.04
10901,everyday,new,1,0,0.0,28.46
10902,everyday,new,3,1,0.126,23.13
10903,everyday,new,4,0,0.0,91.18
10904,everyday,repeat,4,0,0.0,44.44
10905,everyday,new,5,0,0.0,70.63
10906,everyday,repeat,3,1,0.18,26.33
10907,everyday,repeat,4,0,0.0,108.12
10908,everyday,new,3,0,0.0,62.98
10909,big_ticket,new,6,1,0.102,916.88
10910,big_ticket,new,6,1,0.18,924.89
10911,big_ticket,repeat,6,1,0.135,348.62
10912,everyday,new,1,0,0.0,11.09
10913,everyday,new,3,1,0.154,36.75
10914,everyday,repeat,3,0,0.0,34.19
10915,big_ticket,repeat,6,1,0.151,604.76
10916,big_ticket,new,6,1,0.142,713.51
10917,everyday,repeat,5,1,0.149,93.03
10918,everyday,new,2,0,0.0,24.82
10919,big_ticket,new,8,1,0.133,575.94
10920,everyday,new,1,0,0.0,16.29
10921,everyday,repeat,2,0,0.0,28.74
10922,everyday,new,3,1,0.18,73.51
10923,big_ticket,repeat,6,1,0.122,522.49
10924,everyday,repeat,3,1,0.106,61.77
10925,everyday,repeat,4,0,0.0,57.88
10926,everyday,new,3,0,0.0,56.99
10927,everyday,new,4,1,0.199,149.65
10928,big_ticket,repeat,5,1,0.194,647.15
10929,big_ticket,new,5,1,0.174,324.9
10930,everyday,repeat,5,1,0.104,74.57
10931,everyday,new,2,0,0.0,19.53
10932,big_ticket,repeat,3,1,0.16,200.1
10933,big_ticket,repeat,3,0,0.0,395.76
10934,everyday,repeat,2,0,0.0,20.59
10935,everyday,repeat,2,0,0.0,22.16
10936,everyday,new,2,0,0.0,49.52
10937,big_ticket,new,8,1,0.109,989.63
10938,everyday,new,3,1,0.144,33.24
10939,everyday,repeat,3,0,0.0,31.53
10940,big_ticket,new,8,1,0.124,1006.25
10941,everyday,new,3,1,0.124,46.55
10942,big_ticket,new,6,1,0.121,526.0
10943,everyday,new,4,0,0.0,87.63
10944,everyday,repeat,2,1,0.173,52.47
10945,big_ticket,repeat,2,0,0.0,159.84
10946,big_ticket,new,3,1,0.144,134.28
10947,big_ticket,new,5,1,0.145,909.01
10948,big_ticket,repeat,12,1,0.147,2815.54
10949,everyday,repeat,2,0,0.0,31.19
10950,everyday,repeat,3,0,0.0,68.24
10951,everyday,repeat,3,0,0.0,55.49
10952,big_ticket,repeat,8,1,0.131,555.3
10953,everyday,repeat,1,0,0.0,15.7
10954,big_ticket,repeat,5,1,0.104,398.01
10955,big_ticket,repeat,5,1,0.138,389.67
10956,big_ticket,repeat,3,1,0.121,291.32
10957,big_ticket,repeat,12,1,0.149,963.69
10958,everyday,new,3,0,0.0,79.85
10959,everyday,new,3,0,0.0,57.35
10960,big_ticket,repeat,9,1,0.108,2545.59
10961,everyday,repeat,2,0,0.0,26.8
10962,everyday,new,1,0,0.0,47.49
10963,big_ticket,new,11,1,0.168,747.84
10964,everyday,new,6,1,0.135,51.16
10965,everyday,new,2,1,0.151,29.86
10966,everyday,repeat,3,0,0.0,27.35
10967,everyday,repeat,2,1,0.172,26.42
10968,big_ticket,repeat,6,1,0.159,433.78
10969,everyday,new,8,0,0.0,98.15
10970,everyday,new,2,0,0.0,34.19
10971,everyday,new,5,0,0.0,29.61
10972,big_ticket,new,11,1,0.171,1083.63
10973,big_ticket,repeat,7,1,0.137,342.47
10974,everyday,new,2,1,0.173,13.24
10975,everyday,repeat,3,0,0.0,83.94
10976,everyday,repeat,1,0,0.0,22.82
10977,everyday,new,4,1,0.134,79.74
10978,everyday,new,2,0,0.0,33.69
10979,everyday,new,2,0,0.0,36.81
10980,everyday,new,3,0,0.0,76.08
10981,everyday,repeat,3,0,0.0,55.04
10982,everyday,repeat,3,1,0.181,191.42
10983,everyday,repeat,4,0,0.0,47.91
10984,everyday,repeat,3,1,0.156,113.44
10985,big_ticket,repeat,3,1,0.193,225.41
10986,everyday,repeat,3,0,0.0,40.49
10987,everyday,new,1,0,0.0,27.22
10988,big_ticket,new,9,1,0.148,1719.17
10989,everyday,new,2,0,0.0,78.53
10990,big_ticket,new,7,1,0.124,1262.93
10991,everyday,repeat,4,1,0.18,125.35
10992,big_ticket,new,6,0,0.0,340.34
10993,everyday,repeat,5,0,0.0,75.75
10994,everyday,new,4,0,0.0,40.25
10995,big_ticket,repeat,11,1,0.19,959.61
10996,big_ticket,new,5,0,0.0,468.04
10997,everyday,new,3,0,0.0,85.84
10998,big_ticket,repeat,5,1,0.18,362.86
10999,everyday,new,4,0,0.0,97.64
11000,big_ticket,repeat,5,1,0.117,300.41
11001,big_ticket,repeat,8,1,0.182,1176.42
11002,everyday,new,2,0,0.0,39.29
11003,big_ticket,new,4,1,0.148,446.14
11004,big_ticket,new,4,1,0.106,418.76
11005,big_ticket,new,8,1,0.159,828.58
11006,everyday,repeat,2,0,0.0,21.9
11007,big_ticket,repeat,3,0,0.0,300.42
11008,everyday,new,4,0,0.0,70.72
11009,everyday,repeat,4,0,0.0,75.48
11010,big_ticket,repeat,2,1,0.163,433.98
11011,everyday,new,3,0,0.0,73.85
11012,big_ticket,new,7,0,0.0,1777.11
11013,everyday,repeat,3,1,0.152,42.82
11014,everyday,repeat,3,0,0.0,119.69
11015,big_ticket,new,5,1,0.18,669.08
11016,everyday,repeat,4,0,0.0,116.87
11017,everyday,new,2,0,0.0,16.23
11018,everyday,repeat,2,0,0.0,14.89
11019,everyday,repeat,3,0,0.0,40.11
11020,everyday,new,3,0,0.0,80.42
11021,everyday,repeat,3,0,0.0,109.34
11022,big_ticket,repeat,6,1,0.184,1116.81
11023,big_ticket,repeat,6,0,0.0,212.03
11024,big_ticket,repeat,4,1,0.146,858.29
11025,everyday,repeat,3,1,0.166,27.85
11026,big_ticket,new,7,1,0.128,957.7
11027,everyday,new,1,0,0.0,15.57
11028,big_ticket,repeat,7,0,0.0,426.25
11029,everyday,repeat,3,0,0.0,175.15
11030,big_ticket,new,8,1,0.189,1125.88
11031,everyday,repeat,4,1,0.132,52.86
11032,everyday,repeat,3,0,0.0,59.25
11033,big_ticket,new,7,1,0.119,727.77
11034,everyday,new,2,0,0.0,44.77
11035,big_ticket,repeat,8,1,0.106,628.23
11036,big_ticket,new,5,1,0.122,507.26
11037,everyday,repeat,2,0,0.0,34.57
11038,everyday,repeat,2,1,0.192,21.1
11039,everyday,new,2,0,0.0,22.84
11040,big_ticket,new,4,0,0.0,395.83
11041,big_ticket,new,8,1,0.198,911.23
11042,everyday,repeat,3,1,0.127,24.11
11043,big_ticket,new,12,1,0.159,1761.1
11044,everyday,repeat,2,0,0.0,27.38
11045,everyday,repeat,3,1,0.184,87.79
11046,big_ticket,repeat,11,1,0.185,2046.16
11047,big_ticket,new,5,0,0.0,345.34
11048,everyday,new,4,1,0.145,74.95
11049,everyday,repeat,3,0,0.0,82.23
11050,everyday,new,2,0,0.0,30.42
11051,everyday,new,1,0,0.0,18.69
11052,everyday,repeat,2,1,0.187,47.57
11053,big_ticket,repeat,8,1,0.163,546.43
11054,everyday,repeat,2,0,0.0,53.08
11055,everyday,new,1,0,0.0,23.09
11056,big_ticket,repeat,6,1,0.148,516.85
11057,everyday,repeat,2,0,0.0,45.36
11058,everyday,repeat,5,0,0.0,56.55
11059,big_ticket,new,5,1,0.102,524.69
11060,everyday,repeat,4,1,0.197,54.13
11061,everyday,new,1,1,0.141,8.71
11062,everyday,repeat,2,0,0.0,16.33
11063,everyday,repeat,4,0,0.0,193.56
11064,everyday,repeat,4,1,0.176,39.3
11065,everyday,new,5,0,0.0,132.05
11066,everyday,repeat,4,1,0.177,93.13
11067,big_ticket,repeat,3,1,0.188,262.07
11068,everyday,new,1,0,0.0,9.94
11069,everyday,new,2,1,0.149,26.94
11070,everyday,repeat,2,0,0.0,20.21
11071,big_ticket,repeat,5,1,0.161,580.05
11072,everyday,repeat,2,0,0.0,68.96
11073,big_ticket,new,6,1,0.119,760.09
11074,everyday,new,5,0,0.0,239.95
11075,big_ticket,new,8,1,0.159,883.09
11076,everyday,repeat,6,1,0.174,89.75
11077,everyday,repeat,3,1,0.159,52.27
11078,everyday,repeat,3,1,0.151,63.38
11079,everyday,repeat,4,0,0.0,31.37
11080,big_ticket,new,5,1,0.108,413.55
11081,everyday,repeat,6,1,0.187,91.84
11082,everyday,new,3,1,0.117,43.59
11083,everyday,new,3,0,0.0,46.1
11084,big_ticket,new,7,1,0.191,1143.27
11085,everyday,new,3,0,0.0,49.34
11086,big_ticket,new,7,1,0.14,266.6
11087,big_ticket,repeat,4,0,0.0,285.1
11088,everyday,repeat,3,1,0.173,43.96
11089,big_ticket,repeat,6,1,0.165,495.31
11090,everyday,new,4,0,0.0,63.03
11091,everyday,repeat,1,0,0.0,19.54
11092,everyday,new,4,1,0.197,33.01
11093,everyday,new,4,0,0.0,33.27
11094,everyday,new,2,1,0.197,31.61
11095,everyday,new,3,0,0.0,43.09
11096,big_ticket,repeat,8,0,0.0,762.09
11097,everyday,repeat,3,0,0.0,17.68
11098,everyday,new,3,0,0.0,55.63
11099,everyday,repeat,2,0,0.0,26.12
11100,everyday,new,1,1,0.137,19.52
11101,big_ticket,new,4,0,0.0,288.89
11102,everyday,repeat,4,0,0.0,93.55
11103,everyday,repeat,2,1,0.185,19.43
11104,everyday,repeat,2,0,0.0,33.15
11105,big_ticket,new,6,1,0.104,699.09
11106,everyday,repeat,1,0,0.0,18.52
11107,big_ticket,new,7,1,0.148,409.6
11108,everyday,new,4,1,0.18,94.06
11109,everyday,new,2,0,0.0,21.03
11110,everyday,new,2,0,0.0,109.31
11111,everyday,new,3,0,0.0,98.59
11112,everyday,new,4,1,0.105,34.83
11113,everyday,repeat,2,0,0.0,30.36
11114,everyday,new,2,0,0.0,80.11
11115,everyday,new,2,1,0.162,45.7
11116,everyday,repeat,2,1,0.163,13.21
11117,everyday,repeat,2,0,0.0,23.18
11118,everyday,new,7,0,0.0,77.49
11119,everyday,new,5,0,0.0,172.42
11120,everyday,new,3,0,0.0,63.84
11121,big_ticket,repeat,7,1,0.104,786.87
11122,everyday,new,3,1,0.189,33.76
11123,everyday,new,4,0,0.0,91.92
11124,everyday,repeat,2,1,0.2,31.22
11125,big_ticket,repeat,13,1,0.18,1063.38
11126,everyday,new,3,1,0.182,67.48
11127,everyday,new,1,0,0.0,17.94
11128,everyday,new,2,0,0.0,16.7
11129,everyday,new,4,1,0.11,101.84
11130,big_ticket,new,4,0,0.0,627.79
11131,everyday,repeat,4,0,0.0,188.63
11132,everyday,repeat,3,0,0.0,36.1
11133,everyday,repeat,3,0,0.0,93.68
11134,big_ticket,repeat,4,0,0.0,685.69
11135,big_ticket,repeat,4,0,0.0,253.69
11136,big_ticket,new,4,0,0.0,500.3
11137,big_ticket,repeat,9,1,0.184,966.52
11138,big_ticket,new,4,1,0.182,392.96
11139,everyday,new,2,0,0.0,18.79
11140,everyday,new,1,0,0.0,7.74
11141,everyday,repeat,4,0,0.0,95.87
11142,everyday,repeat,1,0,0.0,10.81
11143,big_ticket,repeat,5,1,0.146,281.84
11144,everyday,repeat,3,1,0.194,53.03
11145,everyday,repeat,7,0,0.0,172.86
11146,everyday,new,2,0,0.0,45.12
11147,everyday,new,2,0,0.0,20.1
11148,everyday,repeat,4,1,0.195,49.22
11149,everyday,repeat,4,0,0.0,80.89
11150,everyday,new,3,1,0.188,78.43
11151,everyday,new,1,0,0.0,20.47
11152,everyday,repeat,2,0,0.0,50.93
11153,everyday,new,2,0,0.0,30.28
11154,big_ticket,repeat,7,1,0.131,586.25
11155,everyday,repeat,1,0,0.0,18.34
11156,everyday,repeat,6,1,0.104,57.54
11157,big_ticket,new,6,0,0.0,383.03
11158,big_ticket,repeat,3,1,0.115,295.43
11159,everyday,new,3,0,0.0,34.15
11160,everyday,new,4,0,0.0,128.03
11161,everyday,new,1,0,0.0,15.5
11162,big_ticket,new,5,1,0.141,458.67
11163,everyday,new,3,1,0.183,45.21
11164,big_ticket,repeat,5,1,0.128,674.71
11165,big_ticket,new,6,1,0.148,523.64
11166,everyday,new,2,0,0.0,24.57
11167,everyday,new,2,0,0.0,26.9
11168,big_ticket,repeat,6,1,0.172,412.58
11169,big_ticket,new,4,1,0.135,608.51
11170,big_ticket,repeat,4,0,0.0,571.56
11171,everyday,new,3,1,0.146,33.92
11172,big_ticket,repeat,5,0,0.0,862.77
11173,big_ticket,repeat,4,1,0.195,245.74
11174,big_ticket,repeat,7,1,0.121,392.88
11175,everyday,repeat,4,1,0.159,145.54
11176,everyday,repeat,4,0,0.0,37.56
11177,everyday,new,4,1,0.167,58.7
11178,big_ticket,new,9,1,0.104,580.47
11179,big_ticket,repeat,8,1,0.141,1009.2
11180,everyday,repeat,3,0,0.0,126.74
11181,everyday,repeat,1,0,0.0,22.12
11182,everyday,new,2,1,0.154,23.77
11183,everyday,new,4,1,0.119,83.6
11184,big_ticket,repeat,6,0,0.0,501.81
11185,everyday,repeat,3,0,0.0,28.03
11186,everyday,new,2,0,0.0,45.62
11187,big_ticket,new,7,1,0.115,1161.86
11188,everyday,repeat,1,0,0.0,14.71
11189,everyday,repeat,3,0,0.0,48.13
11190,everyday,repeat,1,0,0.0,14.47
11191,everyday,new,1,0,0.0,31.58
11192,everyday,new,2,0,0.0,15.86
11193,everyday,new,4,1,0.165,44.48
11194,everyday,repeat,2,0,0.0,36.83
11195,everyday,new,3,0,0.0,27.52
11196,everyday,new,3,1,0.12,34.04
11197,everyday,new,3,0,0.0,75.83
11198,everyday,new,4,1,0.134,43.59
11199,everyday,repeat,3,0,0.0,74.27
11200,everyday,new,2,0,0.0,16.79
11201,big_ticket,repeat,8,1,0.173,1179.89
11202,everyday,repeat,1,0,0.0,23.1
11203,everyday,new,4,0,0.0,93.49
11204,everyday,repeat,2,0,0.0,27.09
11205,everyday,repeat,2,1,0.186,33.4
11206,everyday,repeat,2,0,0.0,126.72
11207,everyday,repeat,3,0,0.0,28.56
11208,everyday,repeat,1,0,0.0,12.4
11209,big_ticket,repeat,4,0,0.0,423.09
11210,everyday,repeat,5,1,0.153,90.49
11211,everyday,new,6,1,0.109,140.57
11212,big_ticket,repeat,5,0,0.0,391.63
11213,everyday,repeat,1,0,0.0,9.6
11214,everyday,new,3,0,0.0,72.51
11215,everyday,new,6,0,0.0,144.55
11216,everyday,repeat,3,0,0.0,51.16
11217,big_ticket,new,4,0,0.0,592.73
11218,everyday,repeat,4,0,0.0,75.92
11219,everyday,repeat,4,1,0.177,57.77
11220,big_ticket,new,5,1,0.13,321.18
11221,everyday,new,4,1,0.165,67.12
11222,everyday,repeat,1,0,0.0,10.63
11223,everyday,new,2,0,0.0,33.52
11224,everyday,repeat,1,0,0.0,28.09
11225,everyday,new,1,0,0.0,23.09
11226,everyday,new,1,0,0.0,14.94
11227,everyday,new,1,0,0.0,14.56
11228,big_ticket,new,6,0,0.0,592.76
11229,everyday,repeat,3,0,0.0,31.96
11230,big_ticket,new,9,1,0.1,1343.02
11231,everyday,new,2,0,0.0,60.55
11232,big_ticket,repeat,5,1,0.169,420.93
11233,everyday,repeat,1,0,0.0,15.14
11234,big_ticket,new,7,1,0.136,784.12
11235,big_ticket,repeat,2,1,0.152,119.13
11236,everyday,new,3,0,0.0,53.21
11237,everyday,repeat,3,1,0.193,24.81
11238,big_ticket,repeat,2,0,0.0,244.14
11239,big_ticket,repeat,4,0,0.0,295.88
11240,everyday,repeat,3,0,0.0,26.54
11241,big_ticket,repeat,4,1,0.122,646.27
11242,everyday,new,6,1,0.128,97.89
11243,everyday,repeat,5,0,0.0,107.39
11244,everyday,repeat,2,0,0.0,25.78
11245,big_ticket,new,7,0,0.0,918.2
11246,everyday,repeat,2,0,0.0,47.68
11247,everyday,repeat,2,1,0.154,61.34
11248,everyday,repeat,4,0,0.0,85.31
11249,everyday,new,5,0,0.0,132.12
11250,everyday,repeat,3,0,0.0,48.63
11251,everyday,new,3,0,0.0,36.11
11252,big_ticket,repeat,3,0,0.0,170.43
11253,everyday,new,1,1,0.173,8.34
11254,everyday,repeat,1,0,0.0,15.45
11255,everyday,new,1,0,0.0,31.49
11256,everyday,repeat,2,1,0.17,20.76
11257,everyday,new,2,0,0.0,153.02
11258,everyday,repeat,1,0,0.0,15.07
11259,everyday,repeat,2,0,0.0,19.92
11260,everyday,new,2,0,0.0,24.98
11261,everyday,repeat,1,0,0.0,15.86
11262,big_ticket,repeat,5,1,0.192,398.45
11263,everyday,new,3,0,0.0,52.28
11264,everyday,new,5,1,0.143,44.62
11265,everyday,new,2,0,0.0,79.27
11266,everyday,new,3,0,0.0,36.29
11267,everyday,repeat,3,0,0.0,32.87
11268,everyday,repeat,3,1,0.133,62.99
11269,everyday,new,1,0,0.0,27.06
11270,everyday,repeat,2,0,0.0,53.31
11271,everyday,new,1,0,0.0,6.86
11272,everyday,repeat,4,0,0.0,148.41
11273,big_ticket,repeat,8,1,0.121,604.22
11274,everyday,repeat,1,0,0.0,22.58
11275,everyday,repeat,4,1,0.165,83.64
11276,everyday,new,3,1,0.184,67.32
11277,everyday,repeat,2,1,0.138,29.81
11278,everyday,repeat,4,0,0.0,117.22
11279,everyday,repeat,1,0,0.0,16.71
11280,everyday,new,3,0,0.0,99.44
11281,everyday,repeat,3,1,0.192,28.42
11282,everyday,new,2,0,0.0,80.38
11283,everyday,repeat,5,0,0.0,34.58
11284,everyday,repeat,2,0,0.0,77.77
11285,big_ticket,new,2,0,0.0,149.04
11286,everyday,new,5,0,0.0,102.08
11287,big_ticket,new,4,1,0.173,564.34
11288,big_ticket,new,5,1,0.162,536.4
11289,everyday,new,4,0,0.0,53.38
11290,everyday,new,2,0,0.0,49.62
11291,big_ticket,new,4,0,0.0,197.07
11292,everyday,repeat,2,0,0.0,62.23
11293,everyday,repeat,4,0,0.0,87.57
11294,everyday,new,2,0,0.0,40.09
11295,everyday,new,2,0,0.0,77.25
11296,big_ticket,repeat,5,1,0.149,529.93
11297,big_ticket,new,3,0,0.0,431.42
11298,big_ticket,new,3,1,0.143,380.27
11299,big_ticket,repeat,4,0,0.0,675.07
11300,everyday,repeat,6,0,0.0,95.68
11301,everyday,new,3,0,0.0,51.52
11302,big_ticket,repeat,6,1,0.121,361.0
11303,big_ticket,new,5,1,0.118,525.37
11304,big_ticket,new,3,0,0.0,333.06
11305,big_ticket,new,9,1,0.124,2407.92
11306,everyday,repeat,3,0,0.0,30.52
11307,everyday,repeat,4,1,0.138,57.41
11308,big_ticket,repeat,8,1,0.179,1273.31
11309,everyday,repeat,6,1,0.105,75.45
11310,everyday,repeat,2,0,0.0,47.06
11311,everyday,new,4,0,0.0,116.62
11312,everyday,repeat,3,0,0.0,48.84
11313,everyday,new,2,1,0.103,39.08
11314,everyday,repeat,4,0,0.0,42.08
11315,everyday,repeat,6,1,0.165,135.7
11316,everyday,repeat,3,1,0.199,44.31
11317,everyday,new,1,0,0.0,13.87
11318,everyday,repeat,5,0,0.0,135.69
11319,everyday,new,3,0,0.0,24.51
11320,everyday,new,2,0,0.0,56.24
11321,everyday,repeat,1,0,0.0,16.3
11322,everyday,new,3,0,0.0,39.61
11323,everyday,new,2,0,0.0,80.82
11324,big_ticket,repeat,5,1,0.152,392.02
11325,everyday,new,3,0,0.0,21.53
11326,everyday,new,1,0,0.0,27.23
11327,everyday,repeat,3,0,0.0,67.74
11328,everyday,new,3,0,0.0,26.6
11329,big_ticket,new,8,1,0.179,574.13
11330,big_ticket,repeat,7,1,0.194,370.5
11331,everyday,new,5,1,0.107,33.93
11332,big_ticket,repeat,2,0,0.0,157.73
11333,everyday,repeat,3,0,0.0,41.51
11334,everyday,repeat,3,0,0.0,46.09
11335,everyday,new,2,0,0.0,59.32
11336,everyday,new,3,0,0.0,34.36
11337,everyday,repeat,6,0,0.0,58.02
11338,everyday,new,3,1,0.119,72.48
11339,everyday,repeat,2,1,0.136,35.66
11340,everyday,repeat,1,0,0.0,13.42
11341,everyday,repeat,6,1,0.166,51.51
11342,everyday,new,2,0,0.0,27.34
11343,everyday,repeat,3,0,0.0,37.2
11344,everyday,repeat,3,1,0.11,44.61
11345,everyday,new,3,0,0.0,22.48
11346,everyday,repeat,2,1,0.137,23.68
11347,big_ticket,new,6,0,0.0,538.58
11348,everyday,repeat,3,0,0.0,47.59
11349,everyday,new,3,0,0.0,44.95
11350,big_ticket,new,6,1,0.169,511.53
11351,everyday,repeat,2,0,0.0,20.82
11352,everyday,new,4,0,0.0,57.3
11353,everyday,new,2,0,0.0,32.46
11354,everyday,new,3,0,0.0,32.48
11355,everyday,repeat,2,0,0.0,36.08
11356,everyday,new,4,0,0.0,72.04
11357,everyday,repeat,2,0,0.0,19.67
11358,big_ticket,repeat,3,0,0.0,397.0
11359,everyday,repeat,2,1,0.192,22.01
11360,everyday,new,2,0,0.0,21.02
11361,big_ticket,new,6,0,0.0,529.9
11362,everyday,repeat,2,1,0.184,16.92
11363,big_ticket,repeat,8,1,0.172,631.58
11364,everyday,repeat,4,0,0.0,112.13
11365,everyday,repeat,2,0,0.0,51.96
11366,big_ticket,repeat,4,1,0.119,246.53
11367,everyday,repeat,4,1,0.106,91.77
11368,big_ticket,repeat,11,1,0.177,1050.95
11369,everyday,repeat,1,0,0.0,9.91
11370,big_ticket,new,9,1,0.147,687.22
11371,everyday,new,5,1,0.139,73.04
11372,everyday,repeat,3,0,0.0,80.97
11373,everyday,repeat,3,1,0.141,15.24
11374,big_ticket,new,6,1,0.122,864.0
11375,everyday,repeat,3,0,0.0,152.7
11376,everyday,repeat,3,0,0.0,16.13
11377,big_ticket,repeat,5,1,0.105,491.07
11378,everyday,new,4,0,0.0,56.25
11379,everyday,new,3,0,0.0,53.16
11380,everyday,repeat,2,0,0.0,47.52
11381,everyday,repeat,3,1,0.16,53.52
11382,everyday,repeat,8,1,0.14,293.09
11383,everyday,new,1,0,0.0,13.64
11384,everyday,new,5,0,0.0,139.32
11385,everyday,repeat,1,0,0.0,15.26
11386,everyday,new,6,1,0.17,147.29
11387,everyday,repeat,3,1,0.189,36.17
11388,big_ticket,new,6,1,0.132,877.66
11389,everyday,new,2,0,0.0,17.05
11390,everyday,repeat,3,1,0.173,43.85
11391,everyday,new,7,1,0.132,81.64
11392,everyday,new,1,1,0.159,19.65
11393,big_ticket,repeat,6,1,0.193,417.67
11394,everyday,new,2,0,0.0,55.07
11395,big_ticket,new,5,1,0.167,250.79
11396,everyday,repeat,6,1,0.184,172.23
11397,big_ticket,new,3,0,0.0,184.52
11398,big_ticket,repeat,3,0,0.0,451.23
11399,everyday,new,6,1,0.101,114.6
11400,big_ticket,new,9,1,0.194,717.76
11401,big_ticket,new,3,0,0.0,258.63
11402,everyday,repeat,3,1,0.196,48.66
11403,everyday,new,5,1,0.112,23.92
11404,everyday,repeat,5,0,0.0,48.85
11405,everyday,new,1,0,0.0,12.8
11406,everyday,new,5,1,0.194,20.54
11407,everyday,repeat,3,0,0.0,94.92
11408,everyday,new,3,0,0.0,52.43
11409,everyday,repeat,5,0,0.0,87.14
11410,everyday,repeat,3,1,0.17,83.07
11411,everyday,repeat,5,0,0.0,117.46
11412,everyday,repeat,2,0,0.0,47.04
11413,big_ticket,repeat,8,1,0.152,749.99
11414,everyday,new,2,1,0.169,38.62
11415,big_ticket,repeat,3,0,0.0,245.71
11416,big_ticket,new,5,0,0.0,610.3
11417,big_ticket,new,8,1,0.148,783.3
11418,everyday,repeat,3,0,0.0,17.17
11419,big_ticket,new,2,0,0.0,324.74
11420,big_ticket,repeat,3,1,0.132,1340.44
11421,big_ticket,new,7,1,0.145,1011.19
11422,everyday,new,3,1,0.12,43.47
11423,everyday,repeat,2,0,0.0,35.61
11424,everyday,repeat,6,1,0.158,202.72
11425,everyday,repeat,2,0,0.0,45.77
11426,everyday,new,4,1,0.114,73.48
11427,big_ticket,new,4,1,0.156,321.22
11428,everyday,new,4,1,0.177,203.56
11429,everyday,new,2,0,0.0,20.03
11430,big_ticket,new,4,1,0.12,399.37
11431,everyday,repeat,3,0,0.0,49.89
11432,everyday,new,4,1,0.186,63.88
11433,big_ticket,repeat,5,0,0.0,565.31
11434,big_ticket,repeat,6,1,0.136,675.06
11435,everyday,repeat,4,1,0.143,38.95
11436,everyday,new,2,0,0.0,40.01
11437,everyday,new,1,0,0.0,20.68
11438,everyday,new,2,1,0.102,44.2
11439,big_ticket,repeat,9,1,0.133,947.83
11440,big_ticket,repeat,3,1,0.18,546.12
11441,everyday,new,2,0,0.0,23.83
11442,everyday,new,4,0,0.0,79.94
11443,everyday,repeat,2,0,0.0,47.81
11444,everyday,new,5,0,0.0,99.12
11445,everyday,new,2,0,0.0,31.15
11446,everyday,new,4,1,0.156,45.04
11447,big_ticket,new,6,0,0.0,502.85
11448,everyday,new,4,1,0.153,127.1
11449,everyday,repeat,1,1,0.129,49.74
11450,everyday,repeat,3,0,0.0,20.65
11451,big_ticket,repeat,5,1,0.151,594.69
11452,big_ticket,new,4,1,0.17,779.02
11453,everyday,new,2,0,0.0,22.86
11454,everyday,repeat,1,0,0.0,18.51
11455,big_ticket,new,4,1,0.116,340.25
11456,everyday,new,5,0,0.0,65.7
11457,everyday,repeat,1,0,0.0,12.17
11458,everyday,repeat,2,0,0.0,36.23
11459,big_ticket,new,5,0,0.0,439.56
11460,everyday,repeat,1,0,0.0,29.53
11461,everyday,new,1,0,0.0,15.92
11462,everyday,repeat,2,0,0.0,21.2
11463,everyday,new,4,0,0.0,29.94
11464,everyday,repeat,3,0,0.0,32.03
11465,big_ticket,new,6,1,0.171,450.98
11466,big_ticket,repeat,5,1,0.156,867.45
11467,everyday,repeat,4,1,0.195,94.53
11468,everyday,repeat,3,0,0.0,77.53
11469,big_ticket,repeat,4,0,0.0,445.22
11470,big_ticket,repeat,8,0,0.0,982.02
11471,everyday,new,1,0,0.0,13.79
11472,everyday,new,3,0,0.0,44.79
11473,everyday,repeat,4,1,0.177,48.85
11474,everyday,repeat,2,0,0.0,21.94
11475,everyday,new,1,1,0.123,32.79
11476,everyday,new,5,0,0.0,74.62
11477,everyday,new,3,1,0.141,28.1
11478,big_ticket,new,10,1,0.13,1649.94
11479,big_ticket,new,7,0,0.0,1027.45
11480,big_ticket,repeat,4,1,0.146,388.28
11481,everyday,new,1,0,0.0,20.66
11482,everyday,repeat,4,0,0.0,50.15
11483,everyday,repeat,3,0,0.0,16.14
11484,everyday,new,1,0,0.0,8.69
11485,everyday,repeat,4,0,0.0,47.22
11486,everyday,repeat,2,0,0.0,23.95
11487,big_ticket,new,7,1,0.124,864.45
11488,big_ticket,repeat,4,0,0.0,260.21
11489,everyday,repeat,5,0,0.0,82.66
11490,big_ticket,new,8,0,0.0,1116.3
11491,everyday,repeat,4,1,0.192,104.04
11492,everyday,new,2,0,0.0,67.24
11493,everyday,new,4,0,0.0,40.99
11494,everyday,repeat,6,1,0.145,121.35
11495,everyday,new,2,0,0.0,40.98
11496,everyday,new,3,0,0.0,55.63
11497,everyday,new,1,1,0.133,13.42
11498,big_ticket,new,8,1,0.142,1159.71
11499,everyday,new,2,0,0.0,29.89
11500,everyday,repeat,2,0,0.0,36.64
11501,everyday,new,4,0,0.0,110.58
11502,everyday,repeat,3,1,0.186,45.65
11503,everyday,new,2,0,0.0,18.01
11504,everyday,new,2,0,0.0,19.62
11505,big_ticket,repeat,6,0,0.0,511.87
11506,everyday,repeat,2,0,0.0,30.92
11507,everyday,repeat,4,1,0.159,32.84
11508,everyday,new,1,0,0.0,10.92
11509,big_ticket,repeat,6,1,0.11,437.71
11510,everyday,repeat,4,0,0.0,59.31
11511,everyday,repeat,2,0,0.0,33.65
11512,big_ticket,repeat,6,1,0.198,393.24
11513,everyday,repeat,4,0,0.0,63.12
11514,everyday,new,1,1,0.116,7.13
11515,everyday,new,2,0,0.0,34.66
11516,everyday,new,2,1,0.198,17.49
11517,big_ticket,new,7,1,0.113,960.79
11518,everyday,new,1,0,0.0,42.5
11519,everyday,new,3,0,0.0,35.09
11520,everyday,repeat,3,0,0.0,22.18
11521,everyday,repeat,2,0,0.0,25.81
11522,everyday,repeat,7,1,0.171,50.07
11523,big_ticket,new,5,1,0.107,214.23
11524,everyday,repeat,3,0,0.0,31.15
11525,big_ticket,repeat,5,1,0.149,470.14
11526,big_ticket,new,7,1,0.112,615.7
11527,everyday,repeat,3,0,0.0,25.21
11528,big_ticket,new,4,0,0.0,593.91
11529,big_ticket,repeat,6,0,0.0,606.71
11530,everyday,repeat,2,1,0.193,70.15
11531,everyday,repeat,3,1,0.125,50.19
11532,everyday,repeat,3,1,0.193,55.21
11533,everyday,new,4,0,0.0,76.31
11534,big_ticket,repeat,5,0,0.0,441.75
11535,everyday,repeat,1,0,0.0,14.72
11536,everyday,repeat,4,0,0.0,60.24
11537,everyday,new,3,1,0.135,91.06
11538,everyday,new,2,0,0.0,22.57
11539,big_ticket,repeat,6,1,0.146,467.09
11540,big_ticket,repeat,6,1,0.107,216.41
11541,big_ticket,repeat,3,0,0.0,430.19
11542,everyday,new,4,1,0.168,125.51
11543,everyday,repeat,4,1,0.15,50.88
11544,big_ticket,repeat,7,1,0.156,1110.52
11545,everyday,repeat,1,0,0.0,11.26
11546,everyday,repeat,1,0,0.0,25.98
11547,everyday,new,6,0,0.0,111.54
11548,everyday,repeat,4,0,0.0,63.19
11549,everyday,repeat,2,0,0.0,29.82
11550,everyday,new,8,1,0.176,93.09
11551,everyday,new,3,0,0.0,75.67
11552,big_ticket,repeat,7,1,0.139,865.71
11553,everyday,new,7,1,0.174,282.91
11554,everyday,new,3,1,0.145,49.02
11555,big_ticket,repeat,5,1,0.173,568.04
11556,everyday,repeat,2,0,0.0,26.05
11557,everyday,repeat,3,0,0.0,35.67
11558,big_ticket,new,10,1,0.182,1392.35
11559,big_ticket,new,11,1,0.149,1385.21
11560,everyday,new,4,0,0.0,51.98
11561,big_ticket,new,6,1,0.196,418.88
11562,everyday,repeat,5,0,0.0,40.23
11563,everyday,new,1,1,0.169,57.27
11564,everyday,new,1,0,0.0,12.2
11565,everyday,repeat,4,1,0.11,32.47
11566,everyday,new,7,1,0.14,126.88
11567,everyday,new,1,0,0.0,18.58
11568,big_ticket,repeat,6,1,0.169,1221.48
11569,everyday,new,2,0,0.0,36.14
11570,everyday,new,4,0,0.0,27.32
11571,big_ticket,repeat,4,0,0.0,266.42
11572,big_ticket,repeat,4,1,0.176,758.47
11573,everyday,repeat,8,0,0.0,209.07
11574,big_ticket,repeat,3,0,0.0,459.9
11575,big_ticket,new,5,1,0.16,517.77
11576,everyday,repeat,3,0,0.0,43.82
11577,everyday,repeat,5,0,0.0,146.59
11578,everyday,new,2,0,0.0,26.41
11579,everyday,new,2,0,0.0,78.2
11580,everyday,repeat,3,1,0.115,38.55
11581,everyday,new,4,1,0.158,37.05
11582,big_ticket,new,5,1,0.191,556.68
11583,everyday,new,3,1,0.2,99.69
11584,everyday,repeat,3,0,0.0,104.39
11585,big_ticket,new,6,1,0.149,644.52
11586,big_ticket,repeat,5,0,0.0,521.49
11587,big_ticket,new,8,1,0.138,560.47
11588,everyday,repeat,1,0,0.0,8.84
11589,everyday,new,1,0,0.0,14.3
11590,everyday,new,5,1,0.184,71.94
11591,everyday,repeat,4,0,0.0,22.98
11592,everyday,repeat,3,0,0.0,23.61
11593,big_ticket,new,11,1,0.12,1725.8
11594,everyday,repeat,4,1,0.108,117.72
11595,everyday,repeat,3,1,0.113,53.25
11596,everyday,new,1,0,0.0,17.84
11597,everyday,repeat,1,0,0.0,16.47
11598,everyday,new,3,0,0.0,46.33
11599,big_ticket,repeat,5,0,0.0,343.7
11600,everyday,new,4,0,0.0,29.98
11601,big_ticket,repeat,10,1,0.168,835.66
11602,everyday,repeat,2,0,0.0,11.96
11603,everyday,repeat,3,0,0.0,44.46
11604,big_ticket,new,4,0,0.0,748.72
11605,everyday,repeat,5,0,0.0,61.96
11606,everyday,new,4,1,0.143,75.33
11607,everyday,new,1,0,0.0,15.59
11608,everyday,new,2,0,0.0,41.05
11609,everyday,repeat,3,0,0.0,58.88
11610,everyday,repeat,4,1,0.157,43.33
11611,everyday,repeat,3,0,0.0,24.17
11612,everyday,new,4,0,0.0,33.44
11613,everyday,repeat,2,0,0.0,20.79
11614,big_ticket,repeat,6,1,0.174,807.42
11615,big_ticket,repeat,9,1,0.106,815.05
11616,everyday,repeat,3,0,0.0,38.91
11617,everyday,new,3,1,0.133,42.98
11618,everyday,repeat,3,0,0.0,25.28
11619,everyday,repeat,4,1,0.152,35.16
11620,everyday,repeat,3,0,0.0,60.64
11621,big_ticket,new,5,1,0.158,1343.77
11622,everyday,new,2,1,0.194,28.07
11623,everyday,new,3,1,0.123,69.5
11624,everyday,repeat,4,0,0.0,81.97
11625,big_ticket,new,7,1,0.149,844.92
11626,everyday,repeat,3,0,0.0,89.37
11627,everyday,new,1,0,0.0,12.59
11628,big_ticket,new,5,1,0.153,853.23
11629,everyday,new,6,1,0.129,52.94
11630,everyday,new,1,0,0.0,29.96
11631,everyday,new,4,0,0.0,47.94
11632,everyday,repeat,2,0,0.0,33.12
11633,everyday,repeat,1,0,0.0,41.96
11634,everyday,new,1,0,0.0,11.06
11635,everyday,new,4,0,0.0,69.65
11636,everyday,repeat,3,0,0.0,52.08
11637,big_ticket,new,7,1,0.123,829.58
11638,big_ticket,repeat,8,1,0.123,1105.69
11639,big_ticket,repeat,7,0,0.0,599.39
11640,big_ticket,repeat,9,1,0.188,589.59
11641,big_ticket,new,9,1,0.129,523.57
11642,everyday,repeat,1,0,0.0,7.84
11643,everyday,repeat,4,0,0.0,36.35
11644,everyday,new,2,1,0.115,32.15
11645,everyday,repeat,5,0,0.0,106.8
11646,everyday,new,1,0,0.0,16.11
11647,everyday,new,2,1,0.173,23.89
11648,everyday,repeat,1,0,0.0,30.95
11649,everyday,new,2,0,0.0,49.33
11650,big_ticket,new,9,1,0.136,926.09
11651,everyday,new,3,0,0.0,112.03
11652,everyday,repeat,4,0,0.0,53.42
11653,everyday,repeat,6,1,0.154,87.03
11654,everyday,repeat,5,0,0.0,38.26
11655,everyday,repeat,5,0,0.0,93.79
11656,everyday,new,3,0,0.0,129.14
11657,everyday,repeat,2,1,0.152,85.29
11658,everyday,new,1,0,0.0,13.75
11659,everyday,repeat,1,0,0.0,12.56
11660,big_ticket,repeat,4,1,0.159,623.19
11661,big_ticket,repeat,7,1,0.162,373.22
11662,everyday,repeat,3,1,0.108,55.2
11663,everyday,repeat,3,0,0.0,73.54
11664,everyday,new,5,0,0.0,116.42
11665,big_ticket,new,6,1,0.176,518.27
11666,everyday,repeat,3,1,0.164,76.64
11667,big_ticket,repeat,5,0,0.0,487.6
11668,big_ticket,repeat,6,1,0.174,678.57
11669,everyday,repeat,7,0,0.0,92.02
11670,everyday,new,2,1,0.163,53.03
11671,everyday,new,3,1,0.151,64.6
11672,everyday,new,6,1,0.185,131.85
11673,everyday,repeat,3,0,0.0,59.2
11674,big_ticket,repeat,7,1,0.156,451.11
11675,everyday,repeat,2,0,0.0,43.49
11676,everyday,repeat,6,0,0.0,52.41
11677,everyday,repeat,3,0,0.0,29.81
11678,big_ticket,new,8,1,0.186,739.77
11679,everyday,new,6,1,0.156,82.15
11680,everyday,new,2,0,0.0,16.57
11681,everyday,repeat,3,1,0.196,36.54
11682,everyday,new,2,0,0.0,47.75
11683,big_ticket,repeat,4,0,0.0,570.27
11684,big_ticket,new,6,1,0.134,879.13
11685,big_ticket,repeat,3,0,0.0,425.91
11686,big_ticket,new,8,1,0.133,836.46
11687,everyday,repeat,3,1,0.156,69.05
11688,everyday,new,3,0,0.0,26.13
11689,everyday,repeat,3,0,0.0,43.31
11690,everyday,repeat,5,0,0.0,102.36
11691,everyday,new,4,0,0.0,44.07
11692,big_ticket,repeat,4,1,0.175,458.31
11693,everyday,repeat,3,0,0.0,84.09
11694,everyday,new,2,1,0.185,18.92
11695,everyday,repeat,4,0,0.0,26.64
11696,big_ticket,repeat,8,1,0.114,711.84
11697,big_ticket,repeat,4,0,0.0,266.32
11698,everyday,repeat,2,0,0.0,32.05
11699,big_ticket,repeat,7,1,0.144,610.36
11700,big_ticket,new,6,1,0.198,521.67
11701,everyday,new,1,0,0.0,19.39
11702,big_ticket,new,8,1,0.164,415.48
11703,everyday,repeat,1,0,0.0,49.11
11704,everyday,new,1,0,0.0,8.97
11705,everyday,new,2,0,0.0,47.99
11706,everyday,repeat,2,0,0.0,32.58
11707,everyday,new,4,0,0.0,81.18
11708,everyday,new,7,1,0.118,83.06
11709,everyday,repeat,2,1,0.128,16.54
11710,everyday,repeat,3,1,0.154,114.09
11711,everyday,repeat,4,0,0.0,161.73
11712,everyday,new,4,0,0.0,174.39
11713,everyday,repeat,3,0,0.0,34.19
11714,everyday,repeat,3,0,0.0,45.84
11715,big_ticket,new,2,0,0.0,160.46
11716,big_ticket,new,9,1,0.112,1472.96
11717,everyday,new,2,0,0.0,23.41
11718,big_ticket,repeat,6,1,0.175,724.42
11719,everyday,new,4,0,0.0,35.56
11720,big_ticket,repeat,6,1,0.101,605.26
11721,everyday,repeat,1,0,0.0,53.29
11722,everyday,repeat,2,0,0.0,28.35
11723,everyday,new,2,1,0.183,50.1
11724,everyday,repeat,1,0,0.0,14.35
11725,everyday,repeat,2,0,0.0,37.1
11726,everyday,new,4,0,0.0,67.68
11727,everyday,repeat,3,1,0.162,23.59
11728,everyday,new,2,0,0.0,24.37
11729,big_ticket,new,6,1,0.147,849.46
11730,everyday,new,2,0,0.0,38.81
11731,big_ticket,new,10,1,0.181,1259.71
11732,everyday,new,4,0,0.0,23.74
11733,big_ticket,repeat,4,0,0.0,276.66
11734,everyday,repeat,2,0,0.0,26.18
11735,big_ticket,new,9,1,0.174,1112.87
11736,big_ticket,repeat,3,0,0.0,281.75
11737,big_ticket,repeat,8,1,0.156,787.72
11738,big_ticket,new,5,1,0.194,562.74
11739,everyday,new,4,1,0.166,54.39
11740,big_ticket,new,3,0,0.0,752.44
11741,everyday,repeat,2,0,0.0,33.5
11742,everyday,repeat,1,0,0.0,7.93
11743,big_ticket,repeat,7,1,0.168,733.83
11744,everyday,new,1,0,0.0,18.3
11745,everyday,repeat,3,0,0.0,68.99
11746,big_ticket,repeat,3,1,0.17,202.43
11747,everyday,new,3,0,0.0,30.06
11748,everyday,new,2,0,0.0,41.98
11749,everyday,new,4,0,0.0,68.38
11750,big_ticket,repeat,3,1,0.168,407.12
11751,big_ticket,repeat,3,1,0.149,172.08
11752,everyday,new,2,0,0.0,49.84
11753,everyday,repeat,2,0,0.0,48.4
11754,everyday,repeat,1,0,0.0,22.52
11755,everyday,repeat,3,0,0.0,39.17
11756,everyday,repeat,4,0,0.0,51.75
11757,big_ticket,repeat,8,1,0.117,1322.68
11758,everyday,new,4,1,0.115,27.46
11759,everyday,new,4,0,0.0,53.53
11760,everyday,repeat,7,1,0.197,178.97
11761,everyday,repeat,3,0,0.0,32.28
11762,everyday,new,6,0,0.0,242.25
11763,everyday,repeat,2,0,0.0,17.34
11764,everyday,new,3,0,0.0,30.33
11765,big_ticket,new,6,1,0.113,430.62
11766,everyday,repeat,4,0,0.0,86.46
11767,everyday,new,2,0,0.0,27.25
11768,big_ticket,new,4,1,0.16,662.21
11769,everyday,new,5,0,0.0,105.76
11770,everyday,repeat,3,1,0.122,55.97
11771,everyday,new,6,0,0.0,66.25
11772,everyday,new,4,0,0.0,154.01
11773,everyday,new,6,1,0.127,141.62
11774,everyday,new,6,0,0.0,129.6
11775,everyday,new,3,0,0.0,36.1
11776,everyday,new,5,0,0.0,48.55
11777,everyday,new,4,0,0.0,133.6
11778,everyday,repeat,2,0,0.0,20.82
11779,everyday,new,4,0,0.0,84.49
11780,big_ticket,new,9,1,0.16,2278.29
11781,everyday,repeat,3,1,0.122,24.41
11782,everyday,new,3,0,0.0,43.93
11783,everyday,new,2,0,0.0,20.0
11784,everyday,repeat,3,0,0.0,58.67
11785,everyday,repeat,6,1,0.114,65.34
11786,everyday,repeat,2,1,0.185,21.09
11787,everyday,repeat,3,1,0.114,25.46
11788,everyday,repeat,3,0,0.0,46.99
11789,big_ticket,new,5,1,0.196,686.11
11790,everyday,new,3,0,0.0,102.54
11791,big_ticket,repeat,5,1,0.165,520.52
11792,everyday,new,3,1,0.136,74.07
11793,everyday,repeat,6,1,0.165,94.35
11794,everyday,new,6,0,0.0,113.42
11795,everyday,new,1,1,0.191,8.55
11796,big_ticket,repeat,4,1,0.188,587.97
11797,everyday,repeat,2,0,0.0,17.81
11798,everyday,repeat,5,1,0.199,161.19
11799,everyday,new,2,0,0.0,24.97
11800,everyday,new,1,0,0.0,22.8
11801,big_ticket,repeat,8,1,0.114,446.15
11802,everyday,new,4,1,0.163,94.58
11803,big_ticket,repeat,9,0,0.0,893.31
11804,big_ticket,repeat,5,1,0.186,518.35
11805,everyday,new,2,0,0.0,54.19
11806,everyday,new,2,1,0.145,52.11
11807,everyday,repeat,3,1,0.187,38.92
11808,everyday,new,5,1,0.113,67.76
11809,everyday,new,1,0,0.0,15.06
11810,big_ticket,repeat,6,1,0.146,666.93
11811,big_ticket,new,6,1,0.137,486.98
11812,everyday,repeat,3,0,0.0,40.85
11813,big_ticket,new,6,1,0.142,403.12
11814,big_ticket,new,9,1,0.142,773.26
11815,everyday,repeat,2,0,0.0,22.32
11816,big_ticket,new,5,0,0.0,449.34
11817,everyday,repeat,4,1,0.119,53.98
11818,everyday,new,3,0,0.0,87.96
11819,everyday,repeat,4,1,0.188,63.94
11820,everyday,repeat,4,1,0.108,47.13
11821,big_ticket,repeat,7,1,0.199,782.55
11822,everyday,repeat,5,1,0.177,55.21
11823,big_ticket,new,10,1,0.144,937.09
11824,everyday,new,2,0,0.0,27.1
11825,everyday,repeat,2,0,0.0,21.5
11826,everyday,repeat,1,0,0.0,18.83
11827,everyday,repeat,5,0,0.0,59.78
11828,everyday,new,5,0,0.0,53.12
11829,everyday,new,4,1,0.172,59.53
11830,everyday,new,5,1,0.113,60.0
11831,everyday,new,3,0,0.0,39.35
11832,everyday,new,3,0,0.0,44.94
11833,everyday,new,3,1,0.126,65.51
11834,everyday,new,2,0,0.0,25.5
11835,everyday,repeat,2,1,0.106,16.96
11836,big_ticket,repeat,5,1,0.129,570.42
11837,everyday,new,2,0,0.0,23.71
11838,big_ticket,repeat,6,0,0.0,528.45
11839,everyday,repeat,5,0,0.0,139.09
11840,everyday,new,4,1,0.157,63.06
11841,big_ticket,repeat,5,0,0.0,279.38
11842,big_ticket,repeat,4,1,0.157,754.23
11843,everyday,repeat,2,0,0.0,21.71
11844,everyday,repeat,2,0,0.0,21.24
11845,everyday,new,2,0,0.0,26.37
11846,everyday,repeat,1,0,0.0,8.64
11847,big_ticket,new,6,0,0.0,735.9
11848,everyday,new,2,0,0.0,44.66
11849,everyday,new,5,0,0.0,85.36
11850,everyday,new,4,1,0.138,74.88
11851,everyday,new,3,0,0.0,68.23
11852,everyday,repeat,3,1,0.127,19.27
11853,everyday,new,1,1,0.178,13.71
11854,big_ticket,new,3,1,0.129,220.87
11855,everyday,new,2,0,0.0,74.17
11856,everyday,new,4,0,0.0,45.03
11857,everyday,repeat,2,0,0.0,20.33
11858,everyday,repeat,6,0,0.0,33.97
11859,everyday,repeat,1,0,0.0,12.82
11860,everyday,repeat,5,1,0.129,106.08
11861,big_ticket,new,1,1,0.121,210.88
11862,big_ticket,new,5,1,0.122,289.83
11863,big_ticket,repeat,9,1,0.17,711.76
11864,big_ticket,repeat,5,1,0.102,707.21
11865,everyday,repeat,7,1,0.14,64.8
11866,everyday,repeat,2,0,0.0,23.09
11867,everyday,repeat,6,0,0.0,143.32
11868,big_ticket,new,11,1,0.101,1739.24
11869,everyday,new,1,0,0.0,18.74
11870,everyday,repeat,5,0,0.0,152.82
11871,everyday,repeat,5,0,0.0,74.06
11872,everyday,repeat,2,0,0.0,29.14
11873,everyday,repeat,3,0,0.0,58.29
11874,everyday,new,5,1,0.141,47.95
11875,everyday,new,4,1,0.161,95.84
11876,everyday,repeat,5,1,0.124,107.39
11877,big_ticket,repeat,5,0,0.0,400.98
11878,everyday,repeat,3,0,0.0,33.04
11879,everyday,repeat,2,0,0.0,44.04
11880,everyday,repeat,2,0,0.0,73.98
11881,everyday,new,3,1,0.115,61.91
11882,big_ticket,new,10,1,0.149,1015.17
11883,everyday,new,1,0,0.0,38.05
11884,big_ticket,new,7,1,0.189,1094.33
11885,everyday,repeat,1,0,0.0,37.35
11886,everyday,repeat,1,0,0.0,9.71
11887,big_ticket,repeat,7,1,0.146,459.92
11888,everyday,new,3,0,0.0,70.44
11889,big_ticket,repeat,3,0,0.0,234.99
11890,everyday,new,4,0,0.0,163.08
11891,everyday,repeat,3,1,0.137,90.91
11892,everyday,new,4,0,0.0,44.94
11893,everyday,repeat,3,1,0.102,88.76
11894,big_ticket,new,7,1,0.164,409.78
11895,everyday,repeat,6,0,0.0,84.94
11896,everyday,repeat,2,0,0.0,19.59
11897,everyday,repeat,1,0,0.0,26.63
11898,everyday,repeat,1,0,0.0,22.52
11899,everyday,new,2,1,0.108,37.11
11900,big_ticket,new,5,1,0.173,626.46
11901,everyday,new,2,1,0.103,41.82
11902,everyday,new,3,0,0.0,78.67
11903,everyday,new,5,0,0.0,192.56
11904,everyday,repeat,3,1,0.13,45.28
11905,everyday,repeat,1,0,0.0,12.4
11906,big_ticket,new,9,1,0.171,1890.34
11907,everyday,repeat,5,1,0.197,85.64
11908,big_ticket,repeat,5,0,0.0,684.66
11909,everyday,new,3,0,0.0,129.14
11910,everyday,repeat,1,0,0.0,20.82
11911,big_ticket,repeat,1,1,0.136,160.11
11912,big_ticket,repeat,6,0,0.0,450.74
11913,big_ticket,repeat,5,1,0.181,285.4
11914,everyday,new,2,0,0.0,24.82
11915,big_ticket,new,6,0,0.0,692.07
11916,big_ticket,repeat,5,0,0.0,380.88
11917,big_ticket,new,7,1,0.166,384.45
11918,everyday,new,3,0,0.0,141.43
11919,big_ticket,new,6,1,0.195,251.7
11920,everyday,repeat,6,0,0.0,79.06
11921,big_ticket,new,8,1,0.126,1538.02
11922,everyday,repeat,2,0,0.0,58.39
11923,big_ticket,repeat,5,0,0.0,1331.93
11924,big_ticket,new,4,0,0.0,544.28
11925,everyday,new,3,0,0.0,29.54
11926,everyday,repeat,3,0,0.0,44.42
11927,everyday,repeat,3,0,0.0,51.48
11928,big_ticket,repeat,8,1,0.113,726.2
11929,big_ticket,repeat,2,1,0.143,134.47
11930,big_ticket,new,7,1,0.129,541.55
11931,big_ticket,repeat,6,1,0.127,805.69
11932,everyday,repeat,2,0,0.0,16.82
11933,everyday,repeat,6,1,0.11,67.25
11934,everyday,repeat,1,1,0.112,14.33
11935,big_ticket,new,7,0,0.0,631.38
11936,everyday,repeat,3,0,0.0,45.98
11937,big_ticket,repeat,5,0,0.0,366.01
11938,big_ticket,new,5,1,0.154,756.12
11939,everyday,repeat,1,0,0.0,6.49
11940,big_ticket,new,6,1,0.131,741.1
11941,everyday,repeat,3,0,0.0,42.74
11942,everyday,repeat,3,0,0.0,15.57
11943,everyday,new,2,0,0.0,31.91
11944,everyday,new,2,0,0.0,24.26
11945,everyday,repeat,3,0,0.0,45.66
11946,everyday,new,4,0,0.0,70.9
11947,everyday,new,5,0,0.0,73.59
11948,everyday,repeat,7,1,0.175,104.98
11949,everyday,new,1,0,0.0,12.12
11950,everyday,repeat,4,1,0.134,83.94
11951,big_ticket,new,3,1,0.19,384.47
11952,everyday,new,1,0,0.0,21.54
11953,everyday,new,1,0,0.0,9.05
11954,big_ticket,repeat,2,0,0.0,140.31
11955,big_ticket,repeat,6,0,0.0,725.08
11956,everyday,new,2,0,0.0,17.86
11957,big_ticket,new,5,0,0.0,353.22
11958,everyday,repeat,3,1,0.157,62.52
11959,big_ticket,repeat,5,0,0.0,354.38
11960,everyday,new,1,1,0.174,28.95
11961,everyday,new,6,0,0.0,95.06
11962,everyday,repeat,3,0,0.0,40.53
11963,big_ticket,repeat,7,1,0.155,1001.11
11964,everyday,repeat,3,0,0.0,48.89
11965,everyday,repeat,2,0,0.0,32.05
11966,everyday,repeat,3,0,0.0,42.98
11967,big_ticket,repeat,4,1,0.182,577.26
11968,everyday,repeat,3,0,0.0,28.0
11969,everyday,repeat,6,0,0.0,130.6
11970,everyday,new,2,1,0.195,23.56
11971,big_ticket,repeat,6,1,0.113,1202.54
11972,everyday,new,3,1,0.121,29.93
11973,big_ticket,repeat,7,1,0.183,438.82
11974,everyday,repeat,1,0,0.0,10.74
11975,everyday,repeat,4,0,0.0,91.13
11976,everyday,new,1,0,0.0,12.84
11977,everyday,repeat,2,0,0.0,34.49
11978,everyday,new,2,1,0.116,23.69
11979,everyday,new,3,0,0.0,31.93
11980,big_ticket,repeat,6,1,0.132,624.87
11981,everyday,new,3,0,0.0,65.15
11982,everyday,repeat,3,1,0.139,65.78
11983,everyday,repeat,4,0,0.0,82.39
11984,everyday,repeat,2,0,0.0,35.44
11985,everyday,repeat,4,1,0.18,178.39
11986,everyday,new,2,0,0.0,20.98
11987,everyday,repeat,4,0,0.0,59.3
11988,everyday,new,2,1,0.192,9.35
11989,big_ticket,repeat,10,1,0.134,604.69
11990,everyday,repeat,8,0,0.0,81.24
11991,big_ticket,repeat,5,0,0.0,329.45
11992,everyday,repeat,2,0,0.0,21.95
11993,big_ticket,repeat,6,0,0.0,611.65
11994,everyday,repeat,3,0,0.0,50.87
11995,everyday,repeat,2,0,0.0,22.19
11996,big_ticket,new,8,1,0.105,812.54
11997,everyday,new,2,0,0.0,25.52
11998,everyday,repeat,5,0,0.0,57.07
11999,big_ticket,new,8,1,0.138,339.04
12000,everyday,new,3,1,0.163,53.29
