ticket_id,urgency_score,complexity_score,cluster_run1,cluster_run2
1,100.0,100.0,0,0
2,59.9,48.1,1,3
3,40.8,45.4,2,2
4,43.3,39.8,2,2
5,16.5,17.6,2,1
6,81.8,56.5,3,3
7,94.8,59.8,3,0
8,28.5,37.7,2,2
9,27.0,36.9,2,2
10,40.7,42.1,2,2
11,39.0,16.5,1,1
12,73.4,54.8,3,3
13,78.8,64.9,3,3
14,33.4,71.9,2,2
15,60.5,100.0,0,0
16,64.1,83.4,0,0
17,49.2,36.5,1,1
18,64.2,93.7,0,0
19,27.4,37.2,2,2
20,53.2,55.9,2,3
21,94.5,62.6,3,0
22,31.7,43.6,2,2
23,31.1,51.6,2,2
24,69.8,70.0,3,3
25,31.8,33.8,2,2
26,27.1,42.0,2,2
27,74.2,100.0,0,0
28,63.6,63.6,3,3
29,90.6,78.1,3,0
30,78.7,67.6,3,3
31,47.1,39.7,1,2
32,23.7,76.9,2,2
33,100.0,75.7,3,0
34,86.7,63.8,3,3
35,94.1,62.5,3,0
36,99.7,66.6,3,0
37,33.0,36.0,2,2
38,44.4,45.9,2,2
39,100.0,38.3,3,3
40,37.9,0.0,1,1
41,52.6,34.9,1,1
42,63.3,27.4,1,1
43,77.6,57.4,3,3
44,16.3,14.6,2,1
45,48.6,9.8,1,1
46,85.9,100.0,0,0
47,36.9,25.6,1,1
48,33.3,53.9,2,2
49,64.9,73.1,0,3
50,48.5,58.6,2,3
51,3.0,10.3,2,1
52,68.2,34.6,1,3
53,38.6,30.5,1,1
54,40.1,20.8,1,1
55,100.0,96.8,3,0
56,33.4,18.6,1,1
57,52.6,33.8,1,1
58,50.4,61.7,2,3
59,65.9,96.9,0,0
60,82.6,49.1,3,3
61,26.4,34.1,2,2
62,24.8,0.0,1,1
63,80.0,89.7,0,0
64,64.8,67.5,0,3
65,70.5,57.4,3,3
66,71.4,64.2,3,3
67,55.2,78.3,0,3
68,59.3,33.2,1,1
69,30.8,41.0,2,2
70,57.3,100.0,0,0
71,34.1,19.5,1,1
72,64.1,59.7,3,3
73,48.9,23.5,1,1
74,77.2,78.4,0,0
75,83.2,90.2,0,0
76,42.7,57.8,2,2
77,79.6,81.3,0,0
78,76.1,87.3,0,0
79,54.4,61.3,0,3
80,27.3,18.3,2,1
81,62.6,77.9,0,0
82,85.5,85.3,0,0
83,55.6,66.4,0,3
84,100.0,79.3,3,0
85,68.6,93.4,0,0
86,37.9,20.1,1,1
87,79.0,58.0,3,3
88,71.3,90.8,0,0
89,33.7,49.4,2,2
90,26.4,15.6,1,1
91,74.7,73.6,3,0
92,47.6,13.0,1,1
93,68.3,72.5,0,3
94,34.4,71.8,2,2
95,81.5,77.9,3,0
96,71.0,44.5,3,3
97,32.8,68.5,2,2
98,48.1,50.0,2,2
99,25.7,6.6,1,1
100,68.6,97.0,0,0
101,87.8,61.3,3,3
102,53.6,86.7,0,0
103,26.8,58.8,2,2
104,31.5,38.8,2,2
105,67.5,80.8,0,0
106,95.6,92.5,3,0
107,40.4,59.6,2,2
108,46.7,8.8,1,1
109,57.5,6.5,1,1
110,79.4,81.4,0,0
111,78.7,100.0,0,0
112,84.3,76.7,3,0
113,72.2,96.7,0,0
114,30.1,75.1,2,2
115,61.3,41.1,1,3
116,29.4,47.9,2,2
117,68.2,88.1,0,0
118,51.1,33.5,1,1
119,36.2,52.7,2,2
120,57.0,22.2,1,1
121,68.6,100.0,0,0
122,16.1,57.6,2,2
123,67.9,66.5,3,3
124,41.8,20.9,1,1
125,72.3,79.6,0,0
126,34.8,44.7,2,2
127,59.1,7.0,1,1
128,71.0,36.3,1,3
129,48.6,21.2,1,1
130,82.1,76.8,3,0
131,97.6,71.6,3,0
132,53.3,81.5,0,3
133,39.4,51.6,2,2
134,94.2,72.7,3,0
135,19.3,31.6,2,2
136,90.8,90.3,0,0
137,71.2,94.0,0,0
138,50.7,30.7,1,1
139,89.8,72.4,3,0
140,41.6,60.0,2,2
141,69.9,100.0,0,0
142,48.5,60.1,2,3
143,63.0,78.6,0,0
144,95.2,79.6,3,0
145,93.8,51.7,3,3
146,81.4,93.4,0,0
147,77.3,77.2,0,0
148,81.7,68.1,3,0
149,55.7,75.1,0,3
150,99.4,88.6,3,0
151,31.8,42.2,2,2
152,77.7,94.1,0,0
153,99.7,100.0,0,0
154,43.6,9.6,1,1
155,40.0,38.2,2,2
156,60.7,30.3,1,1
157,58.6,44.1,1,3
158,100.0,94.1,3,0
159,45.6,53.5,2,2
160,48.3,38.4,1,1
161,23.1,59.7,2,2
162,28.0,19.6,2,1
163,79.3,100.0,0,0
164,47.6,6.4,1,1
165,31.4,26.4,2,1
166,52.1,46.8,1,3
167,22.5,28.4,2,2
168,93.7,77.3,3,0
169,65.3,77.3,0,0
170,61.0,100.0,0,0
171,42.7,24.4,1,1
172,35.2,25.5,1,1
173,100.0,55.1,3,3
174,43.4,38.9,1,2
175,25.2,48.6,2,2
176,91.8,67.6,3,0
177,32.2,91.4,0,2
178,35.4,36.8,2,2
179,32.2,35.2,2,2
180,30.7,4.4,1,1
181,77.5,68.8,3,3
182,69.2,79.7,0,0
183,38.1,52.0,2,2
184,97.8,28.0,3,3
185,31.3,44.1,2,2
186,100.0,85.0,3,0
187,67.6,93.8,0,0
188,80.1,66.1,3,3
189,73.1,86.1,0,0
190,98.4,100.0,0,0
191,34.1,11.1,1,1
192,38.4,73.9,2,2
193,50.5,65.7,0,3
194,77.2,83.7,0,0
195,49.2,62.1,2,3
196,92.0,100.0,0,0
197,94.6,100.0,0,0
198,32.7,62.6,2,2
199,84.1,77.6,3,0
200,67.3,81.0,0,0
201,95.8,69.6,3,0
202,97.4,69.7,3,0
203,38.7,48.5,2,2
204,5.8,36.4,2,2
205,36.0,16.9,1,1
206,54.3,85.5,0,0
207,64.3,81.7,0,0
208,22.3,63.7,2,2
209,31.5,48.9,2,2
210,92.7,48.3,3,3
211,70.0,78.5,0,0
212,72.7,93.6,0,0
213,6.7,33.5,2,2
214,95.9,69.5,3,0
215,56.8,49.1,1,3
216,16.9,43.2,2,2
217,24.6,47.8,2,2
218,28.5,28.5,2,1
219,42.3,0.7,1,1
220,67.7,72.8,0,3
221,46.7,24.8,1,1
222,85.7,75.6,3,0
223,26.8,31.5,2,2
224,65.9,46.3,1,3
225,47.1,37.8,1,1
226,74.9,94.5,0,0
227,71.1,65.4,3,3
228,59.1,70.7,0,3
229,55.2,28.9,1,1
230,37.8,43.6,2,2
231,71.0,77.8,0,0
232,64.6,61.0,3,3
233,58.2,44.6,1,3
234,71.2,32.0,1,3
235,32.1,27.3,2,1
236,28.5,0.0,1,1
237,45.4,61.3,2,2
238,47.2,3.7,1,1
239,44.9,33.4,1,1
240,39.1,36.3,2,2
241,52.1,62.9,2,3
242,66.5,76.3,0,0
243,16.8,35.6,2,2
244,21.8,63.3,2,2
245,46.6,13.9,1,1
246,88.9,94.9,0,0
247,25.6,32.2,2,2
248,46.3,74.3,0,3
249,45.6,12.5,1,1
250,89.1,63.9,3,0
251,36.8,11.2,1,1
252,40.3,51.7,2,2
253,63.6,74.4,0,3
254,51.1,57.1,2,3
255,97.2,62.0,3,0
256,19.5,44.2,2,2
257,66.0,100.0,0,0
258,49.4,30.3,1,1
259,86.6,69.7,3,0
260,68.4,13.7,1,1
261,42.3,43.3,2,2
262,56.3,16.4,1,1
263,66.0,16.1,1,1
264,53.7,45.5,1,3
265,29.6,49.9,2,2
266,43.6,32.6,1,1
267,94.4,83.9,3,0
268,85.8,86.6,0,0
269,50.9,34.7,1,1
270,26.3,10.1,1,1
271,100.0,62.6,3,0
272,100.0,82.9,3,0
273,42.0,60.1,2,2
274,62.0,94.0,0,0
275,82.6,76.3,3,0
276,72.0,55.2,3,3
277,36.0,4.8,1,1
278,53.5,61.4,2,3
279,25.5,7.5,1,1
280,61.6,100.0,0,0
281,65.1,43.8,1,3
282,100.0,66.0,3,0
283,71.4,77.6,0,0
284,35.1,22.6,1,1
285,57.8,75.3,0,3
286,57.1,100.0,0,0
287,32.7,25.4,2,1
288,16.7,27.9,2,2
289,44.1,37.9,1,2
290,72.5,53.5,3,3
291,90.8,65.6,3,0
292,23.0,25.0,2,1
293,76.1,31.1,1,3
294,82.1,93.1,0,0
295,57.4,76.3,0,3
296,60.8,58.1,3,3
297,70.2,64.1,3,3
298,58.7,88.0,0,0
299,39.2,50.9,2,2
300,49.3,46.2,1,2
301,33.5,48.6,2,2
302,0.0,48.0,2,2
303,98.1,51.1,3,3
304,18.8,47.8,2,2
305,6.9,20.9,2,2
306,30.9,0.0,1,1
307,30.6,43.1,2,2
308,90.7,100.0,0,0
309,67.1,38.5,1,3
310,60.9,84.4,0,0
311,22.1,20.6,2,1
312,87.3,66.6,3,0
313,70.1,95.1,0,0
314,16.7,27.8,2,2
315,95.7,68.9,3,0
316,55.2,76.8,0,3
317,75.9,66.2,3,3
318,43.1,9.9,1,1
319,44.0,80.0,0,3
320,43.7,26.3,1,1
321,40.6,15.6,1,1
322,41.7,47.7,2,2
323,37.0,31.4,2,1
324,79.9,62.6,3,3
325,69.4,46.4,3,3
326,92.4,77.5,3,0
327,72.7,62.3,3,3
328,74.4,100.0,0,0
329,64.1,35.5,1,3
330,64.6,19.1,1,1
331,86.3,87.2,0,0
332,34.8,39.8,2,2
333,48.6,76.3,0,3
334,63.3,96.9,0,0
335,55.5,18.6,1,1
336,83.3,98.0,0,0
337,67.9,56.5,3,3
338,86.4,80.7,3,0
339,72.4,64.0,3,3
340,82.2,85.2,0,0
341,93.5,77.0,3,0
342,59.4,61.6,0,3
343,48.9,62.6,2,3
344,85.0,83.0,3,0
345,90.7,72.5,3,0
346,82.2,81.9,0,0
347,29.5,19.6,1,1
348,33.3,23.3,1,1
349,91.1,83.4,3,0
350,43.3,36.3,1,1
351,58.4,85.5,0,0
352,61.2,7.6,1,1
353,12.3,23.5,2,2
354,27.3,25.1,2,1
355,100.0,74.3,3,0
356,27.7,46.9,2,2
357,39.6,33.0,1,1
358,42.5,39.2,2,2
359,49.7,80.6,0,3
360,82.5,65.5,3,3
361,58.0,39.8,1,3
362,74.2,83.9,0,0
363,88.3,100.0,0,0
364,45.9,36.9,1,1
365,76.2,23.6,1,3
366,38.7,45.3,2,2
367,88.2,70.7,3,0
368,97.7,73.0,3,0
369,63.0,78.8,0,0
370,79.2,94.9,0,0
371,75.2,74.3,3,0
372,66.5,59.1,3,3
373,57.1,38.1,1,3
374,64.9,38.0,1,3
375,24.8,27.5,2,2
376,52.8,40.6,1,1
377,68.3,32.2,1,3
378,76.7,58.8,3,3
379,20.0,46.3,2,2
380,95.7,67.0,3,0
381,22.5,48.0,2,2
382,87.2,82.6,3,0
383,89.2,100.0,0,0
384,37.0,22.8,1,1
385,65.8,100.0,0,0
386,75.8,66.8,3,3
387,100.0,50.0,3,3
388,92.8,70.1,3,0
389,42.7,9.5,1,1
390,19.4,30.2,2,2
391,100.0,100.0,0,0
392,57.6,38.3,1,3
393,63.3,88.0,0,0
394,48.1,68.8,0,3
395,71.3,71.3,3,3
396,82.9,59.0,3,3
397,82.7,100.0,0,0
398,40.6,50.0,2,2
399,57.5,40.4,1,3
400,77.3,81.3,0,0
401,32.0,62.6,2,2
402,80.4,97.9,0,0
403,85.1,75.1,3,0
404,65.8,70.7,0,3
405,9.9,33.2,2,2
406,37.2,33.2,2,1
407,39.8,62.8,2,2
408,32.4,41.0,2,2
409,96.8,71.6,3,0
410,72.1,45.0,3,3
411,42.0,31.2,1,1
412,81.8,88.0,0,0
413,96.4,91.7,3,0
414,72.2,88.8,0,0
415,65.0,65.7,3,3
416,79.4,100.0,0,0
417,96.5,82.7,3,0
418,59.0,100.0,0,0
419,20.4,31.6,2,2
420,38.2,44.3,2,2
421,29.1,21.3,2,1
422,57.3,73.6,0,3
423,26.1,20.3,2,1
424,14.6,57.4,2,2
425,57.7,80.1,0,0
426,76.1,80.9,0,0
427,37.6,80.5,2,2
428,78.3,19.7,1,3
429,89.5,65.2,3,0
430,26.6,37.1,2,2
431,68.8,34.7,1,3
432,41.3,22.2,1,1
433,56.2,70.4,0,3
434,48.6,39.7,1,1
435,24.4,14.9,2,1
436,72.6,100.0,0,0
437,67.2,67.4,3,3
438,41.2,71.8,2,2
439,78.9,60.9,3,3
440,26.1,30.5,2,2
441,51.9,59.6,2,3
442,74.2,100.0,0,0
443,36.1,42.1,2,2
444,48.7,64.3,2,3
445,72.0,96.3,0,0
446,51.1,26.5,1,1
447,95.7,100.0,0,0
448,40.3,20.9,1,1
449,43.9,36.9,1,1
450,26.9,42.8,2,2
451,36.7,44.6,2,2
452,29.8,47.9,2,2
453,100.0,54.0,3,3
454,11.3,37.0,2,2
455,53.0,46.9,1,3
456,45.1,41.2,1,2
457,87.5,89.1,0,0
458,68.0,19.3,1,1
459,38.9,18.7,1,1
460,44.5,34.7,1,1
461,87.0,74.3,3,0
462,85.1,46.4,3,3
463,27.5,48.2,2,2
464,73.3,96.6,0,0
465,70.5,72.7,0,3
466,61.7,57.3,3,3
467,40.4,33.5,1,1
468,44.8,39.0,1,2
469,9.1,41.9,2,2
470,51.6,95.4,0,0
471,34.2,0.0,1,1
472,86.0,80.5,3,0
473,76.1,87.3,0,0
474,46.0,61.3,2,2
475,27.9,46.2,2,2
476,19.7,30.9,2,2
477,71.3,100.0,0,0
478,19.5,30.5,2,2
479,83.2,75.5,3,0
480,64.3,30.4,1,3
481,67.5,85.9,0,0
482,32.9,17.3,1,1
483,46.7,14.6,1,1
484,34.4,23.1,1,1
485,84.0,47.4,3,3
486,34.4,21.6,1,1
487,31.1,70.9,2,2
488,26.0,66.8,2,2
489,24.6,32.5,2,2
490,48.4,9.9,1,1
491,95.7,90.5,3,0
492,77.4,72.4,3,0
493,36.3,38.3,2,2
494,69.4,89.4,0,0
495,52.1,44.8,1,3
496,35.2,32.0,2,1
497,38.5,62.8,2,2
498,100.0,80.8,3,0
499,33.8,14.2,1,1
500,77.0,100.0,0,0
501,38.5,14.3,1,1
502,67.7,84.3,0,0
503,77.0,89.4,0,0
504,49.7,23.9,1,1
505,51.8,21.0,1,1
506,32.2,47.0,2,2
507,29.8,30.2,2,2
508,93.1,81.4,3,0
509,41.7,38.4,2,2
510,69.1,47.6,3,3
511,45.8,43.1,2,2
512,81.8,90.8,0,0
513,46.8,45.2,2,2
514,32.5,36.8,2,2
515,77.2,100.0,0,0
516,100.0,68.1,3,0
517,75.7,78.3,0,0
518,77.9,41.4,3,3
519,15.1,17.0,2,1
520,71.8,74.4,0,0
521,53.1,35.0,1,1
522,38.6,28.4,1,1
523,35.6,52.2,2,2
524,37.4,10.9,1,1
525,61.1,79.1,0,0
526,43.0,18.9,1,1
527,55.3,48.6,1,3
528,55.7,100.0,0,0
529,70.4,75.6,0,0
530,34.3,7.6,1,1
531,57.7,58.2,3,3
532,50.4,72.3,0,3
533,21.9,38.2,2,2
534,77.1,100.0,0,0
535,60.6,91.4,0,0
536,13.1,20.6,2,2
537,43.5,38.5,1,2
538,52.7,73.5,0,3
539,54.9,46.7,1,3
540,50.4,35.0,1,1
541,88.2,87.5,0,0
542,71.5,97.1,0,0
543,38.7,36.5,2,2
544,15.6,47.4,2,2
545,24.7,37.3,2,2
546,79.7,70.7,3,0
547,43.2,51.7,2,2
548,19.7,28.0,2,2
549,23.4,54.8,2,2
550,82.2,93.3,0,0
551,21.6,31.5,2,2
552,80.7,51.5,3,3
553,53.8,17.1,1,1
554,39.8,44.3,2,2
555,99.5,64.3,3,0
556,34.1,34.8,2,2
557,59.4,76.5,0,3
558,54.4,90.3,0,0
559,94.6,65.4,3,0
560,60.6,41.6,1,3
561,32.6,47.0,2,2
562,76.3,86.2,0,0
563,32.4,40.5,2,2
564,19.9,53.9,2,2
565,45.2,38.8,1,2
566,37.9,24.1,1,1
567,64.1,56.9,3,3
568,69.3,84.3,0,0
569,67.9,77.6,0,0
570,38.2,23.1,1,1
571,31.1,20.3,1,1
572,26.6,9.4,1,1
573,37.5,22.5,1,1
574,43.8,16.3,1,1
575,77.5,66.5,3,3
576,74.1,77.2,0,0
577,91.2,93.8,0,0
578,95.5,80.7,3,0
579,87.6,94.3,0,0
580,70.1,68.3,3,3
581,51.8,76.8,0,3
582,16.6,19.6,2,1
583,64.0,56.2,3,3
584,81.8,80.3,3,0
585,87.5,86.9,0,0
586,61.9,12.8,1,1
587,36.7,56.2,2,2
588,32.9,62.3,2,2
589,52.8,31.0,1,1
590,99.2,75.6,3,0
591,57.7,37.3,1,3
592,32.6,48.0,2,2
593,87.6,88.0,0,0
594,84.1,92.6,0,0
595,76.1,76.2,0,0
596,77.5,63.1,3,3
597,41.1,59.2,2,2
598,91.9,52.3,3,3
599,35.0,20.9,1,1
600,13.1,15.3,2,1
601,31.5,19.7,1,1
602,61.9,95.1,0,0
603,37.4,35.9,2,2
604,39.4,43.9,2,2
605,81.2,69.6,3,0
606,80.6,71.8,3,0
607,80.2,72.4,3,0
608,96.1,88.0,3,0
609,61.9,68.4,0,3
610,75.0,64.6,3,3
611,39.6,42.4,2,2
612,48.6,43.3,1,2
613,49.1,60.0,2,3
614,87.6,70.3,3,0
615,21.8,50.3,2,2
616,35.0,68.0,2,2
617,40.6,27.9,1,1
618,77.8,100.0,0,0
619,44.7,64.2,2,2
620,83.2,59.5,3,3
621,32.1,13.5,1,1
622,73.6,62.6,3,3
623,63.4,58.3,3,3
624,47.3,49.9,2,2
625,79.2,69.4,3,0
626,79.7,57.7,3,3
627,36.3,47.4,2,2
628,37.5,34.9,2,2
629,42.7,8.2,1,1
630,46.2,45.5,2,2
631,46.8,64.3,2,2
632,7.6,63.5,2,2
633,73.3,75.0,0,0
634,81.0,30.9,3,3
635,22.6,35.8,2,2
636,100.0,86.5,3,0
637,69.4,33.8,1,3
638,66.0,65.9,3,3
639,51.8,100.0,0,0
640,38.6,28.3,1,1
641,37.1,54.2,2,2
642,21.2,49.3,2,2
643,58.5,39.4,1,3
644,54.6,72.3,0,3
645,70.4,50.9,3,3
646,50.4,28.0,1,1
647,78.6,51.5,3,3
648,42.2,30.2,1,1
649,76.2,83.5,0,0
650,74.5,84.2,0,0
651,17.3,48.8,2,2
652,100.0,83.7,3,0
653,41.4,58.1,2,2
654,74.6,73.0,3,0
655,82.5,72.4,3,0
656,71.2,79.8,0,0
657,72.6,85.2,0,0
658,42.4,25.8,1,1
659,53.7,37.5,1,1
660,75.3,0.0,1,1
661,57.2,67.1,0,3
662,25.6,36.7,2,2
663,100.0,100.0,0,0
664,34.2,51.6,2,2
665,100.0,92.9,3,0
666,38.9,55.0,2,2
667,29.2,25.2,2,1
668,59.8,73.4,0,3
669,57.8,54.8,1,3
670,25.7,27.1,2,1
671,32.0,29.9,2,1
672,65.7,58.2,3,3
673,87.9,85.4,3,0
674,83.9,84.4,0,0
675,72.5,100.0,0,0
676,77.2,79.2,0,0
677,82.7,78.5,3,0
678,57.6,2.9,1,1
679,33.3,31.3,2,1
680,18.1,22.3,2,1
681,49.1,96.7,0,0
682,41.6,46.7,2,2
683,96.2,83.4,3,0
684,38.7,62.0,2,2
685,54.1,100.0,0,0
686,18.6,35.6,2,2
687,82.4,90.3,0,0
688,29.8,31.6,2,2
689,80.3,67.9,3,0
690,30.4,41.7,2,2
691,86.4,57.4,3,3
692,53.8,40.7,1,3
693,53.0,94.7,0,0
694,67.1,100.0,0,0
695,44.2,44.7,2,2
696,61.6,36.3,1,3
697,84.7,60.4,3,3
698,29.2,73.4,2,2
699,25.5,35.4,2,2
700,25.2,27.5,2,2
701,44.2,49.9,2,2
702,67.7,92.8,0,0
703,78.6,100.0,0,0
704,48.7,63.2,2,3
705,45.3,0.0,1,1
706,79.8,93.6,0,0
707,66.3,15.1,1,1
708,55.7,63.9,0,3
709,46.2,47.4,2,2
710,47.1,31.7,1,1
711,73.9,70.3,3,3
712,58.4,63.7,0,3
713,11.4,36.7,2,2
714,93.3,66.2,3,0
715,29.8,16.4,1,1
716,47.0,14.7,1,1
717,64.0,0.1,1,1
718,52.4,23.5,1,1
719,66.8,100.0,0,0
720,21.5,43.4,2,2
721,82.5,98.9,0,0
722,47.3,36.4,1,1
723,54.4,78.3,0,3
724,100.0,96.1,3,0
725,25.2,55.5,2,2
726,70.2,69.1,3,3
727,32.0,46.1,2,2
728,70.9,84.0,0,0
729,39.1,27.5,1,1
730,36.9,16.3,1,1
731,49.4,23.3,1,1
732,86.0,62.1,3,3
733,33.9,0.1,1,1
734,83.3,100.0,0,0
735,40.4,39.7,2,2
736,27.0,21.0,2,1
737,84.2,57.9,3,3
738,21.6,56.3,2,2
739,43.6,53.3,2,2
740,73.0,53.6,3,3
741,41.4,37.9,2,2
742,58.0,2.1,1,1
743,63.6,100.0,0,0
744,81.1,84.5,0,0
745,49.4,26.5,1,1
746,71.2,71.9,0,3
747,20.7,28.4,2,2
748,59.2,68.9,0,3
749,64.0,65.1,0,3
750,52.7,50.6,1,3
751,54.2,68.0,0,3
752,84.7,59.3,3,3
753,80.2,71.8,3,0
754,80.3,67.1,3,3
755,40.0,16.5,1,1
756,21.9,55.0,2,2
757,33.7,19.3,1,1
758,74.2,89.5,0,0
759,41.3,18.3,1,1
760,32.9,22.4,1,1
761,51.5,41.8,1,1
762,46.1,100.0,0,0
763,27.2,0.4,1,1
764,55.8,37.7,1,1
765,66.4,56.8,3,3
766,42.8,31.2,1,1
767,67.6,86.6,0,0
768,77.2,73.1,3,0
769,26.1,36.4,2,2
770,77.5,66.7,3,3
771,87.8,77.6,3,0
772,58.8,84.5,0,0
773,79.6,86.1,0,0
774,4.7,33.9,2,2
775,51.8,18.1,1,1
776,51.8,50.5,1,3
777,47.1,78.7,0,3
778,86.5,55.0,3,3
779,43.4,36.1,1,1
780,100.0,90.0,3,0
781,55.0,25.1,1,1
782,86.9,60.1,3,3
783,60.9,84.6,0,0
784,16.6,18.0,2,1
785,67.5,75.1,0,0
786,36.3,18.2,1,1
787,73.3,85.9,0,0
788,48.3,28.1,1,1
789,73.4,78.5,0,0
790,48.2,58.8,2,3
791,36.7,56.2,2,2
792,91.3,66.6,3,0
793,68.4,63.1,3,3
794,73.0,85.8,0,0
795,22.8,38.0,2,2
796,83.4,100.0,0,0
797,86.1,88.3,0,0
798,34.8,22.2,1,1
799,57.9,95.9,0,0
800,47.0,60.3,2,2
801,95.3,72.9,3,0
802,29.6,23.9,2,1
803,55.4,67.4,0,3
804,100.0,96.3,3,0
805,57.0,59.1,0,3
806,58.2,51.6,1,3
807,77.5,100.0,0,0
808,84.4,89.1,0,0
809,39.4,47.9,2,2
810,74.4,46.5,3,3
811,44.6,33.7,1,1
812,47.0,9.1,1,1
813,60.2,29.4,1,1
814,49.5,100.0,0,0
815,44.4,71.9,2,2
816,50.4,37.8,1,1
817,30.5,52.2,2,2
818,60.0,47.2,1,3
819,37.8,44.3,2,2
820,67.2,36.6,1,3
821,56.2,58.5,2,3
822,70.6,92.6,0,0
823,5.5,51.1,2,2
824,62.4,80.0,0,0
825,52.2,100.0,0,0
826,41.7,52.4,2,2
827,83.0,54.3,3,3
828,97.7,96.1,0,0
829,84.1,46.1,3,3
830,37.3,21.8,1,1
831,69.8,46.1,3,3
832,43.9,33.8,1,1
833,67.5,73.4,0,3
834,82.1,45.3,3,3
835,64.9,63.9,3,3
836,74.8,63.1,3,3
837,68.6,85.1,0,0
838,100.0,80.4,3,0
839,71.5,87.8,0,0
840,35.7,27.6,1,1
841,12.4,28.1,2,2
842,39.1,9.1,1,1
843,71.6,58.9,3,3
844,91.0,100.0,0,0
845,100.0,84.8,3,0
846,100.0,57.1,3,0
847,48.8,51.3,2,2
848,54.7,35.5,1,1
849,58.5,74.1,0,3
850,55.7,100.0,0,0
851,84.9,90.3,0,0
852,60.8,94.5,0,0
853,27.1,37.4,2,2
854,77.2,77.6,0,0
855,46.9,21.3,1,1
856,62.4,91.9,0,0
857,88.1,98.4,0,0
858,88.7,100.0,0,0
859,100.0,88.3,3,0
860,79.9,59.8,3,3
861,85.8,73.3,3,0
862,21.5,40.6,2,2
863,34.6,29.6,2,1
864,80.3,59.0,3,3
865,74.3,92.5,0,0
866,74.0,69.2,3,3
867,23.3,37.9,2,2
868,47.5,67.1,2,3
869,21.8,29.8,2,2
870,58.5,13.1,1,1
871,61.4,15.9,1,1
872,92.5,89.6,3,0
873,80.1,77.8,3,0
874,54.1,100.0,0,0
875,70.5,62.4,3,3
876,48.7,38.2,1,1
877,49.3,4.1,1,1
878,25.6,27.8,2,2
879,25.8,53.2,2,2
880,72.2,85.4,0,0
881,84.0,89.5,0,0
882,81.5,78.5,3,0
883,27.6,36.0,2,2
884,50.7,46.6,1,2
885,86.2,80.7,3,0
886,45.5,16.5,1,1
887,75.5,85.8,0,0
888,66.4,89.0,0,0
889,37.3,19.0,1,1
890,72.9,23.2,1,3
891,64.3,92.8,0,0
892,74.6,92.8,0,0
893,63.1,75.5,0,3
894,51.8,51.1,1,3
895,83.5,71.7,3,0
896,64.8,83.8,0,0
897,47.2,10.8,1,1
898,60.3,13.5,1,1
899,87.4,67.1,3,0
900,64.8,79.2,0,0
901,27.3,47.4,2,2
902,69.2,79.5,0,0
903,100.0,67.3,3,0
904,69.9,97.6,0,0
905,42.4,37.4,1,2
906,37.7,49.6,2,2
907,49.5,53.7,2,3
908,1.9,39.8,2,2
909,100.0,57.7,3,0
910,46.1,48.2,2,2
911,96.4,61.6,3,0
912,43.2,35.5,1,1
913,22.3,3.5,1,1
914,37.2,53.0,2,2
915,85.4,83.8,3,0
916,30.8,46.1,2,2
917,48.5,44.7,1,2
918,78.8,67.5,3,3
919,38.2,5.0,1,1
920,69.0,55.5,3,3
921,60.4,30.5,1,1
922,82.3,100.0,0,0
923,31.7,23.8,2,1
924,28.0,8.9,1,1
925,52.7,100.0,0,0
926,56.6,71.6,0,3
927,51.8,40.7,1,1
928,81.4,95.6,0,0
929,56.6,32.5,1,1
930,18.1,22.6,2,1
931,49.4,51.0,2,2
932,60.6,86.0,0,0
933,80.8,73.5,3,0
934,68.3,73.6,0,3
935,14.6,34.9,2,2
936,36.3,29.5,1,1
937,80.1,100.0,0,0
938,57.4,17.1,1,1
939,84.1,72.7,3,0
940,43.4,47.7,2,2
941,36.5,27.5,1,1
942,14.4,36.3,2,2
943,76.7,67.9,3,3
944,68.7,36.8,1,3
945,43.4,39.4,1,2
946,69.0,43.2,1,3
947,68.6,60.2,3,3
948,61.7,97.2,0,0
949,51.4,44.1,1,3
950,98.1,100.0,0,0
951,17.9,37.9,2,2
952,44.4,70.2,2,2
953,54.4,61.3,0,3
954,44.6,52.6,2,2
955,32.1,34.5,2,2
956,91.4,75.3,3,0
957,37.7,58.0,2,2
958,68.0,15.1,1,1
959,44.9,36.3,1,1
960,31.5,61.4,2,2
961,87.5,71.5,3,0
962,87.4,65.0,3,0
963,47.9,39.7,1,1
964,80.0,85.1,0,0
965,75.2,85.6,0,0
966,54.8,12.6,1,1
967,100.0,77.5,3,0
968,72.2,81.4,0,0
969,38.2,18.9,1,1
970,44.9,26.0,1,1
971,24.2,74.8,2,2
972,41.9,60.1,2,2
973,48.1,34.5,1,1
974,85.8,74.8,3,0
975,50.6,3.2,1,1
976,42.5,17.3,1,1
977,77.3,55.5,3,3
978,31.9,56.7,2,2
979,49.6,15.2,1,1
980,59.8,84.9,0,0
981,65.1,97.5,0,0
982,29.3,28.0,2,1
983,19.6,59.8,2,2
984,100.0,75.3,3,0
985,43.8,23.0,1,1
986,51.3,24.4,1,1
987,61.9,100.0,0,0
988,56.8,44.3,1,3
989,46.4,37.1,1,1
990,77.9,91.0,0,0
991,96.3,92.5,3,0
992,100.0,81.1,3,0
993,63.9,10.7,1,1
994,62.7,81.7,0,0
995,64.4,65.3,3,3
996,70.3,100.0,0,0
997,73.7,12.8,1,1
998,52.8,81.0,0,3
999,47.4,25.1,1,1
1000,34.1,27.6,2,1
1001,25.5,51.2,2,2
1002,54.4,32.0,1,1
1003,61.8,79.6,0,0
1004,15.0,8.8,2,1
1005,37.3,24.0,1,1
1006,54.4,31.1,1,1
1007,24.8,32.3,2,2
1008,42.4,62.3,2,2
1009,83.2,100.0,0,0
1010,54.6,100.0,0,0
1011,36.5,29.6,1,1
1012,62.2,88.7,0,0
1013,78.1,91.5,0,0
1014,55.5,69.3,0,3
1015,43.1,21.6,1,1
1016,59.7,47.6,1,3
1017,63.2,44.2,1,3
1018,52.1,59.1,2,3
1019,57.0,63.6,0,3
1020,62.0,69.8,0,3
1021,59.7,68.4,0,3
1022,54.7,90.7,0,0
1023,10.1,33.6,2,2
1024,70.7,67.4,3,3
1025,28.5,48.0,2,2
1026,38.3,80.3,0,2
1027,26.4,31.5,2,2
1028,68.7,61.9,3,3
1029,45.7,38.1,1,1
1030,63.9,81.2,0,0
1031,91.3,81.9,3,0
1032,57.4,67.1,0,3
1033,49.0,35.2,1,1
1034,81.1,91.7,0,0
1035,96.1,84.4,3,0
1036,81.7,79.4,3,0
1037,64.2,66.0,0,3
1038,43.0,26.3,1,1
1039,39.8,18.3,1,1
1040,82.8,65.5,3,3
1041,55.2,61.9,0,3
1042,46.1,31.7,1,1
1043,72.0,63.9,3,3
1044,76.9,66.2,3,3
1045,78.7,73.9,3,0
1046,41.8,10.1,1,1
1047,98.1,77.5,3,0
1048,90.7,67.7,3,0
1049,32.1,25.8,2,1
1050,27.1,36.1,2,2
1051,44.6,43.8,2,2
1052,91.4,79.5,3,0
1053,66.9,56.9,3,3
1054,34.6,17.0,1,1
1055,55.9,100.0,0,0
1056,83.9,100.0,0,0
1057,80.8,64.0,3,3
1058,19.5,35.9,2,2
1059,46.1,7.1,1,1
1060,89.8,55.7,3,3
1061,54.7,100.0,0,0
1062,28.4,36.0,2,2
1063,51.9,68.7,0,3
1064,39.4,48.9,2,2
1065,90.1,70.7,3,0
1066,82.3,61.1,3,3
1067,54.0,56.9,2,3
1068,67.6,77.9,0,0
1069,58.6,95.8,0,0
1070,30.9,23.2,2,1
1071,83.5,87.6,0,0
1072,34.3,69.1,2,2
1073,38.0,18.0,1,1
1074,32.7,49.6,2,2
1075,65.4,75.8,0,3
1076,81.6,89.0,0,0
1077,71.6,73.6,0,0
1078,97.3,76.1,3,0
1079,69.6,65.5,3,3
1080,28.4,27.7,2,1
1081,24.7,51.0,2,2
1082,36.5,49.5,2,2
1083,24.8,35.9,2,2
1084,90.1,72.3,3,0
1085,19.0,32.2,2,2
1086,56.5,9.9,1,1
1087,100.0,94.5,3,0
1088,86.3,61.0,3,3
1089,34.3,39.8,2,2
1090,52.6,63.3,0,3
1091,62.3,87.4,0,0
1092,76.3,84.8,0,0
1093,76.3,57.9,3,3
1094,49.4,100.0,0,0
1095,41.2,5.1,1,1
1096,35.5,3.1,1,1
1097,46.1,31.2,1,1
1098,47.8,44.9,1,2
1099,46.0,56.4,2,2
1100,39.3,65.7,2,2
1101,65.4,76.3,0,0
1102,65.8,94.7,0,0
1103,80.6,66.1,3,3
1104,44.0,86.4,0,3
1105,36.3,28.8,1,1
1106,36.3,39.9,2,2
1107,28.8,44.2,2,2
1108,56.3,74.8,0,3
1109,47.4,8.2,1,1
1110,55.6,40.2,1,3
1111,58.4,98.6,0,0
1112,51.1,63.4,2,3
1113,53.6,63.2,0,3
1114,38.9,56.2,2,2
1115,99.0,100.0,0,0
1116,30.7,42.6,2,2
1117,96.3,98.5,0,0
1118,35.9,29.8,2,1
1119,74.6,79.7,0,0
1120,42.3,36.0,1,1
1121,29.1,18.7,1,1
1122,87.6,79.4,3,0
1123,50.8,43.0,1,2
1124,46.8,50.7,2,2
1125,52.3,28.3,1,1
1126,46.9,27.3,1,1
1127,26.1,23.6,2,1
1128,94.0,61.4,3,0
1129,35.1,27.7,1,1
1130,61.8,41.4,1,3
1131,23.5,39.7,2,2
1132,85.4,100.0,0,0
1133,44.5,59.9,2,2
1134,56.9,33.5,1,1
1135,84.6,96.5,0,0
1136,44.3,35.1,1,1
1137,33.6,20.9,1,1
1138,66.6,99.6,0,0
1139,78.0,90.1,0,0
1140,30.8,4.3,1,1
1141,81.5,93.3,0,0
1142,66.7,61.8,3,3
1143,56.9,72.4,0,3
1144,43.3,64.7,2,2
1145,68.7,59.5,3,3
1146,64.5,83.1,0,0
1147,34.0,50.1,2,2
1148,50.9,48.1,1,3
1149,70.8,87.8,0,0
1150,60.9,84.0,0,0
1151,43.0,36.2,1,1
1152,47.8,28.0,1,1
1153,32.3,41.5,2,2
1154,53.8,37.9,1,1
1155,81.5,100.0,0,0
1156,22.4,43.5,2,2
1157,21.9,45.8,2,2
1158,39.4,22.9,1,1
1159,32.5,51.8,2,2
1160,36.8,34.7,2,2
1161,40.9,21.1,1,1
1162,71.6,82.0,0,0
1163,1.0,63.3,2,2
1164,96.0,66.5,3,0
1165,31.1,55.3,2,2
1166,57.0,49.0,1,3
1167,33.9,43.1,2,2
1168,44.5,20.4,1,1
1169,25.7,68.7,2,2
1170,85.4,56.4,3,3
1171,15.4,20.2,2,1
1172,45.6,76.1,0,3
1173,36.9,41.3,2,2
1174,24.1,45.9,2,2
1175,69.9,79.5,0,0
1176,91.7,40.2,3,3
1177,62.2,97.6,0,0
1178,63.4,89.7,0,0
1179,70.8,95.6,0,0
1180,43.1,10.0,1,1
1181,49.5,35.1,1,1
1182,65.0,52.6,3,3
1183,71.8,87.9,0,0
1184,66.4,90.8,0,0
1185,40.6,44.5,2,2
1186,68.2,59.4,3,3
1187,94.4,96.4,0,0
1188,57.6,30.9,1,1
1189,58.4,45.9,1,3
1190,69.2,82.1,0,0
1191,17.6,23.0,2,2
1192,31.7,46.2,2,2
1193,52.4,16.0,1,1
1194,70.1,89.6,0,0
1195,12.4,6.5,2,1
1196,32.3,32.0,2,2
1197,58.7,83.7,0,0
1198,53.4,31.6,1,1
1199,43.7,37.9,1,2
1200,56.4,99.6,0,0
1201,58.9,89.0,0,0
1202,75.2,60.0,3,3
1203,100.0,87.5,3,0
1204,52.0,40.4,1,1
1205,78.3,85.0,0,0
1206,82.1,100.0,0,0
1207,56.9,67.2,0,3
1208,80.9,65.4,3,3
1209,94.8,50.4,3,3
1210,48.8,46.8,1,2
1211,59.6,63.5,0,3
1212,81.9,88.5,0,0
1213,85.9,66.0,3,0
1214,86.1,100.0,0,0
1215,76.1,77.9,0,0
1216,96.3,86.8,3,0
1217,52.5,39.5,1,1
1218,20.7,8.3,2,1
1219,41.0,10.5,1,1
1220,46.9,39.5,1,2
1221,58.8,13.4,1,1
1222,100.0,77.0,3,0
1223,33.9,43.6,2,2
1224,35.7,85.4,0,2
1225,76.7,46.7,3,3
1226,82.3,96.5,0,0
1227,94.5,70.2,3,0
1228,90.1,62.7,3,0
1229,93.7,78.8,3,0
1230,46.3,6.1,1,1
1231,54.3,86.3,0,0
1232,70.3,80.9,0,0
1233,57.3,16.9,1,1
1234,18.2,45.2,2,2
1235,72.0,78.8,0,0
1236,64.6,41.3,1,3
1237,42.5,34.8,1,1
1238,51.5,82.5,0,3
1239,62.9,97.3,0,0
1240,64.3,72.5,0,3
1241,32.8,33.8,2,2
1242,24.7,29.7,2,2
1243,87.4,76.4,3,0
1244,76.8,78.8,0,0
1245,74.9,88.9,0,0
1246,43.7,64.5,2,2
1247,52.4,19.1,1,1
1248,56.2,36.0,1,1
1249,65.8,71.3,0,3
1250,88.2,86.0,3,0
1251,100.0,91.2,3,0
1252,44.3,33.4,1,1
1253,37.3,68.8,2,2
1254,39.9,19.8,1,1
1255,49.3,28.4,1,1
1256,70.9,68.6,3,3
1257,89.3,92.4,0,0
1258,50.6,42.1,1,2
1259,51.9,79.6,0,3
1260,64.0,82.3,0,0
1261,9.8,60.0,2,2
1262,70.4,72.1,0,3
1263,71.2,79.0,0,0
1264,71.0,49.8,3,3
1265,48.0,36.7,1,1
1266,59.7,82.0,0,0
1267,21.0,28.5,2,2
1268,41.3,26.4,1,1
1269,1.4,39.1,2,2
1270,24.9,20.0,2,1
1271,38.9,41.5,2,2
1272,57.2,59.4,0,3
1273,66.9,83.5,0,0
1274,18.6,42.3,2,2
1275,49.7,29.1,1,1
1276,83.5,92.2,0,0
1277,68.7,99.9,0,0
1278,37.2,13.6,1,1
1279,65.1,35.3,1,3
1280,77.5,96.3,0,0
1281,35.3,8.1,1,1
1282,17.0,57.3,2,2
1283,90.7,81.5,3,0
1284,47.1,33.7,1,1
1285,53.2,60.9,2,3
1286,20.3,41.6,2,2
1287,77.4,100.0,0,0
1288,28.0,61.1,2,2
1289,60.1,64.2,0,3
1290,100.0,80.9,3,0
1291,69.2,74.7,0,0
1292,70.0,80.7,0,0
1293,74.4,70.6,3,3
1294,89.2,42.3,3,3
1295,40.9,42.8,2,2
1296,35.7,64.0,2,2
1297,53.0,2.6,1,1
1298,52.2,52.5,2,3
1299,54.4,65.5,0,3
1300,62.6,63.1,3,3
1301,74.6,100.0,0,0
1302,49.7,35.5,1,1
1303,66.7,94.1,0,0
1304,67.8,92.5,0,0
1305,82.1,100.0,0,0
1306,41.4,29.7,1,1
1307,81.0,87.2,0,0
1308,39.2,37.9,2,2
1309,52.2,82.7,0,3
1310,47.3,19.0,1,1
1311,56.5,42.2,1,3
1312,40.7,36.3,2,2
1313,82.8,85.0,0,0
1314,53.3,100.0,0,0
1315,75.4,27.0,1,3
1316,69.0,74.2,0,0
1317,15.1,38.9,2,2
1318,67.2,68.9,0,3
1319,21.3,69.4,2,2
1320,29.1,67.1,2,2
1321,84.5,90.4,0,0
1322,49.3,14.8,1,1
1323,37.9,42.9,2,2
1324,80.0,73.9,3,0
1325,80.0,65.6,3,3
1326,100.0,62.0,3,0
1327,54.3,17.1,1,1
1328,71.8,100.0,0,0
1329,87.9,82.4,3,0
1330,70.5,90.4,0,0
1331,22.0,34.9,2,2
1332,81.1,100.0,0,0
1333,62.8,85.8,0,0
1334,36.1,36.5,2,2
1335,54.9,12.0,1,1
1336,86.5,35.0,3,3
1337,26.6,45.9,2,2
1338,100.0,60.2,3,0
1339,83.1,74.4,3,0
1340,42.8,49.0,2,2
1341,85.1,88.4,0,0
1342,37.7,31.3,1,1
1343,50.2,26.5,1,1
1344,86.5,60.9,3,3
1345,80.3,74.3,3,0
1346,64.4,88.9,0,0
1347,81.5,34.2,3,3
1348,40.5,5.3,1,1
1349,74.2,52.1,3,3
1350,27.4,44.8,2,2
1351,55.9,8.7,1,1
1352,61.0,41.2,1,3
1353,63.3,41.7,1,3
1354,100.0,82.9,3,0
1355,50.8,3.4,1,1
1356,9.9,36.9,2,2
1357,11.5,41.9,2,2
1358,76.5,89.6,0,0
1359,44.7,55.6,2,2
1360,44.1,2.9,1,1
1361,35.4,22.3,1,1
1362,54.5,26.3,1,1
1363,34.1,33.0,2,2
1364,93.6,93.5,0,0
1365,40.7,19.9,1,1
1366,39.4,54.7,2,2
1367,58.5,23.1,1,1
1368,72.0,34.8,1,3
1369,28.3,40.5,2,2
1370,25.6,25.9,2,1
1371,79.3,84.4,0,0
1372,38.6,42.8,2,2
1373,73.1,95.1,0,0
1374,61.9,97.7,0,0
1375,73.3,100.0,0,0
1376,61.0,44.6,1,3
1377,30.4,17.0,1,1
1378,94.5,52.6,3,3
1379,43.8,23.2,1,1
1380,50.6,76.9,0,3
1381,49.4,43.9,1,2
1382,12.5,11.1,2,1
1383,85.9,99.4,0,0
1384,69.9,100.0,0,0
1385,81.7,100.0,0,0
1386,100.0,92.8,3,0
1387,62.6,100.0,0,0
1388,54.2,88.8,0,0
1389,50.7,60.4,2,3
1390,70.3,35.3,1,3
1391,63.3,52.4,3,3
1392,30.9,34.1,2,2
1393,100.0,90.6,3,0
1394,98.3,75.8,3,0
1395,91.5,74.0,3,0
1396,61.4,6.1,1,1
1397,26.3,41.3,2,2
1398,68.7,53.1,3,3
1399,65.3,30.8,1,3
1400,80.6,78.0,3,0
1401,56.3,92.6,0,0
1402,62.4,40.8,1,3
1403,56.7,30.9,1,1
1404,100.0,87.7,3,0
1405,43.3,10.9,1,1
1406,74.2,76.7,0,0
1407,90.8,80.1,3,0
1408,100.0,95.9,3,0
1409,58.0,46.7,1,3
1410,94.8,76.0,3,0
1411,67.0,85.0,0,0
1412,43.7,30.4,1,1
1413,26.2,48.3,2,2
1414,29.5,29.6,2,2
1415,76.8,65.3,3,3
1416,58.9,80.6,0,0
1417,37.9,28.1,1,1
1418,45.4,42.3,2,2
1419,34.7,15.7,1,1
1420,63.3,100.0,0,0
1421,50.0,97.0,0,0
1422,64.7,53.3,3,3
1423,31.6,15.3,1,1
1424,40.2,27.7,1,1
1425,82.3,73.9,3,0
1426,48.6,50.1,2,2
1427,70.6,71.3,0,3
1428,53.0,31.2,1,1
1429,69.9,100.0,0,0
1430,45.2,57.0,2,2
1431,74.7,54.3,3,3
1432,46.5,41.3,1,2
1433,18.7,20.1,2,1
1434,79.0,41.7,3,3
1435,46.3,23.5,1,1
1436,61.1,67.4,0,3
1437,88.1,92.1,0,0
1438,42.0,46.0,2,2
1439,40.6,17.9,1,1
1440,11.2,26.2,2,2
1441,76.8,72.4,3,0
1442,61.5,33.4,1,3
1443,41.5,74.4,2,2
1444,75.2,64.0,3,3
1445,61.1,41.2,1,3
1446,53.6,26.8,1,1
1447,96.9,97.7,0,0
1448,51.9,0.0,1,1
1449,56.7,14.2,1,1
1450,99.5,86.6,3,0
1451,76.4,83.9,0,0
1452,13.9,13.9,2,1
1453,100.0,71.2,3,0
1454,100.0,76.9,3,0
1455,91.6,56.5,3,3
1456,100.0,62.4,3,0
1457,7.4,55.2,2,2
1458,100.0,76.8,3,0
1459,70.8,60.7,3,3
1460,77.4,100.0,0,0
1461,58.5,25.6,1,1
1462,43.9,32.5,1,1
1463,74.8,100.0,0,0
1464,74.5,100.0,0,0
1465,35.1,28.2,2,1
1466,36.8,72.6,2,2
1467,64.3,100.0,0,0
1468,73.7,76.6,0,0
1469,10.9,34.8,2,2
1470,87.5,92.3,0,0
1471,25.1,57.2,2,2
1472,74.1,65.8,3,3
1473,39.2,74.7,2,2
1474,69.6,90.2,0,0
1475,25.1,41.1,2,2
1476,46.4,0.0,1,1
1477,31.0,46.4,2,2
1478,28.9,56.4,2,2
1479,80.5,84.9,0,0
1480,66.5,77.2,0,0
1481,61.9,66.7,0,3
1482,57.9,35.9,1,1
1483,80.6,20.0,1,3
1484,42.8,60.5,2,2
1485,69.4,68.0,3,3
1486,38.5,37.4,2,2
1487,86.9,79.1,3,0
1488,50.7,22.9,1,1
1489,66.6,93.8,0,0
1490,37.2,52.4,2,2
1491,24.5,40.0,2,2
1492,96.9,71.9,3,0
1493,62.9,73.1,0,3
1494,34.4,42.4,2,2
1495,33.0,29.5,2,1
1496,31.1,35.2,2,2
1497,79.6,61.2,3,3
1498,80.3,88.0,0,0
1499,81.6,69.0,3,0
1500,63.8,64.5,3,3
1501,89.0,98.2,0,0
1502,63.0,100.0,0,0
1503,44.2,48.7,2,2
1504,55.1,60.5,0,3
1505,56.4,45.3,1,3
1506,71.5,70.6,3,3
1507,64.0,19.3,1,1
1508,52.6,33.0,1,1
1509,48.3,41.0,1,2
1510,41.5,55.5,2,2
1511,85.7,91.0,0,0
1512,40.9,21.3,1,1
1513,65.3,73.4,0,3
1514,41.8,35.3,1,1
1515,41.3,21.5,1,1
1516,81.5,94.4,0,0
1517,40.7,24.0,1,1
1518,56.1,41.5,1,3
1519,36.8,24.8,1,1
1520,75.3,53.9,3,3
1521,100.0,100.0,0,0
1522,93.8,100.0,0,0
1523,93.9,82.2,3,0
1524,65.3,68.9,0,3
1525,67.7,55.6,3,3
1526,78.8,64.3,3,3
1527,91.7,78.6,3,0
1528,31.9,38.1,2,2
1529,49.3,20.9,1,1
1530,23.7,58.2,2,2
1531,44.4,95.5,0,0
1532,87.4,82.3,3,0
1533,76.3,80.1,0,0
1534,89.0,57.0,3,3
1535,17.2,23.0,2,2
1536,37.7,43.9,2,2
1537,82.7,66.1,3,3
1538,24.8,43.6,2,2
1539,63.6,76.1,0,3
1540,23.5,56.9,2,2
1541,60.1,77.7,0,3
1542,73.3,65.1,3,3
1543,45.9,33.0,1,1
1544,70.8,61.8,3,3
1545,35.2,60.8,2,2
1546,91.9,96.2,0,0
1547,16.6,51.2,2,2
1548,68.8,68.3,3,3
1549,73.4,50.7,3,3
1550,99.1,80.4,3,0
1551,18.7,43.5,2,2
1552,59.3,76.8,0,3
1553,65.1,100.0,0,0
1554,28.9,36.8,2,2
1555,13.2,43.7,2,2
1556,37.2,30.4,1,1
1557,81.0,80.4,3,0
1558,72.3,69.4,3,3
1559,8.2,7.5,2,1
1560,6.2,46.4,2,2
1561,54.1,23.1,1,1
1562,44.8,14.6,1,1
1563,72.3,62.8,3,3
1564,34.4,79.4,2,2
1565,83.6,83.3,0,0
1566,78.1,46.9,3,3
1567,86.6,88.9,0,0
1568,99.7,82.2,3,0
1569,45.3,56.4,2,2
1570,100.0,89.2,3,0
1571,20.9,70.0,2,2
1572,33.6,21.4,1,1
1573,56.0,60.3,0,3
1574,34.2,20.8,1,1
1575,37.6,58.0,2,2
1576,81.6,38.6,3,3
1577,67.6,84.7,0,0
1578,100.0,62.5,3,0
1579,68.0,60.1,3,3
1580,58.6,65.0,0,3
1581,77.5,84.3,0,0
1582,29.1,39.5,2,2
1583,59.2,89.8,0,0
1584,63.6,47.8,1,3
1585,53.1,24.8,1,1
1586,21.4,63.7,2,2
1587,25.7,45.8,2,2
1588,91.5,74.7,3,0
1589,43.4,25.7,1,1
1590,93.4,91.0,3,0
1591,83.4,100.0,0,0
1592,32.6,33.8,2,2
1593,59.8,95.6,0,0
1594,68.2,34.2,1,3
1595,81.6,87.2,0,0
1596,78.8,88.2,0,0
1597,75.2,100.0,0,0
1598,76.4,82.5,0,0
1599,28.6,34.4,2,2
1600,45.5,100.0,0,0
1601,83.7,95.6,0,0
1602,50.7,33.3,1,1
1603,73.6,69.3,3,3
1604,94.8,72.1,3,0
1605,26.3,39.9,2,2
1606,20.1,20.2,2,1
1607,90.2,87.4,3,0
1608,48.1,58.0,2,2
1609,60.7,58.1,3,3
1610,59.7,33.9,1,1
1611,52.6,37.3,1,1
1612,37.1,29.6,1,1
1613,44.6,17.0,1,1
1614,51.4,48.1,1,3
1615,83.8,44.2,3,3
1616,69.9,96.0,0,0
1617,79.3,92.1,0,0
1618,36.5,10.8,1,1
1619,68.2,74.3,0,3
1620,43.6,36.7,1,1
1621,49.5,35.7,1,1
1622,76.1,80.3,0,0
1623,2.5,29.1,2,2
1624,71.7,96.9,0,0
1625,72.3,97.6,0,0
1626,50.2,12.4,1,1
1627,86.0,90.3,0,0
1628,47.4,26.9,1,1
1629,62.7,6.1,1,1
1630,96.1,85.8,3,0
1631,43.1,48.9,2,2
1632,36.8,1.8,1,1
1633,67.0,82.2,0,0
1634,32.3,30.0,2,1
1635,80.0,56.3,3,3
1636,91.5,73.3,3,0
1637,38.8,34.9,2,2
1638,89.5,41.7,3,3
1639,58.0,56.3,3,3
1640,57.2,100.0,0,0
1641,84.8,81.2,3,0
1642,71.4,63.9,3,3
1643,82.7,59.5,3,3
1644,34.5,7.7,1,1
1645,27.1,52.5,2,2
1646,49.4,30.3,1,1
1647,79.3,100.0,0,0
1648,73.9,86.2,0,0
1649,80.0,89.8,0,0
1650,50.1,0.0,1,1
1651,67.9,100.0,0,0
1652,37.4,5.0,1,1
1653,47.1,34.7,1,1
1654,36.1,18.1,1,1
1655,100.0,68.0,3,0
1656,36.4,15.3,1,1
1657,77.6,89.6,0,0
1658,98.9,98.3,0,0
1659,20.2,0.0,1,1
1660,86.6,49.0,3,3
1661,98.9,81.3,3,0
1662,72.0,64.8,3,3
1663,41.5,14.8,1,1
1664,70.6,75.5,0,0
1665,49.1,85.5,0,0
1666,46.7,5.3,1,1
1667,100.0,80.4,3,0
1668,89.5,70.6,3,0
1669,52.7,39.5,1,1
1670,100.0,72.7,3,0
1671,41.7,0.0,1,1
1672,67.6,40.8,1,3
1673,46.0,33.2,1,1
1674,35.6,37.6,2,2
1675,79.2,80.2,0,0
1676,41.9,35.9,1,1
1677,42.7,29.7,1,1
1678,37.9,28.2,1,1
1679,57.4,61.8,0,3
1680,25.2,41.6,2,2
1681,75.0,89.2,0,0
1682,48.2,41.1,1,2
1683,100.0,100.0,0,0
1684,29.6,34.6,2,2
1685,72.9,85.6,0,0
1686,66.7,97.3,0,0
1687,76.9,100.0,0,0
1688,77.5,96.1,0,0
1689,42.5,34.7,1,1
1690,45.6,38.4,1,1
1691,54.1,76.9,0,3
1692,34.3,25.9,1,1
1693,36.9,45.4,2,2
1694,48.6,41.1,1,2
1695,91.6,100.0,0,0
1696,46.4,52.0,2,2
1697,93.0,72.3,3,0
1698,75.7,100.0,0,0
1699,66.8,68.7,0,3
1700,32.8,41.4,2,2
1701,99.3,100.0,0,0
1702,100.0,78.7,3,0
1703,72.4,61.8,3,3
1704,11.2,31.9,2,2
1705,15.3,37.2,2,2
1706,46.1,29.9,1,1
1707,66.8,41.7,1,3
1708,32.5,43.5,2,2
1709,50.2,69.9,0,3
1710,77.7,64.0,3,3
1711,41.4,46.3,2,2
1712,73.9,67.0,3,3
1713,43.0,42.1,2,2
1714,99.1,50.1,3,3
1715,78.6,40.6,3,3
1716,54.8,91.9,0,0
1717,55.3,19.9,1,1
1718,36.0,18.1,1,1
1719,71.0,87.2,0,0
1720,48.4,34.7,1,1
1721,65.0,74.3,0,3
1722,81.0,59.9,3,3
1723,23.4,47.6,2,2
1724,86.1,98.0,0,0
1725,12.5,70.1,2,2
1726,100.0,55.6,3,3
1727,78.8,70.9,3,0
1728,67.8,81.3,0,0
1729,14.0,26.3,2,2
1730,98.6,79.4,3,0
1731,30.3,30.0,2,2
1732,61.3,100.0,0,0
1733,29.4,41.8,2,2
1734,47.6,43.0,1,2
1735,32.5,13.9,1,1
1736,89.3,83.5,3,0
1737,57.8,93.8,0,0
1738,56.3,63.9,0,3
1739,31.6,4.5,1,1
1740,30.9,36.9,2,2
1741,89.9,94.1,0,0
1742,77.6,60.8,3,3
1743,90.6,97.0,0,0
1744,98.2,75.1,3,0
1745,79.6,82.4,0,0
1746,100.0,39.6,3,3
1747,44.0,0.0,1,1
1748,31.4,21.1,1,1
1749,87.9,97.6,0,0
1750,24.6,62.4,2,2
1751,62.8,34.3,1,3
1752,29.9,33.0,2,2
1753,53.6,95.9,0,0
1754,40.6,89.5,0,2
1755,92.3,89.5,3,0
1756,41.8,24.6,1,1
1757,27.4,31.4,2,2
1758,66.4,65.5,3,3
1759,100.0,83.7,3,0
1760,93.5,92.1,0,0
1761,100.0,70.6,3,0
1762,60.7,69.1,0,3
1763,59.7,12.2,1,1
1764,55.7,74.0,0,3
1765,33.0,21.2,1,1
1766,58.2,44.3,1,3
1767,77.5,100.0,0,0
1768,91.3,81.4,3,0
1769,77.0,71.6,3,0
1770,59.2,24.0,1,1
1771,65.8,94.7,0,0
1772,89.6,58.8,3,3
1773,100.0,71.1,3,0
1774,100.0,48.1,3,3
1775,27.9,0.0,1,1
1776,25.6,35.8,2,2
1777,47.0,49.2,2,2
1778,42.3,41.7,2,2
1779,28.1,51.7,2,2
1780,39.9,23.1,1,1
1781,36.7,8.9,1,1
1782,23.0,19.6,2,1
1783,17.3,62.3,2,2
1784,25.9,52.2,2,2
1785,100.0,67.6,3,0
1786,30.6,64.0,2,2
1787,70.0,38.6,1,3
1788,59.8,16.6,1,1
1789,54.6,4.3,1,1
1790,58.4,98.1,0,0
1791,45.2,100.0,0,0
1792,64.1,72.6,0,3
1793,83.2,74.8,3,0
1794,62.5,56.3,3,3
1795,56.4,59.7,0,3
1796,34.1,25.8,1,1
1797,48.3,97.1,0,0
1798,44.6,45.1,2,2
1799,51.0,16.9,1,1
1800,79.4,70.7,3,0
1801,59.9,33.6,1,1
1802,96.0,96.7,0,0
1803,87.2,65.5,3,0
1804,36.4,55.7,2,2
1805,55.5,46.5,1,3
1806,65.7,83.6,0,0
1807,41.3,39.6,2,2
1808,79.0,94.5,0,0
1809,33.5,47.8,2,2
1810,81.3,71.1,3,0
1811,27.9,57.4,2,2
1812,72.4,84.6,0,0
1813,72.7,30.9,1,3
1814,98.1,80.9,3,0
1815,44.9,33.3,1,1
1816,53.9,21.5,1,1
1817,71.8,97.2,0,0
1818,78.6,31.5,1,3
1819,14.3,39.0,2,2
1820,32.9,51.8,2,2
1821,89.0,33.7,3,3
1822,49.4,19.7,1,1
1823,85.9,81.8,3,0
1824,54.6,30.6,1,1
1825,91.4,94.9,0,0
1826,54.0,41.6,1,3
1827,34.6,34.4,2,2
1828,43.5,33.3,1,1
1829,74.2,64.5,3,3
1830,50.3,57.5,2,3
1831,55.8,85.5,0,0
1832,51.7,36.4,1,1
1833,38.4,53.0,2,2
1834,49.5,25.0,1,1
1835,13.9,10.6,2,1
1836,55.3,90.0,0,0
1837,77.4,82.7,0,0
1838,79.9,81.2,0,0
1839,68.8,65.1,3,3
1840,100.0,93.5,3,0
1841,43.1,55.4,2,2
1842,21.5,50.7,2,2
1843,40.4,10.3,1,1
1844,34.9,47.2,2,2
1845,86.8,92.4,0,0
1846,57.1,75.8,0,3
1847,43.4,31.6,1,1
1848,85.3,60.2,3,3
1849,66.3,96.5,0,0
1850,85.1,82.4,3,0
1851,75.7,96.7,0,0
1852,64.0,100.0,0,0
1853,63.2,78.9,0,0
1854,94.8,85.0,3,0
1855,30.1,47.4,2,2
1856,80.5,53.0,3,3
1857,26.3,17.8,2,1
1858,62.0,76.1,0,3
1859,69.5,20.9,1,1
1860,72.2,69.7,3,3
1861,69.1,89.9,0,0
1862,54.2,59.6,2,3
1863,71.6,63.0,3,3
1864,52.7,37.3,1,1
1865,60.6,32.8,1,1
1866,74.3,81.2,0,0
1867,40.7,50.4,2,2
1868,62.2,12.6,1,1
1869,88.1,83.7,3,0
1870,88.3,100.0,0,0
1871,65.1,39.7,1,3
1872,84.6,86.5,0,0
1873,42.1,25.9,1,1
1874,78.2,54.2,3,3
1875,47.1,41.8,1,2
1876,80.4,100.0,0,0
1877,28.3,16.7,1,1
1878,38.7,59.6,2,2
1879,35.0,8.4,1,1
1880,24.7,46.0,2,2
1881,51.2,73.9,0,3
1882,85.3,100.0,0,0
1883,45.9,35.8,1,1
1884,28.9,9.7,1,1
1885,65.7,59.0,3,3
1886,81.1,50.8,3,3
1887,74.5,74.2,3,0
1888,74.4,80.4,0,0
1889,89.9,53.0,3,3
1890,55.2,89.8,0,0
1891,91.1,87.4,3,0
1892,30.3,38.0,2,2
1893,25.7,32.1,2,2
1894,55.0,87.4,0,0
1895,69.6,91.9,0,0
1896,22.7,30.7,2,2
1897,44.7,20.4,1,1
1898,66.9,83.0,0,0
1899,82.1,81.1,3,0
1900,80.4,77.5,3,0
1901,67.1,73.7,0,3
1902,35.6,40.0,2,2
1903,63.8,91.4,0,0
1904,40.6,34.1,1,1
1905,99.3,100.0,0,0
1906,54.1,28.7,1,1
1907,90.3,99.2,0,0
1908,74.4,66.7,3,3
1909,62.0,41.3,1,3
1910,42.6,41.5,2,2
1911,39.5,30.4,1,1
1912,64.4,16.9,1,1
1913,47.5,40.2,1,2
1914,37.1,31.6,2,1
1915,41.7,47.6,2,2
1916,41.5,37.4,2,2
1917,17.1,10.7,2,1
1918,79.9,88.1,0,0
1919,39.9,44.2,2,2
1920,63.1,95.3,0,0
1921,87.5,100.0,0,0
1922,44.4,44.9,2,2
1923,68.7,74.0,0,3
1924,64.3,59.4,3,3
1925,70.2,22.5,1,1
1926,100.0,100.0,0,0
1927,91.6,76.0,3,0
1928,90.6,100.0,0,0
1929,49.0,87.0,0,0
1930,23.6,12.4,2,1
1931,88.3,100.0,0,0
1932,66.1,10.1,1,1
1933,52.6,89.0,0,0
1934,94.6,50.1,3,3
1935,87.5,60.8,3,3
1936,35.6,27.4,1,1
1937,36.9,67.7,2,2
1938,34.5,42.2,2,2
1939,54.3,33.8,1,1
1940,93.5,71.7,3,0
1941,30.9,56.3,2,2
1942,31.2,44.0,2,2
1943,24.7,38.5,2,2
1944,51.8,18.3,1,1
1945,50.9,59.4,2,3
1946,69.4,83.5,0,0
1947,16.7,51.5,2,2
1948,100.0,74.4,3,0
1949,75.1,45.7,3,3
1950,100.0,100.0,0,0
1951,70.7,70.6,3,3
1952,79.9,92.9,0,0
1953,78.6,71.8,3,0
1954,47.9,51.4,2,2
1955,93.0,66.2,3,0
1956,59.8,38.2,1,3
1957,57.0,84.4,0,0
1958,66.6,82.1,0,0
1959,88.4,60.1,3,3
1960,51.9,100.0,0,0
1961,19.5,38.7,2,2
1962,38.1,26.5,1,1
1963,86.2,71.5,3,0
1964,82.7,87.0,0,0
1965,38.8,79.3,2,2
1966,70.8,60.3,3,3
1967,75.4,57.7,3,3
1968,89.9,100.0,0,0
1969,84.4,85.1,0,0
1970,47.1,11.2,1,1
1971,100.0,75.1,3,0
1972,30.9,77.0,2,2
1973,68.0,82.9,0,0
1974,94.8,66.5,3,0
1975,41.2,44.1,2,2
1976,39.5,20.9,1,1
1977,10.4,23.8,2,2
1978,89.8,89.1,0,0
1979,44.5,42.8,2,2
1980,61.7,100.0,0,0
1981,57.6,40.6,1,3
1982,32.1,32.7,2,2
1983,25.1,43.6,2,2
1984,53.9,18.0,1,1
1985,35.2,50.4,2,2
1986,63.3,45.7,1,3
1987,64.9,91.1,0,0
1988,73.5,94.2,0,0
1989,56.6,85.3,0,0
1990,57.8,47.4,1,3
1991,64.4,60.3,3,3
1992,10.8,13.6,2,1
1993,20.7,51.7,2,2
1994,70.7,54.4,3,3
1995,45.3,0.0,1,1
1996,81.6,66.0,3,3
1997,48.7,10.1,1,1
1998,60.2,47.3,1,3
1999,63.8,82.5,0,0
2000,17.6,10.4,2,1
2001,68.0,95.9,0,0
2002,80.5,22.5,1,3
2003,82.8,74.9,3,0
2004,14.5,5.9,2,1
2005,48.5,43.0,1,2
2006,30.2,26.7,2,1
2007,39.3,31.1,1,1
2008,65.8,76.5,0,0
2009,94.8,70.0,3,0
2010,35.8,43.3,2,2
2011,93.8,82.2,3,0
2012,68.0,66.0,3,3
2013,51.9,46.3,1,3
2014,51.3,59.0,2,3
2015,47.3,18.1,1,1
2016,61.6,62.6,3,3
2017,37.0,24.3,1,1
2018,28.8,47.8,2,2
2019,66.0,67.0,0,3
2020,34.5,19.6,1,1
2021,65.4,47.2,1,3
2022,85.6,72.5,3,0
2023,18.6,34.7,2,2
2024,88.7,71.8,3,0
2025,98.8,92.6,3,0
2026,47.5,24.9,1,1
2027,26.1,3.1,1,1
2028,100.0,93.3,3,0
2029,100.0,72.0,3,0
2030,54.2,31.6,1,1
2031,74.6,100.0,0,0
2032,91.7,83.4,3,0
2033,46.0,11.3,1,1
2034,100.0,100.0,0,0
2035,57.4,60.9,0,3
2036,65.6,54.0,3,3
2037,46.4,14.1,1,1
2038,71.5,66.7,3,3
2039,95.6,61.4,3,0
2040,68.5,92.5,0,0
2041,61.9,35.0,1,3
2042,28.6,22.4,2,1
2043,16.7,19.4,2,1
2044,97.9,100.0,0,0
2045,57.3,12.2,1,1
2046,64.0,28.3,1,1
2047,66.2,49.4,3,3
2048,70.3,71.2,0,3
2049,78.9,71.7,3,0
2050,68.9,75.2,0,0
2051,76.5,100.0,0,0
2052,34.0,4.6,1,1
2053,39.1,37.1,2,2
2054,65.5,73.7,0,3
2055,85.0,91.7,0,0
2056,85.6,69.9,3,0
2057,74.9,79.0,0,0
2058,39.8,10.2,1,1
2059,40.3,0.0,1,1
2060,73.0,64.0,3,3
2061,40.5,6.6,1,1
2062,100.0,90.8,3,0
2063,18.7,13.2,2,1
2064,26.1,47.0,2,2
2065,78.4,97.8,0,0
2066,69.6,33.5,1,3
2067,64.4,100.0,0,0
2068,76.5,85.2,0,0
2069,33.2,45.5,2,2
2070,73.1,100.0,0,0
2071,100.0,94.3,3,0
2072,46.4,43.6,1,2
2073,50.6,11.5,1,1
2074,80.2,66.9,3,3
2075,44.8,40.6,1,2
2076,52.0,86.7,0,0
2077,50.7,86.1,0,0
2078,42.2,49.1,2,2
2079,20.1,37.6,2,2
2080,66.3,67.0,3,3
2081,100.0,74.2,3,0
2082,71.7,100.0,0,0
2083,61.8,83.9,0,0
2084,65.5,70.8,0,3
2085,73.2,84.3,0,0
2086,82.6,84.6,0,0
2087,72.1,8.9,1,1
2088,75.9,71.7,3,0
2089,25.3,19.3,2,1
2090,81.8,100.0,0,0
2091,85.2,96.0,0,0
2092,53.8,41.0,1,3
2093,70.3,71.3,0,3
2094,26.6,46.3,2,2
2095,33.1,0.0,1,1
2096,56.3,80.3,0,3
2097,83.9,93.2,0,0
2098,39.5,33.0,1,1
2099,70.9,98.3,0,0
2100,68.9,100.0,0,0
2101,39.2,40.0,2,2
2102,46.9,18.8,1,1
2103,41.8,24.3,1,1
2104,44.7,64.7,2,2
2105,76.7,92.9,0,0
2106,41.7,78.9,0,2
2107,32.5,27.8,2,1
2108,0.0,24.9,2,2
2109,66.1,100.0,0,0
2110,68.3,95.9,0,0
2111,39.4,18.4,1,1
2112,87.0,45.7,3,3
2113,13.4,0.0,2,1
2114,31.5,37.6,2,2
2115,22.3,53.2,2,2
2116,27.2,47.0,2,2
2117,92.0,53.2,3,3
2118,61.5,76.2,0,3
2119,40.6,50.0,2,2
2120,46.8,43.0,1,2
2121,100.0,81.7,3,0
2122,55.7,45.6,1,3
2123,94.8,100.0,0,0
2124,35.6,32.2,2,1
2125,37.9,51.7,2,2
2126,77.4,74.6,3,0
2127,95.1,100.0,0,0
2128,38.6,14.9,1,1
2129,39.0,42.2,2,2
2130,25.4,39.7,2,2
2131,67.5,70.6,0,3
2132,80.9,56.4,3,3
2133,27.3,55.7,2,2
2134,50.6,67.0,0,3
2135,38.5,47.7,2,2
2136,33.3,25.7,2,1
2137,65.7,70.6,0,3
2138,86.9,67.1,3,0
2139,64.4,89.3,0,0
2140,53.2,44.2,1,3
2141,85.4,86.1,0,0
2142,80.5,77.1,3,0
2143,40.0,0.0,1,1
2144,68.5,100.0,0,0
2145,34.3,29.4,2,1
2146,73.3,100.0,0,0
2147,100.0,52.4,3,3
2148,76.9,66.1,3,3
2149,39.7,20.6,1,1
2150,86.5,65.9,3,0
2151,73.1,76.7,0,0
2152,74.4,85.7,0,0
2153,68.9,80.5,0,0
2154,39.5,23.2,1,1
2155,25.3,21.2,2,1
2156,65.9,71.0,0,3
2157,57.6,33.0,1,1
2158,84.1,100.0,0,0
2159,81.3,68.5,3,0
2160,100.0,51.9,3,3
2161,68.7,82.2,0,0
2162,74.2,73.9,3,0
2163,85.1,88.2,0,0
2164,53.6,45.0,1,3
2165,36.6,65.0,2,2
2166,48.1,73.4,0,3
2167,72.6,87.9,0,0
2168,30.9,39.8,2,2
2169,40.8,41.4,2,2
2170,64.0,73.7,0,3
2171,42.4,37.6,1,2
2172,34.3,49.2,2,2
2173,47.0,33.5,1,1
2174,66.4,72.2,0,3
2175,46.1,65.9,2,2
2176,24.1,28.4,2,2
2177,39.8,82.8,0,2
2178,65.0,75.8,0,3
2179,69.5,41.0,1,3
2180,70.9,96.9,0,0
2181,48.9,72.6,0,3
2182,31.7,47.6,2,2
2183,21.5,13.9,2,1
2184,67.8,68.8,0,3
2185,39.2,57.7,2,2
2186,78.6,56.5,3,3
2187,80.5,89.2,0,0
2188,88.3,100.0,0,0
2189,61.3,48.3,1,3
2190,85.5,51.8,3,3
2191,56.3,21.4,1,1
2192,40.9,59.7,2,2
2193,69.7,13.6,1,1
2194,19.8,37.2,2,2
2195,87.6,73.5,3,0
2196,93.0,71.4,3,0
2197,71.3,93.8,0,0
2198,27.0,20.7,2,1
2199,75.3,97.5,0,0
2200,99.2,58.9,3,0
2201,43.1,43.3,2,2
2202,10.8,30.3,2,2
2203,62.7,15.4,1,1
2204,57.0,0.0,1,1
2205,92.3,55.3,3,3
2206,9.4,33.5,2,2
2207,10.7,49.7,2,2
2208,29.5,38.8,2,2
2209,23.1,16.5,2,1
2210,64.9,81.4,0,0
2211,60.7,100.0,0,0
2212,67.9,82.7,0,0
2213,56.0,69.7,0,3
2214,79.3,30.7,1,3
2215,96.7,59.9,3,0
2216,42.9,20.0,1,1
2217,78.7,73.8,3,0
2218,98.9,70.4,3,0
2219,75.7,39.5,3,3
2220,82.8,89.6,0,0
2221,31.1,22.5,2,1
2222,83.7,66.3,3,0
2223,65.7,3.4,1,1
2224,85.8,96.8,0,0
2225,74.8,96.5,0,0
2226,95.8,41.2,3,3
2227,28.5,59.8,2,2
2228,30.8,39.9,2,2
2229,51.1,81.4,0,3
2230,78.1,100.0,0,0
2231,60.6,74.4,0,3
2232,56.1,14.1,1,1
2233,64.2,12.9,1,1
2234,30.1,50.1,2,2
2235,80.3,61.5,3,3
2236,73.3,80.0,0,0
2237,65.0,47.7,1,3
2238,47.6,37.1,1,1
2239,84.5,89.5,0,0
2240,47.2,54.7,2,2
2241,74.8,69.5,3,3
2242,75.8,80.4,0,0
2243,38.8,30.1,1,1
2244,69.9,88.9,0,0
2245,67.7,75.0,0,0
2246,40.2,24.7,1,1
2247,47.8,27.9,1,1
2248,33.3,27.4,2,1
2249,78.0,70.0,3,0
2250,18.2,61.8,2,2
2251,57.4,51.6,1,3
2252,33.4,61.4,2,2
2253,95.5,49.5,3,3
2254,60.8,69.8,0,3
2255,91.9,76.0,3,0
2256,50.1,30.0,1,1
2257,52.9,22.9,1,1
2258,30.8,14.4,1,1
2259,87.9,87.4,0,0
2260,99.4,92.7,3,0
2261,23.5,56.7,2,2
2262,42.1,20.1,1,1
2263,100.0,72.0,3,0
2264,41.4,27.4,1,1
2265,71.0,27.7,1,3
2266,97.5,90.8,3,0
2267,76.9,81.2,0,0
2268,79.0,97.2,0,0
2269,57.5,36.1,1,1
2270,82.2,77.8,3,0
2271,87.5,100.0,0,0
2272,41.6,29.4,1,1
2273,96.1,64.6,3,0
2274,74.3,62.0,3,3
2275,44.7,65.4,2,2
2276,50.8,92.9,0,0
2277,98.3,85.6,3,0
2278,79.8,71.5,3,0
2279,65.8,40.6,1,3
2280,46.3,2.0,1,1
2281,70.4,72.1,0,3
2282,61.3,72.8,0,3
2283,20.2,22.2,2,1
2284,68.1,73.8,0,3
2285,49.8,37.7,1,1
2286,87.5,68.5,3,0
2287,97.9,83.8,3,0
2288,30.1,0.0,1,1
2289,36.4,22.4,1,1
2290,79.8,68.6,3,0
2291,80.6,100.0,0,0
2292,37.3,44.4,2,2
2293,38.6,29.2,1,1
2294,86.9,84.3,3,0
2295,33.8,36.5,2,2
2296,39.1,47.4,2,2
2297,77.0,100.0,0,0
2298,34.7,41.8,2,2
2299,40.1,61.6,2,2
2300,9.8,40.5,2,2
2301,20.0,31.9,2,2
2302,87.8,75.9,3,0
2303,92.2,84.6,3,0
2304,95.3,95.3,0,0
2305,72.9,66.2,3,3
2306,80.4,31.9,3,3
2307,35.0,40.7,2,2
2308,27.2,28.2,2,2
2309,67.3,92.9,0,0
2310,68.6,99.6,0,0
2311,37.7,43.9,2,2
2312,79.3,74.5,3,0
2313,64.1,25.9,1,1
2314,26.6,29.9,2,2
2315,52.6,76.8,0,3
2316,58.8,53.8,1,3
2317,88.7,82.3,3,0
2318,41.7,21.2,1,1
2319,20.5,48.0,2,2
2320,11.9,42.1,2,2
2321,69.4,26.2,1,3
2322,94.1,81.4,3,0
2323,46.7,36.7,1,1
2324,37.0,9.8,1,1
2325,61.2,60.6,3,3
2326,63.1,17.1,1,1
2327,84.6,79.5,3,0
2328,81.8,28.2,1,3
2329,48.9,68.7,0,3
2330,47.5,23.2,1,1
2331,78.9,80.8,0,0
2332,54.5,100.0,0,0
2333,73.5,70.3,3,3
2334,72.0,93.7,0,0
2335,76.0,53.5,3,3
2336,15.6,43.7,2,2
2337,87.3,81.8,3,0
2338,46.0,31.6,1,1
2339,84.5,65.8,3,0
2340,44.8,45.0,2,2
2341,66.0,0.0,1,1
2342,56.7,58.1,3,3
2343,95.1,100.0,0,0
2344,59.5,22.2,1,1
2345,45.2,53.9,2,2
2346,100.0,74.6,3,0
2347,37.0,10.8,1,1
2348,47.7,51.3,2,2
2349,48.5,33.5,1,1
2350,86.2,39.7,3,3
2351,37.7,1.9,1,1
2352,48.2,15.0,1,1
2353,54.4,69.7,0,3
2354,40.8,0.0,1,1
2355,8.1,22.9,2,2
2356,75.5,74.3,3,0
2357,87.9,64.6,3,0
2358,71.0,66.7,3,3
2359,44.7,35.0,1,1
2360,67.1,48.4,3,3
2361,81.0,82.7,0,0
2362,61.2,84.5,0,0
2363,32.8,77.6,2,2
2364,62.0,39.0,1,3
2365,94.0,88.0,3,0
2366,38.5,38.7,2,2
2367,20.2,17.3,2,1
2368,100.0,87.3,3,0
2369,35.6,61.1,2,2
2370,94.3,84.5,3,0
2371,67.4,76.0,0,0
2372,80.6,53.0,3,3
2373,2.2,49.5,2,2
2374,8.1,11.7,2,1
2375,49.4,1.5,1,1
2376,22.4,43.7,2,2
2377,36.3,13.8,1,1
2378,93.2,55.0,3,3
2379,84.3,65.3,3,3
2380,70.4,68.8,3,3
2381,69.2,47.2,3,3
2382,17.1,18.5,2,1
2383,13.4,14.4,2,1
2384,73.9,89.2,0,0
2385,35.3,24.3,1,1
2386,49.7,20.2,1,1
2387,72.7,94.3,0,0
2388,77.8,88.5,0,0
2389,59.9,63.5,0,3
2390,37.5,31.8,2,1
2391,91.5,62.4,3,0
2392,48.7,40.0,1,1
2393,78.9,69.9,3,0
2394,43.7,4.1,1,1
2395,63.2,59.2,3,3
2396,58.4,21.6,1,1
2397,44.7,7.9,1,1
2398,24.9,29.9,2,2
2399,79.3,81.7,0,0
2400,83.6,76.9,3,0
2401,74.0,71.3,3,0
2402,37.3,0.0,1,1
2403,76.7,82.8,0,0
2404,53.5,89.3,0,0
2405,49.9,65.1,2,3
2406,74.4,100.0,0,0
2407,28.5,52.1,2,2
2408,48.5,23.9,1,1
2409,76.1,91.7,0,0
2410,51.6,15.8,1,1
2411,35.4,46.0,2,2
2412,92.0,85.2,3,0
2413,77.3,94.6,0,0
2414,74.5,80.7,0,0
2415,78.6,74.9,3,0
2416,53.0,79.9,0,3
2417,67.0,62.8,3,3
2418,33.6,25.4,1,1
2419,36.8,48.4,2,2
2420,53.3,25.4,1,1
2421,35.1,25.5,1,1
2422,50.5,2.4,1,1
2423,73.7,32.8,1,3
2424,37.6,40.0,2,2
2425,73.4,43.2,3,3
2426,94.3,100.0,0,0
2427,77.5,68.4,3,3
2428,92.6,78.5,3,0
2429,81.6,45.8,3,3
2430,40.2,79.9,0,2
2431,61.1,81.0,0,0
2432,74.7,100.0,0,0
2433,53.2,41.5,1,3
2434,24.4,39.2,2,2
2435,76.0,48.7,3,3
2436,10.5,55.1,2,2
2437,48.3,17.1,1,1
2438,51.7,39.6,1,1
2439,71.6,78.6,0,0
2440,42.3,40.6,2,2
2441,97.2,93.6,3,0
2442,49.6,27.8,1,1
2443,45.2,32.5,1,1
2444,21.9,36.3,2,2
2445,45.9,29.8,1,1
2446,64.2,75.6,0,3
2447,99.9,76.3,3,0
2448,30.2,12.8,1,1
2449,81.4,75.0,3,0
2450,33.3,43.9,2,2
2451,42.4,43.7,2,2
2452,58.7,32.5,1,1
2453,80.0,63.6,3,3
2454,72.0,70.9,3,3
2455,74.3,92.3,0,0
2456,22.5,31.9,2,2
2457,86.5,63.5,3,3
2458,44.3,16.0,1,1
2459,65.8,89.7,0,0
2460,50.7,27.5,1,1
2461,37.6,75.5,2,2
2462,51.6,19.9,1,1
2463,80.2,43.0,3,3
2464,92.4,75.1,3,0
2465,33.9,23.1,1,1
2466,60.9,37.6,1,3
2467,64.4,98.5,0,0
2468,52.4,40.3,1,1
2469,60.2,72.2,0,3
2470,58.2,11.4,1,1
2471,82.4,48.5,3,3
2472,81.0,66.1,3,3
2473,100.0,49.1,3,3
2474,94.4,51.7,3,3
2475,61.8,73.1,0,3
2476,69.8,90.1,0,0
2477,91.8,81.6,3,0
2478,77.0,100.0,0,0
2479,74.6,82.2,0,0
2480,50.9,69.9,0,3
2481,71.5,76.0,0,0
2482,39.1,30.2,1,1
2483,35.8,50.8,2,2
2484,95.1,50.9,3,3
2485,34.2,35.2,2,2
2486,25.6,8.6,1,1
2487,24.3,16.6,2,1
2488,100.0,69.2,3,0
2489,36.4,0.0,1,1
2490,82.0,60.3,3,3
2491,86.0,63.2,3,3
2492,37.4,39.5,2,2
2493,71.0,29.7,1,3
2494,55.7,77.8,0,3
2495,43.4,49.7,2,2
2496,44.0,52.6,2,2
2497,69.2,78.9,0,0
2498,49.4,45.5,1,2
2499,17.9,50.6,2,2
2500,84.5,95.5,0,0
2501,51.7,45.8,1,3
2502,24.2,9.1,1,1
2503,58.0,54.5,1,3
2504,71.3,80.8,0,0
2505,57.4,58.4,3,3
2506,48.8,61.2,2,3
2507,71.7,100.0,0,0
2508,55.3,75.4,0,3
2509,97.0,95.3,0,0
2510,40.4,47.4,2,2
2511,36.9,21.3,1,1
2512,75.9,82.1,0,0
2513,50.6,27.2,1,1
2514,58.7,67.7,0,3
2515,89.8,100.0,0,0
2516,64.2,100.0,0,0
2517,36.7,48.0,2,2
2518,92.3,50.6,3,3
2519,40.6,71.8,2,2
2520,88.5,67.1,3,0
2521,78.0,63.0,3,3
2522,79.5,68.3,3,0
2523,55.3,45.5,1,3
2524,63.0,62.4,3,3
2525,65.2,59.4,3,3
2526,82.6,57.9,3,3
2527,32.6,28.0,2,1
2528,76.8,89.1,0,0
2529,61.2,0.0,1,1
2530,41.3,35.5,1,1
2531,89.3,77.3,3,0
2532,30.0,26.0,2,1
2533,40.0,46.1,2,2
2534,39.3,40.1,2,2
2535,58.2,25.3,1,1
2536,52.1,25.7,1,1
2537,48.9,35.2,1,1
2538,52.0,73.7,0,3
2539,78.7,75.3,3,0
2540,28.6,8.4,1,1
2541,78.5,56.5,3,3
2542,82.2,70.0,3,0
2543,62.1,91.0,0,0
2544,83.3,88.0,0,0
2545,97.0,58.2,3,3
2546,46.6,20.3,1,1
2547,32.7,18.0,1,1
2548,86.1,95.1,0,0
2549,67.0,78.0,0,0
2550,64.9,75.6,0,3
2551,50.7,79.5,0,3
2552,40.8,49.8,2,2
2553,80.4,72.7,3,0
2554,82.9,93.5,0,0
2555,53.7,46.0,1,3
2556,91.1,100.0,0,0
2557,44.5,32.5,1,1
2558,24.7,13.2,1,1
2559,41.0,45.5,2,2
2560,78.5,72.7,3,0
2561,54.6,18.3,1,1
2562,50.5,38.1,1,1
2563,63.8,88.2,0,0
2564,33.4,0.0,1,1
2565,43.3,37.5,1,2
2566,74.4,100.0,0,0
2567,67.1,52.1,3,3
2568,42.4,31.2,1,1
2569,73.6,100.0,0,0
2570,90.0,95.6,0,0
2571,87.4,85.3,3,0
2572,37.8,47.2,2,2
2573,34.1,23.9,1,1
2574,20.1,36.7,2,2
2575,25.9,45.9,2,2
2576,82.1,53.1,3,3
2577,87.1,67.5,3,0
2578,44.8,55.0,2,2
2579,43.9,48.0,2,2
2580,44.6,49.6,2,2
2581,40.7,52.7,2,2
2582,75.5,83.0,0,0
2583,91.4,88.6,3,0
2584,54.5,61.5,0,3
2585,43.8,8.0,1,1
2586,58.0,76.4,0,3
2587,92.9,54.6,3,3
2588,43.6,55.6,2,2
2589,68.3,90.2,0,0
2590,6.6,58.9,2,2
2591,70.5,78.9,0,0
2592,100.0,83.9,3,0
2593,100.0,89.2,3,0
2594,39.3,45.6,2,2
2595,65.2,84.2,0,0
2596,50.0,34.5,1,1
2597,77.3,90.2,0,0
2598,12.0,29.3,2,2
2599,90.2,84.8,3,0
2600,79.6,43.6,3,3
2601,12.1,38.4,2,2
2602,45.6,34.2,1,1
2603,20.0,45.6,2,2
2604,42.6,62.3,2,2
2605,95.5,77.1,3,0
2606,55.4,55.6,1,3
2607,100.0,53.7,3,3
2608,22.5,0.0,1,1
2609,11.9,0.1,2,1
2610,41.5,32.7,1,1
2611,36.7,48.5,2,2
2612,86.3,62.3,3,3
2613,85.7,81.6,3,0
2614,27.7,31.1,2,2
2615,81.7,81.9,0,0
2616,41.1,42.2,2,2
2617,40.5,48.2,2,2
2618,47.2,46.5,2,2
2619,54.0,79.6,0,3
2620,90.0,97.3,0,0
2621,69.6,67.9,3,3
2622,28.5,31.0,2,2
2623,90.6,91.5,0,0
2624,49.3,39.6,1,1
2625,50.3,28.3,1,1
2626,55.2,45.5,1,3
2627,95.0,99.2,0,0
2628,48.2,39.1,1,1
2629,82.1,80.7,3,0
2630,31.4,50.5,2,2
2631,3.1,23.8,2,2
2632,65.9,61.0,3,3
2633,92.4,65.2,3,0
2634,79.3,98.5,0,0
2635,58.0,64.2,0,3
2636,76.5,28.7,1,3
2637,39.9,54.1,2,2
2638,67.2,64.3,3,3
2639,57.4,51.7,1,3
2640,48.4,63.0,2,3
2641,37.3,8.4,1,1
2642,51.1,33.9,1,1
2643,67.2,18.2,1,1
2644,64.2,22.9,1,1
2645,100.0,71.6,3,0
2646,59.8,56.0,3,3
2647,69.9,78.1,0,0
2648,46.9,48.7,2,2
2649,31.8,31.1,2,2
2650,72.5,44.0,3,3
2651,86.4,40.9,3,3
2652,44.6,32.1,1,1
2653,46.2,12.5,1,1
2654,78.0,63.7,3,3
2655,38.5,45.0,2,2
2656,64.0,43.2,1,3
2657,30.2,46.9,2,2
2658,18.9,42.3,2,2
2659,43.1,18.6,1,1
2660,11.3,63.1,2,2
2661,100.0,73.8,3,0
2662,34.2,37.7,2,2
2663,72.6,90.0,0,0
2664,59.5,37.3,1,3
2665,62.1,32.3,1,3
2666,61.3,24.0,1,1
2667,74.6,88.7,0,0
2668,88.6,96.5,0,0
2669,77.3,93.6,0,0
2670,26.9,23.8,2,1
2671,36.1,34.1,2,2
2672,84.4,100.0,0,0
2673,70.2,90.6,0,0
2674,45.2,43.0,2,2
2675,46.8,78.6,0,3
2676,40.4,33.8,1,1
2677,32.6,1.5,1,1
2678,100.0,82.3,3,0
2679,49.7,98.0,0,0
2680,69.5,78.3,0,0
2681,79.6,100.0,0,0
2682,32.5,15.9,1,1
2683,100.0,90.0,3,0
2684,68.9,58.5,3,3
2685,55.4,83.1,0,0
2686,82.6,69.9,3,0
2687,37.2,34.4,2,2
2688,18.3,35.3,2,2
2689,38.7,5.3,1,1
2690,42.6,40.3,2,2
2691,34.0,32.4,2,2
2692,51.8,45.7,1,3
2693,86.9,70.2,3,0
2694,97.5,87.5,3,0
2695,65.8,56.5,3,3
2696,60.5,75.4,0,3
2697,48.8,42.4,1,2
2698,92.0,53.5,3,3
2699,45.7,18.0,1,1
2700,72.0,96.4,0,0
2701,43.0,16.6,1,1
2702,8.6,22.4,2,2
2703,30.2,43.8,2,2
2704,100.0,78.9,3,0
2705,64.9,67.7,0,3
2706,28.1,35.3,2,2
2707,83.7,100.0,0,0
2708,51.4,30.7,1,1
2709,26.4,0.0,1,1
2710,76.8,28.0,1,3
2711,98.6,57.9,3,0
2712,47.1,17.3,1,1
2713,62.6,44.8,1,3
2714,49.9,17.1,1,1
2715,93.3,89.7,3,0
2716,70.0,98.3,0,0
2717,81.2,66.1,3,3
2718,57.7,84.5,0,0
2719,76.8,42.5,3,3
2720,37.7,68.5,2,2
2721,60.9,96.9,0,0
2722,43.6,55.2,2,2
2723,36.3,0.0,1,1
2724,7.0,18.7,2,2
2725,94.5,100.0,0,0
2726,86.1,84.6,3,0
2727,62.7,84.5,0,0
2728,30.8,45.6,2,2
2729,33.0,21.4,1,1
2730,54.6,15.4,1,1
2731,61.4,75.8,0,3
2732,53.9,16.9,1,1
2733,18.0,66.7,2,2
2734,64.3,87.9,0,0
2735,75.7,68.7,3,3
2736,38.6,39.5,2,2
2737,35.3,31.8,2,1
2738,73.8,59.9,3,3
2739,48.8,34.9,1,1
2740,85.6,100.0,0,0
2741,21.1,39.2,2,2
2742,88.7,72.0,3,0
2743,100.0,78.9,3,0
2744,35.6,33.8,2,2
2745,78.4,48.3,3,3
2746,78.3,83.5,0,0
2747,39.4,0.0,1,1
2748,9.4,48.1,2,2
2749,54.5,16.8,1,1
2750,52.7,19.8,1,1
2751,50.5,26.7,1,1
2752,84.1,67.6,3,0
2753,36.2,13.0,1,1
2754,80.8,100.0,0,0
2755,44.0,73.0,2,2
2756,40.8,36.7,2,2
2757,86.2,79.6,3,0
2758,100.0,91.3,3,0
2759,40.3,18.8,1,1
2760,25.7,56.7,2,2
2761,43.0,75.3,0,2
2762,51.7,20.3,1,1
2763,74.0,81.9,0,0
2764,57.3,34.2,1,1
2765,76.1,91.0,0,0
2766,64.7,60.6,3,3
2767,55.9,82.5,0,0
2768,49.5,45.4,1,2
2769,83.1,54.6,3,3
2770,66.4,47.1,3,3
2771,65.6,95.0,0,0
2772,100.0,67.7,3,0
2773,77.9,59.1,3,3
2774,21.3,74.7,2,2
2775,80.5,76.6,3,0
2776,86.3,69.8,3,0
2777,23.1,60.4,2,2
2778,48.5,79.8,0,3
2779,30.1,43.3,2,2
2780,37.7,69.8,2,2
2781,17.8,47.9,2,2
2782,42.7,21.6,1,1
2783,100.0,57.3,3,0
2784,26.4,37.0,2,2
2785,30.3,41.2,2,2
2786,33.1,26.3,2,1
2787,39.9,45.7,2,2
2788,23.9,28.2,2,2
2789,14.4,54.7,2,2
2790,59.3,19.4,1,1
2791,96.7,72.3,3,0
2792,91.2,75.6,3,0
2793,69.8,71.9,0,3
2794,24.9,18.4,2,1
2795,26.3,45.6,2,2
2796,75.3,84.8,0,0
2797,79.5,83.8,0,0
2798,41.1,62.5,2,2
2799,34.0,39.5,2,2
2800,54.2,54.9,2,3
2801,88.4,100.0,0,0
2802,59.9,53.6,1,3
2803,45.7,14.9,1,1
2804,56.9,67.0,0,3
2805,70.3,100.0,0,0
2806,51.4,17.7,1,1
2807,59.9,34.2,1,1
2808,31.5,26.1,2,1
2809,67.1,20.8,1,1
2810,27.0,9.2,1,1
2811,40.0,43.3,2,2
2812,42.4,100.0,0,0
2813,70.9,86.1,0,0
2814,21.1,20.8,2,1
2815,89.7,78.5,3,0
2816,72.6,100.0,0,0
2817,100.0,58.4,3,0
2818,38.6,54.2,2,2
2819,90.3,66.3,3,0
2820,95.1,97.8,0,0
2821,100.0,82.6,3,0
2822,56.8,100.0,0,0
2823,54.8,79.5,0,3
2824,72.0,72.5,0,0
2825,96.6,59.3,3,0
2826,54.5,70.2,0,3
2827,63.7,73.8,0,3
2828,78.1,75.4,3,0
2829,81.9,82.0,0,0
2830,72.3,85.5,0,0
2831,97.0,70.4,3,0
2832,31.2,37.2,2,2
2833,52.2,76.9,0,3
2834,39.7,20.0,1,1
2835,46.4,87.9,0,0
2836,49.3,12.8,1,1
2837,97.7,50.9,3,3
2838,64.6,48.9,3,3
2839,67.6,54.6,3,3
2840,100.0,67.8,3,0
2841,15.5,65.7,2,2
2842,45.3,35.9,1,1
2843,88.8,80.8,3,0
2844,78.3,45.1,3,3
2845,68.0,65.3,3,3
2846,38.2,32.1,1,1
2847,46.8,39.2,1,1
2848,65.9,56.5,3,3
2849,90.6,88.4,3,0
2850,87.8,97.5,0,0
2851,63.4,59.1,3,3
2852,52.5,34.7,1,1
2853,83.2,60.6,3,3
2854,29.8,7.1,1,1
2855,29.1,34.4,2,2
2856,25.0,30.3,2,2
2857,56.6,22.0,1,1
2858,32.9,0.0,1,1
2859,80.6,100.0,0,0
2860,59.9,67.6,0,3
2861,51.6,40.2,1,1
2862,85.7,72.5,3,0
2863,57.2,32.6,1,1
2864,25.8,41.4,2,2
2865,100.0,58.3,3,0
2866,62.9,100.0,0,0
2867,64.8,30.6,1,3
2868,59.3,20.3,1,1
2869,12.3,29.1,2,2
2870,88.1,68.9,3,0
2871,85.5,51.8,3,3
2872,44.0,22.5,1,1
2873,60.7,62.3,0,3
2874,64.9,81.3,0,0
2875,30.0,43.7,2,2
2876,42.3,38.1,2,2
2877,79.8,66.8,3,3
2878,91.1,57.2,3,3
2879,16.4,0.0,1,1
2880,30.4,55.8,2,2
2881,60.5,76.6,0,3
2882,65.1,83.0,0,0
2883,93.9,85.6,3,0
2884,41.7,27.1,1,1
2885,49.0,59.5,2,3
2886,83.4,63.2,3,3
2887,43.8,40.4,2,2
2888,33.3,29.2,2,1
2889,15.7,33.6,2,2
2890,0.0,31.5,2,2
2891,84.5,76.1,3,0
2892,99.8,67.0,3,0
2893,100.0,90.8,3,0
2894,58.5,40.4,1,3
2895,83.2,57.6,3,3
2896,20.8,45.0,2,2
2897,49.1,30.2,1,1
2898,32.9,43.2,2,2
2899,99.6,54.9,3,3
2900,56.4,33.8,1,1
2901,100.0,60.5,3,0
2902,88.4,62.4,3,3
2903,61.1,41.5,1,3
2904,23.7,56.5,2,2
2905,100.0,67.8,3,0
2906,40.7,14.3,1,1
2907,45.7,41.9,1,2
2908,93.8,88.3,3,0
2909,84.6,67.4,3,0
2910,21.2,54.0,2,2
2911,63.2,38.0,1,3
2912,34.1,53.8,2,2
2913,59.0,100.0,0,0
2914,82.7,98.3,0,0
2915,92.8,100.0,0,0
2916,81.8,52.6,3,3
2917,36.1,27.1,1,1
2918,99.9,81.1,3,0
2919,89.4,67.0,3,0
2920,68.9,100.0,0,0
2921,48.7,21.1,1,1
2922,56.6,28.8,1,1
2923,41.1,41.5,2,2
2924,60.7,0.2,1,1
2925,2.6,17.3,2,2
2926,55.8,29.1,1,1
2927,85.6,66.4,3,0
2928,44.4,63.4,2,2
2929,37.2,57.2,2,2
2930,49.0,0.0,1,1
2931,98.6,73.6,3,0
2932,34.6,26.2,1,1
2933,89.0,71.8,3,0
2934,68.7,34.8,1,3
2935,78.5,87.1,0,0
2936,72.0,79.7,0,0
2937,48.0,54.0,2,2
2938,68.2,51.2,3,3
2939,78.1,67.4,3,3
2940,45.0,53.6,2,2
2941,61.2,98.6,0,0
2942,76.0,78.7,0,0
2943,33.8,23.0,1,1
2944,78.3,79.4,0,0
2945,63.3,91.4,0,0
2946,52.2,100.0,0,0
2947,65.4,71.7,0,3
2948,57.5,52.3,1,3
2949,93.5,100.0,0,0
2950,73.4,68.6,3,3
2951,78.3,100.0,0,0
2952,28.0,32.9,2,2
2953,31.8,45.2,2,2
2954,51.4,56.4,2,3
2955,39.8,88.6,0,2
2956,58.2,50.6,1,3
2957,71.8,75.3,0,0
2958,80.0,71.9,3,0
2959,70.3,82.9,0,0
2960,58.6,91.6,0,0
2961,93.5,95.9,0,0
2962,76.8,95.2,0,0
2963,26.1,53.3,2,2
2964,55.3,58.7,2,3
2965,65.6,73.0,0,3
2966,97.4,67.8,3,0
2967,63.5,84.4,0,0
2968,34.0,35.6,2,2
2969,66.6,47.8,3,3
2970,65.9,88.3,0,0
2971,66.9,100.0,0,0
2972,80.0,71.5,3,0
2973,48.1,45.2,1,2
2974,2.4,21.8,2,2
2975,25.7,19.9,2,1
2976,46.0,0.0,1,1
2977,58.1,59.8,0,3
2978,100.0,76.5,3,0
2979,91.4,73.4,3,0
2980,21.3,74.2,2,2
2981,77.9,82.7,0,0
2982,36.7,56.3,2,2
2983,50.8,97.7,0,0
2984,47.4,17.0,1,1
2985,59.5,50.2,1,3
2986,84.8,79.9,3,0
2987,41.5,19.2,1,1
2988,44.2,33.5,1,1
2989,27.2,82.2,2,2
2990,53.3,48.6,1,3
2991,38.9,18.4,1,1
2992,94.3,65.3,3,0
2993,97.7,83.8,3,0
2994,46.0,23.9,1,1
2995,43.4,56.3,2,2
2996,56.6,86.7,0,0
2997,69.3,87.0,0,0
2998,52.9,48.2,1,3
2999,86.8,100.0,0,0
3000,15.1,35.6,2,2
3001,39.7,25.7,1,1
3002,72.0,46.9,3,3
3003,83.5,93.8,0,0
3004,38.0,8.5,1,1
3005,62.0,30.0,1,1
3006,54.3,79.9,0,3
3007,0.0,22.9,2,2
3008,23.5,42.7,2,2
3009,61.1,100.0,0,0
3010,82.6,68.5,3,0
3011,35.0,57.8,2,2
3012,58.0,77.7,0,3
3013,78.0,66.5,3,3
3014,74.7,81.5,0,0
3015,12.6,39.5,2,2
3016,63.6,41.2,1,3
3017,26.9,46.5,2,2
3018,52.7,32.2,1,1
3019,2.4,36.7,2,2
3020,98.4,63.8,3,0
3021,84.2,70.6,3,0
3022,48.3,35.3,1,1
3023,74.1,70.3,3,3
3024,69.3,100.0,0,0
3025,84.8,100.0,0,0
3026,45.3,20.4,1,1
3027,3.2,21.9,2,2
3028,69.3,36.6,1,3
3029,80.5,79.0,3,0
3030,76.2,73.0,3,0
3031,6.3,26.6,2,2
3032,87.5,69.1,3,0
3033,51.9,100.0,0,0
3034,48.7,22.4,1,1
3035,66.9,74.6,0,3
3036,71.3,18.6,1,1
3037,71.9,62.5,3,3
3038,38.4,0.0,1,1
3039,79.8,70.1,3,0
3040,57.9,90.7,0,0
3041,25.5,27.4,2,2
3042,81.1,82.3,0,0
3043,80.1,66.7,3,3
3044,60.0,62.8,0,3
3045,37.0,54.5,2,2
3046,73.7,69.3,3,3
3047,32.5,74.1,2,2
3048,93.9,60.7,3,0
3049,84.3,70.4,3,0
3050,68.8,89.4,0,0
3051,49.9,12.2,1,1
3052,86.5,69.5,3,0
3053,67.2,95.1,0,0
3054,35.9,55.9,2,2
3055,20.1,38.0,2,2
3056,100.0,84.6,3,0
3057,34.7,49.3,2,2
3058,35.6,48.2,2,2
3059,51.7,66.5,0,3
3060,41.3,43.8,2,2
3061,70.5,70.2,3,3
3062,77.9,71.3,3,0
3063,31.3,49.6,2,2
3064,63.1,100.0,0,0
3065,100.0,66.0,3,0
3066,65.5,43.8,1,3
3067,77.8,81.2,0,0
3068,94.2,99.0,0,0
3069,82.3,61.0,3,3
3070,53.9,77.5,0,3
3071,75.3,100.0,0,0
3072,50.0,63.2,2,3
3073,68.4,91.7,0,0
3074,42.6,35.6,1,1
3075,60.2,20.5,1,1
3076,90.2,57.7,3,3
3077,100.0,70.7,3,0
3078,31.1,41.1,2,2
3079,94.6,69.7,3,0
3080,34.5,20.2,1,1
3081,17.1,0.0,1,1
3082,75.9,49.9,3,3
3083,87.9,72.7,3,0
3084,62.2,55.0,3,3
3085,73.4,100.0,0,0
3086,60.5,55.4,3,3
3087,100.0,93.3,3,0
3088,19.4,23.6,2,2
3089,30.8,39.6,2,2
3090,33.1,0.0,1,1
3091,46.7,34.7,1,1
3092,49.0,37.3,1,1
3093,70.7,71.6,0,3
3094,67.9,92.8,0,0
3095,90.7,83.2,3,0
3096,43.7,51.1,2,2
3097,51.0,37.5,1,1
3098,37.0,46.8,2,2
3099,64.4,83.9,0,0
3100,33.2,25.0,1,1
3101,63.0,66.2,0,3
3102,70.6,60.4,3,3
3103,25.3,47.3,2,2
3104,36.3,43.2,2,2
3105,64.5,52.3,3,3
3106,69.3,100.0,0,0
3107,45.0,6.7,1,1
3108,100.0,100.0,0,0
3109,45.7,63.5,2,2
3110,35.1,40.3,2,2
3111,78.0,70.2,3,0
3112,88.7,68.0,3,0
3113,51.0,72.7,0,3
3114,54.5,83.6,0,0
3115,93.3,89.3,3,0
3116,46.1,51.6,2,2
3117,65.1,46.4,1,3
3118,78.6,100.0,0,0
3119,45.0,29.4,1,1
3120,24.4,0.0,1,1
3121,34.4,25.2,1,1
3122,40.0,37.9,2,2
3123,65.1,8.6,1,1
3124,32.0,41.6,2,2
3125,26.6,30.0,2,2
3126,52.8,45.9,1,3
3127,65.2,48.0,3,3
3128,92.7,100.0,0,0
3129,67.3,30.6,1,3
3130,28.9,33.8,2,2
3131,77.1,100.0,0,0
3132,25.6,46.4,2,2
3133,39.4,37.0,2,2
3134,66.2,97.3,0,0
3135,54.6,13.5,1,1
3136,67.2,63.3,3,3
3137,33.7,41.2,2,2
3138,43.8,52.9,2,2
3139,93.3,100.0,0,0
3140,34.0,38.1,2,2
3141,100.0,76.2,3,0
3142,50.5,88.5,0,0
3143,50.0,53.6,2,3
3144,66.2,100.0,0,0
3145,61.7,78.0,0,0
3146,74.1,23.0,1,3
3147,33.9,48.6,2,2
3148,73.7,53.7,3,3
3149,33.4,30.4,2,1
3150,34.6,59.6,2,2
3151,77.4,83.0,0,0
3152,71.8,38.3,1,3
3153,81.7,100.0,0,0
3154,31.5,78.7,2,2
3155,57.5,63.9,0,3
3156,33.9,37.1,2,2
3157,94.3,64.3,3,0
3158,86.8,100.0,0,0
3159,39.3,38.4,2,2
3160,26.6,44.5,2,2
3161,7.6,51.4,2,2
3162,44.9,53.9,2,2
3163,34.8,3.4,1,1
3164,25.2,20.1,2,1
3165,50.3,87.0,0,0
3166,86.0,100.0,0,0
3167,53.1,79.8,0,3
3168,41.7,37.3,2,2
3169,95.2,100.0,0,0
3170,61.7,44.8,1,3
3171,55.6,31.1,1,1
3172,57.8,75.6,0,3
3173,71.9,99.3,0,0
3174,61.9,100.0,0,0
3175,48.2,24.7,1,1
3176,27.8,24.6,2,1
3177,41.4,35.2,1,1
3178,71.4,73.6,0,0
3179,39.4,44.2,2,2
3180,93.7,58.9,3,3
3181,63.7,66.8,0,3
3182,82.0,96.5,0,0
3183,82.9,65.5,3,3
3184,49.6,48.4,2,2
3185,37.0,45.3,2,2
3186,100.0,50.7,3,3
3187,84.5,44.3,3,3
3188,30.4,45.8,2,2
3189,14.9,52.6,2,2
3190,59.7,10.7,1,1
3191,60.2,71.0,0,3
3192,100.0,47.8,3,3
3193,36.2,48.7,2,2
3194,39.3,29.6,1,1
3195,55.1,25.7,1,1
3196,34.6,40.0,2,2
3197,57.2,38.3,1,3
3198,63.3,100.0,0,0
3199,67.6,77.7,0,0
3200,91.6,100.0,0,0
3201,51.4,69.5,0,3
3202,29.5,9.8,1,1
3203,85.5,74.7,3,0
3204,89.9,93.5,0,0
3205,71.7,62.1,3,3
3206,89.4,84.6,3,0
3207,78.9,87.7,0,0
3208,12.6,65.7,2,2
3209,71.9,42.5,3,3
3210,42.6,38.0,1,2
3211,60.3,100.0,0,0
3212,75.1,97.2,0,0
3213,54.0,12.7,1,1
3214,68.4,63.1,3,3
3215,60.6,78.8,0,0
3216,51.1,52.8,2,3
3217,77.4,82.1,0,0
3218,93.3,58.6,3,3
3219,73.6,67.8,3,3
3220,12.0,0.0,2,1
3221,80.3,74.3,3,0
3222,58.5,1.8,1,1
3223,42.4,43.1,2,2
3224,94.5,61.8,3,0
3225,37.7,33.7,2,1
3226,70.7,92.9,0,0
3227,9.6,49.1,2,2
3228,52.9,76.7,0,3
3229,22.4,30.0,2,2
3230,85.0,71.5,3,0
3231,40.7,31.3,1,1
3232,20.5,42.9,2,2
3233,46.4,0.0,1,1
3234,32.4,42.7,2,2
3235,80.2,91.0,0,0
3236,13.5,29.4,2,2
3237,68.8,69.8,0,3
3238,70.6,38.4,1,3
3239,69.2,88.8,0,0
3240,81.4,100.0,0,0
3241,98.7,82.5,3,0
3242,38.2,48.7,2,2
3243,38.0,24.9,1,1
3244,59.4,83.5,0,0
3245,69.1,80.8,0,0
3246,64.0,80.8,0,0
3247,100.0,57.2,3,0
3248,74.5,79.9,0,0
3249,42.6,37.5,1,2
3250,63.9,88.8,0,0
3251,20.1,16.7,2,1
3252,39.3,56.2,2,2
3253,72.2,100.0,0,0
3254,38.8,61.1,2,2
3255,20.9,29.7,2,2
3256,69.5,86.5,0,0
3257,100.0,83.9,3,0
3258,83.4,84.7,0,0
3259,95.6,73.8,3,0
3260,77.3,77.0,3,0
3261,88.5,47.6,3,3
3262,66.0,69.2,0,3
3263,32.5,42.6,2,2
3264,72.5,97.4,0,0
3265,41.7,62.0,2,2
3266,30.5,39.7,2,2
3267,57.6,29.6,1,1
3268,26.1,23.8,2,1
3269,28.8,40.1,2,2
3270,14.9,12.8,2,1
3271,40.1,34.5,1,1
3272,71.4,65.0,3,3
3273,99.3,69.3,3,0
3274,44.0,16.3,1,1
3275,69.6,60.7,3,3
3276,88.4,81.2,3,0
3277,69.1,70.2,0,3
3278,48.6,40.8,1,2
3279,48.2,29.1,1,1
3280,38.5,8.1,1,1
3281,39.4,15.0,1,1
3282,40.0,38.6,2,2
3283,73.2,87.9,0,0
3284,85.8,56.7,3,3
3285,35.6,31.5,2,1
3286,17.5,18.8,2,1
3287,65.3,41.3,1,3
3288,83.1,71.3,3,0
3289,59.5,79.2,0,0
3290,16.3,31.8,2,2
3291,40.6,37.3,2,2
3292,32.0,24.5,2,1
3293,78.1,75.7,3,0
3294,94.6,91.2,3,0
3295,67.2,65.5,3,3
3296,82.3,55.9,3,3
3297,80.7,60.9,3,3
3298,18.1,20.8,2,1
3299,100.0,84.2,3,0
3300,34.2,28.1,2,1
3301,92.6,77.2,3,0
3302,50.6,29.9,1,1
3303,50.3,19.4,1,1
3304,47.1,41.3,1,2
3305,57.5,21.9,1,1
3306,48.2,45.9,1,2
3307,88.1,95.1,0,0
3308,31.6,0.0,1,1
3309,43.8,38.9,1,2
3310,53.3,40.3,1,1
3311,73.2,61.9,3,3
3312,87.8,72.4,3,0
3313,33.8,60.2,2,2
3314,17.9,20.4,2,1
3315,61.1,91.3,0,0
3316,31.5,17.3,1,1
3317,93.9,71.1,3,0
3318,27.9,43.3,2,2
3319,83.9,70.1,3,0
3320,24.4,55.1,2,2
3321,69.9,82.9,0,0
3322,95.1,71.9,3,0
3323,80.7,61.3,3,3
3324,73.1,59.6,3,3
3325,46.3,65.9,2,2
3326,54.1,31.4,1,1
3327,33.7,51.0,2,2
3328,88.4,93.4,0,0
3329,25.2,36.1,2,2
3330,90.1,100.0,0,0
3331,47.8,20.5,1,1
3332,83.4,33.9,3,3
3333,47.6,35.4,1,1
3334,94.0,81.0,3,0
3335,62.2,64.5,0,3
3336,35.4,34.0,2,2
3337,35.6,20.9,1,1
3338,84.2,41.6,3,3
3339,75.4,100.0,0,0
3340,43.1,47.1,2,2
3341,19.8,4.8,1,1
3342,78.6,79.7,0,0
3343,76.7,77.5,0,0
3344,100.0,77.2,3,0
3345,80.7,79.7,3,0
3346,61.5,73.4,0,3
3347,83.6,100.0,0,0
3348,32.4,35.2,2,2
3349,81.0,80.1,3,0
3350,87.3,100.0,0,0
3351,46.9,74.7,0,3
3352,53.2,22.3,1,1
3353,67.9,80.2,0,0
3354,55.6,12.1,1,1
3355,88.2,92.4,0,0
3356,41.4,41.3,2,2
3357,51.1,12.2,1,1
3358,53.0,47.6,1,3
3359,71.3,79.1,0,0
3360,22.5,22.4,2,1
3361,57.1,49.5,1,3
3362,42.5,30.2,1,1
3363,37.5,16.6,1,1
3364,17.5,13.0,2,1
3365,29.3,34.9,2,2
3366,86.2,84.8,3,0
3367,100.0,58.3,3,0
3368,31.0,31.5,2,2
3369,46.4,4.9,1,1
3370,50.5,27.9,1,1
3371,72.5,93.1,0,0
3372,21.2,32.6,2,2
3373,79.4,80.3,0,0
3374,62.2,49.7,1,3
3375,30.2,30.1,2,2
3376,63.3,26.3,1,1
3377,27.7,37.2,2,2
3378,76.6,84.3,0,0
3379,58.3,36.1,1,3
3380,46.8,20.1,1,1
3381,50.3,49.1,2,3
3382,35.8,24.5,1,1
3383,80.7,74.9,3,0
3384,68.1,42.1,1,3
3385,95.5,99.1,0,0
3386,100.0,85.1,3,0
3387,74.8,47.4,3,3
3388,59.9,87.0,0,0
3389,44.5,58.7,2,2
3390,96.5,84.8,3,0
3391,63.3,40.6,1,3
3392,87.1,65.5,3,0
3393,86.6,91.9,0,0
3394,59.1,88.1,0,0
3395,82.9,91.0,0,0
3396,63.9,87.2,0,0
3397,82.4,54.7,3,3
3398,47.2,25.4,1,1
3399,69.2,63.0,3,3
3400,34.8,48.1,2,2
3401,53.3,19.4,1,1
3402,81.2,91.7,0,0
3403,84.5,82.5,3,0
3404,45.4,33.4,1,1
3405,46.3,27.3,1,1
3406,54.9,54.6,1,3
3407,25.9,26.3,2,1
3408,28.2,73.5,2,2
3409,80.7,76.6,3,0
3410,44.2,17.2,1,1
3411,78.7,81.0,0,0
3412,85.9,60.3,3,3
3413,100.0,80.4,3,0
3414,27.1,38.1,2,2
3415,51.0,9.6,1,1
3416,80.2,81.1,0,0
3417,41.6,62.5,2,2
3418,56.6,50.2,1,3
3419,68.3,69.8,0,3
3420,57.3,66.5,0,3
3421,75.6,63.2,3,3
3422,94.9,88.1,3,0
3423,95.1,89.0,3,0
3424,21.9,62.4,2,2
3425,65.6,88.2,0,0
3426,16.8,35.4,2,2
3427,24.4,37.3,2,2
3428,56.9,71.3,0,3
3429,97.9,91.5,3,0
3430,45.3,29.3,1,1
3431,100.0,62.8,3,0
3432,68.3,67.3,3,3
3433,76.0,80.0,0,0
3434,39.7,52.4,2,2
3435,67.6,82.1,0,0
3436,72.9,98.7,0,0
3437,51.7,43.8,1,3
3438,100.0,69.8,3,0
3439,42.2,47.7,2,2
3440,87.0,43.3,3,3
3441,33.1,52.7,2,2
3442,100.0,66.0,3,0
3443,55.5,34.6,1,1
3444,68.8,97.5,0,0
3445,78.1,93.3,0,0
3446,72.5,51.1,3,3
3447,35.4,46.5,2,2
3448,38.3,44.5,2,2
3449,71.9,65.0,3,3
3450,17.1,43.8,2,2
3451,32.0,41.5,2,2
3452,31.4,60.5,2,2
3453,22.8,55.7,2,2
3454,44.8,42.1,2,2
3455,38.3,27.3,1,1
3456,26.6,10.3,1,1
3457,29.7,37.6,2,2
3458,84.0,100.0,0,0
3459,42.7,31.0,1,1
3460,61.8,63.4,0,3
3461,100.0,100.0,0,0
3462,67.3,58.6,3,3
3463,28.2,50.3,2,2
3464,46.8,97.6,0,0
3465,62.0,96.9,0,0
3466,77.7,81.5,0,0
3467,50.0,36.3,1,1
3468,11.3,56.7,2,2
3469,62.1,100.0,0,0
3470,74.4,70.2,3,3
3471,84.8,93.6,0,0
3472,100.0,100.0,0,0
3473,74.2,49.8,3,3
3474,60.3,43.0,1,3
3475,30.2,69.7,2,2
3476,56.0,39.5,1,3
3477,79.6,66.4,3,3
3478,71.4,100.0,0,0
3479,80.2,62.1,3,3
3480,62.0,61.1,3,3
3481,58.8,23.2,1,1
3482,49.3,56.7,2,3
3483,48.2,32.9,1,1
3484,55.2,13.1,1,1
3485,22.4,24.1,2,1
3486,87.6,70.8,3,0
3487,40.0,84.8,0,2
3488,36.7,27.7,1,1
3489,63.5,92.0,0,0
3490,13.8,30.8,2,2
3491,30.5,45.8,2,2
3492,88.6,100.0,0,0
3493,74.5,56.8,3,3
3494,35.9,39.7,2,2
3495,61.3,42.6,1,3
3496,50.8,34.0,1,1
3497,66.4,94.6,0,0
3498,90.6,64.0,3,0
3499,83.8,80.9,3,0
3500,88.6,100.0,0,0
3501,65.6,90.9,0,0
3502,59.3,81.0,0,0
3503,38.8,58.7,2,2
3504,38.3,16.9,1,1
3505,58.3,64.6,0,3
3506,55.8,38.9,1,3
3507,62.0,34.5,1,3
3508,62.0,86.4,0,0
3509,85.1,80.6,3,0
3510,29.6,36.9,2,2
3511,89.8,100.0,0,0
3512,100.0,66.2,3,0
3513,25.0,21.3,2,1
3514,82.9,75.6,3,0
3515,31.5,35.4,2,2
3516,93.4,60.0,3,3
3517,42.5,71.5,2,2
3518,93.3,100.0,0,0
3519,48.8,26.3,1,1
3520,40.1,30.4,1,1
3521,72.9,87.3,0,0
3522,75.7,100.0,0,0
3523,46.4,40.0,1,2
3524,52.4,67.0,0,3
3525,52.2,29.5,1,1
3526,37.4,18.4,1,1
3527,31.0,46.2,2,2
3528,68.4,57.7,3,3
3529,33.1,33.0,2,2
3530,36.8,4.5,1,1
3531,45.3,48.1,2,2
3532,58.3,75.4,0,3
3533,57.5,34.7,1,1
3534,63.9,14.1,1,1
3535,55.3,21.0,1,1
3536,76.7,78.8,0,0
3537,89.2,70.1,3,0
3538,52.5,84.5,0,0
3539,56.9,47.2,1,3
3540,13.1,65.1,2,2
3541,80.1,100.0,0,0
3542,75.6,95.6,0,0
3543,79.2,71.2,3,0
3544,25.9,32.2,2,2
3545,31.2,8.9,1,1
3546,44.5,59.1,2,2
3547,29.6,12.1,1,1
3548,62.0,73.0,0,3
3549,100.0,76.7,3,0
3550,28.8,68.5,2,2
3551,46.8,83.6,0,3
3552,32.5,41.1,2,2
3553,100.0,68.9,3,0
3554,33.3,25.4,1,1
3555,85.4,98.7,0,0
3556,38.5,35.4,2,2
3557,100.0,38.5,3,3
3558,43.8,61.9,2,2
3559,73.0,68.4,3,3
3560,44.3,25.5,1,1
3561,79.3,88.2,0,0
3562,86.1,44.5,3,3
3563,24.6,41.5,2,2
3564,56.9,68.6,0,3
3565,85.5,75.8,3,0
3566,53.6,51.1,1,3
3567,95.6,68.3,3,0
3568,52.3,36.1,1,1
3569,60.1,21.0,1,1
3570,93.8,59.5,3,3
3571,38.0,53.8,2,2
3572,46.0,4.0,1,1
3573,92.8,59.5,3,3
3574,11.1,41.8,2,2
3575,69.2,90.3,0,0
3576,70.4,21.9,1,1
3577,16.0,7.4,2,1
3578,100.0,100.0,0,0
3579,87.1,80.6,3,0
3580,68.8,87.2,0,0
3581,79.1,51.0,3,3
3582,12.2,38.3,2,2
3583,38.7,58.2,2,2
3584,88.5,77.3,3,0
3585,84.0,93.1,0,0
3586,47.5,36.8,1,1
3587,92.2,87.5,3,0
3588,18.9,35.1,2,2
3589,65.3,71.9,0,3
3590,90.3,79.8,3,0
3591,88.8,64.0,3,0
3592,18.1,42.7,2,2
3593,77.8,84.1,0,0
3594,32.9,26.1,2,1
3595,29.1,33.6,2,2
3596,73.1,100.0,0,0
3597,92.6,78.6,3,0
3598,57.7,92.9,0,0
3599,41.6,40.9,2,2
3600,100.0,77.6,3,0
3601,42.1,55.6,2,2
3602,75.5,74.2,3,0
3603,77.6,67.8,3,3
3604,21.5,18.1,2,1
3605,44.0,14.9,1,1
3606,85.5,100.0,0,0
3607,57.9,61.9,0,3
3608,47.6,100.0,0,0
3609,76.4,71.5,3,0
3610,59.4,41.6,1,3
3611,32.3,62.9,2,2
3612,62.2,75.7,0,3
3613,76.9,66.2,3,3
3614,100.0,86.6,3,0
3615,57.5,22.1,1,1
3616,61.5,41.5,1,3
3617,100.0,90.4,3,0
3618,58.6,68.5,0,3
3619,35.2,37.5,2,2
3620,42.8,14.4,1,1
3621,37.9,30.7,1,1
3622,31.4,12.5,1,1
3623,77.7,82.4,0,0
3624,39.7,36.9,2,2
3625,32.0,16.0,1,1
3626,60.0,44.9,1,3
3627,32.3,23.9,1,1
3628,83.2,63.0,3,3
3629,67.5,66.7,3,3
3630,54.7,20.6,1,1
3631,81.3,83.1,0,0
3632,85.5,53.8,3,3
3633,47.5,27.5,1,1
3634,86.1,53.0,3,3
3635,63.8,28.0,1,1
3636,47.7,41.4,1,2
3637,72.7,77.0,0,0
3638,78.4,82.4,0,0
3639,8.8,9.7,2,1
3640,45.5,50.5,2,2
3641,41.1,35.1,1,1
3642,34.2,11.6,1,1
3643,57.4,23.7,1,1
3644,19.8,7.4,2,1
3645,82.5,63.9,3,3
3646,18.9,15.5,2,1
3647,78.6,89.0,0,0
3648,92.8,68.1,3,0
3649,62.5,93.7,0,0
3650,56.1,100.0,0,0
3651,40.4,25.2,1,1
3652,81.1,78.5,3,0
3653,55.3,43.9,1,3
3654,81.5,71.2,3,0
3655,60.4,92.7,0,0
3656,92.4,95.4,0,0
3657,17.9,32.6,2,2
3658,84.6,79.3,3,0
3659,44.0,76.5,0,2
3660,55.2,35.1,1,1
3661,32.6,55.6,2,2
3662,65.2,80.3,0,0
3663,73.8,2.7,1,1
3664,35.9,17.3,1,1
3665,50.7,78.0,0,3
3666,29.4,57.2,2,2
3667,76.6,56.6,3,3
3668,68.0,33.9,1,3
3669,71.0,95.8,0,0
3670,20.8,24.0,2,1
3671,59.3,35.3,1,3
3672,46.9,58.6,2,2
3673,24.6,0.0,1,1
3674,41.5,55.5,2,2
3675,62.2,69.3,0,3
3676,41.1,15.4,1,1
3677,71.8,66.0,3,3
3678,28.5,54.8,2,2
3679,96.9,83.6,3,0
3680,61.4,85.2,0,0
3681,26.2,50.8,2,2
3682,22.6,42.3,2,2
3683,36.2,23.4,1,1
3684,44.0,26.2,1,1
3685,90.1,76.0,3,0
3686,91.6,89.3,3,0
3687,82.5,95.5,0,0
3688,21.1,38.6,2,2
3689,36.0,26.8,1,1
3690,86.6,100.0,0,0
3691,45.3,48.5,2,2
3692,38.4,8.1,1,1
3693,78.7,95.2,0,0
3694,44.2,50.8,2,2
3695,77.8,100.0,0,0
3696,43.4,82.5,0,3
3697,63.5,63.8,3,3
3698,75.5,32.3,1,3
3699,63.4,72.6,0,3
3700,85.8,100.0,0,0
3701,100.0,85.2,3,0
3702,14.3,56.9,2,2
3703,19.6,34.9,2,2
3704,17.2,23.9,2,2
3705,33.0,31.7,2,2
3706,65.6,80.6,0,0
3707,44.5,36.4,1,1
3708,57.4,43.6,1,3
3709,78.1,71.7,3,0
3710,38.8,15.9,1,1
3711,60.9,38.7,1,3
3712,96.0,83.4,3,0
3713,53.3,88.3,0,0
3714,69.7,90.3,0,0
3715,43.9,52.7,2,2
3716,93.7,74.0,3,0
3717,52.6,23.9,1,1
3718,34.2,21.8,1,1
3719,99.7,95.0,3,0
3720,92.8,64.5,3,0
3721,30.7,39.9,2,2
3722,70.5,100.0,0,0
3723,67.7,85.4,0,0
3724,60.4,52.2,1,3
3725,44.2,51.7,2,2
3726,56.0,68.7,0,3
3727,91.4,66.2,3,0
3728,67.5,78.9,0,0
3729,60.6,8.5,1,1
3730,36.5,35.9,2,2
3731,34.9,75.4,2,2
3732,37.3,69.8,2,2
3733,45.0,41.8,2,2
3734,51.2,24.7,1,1
3735,42.8,16.9,1,1
3736,33.7,52.1,2,2
3737,90.7,100.0,0,0
3738,68.9,71.4,0,3
3739,55.8,8.0,1,1
3740,93.5,74.2,3,0
3741,78.4,100.0,0,0
3742,91.4,66.5,3,0
3743,80.6,49.8,3,3
3744,76.5,57.8,3,3
3745,76.7,76.6,0,0
3746,85.1,86.7,0,0
3747,69.9,85.3,0,0
3748,68.7,47.7,3,3
3749,26.2,25.9,2,1
3750,37.4,52.3,2,2
3751,59.6,86.6,0,0
3752,39.3,29.6,1,1
3753,64.4,81.6,0,0
3754,91.9,80.9,3,0
3755,0.0,55.6,2,2
3756,57.3,71.5,0,3
3757,79.9,100.0,0,0
3758,38.5,37.6,2,2
3759,58.1,49.2,1,3
3760,74.9,100.0,0,0
3761,65.3,55.7,3,3
3762,100.0,54.3,3,3
3763,42.0,45.2,2,2
3764,34.4,22.3,1,1
3765,18.4,34.8,2,2
3766,40.5,52.6,2,2
3767,47.4,47.8,2,2
3768,71.6,88.2,0,0
3769,78.4,97.1,0,0
3770,48.2,27.2,1,1
3771,60.7,74.2,0,3
3772,44.2,22.7,1,1
3773,66.8,90.0,0,0
3774,79.5,68.7,3,0
3775,84.7,35.1,3,3
3776,69.2,99.4,0,0
3777,98.5,78.1,3,0
3778,55.7,16.2,1,1
3779,18.9,56.7,2,2
3780,0.0,47.6,2,2
3781,67.7,87.7,0,0
3782,92.4,100.0,0,0
3783,54.8,70.9,0,3
3784,70.0,27.7,1,3
3785,87.1,85.2,3,0
3786,78.8,80.5,0,0
3787,37.2,15.3,1,1
3788,61.8,56.6,3,3
3789,57.5,0.0,1,1
3790,27.9,71.4,2,2
3791,89.0,100.0,0,0
3792,34.8,16.0,1,1
3793,80.3,69.1,3,0
3794,68.4,60.1,3,3
3795,94.2,100.0,0,0
3796,88.8,98.2,0,0
3797,74.0,14.7,1,1
3798,73.5,78.2,0,0
3799,34.4,36.1,2,2
3800,81.7,68.2,3,0
3801,87.0,77.4,3,0
3802,11.3,39.6,2,2
3803,90.6,70.8,3,0
3804,30.1,10.8,1,1
3805,44.2,22.0,1,1
3806,80.1,74.7,3,0
3807,64.7,84.1,0,0
3808,77.6,33.7,3,3
3809,72.9,74.2,0,0
3810,87.4,91.6,0,0
3811,41.0,56.2,2,2
3812,44.5,43.5,2,2
3813,83.7,69.6,3,0
3814,42.5,9.3,1,1
3815,88.0,80.9,3,0
3816,84.5,83.3,3,0
3817,33.8,43.8,2,2
3818,18.2,32.7,2,2
3819,75.6,85.6,0,0
3820,48.9,31.2,1,1
3821,100.0,75.3,3,0
3822,53.0,88.0,0,0
3823,40.9,32.9,1,1
3824,46.7,24.3,1,1
3825,10.5,59.0,2,2
3826,44.4,43.3,2,2
3827,48.9,26.4,1,1
3828,50.0,30.3,1,1
3829,99.5,65.5,3,0
3830,69.8,56.4,3,3
3831,95.8,86.0,3,0
3832,100.0,77.7,3,0
3833,79.7,59.4,3,3
3834,73.3,94.9,0,0
3835,93.0,63.9,3,0
3836,40.6,38.1,2,2
3837,83.6,100.0,0,0
3838,77.3,88.1,0,0
3839,55.4,34.4,1,1
3840,83.0,88.0,0,0
3841,100.0,93.6,3,0
3842,62.4,67.8,0,3
3843,37.6,43.1,2,2
3844,37.5,40.8,2,2
3845,47.3,37.5,1,1
3846,65.0,66.2,0,3
3847,65.9,81.6,0,0
3848,48.1,34.1,1,1
3849,31.8,21.1,1,1
3850,98.6,75.5,3,0
3851,21.8,48.8,2,2
3852,71.6,100.0,0,0
3853,43.4,75.4,0,2
3854,83.7,66.2,3,0
3855,40.0,20.2,1,1
3856,39.7,7.7,1,1
3857,34.9,64.6,2,2
3858,25.4,23.7,2,1
3859,98.1,61.6,3,0
3860,90.3,83.0,3,0
3861,49.3,35.7,1,1
3862,50.2,11.5,1,1
3863,70.6,75.2,0,0
3864,25.8,4.5,1,1
3865,87.2,84.8,3,0
3866,32.2,26.5,2,1
3867,55.4,21.6,1,1
3868,99.8,100.0,0,0
3869,95.4,80.1,3,0
3870,49.4,59.8,2,3
3871,32.5,32.1,2,2
3872,84.7,100.0,0,0
3873,72.1,85.1,0,0
3874,39.2,36.6,2,2
3875,81.6,61.5,3,3
3876,48.4,89.2,0,0
3877,77.5,85.7,0,0
3878,83.7,100.0,0,0
3879,46.9,36.0,1,1
3880,89.9,72.1,3,0
3881,25.2,47.4,2,2
3882,85.6,71.1,3,0
3883,65.0,75.6,0,3
3884,67.2,100.0,0,0
3885,86.3,44.0,3,3
3886,100.0,100.0,0,0
3887,100.0,100.0,0,0
3888,41.9,16.9,1,1
3889,44.8,64.5,2,2
3890,61.5,97.9,0,0
3891,52.3,58.3,2,3
3892,40.4,21.6,1,1
3893,50.7,48.9,1,3
3894,100.0,100.0,0,0
3895,24.8,59.6,2,2
3896,37.0,25.9,1,1
3897,47.2,3.6,1,1
3898,63.8,13.7,1,1
3899,49.9,46.6,1,2
3900,58.3,72.8,0,3
3901,18.5,32.2,2,2
3902,34.4,19.8,1,1
3903,53.2,68.2,0,3
3904,51.0,23.3,1,1
3905,100.0,52.8,3,3
3906,54.4,87.2,0,0
3907,58.5,45.1,1,3
3908,94.5,88.0,3,0
3909,25.7,62.8,2,2
3910,38.8,57.0,2,2
3911,72.2,71.9,3,3
3912,19.0,33.8,2,2
3913,78.1,79.3,0,0
3914,46.0,9.9,1,1
3915,71.1,54.8,3,3
3916,48.4,14.4,1,1
3917,33.5,20.1,1,1
3918,85.5,79.9,3,0
3919,55.2,72.6,0,3
3920,37.7,37.6,2,2
3921,48.1,38.6,1,1
3922,95.4,66.5,3,0
3923,18.1,6.5,2,1
3924,34.1,37.8,2,2
3925,24.3,47.5,2,2
3926,61.1,16.5,1,1
3927,49.7,100.0,0,0
3928,66.3,87.7,0,0
3929,30.9,0.0,1,1
3930,80.9,59.2,3,3
3931,24.3,65.0,2,2
3932,67.3,74.4,0,3
3933,53.3,10.0,1,1
3934,47.4,61.3,2,2
3935,45.8,46.2,2,2
3936,57.0,0.0,1,1
3937,47.2,86.8,0,0
3938,66.0,80.5,0,0
3939,98.8,73.6,3,0
3940,56.2,25.5,1,1
3941,17.3,3.8,2,1
3942,44.7,5.6,1,1
3943,50.7,26.8,1,1
3944,72.9,65.4,3,3
3945,14.1,28.7,2,2
3946,40.9,16.8,1,1
3947,24.4,26.5,2,2
3948,90.3,89.7,0,0
3949,72.3,58.9,3,3
3950,77.7,91.3,0,0
3951,73.2,31.3,1,3
3952,50.6,100.0,0,0
3953,61.9,38.1,1,3
3954,34.1,70.7,2,2
3955,37.8,50.8,2,2
3956,43.6,78.8,0,2
3957,68.0,39.2,1,3
3958,69.8,9.5,1,1
3959,91.3,73.1,3,0
3960,33.5,59.8,2,2
3961,75.0,87.7,0,0
3962,62.5,59.1,3,3
3963,68.2,64.9,3,3
3964,41.1,54.9,2,2
3965,83.6,100.0,0,0
3966,5.8,18.1,2,2
3967,60.9,86.2,0,0
3968,38.3,24.4,1,1
3969,90.7,81.4,3,0
3970,88.9,67.3,3,0
3971,27.6,23.9,2,1
3972,86.8,67.0,3,0
3973,100.0,100.0,0,0
3974,34.2,0.0,1,1
3975,99.0,59.8,3,0
3976,71.8,64.0,3,3
3977,58.6,15.6,1,1
3978,14.2,55.2,2,2
3979,61.4,31.0,1,1
3980,86.8,41.8,3,3
3981,71.0,72.8,0,0
3982,60.7,1.5,1,1
3983,44.5,32.1,1,1
3984,57.6,100.0,0,0
3985,22.3,19.6,2,1
3986,78.6,81.2,0,0
3987,86.1,62.6,3,3
3988,65.3,81.7,0,0
3989,88.5,100.0,0,0
3990,73.9,100.0,0,0
3991,59.0,68.9,0,3
3992,30.9,25.1,2,1
3993,71.7,57.6,3,3
3994,56.8,76.1,0,3
3995,94.8,100.0,0,0
3996,64.0,33.5,1,3
3997,88.1,64.7,3,0
3998,34.5,38.9,2,2
3999,72.5,84.3,0,0
4000,28.9,67.4,2,2
4001,75.8,80.4,0,0
4002,68.2,72.4,0,3
4003,79.9,98.8,0,0
4004,47.2,74.3,0,3
4005,57.0,29.6,1,1
4006,41.3,37.0,2,2
4007,47.9,31.0,1,1
4008,100.0,100.0,0,0
4009,63.2,100.0,0,0
4010,15.1,42.8,2,2
4011,48.9,2.1,1,1
4012,43.5,47.8,2,2
4013,49.4,28.5,1,1
4014,82.3,71.0,3,0
4015,78.0,66.2,3,3
4016,14.9,42.6,2,2
4017,60.8,73.1,0,3
4018,56.4,84.5,0,0
4019,28.0,66.2,2,2
4020,40.6,40.6,2,2
4021,19.5,26.8,2,2
4022,25.0,42.6,2,2
4023,43.6,0.0,1,1
4024,56.9,15.5,1,1
4025,30.6,24.7,2,1
4026,29.7,29.4,2,1
4027,28.1,18.9,2,1
4028,93.8,63.0,3,0
4029,27.6,63.7,2,2
4030,84.8,59.2,3,3
4031,76.2,85.2,0,0
4032,91.5,100.0,0,0
4033,47.0,16.7,1,1
4034,78.9,69.1,3,0
4035,100.0,56.5,3,3
4036,74.5,43.3,3,3
4037,48.1,8.8,1,1
4038,67.9,94.7,0,0
4039,51.2,77.8,0,3
4040,78.8,70.5,3,0
4041,66.6,38.0,1,3
4042,69.6,49.6,3,3
4043,76.2,86.3,0,0
4044,12.1,38.6,2,2
4045,29.9,24.9,2,1
4046,73.9,79.4,0,0
4047,36.9,22.1,1,1
4048,51.8,64.2,0,3
4049,45.3,95.3,0,0
4050,55.0,35.4,1,1
4051,43.3,100.0,0,0
4052,58.0,23.3,1,1
4053,49.8,54.6,2,3
4054,72.4,57.4,3,3
4055,33.0,50.4,2,2
4056,37.5,29.0,1,1
4057,41.4,19.5,1,1
4058,66.7,98.9,0,0
4059,86.2,68.8,3,0
4060,58.6,61.2,0,3
4061,42.0,41.4,2,2
4062,29.1,25.2,2,1
4063,62.2,76.6,0,3
4064,73.4,33.9,1,3
4065,73.5,86.9,0,0
4066,61.7,72.2,0,3
4067,93.4,85.4,3,0
4068,91.4,67.0,3,0
4069,90.7,58.5,3,3
4070,32.6,13.6,1,1
4071,48.3,25.3,1,1
4072,56.2,50.2,1,3
4073,76.1,81.9,0,0
4074,21.7,68.5,2,2
4075,77.4,80.0,0,0
4076,99.1,100.0,0,0
4077,79.6,84.1,0,0
4078,90.7,100.0,0,0
4079,75.1,82.5,0,0
4080,85.9,40.1,3,3
4081,29.0,48.4,2,2
4082,22.6,44.7,2,2
4083,67.8,82.0,0,0
4084,78.4,43.4,3,3
4085,55.8,43.4,1,3
4086,85.4,11.4,1,3
4087,79.7,53.4,3,3
4088,50.5,27.5,1,1
4089,45.6,42.4,1,2
4090,76.4,100.0,0,0
4091,90.9,59.7,3,3
4092,61.1,49.2,1,3
4093,59.6,89.4,0,0
4094,97.1,37.3,3,3
4095,76.9,43.7,3,3
4096,39.3,27.7,1,1
4097,84.3,59.2,3,3
4098,78.9,79.1,0,0
4099,91.8,51.0,3,3
4100,58.9,64.0,0,3
4101,92.1,95.0,0,0
4102,32.5,9.4,1,1
4103,57.8,37.6,1,3
4104,89.5,46.0,3,3
4105,90.3,47.4,3,3
4106,64.9,92.6,0,0
4107,34.5,8.5,1,1
4108,31.0,19.9,1,1
4109,84.0,71.0,3,0
4110,78.9,71.6,3,0
4111,38.8,38.1,2,2
4112,75.2,86.3,0,0
4113,42.0,39.0,2,2
4114,89.3,90.8,0,0
4115,55.4,90.2,0,0
4116,40.3,56.0,2,2
4117,49.4,40.4,1,1
4118,20.8,22.8,2,1
4119,78.6,67.4,3,3
4120,66.0,65.5,3,3
4121,65.0,77.8,0,0
4122,33.9,29.6,2,1
4123,59.3,73.1,0,3
4124,81.6,58.0,3,3
4125,80.3,100.0,0,0
4126,47.5,46.8,2,2
4127,80.9,18.8,1,3
4128,48.8,16.1,1,1
4129,43.7,30.1,1,1
4130,75.6,100.0,0,0
4131,85.2,73.7,3,0
4132,51.1,48.0,1,3
4133,79.0,43.7,3,3
4134,38.8,25.5,1,1
4135,50.1,3.3,1,1
4136,19.4,33.8,2,2
4137,35.0,81.8,2,2
4138,13.1,12.9,2,1
4139,56.8,20.8,1,1
4140,60.3,46.5,1,3
4141,25.3,61.6,2,2
4142,56.8,19.9,1,1
4143,41.1,19.1,1,1
4144,24.3,39.9,2,2
4145,81.3,73.3,3,0
4146,52.4,97.7,0,0
4147,25.3,38.8,2,2
4148,86.9,64.7,3,0
4149,74.9,52.8,3,3
4150,14.1,64.0,2,2
4151,63.3,83.7,0,0
4152,42.6,34.4,1,1
4153,97.9,86.8,3,0
4154,49.5,39.0,1,1
4155,64.6,85.1,0,0
4156,100.0,62.6,3,0
4157,73.5,69.0,3,3
4158,35.0,30.9,2,1
4159,83.4,57.6,3,3
4160,77.5,74.4,3,0
4161,39.6,100.0,0,0
4162,37.2,67.0,2,2
4163,71.5,91.1,0,0
4164,47.2,35.9,1,1
4165,74.8,29.9,1,3
4166,37.6,36.2,2,2
4167,62.6,41.9,1,3
4168,42.3,53.3,2,2
4169,25.0,44.3,2,2
4170,64.4,100.0,0,0
4171,71.0,80.1,0,0
4172,82.8,100.0,0,0
4173,69.6,75.0,0,0
4174,91.6,56.5,3,3
4175,77.3,88.9,0,0
4176,66.0,80.8,0,0
4177,53.9,87.7,0,0
4178,52.2,45.1,1,3
4179,73.2,100.0,0,0
4180,23.0,7.2,1,1
4181,36.9,25.4,1,1
4182,39.0,28.3,1,1
4183,28.8,15.5,1,1
4184,91.9,52.4,3,3
4185,100.0,100.0,0,0
4186,65.7,100.0,0,0
4187,63.1,11.8,1,1
4188,47.3,0.0,1,1
4189,72.4,71.6,3,3
4190,63.5,74.4,0,3
4191,100.0,100.0,0,0
4192,74.9,98.4,0,0
4193,16.8,33.4,2,2
4194,44.3,24.8,1,1
4195,35.8,25.1,1,1
4196,55.9,57.2,2,3
4197,89.8,93.3,0,0
4198,38.4,81.2,0,2
4199,28.7,72.8,2,2
4200,44.5,33.0,1,1
4201,25.0,0.0,1,1
4202,81.1,63.5,3,3
4203,56.1,77.3,0,3
4204,42.8,38.9,2,2
4205,20.6,64.8,2,2
4206,59.4,58.8,3,3
4207,73.4,77.6,0,0
4208,83.2,28.2,3,3
4209,64.6,53.6,3,3
4210,85.0,95.2,0,0
4211,100.0,82.8,3,0
4212,91.2,70.6,3,0
4213,70.2,55.8,3,3
4214,19.2,27.5,2,2
4215,100.0,96.0,3,0
4216,85.2,97.9,0,0
4217,46.0,21.3,1,1
4218,26.8,4.7,1,1
4219,91.2,85.4,3,0
4220,51.0,37.7,1,1
4221,23.6,19.5,2,1
4222,39.1,30.4,1,1
4223,15.8,33.8,2,2
4224,64.8,34.5,1,3
4225,53.4,96.6,0,0
4226,90.9,99.3,0,0
4227,64.7,58.6,3,3
4228,28.3,23.2,2,1
4229,59.8,78.5,0,3
4230,41.9,49.2,2,2
4231,36.6,11.3,1,1
4232,36.8,52.1,2,2
4233,81.6,100.0,0,0
4234,36.1,52.7,2,2
4235,82.3,70.9,3,0
4236,54.4,66.4,0,3
4237,95.0,100.0,0,0
4238,54.3,31.6,1,1
4239,83.9,75.2,3,0
4240,33.2,53.7,2,2
4241,31.4,19.1,1,1
4242,100.0,53.9,3,3
4243,64.2,94.6,0,0
4244,62.8,63.8,3,3
4245,55.2,30.1,1,1
4246,63.5,46.7,1,3
4247,95.1,100.0,0,0
4248,56.1,36.4,1,1
4249,77.7,100.0,0,0
4250,74.5,62.3,3,3
4251,57.3,65.6,0,3
4252,54.6,33.6,1,1
4253,45.0,46.5,2,2
4254,67.0,35.1,1,3
4255,59.8,81.3,0,0
4256,84.7,98.2,0,0
4257,24.5,33.3,2,2
4258,29.6,47.8,2,2
4259,50.6,75.2,0,3
4260,50.6,93.6,0,0
4261,36.0,60.6,2,2
4262,38.3,60.1,2,2
4263,89.2,89.6,0,0
4264,79.2,81.1,0,0
4265,48.2,28.0,1,1
4266,34.5,10.5,1,1
4267,23.6,72.1,2,2
4268,86.7,84.8,3,0
4269,35.7,24.5,1,1
4270,68.5,67.7,3,3
4271,51.5,13.3,1,1
4272,63.8,95.8,0,0
4273,41.8,35.9,1,1
4274,94.8,83.6,3,0
4275,65.6,64.9,3,3
4276,79.9,55.2,3,3
4277,51.5,25.8,1,1
4278,13.4,38.1,2,2
4279,56.5,100.0,0,0
4280,89.3,100.0,0,0
4281,61.9,86.2,0,0
4282,72.5,10.9,1,1
4283,75.5,92.9,0,0
4284,44.2,10.4,1,1
4285,55.1,32.0,1,1
4286,51.3,38.1,1,1
4287,37.7,61.0,2,2
4288,41.5,22.5,1,1
4289,100.0,64.0,3,0
4290,43.5,44.7,2,2
4291,89.4,49.7,3,3
4292,65.0,100.0,0,0
4293,76.1,78.2,0,0
4294,16.4,68.9,2,2
4295,64.6,38.9,1,3
4296,54.4,40.2,1,3
4297,83.9,63.9,3,3
4298,65.2,29.7,1,3
4299,41.6,35.8,1,1
4300,100.0,75.7,3,0
4301,31.0,15.9,1,1
4302,78.0,84.3,0,0
4303,75.8,98.3,0,0
4304,80.8,68.0,3,0
4305,29.8,13.4,1,1
4306,100.0,90.0,3,0
4307,70.3,82.4,0,0
4308,88.5,58.1,3,3
4309,42.7,4.5,1,1
4310,76.1,79.4,0,0
4311,66.2,62.2,3,3
4312,60.5,78.9,0,0
4313,51.6,54.0,2,3
4314,72.9,100.0,0,0
4315,64.5,4.9,1,1
4316,81.7,73.6,3,0
4317,100.0,85.2,3,0
4318,17.3,42.1,2,2
4319,56.8,39.9,1,3
4320,32.7,30.8,2,1
4321,63.9,75.3,0,3
4322,33.3,48.1,2,2
4323,32.9,12.0,1,1
4324,67.7,59.6,3,3
4325,71.5,74.6,0,0
4326,37.7,50.5,2,2
4327,38.4,24.1,1,1
4328,72.5,74.1,0,0
4329,49.1,30.2,1,1
4330,58.4,5.2,1,1
4331,88.4,64.2,3,0
4332,92.8,100.0,0,0
4333,84.9,100.0,0,0
4334,74.5,80.0,0,0
4335,36.8,69.0,2,2
4336,67.3,100.0,0,0
4337,67.3,94.5,0,0
4338,17.5,56.0,2,2
4339,94.0,72.5,3,0
4340,98.4,65.9,3,0
4341,29.5,18.2,1,1
4342,14.1,41.7,2,2
4343,81.7,86.6,0,0
4344,73.7,96.6,0,0
4345,86.7,82.5,3,0
4346,62.1,59.0,3,3
4347,99.3,61.2,3,0
4348,87.8,57.1,3,3
4349,39.4,53.3,2,2
4350,61.1,66.4,0,3
4351,74.4,93.2,0,0
4352,50.7,63.9,2,3
4353,68.9,47.1,3,3
4354,30.8,5.1,1,1
4355,68.8,82.2,0,0
4356,64.8,81.1,0,0
4357,66.4,56.6,3,3
4358,28.1,31.7,2,2
4359,71.8,82.6,0,0
4360,84.4,86.4,0,0
4361,74.8,65.2,3,3
4362,36.5,10.7,1,1
4363,6.8,21.8,2,2
4364,35.0,47.7,2,2
4365,32.8,44.7,2,2
4366,85.9,93.7,0,0
4367,39.6,35.0,2,1
4368,70.5,82.4,0,0
4369,100.0,78.0,3,0
4370,19.0,66.7,2,2
4371,28.5,45.4,2,2
4372,21.9,35.7,2,2
4373,55.2,94.3,0,0
4374,84.3,44.7,3,3
4375,13.6,6.0,2,1
4376,18.1,7.4,2,1
4377,37.5,26.4,1,1
4378,38.0,49.7,2,2
4379,15.3,0.0,1,1
4380,87.0,100.0,0,0
4381,45.0,67.6,2,2
4382,65.8,78.9,0,0
4383,23.6,21.6,2,1
4384,37.6,36.2,2,2
4385,56.6,84.1,0,0
4386,87.2,84.5,3,0
4387,25.3,38.4,2,2
4388,45.9,32.2,1,1
4389,44.8,50.0,2,2
4390,55.0,47.1,1,3
4391,67.5,30.7,1,3
4392,90.0,83.7,3,0
4393,34.1,18.8,1,1
4394,43.7,15.6,1,1
4395,28.8,40.9,2,2
4396,86.3,99.0,0,0
4397,40.6,44.1,2,2
4398,25.2,49.9,2,2
4399,41.0,26.2,1,1
4400,71.6,83.8,0,0
4401,21.2,39.5,2,2
4402,47.9,49.9,2,2
4403,43.9,60.3,2,2
4404,79.6,59.3,3,3
4405,44.1,38.4,1,2
4406,25.4,33.9,2,2
4407,65.5,93.8,0,0
4408,51.4,93.1,0,0
4409,90.7,81.6,3,0
4410,36.3,59.9,2,2
4411,51.7,70.0,0,3
4412,80.8,96.7,0,0
4413,93.7,90.3,3,0
4414,19.5,34.6,2,2
4415,36.0,43.3,2,2
4416,47.1,24.9,1,1
4417,79.0,53.8,3,3
4418,83.9,75.0,3,0
4419,73.7,50.5,3,3
4420,67.0,87.2,0,0
4421,100.0,53.7,3,3
4422,49.4,17.8,1,1
4423,54.6,18.0,1,1
4424,30.1,28.0,2,1
4425,38.7,26.5,1,1
4426,78.2,79.9,0,0
4427,77.6,58.8,3,3
4428,74.7,84.5,0,0
4429,97.4,79.9,3,0
4430,26.5,71.5,2,2
4431,57.5,10.6,1,1
4432,81.9,76.2,3,0
4433,46.8,17.8,1,1
4434,76.9,94.8,0,0
4435,84.7,68.4,3,0
4436,58.7,60.2,3,3
4437,75.4,71.6,3,0
4438,76.9,85.9,0,0
4439,3.2,32.3,2,2
4440,95.4,54.6,3,3
4441,34.1,14.5,1,1
4442,45.0,49.3,2,2
4443,79.3,77.6,3,0
4444,80.6,73.2,3,0
4445,50.4,51.9,2,3
4446,78.5,72.7,3,0
4447,39.2,43.5,2,2
4448,76.1,100.0,0,0
4449,95.9,60.2,3,0
4450,28.9,2.2,1,1
4451,50.6,23.9,1,1
4452,93.9,61.1,3,0
4453,80.3,57.8,3,3
4454,70.8,85.9,0,0
4455,81.6,92.8,0,0
4456,68.0,65.3,3,3
4457,41.2,40.0,2,2
4458,36.0,20.0,1,1
4459,53.2,89.9,0,0
4460,84.4,76.4,3,0
4461,53.9,36.6,1,1
4462,92.4,83.5,3,0
4463,42.0,23.2,1,1
4464,75.3,83.6,0,0
4465,54.3,85.7,0,0
4466,80.0,75.9,3,0
4467,45.3,6.0,1,1
4468,75.7,59.0,3,3
4469,27.9,22.2,2,1
4470,55.4,89.4,0,0
4471,37.9,18.0,1,1
4472,98.9,92.2,3,0
4473,38.1,35.9,2,2
4474,59.4,100.0,0,0
4475,64.7,47.6,1,3
4476,51.6,17.0,1,1
4477,38.8,44.1,2,2
4478,80.3,72.6,3,0
4479,85.6,64.3,3,3
4480,75.6,91.5,0,0
4481,78.1,100.0,0,0
4482,62.5,9.5,1,1
4483,82.7,84.0,0,0
4484,90.0,73.1,3,0
4485,94.8,76.8,3,0
4486,100.0,75.9,3,0
4487,82.3,73.0,3,0
4488,91.6,58.2,3,3
4489,32.8,21.9,1,1
4490,27.8,10.8,1,1
4491,43.0,38.0,1,2
4492,81.3,79.4,3,0
4493,69.3,69.6,3,3
4494,74.2,78.5,0,0
4495,48.6,7.9,1,1
4496,75.5,74.4,3,0
4497,77.1,63.8,3,3
4498,58.5,34.5,1,1
4499,38.2,28.1,1,1
4500,48.5,49.1,2,2
4501,58.9,22.0,1,1
4502,63.1,68.3,0,3
4503,89.8,69.7,3,0
4504,63.0,50.0,1,3
4505,11.7,41.0,2,2
4506,81.3,98.7,0,0
4507,56.2,47.9,1,3
4508,58.6,100.0,0,0
4509,82.5,100.0,0,0
4510,55.9,30.5,1,1
4511,40.9,25.3,1,1
4512,63.6,43.5,1,3
4513,70.4,70.3,3,3
4514,37.5,43.9,2,2
4515,82.1,93.4,0,0
4516,73.8,62.5,3,3
4517,74.3,58.6,3,3
4518,73.6,98.6,0,0
4519,35.3,0.0,1,1
4520,60.2,17.4,1,1
4521,33.0,46.0,2,2
4522,77.9,100.0,0,0
4523,56.5,25.2,1,1
4524,28.3,17.5,1,1
4525,37.5,53.7,2,2
4526,54.3,58.9,2,3
4527,76.7,100.0,0,0
4528,95.8,70.2,3,0
4529,15.6,41.7,2,2
4530,71.1,72.2,0,3
4531,88.0,82.9,3,0
4532,49.4,28.4,1,1
4533,54.2,17.9,1,1
4534,15.6,39.7,2,2
4535,77.4,66.2,3,3
4536,84.6,77.7,3,0
4537,90.2,69.9,3,0
4538,38.7,19.8,1,1
4539,27.5,42.7,2,2
4540,65.6,87.7,0,0
4541,47.3,33.9,1,1
4542,76.1,78.7,0,0
4543,65.0,86.3,0,0
4544,83.7,92.7,0,0
4545,43.3,19.2,1,1
4546,24.2,61.1,2,2
4547,56.0,90.6,0,0
4548,39.8,30.2,1,1
4549,71.9,74.3,0,0
4550,81.0,51.6,3,3
4551,79.8,65.1,3,3
4552,77.5,100.0,0,0
4553,84.4,58.4,3,3
4554,92.7,82.4,3,0
4555,43.4,41.5,2,2
4556,44.7,44.2,2,2
4557,72.7,91.9,0,0
4558,85.5,65.7,3,0
4559,93.2,44.5,3,3
4560,43.0,77.2,0,2
4561,84.9,69.6,3,0
4562,30.6,22.4,2,1
4563,63.8,50.8,3,3
4564,82.5,72.6,3,0
4565,68.7,96.1,0,0
4566,41.6,10.6,1,1
4567,86.6,79.4,3,0
4568,70.7,68.0,3,3
4569,60.4,87.2,0,0
4570,64.5,83.9,0,0
4571,48.4,22.1,1,1
4572,67.3,35.7,1,3
4573,89.5,87.1,3,0
4574,41.2,15.7,1,1
4575,44.9,82.2,0,3
4576,80.1,89.0,0,0
4577,25.4,22.3,2,1
4578,73.8,50.5,3,3
4579,89.1,99.7,0,0
4580,84.0,66.3,3,0
4581,35.9,31.3,2,1
4582,24.5,60.2,2,2
4583,65.1,62.4,3,3
4584,53.7,71.2,0,3
4585,56.0,66.6,0,3
4586,57.0,45.0,1,3
4587,83.3,68.5,3,0
4588,39.9,16.2,1,1
4589,99.1,65.8,3,0
4590,43.1,43.2,2,2
4591,36.7,47.8,2,2
4592,80.6,87.5,0,0
4593,13.5,26.3,2,2
4594,45.6,15.4,1,1
4595,59.8,82.5,0,0
4596,81.1,70.2,3,0
4597,45.5,83.0,0,3
4598,44.5,52.0,2,2
4599,88.1,100.0,0,0
4600,65.5,63.7,3,3
4601,36.9,38.1,2,2
4602,70.4,83.3,0,0
4603,63.9,65.3,0,3
4604,45.7,49.9,2,2
4605,49.3,39.6,1,1
4606,67.7,63.7,3,3
4607,72.3,58.4,3,3
4608,34.4,37.0,2,2
4609,17.0,47.6,2,2
4610,40.3,58.8,2,2
4611,96.3,92.3,3,0
4612,27.1,50.3,2,2
4613,28.3,14.5,1,1
4614,41.6,21.7,1,1
4615,83.6,60.0,3,3
4616,81.8,91.6,0,0
4617,34.1,32.9,2,2
4618,72.1,69.1,3,3
4619,98.7,70.0,3,0
4620,23.3,0.0,1,1
4621,87.0,96.0,0,0
4622,50.5,47.1,1,2
4623,27.8,38.1,2,2
4624,61.5,2.5,1,1
4625,74.3,79.8,0,0
4626,67.2,99.5,0,0
4627,47.6,55.6,2,2
4628,42.4,55.9,2,2
4629,22.4,0.0,1,1
4630,85.4,76.0,3,0
4631,41.4,42.2,2,2
4632,42.4,63.3,2,2
4633,83.9,100.0,0,0
4634,77.6,100.0,0,0
4635,68.2,78.6,0,0
4636,65.8,88.8,0,0
4637,34.6,50.3,2,2
4638,28.5,38.9,2,2
4639,13.3,60.7,2,2
4640,41.1,48.4,2,2
4641,91.7,100.0,0,0
4642,28.3,48.0,2,2
4643,50.3,53.4,2,3
4644,85.3,75.4,3,0
4645,46.6,38.2,1,1
4646,91.9,57.7,3,3
4647,53.3,93.3,0,0
4648,74.1,70.7,3,3
4649,42.7,21.0,1,1
4650,68.5,79.3,0,0
4651,62.4,62.4,3,3
4652,37.8,19.6,1,1
4653,77.1,100.0,0,0
4654,41.2,53.5,2,2
4655,85.7,85.1,0,0
4656,12.4,29.0,2,2
4657,54.6,58.2,2,3
4658,63.8,100.0,0,0
4659,45.2,30.8,1,1
4660,69.9,49.2,3,3
4661,61.5,4.9,1,1
4662,77.6,55.6,3,3
4663,28.4,27.2,2,1
4664,48.8,40.7,1,2
4665,88.7,40.1,3,3
4666,60.4,67.3,0,3
4667,87.8,63.2,3,3
4668,52.2,77.8,0,3
4669,78.3,58.4,3,3
4670,82.9,52.5,3,3
4671,39.2,28.4,1,1
4672,16.5,44.3,2,2
4673,87.3,100.0,0,0
4674,24.5,74.3,2,2
4675,84.1,29.2,3,3
4676,75.8,45.2,3,3
4677,57.9,90.8,0,0
4678,35.0,33.5,2,2
4679,61.7,35.4,1,3
4680,41.8,29.7,1,1
4681,64.7,83.0,0,0
4682,85.5,71.1,3,0
4683,85.9,89.8,0,0
4684,57.5,52.9,1,3
4685,18.1,14.4,2,1
4686,72.5,42.6,3,3
4687,41.0,37.4,2,2
4688,28.5,30.7,2,2
4689,33.9,50.5,2,2
4690,91.1,66.3,3,0
4691,100.0,94.9,3,0
4692,34.5,14.6,1,1
4693,39.5,40.1,2,2
4694,52.1,41.8,1,1
4695,51.3,43.9,1,2
4696,90.9,69.1,3,0
4697,42.6,16.2,1,1
4698,88.3,100.0,0,0
4699,32.4,51.2,2,2
4700,95.9,100.0,0,0
4701,39.4,26.1,1,1
4702,30.8,31.6,2,2
4703,18.3,19.8,2,1
4704,39.0,44.5,2,2
4705,69.8,72.3,0,3
4706,35.2,48.1,2,2
4707,42.8,50.1,2,2
4708,79.4,76.4,3,0
4709,34.1,53.2,2,2
4710,83.1,71.1,3,0
4711,83.7,45.5,3,3
4712,64.0,100.0,0,0
4713,19.7,21.4,2,1
4714,81.5,100.0,0,0
4715,63.7,84.8,0,0
4716,32.0,11.7,1,1
4717,79.1,93.0,0,0
4718,97.8,30.4,3,3
4719,9.2,11.8,2,1
4720,72.2,100.0,0,0
4721,35.7,20.1,1,1
4722,26.2,39.1,2,2
4723,71.6,74.9,0,0
4724,63.9,100.0,0,0
4725,67.9,89.2,0,0
4726,54.0,63.8,0,3
4727,53.0,31.3,1,1
4728,49.1,44.2,1,2
4729,63.0,58.1,3,3
4730,64.7,32.5,1,3
4731,12.8,18.0,2,1
4732,18.3,42.3,2,2
4733,41.9,20.4,1,1
4734,43.7,54.8,2,2
4735,45.7,33.8,1,1
4736,32.1,23.2,1,1
4737,81.6,56.5,3,3
4738,38.1,41.3,2,2
4739,94.4,99.8,0,0
4740,36.7,33.3,2,1
4741,36.9,48.1,2,2
4742,36.6,56.8,2,2
4743,39.8,55.1,2,2
4744,0.0,16.0,2,2
4745,86.1,96.4,0,0
4746,55.8,37.5,1,1
4747,85.6,100.0,0,0
4748,43.9,18.9,1,1
4749,52.3,21.3,1,1
4750,89.3,93.6,0,0
4751,65.3,80.5,0,0
4752,77.7,98.3,0,0
4753,45.9,44.2,2,2
4754,79.4,71.0,3,0
4755,38.4,69.4,2,2
4756,52.0,43.0,1,3
4757,93.1,68.1,3,0
4758,31.7,37.9,2,2
4759,92.7,79.8,3,0
4760,56.7,32.9,1,1
4761,40.3,53.6,2,2
4762,49.5,98.3,0,0
4763,39.6,41.2,2,2
4764,68.8,35.8,1,3
4765,16.4,23.5,2,2
4766,10.1,53.2,2,2
4767,57.3,42.0,1,3
4768,52.5,14.1,1,1
4769,48.4,26.1,1,1
4770,32.4,51.4,2,2
4771,100.0,63.8,3,0
4772,80.5,75.5,3,0
4773,44.2,40.4,1,2
4774,61.8,61.2,3,3
4775,85.8,97.6,0,0
4776,99.6,86.5,3,0
4777,41.9,25.9,1,1
4778,50.5,50.1,2,3
4779,52.5,70.2,0,3
4780,74.5,74.2,3,0
4781,100.0,65.1,3,0
4782,22.4,37.8,2,2
4783,28.9,16.5,1,1
4784,44.7,34.0,1,1
4785,68.5,57.7,3,3
4786,91.8,91.5,0,0
4787,81.7,69.6,3,0
4788,28.6,60.4,2,2
4789,51.4,84.2,0,0
4790,85.8,94.2,0,0
4791,58.3,34.7,1,1
4792,16.1,33.3,2,2
4793,58.8,40.3,1,3
4794,74.1,87.8,0,0
4795,48.1,43.8,1,2
4796,33.3,1.4,1,1
4797,81.3,100.0,0,0
4798,96.6,99.3,0,0
4799,37.8,23.7,1,1
4800,85.3,86.3,0,0
4801,42.9,20.0,1,1
4802,42.4,31.1,1,1
4803,71.2,91.2,0,0
4804,61.0,20.6,1,1
4805,63.6,28.2,1,1
4806,31.4,11.4,1,1
4807,88.2,58.8,3,3
4808,75.4,66.8,3,3
4809,88.8,63.7,3,0
4810,90.5,99.8,0,0
4811,83.7,70.9,3,0
4812,93.4,61.0,3,0
4813,50.6,59.7,2,3
4814,36.7,29.2,1,1
4815,58.4,46.1,1,3
4816,45.6,45.2,2,2
4817,57.0,27.1,1,1
4818,67.7,75.6,0,0
4819,81.1,73.5,3,0
4820,59.7,32.7,1,1
4821,3.2,32.4,2,2
4822,47.8,17.9,1,1
4823,100.0,82.0,3,0
4824,36.6,73.0,2,2
4825,26.5,0.0,1,1
4826,42.9,38.3,1,2
4827,90.7,52.8,3,3
4828,61.1,18.3,1,1
4829,64.3,74.6,0,3
4830,80.7,39.2,3,3
4831,13.6,9.3,2,1
4832,70.2,69.2,3,3
4833,55.9,35.7,1,1
4834,46.8,51.3,2,2
4835,48.5,28.2,1,1
4836,34.7,57.4,2,2
4837,98.7,79.6,3,0
4838,29.6,36.0,2,2
4839,23.1,66.9,2,2
4840,59.2,92.4,0,0
4841,35.6,10.3,1,1
4842,40.7,28.8,1,1
4843,83.3,90.0,0,0
4844,62.9,68.4,0,3
4845,68.1,100.0,0,0
4846,18.8,29.8,2,2
4847,22.0,63.4,2,2
4848,84.8,50.0,3,3
4849,35.7,48.2,2,2
4850,79.0,86.1,0,0
4851,45.9,33.5,1,1
4852,74.6,67.9,3,3
4853,52.0,33.4,1,1
4854,88.7,100.0,0,0
4855,43.9,49.1,2,2
4856,90.6,77.2,3,0
4857,73.0,67.8,3,3
4858,31.1,27.2,2,1
4859,62.7,48.3,1,3
4860,65.0,100.0,0,0
4861,62.3,59.5,3,3
4862,86.3,74.0,3,0
4863,57.0,78.9,0,3
4864,20.4,7.8,2,1
4865,72.4,82.2,0,0
4866,90.7,71.0,3,0
4867,47.3,7.0,1,1
4868,76.6,91.8,0,0
4869,33.0,44.7,2,2
4870,100.0,68.5,3,0
4871,59.0,45.3,1,3
4872,23.2,49.9,2,2
4873,75.3,89.6,0,0
4874,79.0,44.4,3,3
4875,68.4,56.5,3,3
4876,60.0,82.2,0,0
4877,49.2,19.9,1,1
4878,64.2,80.1,0,0
4879,34.4,29.2,2,1
4880,21.3,69.4,2,2
4881,52.1,36.2,1,1
4882,75.3,63.1,3,3
4883,61.5,38.3,1,3
4884,13.3,92.2,2,2
4885,33.0,49.1,2,2
4886,67.6,100.0,0,0
4887,52.6,38.3,1,1
4888,42.0,26.6,1,1
4889,36.9,35.7,2,2
4890,100.0,58.0,3,0
4891,67.9,43.2,1,3
4892,86.5,100.0,0,0
4893,88.0,100.0,0,0
4894,62.5,68.0,0,3
4895,69.4,78.9,0,0
4896,46.0,44.4,2,2
4897,85.4,100.0,0,0
4898,55.8,41.6,1,3
4899,85.6,41.0,3,3
4900,76.6,36.1,3,3
4901,52.0,96.7,0,0
4902,37.7,29.3,1,1
4903,68.6,92.9,0,0
4904,35.9,28.4,1,1
4905,31.9,11.9,1,1
4906,19.0,14.0,2,1
4907,38.2,42.1,2,2
4908,54.8,83.7,0,0
4909,44.9,16.7,1,1
4910,66.2,39.2,1,3
4911,98.8,42.7,3,3
4912,30.3,33.8,2,2
4913,48.0,58.1,2,2
4914,84.6,76.5,3,0
4915,82.7,91.7,0,0
4916,57.1,53.1,1,3
4917,88.0,99.9,0,0
4918,35.4,40.8,2,2
4919,49.2,85.3,0,0
4920,43.5,49.4,2,2
4921,75.5,68.0,3,3
4922,63.8,47.2,1,3
4923,75.5,69.3,3,3
4924,43.8,40.4,2,2
4925,83.2,84.5,0,0
4926,22.8,44.9,2,2
4927,51.1,89.5,0,0
4928,42.2,49.1,2,2
4929,41.8,6.8,1,1
4930,59.0,88.1,0,0
4931,67.9,79.4,0,0
4932,89.7,78.3,3,0
4933,39.0,15.5,1,1
4934,37.4,49.6,2,2
4935,67.9,100.0,0,0
4936,86.9,78.0,3,0
4937,100.0,66.4,3,0
4938,12.9,42.6,2,2
4939,81.8,53.6,3,3
4940,35.0,71.6,2,2
4941,47.5,23.2,1,1
4942,88.1,77.0,3,0
4943,49.0,22.7,1,1
4944,27.2,22.1,2,1
4945,71.3,85.5,0,0
4946,92.1,68.0,3,0
4947,81.3,43.9,3,3
4948,91.5,75.1,3,0
4949,73.8,93.2,0,0
4950,100.0,82.4,3,0
4951,85.3,66.0,3,0
4952,38.3,20.8,1,1
4953,37.4,36.8,2,2
4954,81.3,87.6,0,0
4955,43.9,67.4,2,2
4956,87.0,73.4,3,0
4957,52.6,64.5,0,3
4958,65.5,100.0,0,0
4959,31.3,58.2,2,2
4960,91.7,91.1,0,0
4961,81.9,78.9,3,0
4962,42.6,39.5,2,2
4963,93.4,45.6,3,3
4964,46.5,82.7,0,3
4965,72.4,57.7,3,3
4966,81.7,99.0,0,0
4967,72.6,72.7,3,0
4968,26.6,45.4,2,2
4969,25.0,31.3,2,2
4970,46.4,31.4,1,1
4971,76.1,95.8,0,0
4972,66.5,78.7,0,0
4973,6.0,48.1,2,2
4974,38.1,57.6,2,2
4975,44.3,38.8,1,2
4976,13.6,29.0,2,2
4977,73.2,54.4,3,3
4978,45.2,93.1,0,0
4979,38.3,46.5,2,2
4980,19.3,42.4,2,2
4981,65.9,70.6,0,3
4982,62.3,71.2,0,3
4983,69.1,75.5,0,0
4984,40.7,23.5,1,1
4985,32.6,62.4,2,2
4986,50.4,66.0,0,3
4987,100.0,80.2,3,0
4988,56.8,51.4,1,3
4989,37.3,31.8,2,1
4990,49.6,46.9,1,2
4991,52.9,16.4,1,1
4992,56.5,100.0,0,0
4993,13.2,45.6,2,2
4994,71.4,92.8,0,0
4995,57.4,18.1,1,1
4996,77.9,94.2,0,0
4997,69.1,100.0,0,0
4998,34.7,67.4,2,2
4999,43.6,86.3,0,3
5000,100.0,75.6,3,0
5001,71.8,91.7,0,0
5002,34.1,47.4,2,2
5003,61.0,82.2,0,0
5004,58.2,88.9,0,0
5005,73.3,72.2,3,0
5006,50.8,76.6,0,3
5007,67.9,10.9,1,1
5008,22.3,27.5,2,2
5009,59.6,49.1,1,3
5010,100.0,68.1,3,0
5011,68.5,59.1,3,3
5012,54.4,31.5,1,1
5013,66.1,76.5,0,0
5014,41.3,33.1,1,1
5015,74.8,63.8,3,3
5016,79.7,61.1,3,3
5017,57.9,57.6,3,3
5018,78.8,63.7,3,3
5019,33.5,21.5,1,1
5020,21.7,59.9,2,2
5021,88.5,60.5,3,3
5022,42.3,26.8,1,1
5023,81.1,92.8,0,0
5024,79.0,100.0,0,0
5025,75.2,78.8,0,0
5026,58.2,42.6,1,3
5027,89.8,87.9,3,0
5028,73.6,92.9,0,0
5029,66.2,100.0,0,0
5030,74.7,70.6,3,3
5031,51.2,26.9,1,1
5032,41.3,59.2,2,2
5033,36.5,62.5,2,2
5034,65.8,81.9,0,0
5035,17.3,50.1,2,2
5036,59.6,36.7,1,3
5037,74.4,76.9,0,0
5038,34.0,35.4,2,2
5039,68.8,82.0,0,0
5040,76.4,98.2,0,0
5041,76.4,100.0,0,0
5042,37.6,31.8,2,1
5043,70.8,85.8,0,0
5044,53.6,22.6,1,1
5045,50.6,16.9,1,1
5046,48.8,41.6,1,2
5047,72.0,92.7,0,0
5048,100.0,100.0,0,0
5049,32.9,46.0,2,2
5050,55.3,85.9,0,0
5051,37.4,20.4,1,1
5052,100.0,69.3,3,0
5053,58.0,37.0,1,3
5054,38.3,24.6,1,1
5055,39.4,54.5,2,2
5056,36.0,45.1,2,2
5057,82.5,75.7,3,0
5058,61.4,83.0,0,0
5059,79.8,77.7,3,0
5060,15.9,50.3,2,2
5061,89.1,68.5,3,0
5062,85.5,79.3,3,0
5063,48.8,41.1,1,2
5064,91.2,59.3,3,3
5065,35.7,38.6,2,2
5066,25.5,24.1,2,1
5067,63.9,22.0,1,1
5068,54.6,15.5,1,1
5069,80.6,90.9,0,0
5070,53.6,93.0,0,0
5071,19.9,39.7,2,2
5072,64.0,91.9,0,0
5073,93.1,100.0,0,0
5074,74.9,73.3,3,0
5075,65.7,37.8,1,3
5076,56.9,47.2,1,3
5077,37.1,20.1,1,1
5078,80.5,80.7,0,0
5079,74.1,52.0,3,3
5080,62.4,23.5,1,1
5081,70.0,95.7,0,0
5082,38.0,50.0,2,2
5083,100.0,69.6,3,0
5084,74.1,67.0,3,3
5085,77.0,51.3,3,3
5086,77.3,100.0,0,0
5087,57.7,41.7,1,3
5088,13.7,0.0,2,1
5089,28.1,54.0,2,2
5090,46.7,62.9,2,2
5091,28.4,9.6,1,1
5092,40.4,0.4,1,1
5093,65.5,79.3,0,0
5094,44.4,68.1,2,2
5095,70.4,69.2,3,3
5096,84.5,80.7,3,0
5097,46.3,34.4,1,1
5098,58.5,36.3,1,3
5099,35.1,38.0,2,2
5100,57.5,31.8,1,1
5101,51.8,18.7,1,1
5102,34.9,3.3,1,1
5103,91.2,67.0,3,0
5104,77.2,100.0,0,0
5105,52.5,56.7,2,3
5106,71.1,90.8,0,0
5107,64.8,65.2,3,3
5108,18.6,48.8,2,2
5109,62.1,100.0,0,0
5110,100.0,77.8,3,0
5111,74.9,80.6,0,0
5112,23.1,22.8,2,1
5113,67.9,25.4,1,1
5114,92.9,81.7,3,0
5115,48.6,90.9,0,0
5116,39.2,41.2,2,2
5117,35.1,46.2,2,2
5118,57.3,28.2,1,1
5119,77.5,88.2,0,0
5120,35.3,9.9,1,1
5121,84.8,51.0,3,3
5122,49.5,26.2,1,1
5123,25.8,25.6,2,1
5124,31.9,20.2,1,1
5125,72.7,100.0,0,0
5126,33.4,53.0,2,2
5127,46.5,78.8,0,3
5128,88.7,53.5,3,3
5129,33.0,32.1,2,2
5130,28.0,41.1,2,2
5131,80.5,96.0,0,0
5132,78.4,100.0,0,0
5133,39.5,36.7,2,2
5134,24.8,18.7,2,1
5135,80.4,79.7,3,0
5136,82.1,94.7,0,0
5137,100.0,100.0,0,0
5138,26.4,12.5,1,1
5139,59.0,78.8,0,3
5140,37.7,30.8,1,1
5141,83.6,87.1,0,0
5142,28.0,26.2,2,1
5143,82.4,90.5,0,0
5144,57.0,84.6,0,0
5145,19.4,39.2,2,2
5146,53.3,86.5,0,0
5147,44.9,29.9,1,1
5148,53.3,2.3,1,1
5149,54.2,57.0,2,3
5150,93.3,100.0,0,0
5151,62.6,81.1,0,0
5152,42.9,0.6,1,1
5153,60.9,88.0,0,0
5154,60.6,63.6,0,3
5155,100.0,67.6,3,0
5156,65.3,80.0,0,0
5157,77.9,100.0,0,0
5158,75.8,68.6,3,3
5159,60.3,16.7,1,1
5160,18.2,18.9,2,1
5161,47.5,40.7,1,2
5162,93.6,83.2,3,0
5163,76.9,83.5,0,0
5164,29.3,53.5,2,2
5165,82.7,93.1,0,0
5166,73.3,63.9,3,3
5167,35.4,28.2,1,1
5168,66.9,75.1,0,0
5169,61.1,98.6,0,0
5170,48.4,64.7,2,3
5171,49.8,40.4,1,1
5172,48.9,10.2,1,1
5173,77.6,97.8,0,0
5174,69.6,67.2,3,3
5175,51.8,27.0,1,1
5176,31.3,30.7,2,2
5177,100.0,92.2,3,0
5178,57.6,7.2,1,1
5179,95.3,78.3,3,0
5180,25.6,29.4,2,2
5181,91.5,65.1,3,0
5182,55.7,36.6,1,1
5183,74.0,88.3,0,0
5184,79.5,79.2,0,0
5185,81.8,56.6,3,3
5186,45.9,42.4,1,2
5187,38.8,37.8,2,2
5188,78.4,60.9,3,3
5189,66.7,100.0,0,0
5190,55.9,68.5,0,3
5191,74.8,57.1,3,3
5192,85.0,70.7,3,0
5193,25.8,38.4,2,2
5194,47.2,18.1,1,1
5195,64.1,61.9,3,3
5196,63.3,87.2,0,0
5197,68.9,73.6,0,3
5198,29.9,58.2,2,2
5199,47.5,32.7,1,1
5200,77.3,74.8,3,0
5201,57.6,77.0,0,3
5202,50.0,5.0,1,1
5203,68.5,73.1,0,3
5204,77.1,72.4,3,0
5205,37.5,23.5,1,1
5206,63.5,58.1,3,3
5207,33.4,49.3,2,2
5208,13.6,56.5,2,2
5209,40.5,35.1,1,1
5210,56.3,43.0,1,3
5211,66.0,69.1,0,3
5212,32.8,14.6,1,1
5213,85.2,87.2,0,0
5214,39.0,33.6,2,1
5215,35.7,40.9,2,2
5216,88.7,70.3,3,0
5217,44.9,18.1,1,1
5218,37.8,6.4,1,1
5219,48.8,59.2,2,3
5220,75.5,9.3,1,1
5221,49.0,18.1,1,1
5222,34.7,31.0,2,1
5223,33.4,58.2,2,2
5224,61.8,42.6,1,3
5225,52.1,76.8,0,3
5226,77.5,48.3,3,3
5227,46.1,0.0,1,1
5228,21.0,46.3,2,2
5229,90.7,42.2,3,3
5230,32.8,70.3,2,2
5231,49.5,26.7,1,1
5232,42.7,29.4,1,1
5233,44.0,33.5,1,1
5234,21.0,81.0,2,2
5235,88.3,88.1,0,0
5236,46.7,0.0,1,1
5237,78.9,40.8,3,3
5238,60.5,63.6,0,3
5239,53.5,62.2,0,3
5240,70.2,59.3,3,3
5241,82.0,47.6,3,3
5242,37.8,48.9,2,2
5243,71.0,75.7,0,0
5244,60.3,79.0,0,0
5245,45.1,52.4,2,2
5246,77.6,48.1,3,3
5247,72.2,54.5,3,3
5248,45.8,28.3,1,1
5249,86.8,48.1,3,3
5250,34.4,17.7,1,1
5251,36.2,54.4,2,2
5252,78.7,77.9,3,0
5253,21.8,29.8,2,2
5254,81.9,84.7,0,0
5255,81.0,59.1,3,3
5256,42.1,36.8,1,2
5257,74.3,64.3,3,3
5258,100.0,81.5,3,0
5259,40.2,26.3,1,1
5260,81.9,99.8,0,0
5261,43.2,19.8,1,1
5262,62.4,35.0,1,3
5263,22.2,24.0,2,1
5264,65.2,16.7,1,1
5265,46.9,31.1,1,1
5266,83.3,100.0,0,0
5267,56.0,39.2,1,3
5268,36.3,21.4,1,1
5269,58.7,80.1,0,0
5270,88.8,82.2,3,0
5271,80.8,51.5,3,3
5272,50.4,43.4,1,2
5273,65.5,81.7,0,0
5274,70.1,79.5,0,0
5275,68.0,100.0,0,0
5276,42.6,69.1,2,2
5277,67.7,85.4,0,0
5278,45.9,41.0,1,2
5279,35.8,46.9,2,2
5280,100.0,100.0,0,0
5281,81.1,77.5,3,0
5282,14.8,19.7,2,1
5283,70.4,29.4,1,3
5284,36.7,30.0,1,1
5285,41.7,66.9,2,2
5286,46.8,33.5,1,1
5287,81.9,76.7,3,0
5288,29.7,32.0,2,2
5289,22.6,22.7,2,1
5290,79.0,64.9,3,3
5291,57.9,89.2,0,0
5292,89.8,78.4,3,0
5293,79.2,3.5,1,1
5294,75.8,64.1,3,3
5295,75.4,89.5,0,0
5296,87.8,66.4,3,0
5297,68.8,36.1,1,3
5298,59.6,34.8,1,3
5299,63.5,85.5,0,0
5300,89.3,91.1,0,0
5301,100.0,66.3,3,0
5302,52.6,27.0,1,1
5303,49.8,68.3,0,3
5304,73.3,94.2,0,0
5305,42.6,30.8,1,1
5306,70.7,82.5,0,0
5307,49.6,11.3,1,1
5308,70.2,73.0,0,3
5309,68.5,57.9,3,3
5310,70.4,64.4,3,3
5311,40.8,51.5,2,2
5312,72.5,81.9,0,0
5313,31.0,47.0,2,2
5314,68.8,95.5,0,0
5315,32.7,27.4,2,1
5316,49.2,44.6,1,2
5317,80.8,100.0,0,0
5318,24.8,0.0,1,1
5319,7.3,34.1,2,2
5320,85.7,63.5,3,3
5321,99.4,65.6,3,0
5322,33.8,39.8,2,2
5323,33.2,50.1,2,2
5324,11.3,10.3,2,1
5325,40.4,22.9,1,1
5326,69.4,54.8,3,3
5327,81.4,81.4,0,0
5328,73.8,33.7,1,3
5329,32.9,57.5,2,2
5330,72.7,11.3,1,1
5331,38.7,0.0,1,1
5332,72.3,57.9,3,3
5333,47.0,42.9,1,2
5334,43.0,38.9,1,2
5335,67.2,84.8,0,0
5336,40.0,25.3,1,1
5337,31.0,19.1,1,1
5338,80.3,77.4,3,0
5339,47.5,53.9,2,2
5340,77.0,66.6,3,3
5341,60.8,70.5,0,3
5342,78.4,87.0,0,0
5343,65.6,72.7,0,3
5344,50.2,47.9,1,2
5345,35.3,34.8,2,2
5346,90.2,66.1,3,0
5347,60.0,18.7,1,1
5348,37.6,30.1,1,1
5349,60.9,84.9,0,0
5350,73.8,100.0,0,0
5351,24.6,11.1,1,1
5352,75.1,51.9,3,3
5353,61.2,4.3,1,1
5354,80.8,100.0,0,0
5355,84.6,83.8,0,0
5356,18.5,21.6,2,1
5357,60.4,35.6,1,3
5358,54.9,28.9,1,1
5359,49.3,32.2,1,1
5360,51.4,62.3,2,3
5361,41.6,49.8,2,2
5362,33.5,36.4,2,2
5363,57.0,60.1,0,3
5364,73.6,91.6,0,0
5365,64.8,52.8,3,3
5366,75.3,99.9,0,0
5367,99.3,50.9,3,3
5368,81.8,85.8,0,0
5369,56.2,64.9,0,3
5370,44.4,25.6,1,1
5371,87.2,56.2,3,3
5372,50.0,30.3,1,1
5373,71.1,100.0,0,0
5374,77.9,71.6,3,0
5375,46.5,84.7,0,3
5376,23.8,9.4,1,1
5377,72.1,100.0,0,0
5378,74.2,77.1,0,0
5379,36.9,33.1,2,1
5380,61.6,76.8,0,3
5381,53.7,22.3,1,1
5382,50.5,40.8,1,1
5383,51.3,44.1,1,2
5384,46.7,56.6,2,2
5385,42.3,37.8,1,2
5386,20.3,37.0,2,2
5387,62.3,95.6,0,0
5388,100.0,100.0,0,0
5389,49.4,62.6,2,3
5390,97.4,100.0,0,0
5391,96.9,60.6,3,0
5392,71.9,100.0,0,0
5393,51.7,68.4,0,3
5394,78.6,56.9,3,3
5395,50.8,34.1,1,1
5396,81.4,100.0,0,0
5397,75.7,100.0,0,0
5398,74.7,75.0,0,0
5399,52.4,26.3,1,1
5400,51.3,8.4,1,1
5401,41.3,54.6,2,2
5402,95.8,75.3,3,0
5403,15.1,41.6,2,2
5404,64.1,52.2,3,3
5405,79.6,95.2,0,0
5406,25.0,0.3,1,1
5407,59.8,36.1,1,3
5408,48.5,19.3,1,1
5409,83.5,81.8,3,0
5410,90.1,78.8,3,0
5411,80.8,100.0,0,0
5412,51.4,14.9,1,1
5413,95.7,55.9,3,3
5414,81.6,50.2,3,3
5415,38.3,32.9,2,1
5416,45.9,34.4,1,1
5417,81.7,18.6,1,3
5418,33.8,44.3,2,2
5419,66.8,100.0,0,0
5420,39.0,19.0,1,1
5421,31.0,0.0,1,1
5422,55.9,88.8,0,0
5423,54.2,37.9,1,1
5424,21.0,18.0,2,1
5425,75.4,54.6,3,3
5426,2.7,22.9,2,2
5427,100.0,61.1,3,0
5428,65.8,64.8,3,3
5429,32.9,19.3,1,1
5430,25.7,53.7,2,2
5431,98.2,97.8,0,0
5432,49.4,3.7,1,1
5433,66.6,32.0,1,3
5434,39.3,34.0,2,1
5435,53.8,0.0,1,1
5436,47.4,14.7,1,1
5437,34.4,36.0,2,2
5438,57.7,51.7,1,3
5439,77.1,63.7,3,3
5440,99.2,67.7,3,0
5441,76.1,63.9,3,3
5442,47.8,37.7,1,1
5443,79.8,76.9,3,0
5444,20.6,66.2,2,2
5445,65.1,64.1,3,3
5446,0.0,29.0,2,2
5447,95.6,70.8,3,0
5448,42.9,14.3,1,1
5449,71.9,86.8,0,0
5450,59.7,85.1,0,0
5451,94.5,55.1,3,3
5452,57.4,59.2,0,3
5453,88.3,83.5,3,0
5454,69.2,50.0,3,3
5455,38.9,61.3,2,2
5456,64.1,35.8,1,3
5457,27.4,46.9,2,2
5458,47.8,53.5,2,2
5459,50.9,35.1,1,1
5460,20.8,38.0,2,2
5461,72.9,65.0,3,3
5462,88.4,71.9,3,0
5463,38.3,62.0,2,2
5464,22.8,30.1,2,2
5465,57.9,100.0,0,0
5466,100.0,67.5,3,0
5467,71.4,87.4,0,0
5468,45.1,9.1,1,1
5469,41.4,47.1,2,2
5470,52.8,60.0,2,3
5471,28.5,40.4,2,2
5472,85.1,97.8,0,0
5473,91.8,100.0,0,0
5474,53.6,28.2,1,1
5475,0.0,16.1,2,2
5476,84.3,100.0,0,0
5477,53.5,99.5,0,0
5478,34.4,16.0,1,1
5479,100.0,59.9,3,0
5480,72.7,75.2,0,0
5481,71.0,96.0,0,0
5482,82.2,85.6,0,0
5483,68.5,66.5,3,3
5484,74.4,56.4,3,3
5485,48.4,13.5,1,1
5486,35.5,50.6,2,2
5487,17.9,46.5,2,2
5488,88.8,84.3,3,0
5489,53.2,37.6,1,1
5490,31.4,29.4,2,1
5491,84.3,81.0,3,0
5492,84.2,81.0,3,0
5493,87.7,83.5,3,0
5494,69.8,30.8,1,3
5495,75.3,62.3,3,3
5496,7.0,59.8,2,2
5497,69.7,35.1,1,3
5498,29.5,78.0,2,2
5499,95.6,70.3,3,0
5500,81.2,100.0,0,0
5501,44.9,9.4,1,1
5502,66.2,61.2,3,3
5503,35.4,36.7,2,2
5504,54.7,63.6,0,3
5505,50.6,93.8,0,0
5506,50.2,80.0,0,3
5507,64.7,74.6,0,3
5508,55.9,37.6,1,1
5509,57.0,34.8,1,1
5510,49.3,37.9,1,1
5511,93.0,53.6,3,3
5512,42.7,28.5,1,1
5513,94.6,73.3,3,0
5514,49.6,75.6,0,3
5515,37.1,55.5,2,2
5516,41.9,29.4,1,1
5517,44.7,44.9,2,2
5518,44.6,17.1,1,1
5519,53.4,40.9,1,3
5520,79.0,78.7,0,0
5521,56.8,66.4,0,3
5522,70.0,15.3,1,1
5523,60.2,38.3,1,3
5524,60.3,60.8,3,3
5525,19.4,31.7,2,2
5526,87.6,56.2,3,3
5527,43.4,59.9,2,2
5528,79.7,78.4,3,0
5529,100.0,57.4,3,0
5530,80.2,55.6,3,3
5531,62.9,80.0,0,0
5532,38.5,6.4,1,1
5533,77.6,71.2,3,0
5534,40.6,42.9,2,2
5535,59.2,100.0,0,0
5536,72.9,57.9,3,3
5537,67.5,87.5,0,0
5538,34.9,19.6,1,1
5539,67.4,50.8,3,3
5540,72.4,87.5,0,0
5541,44.0,49.8,2,2
5542,73.3,73.8,0,0
5543,34.9,59.1,2,2
5544,87.5,56.3,3,3
5545,100.0,74.2,3,0
5546,11.2,24.3,2,2
5547,50.6,93.6,0,0
5548,31.3,28.1,2,1
5549,34.4,24.9,1,1
5550,70.5,76.4,0,0
5551,41.9,0.7,1,1
5552,39.4,64.0,2,2
5553,75.2,33.4,1,3
5554,82.9,80.2,3,0
5555,41.6,24.8,1,1
5556,47.8,28.4,1,1
5557,64.1,78.7,0,0
5558,69.9,67.6,3,3
5559,100.0,84.7,3,0
5560,84.6,95.4,0,0
5561,100.0,72.5,3,0
5562,28.0,8.9,1,1
5563,28.8,54.4,2,2
5564,82.2,98.0,0,0
5565,49.7,87.3,0,0
5566,41.3,60.6,2,2
5567,19.7,28.6,2,2
5568,90.6,97.4,0,0
5569,66.3,64.8,3,3
5570,10.7,51.6,2,2
5571,57.6,35.5,1,1
5572,57.0,27.9,1,1
5573,72.2,58.7,3,3
5574,70.9,53.9,3,3
5575,49.6,50.1,2,2
5576,29.3,38.0,2,2
5577,83.6,81.2,3,0
5578,31.2,9.3,1,1
5579,6.8,19.9,2,2
5580,43.6,84.0,0,3
5581,23.6,43.2,2,2
5582,71.9,94.7,0,0
5583,100.0,97.4,3,0
5584,59.0,73.4,0,3
5585,91.8,72.9,3,0
5586,57.3,27.7,1,1
5587,27.7,38.3,2,2
5588,41.4,45.0,2,2
5589,75.7,62.0,3,3
5590,49.7,68.6,0,3
5591,77.0,81.8,0,0
5592,43.0,13.5,1,1
5593,95.8,79.5,3,0
5594,59.4,72.5,0,3
5595,36.5,33.6,2,2
5596,21.2,14.8,2,1
5597,93.7,63.0,3,0
5598,54.8,92.1,0,0
5599,23.6,41.3,2,2
5600,58.0,36.7,1,3
5601,95.1,63.4,3,0
5602,54.1,58.9,2,3
5603,59.7,31.2,1,1
5604,58.0,90.4,0,0
5605,17.5,46.1,2,2
5606,41.2,16.0,1,1
5607,58.6,44.0,1,3
5608,71.6,43.9,3,3
5609,75.9,83.9,0,0
5610,45.8,36.2,1,1
5611,100.0,97.9,0,0
5612,48.6,90.9,0,0
5613,55.6,38.5,1,3
5614,38.6,30.6,1,1
5615,36.4,46.6,2,2
5616,65.8,36.4,1,3
5617,84.2,99.8,0,0
5618,84.6,100.0,0,0
5619,52.2,43.9,1,3
5620,51.6,59.0,2,3
5621,75.2,44.5,3,3
5622,32.3,5.2,1,1
5623,19.2,24.0,2,2
5624,61.8,100.0,0,0
5625,64.7,93.2,0,0
5626,95.9,83.5,3,0
5627,48.1,34.0,1,1
5628,50.2,40.7,1,1
5629,53.8,11.7,1,1
5630,72.0,73.6,0,0
5631,41.8,23.4,1,1
5632,51.0,34.8,1,1
5633,87.5,77.4,3,0
5634,65.3,100.0,0,0
5635,24.4,20.6,2,1
5636,44.0,31.7,1,1
5637,25.5,53.6,2,2
5638,80.4,100.0,0,0
5639,14.0,52.8,2,2
5640,44.2,49.7,2,2
5641,65.6,100.0,0,0
5642,65.3,84.9,0,0
5643,48.5,93.1,0,0
5644,68.3,79.8,0,0
5645,81.5,100.0,0,0
5646,90.2,79.6,3,0
5647,68.2,100.0,0,0
5648,68.1,70.9,0,3
5649,100.0,76.1,3,0
5650,67.4,43.2,1,3
5651,37.5,27.2,1,1
5652,38.5,18.8,1,1
5653,73.2,48.4,3,3
5654,34.9,59.9,2,2
5655,26.8,49.5,2,2
5656,13.0,34.2,2,2
5657,68.4,94.0,0,0
5658,62.6,44.3,1,3
5659,82.7,89.6,0,0
5660,59.0,100.0,0,0
5661,34.1,35.4,2,2
5662,36.8,70.2,2,2
5663,55.7,27.5,1,1
5664,49.8,53.5,2,3
5665,100.0,85.9,3,0
5666,57.7,59.9,0,3
5667,80.3,55.7,3,3
5668,61.0,55.5,3,3
5669,67.6,78.3,0,0
5670,96.2,84.4,3,0
5671,16.8,48.6,2,2
5672,84.8,63.6,3,3
5673,87.9,40.2,3,3
5674,40.0,15.6,1,1
5675,88.0,78.5,3,0
5676,24.5,27.7,2,2
5677,97.4,93.2,3,0
5678,32.8,51.1,2,2
5679,23.0,36.5,2,2
5680,45.1,52.3,2,2
5681,71.8,79.6,0,0
5682,55.4,75.6,0,3
5683,42.4,20.9,1,1
5684,42.9,14.7,1,1
5685,60.7,81.9,0,0
5686,14.8,50.1,2,2
5687,47.1,3.3,1,1
5688,45.7,92.6,0,0
5689,15.8,73.1,2,2
5690,33.9,12.6,1,1
5691,84.2,76.7,3,0
5692,96.8,82.3,3,0
5693,18.2,59.7,2,2
5694,39.2,0.0,1,1
5695,32.2,32.9,2,2
5696,94.0,80.7,3,0
5697,60.3,12.1,1,1
5698,71.8,94.5,0,0
5699,95.3,79.3,3,0
5700,56.7,45.1,1,3
5701,46.2,33.7,1,1
5702,40.3,54.5,2,2
5703,100.0,53.9,3,3
5704,27.0,26.6,2,1
5705,84.5,100.0,0,0
5706,74.7,51.3,3,3
5707,73.0,70.7,3,3
5708,96.5,100.0,0,0
5709,65.2,73.6,0,3
5710,86.6,77.9,3,0
5711,62.8,96.1,0,0
5712,65.6,100.0,0,0
5713,98.6,76.4,3,0
5714,55.3,25.7,1,1
5715,8.5,20.2,2,2
5716,10.8,40.1,2,2
5717,86.7,88.2,0,0
5718,49.2,69.6,0,3
5719,86.7,66.0,3,0
5720,73.1,100.0,0,0
5721,45.1,39.5,1,2
5722,32.5,0.0,1,1
5723,93.4,98.9,0,0
5724,29.6,10.8,1,1
5725,81.6,79.1,3,0
5726,43.6,32.9,1,1
5727,68.3,72.1,0,3
5728,41.5,41.7,2,2
5729,14.4,15.9,2,1
5730,67.2,100.0,0,0
5731,63.2,91.8,0,0
5732,34.7,0.0,1,1
5733,7.2,3.5,2,1
5734,80.6,89.3,0,0
5735,92.1,95.9,0,0
5736,48.9,5.6,1,1
5737,65.8,74.4,0,3
5738,28.4,50.5,2,2
5739,85.1,63.9,3,3
5740,37.7,9.1,1,1
5741,38.9,54.7,2,2
5742,79.8,89.1,0,0
5743,42.9,11.2,1,1
5744,65.0,78.8,0,0
5745,84.5,93.7,0,0
5746,83.0,45.9,3,3
5747,56.5,48.9,1,3
5748,39.3,31.7,1,1
5749,39.9,22.0,1,1
5750,73.9,40.7,3,3
5751,48.0,47.8,2,2
5752,44.8,13.3,1,1
5753,82.4,90.2,0,0
5754,32.4,4.9,1,1
5755,18.4,13.2,2,1
5756,50.5,48.2,1,3
5757,75.2,19.6,1,3
5758,2.4,4.8,2,1
5759,48.4,23.7,1,1
5760,38.2,0.8,1,1
5761,71.2,85.8,0,0
5762,49.7,23.5,1,1
5763,75.3,57.2,3,3
5764,49.8,21.3,1,1
5765,76.6,93.4,0,0
5766,65.5,12.0,1,1
5767,76.3,83.4,0,0
5768,24.6,39.3,2,2
5769,56.5,27.4,1,1
5770,21.0,45.3,2,2
5771,37.6,56.8,2,2
5772,42.4,41.4,2,2
5773,36.9,23.7,1,1
5774,35.3,30.4,2,1
5775,57.7,66.4,0,3
5776,41.0,23.3,1,1
5777,55.2,21.5,1,1
5778,20.7,47.9,2,2
5779,56.4,18.9,1,1
5780,77.1,26.2,1,3
5781,66.6,88.8,0,0
5782,86.6,99.3,0,0
5783,17.5,11.7,2,1
5784,68.5,66.2,3,3
5785,89.7,63.1,3,0
5786,62.4,83.8,0,0
5787,52.6,17.5,1,1
5788,84.2,74.2,3,0
5789,36.0,36.3,2,2
5790,22.5,43.9,2,2
5791,46.0,50.0,2,2
5792,66.2,86.8,0,0
5793,73.4,99.0,0,0
5794,84.6,70.8,3,0
5795,22.3,15.6,2,1
5796,37.4,66.7,2,2
5797,98.9,78.0,3,0
5798,62.6,37.6,1,3
5799,34.0,73.4,2,2
5800,75.7,94.5,0,0
5801,40.8,16.2,1,1
5802,6.0,46.9,2,2
5803,58.1,15.3,1,1
5804,66.3,55.4,3,3
5805,87.4,75.1,3,0
5806,97.0,46.4,3,3
5807,39.9,52.9,2,2
5808,85.7,88.8,0,0
5809,44.0,13.7,1,1
5810,28.1,43.6,2,2
5811,7.8,50.1,2,2
5812,77.9,69.3,3,0
5813,1.3,22.6,2,2
5814,48.1,31.8,1,1
5815,88.1,96.9,0,0
5816,58.2,64.5,0,3
5817,18.3,31.0,2,2
5818,81.7,100.0,0,0
5819,82.2,86.8,0,0
5820,62.0,84.2,0,0
5821,81.1,85.4,0,0
5822,59.5,73.6,0,3
5823,48.4,31.6,1,1
5824,15.9,32.8,2,2
5825,40.6,30.9,1,1
5826,89.4,51.0,3,3
5827,58.7,36.7,1,3
5828,72.4,93.4,0,0
5829,33.1,23.0,1,1
5830,61.0,54.7,3,3
5831,37.7,13.0,1,1
5832,100.0,100.0,0,0
5833,36.4,21.3,1,1
5834,39.2,18.6,1,1
5835,22.9,30.8,2,2
5836,41.4,80.9,0,2
5837,73.9,100.0,0,0
5838,50.7,63.8,2,3
5839,72.7,32.2,1,3
5840,36.8,40.5,2,2
5841,43.3,66.3,2,2
5842,60.4,100.0,0,0
5843,32.2,52.5,2,2
5844,35.5,37.9,2,2
5845,54.3,51.4,1,3
5846,22.9,10.7,1,1
5847,68.8,76.2,0,0
5848,93.9,78.3,3,0
5849,53.1,38.3,1,1
5850,20.0,41.7,2,2
5851,55.7,39.2,1,3
5852,65.5,45.9,1,3
5853,54.4,63.8,0,3
5854,42.3,24.3,1,1
5855,78.4,74.7,3,0
5856,80.7,80.8,0,0
5857,82.6,98.6,0,0
5858,15.0,37.5,2,2
5859,83.6,100.0,0,0
5860,32.7,21.3,1,1
5861,81.0,88.2,0,0
5862,17.6,56.1,2,2
5863,66.3,91.2,0,0
5864,35.6,6.6,1,1
5865,24.5,49.4,2,2
5866,36.5,11.0,1,1
5867,74.2,100.0,0,0
5868,46.1,50.2,2,2
5869,40.9,44.0,2,2
5870,90.3,69.5,3,0
5871,83.6,43.3,3,3
5872,36.6,36.7,2,2
5873,35.6,60.8,2,2
5874,92.7,71.7,3,0
5875,83.3,86.2,0,0
5876,93.6,58.7,3,3
5877,66.9,100.0,0,0
5878,23.8,26.0,2,1
5879,70.1,100.0,0,0
5880,87.7,100.0,0,0
5881,43.0,33.0,1,1
5882,63.2,95.7,0,0
5883,24.3,30.0,2,2
5884,48.2,29.4,1,1
5885,94.5,100.0,0,0
5886,81.5,62.2,3,3
5887,45.0,93.2,0,0
5888,100.0,74.0,3,0
5889,27.0,14.2,1,1
5890,38.3,16.0,1,1
5891,69.5,45.4,3,3
5892,58.3,18.7,1,1
5893,82.3,58.8,3,3
5894,81.5,69.3,3,0
5895,58.4,55.6,1,3
5896,43.4,30.1,1,1
5897,63.1,32.3,1,3
5898,28.2,39.8,2,2
5899,49.9,53.3,2,3
5900,85.5,100.0,0,0
5901,79.6,97.5,0,0
5902,81.3,78.3,3,0
5903,67.6,100.0,0,0
5904,28.0,59.6,2,2
5905,84.4,69.2,3,0
5906,27.0,42.4,2,2
5907,87.9,43.7,3,3
5908,71.1,4.5,1,1
5909,93.1,56.2,3,3
5910,100.0,93.2,3,0
5911,77.1,100.0,0,0
5912,91.6,80.3,3,0
5913,87.0,61.2,3,3
5914,38.7,29.5,1,1
5915,57.1,48.1,1,3
5916,30.3,44.8,2,2
5917,59.1,52.2,1,3
5918,72.9,73.1,3,0
5919,94.2,83.8,3,0
5920,31.8,20.9,1,1
5921,84.9,65.0,3,3
5922,68.6,72.0,0,3
5923,34.1,12.0,1,1
5924,57.8,22.0,1,1
5925,56.1,79.5,0,3
5926,100.0,77.2,3,0
5927,67.2,90.6,0,0
5928,54.5,35.5,1,1
5929,41.4,43.6,2,2
5930,55.4,61.5,0,3
5931,100.0,87.2,3,0
5932,64.7,38.6,1,3
5933,89.9,61.6,3,3
5934,81.9,65.4,3,3
5935,20.7,33.8,2,2
5936,69.4,60.2,3,3
5937,29.6,22.3,2,1
5938,89.1,70.2,3,0
5939,87.2,49.3,3,3
5940,38.3,55.0,2,2
5941,72.7,70.6,3,3
5942,73.0,100.0,0,0
5943,39.4,44.6,2,2
5944,31.2,45.4,2,2
5945,11.4,54.7,2,2
5946,37.4,36.9,2,2
5947,33.2,11.5,1,1
5948,82.2,58.3,3,3
5949,73.1,100.0,0,0
5950,91.1,84.5,3,0
5951,87.7,78.7,3,0
5952,96.7,100.0,0,0
5953,56.2,84.6,0,0
5954,39.1,16.3,1,1
5955,100.0,56.6,3,3
5956,71.9,69.9,3,3
5957,70.1,33.9,1,3
5958,100.0,100.0,0,0
5959,85.1,90.3,0,0
5960,74.3,100.0,0,0
5961,57.4,67.6,0,3
5962,97.6,82.2,3,0
5963,83.4,100.0,0,0
5964,37.9,50.7,2,2
5965,77.4,24.7,1,3
5966,45.0,47.9,2,2
5967,57.9,56.5,3,3
5968,96.8,63.1,3,0
5969,38.4,9.2,1,1
5970,49.7,23.3,1,1
5971,62.6,27.0,1,1
5972,46.8,53.2,2,2
5973,63.1,66.0,0,3
5974,32.7,73.7,2,2
5975,5.8,31.4,2,2
5976,14.4,56.6,2,2
5977,42.8,26.0,1,1
5978,39.4,50.7,2,2
5979,11.4,13.7,2,1
5980,43.4,32.2,1,1
5981,71.0,100.0,0,0
5982,87.7,82.3,3,0
5983,83.4,51.8,3,3
5984,34.4,39.1,2,2
5985,44.1,0.0,1,1
5986,28.7,28.4,2,1
5987,12.7,89.9,2,2
5988,98.7,81.3,3,0
5989,40.7,61.3,2,2
5990,30.0,35.6,2,2
5991,56.3,100.0,0,0
5992,89.7,60.2,3,3
5993,55.8,13.6,1,1
5994,37.1,14.0,1,1
5995,69.2,20.0,1,1
5996,85.4,57.5,3,3
5997,39.1,14.8,1,1
5998,74.2,86.2,0,0
5999,95.0,61.6,3,0
6000,25.3,43.8,2,2
6001,69.5,76.6,0,0
6002,59.5,7.9,1,1
6003,100.0,86.0,3,0
6004,61.0,16.8,1,1
6005,95.0,100.0,0,0
6006,67.9,67.4,3,3
6007,39.0,34.9,2,2
6008,40.2,29.6,1,1
6009,67.1,77.7,0,0
6010,60.6,44.3,1,3
6011,85.5,85.0,0,0
6012,43.6,21.3,1,1
6013,37.8,12.7,1,1
6014,32.6,39.0,2,2
6015,30.5,25.6,2,1
6016,69.9,90.9,0,0
6017,52.2,29.1,1,1
6018,43.9,13.6,1,1
6019,57.9,39.0,1,3
6020,73.5,88.7,0,0
6021,70.8,84.5,0,0
6022,33.4,66.8,2,2
6023,32.6,33.3,2,2
6024,81.4,57.5,3,3
6025,91.1,75.3,3,0
6026,83.3,93.7,0,0
6027,21.6,35.0,2,2
6028,70.3,61.7,3,3
6029,24.1,27.3,2,2
6030,42.3,46.2,2,2
6031,85.6,70.7,3,0
6032,85.8,64.5,3,3
6033,27.8,35.5,2,2
6034,12.8,42.1,2,2
6035,79.4,36.0,3,3
6036,62.0,100.0,0,0
6037,38.9,31.2,1,1
6038,85.9,70.7,3,0
6039,44.2,0.8,1,1
6040,68.0,84.8,0,0
6041,39.4,94.4,0,0
6042,55.5,62.7,0,3
6043,73.7,12.9,1,1
6044,87.6,97.8,0,0
6045,27.9,12.2,1,1
6046,70.9,83.7,0,0
6047,84.6,58.7,3,3
6048,66.5,70.9,0,3
6049,37.1,0.0,1,1
6050,85.9,61.6,3,3
6051,45.5,100.0,0,0
6052,86.8,100.0,0,0
6053,21.0,31.3,2,2
6054,98.0,61.1,3,0
6055,84.2,77.1,3,0
6056,83.1,47.3,3,3
6057,52.6,37.7,1,1
6058,55.4,46.3,1,3
6059,38.7,44.5,2,2
6060,67.0,20.8,1,1
6061,89.5,80.4,3,0
6062,21.5,32.7,2,2
6063,48.8,28.8,1,1
6064,40.2,53.8,2,2
6065,81.6,45.0,3,3
6066,72.3,46.3,3,3
6067,62.7,66.7,0,3
6068,23.2,44.3,2,2
6069,60.7,35.8,1,3
6070,73.0,91.8,0,0
6071,72.6,88.4,0,0
6072,19.2,51.6,2,2
6073,55.7,59.9,0,3
6074,84.3,75.1,3,0
6075,92.9,70.3,3,0
6076,87.1,98.6,0,0
6077,42.7,39.4,2,2
6078,41.6,18.7,1,1
6079,22.6,24.1,2,1
6080,45.0,68.2,2,2
6081,46.4,62.3,2,2
6082,91.0,91.7,0,0
6083,39.1,50.8,2,2
6084,31.9,22.2,1,1
6085,82.0,89.3,0,0
6086,12.2,24.4,2,2
6087,89.2,90.4,0,0
6088,88.2,69.4,3,0
6089,45.0,27.4,1,1
6090,63.2,36.4,1,3
6091,81.2,100.0,0,0
6092,23.8,40.3,2,2
6093,66.1,86.8,0,0
6094,46.3,45.6,2,2
6095,31.3,23.3,2,1
6096,75.0,69.2,3,3
6097,58.4,15.5,1,1
6098,69.9,4.1,1,1
6099,56.3,5.3,1,1
6100,61.1,62.2,3,3
6101,19.0,19.6,2,1
6102,74.9,48.0,3,3
6103,47.4,45.6,2,2
6104,26.4,45.9,2,2
6105,16.2,54.9,2,2
6106,59.7,43.9,1,3
6107,59.1,87.8,0,0
6108,96.7,98.1,0,0
6109,88.0,100.0,0,0
6110,76.2,100.0,0,0
6111,29.6,88.5,2,2
6112,44.1,58.2,2,2
6113,90.8,100.0,0,0
6114,41.6,58.5,2,2
6115,53.3,46.9,1,3
6116,41.5,34.2,1,1
6117,88.9,90.9,0,0
6118,40.6,44.1,2,2
6119,50.1,91.8,0,0
6120,62.7,89.0,0,0
6121,84.3,100.0,0,0
6122,27.0,40.2,2,2
6123,42.6,19.0,1,1
6124,68.8,56.4,3,3
6125,78.4,100.0,0,0
6126,61.5,85.8,0,0
6127,80.9,92.3,0,0
6128,32.8,9.7,1,1
6129,56.2,54.0,1,3
6130,100.0,83.7,3,0
6131,72.3,86.0,0,0
6132,51.3,55.1,2,3
6133,89.5,74.3,3,0
6134,55.3,29.0,1,1
6135,82.7,100.0,0,0
6136,53.1,74.0,0,3
6137,45.0,48.7,2,2
6138,46.3,30.7,1,1
6139,50.9,71.3,0,3
6140,90.0,90.0,0,0
6141,64.2,74.7,0,3
6142,47.4,20.6,1,1
6143,100.0,86.5,3,0
6144,14.9,47.7,2,2
6145,81.2,85.9,0,0
6146,100.0,63.1,3,0
6147,44.4,52.6,2,2
6148,85.6,89.0,0,0
6149,97.5,92.6,3,0
6150,73.0,48.8,3,3
6151,47.5,36.2,1,1
6152,66.9,100.0,0,0
6153,93.9,87.2,3,0
6154,42.0,77.4,0,2
6155,62.0,76.4,0,3
6156,51.9,86.5,0,0
6157,85.0,96.4,0,0
6158,15.3,26.6,2,2
6159,43.3,42.1,2,2
6160,61.9,100.0,0,0
6161,47.3,28.8,1,1
6162,98.4,68.9,3,0
6163,78.8,100.0,0,0
6164,41.6,34.6,1,1
6165,53.7,93.3,0,0
6166,47.7,37.3,1,1
6167,68.2,0.0,1,1
6168,76.8,31.4,1,3
6169,45.3,77.2,0,3
6170,30.4,17.1,1,1
6171,65.5,16.3,1,1
6172,0.0,32.5,2,2
6173,15.3,45.1,2,2
6174,73.2,94.7,0,0
6175,75.9,64.0,3,3
6176,71.0,74.5,0,0
6177,67.6,64.9,3,3
6178,85.2,75.6,3,0
6179,34.5,24.4,1,1
6180,14.6,35.6,2,2
6181,49.8,62.7,2,3
6182,62.3,25.5,1,1
6183,28.8,16.9,1,1
6184,69.2,53.7,3,3
6185,35.2,48.7,2,2
6186,66.0,72.5,0,3
6187,37.9,0.0,1,1
6188,85.6,78.1,3,0
6189,33.2,38.6,2,2
6190,74.8,72.4,3,0
6191,58.0,12.5,1,1
6192,84.9,74.7,3,0
6193,38.0,47.8,2,2
6194,50.5,72.8,0,3
6195,30.9,22.8,2,1
6196,34.2,41.6,2,2
6197,30.6,37.8,2,2
6198,36.8,0.0,1,1
6199,31.7,8.4,1,1
6200,79.2,100.0,0,0
6201,73.2,44.6,3,3
6202,67.4,57.3,3,3
6203,76.4,67.3,3,3
6204,54.0,55.3,2,3
6205,77.5,83.7,0,0
6206,46.7,78.9,0,3
6207,92.1,100.0,0,0
6208,67.3,81.6,0,0
6209,91.7,88.3,3,0
6210,20.6,25.5,2,2
6211,50.2,53.9,2,3
6212,88.0,100.0,0,0
6213,69.2,54.3,3,3
6214,63.4,36.9,1,3
6215,33.2,5.6,1,1
6216,28.1,52.0,2,2
6217,26.6,46.7,2,2
6218,51.3,41.8,1,1
6219,62.2,15.6,1,1
6220,66.9,100.0,0,0
6221,49.9,44.7,1,2
6222,64.1,93.4,0,0
6223,48.5,25.1,1,1
6224,42.6,12.1,1,1
6225,25.7,18.0,2,1
6226,100.0,97.5,3,0
6227,38.5,37.4,2,2
6228,44.3,3.8,1,1
6229,71.5,49.0,3,3
6230,52.7,37.0,1,1
6231,22.1,7.6,1,1
6232,31.4,40.0,2,2
6233,53.0,14.9,1,1
6234,100.0,79.1,3,0
6235,70.3,93.6,0,0
6236,99.8,75.5,3,0
6237,82.7,100.0,0,0
6238,70.5,100.0,0,0
6239,46.4,26.5,1,1
6240,35.0,39.9,2,2
6241,76.9,72.3,3,0
6242,73.4,77.2,0,0
6243,76.0,59.0,3,3
6244,78.6,83.4,0,0
6245,83.4,76.0,3,0
6246,78.9,77.7,3,0
6247,10.9,24.7,2,2
6248,34.7,33.6,2,2
6249,36.8,35.8,2,2
6250,1.1,34.0,2,2
6251,27.1,27.8,2,1
6252,100.0,65.9,3,0
6253,58.3,74.5,0,3
6254,29.4,54.7,2,2
6255,76.9,26.5,1,3
6256,98.1,90.1,3,0
6257,79.3,78.4,3,0
6258,61.3,85.6,0,0
6259,78.6,59.8,3,3
6260,13.8,25.5,2,2
6261,59.7,38.1,1,3
6262,70.1,67.3,3,3
6263,71.4,81.4,0,0
6264,87.8,92.1,0,0
6265,100.0,75.5,3,0
6266,81.4,67.3,3,0
6267,27.6,16.8,1,1
6268,39.6,55.0,2,2
6269,30.4,37.0,2,2
6270,82.3,74.1,3,0
6271,64.6,59.7,3,3
6272,41.5,5.6,1,1
6273,76.2,100.0,0,0
6274,83.4,100.0,0,0
6275,47.7,65.6,2,3
6276,79.6,100.0,0,0
6277,81.7,80.0,3,0
6278,86.4,71.0,3,0
6279,82.8,62.5,3,3
6280,56.5,94.6,0,0
6281,18.1,18.4,2,1
6282,54.5,38.9,1,1
6283,82.2,93.1,0,0
6284,42.8,26.8,1,1
6285,40.3,36.7,2,2
6286,74.7,94.1,0,0
6287,75.1,37.4,3,3
6288,23.5,18.8,2,1
6289,68.8,84.4,0,0
6290,46.6,87.1,0,0
6291,45.2,15.1,1,1
6292,96.7,68.4,3,0
6293,69.3,100.0,0,0
6294,43.4,10.7,1,1
6295,47.3,41.4,1,2
6296,79.0,74.5,3,0
6297,35.4,100.0,0,0
6298,68.9,94.8,0,0
6299,71.2,100.0,0,0
6300,81.0,57.2,3,3
6301,80.2,63.1,3,3
6302,39.0,35.2,2,2
6303,49.1,0.0,1,1
6304,39.1,43.5,2,2
6305,43.6,36.5,1,1
6306,32.8,50.3,2,2
6307,57.6,22.2,1,1
6308,75.1,78.0,0,0
6309,23.3,33.6,2,2
6310,76.2,51.5,3,3
6311,41.1,23.4,1,1
6312,43.8,55.3,2,2
6313,60.4,28.8,1,1
6314,73.6,77.1,0,0
6315,80.5,67.4,3,3
6316,71.2,91.2,0,0
6317,53.2,38.5,1,1
6318,43.4,42.2,2,2
6319,48.3,23.3,1,1
6320,46.9,43.2,1,2
6321,70.6,63.0,3,3
6322,80.6,56.2,3,3
6323,61.6,5.2,1,1
6324,56.2,6.1,1,1
6325,37.1,51.0,2,2
6326,55.8,53.8,1,3
6327,70.8,94.3,0,0
6328,50.3,92.6,0,0
6329,81.8,100.0,0,0
6330,69.4,48.4,3,3
6331,59.0,68.0,0,3
6332,49.8,37.7,1,1
6333,65.9,44.6,1,3
6334,43.2,33.6,1,1
6335,100.0,90.2,3,0
6336,73.4,100.0,0,0
6337,39.3,15.2,1,1
6338,43.0,17.1,1,1
6339,24.3,37.1,2,2
6340,77.0,72.0,3,0
6341,82.8,66.1,3,3
6342,53.8,65.0,0,3
6343,36.8,28.9,1,1
6344,40.7,48.2,2,2
6345,65.6,73.3,0,3
6346,100.0,68.7,3,0
6347,24.5,32.3,2,2
6348,50.8,55.2,2,3
6349,70.5,66.1,3,3
6350,57.0,89.0,0,0
6351,96.7,66.1,3,0
6352,88.5,11.0,1,3
6353,75.1,95.1,0,0
6354,67.8,55.5,3,3
6355,99.7,63.7,3,0
6356,32.3,25.7,2,1
6357,27.3,34.1,2,2
6358,48.1,42.3,1,2
6359,56.2,20.3,1,1
6360,71.0,69.7,3,3
6361,95.2,68.5,3,0
6362,41.6,26.1,1,1
6363,25.0,43.5,2,2
6364,80.8,39.2,3,3
6365,90.5,82.1,3,0
6366,74.8,88.4,0,0
6367,54.3,82.2,0,0
6368,95.8,100.0,0,0
6369,59.7,100.0,0,0
6370,56.0,46.1,1,3
6371,23.7,47.2,2,2
6372,51.7,84.9,0,0
6373,80.7,83.9,0,0
6374,79.9,96.8,0,0
6375,68.5,72.4,0,3
6376,82.1,96.9,0,0
6377,92.0,63.3,3,0
6378,71.4,87.4,0,0
6379,19.5,29.6,2,2
6380,14.2,12.3,2,1
6381,93.5,51.3,3,3
6382,41.4,59.7,2,2
6383,83.7,97.8,0,0
6384,64.8,55.1,3,3
6385,99.7,77.3,3,0
6386,41.3,34.8,1,1
6387,30.3,44.8,2,2
6388,86.4,40.8,3,3
6389,48.7,21.6,1,1
6390,44.1,0.0,1,1
6391,51.8,70.8,0,3
6392,48.5,38.7,1,1
6393,75.0,100.0,0,0
6394,65.5,65.0,3,3
6395,75.1,100.0,0,0
6396,100.0,61.1,3,0
6397,38.1,76.8,2,2
6398,21.5,57.9,2,2
6399,22.4,55.1,2,2
6400,79.9,91.8,0,0
6401,35.6,58.0,2,2
6402,62.8,68.6,0,3
6403,46.8,36.9,1,1
6404,90.6,78.4,3,0
6405,13.9,48.6,2,2
6406,28.2,25.5,2,1
6407,50.7,37.5,1,1
6408,76.5,80.4,0,0
6409,44.1,41.7,2,2
6410,82.9,77.4,3,0
6411,38.5,3.4,1,1
6412,33.2,45.4,2,2
6413,85.6,100.0,0,0
6414,59.6,29.9,1,1
6415,92.1,92.5,0,0
6416,38.1,33.1,2,1
6417,81.0,45.7,3,3
6418,49.8,33.6,1,1
6419,85.2,90.9,0,0
6420,83.7,73.6,3,0
6421,49.9,16.8,1,1
6422,57.4,6.8,1,1
6423,60.6,41.1,1,3
6424,79.5,92.8,0,0
6425,82.4,62.4,3,3
6426,85.6,25.2,3,3
6427,18.6,17.5,2,1
6428,23.4,22.0,2,1
6429,89.0,63.1,3,0
6430,100.0,100.0,0,0
6431,37.7,25.8,1,1
6432,45.0,60.9,2,2
6433,21.2,40.4,2,2
6434,25.9,43.4,2,2
6435,49.7,99.9,0,0
6436,8.6,0.0,2,1
6437,95.0,74.2,3,0
6438,39.9,17.0,1,1
6439,39.0,29.6,1,1
6440,30.8,30.4,2,2
6441,50.4,100.0,0,0
6442,23.3,15.8,2,1
6443,79.1,75.8,3,0
6444,46.8,24.8,1,1
6445,44.0,77.8,0,2
6446,61.9,38.8,1,3
6447,32.8,17.5,1,1
6448,87.7,66.8,3,0
6449,21.9,43.9,2,2
6450,33.3,6.2,1,1
6451,12.5,18.5,2,1
6452,30.9,41.0,2,2
6453,92.8,61.1,3,0
6454,19.8,61.3,2,2
6455,40.1,53.3,2,2
6456,100.0,78.7,3,0
6457,48.7,37.3,1,1
6458,84.8,76.2,3,0
6459,87.7,85.0,3,0
6460,35.4,34.0,2,2
6461,45.2,34.3,1,1
6462,64.4,91.0,0,0
6463,40.1,3.1,1,1
6464,79.8,100.0,0,0
6465,51.9,32.2,1,1
6466,46.5,98.4,0,0
6467,83.9,100.0,0,0
6468,31.3,57.4,2,2
6469,50.4,32.3,1,1
6470,66.3,91.4,0,0
6471,67.7,66.9,3,3
6472,69.9,37.5,1,3
6473,75.6,83.2,0,0
6474,79.3,78.9,3,0
6475,50.2,31.7,1,1
6476,59.3,84.7,0,0
6477,36.2,30.9,2,1
6478,76.3,64.1,3,3
6479,81.0,100.0,0,0
6480,37.6,30.9,1,1
6481,27.9,51.3,2,2
6482,48.5,51.6,2,2
6483,48.4,64.8,2,3
6484,37.9,18.0,1,1
6485,53.4,47.1,1,3
6486,32.1,47.3,2,2
6487,57.9,82.5,0,0
6488,100.0,66.3,3,0
6489,48.7,74.0,0,3
6490,63.3,54.8,3,3
6491,92.4,73.6,3,0
6492,69.4,65.0,3,3
6493,72.4,47.5,3,3
6494,75.2,72.4,3,0
6495,87.1,100.0,0,0
6496,23.2,42.3,2,2
6497,85.9,100.0,0,0
6498,38.5,13.9,1,1
6499,44.2,0.0,1,1
6500,74.3,100.0,0,0
6501,58.1,71.3,0,3
6502,48.8,57.4,2,3
6503,59.9,52.9,1,3
6504,53.5,45.4,1,3
6505,88.1,69.9,3,0
6506,36.8,47.7,2,2
6507,30.7,54.8,2,2
6508,75.6,75.1,3,0
6509,41.9,53.8,2,2
6510,43.8,100.0,0,0
6511,31.0,47.9,2,2
6512,55.2,47.1,1,3
6513,97.3,100.0,0,0
6514,100.0,100.0,0,0
6515,43.1,29.4,1,1
6516,62.6,90.3,0,0
6517,23.6,20.9,2,1
6518,73.0,88.4,0,0
6519,95.1,100.0,0,0
6520,100.0,74.8,3,0
6521,30.0,38.2,2,2
6522,71.1,38.0,1,3
6523,100.0,82.9,3,0
6524,62.8,31.2,1,1
6525,72.1,73.5,0,0
6526,30.7,36.9,2,2
6527,39.4,39.5,2,2
6528,35.1,49.5,2,2
6529,24.0,90.3,2,2
6530,33.3,22.9,1,1
6531,58.5,90.3,0,0
6532,69.3,70.8,0,3
6533,47.4,25.4,1,1
6534,64.2,85.3,0,0
6535,76.2,61.3,3,3
6536,54.2,64.1,0,3
6537,23.7,36.4,2,2
6538,58.6,0.0,1,1
6539,86.1,67.3,3,0
6540,25.8,48.6,2,2
6541,49.1,51.0,2,2
6542,48.8,16.8,1,1
6543,41.4,44.3,2,2
6544,21.7,14.7,2,1
6545,67.1,57.1,3,3
6546,60.6,47.9,1,3
6547,100.0,58.8,3,0
6548,28.3,43.6,2,2
6549,44.0,39.6,1,2
6550,21.4,50.9,2,2
6551,34.9,36.6,2,2
6552,55.9,8.6,1,1
6553,14.2,28.2,2,2
6554,70.4,60.4,3,3
6555,28.3,30.9,2,2
6556,48.8,62.0,2,3
6557,56.9,39.6,1,3
6558,65.3,93.2,0,0
6559,83.1,93.5,0,0
6560,35.8,43.6,2,2
6561,37.1,53.3,2,2
6562,60.2,83.9,0,0
6563,22.8,16.1,2,1
6564,39.8,27.6,1,1
6565,77.4,71.4,3,0
6566,42.6,47.9,2,2
6567,18.7,67.0,2,2
6568,60.6,100.0,0,0
6569,94.8,46.6,3,3
6570,62.0,18.2,1,1
6571,35.1,20.0,1,1
6572,75.1,45.1,3,3
6573,30.1,12.0,1,1
6574,74.6,53.1,3,3
6575,100.0,86.3,3,0
6576,40.1,30.8,1,1
6577,58.3,88.1,0,0
6578,92.7,73.7,3,0
6579,67.0,75.1,0,0
6580,39.1,4.8,1,1
6581,43.7,56.8,2,2
6582,53.0,46.1,1,3
6583,100.0,75.0,3,0
6584,22.0,25.1,2,2
6585,68.2,70.7,0,3
6586,76.8,83.1,0,0
6587,77.6,59.1,3,3
6588,90.6,69.8,3,0
6589,35.2,35.1,2,2
6590,99.9,97.2,3,0
6591,65.9,65.4,3,3
6592,40.1,24.2,1,1
6593,62.7,20.6,1,1
6594,36.5,55.6,2,2
6595,74.7,64.3,3,3
6596,80.3,89.7,0,0
6597,36.0,53.4,2,2
6598,54.0,39.1,1,1
6599,43.1,4.7,1,1
6600,34.2,21.6,1,1
6601,40.9,32.3,1,1
6602,56.4,48.1,1,3
6603,43.3,31.6,1,1
6604,52.7,78.4,0,3
6605,94.1,77.0,3,0
6606,54.4,77.3,0,3
6607,79.2,68.6,3,0
6608,21.0,20.6,2,1
6609,66.3,46.6,3,3
6610,71.0,47.4,3,3
6611,75.2,96.6,0,0
6612,95.8,74.5,3,0
6613,75.7,65.6,3,3
6614,40.1,20.9,1,1
6615,88.3,76.2,3,0
6616,87.6,79.8,3,0
6617,27.6,17.9,2,1
6618,35.3,30.4,2,1
6619,26.3,25.7,2,1
6620,17.5,34.1,2,2
6621,62.9,22.0,1,1
6622,67.8,82.1,0,0
6623,44.8,32.4,1,1
6624,70.1,64.5,3,3
6625,29.9,22.6,2,1
6626,28.8,30.0,2,2
6627,42.1,37.8,2,2
6628,94.7,69.4,3,0
6629,75.8,67.9,3,3
6630,81.0,86.4,0,0
6631,51.1,10.7,1,1
6632,82.4,61.8,3,3
6633,81.3,98.1,0,0
6634,44.1,35.7,1,1
6635,42.8,53.2,2,2
6636,25.4,52.5,2,2
6637,62.6,70.5,0,3
6638,83.0,49.5,3,3
6639,18.0,31.0,2,2
6640,89.1,100.0,0,0
6641,100.0,77.3,3,0
6642,86.6,55.1,3,3
6643,56.5,69.4,0,3
6644,82.0,63.9,3,3
6645,63.7,100.0,0,0
6646,68.5,67.9,3,3
6647,89.5,85.1,3,0
6648,61.4,47.8,1,3
6649,46.3,76.9,0,3
6650,46.1,28.4,1,1
6651,32.4,25.0,2,1
6652,67.0,63.9,3,3
6653,85.3,100.0,0,0
6654,27.8,19.0,2,1
6655,41.4,3.3,1,1
6656,28.8,58.3,2,2
6657,77.8,9.2,1,1
6658,100.0,100.0,0,0
6659,44.6,31.4,1,1
6660,47.5,58.4,2,2
6661,29.8,39.1,2,2
6662,36.1,49.1,2,2
6663,82.1,80.5,3,0
6664,87.4,92.0,0,0
6665,25.3,41.8,2,2
6666,57.2,28.5,1,1
6667,37.8,77.2,2,2
6668,72.5,57.8,3,3
6669,9.0,51.8,2,2
6670,43.8,37.6,1,1
6671,47.1,100.0,0,0
6672,71.7,94.6,0,0
6673,59.7,97.2,0,0
6674,68.3,87.1,0,0
6675,64.8,61.1,3,3
6676,35.6,31.6,2,1
6677,81.9,65.1,3,3
6678,81.2,83.6,0,0
6679,72.3,90.4,0,0
6680,74.6,81.9,0,0
6681,49.2,11.2,1,1
6682,24.2,23.9,2,1
6683,57.3,60.4,0,3
6684,69.1,79.6,0,0
6685,62.5,58.5,3,3
6686,71.9,75.3,0,0
6687,79.2,86.6,0,0
6688,39.6,42.2,2,2
6689,39.4,12.6,1,1
6690,96.3,89.5,3,0
6691,58.4,61.6,0,3
6692,23.2,0.0,1,1
6693,36.3,36.7,2,2
6694,67.2,14.5,1,1
6695,74.0,78.1,0,0
6696,58.9,74.7,0,3
6697,56.5,19.2,1,1
6698,72.8,56.6,3,3
6699,77.8,54.9,3,3
6700,85.7,81.9,3,0
6701,47.5,44.0,1,2
6702,77.7,53.5,3,3
6703,25.5,9.8,1,1
6704,51.3,41.9,1,1
6705,46.3,28.0,1,1
6706,31.9,16.2,1,1
6707,37.3,0.0,1,1
6708,64.6,69.4,0,3
6709,17.6,24.1,2,2
6710,90.5,62.4,3,0
6711,42.9,31.0,1,1
6712,76.7,72.4,3,0
6713,69.1,0.0,1,1
6714,73.7,92.3,0,0
6715,70.0,76.2,0,0
6716,54.4,13.0,1,1
6717,17.1,40.9,2,2
6718,78.7,61.9,3,3
6719,50.0,36.3,1,1
6720,99.1,85.0,3,0
6721,63.9,65.9,0,3
6722,26.7,40.5,2,2
6723,100.0,75.5,3,0
6724,70.1,81.2,0,0
6725,51.7,17.7,1,1
6726,41.4,0.0,1,1
6727,43.4,28.7,1,1
6728,32.2,28.7,2,1
6729,31.8,36.2,2,2
6730,85.7,47.7,3,3
6731,100.0,75.6,3,0
6732,63.5,51.8,3,3
6733,76.4,64.9,3,3
6734,86.9,49.1,3,3
6735,100.0,100.0,0,0
6736,41.1,24.6,1,1
6737,33.4,38.7,2,2
6738,69.9,58.9,3,3
6739,68.2,24.1,1,1
6740,26.5,37.9,2,2
6741,37.9,69.9,2,2
6742,78.1,100.0,0,0
6743,87.3,64.9,3,0
6744,54.4,49.5,1,3
6745,68.4,69.1,0,3
6746,92.6,89.4,3,0
6747,97.5,68.6,3,0
6748,54.4,19.3,1,1
6749,64.0,83.8,0,0
6750,47.4,45.2,2,2
6751,75.9,100.0,0,0
6752,25.3,6.7,1,1
6753,44.5,72.1,2,2
6754,75.1,45.1,3,3
6755,73.4,87.8,0,0
6756,94.3,49.7,3,3
6757,29.4,28.3,2,1
6758,56.3,64.5,0,3
6759,37.4,13.0,1,1
6760,41.5,84.0,0,2
6761,62.6,100.0,0,0
6762,34.8,51.0,2,2
6763,39.5,84.5,0,2
6764,23.7,29.7,2,2
6765,68.0,98.4,0,0
6766,57.8,76.3,0,3
6767,18.2,37.7,2,2
6768,97.2,92.3,3,0
6769,39.6,21.8,1,1
6770,73.5,91.5,0,0
6771,72.6,32.7,1,3
6772,89.3,75.6,3,0
6773,62.0,100.0,0,0
6774,69.3,27.5,1,3
6775,61.6,75.9,0,3
6776,14.1,49.7,2,2
6777,46.5,40.8,1,2
6778,67.7,35.6,1,3
6779,92.6,77.5,3,0
6780,86.7,72.3,3,0
6781,74.5,85.3,0,0
6782,85.4,90.1,0,0
6783,4.1,36.3,2,2
6784,70.4,74.7,0,0
6785,68.4,98.8,0,0
6786,53.9,87.9,0,0
6787,25.3,38.4,2,2
6788,97.9,79.0,3,0
6789,92.2,97.2,0,0
6790,70.4,34.1,1,3
6791,86.3,64.9,3,0
6792,81.1,31.9,3,3
6793,27.9,59.1,2,2
6794,85.0,98.1,0,0
6795,84.9,93.4,0,0
6796,84.3,79.9,3,0
6797,83.0,60.1,3,3
6798,36.7,37.9,2,2
6799,100.0,77.7,3,0
6800,35.3,42.8,2,2
6801,47.2,39.8,1,2
6802,92.4,44.5,3,3
6803,3.1,59.5,2,2
6804,76.3,70.3,3,0
6805,46.8,23.5,1,1
6806,32.2,41.0,2,2
6807,21.5,0.0,1,1
6808,47.9,26.6,1,1
6809,77.3,73.0,3,0
6810,86.6,79.8,3,0
6811,53.4,44.8,1,3
6812,90.0,96.0,0,0
6813,41.8,54.2,2,2
6814,17.6,17.8,2,1
6815,61.2,84.0,0,0
6816,27.6,71.1,2,2
6817,41.9,25.0,1,1
6818,83.0,68.1,3,0
6819,62.3,37.6,1,3
6820,47.9,32.8,1,1
6821,58.6,81.8,0,0
6822,52.2,18.0,1,1
6823,45.0,33.6,1,1
6824,90.7,100.0,0,0
6825,53.2,39.3,1,1
6826,65.2,69.6,0,3
6827,100.0,73.1,3,0
6828,34.0,45.6,2,2
6829,44.6,43.7,2,2
6830,67.4,93.4,0,0
6831,82.7,58.4,3,3
6832,47.4,56.1,2,2
6833,79.2,100.0,0,0
6834,46.8,93.2,0,0
6835,33.1,28.3,2,1
6836,67.2,75.2,0,0
6837,91.8,83.0,3,0
6838,36.3,41.8,2,2
6839,41.8,68.6,2,2
6840,80.7,100.0,0,0
6841,84.7,86.6,0,0
6842,21.7,25.8,2,2
6843,56.6,33.5,1,1
6844,46.8,30.4,1,1
6845,62.4,89.3,0,0
6846,94.5,90.7,3,0
6847,42.2,27.5,1,1
6848,87.4,59.2,3,3
6849,84.1,84.1,0,0
6850,21.9,29.6,2,2
6851,61.8,78.6,0,0
6852,74.7,80.8,0,0
6853,35.1,40.0,2,2
6854,74.2,96.8,0,0
6855,33.3,31.2,2,1
6856,44.7,43.5,2,2
6857,89.1,57.9,3,3
6858,89.4,68.3,3,0
6859,69.2,74.4,0,0
6860,100.0,100.0,0,0
6861,39.6,43.6,2,2
6862,77.1,71.7,3,0
6863,60.4,100.0,0,0
6864,37.1,70.2,2,2
6865,63.8,63.8,3,3
6866,38.3,1.3,1,1
6867,59.9,100.0,0,0
6868,33.0,24.9,1,1
6869,67.4,50.3,3,3
6870,83.1,63.3,3,3
6871,100.0,75.0,3,0
6872,69.8,91.6,0,0
6873,32.0,54.4,2,2
6874,59.7,41.3,1,3
6875,81.4,75.2,3,0
6876,14.6,33.0,2,2
6877,57.3,39.0,1,3
6878,64.7,27.6,1,1
6879,72.2,74.0,0,0
6880,68.3,81.9,0,0
6881,49.4,13.6,1,1
6882,54.0,56.8,2,3
6883,83.6,66.2,3,0
6884,75.1,61.6,3,3
6885,32.2,74.9,2,2
6886,54.7,31.4,1,1
6887,68.8,84.2,0,0
6888,64.5,95.7,0,0
6889,48.5,40.3,1,1
6890,50.2,42.6,1,2
6891,63.2,55.0,3,3
6892,0.0,16.0,2,2
6893,58.0,18.2,1,1
6894,96.6,100.0,0,0
6895,0.0,4.8,2,1
6896,54.8,32.8,1,1
6897,80.5,100.0,0,0
6898,65.3,74.1,0,3
6899,69.7,73.0,0,3
6900,39.6,27.0,1,1
6901,60.6,30.2,1,1
6902,49.6,25.7,1,1
6903,61.5,47.0,1,3
6904,80.0,95.5,0,0
6905,60.8,48.9,1,3
6906,69.7,76.0,0,0
6907,24.5,16.1,2,1
6908,81.1,31.0,3,3
6909,83.8,83.4,0,0
6910,81.0,100.0,0,0
6911,65.7,63.9,3,3
6912,62.0,76.3,0,3
6913,43.3,34.1,1,1
6914,64.5,92.3,0,0
6915,90.0,78.4,3,0
6916,58.0,62.3,0,3
6917,33.0,54.6,2,2
6918,49.4,76.6,0,3
6919,54.7,100.0,0,0
6920,38.7,45.5,2,2
6921,74.8,91.2,0,0
6922,82.5,64.3,3,3
6923,35.6,20.1,1,1
6924,82.9,76.4,3,0
6925,8.8,38.9,2,2
6926,90.4,86.7,3,0
6927,93.0,42.6,3,3
6928,35.7,35.3,2,2
6929,46.0,31.6,1,1
6930,32.5,75.2,2,2
6931,47.6,68.8,2,3
6932,61.6,55.1,3,3
6933,39.9,46.3,2,2
6934,84.1,59.3,3,3
6935,63.1,24.7,1,1
6936,49.2,22.5,1,1
6937,81.5,100.0,0,0
6938,40.7,12.3,1,1
6939,70.5,63.2,3,3
6940,73.0,78.0,0,0
6941,25.3,32.5,2,2
6942,19.8,22.7,2,1
6943,73.5,81.4,0,0
6944,98.4,76.2,3,0
6945,47.3,61.3,2,2
6946,39.2,25.2,1,1
6947,44.9,44.4,2,2
6948,53.0,15.2,1,1
6949,58.5,58.7,3,3
6950,50.6,28.7,1,1
6951,94.3,100.0,0,0
6952,73.2,62.8,3,3
6953,64.8,66.2,0,3
6954,100.0,71.0,3,0
6955,55.3,61.9,0,3
6956,83.3,87.5,0,0
6957,56.9,80.2,0,3
6958,83.7,73.5,3,0
6959,34.1,43.1,2,2
6960,35.7,35.2,2,2
6961,57.6,21.1,1,1
6962,74.3,70.1,3,3
6963,54.6,85.5,0,0
6964,52.5,59.4,2,3
6965,80.7,72.5,3,0
6966,39.8,28.7,1,1
6967,25.0,34.2,2,2
6968,22.7,40.1,2,2
6969,82.0,89.1,0,0
6970,40.9,35.2,1,1
6971,75.2,76.0,0,0
6972,42.0,30.3,1,1
6973,97.3,68.9,3,0
6974,48.6,42.3,1,2
6975,54.3,55.7,2,3
6976,62.3,89.2,0,0
6977,90.7,79.7,3,0
6978,32.3,39.0,2,2
6979,28.8,8.3,1,1
6980,36.4,13.2,1,1
6981,46.0,21.0,1,1
6982,77.7,92.4,0,0
6983,7.5,42.2,2,2
6984,55.2,37.2,1,1
6985,44.1,69.7,2,2
6986,100.0,50.1,3,3
6987,94.0,74.2,3,0
6988,46.9,47.8,2,2
6989,71.0,91.7,0,0
6990,42.1,39.8,2,2
6991,87.8,92.7,0,0
6992,48.0,56.7,2,2
6993,89.8,100.0,0,0
6994,31.9,24.0,2,1
6995,100.0,70.6,3,0
6996,80.2,91.7,0,0
6997,72.9,82.9,0,0
6998,60.5,56.4,3,3
6999,56.5,32.2,1,1
7000,59.1,87.1,0,0
7001,26.7,44.5,2,2
7002,61.0,51.2,1,3
7003,100.0,79.7,3,0
7004,33.4,31.6,2,2
7005,49.0,15.2,1,1
7006,67.3,82.6,0,0
7007,39.9,26.0,1,1
7008,0.8,54.3,2,2
7009,32.9,2.1,1,1
7010,67.2,74.6,0,3
7011,100.0,73.3,3,0
7012,63.5,78.7,0,0
7013,44.2,56.2,2,2
7014,87.3,61.4,3,3
7015,79.6,72.3,3,0
7016,35.1,43.6,2,2
7017,50.5,24.2,1,1
7018,24.1,24.0,2,1
7019,23.0,22.1,2,1
7020,64.0,65.5,0,3
7021,69.5,68.9,3,3
7022,45.4,42.8,2,2
7023,40.7,45.1,2,2
7024,27.5,32.9,2,2
7025,79.1,90.5,0,0
7026,31.6,47.5,2,2
7027,28.0,12.1,1,1
7028,36.2,39.7,2,2
7029,89.3,58.9,3,3
7030,79.5,92.2,0,0
7031,64.8,34.8,1,3
7032,42.2,100.0,0,0
7033,65.4,70.6,0,3
7034,52.8,61.3,2,3
7035,35.4,32.4,2,1
7036,77.2,91.0,0,0
7037,55.2,58.1,2,3
7038,61.2,33.5,1,3
7039,44.4,16.0,1,1
7040,35.3,25.1,1,1
7041,52.7,31.1,1,1
7042,72.5,45.3,3,3
7043,57.2,98.4,0,0
7044,33.6,28.4,2,1
7045,33.5,27.1,2,1
7046,93.5,66.4,3,0
7047,23.9,56.8,2,2
7048,52.5,22.1,1,1
7049,81.9,98.3,0,0
7050,31.1,24.1,2,1
7051,84.3,77.8,3,0
7052,89.2,91.0,0,0
7053,95.1,85.6,3,0
7054,73.0,91.9,0,0
7055,78.0,63.6,3,3
7056,85.8,77.1,3,0
7057,42.0,19.6,1,1
7058,100.0,100.0,0,0
7059,56.8,24.2,1,1
7060,57.2,39.7,1,3
7061,95.3,80.3,3,0
7062,65.1,98.1,0,0
7063,78.3,70.2,3,0
7064,78.1,91.6,0,0
7065,63.9,46.7,1,3
7066,69.4,93.0,0,0
7067,76.6,86.6,0,0
7068,85.0,58.8,3,3
7069,37.8,56.5,2,2
7070,70.0,61.8,3,3
7071,31.2,56.0,2,2
7072,29.8,27.7,2,1
7073,100.0,69.3,3,0
7074,69.4,75.4,0,0
7075,72.7,99.3,0,0
7076,100.0,97.7,3,0
7077,28.7,48.3,2,2
7078,57.6,41.2,1,3
7079,87.5,60.3,3,3
7080,36.9,33.1,2,1
7081,97.8,64.7,3,0
7082,36.7,57.8,2,2
7083,67.2,81.1,0,0
7084,27.5,77.8,2,2
7085,74.5,66.9,3,3
7086,76.1,50.8,3,3
7087,35.5,19.8,1,1
7088,45.9,100.0,0,0
7089,8.5,13.1,2,1
7090,44.0,24.3,1,1
7091,54.7,0.0,1,1
7092,78.3,49.3,3,3
7093,55.1,43.8,1,3
7094,31.7,47.7,2,2
7095,70.4,24.4,1,3
7096,66.3,62.6,3,3
7097,42.2,56.4,2,2
7098,81.0,86.7,0,0
7099,39.1,46.3,2,2
7100,41.9,33.4,1,1
7101,61.4,34.3,1,3
7102,33.1,29.9,2,1
7103,18.5,40.9,2,2
7104,83.1,63.1,3,3
7105,33.6,38.5,2,2
7106,40.5,21.7,1,1
7107,36.4,23.2,1,1
7108,30.5,35.1,2,2
7109,64.3,70.6,0,3
7110,63.5,96.3,0,0
7111,36.0,72.4,2,2
7112,68.3,41.3,1,3
7113,30.4,6.5,1,1
7114,90.7,50.7,3,3
7115,25.4,29.8,2,2
7116,48.2,82.5,0,3
7117,24.4,20.8,2,1
7118,45.1,43.6,2,2
7119,68.7,29.9,1,3
7120,18.8,45.5,2,2
7121,100.0,59.2,3,0
7122,66.6,90.4,0,0
7123,49.0,35.4,1,1
7124,99.7,60.8,3,0
7125,36.7,54.6,2,2
7126,18.0,37.7,2,2
7127,82.4,85.1,0,0
7128,76.0,79.6,0,0
7129,23.2,32.1,2,2
7130,66.3,65.1,3,3
7131,72.3,47.6,3,3
7132,59.6,70.2,0,3
7133,28.6,29.7,2,2
7134,54.7,28.7,1,1
7135,58.3,19.4,1,1
7136,56.4,23.1,1,1
7137,78.9,55.2,3,3
7138,51.7,86.4,0,0
7139,86.7,56.8,3,3
7140,48.9,10.7,1,1
7141,55.4,39.2,1,3
7142,39.1,34.1,2,1
7143,33.0,13.8,1,1
7144,97.0,61.6,3,0
7145,32.2,19.4,1,1
7146,72.8,56.0,3,3
7147,32.5,38.7,2,2
7148,19.1,44.9,2,2
7149,70.8,90.7,0,0
7150,100.0,48.9,3,3
7151,35.6,43.4,2,2
7152,37.0,36.9,2,2
7153,53.7,81.6,0,3
7154,67.2,75.3,0,0
7155,83.1,45.9,3,3
7156,72.0,100.0,0,0
7157,51.9,41.7,1,1
7158,73.8,100.0,0,0
7159,41.1,4.9,1,1
7160,40.8,28.9,1,1
7161,54.8,26.8,1,1
7162,55.0,75.6,0,3
7163,36.7,38.3,2,2
7164,61.1,38.2,1,3
7165,95.8,58.1,3,3
7166,68.7,100.0,0,0
7167,66.2,81.0,0,0
7168,87.8,85.6,3,0
7169,86.1,59.2,3,3
7170,27.4,20.4,2,1
7171,39.7,25.2,1,1
7172,84.9,69.3,3,0
7173,26.8,61.0,2,2
7174,18.3,30.7,2,2
7175,39.8,51.5,2,2
7176,67.4,41.4,1,3
7177,46.2,0.9,1,1
7178,47.2,23.1,1,1
7179,31.3,21.5,1,1
7180,67.3,81.4,0,0
7181,100.0,73.1,3,0
7182,53.6,25.8,1,1
7183,68.4,41.3,1,3
7184,100.0,80.6,3,0
7185,25.9,39.1,2,2
7186,80.3,92.8,0,0
7187,74.7,100.0,0,0
7188,42.7,81.0,0,2
7189,61.1,64.5,0,3
7190,69.2,100.0,0,0
7191,42.4,32.3,1,1
7192,14.1,36.7,2,2
7193,38.8,50.4,2,2
7194,81.0,100.0,0,0
7195,22.5,40.5,2,2
7196,92.4,75.8,3,0
7197,82.6,76.9,3,0
7198,33.0,49.1,2,2
7199,100.0,100.0,0,0
7200,43.4,29.0,1,1
7201,30.6,2.7,1,1
7202,90.0,80.6,3,0
7203,68.5,86.2,0,0
7204,83.7,93.3,0,0
7205,55.1,17.2,1,1
7206,63.8,23.5,1,1
7207,29.1,35.5,2,2
7208,39.1,49.6,2,2
7209,14.8,35.2,2,2
7210,42.1,42.9,2,2
7211,42.3,47.8,2,2
7212,43.3,42.8,2,2
7213,44.0,58.5,2,2
7214,96.0,92.0,3,0
7215,42.8,30.6,1,1
7216,43.9,41.5,2,2
7217,53.6,29.7,1,1
7218,23.8,58.9,2,2
7219,60.1,100.0,0,0
7220,21.3,48.7,2,2
7221,85.3,74.8,3,0
7222,74.3,41.2,3,3
7223,41.8,14.1,1,1
7224,47.4,35.7,1,1
7225,18.9,50.0,2,2
7226,43.1,44.4,2,2
7227,38.1,16.6,1,1
7228,38.2,25.6,1,1
7229,54.1,100.0,0,0
7230,85.3,79.6,3,0
7231,31.9,35.9,2,2
7232,80.6,100.0,0,0
7233,14.7,45.5,2,2
7234,76.7,84.8,0,0
7235,55.0,85.3,0,0
7236,43.8,61.4,2,2
7237,47.5,54.2,2,2
7238,46.3,39.9,1,2
7239,76.6,77.4,0,0
7240,71.6,66.1,3,3
7241,68.8,100.0,0,0
7242,96.7,77.9,3,0
7243,63.7,100.0,0,0
7244,54.4,57.1,2,3
7245,70.7,50.8,3,3
7246,23.1,43.8,2,2
7247,97.9,91.8,3,0
7248,75.0,79.9,0,0
7249,44.3,33.2,1,1
7250,43.8,35.6,1,1
7251,38.3,43.3,2,2
7252,41.5,7.6,1,1
7253,34.8,35.2,2,2
7254,27.9,51.8,2,2
7255,8.7,56.7,2,2
7256,30.5,27.0,2,1
7257,39.4,32.7,1,1
7258,17.4,49.8,2,2
7259,79.2,82.0,0,0
7260,54.7,63.7,0,3
7261,66.7,85.3,0,0
7262,80.5,67.1,3,3
7263,37.4,53.6,2,2
7264,99.7,84.4,3,0
7265,53.0,23.4,1,1
7266,70.9,45.8,3,3
7267,51.5,60.3,2,3
7268,66.4,93.6,0,0
7269,73.9,50.4,3,3
7270,75.2,71.3,3,0
7271,84.9,70.6,3,0
7272,25.1,54.3,2,2
7273,35.9,22.6,1,1
7274,37.8,55.7,2,2
7275,92.0,67.5,3,0
7276,79.5,88.6,0,0
7277,69.3,75.3,0,0
7278,6.0,55.9,2,2
7279,50.7,100.0,0,0
7280,70.5,55.5,3,3
7281,82.6,81.7,3,0
7282,95.0,62.0,3,0
7283,21.5,33.3,2,2
7284,9.2,49.0,2,2
7285,23.2,29.3,2,2
7286,91.8,95.7,0,0
7287,47.9,28.0,1,1
7288,87.1,62.3,3,3
7289,34.6,21.8,1,1
7290,91.2,63.9,3,0
7291,96.0,82.3,3,0
7292,23.0,31.2,2,2
7293,92.1,96.0,0,0
7294,26.4,36.5,2,2
7295,55.9,91.5,0,0
7296,75.5,75.5,0,0
7297,16.6,35.8,2,2
7298,64.1,40.6,1,3
7299,67.8,69.2,0,3
7300,54.7,53.2,1,3
7301,78.0,46.8,3,3
7302,52.2,16.9,1,1
7303,45.5,51.4,2,2
7304,100.0,73.9,3,0
7305,58.0,78.4,0,3
7306,45.0,36.7,1,1
7307,67.2,28.2,1,3
7308,100.0,53.4,3,3
7309,40.3,32.2,1,1
7310,38.0,29.4,1,1
7311,69.1,100.0,0,0
7312,28.1,49.3,2,2
7313,43.0,35.3,1,1
7314,72.9,100.0,0,0
7315,91.9,90.0,3,0
7316,58.5,35.8,1,3
7317,98.4,93.7,3,0
7318,44.0,33.3,1,1
7319,63.5,65.9,0,3
7320,41.2,45.4,2,2
7321,87.8,36.8,3,3
7322,62.2,100.0,0,0
7323,48.9,42.6,1,2
7324,62.1,77.4,0,3
7325,65.2,51.7,3,3
7326,26.8,36.5,2,2
7327,80.4,99.0,0,0
7328,29.2,86.6,2,2
7329,75.7,76.5,0,0
7330,16.1,29.2,2,2
7331,88.6,96.3,0,0
7332,57.0,22.9,1,1
7333,100.0,73.6,3,0
7334,63.6,74.0,0,3
7335,85.0,57.8,3,3
7336,38.2,44.2,2,2
7337,42.5,39.5,2,2
7338,40.6,22.2,1,1
7339,38.3,20.9,1,1
7340,35.0,0.0,1,1
7341,75.9,69.9,3,3
7342,46.7,59.1,2,2
7343,45.0,64.1,2,2
7344,53.3,30.6,1,1
7345,27.5,47.2,2,2
7346,90.8,100.0,0,0
7347,51.5,14.4,1,1
7348,91.5,84.0,3,0
7349,54.4,7.5,1,1
7350,35.0,27.4,1,1
7351,34.8,33.4,2,2
7352,30.8,10.6,1,1
7353,31.1,51.1,2,2
7354,76.2,87.2,0,0
7355,54.4,34.8,1,1
7356,37.7,0.0,1,1
7357,79.6,83.4,0,0
7358,84.7,89.7,0,0
7359,58.7,97.1,0,0
7360,53.9,21.2,1,1
7361,27.3,33.8,2,2
7362,40.6,30.6,1,1
7363,86.7,73.9,3,0
7364,100.0,93.6,3,0
7365,53.9,46.9,1,3
7366,53.6,31.8,1,1
7367,39.4,34.5,2,1
7368,70.3,74.9,0,0
7369,64.7,100.0,0,0
7370,80.0,72.0,3,0
7371,48.7,20.6,1,1
7372,70.9,98.5,0,0
7373,58.0,49.1,1,3
7374,94.4,88.1,3,0
7375,31.3,52.8,2,2
7376,86.3,96.1,0,0
7377,63.2,63.1,3,3
7378,37.1,37.1,2,2
7379,36.0,33.4,2,2
7380,34.1,40.3,2,2
7381,78.6,81.1,0,0
7382,70.5,48.6,3,3
7383,88.4,95.9,0,0
7384,68.4,77.8,0,0
7385,92.4,73.5,3,0
7386,63.4,25.9,1,1
7387,83.8,63.2,3,3
7388,89.8,89.6,0,0
7389,58.1,34.3,1,1
7390,100.0,82.2,3,0
7391,95.6,89.7,3,0
7392,30.8,20.3,1,1
7393,55.3,58.7,2,3
7394,79.8,90.9,0,0
7395,28.7,18.9,1,1
7396,48.4,79.1,0,3
7397,99.9,95.2,3,0
7398,73.1,99.1,0,0
7399,48.5,41.3,1,2
7400,80.1,86.1,0,0
7401,35.4,67.3,2,2
7402,53.8,68.9,0,3
7403,29.1,42.1,2,2
7404,63.0,82.9,0,0
7405,53.9,25.9,1,1
7406,83.3,83.5,0,0
7407,56.0,36.7,1,1
7408,63.4,95.6,0,0
7409,88.6,94.6,0,0
7410,31.9,21.0,1,1
7411,32.0,56.0,2,2
7412,88.5,100.0,0,0
7413,68.1,9.6,1,1
7414,46.1,46.3,2,2
7415,65.0,100.0,0,0
7416,73.3,53.7,3,3
7417,50.4,58.2,2,3
7418,23.9,54.9,2,2
7419,84.0,92.3,0,0
7420,55.2,70.8,0,3
7421,65.3,42.7,1,3
7422,87.2,100.0,0,0
7423,76.7,74.6,3,0
7424,59.0,83.6,0,0
7425,45.9,67.6,2,2
7426,0.0,5.5,2,1
7427,34.4,49.5,2,2
7428,92.2,68.9,3,0
7429,54.9,43.7,1,3
7430,82.9,62.3,3,3
7431,50.4,57.0,2,3
7432,53.9,91.2,0,0
7433,43.9,40.0,1,2
7434,27.0,32.1,2,2
7435,100.0,99.5,0,0
7436,82.3,72.6,3,0
7437,36.9,42.1,2,2
7438,34.7,45.9,2,2
7439,63.4,87.0,0,0
7440,60.9,100.0,0,0
7441,90.6,100.0,0,0
7442,91.8,72.9,3,0
7443,97.8,88.6,3,0
7444,76.9,99.4,0,0
7445,20.9,22.7,2,1
7446,43.7,53.9,2,2
7447,47.3,22.5,1,1
7448,86.0,84.1,3,0
7449,67.8,86.4,0,0
7450,71.2,100.0,0,0
7451,60.2,75.1,0,3
7452,95.0,70.1,3,0
7453,56.9,47.9,1,3
7454,71.0,47.3,3,3
7455,58.3,37.4,1,3
7456,49.6,62.6,2,3
7457,17.4,32.7,2,2
7458,51.6,17.9,1,1
7459,55.8,63.1,0,3
7460,42.6,41.1,2,2
7461,93.1,69.5,3,0
7462,76.3,71.7,3,0
7463,6.3,31.0,2,2
7464,29.7,14.5,1,1
7465,54.1,39.3,1,1
7466,82.7,71.9,3,0
7467,27.3,38.2,2,2
7468,60.6,31.6,1,1
7469,68.9,100.0,0,0
7470,94.0,75.3,3,0
7471,26.6,56.0,2,2
7472,36.0,15.7,1,1
7473,59.7,5.7,1,1
7474,36.3,35.6,2,2
7475,86.6,68.6,3,0
7476,30.9,0.0,1,1
7477,67.3,55.5,3,3
7478,96.2,100.0,0,0
7479,96.5,65.2,3,0
7480,37.1,30.3,1,1
7481,42.6,15.0,1,1
7482,69.1,54.4,3,3
7483,29.7,24.8,2,1
7484,46.7,32.9,1,1
7485,100.0,89.6,3,0
7486,100.0,61.1,3,0
7487,63.0,82.9,0,0
7488,0.0,0.0,2,1
7489,73.5,77.7,0,0
7490,12.8,40.8,2,2
7491,63.4,87.2,0,0
7492,37.5,24.5,1,1
7493,33.1,30.2,2,1
7494,54.7,20.2,1,1
7495,65.3,59.7,3,3
7496,62.4,91.5,0,0
7497,92.7,83.6,3,0
7498,83.0,78.6,3,0
7499,27.5,49.6,2,2
7500,69.4,51.5,3,3
7501,44.2,26.5,1,1
7502,45.2,15.4,1,1
7503,80.0,60.3,3,3
7504,36.7,27.8,1,1
7505,28.4,26.5,2,1
7506,53.4,38.2,1,1
7507,74.3,82.0,0,0
7508,45.8,22.9,1,1
7509,73.1,46.9,3,3
7510,30.1,46.2,2,2
7511,52.9,40.5,1,1
7512,85.9,100.0,0,0
7513,86.7,95.9,0,0
7514,78.8,72.5,3,0
7515,46.4,15.3,1,1
7516,76.0,66.7,3,3
7517,39.6,21.6,1,1
7518,40.8,43.5,2,2
7519,35.0,49.8,2,2
7520,56.9,98.9,0,0
7521,41.1,21.2,1,1
7522,42.4,20.1,1,1
7523,41.9,29.3,1,1
7524,24.2,27.9,2,2
7525,29.7,18.5,1,1
7526,92.2,61.6,3,0
7527,45.8,33.9,1,1
7528,100.0,66.9,3,0
7529,95.6,39.9,3,3
7530,100.0,63.7,3,0
7531,41.5,29.6,1,1
7532,38.0,24.4,1,1
7533,17.7,0.9,1,1
7534,60.9,88.0,0,0
7535,56.5,48.5,1,3
7536,80.5,92.8,0,0
7537,68.1,64.3,3,3
7538,35.8,30.1,2,1
7539,24.3,34.6,2,2
7540,77.7,61.5,3,3
7541,100.0,45.8,3,3
7542,63.8,72.5,0,3
7543,72.4,97.5,0,0
7544,31.0,26.1,2,1
7545,69.5,52.9,3,3
7546,83.9,100.0,0,0
7547,55.3,27.5,1,1
7548,54.9,20.6,1,1
7549,72.1,65.7,3,3
7550,46.0,38.4,1,1
7551,42.5,21.0,1,1
7552,44.3,40.6,1,2
7553,84.3,74.3,3,0
7554,36.1,29.8,2,1
7555,35.5,58.5,2,2
7556,90.5,74.4,3,0
7557,81.0,91.0,0,0
7558,46.4,27.6,1,1
7559,100.0,74.3,3,0
7560,82.7,42.9,3,3
7561,67.9,100.0,0,0
7562,99.4,85.1,3,0
7563,75.5,52.7,3,3
7564,76.5,76.8,0,0
7565,87.1,66.0,3,0
7566,30.0,31.3,2,2
7567,66.3,91.9,0,0
7568,63.0,82.1,0,0
7569,83.7,67.0,3,0
7570,89.6,81.6,3,0
7571,83.0,49.4,3,3
7572,33.2,25.8,2,1
7573,100.0,62.5,3,0
7574,50.1,26.5,1,1
7575,85.1,86.0,0,0
7576,41.9,27.1,1,1
7577,33.1,59.9,2,2
7578,62.8,38.6,1,3
7579,67.2,98.4,0,0
7580,78.3,59.2,3,3
7581,67.2,54.9,3,3
7582,39.6,53.3,2,2
7583,64.9,81.4,0,0
7584,49.0,57.9,2,3
7585,25.2,36.1,2,2
7586,75.7,61.5,3,3
7587,29.7,16.1,1,1
7588,59.8,100.0,0,0
7589,87.9,80.6,3,0
7590,73.2,81.3,0,0
7591,73.2,45.8,3,3
7592,0.0,7.0,2,1
7593,58.9,28.5,1,1
7594,65.9,68.3,0,3
7595,92.0,96.1,0,0
7596,81.1,70.4,3,0
7597,47.4,45.9,2,2
7598,66.3,77.7,0,0
7599,38.7,58.4,2,2
7600,70.3,54.1,3,3
7601,43.8,27.7,1,1
7602,69.2,59.7,3,3
7603,74.4,100.0,0,0
7604,35.6,79.3,2,2
7605,77.1,100.0,0,0
7606,32.3,21.3,1,1
7607,72.1,78.5,0,0
7608,86.8,86.5,0,0
7609,91.4,73.4,3,0
7610,73.7,88.7,0,0
7611,70.3,62.7,3,3
7612,93.3,61.7,3,0
7613,61.6,97.3,0,0
7614,25.2,49.6,2,2
7615,73.3,0.0,1,1
7616,46.7,37.9,1,1
7617,57.9,73.8,0,3
7618,36.0,15.3,1,1
7619,27.4,17.0,1,1
7620,63.4,58.0,3,3
7621,42.8,30.8,1,1
7622,35.0,36.0,2,2
7623,72.7,77.6,0,0
7624,69.1,83.8,0,0
7625,49.1,100.0,0,0
7626,27.9,50.4,2,2
7627,69.6,15.2,1,1
7628,31.3,44.5,2,2
7629,29.7,38.7,2,2
7630,30.6,52.0,2,2
7631,2.5,51.5,2,2
7632,56.3,35.1,1,1
7633,89.0,100.0,0,0
7634,81.5,56.0,3,3
7635,34.1,38.6,2,2
7636,85.7,51.1,3,3
7637,39.5,59.5,2,2
7638,79.7,71.1,3,0
7639,62.1,33.0,1,3
7640,48.3,41.7,1,2
7641,55.3,34.4,1,1
7642,94.5,61.0,3,0
7643,69.9,75.4,0,0
7644,65.2,62.2,3,3
7645,83.6,95.3,0,0
7646,54.1,73.7,0,3
7647,71.7,48.6,3,3
7648,68.2,76.9,0,0
7649,51.1,16.8,1,1
7650,41.4,17.1,1,1
7651,55.0,75.2,0,3
7652,77.2,63.4,3,3
7653,85.3,92.2,0,0
7654,88.3,96.0,0,0
7655,98.5,77.2,3,0
7656,36.9,23.4,1,1
7657,41.5,48.5,2,2
7658,46.8,81.1,0,3
7659,25.4,37.8,2,2
7660,79.3,55.2,3,3
7661,43.6,45.3,2,2
7662,95.9,65.9,3,0
7663,85.6,86.2,0,0
7664,63.5,91.2,0,0
7665,62.8,55.8,3,3
7666,76.7,63.5,3,3
7667,32.6,39.5,2,2
7668,88.2,83.3,3,0
7669,41.0,15.4,1,1
7670,69.6,63.0,3,3
7671,31.8,24.3,2,1
7672,54.8,57.3,2,3
7673,38.9,88.4,0,2
7674,20.2,24.6,2,2
7675,27.1,42.8,2,2
7676,50.3,66.4,0,3
7677,74.3,79.3,0,0
7678,51.8,3.9,1,1
7679,74.2,26.8,1,3
7680,82.7,79.0,3,0
7681,68.1,78.1,0,0
7682,35.9,44.5,2,2
7683,60.8,31.1,1,1
7684,49.2,7.2,1,1
7685,100.0,51.5,3,3
7686,92.4,88.0,3,0
7687,90.7,100.0,0,0
7688,43.0,17.3,1,1
7689,88.1,77.0,3,0
7690,76.2,69.6,3,3
7691,69.9,71.5,0,3
7692,45.2,46.6,2,2
7693,38.8,49.1,2,2
7694,93.5,100.0,0,0
7695,82.7,56.9,3,3
7696,75.3,91.9,0,0
7697,30.5,58.0,2,2
7698,16.7,44.8,2,2
7699,82.3,88.6,0,0
7700,32.9,28.5,2,1
7701,29.7,46.6,2,2
7702,60.7,100.0,0,0
7703,30.1,29.0,2,1
7704,28.4,55.1,2,2
7705,71.1,70.7,3,3
7706,38.4,30.6,1,1
7707,100.0,93.9,3,0
7708,42.3,17.5,1,1
7709,38.8,14.2,1,1
7710,36.4,35.8,2,2
7711,32.0,29.9,2,1
7712,64.7,57.2,3,3
7713,68.5,70.5,0,3
7714,70.3,100.0,0,0
7715,24.0,12.9,2,1
7716,75.8,59.4,3,3
7717,51.7,44.8,1,3
7718,50.5,40.4,1,1
7719,40.0,24.5,1,1
7720,18.2,50.9,2,2
7721,81.9,76.8,3,0
7722,50.9,93.4,0,0
7723,38.1,42.8,2,2
7724,70.2,65.3,3,3
7725,72.7,74.3,0,0
7726,65.5,92.7,0,0
7727,96.9,43.9,3,3
7728,78.6,100.0,0,0
7729,78.3,89.7,0,0
7730,25.2,26.9,2,2
7731,78.7,70.9,3,0
7732,70.3,57.8,3,3
7733,33.2,17.1,1,1
7734,91.8,68.7,3,0
7735,54.6,81.3,0,3
7736,81.4,58.2,3,3
7737,29.3,24.4,2,1
7738,71.1,66.4,3,3
7739,59.2,12.3,1,1
7740,89.6,58.5,3,3
7741,92.5,47.4,3,3
7742,32.4,0.0,1,1
7743,52.7,22.3,1,1
7744,55.2,75.4,0,3
7745,50.9,26.0,1,1
7746,32.6,25.6,2,1
7747,100.0,100.0,0,0
7748,15.7,1.6,2,1
7749,65.6,85.3,0,0
7750,78.6,33.8,3,3
7751,58.0,73.6,0,3
7752,99.7,36.0,3,3
7753,74.2,67.2,3,3
7754,49.7,41.2,1,2
7755,57.4,24.1,1,1
7756,63.9,80.7,0,0
7757,87.1,74.8,3,0
7758,64.9,46.1,1,3
7759,58.0,71.4,0,3
7760,51.6,7.1,1,1
7761,85.9,62.6,3,3
7762,63.7,29.0,1,1
7763,55.5,79.2,0,3
7764,20.2,32.0,2,2
7765,62.5,10.5,1,1
7766,40.1,3.8,1,1
7767,63.8,100.0,0,0
7768,56.9,28.6,1,1
7769,49.5,31.3,1,1
7770,32.1,37.7,2,2
7771,86.8,78.1,3,0
7772,65.2,18.0,1,1
7773,33.9,36.9,2,2
7774,62.1,13.8,1,1
7775,76.1,77.1,0,0
7776,39.9,54.6,2,2
7777,44.7,22.6,1,1
7778,68.2,69.3,0,3
7779,37.3,33.7,2,1
7780,37.5,37.9,2,2
7781,71.7,69.7,3,3
7782,89.8,69.2,3,0
7783,17.9,47.1,2,2
7784,70.4,100.0,0,0
7785,44.3,27.0,1,1
7786,49.5,0.0,1,1
7787,51.7,43.7,1,3
7788,100.0,44.0,3,3
7789,13.4,51.4,2,2
7790,50.5,23.2,1,1
7791,92.9,83.0,3,0
7792,30.4,60.0,2,2
7793,70.2,65.6,3,3
7794,37.2,35.8,2,2
7795,21.7,42.7,2,2
7796,88.5,89.1,0,0
7797,79.7,77.8,3,0
7798,86.5,100.0,0,0
7799,82.2,78.6,3,0
7800,28.1,36.1,2,2
7801,28.1,96.7,0,2
7802,67.4,78.5,0,0
7803,42.4,26.9,1,1
7804,48.3,20.8,1,1
7805,51.0,30.7,1,1
7806,70.5,71.1,0,3
7807,43.7,42.6,2,2
7808,0.2,47.1,2,2
7809,38.6,13.7,1,1
7810,41.3,50.3,2,2
7811,35.6,34.6,2,2
7812,29.7,42.4,2,2
7813,79.3,87.3,0,0
7814,39.8,57.5,2,2
7815,49.5,23.1,1,1
7816,27.2,51.9,2,2
7817,34.8,42.2,2,2
7818,55.6,11.4,1,1
7819,41.9,46.0,2,2
7820,73.0,70.2,3,3
7821,53.3,58.6,2,3
7822,47.3,11.1,1,1
7823,7.4,6.4,2,1
7824,25.4,25.6,2,1
7825,91.8,99.5,0,0
7826,37.4,69.3,2,2
7827,58.1,54.4,1,3
7828,61.1,90.4,0,0
7829,60.7,75.0,0,3
7830,78.4,45.8,3,3
7831,83.8,78.1,3,0
7832,29.5,22.7,2,1
7833,74.0,76.7,0,0
7834,55.6,42.6,1,3
7835,69.5,100.0,0,0
7836,59.1,65.0,0,3
7837,74.7,85.8,0,0
7838,94.4,100.0,0,0
7839,65.7,96.8,0,0
7840,77.8,89.2,0,0
7841,76.7,95.2,0,0
7842,94.1,58.6,3,3
7843,39.1,34.2,2,1
7844,73.4,92.1,0,0
7845,46.3,82.0,0,3
7846,61.5,87.5,0,0
7847,38.2,58.2,2,2
7848,84.7,92.1,0,0
7849,51.1,26.9,1,1
7850,32.9,46.0,2,2
7851,66.5,60.6,3,3
7852,47.7,42.1,1,2
7853,45.6,51.2,2,2
7854,86.1,78.8,3,0
7855,39.6,0.0,1,1
7856,68.1,51.8,3,3
7857,34.6,0.3,1,1
7858,70.1,90.1,0,0
7859,28.9,47.7,2,2
7860,92.5,100.0,0,0
7861,62.4,100.0,0,0
7862,73.8,100.0,0,0
7863,39.7,41.6,2,2
7864,39.9,37.4,2,2
7865,21.3,25.9,2,2
7866,74.8,98.3,0,0
7867,64.0,75.7,0,3
7868,80.7,100.0,0,0
7869,71.3,100.0,0,0
7870,78.5,100.0,0,0
7871,40.1,30.1,1,1
7872,35.3,40.5,2,2
7873,25.9,13.8,1,1
7874,71.7,91.5,0,0
7875,99.5,88.0,3,0
7876,29.0,35.3,2,2
7877,68.3,74.7,0,0
7878,30.6,44.8,2,2
7879,22.3,17.6,2,1
7880,78.2,94.1,0,0
7881,71.5,79.3,0,0
7882,70.7,58.8,3,3
7883,52.8,87.3,0,0
7884,51.0,8.0,1,1
7885,38.8,42.2,2,2
7886,61.6,57.0,3,3
7887,52.0,94.7,0,0
7888,61.6,29.8,1,1
7889,87.4,73.6,3,0
7890,37.6,36.8,2,2
7891,91.3,85.5,3,0
7892,79.0,69.9,3,0
7893,72.2,89.6,0,0
7894,62.6,6.9,1,1
7895,58.2,74.4,0,3
7896,76.4,49.6,3,3
7897,46.4,4.5,1,1
7898,99.2,100.0,0,0
7899,53.8,28.8,1,1
7900,47.6,2.3,1,1
7901,73.2,100.0,0,0
7902,79.7,74.7,3,0
7903,63.5,53.2,3,3
7904,57.0,54.9,1,3
7905,38.6,0.0,1,1
7906,61.5,54.6,3,3
7907,73.0,82.7,0,0
7908,22.7,43.4,2,2
7909,22.5,7.3,1,1
7910,57.4,94.1,0,0
7911,32.6,36.1,2,2
7912,89.4,79.2,3,0
7913,12.7,21.6,2,2
7914,83.3,100.0,0,0
7915,68.3,42.5,1,3
7916,69.1,85.8,0,0
7917,87.4,95.1,0,0
7918,57.7,94.7,0,0
7919,51.9,0.0,1,1
7920,93.5,100.0,0,0
7921,94.0,81.3,3,0
7922,41.3,26.5,1,1
7923,27.5,44.4,2,2
7924,27.6,23.0,2,1
7925,71.8,88.8,0,0
7926,79.1,85.0,0,0
7927,31.3,47.6,2,2
7928,85.2,68.2,3,0
7929,6.6,33.4,2,2
7930,56.2,90.3,0,0
7931,56.3,26.5,1,1
7932,64.7,87.7,0,0
7933,100.0,92.2,3,0
7934,44.7,34.1,1,1
7935,86.0,61.5,3,3
7936,51.4,28.4,1,1
7937,73.4,100.0,0,0
7938,85.8,59.1,3,3
7939,57.7,84.4,0,0
7940,92.8,90.9,3,0
7941,68.0,59.1,3,3
7942,59.2,60.0,3,3
7943,46.5,78.7,0,3
7944,79.1,100.0,0,0
7945,46.4,52.8,2,2
7946,90.5,100.0,0,0
7947,57.9,71.8,0,3
7948,81.7,100.0,0,0
7949,48.5,1.5,1,1
7950,6.1,19.5,2,2
7951,53.0,19.7,1,1
7952,74.9,58.7,3,3
7953,58.0,74.8,0,3
7954,26.9,21.8,2,1
7955,83.1,85.4,0,0
7956,88.7,47.0,3,3
7957,34.8,53.3,2,2
7958,74.3,85.8,0,0
7959,84.7,70.7,3,0
7960,79.2,78.3,3,0
7961,89.5,87.4,3,0
7962,29.0,46.7,2,2
7963,57.1,30.5,1,1
7964,28.7,52.3,2,2
7965,43.8,40.4,2,2
7966,71.6,74.7,0,0
7967,62.3,54.2,3,3
7968,61.6,98.4,0,0
7969,47.7,35.1,1,1
7970,51.8,21.2,1,1
7971,20.6,61.7,2,2
7972,50.9,4.8,1,1
7973,85.1,65.8,3,0
7974,41.1,52.5,2,2
7975,75.4,88.1,0,0
7976,32.0,37.2,2,2
7977,31.5,46.1,2,2
7978,65.5,100.0,0,0
7979,75.2,75.0,3,0
7980,64.6,75.9,0,3
7981,80.6,100.0,0,0
7982,81.4,80.4,3,0
7983,53.9,21.2,1,1
7984,71.0,73.8,0,0
7985,48.6,0.9,1,1
7986,63.8,100.0,0,0
7987,49.6,0.0,1,1
7988,66.0,52.6,3,3
7989,24.3,43.0,2,2
7990,33.6,54.8,2,2
7991,67.1,79.3,0,0
7992,55.4,41.1,1,3
7993,58.2,40.1,1,3
7994,85.3,97.0,0,0
7995,65.3,69.9,0,3
7996,60.9,31.3,1,1
7997,61.8,58.4,3,3
7998,72.4,62.1,3,3
7999,38.4,30.7,1,1
8000,46.4,50.1,2,2
8001,55.6,55.0,1,3
8002,91.6,59.0,3,3
8003,57.4,47.7,1,3
8004,70.0,66.7,3,3
8005,38.3,64.8,2,2
8006,53.6,39.4,1,1
8007,91.0,67.9,3,0
8008,51.3,27.1,1,1
8009,28.6,41.2,2,2
8010,45.0,22.6,1,1
8011,75.6,100.0,0,0
8012,68.1,93.5,0,0
8013,60.8,71.1,0,3
8014,87.9,72.6,3,0
8015,87.2,52.8,3,3
8016,82.3,100.0,0,0
8017,80.8,67.9,3,0
8018,87.5,36.0,3,3
8019,81.6,69.3,3,0
8020,47.0,41.4,1,2
8021,20.6,57.2,2,2
8022,55.0,49.1,1,3
8023,63.5,60.1,3,3
8024,82.4,97.2,0,0
8025,88.1,38.1,3,3
8026,50.7,72.6,0,3
8027,78.0,87.5,0,0
8028,77.0,92.3,0,0
8029,96.5,98.7,0,0
8030,40.0,10.3,1,1
8031,47.9,44.1,1,2
8032,40.9,17.5,1,1
8033,48.3,0.0,1,1
8034,40.5,34.5,1,1
8035,56.2,82.9,0,0
8036,65.3,87.9,0,0
8037,85.5,53.5,3,3
8038,80.9,81.7,0,0
8039,70.0,70.5,0,3
8040,34.6,27.1,1,1
8041,65.9,86.8,0,0
8042,59.9,68.1,0,3
8043,56.4,38.8,1,3
8044,92.5,66.3,3,0
8045,69.2,93.2,0,0
8046,56.1,68.8,0,3
8047,38.0,12.9,1,1
8048,39.1,18.5,1,1
8049,33.9,33.3,2,2
8050,53.3,23.8,1,1
8051,77.5,73.7,3,0
8052,100.0,67.3,3,0
8053,77.7,83.3,0,0
8054,42.7,30.7,1,1
8055,31.1,30.5,2,2
8056,64.2,76.3,0,3
8057,54.9,100.0,0,0
8058,83.1,84.0,0,0
8059,51.9,40.5,1,1
8060,51.3,30.0,1,1
8061,73.7,100.0,0,0
8062,52.4,76.8,0,3
8063,44.7,40.0,1,2
8064,47.1,33.3,1,1
8065,44.7,21.5,1,1
8066,57.8,19.1,1,1
8067,90.6,86.7,3,0
8068,40.7,56.3,2,2
8069,43.4,20.3,1,1
8070,21.7,37.0,2,2
8071,45.9,50.6,2,2
8072,62.8,94.9,0,0
8073,78.8,60.9,3,3
8074,22.9,26.9,2,2
8075,62.5,61.0,3,3
8076,100.0,93.6,3,0
8077,35.1,28.6,2,1
8078,59.9,63.8,0,3
8079,49.9,45.4,1,2
8080,71.3,80.8,0,0
8081,35.8,76.2,2,2
8082,27.2,30.1,2,2
8083,66.3,96.2,0,0
8084,77.1,62.2,3,3
8085,33.3,34.3,2,2
8086,80.2,69.1,3,0
8087,49.5,51.0,2,2
8088,74.8,68.5,3,3
8089,31.1,52.7,2,2
8090,91.2,100.0,0,0
8091,52.9,86.1,0,0
8092,90.0,87.7,3,0
8093,67.2,77.2,0,0
8094,63.3,53.6,3,3
8095,28.1,27.8,2,1
8096,17.5,21.8,2,1
8097,95.2,76.7,3,0
8098,48.7,11.2,1,1
8099,83.9,93.6,0,0
8100,98.9,61.8,3,0
8101,35.8,38.5,2,2
8102,22.3,38.9,2,2
8103,15.5,11.8,2,1
8104,48.1,26.5,1,1
8105,46.9,45.9,2,2
8106,31.0,35.5,2,2
8107,58.3,80.2,0,0
8108,82.2,80.3,3,0
8109,72.6,0.0,1,1
8110,44.8,57.5,2,2
8111,48.2,61.0,2,3
8112,74.8,81.5,0,0
8113,82.3,81.6,3,0
8114,9.0,2.6,2,1
8115,69.1,93.8,0,0
8116,78.4,44.2,3,3
8117,34.3,45.9,2,2
8118,55.1,55.5,1,3
8119,68.8,100.0,0,0
8120,63.4,100.0,0,0
8121,30.1,59.5,2,2
8122,61.5,47.3,1,3
8123,42.2,15.0,1,1
8124,100.0,93.8,3,0
8125,97.7,86.1,3,0
8126,83.3,79.5,3,0
8127,75.8,50.5,3,3
8128,32.8,12.3,1,1
8129,60.1,96.3,0,0
8130,48.2,28.1,1,1
8131,64.4,95.4,0,0
8132,51.6,14.5,1,1
8133,76.6,78.2,0,0
8134,48.2,47.0,2,2
8135,72.0,38.5,1,3
8136,54.9,33.4,1,1
8137,46.0,30.3,1,1
8138,88.3,69.2,3,0
8139,57.3,45.5,1,3
8140,57.9,52.4,1,3
8141,70.2,93.7,0,0
8142,57.2,100.0,0,0
8143,50.9,85.4,0,0
8144,83.1,92.2,0,0
8145,57.3,49.1,1,3
8146,49.2,26.2,1,1
8147,39.0,31.0,1,1
8148,76.7,97.6,0,0
8149,82.1,86.2,0,0
8150,51.6,55.3,2,3
8151,81.3,74.7,3,0
8152,51.3,22.1,1,1
8153,100.0,79.1,3,0
8154,58.0,64.8,0,3
8155,73.5,47.4,3,3
8156,40.1,29.4,1,1
8157,50.5,46.7,1,2
8158,51.4,57.0,2,3
8159,24.1,15.9,2,1
8160,61.1,74.5,0,3
8161,28.2,50.7,2,2
8162,100.0,81.2,3,0
8163,79.4,41.3,3,3
8164,96.1,52.2,3,3
8165,46.2,41.0,1,2
8166,40.6,3.5,1,1
8167,36.0,100.0,0,0
8168,36.5,66.6,2,2
8169,31.3,19.3,1,1
8170,62.9,100.0,0,0
8171,66.4,82.2,0,0
8172,39.5,23.9,1,1
8173,46.4,28.0,1,1
8174,48.7,60.5,2,3
8175,37.2,16.2,1,1
8176,81.2,52.5,3,3
8177,66.0,65.0,3,3
8178,91.1,84.1,3,0
8179,73.4,86.5,0,0
8180,67.8,95.7,0,0
8181,79.2,90.6,0,0
8182,39.5,12.3,1,1
8183,33.6,35.3,2,2
8184,36.2,45.7,2,2
8185,96.7,77.8,3,0
8186,76.3,83.0,0,0
8187,30.1,66.0,2,2
8188,28.0,33.2,2,2
8189,37.8,46.4,2,2
8190,99.2,81.2,3,0
8191,54.8,46.0,1,3
8192,43.4,22.6,1,1
8193,34.7,29.8,2,1
8194,76.5,68.8,3,3
8195,64.3,99.7,0,0
8196,78.5,68.9,3,0
8197,47.4,39.5,1,1
8198,48.5,17.8,1,1
8199,45.7,92.4,0,0
8200,85.1,75.2,3,0
8201,59.6,89.6,0,0
8202,32.6,54.0,2,2
8203,76.8,83.0,0,0
8204,83.0,69.4,3,0
8205,64.2,84.2,0,0
8206,42.7,17.8,1,1
8207,64.0,36.8,1,3
8208,84.1,68.6,3,0
8209,90.9,87.1,3,0
8210,71.0,70.1,3,3
8211,45.5,12.7,1,1
8212,81.2,97.2,0,0
8213,71.1,51.5,3,3
8214,85.4,65.3,3,0
8215,68.8,56.1,3,3
8216,27.9,16.7,1,1
8217,68.7,100.0,0,0
8218,80.6,90.2,0,0
8219,83.5,94.2,0,0
8220,96.9,86.9,3,0
8221,61.8,100.0,0,0
8222,60.5,26.8,1,1
8223,93.5,78.0,3,0
8224,77.2,46.8,3,3
8225,79.6,100.0,0,0
8226,45.5,45.1,2,2
8227,72.4,97.0,0,0
8228,23.9,29.5,2,2
8229,15.1,29.3,2,2
8230,86.6,83.7,3,0
8231,66.6,77.7,0,0
8232,57.9,45.2,1,3
8233,85.4,65.9,3,0
8234,75.0,97.3,0,0
8235,44.5,21.0,1,1
8236,72.1,67.0,3,3
8237,81.9,95.2,0,0
8238,36.9,13.3,1,1
8239,97.1,91.8,3,0
8240,62.3,31.7,1,1
8241,23.0,51.1,2,2
8242,90.7,45.0,3,3
8243,52.2,95.3,0,0
8244,93.5,95.1,0,0
8245,47.7,39.6,1,1
8246,33.6,4.0,1,1
8247,83.9,75.1,3,0
8248,38.3,7.3,1,1
8249,37.4,32.0,2,1
8250,56.2,85.3,0,0
8251,35.1,0.0,1,1
8252,23.4,45.5,2,2
8253,83.8,94.6,0,0
8254,22.2,62.5,2,2
8255,51.0,56.2,2,3
8256,61.3,86.2,0,0
8257,46.5,44.5,2,2
8258,33.5,19.8,1,1
8259,70.6,70.1,3,3
8260,35.2,33.9,2,2
8261,24.8,36.5,2,2
8262,66.3,100.0,0,0
8263,93.7,61.2,3,0
8264,79.0,82.8,0,0
8265,2.9,48.9,2,2
8266,50.6,70.2,0,3
8267,45.4,42.6,2,2
8268,100.0,70.2,3,0
8269,35.5,26.8,1,1
8270,93.8,69.2,3,0
8271,32.3,46.8,2,2
8272,35.0,46.1,2,2
8273,31.0,28.9,2,1
8274,88.8,75.3,3,0
8275,15.2,68.2,2,2
8276,28.0,38.7,2,2
8277,40.4,29.5,1,1
8278,84.5,100.0,0,0
8279,50.0,3.9,1,1
8280,53.5,42.9,1,3
8281,100.0,100.0,0,0
8282,76.9,66.6,3,3
8283,38.7,23.2,1,1
8284,47.6,43.5,1,2
8285,21.9,17.6,2,1
8286,82.8,95.8,0,0
8287,50.6,19.3,1,1
8288,61.2,90.2,0,0
8289,74.1,88.8,0,0
8290,71.4,52.4,3,3
8291,48.1,58.9,2,2
8292,80.3,66.4,3,3
8293,100.0,48.5,3,3
8294,80.8,100.0,0,0
8295,63.7,85.1,0,0
8296,52.4,37.5,1,1
8297,77.6,100.0,0,0
8298,38.5,34.9,2,2
8299,63.3,13.0,1,1
8300,68.3,83.9,0,0
8301,20.4,20.4,2,1
8302,37.6,43.2,2,2
8303,40.2,68.8,2,2
8304,43.1,30.6,1,1
8305,63.2,88.4,0,0
8306,52.1,33.7,1,1
8307,49.0,57.5,2,3
8308,96.4,68.5,3,0
8309,33.2,32.7,2,2
8310,17.7,29.9,2,2
8311,57.6,86.0,0,0
8312,49.8,21.0,1,1
8313,85.2,73.9,3,0
8314,46.8,37.0,1,1
8315,74.4,72.7,3,0
8316,66.1,56.9,3,3
8317,36.0,34.1,2,2
8318,41.4,61.4,2,2
8319,47.4,50.7,2,2
8320,52.6,68.9,0,3
8321,20.1,73.8,2,2
8322,81.9,68.5,3,0
8323,62.7,74.7,0,3
8324,96.1,87.6,3,0
8325,28.6,1.7,1,1
8326,79.2,87.2,0,0
8327,75.2,95.6,0,0
8328,88.8,77.3,3,0
8329,52.2,35.0,1,1
8330,48.5,48.0,2,2
8331,62.9,12.1,1,1
8332,57.9,35.4,1,1
8333,70.8,85.6,0,0
8334,54.1,100.0,0,0
8335,95.3,81.7,3,0
8336,30.8,39.5,2,2
8337,56.9,61.1,0,3
8338,65.3,54.8,3,3
8339,44.3,57.7,2,2
8340,43.4,57.4,2,2
8341,83.6,92.0,0,0
8342,77.0,100.0,0,0
8343,27.9,19.5,2,1
8344,51.2,61.0,2,3
8345,49.4,32.4,1,1
8346,31.3,19.3,1,1
8347,83.9,74.4,3,0
8348,62.8,25.9,1,1
8349,74.4,62.6,3,3
8350,83.3,18.8,1,3
8351,82.4,87.3,0,0
8352,97.1,86.9,3,0
8353,93.0,58.9,3,3
8354,45.3,25.0,1,1
8355,49.2,43.7,1,2
8356,86.9,69.9,3,0
8357,52.7,28.8,1,1
8358,87.0,81.9,3,0
8359,84.4,97.8,0,0
8360,78.8,96.6,0,0
8361,44.8,5.8,1,1
8362,44.4,50.9,2,2
8363,20.3,21.2,2,1
8364,46.4,0.0,1,1
8365,16.4,41.8,2,2
8366,76.3,75.8,3,0
8367,55.0,32.3,1,1
8368,100.0,70.4,3,0
8369,44.3,51.0,2,2
8370,28.8,53.0,2,2
8371,60.5,77.8,0,3
8372,82.4,63.7,3,3
8373,39.3,58.0,2,2
8374,68.9,85.1,0,0
8375,86.3,52.1,3,3
8376,75.4,75.2,3,0
8377,54.4,56.2,2,3
8378,45.9,52.0,2,2
8379,23.9,23.9,2,1
8380,64.8,40.8,1,3
8381,52.3,62.9,2,3
8382,28.1,38.5,2,2
8383,40.5,26.6,1,1
8384,39.2,28.5,1,1
8385,55.4,100.0,0,0
8386,85.4,65.5,3,0
8387,73.5,31.3,1,3
8388,33.9,23.5,1,1
8389,8.9,36.4,2,2
8390,94.2,100.0,0,0
8391,73.2,36.8,1,3
8392,52.0,55.1,2,3
8393,78.8,58.2,3,3
8394,68.6,97.6,0,0
8395,21.1,20.3,2,1
8396,33.8,40.9,2,2
8397,81.7,66.8,3,3
8398,74.6,73.9,3,0
8399,73.4,94.2,0,0
8400,74.6,92.2,0,0
8401,100.0,97.7,3,0
8402,89.7,58.3,3,3
8403,31.6,23.5,2,1
8404,61.3,28.3,1,1
8405,55.8,72.5,0,3
8406,46.4,18.7,1,1
8407,100.0,89.3,3,0
8408,56.6,38.2,1,3
8409,53.2,76.1,0,3
8410,49.1,24.7,1,1
8411,32.2,30.0,2,1
8412,76.5,100.0,0,0
8413,44.4,42.5,2,2
8414,38.6,52.5,2,2
8415,71.0,65.0,3,3
8416,33.7,44.4,2,2
8417,45.2,14.3,1,1
8418,82.5,83.2,0,0
8419,58.8,31.5,1,1
8420,55.3,97.1,0,0
8421,18.4,15.6,2,1
8422,40.5,38.9,2,2
8423,52.0,36.0,1,1
8424,4.3,34.3,2,2
8425,47.3,10.1,1,1
8426,24.8,38.8,2,2
8427,39.6,94.0,0,0
8428,68.3,84.4,0,0
8429,56.9,37.5,1,3
8430,0.0,20.7,2,2
8431,9.4,17.7,2,2
8432,24.3,39.3,2,2
8433,65.7,67.7,0,3
8434,80.1,82.1,0,0
8435,80.1,87.2,0,0
8436,77.7,86.9,0,0
8437,46.5,72.2,0,3
8438,74.1,14.6,1,1
8439,96.6,61.2,3,0
8440,21.8,45.8,2,2
8441,83.3,93.1,0,0
8442,60.3,57.0,3,3
8443,73.3,69.4,3,3
8444,60.9,78.5,0,0
8445,64.5,86.3,0,0
8446,32.4,56.5,2,2
8447,72.6,32.4,1,3
8448,46.2,28.5,1,1
8449,31.5,31.2,2,2
8450,75.7,44.7,3,3
8451,75.2,71.9,3,0
8452,91.3,96.2,0,0
8453,17.5,0.0,1,1
8454,24.6,31.4,2,2
8455,53.3,9.4,1,1
8456,18.7,23.4,2,2
8457,62.2,34.2,1,3
8458,46.1,54.3,2,2
8459,78.7,69.1,3,0
8460,65.6,67.9,0,3
8461,37.5,100.0,0,0
8462,84.1,47.2,3,3
8463,20.7,10.3,2,1
8464,73.4,52.4,3,3
8465,70.1,56.1,3,3
8466,100.0,68.5,3,0
8467,22.1,43.5,2,2
8468,57.5,56.7,1,3
8469,84.0,84.3,0,0
8470,13.3,38.4,2,2
8471,22.7,47.2,2,2
8472,33.3,40.5,2,2
8473,41.0,43.3,2,2
8474,72.9,54.5,3,3
8475,46.6,62.1,2,2
8476,59.9,39.2,1,3
8477,26.3,56.2,2,2
8478,33.1,40.2,2,2
8479,64.3,66.0,0,3
8480,66.2,73.5,0,3
8481,58.4,100.0,0,0
8482,78.3,61.8,3,3
8483,55.8,19.8,1,1
8484,64.6,35.0,1,3
8485,31.6,47.3,2,2
8486,76.8,58.4,3,3
8487,85.9,90.3,0,0
8488,53.3,46.5,1,3
8489,87.6,94.0,0,0
8490,39.2,0.0,1,1
8491,65.2,85.9,0,0
8492,82.9,51.8,3,3
8493,75.7,45.9,3,3
8494,40.3,27.2,1,1
8495,29.7,1.9,1,1
8496,24.6,27.1,2,2
8497,11.2,50.7,2,2
8498,97.7,66.1,3,0
8499,42.0,26.5,1,1
8500,36.8,29.2,1,1
8501,100.0,71.7,3,0
8502,44.0,20.4,1,1
8503,56.6,59.6,0,3
8504,73.4,69.7,3,3
8505,58.0,100.0,0,0
8506,46.8,39.9,1,2
8507,32.2,26.4,2,1
8508,61.4,100.0,0,0
8509,51.5,44.3,1,3
8510,31.7,44.8,2,2
8511,47.5,38.1,1,1
8512,76.3,69.3,3,3
8513,35.1,31.0,2,1
8514,75.0,100.0,0,0
8515,63.4,29.8,1,1
8516,19.5,39.8,2,2
8517,19.9,53.6,2,2
8518,75.8,65.3,3,3
8519,23.6,47.7,2,2
8520,76.9,86.3,0,0
8521,82.1,78.5,3,0
8522,48.0,15.3,1,1
8523,69.3,54.1,3,3
8524,59.8,61.5,0,3
8525,58.7,64.2,0,3
8526,46.9,71.0,0,3
8527,0.0,26.6,2,2
8528,100.0,75.8,3,0
8529,33.9,12.3,1,1
8530,63.1,72.4,0,3
8531,80.2,65.1,3,3
8532,87.0,66.8,3,0
8533,69.4,76.3,0,0
8534,51.6,100.0,0,0
8535,18.4,12.2,2,1
8536,29.5,42.9,2,2
8537,99.9,70.9,3,0
8538,53.6,78.0,0,3
8539,76.0,100.0,0,0
8540,79.8,82.2,0,0
8541,74.1,90.9,0,0
8542,69.9,86.4,0,0
8543,83.0,66.7,3,0
8544,42.1,16.5,1,1
8545,28.9,46.5,2,2
8546,87.1,100.0,0,0
8547,36.0,13.5,1,1
8548,60.9,3.0,1,1
8549,41.0,14.3,1,1
8550,63.6,77.0,0,0
8551,32.8,58.9,2,2
8552,16.5,53.7,2,2
8553,76.7,100.0,0,0
8554,28.6,65.9,2,2
8555,16.7,36.7,2,2
8556,39.7,0.0,1,1
8557,100.0,94.1,3,0
8558,24.7,55.2,2,2
8559,54.7,76.6,0,3
8560,42.2,0.0,1,1
8561,29.5,33.9,2,2
8562,81.7,78.6,3,0
8563,77.1,44.3,3,3
8564,80.2,70.2,3,0
8565,31.2,6.7,1,1
8566,58.8,100.0,0,0
8567,61.7,38.8,1,3
8568,38.6,12.2,1,1
8569,23.6,23.5,2,1
8570,23.2,9.1,1,1
8571,54.0,93.8,0,0
8572,83.2,65.6,3,3
8573,14.9,21.1,2,2
8574,86.9,100.0,0,0
8575,39.6,15.3,1,1
8576,72.3,100.0,0,0
8577,51.8,32.8,1,1
8578,16.1,50.4,2,2
8579,72.1,92.6,0,0
8580,84.4,86.8,0,0
8581,27.4,32.6,2,2
8582,34.8,43.1,2,2
8583,48.3,16.9,1,1
8584,53.4,38.6,1,1
8585,100.0,100.0,0,0
8586,17.3,26.8,2,2
8587,74.3,71.3,3,0
8588,62.1,65.2,0,3
8589,84.4,91.3,0,0
8590,28.6,57.5,2,2
8591,96.4,73.0,3,0
8592,48.5,90.9,0,0
8593,72.9,49.1,3,3
8594,88.9,66.8,3,0
8595,66.1,100.0,0,0
8596,71.2,64.7,3,3
8597,80.1,64.7,3,3
8598,79.5,99.9,0,0
8599,63.4,90.9,0,0
8600,62.9,51.6,3,3
8601,17.0,53.6,2,2
8602,53.7,18.1,1,1
8603,85.8,82.7,3,0
8604,58.7,40.0,1,3
8605,61.9,68.4,0,3
8606,63.2,80.0,0,0
8607,53.3,40.1,1,1
8608,30.2,34.2,2,2
8609,40.4,16.1,1,1
8610,75.6,58.7,3,3
8611,76.2,85.0,0,0
8612,60.0,58.4,3,3
8613,77.0,97.9,0,0
8614,30.7,49.8,2,2
8615,41.4,29.0,1,1
8616,16.7,40.6,2,2
8617,45.4,36.9,1,1
8618,60.1,24.5,1,1
8619,10.5,1.5,2,1
8620,26.5,41.1,2,2
8621,23.0,30.5,2,2
8622,73.2,75.2,0,0
8623,57.9,49.8,1,3
8624,47.7,29.4,1,1
8625,74.8,81.9,0,0
8626,84.0,72.7,3,0
8627,81.2,100.0,0,0
8628,81.5,82.2,0,0
8629,57.1,52.7,1,3
8630,75.4,60.2,3,3
8631,67.3,93.8,0,0
8632,66.5,62.6,3,3
8633,48.8,41.9,1,2
8634,31.2,27.6,2,1
8635,100.0,77.4,3,0
8636,65.6,77.1,0,0
8637,42.0,31.2,1,1
8638,47.2,47.4,2,2
8639,85.1,96.7,0,0
8640,45.2,44.3,2,2
8641,62.6,23.1,1,1
8642,25.1,31.0,2,2
8643,53.8,100.0,0,0
8644,52.2,28.5,1,1
8645,58.9,39.2,1,3
8646,64.9,11.7,1,1
8647,90.0,72.3,3,0
8648,70.7,46.3,3,3
8649,83.7,53.3,3,3
8650,29.5,31.8,2,2
8651,28.3,36.4,2,2
8652,37.4,0.3,1,1
8653,72.5,62.7,3,3
8654,49.4,69.2,0,3
8655,19.5,34.3,2,2
8656,79.9,85.4,0,0
8657,75.0,76.8,0,0
8658,37.8,28.8,1,1
8659,29.6,22.6,2,1
8660,99.9,98.6,0,0
8661,38.2,10.0,1,1
8662,39.5,18.2,1,1
8663,71.7,90.6,0,0
8664,91.6,64.5,3,0
8665,75.5,90.7,0,0
8666,39.5,58.8,2,2
8667,100.0,86.5,3,0
8668,40.9,30.0,1,1
8669,61.1,68.7,0,3
8670,64.5,81.7,0,0
8671,70.8,81.9,0,0
8672,62.7,95.8,0,0
8673,81.0,82.4,0,0
8674,26.4,10.4,1,1
8675,95.1,72.5,3,0
8676,65.0,87.5,0,0
8677,100.0,67.5,3,0
8678,74.2,72.7,3,0
8679,77.3,61.7,3,3
8680,6.1,27.6,2,2
8681,16.9,11.7,2,1
8682,62.4,72.7,0,3
8683,75.5,92.5,0,0
8684,60.4,78.0,0,3
8685,40.0,45.7,2,2
8686,72.1,100.0,0,0
8687,55.5,29.9,1,1
8688,61.7,0.0,1,1
8689,83.4,100.0,0,0
8690,31.4,23.6,2,1
8691,79.8,76.7,3,0
8692,46.2,33.9,1,1
8693,38.2,50.6,2,2
8694,79.9,59.3,3,3
8695,16.7,12.8,2,1
8696,23.5,35.9,2,2
8697,32.4,15.0,1,1
8698,79.5,24.5,1,3
8699,38.1,28.7,1,1
8700,49.9,26.9,1,1
8701,81.7,61.9,3,3
8702,79.7,88.3,0,0
8703,66.5,100.0,0,0
8704,69.0,98.3,0,0
8705,53.0,79.7,0,3
8706,33.3,42.3,2,2
8707,66.9,30.8,1,3
8708,84.8,44.7,3,3
8709,77.5,95.9,0,0
8710,36.9,37.5,2,2
8711,30.4,26.6,2,1
8712,73.7,50.0,3,3
8713,26.1,13.2,1,1
8714,62.4,86.9,0,0
8715,84.1,58.2,3,3
8716,100.0,100.0,0,0
8717,98.8,80.4,3,0
8718,23.2,45.7,2,2
8719,20.7,22.3,2,1
8720,39.2,40.5,2,2
8721,53.0,31.9,1,1
8722,82.8,100.0,0,0
8723,59.3,88.7,0,0
8724,84.9,88.2,0,0
8725,42.1,20.6,1,1
8726,74.9,70.7,3,0
8727,60.8,69.9,0,3
8728,26.0,29.1,2,2
8729,64.7,70.0,0,3
8730,47.6,87.7,0,0
8731,76.6,83.3,0,0
8732,61.9,59.4,3,3
8733,95.4,72.2,3,0
8734,76.8,38.2,3,3
8735,76.6,86.2,0,0
8736,62.0,33.7,1,3
8737,48.5,87.9,0,0
8738,76.0,89.0,0,0
8739,61.7,52.6,3,3
8740,72.4,70.6,3,3
8741,81.4,78.7,3,0
8742,88.9,71.4,3,0
8743,36.4,42.7,2,2
8744,76.3,88.0,0,0
8745,60.2,87.8,0,0
8746,38.5,55.5,2,2
8747,63.4,78.5,0,0
8748,76.4,73.4,3,0
8749,23.2,50.7,2,2
8750,45.5,28.0,1,1
8751,29.6,31.4,2,2
8752,39.8,56.2,2,2
8753,70.3,82.3,0,0
8754,33.0,45.0,2,2
8755,61.2,43.4,1,3
8756,80.1,80.2,0,0
8757,15.4,31.0,2,2
8758,58.3,33.0,1,1
8759,58.9,82.1,0,0
8760,98.3,89.5,3,0
8761,99.4,100.0,0,0
8762,66.8,91.9,0,0
8763,41.0,37.0,2,2
8764,70.2,98.4,0,0
8765,87.4,73.9,3,0
8766,39.3,59.2,2,2
8767,68.1,76.8,0,0
8768,34.3,80.8,2,2
8769,42.9,24.0,1,1
8770,38.6,53.7,2,2
8771,54.9,50.8,1,3
8772,39.3,34.3,2,1
8773,54.1,74.4,0,3
8774,18.1,46.1,2,2
8775,37.5,51.2,2,2
8776,86.2,74.1,3,0
8777,56.8,100.0,0,0
8778,100.0,77.9,3,0
8779,85.1,100.0,0,0
8780,86.1,100.0,0,0
8781,42.6,39.8,2,2
8782,24.1,41.1,2,2
8783,100.0,77.1,3,0
8784,15.2,25.1,2,2
8785,72.9,69.4,3,3
8786,23.5,50.0,2,2
8787,74.4,33.8,1,3
8788,47.1,32.6,1,1
8789,74.7,7.3,1,1
8790,88.8,73.8,3,0
8791,49.2,46.6,1,2
8792,95.7,81.5,3,0
8793,47.7,50.3,2,2
8794,72.6,92.8,0,0
8795,57.4,48.0,1,3
8796,86.1,81.9,3,0
8797,17.9,47.5,2,2
8798,38.8,51.6,2,2
8799,74.6,46.3,3,3
8800,54.0,75.4,0,3
8801,1.6,0.0,2,1
8802,67.4,53.0,3,3
8803,69.3,41.5,1,3
8804,38.9,5.7,1,1
8805,28.3,13.6,1,1
8806,34.8,31.5,2,1
8807,58.9,14.1,1,1
8808,76.6,100.0,0,0
8809,51.9,55.7,2,3
8810,87.0,80.7,3,0
8811,21.9,51.6,2,2
8812,22.5,95.2,2,2
8813,76.8,96.8,0,0
8814,87.8,82.7,3,0
8815,90.4,97.4,0,0
8816,41.0,6.4,1,1
8817,42.8,67.2,2,2
8818,95.1,63.2,3,0
8819,62.2,81.5,0,0
8820,89.0,81.8,3,0
8821,25.7,21.6,2,1
8822,39.5,36.5,2,2
8823,13.3,0.0,2,1
8824,35.4,18.2,1,1
8825,12.1,18.0,2,1
8826,52.2,75.3,0,3
8827,43.9,31.5,1,1
8828,85.4,93.3,0,0
8829,77.3,79.5,0,0
8830,63.5,31.1,1,3
8831,56.1,44.8,1,3
8832,67.0,100.0,0,0
8833,29.3,13.9,1,1
8834,81.6,67.0,3,0
8835,42.8,36.0,1,1
8836,35.4,36.1,2,2
8837,74.8,91.9,0,0
8838,72.6,67.5,3,3
8839,68.7,27.5,1,3
8840,97.6,100.0,0,0
8841,68.2,68.5,3,3
8842,98.0,95.5,3,0
8843,34.7,30.1,2,1
8844,82.6,65.6,3,3
8845,81.6,67.8,3,0
8846,43.2,0.0,1,1
8847,30.3,3.4,1,1
8848,71.3,69.6,3,3
8849,75.3,80.5,0,0
8850,70.1,20.1,1,1
8851,86.5,86.7,0,0
8852,84.1,54.5,3,3
8853,72.1,89.0,0,0
8854,47.5,50.6,2,2
8855,48.8,30.0,1,1
8856,48.6,42.2,1,2
8857,68.1,47.2,3,3
8858,60.4,93.3,0,0
8859,48.8,46.5,1,2
8860,84.7,56.3,3,3
8861,63.0,100.0,0,0
8862,56.5,60.7,0,3
8863,37.4,53.7,2,2
8864,44.9,24.5,1,1
8865,59.2,45.1,1,3
8866,30.3,41.2,2,2
8867,62.5,56.8,3,3
8868,69.7,85.0,0,0
8869,9.9,44.1,2,2
8870,69.8,79.6,0,0
8871,34.0,38.7,2,2
8872,35.7,0.0,1,1
8873,61.4,88.8,0,0
8874,31.9,51.6,2,2
8875,59.7,52.5,1,3
8876,36.1,23.1,1,1
8877,16.9,16.0,2,1
8878,80.2,77.3,3,0
8879,57.5,58.4,3,3
8880,49.0,62.2,2,3
8881,54.0,100.0,0,0
8882,49.4,42.9,1,2
8883,67.9,47.4,3,3
8884,95.1,74.2,3,0
8885,47.7,63.7,2,3
8886,65.6,37.1,1,3
8887,48.5,33.1,1,1
8888,28.4,57.4,2,2
8889,90.8,50.7,3,3
8890,52.1,33.5,1,1
8891,96.0,76.5,3,0
8892,13.9,72.7,2,2
8893,24.4,21.5,2,1
8894,75.5,99.6,0,0
8895,54.3,20.4,1,1
8896,53.4,49.7,1,3
8897,47.8,97.6,0,0
8898,25.5,22.2,2,1
8899,57.2,0.0,1,1
8900,54.3,54.3,1,3
8901,51.7,43.9,1,3
8902,49.3,53.7,2,3
8903,75.0,88.1,0,0
8904,90.2,79.6,3,0
8905,81.8,60.8,3,3
8906,100.0,83.5,3,0
8907,92.4,69.3,3,0
8908,67.5,82.0,0,0
8909,14.0,31.0,2,2
8910,59.8,39.3,1,3
8911,98.2,62.5,3,0
8912,41.6,23.9,1,1
8913,48.3,21.5,1,1
8914,98.4,72.9,3,0
8915,55.2,42.6,1,3
8916,54.6,100.0,0,0
8917,66.7,65.6,3,3
8918,66.8,72.2,0,3
8919,76.6,100.0,0,0
8920,39.9,66.4,2,2
8921,63.3,81.2,0,0
8922,75.9,91.0,0,0
8923,54.4,96.2,0,0
8924,81.4,87.4,0,0
8925,81.0,77.5,3,0
8926,14.7,48.9,2,2
8927,79.8,52.7,3,3
8928,14.9,52.1,2,2
8929,91.3,66.1,3,0
8930,54.7,87.5,0,0
8931,47.8,34.2,1,1
8932,97.1,63.3,3,0
8933,64.1,95.4,0,0
8934,57.8,56.1,1,3
8935,62.8,24.7,1,1
8936,46.6,39.1,1,1
8937,90.2,67.1,3,0
8938,100.0,95.8,3,0
8939,60.6,58.6,3,3
8940,57.9,37.7,1,3
8941,56.1,22.2,1,1
8942,91.1,87.8,3,0
8943,66.9,100.0,0,0
8944,26.8,0.0,1,1
8945,34.5,52.0,2,2
8946,42.9,36.0,1,1
8947,79.3,100.0,0,0
8948,34.4,59.6,2,2
8949,73.2,100.0,0,0
8950,82.5,100.0,0,0
8951,21.3,29.6,2,2
8952,60.8,91.6,0,0
8953,58.9,33.1,1,1
8954,29.5,25.1,2,1
8955,43.2,28.1,1,1
8956,81.1,58.1,3,3
8957,10.8,29.6,2,2
8958,24.3,38.2,2,2
8959,20.6,0.0,1,1
8960,39.0,58.9,2,2
8961,100.0,75.3,3,0
8962,74.1,100.0,0,0
8963,17.1,6.3,2,1
8964,76.7,77.4,0,0
8965,63.0,63.4,3,3
8966,25.1,28.1,2,2
8967,44.2,54.7,2,2
8968,80.0,100.0,0,0
8969,46.7,32.2,1,1
8970,23.0,28.4,2,2
8971,33.6,37.0,2,2
8972,76.0,100.0,0,0
8973,21.5,39.9,2,2
8974,49.2,0.0,1,1
8975,17.1,47.1,2,2
8976,92.3,99.7,0,0
8977,98.3,58.3,3,0
8978,33.1,17.0,1,1
8979,86.0,85.4,0,0
8980,40.6,86.1,0,2
8981,15.9,42.6,2,2
8982,52.3,36.8,1,1
8983,66.7,63.1,3,3
8984,11.6,23.7,2,2
8985,41.4,90.1,0,0
8986,31.9,20.1,1,1
8987,95.3,77.1,3,0
8988,60.7,100.0,0,0
8989,55.5,18.7,1,1
8990,77.4,90.0,0,0
8991,32.9,30.2,2,1
8992,81.3,49.4,3,3
8993,15.3,53.9,2,2
8994,54.6,32.4,1,1
8995,22.6,39.3,2,2
8996,100.0,85.0,3,0
8997,87.4,81.2,3,0
8998,84.9,77.8,3,0
8999,62.5,63.7,0,3
9000,17.9,44.5,2,2
9001,82.3,100.0,0,0
9002,61.9,45.4,1,3
9003,60.7,72.9,0,3
9004,45.6,37.7,1,1
9005,51.5,38.3,1,1
9006,63.1,86.5,0,0
9007,27.2,42.2,2,2
9008,68.7,60.2,3,3
9009,97.6,81.6,3,0
9010,63.2,46.4,1,3
9011,63.2,59.8,3,3
9012,64.8,95.7,0,0
9013,64.4,16.1,1,1
9014,70.0,93.5,0,0
9015,91.4,78.2,3,0
9016,35.0,34.6,2,2
9017,28.8,11.6,1,1
9018,36.0,40.8,2,2
9019,24.1,37.9,2,2
9020,62.7,79.5,0,0
9021,35.3,50.7,2,2
9022,75.9,66.1,3,3
9023,80.0,96.5,0,0
9024,84.1,77.6,3,0
9025,37.3,39.1,2,2
9026,43.1,46.2,2,2
9027,91.8,100.0,0,0
9028,91.1,80.5,3,0
9029,4.9,27.0,2,2
9030,96.3,52.5,3,3
9031,60.4,84.1,0,0
9032,52.3,43.3,1,3
9033,46.7,26.5,1,1
9034,35.6,50.1,2,2
9035,38.7,2.8,1,1
9036,40.5,21.0,1,1
9037,94.8,64.9,3,0
9038,85.4,100.0,0,0
9039,86.2,80.3,3,0
9040,48.1,100.0,0,0
9041,71.9,46.1,3,3
9042,30.3,32.0,2,2
9043,75.1,95.3,0,0
9044,64.9,66.4,0,3
9045,68.9,98.9,0,0
9046,63.8,85.9,0,0
9047,66.7,83.8,0,0
9048,82.5,76.9,3,0
9049,51.3,58.2,2,3
9050,28.7,28.5,2,1
9051,90.7,44.1,3,3
9052,51.8,47.3,1,3
9053,83.6,80.0,3,0
9054,1.8,69.0,2,2
9055,36.5,37.5,2,2
9056,78.3,82.4,0,0
9057,91.2,75.3,3,0
9058,44.9,54.6,2,2
9059,84.2,82.6,3,0
9060,26.8,20.0,2,1
9061,93.4,83.2,3,0
9062,91.2,100.0,0,0
9063,100.0,77.3,3,0
9064,29.1,14.6,1,1
9065,97.3,75.4,3,0
9066,59.5,10.3,1,1
9067,41.7,36.0,1,1
9068,16.4,31.4,2,2
9069,62.9,95.4,0,0
9070,52.8,30.4,1,1
9071,89.0,82.9,3,0
9072,43.5,45.8,2,2
9073,74.3,76.5,0,0
9074,71.0,84.7,0,0
9075,80.1,96.7,0,0
9076,59.8,70.8,0,3
9077,78.0,75.4,3,0
9078,31.0,14.0,1,1
9079,69.9,78.2,0,0
9080,49.6,57.8,2,3
9081,72.0,76.0,0,0
9082,89.7,95.1,0,0
9083,58.4,21.1,1,1
9084,54.8,69.7,0,3
9085,92.1,71.6,3,0
9086,34.8,25.2,1,1
9087,80.7,74.6,3,0
9088,74.3,100.0,0,0
9089,84.0,63.1,3,3
9090,41.2,43.3,2,2
9091,50.0,67.7,0,3
9092,69.6,72.1,0,3
9093,89.9,36.1,3,3
9094,84.2,100.0,0,0
9095,57.9,41.5,1,3
9096,60.7,60.1,3,3
9097,81.2,47.9,3,3
9098,39.8,48.1,2,2
9099,78.9,100.0,0,0
9100,68.5,100.0,0,0
9101,64.9,62.5,3,3
9102,82.1,100.0,0,0
9103,41.5,28.4,1,1
9104,16.9,17.6,2,1
9105,55.8,40.7,1,3
9106,75.0,92.6,0,0
9107,100.0,100.0,0,0
9108,69.2,78.9,0,0
9109,78.9,5.9,1,1
9110,48.7,8.3,1,1
9111,37.1,22.7,1,1
9112,38.8,13.4,1,1
9113,67.7,50.4,3,3
9114,34.1,41.7,2,2
9115,98.7,69.7,3,0
9116,57.1,23.9,1,1
9117,34.3,43.3,2,2
9118,62.7,61.1,3,3
9119,29.0,25.1,2,1
9120,93.7,98.7,0,0
9121,47.8,33.8,1,1
9122,65.4,100.0,0,0
9123,63.8,64.9,0,3
9124,19.9,0.0,1,1
9125,79.6,49.7,3,3
9126,32.7,51.2,2,2
9127,56.7,45.0,1,3
9128,91.1,83.5,3,0
9129,74.7,100.0,0,0
9130,31.5,16.6,1,1
9131,42.6,34.3,1,1
9132,59.7,28.3,1,1
9133,29.6,39.6,2,2
9134,70.4,100.0,0,0
9135,83.1,54.6,3,3
9136,73.6,83.3,0,0
9137,92.8,100.0,0,0
9138,32.6,38.4,2,2
9139,70.2,79.6,0,0
9140,85.3,96.2,0,0
9141,44.3,100.0,0,0
9142,43.4,30.2,1,1
9143,77.5,100.0,0,0
9144,37.4,39.0,2,2
9145,83.1,61.0,3,3
9146,91.1,68.0,3,0
9147,77.4,92.6,0,0
9148,61.9,100.0,0,0
9149,45.5,16.9,1,1
9150,78.5,65.8,3,3
9151,62.7,72.8,0,3
9152,72.5,96.8,0,0
9153,77.2,71.1,3,0
9154,49.2,13.2,1,1
9155,57.2,46.9,1,3
9156,53.6,14.4,1,1
9157,89.0,52.6,3,3
9158,98.9,85.4,3,0
9159,75.7,53.0,3,3
9160,37.4,35.9,2,2
9161,42.7,22.2,1,1
9162,66.8,76.6,0,0
9163,43.4,38.9,1,2
9164,62.0,98.4,0,0
9165,92.0,79.0,3,0
9166,83.3,100.0,0,0
9167,60.4,87.3,0,0
9168,74.5,82.1,0,0
9169,34.2,0.8,1,1
9170,20.9,26.7,2,2
9171,47.3,10.0,1,1
9172,43.2,17.7,1,1
9173,68.4,90.9,0,0
9174,67.6,78.3,0,0
9175,72.9,80.8,0,0
9176,60.5,24.5,1,1
9177,98.9,59.1,3,0
9178,73.6,97.9,0,0
9179,42.9,32.3,1,1
9180,46.2,27.5,1,1
9181,74.3,80.5,0,0
9182,36.6,45.3,2,2
9183,42.6,31.8,1,1
9184,59.6,19.4,1,1
9185,20.7,55.1,2,2
9186,41.8,78.4,0,2
9187,82.2,59.7,3,3
9188,56.5,70.6,0,3
9189,67.8,52.9,3,3
9190,59.0,31.8,1,1
9191,70.7,55.7,3,3
9192,12.3,36.6,2,2
9193,56.3,66.7,0,3
9194,44.3,15.9,1,1
9195,64.3,32.3,1,3
9196,46.6,67.4,2,3
9197,67.6,86.7,0,0
9198,76.1,71.9,3,0
9199,67.7,87.9,0,0
9200,51.8,50.6,1,3
9201,82.4,70.2,3,0
9202,27.0,16.8,2,1
9203,36.3,18.8,1,1
9204,26.1,33.3,2,2
9205,45.1,24.6,1,1
9206,45.9,26.1,1,1
9207,41.9,25.6,1,1
9208,66.7,78.8,0,0
9209,21.2,30.5,2,2
9210,31.8,26.8,2,1
9211,40.5,21.9,1,1
9212,51.6,21.3,1,1
9213,49.4,61.8,2,3
9214,65.7,63.1,3,3
9215,85.5,82.0,3,0
9216,100.0,88.6,3,0
9217,100.0,38.7,3,3
9218,30.6,51.0,2,2
9219,50.7,69.4,0,3
9220,78.7,34.6,3,3
9221,21.6,7.3,1,1
9222,30.4,27.1,2,1
9223,29.9,62.2,2,2
9224,33.7,0.0,1,1
9225,53.7,39.7,1,1
9226,99.1,61.8,3,0
9227,61.4,100.0,0,0
9228,1.7,22.3,2,2
9229,30.0,61.3,2,2
9230,0.0,41.7,2,2
9231,100.0,100.0,0,0
9232,85.2,84.4,0,0
9233,54.8,40.3,1,3
9234,29.9,44.0,2,2
9235,33.2,0.0,1,1
9236,64.0,92.5,0,0
9237,71.4,68.5,3,3
9238,29.7,20.6,2,1
9239,76.8,54.0,3,3
9240,30.0,32.2,2,2
9241,22.2,37.7,2,2
9242,40.9,29.3,1,1
9243,96.9,73.6,3,0
9244,68.5,40.7,1,3
9245,32.0,24.6,2,1
9246,92.3,100.0,0,0
9247,69.0,98.2,0,0
9248,87.0,91.2,0,0
9249,79.1,65.3,3,3
9250,43.7,42.6,2,2
9251,53.3,68.3,0,3
9252,50.7,47.8,1,3
9253,42.8,42.5,2,2
9254,100.0,100.0,0,0
9255,70.9,68.7,3,3
9256,100.0,96.8,3,0
9257,26.6,11.6,1,1
9258,67.2,44.8,1,3
9259,76.6,100.0,0,0
9260,16.4,0.0,1,1
9261,39.7,12.1,1,1
9262,81.5,17.6,1,3
9263,57.5,100.0,0,0
9264,79.2,54.7,3,3
9265,42.3,31.1,1,1
9266,51.0,91.1,0,0
9267,72.4,61.5,3,3
9268,61.2,77.4,0,3
9269,76.7,79.0,0,0
9270,63.1,36.3,1,3
9271,63.9,33.3,1,3
9272,36.0,42.7,2,2
9273,27.2,54.8,2,2
9274,71.3,64.5,3,3
9275,37.1,32.8,2,1
9276,78.1,91.2,0,0
9277,38.5,26.9,1,1
9278,54.0,55.7,2,3
9279,73.0,92.3,0,0
9280,60.1,82.4,0,0
9281,56.3,36.6,1,1
9282,49.1,0.0,1,1
9283,73.5,19.1,1,1
9284,24.8,42.2,2,2
9285,70.8,86.9,0,0
9286,59.2,8.6,1,1
9287,52.5,37.6,1,1
9288,91.8,95.2,0,0
9289,27.9,8.7,1,1
9290,81.5,74.9,3,0
9291,30.5,33.0,2,2
9292,36.2,39.1,2,2
9293,48.3,25.8,1,1
9294,44.6,47.2,2,2
9295,83.1,53.1,3,3
9296,43.1,96.0,0,0
9297,100.0,81.8,3,0
9298,75.1,74.4,3,0
9299,45.3,45.8,2,2
9300,80.8,100.0,0,0
9301,67.7,65.8,3,3
9302,86.1,82.5,3,0
9303,80.7,77.8,3,0
9304,67.7,67.2,3,3
9305,75.4,53.4,3,3
9306,80.0,88.9,0,0
9307,65.1,100.0,0,0
9308,76.2,49.2,3,3
9309,23.4,2.6,1,1
9310,29.7,33.2,2,2
9311,50.2,54.0,2,3
9312,63.1,42.4,1,3
9313,39.1,20.3,1,1
9314,31.7,29.9,2,1
9315,41.3,21.9,1,1
9316,28.1,21.0,2,1
9317,92.6,65.9,3,0
9318,66.2,66.8,3,3
9319,56.1,13.7,1,1
9320,26.2,32.1,2,2
9321,9.1,44.5,2,2
9322,80.3,74.1,3,0
9323,100.0,76.6,3,0
9324,41.4,29.6,1,1
9325,69.6,74.5,0,0
9326,75.1,57.1,3,3
9327,47.0,59.4,2,2
9328,82.0,75.3,3,0
9329,46.0,42.1,1,2
9330,11.9,37.4,2,2
9331,65.1,67.4,0,3
9332,28.6,65.4,2,2
9333,76.3,100.0,0,0
9334,81.6,73.1,3,0
9335,59.7,74.8,0,3
9336,56.4,45.7,1,3
9337,38.7,90.2,0,2
9338,21.5,25.2,2,2
9339,85.5,66.9,3,0
9340,66.1,81.6,0,0
9341,41.2,38.8,2,2
9342,87.8,79.6,3,0
9343,70.9,79.5,0,0
9344,80.1,100.0,0,0
9345,41.0,52.6,2,2
9346,22.9,21.4,2,1
9347,46.6,42.1,1,2
9348,73.4,75.6,0,0
9349,35.2,61.1,2,2
9350,0.0,52.2,2,2
9351,85.2,54.7,3,3
9352,59.5,64.7,0,3
9353,79.5,78.0,3,0
9354,94.7,71.5,3,0
9355,49.4,39.4,1,1
9356,37.7,46.3,2,2
9357,70.3,77.8,0,0
9358,26.9,61.9,2,2
9359,51.2,26.6,1,1
9360,38.5,55.7,2,2
9361,38.9,19.3,1,1
9362,87.2,66.6,3,0
9363,36.2,25.2,1,1
9364,39.6,64.6,2,2
9365,19.4,0.0,1,1
9366,42.0,58.5,2,2
9367,23.7,23.8,2,1
9368,50.2,39.3,1,1
9369,32.4,10.5,1,1
9370,45.1,9.7,1,1
9371,76.6,73.3,3,0
9372,84.0,54.2,3,3
9373,41.5,33.4,1,1
9374,73.2,82.1,0,0
9375,9.0,50.8,2,2
9376,100.0,95.2,3,0
9377,53.2,72.9,0,3
9378,99.0,77.8,3,0
9379,42.7,29.0,1,1
9380,41.1,14.7,1,1
9381,67.8,62.1,3,3
9382,74.5,62.4,3,3
9383,30.0,51.5,2,2
9384,53.5,59.6,2,3
9385,41.2,51.0,2,2
9386,54.5,24.5,1,1
9387,43.8,28.6,1,1
9388,83.9,80.7,3,0
9389,71.0,36.9,1,3
9390,34.8,47.7,2,2
9391,62.9,90.3,0,0
9392,23.1,23.2,2,1
9393,52.4,35.5,1,1
9394,75.8,100.0,0,0
9395,100.0,64.0,3,0
9396,44.5,40.9,1,2
9397,17.7,35.7,2,2
9398,48.2,8.0,1,1
9399,50.9,34.2,1,1
9400,52.1,87.4,0,0
9401,80.9,100.0,0,0
9402,80.6,68.8,3,0
9403,30.8,0.0,1,1
9404,59.4,42.3,1,3
9405,95.5,71.1,3,0
9406,67.3,91.5,0,0
9407,56.8,74.4,0,3
9408,83.5,90.1,0,0
9409,90.8,100.0,0,0
9410,66.2,70.4,0,3
9411,47.0,42.7,1,2
9412,51.0,25.0,1,1
9413,95.2,72.5,3,0
9414,36.4,55.6,2,2
9415,34.9,79.5,2,2
9416,79.5,76.9,3,0
9417,33.1,26.9,2,1
9418,11.8,0.2,2,1
9419,33.1,47.7,2,2
9420,90.6,96.0,0,0
9421,69.7,15.8,1,1
9422,50.1,100.0,0,0
9423,9.5,50.6,2,2
9424,87.5,62.8,3,3
9425,97.1,90.8,3,0
9426,42.8,56.4,2,2
9427,72.7,99.6,0,0
9428,16.4,35.9,2,2
9429,43.8,50.2,2,2
9430,44.6,41.0,1,2
9431,25.0,36.6,2,2
9432,38.3,65.7,2,2
9433,41.5,28.6,1,1
9434,95.1,93.0,3,0
9435,90.8,72.6,3,0
9436,55.2,67.2,0,3
9437,58.0,32.3,1,1
9438,64.8,73.4,0,3
9439,47.2,12.7,1,1
9440,77.3,62.5,3,3
9441,83.6,66.7,3,0
9442,71.1,100.0,0,0
9443,33.6,30.8,2,1
9444,39.7,30.6,1,1
9445,80.7,79.2,3,0
9446,30.1,51.2,2,2
9447,87.9,77.8,3,0
9448,85.6,58.1,3,3
9449,85.3,65.2,3,0
9450,37.1,49.4,2,2
9451,78.3,100.0,0,0
9452,37.0,29.7,1,1
9453,23.4,33.2,2,2
9454,76.8,84.9,0,0
9455,73.3,6.6,1,1
9456,48.9,29.8,1,1
9457,95.0,93.5,0,0
9458,50.7,53.1,2,3
9459,42.7,67.1,2,2
9460,81.3,68.8,3,0
9461,55.0,78.0,0,3
9462,19.6,55.2,2,2
9463,56.2,43.0,1,3
9464,93.0,99.7,0,0
9465,100.0,44.3,3,3
9466,53.8,59.3,2,3
9467,96.5,82.1,3,0
9468,92.1,41.4,3,3
9469,59.5,73.1,0,3
9470,90.4,92.9,0,0
9471,38.4,42.7,2,2
9472,58.9,100.0,0,0
9473,96.5,77.7,3,0
9474,79.2,66.3,3,3
9475,43.8,46.6,2,2
9476,60.4,19.7,1,1
9477,40.3,47.2,2,2
9478,89.3,100.0,0,0
9479,33.6,18.1,1,1
9480,56.5,87.4,0,0
9481,82.0,84.1,0,0
9482,61.5,50.2,1,3
9483,76.8,93.2,0,0
9484,64.0,46.5,1,3
9485,46.5,83.5,0,3
9486,76.5,76.0,3,0
9487,69.0,79.7,0,0
9488,43.9,13.5,1,1
9489,41.5,48.5,2,2
9490,33.4,24.8,1,1
9491,66.2,75.9,0,0
9492,57.1,27.8,1,1
9493,88.2,94.3,0,0
9494,16.3,21.2,2,1
9495,47.9,30.2,1,1
9496,55.6,58.1,2,3
9497,67.5,69.4,0,3
9498,83.8,89.1,0,0
9499,89.0,64.1,3,0
9500,25.6,31.6,2,2
9501,38.7,41.2,2,2
9502,85.0,67.6,3,0
9503,88.8,96.2,0,0
9504,99.2,69.0,3,0
9505,82.4,100.0,0,0
9506,27.3,44.9,2,2
9507,53.3,81.0,0,3
9508,53.3,87.4,0,0
9509,72.2,73.4,0,0
9510,45.6,17.3,1,1
9511,77.0,70.2,3,0
9512,77.5,72.1,3,0
9513,70.7,91.4,0,0
9514,66.1,39.9,1,3
9515,59.4,55.0,3,3
9516,57.6,53.2,1,3
9517,39.1,35.9,2,2
9518,35.3,25.1,1,1
9519,86.8,80.8,3,0
9520,69.0,81.6,0,0
9521,50.9,33.0,1,1
9522,67.8,89.6,0,0
9523,91.1,82.9,3,0
9524,34.7,44.2,2,2
9525,56.9,87.7,0,0
9526,65.7,19.6,1,1
9527,79.9,93.5,0,0
9528,69.5,70.2,0,3
9529,99.5,74.1,3,0
9530,38.2,6.0,1,1
9531,75.2,78.3,0,0
9532,49.1,46.4,1,2
9533,100.0,60.6,3,0
9534,35.8,23.4,1,1
9535,60.0,100.0,0,0
9536,56.8,79.6,0,3
9537,41.8,71.5,2,2
9538,32.7,49.7,2,2
9539,49.0,93.4,0,0
9540,87.1,100.0,0,0
9541,37.0,16.4,1,1
9542,51.4,45.3,1,3
9543,100.0,79.2,3,0
9544,21.6,16.8,2,1
9545,64.6,28.7,1,1
9546,65.7,56.4,3,3
9547,49.9,37.6,1,1
9548,75.0,81.8,0,0
9549,43.1,26.9,1,1
9550,74.6,68.4,3,3
9551,73.5,89.9,0,0
9552,100.0,58.1,3,0
9553,5.7,35.4,2,2
9554,69.0,60.9,3,3
9555,28.0,55.1,2,2
9556,77.5,72.5,3,0
9557,77.1,87.9,0,0
9558,45.8,28.8,1,1
9559,90.1,93.6,0,0
9560,100.0,83.1,3,0
9561,94.8,81.0,3,0
9562,35.7,25.3,1,1
9563,84.3,98.9,0,0
9564,87.2,79.9,3,0
9565,57.3,90.6,0,0
9566,97.2,79.0,3,0
9567,80.0,99.6,0,0
9568,23.6,48.8,2,2
9569,45.8,61.7,2,2
9570,69.3,34.8,1,3
9571,73.7,98.3,0,0
9572,100.0,50.7,3,3
9573,61.1,38.6,1,3
9574,56.4,44.9,1,3
9575,80.2,100.0,0,0
9576,72.7,61.8,3,3
9577,17.2,6.3,2,1
9578,58.4,8.0,1,1
9579,85.2,86.9,0,0
9580,100.0,62.3,3,0
9581,82.1,93.3,0,0
9582,79.8,100.0,0,0
9583,71.7,95.1,0,0
9584,69.9,65.9,3,3
9585,51.7,33.3,1,1
9586,31.8,9.3,1,1
9587,74.2,65.3,3,3
9588,67.3,100.0,0,0
9589,44.5,47.2,2,2
9590,53.0,32.1,1,1
9591,97.3,100.0,0,0
9592,62.6,35.8,1,3
9593,31.3,36.4,2,2
9594,77.0,63.9,3,3
9595,31.8,34.1,2,2
9596,21.8,48.4,2,2
9597,95.2,61.2,3,0
9598,68.3,51.0,3,3
9599,43.0,54.8,2,2
9600,36.1,42.5,2,2
9601,25.0,20.2,2,1
9602,37.4,23.5,1,1
9603,73.3,54.9,3,3
9604,49.8,12.4,1,1
9605,83.0,92.6,0,0
9606,28.9,50.7,2,2
9607,55.4,20.7,1,1
9608,28.4,2.5,1,1
9609,70.5,60.5,3,3
9610,47.9,58.8,2,2
9611,43.7,8.7,1,1
9612,50.9,98.8,0,0
9613,79.2,72.5,3,0
9614,16.4,28.7,2,2
9615,45.5,42.7,2,2
9616,31.7,11.8,1,1
9617,63.4,93.0,0,0
9618,57.7,81.1,0,0
9619,98.2,86.1,3,0
9620,43.9,7.2,1,1
9621,57.6,49.5,1,3
9622,67.0,43.1,1,3
9623,45.6,34.1,1,1
9624,69.8,56.4,3,3
9625,81.5,97.7,0,0
9626,76.2,100.0,0,0
9627,38.2,43.1,2,2
9628,78.4,78.8,0,0
9629,42.9,14.1,1,1
9630,29.1,17.3,1,1
9631,64.8,76.3,0,0
9632,67.0,26.5,1,1
9633,32.6,39.2,2,2
9634,91.8,57.4,3,3
9635,47.8,26.8,1,1
9636,41.9,12.6,1,1
9637,95.1,69.3,3,0
9638,65.4,100.0,0,0
9639,56.8,65.6,0,3
9640,53.1,53.8,2,3
9641,73.7,1.8,1,1
9642,76.3,79.0,0,0
9643,69.7,82.9,0,0
9644,36.9,38.4,2,2
9645,41.9,25.3,1,1
9646,61.5,94.5,0,0
9647,46.6,53.6,2,2
9648,80.3,82.1,0,0
9649,64.4,100.0,0,0
9650,37.7,43.6,2,2
9651,24.2,35.0,2,2
9652,92.0,90.3,3,0
9653,37.3,20.1,1,1
9654,69.2,73.7,0,3
9655,86.0,90.3,0,0
9656,78.8,45.8,3,3
9657,92.1,93.0,0,0
9658,56.8,57.8,3,3
9659,39.7,59.2,2,2
9660,35.4,17.2,1,1
9661,63.8,80.4,0,0
9662,68.8,57.1,3,3
9663,96.0,76.9,3,0
9664,54.0,48.1,1,3
9665,37.6,54.7,2,2
9666,64.4,71.0,0,3
9667,30.4,46.2,2,2
9668,72.6,76.1,0,0
9669,89.9,81.1,3,0
9670,67.8,100.0,0,0
9671,88.9,68.4,3,0
9672,33.6,8.4,1,1
9673,53.2,38.8,1,1
9674,14.1,44.3,2,2
9675,25.5,62.6,2,2
9676,38.2,70.2,2,2
9677,56.2,64.7,0,3
9678,30.5,48.1,2,2
9679,82.0,69.1,3,0
9680,25.4,28.9,2,2
9681,58.3,83.9,0,0
9682,30.3,22.2,2,1
9683,87.8,88.8,0,0
9684,81.8,100.0,0,0
9685,89.5,74.7,3,0
9686,51.8,91.0,0,0
9687,67.7,63.4,3,3
9688,83.5,86.1,0,0
9689,39.7,12.5,1,1
9690,79.4,78.0,3,0
9691,43.4,39.6,2,2
9692,39.1,52.4,2,2
9693,59.1,10.5,1,1
9694,45.1,42.3,2,2
9695,100.0,61.0,3,0
9696,26.3,26.5,2,1
9697,40.0,41.8,2,2
9698,36.9,46.2,2,2
9699,63.3,68.3,0,3
9700,57.8,21.7,1,1
9701,84.0,83.5,0,0
9702,99.2,60.2,3,0
9703,33.4,30.2,2,1
9704,96.8,63.1,3,0
9705,56.7,41.0,1,3
9706,6.1,46.6,2,2
9707,92.4,73.5,3,0
9708,34.6,36.3,2,2
9709,57.4,38.9,1,3
9710,34.9,67.9,2,2
9711,89.2,77.1,3,0
9712,34.3,40.7,2,2
9713,45.0,70.3,2,2
9714,41.0,50.3,2,2
9715,68.4,79.1,0,0
9716,81.5,73.6,3,0
9717,48.6,58.3,2,3
9718,98.0,79.3,3,0
9719,82.5,98.4,0,0
9720,76.7,83.1,0,0
9721,24.8,26.9,2,2
9722,83.8,29.6,3,3
9723,54.4,68.6,0,3
9724,38.5,14.3,1,1
9725,78.8,80.6,0,0
9726,80.4,81.6,0,0
9727,56.4,39.4,1,3
9728,59.5,88.8,0,0
9729,72.7,43.0,3,3
9730,93.0,79.5,3,0
9731,57.5,35.3,1,1
9732,16.8,38.6,2,2
9733,16.0,33.6,2,2
9734,58.9,66.4,0,3
9735,77.3,67.1,3,3
9736,51.3,10.3,1,1
9737,20.8,64.9,2,2
9738,31.6,4.8,1,1
9739,63.4,45.9,1,3
9740,67.9,13.8,1,1
9741,77.6,67.8,3,3
9742,100.0,85.2,3,0
9743,90.5,100.0,0,0
9744,43.4,29.8,1,1
9745,74.9,73.6,3,0
9746,33.6,2.7,1,1
9747,29.4,50.4,2,2
9748,44.7,45.9,2,2
9749,100.0,76.4,3,0
9750,30.6,22.5,2,1
9751,82.0,86.4,0,0
9752,64.9,79.5,0,0
9753,33.6,50.4,2,2
9754,100.0,64.9,3,0
9755,70.9,100.0,0,0
9756,78.3,69.2,3,0
9757,44.3,12.7,1,1
9758,19.7,45.0,2,2
9759,57.3,91.9,0,0
9760,24.2,39.4,2,2
9761,72.5,100.0,0,0
9762,76.2,100.0,0,0
9763,35.9,43.0,2,2
9764,69.6,74.7,0,0
9765,11.2,38.4,2,2
9766,56.9,13.6,1,1
9767,55.1,99.1,0,0
9768,79.3,69.4,3,0
9769,90.9,97.3,0,0
9770,65.8,100.0,0,0
9771,80.0,65.8,3,3
9772,44.3,37.6,1,1
9773,53.4,74.6,0,3
9774,28.3,18.1,1,1
9775,88.4,100.0,0,0
9776,75.3,90.6,0,0
9777,45.0,45.2,2,2
9778,23.9,53.8,2,2
9779,72.6,89.8,0,0
9780,25.1,28.8,2,2
9781,50.8,0.0,1,1
9782,100.0,81.4,3,0
9783,65.2,58.1,3,3
9784,69.5,73.4,0,3
9785,52.4,98.8,0,0
9786,18.9,60.5,2,2
9787,45.4,51.9,2,2
9788,49.7,25.3,1,1
9789,35.7,40.9,2,2
9790,12.8,12.3,2,1
9791,33.7,21.9,1,1
9792,72.6,82.9,0,0
9793,83.5,53.7,3,3
9794,95.0,65.6,3,0
9795,72.4,95.3,0,0
9796,53.3,64.6,0,3
9797,30.6,21.5,1,1
9798,78.7,83.9,0,0
9799,72.4,95.5,0,0
9800,59.3,82.9,0,0
9801,68.4,100.0,0,0
9802,76.6,73.5,3,0
9803,87.1,76.8,3,0
9804,72.7,81.4,0,0
9805,68.8,98.9,0,0
9806,47.3,75.0,0,3
9807,77.6,82.9,0,0
9808,42.1,24.8,1,1
9809,53.7,59.6,2,3
9810,45.5,38.3,1,1
9811,24.2,46.5,2,2
9812,40.9,40.5,2,2
9813,85.5,100.0,0,0
9814,70.6,60.8,3,3
9815,75.7,81.7,0,0
9816,28.9,40.5,2,2
9817,67.8,51.7,3,3
9818,78.1,49.8,3,3
9819,59.3,91.7,0,0
9820,39.6,19.5,1,1
9821,72.2,53.1,3,3
9822,81.3,100.0,0,0
9823,15.4,44.2,2,2
9824,52.7,17.2,1,1
9825,69.3,39.9,1,3
9826,75.4,100.0,0,0
9827,51.6,31.1,1,1
9828,32.6,33.2,2,2
9829,43.5,94.7,0,0
9830,13.7,50.3,2,2
9831,64.8,55.2,3,3
9832,39.4,31.5,1,1
9833,62.3,38.0,1,3
9834,52.0,26.2,1,1
9835,16.7,42.7,2,2
9836,28.0,30.2,2,2
9837,46.8,35.5,1,1
9838,39.2,50.8,2,2
9839,81.0,83.4,0,0
9840,21.7,34.1,2,2
9841,70.4,55.3,3,3
9842,36.5,10.2,1,1
9843,65.5,100.0,0,0
9844,84.2,63.4,3,3
9845,40.8,60.2,2,2
9846,81.8,66.8,3,3
9847,87.3,98.7,0,0
9848,32.7,40.0,2,2
9849,65.1,76.5,0,0
9850,68.0,64.0,3,3
9851,72.5,94.0,0,0
9852,40.3,63.8,2,2
9853,53.3,82.4,0,3
9854,87.8,64.3,3,0
9855,51.5,39.3,1,1
9856,73.9,81.6,0,0
9857,37.6,36.8,2,2
9858,73.8,96.3,0,0
9859,40.7,29.9,1,1
9860,43.2,32.4,1,1
9861,61.4,85.8,0,0
9862,80.5,88.1,0,0
9863,27.8,30.0,2,2
9864,26.7,31.0,2,2
9865,12.2,11.6,2,1
9866,45.5,29.1,1,1
9867,67.3,63.1,3,3
9868,66.6,100.0,0,0
9869,67.3,60.1,3,3
9870,58.5,78.9,0,3
9871,44.1,18.1,1,1
9872,20.2,22.5,2,1
9873,74.7,58.9,3,3
9874,33.5,58.0,2,2
9875,91.8,86.9,3,0
9876,55.2,33.6,1,1
9877,32.6,30.0,2,1
9878,100.0,100.0,0,0
9879,97.7,73.7,3,0
9880,33.7,30.3,2,1
9881,100.0,82.1,3,0
9882,74.3,60.5,3,3
9883,68.6,89.7,0,0
9884,16.5,20.7,2,1
9885,98.5,65.8,3,0
9886,94.9,100.0,0,0
9887,58.4,61.9,0,3
9888,16.7,45.0,2,2
9889,46.3,42.4,1,2
9890,76.4,77.8,0,0
9891,74.9,79.8,0,0
9892,44.4,32.2,1,1
9893,45.0,9.3,1,1
9894,54.0,42.7,1,3
9895,92.6,74.0,3,0
9896,38.5,47.5,2,2
9897,64.2,68.8,0,3
9898,58.6,43.9,1,3
9899,43.0,29.6,1,1
9900,97.0,96.7,0,0
9901,41.4,11.2,1,1
9902,87.6,76.7,3,0
9903,64.0,85.4,0,0
9904,83.6,88.1,0,0
9905,27.7,63.9,2,2
9906,8.7,20.2,2,2
9907,79.0,78.2,3,0
9908,80.4,52.7,3,3
9909,90.7,83.7,3,0
9910,48.8,13.8,1,1
9911,74.4,85.5,0,0
9912,73.3,42.9,3,3
9913,73.3,100.0,0,0
9914,66.2,86.5,0,0
9915,80.0,44.8,3,3
9916,88.9,55.1,3,3
9917,51.3,56.7,2,3
9918,79.7,78.5,3,0
9919,69.3,71.8,0,3
9920,47.9,51.7,2,2
9921,73.3,77.5,0,0
9922,59.2,60.3,3,3
9923,54.9,55.6,2,3
9924,51.0,28.5,1,1
9925,87.3,65.8,3,0
9926,39.3,41.8,2,2
9927,80.5,66.0,3,3
9928,38.8,33.2,2,1
9929,35.9,34.7,2,2
9930,28.8,26.4,2,1
9931,85.2,92.7,0,0
9932,89.5,71.9,3,0
9933,80.8,57.2,3,3
9934,24.4,39.0,2,2
9935,45.8,68.2,2,2
9936,29.3,38.6,2,2
9937,16.3,43.5,2,2
9938,100.0,87.2,3,0
9939,73.0,75.1,0,0
9940,70.4,76.4,0,0
9941,73.1,71.8,3,0
9942,52.5,47.4,1,3
9943,64.8,51.8,3,3
9944,77.1,68.6,3,3
9945,50.4,0.4,1,1
9946,77.5,96.9,0,0
9947,78.6,100.0,0,0
9948,17.3,31.8,2,2
9949,76.3,71.7,3,0
9950,17.0,36.9,2,2
9951,55.0,5.1,1,1
9952,54.1,39.4,1,1
9953,38.7,37.4,2,2
9954,39.2,49.5,2,2
9955,42.7,19.5,1,1
9956,47.5,39.7,1,1
9957,45.2,14.8,1,1
9958,49.9,65.0,2,3
9959,29.9,39.1,2,2
9960,99.1,88.4,3,0
9961,71.5,43.8,3,3
9962,76.2,56.3,3,3
9963,42.8,0.0,1,1
9964,87.6,74.8,3,0
9965,76.9,68.6,3,3
9966,49.0,12.3,1,1
9967,72.0,66.9,3,3
9968,71.2,58.2,3,3
9969,41.5,15.6,1,1
9970,83.3,41.4,3,3
9971,47.1,10.3,1,1
9972,45.0,23.5,1,1
9973,74.5,71.1,3,0
9974,49.5,40.7,1,1
9975,17.5,61.1,2,2
9976,33.7,0.0,1,1
9977,76.6,62.7,3,3
9978,65.0,100.0,0,0
9979,70.9,72.6,0,3
9980,33.4,19.8,1,1
9981,67.4,40.8,1,3
9982,11.2,59.5,2,2
9983,48.1,48.0,2,2
9984,42.4,29.8,1,1
9985,63.6,91.1,0,0
9986,57.9,75.5,0,3
9987,67.0,33.2,1,3
9988,69.0,44.0,3,3
9989,41.3,26.1,1,1
9990,93.5,64.9,3,0
9991,56.6,21.1,1,1
9992,41.4,30.2,1,1
9993,38.8,11.0,1,1
9994,87.7,63.5,3,3
9995,86.4,82.6,3,0
9996,25.7,31.0,2,2
9997,100.0,91.0,3,0
9998,68.2,75.2,0,0
9999,62.5,53.3,3,3
10000,27.3,48.2,2,2
10001,89.8,98.6,0,0
10002,32.0,24.2,2,1
10003,64.3,34.7,1,3
10004,73.6,83.0,0,0
10005,50.9,57.8,2,3
10006,50.1,41.0,1,1
10007,53.2,16.8,1,1
10008,84.5,70.6,3,0
10009,19.4,29.4,2,2
10010,54.4,93.1,0,0
10011,92.4,67.7,3,0
10012,42.4,4.5,1,1
10013,68.0,76.7,0,0
10014,72.3,59.1,3,3
10015,72.2,73.1,0,0
10016,100.0,98.1,0,0
10017,46.5,42.4,1,2
10018,4.8,36.7,2,2
10019,8.1,60.4,2,2
10020,20.0,12.1,2,1
10021,15.0,24.9,2,2
10022,69.8,17.3,1,1
10023,100.0,63.5,3,0
10024,57.4,74.6,0,3
10025,14.7,21.0,2,2
10026,32.9,23.2,1,1
10027,92.6,82.7,3,0
10028,28.5,37.5,2,2
10029,100.0,72.3,3,0
10030,53.4,25.5,1,1
10031,41.7,70.8,2,2
10032,67.3,94.7,0,0
10033,66.6,100.0,0,0
10034,52.0,90.0,0,0
10035,94.6,80.6,3,0
10036,41.1,37.9,2,2
10037,37.0,10.3,1,1
10038,75.8,85.3,0,0
10039,50.5,23.5,1,1
10040,60.4,80.7,0,0
10041,100.0,55.5,3,3
10042,24.6,61.2,2,2
10043,22.6,48.7,2,2
10044,60.7,84.6,0,0
10045,29.8,24.3,2,1
10046,81.8,81.3,0,0
10047,46.6,18.5,1,1
10048,96.3,100.0,0,0
10049,77.7,80.0,0,0
10050,37.2,28.8,1,1
10051,81.2,85.9,0,0
10052,100.0,69.9,3,0
10053,33.1,19.9,1,1
10054,86.2,77.9,3,0
10055,29.1,22.1,2,1
10056,64.6,47.8,1,3
10057,7.0,24.7,2,2
10058,71.9,50.1,3,3
10059,36.7,39.9,2,2
10060,29.9,42.3,2,2
10061,54.6,76.3,0,3
10062,88.8,71.0,3,0
10063,52.2,56.6,2,3
10064,37.2,28.0,1,1
10065,60.8,81.7,0,0
10066,80.4,70.6,3,0
10067,100.0,60.9,3,0
10068,23.2,39.0,2,2
10069,41.3,8.1,1,1
10070,100.0,74.1,3,0
10071,74.3,78.7,0,0
10072,49.7,50.1,2,2
10073,71.1,85.8,0,0
10074,35.4,36.7,2,2
10075,76.8,80.5,0,0
10076,89.0,47.8,3,3
10077,99.9,88.1,3,0
10078,93.0,79.6,3,0
10079,43.3,44.0,2,2
10080,32.7,36.5,2,2
10081,25.6,51.7,2,2
10082,40.5,100.0,0,0
10083,37.4,55.0,2,2
10084,48.3,31.2,1,1
10085,28.0,28.3,2,1
10086,42.9,18.0,1,1
10087,73.6,58.5,3,3
10088,44.2,35.2,1,1
10089,30.6,15.5,1,1
10090,45.4,44.1,2,2
10091,48.5,31.2,1,1
10092,65.9,94.5,0,0
10093,65.4,76.3,0,0
10094,26.2,79.7,2,2
10095,84.3,68.3,3,0
10096,31.2,43.2,2,2
10097,81.7,71.7,3,0
10098,18.1,19.2,2,1
10099,79.4,95.4,0,0
10100,55.3,15.4,1,1
10101,78.6,71.3,3,0
10102,58.6,22.5,1,1
10103,87.8,56.7,3,3
10104,87.7,70.2,3,0
10105,20.3,48.5,2,2
10106,83.5,100.0,0,0
10107,71.6,94.1,0,0
10108,90.1,100.0,0,0
10109,27.8,36.9,2,2
10110,50.4,27.2,1,1
10111,70.2,87.7,0,0
10112,23.5,78.9,2,2
10113,33.3,68.4,2,2
10114,16.8,8.1,2,1
10115,56.2,27.1,1,1
10116,24.1,32.7,2,2
10117,69.7,61.0,3,3
10118,57.2,49.7,1,3
10119,76.3,90.5,0,0
10120,14.6,12.8,2,1
10121,100.0,63.1,3,0
10122,97.8,79.3,3,0
10123,28.3,20.3,2,1
10124,57.6,82.1,0,0
10125,97.2,78.4,3,0
10126,68.8,9.5,1,1
10127,100.0,100.0,0,0
10128,77.0,83.3,0,0
10129,86.0,81.0,3,0
10130,85.4,100.0,0,0
10131,63.5,22.0,1,1
10132,31.8,48.1,2,2
10133,35.2,36.1,2,2
10134,63.5,65.6,0,3
10135,81.6,86.8,0,0
10136,52.1,41.8,1,1
10137,68.7,69.2,3,3
10138,33.0,15.9,1,1
10139,41.6,38.0,2,2
10140,27.0,37.0,2,2
10141,58.5,18.4,1,1
10142,80.5,18.3,1,3
10143,51.2,37.5,1,1
10144,99.1,100.0,0,0
10145,55.0,10.6,1,1
10146,25.6,1.6,1,1
10147,85.4,79.4,3,0
10148,53.3,100.0,0,0
10149,33.5,38.3,2,2
10150,88.2,80.8,3,0
10151,46.5,39.8,1,2
10152,65.4,25.7,1,1
10153,26.1,36.3,2,2
10154,97.7,79.2,3,0
10155,66.0,66.3,3,3
10156,36.4,46.3,2,2
10157,65.9,78.7,0,0
10158,48.5,65.5,2,3
10159,58.6,36.8,1,3
10160,83.1,94.6,0,0
10161,47.1,31.5,1,1
10162,42.1,30.7,1,1
10163,33.7,21.4,1,1
10164,82.0,94.8,0,0
10165,96.0,73.2,3,0
10166,85.9,63.9,3,3
10167,44.9,17.5,1,1
10168,14.6,30.1,2,2
10169,79.9,58.0,3,3
10170,47.5,69.6,0,3
10171,24.4,32.9,2,2
10172,8.2,16.7,2,1
10173,85.2,45.0,3,3
10174,84.6,73.3,3,0
10175,19.6,56.6,2,2
10176,60.2,95.6,0,0
10177,64.2,73.1,0,3
10178,67.4,72.4,0,3
10179,97.5,52.7,3,3
10180,100.0,98.9,0,0
10181,100.0,76.3,3,0
10182,100.0,93.9,3,0
10183,31.8,44.0,2,2
10184,64.9,55.0,3,3
10185,27.3,31.3,2,2
10186,100.0,100.0,0,0
10187,88.5,54.0,3,3
10188,88.9,85.8,3,0
10189,58.1,7.9,1,1
10190,43.1,20.9,1,1
10191,26.6,23.0,2,1
10192,41.2,25.2,1,1
10193,78.7,86.3,0,0
10194,76.1,96.5,0,0
10195,38.5,12.4,1,1
10196,34.2,25.8,1,1
10197,62.2,64.1,0,3
10198,70.2,87.0,0,0
10199,35.2,27.3,1,1
10200,59.4,31.8,1,1
10201,66.1,93.7,0,0
10202,65.8,23.0,1,1
10203,72.9,100.0,0,0
10204,69.5,84.2,0,0
10205,55.0,99.2,0,0
10206,64.0,100.0,0,0
10207,86.3,94.6,0,0
10208,37.0,17.8,1,1
10209,97.0,73.4,3,0
10210,71.1,66.9,3,3
10211,85.7,100.0,0,0
10212,43.4,26.2,1,1
10213,100.0,88.4,3,0
10214,20.4,22.6,2,1
10215,90.1,100.0,0,0
10216,44.2,36.8,1,1
10217,49.5,26.3,1,1
10218,55.9,34.6,1,1
10219,79.7,100.0,0,0
10220,37.2,26.8,1,1
10221,36.1,48.7,2,2
10222,88.0,74.4,3,0
10223,18.9,42.7,2,2
10224,64.4,51.1,3,3
10225,100.0,63.4,3,0
10226,57.3,37.0,1,3
10227,65.8,37.2,1,3
10228,75.3,83.6,0,0
10229,36.2,27.6,1,1
10230,85.0,81.7,3,0
10231,42.3,36.3,1,1
10232,23.3,32.0,2,2
10233,62.5,100.0,0,0
10234,65.0,73.9,0,3
10235,58.2,37.0,1,3
10236,54.3,75.6,0,3
10237,42.6,20.0,1,1
10238,83.5,60.4,3,3
10239,70.1,94.8,0,0
10240,79.9,88.9,0,0
10241,68.4,87.9,0,0
10242,75.2,100.0,0,0
10243,52.0,39.3,1,1
10244,24.3,28.4,2,2
10245,90.1,74.0,3,0
10246,68.3,26.1,1,1
10247,79.8,77.0,3,0
10248,41.9,49.2,2,2
10249,52.3,55.2,2,3
10250,75.6,100.0,0,0
10251,100.0,48.4,3,3
10252,67.8,57.0,3,3
10253,49.3,64.8,2,3
10254,71.5,72.6,0,0
10255,54.7,87.1,0,0
10256,38.7,45.9,2,2
10257,43.4,23.1,1,1
10258,66.4,74.7,0,3
10259,48.3,14.4,1,1
10260,49.7,56.8,2,3
10261,100.0,91.4,3,0
10262,64.6,28.9,1,1
10263,78.5,100.0,0,0
10264,80.4,96.5,0,0
10265,70.2,77.1,0,0
10266,57.3,78.7,0,3
10267,47.1,14.3,1,1
10268,43.7,51.4,2,2
10269,97.3,79.7,3,0
10270,50.1,42.5,1,2
10271,89.7,80.3,3,0
10272,17.9,56.0,2,2
10273,80.0,27.9,1,3
10274,77.4,86.7,0,0
10275,75.9,73.7,3,0
10276,52.4,45.9,1,3
10277,13.4,43.4,2,2
10278,80.0,63.1,3,3
10279,77.2,72.0,3,0
10280,82.4,74.4,3,0
10281,75.3,78.5,0,0
10282,23.8,37.7,2,2
10283,95.6,80.3,3,0
10284,76.4,96.7,0,0
10285,75.3,72.8,3,0
10286,61.4,70.4,0,3
10287,31.6,65.6,2,2
10288,78.1,86.0,0,0
10289,54.2,89.3,0,0
10290,39.4,28.4,1,1
10291,87.5,100.0,0,0
10292,35.0,43.2,2,2
10293,39.8,58.5,2,2
10294,75.0,74.8,3,0
10295,53.0,45.6,1,3
10296,28.5,48.5,2,2
10297,57.3,24.9,1,1
10298,69.5,83.0,0,0
10299,12.0,56.4,2,2
10300,23.1,27.1,2,2
10301,55.7,20.2,1,1
10302,64.0,22.0,1,1
10303,82.5,76.2,3,0
10304,58.1,40.6,1,3
10305,83.2,80.2,3,0
10306,70.9,23.5,1,1
10307,25.2,22.1,2,1
10308,97.5,70.4,3,0
10309,30.7,25.8,2,1
10310,85.3,63.3,3,3
10311,90.3,47.9,3,3
10312,78.6,91.7,0,0
10313,76.9,72.5,3,0
10314,6.6,35.9,2,2
10315,33.2,28.2,2,1
10316,82.9,61.6,3,3
10317,52.0,10.9,1,1
10318,89.5,78.7,3,0
10319,72.2,100.0,0,0
10320,76.5,86.2,0,0
10321,74.0,92.3,0,0
10322,82.7,80.8,3,0
10323,61.5,96.2,0,0
10324,65.0,100.0,0,0
10325,42.0,69.6,2,2
10326,24.3,18.4,2,1
10327,68.6,74.4,0,0
10328,33.5,39.3,2,2
10329,45.6,0.0,1,1
10330,47.2,42.1,1,2
10331,52.1,41.8,1,1
10332,23.7,50.7,2,2
10333,72.8,77.6,0,0
10334,37.0,24.2,1,1
10335,70.5,96.7,0,0
10336,45.9,35.4,1,1
10337,100.0,62.6,3,0
10338,57.6,47.8,1,3
10339,84.3,73.4,3,0
10340,48.9,51.2,2,2
10341,82.9,92.8,0,0
10342,53.5,20.8,1,1
10343,77.9,88.4,0,0
10344,78.2,75.5,3,0
10345,76.8,75.7,3,0
10346,54.9,85.2,0,0
10347,80.3,62.4,3,3
10348,82.1,93.1,0,0
10349,63.2,100.0,0,0
10350,33.8,22.4,1,1
10351,70.8,87.6,0,0
10352,33.0,88.2,0,2
10353,88.5,55.9,3,3
10354,71.5,100.0,0,0
10355,67.6,99.9,0,0
10356,52.5,6.4,1,1
10357,19.5,21.7,2,1
10358,67.9,46.3,3,3
10359,44.7,70.3,2,2
10360,56.5,45.8,1,3
10361,54.6,26.4,1,1
10362,100.0,100.0,0,0
10363,33.8,42.6,2,2
10364,28.0,1.5,1,1
10365,42.8,48.9,2,2
10366,58.2,45.1,1,3
10367,41.5,31.7,1,1
10368,30.4,26.3,2,1
10369,77.9,66.8,3,3
10370,63.1,54.2,3,3
10371,31.0,55.4,2,2
10372,94.5,61.5,3,0
10373,80.7,81.8,0,0
10374,25.7,19.8,2,1
10375,54.2,84.5,0,0
10376,41.0,12.6,1,1
10377,16.9,62.6,2,2
10378,22.4,58.2,2,2
10379,79.9,93.8,0,0
10380,25.4,52.4,2,2
10381,65.3,70.5,0,3
10382,52.1,100.0,0,0
10383,79.5,76.9,3,0
10384,93.4,35.5,3,3
10385,80.0,83.5,0,0
10386,70.2,82.2,0,0
10387,86.5,75.8,3,0
10388,100.0,96.7,3,0
10389,54.1,78.3,0,3
10390,57.9,93.4,0,0
10391,32.3,44.0,2,2
10392,100.0,100.0,0,0
10393,76.5,94.2,0,0
10394,83.0,58.7,3,3
10395,75.9,69.3,3,3
10396,51.4,32.7,1,1
10397,41.3,46.4,2,2
10398,81.4,95.5,0,0
10399,66.7,88.8,0,0
10400,46.7,38.5,1,1
10401,81.5,69.1,3,0
10402,100.0,91.8,3,0
10403,47.9,25.3,1,1
10404,89.6,75.6,3,0
10405,43.2,21.6,1,1
10406,20.5,29.5,2,2
10407,29.5,35.8,2,2
10408,86.5,89.5,0,0
10409,79.3,75.3,3,0
10410,79.5,49.6,3,3
10411,90.0,71.4,3,0
10412,69.8,92.1,0,0
10413,99.2,100.0,0,0
10414,67.8,51.0,3,3
10415,69.3,20.3,1,1
10416,93.5,100.0,0,0
10417,70.9,87.0,0,0
10418,52.7,11.3,1,1
10419,33.0,21.3,1,1
10420,54.7,36.0,1,1
10421,93.2,86.8,3,0
10422,76.7,54.9,3,3
10423,42.6,40.1,2,2
10424,51.7,66.9,0,3
10425,34.2,15.6,1,1
10426,32.1,43.8,2,2
10427,51.5,23.5,1,1
10428,75.6,81.4,0,0
10429,85.3,87.7,0,0
10430,27.4,21.9,2,1
10431,50.3,16.3,1,1
10432,93.8,85.0,3,0
10433,24.6,11.0,1,1
10434,72.2,85.2,0,0
10435,75.6,83.5,0,0
10436,7.5,20.8,2,2
10437,58.3,36.5,1,3
10438,36.9,47.0,2,2
10439,27.5,37.7,2,2
10440,58.3,60.0,0,3
10441,30.6,35.4,2,2
10442,90.9,68.0,3,0
10443,100.0,87.9,3,0
10444,24.2,30.7,2,2
10445,69.6,100.0,0,0
10446,93.3,68.5,3,0
10447,59.0,46.4,1,3
10448,45.7,21.2,1,1
10449,80.7,67.8,3,0
10450,60.3,100.0,0,0
10451,19.7,41.8,2,2
10452,11.8,18.2,2,1
10453,35.7,34.3,2,2
10454,26.1,60.0,2,2
10455,36.0,31.7,2,1
10456,59.2,83.2,0,0
10457,64.2,46.0,1,3
10458,62.9,11.2,1,1
10459,98.1,73.9,3,0
10460,80.7,86.6,0,0
10461,0.0,54.5,2,2
10462,33.8,78.2,2,2
10463,83.5,66.1,3,0
10464,46.8,12.1,1,1
10465,46.8,30.7,1,1
10466,41.6,21.7,1,1
10467,37.3,21.6,1,1
10468,100.0,73.9,3,0
10469,80.7,74.0,3,0
10470,77.6,54.6,3,3
10471,61.7,77.0,0,3
10472,70.6,67.7,3,3
10473,31.5,29.0,2,1
10474,47.6,44.9,1,2
10475,26.4,25.3,2,1
10476,43.0,19.6,1,1
10477,33.4,39.0,2,2
10478,30.6,43.3,2,2
10479,65.1,70.3,0,3
10480,34.3,45.4,2,2
10481,43.2,37.3,1,2
10482,81.1,84.4,0,0
10483,43.1,42.4,2,2
10484,6.9,21.4,2,2
10485,57.0,39.2,1,3
10486,46.7,63.2,2,2
10487,57.9,32.0,1,1
10488,57.4,55.1,1,3
10489,61.8,83.8,0,0
10490,87.2,67.6,3,0
10491,82.2,100.0,0,0
10492,58.1,74.5,0,3
10493,46.2,0.0,1,1
10494,31.7,11.3,1,1
10495,17.0,20.9,2,1
10496,40.3,53.6,2,2
10497,55.5,34.6,1,1
10498,33.3,58.3,2,2
10499,91.2,96.7,0,0
10500,39.1,36.0,2,2
10501,66.2,55.3,3,3
10502,95.9,59.4,3,0
10503,41.4,29.1,1,1
10504,67.2,35.6,1,3
10505,55.4,83.2,0,0
10506,58.5,0.0,1,1
10507,95.6,80.4,3,0
10508,100.0,60.1,3,0
10509,37.6,34.3,2,2
10510,68.1,53.9,3,3
10511,100.0,95.9,3,0
10512,43.9,27.2,1,1
10513,45.8,33.6,1,1
10514,92.5,72.8,3,0
10515,48.2,51.3,2,2
10516,22.0,35.4,2,2
10517,78.9,82.1,0,0
10518,60.0,51.0,1,3
10519,62.4,97.3,0,0
10520,55.0,40.4,1,3
10521,100.0,86.1,3,0
10522,28.8,54.1,2,2
10523,53.9,78.9,0,3
10524,34.3,30.6,2,1
10525,76.5,55.2,3,3
10526,67.7,87.8,0,0
10527,82.0,69.0,3,0
10528,23.1,32.6,2,2
10529,95.1,77.7,3,0
10530,68.1,73.5,0,3
10531,78.3,73.5,3,0
10532,30.8,31.4,2,2
10533,17.9,51.0,2,2
10534,100.0,67.4,3,0
10535,45.4,15.2,1,1
10536,64.1,49.9,3,3
10537,43.1,42.2,2,2
10538,6.6,30.5,2,2
10539,74.4,71.0,3,0
10540,100.0,92.0,3,0
10541,52.7,21.6,1,1
10542,70.7,0.0,1,1
10543,100.0,52.6,3,3
10544,96.0,100.0,0,0
10545,73.4,70.6,3,3
10546,50.6,52.8,2,3
10547,45.7,25.9,1,1
10548,45.9,0.0,1,1
10549,60.6,40.1,1,3
10550,65.9,81.5,0,0
10551,28.8,6.8,1,1
10552,74.0,53.1,3,3
10553,71.6,93.0,0,0
10554,16.3,23.3,2,2
10555,59.0,100.0,0,0
10556,94.2,60.9,3,0
10557,67.8,73.8,0,3
10558,78.9,100.0,0,0
10559,48.2,33.7,1,1
10560,46.9,57.3,2,2
10561,50.9,28.5,1,1
10562,93.4,83.8,3,0
10563,68.7,62.5,3,3
10564,61.2,88.7,0,0
10565,96.8,86.7,3,0
10566,49.3,25.5,1,1
10567,31.6,11.6,1,1
10568,53.1,38.9,1,1
10569,100.0,72.8,3,0
10570,100.0,82.6,3,0
10571,41.5,25.3,1,1
10572,19.3,38.2,2,2
10573,56.8,33.1,1,1
10574,34.3,26.9,2,1
10575,11.1,0.0,2,1
10576,100.0,100.0,0,0
10577,88.6,40.0,3,3
10578,86.7,23.4,3,3
10579,50.5,54.1,2,3
10580,49.9,51.3,2,3
10581,76.4,100.0,0,0
10582,24.8,2.6,1,1
10583,90.8,65.6,3,0
10584,86.3,87.0,0,0
10585,62.1,85.4,0,0
10586,75.2,53.5,3,3
10587,64.1,74.3,0,3
10588,62.8,47.0,1,3
10589,44.3,60.5,2,2
10590,57.2,85.1,0,0
10591,44.0,29.1,1,1
10592,83.5,85.3,0,0
10593,31.1,25.6,2,1
10594,29.5,49.8,2,2
10595,87.0,71.3,3,0
10596,60.2,86.6,0,0
10597,73.7,72.9,3,0
10598,41.2,43.4,2,2
10599,71.3,71.7,0,3
10600,67.4,43.1,1,3
10601,83.0,100.0,0,0
10602,57.5,84.9,0,0
10603,60.0,42.3,1,3
10604,65.0,51.3,3,3
10605,52.6,47.4,1,3
10606,80.8,69.4,3,0
10607,83.8,67.4,3,0
10608,70.6,89.6,0,0
10609,94.0,100.0,0,0
10610,86.0,80.3,3,0
10611,92.8,91.1,3,0
10612,63.4,95.4,0,0
10613,49.2,31.6,1,1
10614,74.7,84.3,0,0
10615,18.5,54.6,2,2
10616,35.1,39.1,2,2
10617,71.0,36.9,1,3
10618,81.0,99.4,0,0
10619,51.1,63.5,2,3
10620,57.2,35.6,1,1
10621,60.2,44.0,1,3
10622,36.9,36.0,2,2
10623,16.4,38.5,2,2
10624,39.2,42.0,2,2
10625,85.1,94.7,0,0
10626,37.0,35.9,2,2
10627,31.9,60.9,2,2
10628,55.4,92.2,0,0
10629,42.0,27.0,1,1
10630,45.1,26.7,1,1
10631,79.2,85.0,0,0
10632,76.0,70.1,3,0
10633,11.4,23.6,2,2
10634,40.0,22.1,1,1
10635,40.9,30.8,1,1
10636,71.8,88.9,0,0
10637,56.3,42.2,1,3
10638,46.7,50.6,2,2
10639,80.2,43.0,3,3
10640,34.9,40.6,2,2
10641,60.1,61.3,3,3
10642,26.7,10.5,1,1
10643,100.0,66.3,3,0
10644,31.4,24.0,2,1
10645,35.6,23.8,1,1
10646,71.3,82.1,0,0
10647,85.6,93.9,0,0
10648,53.1,37.0,1,1
10649,50.8,33.6,1,1
10650,80.9,30.5,3,3
10651,67.4,80.6,0,0
10652,85.1,64.7,3,3
10653,32.7,21.1,1,1
10654,80.7,61.5,3,3
10655,22.8,28.1,2,2
10656,20.5,56.9,2,2
10657,49.0,14.9,1,1
10658,57.9,100.0,0,0
10659,41.7,49.9,2,2
10660,53.6,6.0,1,1
10661,39.5,4.1,1,1
10662,90.4,89.6,0,0
10663,40.9,54.2,2,2
10664,54.3,26.6,1,1
10665,49.7,60.2,2,3
10666,63.1,35.9,1,3
10667,99.5,90.9,3,0
10668,65.9,25.8,1,1
10669,82.5,91.3,0,0
10670,85.1,69.2,3,0
10671,24.0,62.0,2,2
10672,43.5,28.5,1,1
10673,96.9,85.7,3,0
10674,24.1,43.6,2,2
10675,73.8,94.1,0,0
10676,79.7,50.8,3,3
10677,85.6,70.6,3,0
10678,30.9,1.4,1,1
10679,46.3,98.8,0,0
10680,77.2,49.9,3,3
10681,33.9,33.8,2,2
10682,100.0,56.0,3,3
10683,40.0,8.4,1,1
10684,37.1,41.3,2,2
10685,29.6,26.0,2,1
10686,27.4,29.7,2,2
10687,41.0,31.1,1,1
10688,80.2,90.3,0,0
10689,32.4,48.1,2,2
10690,81.3,71.9,3,0
10691,29.0,45.1,2,2
10692,88.6,94.9,0,0
10693,59.6,20.1,1,1
10694,43.6,97.1,0,0
10695,76.1,58.2,3,3
10696,57.9,91.4,0,0
10697,100.0,93.1,3,0
10698,36.1,64.3,2,2
10699,71.6,85.5,0,0
10700,49.3,16.7,1,1
10701,51.4,34.1,1,1
10702,34.7,31.3,2,1
10703,39.6,11.3,1,1
10704,93.5,73.3,3,0
10705,59.6,66.7,0,3
10706,62.1,51.5,3,3
10707,74.3,75.6,0,0
10708,29.6,33.6,2,2
10709,100.0,85.4,3,0
10710,27.7,40.3,2,2
10711,89.3,77.6,3,0
10712,78.7,88.5,0,0
10713,88.3,93.2,0,0
10714,32.7,26.4,2,1
10715,90.2,49.7,3,3
10716,78.3,84.0,0,0
10717,86.3,65.5,3,0
10718,30.9,24.1,2,1
10719,39.6,5.5,1,1
10720,54.3,28.0,1,1
10721,27.0,54.2,2,2
10722,74.7,58.8,3,3
10723,83.5,91.4,0,0
10724,32.4,42.9,2,2
10725,35.2,26.4,1,1
10726,23.1,28.8,2,2
10727,74.0,55.3,3,3
10728,79.9,76.1,3,0
10729,71.7,92.8,0,0
10730,63.6,78.6,0,0
10731,30.8,37.0,2,2
10732,34.7,40.1,2,2
10733,71.5,69.1,3,3
10734,69.6,88.7,0,0
10735,49.1,74.1,0,3
10736,69.8,70.2,3,3
10737,38.3,21.9,1,1
10738,91.6,85.3,3,0
10739,37.0,60.0,2,2
10740,100.0,83.9,3,0
10741,86.3,100.0,0,0
10742,33.0,43.9,2,2
10743,72.0,86.9,0,0
10744,60.8,45.3,1,3
10745,62.0,74.3,0,3
10746,33.0,37.5,2,2
10747,44.5,54.2,2,2
10748,86.1,73.6,3,0
10749,68.8,87.3,0,0
10750,48.1,62.6,2,3
10751,24.5,52.1,2,2
10752,82.2,64.9,3,3
10753,72.4,32.0,1,3
10754,83.2,67.3,3,0
10755,56.0,27.9,1,1
10756,53.9,47.3,1,3
10757,58.3,93.0,0,0
10758,58.2,88.3,0,0
10759,35.2,35.0,2,2
10760,67.7,100.0,0,0
10761,63.3,75.6,0,3
10762,53.0,25.2,1,1
10763,42.2,56.7,2,2
10764,77.8,76.6,3,0
10765,48.9,19.1,1,1
10766,42.4,90.8,0,0
10767,65.0,70.7,0,3
10768,38.7,0.0,1,1
10769,26.5,26.2,2,1
10770,7.2,28.2,2,2
10771,72.0,86.2,0,0
10772,76.1,100.0,0,0
10773,84.7,66.4,3,0
10774,49.0,96.9,0,0
10775,19.4,22.2,2,1
10776,50.7,46.7,1,2
10777,22.6,40.5,2,2
10778,39.5,43.6,2,2
10779,69.0,92.8,0,0
10780,80.6,69.1,3,0
10781,45.5,19.2,1,1
10782,12.7,35.5,2,2
10783,50.5,5.1,1,1
10784,91.9,100.0,0,0
10785,15.7,22.3,2,2
10786,70.1,15.2,1,1
10787,55.5,51.2,1,3
10788,63.2,70.4,0,3
10789,27.8,34.0,2,2
10790,47.3,57.7,2,2
10791,67.0,57.2,3,3
10792,40.3,37.6,2,2
10793,80.7,77.0,3,0
10794,58.4,29.8,1,1
10795,67.9,61.1,3,3
10796,60.1,29.2,1,1
10797,64.8,86.1,0,0
10798,92.7,95.6,0,0
10799,65.7,89.2,0,0
10800,38.3,50.7,2,2
10801,40.1,62.1,2,2
10802,85.5,76.1,3,0
10803,49.6,62.2,2,3
10804,68.1,57.6,3,3
10805,43.7,21.5,1,1
10806,37.5,41.3,2,2
10807,24.3,28.8,2,2
10808,57.6,5.9,1,1
10809,29.2,50.5,2,2
10810,36.4,21.0,1,1
10811,82.4,81.9,0,0
10812,56.6,35.6,1,1
10813,29.3,15.1,1,1
10814,83.7,55.7,3,3
10815,98.2,91.7,3,0
10816,77.6,79.2,0,0
10817,60.1,39.2,1,3
10818,71.7,89.3,0,0
10819,49.9,26.8,1,1
10820,44.5,51.5,2,2
10821,58.5,45.3,1,3
10822,57.1,15.9,1,1
10823,96.9,99.6,0,0
10824,18.6,39.0,2,2
10825,45.7,46.2,2,2
10826,49.7,76.6,0,3
10827,74.3,97.1,0,0
10828,73.5,82.7,0,0
10829,86.2,84.7,3,0
10830,73.3,82.6,0,0
10831,100.0,100.0,0,0
10832,76.7,87.1,0,0
10833,86.8,95.0,0,0
10834,68.5,84.7,0,0
10835,89.3,80.2,3,0
10836,44.6,63.5,2,2
10837,92.2,77.4,3,0
10838,59.1,22.0,1,1
10839,20.0,9.1,2,1
10840,34.0,37.1,2,2
10841,68.3,54.9,3,3
10842,70.3,100.0,0,0
10843,24.1,37.4,2,2
10844,36.2,1.5,1,1
10845,44.5,16.2,1,1
10846,89.4,56.5,3,3
10847,44.4,45.2,2,2
10848,56.2,92.6,0,0
10849,77.2,62.0,3,3
10850,46.0,38.0,1,1
10851,66.2,100.0,0,0
10852,53.9,30.2,1,1
10853,79.4,53.6,3,3
10854,32.8,39.7,2,2
10855,47.0,71.2,0,3
10856,35.3,37.8,2,2
10857,80.9,77.3,3,0
10858,89.7,53.9,3,3
10859,53.5,50.1,1,3
10860,59.4,82.3,0,0
10861,82.7,92.4,0,0
10862,36.1,74.8,2,2
10863,55.8,65.0,0,3
10864,39.1,4.6,1,1
10865,91.5,88.0,3,0
10866,32.3,23.2,1,1
10867,81.8,82.7,0,0
10868,33.4,34.9,2,2
10869,18.1,38.5,2,2
10870,74.9,91.5,0,0
10871,94.0,81.6,3,0
10872,45.7,0.0,1,1
10873,82.7,81.0,3,0
10874,27.6,79.3,2,2
10875,24.8,70.1,2,2
10876,51.9,48.4,1,3
10877,0.0,16.0,2,2
10878,23.1,50.7,2,2
10879,39.0,39.3,2,2
10880,22.6,60.5,2,2
10881,34.8,29.7,2,1
10882,60.7,58.6,3,3
10883,66.6,94.3,0,0
10884,68.5,55.2,3,3
10885,100.0,92.1,3,0
10886,11.4,39.1,2,2
10887,36.5,22.4,1,1
10888,38.2,22.7,1,1
10889,51.1,87.7,0,0
10890,86.4,83.7,3,0
10891,70.0,100.0,0,0
10892,55.1,32.6,1,1
10893,36.1,38.9,2,2
10894,11.5,62.1,2,2
10895,83.2,67.1,3,0
10896,36.6,35.0,2,2
10897,53.1,47.8,1,3
10898,57.0,24.8,1,1
10899,43.1,35.4,1,1
10900,81.0,58.7,3,3
10901,39.5,8.5,1,1
10902,26.9,29.3,2,2
10903,29.7,48.5,2,2
10904,81.0,76.9,3,0
10905,42.8,36.9,1,1
10906,21.6,45.8,2,2
10907,100.0,50.8,3,3
10908,20.6,52.3,2,2
10909,100.0,92.0,3,0
10910,40.2,24.7,1,1
10911,38.4,21.0,1,1
10912,58.4,35.8,1,3
10913,93.1,77.3,3,0
10914,72.6,76.0,0,0
10915,73.2,71.6,3,0
10916,71.7,34.5,1,3
10917,77.6,60.7,3,3
10918,96.9,91.0,3,0
10919,96.5,59.0,3,0
10920,95.0,100.0,0,0
10921,49.4,63.3,2,3
10922,25.4,31.8,2,2
10923,28.0,48.1,2,2
10924,38.9,19.0,1,1
10925,38.4,49.8,2,2
10926,33.5,41.6,2,2
10927,37.3,43.9,2,2
10928,29.2,32.5,2,2
10929,70.8,100.0,0,0
10930,18.4,32.7,2,2
10931,38.6,42.0,2,2
10932,83.3,65.0,3,3
10933,54.4,31.3,1,1
10934,38.4,52.0,2,2
10935,37.2,51.0,2,2
10936,74.0,81.5,0,0
10937,100.0,46.2,3,3
10938,61.1,77.1,0,3
10939,40.1,11.2,1,1
10940,59.9,71.0,0,3
10941,19.8,33.9,2,2
10942,52.5,16.9,1,1
10943,27.3,70.6,2,2
10944,29.5,36.9,2,2
10945,51.1,26.2,1,1
10946,76.4,100.0,0,0
10947,68.5,74.8,0,0
10948,39.6,43.9,2,2
10949,100.0,85.9,3,0
10950,36.5,28.8,1,1
10951,32.3,48.4,2,2
10952,59.7,28.2,1,1
10953,79.6,48.0,3,3
10954,86.5,79.4,3,0
10955,75.3,52.8,3,3
10956,62.6,40.2,1,3
10957,100.0,100.0,0,0
10958,76.8,22.3,1,3
10959,41.7,21.4,1,1
10960,91.6,65.9,3,0
10961,37.0,22.7,1,1
10962,28.9,68.3,2,2
10963,46.6,39.9,1,2
10964,38.6,43.0,2,2
10965,74.7,62.8,3,3
10966,47.7,40.0,1,2
10967,93.6,100.0,0,0
10968,50.1,50.9,2,3
10969,31.1,11.9,1,1
10970,70.7,99.2,0,0
10971,21.7,40.3,2,2
10972,68.5,44.3,3,3
10973,72.9,95.1,0,0
10974,31.4,22.6,1,1
10975,37.0,35.1,2,2
10976,66.1,100.0,0,0
10977,100.0,71.6,3,0
10978,45.3,88.4,0,0
10979,85.9,86.1,0,0
10980,51.6,22.9,1,1
10981,39.2,49.2,2,2
10982,87.5,87.6,0,0
10983,53.2,81.8,0,3
10984,45.3,22.3,1,1
10985,50.1,22.3,1,1
10986,38.8,25.5,1,1
10987,76.6,55.7,3,3
10988,80.1,82.2,0,0
10989,30.5,24.9,2,1
10990,46.9,52.5,2,2
10991,77.7,79.7,0,0
10992,38.4,36.3,2,2
10993,48.9,24.2,1,1
10994,90.7,77.7,3,0
10995,72.6,89.2,0,0
10996,26.4,49.7,2,2
10997,0.0,46.4,2,2
10998,89.8,52.1,3,3
10999,36.4,34.6,2,2
11000,79.8,73.6,3,0
11001,32.4,27.1,2,1
11002,48.8,27.7,1,1
11003,75.7,86.7,0,0
11004,38.7,64.0,2,2
11005,43.1,58.3,2,2
11006,61.7,66.7,0,3
11007,59.3,68.4,0,3
11008,62.1,48.1,1,3
11009,84.9,90.4,0,0
11010,63.8,22.7,1,1
11011,44.7,38.6,1,2
11012,67.1,74.5,0,3
11013,74.2,44.1,3,3
11014,88.3,79.8,3,0
11015,49.1,57.1,2,3
11016,91.4,66.4,3,0
11017,73.5,93.2,0,0
11018,33.2,34.8,2,2
11019,23.5,27.8,2,2
11020,73.4,51.3,3,3
11021,78.1,100.0,0,0
11022,31.6,58.7,2,2
11023,65.3,88.6,0,0
11024,13.2,39.4,2,2
11025,23.6,17.3,2,1
11026,36.0,100.0,0,0
11027,81.4,56.7,3,3
11028,78.8,50.5,3,3
11029,56.1,73.8,0,3
11030,30.1,16.8,1,1
11031,64.1,84.5,0,0
11032,20.6,45.5,2,2
11033,65.1,79.9,0,0
11034,88.7,100.0,0,0
11035,61.0,24.6,1,1
11036,94.0,100.0,0,0
11037,31.0,45.1,2,2
11038,56.2,18.0,1,1
11039,29.0,48.0,2,2
11040,38.1,29.3,1,1
11041,67.2,89.5,0,0
11042,82.1,93.9,0,0
11043,70.1,80.1,0,0
11044,31.3,42.9,2,2
11045,35.1,37.6,2,2
11046,56.0,55.7,1,3
11047,84.1,98.7,0,0
11048,22.0,15.8,2,1
11049,32.0,1.3,1,1
11050,45.6,51.2,2,2
11051,56.2,100.0,0,0
11052,35.0,27.9,2,1
11053,43.2,41.5,2,2
11054,49.0,22.2,1,1
11055,79.3,79.3,0,0
11056,86.5,60.1,3,3
11057,59.9,7.2,1,1
11058,18.6,48.1,2,2
11059,43.8,93.6,0,0
11060,43.2,57.4,2,2
11061,48.8,61.0,2,3
11062,30.8,0.0,1,1
11063,86.1,56.3,3,3
11064,66.7,80.1,0,0
11065,34.7,25.5,1,1
11066,40.5,21.2,1,1
11067,38.3,32.9,2,1
11068,35.2,32.5,2,1
11069,73.0,97.1,0,0
11070,44.8,33.1,1,1
11071,39.6,28.3,1,1
11072,82.5,89.4,0,0
11073,87.1,55.4,3,3
11074,83.6,89.8,0,0
11075,50.7,14.6,1,1
11076,40.1,59.4,2,2
11077,26.4,41.5,2,2
11078,93.0,69.5,3,0
11079,65.9,65.1,3,3
11080,38.1,16.2,1,1
11081,79.3,95.1,0,0
11082,31.9,33.1,2,2
11083,67.3,89.1,0,0
11084,57.3,51.4,1,3
11085,97.2,66.7,3,0
11086,29.1,39.3,2,2
11087,64.7,42.9,1,3
11088,27.4,50.8,2,2
11089,47.4,15.2,1,1
11090,46.6,59.5,2,2
11091,63.6,91.4,0,0
11092,35.2,34.5,2,2
11093,57.3,0.0,1,1
11094,68.2,85.7,0,0
11095,44.9,67.7,2,2
11096,55.3,46.0,1,3
11097,47.0,18.0,1,1
11098,45.5,66.1,2,2
11099,54.7,37.9,1,1
11100,68.3,90.8,0,0
11101,55.1,27.0,1,1
11102,63.7,42.4,1,3
11103,98.3,72.6,3,0
11104,94.3,71.2,3,0
11105,46.4,19.6,1,1
11106,63.7,91.8,0,0
11107,79.2,61.5,3,3
11108,68.7,69.0,3,3
11109,53.8,88.0,0,0
11110,55.8,31.7,1,1
11111,47.2,38.2,1,1
11112,62.2,50.0,1,3
11113,34.1,34.8,2,2
11114,63.2,100.0,0,0
11115,47.7,51.8,2,2
11116,70.1,70.7,0,3
11117,55.3,27.2,1,1
11118,55.7,63.3,0,3
11119,44.0,17.4,1,1
11120,40.6,42.4,2,2
11121,35.2,28.5,2,1
11122,47.5,4.5,1,1
11123,23.4,42.2,2,2
11124,89.8,100.0,0,0
11125,33.7,35.0,2,2
11126,66.6,51.7,3,3
11127,26.7,0.0,1,1
11128,47.1,62.1,2,2
11129,100.0,100.0,0,0
11130,82.6,71.7,3,0
11131,64.9,61.0,3,3
11132,82.0,69.6,3,0
11133,70.9,54.3,3,3
11134,27.5,30.0,2,2
11135,98.0,58.9,3,0
11136,88.7,65.7,3,0
11137,88.3,83.3,3,0
11138,14.1,46.6,2,2
11139,100.0,63.4,3,0
11140,25.6,41.7,2,2
11141,67.7,82.1,0,0
11142,77.7,56.1,3,3
11143,76.4,35.5,3,3
11144,68.6,100.0,0,0
11145,77.6,41.7,3,3
11146,48.7,64.5,2,3
11147,99.9,58.3,3,0
11148,93.4,67.5,3,0
11149,77.0,62.2,3,3
11150,92.6,84.0,3,0
11151,28.7,24.3,2,1
11152,28.7,30.0,2,2
11153,36.4,92.3,0,2
11154,60.0,42.7,1,3
11155,95.1,67.5,3,0
11156,8.8,56.7,2,2
11157,36.7,25.2,1,1
11158,60.4,39.2,1,3
11159,100.0,69.2,3,0
11160,48.7,0.0,1,1
11161,22.4,14.8,2,1
11162,100.0,89.2,3,0
11163,34.2,36.2,2,2
11164,39.5,27.6,1,1
11165,54.7,90.3,0,0
11166,85.4,77.2,3,0
11167,73.8,45.7,3,3
11168,66.8,68.1,0,3
11169,89.8,61.3,3,3
11170,40.7,44.4,2,2
11171,88.7,95.4,0,0
11172,30.6,33.8,2,2
11173,33.9,29.0,2,1
11174,90.1,65.2,3,0
11175,53.8,49.2,1,3
11176,93.3,67.2,3,0
11177,91.0,62.3,3,0
11178,60.2,51.8,1,3
11179,54.1,25.3,1,1
11180,93.8,81.0,3,0
11181,80.7,65.4,3,3
11182,28.2,32.1,2,2
11183,23.2,40.3,2,2
11184,81.5,75.3,3,0
11185,71.7,77.9,0,0
11186,80.7,64.7,3,3
11187,41.6,45.0,2,2
11188,83.2,39.8,3,3
11189,61.6,27.7,1,1
11190,59.8,100.0,0,0
11191,100.0,44.9,3,3
11192,79.5,99.7,0,0
11193,19.9,18.7,2,1
11194,60.6,56.8,3,3
11195,24.1,38.0,2,2
11196,62.1,89.0,0,0
11197,31.1,34.2,2,2
11198,49.2,35.8,1,1
11199,78.9,97.4,0,0
11200,41.6,35.5,1,1
11201,13.9,19.2,2,1
11202,61.4,84.3,0,0
11203,30.1,19.1,1,1
11204,65.1,68.7,0,3
11205,80.4,53.7,3,3
11206,37.4,26.0,1,1
11207,11.3,41.5,2,2
11208,39.8,61.1,2,2
11209,88.9,72.1,3,0
11210,88.2,72.3,3,0
11211,69.9,68.7,3,3
11212,33.0,28.4,2,1
11213,62.7,57.9,3,3
11214,31.4,32.4,2,2
11215,83.1,88.2,0,0
11216,88.1,100.0,0,0
11217,39.7,23.6,1,1
11218,44.3,0.0,1,1
11219,64.4,71.7,0,3
11220,73.7,96.2,0,0
11221,15.0,37.0,2,2
11222,37.4,41.4,2,2
11223,40.5,51.4,2,2
11224,25.1,59.2,2,2
11225,13.8,0.0,2,1
11226,67.7,51.1,3,3
11227,28.5,33.9,2,2
11228,77.3,52.8,3,3
11229,54.0,87.2,0,0
11230,25.4,0.0,1,1
11231,48.0,26.6,1,1
11232,41.1,23.6,1,1
11233,85.3,100.0,0,0
11234,83.2,77.6,3,0
11235,67.9,46.5,3,3
11236,47.6,3.4,1,1
11237,74.1,76.5,0,0
11238,34.0,16.0,1,1
11239,52.1,53.1,2,3
11240,69.2,71.2,0,3
11241,73.9,66.5,3,3
11242,34.1,56.7,2,2
11243,59.9,91.3,0,0
11244,80.8,83.3,0,0
11245,63.9,28.4,1,1
11246,35.6,53.1,2,2
11247,43.6,35.3,1,1
11248,27.7,55.5,2,2
11249,30.7,32.9,2,2
11250,72.3,88.3,0,0
11251,89.0,31.3,3,3
11252,48.8,35.1,1,1
11253,57.3,27.0,1,1
11254,57.0,72.3,0,3
11255,51.2,39.8,1,1
11256,38.6,50.9,2,2
11257,28.6,51.8,2,2
11258,74.9,67.9,3,3
11259,85.4,84.2,3,0
11260,28.4,40.1,2,2
11261,86.6,61.1,3,3
11262,38.1,23.7,1,1
11263,21.3,45.7,2,2
11264,48.5,20.8,1,1
11265,10.2,29.9,2,2
11266,86.8,77.6,3,0
11267,33.0,23.7,1,1
11268,63.0,100.0,0,0
11269,54.7,68.6,0,3
11270,16.2,59.2,2,2
11271,55.5,35.3,1,1
11272,24.9,10.4,1,1
11273,59.4,17.2,1,1
11274,62.0,89.8,0,0
11275,61.8,71.7,0,3
11276,31.2,37.9,2,2
11277,84.4,91.1,0,0
11278,100.0,67.8,3,0
11279,68.7,66.9,3,3
11280,88.5,70.5,3,0
11281,36.9,0.0,1,1
11282,89.3,100.0,0,0
11283,42.4,60.6,2,2
11284,63.8,43.4,1,3
11285,100.0,47.5,3,3
11286,28.8,47.0,2,2
11287,78.0,65.9,3,3
11288,87.7,72.5,3,0
11289,92.7,78.6,3,0
11290,67.1,74.7,0,3
11291,34.6,29.8,2,1
11292,42.8,25.4,1,1
11293,30.3,44.2,2,2
11294,100.0,69.8,3,0
11295,61.2,53.0,3,3
11296,93.8,85.3,3,0
11297,72.5,94.9,0,0
11298,75.1,70.6,3,0
11299,17.3,34.6,2,2
11300,39.9,38.3,2,2
11301,26.3,30.5,2,2
11302,63.6,57.0,3,3
11303,93.6,78.2,3,0
11304,63.7,75.0,0,3
11305,61.4,81.4,0,0
11306,68.4,96.0,0,0
11307,57.3,95.6,0,0
11308,21.4,49.9,2,2
11309,62.5,15.6,1,1
11310,61.9,63.8,0,3
11311,91.1,64.4,3,0
11312,59.3,47.1,1,3
11313,58.1,46.0,1,3
11314,82.3,78.2,3,0
11315,43.1,33.0,1,1
11316,51.5,69.4,0,3
11317,62.8,47.8,1,3
11318,46.2,20.3,1,1
11319,60.1,43.9,1,3
11320,27.2,29.1,2,2
11321,61.9,53.4,3,3
11322,89.1,77.6,3,0
11323,20.1,33.2,2,2
11324,100.0,76.6,3,0
11325,34.0,26.5,2,1
11326,90.6,67.9,3,0
11327,59.4,100.0,0,0
11328,35.4,23.3,1,1
11329,98.5,49.4,3,3
11330,42.8,28.2,1,1
11331,24.7,28.7,2,2
11332,31.7,21.6,1,1
11333,77.7,63.0,3,3
11334,82.8,85.3,0,0
11335,59.2,21.8,1,1
11336,64.3,14.5,1,1
11337,32.3,62.8,2,2
11338,72.8,90.7,0,0
11339,42.2,87.6,0,3
11340,99.9,63.9,3,0
11341,58.8,0.0,1,1
11342,60.4,73.3,0,3
11343,49.1,54.7,2,3
11344,95.4,79.7,3,0
11345,43.3,48.8,2,2
11346,12.5,36.0,2,2
11347,61.7,96.9,0,0
11348,76.9,94.4,0,0
11349,98.6,66.5,3,0
11350,38.5,33.5,2,1
11351,51.8,39.5,1,1
11352,55.1,61.4,0,3
11353,37.4,6.9,1,1
11354,100.0,75.4,3,0
11355,100.0,81.1,3,0
11356,39.8,40.6,2,2
11357,81.8,87.9,0,0
11358,86.3,79.4,3,0
11359,64.1,82.4,0,0
11360,48.2,97.1,0,0
11361,63.8,17.5,1,1
11362,76.0,81.5,0,0
11363,98.2,100.0,0,0
11364,11.7,9.9,2,1
11365,39.8,7.1,1,1
11366,44.6,52.0,2,2
11367,84.5,72.4,3,0
11368,93.2,74.3,3,0
11369,68.5,80.9,0,0
11370,66.7,71.5,0,3
11371,61.2,22.7,1,1
11372,34.3,36.4,2,2
11373,23.9,45.6,2,2
11374,44.7,14.5,1,1
11375,99.4,92.0,3,0
11376,54.0,55.8,2,3
11377,81.5,100.0,0,0
11378,76.1,77.8,0,0
11379,100.0,98.6,0,0
11380,83.7,64.6,3,3
11381,57.5,60.5,0,3
11382,50.4,59.9,2,3
11383,58.8,29.0,1,1
11384,60.9,86.0,0,0
11385,47.6,53.4,2,2
11386,40.8,20.6,1,1
11387,31.9,49.7,2,2
11388,82.0,100.0,0,0
11389,91.6,100.0,0,0
11390,75.3,76.0,0,0
11391,58.0,92.1,0,0
11392,73.4,91.6,0,0
11393,62.3,75.9,0,3
11394,48.3,36.6,1,1
11395,27.1,17.5,2,1
11396,81.8,99.1,0,0
11397,35.1,22.9,1,1
11398,45.4,40.0,1,2
11399,31.5,36.7,2,2
11400,39.9,26.1,1,1
11401,66.9,43.4,1,3
11402,88.3,59.6,3,3
11403,43.1,12.1,1,1
11404,36.1,42.1,2,2
11405,71.0,93.6,0,0
11406,66.3,71.1,0,3
11407,69.8,71.7,0,3
11408,39.9,15.2,1,1
11409,53.2,65.1,0,3
11410,35.6,44.0,2,2
11411,29.6,48.5,2,2
11412,89.1,76.5,3,0
11413,90.7,85.4,3,0
11414,18.0,47.5,2,2
11415,76.4,76.8,0,0
11416,43.2,27.3,1,1
11417,47.0,44.1,1,2
11418,35.2,26.4,1,1
11419,71.5,97.2,0,0
11420,46.1,31.0,1,1
11421,63.3,45.1,1,3
11422,45.6,52.6,2,2
11423,85.2,88.3,0,0
11424,87.8,73.6,3,0
11425,72.4,84.3,0,0
11426,35.5,1.3,1,1
11427,55.7,38.5,1,3
11428,33.8,37.6,2,2
11429,30.5,22.2,2,1
11430,52.0,42.9,1,3
11431,44.7,48.2,2,2
11432,27.8,18.6,2,1
11433,86.9,66.0,3,0
11434,50.7,47.9,1,3
11435,37.7,35.7,2,2
11436,15.5,46.1,2,2
11437,83.4,92.1,0,0
11438,80.6,63.9,3,3
11439,30.4,7.3,1,1
11440,84.6,67.2,3,0
11441,28.8,24.3,2,1
11442,78.4,90.7,0,0
11443,81.4,61.8,3,3
11444,68.3,14.4,1,1
11445,43.8,9.1,1,1
11446,78.6,85.3,0,0
11447,46.6,57.8,2,2
11448,89.2,76.0,3,0
11449,50.3,20.8,1,1
11450,93.1,63.5,3,0
11451,78.2,91.7,0,0
11452,90.6,61.4,3,3
11453,69.0,83.4,0,0
11454,51.5,44.8,1,3
11455,80.1,52.4,3,3
11456,61.6,79.3,0,0
11457,74.2,68.5,3,3
11458,74.5,71.5,3,0
11459,65.0,77.9,0,0
11460,34.7,28.1,2,1
11461,49.3,24.3,1,1
11462,92.9,76.3,3,0
11463,77.6,100.0,0,0
11464,42.6,33.2,1,1
11465,65.9,71.4,0,3
11466,58.7,71.4,0,3
11467,88.3,65.8,3,0
11468,48.1,5.4,1,1
11469,36.4,29.1,1,1
11470,30.9,19.5,1,1
11471,51.6,77.9,0,3
11472,23.0,52.9,2,2
11473,42.3,27.2,1,1
11474,44.9,62.2,2,2
11475,81.7,61.8,3,3
11476,42.6,52.6,2,2
11477,87.0,66.8,3,0
11478,53.7,39.6,1,1
11479,30.6,15.0,1,1
11480,30.8,33.3,2,2
11481,15.3,51.5,2,2
11482,64.0,28.2,1,1
11483,49.8,28.6,1,1
11484,26.6,38.1,2,2
11485,56.7,72.8,0,3
11486,86.5,97.7,0,0
11487,26.6,36.1,2,2
11488,42.5,52.5,2,2
11489,26.2,59.7,2,2
11490,86.8,100.0,0,0
11491,31.0,63.6,2,2
11492,32.7,37.9,2,2
11493,70.3,88.6,0,0
11494,73.3,100.0,0,0
11495,29.4,58.3,2,2
11496,86.2,99.8,0,0
11497,37.6,2.9,1,1
11498,59.1,37.4,1,3
11499,44.3,19.4,1,1
11500,87.9,52.0,3,3
11501,41.4,40.2,2,2
11502,69.9,71.2,0,3
11503,67.1,64.4,3,3
11504,71.9,85.3,0,0
11505,68.9,3.4,1,1
11506,51.4,12.1,1,1
11507,44.5,62.1,2,2
11508,92.1,90.4,3,0
11509,63.5,92.9,0,0
11510,73.5,91.6,0,0
11511,34.9,60.5,2,2
11512,32.1,58.7,2,2
11513,46.4,59.2,2,2
11514,54.2,84.0,0,0
11515,76.8,61.8,3,3
11516,89.1,100.0,0,0
11517,99.4,61.8,3,0
11518,73.4,56.6,3,3
11519,36.7,27.7,1,1
11520,78.8,100.0,0,0
11521,36.9,16.3,1,1
11522,78.4,75.2,3,0
11523,76.0,100.0,0,0
11524,25.8,31.4,2,2
11525,71.8,76.8,0,0
11526,71.9,62.6,3,3
11527,59.0,20.9,1,1
11528,86.1,81.6,3,0
11529,51.0,82.1,0,3
11530,24.3,60.7,2,2
11531,57.4,48.7,1,3
11532,38.9,72.0,2,2
11533,45.6,42.4,1,2
11534,79.5,79.6,0,0
11535,80.2,41.1,3,3
11536,96.7,94.5,3,0
11537,24.3,32.0,2,2
11538,59.4,86.2,0,0
11539,41.4,30.8,1,1
11540,94.4,83.0,3,0
11541,46.9,33.5,1,1
11542,43.5,0.0,1,1
11543,47.2,100.0,0,0
11544,88.1,63.2,3,3
11545,29.4,51.3,2,2
11546,35.6,22.5,1,1
11547,75.9,81.5,0,0
11548,69.0,86.2,0,0
11549,54.2,84.9,0,0
11550,97.3,99.6,0,0
11551,55.3,0.0,1,1
11552,72.3,86.2,0,0
11553,45.6,45.1,2,2
11554,58.4,82.1,0,0
11555,4.0,13.7,2,1
11556,42.7,40.0,2,2
11557,85.7,93.8,0,0
11558,24.0,9.8,1,1
11559,85.7,52.8,3,3
11560,56.1,73.2,0,3
11561,82.2,97.3,0,0
11562,58.6,91.2,0,0
11563,24.1,6.7,1,1
11564,32.1,37.1,2,2
11565,21.6,43.3,2,2
11566,40.9,20.1,1,1
11567,100.0,45.2,3,3
11568,99.1,77.0,3,0
11569,62.5,75.4,0,3
11570,39.8,65.4,2,2
11571,39.3,53.1,2,2
11572,100.0,100.0,0,0
11573,38.1,36.4,2,2
11574,84.8,65.7,3,0
11575,48.9,46.5,1,2
11576,100.0,71.8,3,0
11577,30.2,41.9,2,2
11578,62.3,68.9,0,3
11579,81.1,94.1,0,0
11580,48.6,100.0,0,0
11581,80.5,64.2,3,3
11582,7.8,50.2,2,2
11583,21.2,36.5,2,2
11584,67.8,72.4,0,3
11585,33.6,40.5,2,2
11586,34.7,22.1,1,1
11587,36.4,32.2,2,1
11588,79.4,100.0,0,0
11589,56.2,59.0,0,3
11590,100.0,73.8,3,0
11591,27.3,16.1,1,1
11592,25.7,78.6,2,2
11593,55.9,8.1,1,1
11594,61.8,56.0,3,3
11595,49.4,34.4,1,1
11596,43.6,14.5,1,1
11597,30.4,42.9,2,2
11598,100.0,100.0,0,0
11599,44.4,26.9,1,1
11600,27.1,11.9,1,1
11601,89.9,98.4,0,0
11602,40.4,31.9,1,1
11603,47.4,1.7,1,1
11604,74.5,87.9,0,0
11605,48.5,17.2,1,1
11606,92.9,76.8,3,0
11607,63.6,44.6,1,3
11608,38.5,45.6,2,2
11609,70.5,65.1,3,3
11610,98.1,92.4,3,0
11611,73.1,86.2,0,0
11612,0.0,51.7,2,2
11613,39.2,43.2,2,2
11614,18.9,49.8,2,2
11615,85.2,90.5,0,0
11616,95.4,80.5,3,0
11617,37.4,0.0,1,1
11618,90.6,83.8,3,0
11619,64.1,46.1,1,3
11620,46.6,23.4,1,1
11621,46.3,32.2,1,1
11622,79.6,61.5,3,3
11623,51.5,97.3,0,0
11624,47.9,12.6,1,1
11625,52.0,29.9,1,1
11626,21.7,57.5,2,2
11627,73.0,79.8,0,0
11628,24.7,33.5,2,2
11629,46.8,91.1,0,0
11630,90.0,52.8,3,3
11631,52.2,18.6,1,1
11632,76.9,87.0,0,0
11633,54.1,78.4,0,3
11634,60.5,70.3,0,3
11635,32.3,34.3,2,2
11636,25.8,39.9,2,2
11637,94.7,80.9,3,0
11638,28.4,7.4,1,1
11639,43.4,25.3,1,1
11640,51.0,47.3,1,3
11641,72.0,75.8,0,0
11642,83.0,94.9,0,0
11643,37.8,63.0,2,2
11644,88.8,96.7,0,0
11645,39.7,12.1,1,1
11646,67.6,69.8,0,3
11647,82.2,100.0,0,0
11648,30.9,48.8,2,2
11649,87.8,59.6,3,3
11650,88.0,96.7,0,0
11651,73.0,67.0,3,3
11652,51.6,33.6,1,1
11653,52.6,54.8,2,3
11654,90.1,73.5,3,0
11655,28.1,42.1,2,2
11656,35.1,36.8,2,2
11657,32.6,22.6,1,1
11658,45.5,33.2,1,1
11659,64.8,47.7,1,3
11660,85.0,92.9,0,0
11661,92.0,47.6,3,3
11662,86.6,73.4,3,0
11663,53.0,0.0,1,1
11664,43.6,19.4,1,1
11665,36.7,31.0,2,1
11666,44.6,42.5,2,2
11667,56.7,95.2,0,0
11668,92.4,67.2,3,0
11669,32.7,45.5,2,2
11670,31.0,27.8,2,1
11671,80.5,100.0,0,0
11672,100.0,79.6,3,0
11673,76.8,90.6,0,0
11674,43.1,50.4,2,2
11675,83.4,72.7,3,0
11676,85.8,100.0,0,0
11677,34.5,38.7,2,2
11678,73.6,82.3,0,0
11679,9.0,25.0,2,2
11680,77.5,75.6,3,0
11681,27.1,54.9,2,2
11682,73.5,81.5,0,0
11683,47.4,31.0,1,1
11684,84.5,87.9,0,0
11685,80.4,68.0,3,0
11686,30.3,47.8,2,2
11687,48.1,28.2,1,1
11688,67.3,12.8,1,1
11689,61.3,70.4,0,3
11690,59.4,84.5,0,0
11691,79.7,81.4,0,0
11692,61.3,81.5,0,0
11693,87.1,74.5,3,0
11694,71.7,75.6,0,0
11695,39.0,2.2,1,1
11696,87.4,78.5,3,0
11697,34.6,30.5,2,1
11698,39.1,33.8,2,1
11699,19.2,30.3,2,2
11700,71.1,65.1,3,3
11701,29.3,24.7,2,1
11702,77.1,67.6,3,3
11703,72.2,87.0,0,0
11704,30.2,11.0,1,1
11705,36.7,59.1,2,2
11706,39.1,39.3,2,2
11707,68.4,82.4,0,0
11708,67.5,27.2,1,3
11709,43.7,67.5,2,2
11710,60.6,46.2,1,3
11711,55.3,45.0,1,3
11712,47.3,59.7,2,2
11713,30.4,25.8,2,1
11714,73.1,73.7,0,0
11715,77.7,60.9,3,3
11716,72.9,82.9,0,0
11717,25.2,14.6,2,1
11718,26.7,25.1,2,1
11719,55.0,47.3,1,3
11720,100.0,90.4,3,0
11721,100.0,86.7,3,0
11722,48.6,27.0,1,1
11723,12.7,37.5,2,2
11724,32.8,7.5,1,1
11725,72.6,64.6,3,3
11726,76.7,43.5,3,3
11727,74.9,64.7,3,3
11728,40.3,69.2,2,2
11729,60.7,100.0,0,0
11730,37.8,32.2,2,1
11731,39.5,30.4,1,1
11732,17.6,0.0,1,1
11733,27.0,40.4,2,2
11734,15.3,57.0,2,2
11735,62.5,83.9,0,0
11736,22.6,15.6,2,1
11737,54.7,0.0,1,1
11738,42.0,54.1,2,2
11739,65.4,64.8,3,3
11740,23.8,77.4,2,2
11741,89.7,87.7,3,0
11742,33.5,47.9,2,2
11743,24.6,46.4,2,2
11744,100.0,77.9,3,0
11745,100.0,60.0,3,0
11746,27.1,29.6,2,2
11747,31.6,60.1,2,2
11748,93.6,61.1,3,0
11749,35.7,41.7,2,2
11750,40.0,2.8,1,1
11751,56.3,91.6,0,0
11752,90.7,67.0,3,0
11753,77.1,53.1,3,3
11754,14.8,41.6,2,2
11755,69.8,100.0,0,0
11756,38.5,23.9,1,1
11757,100.0,47.6,3,3
11758,44.0,17.4,1,1
11759,41.5,26.4,1,1
11760,45.8,21.1,1,1
11761,20.2,31.2,2,2
11762,37.7,24.1,1,1
11763,80.2,100.0,0,0
11764,35.0,60.5,2,2
11765,61.0,70.7,0,3
11766,58.6,50.3,1,3
11767,59.9,77.5,0,3
11768,78.7,77.1,3,0
11769,62.3,32.6,1,3
11770,75.8,60.7,3,3
11771,70.1,18.0,1,1
11772,28.2,28.5,2,1
11773,40.3,30.4,1,1
11774,79.3,93.3,0,0
11775,95.1,65.4,3,0
11776,79.4,64.0,3,3
11777,69.4,100.0,0,0
11778,19.5,23.9,2,2
11779,18.2,12.0,2,1
11780,60.9,72.8,0,3
11781,100.0,76.0,3,0
11782,75.3,69.8,3,3
11783,70.6,89.0,0,0
11784,99.0,62.7,3,0
11785,97.1,76.6,3,0
11786,90.2,75.9,3,0
11787,52.9,69.2,0,3
11788,61.8,24.8,1,1
11789,52.7,9.2,1,1
11790,49.0,42.7,1,2
11791,84.8,100.0,0,0
11792,67.6,74.6,0,3
11793,38.4,2.8,1,1
11794,62.0,61.1,3,3
11795,31.3,20.6,1,1
11796,44.1,12.4,1,1
11797,80.3,73.4,3,0
11798,25.4,9.8,1,1
11799,71.2,18.2,1,1
11800,50.6,55.2,2,3
11801,75.9,100.0,0,0
11802,14.5,29.0,2,2
11803,76.9,68.6,3,3
11804,37.3,87.8,0,2
11805,28.0,49.1,2,2
11806,36.0,30.5,2,1
11807,51.3,37.9,1,1
11808,48.9,25.7,1,1
11809,50.2,53.8,2,3
11810,77.2,62.6,3,3
11811,25.9,34.9,2,2
11812,52.5,16.6,1,1
11813,84.4,76.9,3,0
11814,79.4,89.6,0,0
11815,30.2,15.1,1,1
11816,66.3,47.6,3,3
11817,100.0,100.0,0,0
11818,34.3,49.0,2,2
11819,71.3,76.7,0,0
11820,47.4,55.4,2,2
11821,45.4,9.7,1,1
11822,47.4,48.0,2,2
11823,78.2,78.1,0,0
11824,81.2,93.4,0,0
11825,42.2,36.2,1,1
11826,69.1,52.3,3,3
11827,89.1,95.6,0,0
11828,24.7,21.5,2,1
11829,88.2,68.1,3,0
11830,71.5,62.1,3,3
11831,42.9,21.7,1,1
11832,78.8,99.8,0,0
11833,64.9,27.4,1,1
11834,58.0,65.0,0,3
11835,50.1,45.3,1,2
11836,31.8,18.1,1,1
11837,44.9,31.1,1,1
11838,87.9,68.3,3,0
11839,56.7,97.0,0,0
11840,66.5,82.7,0,0
11841,76.9,84.2,0,0
11842,62.8,37.9,1,3
11843,100.0,44.4,3,3
11844,87.6,58.1,3,3
11845,78.1,97.0,0,0
11846,93.2,62.0,3,0
11847,32.5,44.1,2,2
11848,48.1,42.7,1,2
11849,97.4,67.3,3,0
11850,68.9,88.4,0,0
11851,68.2,95.7,0,0
11852,75.3,68.2,3,3
11853,99.9,84.1,3,0
11854,27.8,40.3,2,2
11855,88.7,74.0,3,0
11856,42.1,19.1,1,1
11857,32.7,27.4,2,1
11858,30.1,31.1,2,2
11859,31.8,39.0,2,2
11860,70.8,77.2,0,0
11861,72.4,18.5,1,1
11862,4.2,54.0,2,2
11863,88.3,100.0,0,0
11864,69.9,88.7,0,0
11865,45.1,23.7,1,1
11866,21.5,27.6,2,2
11867,54.3,65.4,0,3
11868,66.5,78.2,0,0
11869,39.5,44.8,2,2
11870,66.5,51.8,3,3
11871,77.5,82.0,0,0
11872,66.9,90.8,0,0
11873,18.8,30.8,2,2
11874,20.0,19.8,2,1
11875,55.8,34.2,1,1
11876,91.6,78.0,3,0
11877,63.1,42.5,1,3
11878,74.0,55.1,3,3
11879,83.4,44.4,3,3
11880,60.7,100.0,0,0
11881,81.1,85.7,0,0
11882,54.3,44.7,1,3
11883,91.6,72.7,3,0
11884,73.5,79.0,0,0
11885,30.1,35.4,2,2
11886,67.1,71.5,0,3
11887,58.8,58.5,3,3
11888,51.2,20.8,1,1
11889,73.4,88.6,0,0
11890,72.0,100.0,0,0
11891,81.2,94.7,0,0
11892,74.3,79.2,0,0
11893,83.6,52.9,3,3
11894,38.5,52.8,2,2
11895,30.8,11.8,1,1
11896,74.0,59.8,3,3
11897,65.9,90.1,0,0
11898,79.4,84.0,0,0
11899,25.5,50.5,2,2
11900,55.4,75.1,0,3
11901,72.3,60.1,3,3
11902,99.0,80.6,3,0
11903,80.1,85.6,0,0
11904,19.5,39.0,2,2
11905,67.8,85.6,0,0
11906,74.3,81.3,0,0
11907,100.0,92.8,3,0
11908,41.0,34.2,1,1
11909,29.3,17.4,1,1
11910,88.8,50.6,3,3
11911,27.5,41.7,2,2
11912,76.3,87.8,0,0
11913,14.4,30.6,2,2
11914,57.5,94.7,0,0
11915,13.1,47.3,2,2
11916,67.8,43.8,1,3
11917,80.3,72.8,3,0
11918,83.7,100.0,0,0
11919,46.9,89.1,0,0
11920,78.7,57.3,3,3
11921,34.2,20.4,1,1
11922,84.5,90.1,0,0
11923,81.8,58.4,3,3
11924,8.7,30.9,2,2
11925,34.5,85.7,0,2
11926,62.0,68.5,0,3
11927,68.5,71.7,0,3
11928,49.7,56.9,2,3
11929,31.2,37.5,2,2
11930,31.8,0.0,1,1
11931,87.9,73.1,3,0
11932,32.8,13.7,1,1
11933,51.5,26.9,1,1
11934,43.0,17.1,1,1
11935,44.7,8.8,1,1
11936,57.7,88.0,0,0
11937,84.2,82.8,3,0
11938,78.2,88.1,0,0
11939,100.0,74.2,3,0
11940,47.9,1.6,1,1
11941,53.0,18.5,1,1
11942,77.1,55.4,3,3
11943,96.2,73.5,3,0
11944,55.9,26.5,1,1
11945,73.0,100.0,0,0
11946,39.8,13.2,1,1
11947,29.7,66.0,2,2
11948,77.9,84.1,0,0
11949,55.0,79.4,0,3
11950,49.5,82.9,0,3
11951,28.6,44.0,2,2
11952,41.2,44.0,2,2
11953,39.2,54.9,2,2
11954,36.3,31.6,2,1
11955,31.8,23.8,2,1
11956,66.1,100.0,0,0
11957,66.2,100.0,0,0
11958,29.3,12.5,1,1
11959,92.6,70.6,3,0
11960,34.8,51.2,2,2
11961,68.4,31.6,1,3
11962,46.3,27.5,1,1
11963,37.5,26.3,1,1
11964,100.0,53.8,3,3
11965,75.4,84.7,0,0
11966,100.0,66.5,3,0
11967,14.4,12.5,2,1
11968,16.7,58.3,2,2
11969,33.0,40.6,2,2
11970,73.9,58.4,3,3
11971,32.2,11.4,1,1
11972,24.6,9.9,1,1
11973,71.2,100.0,0,0
11974,20.6,36.0,2,2
11975,27.7,42.9,2,2
11976,23.8,39.7,2,2
11977,64.2,93.8,0,0
11978,18.9,50.0,2,2
11979,64.1,87.4,0,0
11980,27.0,82.2,2,2
11981,80.6,71.7,3,0
11982,65.5,81.9,0,0
11983,36.4,44.4,2,2
11984,88.6,100.0,0,0
11985,59.1,84.2,0,0
11986,88.5,41.2,3,3
11987,72.8,60.6,3,3
11988,31.3,20.1,1,1
11989,81.8,100.0,0,0
11990,73.4,78.9,0,0
11991,86.7,70.4,3,0
11992,58.6,28.4,1,1
11993,33.5,49.8,2,2
11994,41.2,0.0,1,1
11995,44.6,59.6,2,2
11996,23.3,14.8,2,1
11997,25.1,30.7,2,2
11998,34.8,42.7,2,2
11999,19.3,46.1,2,2
12000,40.4,37.3,2,2
