user_id,days_since_signup,page_views,purchase_count,email_opens,retained_90d,pc1_score
1,215,50.0,0,5,0,-823.54
2,154,394.0,5,2,1,-479.6
3,131,251.0,1,9,0,-622.62
4,338,299.0,1,9,1,-574.42
5,139,150.0,2,3,1,-723.61
6,100,764.0,3,5,1,-109.65
7,320,57.0,1,5,0,-816.44
8,22,481.0,3,2,0,-392.72
9,162,248.0,2,3,1,-625.59
10,114,181.0,3,9,1,-692.63
11,11,275.0,3,8,1,-598.73
12,263,1438.0,2,3,0,564.51
13,364,113.0,0,1,0,-760.39
14,286,146.0,2,6,0,-727.47
15,118,1884.0,3,11,1,1010.37
16,197,386.0,3,6,1,-487.55
17,310,2706.0,3,10,0,1832.55
18,114,324.0,2,5,1,-549.63
19,156,466.0,4,2,0,-407.59
20,335,716.0,1,8,0,-157.42
21,72,663.0,4,3,1,-210.67
22,339,671.0,1,7,0,-202.42
23,247,164.0,4,9,1,-709.51
24,160,166.0,1,4,1,-707.59
25,288,441.0,3,4,0,-432.47
26,150,73.0,1,10,0,-800.6
27,132,813.0,2,4,0,-60.62
28,224,470.0,4,10,0,-403.53
29,337,2760.0,1,7,0,1886.58
30,261,245.0,2,8,1,-628.49
31,245,349.0,1,8,0,-524.51
32,227,458.0,3,9,0,-415.52
33,307,1337.0,3,5,1,463.55
34,159,114.0,3,7,1,-759.59
35,271,329.0,2,10,1,-544.48
36,162,306.0,2,4,0,-567.59
37,221,278.0,1,5,0,-595.53
38,236,657.0,4,7,0,-216.52
39,135,953.0,4,3,1,79.39
40,336,578.0,1,4,0,-295.42
41,89,118.0,2,5,0,-755.66
42,18,606.0,4,11,1,-267.73
43,272,188.0,3,5,1,-685.48
44,33,498.0,3,9,1,-375.71
45,199,203.0,3,3,1,-670.55
46,278,1583.0,1,9,0,709.52
47,62,691.0,3,9,1,-182.68
48,168,4221.0,2,5,1,3347.42
49,211,2414.0,1,7,0,1540.46
50,284,1770.0,1,6,0,896.53
51,183,555.0,4,13,0,-318.57
52,197,138.0,1,2,1,-735.55
53,203,24.0,2,5,0,-849.55
54,169,98.0,1,8,0,-775.58
55,12,654.0,2,6,1,-219.73
56,349,365.0,3,5,0,-508.41
57,305,883.0,0,4,0,9.55
58,135,813.0,0,8,0,-60.61
59,134,508.0,2,4,0,-365.61
60,237,423.0,4,6,0,-450.52
61,326,2370.0,1,11,0,1496.57
62,199,308.0,2,6,0,-565.55
63,101,135.0,4,5,1,-738.65
64,41,763.0,2,5,0,-110.7
65,186,2050.0,2,6,0,1176.43
66,62,41.0,1,8,0,-832.68
67,218,614.0,4,7,0,-259.53
68,299,205.0,1,8,0,-668.46
69,287,141.0,2,7,0,-732.47
70,191,719.0,3,8,0,-154.56
71,51,293.0,3,6,0,-580.69
72,248,164.0,3,4,0,-709.5
73,65,178.0,2,4,0,-695.68
74,166,1055.0,1,9,0,181.42
75,74,1081.0,4,8,0,207.33
76,311,270.0,1,3,0,-603.44
77,22,860.0,1,6,0,-13.72
78,311,2725.0,3,6,0,1851.55
79,95,106.0,2,3,0,-767.65
80,158,440.0,2,3,0,-433.59
81,152,138.0,1,10,1,-735.6
82,48,241.0,2,8,1,-632.7
83,282,1165.0,4,6,1,291.53
84,304,333.0,2,7,0,-540.45
85,284,381.0,0,11,0,-492.47
86,183,304.0,5,3,1,-569.57
87,338,2206.0,2,7,0,1332.58
88,204,3893.0,0,7,0,3019.45
89,216,419.0,2,6,0,-454.54
90,186,2073.0,2,10,0,1199.43
91,193,390.0,4,7,1,-483.56
92,14,4522.0,4,7,1,3648.27
93,314,226.0,1,4,0,-647.44
94,188,2741.0,4,8,1,1867.44
95,46,257.0,0,6,0,-616.7
96,36,608.0,4,1,0,-265.71
97,338,449.0,0,4,0,-424.42
98,23,157.0,0,3,0,-716.72
99,283,1574.0,1,10,0,700.53
100,303,206.0,3,8,1,-667.45
101,209,127.0,2,3,0,-746.54
102,52,132.0,4,7,1,-741.69
103,171,251.0,6,9,1,-622.58
104,264,1130.0,0,7,0,256.51
105,13,310.0,3,7,1,-563.73
106,161,259.0,1,4,0,-614.59
107,175,987.0,2,3,0,113.42
108,184,452.0,3,5,0,-421.57
109,284,770.0,3,9,1,-103.47
110,186,1392.0,1,6,0,518.44
111,94,2126.0,0,7,0,1252.35
112,62,80.0,1,8,0,-793.68
113,205,332.0,3,6,0,-541.55
114,24,573.0,1,4,1,-300.72
115,16,368.0,1,3,1,-505.73
116,233,285.0,1,10,0,-588.52
117,186,976.0,1,9,0,102.44
118,38,208.0,0,4,1,-665.71
119,20,1126.0,4,8,1,252.28
120,24,268.0,2,7,0,-605.72
121,173,337.0,1,7,0,-536.58
122,17,511.0,2,13,0,-362.73
123,102,145.0,4,6,0,-728.65
124,221,1352.0,0,10,0,478.47
125,41,331.0,3,6,1,-542.7
126,346,674.0,1,7,0,-199.41
127,76,309.0,2,5,0,-564.67
128,198,36.0,2,9,0,-837.55
129,350,564.0,3,4,0,-309.41
130,6,374.0,3,8,1,-499.74
131,302,862.0,3,5,1,-11.45
132,212,296.0,3,8,0,-577.54
133,114,131.0,1,2,0,-742.63
134,175,141.0,0,5,0,-732.57
135,66,326.0,3,5,1,-547.68
136,251,625.0,1,7,1,-248.5
137,298,141.0,3,6,0,-732.46
138,44,609.0,2,8,0,-264.7
139,33,125.0,2,2,0,-748.71
140,247,984.0,4,11,1,110.49
141,167,426.0,2,5,0,-447.58
142,341,1462.0,0,5,0,588.58
143,208,762.0,2,5,0,-111.54
144,80,997.0,1,9,0,123.33
145,324,337.0,2,4,0,-536.43
146,348,1388.0,3,6,0,514.59
147,197,459.0,0,4,0,-414.55
148,221,244.0,3,6,1,-629.53
149,271,123.0,3,9,1,-750.48
150,309,3863.0,1,9,0,2989.55
151,297,2370.0,3,7,0,1496.54
152,76,337.0,2,5,0,-536.67
153,139,121.0,0,3,0,-752.61
154,142,157.0,2,9,0,-716.61
155,254,289.0,4,4,1,-584.5
156,319,259.0,2,5,0,-614.44
157,330,183.0,0,8,1,-690.43
158,304,541.0,3,4,0,-332.45
159,318,6000.0,1,10,0,5126.56
160,215,350.0,2,4,0,-523.54
161,196,6000.0,1,10,0,5126.44
162,270,682.0,0,3,0,-191.48
163,220,1478.0,3,4,0,604.47
164,208,143.0,4,4,1,-730.54
165,92,2244.0,2,3,0,1370.34
166,163,1413.0,0,8,0,539.41
167,206,138.0,1,9,0,-735.55
168,113,223.0,3,14,1,-650.63
169,242,1566.0,2,10,1,692.49
170,182,6000.0,0,8,1,5126.43
171,193,328.0,1,8,0,-545.56
172,189,489.0,1,5,1,-384.56
173,298,1295.0,0,11,0,421.54
174,177,284.0,1,5,0,-589.57
175,335,1244.0,1,10,0,370.58
176,4,372.0,4,8,1,-501.74
177,165,158.0,4,3,0,-715.58
178,358,402.0,0,10,0,-471.4
179,357,402.0,0,2,0,-471.4
180,362,353.0,4,9,0,-520.39
181,189,475.0,1,4,0,-398.56
182,260,2012.0,2,5,0,1138.51
183,273,1238.0,1,8,0,364.52
184,68,123.0,1,3,0,-750.68
185,72,696.0,4,4,1,-177.67
186,320,255.0,2,3,0,-618.44
187,94,943.0,0,6,0,69.35
188,92,305.0,4,9,1,-568.65
189,172,817.0,4,8,1,-56.58
190,14,625.0,0,6,0,-248.73
191,16,151.0,1,10,1,-722.73
192,68,201.0,3,7,0,-672.68
193,100,425.0,1,10,0,-448.65
194,288,1245.0,2,6,1,371.53
195,55,161.0,4,3,1,-712.69
196,318,2012.0,4,10,0,1138.56
197,106,670.0,1,6,0,-203.64
198,352,2284.0,2,6,0,1410.59
199,300,368.0,0,10,0,-505.45
200,294,1640.0,2,10,0,766.54
201,171,208.0,1,7,0,-665.58
202,112,351.0,3,8,1,-522.64
203,107,1204.0,4,4,0,330.36
204,203,152.0,2,4,0,-721.55
205,318,395.0,1,3,0,-478.44
206,256,2526.0,1,7,0,1652.5
207,211,811.0,3,3,0,-62.54
208,21,460.0,4,4,0,-413.72
209,254,186.0,0,12,0,-687.5
210,32,420.0,3,6,1,-453.71
211,50,684.0,4,6,0,-189.7
212,261,253.0,1,6,0,-620.49
213,191,156.0,3,7,0,-717.56
214,125,848.0,1,3,0,-25.62
215,253,1256.0,0,4,0,382.5
216,34,599.0,2,3,0,-274.71
217,272,135.0,0,3,0,-738.48
218,184,404.0,4,4,1,-469.57
219,198,375.0,2,5,0,-498.55
220,34,302.0,1,5,1,-571.71
221,91,194.0,0,10,0,-679.66
222,246,1534.0,1,5,0,660.49
223,99,1711.0,4,4,1,837.35
224,31,2621.0,3,15,0,1747.29
225,104,119.0,1,10,0,-754.64
226,357,361.0,1,4,0,-512.4
227,81,238.0,3,5,1,-635.67
228,301,343.0,3,3,0,-530.45
229,138,151.0,3,8,0,-722.61
230,75,158.0,2,3,0,-715.67
231,139,692.0,1,6,0,-181.61
232,56,4127.0,0,6,0,3253.31
233,92,347.0,2,8,0,-526.65
234,260,507.0,3,10,0,-366.49
235,166,2432.0,2,7,0,1558.42
236,86,289.0,4,8,0,-584.66
237,213,2142.0,2,3,0,1268.46
238,317,6000.0,4,7,0,5126.56
239,292,715.0,2,2,1,-158.46
240,275,1004.0,0,6,0,130.52
241,285,976.0,1,6,0,102.53
242,294,204.0,0,5,0,-669.46
243,239,192.0,2,9,0,-681.51
244,140,1795.0,2,3,0,921.39
245,341,301.0,2,2,0,-572.41
246,296,276.0,0,6,0,-597.46
247,187,87.0,4,6,1,-786.56
248,336,563.0,1,9,0,-310.42
249,160,271.0,1,7,1,-602.59
250,320,260.0,3,6,0,-613.44
251,136,643.0,3,6,0,-230.61
252,105,512.0,1,6,1,-361.64
253,70,135.0,3,7,0,-738.68
254,72,4985.0,3,4,1,4111.32
255,252,223.0,1,6,0,-650.5
256,37,284.0,2,4,0,-589.71
257,136,197.0,1,5,0,-676.61
258,80,2365.0,0,10,0,1491.33
259,241,1187.0,5,3,1,313.49
260,222,4386.0,2,7,1,3512.47
261,302,2551.0,3,3,0,1677.55
262,113,114.0,1,6,0,-759.63
263,113,488.0,3,8,1,-385.63
264,174,2108.0,0,8,0,1234.42
265,169,138.0,3,2,0,-735.58
266,328,40.0,0,5,0,-833.43
267,162,608.0,5,8,1,-265.59
268,214,208.0,1,6,0,-665.54
269,339,148.0,1,8,1,-725.42
270,156,390.0,5,10,1,-483.59
271,145,126.0,1,4,0,-747.6
272,35,2367.0,2,3,0,1493.29
273,293,126.0,3,10,1,-747.46
274,235,730.0,1,4,0,-143.52
275,291,581.0,1,1,0,-292.46
276,156,217.0,3,2,0,-656.59
277,138,483.0,2,4,0,-390.61
278,54,761.0,2,3,0,-112.69
279,317,176.0,4,9,1,-697.44
280,222,188.0,2,8,0,-685.53
281,205,381.0,4,2,1,-492.55
282,222,287.0,2,8,0,-586.53
283,360,217.0,2,3,0,-656.4
284,342,776.0,1,8,0,-97.41
285,188,3187.0,1,4,0,2313.44
286,9,1595.0,2,7,0,721.26
287,256,1519.0,1,5,0,645.5
288,50,248.0,3,6,0,-625.7
289,52,380.0,4,6,1,-493.69
290,120,971.0,2,8,0,97.37
291,162,2228.0,4,4,0,1354.41
292,60,2675.0,1,6,0,1801.31
293,103,610.0,1,10,0,-263.64
294,32,457.0,2,5,0,-416.71
295,298,575.0,2,8,1,-298.46
296,30,270.0,1,0,0,-603.71
297,86,579.0,2,4,0,-294.66
298,210,426.0,3,5,0,-447.54
299,220,222.0,2,3,0,-651.53
300,184,601.0,5,8,1,-272.57
301,200,101.0,1,8,0,-772.55
302,40,548.0,2,8,0,-325.71
303,285,1565.0,3,7,0,691.53
304,73,318.0,1,9,0,-555.67
305,342,4024.0,2,1,0,3150.58
306,69,288.0,0,7,0,-585.68
307,254,1071.0,2,5,0,197.5
308,181,15.0,0,3,0,-858.57
309,8,327.0,3,4,0,-546.74
310,186,37.0,1,13,0,-836.56
311,111,92.0,1,4,1,-781.64
312,249,251.0,4,6,0,-622.5
313,364,2196.0,1,3,0,1322.61
314,249,411.0,2,4,0,-462.5
315,25,546.0,1,11,0,-327.72
316,329,280.0,1,2,0,-593.43
317,142,1122.0,0,4,0,248.39
318,144,1381.0,1,5,0,507.39
319,107,289.0,2,6,0,-584.64
320,53,1003.0,5,7,1,129.31
321,66,1294.0,3,3,1,420.32
322,242,2251.0,2,3,0,1377.49
323,44,89.0,1,4,0,-784.7
324,361,3211.0,1,2,0,2337.6
325,91,480.0,2,4,0,-393.66
326,95,528.0,2,9,0,-345.65
327,131,332.0,3,8,1,-541.62
328,229,145.0,1,4,0,-728.52
329,175,488.0,4,10,0,-385.58
330,109,1152.0,4,5,1,278.36
331,3,2693.0,0,4,0,1819.26
332,127,2210.0,1,7,1,1336.38
333,80,395.0,3,7,1,-478.67
334,150,1655.0,2,4,1,781.4
335,103,120.0,1,8,1,-753.64
336,61,150.0,2,8,0,-723.68
337,86,304.0,1,9,0,-569.66
338,102,372.0,0,10,0,-501.65
339,140,629.0,2,5,0,-244.61
340,225,2788.0,3,11,1,1914.47
341,108,478.0,1,5,0,-395.64
342,274,265.0,0,4,0,-608.48
343,228,495.0,2,3,0,-378.52
344,250,752.0,4,5,0,-121.5
345,360,557.0,2,4,0,-316.4
346,334,432.0,1,8,0,-441.42
347,210,175.0,2,3,0,-698.54
348,187,1717.0,2,8,1,843.44
349,194,30.0,2,8,0,-843.56
350,256,162.0,0,1,0,-711.5
351,323,695.0,0,7,0,-178.43
352,89,3628.0,2,4,0,2754.34
353,350,1569.0,5,3,0,695.59
354,14,264.0,1,5,1,-609.73
355,196,123.0,3,6,0,-750.55
356,226,456.0,2,6,0,-417.53
357,188,984.0,2,11,1,110.44
358,8,440.0,3,5,1,-433.74
359,356,420.0,1,8,0,-453.4
360,48,708.0,2,7,0,-165.7
361,52,420.0,2,5,0,-453.69
362,45,235.0,3,8,0,-638.7
363,26,553.0,2,4,0,-320.72
364,146,68.0,3,5,1,-805.6
365,247,322.0,1,4,0,-551.51
366,58,599.0,2,6,1,-274.69
367,200,759.0,1,10,0,-114.55
368,348,819.0,1,7,0,-54.41
369,364,296.0,0,9,1,-577.39
370,208,4045.0,1,4,0,3171.46
371,316,278.0,3,0,0,-595.44
372,219,1466.0,2,9,0,592.47
373,352,592.0,5,11,1,-281.4
374,333,2164.0,0,4,0,1290.58
375,185,729.0,3,5,0,-144.57
376,281,239.0,1,3,0,-634.47
377,266,789.0,3,3,0,-84.49
378,357,1166.0,2,7,0,292.6
379,325,522.0,3,5,0,-351.43
380,177,76.0,2,7,0,-797.57
381,130,384.0,3,6,0,-489.62
382,319,1628.0,2,3,0,754.56
383,209,2244.0,2,6,0,1370.46
384,354,161.0,1,2,0,-712.4
385,155,68.0,3,2,0,-805.59
386,227,194.0,0,4,0,-679.52
387,97,4786.0,2,4,1,3912.35
388,350,2271.0,3,7,0,1397.59
389,351,262.0,0,8,0,-611.41
390,285,93.0,0,2,0,-780.47
391,56,928.0,0,1,0,54.31
392,51,1053.0,1,7,1,179.31
393,79,47.0,3,8,1,-826.67
394,301,99.0,1,9,0,-774.45
395,317,203.0,1,5,0,-670.44
396,340,527.0,0,7,0,-346.42
397,260,1390.0,0,3,0,516.51
398,267,486.0,3,9,0,-387.49
399,108,66.0,7,10,1,-807.64
400,111,129.0,2,3,0,-744.64
401,87,1349.0,3,9,1,475.34
402,135,2967.0,1,7,0,2093.39
403,210,703.0,2,3,1,-170.54
404,184,258.0,2,5,1,-615.57
405,282,353.0,3,9,1,-520.47
406,104,116.0,3,11,1,-757.64
407,203,1352.0,2,5,0,478.45
408,99,173.0,2,3,0,-700.65
409,105,1362.0,1,4,0,488.36
410,331,849.0,0,7,0,-24.42
411,65,343.0,0,8,0,-530.68
412,253,92.0,3,2,0,-781.5
413,267,460.0,5,10,1,-413.49
414,4,579.0,1,9,1,-294.74
415,349,634.0,5,4,0,-239.41
416,132,388.0,2,5,0,-485.62
417,20,337.0,2,4,0,-536.72
418,179,6000.0,3,8,0,5126.43
419,217,941.0,0,11,0,67.47
420,265,648.0,2,8,1,-225.49
421,288,774.0,2,6,0,-99.47
422,82,542.0,1,2,0,-331.66
423,218,107.0,0,5,0,-766.53
424,286,536.0,1,2,0,-337.47
425,42,1074.0,0,6,0,200.3
426,45,1831.0,2,3,0,957.3
427,5,529.0,2,11,0,-344.74
428,240,364.0,5,3,1,-509.51
429,310,101.0,0,7,0,-772.44
430,80,316.0,1,7,0,-557.67
431,124,597.0,2,6,1,-276.62
432,180,362.0,1,10,0,-511.57
433,84,6000.0,6,6,1,5126.33
434,79,2187.0,1,11,0,1313.33
435,286,510.0,1,3,0,-363.47
436,263,177.0,6,11,1,-696.49
437,67,971.0,2,8,0,97.32
438,59,238.0,1,8,0,-635.69
439,149,731.0,3,3,0,-142.6
440,73,811.0,0,5,0,-62.67
441,111,1156.0,1,10,0,282.36
442,19,76.0,0,4,0,-797.72
443,39,846.0,2,5,1,-27.71
444,327,845.0,2,2,0,-28.43
445,352,519.0,1,6,0,-354.4
446,213,169.0,5,8,0,-704.54
447,35,1473.0,2,6,0,599.29
448,74,220.0,2,10,0,-653.67
449,292,159.0,2,7,0,-714.46
450,270,1293.0,4,9,0,419.52
451,327,91.0,1,4,0,-782.43
452,119,294.0,0,10,0,-579.63
453,298,874.0,1,5,0,0.54
454,112,251.0,4,6,1,-622.64
455,223,1974.0,3,3,1,1100.47
456,309,315.0,3,3,0,-558.45
457,75,3138.0,1,4,0,2264.33
458,253,105.0,1,9,0,-768.5
459,96,265.0,4,6,0,-608.65
460,11,1722.0,2,3,0,848.27
461,104,1460.0,1,4,0,586.36
462,56,724.0,0,7,0,-149.69
463,342,668.0,2,8,1,-205.41
464,293,742.0,2,7,0,-131.46
465,363,1624.0,2,5,0,750.61
466,199,520.0,1,4,1,-353.55
467,92,2904.0,2,8,0,2030.34
468,322,512.0,1,6,1,-361.43
469,336,1137.0,0,4,0,263.58
470,79,181.0,2,5,1,-692.67
471,346,273.0,2,7,1,-600.41
472,105,443.0,3,3,1,-430.64
473,182,490.0,6,9,1,-383.57
474,6,984.0,1,6,0,110.26
475,184,65.0,2,5,0,-808.57
476,99,262.0,1,8,0,-611.65
477,320,60.0,1,8,0,-813.44
478,51,1579.0,1,9,0,705.3
479,327,793.0,1,9,0,-80.43
480,275,5183.0,4,4,0,4309.52
481,60,235.0,2,5,0,-638.69
482,247,427.0,2,4,0,-446.51
483,59,678.0,0,7,0,-195.69
484,32,2435.0,1,7,0,1561.29
485,353,227.0,4,4,0,-646.4
486,346,1193.0,2,4,0,319.59
487,218,477.0,1,4,0,-396.53
488,167,558.0,2,4,1,-315.58
489,253,197.0,0,1,0,-676.5
490,355,522.0,6,10,1,-351.4
491,191,2941.0,1,4,1,2067.44
492,85,487.0,4,10,1,-386.66
493,196,344.0,2,8,0,-529.55
494,362,979.0,1,8,0,105.6
495,356,4003.0,3,4,0,3129.6
496,241,95.0,3,11,0,-778.51
497,84,163.0,0,9,0,-710.66
498,339,331.0,2,6,0,-542.42
499,273,2019.0,2,8,0,1145.52
500,271,1024.0,1,7,1,150.52
501,132,420.0,2,4,0,-453.62
502,289,1471.0,0,6,0,597.53
503,364,379.0,2,6,1,-494.39
504,41,837.0,4,11,1,-36.7
505,181,2543.0,3,5,0,1669.43
506,240,97.0,1,8,1,-776.51
507,117,174.0,2,4,0,-699.63
508,75,321.0,3,15,1,-552.67
509,347,203.0,0,6,0,-670.41
510,97,1671.0,1,3,0,797.35
511,163,938.0,3,7,0,64.41
512,212,838.0,2,10,0,-35.54
513,286,1136.0,2,5,0,262.53
514,305,2029.0,2,6,1,1155.55
515,301,313.0,3,9,0,-560.45
516,353,336.0,3,7,0,-537.4
517,165,485.0,2,3,0,-388.58
518,135,448.0,2,9,0,-425.61
519,62,126.0,4,6,1,-747.68
520,128,1050.0,1,5,0,176.38
521,68,126.0,1,7,0,-747.68
522,43,1463.0,3,6,0,589.3
523,210,344.0,3,2,0,-529.54
524,121,174.0,2,10,0,-699.63
525,317,87.0,0,7,0,-786.44
526,223,3926.0,1,5,0,3052.47
527,205,2165.0,3,5,0,1291.45
528,184,912.0,6,3,1,38.43
529,310,986.0,2,0,0,112.56
530,236,701.0,4,8,1,-172.52
531,252,254.0,0,5,0,-619.5
532,294,464.0,1,7,0,-409.46
533,188,306.0,2,6,0,-567.56
534,242,163.0,2,8,0,-710.51
535,328,847.0,2,9,0,-26.43
536,90,440.0,2,11,1,-433.66
537,146,36.0,3,5,1,-837.6
538,169,168.0,2,7,0,-705.58
539,332,177.0,4,7,1,-696.42
540,350,162.0,3,8,1,-711.41
541,205,714.0,3,7,0,-159.55
542,207,582.0,0,4,0,-291.54
543,110,589.0,1,5,0,-284.64
544,169,3748.0,2,7,1,2874.42
545,226,914.0,0,3,0,40.47
546,161,358.0,2,3,0,-515.59
547,300,5376.0,2,6,1,4502.54
548,287,1051.0,4,6,1,177.53
549,337,325.0,3,9,0,-548.42
550,65,113.0,0,5,0,-760.68
551,32,129.0,3,5,1,-744.71
552,261,144.0,4,6,1,-729.49
553,56,252.0,4,5,1,-621.69
554,126,558.0,2,4,0,-315.62
555,177,31.0,4,3,0,-842.57
556,329,485.0,2,3,0,-388.43
557,259,314.0,3,9,0,-559.49
558,212,627.0,5,5,0,-246.54
559,317,600.0,0,2,0,-273.44
560,102,3232.0,2,3,1,2358.35
561,84,304.0,1,6,0,-569.66
562,136,335.0,1,4,1,-538.61
563,230,310.0,2,5,0,-563.52
564,197,1379.0,0,9,0,505.45
565,71,877.0,0,6,0,3.32
566,59,132.0,4,7,1,-741.69
567,259,1778.0,2,5,0,904.51
568,188,2242.0,1,6,1,1368.44
569,49,145.0,1,12,0,-728.7
570,228,3863.0,0,4,0,2989.47
571,312,1439.0,4,6,0,565.56
572,359,26.0,2,9,1,-847.4
573,251,698.0,1,7,0,-175.5
574,185,38.0,3,2,1,-835.56
575,356,381.0,3,9,0,-492.4
576,315,242.0,4,4,1,-631.44
577,3,589.0,2,4,0,-284.74
578,310,2916.0,1,4,0,2042.55
579,346,214.0,2,5,1,-659.41
580,66,97.0,3,9,1,-776.68
581,132,1441.0,0,9,0,567.38
582,307,1141.0,0,5,0,267.55
583,290,65.0,1,3,0,-808.46
584,339,503.0,2,5,0,-370.42
585,160,124.0,2,7,0,-749.59
586,144,1049.0,0,7,0,175.39
587,93,6000.0,2,4,1,5126.34
588,14,136.0,3,8,1,-737.73
589,5,48.0,0,4,0,-825.74
590,181,2485.0,5,6,1,1611.43
591,235,834.0,3,4,0,-39.52
592,138,752.0,1,5,0,-121.61
593,65,259.0,3,3,0,-614.68
594,301,38.0,4,9,0,-835.45
595,116,931.0,2,5,0,57.37
596,186,580.0,3,8,0,-293.56
597,23,209.0,0,9,0,-664.72
598,45,360.0,1,7,1,-513.7
599,160,208.0,2,8,0,-665.59
600,229,341.0,3,5,0,-532.52
601,356,78.0,3,12,1,-795.4
602,348,655.0,4,3,1,-218.41
603,96,225.0,1,5,1,-648.65
604,297,165.0,4,8,1,-708.46
605,100,121.0,3,6,1,-752.65
606,22,617.0,1,6,1,-256.72
607,35,110.0,3,5,0,-763.71
608,54,5072.0,3,4,1,4198.31
609,233,1485.0,6,4,1,611.48
610,175,246.0,1,10,0,-627.58
611,112,367.0,1,5,1,-506.64
612,266,607.0,2,6,0,-266.49
613,268,501.0,3,5,0,-372.49
614,193,216.0,2,7,0,-657.56
615,20,1691.0,1,8,0,817.28
616,132,310.0,2,11,1,-563.62
617,298,1065.0,0,5,0,191.54
618,9,642.0,1,0,0,-231.73
619,59,80.0,2,9,1,-793.69
620,210,1116.0,0,12,0,242.46
621,229,829.0,1,4,0,-44.52
622,134,72.0,1,6,1,-801.61
623,260,322.0,3,5,0,-551.49
624,317,170.0,1,6,0,-703.44
625,56,282.0,4,6,1,-591.69
626,5,333.0,4,3,1,-540.74
627,69,544.0,2,5,0,-329.68
628,45,320.0,2,9,0,-553.7
629,210,331.0,0,6,0,-542.54
630,65,291.0,3,8,0,-582.68
631,200,180.0,0,4,0,-693.55
632,44,73.0,3,4,0,-800.7
633,63,2973.0,2,4,1,2099.32
634,256,237.0,3,11,0,-636.5
635,272,37.0,0,6,0,-836.48
636,309,256.0,0,4,0,-617.45
637,51,268.0,2,6,0,-605.69
638,74,552.0,2,6,0,-321.67
639,215,956.0,5,6,1,82.46
640,159,724.0,2,11,0,-149.59
641,13,447.0,2,4,0,-426.73
642,338,2984.0,1,8,0,2110.58
643,132,77.0,3,7,0,-796.62
644,262,658.0,1,6,1,-215.49
645,237,1408.0,4,5,1,534.48
646,313,795.0,2,9,1,-78.44
647,107,1359.0,2,6,0,485.36
648,296,1532.0,3,4,0,658.54
649,358,373.0,2,4,1,-500.4
650,311,6000.0,2,5,0,5126.55
651,314,207.0,2,10,0,-666.44
652,138,294.0,2,2,0,-579.61
653,337,359.0,3,5,0,-514.42
654,290,141.0,2,4,0,-732.46
655,214,2411.0,2,7,0,1537.46
656,315,94.0,3,9,0,-779.44
657,52,93.0,3,5,1,-780.69
658,315,66.0,3,7,1,-807.44
659,223,227.0,2,11,0,-646.53
660,98,527.0,5,10,1,-346.65
661,67,493.0,0,13,0,-380.68
662,130,111.0,1,4,1,-762.62
663,204,448.0,1,2,0,-425.55
664,43,1572.0,3,10,0,698.3
665,97,215.0,2,6,0,-658.65
666,276,598.0,2,3,0,-275.48
667,287,795.0,1,10,1,-78.47
668,50,431.0,0,7,0,-442.7
669,24,68.0,2,10,1,-805.72
670,274,1277.0,3,8,0,403.52
671,159,102.0,2,1,1,-771.59
672,91,462.0,1,5,0,-411.66
673,280,82.0,7,5,1,-791.47
674,162,189.0,2,7,0,-684.59
675,346,1101.0,3,7,1,227.59
676,176,101.0,3,1,0,-772.57
677,149,200.0,2,6,0,-673.6
678,130,832.0,0,3,0,-41.62
679,171,185.0,2,5,0,-688.58
680,35,555.0,0,2,0,-318.71
681,271,800.0,4,9,0,-73.48
682,304,914.0,0,7,0,40.55
683,276,699.0,2,9,0,-174.48
684,79,291.0,3,6,1,-582.67
685,350,192.0,3,8,0,-681.41
686,53,2401.0,0,8,0,1527.31
687,40,600.0,0,5,0,-273.7
688,160,44.0,1,5,0,-829.59
689,268,1168.0,3,8,1,294.51
690,204,139.0,2,4,0,-734.55
691,334,171.0,3,7,0,-702.42
692,99,598.0,1,8,0,-275.65
693,246,1082.0,0,7,0,208.49
694,217,1105.0,3,7,1,231.47
695,263,764.0,1,7,1,-109.49
696,149,695.0,3,6,0,-178.6
697,321,1185.0,0,8,0,311.57
698,240,668.0,2,7,0,-205.51
699,319,1858.0,1,7,0,984.56
700,242,230.0,4,5,1,-643.51
701,33,1200.0,3,7,1,326.29
702,113,389.0,3,4,0,-484.63
703,316,123.0,2,4,0,-750.44
704,48,672.0,1,6,0,-201.7
705,194,127.0,1,5,1,-746.56
706,202,173.0,3,8,0,-700.55
707,296,393.0,1,6,0,-480.46
708,98,204.0,6,10,1,-669.65
709,159,68.0,1,6,0,-805.59
710,95,148.0,0,8,0,-725.65
711,339,6000.0,1,4,0,5126.58
712,233,274.0,2,3,0,-599.52
713,183,278.0,1,2,0,-595.57
714,214,255.0,4,5,0,-618.54
715,279,2670.0,2,5,0,1796.52
716,17,1316.0,2,6,0,442.27
717,242,489.0,2,7,0,-384.51
718,23,804.0,5,3,1,-69.72
719,25,150.0,4,10,1,-723.72
720,256,1234.0,3,8,1,360.5
721,291,1187.0,1,8,0,313.54
722,310,381.0,2,6,0,-492.44
723,213,747.0,0,4,0,-126.54
724,362,528.0,7,4,0,-345.39
725,307,975.0,0,6,0,101.55
726,42,1499.0,3,6,0,625.3
727,110,282.0,2,8,1,-591.64
728,223,119.0,2,7,0,-754.53
729,57,1094.0,0,6,0,220.31
730,168,354.0,2,2,0,-519.58
731,108,67.0,3,9,0,-806.64
732,284,405.0,2,5,1,-468.47
733,26,270.0,3,10,1,-603.72
734,221,814.0,0,5,0,-59.53
735,102,2053.0,4,6,0,1179.35
736,40,243.0,2,11,0,-630.71
737,196,174.0,1,13,0,-699.55
738,281,1933.0,3,7,1,1059.53
739,298,1050.0,6,3,1,176.54
740,107,1074.0,3,9,0,200.36
741,341,465.0,5,8,1,-408.42
742,105,424.0,4,6,1,-449.64
743,230,753.0,1,3,0,-120.52
744,153,431.0,0,2,0,-442.6
745,177,292.0,1,8,0,-581.57
746,86,1933.0,0,4,0,1059.34
747,359,799.0,1,6,0,-74.4
748,303,3140.0,1,1,0,2266.55
749,233,1043.0,3,5,0,169.48
750,97,805.0,3,3,0,-68.65
751,308,84.0,2,9,0,-789.45
752,66,1360.0,2,8,0,486.32
753,161,642.0,2,7,0,-231.59
754,186,903.0,1,2,0,29.44
755,354,1174.0,6,6,0,300.6
756,185,162.0,3,6,1,-711.57
757,177,183.0,1,9,0,-690.57
758,73,89.0,2,10,1,-784.67
759,241,737.0,1,5,1,-136.51
760,302,187.0,2,2,0,-686.45
761,260,180.0,3,4,1,-693.49
762,20,1077.0,1,6,0,203.28
763,149,753.0,1,2,0,-120.6
764,266,509.0,3,4,0,-364.49
765,170,645.0,1,8,0,-228.58
766,31,1664.0,1,4,1,790.29
767,202,1242.0,2,2,0,368.45
768,275,1667.0,1,4,0,793.52
769,314,5893.0,1,4,1,5019.56
770,301,3197.0,1,5,0,2323.55
771,174,378.0,1,6,1,-495.58
772,79,627.0,4,4,0,-246.67
773,61,376.0,1,7,1,-497.68
774,164,1866.0,4,6,1,992.41
775,224,302.0,0,5,1,-571.53
776,172,2027.0,4,7,1,1153.42
777,212,526.0,2,2,1,-347.54
778,173,148.0,2,7,0,-725.58
779,120,1212.0,2,3,1,338.37
780,187,1005.0,0,5,0,131.44
781,230,2682.0,2,5,0,1808.48
782,245,1172.0,2,7,1,298.49
783,274,840.0,1,9,0,-33.48
784,340,1109.0,1,9,1,235.58
785,338,350.0,2,5,0,-523.42
786,267,111.0,3,10,1,-762.49
787,70,358.0,2,9,0,-515.68
788,323,1357.0,3,7,1,483.57
789,74,2706.0,1,3,0,1832.33
790,187,506.0,2,6,0,-367.56
791,173,394.0,1,10,0,-479.58
792,47,966.0,1,6,1,92.3
793,45,315.0,2,7,0,-558.7
794,114,2125.0,2,2,0,1251.37
795,336,1176.0,2,3,0,302.58
796,179,1329.0,2,2,0,455.43
797,97,553.0,3,5,1,-320.65
798,189,330.0,1,8,0,-543.56
799,76,202.0,4,7,1,-671.67
800,250,98.0,3,7,1,-775.5
801,256,521.0,2,6,0,-352.5
802,235,160.0,1,5,0,-713.52
803,193,163.0,4,2,0,-710.56
804,221,1179.0,2,5,0,305.47
805,263,277.0,3,5,1,-596.49
806,149,437.0,3,4,1,-436.6
807,204,3379.0,2,2,1,2505.45
808,115,736.0,3,3,0,-137.63
809,295,236.0,2,9,0,-637.46
810,26,277.0,2,5,0,-596.72
811,46,109.0,2,10,0,-764.7
812,73,246.0,0,2,0,-627.67
813,347,1122.0,5,4,1,248.59
814,267,386.0,1,7,0,-487.49
815,65,2694.0,0,7,0,1820.32
816,310,289.0,3,8,1,-584.44
817,217,1170.0,3,10,1,296.47
818,149,5336.0,0,5,0,4462.4
819,341,1315.0,1,11,0,441.58
820,74,124.0,1,5,0,-749.67
821,147,181.0,0,3,0,-692.6
822,270,459.0,2,9,0,-414.48
823,292,3358.0,3,9,0,2484.54
824,111,54.0,3,6,1,-819.64
825,265,73.0,3,10,0,-800.49
826,190,278.0,3,9,0,-595.56
827,275,525.0,1,8,0,-348.48
828,221,1179.0,4,4,1,305.47
829,109,2275.0,1,6,0,1401.36
830,162,1822.0,3,5,1,948.41
831,120,1303.0,0,5,0,429.37
832,254,782.0,3,5,1,-91.5
833,115,157.0,1,4,0,-716.63
834,328,402.0,2,6,0,-471.43
835,296,679.0,5,2,0,-194.46
836,8,498.0,0,5,0,-375.74
837,277,222.0,1,7,0,-651.48
838,114,3973.0,6,7,1,3099.36
839,271,794.0,1,8,0,-79.48
840,160,481.0,4,4,0,-392.59
841,140,925.0,2,1,0,51.39
842,159,666.0,1,3,0,-207.59
843,43,471.0,2,13,0,-402.7
844,29,226.0,2,8,0,-647.72
845,309,184.0,1,4,0,-689.45
846,294,808.0,5,11,1,-65.46
847,96,363.0,4,5,0,-510.65
848,202,147.0,2,6,0,-726.55
849,192,569.0,1,4,0,-304.56
850,354,1731.0,2,9,1,857.6
851,135,293.0,3,5,0,-580.61
852,69,209.0,3,5,0,-664.68
853,245,152.0,3,5,0,-721.51
854,358,3174.0,3,5,1,2300.6
855,304,53.0,0,4,0,-820.45
856,219,374.0,4,5,1,-499.53
857,9,864.0,1,4,0,-9.73
858,95,669.0,0,6,0,-204.65
859,364,358.0,3,8,0,-515.39
860,58,407.0,1,3,0,-466.69
861,349,538.0,0,7,0,-335.41
862,313,1077.0,2,5,0,203.56
863,309,391.0,0,9,0,-482.45
864,292,81.0,1,4,0,-792.46
865,294,1177.0,2,5,0,303.54
866,337,371.0,3,7,0,-502.42
867,197,224.0,5,5,1,-649.55
868,298,209.0,3,7,1,-664.46
869,155,1125.0,6,4,0,251.41
870,327,1916.0,2,4,1,1042.57
871,217,906.0,3,3,1,32.47
872,276,1536.0,0,6,0,662.52
873,147,174.0,1,7,1,-699.6
874,364,443.0,1,6,0,-430.39
875,364,406.0,3,6,1,-467.39
876,93,495.0,2,6,1,-378.65
877,223,1015.0,1,10,0,141.47
878,346,408.0,3,12,0,-465.41
879,78,434.0,2,2,0,-439.67
880,3,1468.0,2,4,0,594.26
881,306,1596.0,4,5,0,722.55
882,198,1865.0,2,3,0,991.45
883,355,502.0,4,2,0,-371.4
884,69,571.0,1,4,0,-302.68
885,273,976.0,0,2,0,102.52
886,334,1061.0,4,5,0,187.58
887,7,2291.0,3,4,1,1417.26
888,199,237.0,3,4,0,-636.55
889,89,744.0,4,7,1,-129.66
890,117,278.0,2,6,1,-595.63
891,199,291.0,1,4,0,-582.55
892,209,2934.0,2,7,0,2060.46
893,295,89.0,2,6,0,-784.46
894,356,538.0,2,9,0,-335.4
895,16,120.0,3,8,1,-753.73
896,228,813.0,0,5,0,-60.52
897,35,100.0,1,3,1,-773.71
898,355,4755.0,1,10,0,3881.6
899,86,384.0,1,5,0,-489.66
900,23,137.0,3,4,1,-736.72
901,218,239.0,2,11,1,-634.53
902,266,191.0,0,11,0,-682.49
903,338,125.0,1,10,0,-748.42
904,158,168.0,4,2,1,-705.59
905,95,132.0,2,6,0,-741.65
906,269,1012.0,4,5,0,138.52
907,166,487.0,3,9,0,-386.58
908,9,119.0,3,9,0,-754.73
909,110,154.0,2,9,0,-719.64
910,79,6000.0,2,6,1,5126.33
911,231,296.0,3,9,0,-577.52
912,313,331.0,3,7,0,-542.44
913,149,69.0,3,4,1,-804.6
914,336,1825.0,3,4,0,951.58
915,144,1881.0,0,9,0,1007.39
916,40,718.0,0,7,0,-155.71
917,202,524.0,2,8,0,-349.55
918,75,241.0,2,6,0,-632.67
919,133,185.0,4,8,0,-688.62
920,337,279.0,4,8,0,-594.42
921,52,629.0,0,7,0,-244.69
922,349,6000.0,3,5,0,5126.59
923,244,970.0,2,5,0,96.49
924,274,2940.0,1,2,0,2066.52
925,116,1249.0,2,4,0,375.37
926,229,2449.0,3,7,1,1575.48
927,151,669.0,1,2,1,-204.6
928,331,119.0,1,4,0,-754.42
929,233,1197.0,3,3,0,323.48
930,5,215.0,2,8,0,-658.74
931,281,67.0,3,7,1,-806.47
932,238,1023.0,1,1,0,149.49
933,173,1439.0,1,12,0,565.42
934,38,338.0,1,2,0,-535.71
935,12,6000.0,5,3,0,5126.27
936,130,1395.0,2,4,0,521.38
937,105,761.0,0,10,0,-112.64
938,111,81.0,2,5,0,-792.64
939,64,35.0,2,8,0,-838.68
940,193,191.0,3,4,0,-682.56
941,232,138.0,3,6,0,-735.52
942,83,779.0,0,3,0,-94.66
943,116,1107.0,5,4,1,233.37
944,129,536.0,2,6,0,-337.62
945,363,674.0,7,3,0,-199.39
946,26,779.0,1,4,0,-94.72
947,17,645.0,0,3,0,-228.73
948,357,208.0,2,8,0,-665.4
949,291,162.0,0,6,0,-711.46
950,205,208.0,0,0,0,-665.55
951,179,1216.0,4,5,1,342.43
952,209,5495.0,3,3,1,4621.46
953,232,280.0,1,6,0,-593.52
954,290,99.0,2,4,0,-774.46
955,276,167.0,5,4,1,-706.48
956,223,2975.0,2,6,1,2101.47
957,139,354.0,3,5,0,-519.61
958,103,561.0,1,5,0,-312.64
959,174,98.0,1,6,0,-775.58
960,258,1439.0,3,2,0,565.5
961,94,250.0,2,1,0,-623.65
962,156,1308.0,3,6,1,434.41
963,307,762.0,1,7,0,-111.45
964,161,1967.0,5,6,1,1093.41
965,113,4791.0,2,3,0,3917.36
966,47,376.0,2,6,0,-497.7
967,344,2830.0,1,5,0,1956.59
968,252,148.0,1,1,0,-725.5
969,115,244.0,0,13,0,-629.63
970,160,738.0,2,3,0,-135.59
971,283,115.0,4,4,0,-758.47
972,79,963.0,1,3,0,89.33
973,15,49.0,2,5,0,-824.73
974,284,2412.0,4,3,0,1538.53
975,78,314.0,4,6,1,-559.67
976,70,1093.0,1,3,0,219.32
977,214,127.0,1,8,0,-746.54
978,53,86.0,1,7,0,-787.69
979,291,565.0,0,5,0,-308.46
980,258,475.0,3,3,1,-398.49
981,178,140.0,3,6,0,-733.57
982,348,384.0,1,3,0,-489.41
983,160,1076.0,0,8,0,202.41
984,341,218.0,1,3,0,-655.41
985,92,176.0,2,3,0,-697.65
986,344,892.0,4,6,0,18.59
987,339,175.0,5,5,0,-698.42
988,97,334.0,2,8,0,-539.65
989,11,1004.0,0,1,0,130.27
990,124,2874.0,3,7,0,2000.37
991,107,360.0,2,5,0,-513.64
992,217,1533.0,2,12,0,659.46
993,18,1433.0,4,10,1,559.27
994,149,167.0,1,4,0,-706.6
995,280,124.0,0,5,0,-749.47
996,355,412.0,3,8,0,-461.4
997,123,332.0,0,8,0,-541.63
998,209,71.0,3,9,1,-802.54
999,339,371.0,3,4,0,-502.42
1000,29,34.0,1,7,0,-839.72
1001,147,489.0,1,9,0,-384.6
1002,135,406.0,2,3,0,-467.61
1003,207,961.0,2,7,1,87.46
1004,331,484.0,1,5,0,-389.42
1005,82,648.0,3,5,1,-225.66
1006,288,1188.0,0,8,0,314.53
1007,52,307.0,4,8,1,-566.69
1008,84,382.0,2,7,0,-491.66
1009,327,113.0,2,6,1,-760.43
1010,42,452.0,3,7,0,-421.7
1011,35,310.0,3,3,0,-563.71
1012,235,258.0,3,9,0,-615.52
1013,142,124.0,3,3,0,-749.61
1014,274,1394.0,2,3,0,520.52
1015,238,867.0,0,8,0,-6.51
1016,154,408.0,1,9,1,-465.6
1017,130,1436.0,1,6,0,562.38
1018,43,236.0,1,6,0,-637.7
1019,202,1842.0,4,8,0,968.45
1020,270,523.0,2,6,0,-350.48
1021,294,732.0,1,5,0,-141.46
1022,17,167.0,2,3,0,-706.73
1023,292,425.0,4,6,0,-448.46
1024,236,2250.0,2,1,0,1376.48
1025,315,568.0,1,8,0,-305.44
1026,56,130.0,2,8,1,-743.69
1027,302,141.0,0,5,0,-732.45
1028,176,1112.0,0,6,0,238.43
1029,124,687.0,0,7,0,-186.62
1030,288,1573.0,3,1,0,699.53
1031,294,203.0,5,10,1,-670.46
1032,330,102.0,1,4,0,-771.43
1033,315,1183.0,2,6,0,309.56
1034,235,442.0,8,6,1,-431.52
1035,328,1725.0,1,12,0,851.57
1036,8,5624.0,3,7,1,4750.26
1037,74,990.0,1,5,0,116.33
1038,326,320.0,4,5,0,-553.43
1039,291,79.0,2,9,0,-794.46
1040,227,32.0,6,6,1,-841.52
1041,68,667.0,2,4,1,-206.68
1042,75,2648.0,4,9,1,1774.33
1043,208,129.0,5,11,0,-744.54
1044,307,131.0,0,11,0,-742.45
1045,145,1348.0,3,9,1,474.4
1046,260,1522.0,4,6,0,648.51
1047,173,6000.0,1,5,0,5126.42
1048,120,797.0,1,4,0,-76.63
1049,221,59.0,1,7,0,-814.53
1050,47,483.0,0,6,0,-390.7
1051,215,17.0,1,11,0,-856.54
1052,354,136.0,2,3,0,-737.4
1053,113,123.0,3,13,1,-750.63
1054,89,284.0,0,8,0,-589.66
1055,344,210.0,1,4,0,-663.41
1056,210,767.0,1,4,0,-106.54
1057,225,759.0,1,9,0,-114.53
1058,194,303.0,2,3,0,-570.56
1059,343,257.0,3,3,0,-616.41
1060,145,216.0,1,5,0,-657.6
1061,182,21.0,2,8,0,-852.57
1062,48,2794.0,2,4,0,1920.3
1063,262,2326.0,2,3,0,1452.51
1064,155,1615.0,5,7,1,741.41
1065,73,1122.0,2,8,0,248.33
1066,273,89.0,5,6,0,-784.48
1067,53,6000.0,4,10,1,5126.3
1068,46,515.0,2,6,0,-358.7
1069,357,1350.0,2,8,0,476.6
1070,361,327.0,3,4,1,-546.4
1071,101,298.0,4,6,0,-575.65
1072,101,143.0,1,12,0,-730.65
1073,63,85.0,4,7,0,-788.68
1074,67,1947.0,2,5,1,1073.32
1075,146,647.0,1,14,0,-226.6
1076,124,949.0,2,5,0,75.38
1077,216,690.0,2,9,0,-183.54
1078,181,447.0,3,4,1,-426.57
1079,118,1082.0,1,7,0,208.37
1080,247,674.0,3,11,0,-199.51
1081,138,133.0,2,4,0,-740.61
1082,267,848.0,0,2,0,-25.49
1083,39,413.0,1,8,0,-460.71
1084,334,387.0,2,3,0,-486.42
1085,42,864.0,2,3,0,-9.7
1086,127,86.0,1,7,0,-787.62
1087,329,414.0,2,5,0,-459.43
1088,308,134.0,0,5,0,-739.45
1089,100,328.0,2,4,0,-545.65
1090,321,641.0,0,3,0,-232.43
1091,59,239.0,2,4,0,-634.69
1092,252,1750.0,2,6,0,876.5
1093,211,4431.0,0,7,0,3557.46
1094,364,932.0,0,4,0,58.61
1095,205,555.0,1,4,0,-318.55
1096,115,61.0,3,5,1,-812.63
1097,191,4086.0,3,8,0,3212.44
1098,134,830.0,0,9,0,-43.61
1099,337,1434.0,2,9,0,560.58
1100,316,228.0,2,6,0,-645.44
1101,353,374.0,1,7,0,-499.4
1102,318,806.0,4,4,0,-67.44
1103,38,54.0,1,9,1,-819.71
1104,273,614.0,2,6,0,-259.48
1105,19,281.0,3,3,0,-592.72
1106,220,343.0,1,3,0,-530.53
1107,122,2356.0,2,10,0,1482.37
1108,58,1095.0,3,3,0,221.31
1109,21,546.0,3,4,1,-327.72
1110,116,52.0,4,5,1,-821.63
1111,361,64.0,1,2,0,-809.4
1112,117,4785.0,0,8,0,3911.37
1113,308,1334.0,3,8,0,460.55
1114,344,985.0,1,5,0,111.59
1115,306,648.0,1,5,0,-225.45
1116,261,780.0,2,10,0,-93.49
1117,155,3539.0,2,5,1,2665.4
1118,56,276.0,4,12,1,-597.69
1119,40,1211.0,2,6,0,337.29
1120,46,2742.0,3,6,0,1868.3
1121,360,3298.0,3,4,0,2424.6
1122,123,184.0,0,6,0,-689.62
1123,131,843.0,2,9,1,-30.62
1124,221,817.0,1,5,0,-56.53
1125,129,226.0,2,5,0,-647.62
1126,326,576.0,1,6,0,-297.43
1127,207,268.0,5,8,1,-605.54
1128,321,2322.0,1,7,0,1448.56
1129,279,116.0,0,3,0,-757.47
1130,137,149.0,2,5,0,-724.61
1131,274,871.0,1,5,0,-2.48
1132,5,672.0,0,6,0,-201.74
1133,340,351.0,1,6,0,-522.42
1134,238,268.0,5,8,0,-605.51
1135,9,126.0,0,4,0,-747.73
1136,86,243.0,1,7,0,-630.66
1137,149,231.0,2,13,1,-642.6
1138,204,178.0,5,4,1,-695.55
1139,10,1058.0,2,3,0,184.27
1140,214,178.0,2,6,1,-695.54
1141,240,1401.0,2,8,0,527.49
1142,75,1324.0,6,6,1,450.33
1143,140,430.0,1,9,0,-443.61
1144,14,165.0,0,6,0,-708.73
1145,181,4559.0,0,5,0,3685.43
1146,328,1310.0,1,4,0,436.57
1147,154,511.0,3,4,0,-362.6
1148,350,269.0,2,10,1,-604.41
1149,153,118.0,2,2,0,-755.6
1150,236,2403.0,2,5,0,1529.48
1151,169,624.0,4,7,0,-249.58
1152,345,676.0,1,9,0,-197.41
1153,42,696.0,2,7,0,-177.7
1154,163,1632.0,1,5,0,758.41
1155,282,494.0,1,4,0,-379.47
1156,75,606.0,4,2,1,-267.67
1157,312,48.0,2,3,0,-825.44
1158,266,1240.0,5,4,1,366.51
1159,228,171.0,1,2,0,-702.52
1160,310,1297.0,2,5,0,423.55
1161,26,125.0,1,6,0,-748.72
1162,130,4004.0,1,4,0,3130.38
1163,304,523.0,1,6,0,-350.45
1164,312,362.0,2,6,0,-511.44
1165,347,255.0,1,4,0,-618.41
1166,61,116.0,3,7,1,-757.68
1167,176,107.0,5,4,1,-766.57
1168,220,3014.0,2,4,0,2140.47
1169,223,327.0,1,7,0,-546.53
1170,310,4178.0,3,3,0,3304.55
1171,47,907.0,1,6,0,33.3
1172,22,36.0,1,12,0,-837.72
1173,197,78.0,2,7,0,-795.55
1174,55,182.0,3,8,0,-691.69
1175,220,212.0,0,6,0,-661.53
1176,277,1424.0,0,6,0,550.52
1177,129,112.0,2,7,1,-761.62
1178,64,707.0,1,6,0,-166.68
1179,140,2204.0,3,3,1,1330.39
1180,194,88.0,3,6,0,-785.56
1181,285,1535.0,1,6,0,661.53
1182,52,305.0,4,3,0,-568.69
1183,280,5639.0,1,3,1,4765.52
1184,154,999.0,1,7,0,125.4
1185,98,41.0,1,2,0,-832.65
1186,140,418.0,2,5,0,-455.61
1187,308,242.0,0,10,0,-631.45
1188,337,1676.0,3,7,0,802.58
1189,7,5211.0,2,10,1,4337.26
1190,360,333.0,2,8,0,-540.4
1191,282,1003.0,1,4,0,129.53
1192,134,687.0,3,6,1,-186.61
1193,299,906.0,1,7,0,32.54
1194,266,72.0,1,4,0,-801.49
1195,347,443.0,1,5,0,-430.41
1196,248,628.0,2,6,0,-245.5
1197,270,187.0,2,9,0,-686.48
1198,290,342.0,5,5,0,-531.46
1199,257,922.0,1,12,0,48.5
1200,153,119.0,3,9,0,-754.6
1201,12,240.0,0,9,0,-633.73
1202,352,348.0,2,8,0,-525.4
1203,53,204.0,5,2,1,-669.69
1204,328,36.0,0,14,0,-837.43
1205,160,667.0,2,5,0,-206.59
1206,137,2133.0,3,14,0,1259.39
1207,249,4994.0,2,6,0,4120.49
1208,324,709.0,3,6,0,-164.43
1209,337,1034.0,2,4,1,160.58
1210,77,512.0,2,5,0,-361.67
1211,194,3485.0,3,9,1,2611.44
1212,59,242.0,1,4,0,-631.69
1213,152,1412.0,2,7,1,538.4
1214,146,149.0,1,6,1,-724.6
1215,233,537.0,2,10,0,-336.52
1216,170,332.0,0,6,1,-541.58
1217,2,985.0,2,3,0,111.26
1218,283,2570.0,3,8,1,1696.53
1219,285,311.0,3,7,0,-562.47
1220,160,607.0,2,6,0,-266.59
1221,269,455.0,1,8,0,-418.48
1222,176,225.0,0,10,0,-648.57
1223,1,828.0,1,6,0,-45.74
1224,272,6000.0,3,5,0,5126.52
1225,87,549.0,7,3,1,-324.66
1226,150,1639.0,2,9,0,765.4
1227,307,71.0,2,4,0,-802.45
1228,74,1229.0,1,2,1,355.33
1229,249,230.0,3,7,0,-643.5
1230,160,1239.0,2,7,0,365.41
1231,351,842.0,3,9,0,-31.41
1232,153,981.0,0,8,0,107.4
1233,111,597.0,4,8,1,-276.64
1234,244,468.0,1,6,0,-405.51
1235,242,1592.0,3,7,0,718.49
1236,161,2118.0,1,5,0,1244.41
1237,145,359.0,2,4,0,-514.6
1238,218,1325.0,7,8,1,451.47
1239,118,1276.0,3,8,1,402.37
1240,4,329.0,1,6,0,-544.74
1241,273,619.0,0,9,0,-254.48
1242,249,680.0,4,5,1,-193.5
1243,316,2961.0,3,12,1,2087.56
1244,265,746.0,3,4,0,-127.49
1245,318,287.0,3,6,0,-586.44
1246,165,424.0,3,6,0,-449.58
1247,352,1274.0,2,5,0,400.6
1248,189,298.0,2,5,0,-575.56
1249,296,691.0,1,11,0,-182.46
1250,153,287.0,1,10,0,-586.6
1251,295,789.0,1,5,0,-84.46
1252,139,232.0,3,8,0,-641.61
1253,341,101.0,2,4,0,-772.41
1254,236,2317.0,0,5,0,1443.48
1255,6,1476.0,5,5,1,602.26
1256,315,1382.0,3,8,0,508.56
1257,1,1773.0,0,2,0,899.26
1258,176,5494.0,4,3,0,4620.42
1259,87,769.0,2,4,1,-104.66
1260,265,469.0,3,9,0,-404.49
1261,195,1158.0,2,5,0,284.44
1262,109,2892.0,1,6,0,2018.36
1263,67,1774.0,2,4,0,900.32
1264,330,1088.0,0,6,0,214.57
1265,248,641.0,0,6,0,-232.5
1266,278,457.0,3,4,1,-416.48
1267,217,494.0,1,2,0,-379.53
1268,46,895.0,2,2,1,21.3
1269,3,201.0,1,1,0,-672.74
1270,178,886.0,2,9,0,12.43
1271,194,445.0,1,6,0,-428.56
1272,313,84.0,5,8,1,-789.44
1273,97,347.0,1,5,0,-526.65
1274,34,135.0,1,5,1,-738.71
1275,282,1279.0,3,4,0,405.53
1276,198,260.0,5,5,0,-613.55
1277,290,345.0,4,3,0,-528.46
1278,294,1320.0,2,2,0,446.54
1279,229,55.0,1,9,0,-818.52
1280,282,420.0,2,7,0,-453.47
1281,243,452.0,2,3,0,-421.51
1282,145,121.0,3,0,0,-752.6
1283,213,422.0,3,3,0,-451.54
1284,132,71.0,3,5,0,-802.62
1285,283,850.0,0,10,0,-23.47
1286,103,124.0,2,5,0,-749.64
1287,38,979.0,2,2,0,105.29
1288,26,360.0,0,6,0,-513.72
1289,360,47.0,0,3,0,-826.4
1290,272,1956.0,3,9,1,1082.52
1291,189,528.0,5,4,1,-345.56
1292,81,539.0,1,4,0,-334.67
1293,145,2187.0,1,6,0,1313.4
1294,148,653.0,2,8,0,-220.6
1295,25,78.0,3,8,1,-795.72
1296,295,2650.0,2,3,0,1776.54
1297,359,1503.0,0,4,0,629.6
1298,249,595.0,2,5,0,-278.5
1299,175,434.0,1,4,0,-439.57
1300,270,513.0,2,10,1,-360.48
1301,290,308.0,2,5,0,-565.46
1302,283,133.0,2,6,0,-740.47
1303,23,548.0,4,9,1,-325.72
1304,286,638.0,0,5,0,-235.47
1305,311,233.0,1,4,0,-640.44
1306,82,243.0,1,5,0,-630.66
1307,185,163.0,5,7,1,-710.57
1308,106,1991.0,2,10,0,1117.36
1309,278,413.0,3,5,1,-460.48
1310,347,1630.0,2,8,1,756.59
1311,204,544.0,0,8,0,-329.55
1312,310,970.0,6,10,1,96.55
1313,9,1339.0,2,5,1,465.26
1314,309,32.0,3,4,0,-841.45
1315,262,747.0,4,9,1,-126.49
1316,125,208.0,1,4,0,-665.62
1317,132,2782.0,1,7,0,1908.38
1318,220,288.0,2,8,1,-585.53
1319,247,354.0,2,6,0,-519.51
1320,217,228.0,2,6,0,-645.53
1321,235,462.0,2,5,0,-411.52
1322,192,209.0,6,2,1,-664.56
1323,335,435.0,3,4,0,-438.42
1324,270,116.0,2,11,0,-757.48
1325,322,170.0,3,5,0,-703.43
1326,183,101.0,2,4,0,-772.57
1327,95,249.0,1,10,1,-624.65
1328,356,671.0,1,8,0,-202.4
1329,219,727.0,4,7,0,-146.53
1330,144,860.0,1,7,0,-13.61
1331,130,4034.0,1,1,0,3160.38
1332,64,181.0,2,6,1,-692.68
1333,260,136.0,1,3,0,-737.49
1334,39,1026.0,3,3,0,152.29
1335,149,824.0,1,5,0,-49.6
1336,94,2703.0,1,2,1,1829.35
1337,16,168.0,3,7,0,-705.73
1338,30,4899.0,3,7,0,4025.28
1339,29,722.0,6,3,1,-151.72
1340,271,1477.0,2,3,0,603.52
1341,364,188.0,1,5,0,-685.39
1342,65,103.0,3,5,1,-770.68
1343,112,2714.0,3,1,1,1840.36
1344,143,69.0,3,5,0,-804.61
1345,287,1041.0,3,6,0,167.53
1346,115,67.0,3,5,1,-806.63
1347,46,699.0,2,2,1,-174.7
1348,362,227.0,2,4,0,-646.39
1349,158,1028.0,1,7,0,154.41
1350,136,366.0,0,7,0,-507.61
1351,96,577.0,2,8,0,-296.65
1352,109,1092.0,1,9,0,218.36
1353,292,257.0,1,4,0,-616.46
1354,81,544.0,1,6,0,-329.67
1355,212,1190.0,4,4,0,316.46
1356,245,266.0,5,8,1,-607.51
1357,240,1667.0,0,5,0,793.49
1358,58,56.0,2,6,1,-817.69
1359,340,55.0,2,5,0,-818.42
1360,83,1670.0,3,7,0,796.34
1361,361,165.0,2,6,1,-708.4
1362,37,1035.0,2,7,1,161.29
1363,260,1310.0,3,5,0,436.51
1364,81,492.0,3,7,1,-381.67
1365,183,755.0,3,6,0,-118.57
1366,300,675.0,1,7,0,-198.45
1367,277,478.0,3,6,0,-395.48
1368,230,712.0,0,6,0,-161.52
1369,146,3026.0,0,7,0,2152.4
1370,141,322.0,3,4,1,-551.61
1371,329,618.0,3,5,0,-255.43
1372,53,725.0,4,9,1,-148.69
1373,356,5196.0,2,5,0,4322.6
1374,255,122.0,3,6,1,-751.5
1375,26,1124.0,0,9,0,250.28
1376,186,80.0,2,5,0,-793.56
1377,314,813.0,0,4,0,-60.44
1378,53,2617.0,1,5,0,1743.31
1379,42,588.0,1,7,0,-285.7
1380,316,215.0,5,2,0,-658.44
1381,130,546.0,2,3,0,-327.62
1382,94,154.0,2,9,0,-719.65
1383,107,612.0,4,9,1,-261.64
1384,40,374.0,3,8,1,-499.71
1385,74,237.0,3,3,1,-636.67
1386,165,467.0,2,6,0,-406.58
1387,329,1485.0,2,4,0,611.57
1388,155,250.0,1,7,0,-623.59
1389,342,5430.0,1,6,0,4556.58
1390,8,177.0,2,5,0,-696.74
1391,53,1907.0,2,4,0,1033.31
1392,168,88.0,1,6,0,-785.58
1393,49,135.0,0,7,1,-738.7
1394,290,269.0,2,4,0,-604.46
1395,249,2629.0,1,9,0,1755.5
1396,36,1094.0,4,1,1,220.29
1397,194,1199.0,1,5,0,325.44
1398,213,1041.0,2,6,0,167.46
1399,94,3735.0,4,7,1,2861.35
1400,60,317.0,1,6,0,-556.69
1401,60,1093.0,1,5,0,219.31
1402,280,874.0,3,7,0,0.53
1403,330,489.0,3,7,1,-384.43
1404,221,193.0,0,6,0,-680.53
1405,190,349.0,1,8,0,-524.56
1406,264,233.0,3,4,0,-640.49
1407,203,205.0,4,5,0,-668.55
1408,105,1295.0,2,5,0,421.36
1409,305,393.0,3,8,0,-480.45
1410,80,452.0,1,7,1,-421.67
1411,113,919.0,2,4,0,45.37
1412,31,3615.0,5,6,0,2741.28
1413,48,274.0,0,5,0,-599.7
1414,49,412.0,3,3,1,-461.7
1415,164,1267.0,1,6,0,393.41
1416,301,764.0,3,4,1,-109.45
1417,231,205.0,2,7,0,-668.52
1418,339,342.0,0,6,0,-531.42
1419,225,1804.0,3,8,0,930.47
1420,83,359.0,4,3,1,-514.66
1421,288,929.0,1,11,0,55.53
1422,179,226.0,1,7,0,-647.57
1423,92,4739.0,5,6,1,3865.34
1424,63,192.0,2,10,0,-681.68
1425,78,225.0,2,5,0,-648.67
1426,101,4580.0,0,16,0,3706.35
1427,137,594.0,4,6,0,-279.61
1428,118,1395.0,2,5,0,521.37
1429,291,166.0,3,9,1,-707.46
1430,20,1029.0,3,5,0,155.28
1431,94,129.0,3,6,0,-744.65
1432,113,802.0,2,3,0,-71.63
1433,83,294.0,1,3,0,-579.66
1434,183,177.0,3,5,0,-696.57
1435,276,111.0,3,5,0,-762.48
1436,152,293.0,3,6,0,-580.6
1437,355,1180.0,1,3,0,306.6
1438,332,2342.0,1,5,0,1468.58
1439,331,396.0,0,8,0,-477.42
1440,254,1318.0,3,7,0,444.5
1441,185,2827.0,3,6,0,1953.43
1442,32,559.0,2,3,0,-314.71
1443,334,1775.0,1,2,0,901.58
1444,358,295.0,3,9,0,-578.4
1445,273,6000.0,1,4,0,5126.52
1446,216,129.0,3,3,0,-744.54
1447,25,504.0,2,7,1,-369.72
1448,143,306.0,0,12,0,-567.61
1449,327,6000.0,2,12,1,5126.57
1450,155,6000.0,1,8,0,5126.4
1451,251,5940.0,2,3,1,5066.5
1452,225,6000.0,0,6,0,5126.47
1453,280,724.0,2,12,0,-149.47
1454,239,861.0,3,4,0,-12.51
1455,281,6000.0,4,3,1,5126.52
1456,235,109.0,0,10,0,-764.52
1457,168,179.0,2,4,0,-694.58
1458,342,89.0,1,10,0,-784.41
1459,160,303.0,1,6,0,-570.59
1460,98,693.0,4,6,1,-180.65
1461,267,148.0,2,6,0,-725.49
1462,313,494.0,6,7,1,-379.44
1463,171,542.0,2,4,0,-331.58
1464,118,546.0,0,6,0,-327.63
1465,139,132.0,7,5,1,-741.61
1466,359,244.0,2,5,0,-629.4
1467,52,284.0,2,8,0,-589.69
1468,229,4805.0,3,10,0,3931.47
1469,306,515.0,3,6,0,-358.45
1470,70,1431.0,1,13,0,557.32
1471,318,1711.0,4,5,0,837.56
1472,170,2981.0,2,6,0,2107.42
1473,215,886.0,1,5,1,12.46
1474,362,568.0,1,8,0,-305.39
1475,343,205.0,2,5,1,-668.41
1476,329,145.0,2,3,0,-728.43
1477,79,2672.0,2,7,1,1798.33
1478,290,183.0,0,4,0,-690.46
1479,90,1235.0,2,5,0,361.34
1480,88,165.0,2,8,1,-708.66
1481,255,12.0,2,3,0,-861.5
1482,150,1114.0,1,3,0,240.4
1483,69,1337.0,3,5,0,463.32
1484,65,120.0,0,6,0,-753.68
1485,10,133.0,0,7,0,-740.73
1486,61,602.0,7,7,1,-271.68
1487,225,837.0,2,3,0,-36.53
1488,205,371.0,1,7,0,-502.55
1489,233,333.0,4,5,1,-540.52
1490,88,179.0,0,5,0,-694.66
1491,136,120.0,3,4,0,-753.61
1492,279,1320.0,3,4,0,446.52
1493,25,568.0,1,7,0,-305.72
1494,161,31.0,1,10,0,-842.59
1495,71,1356.0,2,8,0,482.32
1496,144,121.0,0,5,0,-752.6
1497,246,250.0,4,8,0,-623.51
1498,192,241.0,0,6,0,-632.56
1499,21,828.0,5,10,1,-45.72
1500,361,618.0,0,5,0,-255.4
1501,294,52.0,2,3,1,-821.46
1502,25,1294.0,3,12,1,420.28
1503,115,220.0,1,10,0,-653.63
1504,313,1312.0,2,6,0,438.56
1505,38,983.0,2,10,0,109.29
1506,176,122.0,0,7,0,-751.57
1507,315,147.0,5,7,1,-726.44
1508,143,474.0,2,4,0,-399.61
1509,100,98.0,1,11,1,-775.65
1510,48,580.0,5,5,1,-293.7
1511,48,2172.0,2,5,0,1298.3
1512,224,181.0,2,8,1,-692.53
1513,254,1210.0,1,4,0,336.5
1514,196,5107.0,2,4,0,4233.44
1515,113,239.0,0,5,0,-634.63
1516,335,485.0,0,5,0,-388.42
1517,265,416.0,1,3,0,-457.49
1518,338,758.0,2,4,0,-115.42
1519,77,817.0,4,5,1,-56.67
1520,48,522.0,1,4,0,-351.7
1521,361,1461.0,2,9,0,587.6
1522,303,125.0,0,13,0,-748.45
1523,257,192.0,2,5,0,-681.5
1524,335,289.0,1,9,0,-584.42
1525,333,545.0,3,4,0,-328.42
1526,101,346.0,4,7,1,-527.65
1527,214,1138.0,0,6,0,264.46
1528,56,418.0,2,7,0,-455.69
1529,92,668.0,4,5,1,-205.65
1530,288,1268.0,0,7,0,394.53
1531,84,224.0,2,3,0,-649.66
1532,297,1679.0,1,8,0,805.54
1533,300,537.0,0,7,1,-336.45
1534,131,292.0,3,5,1,-581.62
1535,60,496.0,2,11,1,-377.69
1536,48,540.0,2,6,1,-333.7
1537,105,569.0,2,8,1,-304.64
1538,81,4222.0,2,5,0,3348.33
1539,318,2516.0,2,9,0,1642.56
1540,143,1527.0,3,12,0,653.39
1541,235,234.0,1,1,0,-639.52
1542,5,393.0,2,4,1,-480.74
1543,229,1535.0,5,3,1,661.48
1544,52,3932.0,4,3,1,3058.31
1545,342,1371.0,2,3,0,497.59
1546,98,260.0,2,2,0,-613.65
1547,280,328.0,0,5,1,-545.47
1548,334,2181.0,3,2,0,1307.58
1549,175,216.0,1,8,0,-657.57
1550,170,259.0,1,4,0,-614.58
1551,330,458.0,0,5,0,-415.43
1552,326,47.0,4,7,0,-826.43
1553,62,243.0,2,7,0,-630.68
1554,190,1202.0,0,7,0,328.44
1555,17,315.0,2,4,1,-558.73
1556,361,2403.0,4,10,0,1529.6
1557,123,352.0,6,7,1,-521.63
1558,208,368.0,3,10,0,-505.54
1559,16,750.0,1,3,0,-123.73
1560,193,2328.0,2,4,1,1454.44
1561,179,437.0,2,9,1,-436.57
1562,349,1018.0,3,5,0,144.59
1563,154,981.0,3,7,0,107.4
1564,252,315.0,3,4,0,-558.5
1565,322,399.0,0,5,0,-474.43
1566,122,62.0,0,2,0,-811.63
1567,130,2119.0,0,10,1,1245.38
1568,284,311.0,3,5,1,-562.47
1569,348,503.0,0,7,0,-370.41
1570,351,628.0,2,3,0,-245.41
1571,288,229.0,3,10,1,-644.47
1572,347,125.0,0,8,0,-748.41
1573,145,732.0,2,7,1,-141.6
1574,288,136.0,1,7,0,-737.47
1575,129,56.0,2,7,0,-817.62
1576,93,89.0,1,3,0,-784.65
1577,33,265.0,0,4,0,-608.71
1578,166,2584.0,2,7,0,1710.42
1579,143,181.0,0,4,1,-692.61
1580,313,384.0,4,6,0,-489.44
1581,224,299.0,2,6,0,-574.53
1582,323,530.0,1,6,0,-343.43
1583,258,501.0,0,5,0,-372.49
1584,39,776.0,2,4,0,-97.71
1585,131,1019.0,1,3,0,145.38
1586,25,204.0,5,8,0,-669.72
1587,167,332.0,2,5,0,-541.58
1588,28,136.0,4,5,0,-737.72
1589,82,969.0,0,4,0,95.34
1590,159,229.0,3,4,0,-644.59
1591,322,4507.0,2,7,1,3633.56
1592,180,906.0,4,4,1,32.43
1593,175,2470.0,4,4,1,1596.42
1594,108,598.0,1,2,0,-275.64
1595,85,2283.0,0,7,0,1409.34
1596,283,661.0,2,6,0,-212.47
1597,14,300.0,2,7,0,-573.73
1598,229,330.0,1,2,0,-543.52
1599,102,255.0,1,1,0,-618.64
1600,101,518.0,5,13,1,-355.65
1601,340,253.0,3,6,0,-620.42
1602,43,591.0,1,6,0,-282.7
1603,177,106.0,3,6,1,-767.57
1604,208,135.0,4,5,0,-738.54
1605,352,81.0,2,3,0,-792.4
1606,343,820.0,1,8,0,-53.41
1607,121,491.0,0,5,1,-382.63
1608,161,709.0,2,2,0,-164.59
1609,47,1376.0,0,7,0,502.3
1610,91,67.0,2,8,0,-806.66
1611,168,128.0,0,7,0,-745.58
1612,95,280.0,5,10,1,-593.65
1613,207,1282.0,0,3,0,408.46
1614,314,910.0,2,6,0,36.56
1615,125,1802.0,1,7,0,928.38
1616,254,295.0,3,7,0,-578.5
1617,108,555.0,1,6,1,-318.64
1618,336,579.0,3,10,0,-294.42
1619,266,625.0,2,6,0,-248.49
1620,185,656.0,4,9,0,-217.57
1621,307,46.0,2,5,0,-827.45
1622,242,395.0,1,3,0,-478.51
1623,238,241.0,0,5,0,-632.51
1624,148,113.0,0,6,1,-760.6
1625,309,97.0,1,5,0,-776.45
1626,332,314.0,2,5,0,-559.42
1627,184,280.0,3,3,1,-593.57
1628,239,61.0,0,7,0,-812.51
1629,359,209.0,3,10,1,-664.4
1630,269,320.0,0,8,0,-553.48
1631,185,386.0,3,4,0,-487.57
1632,142,1870.0,0,6,0,996.39
1633,282,933.0,2,5,0,59.53
1634,47,414.0,1,8,0,-459.7
1635,313,291.0,3,4,0,-582.44
1636,157,614.0,5,8,1,-259.59
1637,356,1169.0,2,3,0,295.6
1638,39,731.0,5,7,0,-142.71
1639,225,628.0,1,7,0,-245.53
1640,140,90.0,2,7,0,-783.61
1641,177,635.0,1,9,0,-238.57
1642,6,481.0,2,6,1,-392.74
1643,159,805.0,3,1,1,-68.59
1644,202,229.0,2,8,0,-644.55
1645,232,180.0,3,6,0,-693.52
1646,29,144.0,2,10,0,-729.72
1647,342,235.0,3,9,0,-638.41
1648,199,370.0,1,7,0,-503.55
1649,337,60.0,3,1,0,-813.42
1650,269,452.0,0,6,0,-421.48
1651,134,477.0,2,8,0,-396.61
1652,248,1737.0,2,6,0,863.49
1653,61,676.0,3,4,1,-197.68
1654,251,168.0,2,14,0,-705.5
1655,96,517.0,2,5,0,-356.65
1656,36,153.0,2,10,0,-720.71
1657,55,296.0,2,15,1,-577.69
1658,266,657.0,1,10,0,-216.49
1659,253,558.0,3,6,0,-315.5
1660,83,369.0,0,11,0,-504.66
1661,38,274.0,1,7,1,-599.71
1662,182,519.0,0,8,0,-354.57
1663,347,2684.0,2,4,1,1810.59
1664,163,1293.0,3,7,0,419.41
1665,292,285.0,1,12,0,-588.46
1666,214,4834.0,0,1,0,3960.46
1667,142,827.0,2,6,0,-46.61
1668,51,216.0,2,6,0,-657.69
1669,159,2817.0,4,3,0,1943.41
1670,227,607.0,1,5,1,-266.52
1671,214,715.0,2,6,0,-158.54
1672,73,1493.0,0,2,0,619.33
1673,32,1606.0,3,9,1,732.29
1674,179,5845.0,2,3,0,4971.43
1675,147,1598.0,4,2,1,724.4
1676,271,177.0,2,11,1,-696.48
1677,19,1200.0,0,6,0,326.27
1678,298,478.0,4,4,0,-395.46
1679,316,350.0,2,4,0,-523.44
1680,52,190.0,2,7,1,-683.69
1681,224,1604.0,4,4,0,730.47
1682,127,157.0,4,5,0,-716.62
1683,78,162.0,1,4,0,-711.67
1684,287,1600.0,2,10,0,726.53
1685,113,276.0,3,5,0,-597.63
1686,272,2498.0,1,3,0,1624.52
1687,148,713.0,2,8,0,-160.6
1688,305,120.0,1,6,1,-753.45
1689,45,292.0,2,3,0,-581.7
1690,210,72.0,1,10,0,-801.54
1691,71,169.0,0,5,1,-704.67
1692,123,508.0,1,9,1,-365.63
1693,343,370.0,1,6,0,-503.41
1694,148,260.0,3,5,0,-613.6
1695,126,1361.0,0,5,0,487.38
1696,280,599.0,2,11,1,-274.47
1697,72,782.0,1,7,0,-91.67
1698,194,1380.0,2,5,0,506.44
1699,344,546.0,3,6,0,-327.41
1700,58,1207.0,2,9,0,333.31
1701,245,571.0,1,6,0,-302.51
1702,344,279.0,3,3,1,-594.41
1703,320,1420.0,4,3,1,546.56
1704,287,1265.0,3,6,1,391.53
1705,206,496.0,4,3,1,-377.55
1706,40,2746.0,1,7,0,1872.29
1707,221,211.0,4,7,1,-662.53
1708,230,700.0,1,4,0,-173.52
1709,171,308.0,2,3,0,-565.58
1710,118,1386.0,3,7,0,512.37
1711,276,1014.0,1,10,0,140.52
1712,360,1069.0,0,5,0,195.6
1713,249,272.0,3,7,1,-601.5
1714,199,173.0,0,5,0,-700.55
1715,303,664.0,4,3,1,-209.45
1716,40,208.0,2,6,1,-665.7
1717,165,3893.0,4,5,1,3019.41
1718,325,1940.0,3,7,1,1066.57
1719,77,621.0,4,7,1,-252.67
1720,119,172.0,0,5,0,-701.63
1721,281,116.0,3,9,0,-757.47
1722,322,660.0,2,6,0,-213.43
1723,232,203.0,1,2,0,-670.52
1724,182,2242.0,3,3,1,1368.43
1725,33,998.0,3,5,1,124.29
1726,162,4387.0,2,5,0,3513.41
1727,347,76.0,1,6,1,-797.41
1728,43,1907.0,2,0,0,1033.3
1729,126,294.0,1,7,0,-579.62
1730,364,366.0,0,5,0,-507.39
1731,55,274.0,2,3,1,-599.69
1732,281,2274.0,0,10,0,1400.53
1733,80,589.0,5,8,1,-284.67
1734,19,2234.0,1,3,0,1360.27
1735,324,290.0,3,9,1,-583.43
1736,12,2107.0,2,10,0,1233.27
1737,274,892.0,2,5,0,18.52
1738,117,1231.0,1,5,0,357.37
1739,238,1966.0,4,4,0,1092.49
1740,185,170.0,1,6,0,-703.57
1741,89,2752.0,0,7,0,1878.34
1742,348,518.0,4,6,1,-355.41
1743,47,347.0,5,8,1,-526.7
1744,329,155.0,1,4,1,-718.43
1745,78,172.0,2,5,0,-701.67
1746,209,519.0,3,0,0,-354.54
1747,241,416.0,4,5,0,-457.51
1748,14,1251.0,4,15,1,377.27
1749,172,134.0,2,10,1,-739.58
1750,117,789.0,2,5,1,-84.63
1751,176,536.0,0,8,0,-337.57
1752,311,1550.0,2,5,0,676.56
1753,152,1100.0,3,2,0,226.4
1754,132,989.0,3,5,1,115.38
1755,148,53.0,2,7,0,-820.6
1756,308,504.0,3,8,0,-369.45
1757,128,1079.0,1,6,0,205.38
1758,273,1415.0,1,1,1,541.52
1759,154,175.0,1,5,0,-698.6
1760,9,692.0,1,9,0,-181.74
1761,197,483.0,1,3,0,-390.55
1762,83,3841.0,2,5,0,2967.33
1763,166,33.0,2,5,1,-840.58
1764,234,382.0,3,4,0,-491.52
1765,36,155.0,2,7,1,-718.71
1766,244,1544.0,3,5,1,670.49
1767,137,1469.0,3,10,1,595.39
1768,9,5226.0,0,5,0,4352.26
1769,23,465.0,1,10,0,-408.72
1770,276,1097.0,4,1,0,223.52
1771,359,352.0,3,8,0,-521.4
1772,130,657.0,3,5,0,-216.62
1773,328,5893.0,1,5,0,5019.57
1774,129,1448.0,1,4,0,574.38
1775,363,83.0,2,4,0,-790.39
1776,341,482.0,2,6,0,-391.42
1777,251,1703.0,3,3,0,829.5
1778,224,376.0,1,1,0,-497.53
1779,105,180.0,2,8,1,-693.64
1780,27,167.0,2,8,1,-706.72
1781,59,2767.0,3,7,1,1893.31
1782,357,435.0,1,1,0,-438.4
1783,184,100.0,1,3,0,-773.57
1784,326,381.0,5,5,0,-492.43
1785,121,490.0,3,4,1,-383.63
1786,360,1004.0,0,5,0,130.6
1787,95,507.0,2,5,0,-366.65
1788,353,426.0,1,4,0,-447.4
1789,356,909.0,4,7,0,35.6
1790,334,785.0,3,12,0,-88.42
1791,304,65.0,1,5,0,-808.45
1792,13,1911.0,4,6,1,1037.27
1793,321,1892.0,0,5,0,1018.57
1794,280,224.0,4,8,1,-649.47
1795,211,931.0,1,4,0,57.46
1796,265,939.0,1,2,0,65.51
1797,318,102.0,2,4,0,-771.44
1798,10,346.0,3,5,0,-527.73
1799,291,417.0,1,5,1,-456.46
1800,280,264.0,4,1,1,-609.47
1801,332,177.0,3,5,0,-696.42
1802,187,4704.0,1,8,0,3830.43
1803,327,942.0,0,6,0,68.57
1804,207,6000.0,3,6,0,5126.45
1805,88,454.0,1,5,1,-419.66
1806,17,426.0,2,7,0,-447.73
1807,323,110.0,2,0,0,-763.43
1808,194,1145.0,1,4,0,271.44
1809,70,346.0,2,4,0,-527.68
1810,277,98.0,2,6,1,-775.48
1811,330,104.0,3,7,0,-769.43
1812,197,471.0,2,7,1,-402.55
1813,192,1119.0,1,13,0,245.44
1814,46,1418.0,4,5,0,544.3
1815,26,1294.0,2,5,0,420.28
1816,133,74.0,4,7,1,-799.62
1817,247,527.0,2,7,0,-346.51
1818,183,269.0,3,9,1,-604.57
1819,326,247.0,1,6,0,-626.43
1820,70,237.0,2,6,0,-636.68
1821,301,961.0,2,4,0,87.55
1822,337,60.0,3,9,1,-813.42
1823,302,122.0,0,8,0,-751.45
1824,205,966.0,4,3,1,92.45
1825,69,101.0,4,7,0,-772.68
1826,359,1281.0,1,5,0,407.6
1827,337,1867.0,1,7,0,993.58
1828,145,198.0,6,10,1,-675.6
1829,313,24.0,0,2,0,-849.44
1830,160,96.0,1,7,0,-777.59
1831,290,869.0,1,6,0,-4.46
1832,75,329.0,0,8,0,-544.67
1833,132,5500.0,4,4,0,4626.38
1834,319,1451.0,2,7,1,577.56
1835,342,252.0,3,8,0,-621.41
1836,160,1193.0,0,5,0,319.41
1837,338,287.0,4,6,1,-586.42
1838,185,101.0,2,4,0,-772.57
1839,64,460.0,0,4,0,-413.68
1840,223,684.0,3,4,0,-189.53
1841,47,81.0,2,5,0,-792.7
1842,71,305.0,2,5,1,-568.68
1843,189,562.0,0,7,0,-311.56
1844,347,2323.0,0,7,0,1449.59
1845,137,283.0,2,5,1,-590.61
1846,23,60.0,2,3,1,-813.72
1847,228,1200.0,0,7,0,326.48
1848,280,473.0,3,7,0,-400.47
1849,176,375.0,1,5,1,-498.57
1850,263,965.0,2,4,1,91.51
1851,21,119.0,1,6,0,-754.72
1852,238,485.0,3,4,0,-388.51
1853,12,3689.0,3,2,1,2815.27
1854,260,235.0,1,5,0,-638.49
1855,141,374.0,3,8,0,-499.61
1856,62,692.0,2,11,0,-181.68
1857,348,100.0,2,9,0,-773.41
1858,327,1182.0,4,4,0,308.57
1859,176,417.0,3,12,1,-456.57
1860,199,683.0,1,4,1,-190.55
1861,129,176.0,2,3,0,-697.62
1862,364,381.0,0,12,0,-492.39
1863,19,374.0,2,2,0,-499.72
1864,223,1689.0,4,7,1,815.47
1865,208,66.0,1,11,1,-807.54
1866,281,195.0,1,4,0,-678.47
1867,280,163.0,3,8,0,-710.47
1868,47,668.0,1,5,0,-205.7
1869,248,744.0,2,4,1,-129.5
1870,202,603.0,4,5,0,-270.55
1871,261,143.0,2,3,0,-730.49
1872,123,387.0,0,7,0,-486.63
1873,256,818.0,0,9,0,-55.5
1874,186,64.0,4,4,1,-809.56
1875,38,427.0,6,4,1,-446.71
1876,193,1405.0,4,10,0,531.44
1877,320,234.0,2,6,0,-639.44
1878,353,193.0,0,4,0,-680.4
1879,174,1479.0,1,4,0,605.42
1880,104,1773.0,1,7,0,899.36
1881,119,1341.0,1,3,0,467.37
1882,97,441.0,2,6,0,-432.65
1883,232,364.0,2,6,0,-509.52
1884,219,893.0,0,4,0,19.47
1885,150,185.0,3,6,0,-688.6
1886,327,330.0,1,7,0,-543.43
1887,268,413.0,1,5,0,-460.49
1888,221,752.0,1,8,0,-121.53
1889,29,298.0,2,6,0,-575.72
1890,299,427.0,0,10,0,-446.46
1891,55,247.0,1,4,1,-626.69
1892,356,3042.0,2,7,1,2168.6
1893,193,39.0,4,4,1,-834.56
1894,305,184.0,0,4,0,-689.45
1895,172,3037.0,4,4,0,2163.42
1896,294,2512.0,6,4,0,1638.54
1897,187,828.0,2,4,0,-45.56
1898,333,361.0,0,11,0,-512.42
1899,184,691.0,2,4,1,-182.57
1900,276,282.0,4,3,1,-591.48
1901,18,2299.0,2,5,0,1425.27
1902,64,37.0,2,4,0,-836.68
1903,274,4114.0,4,7,1,3240.52
1904,105,1240.0,2,4,0,366.36
1905,160,2325.0,3,6,0,1451.41
1906,191,31.0,4,6,1,-842.56
1907,135,579.0,0,8,0,-294.61
1908,342,112.0,2,8,1,-761.41
1909,189,885.0,5,5,1,11.44
1910,364,1519.0,3,4,0,645.61
1911,133,557.0,3,8,1,-316.62
1912,268,1651.0,2,3,0,777.51
1913,99,193.0,2,2,0,-680.65
1914,135,541.0,1,2,0,-332.61
1915,271,83.0,1,9,0,-790.48
1916,33,2264.0,1,9,0,1390.29
1917,2,1796.0,1,8,0,922.26
1918,157,336.0,4,10,0,-537.59
1919,297,1136.0,4,9,1,262.54
1920,329,704.0,2,7,0,-169.43
1921,133,60.0,1,10,0,-813.62
1922,5,293.0,2,7,1,-580.74
1923,329,257.0,1,9,1,-616.43
1924,102,489.0,4,10,1,-384.65
1925,168,380.0,2,5,0,-493.58
1926,207,683.0,0,5,0,-190.54
1927,6,769.0,4,8,1,-104.74
1928,26,703.0,1,6,1,-170.72
1929,211,373.0,3,3,0,-500.54
1930,328,73.0,0,8,0,-800.43
1931,73,896.0,2,3,1,22.33
1932,27,159.0,2,8,0,-714.72
1933,57,374.0,1,2,0,-499.69
1934,109,393.0,1,7,0,-480.64
1935,253,89.0,3,5,0,-784.5
1936,13,68.0,5,4,1,-805.73
1937,142,1728.0,4,11,0,854.39
1938,298,137.0,4,7,0,-736.46
1939,133,195.0,3,6,0,-678.62
1940,81,428.0,0,6,0,-445.67
1941,306,559.0,2,5,1,-314.45
1942,3,296.0,0,3,0,-577.74
1943,14,731.0,3,6,0,-142.73
1944,157,172.0,2,12,0,-701.59
1945,126,2501.0,0,8,0,1627.38
1946,329,315.0,0,4,0,-558.43
1947,266,82.0,2,6,0,-791.49
1948,94,614.0,3,2,0,-259.65
1949,56,2417.0,3,6,0,1543.31
1950,221,267.0,0,4,0,-606.53
1951,163,225.0,1,7,0,-648.59
1952,125,662.0,1,7,0,-211.62
1953,319,241.0,2,6,1,-632.44
1954,106,56.0,4,5,1,-817.64
1955,161,602.0,2,7,0,-271.59
1956,255,700.0,5,5,1,-173.5
1957,72,673.0,4,9,0,-200.67
1958,31,2411.0,3,9,0,1537.29
1959,200,82.0,2,8,0,-791.55
1960,327,1560.0,1,5,0,686.57
1961,233,80.0,2,9,0,-793.52
1962,261,1282.0,5,7,1,408.51
1963,159,322.0,2,5,0,-551.59
1964,319,1901.0,2,3,0,1027.56
1965,258,133.0,2,3,0,-740.49
1966,77,1240.0,2,5,0,366.33
1967,23,284.0,2,8,1,-589.72
1968,34,3049.0,1,5,0,2175.29
1969,166,2877.0,1,3,0,2003.42
1970,288,1073.0,2,6,0,199.53
1971,182,6000.0,2,5,0,5126.43
1972,270,879.0,3,3,0,5.52
1973,100,3411.0,1,5,0,2537.35
1974,152,876.0,5,10,1,2.4
1975,142,588.0,1,5,0,-285.61
1976,52,157.0,1,5,0,-716.69
1977,319,245.0,2,3,0,-628.44
1978,69,1023.0,2,5,1,149.32
1979,249,685.0,3,6,0,-188.5
1980,289,617.0,1,4,0,-256.47
1981,12,495.0,1,5,0,-378.73
1982,362,594.0,2,5,0,-279.39
1983,149,398.0,0,7,0,-475.6
1984,57,6000.0,0,6,0,5126.31
1985,218,3184.0,3,7,0,2310.47
1986,175,1526.0,5,5,1,652.42
1987,172,2347.0,2,9,0,1473.42
1988,259,274.0,1,8,1,-599.49
1989,59,205.0,0,8,0,-668.69
1990,317,6000.0,2,5,0,5126.56
1991,302,179.0,1,7,1,-694.45
1992,318,695.0,2,4,0,-178.44
1993,341,206.0,2,4,0,-667.41
1994,50,165.0,2,5,0,-708.7
1995,235,116.0,0,9,0,-757.52
1996,55,316.0,0,8,0,-557.69
1997,66,373.0,0,6,0,-500.68
1998,241,153.0,0,3,0,-720.51
1999,303,4038.0,3,7,0,3164.55
2000,198,157.0,3,5,0,-716.55
2001,46,199.0,1,7,0,-674.7
2002,144,396.0,3,7,1,-477.6
2003,306,218.0,0,7,0,-655.45
2004,234,2494.0,5,5,1,1620.48
2005,182,333.0,3,5,0,-540.57
2006,329,411.0,2,3,0,-462.43
2007,15,271.0,1,6,1,-602.73
2008,171,796.0,2,3,0,-77.58
2009,133,1036.0,0,3,0,162.38
2010,99,423.0,2,3,0,-450.65
2011,83,443.0,1,5,1,-430.66
2012,230,383.0,2,6,1,-490.52
2013,116,2009.0,2,7,1,1135.37
2014,33,596.0,3,1,1,-277.71
2015,92,281.0,2,10,0,-592.65
2016,152,523.0,3,8,1,-350.6
2017,37,221.0,1,6,0,-652.71
2018,83,58.0,2,8,0,-815.66
2019,344,1872.0,1,5,0,998.59
2020,73,497.0,1,4,0,-376.67
2021,236,694.0,3,8,1,-179.52
2022,269,114.0,2,9,0,-759.48
2023,82,438.0,0,9,0,-435.66
2024,172,112.0,1,3,0,-761.58
2025,309,4264.0,2,6,1,3390.55
2026,13,64.0,1,1,0,-809.73
2027,302,136.0,3,9,0,-737.45
2028,290,622.0,0,5,1,-251.46
2029,194,940.0,1,4,0,66.44
2030,315,1509.0,2,7,0,635.56
2031,103,105.0,1,7,1,-768.64
2032,2,701.0,3,2,0,-172.74
2033,151,741.0,0,5,0,-132.6
2034,283,1007.0,3,6,1,133.53
2035,282,468.0,0,8,0,-405.47
2036,245,1599.0,6,1,1,725.49
2037,138,503.0,0,6,0,-370.61
2038,244,486.0,1,5,0,-387.51
2039,166,653.0,3,5,1,-220.58
2040,125,4405.0,3,1,0,3531.38
2041,238,828.0,3,2,0,-45.51
2042,206,6000.0,0,5,0,5126.45
2043,162,223.0,3,1,0,-650.59
2044,89,419.0,1,8,0,-454.66
2045,160,1064.0,4,4,1,190.41
2046,219,110.0,2,6,0,-763.53
2047,350,6000.0,0,5,0,5126.59
2048,4,117.0,3,5,0,-756.74
2049,95,4460.0,0,5,0,3586.35
2050,86,1514.0,0,7,0,640.34
2051,245,397.0,3,2,0,-476.51
2052,115,388.0,5,4,1,-485.63
2053,315,19.0,1,4,0,-854.44
2054,353,794.0,3,7,0,-79.4
2055,48,201.0,3,8,1,-672.7
2056,168,1116.0,3,4,1,242.42
2057,287,773.0,2,2,0,-100.47
2058,233,313.0,5,5,0,-560.52
2059,104,533.0,4,6,1,-340.64
2060,138,200.0,0,4,0,-673.61
2061,245,1045.0,3,5,1,171.49
2062,9,355.0,5,12,1,-518.74
2063,182,112.0,4,5,0,-761.57
2064,147,1208.0,3,9,1,334.4
2065,142,788.0,1,6,0,-85.61
2066,44,139.0,3,6,1,-734.7
2067,225,1425.0,4,3,1,551.47
2068,300,235.0,1,6,0,-638.45
2069,177,520.0,4,7,1,-353.57
2070,358,288.0,2,5,0,-585.4
2071,46,1618.0,2,3,0,744.3
2072,215,98.0,2,6,0,-775.54
2073,322,617.0,0,9,0,-256.43
2074,279,318.0,1,6,1,-555.47
2075,316,1387.0,5,1,1,513.56
2076,3,159.0,1,8,0,-714.74
2077,258,564.0,1,6,0,-309.5
2078,102,800.0,0,8,1,-73.65
2079,49,1158.0,2,6,0,284.3
2080,142,350.0,3,6,1,-523.61
2081,25,635.0,1,3,0,-238.72
2082,190,839.0,3,3,0,-34.56
2083,85,396.0,3,2,0,-477.66
2084,151,384.0,3,1,0,-489.6
2085,199,265.0,4,6,1,-608.55
2086,109,756.0,3,5,1,-117.64
2087,279,214.0,5,9,1,-659.47
2088,151,167.0,4,6,0,-706.6
2089,2,201.0,1,7,1,-672.74
2090,47,99.0,2,9,0,-774.7
2091,223,446.0,1,5,0,-427.53
2092,263,165.0,1,8,0,-708.49
2093,113,487.0,3,7,0,-386.63
2094,259,446.0,3,7,0,-427.49
2095,6,267.0,0,3,0,-606.74
2096,298,74.0,6,7,1,-799.46
2097,24,204.0,0,5,0,-669.72
2098,87,242.0,1,6,0,-631.66
2099,51,313.0,0,6,0,-560.69
2100,295,384.0,1,9,0,-489.46
2101,76,134.0,1,7,0,-739.67
2102,22,1851.0,0,5,0,977.28
2103,235,575.0,4,11,0,-298.52
2104,160,281.0,1,5,0,-592.59
2105,240,1022.0,4,4,0,148.49
2106,239,431.0,2,3,0,-442.51
2107,328,74.0,2,6,1,-799.43
2108,114,509.0,4,6,0,-364.63
2109,335,593.0,1,8,0,-280.42
2110,175,1501.0,2,6,1,627.42
2111,132,388.0,1,4,0,-485.62
2112,153,60.0,4,7,1,-813.6
2113,216,64.0,1,5,0,-809.54
2114,251,402.0,1,9,0,-471.5
2115,260,301.0,0,8,0,-572.49
2116,182,177.0,1,10,0,-696.57
2117,239,104.0,4,4,1,-769.51
2118,132,932.0,3,10,1,58.38
2119,65,2540.0,3,2,1,1666.32
2120,159,382.0,4,7,1,-491.59
2121,11,593.0,2,6,0,-280.73
2122,228,165.0,0,3,0,-708.52
2123,264,5166.0,2,6,0,4292.51
2124,334,1993.0,8,6,1,1119.58
2125,335,215.0,2,5,1,-658.42
2126,254,2677.0,2,9,1,1803.5
2127,62,873.0,1,4,1,-0.68
2128,20,3429.0,1,7,1,2555.27
2129,173,203.0,2,8,0,-670.58
2130,59,180.0,4,4,1,-693.69
2131,76,71.0,0,9,0,-802.67
2132,253,212.0,4,4,0,-661.5
2133,161,211.0,1,9,0,-662.59
2134,138,436.0,2,4,0,-437.61
2135,52,38.0,2,1,1,-835.69
2136,5,121.0,1,7,0,-752.74
2137,154,262.0,2,5,1,-611.6
2138,226,288.0,1,8,1,-585.53
2139,348,2796.0,1,6,0,1922.59
2140,53,267.0,1,6,0,-606.69
2141,141,650.0,3,2,0,-223.61
2142,99,483.0,1,5,0,-390.65
2143,189,328.0,1,6,0,-545.56
2144,235,290.0,1,6,0,-583.52
2145,299,417.0,2,3,0,-456.46
2146,87,91.0,3,5,1,-782.66
2147,269,503.0,2,6,0,-370.48
2148,68,284.0,3,4,0,-589.68
2149,45,1248.0,2,11,0,374.3
2150,348,57.0,1,7,0,-816.41
2151,89,290.0,3,10,1,-583.66
2152,227,189.0,1,8,0,-684.52
2153,48,428.0,1,5,0,-445.7
2154,315,199.0,1,4,0,-674.44
2155,32,677.0,4,10,0,-196.71
2156,61,180.0,2,9,0,-693.68
2157,154,473.0,0,7,0,-400.6
2158,314,412.0,2,5,0,-461.44
2159,182,2523.0,3,6,0,1649.43
2160,35,78.0,3,3,0,-795.71
2161,316,521.0,1,10,0,-352.44
2162,100,415.0,3,8,1,-458.65
2163,140,2312.0,3,7,0,1438.39
2164,362,210.0,0,6,0,-663.39
2165,55,221.0,5,8,0,-652.69
2166,42,1570.0,3,4,0,696.3
2167,171,315.0,0,6,0,-558.58
2168,336,1136.0,0,6,0,262.58
2169,213,105.0,1,5,0,-768.54
2170,138,314.0,2,5,0,-559.61
2171,322,96.0,3,4,0,-777.43
2172,342,1361.0,2,6,0,487.59
2173,205,1067.0,1,15,1,193.45
2174,36,455.0,2,9,0,-418.71
2175,46,1431.0,1,4,0,557.3
2176,274,584.0,3,3,0,-289.48
2177,256,3076.0,2,9,0,2202.5
2178,162,4817.0,2,7,1,3943.41
2179,138,1568.0,5,12,1,694.39
2180,43,277.0,4,9,1,-596.7
2181,189,3034.0,5,6,1,2160.44
2182,317,813.0,3,6,0,-60.44
2183,221,49.0,1,6,0,-824.53
2184,57,443.0,2,7,0,-430.69
2185,351,729.0,3,3,0,-144.41
2186,242,315.0,2,8,0,-558.51
2187,190,912.0,1,3,0,38.44
2188,7,148.0,1,8,0,-725.74
2189,257,2691.0,3,8,0,1817.5
2190,364,388.0,1,3,0,-485.39
2191,160,198.0,2,9,0,-675.59
2192,242,125.0,2,5,0,-748.51
2193,305,1789.0,1,5,0,915.55
2194,299,583.0,4,4,0,-290.46
2195,194,1323.0,1,10,0,449.44
2196,350,2850.0,4,10,0,1976.59
2197,210,206.0,3,8,1,-667.54
2198,41,244.0,3,8,1,-629.7
2199,38,357.0,2,7,1,-516.71
2200,95,1439.0,2,8,0,565.35
2201,21,358.0,2,7,0,-515.72
2202,300,496.0,5,6,0,-377.45
2203,346,376.0,2,4,1,-497.41
2204,257,506.0,4,4,0,-367.5
2205,36,715.0,1,2,0,-158.71
2206,73,2981.0,3,8,1,2107.33
2207,145,505.0,1,3,0,-368.6
2208,219,1588.0,0,9,0,714.47
2209,198,1036.0,2,3,0,162.45
2210,106,1382.0,2,5,0,508.36
2211,318,1502.0,1,3,0,628.56
2212,334,635.0,1,5,0,-238.42
2213,124,1139.0,0,3,0,265.38
2214,359,1991.0,1,2,0,1117.6
2215,182,384.0,7,6,1,-489.57
2216,28,128.0,0,7,1,-745.72
2217,357,1331.0,2,5,0,457.6
2218,351,591.0,2,6,0,-282.41
2219,362,170.0,2,9,0,-703.39
2220,239,1135.0,1,1,0,261.49
2221,246,64.0,3,4,0,-809.51
2222,96,1955.0,3,8,0,1081.35
2223,8,295.0,2,9,0,-578.74
2224,218,169.0,2,6,1,-704.53
2225,121,508.0,1,9,1,-365.63
2226,290,1663.0,2,8,0,789.54
2227,10,262.0,1,8,1,-611.73
2228,332,201.0,1,6,0,-672.42
2229,281,466.0,2,6,0,-407.47
2230,348,282.0,3,7,0,-591.41
2231,96,110.0,1,9,0,-763.65
2232,77,719.0,2,6,0,-154.67
2233,343,98.0,2,10,0,-775.41
2234,1,630.0,2,6,1,-243.74
2235,60,388.0,3,11,0,-485.69
2236,172,2370.0,1,4,0,1496.42
2237,116,777.0,5,7,1,-96.63
2238,96,111.0,1,9,1,-762.65
2239,288,649.0,2,7,0,-224.47
2240,257,695.0,2,5,0,-178.5
2241,70,646.0,0,7,0,-227.68
2242,279,543.0,2,3,0,-330.47
2243,25,522.0,2,3,0,-351.72
2244,316,391.0,3,4,1,-482.44
2245,64,2069.0,3,6,1,1195.32
2246,53,316.0,4,4,1,-557.69
2247,202,565.0,0,5,0,-308.55
2248,71,331.0,1,6,0,-542.68
2249,237,718.0,0,6,0,-155.52
2250,150,964.0,4,5,1,90.4
2251,351,243.0,2,11,1,-630.41
2252,60,1278.0,2,5,1,404.31
2253,27,69.0,1,6,0,-804.72
2254,19,1756.0,3,12,0,882.27
2255,335,555.0,2,10,0,-318.42
2256,321,642.0,3,7,0,-231.43
2257,14,698.0,1,4,0,-175.73
2258,9,954.0,1,4,1,80.27
2259,338,474.0,0,3,0,-399.42
2260,205,116.0,3,7,1,-757.55
2261,302,145.0,2,10,0,-728.45
2262,218,1255.0,4,5,1,381.47
2263,173,76.0,1,6,0,-797.58
2264,152,1151.0,1,5,0,277.4
2265,351,1452.0,2,6,0,578.59
2266,283,475.0,2,8,0,-398.47
2267,322,128.0,1,7,0,-745.43
2268,126,839.0,3,7,1,-34.62
2269,62,1043.0,3,7,0,169.32
2270,179,1937.0,2,4,0,1063.43
2271,80,2062.0,4,3,0,1188.33
2272,119,590.0,0,5,0,-283.63
2273,251,837.0,0,5,0,-36.5
2274,155,6000.0,2,5,0,5126.4
2275,221,639.0,5,8,1,-234.53
2276,303,1655.0,3,4,1,781.55
2277,130,852.0,3,4,0,-21.62
2278,276,2534.0,2,5,0,1660.52
2279,199,167.0,0,11,0,-706.55
2280,140,243.0,4,4,0,-630.61
2281,142,431.0,0,8,0,-442.61
2282,315,86.0,2,6,0,-787.44
2283,163,1226.0,1,7,0,352.41
2284,157,518.0,0,4,0,-355.59
2285,62,582.0,0,3,0,-291.68
2286,99,309.0,1,6,0,-564.65
2287,51,196.0,0,2,0,-677.69
2288,331,182.0,4,1,0,-691.42
2289,319,187.0,2,7,0,-686.44
2290,285,197.0,0,5,0,-676.47
2291,128,945.0,3,5,1,71.38
2292,25,201.0,3,6,0,-672.72
2293,348,112.0,3,8,0,-761.41
2294,248,6000.0,2,7,0,5126.49
2295,12,1931.0,3,7,1,1057.27
2296,206,860.0,2,4,1,-13.55
2297,158,292.0,1,6,0,-581.59
2298,110,105.0,1,6,1,-768.64
2299,4,124.0,6,6,0,-749.74
2300,209,31.0,1,4,0,-842.54
2301,267,120.0,3,7,0,-753.49
2302,4,502.0,1,6,0,-371.74
2303,209,729.0,2,6,0,-144.54
2304,47,681.0,3,9,0,-192.7
2305,92,106.0,2,6,0,-767.65
2306,16,376.0,2,2,0,-497.73
2307,120,162.0,2,6,0,-711.63
2308,166,496.0,3,8,0,-377.58
2309,224,400.0,0,4,0,-473.53
2310,270,657.0,2,6,0,-216.48
2311,188,173.0,2,7,0,-700.56
2312,218,88.0,4,4,1,-785.53
2313,274,409.0,2,5,0,-464.48
2314,35,39.0,1,11,0,-834.71
2315,49,604.0,5,5,1,-269.7
2316,12,309.0,3,10,0,-564.73
2317,145,1200.0,0,8,0,326.4
2318,239,1122.0,1,4,0,248.49
2319,252,3877.0,2,4,1,3003.5
2320,13,753.0,4,4,1,-120.73
2321,154,506.0,2,6,0,-367.6
2322,162,1358.0,1,5,0,484.41
2323,23,21.0,1,4,0,-852.72
2324,209,348.0,1,3,0,-525.54
2325,229,333.0,0,5,0,-540.52
2326,117,544.0,2,4,0,-329.63
2327,348,685.0,1,2,0,-188.41
2328,44,279.0,3,3,1,-594.7
2329,155,74.0,2,5,1,-799.59
2330,92,1176.0,1,2,1,302.34
2331,122,332.0,3,7,0,-541.63
2332,42,99.0,1,8,0,-774.7
2333,319,800.0,0,9,0,-73.44
2334,274,159.0,4,11,0,-714.48
2335,276,128.0,0,1,0,-745.48
2336,215,585.0,6,6,1,-288.54
2337,249,478.0,5,5,1,-395.5
2338,13,186.0,2,9,0,-687.73
2339,191,137.0,4,6,0,-736.56
2340,29,416.0,2,4,0,-457.72
2341,25,234.0,3,9,0,-639.72
2342,361,759.0,4,4,1,-114.4
2343,272,380.0,1,6,1,-493.48
2344,138,687.0,3,4,0,-186.61
2345,35,1370.0,4,5,1,496.29
2346,359,1022.0,4,6,1,148.6
2347,110,688.0,0,4,0,-185.64
2348,331,1118.0,3,4,0,244.58
2349,262,338.0,1,2,0,-535.49
2350,20,196.0,3,4,1,-677.72
2351,319,871.0,2,9,0,-2.44
2352,116,547.0,1,8,0,-326.63
2353,149,2072.0,0,7,0,1198.4
2354,322,103.0,6,10,1,-770.43
2355,110,270.0,1,4,0,-603.64
2356,165,83.0,3,4,0,-790.58
2357,68,622.0,2,2,0,-251.68
2358,207,1202.0,5,8,0,328.46
2359,269,320.0,0,6,0,-553.48
2360,249,1161.0,1,4,0,287.5
2361,191,290.0,1,4,0,-583.56
2362,227,909.0,0,5,0,35.47
2363,136,149.0,1,3,0,-724.61
2364,44,526.0,1,9,0,-347.7
2365,320,254.0,0,6,0,-619.44
2366,76,563.0,2,1,1,-310.67
2367,118,219.0,1,11,0,-654.63
2368,261,551.0,1,3,0,-322.49
2369,182,261.0,2,2,0,-612.57
2370,240,200.0,1,5,0,-673.51
2371,21,210.0,1,6,1,-663.72
2372,157,143.0,1,9,0,-730.59
2373,20,1125.0,2,6,0,251.28
2374,127,711.0,0,4,0,-162.62
2375,234,1444.0,4,7,0,570.48
2376,287,430.0,0,3,0,-443.47
2377,181,202.0,3,4,0,-671.57
2378,36,460.0,1,5,0,-413.71
2379,317,311.0,2,4,0,-562.44
2380,285,701.0,6,3,1,-172.47
2381,153,244.0,2,5,0,-629.6
2382,179,404.0,3,4,0,-469.57
2383,187,528.0,1,6,0,-345.56
2384,232,607.0,1,4,0,-266.52
2385,204,128.0,4,7,1,-745.55
2386,59,2889.0,2,5,0,2015.31
2387,73,603.0,1,7,0,-270.67
2388,133,356.0,5,4,1,-517.62
2389,356,678.0,1,7,0,-195.4
2390,152,1039.0,6,8,1,165.4
2391,19,235.0,1,7,1,-638.73
2392,148,101.0,0,10,0,-772.6
2393,114,230.0,4,9,1,-643.63
2394,28,435.0,0,10,0,-438.72
2395,38,758.0,1,8,0,-115.71
2396,153,3218.0,3,8,1,2344.4
2397,140,925.0,2,5,1,51.39
2398,91,839.0,1,6,0,-34.66
2399,54,285.0,4,9,1,-588.69
2400,219,281.0,3,8,0,-592.53
2401,25,1763.0,2,10,1,889.28
2402,309,258.0,1,12,0,-615.45
2403,339,2397.0,0,6,0,1523.58
2404,2,285.0,1,7,0,-588.74
2405,26,165.0,3,2,0,-708.72
2406,238,1046.0,3,4,1,172.49
2407,128,833.0,2,4,0,-40.62
2408,94,349.0,2,4,0,-524.65
2409,174,682.0,3,3,1,-191.58
2410,258,1098.0,2,7,0,224.5
2411,64,949.0,1,3,0,75.32
2412,55,622.0,4,4,0,-251.69
2413,342,178.0,1,3,1,-695.41
2414,336,526.0,1,6,1,-347.42
2415,183,425.0,4,6,0,-448.57
2416,110,3924.0,1,6,1,3050.36
2417,232,143.0,1,5,1,-730.52
2418,238,3361.0,2,13,1,2487.48
2419,109,111.0,3,5,0,-762.64
2420,252,200.0,1,7,0,-673.5
2421,169,358.0,1,9,0,-515.58
2422,52,601.0,1,10,0,-272.69
2423,87,926.0,3,10,0,52.34
2424,9,30.0,1,2,0,-843.73
2425,349,386.0,0,4,0,-487.41
2426,332,2785.0,1,11,0,1911.57
2427,56,3429.0,6,5,1,2555.31
2428,41,152.0,2,5,1,-721.7
2429,172,306.0,4,8,1,-567.58
2430,49,115.0,3,5,0,-758.7
2431,310,198.0,1,8,0,-675.44
2432,44,986.0,3,6,1,112.3
2433,335,187.0,1,6,0,-686.42
2434,307,2656.0,1,7,0,1782.55
2435,75,190.0,1,3,0,-683.67
2436,182,1082.0,2,6,1,208.43
2437,94,633.0,1,5,0,-240.65
2438,336,259.0,2,5,0,-614.42
2439,106,94.0,1,6,0,-779.64
2440,147,396.0,1,4,0,-477.6
2441,121,1642.0,3,7,0,768.37
2442,314,163.0,1,4,0,-710.44
2443,332,1047.0,2,11,1,173.58
2444,137,212.0,2,9,1,-661.61
2445,146,1117.0,5,5,1,243.4
2446,52,193.0,0,6,0,-680.69
2447,172,355.0,2,5,0,-518.58
2448,312,1095.0,2,6,1,221.56
2449,56,135.0,1,5,0,-738.69
2450,23,346.0,1,5,0,-527.72
2451,232,522.0,3,4,0,-351.52
2452,124,370.0,3,4,0,-503.62
2453,363,1815.0,3,7,1,941.61
2454,213,257.0,1,6,0,-616.54
2455,240,209.0,0,4,0,-664.51
2456,119,162.0,2,8,0,-711.63
2457,209,564.0,1,5,0,-309.54
2458,262,6000.0,5,6,0,5126.51
2459,44,668.0,1,5,0,-205.7
2460,298,115.0,1,4,0,-758.46
2461,62,1462.0,1,9,0,588.32
2462,286,2939.0,2,0,0,2065.53
2463,309,810.0,0,7,0,-63.45
2464,85,275.0,2,4,0,-598.66
2465,117,799.0,2,11,0,-74.63
2466,186,428.0,1,5,0,-445.56
2467,23,349.0,3,7,0,-524.72
2468,194,91.0,2,6,0,-782.56
2469,340,3627.0,1,9,1,2753.58
2470,256,543.0,0,5,0,-330.5
2471,262,410.0,2,1,1,-463.49
2472,174,76.0,4,4,1,-797.58
2473,120,171.0,1,7,0,-702.63
2474,285,234.0,1,9,0,-639.47
2475,202,358.0,1,6,0,-515.55
2476,209,181.0,2,6,0,-692.54
2477,289,374.0,2,4,0,-499.47
2478,170,1215.0,5,4,1,341.42
2479,143,97.0,4,1,1,-776.61
2480,39,320.0,0,7,0,-553.71
2481,27,395.0,2,3,0,-478.72
2482,128,160.0,3,7,0,-713.62
2483,4,252.0,2,6,0,-621.74
2484,250,262.0,3,8,0,-611.5
2485,258,1746.0,1,7,0,872.5
2486,44,92.0,2,8,1,-781.7
2487,113,4034.0,3,5,1,3160.36
2488,176,248.0,2,9,1,-625.57
2489,237,424.0,2,7,0,-449.52
2490,23,350.0,3,8,0,-523.72
2491,300,584.0,4,8,1,-289.45
2492,33,1114.0,2,4,0,240.29
2493,337,310.0,3,3,0,-563.42
2494,103,3539.0,0,6,0,2665.35
2495,200,92.0,3,4,1,-781.55
2496,143,1329.0,4,6,1,455.39
2497,360,364.0,4,5,0,-509.4
2498,49,6000.0,0,6,0,5126.3
2499,333,2113.0,4,9,1,1239.58
2500,163,767.0,1,2,0,-106.59
2501,165,670.0,1,9,0,-203.58
2502,65,570.0,0,6,0,-303.68
2503,294,1334.0,6,5,1,460.54
2504,194,346.0,4,10,1,-527.56
2505,89,81.0,3,1,0,-792.66
2506,174,614.0,5,6,1,-259.58
2507,137,490.0,4,8,0,-383.61
2508,226,464.0,3,7,0,-409.53
2509,192,1533.0,1,11,0,659.44
2510,323,304.0,5,5,0,-569.43
2511,285,190.0,3,6,0,-683.47
2512,244,277.0,3,3,0,-596.51
2513,44,190.0,2,12,1,-683.7
2514,1,1223.0,2,3,1,349.26
2515,335,425.0,4,8,0,-448.42
2516,332,1105.0,2,8,0,231.58
2517,130,129.0,6,8,1,-744.62
2518,133,627.0,3,8,0,-246.62
2519,163,519.0,4,7,1,-354.59
2520,255,133.0,3,7,0,-740.5
2521,190,785.0,2,5,0,-88.56
2522,163,321.0,3,7,1,-552.59
2523,126,143.0,4,10,1,-730.62
2524,332,1619.0,4,4,0,745.58
2525,230,356.0,3,4,0,-517.52
2526,34,681.0,1,4,0,-192.71
2527,223,210.0,2,10,0,-663.53
2528,312,70.0,0,5,0,-803.44
2529,209,325.0,5,4,1,-548.54
2530,175,1166.0,2,7,0,292.42
2531,276,1068.0,5,6,1,194.52
2532,264,877.0,1,3,0,3.51
2533,326,818.0,2,6,0,-55.43
2534,279,978.0,5,8,0,104.52
2535,264,799.0,0,1,0,-74.49
2536,202,808.0,1,2,0,-65.55
2537,103,185.0,0,6,0,-688.64
2538,300,139.0,5,5,1,-734.45
2539,165,222.0,2,4,0,-651.58
2540,362,371.0,3,7,1,-502.39
2541,319,172.0,2,2,1,-701.44
2542,222,270.0,1,8,0,-603.53
2543,8,2504.0,2,5,0,1630.26
2544,283,978.0,1,4,0,104.53
2545,94,601.0,1,4,0,-272.65
2546,153,185.0,3,3,0,-688.6
2547,297,51.0,0,6,0,-822.46
2548,83,4536.0,2,7,0,3662.33
2549,167,481.0,1,3,0,-392.58
2550,235,1453.0,1,6,0,579.48
2551,146,2407.0,2,1,0,1533.4
2552,15,508.0,3,4,0,-365.73
2553,93,568.0,0,5,0,-305.65
2554,138,414.0,1,8,0,-459.61
2555,282,162.0,2,5,0,-711.47
2556,275,588.0,2,8,0,-285.48
2557,159,252.0,3,6,1,-621.59
2558,334,721.0,4,7,0,-152.42
2559,21,273.0,0,13,0,-600.72
2560,252,81.0,3,8,0,-792.5
2561,81,465.0,3,8,0,-408.67
2562,247,264.0,3,6,0,-609.51
2563,344,555.0,3,4,0,-318.41
2564,52,143.0,1,8,1,-730.69
2565,74,121.0,1,6,1,-752.67
2566,302,241.0,1,2,0,-632.45
2567,111,627.0,3,7,0,-246.64
2568,343,2142.0,1,6,0,1268.59
2569,159,6000.0,1,3,1,5126.41
2570,78,860.0,1,5,0,-13.67
2571,99,368.0,3,6,1,-505.65
2572,25,165.0,1,4,1,-708.72
2573,11,203.0,1,3,0,-670.73
2574,199,769.0,3,6,0,-104.55
2575,43,700.0,2,6,1,-173.7
2576,168,157.0,0,4,0,-716.58
2577,291,675.0,3,11,0,-198.46
2578,305,71.0,0,3,0,-802.45
2579,174,197.0,4,8,1,-676.58
2580,190,2319.0,1,4,1,1445.44
2581,171,245.0,1,6,0,-628.58
2582,203,1859.0,4,7,1,985.45
2583,38,246.0,2,7,1,-627.71
2584,135,1072.0,0,11,0,198.39
2585,153,168.0,1,7,0,-705.6
2586,171,413.0,1,6,0,-460.58
2587,68,2845.0,0,11,0,1971.32
2588,318,699.0,3,7,1,-174.44
2589,57,224.0,1,4,1,-649.69
2590,110,3592.0,3,11,1,2718.36
2591,83,514.0,1,8,0,-359.66
2592,194,151.0,3,4,1,-722.56
2593,262,6000.0,0,2,0,5126.51
2594,334,743.0,3,11,0,-130.42
2595,99,2658.0,2,7,1,1784.35
2596,105,234.0,2,5,1,-639.64
2597,103,2348.0,2,5,0,1474.35
2598,18,3016.0,1,8,0,2142.27
2599,334,1157.0,3,14,0,283.58
2600,236,1033.0,2,10,0,159.48
2601,267,22.0,0,7,0,-851.49
2602,53,507.0,3,5,1,-366.69
2603,201,719.0,3,9,1,-154.55
2604,129,294.0,1,7,1,-579.62
2605,212,150.0,1,5,0,-723.54
2606,264,250.0,4,5,0,-623.49
2607,176,754.0,3,11,1,-119.57
2608,178,2134.0,2,4,0,1260.43
2609,162,605.0,4,7,1,-268.59
2610,341,212.0,1,5,0,-661.41
2611,41,168.0,0,11,0,-705.7
2612,74,391.0,0,6,0,-482.67
2613,363,501.0,3,10,0,-372.39
2614,177,100.0,1,3,0,-773.57
2615,6,430.0,3,3,0,-443.74
2616,33,5760.0,0,8,0,4886.29
2617,326,3160.0,2,10,0,2286.57
2618,351,388.0,3,6,1,-485.41
2619,115,136.0,2,10,0,-737.63
2620,50,675.0,2,8,0,-198.7
2621,26,238.0,2,5,1,-635.72
2622,15,623.0,2,2,0,-250.73
2623,278,881.0,0,5,0,7.52
2624,82,348.0,1,7,1,-525.66
2625,72,249.0,1,5,0,-624.67
2626,102,458.0,0,10,1,-415.65
2627,109,1011.0,4,6,1,137.36
2628,238,890.0,0,5,0,16.49
2629,329,612.0,1,6,0,-261.43
2630,336,82.0,2,11,0,-791.42
2631,207,199.0,0,9,0,-674.54
2632,294,189.0,5,10,1,-684.46
2633,87,1304.0,3,10,1,430.34
2634,248,122.0,0,7,0,-751.5
2635,343,215.0,1,9,0,-658.41
2636,7,4747.0,1,5,0,3873.26
2637,150,885.0,2,3,0,11.4
2638,328,591.0,1,8,1,-282.43
2639,278,402.0,0,7,0,-471.48
2640,45,4157.0,3,3,1,3283.3
2641,71,6000.0,3,9,0,5126.32
2642,167,644.0,4,6,1,-229.58
2643,119,209.0,1,10,1,-664.63
2644,3,719.0,2,8,0,-154.74
2645,336,1878.0,4,6,1,1004.58
2646,275,395.0,2,3,0,-478.48
2647,223,1299.0,1,3,0,425.47
2648,245,138.0,1,7,0,-735.51
2649,80,4173.0,2,2,0,3299.33
2650,68,555.0,3,6,0,-318.68
2651,324,486.0,5,6,1,-387.43
2652,293,836.0,1,4,1,-37.46
2653,332,729.0,4,1,1,-144.42
2654,350,895.0,2,7,0,21.59
2655,133,513.0,0,7,1,-360.62
2656,106,1097.0,1,9,0,223.36
2657,224,142.0,0,7,0,-731.53
2658,9,200.0,1,5,1,-673.73
2659,155,454.0,3,6,1,-419.59
2660,201,2520.0,1,3,0,1646.45
2661,33,89.0,1,6,1,-784.71
2662,129,376.0,2,6,1,-497.62
2663,209,717.0,3,8,0,-156.54
2664,291,333.0,3,4,0,-540.46
2665,252,151.0,1,6,0,-722.5
2666,295,556.0,0,4,0,-317.46
2667,46,113.0,2,2,1,-760.7
2668,294,965.0,1,7,0,91.54
2669,196,336.0,1,6,0,-537.55
2670,126,119.0,1,5,0,-754.62
2671,121,198.0,0,9,0,-675.63
2672,247,931.0,2,7,0,57.49
2673,135,39.0,4,8,0,-834.61
2674,145,280.0,6,7,1,-593.6
2675,96,1062.0,1,10,1,188.35
2676,98,6000.0,1,6,0,5126.35
2677,149,387.0,3,5,0,-486.6
2678,272,470.0,1,6,0,-403.48
2679,234,1726.0,1,5,0,852.48
2680,57,3950.0,1,4,0,3076.31
2681,238,6000.0,2,6,0,5126.48
2682,44,93.0,1,9,1,-780.7
2683,327,927.0,2,6,0,53.57
2684,124,166.0,1,3,0,-707.62
2685,237,107.0,1,9,0,-766.52
2686,33,512.0,3,5,0,-361.71
2687,364,90.0,3,8,0,-783.39
2688,288,875.0,3,8,0,1.53
2689,44,310.0,2,11,1,-563.7
2690,289,1289.0,2,5,1,415.53
2691,48,53.0,0,7,0,-820.7
2692,129,604.0,2,6,0,-269.62
2693,247,638.0,3,7,1,-235.51
2694,172,1524.0,1,5,0,650.42
2695,147,489.0,3,3,0,-384.6
2696,28,161.0,1,11,0,-712.72
2697,194,315.0,5,6,1,-558.56
2698,44,550.0,5,6,1,-323.7
2699,204,375.0,3,6,0,-498.55
2700,265,305.0,3,4,0,-568.49
2701,69,255.0,2,8,1,-618.68
2702,44,99.0,2,6,0,-774.7
2703,332,3861.0,2,4,0,2987.57
2704,22,133.0,3,5,0,-740.72
2705,69,402.0,1,8,0,-471.68
2706,114,6000.0,3,7,1,5126.36
2707,288,352.0,0,6,0,-521.47
2708,101,958.0,1,5,1,84.35
2709,188,1691.0,1,3,0,817.44
2710,46,912.0,1,7,0,38.3
2711,220,862.0,3,6,1,-11.53
2712,149,236.0,3,5,1,-637.6
2713,252,226.0,3,4,0,-647.5
2714,13,356.0,2,8,0,-517.73
2715,6,210.0,2,10,0,-663.74
2716,24,2816.0,4,8,0,1942.28
2717,328,169.0,1,4,0,-704.43
2718,194,4366.0,2,7,0,3492.44
2719,248,271.0,5,6,1,-602.5
2720,53,672.0,0,6,0,-201.69
2721,157,544.0,5,11,1,-329.59
2722,103,357.0,2,6,1,-516.64
2723,65,225.0,2,5,0,-648.68
2724,95,135.0,3,3,0,-738.65
2725,357,1331.0,3,6,0,457.6
2726,219,1278.0,0,5,0,404.47
2727,133,4159.0,2,5,0,3285.38
2728,67,291.0,2,3,0,-582.68
2729,55,75.0,3,6,0,-798.69
2730,281,635.0,1,4,0,-238.47
2731,248,461.0,2,3,0,-412.5
2732,349,2371.0,3,7,0,1497.59
2733,186,261.0,4,9,1,-612.56
2734,183,1531.0,2,9,1,657.43
2735,253,726.0,0,3,0,-147.5
2736,232,3781.0,6,7,1,2907.48
2737,176,75.0,3,18,1,-798.57
2738,178,255.0,4,9,1,-618.57
2739,303,552.0,2,4,0,-321.45
2740,189,64.0,2,4,0,-809.56
2741,307,1077.0,1,9,0,203.55
2742,155,655.0,0,12,0,-218.59
2743,72,74.0,3,10,0,-799.67
2744,49,505.0,3,4,1,-368.7
2745,132,191.0,1,9,0,-682.62
2746,90,432.0,4,5,1,-441.66
2747,231,322.0,1,5,0,-551.52
2748,125,1902.0,2,6,0,1028.38
2749,76,1746.0,1,6,0,872.33
2750,365,138.0,2,5,0,-735.39
2751,319,215.0,2,4,0,-658.44
2752,4,306.0,2,7,0,-567.74
2753,189,666.0,2,8,1,-207.56
2754,196,1550.0,2,8,0,676.44
2755,313,2204.0,2,5,0,1330.56
2756,357,592.0,4,11,0,-281.4
2757,190,2851.0,0,2,0,1977.44
2758,178,1070.0,2,8,0,196.43
2759,243,1344.0,1,3,0,470.49
2760,151,145.0,1,5,1,-728.6
2761,356,836.0,3,4,1,-37.4
2762,6,30.0,4,7,1,-843.74
2763,308,530.0,0,6,0,-343.45
2764,207,364.0,3,3,1,-509.54
2765,12,2140.0,1,6,0,1266.27
2766,238,808.0,4,6,0,-65.51
2767,51,247.0,2,2,0,-626.69
2768,261,455.0,3,9,0,-418.49
2769,358,593.0,1,11,0,-280.4
2770,356,1093.0,0,5,0,219.6
2771,263,475.0,0,2,0,-398.49
2772,355,1313.0,0,5,0,439.6
2773,244,148.0,2,5,0,-725.51
2774,292,439.0,2,4,0,-434.46
2775,234,189.0,2,8,0,-684.52
2776,172,576.0,1,6,0,-297.58
2777,147,1534.0,2,4,0,660.4
2778,81,1176.0,2,8,0,302.33
2779,175,806.0,2,5,1,-67.58
2780,81,167.0,2,7,0,-706.67
2781,31,173.0,2,7,1,-700.71
2782,166,930.0,2,6,1,56.42
2783,148,517.0,2,7,0,-356.6
2784,282,1105.0,4,5,1,231.53
2785,9,279.0,3,7,0,-594.73
2786,38,255.0,1,4,0,-618.71
2787,354,1724.0,4,3,0,850.6
2788,136,520.0,1,7,0,-353.61
2789,112,595.0,2,6,0,-278.64
2790,313,414.0,3,7,0,-459.44
2791,90,1420.0,3,3,0,546.34
2792,72,373.0,2,4,1,-500.67
2793,196,1385.0,2,9,0,511.44
2794,359,2149.0,4,2,0,1275.6
2795,192,380.0,1,5,0,-493.56
2796,9,304.0,1,14,0,-569.74
2797,219,1399.0,1,7,0,525.47
2798,357,81.0,3,8,0,-792.4
2799,133,3488.0,1,2,0,2614.38
2800,2,96.0,1,5,0,-777.74
2801,210,344.0,1,2,0,-529.54
2802,167,220.0,4,6,0,-653.58
2803,245,65.0,1,1,0,-808.51
2804,48,1341.0,5,6,0,467.3
2805,242,112.0,4,2,0,-761.51
2806,291,403.0,1,6,0,-470.46
2807,342,170.0,2,8,0,-703.41
2808,311,4399.0,4,3,0,3525.55
2809,183,466.0,3,11,0,-407.57
2810,63,144.0,1,5,0,-729.68
2811,183,604.0,0,5,0,-269.57
2812,110,240.0,2,5,0,-633.64
2813,221,3520.0,1,6,0,2646.47
2814,249,4749.0,3,4,0,3875.49
2815,67,2070.0,1,6,0,1196.32
2816,290,34.0,3,4,0,-839.46
2817,97,553.0,1,8,1,-320.65
2818,250,88.0,2,10,0,-785.5
2819,249,238.0,0,13,0,-635.5
2820,99,96.0,2,5,0,-777.65
2821,272,987.0,3,7,1,113.52
2822,10,2237.0,1,6,0,1363.27
2823,233,1006.0,1,5,0,132.48
2824,210,1809.0,3,6,0,935.46
2825,357,4535.0,3,7,1,3661.6
2826,304,832.0,3,6,0,-41.45
2827,99,58.0,2,6,0,-815.65
2828,251,729.0,3,8,0,-144.5
2829,312,549.0,1,7,0,-324.44
2830,207,554.0,1,7,0,-319.54
2831,79,406.0,3,6,0,-467.67
2832,16,1329.0,2,8,0,455.27
2833,318,3697.0,1,8,0,2823.56
2834,141,817.0,4,4,0,-56.61
2835,92,93.0,1,6,0,-780.65
2836,23,183.0,1,7,0,-690.72
2837,193,1786.0,2,4,0,912.44
2838,158,761.0,1,5,0,-112.59
2839,66,268.0,2,8,1,-605.68
2840,241,2090.0,1,3,1,1216.49
2841,156,278.0,3,10,1,-595.59
2842,147,4262.0,1,10,0,3388.4
2843,57,194.0,2,5,1,-679.69
2844,21,440.0,3,2,0,-433.72
2845,364,203.0,1,5,0,-670.39
2846,305,78.0,2,6,0,-795.45
2847,196,296.0,1,5,0,-577.55
2848,218,5879.0,2,3,0,5005.46
2849,273,769.0,2,2,0,-104.48
2850,68,540.0,2,6,0,-333.68
2851,186,223.0,2,5,0,-650.56
2852,63,842.0,4,5,1,-31.68
2853,42,308.0,2,7,0,-565.7
2854,133,200.0,1,7,1,-673.62
2855,5,1285.0,0,4,1,411.26
2856,314,204.0,3,6,1,-669.44
2857,186,301.0,1,5,0,-572.56
2858,163,2941.0,1,7,0,2067.41
2859,231,89.0,1,3,0,-784.52
2860,157,707.0,2,8,1,-166.59
2861,16,545.0,3,5,1,-328.73
2862,104,146.0,3,6,0,-727.64
2863,134,400.0,1,5,0,-473.61
2864,315,3382.0,1,5,0,2508.56
2865,299,2791.0,3,6,1,1917.54
2866,173,2393.0,1,7,0,1519.42
2867,265,283.0,0,6,0,-590.49
2868,340,120.0,3,9,0,-753.42
2869,177,150.0,1,7,0,-723.57
2870,183,263.0,4,10,1,-610.57
2871,69,212.0,2,2,1,-661.68
2872,225,627.0,1,5,0,-246.53
2873,76,60.0,0,2,0,-813.67
2874,73,304.0,1,4,1,-569.67
2875,361,28.0,4,4,0,-845.4
2876,307,209.0,2,7,1,-664.45
2877,335,398.0,1,3,0,-475.42
2878,199,488.0,5,8,1,-385.55
2879,40,329.0,2,7,0,-544.7
2880,238,579.0,0,8,0,-294.51
2881,133,1226.0,0,5,0,352.38
2882,203,3214.0,1,9,0,2340.45
2883,93,256.0,0,4,0,-617.65
2884,227,2481.0,3,1,0,1607.47
2885,2,890.0,4,7,1,16.26
2886,177,407.0,0,5,0,-466.57
2887,140,79.0,2,5,0,-794.61
2888,187,455.0,4,6,1,-418.56
2889,286,228.0,6,3,1,-645.47
2890,229,4547.0,1,4,0,3673.48
2891,254,291.0,1,7,0,-582.5
2892,206,4532.0,3,5,1,3658.45
2893,104,6000.0,2,7,0,5126.35
2894,133,242.0,0,8,0,-631.62
2895,29,1363.0,0,2,1,489.28
2896,344,257.0,0,14,1,-616.41
2897,216,185.0,4,7,0,-688.54
2898,283,171.0,0,5,0,-702.47
2899,225,631.0,2,2,1,-242.53
2900,266,339.0,0,4,0,-534.49
2901,13,370.0,3,6,1,-503.73
2902,6,2920.0,3,9,1,2046.26
2903,235,261.0,1,8,0,-612.52
2904,291,125.0,2,3,0,-748.46
2905,1,478.0,2,7,0,-395.74
2906,176,419.0,2,7,0,-454.57
2907,9,210.0,1,3,0,-663.73
2908,80,170.0,4,9,1,-703.67
2909,46,375.0,0,6,0,-498.7
2910,105,128.0,4,8,0,-745.64
2911,217,697.0,2,14,0,-176.53
2912,2,190.0,3,2,0,-683.74
2913,143,937.0,4,2,1,63.39
2914,42,142.0,2,8,0,-731.7
2915,251,1026.0,2,7,0,152.5
2916,270,172.0,1,8,0,-701.48
2917,303,237.0,0,7,0,-636.45
2918,33,282.0,1,6,0,-591.71
2919,304,3458.0,2,7,0,2584.55
2920,211,251.0,4,3,1,-622.54
2921,364,1601.0,3,3,0,727.61
2922,163,148.0,1,3,0,-725.59
2923,238,76.0,1,7,1,-797.51
2924,191,56.0,3,5,1,-817.56
2925,103,101.0,2,7,0,-772.64
2926,286,2928.0,4,4,1,2054.53
2927,41,169.0,1,4,0,-704.7
2928,80,88.0,3,9,1,-785.67
2929,223,348.0,1,8,0,-525.53
2930,61,370.0,3,6,1,-503.68
2931,49,1812.0,3,8,1,938.3
2932,15,352.0,2,6,1,-521.73
2933,227,465.0,1,5,1,-408.52
2934,74,544.0,2,4,0,-329.67
2935,12,534.0,4,7,1,-339.73
2936,282,63.0,3,10,0,-810.47
2937,45,240.0,1,8,0,-633.7
2938,330,518.0,2,5,0,-355.43
2939,213,79.0,2,6,1,-794.54
2940,233,478.0,1,1,0,-395.52
2941,231,1800.0,4,4,0,926.48
2942,295,626.0,1,3,0,-247.46
2943,34,101.0,0,4,0,-772.71
2944,193,1470.0,0,7,0,596.44
2945,91,386.0,3,3,1,-487.66
2946,320,1503.0,1,6,0,629.56
2947,62,75.0,0,6,0,-798.68
2948,244,626.0,3,3,0,-247.51
2949,49,449.0,2,8,0,-424.7
2950,247,461.0,0,7,0,-412.51
2951,323,1112.0,2,4,0,238.57
2952,182,1664.0,2,4,0,790.43
2953,212,492.0,2,5,1,-381.54
2954,156,1324.0,2,4,0,450.41
2955,18,261.0,2,3,0,-612.73
2956,169,621.0,1,4,0,-252.58
2957,9,967.0,2,4,0,93.27
2958,23,145.0,1,3,0,-728.72
2959,200,65.0,2,3,0,-808.55
2960,69,157.0,2,4,0,-716.68
2961,71,1870.0,2,9,1,996.32
2962,216,119.0,1,7,0,-754.54
2963,259,167.0,1,8,0,-706.49
2964,158,208.0,4,12,0,-665.59
2965,196,279.0,2,7,0,-594.55
2966,53,603.0,2,6,0,-270.69
2967,91,218.0,1,6,1,-655.66
2968,315,4306.0,0,6,0,3432.56
2969,161,830.0,4,6,0,-43.59
2970,105,584.0,2,9,0,-289.64
2971,94,572.0,2,5,0,-301.65
2972,27,345.0,1,12,1,-528.72
2973,360,1387.0,1,5,0,513.6
2974,264,6000.0,3,9,1,5126.51
2975,84,140.0,3,7,0,-733.66
2976,12,65.0,3,3,1,-808.73
2977,237,502.0,2,2,0,-371.52
2978,225,690.0,2,8,0,-183.53
2979,312,4566.0,5,6,0,3692.56
2980,68,172.0,2,4,0,-701.68
2981,363,1159.0,4,11,0,285.61
2982,204,236.0,2,6,1,-637.55
2983,216,278.0,3,6,0,-595.54
2984,7,605.0,0,8,0,-268.74
2985,201,448.0,4,11,1,-425.55
2986,145,2645.0,1,9,0,1771.4
2987,337,1447.0,2,3,0,573.58
2988,338,476.0,2,4,0,-397.42
2989,30,421.0,1,7,0,-452.71
2990,183,397.0,1,5,0,-476.57
2991,261,6000.0,0,8,0,5126.51
2992,111,948.0,2,9,0,74.36
2993,242,275.0,1,6,1,-598.51
2994,116,125.0,3,11,1,-748.63
2995,92,140.0,2,3,1,-733.65
2996,330,284.0,3,3,0,-589.43
2997,257,772.0,1,4,0,-101.5
2998,179,492.0,3,4,0,-381.57
2999,306,1459.0,2,4,0,585.55
3000,321,472.0,1,8,0,-401.43
3001,341,406.0,4,3,0,-467.41
3002,334,501.0,2,5,0,-372.42
3003,141,2396.0,0,6,0,1522.39
3004,50,158.0,4,7,0,-715.7
3005,304,165.0,1,6,0,-708.45
3006,151,2030.0,1,9,1,1156.4
3007,229,102.0,2,7,1,-771.52
3008,83,158.0,3,6,1,-715.66
3009,192,146.0,2,5,1,-727.56
3010,71,288.0,1,1,1,-585.67
3011,75,129.0,3,6,0,-744.67
3012,180,216.0,1,5,0,-657.57
3013,354,462.0,1,11,1,-411.4
3014,48,394.0,1,9,0,-479.7
3015,84,40.0,1,9,0,-833.66
3016,228,194.0,4,5,1,-679.52
3017,187,1204.0,3,8,1,330.44
3018,98,272.0,1,8,1,-601.65
3019,266,280.0,5,7,1,-593.49
3020,154,182.0,5,9,1,-691.6
3021,208,248.0,2,7,0,-625.54
3022,179,548.0,2,3,0,-325.57
3023,69,357.0,3,5,0,-516.68
3024,120,1108.0,2,3,0,234.37
3025,204,1427.0,4,7,1,553.45
3026,316,2120.0,0,10,0,1246.56
3027,292,651.0,6,12,1,-222.46
3028,135,296.0,6,8,1,-577.61
3029,27,1519.0,3,7,0,645.28
3030,274,884.0,5,5,1,10.52
3031,37,358.0,3,8,1,-515.71
3032,300,609.0,2,5,0,-264.45
3033,105,1302.0,2,7,0,428.36
3034,224,187.0,2,8,0,-686.53
3035,289,189.0,3,5,0,-684.47
3036,94,169.0,3,5,0,-704.65
3037,134,225.0,2,4,0,-648.61
3038,118,754.0,1,6,1,-119.63
3039,140,65.0,2,8,0,-808.61
3040,179,64.0,3,4,1,-809.57
3041,264,277.0,0,5,0,-596.49
3042,66,401.0,2,6,1,-472.68
3043,343,439.0,2,4,0,-434.41
3044,325,167.0,5,4,0,-706.43
3045,108,245.0,3,3,0,-628.64
3046,343,2445.0,2,12,0,1571.59
3047,173,181.0,1,7,0,-692.58
3048,151,1104.0,3,7,0,230.4
3049,280,2474.0,2,4,0,1600.53
3050,74,1040.0,1,7,0,166.33
3051,57,638.0,5,4,1,-235.69
3052,159,339.0,1,5,0,-534.59
3053,244,139.0,1,4,0,-734.51
3054,232,208.0,1,7,1,-665.52
3055,52,3055.0,3,10,1,2181.31
3056,74,103.0,3,5,1,-770.67
3057,332,75.0,0,6,0,-798.42
3058,221,1078.0,5,7,1,204.47
3059,46,162.0,2,7,0,-711.7
3060,193,3420.0,2,6,0,2546.44
3061,358,549.0,3,3,1,-324.4
3062,342,1062.0,4,10,0,188.59
3063,70,2284.0,1,2,1,1410.32
3064,216,87.0,0,4,0,-786.54
3065,112,652.0,1,9,0,-221.64
3066,49,877.0,4,5,0,3.3
3067,136,659.0,2,7,0,-214.61
3068,262,320.0,1,5,1,-553.49
3069,65,799.0,1,5,0,-74.68
3070,300,299.0,1,4,0,-574.45
3071,182,66.0,3,6,1,-807.57
3072,302,767.0,3,1,0,-106.45
3073,323,153.0,3,2,0,-720.43
3074,97,2994.0,3,5,0,2120.35
3075,86,206.0,2,7,1,-667.66
3076,125,597.0,4,4,0,-276.62
3077,257,324.0,1,9,0,-549.5
3078,206,454.0,0,6,0,-419.55
3079,265,276.0,3,7,0,-597.49
3080,240,2191.0,1,8,0,1317.49
3081,8,366.0,2,8,0,-507.74
3082,232,50.0,1,2,1,-823.52
3083,321,1968.0,2,5,1,1094.56
3084,9,2022.0,2,5,0,1148.26
3085,98,173.0,4,6,1,-700.65
3086,144,791.0,4,2,1,-82.6
3087,110,26.0,3,4,0,-847.64
3088,111,1439.0,1,5,0,565.36
3089,267,449.0,0,7,0,-424.49
3090,343,1108.0,2,3,0,234.59
3091,134,3797.0,5,7,1,2923.38
3092,142,189.0,1,10,1,-684.61
3093,138,717.0,3,6,0,-156.61
3094,289,4111.0,2,5,0,3237.53
3095,198,287.0,2,8,1,-586.55
3096,186,105.0,4,4,0,-768.56
3097,242,390.0,3,5,1,-483.51
3098,261,169.0,1,9,1,-704.49
3099,160,664.0,3,6,1,-209.59
3100,218,1358.0,3,7,0,484.47
3101,278,901.0,1,9,1,27.52
3102,288,113.0,3,3,0,-760.47
3103,70,1409.0,1,3,0,535.32
3104,211,760.0,2,4,0,-113.54
3105,184,935.0,3,3,0,61.43
3106,128,372.0,2,6,1,-501.62
3107,187,463.0,2,6,1,-410.56
3108,77,1348.0,1,5,0,474.33
3109,358,903.0,4,5,0,29.6
3110,78,199.0,2,2,1,-674.67
3111,183,288.0,1,5,0,-585.57
3112,85,587.0,3,5,0,-286.66
3113,8,260.0,2,4,1,-613.74
3114,235,1014.0,0,3,0,140.48
3115,340,271.0,1,8,0,-602.42
3116,17,764.0,2,4,0,-109.73
3117,365,1320.0,3,7,1,446.61
3118,247,529.0,3,8,1,-344.51
3119,105,296.0,2,8,0,-577.64
3120,190,1396.0,1,4,1,522.44
3121,205,399.0,1,6,0,-474.55
3122,301,169.0,3,7,0,-704.45
3123,81,160.0,4,2,0,-713.67
3124,63,916.0,4,5,0,42.32
3125,107,189.0,1,4,0,-684.64
3126,251,568.0,0,5,0,-305.5
3127,144,106.0,3,9,1,-767.6
3128,127,1416.0,1,8,0,542.38
3129,4,122.0,2,6,0,-751.74
3130,198,564.0,1,11,0,-309.55
3131,148,359.0,3,9,1,-514.6
3132,248,185.0,4,9,1,-688.5
3133,136,820.0,4,6,1,-53.61
3134,85,950.0,2,5,1,76.34
3135,360,585.0,1,6,0,-288.4
3136,218,1506.0,4,4,0,632.47
3137,22,277.0,3,8,1,-596.72
3138,263,1131.0,0,6,0,257.51
3139,226,488.0,1,2,0,-385.53
3140,170,56.0,3,6,0,-817.58
3141,341,599.0,3,9,0,-274.42
3142,297,1261.0,0,5,0,387.54
3143,128,391.0,2,7,1,-482.62
3144,193,4656.0,2,5,0,3782.44
3145,363,390.0,1,5,0,-483.39
3146,148,355.0,1,7,1,-518.6
3147,108,169.0,2,7,0,-704.64
3148,192,216.0,0,4,0,-657.56
3149,145,274.0,0,8,0,-599.6
3150,218,1132.0,1,7,1,258.47
3151,309,558.0,4,3,0,-315.45
3152,36,3165.0,1,9,0,2291.29
3153,65,156.0,2,6,0,-717.68
3154,277,299.0,0,6,0,-574.48
3155,8,598.0,4,7,1,-275.74
3156,335,1834.0,3,7,0,960.58
3157,320,2115.0,3,7,0,1241.56
3158,281,501.0,1,4,0,-372.47
3159,153,893.0,1,12,0,19.4
3160,15,566.0,1,1,0,-307.73
3161,72,1300.0,2,5,1,426.33
3162,114,895.0,2,6,0,21.37
3163,222,3792.0,0,13,0,2918.47
3164,259,351.0,3,5,1,-522.49
3165,180,617.0,3,7,1,-256.57
3166,76,484.0,1,5,0,-389.67
3167,298,316.0,5,10,0,-557.46
3168,133,681.0,3,6,0,-192.62
3169,310,1774.0,1,5,0,900.55
3170,146,196.0,1,3,0,-677.6
3171,150,283.0,1,4,0,-590.6
3172,346,134.0,2,7,1,-739.41
3173,361,78.0,1,7,1,-795.4
3174,28,394.0,2,4,0,-479.72
3175,303,26.0,1,4,0,-847.45
3176,204,217.0,4,6,0,-656.55
3177,143,314.0,3,9,0,-559.61
3178,174,722.0,4,5,0,-151.58
3179,146,286.0,2,3,1,-587.6
3180,160,514.0,2,7,0,-359.59
3181,207,265.0,3,7,1,-608.54
3182,289,120.0,4,9,0,-753.47
3183,28,956.0,4,8,1,82.28
3184,198,307.0,1,6,1,-566.55
3185,340,73.0,4,5,0,-800.42
3186,65,192.0,1,10,1,-681.68
3187,311,434.0,3,7,0,-439.44
3188,258,596.0,0,4,0,-277.5
3189,162,963.0,1,8,0,89.41
3190,218,202.0,1,5,0,-671.53
3191,328,121.0,1,8,1,-752.43
3192,185,3181.0,1,2,0,2307.43
3193,95,65.0,1,6,0,-808.65
3194,225,382.0,0,4,0,-491.53
3195,51,1458.0,0,5,0,584.31
3196,255,156.0,0,6,0,-717.5
3197,355,185.0,1,6,0,-688.4
3198,280,205.0,3,4,0,-668.47
3199,76,683.0,2,6,1,-190.67
3200,224,1063.0,1,2,0,189.47
3201,42,2341.0,1,5,0,1467.3
3202,244,179.0,4,8,1,-694.51
3203,97,187.0,1,6,0,-686.65
3204,14,420.0,3,9,0,-453.73
3205,156,228.0,2,9,0,-645.59
3206,129,305.0,2,7,0,-568.62
3207,254,860.0,2,9,0,-13.5
3208,186,46.0,1,9,0,-827.56
3209,137,851.0,2,4,0,-22.61
3210,175,651.0,3,5,1,-222.58
3211,156,88.0,2,8,0,-785.59
3212,348,638.0,1,6,1,-235.41
3213,184,177.0,0,4,0,-696.57
3214,199,249.0,1,9,1,-624.55
3215,301,2281.0,1,7,0,1407.55
3216,148,847.0,2,3,0,-26.6
3217,143,494.0,2,6,0,-379.61
3218,54,1085.0,1,7,0,211.31
3219,156,440.0,5,4,1,-433.59
3220,79,31.0,0,6,0,-842.67
3221,309,2078.0,4,3,1,1204.55
3222,220,139.0,2,8,1,-734.53
3223,15,153.0,2,7,1,-720.73
3224,157,1210.0,0,5,0,336.41
3225,78,852.0,1,4,0,-21.67
3226,191,874.0,2,5,0,0.44
3227,347,3821.0,2,5,0,2947.59
3228,332,1038.0,0,6,0,164.58
3229,129,1387.0,2,4,0,513.38
3230,317,130.0,3,7,0,-743.44
3231,363,242.0,0,3,0,-631.39
3232,310,109.0,1,4,0,-764.44
3233,173,505.0,1,7,0,-368.58
3234,238,1491.0,0,3,0,617.49
3235,231,111.0,1,3,0,-762.52
3236,188,213.0,4,7,0,-660.56
3237,118,616.0,1,9,1,-257.63
3238,112,1748.0,0,7,0,874.36
3239,7,577.0,5,6,0,-296.74
3240,92,407.0,2,6,1,-466.65
3241,130,115.0,4,8,1,-758.62
3242,286,512.0,3,9,0,-361.47
3243,248,364.0,4,4,1,-509.5
3244,33,601.0,3,9,1,-272.71
3245,194,822.0,0,5,0,-51.56
3246,114,370.0,3,3,1,-503.63
3247,112,565.0,1,5,0,-308.64
3248,83,282.0,0,10,1,-591.66
3249,303,848.0,1,10,0,-25.45
3250,265,779.0,2,2,0,-94.49
3251,102,1894.0,4,4,1,1020.35
3252,72,985.0,1,1,0,111.33
3253,117,201.0,3,7,0,-672.63
3254,352,435.0,4,7,0,-438.4
3255,318,205.0,2,7,0,-668.44
3256,360,3035.0,4,5,0,2161.6
3257,241,418.0,0,8,0,-455.51
3258,34,372.0,2,5,1,-501.71
3259,97,1271.0,2,6,0,397.35
3260,247,508.0,3,6,0,-365.51
3261,350,2104.0,3,4,0,1230.59
3262,160,358.0,1,2,0,-515.59
3263,165,300.0,2,7,1,-573.58
3264,288,140.0,1,4,0,-733.47
3265,85,566.0,2,5,1,-307.66
3266,267,254.0,1,6,0,-619.49
3267,242,766.0,2,5,0,-107.51
3268,48,657.0,0,3,0,-216.7
3269,104,159.0,4,11,1,-714.64
3270,169,679.0,1,5,1,-194.58
3271,326,3625.0,2,3,0,2751.57
3272,55,653.0,2,12,1,-220.69
3273,127,225.0,2,8,0,-648.62
3274,64,1287.0,3,5,0,413.32
3275,69,109.0,1,8,0,-764.68
3276,264,375.0,3,8,1,-498.49
3277,224,296.0,1,3,0,-577.53
3278,215,91.0,1,6,0,-782.54
3279,329,653.0,3,5,0,-220.43
3280,115,359.0,2,3,0,-514.63
3281,162,2288.0,2,5,0,1414.41
3282,297,83.0,1,7,0,-790.46
3283,310,208.0,6,7,1,-665.44
3284,6,893.0,5,9,1,19.26
3285,77,214.0,2,5,0,-659.67
3286,291,263.0,1,5,0,-610.46
3287,241,459.0,1,8,0,-414.51
3288,350,188.0,3,11,0,-685.41
3289,172,829.0,1,5,0,-44.58
3290,31,950.0,1,12,0,76.29
3291,358,1072.0,4,6,0,198.6
3292,62,1145.0,2,8,0,271.32
3293,307,3120.0,0,7,0,2246.55
3294,85,1958.0,1,10,1,1084.34
3295,233,1449.0,0,5,0,575.48
3296,148,96.0,2,10,0,-777.6
3297,190,392.0,2,6,0,-481.56
3298,241,110.0,0,6,0,-763.51
3299,361,684.0,1,10,1,-189.4
3300,341,2419.0,2,9,0,1545.58
3301,133,874.0,1,6,0,0.38
3302,270,893.0,1,7,0,19.52
3303,341,966.0,2,8,0,92.58
3304,272,785.0,3,5,0,-88.48
3305,78,570.0,2,7,1,-303.67
3306,344,469.0,2,6,0,-404.41
3307,180,1655.0,3,4,0,781.43
3308,249,598.0,0,5,0,-275.5
3309,142,2000.0,0,0,0,1126.39
3310,295,655.0,3,7,1,-218.46
3311,36,89.0,1,6,1,-784.71
3312,134,415.0,1,6,0,-458.61
3313,185,1855.0,2,5,1,981.43
3314,347,375.0,4,8,0,-498.41
3315,208,213.0,0,6,0,-660.54
3316,240,3021.0,4,13,0,2147.49
3317,44,2249.0,4,5,1,1375.3
3318,237,2530.0,1,4,0,1656.48
3319,196,5931.0,1,7,0,5057.44
3320,177,60.0,2,2,1,-813.57
3321,327,250.0,3,5,0,-623.43
3322,209,771.0,3,5,0,-102.54
3323,12,541.0,2,5,1,-332.73
3324,326,173.0,1,3,0,-700.43
3325,264,422.0,1,9,0,-451.49
3326,42,1551.0,4,3,1,677.3
3327,336,347.0,2,7,1,-526.42
3328,66,269.0,1,3,0,-604.68
3329,216,213.0,1,6,0,-660.54
3330,159,575.0,2,6,0,-298.59
3331,243,1472.0,1,7,0,598.49
3332,150,1851.0,0,2,0,977.4
3333,299,233.0,3,6,0,-640.46
3334,157,253.0,1,8,0,-620.59
3335,124,1102.0,2,10,0,228.38
3336,22,3453.0,1,5,0,2579.28
3337,210,136.0,3,3,0,-737.54
3338,340,1211.0,3,4,0,337.58
3339,276,2610.0,2,5,0,1736.52
3340,188,117.0,1,8,0,-756.56
3341,211,453.0,0,8,0,-420.54
3342,214,612.0,2,6,1,-261.54
3343,296,481.0,3,2,0,-392.46
3344,293,1259.0,2,8,0,385.54
3345,74,931.0,2,7,1,57.33
3346,349,1216.0,1,10,0,342.59
3347,20,73.0,2,4,0,-800.72
3348,20,5809.0,2,6,0,4935.27
3349,195,1537.0,0,7,0,663.44
3350,337,116.0,1,6,1,-757.42
3351,183,230.0,4,8,1,-643.57
3352,249,500.0,3,8,1,-373.5
3353,355,185.0,1,7,0,-688.4
3354,142,1635.0,5,7,1,761.39
3355,60,1458.0,1,12,0,584.31
3356,339,2708.0,3,6,0,1834.58
3357,281,367.0,2,2,0,-506.47
3358,355,2351.0,0,5,0,1477.6
3359,28,792.0,2,1,0,-81.72
3360,13,177.0,1,7,0,-696.73
3361,132,5222.0,3,6,0,4348.38
3362,48,1224.0,1,1,0,350.3
3363,254,2087.0,0,5,0,1213.5
3364,20,630.0,2,5,1,-243.72
3365,361,553.0,0,4,0,-320.4
3366,345,627.0,2,8,0,-246.41
3367,326,305.0,1,4,0,-568.43
3368,124,208.0,0,4,0,-665.62
3369,45,589.0,4,4,1,-284.7
3370,49,183.0,1,3,0,-690.7
3371,120,555.0,0,3,0,-318.63
3372,275,69.0,2,4,0,-804.48
3373,226,465.0,2,11,1,-408.53
3374,170,303.0,4,5,0,-570.58
3375,180,1658.0,0,5,0,784.43
3376,343,747.0,5,5,1,-126.41
3377,190,187.0,1,6,0,-686.56
3378,205,4114.0,5,6,1,3240.45
3379,46,184.0,1,8,0,-689.7
3380,236,295.0,0,5,0,-578.52
3381,129,219.0,2,4,0,-654.62
3382,165,522.0,7,1,1,-351.58
3383,337,164.0,2,10,0,-709.42
3384,143,132.0,2,8,0,-741.61
3385,344,923.0,0,12,0,49.59
3386,135,73.0,1,6,0,-800.61
3387,112,6000.0,2,3,1,5126.36
3388,211,134.0,1,7,0,-739.54
3389,253,302.0,3,3,1,-571.5
3390,343,279.0,2,3,0,-594.41
3391,276,108.0,3,7,0,-765.48
3392,98,33.0,2,6,0,-840.65
3393,225,104.0,1,7,0,-769.53
3394,12,920.0,4,7,1,46.27
3395,226,337.0,1,9,0,-536.53
3396,296,533.0,5,3,1,-340.46
3397,71,371.0,1,4,0,-502.67
3398,232,1204.0,2,6,1,330.48
3399,359,29.0,3,3,0,-844.4
3400,359,165.0,2,9,0,-708.4
3401,213,158.0,4,8,1,-715.54
3402,23,371.0,4,9,1,-502.72
3403,99,414.0,3,6,0,-459.65
3404,26,127.0,1,8,0,-746.72
3405,344,2703.0,6,2,0,1829.59
3406,218,289.0,3,8,0,-584.53
3407,101,2672.0,1,4,1,1798.35
3408,224,2152.0,1,6,1,1278.47
3409,280,1685.0,2,3,0,811.53
3410,198,254.0,2,6,0,-619.55
3411,211,728.0,4,4,0,-145.54
3412,208,501.0,2,3,1,-372.54
3413,62,237.0,2,5,1,-636.68
3414,136,547.0,0,5,0,-326.61
3415,263,303.0,4,6,1,-570.49
3416,115,838.0,1,4,0,-35.63
3417,182,1001.0,0,8,0,127.43
3418,233,458.0,2,6,1,-415.52
3419,187,244.0,1,8,0,-629.56
3420,298,1895.0,2,4,0,1021.54
3421,11,323.0,0,4,0,-550.73
3422,140,48.0,1,10,0,-825.61
3423,201,1726.0,3,11,0,852.45
3424,123,960.0,2,9,0,86.37
3425,157,283.0,3,6,0,-590.59
3426,230,862.0,0,11,0,-11.52
3427,181,1148.0,4,6,1,274.43
3428,32,2105.0,2,4,1,1231.29
3429,118,1022.0,2,6,1,148.37
3430,6,357.0,5,6,1,-516.74
3431,126,480.0,1,7,0,-393.62
3432,73,1471.0,1,12,0,597.33
3433,220,74.0,3,8,1,-799.53
3434,173,647.0,3,9,1,-226.58
3435,178,597.0,2,4,0,-276.57
3436,301,1016.0,4,3,0,142.55
3437,354,876.0,2,7,0,2.6
3438,302,222.0,2,7,0,-651.45
3439,300,290.0,1,7,0,-583.45
3440,290,1294.0,3,7,0,420.54
3441,109,1537.0,3,8,0,663.36
3442,36,1823.0,6,4,1,949.29
3443,271,1066.0,1,7,0,192.52
3444,72,587.0,2,7,0,-286.67
3445,33,502.0,3,1,1,-371.71
3446,279,3269.0,0,6,0,2395.52
3447,330,1394.0,2,3,1,520.57
3448,324,1617.0,1,3,0,743.57
3449,308,140.0,0,4,0,-733.45
3450,59,1284.0,3,10,1,410.31
3451,11,5385.0,0,10,1,4511.26
3452,8,490.0,2,4,1,-383.74
3453,176,4256.0,0,5,0,3382.42
3454,97,181.0,2,4,0,-692.65
3455,167,275.0,1,10,0,-598.58
3456,235,560.0,3,3,1,-313.52
3457,75,1913.0,3,9,0,1039.33
3458,78,323.0,2,7,1,-550.67
3459,167,539.0,1,4,0,-334.58
3460,87,3077.0,1,9,1,2203.34
3461,269,1295.0,3,5,0,421.52
3462,205,1847.0,1,9,0,973.45
3463,292,585.0,3,1,0,-288.46
3464,21,766.0,3,8,0,-107.72
3465,127,852.0,2,7,0,-21.62
3466,351,433.0,1,6,1,-440.41
3467,78,928.0,5,8,1,54.33
3468,146,94.0,1,4,0,-779.6
3469,74,817.0,1,4,0,-56.67
3470,112,303.0,2,5,1,-570.64
3471,184,209.0,3,3,0,-664.57
3472,159,490.0,2,8,0,-383.59
3473,249,701.0,3,6,0,-172.5
3474,318,903.0,1,7,0,29.56
3475,39,610.0,1,3,0,-263.71
3476,53,438.0,3,5,0,-435.69
3477,75,1772.0,0,9,0,898.33
3478,122,2881.0,2,13,0,2007.37
3479,103,566.0,1,4,0,-307.64
3480,353,299.0,2,8,0,-574.4
3481,165,1693.0,5,7,1,819.41
3482,116,1626.0,0,3,0,752.37
3483,146,656.0,3,1,0,-217.6
3484,72,2066.0,4,6,1,1192.33
3485,345,38.0,0,12,0,-835.41
3486,167,386.0,2,7,0,-487.58
3487,253,772.0,2,2,0,-101.5
3488,183,175.0,1,6,0,-698.57
3489,191,1034.0,3,8,0,160.44
3490,176,77.0,2,7,1,-796.57
3491,359,101.0,3,4,0,-772.4
3492,151,3477.0,1,4,1,2603.4
3493,212,998.0,3,10,1,124.46
3494,128,2193.0,1,3,0,1319.38
3495,84,569.0,3,9,0,-304.66
3496,254,207.0,3,6,1,-666.5
3497,64,380.0,2,4,0,-493.68
3498,292,155.0,0,8,1,-718.46
3499,224,884.0,0,4,0,10.47
3500,124,756.0,3,4,0,-117.62
3501,326,132.0,2,6,0,-741.43
3502,265,544.0,0,0,0,-329.49
3503,59,591.0,2,10,0,-282.69
3504,138,827.0,1,6,1,-46.61
3505,339,623.0,5,6,1,-250.42
3506,30,77.0,2,6,0,-796.71
3507,32,258.0,3,6,1,-615.71
3508,306,656.0,1,2,0,-217.45
3509,186,143.0,1,11,0,-730.56
3510,334,379.0,2,5,0,-494.42
3511,261,294.0,3,6,1,-579.49
3512,318,76.0,3,4,0,-797.44
3513,71,528.0,3,5,0,-345.68
3514,192,447.0,1,3,0,-426.56
3515,260,192.0,2,6,1,-681.49
3516,81,1493.0,1,3,1,619.33
3517,157,1557.0,3,5,0,683.41
3518,303,396.0,4,3,0,-477.45
3519,243,839.0,2,8,0,-34.51
3520,5,324.0,3,6,1,-549.74
3521,272,173.0,2,7,0,-700.48
3522,26,325.0,1,3,0,-548.72
3523,201,1065.0,4,5,0,191.45
3524,86,360.0,2,5,0,-513.66
3525,216,2036.0,1,3,0,1162.46
3526,278,244.0,3,3,1,-629.48
3527,82,723.0,2,6,0,-150.66
3528,341,2028.0,2,5,0,1154.58
3529,214,1240.0,3,5,0,366.46
3530,89,555.0,2,8,1,-318.66
3531,232,915.0,2,5,0,41.48
3532,207,556.0,2,5,0,-317.54
3533,184,114.0,2,11,0,-759.57
3534,256,252.0,2,6,0,-621.5
3535,290,373.0,2,8,0,-500.46
3536,303,229.0,2,5,0,-644.45
3537,135,208.0,1,7,0,-665.61
3538,222,387.0,2,5,0,-486.53
3539,118,1035.0,4,5,0,161.37
3540,203,236.0,3,7,1,-637.55
3541,246,157.0,1,3,0,-716.51
3542,1,1496.0,5,1,0,622.26
3543,134,94.0,2,6,0,-779.61
3544,340,182.0,2,7,0,-691.42
3545,344,332.0,1,4,0,-541.41
3546,189,392.0,1,8,0,-481.56
3547,129,1076.0,0,3,0,202.38
3548,281,1443.0,4,7,0,569.53
3549,81,778.0,0,8,0,-95.67
3550,2,353.0,2,4,0,-520.74
3551,138,454.0,0,7,0,-419.61
3552,190,427.0,0,10,0,-446.56
3553,18,443.0,2,8,0,-430.73
3554,334,306.0,1,9,0,-567.42
3555,40,459.0,1,7,0,-414.7
3556,274,866.0,4,6,1,-7.48
3557,176,1529.0,1,9,0,655.43
3558,339,794.0,3,6,0,-79.42
3559,238,323.0,1,6,0,-550.51
3560,50,267.0,3,4,1,-606.7
3561,188,374.0,3,5,0,-499.56
3562,3,339.0,2,10,1,-534.74
3563,329,127.0,0,3,0,-746.43
3564,248,1261.0,2,8,1,387.49
3565,8,491.0,4,8,1,-382.74
3566,127,644.0,6,6,1,-229.62
3567,344,1075.0,3,9,1,201.59
3568,111,1028.0,1,9,0,154.36
3569,316,500.0,0,3,0,-373.44
3570,166,575.0,2,4,0,-298.58
3571,119,621.0,1,3,1,-252.63
3572,199,172.0,2,1,0,-701.55
3573,202,455.0,1,9,0,-418.55
3574,257,1518.0,4,6,0,644.5
3575,225,218.0,3,5,0,-655.53
3576,116,329.0,4,4,0,-544.63
3577,125,89.0,5,5,1,-784.62
3578,246,293.0,4,9,0,-580.51
3579,150,214.0,2,10,0,-659.6
3580,173,276.0,1,4,0,-597.58
3581,23,271.0,2,12,1,-602.72
3582,201,595.0,1,8,1,-278.55
3583,123,2201.0,4,8,0,1327.37
3584,215,952.0,2,4,0,78.46
3585,128,275.0,4,11,1,-598.62
3586,278,383.0,2,7,0,-490.48
3587,110,423.0,2,4,1,-450.64
3588,71,1570.0,1,6,0,696.32
3589,254,958.0,1,3,0,84.5
3590,287,782.0,4,5,1,-91.47
3591,293,417.0,3,3,0,-456.46
3592,120,163.0,1,4,0,-710.63
3593,53,247.0,2,5,0,-626.69
3594,352,1933.0,1,2,0,1059.59
3595,154,424.0,2,6,0,-449.6
3596,171,826.0,0,7,0,-47.58
3597,188,131.0,0,9,0,-742.56
3598,280,79.0,1,6,0,-794.47
3599,267,253.0,2,5,0,-620.49
3600,344,1085.0,0,5,0,211.59
3601,279,353.0,3,5,1,-520.47
3602,111,2113.0,2,8,0,1239.36
3603,313,1331.0,1,3,0,457.56
3604,228,389.0,4,8,0,-484.52
3605,189,287.0,3,6,0,-586.56
3606,293,221.0,4,5,1,-652.46
3607,109,1182.0,4,4,1,308.36
3608,159,418.0,6,9,1,-455.59
3609,348,1262.0,1,9,0,388.59
3610,215,329.0,1,3,0,-544.54
3611,199,149.0,2,4,0,-724.55
3612,128,437.0,1,4,1,-436.62
3613,124,421.0,0,3,0,-452.62
3614,21,412.0,2,6,1,-461.72
3615,218,776.0,2,9,0,-97.53
3616,125,774.0,1,6,0,-99.62
3617,242,474.0,2,4,0,-399.51
3618,49,304.0,2,7,1,-569.7
3619,118,1841.0,0,3,0,967.37
3620,97,832.0,2,4,1,-41.65
3621,138,912.0,2,7,0,38.39
3622,7,942.0,1,5,0,68.26
3623,336,1103.0,1,4,0,229.58
3624,80,112.0,1,2,0,-761.67
3625,200,604.0,5,4,0,-269.55
3626,289,613.0,2,7,0,-260.47
3627,105,500.0,4,5,1,-373.64
3628,100,686.0,0,3,0,-187.65
3629,118,212.0,0,10,0,-661.63
3630,170,3669.0,1,2,0,2795.42
3631,7,197.0,3,8,1,-676.74
3632,182,409.0,1,6,0,-464.57
3633,64,209.0,3,3,1,-664.68
3634,92,109.0,2,4,0,-764.65
3635,89,902.0,1,4,0,28.34
3636,172,432.0,2,6,1,-441.58
3637,241,615.0,1,7,0,-258.51
3638,37,645.0,2,10,1,-228.71
3639,119,241.0,0,5,0,-632.63
3640,326,206.0,1,10,0,-667.43
3641,249,3091.0,2,7,1,2217.5
3642,340,375.0,2,5,1,-498.42
3643,154,736.0,1,5,0,-137.6
3644,313,490.0,1,3,0,-383.44
3645,356,49.0,3,7,0,-824.4
3646,264,204.0,3,9,0,-669.49
3647,228,149.0,4,6,0,-724.52
3648,58,1859.0,4,5,1,985.31
3649,221,832.0,1,7,0,-41.53
3650,279,577.0,1,4,0,-296.47
3651,173,205.0,1,6,0,-668.58
3652,136,1009.0,1,5,1,135.39
3653,221,1199.0,0,3,0,325.47
3654,175,232.0,1,5,0,-641.57
3655,255,447.0,6,6,0,-426.5
3656,322,2383.0,0,5,0,1509.57
3657,305,188.0,1,8,1,-685.45
3658,198,332.0,0,5,0,-541.55
3659,97,567.0,2,2,0,-306.65
3660,343,107.0,3,3,0,-766.41
3661,149,64.0,3,4,1,-809.6
3662,265,274.0,2,7,0,-599.49
3663,124,96.0,0,2,0,-777.62
3664,155,235.0,1,5,1,-638.59
3665,160,422.0,5,7,1,-451.59
3666,301,118.0,1,6,0,-755.45
3667,155,2468.0,2,5,0,1594.4
3668,186,349.0,4,8,0,-524.56
3669,121,96.0,1,5,0,-777.63
3670,150,46.0,0,2,0,-827.6
3671,115,128.0,4,6,1,-745.63
3672,295,683.0,0,4,1,-190.46
3673,211,1438.0,0,7,0,564.46
3674,220,663.0,1,2,0,-210.53
3675,192,3367.0,2,8,0,2493.44
3676,305,73.0,4,6,1,-800.45
3677,163,2070.0,4,3,1,1196.41
3678,260,262.0,3,9,0,-611.49
3679,10,512.0,2,5,1,-361.73
3680,47,1122.0,3,7,1,248.3
3681,251,288.0,0,2,0,-585.5
3682,336,1308.0,2,10,0,434.58
3683,167,482.0,3,5,0,-391.58
3684,198,689.0,0,6,0,-184.55
3685,345,403.0,4,4,1,-470.41
3686,302,1270.0,5,5,0,396.55
3687,361,262.0,2,5,1,-611.4
3688,74,35.0,2,6,0,-838.67
3689,274,859.0,1,6,1,-14.48
3690,183,211.0,1,2,0,-662.57
3691,73,721.0,1,6,0,-152.67
3692,249,164.0,0,9,0,-709.5
3693,271,32.0,1,3,0,-841.48
3694,146,877.0,1,4,1,3.4
3695,282,174.0,1,6,0,-699.47
3696,174,1155.0,3,5,1,281.42
3697,205,101.0,0,6,0,-772.55
3698,39,184.0,2,4,0,-689.71
3699,246,893.0,1,8,0,19.49
3700,125,376.0,2,7,0,-497.62
3701,316,286.0,0,6,0,-587.44
3702,303,491.0,2,10,1,-382.45
3703,253,136.0,2,2,0,-737.5
3704,214,131.0,3,5,0,-742.54
3705,87,815.0,5,5,0,-58.66
3706,154,4448.0,0,10,0,3574.4
3707,353,481.0,3,2,0,-392.4
3708,355,349.0,2,1,0,-524.4
3709,363,338.0,1,5,0,-535.39
3710,20,1052.0,2,4,0,178.28
3711,353,6000.0,2,4,0,5126.59
3712,317,46.0,4,4,0,-827.44
3713,341,268.0,0,8,0,-605.42
3714,318,183.0,0,3,0,-690.44
3715,265,75.0,0,6,0,-798.49
3716,311,530.0,2,9,0,-343.44
3717,285,416.0,5,4,1,-457.47
3718,173,215.0,2,5,0,-658.58
3719,50,1160.0,2,8,0,286.3
3720,358,343.0,1,3,0,-530.4
3721,265,245.0,4,4,1,-628.49
3722,164,268.0,0,3,0,-605.59
3723,326,1388.0,2,3,0,514.57
3724,246,338.0,4,6,0,-535.51
3725,220,188.0,4,6,1,-685.53
3726,261,1378.0,2,7,1,504.51
3727,190,438.0,2,6,1,-435.56
3728,279,768.0,3,8,1,-105.48
3729,48,1883.0,1,2,0,1009.3
3730,194,365.0,0,5,0,-508.56
3731,359,576.0,5,5,1,-297.4
3732,32,1157.0,2,6,1,283.29
3733,38,936.0,4,5,1,62.29
3734,208,4690.0,1,1,1,3816.46
3735,108,3635.0,1,4,0,2761.36
3736,275,183.0,3,8,0,-690.48
3737,76,2711.0,0,5,0,1837.33
3738,85,311.0,2,4,1,-562.66
3739,336,73.0,1,9,1,-800.42
3740,77,194.0,4,3,0,-679.67
3741,206,965.0,3,5,1,91.45
3742,9,1232.0,2,9,1,358.26
3743,149,119.0,3,4,1,-754.6
3744,8,221.0,0,5,1,-652.74
3745,312,733.0,3,4,0,-140.44
3746,301,1921.0,3,6,0,1047.55
3747,99,171.0,2,5,0,-702.65
3748,174,44.0,1,6,0,-829.58
3749,258,317.0,0,5,0,-556.49
3750,255,904.0,1,2,0,30.5
3751,15,550.0,1,8,0,-323.73
3752,248,311.0,4,7,0,-562.5
3753,173,243.0,3,5,0,-630.58
3754,352,288.0,1,12,0,-585.4
3755,123,329.0,4,8,1,-544.63
3756,330,3199.0,4,7,0,2325.57
3757,187,563.0,1,8,0,-310.56
3758,288,165.0,3,11,0,-708.47
3759,174,156.0,5,9,1,-717.58
3760,332,447.0,1,2,0,-426.42
3761,355,184.0,1,7,0,-689.4
3762,263,605.0,0,6,0,-268.49
3763,362,512.0,2,8,0,-361.39
3764,98,6000.0,1,4,1,5126.35
3765,209,539.0,2,5,0,-334.54
3766,337,241.0,3,9,1,-632.42
3767,95,352.0,1,2,0,-521.65
3768,312,1800.0,0,3,0,926.56
3769,314,712.0,4,6,0,-161.44
3770,21,84.0,2,5,0,-789.72
3771,88,666.0,2,7,1,-207.66
3772,252,683.0,4,8,1,-190.5
3773,237,495.0,2,5,1,-378.52
3774,265,3145.0,4,5,1,2271.51
3775,362,378.0,4,4,0,-495.39
3776,52,2235.0,3,5,1,1361.31
3777,224,502.0,1,6,0,-371.53
3778,191,1337.0,0,7,1,463.44
3779,30,2495.0,1,6,0,1621.28
3780,63,540.0,0,6,0,-333.68
3781,220,572.0,2,3,1,-301.53
3782,94,638.0,0,6,0,-235.65
3783,97,1878.0,2,10,0,1004.35
3784,363,1622.0,1,4,1,748.61
3785,325,806.0,2,5,0,-67.43
3786,15,306.0,3,8,1,-567.73
3787,185,518.0,1,7,1,-355.57
3788,123,351.0,4,6,1,-522.62
3789,40,232.0,2,6,1,-641.7
3790,3,5517.0,2,3,0,4643.26
3791,358,79.0,3,9,0,-794.4
3792,19,708.0,4,7,1,-165.73
3793,98,408.0,1,3,1,-465.65
3794,279,437.0,3,5,0,-436.47
3795,1,186.0,0,10,0,-687.74
3796,44,5491.0,2,9,1,4617.3
3797,241,823.0,5,7,1,-50.51
3798,181,154.0,1,8,0,-719.57
3799,359,214.0,2,6,0,-659.4
3800,13,156.0,2,7,0,-717.73
3801,54,500.0,1,12,1,-373.69
3802,234,51.0,2,13,0,-822.52
3803,153,412.0,2,2,0,-461.6
3804,17,535.0,1,6,0,-338.73
3805,193,1591.0,2,11,0,717.44
3806,280,1232.0,3,3,0,358.53
3807,147,2172.0,1,7,1,1298.4
3808,185,905.0,1,2,0,31.43
3809,64,491.0,1,11,0,-382.68
3810,154,585.0,1,2,0,-288.6
3811,57,33.0,4,9,0,-840.69
3812,106,1375.0,1,2,0,501.36
3813,224,614.0,3,8,0,-259.53
3814,191,342.0,7,7,1,-531.56
3815,208,1439.0,0,4,0,565.46
3816,309,288.0,1,4,0,-585.45
3817,23,1232.0,1,14,1,358.28
3818,100,1080.0,3,6,0,206.35
3819,199,4045.0,5,11,1,3171.45
3820,154,2320.0,1,9,0,1446.4
3821,236,433.0,3,4,0,-440.52
3822,173,322.0,4,7,1,-551.58
3823,93,1498.0,1,6,0,624.35
3824,11,817.0,2,4,0,-56.73
3825,254,474.0,6,8,1,-399.5
3826,324,231.0,2,2,0,-642.43
3827,207,290.0,4,7,0,-583.54
3828,241,83.0,4,8,1,-790.51
3829,265,187.0,2,9,1,-686.49
3830,121,409.0,3,9,0,-464.63
3831,173,148.0,4,7,0,-725.58
3832,102,209.0,8,4,1,-664.65
3833,110,340.0,2,9,0,-533.64
3834,98,1025.0,2,4,0,151.35
3835,278,3996.0,1,9,0,3122.52
3836,24,93.0,3,9,1,-780.72
3837,175,1151.0,1,9,0,277.42
3838,153,1890.0,1,6,0,1016.4
3839,238,391.0,2,2,0,-482.51
3840,32,696.0,4,3,0,-177.71
3841,294,1862.0,1,5,0,988.54
3842,337,3925.0,1,5,1,3051.58
3843,194,247.0,2,4,0,-626.56
3844,126,3998.0,4,4,0,3124.38
3845,92,2407.0,3,9,1,1533.34
3846,11,1210.0,3,8,1,336.27
3847,346,218.0,2,5,1,-655.41
3848,202,1987.0,3,9,0,1113.45
3849,82,313.0,2,6,0,-560.66
3850,297,190.0,2,6,0,-683.46
3851,312,71.0,2,4,0,-802.44
3852,283,1362.0,1,6,0,488.53
3853,100,217.0,6,6,0,-656.65
3854,10,484.0,2,1,0,-389.73
3855,241,2058.0,0,7,0,1184.49
3856,118,453.0,4,8,0,-420.63
3857,23,2402.0,1,5,0,1528.28
3858,175,1404.0,1,5,1,530.42
3859,338,330.0,2,7,0,-543.42
3860,139,565.0,1,8,1,-308.61
3861,175,461.0,4,9,1,-412.58
3862,85,147.0,0,6,0,-726.66
3863,361,2319.0,3,7,0,1445.6
3864,185,283.0,0,4,0,-590.57
3865,69,619.0,7,5,1,-254.68
3866,100,847.0,2,5,0,-26.65
3867,137,3321.0,2,6,1,2447.39
3868,302,840.0,1,7,0,-33.45
3869,175,332.0,0,4,0,-541.57
3870,359,53.0,4,3,0,-820.4
3871,128,2458.0,0,8,0,1584.38
3872,268,1960.0,2,8,0,1086.51
3873,311,289.0,2,4,1,-584.44
3874,338,235.0,2,8,0,-638.42
3875,151,655.0,2,4,0,-218.6
3876,5,578.0,3,6,1,-295.74
3877,193,1656.0,1,6,0,782.44
3878,235,1214.0,1,6,1,340.48
3879,253,293.0,2,11,0,-580.5
3880,333,279.0,1,3,0,-594.42
3881,306,197.0,3,5,0,-676.45
3882,24,240.0,2,6,0,-633.72
3883,31,440.0,1,5,0,-433.71
3884,167,98.0,6,3,1,-775.58
3885,124,400.0,1,7,0,-473.62
3886,297,683.0,4,5,1,-190.46
3887,188,648.0,2,4,1,-225.56
3888,101,613.0,0,9,0,-260.65
3889,143,164.0,1,4,0,-709.61
3890,345,318.0,0,6,0,-555.41
3891,162,735.0,6,6,0,-138.59
3892,3,1966.0,2,8,1,1092.26
3893,331,598.0,1,9,0,-275.42
3894,32,525.0,4,5,1,-348.71
3895,74,808.0,0,2,0,-65.67
3896,346,326.0,2,2,1,-547.41
3897,8,147.0,0,3,1,-726.74
3898,257,1600.0,3,9,1,726.5
3899,178,1088.0,1,3,0,214.43
3900,8,1058.0,3,8,0,184.26
3901,9,363.0,4,7,1,-510.73
3902,80,92.0,2,8,0,-781.67
3903,120,127.0,1,8,0,-746.63
3904,204,58.0,0,6,0,-815.55
3905,94,1993.0,1,4,0,1119.35
3906,191,442.0,0,8,0,-431.56
3907,58,261.0,1,3,0,-612.69
3908,326,255.0,2,5,0,-618.43
3909,114,5317.0,0,6,0,4443.36
3910,36,503.0,4,7,0,-370.71
3911,270,1669.0,3,4,0,795.52
3912,242,131.0,0,1,0,-742.51
3913,92,309.0,2,6,0,-564.65
3914,222,1596.0,0,7,1,722.47
3915,96,884.0,2,2,0,10.35
3916,316,1297.0,1,4,0,423.56
3917,336,357.0,1,7,1,-516.42
3918,96,414.0,5,2,0,-459.65
3919,238,2409.0,1,7,0,1535.48
3920,277,73.0,2,8,1,-800.48
3921,31,510.0,1,2,0,-363.71
3922,309,165.0,3,6,0,-708.45
3923,166,47.0,1,6,0,-826.58
3924,193,56.0,2,4,0,-817.56
3925,75,428.0,2,4,0,-445.67
3926,65,1053.0,0,13,0,179.32
3927,156,302.0,6,6,1,-571.59
3928,310,177.0,2,6,0,-696.44
3929,36,187.0,3,8,1,-686.71
3930,347,1111.0,1,9,0,237.59
3931,174,2059.0,1,4,0,1185.42
3932,21,1279.0,2,5,0,405.28
3933,81,93.0,0,6,0,-780.67
3934,198,1043.0,1,6,0,169.45
3935,59,173.0,2,6,0,-700.69
3936,266,1057.0,1,5,0,183.51
3937,177,667.0,2,6,0,-206.57
3938,221,172.0,2,3,0,-701.53
3939,10,363.0,0,3,0,-510.73
3940,10,117.0,4,7,1,-756.73
3941,271,899.0,2,6,0,25.52
3942,212,433.0,0,8,0,-440.54
3943,279,856.0,3,2,0,-17.47
3944,254,634.0,3,8,0,-239.5
3945,275,1022.0,3,9,0,148.52
3946,93,322.0,2,3,0,-551.65
3947,203,330.0,0,7,0,-543.55
3948,293,127.0,4,6,1,-746.46
3949,19,752.0,2,6,0,-121.73
3950,193,2711.0,3,5,0,1837.44
3951,353,818.0,6,6,1,-55.4
3952,95,35.0,2,6,0,-838.65
3953,67,320.0,1,6,0,-553.68
3954,125,175.0,0,2,0,-698.62
3955,171,642.0,1,4,0,-231.58
3956,67,355.0,4,8,0,-518.68
3957,362,936.0,3,7,1,62.6
3958,114,56.0,1,6,0,-817.63
3959,132,1300.0,3,6,1,426.38
3960,90,248.0,1,2,0,-625.66
3961,333,429.0,5,11,0,-444.42
3962,12,658.0,1,4,1,-215.73
3963,180,968.0,2,1,0,94.43
3964,293,180.0,1,7,0,-693.46
3965,289,2176.0,1,8,0,1302.53
3966,292,501.0,5,6,1,-372.46
3967,207,515.0,2,6,1,-358.54
3968,190,323.0,2,4,0,-550.56
3969,68,1275.0,2,3,0,401.32
3970,303,529.0,1,1,1,-344.45
3971,75,408.0,4,6,1,-465.67
3972,296,986.0,2,7,0,112.54
3973,170,1609.0,2,4,0,735.42
3974,348,305.0,3,7,0,-568.41
3975,36,670.0,3,5,1,-203.71
3976,298,3213.0,3,6,1,2339.54
3977,118,1410.0,2,0,0,536.37
3978,360,1455.0,2,3,0,581.6
3979,348,86.0,3,1,0,-787.41
3980,94,932.0,0,7,0,58.35
3981,56,243.0,2,8,0,-630.69
3982,216,619.0,3,7,0,-254.54
3983,91,379.0,3,8,1,-494.66
3984,330,874.0,2,10,0,0.57
3985,254,344.0,0,6,0,-529.5
3986,79,559.0,1,8,0,-314.67
3987,357,256.0,1,10,0,-617.4
3988,355,2809.0,2,9,1,1935.6
3989,240,3773.0,1,8,0,2899.49
3990,184,247.0,1,7,0,-626.57
3991,173,220.0,1,6,0,-653.58
3992,208,2659.0,3,6,1,1785.46
3993,182,187.0,1,8,0,-686.57
3994,42,2284.0,3,3,0,1410.3
3995,202,491.0,1,5,0,-382.55
3996,308,280.0,2,3,0,-593.45
3997,277,1058.0,2,0,0,184.52
3998,315,236.0,0,6,0,-637.44
3999,279,567.0,4,4,1,-306.47
4000,79,6000.0,2,6,0,5126.33
4001,93,162.0,2,8,0,-711.65
4002,33,870.0,6,7,1,-3.71
4003,33,330.0,3,8,1,-543.71
4004,312,3119.0,3,7,0,2245.56
4005,229,171.0,2,8,1,-702.52
4006,68,769.0,1,7,0,-104.68
4007,194,1984.0,1,5,0,1110.44
4008,14,373.0,2,5,0,-500.73
4009,153,150.0,1,11,0,-723.6
4010,259,1165.0,1,6,0,291.51
4011,348,1061.0,4,4,0,187.59
4012,104,178.0,1,8,0,-695.64
4013,54,594.0,0,6,0,-279.69
4014,286,409.0,0,5,0,-464.47
4015,285,897.0,5,9,1,23.53
4016,225,115.0,2,2,0,-758.53
4017,79,667.0,0,9,1,-206.67
4018,189,4029.0,1,4,0,3155.44
4019,354,2183.0,6,10,1,1309.6
4020,262,2683.0,0,3,0,1809.51
4021,237,636.0,2,6,0,-237.52
4022,235,308.0,1,2,0,-565.52
4023,71,880.0,2,3,0,6.32
4024,144,323.0,4,7,0,-550.6
4025,240,44.0,2,3,0,-829.51
4026,222,34.0,4,4,1,-839.53
4027,358,234.0,1,3,1,-639.4
4028,195,142.0,0,9,0,-731.56
4029,217,710.0,3,5,0,-163.53
4030,352,152.0,3,9,1,-721.4
4031,51,637.0,5,3,1,-236.69
4032,110,144.0,3,10,1,-729.64
4033,225,524.0,4,9,1,-349.53
4034,195,159.0,2,4,0,-714.56
4035,327,600.0,1,3,0,-273.43
4036,347,50.0,2,4,0,-823.41
4037,287,87.0,3,10,0,-786.47
4038,361,1311.0,2,8,1,437.6
4039,38,1244.0,2,2,0,370.29
4040,274,130.0,4,6,0,-743.48
4041,194,85.0,1,9,0,-788.56
4042,148,2576.0,5,2,1,1702.4
4043,87,502.0,3,4,1,-371.66
4044,290,73.0,8,6,1,-800.46
4045,164,34.0,4,4,1,-839.59
4046,238,380.0,2,4,0,-493.51
4047,308,1315.0,3,7,0,441.55
4048,212,1019.0,2,6,0,145.46
4049,335,3295.0,4,2,1,2421.58
4050,207,363.0,2,2,0,-510.54
4051,37,639.0,2,7,0,-234.71
4052,160,194.0,5,4,1,-679.59
4053,282,6000.0,1,9,1,5126.53
4054,337,2257.0,1,6,0,1383.58
4055,33,773.0,0,9,0,-100.71
4056,156,70.0,3,5,0,-803.59
4057,96,740.0,0,5,0,-133.65
4058,45,202.0,0,8,0,-671.7
4059,79,1977.0,3,6,0,1103.33
4060,80,550.0,4,1,1,-323.67
4061,35,53.0,2,6,1,-820.71
4062,136,197.0,1,7,0,-676.61
4063,257,475.0,3,6,0,-398.5
4064,209,61.0,4,6,1,-812.54
4065,315,62.0,2,6,0,-811.44
4066,327,392.0,2,10,0,-481.43
4067,270,303.0,0,5,0,-570.48
4068,120,224.0,0,4,0,-649.63
4069,207,794.0,0,15,1,-79.54
4070,48,909.0,5,4,1,35.3
4071,3,71.0,3,7,0,-802.74
4072,167,600.0,3,6,0,-273.58
4073,276,428.0,1,7,0,-445.48
4074,77,282.0,0,4,0,-591.67
4075,68,157.0,1,4,0,-716.68
4076,32,882.0,3,8,0,8.29
4077,339,2230.0,1,4,0,1356.58
4078,12,519.0,1,6,0,-354.73
4079,227,735.0,4,7,1,-138.53
4080,347,358.0,1,12,0,-515.41
4081,151,194.0,0,5,0,-679.6
4082,123,458.0,2,4,1,-415.62
4083,194,472.0,2,2,0,-401.56
4084,55,725.0,3,5,1,-148.69
4085,341,711.0,3,3,0,-162.42
4086,44,54.0,1,7,0,-819.7
4087,31,549.0,2,5,0,-324.71
4088,59,141.0,6,6,1,-732.69
4089,102,420.0,2,9,1,-453.65
4090,351,291.0,1,13,0,-582.41
4091,177,50.0,3,3,0,-823.57
4092,142,846.0,4,5,1,-27.61
4093,14,1350.0,1,2,0,476.27
4094,247,585.0,0,5,0,-288.51
4095,251,1103.0,1,1,0,229.5
4096,311,289.0,0,7,0,-584.44
4097,245,1048.0,3,3,0,174.49
4098,62,268.0,4,5,1,-605.68
4099,96,881.0,0,13,0,7.35
4100,76,664.0,1,5,0,-209.67
4101,332,1053.0,0,7,0,179.58
4102,8,266.0,2,10,0,-607.74
4103,348,1339.0,1,3,0,465.59
4104,192,140.0,1,2,0,-733.56
4105,343,420.0,1,10,0,-453.41
4106,310,326.0,1,8,0,-547.44
4107,149,255.0,0,6,0,-618.6
4108,51,108.0,1,1,0,-765.69
4109,340,773.0,3,4,0,-100.42
4110,239,146.0,2,7,0,-727.51
4111,185,870.0,2,7,0,-3.57
4112,361,156.0,5,4,0,-717.4
4113,241,639.0,1,7,0,-234.51
4114,13,1902.0,2,5,1,1028.27
4115,74,1932.0,0,2,0,1058.33
4116,302,676.0,2,5,1,-197.45
4117,225,224.0,2,4,0,-649.53
4118,154,717.0,0,5,1,-156.6
4119,290,407.0,1,5,0,-466.46
4120,295,491.0,4,5,1,-382.46
4121,37,217.0,3,8,0,-656.71
4122,78,455.0,2,10,0,-418.67
4123,88,450.0,3,3,0,-423.66
4124,162,310.0,0,9,0,-563.59
4125,83,394.0,1,7,0,-479.66
4126,193,199.0,2,8,0,-674.56
4127,86,2257.0,2,8,0,1383.34
4128,248,539.0,4,3,1,-334.5
4129,234,2803.0,4,3,0,1929.48
4130,318,157.0,3,7,0,-716.44
4131,12,1502.0,1,4,0,628.27
4132,10,166.0,3,4,0,-707.73
4133,264,819.0,0,6,0,-54.49
4134,212,641.0,1,6,0,-232.54
4135,116,777.0,1,8,1,-96.63
4136,365,2543.0,1,5,0,1669.61
4137,212,6000.0,3,8,1,5126.46
4138,151,656.0,3,7,0,-217.6
4139,224,120.0,1,10,0,-753.53
4140,294,645.0,3,9,0,-228.46
4141,103,3013.0,1,8,0,2139.35
4142,335,715.0,3,1,0,-158.42
4143,48,1807.0,1,7,0,933.3
4144,228,104.0,5,8,0,-769.52
4145,156,370.0,3,6,0,-503.59
4146,15,1038.0,0,6,0,164.27
4147,188,199.0,1,2,0,-674.56
4148,267,313.0,4,9,1,-560.49
4149,219,965.0,0,5,0,91.47
4150,287,265.0,4,2,1,-608.47
4151,157,254.0,0,2,0,-619.59
4152,22,2241.0,2,4,0,1367.28
4153,56,41.0,4,4,1,-832.69
4154,330,257.0,1,8,0,-616.43
4155,9,451.0,4,2,1,-422.73
4156,73,394.0,3,5,1,-479.67
4157,261,736.0,1,4,0,-137.49
4158,253,261.0,3,2,0,-612.5
4159,213,571.0,1,11,0,-302.54
4160,77,142.0,3,5,0,-731.67
4161,97,576.0,1,5,1,-297.65
4162,319,668.0,3,5,0,-205.44
4163,255,804.0,2,8,1,-69.5
4164,50,258.0,4,9,1,-615.7
4165,25,58.0,1,4,1,-815.72
4166,90,409.0,1,5,0,-464.66
4167,71,459.0,2,2,0,-414.67
4168,22,70.0,1,6,0,-803.72
4169,362,3511.0,2,5,0,2637.6
4170,338,1442.0,2,4,0,568.58
4171,128,137.0,4,3,1,-736.62
4172,118,513.0,0,5,0,-360.63
4173,110,1192.0,1,6,0,318.36
4174,291,1371.0,3,3,1,497.54
4175,125,501.0,1,11,0,-372.62
4176,148,197.0,3,3,1,-676.6
4177,101,174.0,1,2,0,-699.65
4178,362,691.0,3,11,0,-182.4
4179,117,233.0,3,7,1,-640.63
4180,1,99.0,1,5,0,-774.74
4181,296,325.0,0,6,1,-548.46
4182,1,2579.0,3,8,1,1705.26
4183,19,389.0,0,5,0,-484.73
4184,292,869.0,0,6,0,-4.46
4185,35,199.0,1,9,0,-674.71
4186,228,224.0,1,7,0,-649.52
4187,254,260.0,5,8,1,-613.5
4188,65,255.0,4,4,0,-618.68
4189,125,1206.0,3,3,0,332.38
4190,17,256.0,2,10,1,-617.73
4191,224,2218.0,2,4,0,1344.47
4192,35,585.0,1,8,0,-288.71
4193,23,1993.0,2,2,0,1119.28
4194,284,96.0,3,7,0,-777.47
4195,88,144.0,2,6,0,-729.66
4196,334,148.0,3,5,0,-725.42
4197,168,340.0,0,6,0,-533.58
4198,89,557.0,1,8,0,-316.66
4199,160,1368.0,0,6,0,494.41
4200,78,1099.0,1,9,0,225.33
4201,297,5989.0,1,9,0,5115.54
4202,139,143.0,1,7,0,-730.61
4203,216,2195.0,0,6,0,1321.46
4204,41,98.0,0,7,0,-775.7
4205,51,151.0,1,5,0,-722.69
4206,90,417.0,1,4,0,-456.66
4207,134,591.0,0,9,0,-282.61
4208,358,621.0,2,6,0,-252.4
4209,26,1785.0,4,3,1,911.28
4210,241,250.0,0,11,0,-623.51
4211,314,1312.0,2,6,1,438.56
4212,133,2012.0,1,7,0,1138.38
4213,194,180.0,3,8,1,-693.56
4214,42,236.0,3,8,0,-637.7
4215,6,1177.0,0,7,1,303.26
4216,274,1211.0,1,6,0,337.52
4217,341,216.0,1,6,0,-657.41
4218,105,4062.0,0,4,0,3188.36
4219,360,525.0,1,13,0,-348.4
4220,276,301.0,2,7,0,-572.48
4221,183,304.0,0,5,0,-569.57
4222,264,162.0,2,7,0,-711.49
4223,214,736.0,5,3,1,-137.54
4224,130,1047.0,1,9,0,173.38
4225,289,1996.0,1,10,0,1122.53
4226,89,938.0,4,6,1,64.34
4227,55,389.0,3,6,1,-484.69
4228,51,788.0,2,9,1,-85.69
4229,168,611.0,3,8,0,-262.58
4230,219,852.0,1,9,1,-21.53
4231,227,51.0,2,10,1,-822.52
4232,305,132.0,1,5,0,-741.45
4233,25,1205.0,2,6,1,331.28
4234,263,273.0,4,6,0,-600.49
4235,305,93.0,1,7,0,-780.45
4236,63,483.0,0,6,0,-390.68
4237,351,2271.0,3,5,0,1397.59
4238,207,511.0,0,7,0,-362.54
4239,260,624.0,5,5,0,-249.49
4240,261,1260.0,1,3,0,386.51
4241,272,162.0,2,2,0,-711.48
4242,300,142.0,2,5,1,-731.45
4243,48,1016.0,2,4,0,142.3
4244,185,903.0,1,6,0,29.43
4245,343,57.0,2,7,0,-816.41
4246,123,170.0,4,5,1,-703.62
4247,137,31.0,6,5,1,-842.61
4248,179,1571.0,2,5,0,697.43
4249,171,905.0,0,5,0,31.42
4250,210,198.0,0,8,0,-675.54
4251,143,437.0,0,7,1,-436.61
4252,166,731.0,1,7,0,-142.58
4253,22,768.0,1,6,0,-105.72
4254,318,636.0,0,3,0,-237.44
4255,83,209.0,3,3,1,-664.66
4256,288,2681.0,3,8,0,1807.53
4257,134,807.0,2,7,0,-66.61
4258,252,797.0,1,4,0,-76.5
4259,85,1985.0,3,7,1,1111.34
4260,329,695.0,3,3,1,-178.43
4261,30,105.0,2,7,0,-768.71
4262,182,154.0,0,6,0,-719.57
4263,212,6000.0,1,10,0,5126.46
4264,90,316.0,3,5,1,-557.66
4265,40,912.0,1,4,0,38.29
4266,72,6000.0,0,12,0,5126.32
4267,186,789.0,1,3,0,-84.56
4268,163,1837.0,4,4,0,963.41
4269,349,413.0,1,4,0,-460.41
4270,203,912.0,0,5,0,38.45
4271,125,540.0,1,7,0,-333.62
4272,346,215.0,2,5,0,-658.41
4273,303,1255.0,4,3,0,381.55
4274,46,833.0,3,10,0,-40.7
4275,233,1922.0,0,6,0,1048.48
4276,48,254.0,1,5,0,-619.7
4277,243,771.0,4,5,0,-102.51
4278,172,29.0,1,5,0,-844.58
4279,316,161.0,0,6,0,-712.44
4280,303,360.0,2,3,1,-513.45
4281,23,2160.0,2,4,0,1286.28
4282,78,1941.0,1,9,0,1067.33
4283,29,340.0,2,6,0,-533.72
4284,19,181.0,3,3,1,-692.72
4285,23,131.0,3,6,1,-742.72
4286,192,895.0,2,4,1,21.44
4287,351,89.0,3,3,0,-784.41
4288,360,2008.0,3,8,1,1134.6
4289,209,301.0,2,12,1,-572.54
4290,243,1677.0,3,4,0,803.49
4291,135,390.0,1,7,0,-483.61
4292,14,365.0,4,4,1,-508.73
4293,102,369.0,1,7,0,-504.65
4294,97,518.0,1,9,0,-355.65
4295,194,463.0,0,9,0,-410.56
4296,74,534.0,1,5,0,-339.67
4297,290,250.0,4,5,1,-623.46
4298,153,88.0,3,6,0,-785.6
4299,109,269.0,2,10,1,-604.64
4300,25,3266.0,1,3,0,2392.28
4301,77,643.0,3,8,0,-230.67
4302,106,751.0,2,4,0,-122.64
4303,321,142.0,1,5,0,-731.43
4304,96,372.0,2,2,0,-501.65
4305,34,1391.0,3,6,1,517.29
4306,279,469.0,4,7,1,-404.47
4307,129,4730.0,2,5,1,3856.38
4308,155,118.0,2,12,0,-755.59
4309,272,105.0,2,3,1,-768.48
4310,95,1871.0,0,7,0,997.35
4311,8,606.0,1,7,0,-267.74
4312,40,290.0,3,6,1,-583.7
4313,287,2597.0,1,5,0,1723.53
4314,83,1213.0,4,7,1,339.34
4315,101,44.0,0,6,0,-829.65
4316,343,572.0,0,5,0,-301.41
4317,324,380.0,2,8,0,-493.43
4318,321,300.0,2,6,0,-573.43
4319,192,104.0,1,3,0,-769.56
4320,65,4054.0,2,5,0,3180.32
4321,244,580.0,3,7,0,-293.51
4322,47,433.0,5,3,1,-440.7
4323,365,241.0,5,3,0,-632.39
4324,8,351.0,2,6,1,-522.74
4325,147,206.0,4,10,0,-667.6
4326,12,93.0,2,9,0,-780.73
4327,341,42.0,4,5,0,-831.41
4328,233,298.0,2,5,1,-575.52
4329,7,621.0,2,4,0,-252.74
4330,48,1676.0,3,6,1,802.3
4331,7,2418.0,1,6,0,1544.26
4332,363,594.0,2,11,1,-279.39
4333,345,685.0,6,1,1,-188.41
4334,100,485.0,2,4,0,-388.65
4335,338,110.0,3,4,0,-763.42
4336,168,679.0,2,7,0,-194.58
4337,262,1457.0,1,5,0,583.51
4338,159,167.0,2,3,0,-706.59
4339,164,323.0,3,6,1,-550.59
4340,207,2076.0,2,2,0,1202.46
4341,228,69.0,2,7,0,-804.52
4342,90,1318.0,1,2,1,444.34
4343,277,246.0,0,5,0,-627.48
4344,270,481.0,2,3,0,-392.48
4345,1,1030.0,2,7,1,156.26
4346,186,46.0,2,8,1,-827.56
4347,256,3319.0,1,4,0,2445.5
4348,144,133.0,1,6,1,-740.6
4349,189,76.0,0,5,0,-797.56
4350,260,199.0,3,6,1,-674.49
4351,214,39.0,3,7,0,-834.54
4352,324,340.0,4,4,0,-533.43
4353,165,721.0,1,12,1,-152.58
4354,184,785.0,5,3,0,-88.57
4355,30,550.0,3,2,0,-323.71
4356,14,757.0,3,2,0,-116.73
4357,129,550.0,2,9,1,-323.62
4358,209,153.0,2,3,0,-720.54
4359,145,786.0,3,7,0,-87.6
4360,260,449.0,1,6,0,-424.49
4361,274,703.0,5,4,1,-170.48
4362,328,1744.0,1,7,0,870.57
4363,272,2206.0,3,12,0,1332.52
4364,22,237.0,1,9,0,-636.72
4365,217,307.0,3,4,1,-566.53
4366,349,83.0,2,6,0,-790.41
4367,73,93.0,1,5,0,-780.67
4368,54,368.0,5,7,0,-505.69
4369,352,549.0,4,1,1,-324.4
4370,203,279.0,1,5,0,-594.55
4371,300,1046.0,2,9,0,172.55
4372,156,394.0,1,7,0,-479.59
4373,112,436.0,1,8,0,-437.64
4374,144,787.0,0,8,0,-86.61
4375,303,300.0,3,2,0,-573.45
4376,203,397.0,4,4,1,-476.55
4377,25,669.0,2,6,1,-204.72
4378,165,34.0,1,5,1,-839.58
4379,350,133.0,3,1,0,-740.41
4380,231,177.0,2,4,0,-696.52
4381,167,114.0,0,5,0,-759.58
4382,325,542.0,3,8,0,-331.43
4383,88,718.0,2,6,1,-155.66
4384,289,239.0,0,6,0,-634.47
4385,187,157.0,5,8,0,-716.56
4386,278,2868.0,3,5,0,1994.52
4387,233,253.0,1,5,0,-620.52
4388,316,304.0,0,11,0,-569.44
4389,347,5135.0,2,6,1,4261.59
4390,247,29.0,2,3,1,-844.51
4391,297,117.0,3,3,1,-756.46
4392,201,3722.0,2,4,0,2848.45
4393,98,295.0,2,7,0,-578.65
4394,97,764.0,3,5,0,-109.65
4395,307,917.0,1,6,0,43.55
4396,242,355.0,3,4,0,-518.51
4397,42,485.0,0,5,0,-388.7
4398,280,313.0,1,8,0,-560.47
4399,298,1849.0,1,7,0,975.54
4400,117,78.0,1,3,0,-795.63
4401,78,564.0,2,7,1,-309.67
4402,149,449.0,1,6,1,-424.6
4403,221,271.0,0,4,0,-602.53
4404,192,474.0,3,5,0,-399.56
4405,331,1073.0,0,4,0,199.58
4406,271,124.0,2,4,0,-749.48
4407,228,483.0,3,6,0,-390.52
4408,170,293.0,3,8,0,-580.58
4409,39,244.0,2,9,0,-629.71
4410,94,258.0,2,6,1,-615.65
4411,120,197.0,5,6,1,-676.63
4412,274,1086.0,3,3,0,212.52
4413,141,127.0,7,5,1,-746.61
4414,78,206.0,1,3,0,-667.67
4415,255,331.0,2,7,0,-542.5
4416,253,197.0,1,6,0,-676.5
4417,344,2068.0,1,5,0,1194.59
4418,9,2079.0,3,4,1,1205.26
4419,296,1949.0,2,2,0,1075.54
4420,74,233.0,3,3,0,-640.67
4421,341,366.0,2,5,0,-507.42
4422,339,399.0,3,6,0,-474.42
4423,27,6000.0,2,5,0,5126.28
4424,62,790.0,1,6,0,-83.68
4425,361,521.0,2,7,0,-352.4
4426,193,402.0,1,2,0,-471.56
4427,19,402.0,3,10,1,-471.73
4428,39,1040.0,2,0,0,166.29
4429,83,755.0,2,4,1,-118.66
4430,363,195.0,2,8,1,-678.39
4431,244,148.0,1,3,1,-725.51
4432,87,44.0,2,2,0,-829.66
4433,226,1616.0,1,7,1,742.47
4434,15,153.0,1,5,0,-720.73
4435,350,343.0,0,12,0,-530.41
4436,91,2182.0,2,3,1,1308.34
4437,159,608.0,1,9,1,-265.59
4438,155,266.0,0,4,0,-607.59
4439,335,123.0,2,9,0,-750.42
4440,226,544.0,0,5,0,-329.53
4441,221,896.0,2,4,0,22.47
4442,312,1282.0,1,5,0,408.56
4443,158,1086.0,1,12,0,212.41
4444,247,608.0,3,6,0,-265.51
4445,38,616.0,1,6,1,-257.71
4446,162,193.0,2,4,0,-680.59
4447,181,321.0,3,9,0,-552.57
4448,41,308.0,2,7,1,-565.7
4449,17,205.0,2,3,1,-668.73
4450,365,268.0,1,2,0,-605.39
4451,72,721.0,4,8,0,-152.67
4452,80,774.0,5,2,0,-99.67
4453,97,479.0,1,10,1,-394.65
4454,262,829.0,1,4,0,-44.49
4455,187,131.0,3,5,0,-742.56
4456,92,565.0,2,12,0,-308.66
4457,169,697.0,2,3,0,-176.58
4458,195,487.0,4,4,1,-386.56
4459,155,1554.0,1,12,0,680.41
4460,315,899.0,0,6,0,25.56
4461,316,1181.0,1,8,0,307.56
4462,315,136.0,3,6,0,-737.44
4463,292,178.0,3,7,0,-695.46
4464,60,859.0,3,2,0,-14.69
4465,23,1197.0,1,3,0,323.28
4466,104,335.0,2,10,0,-538.64
4467,12,295.0,9,4,1,-578.73
4468,316,907.0,1,8,0,33.56
4469,236,166.0,3,12,0,-707.52
4470,116,1914.0,1,4,0,1040.37
4471,245,450.0,2,5,0,-423.51
4472,31,306.0,2,4,1,-567.71
4473,320,2098.0,3,1,0,1224.56
4474,188,1513.0,4,8,0,639.44
4475,212,1451.0,2,7,1,577.46
4476,198,177.0,4,8,0,-696.55
4477,211,622.0,2,9,1,-251.54
4478,300,192.0,3,8,1,-681.45
4479,181,905.0,2,10,1,31.43
4480,287,590.0,1,6,0,-283.47
4481,192,1026.0,2,6,0,152.44
4482,234,1748.0,1,9,1,874.48
4483,321,170.0,3,4,0,-703.43
4484,90,507.0,0,9,0,-366.66
4485,336,779.0,4,5,0,-94.42
4486,158,958.0,1,5,0,84.41
4487,250,98.0,3,6,1,-775.5
4488,313,4226.0,2,4,0,3352.56
4489,187,141.0,1,5,0,-732.56
4490,103,753.0,2,5,1,-120.64
4491,322,161.0,3,5,0,-712.43
4492,98,450.0,2,5,0,-423.65
4493,172,357.0,1,2,0,-516.58
4494,30,3409.0,1,5,0,2535.28
4495,107,559.0,1,9,0,-314.64
4496,337,444.0,5,4,1,-429.42
4497,218,39.0,1,7,0,-834.53
4498,305,1161.0,5,5,1,287.55
4499,102,1589.0,2,1,1,715.35
4500,94,1660.0,2,5,1,786.35
4501,146,1053.0,2,6,0,179.4
4502,164,3146.0,5,8,0,2272.41
4503,320,270.0,0,8,0,-603.44
4504,30,1553.0,0,6,0,679.28
4505,98,1622.0,1,7,1,748.35
4506,30,202.0,3,8,1,-671.71
4507,52,62.0,1,6,1,-811.69
4508,55,4342.0,2,4,0,3468.31
4509,203,6000.0,1,4,0,5126.45
4510,205,587.0,2,10,0,-286.55
4511,350,599.0,1,6,0,-274.41
4512,300,97.0,3,3,0,-776.45
4513,146,452.0,1,7,0,-421.6
4514,196,96.0,0,5,0,-777.55
4515,355,3058.0,1,6,0,2184.6
4516,22,793.0,3,6,1,-80.72
4517,100,699.0,3,5,0,-174.65
4518,99,158.0,2,9,0,-715.65
4519,32,1057.0,3,6,0,183.29
4520,172,210.0,5,11,1,-663.58
4521,331,321.0,3,4,0,-552.42
4522,115,212.0,6,9,1,-661.63
4523,294,438.0,1,4,0,-435.46
4524,52,6000.0,0,7,0,5126.3
4525,103,1432.0,0,7,0,558.36
4526,105,408.0,2,7,0,-465.64
4527,233,2060.0,2,5,0,1186.48
4528,266,763.0,2,5,0,-110.49
4529,189,228.0,5,7,1,-645.56
4530,341,299.0,2,7,0,-574.42
4531,129,1309.0,2,6,0,435.38
4532,213,341.0,1,10,0,-532.54
4533,68,87.0,2,3,1,-786.68
4534,152,231.0,3,5,0,-642.6
4535,98,959.0,3,7,0,85.35
4536,180,744.0,1,1,0,-129.57
4537,248,533.0,1,10,1,-340.5
4538,249,745.0,0,9,0,-128.5
4539,257,731.0,2,2,0,-142.5
4540,90,329.0,2,4,0,-544.66
4541,104,162.0,4,5,0,-711.64
4542,248,581.0,1,4,0,-292.5
4543,81,1700.0,2,5,0,826.33
4544,123,117.0,4,4,0,-756.62
4545,49,687.0,3,11,1,-186.7
4546,16,2976.0,1,4,0,2102.27
4547,2,1028.0,1,8,0,154.26
4548,346,265.0,4,7,0,-608.41
4549,103,1056.0,1,8,1,182.36
4550,246,317.0,4,3,1,-556.51
4551,190,6000.0,4,3,0,5126.44
4552,8,393.0,2,2,0,-480.74
4553,262,618.0,0,7,0,-255.49
4554,312,79.0,0,6,0,-794.44
4555,214,864.0,4,8,0,-9.54
4556,83,404.0,5,7,1,-469.66
4557,111,389.0,1,8,0,-484.64
4558,299,2955.0,0,8,0,2081.54
4559,39,1014.0,7,3,1,140.29
4560,175,926.0,4,4,1,52.42
4561,43,969.0,6,5,1,95.3
4562,62,1543.0,2,6,0,669.32
4563,330,768.0,2,7,0,-105.43
4564,210,525.0,3,6,1,-348.54
4565,231,349.0,1,2,1,-524.52
4566,226,310.0,4,3,1,-563.53
4567,160,198.0,2,4,0,-675.59
4568,188,925.0,1,8,0,51.44
4569,333,468.0,3,3,0,-405.42
4570,178,2701.0,4,6,0,1827.43
4571,182,114.0,1,4,0,-759.57
4572,35,62.0,3,6,0,-811.71
4573,41,655.0,1,6,0,-218.7
4574,324,1223.0,3,3,0,349.57
4575,231,564.0,3,5,1,-309.52
4576,224,2686.0,3,4,0,1812.47
4577,239,933.0,2,6,0,59.49
4578,240,539.0,0,6,0,-334.51
4579,207,901.0,0,3,0,27.46
4580,63,400.0,2,2,0,-473.68
4581,140,357.0,5,7,0,-516.61
4582,317,694.0,2,7,0,-179.44
4583,317,71.0,1,8,0,-802.44
4584,118,392.0,2,8,0,-481.63
4585,226,558.0,2,7,0,-315.53
4586,44,2527.0,2,5,0,1653.3
4587,5,5634.0,4,4,1,4760.26
4588,228,305.0,2,7,0,-568.52
4589,233,323.0,3,10,1,-550.52
4590,66,214.0,2,5,0,-659.68
4591,151,356.0,2,8,0,-517.6
4592,228,941.0,1,7,0,67.48
4593,170,177.0,2,7,0,-696.58
4594,118,431.0,2,4,1,-442.63
4595,279,503.0,2,2,0,-370.47
4596,51,333.0,2,7,0,-540.69
4597,364,2183.0,2,3,0,1309.61
4598,156,252.0,2,2,0,-621.59
4599,113,858.0,3,8,0,-15.63
4600,112,649.0,4,6,1,-224.64
4601,249,3886.0,3,9,1,3012.49
4602,190,217.0,2,5,0,-656.56
4603,22,809.0,1,4,1,-64.72
4604,179,164.0,3,6,0,-709.57
4605,244,1285.0,1,3,0,411.49
4606,170,4053.0,0,4,0,3179.42
4607,82,794.0,2,5,0,-79.66
4608,218,267.0,0,2,1,-606.53
4609,182,765.0,1,2,0,-108.57
4610,226,465.0,3,10,0,-408.53
4611,137,1448.0,3,2,0,574.39
4612,73,907.0,3,8,1,33.33
4613,166,259.0,4,5,1,-614.58
4614,278,488.0,2,4,0,-385.48
4615,348,302.0,0,9,1,-571.41
4616,60,310.0,4,6,1,-563.69
4617,69,315.0,6,11,1,-558.68
4618,4,213.0,1,6,0,-660.74
4619,3,289.0,0,4,0,-584.74
4620,234,424.0,0,2,0,-449.52
4621,209,359.0,1,4,0,-514.54
4622,240,1230.0,2,6,1,356.49
4623,257,3335.0,5,5,1,2461.5
4624,309,576.0,2,3,0,-297.45
4625,63,77.0,1,9,1,-796.68
4626,235,130.0,3,4,1,-743.52
4627,340,2181.0,1,4,0,1307.58
4628,158,1634.0,1,7,0,760.41
4629,248,195.0,4,7,0,-678.5
4630,84,115.0,5,10,1,-758.66
4631,229,531.0,3,12,0,-342.52
4632,91,436.0,2,5,1,-437.66
4633,140,859.0,6,6,1,-14.61
4634,179,417.0,0,5,0,-456.57
4635,293,136.0,5,5,0,-737.46
4636,356,2218.0,2,6,1,1344.6
4637,159,506.0,1,7,0,-367.59
4638,211,384.0,0,4,0,-489.54
4639,163,246.0,1,3,0,-627.59
4640,273,6000.0,2,10,0,5126.52
4641,302,1419.0,1,2,1,545.55
4642,344,185.0,3,6,0,-688.41
4643,178,6000.0,2,4,0,5126.43
4644,73,2389.0,0,8,0,1515.33
4645,173,1328.0,1,5,0,454.42
4646,169,446.0,1,4,0,-427.58
4647,38,569.0,3,5,0,-304.71
4648,339,3150.0,4,3,1,2276.58
4649,144,2723.0,3,12,0,1849.39
4650,136,758.0,0,6,0,-115.61
4651,129,1137.0,1,5,0,263.38
4652,46,305.0,0,7,0,-568.7
4653,296,703.0,1,9,0,-170.46
4654,91,120.0,1,2,0,-753.66
4655,162,382.0,1,5,0,-491.59
4656,237,423.0,2,5,0,-450.52
4657,56,176.0,1,4,1,-697.69
4658,204,64.0,1,11,0,-809.55
4659,360,2207.0,1,3,0,1333.6
4660,315,153.0,1,3,0,-720.44
4661,353,428.0,2,2,1,-445.4
4662,363,553.0,3,6,0,-320.39
4663,296,336.0,2,4,0,-537.46
4664,51,911.0,4,5,1,37.31
4665,296,94.0,1,4,0,-779.46
4666,109,135.0,2,4,0,-738.64
4667,25,1051.0,4,7,1,177.28
4668,244,309.0,2,9,1,-564.51
4669,79,1335.0,3,6,1,461.33
4670,320,160.0,3,4,0,-713.44
4671,295,295.0,1,9,0,-578.46
4672,297,88.0,2,6,0,-785.46
4673,90,461.0,0,14,0,-412.66
4674,335,189.0,1,4,0,-684.42
4675,294,236.0,4,3,1,-637.46
4676,173,493.0,3,5,0,-380.58
4677,183,144.0,5,3,1,-729.57
4678,276,1099.0,3,12,0,225.52
4679,291,2788.0,0,5,1,1914.54
4680,45,4411.0,1,8,0,3537.3
4681,299,106.0,0,8,1,-767.46
4682,158,1865.0,3,3,0,991.41
4683,172,332.0,1,4,0,-541.58
4684,320,678.0,2,5,0,-195.44
4685,199,98.0,0,5,0,-775.55
4686,30,33.0,4,6,0,-840.71
4687,340,643.0,5,4,1,-230.42
4688,2,645.0,3,7,1,-228.74
4689,122,139.0,2,10,0,-734.63
4690,240,1661.0,2,9,0,787.49
4691,355,540.0,1,3,0,-333.4
4692,342,302.0,2,4,0,-571.41
4693,11,117.0,3,5,1,-756.73
4694,292,801.0,2,11,1,-72.46
4695,309,1260.0,4,5,1,386.55
4696,208,1552.0,1,6,1,678.46
4697,294,1219.0,2,4,0,345.54
4698,19,530.0,1,4,0,-343.73
4699,201,114.0,0,4,0,-759.55
4700,264,363.0,1,6,0,-510.49
4701,141,189.0,2,6,0,-684.61
4702,321,487.0,0,5,0,-386.43
4703,99,2258.0,2,7,0,1384.35
4704,78,439.0,2,4,1,-434.67
4705,270,40.0,3,8,1,-833.48
4706,214,1431.0,1,7,1,557.46
4707,294,900.0,1,8,0,26.54
4708,56,875.0,2,6,0,1.31
4709,166,80.0,0,6,0,-793.58
4710,103,65.0,3,4,1,-808.64
4711,331,1454.0,1,7,1,580.57
4712,283,540.0,3,3,0,-333.47
4713,338,1507.0,1,6,0,633.58
4714,359,246.0,3,11,0,-627.4
4715,92,1509.0,0,5,0,635.34
4716,190,395.0,1,11,0,-478.56
4717,351,1074.0,3,10,0,200.59
4718,164,1964.0,3,1,0,1090.41
4719,323,1957.0,1,4,0,1083.57
4720,174,195.0,1,4,0,-678.58
4721,56,134.0,1,4,0,-739.69
4722,60,633.0,1,5,0,-240.69
4723,41,1265.0,2,5,1,391.3
4724,276,689.0,4,7,1,-184.48
4725,124,86.0,2,6,0,-787.62
4726,280,320.0,5,9,1,-553.47
4727,179,1045.0,1,12,0,171.43
4728,290,1168.0,0,5,0,294.54
4729,67,1865.0,1,2,1,991.32
4730,313,842.0,2,3,0,-31.44
4731,201,131.0,6,8,1,-742.55
4732,1,1920.0,3,3,0,1046.26
4733,121,1180.0,4,4,1,306.37
4734,111,169.0,1,8,1,-704.64
4735,185,476.0,4,4,1,-397.57
4736,27,773.0,0,7,0,-100.72
4737,112,386.0,1,2,0,-487.64
4738,164,224.0,3,6,0,-649.59
4739,252,84.0,0,7,1,-789.5
4740,247,1172.0,1,3,0,298.49
4741,63,738.0,0,7,0,-135.68
4742,300,662.0,0,7,0,-211.45
4743,277,379.0,0,5,0,-494.48
4744,359,65.0,2,9,0,-808.4
4745,210,702.0,1,2,0,-171.54
4746,247,197.0,3,8,1,-676.51
4747,57,1006.0,1,4,0,132.31
4748,45,326.0,3,6,1,-547.7
4749,232,768.0,0,3,0,-105.52
4750,334,206.0,2,6,0,-667.42
4751,82,90.0,4,8,1,-783.66
4752,210,527.0,2,7,1,-346.54
4753,39,2115.0,2,7,1,1241.29
4754,356,524.0,3,8,0,-349.4
4755,252,217.0,2,4,0,-656.5
4756,344,1513.0,1,7,0,639.59
4757,1,103.0,1,6,0,-770.74
4758,293,138.0,1,4,0,-735.46
4759,319,216.0,0,5,0,-657.44
4760,121,992.0,1,9,0,118.37
4761,298,913.0,2,3,0,39.54
4762,251,580.0,5,7,1,-293.5
4763,127,2093.0,3,6,0,1219.38
4764,214,557.0,1,3,0,-316.54
4765,321,639.0,2,5,0,-234.43
4766,304,1400.0,0,10,0,526.55
4767,274,1050.0,3,6,0,176.52
4768,291,756.0,2,6,0,-117.46
4769,240,43.0,1,4,0,-830.51
4770,217,976.0,1,8,1,102.47
4771,103,515.0,4,3,1,-358.64
4772,98,2624.0,2,5,0,1750.35
4773,341,1236.0,2,4,0,362.58
4774,275,283.0,2,6,0,-590.48
4775,102,976.0,2,5,0,102.35
4776,191,1209.0,4,8,1,335.44
4777,284,2299.0,2,7,0,1425.53
4778,122,353.0,1,7,1,-520.63
4779,96,2550.0,0,11,0,1676.35
4780,289,1448.0,5,3,1,574.53
4781,246,401.0,2,4,1,-472.51
4782,230,10.0,2,10,1,-863.52
4783,285,284.0,2,3,0,-589.47
4784,201,126.0,5,5,1,-747.55
4785,284,2555.0,2,6,0,1681.53
4786,22,427.0,1,2,0,-446.72
4787,282,1368.0,4,6,1,494.53
4788,151,595.0,2,5,0,-278.6
4789,224,4344.0,2,9,0,3470.47
4790,283,736.0,0,6,0,-137.47
4791,138,2605.0,1,2,0,1731.39
4792,98,334.0,1,3,0,-539.65
4793,156,302.0,3,7,1,-571.59
4794,189,6000.0,0,5,0,5126.44
4795,10,159.0,2,10,0,-714.73
4796,82,1773.0,1,6,1,899.33
4797,272,6000.0,3,9,0,5126.52
4798,258,1383.0,3,5,0,509.5
4799,130,447.0,2,5,0,-426.62
4800,255,61.0,2,4,1,-812.5
4801,302,434.0,2,6,0,-439.45
4802,51,642.0,2,5,1,-231.69
4803,258,181.0,1,6,0,-692.49
4804,82,527.0,2,6,0,-346.66
4805,188,233.0,0,6,0,-640.56
4806,162,207.0,1,3,0,-666.59
4807,193,219.0,3,5,0,-654.56
4808,245,378.0,2,2,1,-495.51
4809,19,737.0,3,4,0,-136.73
4810,338,508.0,2,5,0,-365.42
4811,85,923.0,5,3,1,49.34
4812,95,1156.0,4,5,0,282.35
4813,170,439.0,4,8,1,-434.58
4814,223,238.0,5,3,1,-635.53
4815,316,334.0,3,5,0,-539.44
4816,109,950.0,3,5,0,76.36
4817,360,35.0,1,8,0,-838.4
4818,263,388.0,1,2,0,-485.49
4819,228,1804.0,1,7,0,930.48
4820,359,252.0,0,9,0,-621.4
4821,16,71.0,1,6,1,-802.73
4822,285,768.0,2,11,0,-105.47
4823,77,1830.0,0,5,0,956.33
4824,91,129.0,2,5,0,-744.66
4825,1,976.0,5,11,1,102.26
4826,188,688.0,4,4,1,-185.56
4827,251,192.0,1,7,0,-681.5
4828,203,527.0,1,5,0,-346.55
4829,248,410.0,4,8,1,-463.5
4830,326,6000.0,0,4,0,5126.57
4831,49,299.0,2,6,0,-574.7
4832,178,549.0,4,11,0,-324.57
4833,193,1007.0,1,9,0,133.44
4834,88,202.0,1,9,0,-671.66
4835,82,419.0,1,11,0,-454.66
4836,126,350.0,1,5,0,-523.62
4837,145,243.0,2,1,1,-630.6
4838,361,224.0,1,3,0,-649.4
4839,180,193.0,1,5,0,-680.57
4840,95,161.0,6,6,1,-712.65
4841,111,861.0,1,10,0,-12.64
4842,6,516.0,2,5,0,-357.74
4843,23,1617.0,1,9,0,743.28
4844,142,484.0,1,7,0,-389.61
4845,101,4283.0,1,8,1,3409.35
4846,6,175.0,3,5,0,-698.74
4847,151,623.0,0,3,0,-250.6
4848,196,337.0,3,4,0,-536.55
4849,82,528.0,1,9,0,-345.66
4850,53,283.0,1,8,0,-590.69
4851,353,1633.0,2,5,0,759.6
4852,173,76.0,2,9,0,-797.58
4853,92,663.0,3,3,0,-210.65
4854,292,747.0,1,6,0,-126.46
4855,95,287.0,1,5,0,-586.65
4856,232,1722.0,3,9,1,848.48
4857,292,430.0,3,10,1,-443.46
4858,335,1123.0,5,5,0,249.58
4859,211,866.0,1,9,1,-7.54
4860,284,1585.0,1,7,0,711.53
4861,124,125.0,2,6,0,-748.62
4862,358,786.0,1,10,0,-87.4
4863,26,375.0,4,6,0,-498.72
4864,7,384.0,1,2,0,-489.74
4865,22,683.0,4,2,1,-190.72
4866,160,619.0,2,6,1,-254.59
4867,140,172.0,1,8,0,-701.61
4868,244,600.0,1,5,0,-273.51
4869,117,293.0,2,7,1,-580.63
4870,65,450.0,3,2,0,-423.68
4871,343,349.0,0,4,0,-524.41
4872,322,346.0,3,6,0,-527.43
4873,285,138.0,1,6,0,-735.47
4874,344,1637.0,2,5,0,763.59
4875,295,512.0,3,3,0,-361.46
4876,231,6000.0,0,7,0,5126.48
4877,88,1622.0,1,11,0,748.34
4878,127,1920.0,3,5,0,1046.38
4879,136,102.0,1,5,0,-771.61
4880,337,198.0,2,3,0,-675.42
4881,313,338.0,1,10,0,-535.44
4882,76,12.0,0,4,0,-861.67
4883,149,2878.0,4,5,0,2004.4
4884,50,1214.0,4,2,1,340.3
4885,155,1252.0,2,7,0,378.41
4886,87,220.0,2,3,0,-653.66
4887,99,514.0,2,4,1,-359.65
4888,313,128.0,2,12,0,-745.44
4889,144,196.0,2,6,1,-677.6
4890,36,302.0,4,7,1,-571.71
4891,340,1820.0,0,5,0,946.58
4892,57,392.0,3,7,0,-481.69
4893,67,233.0,2,5,0,-640.68
4894,142,1013.0,2,4,1,139.39
4895,344,308.0,2,5,0,-565.41
4896,75,579.0,2,7,0,-294.67
4897,146,1482.0,3,3,1,608.4
4898,198,425.0,0,6,0,-448.55
4899,214,64.0,2,4,1,-809.54
4900,114,2741.0,1,7,0,1867.37
4901,259,253.0,2,4,0,-620.49
4902,363,828.0,2,5,0,-45.39
4903,162,111.0,1,8,0,-762.59
4904,295,1890.0,6,7,1,1016.54
4905,17,1481.0,1,4,0,607.27
4906,229,415.0,2,11,1,-458.52
4907,100,1061.0,2,5,1,187.35
4908,289,197.0,1,8,0,-676.47
4909,134,1979.0,1,11,1,1105.38
4910,1,263.0,1,5,0,-610.74
4911,130,742.0,2,8,0,-131.62
4912,177,859.0,1,7,0,-14.57
4913,343,156.0,2,8,1,-717.41
4914,336,1312.0,0,9,1,438.58
4915,10,1202.0,2,10,0,328.27
4916,40,1177.0,2,7,0,303.29
4917,177,1102.0,2,10,1,228.43
4918,75,537.0,2,3,0,-336.67
4919,145,317.0,3,2,0,-556.6
4920,80,663.0,3,5,0,-210.67
4921,228,303.0,5,4,0,-570.52
4922,140,516.0,2,9,1,-357.61
4923,281,387.0,5,4,1,-486.47
4924,333,1170.0,2,3,0,296.58
4925,365,144.0,3,7,0,-729.39
4926,245,482.0,1,6,0,-391.51
4927,164,160.0,0,5,0,-713.59
4928,164,427.0,1,9,0,-446.59
4929,357,1364.0,2,6,0,490.6
4930,277,814.0,0,8,0,-59.48
4931,233,213.0,1,7,0,-660.52
4932,321,182.0,1,5,0,-691.43
4933,199,43.0,1,6,0,-830.55
4934,66,227.0,2,4,1,-646.68
4935,9,6000.0,0,8,0,5126.26
4936,213,345.0,4,6,1,-528.54
4937,217,1031.0,5,2,0,157.47
4938,266,3357.0,0,4,0,2483.51
4939,39,40.0,3,6,1,-833.71
4940,39,530.0,1,9,0,-343.71
4941,354,481.0,4,12,0,-392.4
4942,357,96.0,0,8,0,-777.4
4943,48,203.0,1,9,0,-670.7
4944,307,3589.0,6,9,0,2715.55
4945,72,160.0,2,10,1,-713.67
4946,354,257.0,4,12,0,-616.4
4947,241,1132.0,1,6,0,258.49
4948,121,213.0,1,7,0,-660.63
4949,33,406.0,0,7,1,-467.71
4950,138,1760.0,2,8,0,886.39
4951,179,65.0,1,5,0,-808.57
4952,276,1254.0,1,4,0,380.52
4953,308,470.0,4,4,1,-403.45
4954,217,833.0,1,4,1,-40.53
4955,36,671.0,1,4,0,-202.71
4956,41,1514.0,0,8,0,640.3
4957,117,2124.0,3,2,1,1250.37
4958,150,959.0,7,9,1,85.4
4959,56,113.0,4,6,0,-760.69
4960,235,74.0,2,8,0,-799.52
4961,319,2989.0,2,3,0,2115.56
4962,46,3833.0,5,2,0,2959.3
4963,267,701.0,3,2,0,-172.49
4964,81,776.0,1,6,0,-97.67
4965,300,3655.0,1,8,1,2781.54
4966,25,118.0,3,2,0,-755.72
4967,245,956.0,0,6,0,82.49
4968,161,2810.0,2,5,0,1936.41
4969,129,1052.0,2,7,1,178.38
4970,58,479.0,2,8,0,-394.69
4971,284,33.0,3,6,0,-840.47
4972,21,284.0,2,7,1,-589.72
4973,308,287.0,4,4,0,-586.45
4974,259,1043.0,2,5,0,169.51
4975,295,41.0,1,6,0,-832.46
4976,147,375.0,0,5,0,-498.6
4977,201,798.0,5,7,1,-75.55
4978,13,494.0,2,9,1,-379.73
4979,218,467.0,4,8,1,-406.53
4980,60,493.0,1,1,0,-380.69
4981,278,135.0,2,9,1,-738.48
4982,29,105.0,4,4,0,-768.72
4983,109,408.0,3,5,0,-465.64
4984,15,1005.0,1,7,0,131.27
4985,351,248.0,5,7,1,-625.41
4986,80,903.0,0,6,0,29.33
4987,228,149.0,2,7,0,-724.52
4988,110,149.0,0,5,0,-724.64
4989,276,308.0,4,8,1,-565.48
4990,174,268.0,1,0,0,-605.58
4991,317,326.0,3,4,0,-547.44
4992,24,1854.0,2,2,0,980.28
4993,36,99.0,3,8,1,-774.71
4994,336,2491.0,1,10,0,1617.58
4995,114,2359.0,1,4,1,1485.37
4996,62,4529.0,1,6,0,3655.31
4997,185,507.0,1,1,0,-366.57
4998,349,134.0,0,6,0,-739.41
4999,297,740.0,2,7,1,-133.46
5000,223,624.0,1,5,0,-249.53
5001,57,953.0,2,6,0,79.31
5002,247,204.0,2,3,0,-669.51
5003,65,565.0,2,3,0,-308.68
5004,69,6000.0,1,6,0,5126.32
5005,255,151.0,0,7,0,-722.5
5006,238,44.0,2,6,0,-829.51
5007,227,973.0,1,5,1,99.47
5008,101,116.0,2,5,1,-757.65
5009,318,568.0,2,9,0,-305.44
5010,76,905.0,1,9,0,31.33
5011,124,692.0,2,7,1,-181.62
5012,159,922.0,4,8,1,48.41
5013,128,532.0,2,6,1,-341.62
5014,6,442.0,3,6,1,-431.74
5015,277,5985.0,1,3,0,5111.52
5016,100,284.0,2,2,0,-589.65
5017,213,1717.0,2,7,0,843.46
5018,64,780.0,0,5,0,-93.68
5019,247,207.0,0,3,0,-666.51
5020,132,1182.0,4,4,1,308.38
5021,24,298.0,5,8,1,-575.72
5022,83,89.0,2,9,1,-784.66
5023,163,722.0,4,7,1,-151.59
5024,59,1389.0,1,7,1,515.31
5025,232,779.0,3,3,1,-94.52
5026,316,492.0,2,5,0,-381.44
5027,5,899.0,2,7,0,25.26
5028,176,279.0,4,6,1,-594.57
5029,229,400.0,0,8,0,-473.52
5030,343,2029.0,0,2,0,1155.59
5031,347,482.0,3,3,0,-391.41
5032,241,279.0,2,6,0,-594.51
5033,339,292.0,3,7,0,-581.42
5034,185,529.0,2,5,0,-344.57
5035,66,322.0,1,7,1,-551.68
5036,199,541.0,2,6,0,-332.55
5037,348,508.0,4,7,0,-365.41
5038,289,980.0,0,5,0,106.53
5039,53,157.0,2,6,0,-716.69
5040,36,285.0,1,6,0,-588.71
5041,51,1509.0,1,5,0,635.31
5042,110,786.0,1,5,0,-87.64
5043,36,901.0,1,4,0,27.29
5044,19,161.0,2,3,1,-712.72
5045,235,304.0,1,8,0,-569.52
5046,280,2919.0,3,3,0,2045.53
5047,313,193.0,1,9,0,-680.44
5048,150,262.0,0,6,0,-611.6
5049,96,447.0,4,6,1,-426.65
5050,306,1046.0,1,6,1,172.55
5051,194,412.0,2,7,0,-461.56
5052,67,859.0,1,11,0,-14.68
5053,22,223.0,2,6,0,-650.72
5054,345,205.0,2,10,1,-668.41
5055,34,694.0,2,6,0,-179.71
5056,68,4607.0,2,8,1,3733.32
5057,34,1102.0,5,1,1,228.29
5058,199,468.0,5,8,0,-405.55
5059,279,776.0,2,8,0,-97.48
5060,233,225.0,3,5,0,-648.52
5061,354,4136.0,2,9,0,3262.6
5062,334,73.0,2,12,0,-800.42
5063,289,535.0,0,4,0,-338.47
5064,113,413.0,0,6,0,-460.63
5065,362,977.0,2,5,0,103.6
5066,236,581.0,0,6,0,-292.52
5067,281,48.0,1,9,0,-825.47
5068,206,540.0,3,7,0,-333.55
5069,294,371.0,4,6,0,-502.46
5070,270,558.0,2,3,0,-315.48
5071,150,1669.0,2,7,1,795.4
5072,25,303.0,1,8,0,-570.72
5073,315,6000.0,2,10,0,5126.56
5074,328,126.0,2,8,0,-747.43
5075,358,180.0,3,8,1,-693.4
5076,21,409.0,2,8,0,-464.72
5077,15,571.0,4,8,1,-302.73
5078,216,1436.0,1,2,0,562.46
5079,210,1313.0,2,5,1,439.46
5080,180,2060.0,0,9,0,1186.43
5081,68,1254.0,0,7,0,380.32
5082,169,144.0,4,5,1,-729.58
5083,290,88.0,2,5,0,-785.46
5084,325,791.0,1,7,0,-82.43
5085,290,1106.0,1,5,0,232.54
5086,56,780.0,1,3,0,-93.69
5087,14,891.0,4,9,1,17.27
5088,166,532.0,2,8,1,-341.58
5089,119,54.0,2,8,1,-819.63
5090,256,151.0,1,6,1,-722.5
5091,348,1579.0,3,7,0,705.59
5092,300,610.0,1,6,0,-263.45
5093,2,1917.0,3,2,0,1043.26
5094,303,404.0,1,3,0,-469.45
5095,299,365.0,4,11,1,-508.46
5096,102,372.0,2,8,1,-501.65
5097,211,365.0,2,6,0,-508.54
5098,204,282.0,3,7,1,-591.55
5099,265,401.0,0,10,1,-472.49
5100,264,299.0,3,6,1,-574.49
5101,37,994.0,2,6,0,120.29
5102,214,402.0,3,4,0,-471.54
5103,30,501.0,2,7,0,-372.71
5104,213,271.0,2,8,0,-602.54
5105,301,437.0,2,5,0,-436.45
5106,312,485.0,4,4,0,-388.44
5107,9,368.0,1,4,0,-505.73
5108,178,170.0,1,4,0,-703.57
5109,135,364.0,2,7,0,-509.61
5110,174,115.0,0,5,0,-758.58
5111,321,853.0,1,9,0,-20.43
5112,271,384.0,1,5,1,-489.48
5113,264,277.0,1,9,0,-596.49
5114,312,325.0,2,14,0,-548.44
5115,292,534.0,0,4,0,-339.46
5116,88,765.0,2,5,0,-108.66
5117,343,722.0,3,5,0,-151.41
5118,111,236.0,2,4,0,-637.64
5119,196,642.0,2,8,1,-231.55
5120,109,506.0,1,11,0,-367.64
5121,73,1146.0,3,1,1,272.33
5122,17,1579.0,3,4,1,705.27
5123,287,2060.0,2,4,0,1186.53
5124,354,2398.0,3,6,0,1524.6
5125,143,1254.0,1,7,1,380.39
5126,183,2772.0,1,5,0,1898.43
5127,174,6000.0,3,5,1,5126.42
5128,261,237.0,2,6,1,-636.49
5129,109,219.0,2,7,1,-654.64
5130,37,1521.0,0,3,0,647.29
5131,81,3174.0,1,2,0,2300.33
5132,49,198.0,2,6,1,-675.7
5133,12,680.0,2,2,1,-193.73
5134,2,2187.0,6,5,1,1313.26
5135,212,423.0,1,5,0,-450.54
5136,361,969.0,0,6,0,95.6
5137,71,412.0,2,6,0,-461.68
5138,251,641.0,0,7,0,-232.5
5139,95,2095.0,0,6,0,1221.35
5140,183,167.0,3,8,0,-706.57
5141,78,1182.0,1,5,0,308.33
5142,26,99.0,1,5,1,-774.72
5143,79,369.0,1,7,0,-504.67
5144,319,11.0,1,11,0,-862.44
5145,107,268.0,2,9,0,-605.64
5146,23,371.0,5,6,1,-502.72
5147,236,2445.0,1,9,0,1571.48
5148,49,678.0,2,5,0,-195.7
5149,167,876.0,4,1,1,2.42
5150,294,530.0,2,7,0,-343.46
5151,125,458.0,0,4,0,-415.62
5152,247,156.0,2,4,0,-717.51
5153,300,256.0,3,8,0,-617.45
5154,233,274.0,3,7,1,-599.52
5155,262,482.0,1,5,0,-391.49
5156,153,1268.0,4,7,1,394.4
5157,340,189.0,3,4,0,-684.42
5158,320,82.0,4,3,0,-791.44
5159,261,313.0,1,5,0,-560.49
5160,286,1867.0,2,9,0,993.53
5161,24,158.0,2,12,0,-715.72
5162,187,955.0,4,8,0,81.44
5163,270,81.0,2,10,0,-792.48
5164,156,2893.0,2,4,1,2019.41
5165,354,1223.0,0,7,0,349.6
5166,30,1006.0,1,3,0,132.29
5167,183,1059.0,1,9,0,185.43
5168,45,1274.0,5,4,1,400.3
5169,298,77.0,0,8,0,-796.46
5170,54,92.0,2,8,1,-781.69
5171,111,1005.0,3,8,1,131.36
5172,141,1981.0,4,4,0,1107.39
5173,232,780.0,4,9,1,-93.52
5174,257,1356.0,2,5,0,482.5
5175,236,2223.0,1,7,0,1349.48
5176,128,592.0,1,10,1,-281.62
5177,355,712.0,2,4,0,-161.4
5178,321,666.0,2,13,0,-207.43
5179,349,533.0,0,4,0,-340.41
5180,25,482.0,0,8,0,-391.72
5181,226,234.0,5,5,1,-639.53
5182,67,1932.0,1,6,0,1058.32
5183,19,123.0,2,11,0,-750.73
5184,298,155.0,0,3,0,-718.46
5185,140,171.0,0,7,0,-702.61
5186,183,1812.0,3,6,0,938.43
5187,177,742.0,6,6,1,-131.57
5188,197,818.0,2,4,1,-55.55
5189,79,9.0,0,11,0,-864.67
5190,126,628.0,2,9,0,-245.62
5191,89,736.0,2,6,0,-137.66
5192,85,914.0,1,3,0,40.34
5193,26,125.0,2,6,1,-748.72
5194,319,471.0,4,8,0,-402.44
5195,20,885.0,3,9,1,11.28
5196,38,160.0,3,10,1,-713.71
5197,144,546.0,2,6,0,-327.6
5198,22,1833.0,6,7,1,959.28
5199,9,3765.0,1,10,0,2891.26
5200,156,116.0,0,5,0,-757.59
5201,222,515.0,0,9,0,-358.53
5202,285,176.0,5,3,1,-697.47
5203,343,223.0,1,5,0,-650.41
5204,99,2733.0,3,3,0,1859.35
5205,255,98.0,3,9,0,-775.5
5206,31,4473.0,1,3,0,3599.28
5207,285,758.0,5,4,1,-115.47
5208,104,206.0,1,5,0,-667.64
5209,151,767.0,3,5,0,-106.6
5210,276,696.0,1,4,0,-177.48
5211,291,123.0,2,12,0,-750.46
5212,358,116.0,2,12,0,-757.4
5213,301,500.0,0,2,0,-373.45
5214,130,232.0,2,13,0,-641.62
5215,334,150.0,0,5,0,-723.42
5216,343,49.0,0,8,0,-824.41
5217,330,1026.0,3,2,0,152.57
5218,236,1091.0,3,6,1,217.48
5219,22,245.0,3,7,1,-628.72
5220,309,3250.0,1,6,0,2376.55
5221,129,1352.0,0,2,0,478.38
5222,330,1086.0,1,5,0,212.57
5223,354,260.0,1,4,0,-613.4
5224,223,714.0,2,4,0,-159.53
5225,267,2675.0,1,3,0,1801.51
5226,271,80.0,2,3,0,-793.48
5227,80,516.0,2,3,0,-357.67
5228,205,799.0,3,6,1,-74.55
5229,238,818.0,2,4,0,-55.51
5230,41,1223.0,1,6,1,349.3
5231,3,1250.0,2,3,0,376.26
5232,266,630.0,2,4,0,-243.49
5233,164,773.0,4,4,1,-100.59
5234,59,173.0,2,6,0,-700.69
5235,354,237.0,1,9,0,-636.4
5236,177,706.0,3,8,1,-167.57
5237,279,221.0,3,9,0,-652.47
5238,221,5593.0,4,4,0,4719.47
5239,318,276.0,4,4,1,-597.44
5240,86,138.0,0,5,0,-735.66
5241,218,4948.0,1,7,0,4074.46
5242,329,356.0,0,6,0,-517.43
5243,349,540.0,2,8,1,-333.41
5244,235,1013.0,2,4,1,139.48
5245,55,585.0,4,5,0,-288.69
5246,322,162.0,4,7,0,-711.43
5247,273,804.0,2,6,0,-69.48
5248,336,323.0,1,6,0,-550.42
5249,234,90.0,6,7,1,-783.52
5250,202,2277.0,2,6,0,1403.45
5251,321,5815.0,2,3,0,4941.56
5252,55,2268.0,2,5,1,1394.31
5253,248,607.0,2,5,0,-266.5
5254,27,3518.0,2,6,1,2644.28
5255,235,183.0,5,7,1,-690.52
5256,68,528.0,2,6,0,-345.68
5257,259,207.0,1,3,0,-666.49
5258,337,33.0,4,1,1,-840.42
5259,207,716.0,3,3,0,-157.54
5260,171,1798.0,2,8,0,924.42
5261,81,164.0,4,6,1,-709.67
5262,103,261.0,1,6,1,-612.64
5263,209,849.0,1,6,0,-24.54
5264,204,1360.0,2,4,0,486.45
5265,5,167.0,2,7,0,-706.74
5266,314,1798.0,5,6,1,924.56
5267,178,247.0,2,9,1,-626.57
5268,190,122.0,3,7,0,-751.56
5269,308,251.0,1,8,0,-622.45
5270,28,255.0,2,6,0,-618.72
5271,109,194.0,3,1,0,-679.64
5272,351,1222.0,0,6,0,348.59
5273,250,3526.0,0,8,0,2652.5
5274,226,142.0,2,4,0,-731.53
5275,104,82.0,2,3,0,-791.64
5276,152,2105.0,1,3,0,1231.4
5277,344,958.0,1,2,0,84.59
5278,183,66.0,2,10,0,-807.57
5279,163,29.0,1,3,0,-844.59
5280,230,630.0,3,8,0,-243.52
5281,17,398.0,2,7,1,-475.73
5282,245,528.0,3,6,0,-345.51
5283,310,1730.0,0,6,0,856.55
5284,357,199.0,1,7,0,-674.4
5285,140,774.0,2,6,0,-99.61
5286,14,127.0,6,5,1,-746.73
5287,77,151.0,2,7,0,-722.67
5288,185,933.0,2,7,0,59.43
5289,188,563.0,4,6,1,-310.56
5290,317,373.0,2,6,1,-500.44
5291,32,159.0,1,6,1,-714.71
5292,266,267.0,3,5,1,-606.49
5293,33,536.0,1,9,0,-337.71
5294,163,281.0,3,9,1,-592.59
5295,272,182.0,3,8,0,-691.48
5296,112,104.0,2,5,1,-769.64
5297,11,325.0,3,7,1,-548.73
5298,17,839.0,6,5,0,-34.73
5299,142,177.0,3,2,0,-696.61
5300,6,491.0,0,8,0,-382.74
5301,346,194.0,0,7,0,-679.41
5302,116,642.0,5,11,1,-231.63
5303,105,277.0,1,3,0,-596.64
5304,141,927.0,4,6,1,53.39
5305,203,129.0,1,7,0,-744.55
5306,257,561.0,1,3,0,-312.5
5307,67,492.0,3,9,1,-381.68
5308,310,353.0,1,5,0,-520.44
5309,4,605.0,4,6,0,-268.74
5310,249,217.0,1,8,0,-656.5
5311,19,35.0,3,8,1,-838.73
5312,357,231.0,1,5,0,-642.4
5313,134,169.0,6,6,0,-704.61
5314,281,185.0,3,9,0,-688.47
5315,132,725.0,2,4,0,-148.62
5316,19,1490.0,4,3,1,616.27
5317,69,473.0,1,7,1,-400.68
5318,10,897.0,5,8,0,23.27
5319,180,169.0,5,6,1,-704.57
5320,353,529.0,2,6,0,-344.4
5321,37,1733.0,2,5,0,859.29
5322,140,1193.0,0,9,0,319.39
5323,294,411.0,3,2,1,-462.46
5324,206,1342.0,3,5,1,468.45
5325,342,224.0,2,8,0,-649.41
5326,261,730.0,2,5,1,-143.49
5327,85,154.0,1,3,0,-719.66
5328,25,567.0,3,5,0,-306.72
5329,291,391.0,0,1,0,-482.46
5330,265,1419.0,1,8,0,545.51
5331,355,406.0,0,3,0,-467.4
5332,139,483.0,0,6,0,-390.61
5333,128,50.0,2,5,0,-823.62
5334,86,1409.0,3,6,1,535.34
5335,148,151.0,2,8,0,-722.6
5336,22,353.0,2,6,0,-520.72
5337,251,583.0,4,1,1,-290.5
5338,248,1354.0,1,12,0,480.49
5339,96,266.0,1,9,0,-607.65
5340,318,337.0,5,3,0,-536.44
5341,205,239.0,1,7,0,-634.55
5342,315,1929.0,1,9,0,1055.56
5343,280,465.0,2,6,0,-408.47
5344,21,420.0,1,7,0,-453.72
5345,262,120.0,3,6,0,-753.49
5346,278,311.0,2,5,0,-562.48
5347,185,2484.0,5,2,1,1610.43
5348,249,248.0,3,4,0,-625.5
5349,38,924.0,2,10,0,50.29
5350,257,1238.0,0,4,0,364.5
5351,262,313.0,1,7,0,-560.49
5352,319,271.0,3,8,0,-602.44
5353,57,466.0,3,5,0,-407.69
5354,150,308.0,2,5,0,-565.6
5355,39,1323.0,3,5,0,449.29
5356,158,171.0,3,6,1,-702.59
5357,238,248.0,3,4,1,-625.51
5358,40,241.0,2,4,0,-632.7
5359,81,850.0,3,4,1,-23.67
5360,46,283.0,2,3,0,-590.7
5361,314,921.0,1,8,0,47.56
5362,303,866.0,3,5,0,-7.45
5363,189,216.0,2,9,1,-657.56
5364,51,1591.0,2,4,0,717.31
5365,132,328.0,1,10,0,-545.62
5366,290,166.0,1,5,0,-707.46
5367,301,940.0,4,11,1,66.55
5368,92,1637.0,2,5,1,763.34
5369,290,710.0,3,5,0,-163.46
5370,185,870.0,1,7,0,-3.57
5371,64,836.0,2,7,0,-37.68
5372,276,1578.0,3,7,0,704.52
5373,236,379.0,1,7,0,-494.52
5374,28,284.0,0,12,1,-589.72
5375,189,287.0,2,10,0,-586.56
5376,155,179.0,1,5,0,-694.59
5377,349,635.0,0,8,0,-238.41
5378,273,321.0,1,5,0,-552.48
5379,257,2160.0,4,8,1,1286.5
5380,3,97.0,1,7,0,-776.74
5381,221,3097.0,1,5,0,2223.47
5382,9,2338.0,2,6,1,1464.26
5383,9,1529.0,1,11,0,655.26
5384,334,872.0,1,2,0,-1.42
5385,10,110.0,0,11,0,-763.73
5386,100,794.0,3,6,1,-79.65
5387,343,427.0,1,6,0,-446.41
5388,23,26.0,0,5,0,-847.72
5389,230,71.0,4,8,0,-802.52
5390,134,664.0,0,7,1,-209.61
5391,10,1004.0,0,5,1,130.27
5392,108,61.0,3,5,1,-812.64
5393,130,96.0,1,6,0,-777.62
5394,121,859.0,3,5,1,-14.63
5395,44,223.0,2,7,0,-650.7
5396,357,422.0,2,7,0,-451.4
5397,129,129.0,2,6,0,-744.62
5398,147,681.0,0,6,0,-192.6
5399,59,167.0,2,6,0,-706.69
5400,137,117.0,1,5,0,-756.61
5401,55,250.0,2,6,0,-623.69
5402,165,157.0,0,4,0,-716.58
5403,198,139.0,0,4,0,-734.55
5404,110,260.0,1,7,0,-613.64
5405,118,95.0,2,7,0,-778.63
5406,41,306.0,1,8,0,-567.7
5407,233,196.0,2,1,0,-677.52
5408,360,130.0,5,2,1,-743.4
5409,310,322.0,1,9,0,-551.44
5410,137,190.0,2,4,1,-683.61
5411,147,406.0,2,9,0,-467.6
5412,341,76.0,8,7,1,-797.41
5413,211,291.0,1,5,0,-582.54
5414,8,460.0,1,12,0,-413.74
5415,144,551.0,2,7,1,-322.6
5416,172,461.0,1,4,0,-412.58
5417,49,1736.0,2,5,0,862.3
5418,31,659.0,3,8,0,-214.71
5419,246,482.0,1,8,0,-391.51
5420,8,338.0,2,7,0,-535.74
5421,20,380.0,2,6,0,-493.72
5422,97,2234.0,1,9,0,1360.35
5423,309,1651.0,2,4,1,777.55
5424,105,504.0,3,4,0,-369.64
5425,233,1335.0,2,4,1,461.48
5426,140,1808.0,1,4,0,934.39
5427,26,802.0,3,8,0,-71.72
5428,316,936.0,5,4,1,62.56
5429,217,339.0,6,5,1,-534.53
5430,171,362.0,2,10,0,-511.58
5431,302,896.0,3,6,0,22.55
5432,128,773.0,1,6,0,-100.62
5433,60,114.0,1,6,0,-759.69
5434,153,355.0,2,8,1,-518.6
5435,27,2389.0,4,7,0,1515.28
5436,214,822.0,1,11,0,-51.54
5437,282,668.0,4,6,0,-205.47
5438,335,76.0,1,11,0,-797.42
5439,266,612.0,0,5,0,-261.49
5440,343,104.0,1,1,0,-769.41
5441,121,1143.0,3,7,0,269.37
5442,317,365.0,0,7,0,-508.44
5443,70,863.0,4,11,1,-10.68
5444,56,545.0,3,9,0,-328.69
5445,272,1379.0,2,11,1,505.52
5446,170,120.0,1,7,0,-753.58
5447,80,1278.0,0,6,0,404.33
5448,16,1483.0,1,3,1,609.27
5449,201,225.0,5,3,0,-648.55
5450,44,145.0,1,8,0,-728.7
5451,53,1411.0,1,8,0,537.31
5452,342,4377.0,2,8,0,3503.58
5453,203,1734.0,1,4,0,860.45
5454,340,3119.0,2,3,0,2245.58
5455,230,363.0,1,5,0,-510.52
5456,143,2365.0,2,6,0,1491.39
5457,49,495.0,0,9,0,-378.7
5458,197,903.0,1,8,0,29.45
5459,83,1113.0,0,5,0,239.34
5460,134,71.0,2,2,1,-802.61
5461,66,960.0,3,8,1,86.32
5462,97,256.0,3,8,1,-617.65
5463,87,1520.0,2,6,0,646.34
5464,198,139.0,3,8,1,-734.55
5465,100,36.0,2,1,1,-837.65
5466,171,197.0,2,8,1,-676.58
5467,291,1163.0,3,3,0,289.54
5468,330,23.0,4,4,1,-850.43
5469,32,828.0,5,3,0,-45.71
5470,333,359.0,2,6,0,-514.42
5471,19,375.0,1,8,1,-498.73
5472,320,383.0,2,9,0,-490.44
5473,132,1625.0,1,8,1,751.38
5474,304,267.0,1,5,0,-606.45
5475,2,190.0,2,4,1,-683.74
5476,307,2111.0,2,5,0,1237.55
5477,34,153.0,1,8,0,-720.71
5478,236,405.0,3,7,0,-468.52
5479,189,325.0,5,9,1,-548.56
5480,256,1363.0,2,0,0,489.5
5481,190,437.0,1,6,1,-436.56
5482,288,340.0,4,6,0,-533.47
5483,357,257.0,3,4,0,-616.4
5484,361,1872.0,1,5,0,998.6
5485,285,559.0,1,5,0,-314.47
5486,55,188.0,2,11,1,-685.69
5487,204,87.0,1,11,1,-786.55
5488,231,103.0,2,4,0,-770.52
5489,156,94.0,2,9,0,-779.59
5490,74,158.0,3,8,1,-715.67
5491,299,813.0,2,9,0,-60.46
5492,161,104.0,3,6,1,-769.59
5493,357,1091.0,0,8,0,217.6
5494,319,1338.0,0,8,0,464.56
5495,153,258.0,2,7,0,-615.6
5496,317,104.0,1,6,0,-769.44
5497,160,96.0,2,5,0,-777.59
5498,77,763.0,3,8,0,-110.67
5499,171,127.0,4,9,1,-746.58
5500,29,339.0,1,6,0,-534.72
5501,276,1695.0,1,9,0,821.52
5502,157,164.0,2,3,0,-709.59
5503,360,97.0,2,6,0,-776.4
5504,227,580.0,1,12,0,-293.53
5505,56,961.0,2,4,0,87.31
5506,273,520.0,1,5,0,-353.48
5507,303,220.0,0,5,0,-653.45
5508,266,482.0,1,6,0,-391.49
5509,64,293.0,1,8,1,-580.68
5510,317,101.0,1,4,0,-772.44
5511,168,1888.0,3,6,1,1014.42
5512,233,62.0,0,6,0,-811.52
5513,135,685.0,2,3,0,-188.61
5514,320,277.0,4,6,0,-596.44
5515,182,464.0,2,7,0,-409.57
5516,291,378.0,2,7,0,-495.46
5517,76,2605.0,4,4,0,1731.33
5518,68,190.0,2,4,0,-683.68
5519,109,436.0,1,4,0,-437.64
5520,48,680.0,1,4,0,-193.7
5521,150,474.0,0,7,0,-399.6
5522,139,1111.0,3,7,0,237.39
5523,285,313.0,1,10,0,-560.47
5524,299,657.0,2,8,0,-216.46
5525,296,555.0,0,8,0,-318.46
5526,259,76.0,1,2,0,-797.49
5527,363,949.0,0,6,0,75.61
5528,289,1722.0,7,5,1,848.53
5529,273,906.0,1,5,0,32.52
5530,92,1980.0,2,2,0,1106.34
5531,87,250.0,1,4,0,-623.66
5532,16,643.0,0,7,0,-230.73
5533,144,1082.0,2,9,1,208.39
5534,197,348.0,3,7,1,-525.55
5535,192,995.0,1,5,0,121.44
5536,358,376.0,2,5,0,-497.4
5537,263,2517.0,1,13,0,1643.51
5538,219,306.0,4,8,1,-567.53
5539,335,241.0,0,7,0,-632.42
5540,286,673.0,2,8,1,-200.47
5541,179,3774.0,1,4,0,2900.43
5542,268,592.0,2,6,0,-281.49
5543,229,6000.0,2,4,0,5126.47
5544,165,253.0,1,2,0,-620.58
5545,8,128.0,1,7,0,-745.74
5546,104,2454.0,2,4,0,1580.36
5547,235,251.0,0,8,0,-622.52
5548,363,4145.0,3,10,0,3271.6
5549,142,3148.0,0,5,0,2274.39
5550,239,3060.0,1,4,0,2186.49
5551,262,1453.0,5,5,1,579.51
5552,203,1297.0,1,6,0,423.45
5553,179,826.0,2,5,0,-47.57
5554,158,92.0,0,2,0,-781.59
5555,348,461.0,2,1,0,-412.41
5556,195,333.0,1,3,1,-540.56
5557,106,1181.0,2,7,1,307.36
5558,2,65.0,0,7,0,-808.74
5559,267,151.0,1,2,0,-722.49
5560,36,1365.0,2,5,1,491.29
5561,125,664.0,0,8,0,-209.62
5562,173,227.0,5,13,0,-646.58
5563,179,1163.0,3,2,1,289.43
5564,189,275.0,2,6,0,-598.56
5565,63,352.0,4,6,1,-521.68
5566,129,3659.0,2,7,1,2785.38
5567,264,381.0,4,7,1,-492.49
5568,295,545.0,1,6,0,-328.46
5569,276,1951.0,4,5,0,1077.52
5570,145,354.0,0,3,0,-519.6
5571,300,4773.0,3,15,1,3899.54
5572,350,310.0,6,7,1,-563.41
5573,356,819.0,2,3,0,-54.4
5574,65,1656.0,0,3,0,782.32
5575,264,31.0,4,1,0,-842.49
5576,181,1187.0,4,6,1,313.43
5577,194,426.0,4,4,0,-447.56
5578,47,119.0,0,4,0,-754.7
5579,85,1121.0,4,6,1,247.34
5580,65,388.0,4,9,1,-485.68
5581,326,1438.0,3,10,1,564.57
5582,301,491.0,3,6,0,-382.45
5583,58,364.0,2,6,0,-509.69
5584,191,684.0,2,6,0,-189.56
5585,241,303.0,3,6,0,-570.51
5586,190,186.0,2,12,0,-687.56
5587,209,288.0,2,5,1,-585.54
5588,96,118.0,2,9,1,-755.65
5589,209,1528.0,2,7,1,654.46
5590,258,2515.0,2,7,0,1641.5
5591,129,377.0,0,7,0,-496.62
5592,316,503.0,3,6,0,-370.44
5593,117,349.0,1,10,0,-524.63
5594,245,3241.0,1,1,0,2367.49
5595,183,1398.0,3,10,0,524.43
5596,5,949.0,2,12,0,75.26
5597,19,269.0,1,4,0,-604.73
5598,241,337.0,3,11,1,-536.51
5599,127,208.0,3,8,0,-665.62
5600,261,287.0,4,5,0,-586.49
5601,178,361.0,3,8,0,-512.57
5602,212,868.0,5,10,1,-5.54
5603,224,1117.0,2,6,1,243.47
5604,302,282.0,1,7,0,-591.45
5605,333,727.0,1,6,0,-146.42
5606,7,132.0,4,3,1,-741.74
5607,312,74.0,1,9,0,-799.44
5608,141,234.0,2,6,0,-639.61
5609,55,471.0,3,4,0,-402.69
5610,21,842.0,4,7,1,-31.72
5611,65,1209.0,2,4,0,335.32
5612,361,234.0,0,12,0,-639.4
5613,56,285.0,2,9,0,-588.69
5614,272,4233.0,2,5,0,3359.52
5615,204,625.0,4,7,1,-248.55
5616,182,104.0,3,5,1,-769.57
5617,352,98.0,0,6,0,-775.4
5618,8,337.0,1,3,0,-536.74
5619,306,347.0,2,7,0,-526.45
5620,351,168.0,5,8,1,-705.41
5621,67,316.0,2,7,0,-557.68
5622,237,682.0,3,8,0,-191.52
5623,215,331.0,2,5,0,-542.54
5624,127,140.0,0,5,0,-733.62
5625,240,155.0,2,3,0,-718.51
5626,82,224.0,3,5,1,-649.66
5627,217,848.0,4,5,1,-25.53
5628,272,156.0,3,9,0,-717.48
5629,115,334.0,3,5,0,-539.63
5630,218,703.0,3,7,0,-170.53
5631,18,297.0,2,8,0,-576.73
5632,112,3181.0,2,6,0,2307.36
5633,60,1237.0,2,9,1,363.31
5634,266,107.0,3,9,0,-766.49
5635,232,119.0,2,4,1,-754.52
5636,108,3981.0,5,7,1,3107.36
5637,121,564.0,1,6,0,-309.63
5638,363,1259.0,5,5,1,385.61
5639,298,1312.0,2,6,1,438.54
5640,8,531.0,1,10,1,-342.74
5641,30,270.0,2,4,0,-603.71
5642,185,137.0,4,4,0,-736.57
5643,264,971.0,1,5,0,97.51
5644,187,166.0,4,7,1,-707.56
5645,49,699.0,1,8,1,-174.7
5646,267,96.0,3,3,0,-777.49
5647,70,200.0,3,3,1,-673.68
5648,70,383.0,4,8,0,-490.68
5649,278,192.0,3,5,0,-681.48
5650,108,878.0,3,11,1,4.36
5651,69,229.0,0,5,0,-644.68
5652,51,1689.0,1,3,0,815.31
5653,7,103.0,2,5,0,-770.74
5654,135,405.0,1,8,1,-468.61
5655,251,942.0,0,6,1,68.5
5656,89,1229.0,2,6,0,355.34
5657,32,154.0,1,8,0,-719.71
5658,237,323.0,2,4,0,-550.52
5659,317,1837.0,3,7,0,963.56
5660,307,959.0,0,8,0,85.55
5661,164,463.0,3,5,0,-410.59
5662,318,284.0,3,8,0,-589.44
5663,70,527.0,1,5,0,-346.68
5664,345,66.0,5,4,1,-807.41
5665,298,42.0,0,7,0,-831.46
5666,204,1307.0,3,5,0,433.45
5667,32,387.0,1,3,0,-486.71
5668,107,558.0,2,4,0,-315.64
5669,187,15.0,4,8,0,-858.56
5670,21,206.0,4,11,1,-667.72
5671,125,587.0,4,3,0,-286.62
5672,81,339.0,3,8,1,-534.67
5673,93,117.0,0,4,0,-756.65
5674,75,3408.0,2,7,0,2534.33
5675,130,4086.0,4,8,0,3212.38
5676,3,1615.0,3,7,1,741.26
5677,360,3722.0,1,6,0,2848.6
5678,217,644.0,1,9,1,-229.53
5679,61,1588.0,7,8,1,714.31
5680,240,591.0,3,4,1,-282.51
5681,290,426.0,2,7,0,-447.46
5682,100,1129.0,3,5,1,255.35
5683,356,247.0,3,4,0,-626.4
5684,325,79.0,2,6,0,-794.43
5685,164,338.0,1,12,0,-535.59
5686,59,1154.0,3,6,1,280.31
5687,309,682.0,1,5,0,-191.45
5688,184,105.0,1,3,0,-768.57
5689,238,448.0,2,6,1,-425.51
5690,198,134.0,0,0,0,-739.55
5691,121,262.0,1,9,0,-611.63
5692,4,713.0,2,9,0,-160.74
5693,285,261.0,3,5,0,-612.47
5694,11,926.0,2,4,0,52.27
5695,154,237.0,0,7,0,-636.6
5696,50,785.0,5,5,1,-88.7
5697,139,462.0,2,7,0,-411.61
5698,35,1648.0,4,8,0,774.29
5699,176,1249.0,1,3,0,375.43
5700,243,357.0,1,7,0,-516.51
5701,337,2834.0,1,3,0,1960.58
5702,268,196.0,2,7,0,-677.49
5703,108,852.0,1,4,0,-21.64
5704,352,293.0,4,7,0,-580.4
5705,233,53.0,0,6,0,-820.52
5706,96,61.0,3,3,0,-812.65
5707,131,449.0,2,6,1,-424.62
5708,120,78.0,0,5,0,-795.63
5709,18,68.0,2,5,0,-805.73
5710,147,850.0,6,4,1,-23.6
5711,86,166.0,4,1,0,-707.66
5712,265,6000.0,2,10,0,5126.51
5713,121,751.0,2,11,0,-122.63
5714,31,1276.0,3,4,1,402.29
5715,125,72.0,2,4,1,-801.62
5716,258,344.0,2,8,0,-529.5
5717,162,681.0,2,4,0,-192.59
5718,129,301.0,4,3,0,-572.62
5719,245,362.0,3,6,0,-511.51
5720,320,75.0,2,4,0,-798.44
5721,39,3487.0,3,10,1,2613.29
5722,229,255.0,3,3,1,-618.52
5723,349,130.0,1,9,0,-743.41
5724,344,1990.0,0,8,0,1116.59
5725,320,1629.0,0,5,0,755.56
5726,70,2238.0,0,3,0,1364.32
5727,160,260.0,0,7,0,-613.59
5728,53,720.0,0,5,0,-153.69
5729,194,633.0,1,2,0,-240.56
5730,187,78.0,4,10,0,-795.56
5731,143,1108.0,2,8,0,234.39
5732,184,1007.0,2,5,1,133.43
5733,321,207.0,1,4,0,-666.43
5734,338,159.0,3,6,1,-714.42
5735,68,1249.0,5,7,1,375.32
5736,123,767.0,2,9,0,-106.63
5737,349,150.0,2,7,0,-723.41
5738,25,523.0,3,4,0,-350.72
5739,277,449.0,1,3,0,-424.48
5740,232,2323.0,2,10,1,1449.48
5741,222,1950.0,2,8,0,1076.47
5742,364,1559.0,1,6,0,685.61
5743,350,1343.0,1,7,0,469.59
5744,320,732.0,1,1,0,-141.44
5745,313,921.0,1,4,0,47.56
5746,326,679.0,1,2,0,-194.43
5747,306,136.0,4,5,1,-737.45
5748,114,1443.0,2,10,0,569.37
5749,237,413.0,2,4,0,-460.52
5750,243,1034.0,4,0,0,160.49
5751,354,739.0,5,7,1,-134.4
5752,258,1103.0,0,3,0,229.5
5753,14,632.0,3,10,1,-241.73
5754,223,1087.0,2,6,0,213.47
5755,163,236.0,3,4,0,-637.59
5756,28,222.0,3,6,1,-651.72
5757,210,652.0,5,2,1,-221.54
5758,332,324.0,2,6,1,-549.42
5759,315,4388.0,4,2,0,3514.56
5760,93,170.0,1,4,0,-703.65
5761,104,474.0,2,7,0,-399.64
5762,40,1488.0,2,6,0,614.29
5763,317,928.0,1,9,0,54.56
5764,51,848.0,0,7,0,-25.69
5765,257,109.0,2,6,0,-764.5
5766,40,1362.0,2,8,1,488.29
5767,169,164.0,4,6,0,-709.58
5768,341,1021.0,3,3,1,147.58
5769,342,478.0,0,7,0,-395.41
5770,52,595.0,2,7,0,-278.69
5771,106,522.0,2,7,1,-351.64
5772,179,3473.0,0,3,0,2599.43
5773,268,480.0,1,12,0,-393.49
5774,175,1111.0,1,8,0,237.42
5775,190,345.0,3,4,0,-528.56
5776,278,664.0,0,9,0,-209.48
5777,75,254.0,1,7,0,-619.67
5778,221,205.0,2,9,1,-668.53
5779,338,148.0,2,7,0,-725.42
5780,214,495.0,0,6,0,-378.54
5781,130,322.0,1,9,0,-551.62
5782,95,789.0,2,7,0,-84.65
5783,284,329.0,1,7,0,-544.47
5784,56,604.0,1,4,1,-269.69
5785,269,3159.0,2,3,0,2285.51
5786,121,1491.0,2,5,1,617.37
5787,358,394.0,2,2,0,-479.4
5788,154,1254.0,0,8,0,380.4
5789,364,435.0,0,10,0,-438.39
5790,215,319.0,3,6,1,-554.54
5791,331,99.0,3,4,0,-774.42
5792,116,414.0,2,5,0,-459.63
5793,239,1029.0,3,10,0,155.49
5794,273,182.0,2,1,0,-691.48
5795,187,623.0,5,7,1,-250.56
5796,326,103.0,2,5,0,-770.43
5797,285,2899.0,1,5,0,2025.53
5798,305,498.0,1,4,0,-375.45
5799,255,389.0,1,10,0,-484.5
5800,143,445.0,2,6,0,-428.61
5801,345,1843.0,0,6,0,969.59
5802,238,84.0,2,7,0,-789.51
5803,147,1688.0,2,6,0,814.4
5804,166,4657.0,2,8,0,3783.41
5805,158,1014.0,2,9,1,140.41
5806,299,270.0,1,4,0,-603.46
5807,364,266.0,0,6,0,-607.39
5808,295,170.0,1,6,0,-703.46
5809,291,383.0,2,8,0,-490.46
5810,283,699.0,0,4,0,-174.47
5811,354,129.0,2,9,0,-744.4
5812,165,106.0,3,5,1,-767.58
5813,204,489.0,0,4,0,-384.55
5814,365,135.0,1,6,0,-738.39
5815,289,55.0,4,3,0,-818.46
5816,83,302.0,3,8,0,-571.66
5817,356,453.0,2,3,0,-420.4
5818,306,452.0,2,7,0,-421.45
5819,318,1180.0,2,12,1,306.56
5820,361,333.0,3,4,1,-540.4
5821,332,2556.0,2,6,0,1682.58
5822,7,559.0,4,3,1,-314.74
5823,76,153.0,3,8,1,-720.67
5824,190,610.0,4,6,1,-263.56
5825,270,230.0,3,6,0,-643.48
5826,329,131.0,3,6,0,-742.43
5827,144,222.0,2,6,0,-651.6
5828,22,1170.0,0,11,0,296.28
5829,43,379.0,1,4,0,-494.7
5830,114,2992.0,4,10,0,2118.36
5831,79,553.0,2,3,1,-320.67
5832,259,304.0,1,6,0,-569.49
5833,50,1856.0,2,7,0,982.3
5834,152,484.0,5,5,1,-389.6
5835,183,2155.0,4,5,1,1281.43
5836,30,793.0,3,6,1,-80.71
5837,360,227.0,1,3,1,-646.4
5838,113,223.0,2,5,1,-650.63
5839,49,1118.0,1,8,0,244.3
5840,116,367.0,3,4,0,-506.63
5841,358,485.0,3,8,0,-388.4
5842,211,1173.0,0,4,1,299.46
5843,310,512.0,4,5,0,-361.44
5844,364,608.0,3,4,0,-265.39
5845,151,770.0,2,6,0,-103.6
5846,120,110.0,0,4,0,-763.63
5847,307,49.0,3,5,0,-824.45
5848,166,1108.0,2,8,0,234.42
5849,74,670.0,5,9,1,-203.67
5850,65,316.0,2,9,0,-557.68
5851,202,573.0,4,6,1,-300.55
5852,206,1660.0,0,1,1,786.45
5853,53,160.0,8,9,1,-713.69
5854,74,919.0,2,5,1,45.33
5855,49,281.0,1,3,0,-592.7
5856,300,852.0,5,7,0,-21.45
5857,157,373.0,0,7,0,-500.59
5858,341,84.0,1,7,0,-789.41
5859,241,649.0,1,4,0,-224.51
5860,67,556.0,3,9,0,-317.68
5861,42,2526.0,2,5,0,1652.3
5862,297,1284.0,2,6,0,410.54
5863,7,850.0,4,5,1,-23.74
5864,249,592.0,3,4,1,-281.5
5865,147,1204.0,5,4,1,330.4
5866,21,1245.0,2,7,1,371.28
5867,185,229.0,0,8,0,-644.57
5868,11,295.0,1,6,1,-578.73
5869,302,457.0,1,8,1,-416.45
5870,223,170.0,2,6,0,-703.53
5871,165,929.0,3,6,1,55.42
5872,229,170.0,2,10,0,-703.52
5873,20,276.0,2,7,0,-597.72
5874,12,764.0,1,6,0,-109.73
5875,18,1201.0,1,1,0,327.27
5876,98,1163.0,2,7,0,289.35
5877,95,155.0,2,5,0,-718.65
5878,38,514.0,3,9,1,-359.71
5879,157,1271.0,2,2,0,397.41
5880,337,962.0,2,10,0,88.58
5881,94,4736.0,1,12,0,3862.34
5882,51,1193.0,1,4,0,319.31
5883,329,460.0,2,6,0,-413.43
5884,173,1049.0,2,4,0,175.42
5885,270,173.0,1,4,0,-700.48
5886,304,2125.0,3,4,0,1251.55
5887,35,280.0,3,11,0,-593.71
5888,24,253.0,3,13,0,-620.72
5889,218,234.0,1,8,0,-639.53
5890,72,162.0,4,7,0,-711.67
5891,16,348.0,1,7,0,-525.73
5892,266,1274.0,3,5,0,400.51
5893,218,541.0,2,6,0,-332.53
5894,235,718.0,2,3,0,-155.52
5895,170,659.0,2,6,0,-214.58
5896,90,1135.0,0,6,1,261.34
5897,255,132.0,0,6,0,-741.5
5898,317,316.0,2,3,0,-557.44
5899,245,110.0,0,7,0,-763.51
5900,157,69.0,0,3,0,-804.59
5901,119,541.0,1,10,0,-332.63
5902,100,1463.0,2,5,0,589.35
5903,268,497.0,0,4,0,-376.49
5904,80,1262.0,3,9,1,388.33
5905,122,1555.0,1,11,0,681.37
5906,109,261.0,1,6,0,-612.64
5907,355,1002.0,0,7,0,128.6
5908,50,231.0,3,5,0,-642.7
5909,82,1125.0,3,7,1,251.34
5910,244,289.0,3,4,0,-584.51
5911,223,1416.0,1,5,0,542.47
5912,132,6000.0,3,5,1,5126.38
5913,254,304.0,3,10,1,-569.5
5914,307,929.0,3,9,0,55.55
5915,213,194.0,2,6,0,-679.54
5916,167,722.0,3,4,0,-151.58
5917,152,471.0,1,4,0,-402.6
5918,348,404.0,4,9,1,-469.41
5919,229,1164.0,1,2,0,290.48
5920,309,249.0,4,6,1,-624.45
5921,196,80.0,4,5,1,-793.55
5922,306,3654.0,1,9,0,2780.55
5923,42,562.0,2,7,0,-311.7
5924,6,165.0,3,3,0,-708.74
5925,185,546.0,0,1,0,-327.57
5926,289,2507.0,0,6,0,1633.53
5927,47,144.0,1,3,1,-729.7
5928,238,551.0,1,11,0,-322.51
5929,35,457.0,0,8,0,-416.71
5930,192,340.0,1,10,0,-533.56
5931,154,558.0,2,2,0,-315.6
5932,324,545.0,1,7,0,-328.43
5933,106,1114.0,3,6,0,240.36
5934,286,847.0,4,2,1,-26.47
5935,154,1382.0,1,7,0,508.4
5936,265,258.0,4,5,0,-615.49
5937,309,858.0,5,7,0,-15.45
5938,287,644.0,3,5,1,-229.47
5939,35,2418.0,0,4,0,1544.29
5940,134,105.0,1,13,1,-768.61
5941,240,196.0,2,7,0,-677.51
5942,143,2271.0,2,6,0,1397.39
5943,322,781.0,3,4,1,-92.43
5944,212,487.0,1,14,1,-386.54
5945,335,1822.0,1,9,0,948.58
5946,101,659.0,2,3,0,-214.65
5947,355,166.0,0,5,0,-707.4
5948,97,515.0,3,3,1,-358.65
5949,271,97.0,3,3,1,-776.48
5950,232,3620.0,1,9,1,2746.48
5951,13,26.0,2,5,0,-847.73
5952,93,1371.0,1,8,0,497.35
5953,179,606.0,4,9,0,-267.57
5954,22,1154.0,2,3,0,280.28
5955,138,411.0,4,4,1,-462.61
5956,317,991.0,5,7,1,117.56
5957,157,540.0,2,3,1,-333.59
5958,130,277.0,2,4,0,-596.62
5959,332,637.0,1,4,0,-236.42
5960,51,227.0,2,7,0,-646.69
5961,344,2201.0,0,6,0,1327.59
5962,238,236.0,3,6,1,-637.51
5963,59,258.0,2,9,1,-615.69
5964,5,168.0,1,3,0,-705.74
5965,215,246.0,4,2,0,-627.54
5966,81,551.0,4,7,1,-322.67
5967,243,3098.0,1,7,0,2224.49
5968,194,134.0,1,5,0,-739.56
5969,313,424.0,1,8,0,-449.44
5970,82,1671.0,2,6,0,797.33
5971,231,1471.0,1,7,0,597.48
5972,13,981.0,3,4,1,107.27
5973,338,187.0,5,8,1,-686.42
5974,247,494.0,0,8,0,-379.51
5975,233,242.0,1,4,0,-631.52
5976,92,65.0,4,5,1,-808.65
5977,348,1217.0,0,4,0,343.59
5978,345,241.0,1,2,0,-632.41
5979,97,3466.0,2,8,0,2592.35
5980,147,956.0,1,3,0,82.4
5981,204,97.0,1,7,0,-776.55
5982,226,85.0,3,11,1,-788.53
5983,183,407.0,1,7,0,-466.57
5984,81,221.0,0,7,0,-652.67
5985,232,89.0,4,6,0,-784.52
5986,228,346.0,4,7,0,-527.52
5987,33,181.0,2,12,0,-692.71
5988,284,227.0,0,5,0,-646.47
5989,359,257.0,4,4,0,-616.4
5990,166,251.0,1,9,0,-622.58
5991,348,154.0,2,9,0,-719.41
5992,249,714.0,2,8,0,-159.5
5993,132,176.0,2,5,0,-697.62
5994,207,430.0,2,4,0,-443.54
5995,279,146.0,1,8,0,-727.47
5996,135,700.0,3,5,0,-173.61
5997,61,162.0,2,3,0,-711.68
5998,132,523.0,2,6,1,-350.62
5999,364,131.0,4,2,0,-742.39
6000,97,902.0,0,3,0,28.35
6001,52,1387.0,3,6,0,513.31
6002,155,1132.0,1,3,0,258.41
6003,147,4547.0,1,5,0,3673.4
6004,264,75.0,4,5,0,-798.49
6005,75,1842.0,4,6,1,968.33
6006,192,491.0,2,7,0,-382.56
6007,179,183.0,3,5,0,-690.57
6008,22,945.0,2,7,1,71.28
6009,49,2452.0,3,8,0,1578.3
6010,15,159.0,2,2,1,-714.73
6011,300,261.0,2,3,0,-612.45
6012,29,1499.0,2,5,0,625.28
6013,176,500.0,0,4,0,-373.57
6014,135,1971.0,0,9,0,1097.39
6015,229,349.0,2,5,0,-524.52
6016,156,6000.0,2,5,0,5126.4
6017,36,920.0,4,6,1,46.29
6018,328,524.0,4,8,1,-349.43
6019,194,669.0,1,4,0,-204.56
6020,5,117.0,0,10,1,-756.74
6021,105,2444.0,1,7,1,1570.36
6022,284,63.0,1,11,0,-810.47
6023,149,521.0,0,8,0,-352.6
6024,364,499.0,3,8,0,-374.39
6025,324,73.0,2,7,0,-800.43
6026,168,319.0,3,2,0,-554.58
6027,159,2889.0,2,5,0,2015.41
6028,47,262.0,1,5,0,-611.7
6029,332,308.0,1,7,0,-565.42
6030,269,2204.0,3,3,0,1330.51
6031,249,473.0,4,6,1,-400.5
6032,85,413.0,2,6,1,-460.66
6033,49,2028.0,2,4,1,1154.3
6034,57,141.0,2,4,0,-732.69
6035,30,239.0,2,7,1,-634.71
6036,28,514.0,1,7,0,-359.72
6037,229,1064.0,7,10,1,190.48
6038,2,974.0,2,7,0,100.26
6039,169,392.0,2,8,0,-481.58
6040,200,504.0,2,4,0,-369.55
6041,20,257.0,1,7,0,-616.72
6042,170,687.0,1,7,0,-186.58
6043,108,537.0,2,3,0,-336.64
6044,337,1387.0,0,5,0,513.58
6045,229,1768.0,3,5,0,894.48
6046,259,722.0,1,5,0,-151.49
6047,255,1976.0,1,6,0,1102.5
6048,168,566.0,3,4,0,-307.58
6049,103,895.0,1,5,0,21.36
6050,303,358.0,0,8,0,-515.45
6051,150,612.0,2,10,0,-261.6
6052,74,852.0,1,3,0,-21.67
6053,59,421.0,2,8,0,-452.69
6054,327,1010.0,0,6,1,136.57
6055,66,794.0,1,10,0,-79.68
6056,195,170.0,2,5,0,-703.56
6057,331,1262.0,3,9,0,388.57
6058,11,340.0,2,4,1,-533.73
6059,204,425.0,4,5,1,-448.55
6060,15,781.0,2,3,0,-92.73
6061,192,171.0,3,3,1,-702.56
6062,258,1590.0,4,8,0,716.5
6063,14,143.0,2,4,0,-730.73
6064,170,110.0,2,4,0,-763.58
6065,186,514.0,4,4,0,-359.56
6066,196,583.0,2,8,0,-290.55
6067,321,644.0,3,6,0,-229.43
6068,352,210.0,2,4,1,-663.4
6069,305,134.0,3,7,0,-739.45
6070,159,1241.0,2,7,1,367.41
6071,67,1957.0,3,4,1,1083.32
6072,176,660.0,2,2,0,-213.57
6073,333,6000.0,0,9,0,5126.57
6074,319,744.0,1,7,0,-129.44
6075,67,286.0,0,7,0,-587.68
6076,28,611.0,0,3,1,-262.72
6077,204,133.0,2,3,0,-740.55
6078,81,346.0,3,5,1,-527.67
6079,228,1107.0,3,8,0,233.48
6080,18,1734.0,2,2,0,860.27
6081,193,2104.0,4,7,0,1230.44
6082,202,3054.0,2,3,0,2180.45
6083,157,565.0,3,7,0,-308.59
6084,299,683.0,1,5,0,-190.46
6085,123,444.0,3,6,0,-429.63
6086,110,830.0,2,6,0,-43.64
6087,293,304.0,2,4,0,-569.46
6088,210,3210.0,1,3,1,2336.46
6089,26,73.0,1,5,0,-800.72
6090,41,61.0,2,5,0,-812.7
6091,285,236.0,3,3,0,-637.47
6092,83,595.0,0,5,0,-278.66
6093,21,110.0,3,8,1,-763.72
6094,204,375.0,1,3,1,-498.55
6095,49,253.0,3,9,0,-620.7
6096,308,3821.0,1,5,0,2947.55
6097,40,549.0,0,4,0,-324.7
6098,242,629.0,0,7,0,-244.51
6099,131,740.0,2,4,0,-133.62
6100,177,152.0,3,6,1,-721.57
6101,365,730.0,7,1,1,-143.39
6102,54,897.0,1,7,0,23.31
6103,194,109.0,3,4,1,-764.56
6104,2,24.0,2,5,1,-849.74
6105,305,86.0,4,6,1,-787.45
6106,225,459.0,2,3,0,-414.53
6107,188,111.0,0,4,0,-762.56
6108,70,344.0,2,7,0,-529.68
6109,107,44.0,1,6,0,-829.64
6110,82,345.0,2,5,1,-528.66
6111,40,578.0,1,11,0,-295.71
6112,100,167.0,1,14,0,-706.65
6113,25,5774.0,3,4,1,4900.28
6114,160,206.0,3,3,1,-667.59
6115,133,1573.0,2,3,0,699.38
6116,45,280.0,2,7,0,-593.7
6117,184,1146.0,2,6,0,272.43
6118,36,144.0,0,5,0,-729.71
6119,118,1021.0,0,3,0,147.37
6120,282,2678.0,5,3,1,1804.53
6121,131,170.0,3,5,1,-703.62
6122,290,155.0,2,3,0,-718.46
6123,362,155.0,1,7,0,-718.39
6124,4,73.0,1,4,0,-800.74
6125,281,273.0,0,3,0,-600.47
6126,114,515.0,2,5,0,-358.63
6127,318,4188.0,0,4,1,3314.56
6128,106,107.0,1,3,1,-766.64
6129,208,662.0,4,8,1,-211.54
6130,181,1887.0,1,5,0,1013.43
6131,81,489.0,0,6,1,-384.67
6132,301,279.0,2,5,0,-594.45
6133,79,410.0,0,4,0,-463.67
6134,345,1549.0,2,6,0,675.59
6135,183,661.0,1,4,1,-212.57
6136,250,531.0,2,8,0,-342.5
6137,52,360.0,1,4,0,-513.69
6138,281,1607.0,2,3,0,733.53
6139,336,654.0,2,5,0,-219.42
6140,88,1287.0,3,4,1,413.34
6141,136,2128.0,2,4,0,1254.39
6142,329,786.0,5,9,1,-87.43
6143,314,22.0,2,7,0,-851.44
6144,65,70.0,1,5,0,-803.68
6145,42,169.0,1,7,0,-704.7
6146,250,571.0,0,12,0,-302.5
6147,48,424.0,1,5,0,-449.7
6148,299,594.0,3,3,1,-279.46
6149,303,661.0,4,9,0,-212.45
6150,325,236.0,1,5,0,-637.43
6151,219,1649.0,1,5,1,775.47
6152,122,126.0,1,9,0,-747.63
6153,184,295.0,1,10,0,-578.57
6154,121,709.0,1,9,0,-164.63
6155,350,156.0,5,6,1,-717.41
6156,139,2063.0,1,8,0,1189.39
6157,285,575.0,2,3,0,-298.47
6158,75,1614.0,0,3,0,740.33
6159,281,64.0,4,5,0,-809.47
6160,58,573.0,3,5,1,-300.69
6161,231,153.0,1,8,0,-720.52
6162,125,128.0,1,8,0,-745.62
6163,16,573.0,1,5,1,-300.73
6164,322,638.0,3,8,0,-235.43
6165,2,417.0,1,5,0,-456.74
6166,189,103.0,0,3,1,-770.56
6167,259,533.0,0,9,0,-340.49
6168,168,92.0,1,5,0,-781.58
6169,262,91.0,1,10,0,-782.49
6170,334,1442.0,3,7,0,568.58
6171,128,2351.0,0,5,0,1477.38
6172,22,259.0,3,11,0,-614.72
6173,232,357.0,4,1,1,-516.52
6174,286,302.0,2,7,0,-571.47
6175,27,306.0,0,11,0,-567.72
6176,20,641.0,3,7,1,-232.72
6177,248,536.0,2,9,0,-337.5
6178,216,3713.0,3,8,0,2839.46
6179,1,300.0,3,2,0,-573.74
6180,63,148.0,4,4,1,-725.68
6181,65,473.0,2,7,1,-400.68
6182,298,6000.0,3,8,1,5126.54
6183,3,724.0,0,3,0,-149.74
6184,256,1487.0,3,2,0,613.5
6185,224,103.0,2,7,0,-770.53
6186,298,42.0,3,7,0,-831.46
6187,142,176.0,2,5,0,-697.61
6188,359,1510.0,1,4,0,636.6
6189,31,218.0,2,8,1,-655.71
6190,218,282.0,2,14,0,-591.53
6191,55,1718.0,0,8,0,844.31
6192,282,1230.0,4,9,0,356.53
6193,258,232.0,1,2,0,-641.49
6194,267,2628.0,1,3,0,1754.51
6195,15,1809.0,1,5,0,935.27
6196,1,551.0,4,9,1,-322.74
6197,21,497.0,2,4,0,-376.72
6198,219,139.0,2,4,0,-734.53
6199,82,221.0,6,4,1,-652.66
6200,78,118.0,2,0,0,-755.67
6201,176,641.0,1,3,0,-232.57
6202,191,93.0,1,5,1,-780.56
6203,235,586.0,1,7,0,-287.52
6204,100,618.0,0,4,0,-255.65
6205,359,174.0,4,15,0,-699.4
6206,216,979.0,3,8,0,105.46
6207,2,1088.0,1,11,1,214.26
6208,102,295.0,1,5,0,-578.65
6209,361,238.0,1,8,0,-635.4
6210,53,1382.0,0,5,0,508.31
6211,89,1453.0,2,8,0,579.34
6212,69,777.0,3,7,0,-96.68
6213,347,358.0,1,4,0,-515.41
6214,326,507.0,1,5,0,-366.43
6215,73,621.0,0,9,0,-252.67
6216,249,402.0,2,5,0,-471.5
6217,285,386.0,1,8,1,-487.47
6218,345,107.0,1,8,0,-766.41
6219,153,21.0,2,14,1,-852.6
6220,79,247.0,5,7,1,-626.67
6221,276,1537.0,2,9,0,663.52
6222,250,245.0,3,8,1,-628.5
6223,60,335.0,1,6,0,-538.69
6224,40,1451.0,0,5,0,577.29
6225,35,89.0,4,7,0,-784.71
6226,282,893.0,0,10,0,19.53
6227,157,158.0,3,1,0,-715.59
6228,227,249.0,1,5,0,-624.52
6229,289,2659.0,2,8,0,1785.53
6230,358,551.0,3,5,0,-322.4
6231,5,620.0,4,9,1,-253.74
6232,32,1405.0,3,4,1,531.29
6233,26,155.0,1,8,0,-718.72
6234,164,318.0,1,10,1,-555.59
6235,346,84.0,4,4,1,-789.41
6236,352,351.0,1,4,0,-522.4
6237,353,552.0,1,12,0,-321.4
6238,325,341.0,2,7,1,-532.43
6239,200,574.0,4,5,0,-299.55
6240,72,192.0,1,6,1,-681.67
6241,178,194.0,2,7,0,-679.57
6242,310,338.0,1,5,0,-535.44
6243,192,73.0,3,9,0,-800.56
6244,235,1489.0,3,6,0,615.48
6245,133,2022.0,4,6,1,1148.38
6246,167,3602.0,1,4,0,2728.42
6247,228,632.0,3,1,0,-241.52
6248,109,568.0,1,10,0,-305.64
6249,312,146.0,1,6,1,-727.44
6250,52,294.0,3,2,0,-579.69
6251,99,91.0,4,4,1,-782.65
6252,207,611.0,2,7,0,-262.54
6253,244,2390.0,1,4,1,1516.49
6254,334,2398.0,1,10,1,1524.58
6255,225,2124.0,1,9,0,1250.47
6256,158,1467.0,1,6,0,593.41
6257,65,838.0,3,2,0,-35.68
6258,352,19.0,4,4,1,-854.4
6259,29,285.0,3,8,0,-588.72
6260,30,1268.0,3,3,1,394.29
6261,283,1569.0,1,6,0,695.53
6262,213,408.0,1,10,0,-465.54
6263,123,243.0,4,4,0,-630.62
6264,74,405.0,5,5,1,-468.67
6265,267,637.0,1,5,0,-236.49
6266,31,266.0,0,5,0,-607.71
6267,3,773.0,1,8,0,-100.74
6268,93,150.0,1,3,0,-723.65
6269,78,596.0,0,10,0,-277.67
6270,352,200.0,1,4,0,-673.4
6271,194,178.0,2,4,0,-695.56
6272,150,733.0,3,5,0,-140.6
6273,103,272.0,1,6,1,-601.64
6274,93,2306.0,2,6,0,1432.35
6275,184,950.0,2,6,1,76.43
6276,166,368.0,3,8,0,-505.58
6277,287,364.0,0,4,0,-509.47
6278,351,1266.0,1,6,0,392.59
6279,331,1408.0,0,5,0,534.57
6280,325,256.0,2,6,0,-617.43
6281,176,1211.0,4,3,0,337.43
6282,326,340.0,5,7,1,-533.43
6283,343,331.0,3,9,0,-542.41
6284,158,1489.0,1,8,0,615.41
6285,20,645.0,8,8,1,-228.72
6286,194,525.0,0,2,0,-348.56
6287,326,2946.0,0,8,0,2072.57
6288,146,251.0,1,4,0,-622.6
6289,76,96.0,4,10,0,-777.67
6290,98,341.0,4,5,0,-532.65
6291,132,27.0,4,4,0,-846.62
6292,147,178.0,1,4,0,-695.6
6293,348,80.0,2,9,0,-793.41
6294,216,309.0,1,8,0,-564.54
6295,346,1294.0,1,4,0,420.59
6296,103,3155.0,2,5,1,2281.35
6297,157,193.0,5,6,1,-680.59
6298,313,51.0,2,7,0,-822.44
6299,149,1707.0,0,9,1,833.4
6300,91,228.0,1,5,0,-645.66
6301,192,575.0,4,7,1,-298.56
6302,12,313.0,3,6,1,-560.73
6303,88,95.0,2,10,1,-778.66
6304,291,292.0,1,3,0,-581.46
6305,239,390.0,1,4,0,-483.51
6306,272,1585.0,1,5,0,711.52
6307,79,1831.0,0,7,0,957.33
6308,56,816.0,3,4,1,-57.69
6309,43,365.0,2,7,1,-508.7
6310,302,2375.0,3,8,0,1501.55
6311,121,167.0,0,7,0,-706.63
6312,263,871.0,2,9,0,-2.49
6313,37,229.0,2,6,0,-644.71
6314,330,311.0,2,8,0,-562.43
6315,88,36.0,0,8,0,-837.66
6316,155,24.0,1,4,1,-849.59
6317,64,1184.0,6,5,0,310.32
6318,271,14.0,0,10,0,-859.48
6319,179,507.0,1,2,0,-366.57
6320,14,1195.0,5,3,1,321.27
6321,336,313.0,4,6,0,-560.42
6322,298,1114.0,0,3,0,240.54
6323,47,170.0,1,1,0,-703.7
6324,285,1258.0,2,3,0,384.53
6325,27,451.0,4,9,0,-422.72
6326,360,813.0,0,2,1,-60.4
6327,14,162.0,3,5,1,-711.73
6328,45,2907.0,3,3,0,2033.3
6329,144,84.0,2,11,0,-789.6
6330,245,777.0,2,5,0,-96.51
6331,226,1539.0,3,5,1,665.47
6332,188,1096.0,2,8,0,222.44
6333,66,1911.0,1,6,0,1037.32
6334,91,62.0,2,7,0,-811.66
6335,318,70.0,4,3,0,-803.44
6336,266,634.0,1,4,0,-239.49
6337,266,495.0,1,4,0,-378.49
6338,39,181.0,0,8,0,-692.71
6339,321,2156.0,3,7,0,1282.56
6340,193,338.0,0,6,0,-535.56
6341,144,933.0,2,4,0,59.4
6342,165,3821.0,3,8,0,2947.41
6343,108,307.0,2,7,0,-566.64
6344,51,476.0,2,5,0,-397.69
6345,78,197.0,2,4,1,-676.67
6346,172,594.0,0,5,0,-279.58
6347,51,1923.0,2,8,0,1049.3
6348,275,384.0,1,6,0,-489.48
6349,111,542.0,6,5,1,-331.64
6350,259,1991.0,2,13,0,1117.5
6351,295,1153.0,3,5,1,279.54
6352,197,227.0,0,5,0,-646.55
6353,36,313.0,0,12,0,-560.71
6354,151,4563.0,1,5,0,3689.4
6355,245,315.0,1,7,0,-558.51
6356,199,1072.0,4,4,0,198.45
6357,261,456.0,5,3,0,-417.49
6358,158,434.0,1,6,0,-439.59
6359,250,78.0,4,5,0,-795.5
6360,126,606.0,0,5,0,-267.62
6361,310,866.0,1,8,0,-7.45
6362,249,1784.0,2,4,0,910.5
6363,197,778.0,2,8,1,-95.55
6364,167,441.0,2,8,1,-432.58
6365,107,677.0,2,7,0,-196.64
6366,147,966.0,1,5,0,92.4
6367,244,494.0,2,4,0,-379.51
6368,12,1491.0,2,9,0,617.27
6369,2,172.0,3,3,0,-701.74
6370,243,516.0,1,6,1,-357.51
6371,161,114.0,0,8,0,-759.59
6372,80,237.0,2,6,1,-636.67
6373,31,228.0,1,7,0,-645.71
6374,27,689.0,7,6,1,-184.72
6375,183,295.0,3,7,0,-578.57
6376,279,313.0,2,5,0,-560.47
6377,127,439.0,3,8,0,-434.62
6378,272,367.0,2,5,0,-506.48
6379,281,2149.0,2,6,0,1275.53
6380,279,3075.0,5,6,0,2201.52
6381,207,745.0,1,7,1,-128.54
6382,294,1174.0,1,6,0,300.54
6383,244,37.0,2,10,0,-836.51
6384,104,1125.0,2,5,0,251.36
6385,207,485.0,2,7,0,-388.54
6386,134,620.0,2,7,1,-253.61
6387,31,720.0,5,6,1,-153.71
6388,278,321.0,4,3,0,-552.48
6389,23,696.0,3,2,0,-177.72
6390,206,2951.0,3,9,0,2077.45
6391,139,173.0,0,5,0,-700.61
6392,342,48.0,4,11,0,-825.41
6393,119,365.0,3,7,0,-508.63
6394,123,296.0,5,3,0,-577.62
6395,256,1402.0,3,6,0,528.5
6396,342,233.0,1,10,0,-640.41
6397,16,410.0,0,4,0,-463.73
6398,139,1177.0,1,9,1,303.39
6399,286,808.0,4,3,0,-65.47
6400,232,228.0,3,3,0,-645.52
6401,123,38.0,5,12,1,-835.63
6402,192,1109.0,1,5,0,235.44
6403,85,272.0,2,3,1,-601.66
6404,88,939.0,2,7,1,65.34
6405,238,954.0,0,7,0,80.49
6406,357,1607.0,0,7,0,733.6
6407,240,618.0,0,12,1,-255.51
6408,95,615.0,0,4,0,-258.65
6409,298,429.0,0,6,0,-444.46
6410,251,74.0,4,8,1,-799.5
6411,134,666.0,2,6,0,-207.61
6412,5,667.0,1,4,0,-206.74
6413,29,2383.0,1,7,0,1509.28
6414,189,1986.0,0,8,0,1112.44
6415,169,297.0,2,6,0,-576.58
6416,79,1561.0,1,3,1,687.33
6417,332,805.0,3,6,1,-68.42
6418,244,431.0,2,8,0,-442.51
6419,105,149.0,3,5,0,-724.64
6420,50,1692.0,4,5,0,818.3
6421,52,944.0,1,8,0,70.31
6422,316,587.0,1,6,0,-286.44
6423,353,752.0,4,6,1,-121.4
6424,304,122.0,2,10,0,-751.45
6425,117,385.0,1,6,0,-488.63
6426,264,1036.0,1,7,0,162.51
6427,218,2263.0,2,12,0,1389.47
6428,216,147.0,4,5,1,-726.54
6429,308,1236.0,2,6,0,362.55
6430,337,110.0,1,8,0,-763.42
6431,292,49.0,2,8,0,-824.46
6432,311,351.0,0,12,0,-522.44
6433,8,1672.0,1,7,0,798.26
6434,259,494.0,3,5,0,-379.49
6435,305,1139.0,1,6,0,265.55
6436,144,811.0,1,5,0,-62.6
6437,12,533.0,4,6,1,-340.73
6438,34,356.0,2,3,0,-517.71
6439,106,82.0,5,6,0,-791.64
6440,170,618.0,2,5,0,-255.58
6441,360,968.0,1,11,0,94.6
6442,291,857.0,1,9,0,-16.46
6443,71,664.0,3,1,1,-209.68
6444,51,79.0,1,12,0,-794.69
6445,299,1099.0,3,5,0,225.54
6446,247,440.0,0,10,0,-433.51
6447,280,116.0,4,6,1,-757.47
6448,117,2215.0,3,6,0,1341.37
6449,340,66.0,2,9,0,-807.42
6450,14,61.0,3,6,1,-812.73
6451,135,1764.0,4,4,1,890.39
6452,43,204.0,2,8,0,-669.7
6453,273,983.0,1,8,1,109.52
6454,26,71.0,2,11,1,-802.72
6455,286,84.0,6,7,0,-789.47
6456,275,3936.0,4,4,0,3062.52
6457,122,3242.0,3,5,0,2368.37
6458,219,477.0,5,6,0,-396.53
6459,57,335.0,2,3,1,-538.69
6460,256,122.0,4,8,1,-751.5
6461,361,5779.0,4,8,0,4905.6
6462,185,1050.0,1,2,0,176.43
6463,203,269.0,1,7,0,-604.55
6464,173,3617.0,2,8,1,2743.42
6465,31,1826.0,2,8,1,952.29
6466,55,1450.0,0,3,0,576.31
6467,332,346.0,2,5,0,-527.42
6468,173,841.0,0,4,0,-32.58
6469,108,179.0,4,5,1,-694.64
6470,153,539.0,0,4,0,-334.6
6471,103,629.0,2,6,0,-244.64
6472,348,63.0,4,5,1,-810.41
6473,297,85.0,4,7,1,-788.46
6474,125,578.0,2,8,0,-295.62
6475,118,28.0,0,4,1,-845.63
6476,32,2485.0,1,5,0,1611.29
6477,20,1208.0,2,1,0,334.28
6478,168,1440.0,2,6,1,566.42
6479,244,405.0,2,8,1,-468.51
6480,250,86.0,4,10,1,-787.5
6481,322,771.0,1,7,0,-102.43
6482,137,93.0,2,9,0,-780.61
6483,201,104.0,1,4,0,-769.55
6484,145,188.0,2,6,0,-685.6
6485,241,550.0,0,5,0,-323.51
6486,98,1300.0,1,7,0,426.35
6487,278,370.0,1,3,0,-503.48
6488,4,142.0,3,4,1,-731.74
6489,53,1392.0,2,8,0,518.31
6490,227,944.0,2,6,0,70.47
6491,136,108.0,4,7,0,-765.61
6492,341,1356.0,4,8,1,482.58
6493,63,179.0,1,6,1,-694.68
6494,55,145.0,3,7,0,-728.69
6495,203,272.0,0,10,0,-601.55
6496,134,1745.0,2,3,0,871.39
6497,234,100.0,1,4,0,-773.52
6498,177,2157.0,4,3,0,1283.43
6499,274,85.0,3,7,0,-788.48
6500,17,909.0,1,5,1,35.27
6501,119,781.0,1,5,0,-92.63
6502,235,724.0,3,4,0,-149.52
6503,90,71.0,2,2,0,-802.66
6504,66,239.0,2,5,0,-634.68
6505,76,277.0,0,5,0,-596.67
6506,189,1035.0,4,4,0,161.44
6507,334,393.0,1,9,0,-480.42
6508,350,492.0,1,3,0,-381.41
6509,217,2385.0,3,3,0,1511.46
6510,160,275.0,1,3,0,-598.59
6511,84,289.0,1,3,0,-584.66
6512,264,94.0,3,4,0,-779.49
6513,70,203.0,0,8,0,-670.68
6514,245,47.0,2,4,0,-826.51
6515,66,634.0,4,6,0,-239.68
6516,46,1434.0,1,7,0,560.3
6517,175,247.0,0,11,0,-626.58
6518,297,1096.0,2,10,0,222.54
6519,192,311.0,4,5,1,-562.56
6520,206,6000.0,8,5,1,5126.45
6521,328,125.0,3,10,0,-748.43
6522,182,387.0,3,2,0,-486.57
6523,133,620.0,3,10,0,-253.62
6524,71,98.0,3,6,0,-775.67
6525,149,279.0,1,3,0,-594.6
6526,335,2903.0,1,8,1,2029.58
6527,175,43.0,6,5,0,-830.57
6528,353,193.0,1,5,0,-680.4
6529,299,104.0,3,6,0,-769.46
6530,144,245.0,1,9,0,-628.6
6531,359,368.0,0,6,0,-505.4
6532,98,2118.0,6,7,1,1244.35
6533,174,75.0,0,8,0,-798.58
6534,100,1177.0,3,5,0,303.35
6535,315,279.0,1,6,0,-594.44
6536,258,6000.0,1,4,0,5126.5
6537,47,251.0,2,4,0,-622.7
6538,63,308.0,2,4,0,-565.68
6539,203,144.0,1,6,0,-729.55
6540,249,210.0,2,4,0,-663.5
6541,344,296.0,2,9,0,-577.41
6542,177,2608.0,2,9,0,1734.43
6543,111,209.0,0,12,0,-664.64
6544,182,3187.0,5,5,0,2313.43
6545,112,302.0,1,4,0,-571.64
6546,316,290.0,2,10,1,-583.44
6547,41,732.0,5,6,1,-141.7
6548,332,769.0,3,3,0,-104.42
6549,361,484.0,1,3,0,-389.4
6550,218,181.0,0,10,0,-692.53
6551,201,1051.0,2,5,0,177.45
6552,94,378.0,1,9,0,-495.65
6553,158,151.0,2,4,1,-722.59
6554,347,260.0,3,8,0,-613.41
6555,133,385.0,0,2,0,-488.62
6556,172,81.0,4,7,1,-792.58
6557,163,143.0,0,4,0,-730.59
6558,348,1725.0,3,8,0,851.59
6559,315,674.0,3,9,0,-199.44
6560,361,569.0,1,7,0,-304.4
6561,330,94.0,1,11,1,-779.43
6562,208,806.0,1,9,0,-67.54
6563,178,253.0,2,6,0,-620.57
6564,1,492.0,1,5,0,-381.74
6565,319,380.0,1,5,0,-493.44
6566,183,21.0,0,5,1,-852.57
6567,99,1089.0,5,6,1,215.35
6568,69,34.0,3,4,0,-839.68
6569,102,177.0,1,4,0,-696.65
6570,283,611.0,3,6,1,-262.47
6571,305,992.0,2,8,0,118.55
6572,100,2580.0,1,13,0,1706.35
6573,213,563.0,1,6,0,-310.54
6574,32,324.0,0,7,0,-549.71
6575,340,324.0,1,4,0,-549.42
6576,298,348.0,0,5,0,-525.46
6577,225,2212.0,2,4,0,1338.47
6578,313,702.0,2,3,0,-171.44
6579,232,317.0,4,3,1,-556.52
6580,253,1019.0,3,6,0,145.5
6581,163,565.0,1,9,0,-308.59
6582,309,194.0,1,1,0,-679.45
6583,176,174.0,1,4,0,-699.57
6584,87,3680.0,2,3,0,2806.34
6585,8,146.0,2,4,0,-727.74
6586,312,1208.0,4,7,0,334.56
6587,54,1650.0,1,6,0,776.31
6588,267,225.0,1,5,0,-648.49
6589,33,168.0,2,8,0,-705.71
6590,327,647.0,0,9,0,-226.43
6591,55,2372.0,1,6,0,1498.31
6592,176,244.0,3,9,0,-629.57
6593,70,1581.0,2,4,0,707.32
6594,303,49.0,2,4,0,-824.45
6595,14,420.0,1,8,0,-453.73
6596,99,267.0,2,12,1,-606.65
6597,52,1160.0,2,3,1,286.31
6598,339,198.0,1,8,0,-675.42
6599,37,507.0,1,9,1,-366.71
6600,74,2644.0,0,7,0,1770.33
6601,194,106.0,1,2,0,-767.56
6602,269,87.0,2,3,0,-786.48
6603,162,386.0,1,9,0,-487.59
6604,97,700.0,1,7,0,-173.65
6605,299,1073.0,0,3,0,199.54
6606,247,260.0,1,8,0,-613.51
6607,224,1101.0,1,8,0,227.47
6608,221,1363.0,0,10,0,489.47
6609,156,219.0,3,3,0,-654.59
6610,29,55.0,2,2,1,-818.72
6611,82,535.0,1,7,0,-338.66
6612,217,809.0,3,8,0,-64.53
6613,54,938.0,1,8,0,64.31
6614,73,978.0,2,5,0,104.33
6615,118,743.0,2,9,1,-130.63
6616,320,97.0,2,8,0,-776.44
6617,199,210.0,2,6,0,-663.55
6618,154,2155.0,1,2,0,1281.4
6619,69,806.0,5,6,1,-67.68
6620,24,642.0,1,5,0,-231.72
6621,123,1243.0,2,6,1,369.37
6622,260,2044.0,3,4,0,1170.51
6623,136,224.0,2,11,0,-649.61
6624,263,444.0,1,2,0,-429.49
6625,78,955.0,4,6,1,81.33
6626,291,1053.0,2,6,0,179.54
6627,184,1650.0,2,3,0,776.43
6628,303,2102.0,1,8,0,1228.55
6629,156,218.0,2,8,0,-655.59
6630,361,147.0,1,4,1,-726.4
6631,134,271.0,5,7,1,-602.61
6632,225,668.0,4,10,1,-205.53
6633,188,506.0,3,4,1,-367.56
6634,245,347.0,0,11,0,-526.51
6635,10,1027.0,3,5,0,153.27
6636,106,278.0,3,4,1,-595.64
6637,187,3518.0,4,9,1,2644.44
6638,63,196.0,3,7,0,-677.68
6639,278,499.0,3,5,0,-374.48
6640,359,9.0,1,6,0,-864.4
6641,31,6000.0,1,4,0,5126.28
6642,188,459.0,2,7,0,-414.56
6643,255,828.0,4,9,1,-45.5
6644,192,1933.0,2,5,0,1059.44
6645,160,721.0,3,7,0,-152.59
6646,106,294.0,2,7,1,-579.64
6647,11,383.0,1,3,0,-490.73
6648,296,194.0,1,5,0,-679.46
6649,176,177.0,1,6,0,-696.57
6650,155,131.0,0,3,0,-742.59
6651,355,102.0,0,6,0,-771.4
6652,180,1369.0,2,7,1,495.43
6653,89,1892.0,1,4,0,1018.34
6654,4,381.0,1,3,0,-492.74
6655,252,90.0,1,2,1,-783.5
6656,201,2662.0,3,4,1,1788.45
6657,291,257.0,4,4,0,-616.46
6658,61,650.0,2,7,0,-223.68
6659,113,364.0,1,5,0,-509.63
6660,152,607.0,2,8,0,-266.6
6661,342,173.0,1,13,0,-700.41
6662,363,1474.0,3,8,0,600.61
6663,195,315.0,4,8,0,-558.56
6664,55,447.0,2,7,1,-426.69
6665,348,1046.0,1,3,0,172.59
6666,6,486.0,2,4,0,-387.74
6667,362,1727.0,1,9,0,853.6
6668,221,306.0,2,7,0,-567.53
6669,106,1197.0,1,2,0,323.36
6670,294,1147.0,2,5,0,273.54
6671,284,32.0,1,9,0,-841.47
6672,325,829.0,2,5,0,-44.43
6673,70,916.0,3,7,1,42.32
6674,271,647.0,2,9,0,-226.48
6675,183,1170.0,0,10,0,296.43
6676,79,440.0,1,2,1,-433.67
6677,104,788.0,3,2,0,-85.64
6678,351,43.0,3,5,0,-830.41
6679,120,87.0,2,6,0,-786.63
6680,6,1221.0,1,8,0,347.26
6681,104,1312.0,3,8,0,438.36
6682,118,2211.0,1,7,0,1337.37
6683,255,623.0,1,7,0,-250.5
6684,38,1051.0,1,4,0,177.29
6685,350,326.0,4,3,1,-547.41
6686,38,125.0,0,2,0,-748.71
6687,181,215.0,2,5,0,-658.57
6688,108,469.0,3,3,1,-404.64
6689,136,831.0,1,8,0,-42.61
6690,25,62.0,1,7,0,-811.72
6691,76,2427.0,2,10,1,1553.33
6692,330,1072.0,1,5,0,198.57
6693,167,223.0,0,3,1,-650.58
6694,288,346.0,3,7,0,-527.47
6695,128,89.0,2,6,0,-784.62
6696,164,1299.0,4,5,1,425.41
6697,238,1341.0,0,3,0,467.49
6698,201,874.0,4,9,1,0.45
6699,171,690.0,4,1,1,-183.58
6700,147,277.0,1,7,0,-596.6
6701,332,538.0,0,5,0,-335.42
6702,118,594.0,1,9,0,-279.63
6703,36,2592.0,3,7,1,1718.29
6704,241,221.0,3,4,0,-652.51
6705,224,1141.0,2,7,0,267.47
6706,72,634.0,3,6,1,-239.67
6707,196,235.0,0,6,0,-638.55
6708,195,996.0,3,5,0,122.44
6709,78,242.0,1,9,0,-631.67
6710,145,561.0,0,9,0,-312.6
6711,327,310.0,0,7,0,-563.43
6712,117,350.0,1,9,0,-523.63
6713,339,2008.0,0,5,0,1134.58
6714,100,255.0,1,0,0,-618.65
6715,306,833.0,2,10,1,-40.45
6716,74,1809.0,2,4,1,935.33
6717,239,637.0,4,3,1,-236.51
6718,363,343.0,0,3,0,-530.39
6719,86,5184.0,2,9,1,4310.34
6720,54,1878.0,3,2,1,1004.31
6721,214,678.0,1,5,0,-195.54
6722,285,1019.0,1,7,0,145.53
6723,249,265.0,1,7,0,-608.5
6724,159,272.0,2,7,0,-601.59
6725,173,747.0,3,8,1,-126.58
6726,151,959.0,2,7,0,85.4
6727,272,249.0,3,11,0,-624.48
6728,118,270.0,1,6,0,-603.63
6729,242,1275.0,3,8,0,401.49
6730,62,1497.0,0,4,0,623.32
6731,363,313.0,2,1,0,-560.39
6732,79,758.0,1,4,0,-115.67
6733,251,222.0,1,5,0,-651.5
6734,338,235.0,0,3,0,-638.42
6735,93,538.0,0,4,0,-335.65
6736,364,1680.0,2,9,0,806.61
6737,274,325.0,3,1,0,-548.48
6738,89,599.0,1,10,0,-274.66
6739,148,738.0,3,8,1,-135.6
6740,180,92.0,2,9,0,-781.57
6741,76,1390.0,1,8,1,516.33
6742,28,132.0,1,7,0,-741.72
6743,47,1114.0,2,7,0,240.3
6744,147,2769.0,6,5,1,1895.4
6745,77,248.0,2,4,0,-625.67
6746,210,403.0,0,8,0,-470.54
6747,61,1590.0,0,3,1,716.31
6748,193,402.0,2,3,0,-471.56
6749,350,770.0,2,7,0,-103.41
6750,57,130.0,1,6,0,-743.69
6751,212,74.0,1,3,0,-799.54
6752,138,1860.0,3,5,0,986.39
6753,169,982.0,4,6,0,108.42
6754,76,1494.0,1,4,0,620.33
6755,292,316.0,1,4,0,-557.46
6756,73,562.0,6,7,1,-311.67
6757,260,199.0,0,8,0,-674.49
6758,319,108.0,4,1,0,-765.44
6759,74,1661.0,4,3,0,787.33
6760,297,228.0,0,0,0,-645.46
6761,234,248.0,1,6,0,-625.52
6762,74,839.0,1,9,1,-34.67
6763,145,1567.0,3,10,1,693.4
6764,221,599.0,2,3,1,-274.53
6765,153,340.0,1,4,0,-533.6
6766,244,2218.0,2,6,0,1344.49
6767,23,1108.0,2,3,0,234.28
6768,32,483.0,1,9,0,-390.71
6769,295,1300.0,1,7,0,426.54
6770,24,1256.0,4,9,1,382.28
6771,330,1307.0,3,5,0,433.57
6772,119,1002.0,1,2,0,128.37
6773,340,209.0,4,7,0,-664.42
6774,255,221.0,3,8,0,-652.5
6775,161,397.0,1,6,0,-476.59
6776,23,275.0,4,9,1,-598.72
6777,249,1027.0,2,6,0,153.5
6778,193,72.0,1,8,0,-801.56
6779,49,309.0,2,2,1,-564.7
6780,238,687.0,1,8,0,-186.51
6781,102,272.0,0,5,1,-601.65
6782,75,79.0,4,7,1,-794.67
6783,88,1507.0,5,6,1,633.34
6784,230,83.0,1,5,0,-790.52
6785,41,997.0,3,9,0,123.3
6786,322,618.0,3,3,0,-255.43
6787,313,1314.0,0,6,1,440.56
6788,362,1156.0,1,1,0,282.6
6789,113,263.0,4,6,1,-610.63
6790,16,845.0,1,14,1,-28.73
6791,113,115.0,5,6,0,-758.63
6792,62,101.0,1,6,0,-772.68
6793,129,512.0,5,7,1,-361.62
6794,265,816.0,4,3,1,-57.49
6795,178,170.0,2,8,1,-703.57
6796,188,529.0,4,8,0,-344.56
6797,172,197.0,2,4,0,-676.58
6798,116,61.0,0,7,0,-812.63
6799,8,160.0,0,7,1,-713.74
6800,260,650.0,4,4,0,-223.49
6801,363,355.0,2,7,0,-518.39
6802,355,906.0,0,7,0,32.6
6803,293,984.0,2,3,0,110.54
6804,233,657.0,5,7,1,-216.52
6805,63,764.0,2,7,0,-109.68
6806,56,334.0,1,6,0,-539.69
6807,256,275.0,1,7,0,-598.5
6808,365,1020.0,4,6,0,146.61
6809,267,491.0,0,6,1,-382.49
6810,363,67.0,2,4,0,-806.39
6811,204,489.0,2,10,0,-384.55
6812,267,986.0,2,3,0,112.51
6813,310,803.0,2,6,1,-70.45
6814,290,4011.0,3,3,0,3137.53
6815,217,343.0,2,0,0,-530.53
6816,274,371.0,1,5,0,-502.48
6817,88,569.0,3,2,1,-304.66
6818,181,921.0,2,4,0,47.43
6819,85,47.0,3,2,1,-826.66
6820,270,362.0,4,3,0,-511.48
6821,10,71.0,3,4,1,-802.73
6822,80,5638.0,1,7,0,4764.33
6823,9,412.0,2,5,0,-461.73
6824,128,411.0,1,4,1,-462.62
6825,317,1381.0,2,2,1,507.56
6826,63,5683.0,3,5,0,4809.31
6827,229,447.0,0,9,0,-426.52
6828,327,1280.0,0,5,0,406.57
6829,221,788.0,1,4,0,-85.53
6830,53,67.0,2,8,0,-806.69
6831,143,577.0,2,1,0,-296.61
6832,287,72.0,2,7,0,-801.47
6833,207,1731.0,1,5,0,857.46
6834,154,732.0,1,4,0,-141.6
6835,262,109.0,1,8,0,-764.49
6836,153,2809.0,1,6,0,1935.4
6837,311,599.0,3,4,0,-274.44
6838,215,767.0,0,5,0,-106.54
6839,61,657.0,1,7,0,-216.68
6840,34,743.0,5,10,1,-130.71
6841,268,5064.0,2,6,0,4190.51
6842,150,251.0,1,7,0,-622.6
6843,190,473.0,1,7,0,-400.56
6844,108,1454.0,3,3,0,580.36
6845,245,265.0,4,2,0,-608.51
6846,194,114.0,3,6,1,-759.56
6847,8,116.0,3,2,1,-757.74
6848,35,274.0,1,5,0,-599.71
6849,159,209.0,0,7,0,-664.59
6850,28,727.0,1,4,0,-146.72
6851,47,316.0,2,5,0,-557.7
6852,78,1302.0,4,3,1,428.33
6853,212,383.0,2,3,0,-490.54
6854,87,282.0,2,9,0,-591.66
6855,115,1294.0,0,4,0,420.37
6856,353,2225.0,2,6,0,1351.6
6857,209,1649.0,2,9,0,775.46
6858,160,139.0,3,6,0,-734.59
6859,321,4400.0,5,8,1,3526.56
6860,48,959.0,2,8,0,85.3
6861,130,946.0,3,4,1,72.38
6862,199,427.0,5,3,0,-446.55
6863,24,3098.0,2,11,1,2224.28
6864,363,1482.0,6,4,1,608.61
6865,255,1312.0,1,4,0,438.5
6866,144,1527.0,1,7,0,653.39
6867,310,997.0,2,5,0,123.55
6868,308,508.0,1,6,0,-365.45
6869,314,388.0,2,8,0,-485.44
6870,235,799.0,6,8,1,-74.52
6871,222,217.0,3,7,1,-656.53
6872,140,106.0,1,7,0,-767.61
6873,140,249.0,4,6,1,-624.61
6874,139,412.0,4,7,1,-461.61
6875,74,4727.0,1,7,0,3853.33
6876,284,936.0,4,4,0,62.53
6877,36,485.0,0,2,0,-388.71
6878,160,273.0,3,5,0,-600.59
6879,62,64.0,0,10,0,-809.68
6880,271,271.0,3,4,0,-602.48
6881,73,1192.0,3,7,1,318.33
6882,78,315.0,2,5,0,-558.67
6883,96,704.0,1,7,0,-169.65
6884,15,569.0,2,4,0,-304.73
6885,263,842.0,2,7,0,-31.49
6886,185,77.0,2,4,0,-796.57
6887,302,277.0,2,12,0,-596.45
6888,136,719.0,1,1,0,-154.61
6889,273,474.0,0,9,1,-399.48
6890,119,504.0,4,6,1,-369.63
6891,50,789.0,1,9,0,-84.7
6892,162,381.0,1,6,0,-492.59
6893,187,496.0,1,11,0,-377.56
6894,113,641.0,3,6,0,-232.63
6895,92,250.0,1,5,0,-623.65
6896,345,596.0,0,6,0,-277.41
6897,209,115.0,4,3,1,-758.54
6898,260,5286.0,0,9,0,4412.5
6899,38,252.0,3,6,0,-621.71
6900,212,1695.0,4,5,1,821.46
6901,257,804.0,1,6,0,-69.5
6902,140,249.0,2,7,0,-624.61
6903,80,195.0,3,6,0,-678.67
6904,201,100.0,7,6,1,-773.55
6905,202,149.0,1,1,0,-724.55
6906,343,57.0,0,5,0,-816.41
6907,92,447.0,3,6,0,-426.65
6908,139,439.0,1,5,1,-434.61
6909,69,4755.0,1,3,0,3881.32
6910,357,76.0,0,6,1,-797.4
6911,273,2561.0,1,11,0,1687.52
6912,276,1453.0,1,8,0,579.52
6913,230,550.0,1,7,0,-323.52
6914,2,397.0,2,6,0,-476.74
6915,256,332.0,1,3,0,-541.5
6916,163,94.0,2,3,0,-779.59
6917,174,2495.0,3,4,0,1621.42
6918,198,96.0,5,3,0,-777.55
6919,184,6000.0,2,11,0,5126.43
6920,158,651.0,0,7,0,-222.59
6921,363,131.0,3,7,0,-742.39
6922,237,99.0,2,7,0,-774.52
6923,353,492.0,4,6,0,-381.4
6924,61,132.0,1,8,1,-741.68
6925,362,255.0,3,9,0,-618.39
6926,344,144.0,1,4,1,-729.41
6927,76,641.0,5,5,1,-232.67
6928,14,105.0,1,4,1,-768.73
6929,49,1073.0,5,6,1,199.3
6930,271,53.0,3,8,0,-820.48
6931,329,330.0,1,8,1,-543.43
6932,302,88.0,1,6,0,-785.45
6933,257,2350.0,1,5,0,1476.5
6934,291,267.0,0,5,0,-606.46
6935,197,78.0,0,3,0,-795.55
6936,132,1897.0,2,9,1,1023.38
6937,336,1092.0,3,8,0,218.58
6938,301,467.0,0,8,0,-406.45
6939,181,118.0,1,3,0,-755.57
6940,6,274.0,2,8,1,-599.74
6941,54,83.0,1,7,0,-790.69
6942,192,134.0,1,7,0,-739.56
6943,128,265.0,0,6,0,-608.62
6944,82,237.0,2,4,0,-636.66
6945,133,820.0,2,6,1,-53.62
6946,276,589.0,3,6,0,-284.48
6947,305,375.0,2,2,0,-498.45
6948,295,2668.0,2,8,0,1794.54
6949,3,215.0,2,8,1,-658.74
6950,179,334.0,4,2,1,-539.57
6951,285,169.0,2,11,0,-704.47
6952,311,248.0,2,9,0,-625.44
6953,131,663.0,4,4,1,-210.62
6954,98,613.0,2,5,0,-260.65
6955,130,134.0,3,9,0,-739.62
6956,308,1699.0,1,6,0,825.55
6957,281,618.0,1,6,0,-255.47
6958,269,418.0,4,7,1,-455.48
6959,14,119.0,1,7,0,-754.73
6960,187,917.0,1,5,0,43.44
6961,170,2852.0,3,5,0,1978.42
6962,158,729.0,4,11,1,-144.59
6963,246,481.0,1,4,0,-392.51
6964,200,127.0,1,6,0,-746.55
6965,35,587.0,2,4,0,-286.71
6966,39,239.0,1,9,0,-634.71
6967,108,488.0,2,7,1,-385.64
6968,60,1718.0,3,3,0,844.31
6969,149,2141.0,2,7,0,1267.4
6970,15,101.0,1,7,0,-772.73
6971,231,126.0,1,7,0,-747.52
6972,210,1014.0,3,5,0,140.46
6973,329,59.0,1,7,0,-814.43
6974,25,253.0,1,2,0,-620.72
6975,335,2044.0,1,9,0,1170.58
6976,243,158.0,1,7,0,-715.51
6977,103,145.0,2,8,1,-728.64
6978,357,81.0,0,5,0,-792.4
6979,17,64.0,2,7,0,-809.73
6980,10,857.0,3,6,1,-16.73
6981,264,297.0,0,5,0,-576.49
6982,237,1340.0,0,5,0,466.48
6983,306,106.0,2,12,0,-767.45
6984,43,249.0,1,4,0,-624.7
6985,166,3934.0,4,9,1,3060.41
6986,126,120.0,3,2,1,-753.62
6987,356,1099.0,1,0,0,225.6
6988,222,501.0,3,4,0,-372.53
6989,328,2081.0,1,11,0,1207.57
6990,156,353.0,0,3,0,-520.59
6991,23,106.0,1,5,1,-767.72
6992,245,545.0,3,10,0,-328.51
6993,318,512.0,2,7,1,-361.44
6994,265,761.0,1,10,0,-112.49
6995,200,282.0,2,10,0,-591.55
6996,6,701.0,3,6,0,-172.74
6997,199,112.0,1,1,0,-761.55
6998,52,602.0,1,6,0,-271.69
6999,296,258.0,0,7,0,-615.46
7000,89,386.0,0,6,0,-487.66
7001,214,1083.0,2,5,0,209.46
7002,242,765.0,2,8,0,-108.51
7003,352,6000.0,2,3,0,5126.59
7004,227,193.0,4,9,1,-680.52
7005,225,189.0,3,6,0,-684.53
7006,294,302.0,2,7,0,-571.46
7007,335,424.0,5,6,0,-449.42
7008,8,80.0,1,7,0,-793.74
7009,243,750.0,2,6,0,-123.51
7010,160,58.0,3,8,0,-815.59
7011,16,682.0,4,7,1,-191.73
7012,336,807.0,1,6,0,-66.42
7013,92,2436.0,2,6,0,1562.34
7014,177,1190.0,5,7,0,316.43
7015,155,5902.0,5,6,0,5028.4
7016,71,265.0,5,4,1,-608.67
7017,29,203.0,4,3,0,-670.72
7018,119,2914.0,3,11,1,2040.37
7019,198,388.0,2,4,1,-485.55
7020,286,655.0,0,5,0,-218.47
7021,46,214.0,2,2,0,-659.7
7022,289,480.0,1,10,1,-393.47
7023,233,1942.0,0,11,0,1068.48
7024,360,203.0,1,2,0,-670.4
7025,286,396.0,3,8,1,-477.47
7026,96,237.0,0,8,0,-636.65
7027,34,90.0,0,7,0,-783.71
7028,60,513.0,2,7,0,-360.69
7029,65,626.0,1,3,0,-247.68
7030,70,78.0,1,4,0,-795.68
7031,303,123.0,2,3,0,-750.45
7032,228,99.0,1,8,0,-774.52
7033,176,165.0,0,9,1,-708.57
7034,84,162.0,2,3,0,-711.66
7035,203,645.0,5,6,1,-228.55
7036,178,541.0,0,8,0,-332.57
7037,226,1091.0,1,5,0,217.47
7038,242,337.0,0,6,0,-536.51
7039,14,136.0,1,7,0,-737.73
7040,113,287.0,4,5,1,-586.63
7041,288,52.0,0,8,0,-821.47
7042,165,2922.0,1,10,0,2048.41
7043,58,564.0,7,4,0,-309.69
7044,151,2533.0,1,7,1,1659.4
7045,101,259.0,3,6,0,-614.65
7046,323,208.0,5,8,1,-665.43
7047,154,1770.0,1,10,1,896.4
7048,28,1059.0,5,9,1,185.28
7049,26,1436.0,1,3,0,562.28
7050,321,829.0,1,8,0,-44.43
7051,241,565.0,4,7,1,-308.51
7052,3,1611.0,2,5,0,737.26
7053,44,706.0,3,6,1,-167.7
7054,151,735.0,2,5,1,-138.6
7055,323,430.0,4,5,0,-443.43
7056,100,1176.0,4,2,1,302.35
7057,335,1133.0,1,6,0,259.58
7058,16,99.0,3,6,0,-774.73
7059,26,98.0,4,6,1,-775.72
7060,347,831.0,0,7,0,-42.41
7061,287,136.0,1,7,0,-737.47
7062,359,198.0,3,5,0,-675.4
7063,362,1025.0,2,1,0,151.61
7064,7,688.0,1,6,0,-185.74
7065,8,338.0,3,5,0,-535.74
7066,359,2076.0,3,9,0,1202.6
7067,193,2666.0,1,6,0,1792.44
7068,341,544.0,3,5,0,-329.42
7069,308,379.0,1,1,0,-494.45
7070,271,1534.0,0,3,0,660.52
7071,25,1382.0,4,6,0,508.28
7072,224,285.0,0,4,0,-588.53
7073,50,99.0,3,10,0,-774.7
7074,273,57.0,5,4,1,-816.48
7075,333,239.0,1,6,0,-634.42
7076,194,554.0,2,8,0,-319.56
7077,344,973.0,0,10,0,99.59
7078,4,843.0,3,11,1,-30.74
7079,331,233.0,2,4,0,-640.42
7080,83,812.0,3,10,1,-61.66
7081,57,1626.0,2,6,1,752.31
7082,146,107.0,2,10,1,-766.6
7083,170,94.0,5,7,1,-779.58
7084,186,351.0,1,7,0,-522.56
7085,234,648.0,5,4,1,-225.52
7086,3,1937.0,1,5,0,1063.26
7087,351,481.0,0,9,0,-392.41
7088,136,295.0,0,5,0,-578.61
7089,332,208.0,1,6,0,-665.42
7090,31,244.0,2,3,1,-629.71
7091,93,287.0,2,5,0,-586.65
7092,226,281.0,1,5,0,-592.53
7093,319,544.0,4,7,0,-329.44
7094,120,744.0,4,8,0,-129.63
7095,39,6000.0,0,4,0,5126.29
7096,213,4204.0,1,6,0,3330.46
7097,323,390.0,1,4,0,-483.43
7098,184,145.0,0,5,0,-728.57
7099,167,303.0,1,5,0,-570.58
7100,37,3097.0,2,0,1,2223.29
7101,25,58.0,1,9,0,-815.72
7102,67,585.0,0,7,0,-288.68
7103,181,91.0,0,6,0,-782.57
7104,352,1675.0,2,3,0,801.6
7105,198,361.0,0,6,0,-512.55
7106,56,1225.0,5,5,1,351.31
7107,219,701.0,1,7,0,-172.53
7108,144,1192.0,0,7,0,318.39
7109,215,160.0,4,2,1,-713.54
7110,62,689.0,1,9,0,-184.68
7111,153,409.0,3,6,0,-464.6
7112,207,869.0,0,3,1,-4.54
7113,169,1554.0,6,5,1,680.42
7114,123,288.0,4,4,1,-585.62
7115,179,653.0,2,3,0,-220.57
7116,146,665.0,2,3,0,-208.6
7117,36,169.0,4,6,0,-704.71
7118,48,1049.0,2,8,0,175.3
7119,310,320.0,0,9,0,-553.44
7120,203,182.0,0,5,0,-691.55
7121,327,2205.0,2,5,0,1331.57
7122,126,126.0,2,12,0,-747.62
7123,95,388.0,2,8,0,-485.65
7124,170,1478.0,2,5,0,604.42
7125,361,21.0,1,3,0,-852.4
7126,280,520.0,3,9,1,-353.47
7127,36,136.0,3,3,0,-737.71
7128,155,79.0,4,15,0,-794.59
7129,81,131.0,2,5,0,-742.67
7130,276,1293.0,2,5,0,419.52
7131,84,216.0,1,6,0,-657.66
7132,240,1958.0,2,8,0,1084.49
7133,333,314.0,3,4,0,-559.42
7134,1,3540.0,4,2,1,2666.26
7135,148,1531.0,6,7,1,657.4
7136,354,382.0,0,2,0,-491.4
7137,156,412.0,1,6,0,-461.59
7138,189,191.0,3,2,1,-682.56
7139,143,649.0,4,5,0,-224.61
7140,277,342.0,2,9,1,-531.48
7141,341,352.0,1,6,0,-521.42
7142,186,497.0,1,4,0,-376.56
7143,199,1041.0,2,8,0,167.45
7144,128,1320.0,3,6,1,446.38
7145,84,1974.0,1,5,0,1100.34
7146,66,1349.0,4,8,0,475.32
7147,360,2160.0,2,7,0,1286.6
7148,160,348.0,1,9,0,-525.59
7149,69,5783.0,0,6,0,4909.32
7150,344,220.0,4,4,0,-653.41
7151,32,963.0,1,5,0,89.29
7152,115,82.0,2,6,1,-791.63
7153,122,79.0,2,4,0,-794.63
7154,358,1916.0,4,8,1,1042.6
7155,120,734.0,2,3,1,-139.63
7156,281,126.0,1,3,0,-747.47
7157,244,716.0,3,5,0,-157.51
7158,142,212.0,2,7,1,-661.61
7159,23,1299.0,3,7,1,425.28
7160,128,171.0,3,5,0,-702.62
7161,215,281.0,3,8,1,-592.54
7162,75,720.0,2,4,0,-153.67
7163,149,158.0,1,7,0,-715.6
7164,168,351.0,3,8,1,-522.58
7165,290,397.0,2,5,1,-476.46
7166,94,868.0,4,4,1,-5.65
7167,209,447.0,3,5,1,-426.54
7168,68,1839.0,5,8,1,965.32
7169,261,174.0,3,5,0,-699.49
7170,24,438.0,1,6,0,-435.72
7171,95,1214.0,1,4,1,340.35
7172,218,202.0,1,7,0,-671.53
7173,358,1339.0,2,6,0,465.6
7174,33,180.0,1,8,0,-693.71
7175,69,294.0,7,6,1,-579.68
7176,31,2711.0,5,2,1,1837.29
7177,333,137.0,1,7,0,-736.42
7178,27,344.0,2,7,1,-529.72
7179,173,281.0,4,6,1,-592.58
7180,109,2600.0,4,10,0,1726.36
7181,134,2375.0,1,4,0,1501.38
7182,5,1171.0,1,7,0,297.26
7183,33,343.0,2,0,0,-530.71
7184,186,1567.0,0,3,0,693.44
7185,301,352.0,1,4,0,-521.45
7186,36,96.0,4,6,1,-777.71
7187,97,658.0,3,3,0,-215.65
7188,347,3805.0,5,10,1,2931.59
7189,320,887.0,1,4,0,13.56
7190,149,997.0,1,13,0,123.4
7191,341,1200.0,2,8,1,326.58
7192,349,150.0,0,5,0,-723.41
7193,13,119.0,2,8,0,-754.73
7194,196,1773.0,2,3,0,899.44
7195,209,4361.0,2,13,1,3487.46
7196,23,373.0,1,6,0,-500.72
7197,69,1408.0,3,6,0,534.32
7198,289,794.0,3,8,1,-79.47
7199,12,199.0,1,6,0,-674.73
7200,160,206.0,1,8,0,-667.59
7201,31,297.0,1,3,0,-576.71
7202,171,183.0,1,7,0,-690.58
7203,3,458.0,3,6,1,-415.74
7204,149,236.0,0,7,0,-637.6
7205,110,3608.0,2,8,0,2734.36
7206,212,240.0,1,10,1,-633.54
7207,101,2794.0,2,7,1,1920.35
7208,359,39.0,0,5,0,-834.4
7209,62,1148.0,6,7,1,274.32
7210,36,1022.0,2,2,1,148.29
7211,262,1053.0,0,6,0,179.51
7212,148,726.0,0,2,0,-147.6
7213,118,547.0,4,5,1,-326.63
7214,3,281.0,4,5,1,-592.74
7215,193,145.0,2,7,0,-728.56
7216,182,166.0,3,8,1,-707.57
7217,6,652.0,1,9,0,-221.74
7218,219,53.0,4,9,0,-820.53
7219,220,217.0,1,4,0,-656.53
7220,269,799.0,0,9,0,-74.48
7221,40,3032.0,0,4,0,2158.29
7222,233,682.0,2,5,0,-191.52
7223,154,1016.0,2,7,0,142.4
7224,53,881.0,0,4,0,7.31
7225,268,1736.0,1,6,0,862.51
7226,53,296.0,3,10,1,-577.69
7227,241,749.0,0,3,0,-124.51
7228,136,770.0,0,7,0,-103.61
7229,265,560.0,0,7,0,-313.49
7230,200,69.0,2,9,0,-804.55
7231,354,871.0,2,4,0,-2.4
7232,344,134.0,1,4,0,-739.41
7233,180,261.0,1,9,0,-612.57
7234,349,112.0,0,2,0,-761.41
7235,362,2556.0,2,9,0,1682.6
7236,102,139.0,3,11,1,-734.65
7237,280,2307.0,0,6,0,1433.53
7238,188,320.0,4,6,1,-553.56
7239,340,262.0,1,3,1,-611.42
7240,81,326.0,1,7,1,-547.67
7241,295,6000.0,0,5,0,5126.54
7242,2,449.0,4,7,1,-424.74
7243,113,427.0,4,7,1,-446.63
7244,50,52.0,2,6,0,-821.7
7245,51,610.0,4,8,0,-263.69
7246,44,553.0,2,7,0,-320.7
7247,87,160.0,2,8,0,-713.66
7248,20,610.0,4,7,1,-263.72
7249,74,153.0,3,7,0,-720.67
7250,124,465.0,3,6,0,-408.62
7251,210,675.0,0,6,0,-198.54
7252,108,639.0,1,5,1,-234.64
7253,243,554.0,2,7,0,-319.51
7254,262,784.0,2,7,0,-89.49
7255,305,244.0,4,8,0,-629.45
7256,298,279.0,1,11,0,-594.46
7257,228,1045.0,1,4,1,171.48
7258,66,35.0,0,15,0,-838.68
7259,207,243.0,4,4,1,-630.54
7260,81,953.0,0,4,0,79.33
7261,266,68.0,2,2,0,-805.49
7262,238,327.0,1,6,0,-546.51
7263,243,1974.0,2,4,0,1100.49
7264,241,317.0,2,5,0,-556.51
7265,315,1027.0,0,8,0,153.56
7266,161,1307.0,5,9,1,433.41
7267,176,637.0,5,4,1,-236.57
7268,34,325.0,3,2,1,-548.71
7269,160,801.0,4,5,0,-72.59
7270,67,184.0,3,4,0,-689.68
7271,71,533.0,4,7,1,-340.68
7272,171,1564.0,4,5,0,690.42
7273,128,659.0,3,5,1,-214.62
7274,21,263.0,2,1,1,-610.72
7275,105,246.0,2,5,0,-627.64
7276,196,1354.0,2,8,1,480.44
7277,183,446.0,2,8,1,-427.57
7278,342,2607.0,2,5,0,1733.58
7279,229,192.0,2,7,0,-681.52
7280,11,52.0,3,7,1,-821.73
7281,260,330.0,1,6,0,-543.49
7282,324,185.0,2,3,0,-688.43
7283,4,1091.0,3,10,1,217.26
7284,31,40.0,1,7,1,-833.71
7285,87,866.0,4,6,1,-7.66
7286,87,325.0,2,3,0,-548.66
7287,317,149.0,0,9,0,-724.44
7288,316,822.0,1,9,0,-51.44
7289,52,649.0,2,7,0,-224.69
7290,364,314.0,2,6,0,-559.39
7291,33,746.0,3,6,1,-127.71
7292,135,1698.0,2,2,0,824.39
7293,261,88.0,1,4,0,-785.49
7294,280,344.0,2,7,0,-529.47
7295,36,280.0,5,4,0,-593.71
7296,325,453.0,3,6,0,-420.43
7297,187,137.0,0,7,0,-736.56
7298,13,395.0,2,1,0,-478.73
7299,125,513.0,1,3,1,-360.62
7300,119,445.0,4,3,1,-428.63
7301,130,160.0,2,5,0,-713.62
7302,102,4874.0,4,6,1,4000.35
7303,357,97.0,2,4,0,-776.4
7304,66,3523.0,2,5,0,2649.32
7305,328,720.0,4,6,0,-153.43
7306,359,43.0,5,4,0,-830.4
7307,84,696.0,2,5,0,-177.66
7308,350,2303.0,2,4,0,1429.59
7309,347,151.0,0,9,0,-722.41
7310,352,174.0,4,6,1,-699.4
7311,197,313.0,5,5,1,-560.55
7312,115,510.0,0,9,0,-363.63
7313,313,333.0,1,6,0,-540.44
7314,216,441.0,6,7,1,-432.54
7315,91,292.0,2,5,1,-581.66
7316,194,656.0,3,7,1,-217.56
7317,10,2585.0,0,8,0,1711.27
7318,365,466.0,1,5,0,-407.39
7319,111,1341.0,0,9,0,467.36
7320,272,1878.0,0,6,0,1004.52
7321,183,3951.0,2,3,0,3077.43
7322,270,2952.0,3,9,1,2078.52
7323,125,1100.0,2,8,0,226.38
7324,328,404.0,2,9,0,-469.43
7325,238,50.0,2,9,0,-823.51
7326,23,593.0,0,5,0,-280.72
7327,268,450.0,2,6,0,-423.49
7328,316,724.0,2,7,0,-149.44
7329,85,506.0,4,4,1,-367.66
7330,49,328.0,3,5,1,-545.7
7331,173,594.0,3,10,0,-279.58
7332,365,533.0,2,7,0,-340.39
7333,171,838.0,1,6,0,-35.58
7334,223,1189.0,1,5,0,315.47
7335,166,1713.0,1,7,1,839.42
7336,138,345.0,3,4,0,-528.61
7337,61,297.0,4,6,1,-576.68
7338,85,957.0,3,5,0,83.34
7339,330,521.0,3,4,1,-352.43
7340,66,768.0,2,12,0,-105.68
7341,132,318.0,2,7,1,-555.62
7342,124,136.0,1,7,0,-737.62
7343,262,1107.0,1,4,0,233.51
7344,12,234.0,2,6,0,-639.73
7345,112,444.0,3,4,0,-429.64
7346,24,324.0,3,3,1,-549.72
7347,341,143.0,4,7,1,-730.41
7348,331,49.0,2,6,1,-824.42
7349,62,85.0,2,7,0,-788.68
7350,211,438.0,1,5,0,-435.54
7351,35,408.0,2,8,0,-465.71
7352,201,1554.0,1,1,0,680.45
7353,312,224.0,4,7,1,-649.44
7354,227,1540.0,4,7,0,666.47
7355,283,917.0,0,5,0,43.53
7356,258,1625.0,4,8,1,751.5
7357,132,1009.0,3,5,1,135.38
7358,292,95.0,1,0,0,-778.46
7359,235,586.0,2,3,1,-287.52
7360,95,657.0,1,2,0,-216.65
7361,339,88.0,3,3,0,-785.42
7362,264,59.0,0,4,0,-814.49
7363,36,6000.0,1,9,0,5126.29
7364,116,697.0,1,1,0,-176.63
7365,84,655.0,4,3,1,-218.66
7366,22,872.0,1,5,0,-1.72
7367,135,928.0,1,3,0,54.39
7368,93,993.0,0,6,0,119.35
7369,87,1424.0,1,0,0,550.34
7370,171,636.0,2,4,1,-237.58
7371,99,179.0,4,7,1,-694.65
7372,235,203.0,3,2,0,-670.52
7373,104,574.0,3,3,0,-299.64
7374,202,251.0,1,5,0,-622.55
7375,291,2716.0,3,7,0,1842.54
7376,215,156.0,2,6,0,-717.54
7377,119,1961.0,0,3,0,1087.37
7378,313,1880.0,4,1,0,1006.56
7379,229,454.0,4,6,0,-419.52
7380,298,631.0,0,9,1,-242.46
7381,45,544.0,2,6,0,-329.7
7382,182,186.0,1,12,1,-687.57
7383,163,653.0,3,5,0,-220.59
7384,288,392.0,2,5,1,-481.47
7385,356,4692.0,2,7,0,3818.6
7386,35,3600.0,2,5,0,2726.29
7387,134,561.0,2,3,1,-312.61
7388,15,1317.0,3,4,1,443.27
7389,277,444.0,2,9,0,-429.48
7390,28,826.0,7,7,0,-47.72
7391,232,775.0,2,7,0,-98.52
7392,343,606.0,1,5,0,-267.41
7393,74,4308.0,1,17,0,3434.33
7394,29,831.0,1,7,0,-42.72
7395,164,493.0,2,6,0,-380.59
7396,95,194.0,2,4,1,-679.65
7397,249,3869.0,2,4,0,2995.49
7398,294,416.0,1,7,0,-457.46
7399,308,2325.0,1,5,0,1451.55
7400,41,188.0,1,9,0,-685.7
7401,52,322.0,3,3,0,-551.69
7402,150,521.0,0,4,0,-352.6
7403,92,451.0,1,10,0,-422.66
7404,132,617.0,5,5,1,-256.62
7405,93,342.0,1,5,0,-531.65
7406,288,1534.0,3,7,1,660.53
7407,49,227.0,2,6,0,-646.7
7408,226,1470.0,1,8,0,596.47
7409,136,156.0,0,5,0,-717.61
7410,138,193.0,1,8,0,-680.61
7411,98,1066.0,1,8,0,192.35
7412,263,377.0,1,3,0,-496.49
7413,181,518.0,1,10,0,-355.57
7414,323,1113.0,3,6,0,239.57
7415,176,53.0,1,7,1,-820.57
7416,142,492.0,2,8,1,-381.61
7417,60,1423.0,2,5,1,549.31
7418,338,1391.0,3,1,1,517.58
7419,46,1033.0,3,3,1,159.3
7420,82,210.0,1,7,0,-663.66
7421,249,1070.0,0,3,0,196.5
7422,65,478.0,3,3,1,-395.68
7423,204,172.0,1,9,0,-701.55
7424,69,1527.0,2,4,0,653.32
7425,61,1204.0,2,10,0,330.31
7426,326,3161.0,0,11,0,2287.57
7427,283,253.0,3,4,0,-620.47
7428,76,101.0,1,10,0,-772.67
7429,134,166.0,2,6,0,-707.61
7430,348,630.0,1,5,0,-243.41
7431,327,324.0,5,10,0,-549.43
7432,223,1079.0,2,4,1,205.47
7433,264,1903.0,1,4,0,1029.51
7434,274,580.0,2,5,0,-293.48
7435,351,187.0,1,4,0,-686.41
7436,5,775.0,2,8,1,-98.74
7437,23,69.0,2,2,0,-804.72
7438,142,377.0,1,10,0,-496.61
7439,54,4832.0,3,8,1,3958.31
7440,336,1082.0,4,3,0,208.58
7441,75,1870.0,1,8,0,996.33
7442,203,1526.0,0,5,0,652.45
7443,145,1425.0,1,9,0,551.4
7444,263,49.0,1,9,0,-824.49
7445,257,169.0,5,8,1,-704.5
7446,320,131.0,0,4,0,-742.44
7447,69,1329.0,0,14,0,455.32
7448,142,392.0,1,9,1,-481.61
7449,69,1480.0,2,2,0,606.32
7450,125,4119.0,0,2,0,3245.38
7451,32,103.0,1,6,0,-770.71
7452,56,891.0,2,7,1,17.31
7453,85,696.0,2,5,0,-177.66
7454,356,404.0,1,9,0,-469.4
7455,215,262.0,1,7,0,-611.54
7456,266,1755.0,6,11,0,881.51
7457,236,433.0,4,5,1,-440.52
7458,41,364.0,1,8,0,-509.7
7459,323,145.0,1,8,0,-728.43
7460,243,82.0,1,4,0,-791.51
7461,84,371.0,3,9,1,-502.66
7462,285,1230.0,4,4,0,356.53
7463,196,1705.0,1,5,0,831.44
7464,258,761.0,2,5,0,-112.5
7465,118,77.0,1,6,0,-796.63
7466,220,292.0,2,2,1,-581.53
7467,355,226.0,2,11,0,-647.4
7468,13,2355.0,2,5,0,1481.27
7469,18,219.0,3,5,0,-654.73
7470,321,1511.0,1,2,0,637.57
7471,86,1962.0,1,3,1,1088.34
7472,347,349.0,4,7,0,-524.41
7473,55,402.0,0,6,0,-471.69
7474,316,1283.0,2,9,0,409.56
7475,243,3082.0,0,9,0,2208.49
7476,347,1970.0,4,4,1,1096.59
7477,111,157.0,1,2,0,-716.64
7478,175,586.0,2,8,0,-287.58
7479,44,592.0,1,4,0,-281.7
7480,155,568.0,3,1,1,-305.59
7481,214,809.0,0,10,1,-64.54
7482,18,283.0,0,6,0,-590.73
7483,245,141.0,3,5,1,-732.51
7484,15,2040.0,4,5,1,1166.27
7485,109,140.0,0,3,0,-733.64
7486,222,922.0,2,10,0,48.47
7487,87,166.0,2,8,1,-707.66
7488,338,417.0,3,7,0,-456.42
7489,204,544.0,1,4,0,-329.55
7490,315,144.0,0,6,0,-729.44
7491,363,573.0,2,6,0,-300.39
7492,217,252.0,0,9,0,-621.53
7493,216,154.0,3,10,0,-719.54
7494,94,1445.0,1,10,0,571.35
7495,115,24.0,3,9,1,-849.63
7496,142,1166.0,2,3,0,292.39
7497,4,254.0,1,8,0,-619.74
7498,283,74.0,6,4,1,-799.47
7499,320,156.0,1,2,0,-717.44
7500,11,2285.0,0,5,0,1411.27
7501,102,112.0,1,7,0,-761.65
7502,188,1114.0,0,8,1,240.44
7503,122,150.0,3,7,1,-723.63
7504,15,86.0,1,3,0,-787.73
7505,271,613.0,3,10,0,-260.48
7506,292,528.0,4,5,0,-345.46
7507,224,162.0,1,7,1,-711.53
7508,209,1169.0,3,7,1,295.46
7509,49,394.0,0,6,0,-479.7
7510,5,1466.0,3,8,1,592.26
7511,285,752.0,3,6,0,-121.47
7512,291,336.0,2,5,1,-537.46
7513,37,1174.0,4,7,0,300.29
7514,228,719.0,1,12,0,-154.52
7515,162,884.0,2,4,0,10.41
7516,175,72.0,3,7,0,-801.57
7517,255,252.0,2,8,0,-621.5
7518,340,1301.0,2,8,1,427.58
7519,178,1166.0,2,5,1,292.43
7520,235,3333.0,1,7,0,2459.48
7521,225,2497.0,1,9,0,1623.47
7522,182,5803.0,3,9,0,4929.43
7523,362,319.0,2,7,0,-554.39
7524,307,745.0,1,8,0,-128.45
7525,351,836.0,1,5,0,-37.41
7526,180,845.0,2,5,1,-28.57
7527,116,630.0,1,5,0,-243.63
7528,44,99.0,3,6,0,-774.7
7529,276,378.0,1,8,0,-495.48
7530,93,129.0,3,7,1,-744.65
7531,156,93.0,2,3,0,-780.59
7532,95,67.0,1,4,0,-806.65
7533,298,81.0,1,1,0,-792.46
7534,187,4861.0,4,3,0,3987.43
7535,174,1159.0,2,2,0,285.42
7536,63,492.0,1,3,0,-381.68
7537,6,558.0,2,7,0,-315.74
7538,52,1588.0,4,7,0,714.31
7539,322,545.0,3,7,0,-328.43
7540,174,490.0,4,5,0,-383.58
7541,195,943.0,3,4,0,69.44
7542,225,145.0,4,10,1,-728.53
7543,271,864.0,3,7,0,-9.48
7544,362,1220.0,3,8,0,346.6
7545,225,285.0,3,13,0,-588.53
7546,157,661.0,1,3,0,-212.59
7547,177,938.0,2,7,0,64.43
7548,203,410.0,0,1,0,-463.55
7549,12,347.0,2,8,0,-526.73
7550,225,2858.0,3,5,0,1984.47
7551,158,769.0,0,7,1,-104.59
7552,136,376.0,3,9,1,-497.61
7553,336,1202.0,4,10,1,328.58
7554,74,1025.0,3,3,0,151.33
7555,115,1708.0,5,7,1,834.37
7556,301,208.0,4,1,1,-665.45
7557,34,217.0,0,3,0,-656.71
7558,222,1890.0,2,6,0,1016.47
7559,20,568.0,2,6,0,-305.72
7560,110,861.0,2,6,1,-12.64
7561,268,131.0,2,2,0,-742.49
7562,218,1749.0,1,2,0,875.47
7563,307,518.0,2,6,0,-355.45
7564,18,424.0,4,8,0,-449.73
7565,19,516.0,1,5,0,-357.73
7566,275,158.0,0,4,0,-715.48
7567,42,139.0,0,7,0,-734.7
7568,362,702.0,4,5,0,-171.39
7569,59,475.0,1,3,1,-398.69
7570,315,231.0,1,9,0,-642.44
7571,253,137.0,1,4,0,-736.5
7572,90,476.0,1,1,0,-397.66
7573,144,1682.0,1,6,1,808.39
7574,283,334.0,2,6,0,-539.47
7575,60,332.0,2,8,0,-541.69
7576,164,1678.0,1,7,0,804.41
7577,8,420.0,1,5,0,-453.74
7578,280,1496.0,2,4,0,622.53
7579,108,413.0,2,11,0,-460.64
7580,65,813.0,0,8,0,-60.68
7581,268,6000.0,3,5,0,5126.51
7582,122,194.0,0,4,0,-679.63
7583,14,243.0,2,6,0,-630.73
7584,2,1995.0,1,6,0,1121.26
7585,24,462.0,3,5,1,-411.72
7586,225,428.0,2,8,1,-445.53
7587,363,348.0,2,2,0,-525.39
7588,248,807.0,4,3,0,-66.5
7589,62,1686.0,0,3,0,812.32
7590,301,269.0,1,2,0,-604.45
7591,345,910.0,3,6,1,36.59
7592,104,25.0,0,7,0,-848.64
7593,230,442.0,1,5,0,-431.52
7594,257,466.0,4,7,0,-407.5
7595,267,322.0,2,5,0,-551.49
7596,260,323.0,1,4,0,-550.49
7597,364,263.0,2,5,0,-610.39
7598,167,318.0,2,8,1,-555.58
7599,158,347.0,5,12,1,-526.59
7600,355,104.0,1,9,0,-769.4
7601,77,600.0,1,4,0,-273.67
7602,360,387.0,0,6,0,-486.4
7603,264,359.0,1,10,0,-514.49
7604,319,1059.0,2,6,0,185.56
7605,248,129.0,3,4,0,-744.5
7606,254,101.0,3,8,0,-772.5
7607,311,757.0,2,3,0,-116.44
7608,225,280.0,5,7,0,-593.53
7609,252,1035.0,2,3,0,161.5
7610,170,433.0,4,7,1,-440.58
7611,34,3747.0,3,6,1,2873.29
7612,126,344.0,3,6,0,-529.62
7613,40,553.0,0,7,0,-320.71
7614,55,229.0,0,7,1,-644.69
7615,134,1283.0,2,12,0,409.38
7616,161,405.0,2,8,0,-468.59
7617,65,3100.0,1,9,0,2226.32
7618,71,335.0,0,6,0,-538.68
7619,308,284.0,3,10,0,-589.45
7620,103,1034.0,3,4,1,160.36
7621,126,1002.0,3,7,0,128.38
7622,172,299.0,3,8,0,-574.58
7623,153,63.0,4,8,0,-810.6
7624,121,156.0,2,5,1,-717.63
7625,159,838.0,1,6,1,-35.59
7626,218,130.0,1,3,0,-743.53
7627,156,77.0,3,6,0,-796.59
7628,320,133.0,2,9,0,-740.44
7629,235,355.0,1,4,0,-518.52
7630,61,800.0,0,6,0,-73.68
7631,110,4399.0,4,7,1,3525.36
7632,213,108.0,3,6,0,-765.54
7633,350,967.0,3,7,0,93.59
7634,78,223.0,1,4,0,-650.67
7635,280,2517.0,3,6,0,1643.53
7636,71,216.0,5,2,0,-657.67
7637,286,1205.0,1,7,1,331.53
7638,168,330.0,2,4,0,-543.58
7639,348,326.0,2,5,0,-547.41
7640,350,164.0,3,11,0,-709.41
7641,282,2505.0,1,9,1,1631.53
7642,234,447.0,2,8,0,-426.52
7643,211,2291.0,1,4,0,1417.46
7644,96,3816.0,1,5,0,2942.35
7645,75,168.0,2,5,0,-705.67
7646,355,210.0,3,3,1,-663.4
7647,213,300.0,0,5,0,-573.54
7648,192,217.0,1,3,0,-656.56
7649,38,1024.0,2,10,1,150.29
7650,213,889.0,0,5,0,15.46
7651,26,5568.0,1,2,1,4694.28
7652,78,688.0,1,8,0,-185.67
7653,240,1906.0,3,9,1,1032.49
7654,236,743.0,2,7,1,-130.52
7655,25,167.0,2,6,1,-706.72
7656,175,553.0,2,4,1,-320.57
7657,216,92.0,3,8,0,-781.54
7658,15,488.0,3,9,1,-385.73
7659,229,217.0,2,6,0,-656.52
7660,248,241.0,5,6,0,-632.5
7661,337,172.0,1,5,0,-701.42
7662,211,3127.0,3,5,0,2253.46
7663,111,1605.0,0,5,1,731.36
7664,230,1494.0,2,5,1,620.48
7665,235,129.0,1,9,1,-744.52
7666,268,1879.0,1,5,0,1005.51
7667,244,31.0,3,7,1,-842.51
7668,70,951.0,1,12,1,77.32
7669,42,2287.0,3,6,1,1413.3
7670,217,114.0,2,4,0,-759.53
7671,343,890.0,1,7,0,16.59
7672,173,87.0,0,5,0,-786.58
7673,215,408.0,1,4,0,-465.54
7674,13,857.0,0,0,0,-16.73
7675,315,214.0,0,3,0,-659.44
7676,272,1064.0,1,3,0,190.52
7677,306,610.0,1,7,0,-263.45
7678,349,205.0,2,5,0,-668.41
7679,243,184.0,1,8,0,-689.51
7680,204,3438.0,1,2,0,2564.45
7681,253,356.0,2,3,1,-517.5
7682,17,546.0,1,6,0,-327.73
7683,260,1394.0,0,8,0,520.51
7684,5,622.0,0,7,0,-251.74
7685,174,428.0,2,3,1,-445.58
7686,208,1033.0,2,4,1,159.46
7687,40,574.0,2,3,1,-299.7
7688,306,248.0,3,8,1,-625.45
7689,71,948.0,0,6,0,74.32
7690,249,757.0,0,5,0,-116.5
7691,81,564.0,1,5,0,-309.67
7692,263,328.0,2,4,0,-545.49
7693,79,199.0,0,10,0,-674.67
7694,346,276.0,0,2,0,-597.41
7695,83,59.0,2,10,0,-814.66
7696,23,360.0,1,9,1,-513.72
7697,160,1280.0,3,6,0,406.41
7698,41,1007.0,2,2,1,133.3
7699,199,84.0,0,5,0,-789.55
7700,219,183.0,5,6,1,-690.53
7701,71,886.0,3,6,0,12.32
7702,309,342.0,4,6,0,-531.45
7703,263,253.0,2,4,0,-620.49
7704,25,730.0,1,8,1,-143.72
7705,137,3164.0,1,9,1,2290.39
7706,337,1527.0,1,6,0,653.58
7707,52,127.0,1,5,0,-746.69
7708,151,4412.0,1,6,0,3538.4
7709,79,526.0,0,4,0,-347.67
7710,261,311.0,2,9,0,-562.49
7711,277,467.0,0,5,0,-406.48
7712,281,1120.0,2,10,0,246.53
7713,364,527.0,0,1,0,-346.39
7714,294,890.0,1,9,0,16.54
7715,99,22.0,1,9,0,-851.65
7716,301,201.0,1,6,0,-672.45
7717,200,2317.0,3,6,1,1443.45
7718,168,414.0,3,5,0,-459.58
7719,82,1030.0,3,6,0,156.34
7720,190,1660.0,1,7,0,786.44
7721,147,1211.0,2,5,1,337.4
7722,81,335.0,0,4,0,-538.67
7723,41,200.0,1,11,1,-673.7
7724,317,252.0,4,8,1,-621.44
7725,114,398.0,3,9,1,-475.63
7726,222,1922.0,2,7,0,1048.47
7727,263,861.0,0,6,0,-12.49
7728,108,293.0,2,4,1,-580.64
7729,194,3488.0,5,6,1,2614.44
7730,284,178.0,3,9,0,-695.47
7731,94,170.0,2,5,0,-703.65
7732,105,180.0,1,4,0,-693.64
7733,58,498.0,1,7,0,-375.69
7734,295,1221.0,5,10,0,347.54
7735,21,829.0,3,7,0,-44.72
7736,95,492.0,4,3,1,-381.65
7737,229,5463.0,0,6,0,4589.47
7738,132,784.0,2,4,0,-89.62
7739,239,1366.0,0,6,0,492.49
7740,356,80.0,3,6,0,-793.4
7741,277,133.0,1,6,0,-740.48
7742,156,491.0,1,4,0,-382.59
7743,180,246.0,3,6,0,-627.57
7744,215,691.0,1,3,0,-182.54
7745,203,560.0,1,6,0,-313.55
7746,241,153.0,3,5,0,-720.51
7747,222,808.0,0,4,0,-65.53
7748,131,529.0,3,7,0,-344.62
7749,20,241.0,2,8,0,-632.72
7750,195,177.0,3,5,1,-696.56
7751,42,420.0,3,3,1,-453.7
7752,97,103.0,1,7,0,-770.65
7753,105,1580.0,4,4,0,706.36
7754,131,66.0,0,6,0,-807.62
7755,134,606.0,1,3,0,-267.61
7756,17,390.0,0,4,0,-483.73
7757,184,398.0,3,6,0,-475.57
7758,149,64.0,0,6,0,-809.6
7759,20,744.0,3,6,1,-129.72
7760,73,2606.0,0,10,0,1732.33
7761,354,411.0,0,6,0,-462.4
7762,359,264.0,2,4,0,-609.4
7763,26,126.0,1,8,0,-747.72
7764,79,378.0,1,7,1,-495.67
7765,98,322.0,2,10,1,-551.65
7766,20,686.0,1,4,0,-187.72
7767,81,1276.0,0,7,0,402.33
7768,215,390.0,1,7,0,-483.54
7769,233,686.0,2,8,1,-187.52
7770,329,510.0,5,6,1,-363.43
7771,259,464.0,1,3,0,-409.49
7772,95,1820.0,2,5,0,946.35
7773,267,133.0,2,4,0,-740.49
7774,2,601.0,1,5,0,-272.74
7775,270,2588.0,2,4,0,1714.52
7776,182,1158.0,3,6,1,284.43
7777,236,269.0,3,7,1,-604.52
7778,354,3068.0,2,5,0,2194.6
7779,38,771.0,3,9,1,-102.71
7780,221,3102.0,2,6,0,2228.47
7781,215,1415.0,0,3,0,541.46
7782,145,194.0,1,7,0,-679.6
7783,356,231.0,4,7,1,-642.4
7784,26,1416.0,2,4,0,542.28
7785,245,598.0,1,2,0,-275.51
7786,264,95.0,3,10,0,-778.49
7787,343,1457.0,3,6,1,583.59
7788,207,765.0,1,6,0,-108.54
7789,260,449.0,2,5,0,-424.49
7790,272,1065.0,0,7,0,191.52
7791,169,177.0,3,8,0,-696.58
7792,322,431.0,1,6,0,-442.43
7793,318,825.0,4,8,0,-48.44
7794,353,198.0,2,6,0,-675.4
7795,219,1046.0,3,6,0,172.47
7796,150,237.0,1,9,1,-636.6
7797,103,52.0,1,5,0,-821.64
7798,113,1647.0,2,6,0,773.36
7799,243,1009.0,2,5,0,135.49
7800,126,1776.0,1,7,1,902.38
7801,279,1483.0,2,4,0,609.52
7802,277,335.0,1,7,0,-538.48
7803,300,4752.0,0,5,0,3878.54
7804,117,115.0,3,9,1,-758.63
7805,2,325.0,2,6,0,-548.74
7806,51,418.0,4,4,1,-455.69
7807,333,772.0,1,5,0,-101.42
7808,324,3459.0,1,8,0,2585.57
7809,176,223.0,5,6,0,-650.57
7810,232,183.0,1,5,1,-690.52
7811,75,533.0,2,1,0,-340.67
7812,180,346.0,5,11,1,-527.57
7813,113,527.0,3,6,0,-346.63
7814,37,648.0,2,7,0,-225.71
7815,190,221.0,7,4,1,-652.56
7816,199,1137.0,2,7,0,263.45
7817,180,681.0,3,5,1,-192.57
7818,259,216.0,1,7,0,-657.49
7819,78,280.0,1,3,0,-593.67
7820,106,358.0,1,6,0,-515.64
7821,232,732.0,1,8,0,-141.52
7822,63,877.0,0,7,0,3.32
7823,291,588.0,1,5,0,-285.46
7824,189,1109.0,4,5,1,235.44
7825,203,194.0,2,3,0,-679.55
7826,119,300.0,0,10,0,-573.63
7827,307,2504.0,6,7,1,1630.55
7828,28,695.0,2,8,0,-178.72
7829,33,703.0,2,7,0,-170.71
7830,18,223.0,1,6,0,-650.73
7831,334,430.0,1,3,0,-443.42
7832,169,827.0,0,4,0,-46.58
7833,159,256.0,5,6,1,-617.59
7834,297,1342.0,1,5,0,468.54
7835,89,298.0,5,5,1,-575.66
7836,128,1796.0,3,7,0,922.38
7837,177,2668.0,3,4,0,1794.43
7838,220,1722.0,6,5,1,848.47
7839,160,782.0,0,5,0,-91.59
7840,282,484.0,6,8,0,-389.47
7841,43,341.0,1,4,0,-532.7
7842,116,1045.0,4,5,1,171.37
7843,1,98.0,1,4,1,-775.74
7844,252,179.0,4,6,0,-694.5
7845,179,522.0,0,5,0,-351.57
7846,322,168.0,4,6,0,-705.43
7847,127,450.0,2,6,1,-423.62
7848,150,200.0,1,7,1,-673.6
7849,177,720.0,3,4,1,-153.57
7850,309,225.0,3,8,1,-648.45
7851,354,407.0,3,10,0,-466.4
7852,47,427.0,2,8,1,-446.7
7853,13,367.0,2,5,0,-506.73
7854,167,389.0,2,6,0,-484.58
7855,292,198.0,1,8,0,-675.46
7856,35,1464.0,2,5,0,590.29
7857,158,262.0,5,10,1,-611.59
7858,284,332.0,3,4,0,-541.47
7859,328,172.0,3,6,0,-701.43
7860,358,69.0,4,4,0,-804.4
7861,110,496.0,2,5,0,-377.64
7862,70,269.0,0,5,1,-604.68
7863,57,212.0,0,4,0,-661.69
7864,337,118.0,5,4,0,-755.42
7865,77,234.0,0,6,0,-639.67
7866,103,1159.0,0,3,0,285.36
7867,40,1173.0,1,6,0,299.29
7868,54,784.0,3,8,1,-89.69
7869,280,145.0,3,11,0,-728.47
7870,265,1474.0,1,9,0,600.51
7871,301,1835.0,4,8,1,961.55
7872,289,152.0,3,5,0,-721.46
7873,270,405.0,1,2,0,-468.48
7874,197,378.0,1,2,0,-495.55
7875,136,3033.0,2,6,1,2159.39
7876,254,775.0,3,8,1,-98.5
7877,281,467.0,1,4,0,-406.47
7878,299,1037.0,3,6,1,163.54
7879,109,1841.0,3,4,0,967.36
7880,71,2660.0,3,7,0,1786.32
7881,270,1072.0,2,6,0,198.52
7882,24,613.0,3,5,0,-260.72
7883,360,70.0,3,3,0,-803.4
7884,306,1099.0,2,4,0,225.55
7885,29,158.0,1,7,0,-715.72
7886,169,3089.0,1,8,0,2215.42
7887,321,463.0,1,7,1,-410.43
7888,276,488.0,1,12,0,-385.48
7889,350,708.0,4,7,0,-165.41
7890,109,482.0,1,8,0,-391.64
7891,357,1019.0,2,10,0,145.6
7892,231,66.0,1,5,0,-807.52
7893,191,445.0,2,4,0,-428.56
7894,52,1529.0,1,3,0,655.31
7895,254,1538.0,5,6,1,664.5
7896,327,58.0,3,6,0,-815.43
7897,68,528.0,0,4,0,-345.68
7898,109,243.0,1,4,0,-630.64
7899,87,1197.0,0,3,0,323.34
7900,23,260.0,0,6,1,-613.72
7901,218,2902.0,1,7,0,2028.47
7902,39,237.0,3,4,0,-636.71
7903,230,1394.0,5,6,0,520.48
7904,208,343.0,3,6,1,-530.54
7905,64,2907.0,6,4,1,2033.32
7906,126,1623.0,3,2,0,749.38
7907,246,963.0,4,3,0,89.49
7908,356,159.0,4,9,0,-714.4
7909,216,44.0,3,4,0,-829.54
7910,85,280.0,4,10,0,-593.66
7911,10,1438.0,1,8,0,564.27
7912,352,255.0,1,7,0,-618.4
7913,152,512.0,1,5,1,-361.6
7914,243,1437.0,3,13,0,563.49
7915,175,1636.0,3,4,0,762.42
7916,168,1189.0,2,7,1,315.42
7917,146,796.0,3,8,0,-77.6
7918,18,1144.0,1,6,0,270.27
7919,125,567.0,1,7,0,-306.62
7920,47,3054.0,2,5,0,2180.3
7921,185,2955.0,1,6,0,2081.43
7922,86,404.0,2,9,0,-469.66
7923,333,213.0,2,4,0,-660.42
7924,61,527.0,1,9,0,-346.68
7925,116,2111.0,2,8,0,1237.37
7926,164,203.0,1,5,0,-670.59
7927,87,274.0,4,5,0,-599.66
7928,356,1017.0,2,6,0,143.6
7929,56,1211.0,1,5,0,337.31
7930,127,255.0,1,13,1,-618.62
7931,303,3887.0,1,6,0,3013.55
7932,198,100.0,3,3,1,-773.55
7933,290,1564.0,2,6,0,690.54
7934,42,743.0,0,8,0,-130.7
7935,309,1530.0,3,6,0,656.55
7936,143,146.0,0,5,0,-727.61
7937,16,615.0,5,8,1,-258.73
7938,21,523.0,3,7,0,-350.72
7939,145,187.0,2,7,0,-686.6
7940,221,645.0,1,7,0,-228.53
7941,187,531.0,0,8,1,-342.56
7942,155,127.0,2,1,0,-746.59
7943,40,1076.0,0,6,0,202.29
7944,30,1959.0,1,2,0,1085.28
7945,27,4683.0,3,8,1,3809.28
7946,37,849.0,2,10,0,-24.71
7947,244,1171.0,5,10,1,297.49
7948,140,388.0,1,5,0,-485.61
7949,60,42.0,1,5,0,-831.69
7950,27,103.0,3,6,0,-770.72
7951,309,156.0,1,8,0,-717.45
7952,272,756.0,4,10,1,-117.48
7953,354,971.0,3,11,1,97.6
7954,198,633.0,0,7,1,-240.55
7955,217,972.0,1,3,0,98.47
7956,357,280.0,3,8,0,-593.4
7957,245,259.0,2,9,1,-614.51
7958,246,2332.0,2,5,0,1458.49
7959,203,108.0,2,6,0,-765.55
7960,217,510.0,0,4,0,-363.53
7961,83,160.0,0,3,0,-713.66
7962,296,274.0,4,3,1,-599.46
7963,259,811.0,1,3,0,-62.49
7964,156,924.0,1,6,0,50.41
7965,81,226.0,0,5,0,-647.67
7966,346,292.0,1,3,0,-581.41
7967,73,100.0,5,6,0,-773.67
7968,281,118.0,2,7,0,-755.47
7969,74,164.0,4,7,0,-709.67
7970,32,826.0,0,2,0,-47.71
7971,171,3379.0,2,8,0,2505.42
7972,203,938.0,3,4,1,64.45
7973,11,1583.0,3,6,1,709.27
7974,200,574.0,3,9,0,-299.55
7975,123,1841.0,2,5,0,967.37
7976,107,800.0,3,4,0,-73.64
7977,81,684.0,3,3,0,-189.67
7978,331,87.0,1,5,0,-786.42
7979,113,3778.0,2,3,1,2904.36
7980,143,889.0,1,5,1,15.39
7981,203,1634.0,1,4,0,760.45
7982,224,547.0,1,1,0,-326.53
7983,123,4555.0,1,4,0,3681.37
7984,336,1666.0,2,3,1,792.58
7985,99,2349.0,1,6,0,1475.35
7986,177,1973.0,3,8,1,1099.43
7987,186,1225.0,3,6,0,351.44
7988,40,385.0,1,5,0,-488.7
7989,298,721.0,0,5,0,-152.46
7990,206,2042.0,2,10,1,1168.45
7991,303,255.0,3,7,0,-618.45
7992,153,293.0,3,6,0,-580.6
7993,53,319.0,2,9,0,-554.69
7994,45,403.0,0,8,0,-470.7
7995,72,1550.0,1,2,1,676.33
7996,273,2498.0,3,6,1,1624.52
7997,39,1009.0,1,7,0,135.29
7998,238,542.0,0,3,0,-331.51
7999,221,2594.0,0,4,0,1720.47
8000,22,481.0,2,5,0,-392.72
8001,252,2056.0,0,3,0,1182.5
8002,248,213.0,0,6,0,-660.5
8003,277,117.0,3,6,0,-756.48
8004,93,1505.0,5,7,0,631.35
8005,218,184.0,0,7,0,-689.53
8006,163,768.0,6,8,1,-105.59
8007,351,2690.0,1,11,0,1816.59
8008,333,158.0,2,1,1,-715.42
8009,90,543.0,2,5,0,-330.66
8010,83,137.0,2,4,1,-736.66
8011,323,195.0,5,6,1,-678.43
8012,357,984.0,3,2,0,110.6
8013,5,368.0,4,4,1,-505.74
8014,349,277.0,2,5,1,-596.41
8015,44,184.0,1,8,0,-689.7
8016,344,74.0,1,4,0,-799.41
8017,245,212.0,3,7,0,-661.51
8018,168,127.0,0,5,0,-746.58
8019,358,4206.0,3,9,0,3332.6
8020,104,863.0,0,6,0,-10.64
8021,261,338.0,1,11,0,-535.49
8022,261,1718.0,7,2,0,844.51
8023,87,2903.0,2,8,0,2029.34
8024,80,433.0,1,5,0,-440.67
8025,220,1940.0,0,8,0,1066.47
8026,35,229.0,1,5,1,-644.71
8027,100,533.0,0,1,0,-340.65
8028,289,255.0,1,9,0,-618.47
8029,328,916.0,0,7,0,42.57
8030,5,309.0,1,7,0,-564.74
8031,240,153.0,3,8,0,-720.51
8032,338,698.0,1,3,0,-175.42
8033,189,132.0,1,11,0,-741.56
8034,119,299.0,0,4,0,-574.63
8035,308,1291.0,1,3,0,417.55
8036,114,305.0,3,5,1,-568.63
8037,178,145.0,1,8,0,-728.57
8038,114,700.0,7,7,1,-173.63
8039,101,1505.0,1,4,1,631.35
8040,143,41.0,2,7,0,-832.61
8041,46,36.0,2,4,1,-837.7
8042,307,141.0,2,5,0,-732.45
8043,176,2062.0,1,2,0,1188.43
8044,75,78.0,3,2,0,-795.67
8045,161,1348.0,1,4,0,474.41
8046,209,279.0,0,6,0,-594.54
8047,199,106.0,3,3,0,-767.55
8048,271,129.0,2,7,0,-744.48
8049,111,251.0,1,7,0,-622.64
8050,159,1615.0,1,6,0,741.41
8051,308,149.0,4,6,0,-724.45
8052,245,342.0,0,5,0,-531.51
8053,95,879.0,0,7,1,5.35
8054,67,45.0,3,8,1,-828.68
8055,267,452.0,2,7,1,-421.49
8056,117,420.0,6,9,1,-453.63
8057,188,337.0,2,4,0,-536.56
8058,199,96.0,4,3,1,-777.55
8059,298,555.0,2,7,0,-318.46
8060,197,57.0,2,7,0,-816.55
8061,258,222.0,0,4,0,-651.49
8062,190,275.0,1,14,0,-598.56
8063,354,277.0,1,4,0,-596.4
8064,73,188.0,3,4,1,-685.67
8065,44,1357.0,3,3,0,483.3
8066,278,856.0,0,4,0,-17.48
8067,363,1411.0,0,4,0,537.61
8068,12,1128.0,2,4,0,254.27
8069,151,1675.0,3,4,0,801.4
8070,320,768.0,1,8,0,-105.44
8071,189,3540.0,2,4,1,2666.44
8072,19,454.0,2,3,0,-419.73
8073,360,2186.0,1,5,0,1312.6
8074,11,963.0,2,10,0,89.27
8075,22,271.0,0,8,0,-602.72
8076,309,271.0,0,5,0,-602.45
8077,99,432.0,2,5,0,-441.65
8078,141,405.0,6,4,1,-468.61
8079,230,410.0,3,3,0,-463.52
8080,43,1381.0,2,8,0,507.3
8081,41,781.0,0,4,0,-92.7
8082,138,947.0,2,6,0,73.39
8083,187,478.0,2,7,0,-395.56
8084,144,555.0,0,5,0,-318.6
8085,335,854.0,3,6,0,-19.42
8086,133,179.0,4,5,0,-694.62
8087,205,263.0,3,4,0,-610.55
8088,343,833.0,3,5,1,-40.41
8089,271,723.0,2,4,0,-150.48
8090,177,1332.0,2,8,0,458.43
8091,232,634.0,2,10,0,-239.52
8092,274,511.0,0,7,0,-362.48
8093,85,181.0,3,6,1,-692.66
8094,284,579.0,3,7,0,-294.47
8095,251,202.0,2,8,1,-671.5
8096,182,166.0,1,6,1,-707.57
8097,77,260.0,4,10,0,-613.67
8098,159,24.0,3,5,0,-849.59
8099,361,566.0,2,3,0,-307.4
8100,218,358.0,4,9,0,-515.53
8101,212,1180.0,0,5,0,306.46
8102,122,2271.0,2,5,0,1397.37
8103,322,148.0,1,6,0,-725.43
8104,268,94.0,3,6,0,-779.49
8105,272,625.0,2,5,0,-248.48
8106,70,468.0,4,8,0,-405.68
8107,347,45.0,2,7,0,-828.41
8108,210,443.0,0,6,0,-430.54
8109,249,718.0,1,8,0,-155.5
8110,14,3327.0,0,9,0,2453.27
8111,184,408.0,1,7,1,-465.57
8112,34,456.0,0,11,0,-417.71
8113,3,108.0,1,6,1,-765.74
8114,343,296.0,1,7,0,-577.41
8115,115,267.0,2,10,1,-606.63
8116,61,171.0,3,5,1,-702.68
8117,351,1576.0,4,6,0,702.59
8118,258,2347.0,3,5,0,1473.5
8119,56,839.0,0,4,0,-34.69
8120,162,409.0,1,6,0,-464.59
8121,275,1252.0,1,6,0,378.52
8122,88,470.0,1,7,0,-403.66
8123,43,750.0,3,5,1,-123.7
8124,145,392.0,3,3,0,-481.6
8125,235,475.0,1,9,0,-398.52
8126,86,348.0,1,5,0,-525.66
8127,229,980.0,3,8,1,106.48
8128,10,852.0,3,13,0,-21.73
8129,351,469.0,1,11,0,-404.41
8130,309,861.0,1,2,0,-12.45
8131,141,869.0,2,11,1,-4.61
8132,88,3154.0,0,10,0,2280.34
8133,350,571.0,1,6,0,-302.41
8134,211,943.0,1,5,1,69.46
8135,279,1067.0,4,4,0,193.52
8136,352,338.0,4,7,0,-535.4
8137,324,70.0,1,9,0,-803.43
8138,312,1543.0,4,5,1,669.56
8139,28,375.0,2,8,0,-498.72
8140,226,1848.0,2,7,0,974.47
8141,133,317.0,1,8,0,-556.62
8142,128,464.0,3,3,0,-409.62
8143,184,121.0,7,7,1,-752.57
8144,195,466.0,4,5,1,-407.56
8145,53,2844.0,3,5,1,1970.31
8146,91,114.0,3,6,1,-759.66
8147,110,150.0,3,6,1,-723.64
8148,273,1502.0,0,11,0,628.52
8149,225,740.0,1,3,1,-133.53
8150,77,2610.0,4,13,1,1736.33
8151,43,2191.0,2,5,0,1317.3
8152,361,253.0,1,8,0,-620.4
8153,228,107.0,2,8,0,-766.52
8154,150,289.0,0,6,0,-584.6
8155,147,1310.0,1,5,0,436.4
8156,188,391.0,3,6,0,-482.56
8157,288,742.0,4,5,1,-131.47
8158,227,128.0,2,9,0,-745.52
8159,330,1163.0,1,6,0,289.57
8160,228,656.0,2,5,0,-217.52
8161,243,307.0,1,5,0,-566.51
8162,288,650.0,7,10,1,-223.47
8163,25,400.0,0,6,0,-473.72
8164,326,148.0,0,9,0,-725.43
8165,14,1245.0,0,2,0,371.27
8166,289,393.0,2,4,0,-480.47
8167,304,14.0,1,2,0,-859.45
8168,184,111.0,3,7,0,-762.57
8169,277,245.0,3,6,0,-628.48
8170,51,1047.0,4,6,1,173.31
8171,289,377.0,1,5,0,-496.47
8172,114,811.0,4,1,0,-62.63
8173,276,2202.0,3,7,1,1328.52
8174,98,295.0,1,7,0,-578.65
8175,244,1842.0,2,4,0,968.49
8176,288,350.0,3,7,0,-523.47
8177,61,1133.0,2,6,0,259.31
8178,26,356.0,4,6,1,-517.72
8179,21,6000.0,2,5,0,5126.27
8180,303,6000.0,1,8,0,5126.55
8181,210,494.0,1,4,0,-379.54
8182,172,336.0,2,6,0,-537.58
8183,113,445.0,1,4,0,-428.63
8184,75,2579.0,2,5,1,1705.33
8185,213,1450.0,0,6,0,576.46
8186,66,460.0,2,7,0,-413.68
8187,50,3340.0,1,3,0,2466.3
8188,85,78.0,0,5,0,-795.66
8189,45,103.0,1,5,0,-770.7
8190,338,379.0,5,6,1,-494.42
8191,29,206.0,1,4,1,-667.72
8192,170,1301.0,0,5,0,427.42
8193,272,809.0,3,8,0,-64.48
8194,168,1098.0,0,6,0,224.42
8195,354,2057.0,1,5,0,1183.6
8196,240,277.0,0,7,0,-596.51
8197,195,740.0,3,9,1,-133.56
8198,207,1210.0,2,3,0,336.46
8199,14,124.0,2,9,1,-749.73
8200,105,987.0,4,8,1,113.36
8201,298,423.0,0,4,0,-450.46
8202,91,580.0,0,1,0,-293.66
8203,178,948.0,1,4,0,74.43
8204,242,1127.0,3,6,1,253.49
8205,178,1182.0,3,8,0,308.43
8206,248,1032.0,1,5,0,158.5
8207,274,1674.0,0,8,0,800.52
8208,344,292.0,6,3,1,-581.41
8209,176,132.0,2,12,1,-741.57
8210,351,1978.0,3,3,0,1104.59
8211,248,386.0,6,6,1,-487.5
8212,296,134.0,2,3,0,-739.46
8213,124,1370.0,1,5,0,496.38
8214,234,350.0,2,10,1,-523.52
8215,183,195.0,2,8,0,-678.57
8216,137,162.0,2,3,0,-711.61
8217,157,582.0,1,8,0,-291.59
8218,3,424.0,1,3,0,-449.74
8219,181,90.0,1,4,0,-783.57
8220,22,107.0,7,10,1,-766.72
8221,243,340.0,2,12,0,-533.51
8222,173,245.0,2,6,0,-628.58
8223,147,233.0,2,4,0,-640.6
8224,249,676.0,1,10,0,-197.5
8225,347,273.0,3,9,0,-600.41
8226,109,112.0,2,7,0,-761.64
8227,35,1175.0,1,2,0,301.29
8228,308,906.0,1,5,0,32.55
8229,44,1683.0,3,5,1,809.3
8230,231,131.0,1,6,1,-742.52
8231,105,102.0,2,6,0,-771.64
8232,159,213.0,3,6,1,-660.59
8233,33,270.0,2,11,1,-603.71
8234,147,74.0,5,5,1,-799.6
8235,341,221.0,2,5,0,-652.41
8236,268,1101.0,1,1,0,227.51
8237,140,2235.0,1,8,1,1361.39
8238,17,807.0,2,8,0,-66.73
8239,281,731.0,1,6,0,-142.47
8240,196,53.0,3,3,0,-820.55
8241,266,404.0,3,6,0,-469.49
8242,266,182.0,1,10,0,-691.49
8243,281,111.0,6,13,1,-762.47
8244,229,3645.0,2,2,0,2771.48
8245,151,5926.0,1,6,1,5052.4
8246,188,300.0,0,4,0,-573.56
8247,168,337.0,2,7,0,-536.58
8248,75,43.0,1,4,0,-830.67
8249,168,3371.0,2,8,0,2497.42
8250,286,1108.0,2,5,0,234.53
8251,113,391.0,0,8,0,-482.63
8252,209,486.0,1,9,1,-387.54
8253,276,591.0,2,7,1,-282.48
8254,291,161.0,1,5,0,-712.46
8255,170,398.0,3,7,1,-475.58
8256,172,63.0,0,6,0,-810.58
8257,157,827.0,0,4,0,-46.59
8258,158,6000.0,2,9,0,5126.41
8259,317,272.0,2,5,0,-601.44
8260,155,92.0,3,6,1,-781.59
8261,314,1399.0,2,7,0,525.56
8262,115,546.0,3,15,1,-327.63
8263,284,1728.0,1,8,0,854.53
8264,92,1063.0,2,0,1,189.35
8265,29,466.0,0,3,0,-407.72
8266,36,1079.0,3,9,1,205.29
8267,303,190.0,2,9,0,-683.45
8268,57,1179.0,1,7,0,305.31
8269,313,1111.0,2,6,0,237.56
8270,359,714.0,1,7,0,-159.4
8271,173,1163.0,3,7,1,289.42
8272,49,421.0,2,7,0,-452.7
8273,68,272.0,3,11,1,-601.68
8274,65,621.0,2,4,1,-252.68
8275,364,110.0,5,10,1,-763.39
8276,212,164.0,2,3,0,-709.54
8277,243,42.0,2,8,0,-831.51
8278,25,292.0,1,12,0,-581.72
8279,345,111.0,1,5,0,-762.41
8280,98,3272.0,1,2,0,2398.35
8281,195,814.0,2,1,0,-59.56
8282,63,401.0,1,4,1,-472.68
8283,289,715.0,1,4,0,-158.47
8284,165,91.0,1,7,0,-782.58
8285,203,495.0,2,12,0,-378.55
8286,9,992.0,1,6,0,118.26
8287,69,528.0,0,7,1,-345.68
8288,296,2234.0,3,8,0,1360.54
8289,186,223.0,3,7,0,-650.56
8290,333,284.0,1,6,0,-589.42
8291,158,3523.0,2,7,1,2649.41
8292,352,524.0,1,4,0,-349.4
8293,191,93.0,3,7,0,-780.56
8294,9,430.0,1,8,0,-443.73
8295,78,619.0,2,5,1,-254.67
8296,192,1673.0,2,7,0,799.44
8297,43,468.0,1,7,0,-405.7
8298,222,119.0,2,3,0,-754.53
8299,346,697.0,5,4,1,-176.41
8300,199,253.0,1,8,0,-620.55
8301,98,111.0,1,2,0,-762.65
8302,17,485.0,2,3,0,-388.73
8303,263,4424.0,0,5,0,3550.51
8304,102,281.0,4,5,0,-592.65
8305,184,350.0,1,2,0,-523.57
8306,130,692.0,1,5,0,-181.62
8307,339,834.0,1,3,0,-39.42
8308,31,360.0,1,4,0,-513.71
8309,351,553.0,2,7,0,-320.41
8310,154,638.0,1,2,0,-235.6
8311,63,2835.0,4,9,0,1961.32
8312,111,1446.0,1,10,0,572.36
8313,343,3569.0,2,10,0,2695.59
8314,255,965.0,3,5,0,91.5
8315,41,568.0,1,7,0,-305.7
8316,279,942.0,3,4,0,68.53
8317,8,1150.0,0,1,0,276.26
8318,164,265.0,3,4,1,-608.59
8319,178,607.0,3,10,1,-266.57
8320,93,929.0,0,6,0,55.35
8321,292,401.0,2,7,0,-472.46
8322,216,820.0,3,7,0,-53.54
8323,351,206.0,1,5,0,-667.41
8324,48,462.0,1,8,0,-411.7
8325,322,84.0,0,11,0,-789.43
8326,43,333.0,1,9,0,-540.7
8327,36,119.0,4,6,0,-754.71
8328,301,3377.0,2,8,0,2503.54
8329,338,6000.0,5,6,0,5126.58
8330,72,575.0,1,9,0,-298.67
8331,32,141.0,1,5,0,-732.71
8332,113,1095.0,4,4,0,221.37
8333,318,307.0,2,3,0,-566.44
8334,330,870.0,0,5,0,-3.43
8335,106,1550.0,1,8,0,676.36
8336,177,48.0,4,8,0,-825.57
8337,114,3215.0,1,5,0,2341.37
8338,188,239.0,1,6,0,-634.56
8339,121,626.0,0,5,0,-247.63
8340,99,468.0,0,6,0,-405.65
8341,147,75.0,3,7,1,-798.6
8342,251,495.0,3,6,1,-378.5
8343,94,369.0,4,0,1,-504.65
8344,265,610.0,0,5,0,-263.49
8345,296,823.0,1,6,0,-50.46
8346,184,574.0,1,12,0,-299.57
8347,305,841.0,2,9,0,-32.45
8348,344,1105.0,1,6,0,231.59
8349,312,53.0,2,9,0,-820.44
8350,60,278.0,4,5,0,-595.69
8351,270,673.0,2,7,1,-200.48
8352,173,471.0,4,10,1,-402.58
8353,273,219.0,8,8,1,-654.48
8354,262,150.0,4,2,1,-723.49
8355,36,579.0,1,1,0,-294.71
8356,347,2041.0,2,9,0,1167.59
8357,271,2406.0,0,5,0,1532.52
8358,46,378.0,2,5,1,-495.7
8359,333,3420.0,2,7,0,2546.58
8360,231,686.0,1,9,0,-187.52
8361,165,3219.0,3,8,0,2345.41
8362,302,431.0,6,5,0,-442.45
8363,2,45.0,5,5,1,-828.74
8364,202,3037.0,0,6,0,2163.45
8365,9,650.0,2,7,0,-223.73
8366,229,114.0,4,5,0,-759.52
8367,192,500.0,3,5,1,-373.56
8368,139,485.0,0,5,0,-388.61
8369,204,125.0,3,8,0,-748.55
8370,220,1366.0,2,9,0,492.47
8371,70,396.0,3,5,1,-477.68
8372,48,333.0,1,2,0,-540.7
8373,299,535.0,3,6,0,-338.46
8374,83,126.0,2,3,0,-747.66
8375,278,6000.0,1,8,1,5126.52
8376,111,1078.0,2,7,0,204.36
8377,89,493.0,1,7,0,-380.66
8378,356,226.0,0,7,0,-647.4
8379,214,1995.0,3,1,0,1121.46
8380,276,3843.0,1,5,0,2969.52
8381,314,203.0,4,8,1,-670.44
8382,40,71.0,3,9,1,-802.7
8383,350,517.0,2,5,0,-356.41
8384,131,907.0,3,5,1,33.38
8385,295,181.0,2,6,0,-692.46
8386,201,917.0,0,7,1,43.45
8387,34,2124.0,1,10,0,1250.29
8388,79,554.0,1,7,0,-319.67
8389,252,1459.0,1,7,0,585.5
8390,38,1264.0,2,4,0,390.29
8391,102,131.0,2,5,1,-742.65
8392,223,362.0,1,12,0,-511.53
8393,165,366.0,2,6,1,-507.58
8394,9,259.0,1,5,0,-614.73
8395,23,222.0,2,6,1,-651.72
8396,48,1630.0,0,3,0,756.3
8397,173,488.0,5,9,1,-385.58
8398,354,90.0,4,8,1,-783.4
8399,214,30.0,2,5,0,-843.54
8400,13,286.0,3,7,1,-587.73
8401,318,73.0,1,12,0,-800.44
8402,28,1732.0,2,5,0,858.28
8403,70,1011.0,1,6,0,137.32
8404,46,870.0,0,7,0,-3.7
8405,191,263.0,0,7,0,-610.56
8406,68,583.0,2,6,0,-290.68
8407,122,1014.0,0,3,0,140.37
8408,175,2086.0,2,2,1,1212.42
8409,97,193.0,1,9,1,-680.65
8410,175,1510.0,1,4,1,636.42
8411,338,880.0,0,8,1,6.58
8412,255,2197.0,0,4,0,1323.5
8413,133,621.0,2,3,1,-252.62
8414,348,441.0,3,5,0,-432.41
8415,288,1364.0,1,7,0,490.53
8416,164,532.0,4,6,1,-341.59
8417,135,182.0,1,9,0,-691.61
8418,357,616.0,1,6,0,-257.4
8419,84,656.0,1,5,0,-217.66
8420,82,1422.0,3,2,1,548.34
8421,86,316.0,3,7,0,-557.66
8422,250,559.0,2,12,0,-314.5
8423,199,2410.0,4,7,1,1536.45
8424,150,2147.0,2,11,0,1273.4
8425,109,364.0,2,7,1,-509.64
8426,135,1149.0,2,9,1,275.39
8427,264,659.0,2,8,1,-214.49
8428,208,2676.0,2,12,0,1802.46
8429,142,686.0,2,4,0,-187.61
8430,312,1048.0,3,2,0,174.56
8431,175,268.0,0,9,1,-605.57
8432,16,21.0,0,7,0,-852.73
8433,182,371.0,0,8,0,-502.57
8434,218,338.0,2,3,1,-535.53
8435,43,1084.0,2,6,0,210.3
8436,190,6000.0,0,4,0,5126.44
8437,92,104.0,4,10,1,-769.65
8438,210,2115.0,2,3,0,1241.46
8439,294,2713.0,1,7,0,1839.54
8440,294,731.0,2,5,0,-142.46
8441,116,655.0,3,4,0,-218.63
8442,140,723.0,1,3,0,-150.61
8443,215,907.0,2,5,1,33.46
8444,317,6000.0,3,4,0,5126.56
8445,163,937.0,3,7,1,63.41
8446,125,769.0,0,5,0,-104.62
8447,114,578.0,2,10,0,-295.63
8448,127,911.0,3,7,0,37.38
8449,255,261.0,3,7,1,-612.5
8450,250,274.0,0,3,0,-599.5
8451,287,162.0,3,4,0,-711.47
8452,174,953.0,1,6,1,79.42
8453,291,2222.0,0,5,0,1348.54
8454,300,589.0,2,4,0,-284.45
8455,254,592.0,2,9,0,-281.5
8456,65,552.0,2,6,0,-321.68
8457,302,2174.0,2,5,0,1300.55
8458,360,1529.0,1,3,0,655.6
8459,126,526.0,3,14,0,-347.62
8460,66,255.0,2,5,0,-618.68
8461,71,1480.0,3,3,0,606.32
8462,359,126.0,0,5,0,-747.4
8463,188,51.0,2,6,0,-822.56
8464,193,807.0,4,8,1,-66.56
8465,64,209.0,3,7,0,-664.68
8466,351,265.0,0,6,0,-608.41
8467,287,927.0,3,5,1,53.53
8468,205,126.0,2,5,1,-747.55
8469,101,2710.0,0,8,0,1836.35
8470,178,150.0,3,8,0,-723.57
8471,102,788.0,0,3,0,-85.65
8472,155,529.0,2,6,0,-344.59
8473,155,1538.0,2,10,0,664.41
8474,60,1057.0,4,6,1,183.31
8475,235,816.0,4,8,1,-57.52
8476,331,1421.0,4,4,1,547.57
8477,134,373.0,2,7,0,-500.61
8478,115,203.0,1,6,0,-670.63
8479,1,319.0,1,7,0,-554.74
8480,49,1698.0,2,7,0,824.3
8481,98,569.0,3,6,0,-304.65
8482,358,126.0,2,9,0,-747.4
8483,171,734.0,4,3,0,-139.58
8484,298,433.0,1,7,0,-440.46
8485,327,1000.0,0,8,0,126.57
8486,56,4328.0,7,3,1,3454.31
8487,3,136.0,2,6,0,-737.74
8488,75,2431.0,2,4,0,1557.33
8489,88,60.0,1,7,1,-813.66
8490,5,855.0,2,4,0,-18.74
8491,331,660.0,7,4,1,-213.42
8492,269,308.0,1,7,0,-565.48
8493,246,296.0,1,7,0,-577.51
8494,95,97.0,3,10,0,-776.65
8495,27,374.0,1,3,0,-499.72
8496,79,548.0,1,5,0,-325.67
8497,305,262.0,3,7,0,-611.45
8498,9,732.0,0,4,0,-141.73
8499,312,1067.0,5,9,1,193.56
8500,155,3232.0,0,5,1,2358.4
8501,79,848.0,1,4,0,-25.67
8502,97,482.0,3,5,1,-391.65
8503,49,1078.0,3,4,1,204.3
8504,303,2285.0,4,12,1,1411.55
8505,351,1111.0,3,6,0,237.59
8506,10,339.0,2,7,1,-534.73
8507,234,473.0,0,1,0,-400.52
8508,149,612.0,1,4,1,-261.6
8509,99,306.0,1,7,0,-567.65
8510,158,604.0,3,3,0,-269.59
8511,159,679.0,1,4,0,-194.59
8512,2,289.0,5,6,1,-584.74
8513,291,1662.0,2,4,0,788.54
8514,176,3998.0,0,6,0,3124.42
8515,27,559.0,3,4,1,-314.72
8516,206,58.0,3,6,0,-815.54
8517,62,182.0,3,7,1,-691.68
8518,258,263.0,3,8,0,-610.5
8519,229,972.0,0,9,0,98.48
8520,311,163.0,2,8,0,-710.44
8521,151,937.0,5,10,1,63.4
8522,76,554.0,3,4,0,-319.67
8523,34,542.0,1,4,0,-331.71
8524,247,371.0,1,5,0,-502.51
8525,297,1241.0,2,6,0,367.54
8526,140,394.0,2,7,0,-479.61
8527,164,217.0,2,6,1,-656.59
8528,255,479.0,3,6,0,-394.5
8529,200,311.0,1,9,0,-562.55
8530,120,5482.0,1,7,0,4608.37
8531,108,338.0,1,4,0,-535.64
8532,345,954.0,2,5,0,80.59
8533,201,395.0,5,9,1,-478.55
8534,352,1208.0,4,6,1,334.6
8535,250,684.0,4,5,1,-189.5
8536,128,1889.0,2,2,0,1015.38
8537,182,902.0,3,6,0,28.43
8538,267,216.0,4,5,1,-657.49
8539,57,335.0,3,3,0,-538.69
8540,297,1017.0,0,5,0,143.54
8541,177,994.0,0,8,0,120.43
8542,56,198.0,1,6,1,-675.69
8543,156,6000.0,2,5,0,5126.4
8544,198,1781.0,2,6,0,907.45
8545,365,149.0,1,6,0,-724.39
8546,320,248.0,3,12,0,-625.44
8547,101,908.0,0,7,0,34.35
8548,341,4505.0,1,6,0,3631.58
8549,186,259.0,4,3,0,-614.56
8550,287,88.0,1,10,0,-785.47
8551,270,70.0,0,3,0,-803.48
8552,285,274.0,4,11,1,-599.47
8553,314,24.0,2,6,0,-849.44
8554,356,138.0,3,11,1,-735.4
8555,189,1391.0,0,9,0,517.44
8556,338,67.0,2,3,0,-806.42
8557,242,348.0,2,6,0,-525.51
8558,201,808.0,1,4,0,-65.55
8559,283,1630.0,0,7,0,756.53
8560,285,289.0,3,7,0,-584.47
8561,350,1003.0,3,10,0,129.59
8562,30,1086.0,0,12,0,212.28
8563,168,360.0,3,3,0,-513.58
8564,234,1224.0,0,6,0,350.48
8565,224,95.0,2,8,0,-778.53
8566,6,2025.0,1,7,0,1151.26
8567,69,117.0,3,6,0,-756.68
8568,126,605.0,0,4,0,-268.62
8569,356,2422.0,2,1,0,1548.6
8570,35,2721.0,2,2,1,1847.29
8571,231,2544.0,2,2,0,1670.48
8572,90,4770.0,3,7,0,3896.34
8573,269,82.0,1,7,0,-791.48
8574,302,599.0,2,4,1,-274.45
8575,291,186.0,0,8,0,-687.46
8576,331,379.0,1,4,0,-494.42
8577,286,98.0,1,6,0,-775.47
8578,97,371.0,3,4,0,-502.65
8579,192,524.0,1,7,0,-349.56
8580,346,3304.0,2,5,1,2430.59
8581,214,1148.0,3,6,0,274.46
8582,220,730.0,2,4,0,-143.53
8583,132,1218.0,3,1,0,344.38
8584,218,89.0,3,3,0,-784.53
8585,163,1919.0,3,4,1,1045.41
8586,364,4583.0,0,5,0,3709.61
8587,180,531.0,3,4,0,-342.57
8588,209,1866.0,2,8,0,992.46
8589,124,334.0,1,8,0,-539.62
8590,199,3295.0,2,4,0,2421.45
8591,60,3228.0,1,7,0,2354.31
8592,177,508.0,0,4,0,-365.57
8593,44,250.0,2,4,0,-623.7
8594,362,549.0,3,8,0,-324.39
8595,28,378.0,0,8,0,-495.72
8596,360,1265.0,2,6,1,391.6
8597,114,88.0,0,5,0,-785.63
8598,299,234.0,4,5,0,-639.46
8599,46,1193.0,4,6,0,319.3
8600,43,531.0,2,5,0,-342.7
8601,205,267.0,2,6,1,-606.55
8602,81,1538.0,1,8,0,664.33
8603,157,6000.0,3,6,1,5126.41
8604,32,424.0,4,7,1,-449.71
8605,186,401.0,3,8,1,-472.56
8606,326,444.0,4,4,0,-429.43
8607,169,768.0,2,6,0,-105.58
8608,360,1808.0,2,5,0,934.6
8609,70,784.0,1,7,0,-89.68
8610,17,39.0,2,6,0,-834.73
8611,93,3323.0,4,9,0,2449.34
8612,183,453.0,1,8,0,-420.57
8613,289,233.0,2,3,0,-640.46
8614,123,53.0,0,6,0,-820.62
8615,252,720.0,4,3,1,-153.5
8616,305,1442.0,6,11,1,568.55
8617,229,282.0,2,9,0,-591.52
8618,298,179.0,0,5,0,-694.46
8619,284,4445.0,2,2,1,3571.53
8620,206,898.0,2,3,0,24.45
8621,9,143.0,5,10,0,-730.73
8622,68,112.0,4,2,1,-761.68
8623,121,1215.0,3,5,0,341.37
8624,45,202.0,1,7,0,-671.7
8625,338,570.0,2,8,0,-303.42
8626,242,816.0,0,4,0,-57.51
8627,62,891.0,3,8,1,17.32
8628,71,1351.0,2,8,0,477.32
8629,342,221.0,1,10,0,-652.41
8630,219,304.0,2,8,0,-569.53
8631,11,3056.0,0,3,0,2182.27
8632,55,433.0,1,6,1,-440.69
8633,306,1378.0,2,8,0,504.55
8634,266,151.0,1,10,0,-722.49
8635,49,978.0,3,1,1,104.3
8636,157,1207.0,1,9,0,333.41
8637,50,154.0,1,5,0,-719.7
8638,220,2721.0,2,8,0,1847.47
8639,271,459.0,2,7,0,-414.48
8640,256,4405.0,1,9,0,3531.5
8641,182,211.0,3,2,0,-662.57
8642,82,754.0,1,2,0,-119.66
8643,326,55.0,4,12,1,-818.43
8644,340,402.0,1,5,0,-471.42
8645,330,127.0,2,7,0,-746.43
8646,24,2728.0,1,2,0,1854.28
8647,275,1141.0,1,6,0,267.52
8648,61,1338.0,1,4,0,464.31
8649,253,4152.0,2,3,0,3278.5
8650,111,223.0,1,6,0,-650.64
8651,256,408.0,3,4,0,-465.5
8652,343,174.0,1,7,0,-699.41
8653,254,4040.0,3,9,1,3166.5
8654,62,272.0,3,6,0,-601.68
8655,227,419.0,2,9,0,-454.52
8656,195,925.0,2,4,0,51.44
8657,139,6000.0,3,10,0,5126.39
8658,357,293.0,4,5,1,-580.4
8659,108,1538.0,3,3,0,664.36
8660,229,383.0,3,1,0,-490.52
8661,122,640.0,2,9,0,-233.63
8662,271,1893.0,1,4,0,1019.52
8663,235,520.0,3,8,0,-353.52
8664,59,95.0,0,6,1,-778.69
8665,251,1314.0,0,5,0,440.5
8666,66,6000.0,0,10,0,5126.32
8667,292,593.0,1,3,0,-280.46
8668,337,206.0,1,6,0,-667.42
8669,190,1113.0,3,3,0,239.44
8670,160,5641.0,2,6,0,4767.41
8671,66,1166.0,1,7,0,292.32
8672,350,1478.0,3,9,0,604.59
8673,8,373.0,2,5,0,-500.74
8674,3,550.0,1,11,0,-323.74
8675,77,817.0,2,6,1,-56.67
8676,273,756.0,3,7,0,-117.48
8677,183,148.0,3,11,0,-725.57
8678,165,1543.0,3,4,0,669.41
8679,250,949.0,2,5,0,75.5
8680,164,939.0,1,5,1,65.41
8681,295,109.0,0,5,0,-764.46
8682,23,2879.0,0,6,0,2005.28
8683,40,459.0,3,1,1,-414.7
8684,168,2475.0,2,3,0,1601.42
8685,19,638.0,4,2,0,-235.73
8686,289,1201.0,3,5,1,327.53
8687,90,291.0,0,6,0,-582.66
8688,108,171.0,3,6,1,-702.64
8689,186,582.0,5,6,0,-291.56
8690,308,422.0,1,11,0,-451.45
8691,290,539.0,0,7,0,-334.46
8692,321,607.0,1,10,0,-266.43
8693,141,6000.0,2,6,1,5126.39
8694,256,344.0,1,3,1,-529.5
8695,264,912.0,1,6,0,38.51
8696,337,588.0,4,7,0,-285.42
8697,92,303.0,2,2,1,-570.65
8698,263,415.0,5,10,0,-458.49
8699,136,1272.0,2,10,0,398.39
8700,10,499.0,1,7,0,-374.73
8701,322,598.0,1,7,0,-275.43
8702,230,396.0,2,2,0,-477.52
8703,111,242.0,1,6,0,-631.64
8704,292,2714.0,4,10,1,1840.54
8705,90,210.0,3,9,0,-663.66
8706,321,3971.0,3,7,1,3097.56
8707,163,317.0,0,7,0,-556.59
8708,123,335.0,1,9,0,-538.63
8709,47,1129.0,3,6,0,255.3
8710,147,904.0,3,5,0,30.4
8711,132,1247.0,1,7,0,373.38
8712,238,1006.0,1,8,0,132.49
8713,302,1159.0,2,8,0,285.55
8714,308,696.0,3,5,0,-177.45
8715,164,339.0,4,5,0,-534.59
8716,187,546.0,0,8,0,-327.56
8717,200,1502.0,4,6,1,628.45
8718,217,273.0,1,8,0,-600.53
8719,238,112.0,2,8,0,-761.51
8720,85,556.0,5,7,1,-317.66
8721,10,594.0,2,5,0,-279.73
8722,347,138.0,0,9,0,-735.41
8723,12,1502.0,2,4,0,628.27
8724,323,385.0,1,6,0,-488.43
8725,159,390.0,1,2,0,-483.59
8726,231,159.0,4,2,1,-714.52
8727,46,1294.0,3,5,0,420.3
8728,239,282.0,0,9,0,-591.51
8729,138,1147.0,3,10,1,273.39
8730,107,193.0,2,5,0,-680.64
8731,127,226.0,2,7,0,-647.62
8732,286,772.0,1,10,1,-101.47
8733,23,167.0,1,5,0,-706.72
8734,184,182.0,4,7,1,-691.57
8735,283,1061.0,0,7,0,187.53
8736,146,211.0,1,7,0,-662.6
8737,203,358.0,2,6,0,-515.55
8738,115,1789.0,0,7,0,915.37
8739,153,1952.0,0,8,0,1078.4
8740,316,122.0,2,4,0,-751.44
8741,330,126.0,2,13,0,-747.43
8742,109,686.0,2,8,0,-187.64
8743,325,4243.0,2,7,0,3369.57
8744,307,172.0,0,9,0,-701.45
8745,92,874.0,1,14,0,0.34
8746,273,112.0,1,3,0,-761.48
8747,318,1364.0,3,7,0,490.56
8748,150,1178.0,0,4,0,304.4
8749,231,37.0,3,10,0,-836.52
8750,67,214.0,0,9,1,-659.68
8751,36,1113.0,4,2,1,239.29
8752,293,282.0,0,6,0,-591.46
8753,43,154.0,3,5,1,-719.7
8754,225,1804.0,1,6,1,930.47
8755,115,232.0,2,6,0,-641.63
8756,245,479.0,2,6,0,-394.51
8757,153,620.0,2,5,0,-253.6
8758,178,1284.0,0,13,1,410.43
8759,50,75.0,1,7,0,-798.7
8760,267,412.0,4,6,0,-461.49
8761,363,201.0,3,3,0,-672.39
8762,297,139.0,1,5,0,-734.46
8763,343,1624.0,2,9,0,750.59
8764,50,882.0,1,3,0,8.3
8765,184,139.0,4,8,0,-734.57
8766,281,64.0,1,8,0,-809.47
8767,102,466.0,3,3,0,-407.65
8768,151,269.0,2,9,0,-604.6
8769,32,204.0,5,7,1,-669.71
8770,184,14.0,2,2,0,-859.57
8771,124,6000.0,2,3,0,5126.37
8772,28,1764.0,3,8,1,890.28
8773,50,180.0,2,3,0,-693.7
8774,136,498.0,3,10,1,-375.61
8775,291,90.0,2,6,0,-783.46
8776,94,101.0,1,4,0,-772.65
8777,322,1149.0,1,7,0,275.57
8778,15,604.0,0,5,0,-269.73
8779,214,889.0,2,6,0,15.46
8780,320,155.0,3,6,1,-718.44
8781,111,667.0,1,6,0,-206.64
8782,223,1539.0,1,4,0,665.47
8783,54,1464.0,0,5,0,590.31
8784,68,1618.0,4,1,0,744.32
8785,190,245.0,1,2,0,-628.56
8786,221,856.0,3,4,1,-17.53
8787,76,145.0,1,11,0,-728.67
8788,225,131.0,4,7,1,-742.53
8789,161,4467.0,2,3,0,3593.41
8790,254,1419.0,1,6,1,545.5
8791,358,525.0,3,3,0,-348.4
8792,211,509.0,2,4,0,-364.54
8793,272,1105.0,0,6,0,231.52
8794,296,2550.0,4,2,1,1676.54
8795,57,808.0,3,6,1,-65.69
8796,155,110.0,3,6,0,-763.59
8797,154,2690.0,1,6,1,1816.4
8798,85,186.0,2,5,1,-687.66
8799,236,1120.0,3,7,1,246.48
8800,283,187.0,3,2,0,-686.47
8801,56,2231.0,0,2,0,1357.31
8802,27,2334.0,1,4,0,1460.28
8803,90,4790.0,2,10,0,3916.34
8804,344,1749.0,3,7,0,875.59
8805,341,1594.0,1,7,0,720.58
8806,157,399.0,3,8,0,-474.59
8807,193,199.0,1,12,0,-674.56
8808,258,184.0,2,5,0,-689.49
8809,250,1255.0,3,7,0,381.5
8810,211,3498.0,3,7,0,2624.46
8811,49,194.0,2,10,0,-679.7
8812,231,258.0,1,5,0,-615.52
8813,321,655.0,2,7,0,-218.43
8814,75,1064.0,3,2,0,190.33
8815,109,627.0,4,3,1,-246.64
8816,365,95.0,2,6,0,-778.39
8817,127,169.0,2,9,0,-704.62
8818,326,4599.0,1,6,0,3725.57
8819,95,129.0,2,4,0,-744.65
8820,53,229.0,0,7,0,-644.69
8821,96,175.0,4,10,1,-698.65
8822,242,443.0,3,10,0,-430.51
8823,145,152.0,4,11,0,-721.6
8824,41,279.0,0,2,0,-594.7
8825,17,325.0,0,7,0,-548.73
8826,38,1257.0,3,7,1,383.29
8827,197,216.0,1,5,1,-657.55
8828,23,119.0,2,7,0,-754.72
8829,261,677.0,1,3,0,-196.49
8830,294,977.0,3,3,0,103.54
8831,42,418.0,1,6,1,-455.7
8832,232,541.0,1,8,0,-332.52
8833,210,1695.0,4,7,1,821.46
8834,66,277.0,1,10,1,-596.68
8835,28,252.0,3,4,0,-621.72
8836,66,207.0,2,5,1,-666.68
8837,26,35.0,3,9,0,-838.72
8838,28,2982.0,2,6,1,2108.28
8839,245,809.0,4,1,0,-64.51
8840,215,1173.0,2,9,0,299.46
8841,101,149.0,1,6,0,-724.65
8842,113,634.0,3,3,1,-239.63
8843,251,128.0,1,8,0,-745.5
8844,11,53.0,2,3,0,-820.73
8845,164,327.0,1,9,0,-546.59
8846,267,2067.0,3,8,0,1193.51
8847,251,75.0,3,4,0,-798.5
8848,36,1054.0,1,7,0,180.29
8849,140,2625.0,2,6,0,1751.39
8850,82,55.0,3,7,1,-818.66
8851,237,754.0,1,7,0,-119.52
8852,202,46.0,3,6,1,-827.55
8853,237,653.0,1,7,0,-220.52
8854,262,190.0,1,3,0,-683.49
8855,21,744.0,1,3,0,-129.72
8856,52,3605.0,1,4,0,2731.31
8857,291,360.0,1,6,0,-513.46
8858,234,308.0,1,7,1,-565.52
8859,342,42.0,2,6,0,-831.41
8860,108,195.0,2,6,0,-678.64
8861,253,180.0,3,6,0,-693.5
8862,239,1556.0,2,6,1,682.49
8863,349,2101.0,3,7,0,1227.59
8864,309,1357.0,1,4,0,483.55
8865,99,333.0,1,8,0,-540.65
8866,357,1051.0,0,4,0,177.6
8867,272,848.0,4,6,0,-25.48
8868,209,2285.0,2,5,1,1411.46
8869,231,458.0,2,4,0,-415.52
8870,233,311.0,1,8,0,-562.52
8871,194,957.0,1,7,0,83.44
8872,208,370.0,1,4,0,-503.54
8873,195,61.0,3,6,0,-812.56
8874,171,192.0,2,9,0,-681.58
8875,301,258.0,2,4,0,-615.45
8876,320,2592.0,4,5,1,1718.56
8877,349,631.0,3,10,1,-242.41
8878,107,1673.0,0,8,0,799.36
8879,222,735.0,0,8,0,-138.53
8880,100,1872.0,0,4,0,998.35
8881,223,328.0,1,15,0,-545.53
8882,56,285.0,1,6,0,-588.69
8883,18,428.0,1,5,0,-445.73
8884,283,591.0,2,10,0,-282.47
8885,64,79.0,1,7,0,-794.68
8886,1,74.0,1,4,0,-799.74
8887,280,3722.0,1,7,0,2848.52
8888,248,664.0,1,6,1,-209.5
8889,294,213.0,5,7,0,-660.46
8890,106,343.0,2,7,1,-530.64
8891,209,1138.0,3,3,0,264.46
8892,321,199.0,1,2,0,-674.43
8893,63,315.0,1,3,0,-558.68
8894,225,137.0,3,7,0,-736.53
8895,93,264.0,0,2,0,-609.65
8896,35,179.0,5,6,1,-694.71
8897,76,1227.0,4,3,0,353.33
8898,253,310.0,4,6,1,-563.5
8899,255,2596.0,2,5,0,1722.5
8900,13,761.0,1,5,0,-112.73
8901,62,524.0,3,6,0,-349.68
8902,114,1978.0,2,5,0,1104.37
8903,130,2277.0,2,3,0,1403.38
8904,33,223.0,1,6,0,-650.71
8905,51,169.0,2,4,1,-704.69
8906,345,218.0,1,6,0,-655.41
8907,326,224.0,1,10,0,-649.43
8908,181,346.0,1,4,0,-527.57
8909,252,819.0,0,5,0,-54.5
8910,65,684.0,1,8,0,-189.68
8911,226,64.0,0,13,0,-809.53
8912,126,1326.0,1,7,0,452.38
8913,113,556.0,1,3,0,-317.63
8914,260,92.0,3,5,1,-781.49
8915,313,265.0,2,6,0,-608.44
8916,176,532.0,0,1,0,-341.57
8917,355,468.0,2,5,0,-405.4
8918,348,74.0,3,9,0,-799.41
8919,313,733.0,4,7,0,-140.44
8920,202,466.0,1,7,0,-407.55
8921,240,416.0,1,7,1,-457.51
8922,166,836.0,0,4,1,-37.58
8923,123,1231.0,3,4,1,357.37
8924,363,1100.0,1,3,0,226.61
8925,283,1964.0,2,2,0,1090.53
8926,85,2851.0,0,7,0,1977.34
8927,119,2030.0,2,7,0,1156.37
8928,38,994.0,4,5,0,120.29
8929,33,1059.0,2,2,0,185.29
8930,144,387.0,3,9,0,-486.6
8931,175,55.0,2,10,0,-818.57
8932,135,235.0,1,9,0,-638.61
8933,317,373.0,2,4,0,-500.44
8934,52,308.0,2,8,0,-565.69
8935,218,60.0,1,12,0,-813.53
8936,122,2625.0,0,8,0,1751.37
8937,3,3443.0,1,8,0,2569.26
8938,199,295.0,1,4,0,-578.55
8939,49,613.0,2,7,0,-260.7
8940,238,228.0,0,6,0,-645.51
8941,310,1029.0,2,5,0,155.55
8942,198,1804.0,1,7,0,930.45
8943,116,587.0,2,9,1,-286.63
8944,204,1018.0,2,5,0,144.45
8945,131,1890.0,3,1,0,1016.38
8946,281,476.0,1,3,1,-397.47
8947,56,841.0,4,8,1,-32.69
8948,103,1323.0,3,3,0,449.36
8949,175,615.0,4,6,0,-258.58
8950,156,740.0,1,7,0,-133.59
8951,57,1126.0,0,6,0,252.31
8952,151,1041.0,3,6,1,167.4
8953,76,343.0,0,4,1,-530.67
8954,356,100.0,1,6,0,-773.4
8955,138,2638.0,2,6,1,1764.39
8956,25,237.0,0,8,0,-636.72
8957,332,759.0,1,6,0,-114.42
8958,295,429.0,4,4,0,-444.46
8959,176,321.0,2,7,1,-552.57
8960,134,227.0,4,6,0,-646.61
8961,226,157.0,1,3,0,-716.53
8962,196,166.0,2,6,0,-707.55
8963,191,254.0,4,7,1,-619.56
8964,234,886.0,3,4,1,12.48
8965,319,1148.0,3,5,0,274.56
8966,174,401.0,3,4,0,-472.58
8967,227,363.0,3,6,1,-510.52
8968,148,1109.0,2,1,0,235.4
8969,53,590.0,2,3,0,-283.69
8970,329,1240.0,1,12,0,366.57
8971,89,286.0,1,6,0,-587.66
8972,8,293.0,0,2,0,-580.74
8973,242,618.0,2,10,0,-255.51
8974,294,502.0,1,9,0,-371.46
8975,280,614.0,1,4,0,-259.47
8976,164,373.0,1,7,0,-500.59
8977,353,637.0,4,6,0,-236.4
8978,214,310.0,3,9,1,-563.54
8979,319,1012.0,5,10,0,138.56
8980,164,530.0,0,6,0,-343.59
8981,3,282.0,0,8,1,-591.74
8982,259,123.0,1,13,0,-750.49
8983,221,1692.0,1,3,0,818.47
8984,233,212.0,3,4,1,-661.52
8985,308,1878.0,1,3,0,1004.55
8986,120,1457.0,2,3,1,583.37
8987,248,263.0,3,12,0,-610.5
8988,293,6000.0,0,7,0,5126.54
8989,118,2132.0,2,9,0,1258.37
8990,129,1341.0,0,5,0,467.38
8991,27,918.0,2,3,1,44.28
8992,111,212.0,1,2,0,-661.64
8993,8,1654.0,4,4,1,780.26
8994,167,1092.0,1,8,0,218.42
8995,3,1441.0,2,6,0,567.26
8996,280,281.0,4,4,1,-592.47
8997,344,339.0,6,4,1,-534.41
8998,46,1123.0,3,7,0,249.3
8999,150,991.0,1,6,0,117.4
9000,10,497.0,2,7,1,-376.73
9001,89,430.0,3,7,0,-443.66
9002,255,364.0,1,11,0,-509.5
9003,160,259.0,0,12,0,-614.59
9004,23,406.0,1,10,1,-467.72
9005,223,401.0,3,3,0,-472.53
9006,142,287.0,1,6,0,-586.61
9007,281,85.0,1,1,0,-788.47
9008,65,1270.0,1,4,0,396.32
9009,22,147.0,0,4,0,-726.72
9010,210,172.0,1,7,0,-701.54
9011,118,5300.0,0,7,0,4426.37
9012,35,812.0,3,4,0,-61.71
9013,49,729.0,4,8,1,-144.7
9014,103,401.0,1,3,0,-472.64
9015,284,1779.0,2,5,0,905.53
9016,105,60.0,2,7,0,-813.64
9017,288,1103.0,3,7,1,229.53
9018,347,325.0,3,8,0,-548.41
9019,302,1395.0,0,9,0,521.55
9020,53,95.0,5,8,1,-778.69
9021,78,1858.0,3,5,0,984.33
9022,9,489.0,1,7,0,-384.73
9023,150,2879.0,4,9,1,2005.4
9024,361,1320.0,0,7,0,446.6
9025,289,717.0,1,6,0,-156.47
9026,2,180.0,2,6,0,-693.74
9027,19,298.0,2,8,1,-575.73
9028,169,69.0,1,4,0,-804.58
9029,331,512.0,2,3,1,-361.42
9030,265,138.0,2,6,1,-735.49
9031,26,879.0,4,11,0,5.28
9032,135,3782.0,0,8,0,2908.38
9033,77,1342.0,3,10,1,468.33
9034,312,3848.0,1,7,0,2974.56
9035,281,139.0,2,6,0,-734.47
9036,217,4436.0,5,7,0,3562.46
9037,273,643.0,4,9,0,-230.48
9038,52,655.0,2,4,0,-218.69
9039,93,462.0,2,6,0,-411.65
9040,220,815.0,2,8,0,-58.53
9041,132,55.0,0,5,0,-818.62
9042,332,442.0,3,4,0,-431.42
9043,341,1451.0,1,7,0,577.58
9044,59,244.0,0,4,0,-629.69
9045,186,1993.0,1,3,0,1119.44
9046,202,751.0,4,5,1,-122.55
9047,136,3509.0,4,3,1,2635.39
9048,328,275.0,3,9,1,-598.43
9049,150,940.0,2,4,1,66.4
9050,106,638.0,0,4,0,-235.64
9051,249,291.0,2,4,0,-582.5
9052,227,3309.0,1,10,1,2435.47
9053,257,425.0,0,5,0,-448.5
9054,132,32.0,3,7,0,-841.62
9055,211,78.0,1,5,0,-795.54
9056,175,957.0,2,6,0,83.42
9057,83,1326.0,4,4,1,452.34
9058,316,42.0,4,8,0,-831.44
9059,226,254.0,1,6,0,-619.53
9060,303,343.0,0,6,0,-530.45
9061,73,528.0,1,9,1,-345.67
9062,1,529.0,3,5,0,-344.74
9063,225,777.0,2,6,0,-96.53
9064,70,1386.0,4,8,0,512.32
9065,251,1361.0,3,5,0,487.5
9066,302,380.0,2,9,0,-493.45
9067,181,144.0,1,3,0,-729.57
9068,340,434.0,2,8,0,-439.42
9069,141,1148.0,2,3,0,274.39
9070,247,176.0,0,6,0,-697.51
9071,263,451.0,4,9,1,-422.49
9072,73,99.0,0,1,0,-774.67
9073,110,692.0,4,4,1,-181.64
9074,312,3309.0,2,7,0,2435.56
9075,216,71.0,1,7,0,-802.54
9076,230,596.0,4,6,1,-277.52
9077,93,218.0,0,7,0,-655.65
9078,135,999.0,0,2,0,125.39
9079,233,859.0,1,3,0,-14.52
9080,247,1491.0,0,5,0,617.49
9081,30,1227.0,3,4,0,353.29
9082,49,1165.0,2,8,0,291.3
9083,89,2885.0,1,3,0,2011.34
9084,158,1050.0,0,8,0,176.41
9085,292,1766.0,3,2,1,892.54
9086,9,292.0,2,8,1,-581.73
9087,285,167.0,1,7,0,-706.47
9088,308,4333.0,2,5,0,3459.55
9089,95,321.0,1,9,0,-552.65
9090,46,884.0,4,4,1,10.3
9091,310,800.0,3,4,0,-73.45
9092,176,178.0,2,7,0,-695.57
9093,330,3828.0,0,6,0,2954.57
9094,131,2019.0,0,6,1,1145.38
9095,359,219.0,2,4,0,-654.4
9096,183,1417.0,0,2,0,543.43
9097,30,275.0,1,7,0,-598.71
9098,321,702.0,1,10,0,-171.43
9099,8,66.0,2,8,0,-807.74
9100,233,182.0,3,8,0,-691.52
9101,115,515.0,0,3,0,-358.63
9102,305,554.0,2,10,0,-319.45
9103,326,860.0,1,5,0,-13.43
9104,176,124.0,2,10,0,-749.57
9105,237,2605.0,0,5,0,1731.48
9106,291,160.0,2,5,0,-713.46
9107,23,723.0,1,11,1,-150.72
9108,336,2044.0,1,6,0,1170.58
9109,60,6000.0,4,10,0,5126.31
9110,106,905.0,2,11,0,31.36
9111,75,346.0,3,4,1,-527.67
9112,108,423.0,2,13,0,-450.64
9113,101,1909.0,1,4,1,1035.35
9114,29,210.0,3,9,1,-663.72
9115,158,1505.0,1,2,0,631.41
9116,323,272.0,2,7,0,-601.43
9117,273,432.0,4,5,1,-441.48
9118,309,346.0,0,13,0,-527.45
9119,190,258.0,1,8,0,-615.56
9120,72,189.0,4,9,1,-684.67
9121,215,1307.0,2,6,0,433.46
9122,186,629.0,3,2,1,-244.56
9123,134,599.0,2,5,1,-274.61
9124,221,311.0,2,4,0,-562.53
9125,113,134.0,3,2,0,-739.63
9126,364,2250.0,1,3,0,1376.61
9127,204,502.0,1,2,0,-371.55
9128,125,243.0,4,9,1,-630.62
9129,169,6000.0,2,7,0,5126.42
9130,317,6000.0,2,7,0,5126.56
9131,205,476.0,1,6,0,-397.55
9132,5,4331.0,5,6,1,3457.26
9133,305,379.0,1,5,0,-494.45
9134,133,669.0,1,6,0,-204.62
9135,346,1435.0,2,6,1,561.59
9136,177,248.0,3,5,1,-625.57
9137,97,610.0,1,6,0,-263.65
9138,60,4155.0,2,6,0,3281.31
9139,235,842.0,2,12,0,-31.52
9140,168,210.0,1,5,0,-663.58
9141,236,101.0,1,8,0,-772.52
9142,233,579.0,2,7,0,-294.52
9143,234,361.0,3,4,0,-512.52
9144,329,1306.0,2,4,0,432.57
9145,44,445.0,4,7,1,-428.7
9146,4,2333.0,4,3,0,1459.26
9147,310,2797.0,1,11,0,1923.55
9148,53,1363.0,3,6,0,489.31
9149,288,601.0,5,4,1,-272.47
9150,11,138.0,0,8,0,-735.73
9151,343,900.0,3,11,0,26.59
9152,106,623.0,1,8,0,-250.64
9153,2,147.0,2,6,0,-726.74
9154,28,180.0,0,8,0,-693.72
9155,233,111.0,1,10,0,-762.52
9156,340,386.0,4,6,0,-487.42
9157,298,551.0,4,8,1,-322.46
9158,123,789.0,3,7,1,-84.63
9159,69,457.0,1,6,0,-416.68
9160,261,1350.0,5,9,1,476.51
9161,154,215.0,2,4,0,-658.59
9162,127,4952.0,2,4,0,4078.38
9163,297,148.0,3,7,0,-725.46
9164,298,271.0,3,4,0,-602.46
9165,348,96.0,3,4,0,-777.41
9166,219,847.0,2,9,0,-26.53
9167,143,514.0,3,9,1,-359.61
9168,224,83.0,2,7,0,-790.53
9169,224,461.0,0,7,0,-412.53
9170,14,1463.0,3,6,0,589.27
9171,244,1318.0,1,2,0,444.49
9172,345,23.0,2,6,1,-850.41
9173,193,337.0,4,6,1,-536.56
9174,83,339.0,1,4,0,-534.66
9175,237,789.0,3,3,0,-84.52
9176,152,117.0,1,6,0,-756.6
9177,238,1895.0,4,1,1,1021.49
9178,53,57.0,1,6,0,-816.69
9179,140,1358.0,0,3,0,484.39
9180,327,201.0,1,9,1,-672.43
9181,353,172.0,3,8,1,-701.4
9182,79,517.0,1,6,1,-356.67
9183,15,58.0,1,6,0,-815.73
9184,151,1541.0,3,3,0,667.4
9185,87,340.0,2,6,0,-533.66
9186,34,62.0,2,6,1,-811.71
9187,350,232.0,3,7,0,-641.41
9188,154,595.0,7,4,1,-278.6
9189,8,1261.0,1,7,0,387.26
9190,332,415.0,2,5,0,-458.42
9191,285,279.0,3,5,0,-594.47
9192,230,927.0,2,6,0,53.48
9193,186,492.0,3,4,1,-381.56
9194,230,43.0,2,10,0,-830.52
9195,361,270.0,3,4,0,-603.4
9196,314,102.0,3,4,0,-771.44
9197,310,2460.0,5,7,0,1586.55
9198,353,475.0,2,9,0,-398.4
9199,169,342.0,2,3,0,-531.58
9200,93,254.0,2,8,0,-619.65
9201,143,204.0,1,6,0,-669.61
9202,155,67.0,0,8,0,-806.59
9203,196,92.0,4,8,1,-781.55
9204,117,336.0,2,5,1,-537.63
9205,291,3640.0,3,6,0,2766.54
9206,309,1540.0,4,5,0,666.55
9207,173,1445.0,2,4,0,571.42
9208,69,257.0,3,9,0,-616.68
9209,286,1991.0,2,10,1,1117.53
9210,295,79.0,0,6,0,-794.46
9211,318,2249.0,1,6,0,1375.56
9212,333,1662.0,3,6,0,788.58
9213,175,122.0,2,7,0,-751.57
9214,135,225.0,2,4,0,-648.61
9215,249,529.0,1,7,0,-344.5
9216,61,142.0,2,6,0,-731.68
9217,28,1243.0,1,2,1,369.28
9218,65,929.0,1,8,0,55.32
9219,188,159.0,5,5,1,-714.56
9220,215,252.0,3,4,0,-621.54
9221,247,627.0,3,9,0,-246.51
9222,25,443.0,0,8,0,-430.72
9223,67,133.0,0,10,0,-740.68
9224,195,741.0,2,4,0,-132.56
9225,361,1251.0,1,1,0,377.6
9226,170,1045.0,1,6,0,171.42
9227,26,373.0,3,7,1,-500.72
9228,251,804.0,2,5,0,-69.5
9229,300,100.0,2,9,0,-773.45
9230,285,1727.0,2,6,0,853.53
9231,58,1504.0,3,4,1,630.31
9232,290,1509.0,0,5,0,635.54
9233,256,151.0,7,2,0,-722.5
9234,8,2540.0,0,7,0,1666.26
9235,10,319.0,2,9,0,-554.73
9236,48,476.0,2,8,0,-397.7
9237,10,879.0,2,6,0,5.27
9238,73,175.0,2,4,0,-698.67
9239,81,648.0,3,6,0,-225.67
9240,108,224.0,2,12,0,-649.64
9241,262,137.0,1,8,0,-736.49
9242,310,864.0,1,6,0,-9.45
9243,249,974.0,0,4,0,100.5
9244,247,983.0,0,5,0,109.49
9245,32,1196.0,3,4,1,322.29
9246,102,49.0,3,4,0,-824.64
9247,194,478.0,0,8,0,-395.56
9248,359,2766.0,0,5,0,1892.6
9249,281,239.0,4,2,0,-634.47
9250,251,56.0,3,5,0,-817.5
9251,315,359.0,1,3,0,-514.44
9252,348,173.0,2,6,0,-700.41
9253,179,313.0,1,6,0,-560.57
9254,11,1360.0,0,5,0,486.27
9255,224,1144.0,2,9,1,270.47
9256,17,1772.0,2,7,0,898.27
9257,82,144.0,4,9,0,-729.66
9258,196,3279.0,4,8,0,2405.44
9259,124,328.0,1,5,0,-545.62
9260,328,987.0,2,9,0,113.57
9261,290,718.0,2,4,0,-155.46
9262,83,517.0,4,6,1,-356.66
9263,146,307.0,2,4,0,-566.6
9264,162,138.0,4,8,1,-735.59
9265,285,430.0,2,6,0,-443.47
9266,267,937.0,3,7,1,63.51
9267,303,337.0,3,6,1,-536.45
9268,146,145.0,0,4,0,-728.6
9269,65,343.0,1,7,0,-530.68
9270,299,1936.0,1,5,0,1062.54
9271,163,157.0,0,5,0,-716.59
9272,75,509.0,2,12,0,-364.67
9273,8,3155.0,1,4,0,2281.26
9274,65,451.0,3,6,1,-422.68
9275,247,162.0,4,3,0,-711.51
9276,333,1230.0,2,9,1,356.58
9277,168,937.0,0,7,0,63.42
9278,228,100.0,2,5,0,-773.52
9279,255,1626.0,2,4,0,752.5
9280,107,836.0,1,7,0,-37.64
9281,94,1104.0,6,9,1,230.35
9282,158,310.0,1,8,1,-563.59
9283,31,134.0,0,10,0,-739.71
9284,255,358.0,3,2,0,-515.5
9285,303,675.0,0,5,0,-198.45
9286,352,14.0,2,8,0,-859.4
9287,294,650.0,1,7,1,-223.46
9288,139,679.0,3,7,1,-194.61
9289,295,262.0,3,4,0,-611.46
9290,218,231.0,1,4,0,-642.53
9291,41,635.0,2,10,0,-238.7
9292,50,513.0,3,5,0,-360.7
9293,12,65.0,2,9,0,-808.73
9294,192,1485.0,1,2,0,611.44
9295,330,247.0,3,2,0,-626.43
9296,349,78.0,5,2,1,-795.41
9297,50,391.0,0,3,0,-482.7
9298,37,6000.0,0,6,1,5126.29
9299,335,62.0,1,5,0,-811.42
9300,240,579.0,0,3,0,-294.51
9301,200,842.0,3,5,1,-31.55
9302,160,547.0,0,4,0,-326.59
9303,232,291.0,4,10,1,-582.52
9304,308,264.0,5,8,0,-609.45
9305,18,290.0,2,10,1,-583.73
9306,4,1374.0,3,2,1,500.26
9307,264,415.0,3,3,1,-458.49
9308,21,70.0,0,6,0,-803.72
9309,133,223.0,2,3,0,-650.62
9310,74,425.0,2,8,1,-448.67
9311,138,566.0,2,10,0,-307.61
9312,211,6000.0,2,6,0,5126.46
9313,229,20.0,4,8,1,-853.52
9314,260,557.0,2,8,0,-316.49
9315,242,361.0,4,7,1,-512.51
9316,32,476.0,2,2,0,-397.71
9317,163,491.0,1,5,0,-382.59
9318,359,1017.0,3,5,0,143.6
9319,328,268.0,1,4,0,-605.43
9320,204,909.0,1,9,0,35.45
9321,149,1517.0,2,4,0,643.4
9322,329,862.0,1,2,0,-11.43
9323,296,328.0,5,12,1,-545.46
9324,2,373.0,1,1,0,-500.74
9325,193,1396.0,1,2,1,522.44
9326,22,517.0,2,2,1,-356.72
9327,66,286.0,1,8,1,-587.68
9328,338,279.0,2,4,1,-594.42
9329,313,631.0,3,6,1,-242.44
9330,233,744.0,1,5,0,-129.52
9331,307,2045.0,0,9,0,1171.55
9332,336,588.0,0,4,0,-285.42
9333,137,30.0,1,7,0,-843.61
9334,107,1423.0,2,7,0,549.36
9335,215,551.0,3,6,1,-322.54
9336,159,915.0,3,2,1,41.41
9337,309,541.0,2,8,0,-332.45
9338,255,57.0,0,8,0,-816.5
9339,99,574.0,2,5,0,-299.65
9340,362,302.0,1,9,0,-571.39
9341,259,921.0,4,1,0,47.51
9342,7,1000.0,2,5,0,126.26
9343,162,620.0,4,4,1,-253.59
9344,232,1679.0,4,2,0,805.48
9345,131,4033.0,0,6,0,3159.38
9346,210,490.0,2,7,0,-383.54
9347,217,72.0,0,3,0,-801.53
9348,91,626.0,2,6,0,-247.66
9349,232,104.0,6,10,1,-769.52
9350,199,2599.0,2,5,1,1725.45
9351,296,493.0,2,2,0,-380.46
9352,155,129.0,3,9,1,-744.59
9353,157,1994.0,0,10,0,1120.41
9354,207,692.0,2,8,0,-181.54
9355,101,1244.0,1,9,0,370.35
9356,341,3220.0,3,4,0,2346.58
9357,105,77.0,2,4,0,-796.64
9358,204,500.0,4,4,0,-373.55
9359,120,255.0,3,9,0,-618.63
9360,121,127.0,0,5,0,-746.63
9361,268,1672.0,2,6,1,798.51
9362,128,580.0,1,3,0,-293.62
9363,153,115.0,0,7,0,-758.6
9364,31,126.0,3,6,1,-747.71
9365,111,192.0,2,5,0,-681.64
9366,142,260.0,1,8,0,-613.61
9367,298,514.0,2,7,0,-359.46
9368,68,6000.0,2,4,1,5126.32
9369,325,495.0,2,5,1,-378.43
9370,57,636.0,1,3,0,-237.69
9371,142,2184.0,2,8,0,1310.39
9372,186,236.0,2,6,0,-637.56
9373,76,591.0,2,6,0,-282.67
9374,117,1264.0,3,9,0,390.37
9375,89,192.0,2,4,0,-681.66
9376,275,85.0,3,9,0,-788.48
9377,189,326.0,0,4,0,-547.56
9378,51,706.0,1,2,0,-167.69
9379,333,222.0,0,9,0,-651.42
9380,185,4945.0,4,2,0,4071.43
9381,342,191.0,3,2,1,-682.41
9382,141,127.0,0,7,0,-746.61
9383,295,375.0,2,7,0,-498.46
9384,43,98.0,1,7,0,-775.7
9385,77,579.0,5,4,1,-294.67
9386,114,523.0,3,6,1,-350.63
9387,35,1267.0,4,8,0,393.29
9388,104,429.0,3,3,0,-444.64
9389,37,2769.0,2,7,1,1895.29
9390,31,3530.0,1,5,0,2656.28
9391,170,603.0,3,1,0,-270.58
9392,79,1058.0,2,10,0,184.33
9393,108,28.0,1,10,1,-845.64
9394,297,424.0,3,5,0,-449.46
9395,182,3262.0,4,5,0,2388.43
9396,212,554.0,1,5,0,-319.54
9397,10,68.0,2,14,1,-805.73
9398,80,68.0,3,4,1,-805.67
9399,254,1929.0,3,4,0,1055.5
9400,46,455.0,1,4,0,-418.7
9401,338,99.0,3,7,0,-774.42
9402,121,332.0,4,3,1,-541.63
9403,333,766.0,1,3,0,-107.42
9404,246,2608.0,2,3,0,1734.49
9405,189,288.0,1,5,1,-585.56
9406,316,4882.0,3,7,0,4008.56
9407,207,844.0,3,7,0,-29.54
9408,205,194.0,1,13,0,-679.55
9409,140,3230.0,1,3,0,2356.39
9410,305,1759.0,1,3,0,885.55
9411,267,264.0,2,10,1,-609.49
9412,231,423.0,1,5,0,-450.52
9413,216,73.0,2,8,0,-800.54
9414,12,155.0,2,7,0,-718.73
9415,21,205.0,3,6,0,-668.72
9416,48,1089.0,3,6,1,215.3
9417,309,699.0,2,7,0,-174.45
9418,16,344.0,2,4,1,-529.73
9419,15,616.0,3,8,1,-257.73
9420,84,796.0,2,5,1,-77.66
9421,33,433.0,1,4,0,-440.71
9422,115,2141.0,2,6,0,1267.37
9423,154,1555.0,5,4,0,681.4
9424,183,330.0,4,5,1,-543.57
9425,40,905.0,0,4,0,31.29
9426,157,212.0,4,7,0,-661.59
9427,179,978.0,0,4,0,104.43
9428,219,690.0,5,6,1,-183.53
9429,244,360.0,4,11,0,-513.51
9430,107,592.0,1,4,0,-281.64
9431,357,380.0,4,4,0,-493.4
9432,338,791.0,1,8,1,-82.42
9433,279,376.0,1,11,0,-497.47
9434,106,732.0,4,5,0,-141.64
9435,10,4136.0,0,11,0,3262.26
9436,89,5794.0,3,6,0,4920.34
9437,205,586.0,0,1,0,-287.55
9438,136,433.0,1,7,0,-440.61
9439,137,798.0,3,6,0,-75.61
9440,344,370.0,0,9,0,-503.41
9441,86,869.0,0,5,0,-4.66
9442,348,872.0,4,3,0,-1.41
9443,105,141.0,1,5,0,-732.64
9444,242,474.0,1,4,0,-399.51
9445,267,222.0,2,5,0,-651.49
9446,28,914.0,1,5,0,40.28
9447,241,513.0,2,4,1,-360.51
9448,145,89.0,3,8,1,-784.6
9449,72,142.0,1,4,0,-731.67
9450,224,267.0,2,4,0,-606.53
9451,175,254.0,1,2,1,-619.57
9452,72,1457.0,1,3,0,583.33
9453,167,102.0,2,8,0,-771.58
9454,329,888.0,3,9,0,14.57
9455,249,1914.0,2,6,0,1040.5
9456,146,514.0,1,9,0,-359.6
9457,304,933.0,1,4,1,59.55
9458,172,2946.0,2,8,0,2072.42
9459,352,602.0,2,7,0,-271.4
9460,292,308.0,2,6,0,-565.46
9461,188,357.0,4,1,1,-516.56
9462,240,390.0,2,4,0,-483.51
9463,172,970.0,0,8,0,96.42
9464,246,399.0,1,4,0,-474.51
9465,247,3553.0,1,3,0,2679.49
9466,72,132.0,5,3,1,-741.67
9467,30,723.0,3,10,1,-150.71
9468,58,589.0,1,6,1,-284.69
9469,196,2587.0,1,9,0,1713.44
9470,69,215.0,2,5,0,-658.68
9471,76,1563.0,4,4,0,689.33
9472,145,257.0,4,9,0,-616.6
9473,287,103.0,0,5,0,-770.47
9474,270,965.0,3,9,0,91.52
9475,276,147.0,0,8,0,-726.48
9476,15,2015.0,1,4,0,1141.27
9477,361,169.0,4,7,1,-704.4
9478,289,2585.0,2,11,0,1711.53
9479,229,696.0,3,7,0,-177.52
9480,199,129.0,0,10,0,-744.55
9481,344,505.0,0,9,0,-368.41
9482,134,525.0,1,8,0,-348.61
9483,179,3826.0,3,10,0,2952.43
9484,130,86.0,3,7,0,-787.62
9485,52,293.0,1,7,0,-580.69
9486,322,58.0,2,7,0,-815.43
9487,340,561.0,1,8,0,-312.42
9488,93,2056.0,3,10,0,1182.35
9489,311,3203.0,0,8,0,2329.55
9490,135,3614.0,4,6,1,2740.39
9491,362,470.0,1,4,0,-403.39
9492,293,51.0,2,9,0,-822.46
9493,274,1443.0,1,7,0,569.52
9494,329,528.0,2,5,0,-345.43
9495,325,200.0,2,5,1,-673.43
9496,285,562.0,4,5,1,-311.47
9497,356,685.0,1,7,0,-188.4
9498,250,141.0,1,5,1,-732.5
9499,191,403.0,3,6,0,-470.56
9500,325,296.0,3,4,0,-577.43
9501,194,622.0,1,8,0,-251.56
9502,62,120.0,2,10,1,-753.68
9503,13,45.0,2,7,0,-828.73
9504,156,1141.0,2,9,1,267.41
9505,359,841.0,0,7,0,-32.4
9506,321,54.0,1,4,0,-819.43
9507,355,2255.0,2,3,0,1381.6
9508,352,216.0,0,7,0,-657.4
9509,62,1095.0,1,5,0,221.32
9510,128,600.0,1,8,0,-273.62
9511,310,173.0,1,12,0,-700.45
9512,162,119.0,0,10,1,-754.59
9513,171,187.0,2,7,0,-686.58
9514,34,186.0,1,6,0,-687.71
9515,46,236.0,2,0,0,-637.7
9516,34,1179.0,5,10,1,305.29
9517,307,44.0,3,12,1,-829.45
9518,194,99.0,0,7,0,-774.56
9519,38,258.0,3,7,0,-615.71
9520,128,403.0,1,13,0,-470.62
9521,128,840.0,2,5,0,-33.62
9522,172,296.0,0,6,0,-577.58
9523,47,1014.0,2,4,0,140.3
9524,80,2674.0,1,6,0,1800.33
9525,299,36.0,2,9,0,-837.46
9526,252,713.0,0,3,0,-160.5
9527,246,1026.0,3,4,0,152.49
9528,222,93.0,1,5,1,-780.53
9529,143,640.0,1,12,1,-233.61
9530,318,718.0,3,5,1,-155.44
9531,69,3014.0,1,9,0,2140.32
9532,319,443.0,0,3,0,-430.44
9533,295,61.0,3,9,1,-812.46
9534,326,280.0,2,3,0,-593.43
9535,93,1583.0,2,6,0,709.35
9536,5,1082.0,2,5,0,208.26
9537,324,1114.0,3,5,1,240.57
9538,81,552.0,1,6,0,-321.67
9539,284,484.0,1,8,1,-389.47
9540,152,630.0,3,3,1,-243.6
9541,101,407.0,2,4,0,-466.65
9542,177,281.0,3,1,1,-592.57
9543,138,1997.0,1,4,0,1123.39
9544,98,1362.0,3,6,1,488.35
9545,66,419.0,1,2,0,-454.68
9546,137,326.0,1,10,0,-547.61
9547,253,1617.0,0,8,0,743.5
9548,125,724.0,0,7,0,-149.62
9549,75,501.0,3,5,1,-372.67
9550,248,917.0,3,4,0,43.5
9551,31,1767.0,2,4,0,893.29
9552,84,357.0,0,2,0,-516.66
9553,152,97.0,2,2,0,-776.6
9554,264,2387.0,4,4,1,1513.51
9555,278,124.0,3,4,0,-749.48
9556,4,56.0,2,11,1,-817.74
9557,268,291.0,0,5,0,-582.49
9558,338,434.0,4,3,0,-439.42
9559,30,568.0,2,5,0,-305.71
9560,266,752.0,1,4,0,-121.49
9561,84,341.0,2,8,1,-532.66
9562,266,448.0,6,3,1,-425.49
9563,295,1170.0,4,3,0,296.54
9564,277,2020.0,1,5,0,1146.52
9565,185,1344.0,0,5,0,470.43
9566,149,174.0,1,5,0,-699.6
9567,4,156.0,2,8,0,-717.74
9568,105,591.0,3,6,1,-282.64
9569,148,101.0,3,6,0,-772.6
9570,230,461.0,4,5,1,-412.52
9571,233,1935.0,1,7,0,1061.48
9572,281,64.0,2,10,0,-809.47
9573,85,228.0,4,6,0,-645.66
9574,235,361.0,3,4,0,-512.52
9575,155,754.0,1,7,1,-119.59
9576,124,676.0,3,3,1,-197.62
9577,252,856.0,2,7,1,-17.5
9578,72,186.0,0,5,0,-687.67
9579,244,104.0,2,3,0,-769.51
9580,361,1971.0,0,8,0,1097.6
9581,151,458.0,5,8,0,-415.6
9582,116,102.0,0,9,0,-771.63
9583,176,673.0,2,5,0,-200.57
9584,64,120.0,2,1,0,-753.68
9585,294,175.0,0,8,0,-698.46
9586,360,314.0,4,3,1,-559.4
9587,349,3132.0,1,7,0,2258.59
9588,348,1963.0,1,8,0,1089.59
9589,109,1372.0,0,5,0,498.36
9590,209,708.0,4,7,0,-165.54
9591,2,1301.0,2,9,1,427.26
9592,19,266.0,8,4,1,-607.73
9593,351,558.0,4,8,1,-315.41
9594,288,324.0,5,5,1,-549.47
9595,17,1788.0,2,6,0,914.27
9596,200,137.0,2,4,0,-736.55
9597,126,240.0,3,6,0,-633.62
9598,345,502.0,3,2,0,-371.41
9599,327,66.0,1,2,0,-807.43
9600,137,1836.0,2,9,0,962.39
9601,91,523.0,4,9,0,-350.66
9602,90,339.0,3,6,1,-534.66
9603,54,5303.0,3,7,1,4429.31
9604,358,804.0,1,6,0,-69.4
9605,232,329.0,2,8,0,-544.52
9606,330,390.0,4,9,0,-483.43
9607,152,688.0,1,7,0,-185.6
9608,240,1988.0,4,5,0,1114.49
9609,223,2197.0,0,5,0,1323.47
9610,330,156.0,1,9,0,-717.43
9611,194,337.0,0,7,0,-536.56
9612,10,568.0,2,6,1,-305.73
9613,60,4627.0,1,6,0,3753.31
9614,39,714.0,5,8,1,-159.71
9615,19,2353.0,0,5,0,1479.27
9616,181,1603.0,2,5,1,729.43
9617,112,1300.0,3,1,0,426.36
9618,159,143.0,1,5,1,-730.59
9619,39,592.0,1,4,1,-281.71
9620,113,450.0,4,9,1,-423.63
9621,126,171.0,1,6,0,-702.62
9622,185,556.0,1,9,0,-317.57
9623,144,270.0,1,8,1,-603.6
9624,91,112.0,0,5,0,-761.66
9625,118,266.0,1,6,0,-607.63
9626,37,4314.0,2,5,1,3440.29
9627,185,1726.0,1,4,0,852.43
9628,68,37.0,2,7,0,-836.68
9629,189,2057.0,2,9,0,1183.44
9630,231,98.0,3,7,0,-775.52
9631,15,3017.0,1,8,1,2143.27
9632,84,829.0,4,6,1,-44.66
9633,302,1414.0,2,8,1,540.55
9634,222,1121.0,1,7,0,247.47
9635,66,90.0,2,4,0,-783.68
9636,42,2209.0,4,6,0,1335.3
9637,12,284.0,0,13,0,-589.73
9638,199,296.0,5,11,0,-577.55
9639,4,375.0,3,8,1,-498.74
9640,70,3303.0,3,6,0,2429.32
9641,246,236.0,2,7,0,-637.51
9642,26,281.0,1,8,0,-592.72
9643,349,283.0,2,5,0,-590.41
9644,347,195.0,3,13,1,-678.41
9645,108,681.0,1,1,0,-192.64
9646,310,711.0,0,4,0,-162.44
9647,260,910.0,2,6,0,36.51
9648,273,447.0,3,5,1,-426.48
9649,97,183.0,1,7,0,-690.65
9650,244,624.0,0,4,0,-249.51
9651,229,171.0,1,4,0,-702.52
9652,75,646.0,4,4,1,-227.67
9653,356,1218.0,4,2,0,344.6
9654,294,6000.0,6,5,0,5126.54
9655,97,518.0,2,7,1,-355.65
9656,75,118.0,4,11,1,-755.67
9657,266,56.0,5,4,1,-817.49
9658,178,126.0,5,6,1,-747.57
9659,142,366.0,4,8,1,-507.61
9660,30,292.0,3,5,0,-581.71
9661,175,764.0,2,6,0,-109.58
9662,16,1087.0,0,6,0,213.27
9663,257,571.0,2,3,0,-302.5
9664,179,700.0,1,9,1,-173.57
9665,261,1140.0,3,2,1,266.51
9666,347,703.0,4,7,0,-170.41
9667,171,389.0,2,5,1,-484.58
9668,73,458.0,0,4,0,-415.67
9669,24,1455.0,1,6,0,581.28
9670,225,76.0,2,8,0,-797.53
9671,324,1630.0,1,11,0,756.57
9672,305,2231.0,4,4,1,1357.55
9673,352,295.0,3,6,1,-578.4
9674,150,310.0,5,5,1,-563.6
9675,181,172.0,0,10,1,-701.57
9676,10,558.0,4,7,1,-315.73
9677,187,293.0,0,8,0,-580.56
9678,352,356.0,2,4,0,-517.4
9679,16,566.0,2,9,0,-307.73
9680,66,301.0,2,10,0,-572.68
9681,294,5197.0,2,8,0,4323.54
9682,233,534.0,0,8,0,-339.52
9683,45,4889.0,1,6,0,4015.3
9684,172,243.0,2,7,0,-630.58
9685,355,370.0,1,11,0,-503.4
9686,357,158.0,2,4,0,-715.4
9687,26,631.0,1,5,0,-242.72
9688,265,88.0,1,6,0,-785.49
9689,314,805.0,2,8,0,-68.44
9690,41,414.0,3,8,1,-459.7
9691,39,485.0,2,6,0,-388.71
9692,118,443.0,1,8,0,-430.63
9693,305,882.0,5,2,1,8.55
9694,232,206.0,1,4,0,-667.52
9695,251,123.0,0,4,1,-750.5
9696,108,693.0,3,14,1,-180.64
9697,319,984.0,1,6,0,110.56
9698,5,84.0,1,3,0,-789.74
9699,167,455.0,1,9,0,-418.58
9700,334,664.0,0,12,0,-209.42
9701,162,259.0,2,7,0,-614.59
9702,251,6000.0,1,6,0,5126.5
9703,109,386.0,4,7,0,-487.64
9704,125,418.0,2,9,1,-455.62
9705,303,86.0,1,7,0,-787.45
9706,280,358.0,1,6,1,-515.47
9707,270,492.0,1,2,1,-381.48
9708,35,936.0,2,7,0,62.29
9709,112,629.0,4,8,1,-244.64
9710,144,110.0,3,5,1,-763.6
9711,99,1054.0,7,0,1,180.35
9712,179,6000.0,1,3,0,5126.43
9713,311,63.0,1,8,0,-810.44
9714,288,461.0,2,6,0,-412.47
9715,342,645.0,2,9,1,-228.41
9716,340,932.0,4,7,1,58.58
9717,232,552.0,1,6,0,-321.52
9718,228,439.0,0,4,0,-434.52
9719,234,270.0,2,8,0,-603.52
9720,215,206.0,3,5,0,-667.54
9721,93,186.0,0,7,0,-687.65
9722,202,1438.0,2,8,1,564.45
9723,166,2598.0,1,6,0,1724.42
9724,55,226.0,1,7,0,-647.69
9725,62,211.0,2,8,0,-662.68
9726,303,2859.0,4,11,0,1985.55
9727,153,341.0,1,4,0,-532.6
9728,24,1499.0,2,9,0,625.28
9729,135,231.0,3,8,0,-642.61
9730,233,6000.0,2,8,0,5126.48
9731,317,4191.0,0,6,1,3317.56
9732,120,4306.0,1,7,0,3432.37
9733,130,577.0,1,2,1,-296.62
9734,144,265.0,3,8,0,-608.6
9735,314,1234.0,0,3,0,360.56
9736,158,1155.0,2,3,0,281.41
9737,329,781.0,1,9,0,-92.43
9738,329,565.0,2,7,0,-308.43
9739,176,1089.0,1,9,0,215.43
9740,167,90.0,2,5,0,-783.58
9741,85,457.0,1,6,0,-416.66
9742,15,372.0,0,8,0,-501.73
9743,111,137.0,2,4,0,-736.64
9744,286,246.0,4,4,0,-627.47
9745,211,1151.0,1,3,0,277.46
9746,244,302.0,3,5,1,-571.51
9747,80,2817.0,1,8,0,1943.33
9748,131,71.0,3,5,0,-802.62
9749,140,130.0,2,7,1,-743.61
9750,62,3418.0,1,7,0,2544.31
9751,361,546.0,4,8,1,-327.4
9752,342,666.0,2,7,0,-207.41
9753,87,716.0,2,7,0,-157.66
9754,352,391.0,1,7,0,-482.4
9755,220,522.0,4,3,0,-351.53
9756,55,94.0,3,2,0,-779.69
9757,294,637.0,2,9,0,-236.46
9758,266,520.0,1,9,0,-353.49
9759,332,674.0,2,3,0,-199.42
9760,280,25.0,4,5,1,-848.47
9761,173,230.0,1,8,0,-643.58
9762,324,364.0,3,2,1,-509.43
9763,77,784.0,0,3,0,-89.67
9764,52,315.0,0,5,0,-558.69
9765,175,351.0,2,5,0,-522.57
9766,107,209.0,1,8,0,-664.64
9767,311,396.0,4,11,0,-477.44
9768,327,503.0,3,5,0,-370.43
9769,119,989.0,3,5,0,115.37
9770,317,105.0,2,4,0,-768.44
9771,145,200.0,5,7,1,-673.6
9772,263,74.0,1,3,0,-799.49
9773,38,470.0,1,1,0,-403.71
9774,233,546.0,4,6,1,-327.52
9775,267,459.0,7,6,1,-414.49
9776,205,220.0,2,8,0,-653.55
9777,141,5032.0,1,7,0,4158.39
9778,148,146.0,3,2,0,-727.6
9779,55,558.0,1,5,0,-315.69
9780,246,268.0,1,6,0,-605.51
9781,98,307.0,4,8,1,-566.65
9782,317,929.0,2,7,0,55.56
9783,195,87.0,2,10,0,-786.56
9784,113,36.0,2,5,0,-837.63
9785,352,2703.0,1,11,0,1829.59
9786,82,493.0,3,2,0,-380.66
9787,13,636.0,2,4,1,-237.73
9788,94,477.0,1,6,1,-396.65
9789,274,531.0,2,5,0,-342.48
9790,102,1050.0,6,10,1,176.35
9791,124,59.0,1,5,0,-814.62
9792,137,1212.0,4,7,1,338.39
9793,44,1266.0,2,6,0,392.3
9794,356,528.0,5,2,1,-345.4
9795,98,1697.0,4,8,0,823.35
9796,114,377.0,2,9,1,-496.63
9797,183,1211.0,2,10,0,337.43
9798,178,1682.0,2,6,0,808.43
9799,160,330.0,3,11,1,-543.59
9800,132,217.0,3,7,0,-656.62
9801,238,5296.0,1,3,0,4422.48
9802,301,388.0,2,2,1,-485.45
9803,17,2472.0,0,6,0,1598.27
9804,44,356.0,1,9,0,-517.7
9805,202,819.0,0,6,0,-54.55
9806,33,189.0,2,7,0,-684.71
9807,267,1348.0,2,4,0,474.51
9808,6,1155.0,1,6,0,281.26
9809,68,435.0,1,5,0,-438.68
9810,262,1252.0,1,7,0,378.51
9811,107,467.0,0,6,0,-406.64
9812,237,870.0,1,11,0,-3.52
9813,209,2743.0,0,4,0,1869.46
9814,66,265.0,0,8,0,-608.68
9815,191,76.0,1,9,0,-797.56
9816,38,798.0,1,2,0,-75.71
9817,299,249.0,3,5,1,-624.46
9818,185,790.0,1,3,0,-83.57
9819,14,879.0,2,2,0,5.27
9820,365,350.0,2,6,0,-523.39
9821,283,248.0,3,5,1,-625.47
9822,257,153.0,1,4,0,-720.5
9823,208,224.0,0,4,0,-649.54
9824,198,289.0,1,6,0,-584.55
9825,246,721.0,2,3,0,-152.51
9826,153,1574.0,4,2,0,700.4
9827,47,6000.0,1,8,0,5126.3
9828,184,6000.0,1,8,0,5126.43
9829,224,226.0,1,5,0,-647.53
9830,359,116.0,3,3,0,-757.4
9831,133,282.0,3,1,1,-591.62
9832,79,139.0,2,2,0,-734.67
9833,226,2679.0,2,6,0,1805.47
9834,75,228.0,3,5,1,-645.67
9835,350,137.0,2,6,0,-736.41
9836,175,291.0,0,8,0,-582.57
9837,160,381.0,6,4,1,-492.59
9838,352,1523.0,4,4,0,649.6
9839,288,1400.0,0,3,0,526.53
9840,351,466.0,0,6,0,-407.41
9841,323,1034.0,4,6,0,160.57
9842,176,1384.0,4,6,0,510.43
9843,203,143.0,4,8,1,-730.55
9844,315,563.0,3,8,0,-310.44
9845,327,1830.0,1,8,0,956.57
9846,355,1223.0,2,4,0,349.6
9847,234,286.0,3,3,0,-587.52
9848,358,174.0,4,2,0,-699.4
9849,285,608.0,3,7,1,-265.47
9850,202,1182.0,2,4,0,308.45
9851,247,554.0,5,10,1,-319.51
9852,167,347.0,1,8,0,-526.58
9853,279,713.0,2,6,0,-160.47
9854,161,325.0,5,4,0,-548.59
9855,58,1285.0,1,16,1,411.31
9856,184,291.0,1,7,0,-582.57
9857,264,204.0,1,6,0,-669.49
9858,147,77.0,1,10,0,-796.6
9859,135,381.0,4,9,0,-492.61
9860,351,2127.0,4,4,0,1253.59
9861,270,194.0,2,5,0,-679.48
9862,181,1308.0,2,12,1,434.43
9863,96,954.0,3,7,1,80.35
9864,209,335.0,0,5,0,-538.54
9865,158,204.0,0,13,0,-669.59
9866,147,221.0,2,3,0,-652.6
9867,54,296.0,1,10,0,-577.69
9868,169,470.0,2,5,1,-403.58
9869,243,97.0,0,4,0,-776.51
9870,246,132.0,2,5,0,-741.51
9871,222,4257.0,0,5,0,3383.47
9872,243,740.0,5,7,1,-133.51
9873,315,763.0,1,7,0,-110.44
9874,266,989.0,3,8,1,115.51
9875,100,156.0,3,4,0,-717.65
9876,74,50.0,2,8,1,-823.67
9877,193,580.0,0,4,0,-293.56
9878,55,2645.0,1,3,0,1771.31
9879,80,1009.0,4,9,1,135.33
9880,330,375.0,3,6,0,-498.43
9881,100,1181.0,2,8,0,307.35
9882,95,835.0,0,3,0,-38.65
9883,237,4638.0,0,6,0,3764.48
9884,344,1474.0,3,12,0,600.59
9885,7,327.0,0,0,0,-546.74
9886,182,1178.0,4,5,1,304.43
9887,313,78.0,0,11,0,-795.44
9888,95,176.0,2,2,0,-697.65
9889,331,836.0,1,3,0,-37.42
9890,291,127.0,4,6,1,-746.46
9891,277,355.0,4,9,1,-518.48
9892,321,1258.0,1,7,0,384.57
9893,23,784.0,2,4,0,-89.72
9894,261,54.0,1,5,0,-819.49
9895,204,1363.0,1,6,0,489.45
9896,9,208.0,0,6,0,-665.73
9897,164,1457.0,4,9,0,583.41
9898,75,236.0,1,13,0,-637.67
9899,226,654.0,2,6,0,-219.53
9900,219,864.0,1,2,0,-9.53
9901,30,1213.0,2,6,0,339.29
9902,13,720.0,4,4,1,-153.73
9903,229,130.0,0,8,0,-743.52
9904,53,533.0,3,6,1,-340.69
9905,93,343.0,1,6,0,-530.65
9906,145,131.0,1,13,0,-742.6
9907,1,502.0,5,5,1,-371.74
9908,16,544.0,1,4,1,-329.73
9909,146,6000.0,1,5,0,5126.39
9910,229,359.0,4,7,1,-514.52
9911,128,1106.0,3,7,0,232.38
9912,68,108.0,1,5,1,-765.68
9913,175,495.0,2,5,0,-378.57
9914,357,1910.0,3,8,1,1036.6
9915,261,1386.0,3,7,0,512.51
9916,132,390.0,3,6,0,-483.62
9917,126,120.0,3,5,0,-753.62
9918,308,170.0,3,4,0,-703.45
9919,95,1356.0,4,4,0,482.35
9920,333,110.0,2,3,0,-763.42
9921,122,277.0,2,8,0,-596.63
9922,109,244.0,4,4,0,-629.64
9923,151,751.0,1,4,0,-122.6
9924,29,1108.0,0,4,0,234.28
9925,119,438.0,2,5,0,-435.63
9926,53,13.0,1,9,0,-860.69
9927,138,6000.0,4,4,0,5126.39
9928,13,6000.0,2,6,0,5126.27
9929,209,575.0,3,6,0,-298.54
9930,156,128.0,1,3,0,-745.59
9931,244,2494.0,2,3,0,1620.49
9932,339,2786.0,4,5,0,1912.58
9933,321,594.0,2,8,0,-279.43
9934,345,220.0,2,3,1,-653.41
9935,237,1438.0,5,10,1,564.48
9936,271,590.0,2,3,0,-283.48
9937,226,2121.0,2,9,0,1247.47
9938,203,368.0,2,3,0,-505.55
9939,102,1453.0,2,3,1,579.35
9940,6,291.0,0,8,0,-582.74
9941,83,990.0,1,5,0,116.34
9942,337,364.0,2,3,0,-509.42
9943,110,749.0,2,4,1,-124.64
9944,42,444.0,1,3,0,-429.7
9945,106,215.0,0,1,0,-658.64
9946,238,330.0,1,6,0,-543.51
9947,357,484.0,2,5,1,-389.4
9948,89,50.0,0,6,0,-823.66
9949,264,51.0,0,10,0,-822.49
9950,310,293.0,1,3,0,-580.44
9951,170,333.0,0,5,0,-540.58
9952,48,2070.0,3,6,0,1196.3
9953,55,190.0,2,7,0,-683.69
9954,50,461.0,4,6,1,-412.7
9955,109,30.0,1,9,0,-843.64
9956,267,185.0,1,6,1,-688.49
9957,158,1136.0,4,4,0,262.41
9958,85,291.0,2,6,0,-582.66
9959,188,351.0,1,9,0,-522.56
9960,135,804.0,3,5,1,-69.61
9961,11,565.0,1,6,0,-308.73
9962,68,172.0,2,9,0,-701.68
9963,53,733.0,1,6,1,-140.69
9964,259,1397.0,0,4,0,523.51
9965,246,735.0,3,6,1,-138.51
9966,8,243.0,3,5,0,-630.74
9967,8,253.0,1,6,0,-620.74
9968,110,1206.0,0,7,0,332.36
9969,261,50.0,4,6,0,-823.49
9970,215,560.0,1,6,0,-313.54
9971,293,2215.0,4,8,0,1341.54
9972,132,673.0,2,4,1,-200.62
9973,178,1233.0,4,5,1,359.43
9974,310,883.0,0,7,0,9.55
9975,138,861.0,2,5,0,-12.61
9976,273,349.0,2,7,0,-524.48
9977,266,201.0,2,5,1,-672.49
9978,2,1196.0,0,6,0,322.26
9979,125,218.0,1,5,0,-655.62
9980,242,51.0,4,4,1,-822.51
9981,28,207.0,5,5,0,-666.72
9982,203,5198.0,2,7,1,4324.45
9983,273,521.0,1,9,0,-352.48
9984,190,283.0,1,4,0,-590.56
9985,61,1540.0,5,6,1,666.31
9986,20,425.0,1,5,0,-448.72
9987,278,881.0,1,7,0,7.52
9988,301,618.0,7,11,1,-255.45
9989,50,264.0,2,7,1,-609.7
9990,115,1368.0,0,9,0,494.37
9991,127,3727.0,4,3,0,2853.38
9992,41,187.0,4,5,1,-686.7
9993,228,506.0,0,4,0,-367.52
9994,251,181.0,2,8,1,-692.5
9995,146,351.0,4,6,0,-522.6
9996,212,1472.0,1,2,0,598.46
9997,253,853.0,4,4,0,-20.5
9998,337,932.0,2,3,0,58.58
9999,166,750.0,3,9,0,-123.58
10000,352,140.0,2,4,0,-733.4
10001,63,793.0,1,6,0,-80.68
10002,338,640.0,6,3,1,-233.42
10003,105,516.0,0,5,0,-357.64
10004,306,64.0,1,6,0,-809.45
10005,10,589.0,5,4,1,-284.73
10006,267,627.0,1,5,0,-246.49
10007,97,132.0,3,6,1,-741.65
10008,67,962.0,3,7,0,88.32
10009,4,173.0,2,7,0,-700.74
10010,145,632.0,0,4,0,-241.6
10011,48,140.0,2,7,0,-733.7
10012,184,2597.0,3,6,1,1723.43
10013,232,410.0,3,9,0,-463.52
10014,332,686.0,2,9,0,-187.42
10015,2,166.0,0,6,1,-707.74
10016,1,380.0,0,4,0,-493.74
10017,56,1147.0,1,5,0,273.31
10018,59,473.0,4,6,1,-400.69
10019,91,280.0,1,8,1,-593.66
10020,337,554.0,1,3,0,-319.42
10021,111,733.0,0,5,0,-140.64
10022,59,4464.0,3,9,0,3590.31
10023,11,474.0,1,9,1,-399.73
10024,102,379.0,1,4,0,-494.65
10025,15,589.0,2,9,0,-284.73
10026,7,3837.0,2,3,1,2963.26
10027,70,1090.0,1,7,0,216.32
10028,307,4361.0,1,7,0,3487.55
10029,79,496.0,3,6,1,-377.67
10030,353,123.0,1,5,1,-750.4
10031,194,1101.0,2,4,0,227.44
10032,307,265.0,2,13,0,-608.45
10033,154,564.0,1,2,0,-309.6
10034,258,1379.0,5,4,0,505.5
10035,331,117.0,2,4,1,-756.42
10036,193,3644.0,1,4,0,2770.44
10037,326,3312.0,0,7,0,2438.57
10038,189,46.0,5,3,1,-827.56
10039,84,237.0,2,5,0,-636.66
10040,243,346.0,2,10,0,-527.51
10041,286,443.0,3,4,0,-430.47
10042,124,1016.0,1,5,0,142.38
10043,326,73.0,1,10,1,-800.43
10044,230,361.0,1,6,1,-512.52
10045,302,1124.0,2,6,1,250.55
10046,134,1385.0,1,8,0,511.39
10047,236,427.0,0,11,0,-446.52
10048,49,390.0,2,6,0,-483.7
10049,235,246.0,2,10,0,-627.52
10050,130,1152.0,6,5,1,278.38
10051,342,372.0,3,8,0,-501.41
10052,214,704.0,2,5,0,-169.54
10053,334,334.0,1,12,0,-539.42
10054,337,1384.0,2,6,0,510.58
10055,155,209.0,1,10,0,-664.59
10056,183,244.0,2,3,0,-629.57
10057,118,300.0,0,5,0,-573.63
10058,212,429.0,2,6,1,-444.54
10059,61,503.0,1,12,0,-370.68
10060,228,243.0,0,6,0,-630.52
10061,159,637.0,1,4,0,-236.59
10062,191,1244.0,5,7,1,370.44
10063,101,15.0,4,4,1,-858.65
10064,205,171.0,4,3,1,-702.55
10065,290,71.0,1,2,0,-802.46
10066,174,6000.0,2,5,0,5126.42
10067,93,2609.0,4,9,0,1735.34
10068,136,1118.0,5,11,1,244.39
10069,237,836.0,2,7,0,-37.52
10070,189,42.0,3,5,0,-831.56
10071,198,586.0,3,9,0,-287.55
10072,250,3704.0,2,8,1,2830.5
10073,106,562.0,2,9,1,-311.64
10074,236,374.0,3,2,0,-499.52
10075,247,967.0,3,8,1,93.49
10076,45,296.0,3,5,0,-577.7
10077,155,1246.0,2,5,1,372.41
10078,18,418.0,1,5,1,-455.73
10079,251,962.0,0,6,0,88.5
10080,278,848.0,2,7,0,-25.48
10081,212,2772.0,3,7,0,1898.46
10082,320,771.0,5,9,0,-102.44
10083,288,1783.0,2,4,0,909.53
10084,151,317.0,2,8,0,-556.6
10085,80,696.0,2,9,1,-177.67
10086,294,362.0,1,6,0,-511.46
10087,38,1122.0,2,9,1,248.29
10088,221,1843.0,3,8,0,969.47
10089,120,528.0,1,3,1,-345.63
10090,220,937.0,2,5,0,63.47
10091,72,562.0,5,12,0,-311.67
10092,174,1437.0,3,4,0,563.42
10093,212,511.0,3,4,0,-362.54
10094,267,197.0,0,3,0,-676.49
10095,42,2501.0,2,9,1,1627.3
10096,307,6000.0,3,5,0,5126.55
10097,268,412.0,1,8,0,-461.49
10098,218,3621.0,3,3,1,2747.47
10099,315,517.0,4,2,0,-356.44
10100,346,88.0,2,6,0,-785.41
10101,156,845.0,5,5,1,-28.59
10102,52,625.0,2,3,0,-248.69
10103,269,929.0,2,11,1,55.52
10104,351,2159.0,1,7,0,1285.59
10105,110,4631.0,1,7,0,3757.36
10106,231,2670.0,1,5,0,1796.48
10107,76,3716.0,1,5,0,2842.33
10108,346,517.0,3,6,0,-356.41
10109,42,477.0,0,2,0,-396.7
10110,336,156.0,2,6,0,-717.42
10111,13,219.0,0,6,0,-654.73
10112,128,90.0,2,5,0,-783.62
10113,92,83.0,2,5,1,-790.65
10114,254,4430.0,5,11,1,3556.5
10115,26,306.0,2,6,0,-567.72
10116,170,1425.0,2,4,0,551.42
10117,85,860.0,3,3,0,-13.66
10118,351,1216.0,2,5,0,342.59
10119,184,178.0,1,7,0,-695.57
10120,46,256.0,3,8,0,-617.7
10121,109,164.0,1,4,0,-709.64
10122,181,378.0,1,10,0,-495.57
10123,290,2288.0,2,8,0,1414.53
10124,242,273.0,2,5,0,-600.51
10125,276,628.0,1,3,0,-245.48
10126,56,875.0,3,9,1,1.31
10127,281,1790.0,2,7,0,916.53
10128,147,6000.0,2,8,0,5126.4
10129,292,380.0,1,10,0,-493.46
10130,52,842.0,2,6,1,-31.69
10131,163,892.0,1,9,0,18.41
10132,93,265.0,1,5,0,-608.65
10133,358,729.0,1,5,0,-144.4
10134,111,906.0,2,11,0,32.36
10135,228,1142.0,0,11,0,268.48
10136,69,1154.0,3,1,0,280.32
10137,177,982.0,2,8,0,108.43
10138,106,217.0,3,7,0,-656.64
10139,179,178.0,2,6,0,-695.57
10140,346,1366.0,2,9,0,492.59
10141,33,146.0,3,1,1,-727.71
10142,36,135.0,4,4,1,-738.71
10143,80,288.0,1,5,0,-585.67
10144,365,1144.0,2,6,1,270.61
10145,15,426.0,1,4,1,-447.73
10146,294,3086.0,3,2,0,2212.54
10147,27,803.0,0,6,0,-70.72
10148,164,3412.0,1,7,0,2538.41
10149,351,109.0,3,8,0,-764.41
10150,115,270.0,0,5,0,-603.63
10151,51,201.0,2,10,0,-672.69
10152,245,401.0,1,6,0,-472.51
10153,133,1322.0,1,5,0,448.38
10154,311,186.0,2,11,0,-687.44
10155,240,705.0,1,6,1,-168.51
10156,249,796.0,1,11,0,-77.5
10157,232,101.0,0,7,0,-772.52
10158,99,1507.0,3,6,0,633.35
10159,31,473.0,1,6,0,-400.71
10160,26,105.0,2,6,1,-768.72
10161,28,3064.0,1,9,0,2190.28
10162,8,2805.0,0,6,0,1931.26
10163,131,150.0,2,7,0,-723.62
10164,219,138.0,1,5,0,-735.53
10165,73,187.0,1,7,0,-686.67
10166,23,479.0,1,4,1,-394.72
10167,356,198.0,3,3,0,-675.4
10168,121,1008.0,2,4,0,134.37
10169,350,272.0,4,2,1,-601.41
10170,202,706.0,2,8,1,-167.55
10171,168,552.0,2,6,0,-321.58
10172,342,729.0,1,10,0,-144.41
10173,145,1171.0,2,5,1,297.4
10174,248,425.0,1,12,0,-448.5
10175,6,303.0,3,7,1,-570.74
10176,305,641.0,2,4,0,-232.45
10177,173,200.0,1,3,1,-673.58
10178,151,17.0,3,16,0,-856.6
10179,238,69.0,1,7,0,-804.51
10180,245,280.0,3,4,0,-593.51
10181,361,1198.0,4,10,0,324.6
10182,168,646.0,0,6,0,-227.58
10183,128,1328.0,0,3,0,454.38
10184,211,197.0,0,4,0,-676.54
10185,80,1451.0,1,9,0,577.33
10186,64,870.0,1,2,0,-3.68
10187,112,236.0,0,6,0,-637.64
10188,127,440.0,1,11,0,-433.62
10189,99,476.0,2,7,0,-397.65
10190,117,272.0,1,8,1,-601.63
10191,245,891.0,3,8,1,17.49
10192,176,262.0,2,12,0,-611.57
10193,37,1089.0,5,5,0,215.29
10194,49,322.0,1,7,0,-551.7
10195,3,108.0,1,9,0,-765.74
10196,200,551.0,2,5,0,-322.55
10197,346,250.0,0,7,0,-623.41
10198,199,218.0,5,3,1,-655.55
10199,65,725.0,2,2,0,-148.68
10200,302,829.0,1,9,0,-44.45
10201,244,617.0,2,6,1,-256.51
10202,266,99.0,5,8,0,-774.49
10203,112,73.0,1,10,0,-800.64
10204,231,409.0,2,6,0,-464.52
10205,182,478.0,3,5,0,-395.57
10206,269,310.0,3,4,0,-563.48
10207,116,176.0,2,6,0,-697.63
10208,152,118.0,0,3,0,-755.6
10209,284,201.0,1,2,0,-672.47
10210,360,6000.0,1,2,0,5126.6
10211,165,55.0,2,6,1,-818.58
10212,296,2799.0,3,5,0,1925.54
10213,123,164.0,1,5,0,-709.62
10214,130,514.0,2,5,0,-359.62
10215,302,245.0,3,6,0,-628.45
10216,188,1445.0,6,4,1,571.44
10217,221,743.0,2,5,0,-130.53
10218,149,1015.0,6,4,1,141.4
10219,345,549.0,2,6,0,-324.41
10220,22,278.0,1,8,0,-595.72
10221,276,474.0,0,6,0,-399.48
10222,291,409.0,1,6,0,-464.46
10223,227,1522.0,2,5,0,648.47
10224,139,193.0,0,4,0,-680.61
10225,159,382.0,1,7,0,-491.59
10226,302,606.0,3,7,0,-267.45
10227,287,1129.0,1,5,0,255.53
10228,147,4049.0,2,6,1,3175.4
10229,277,206.0,1,7,0,-667.48
10230,207,168.0,4,6,0,-705.54
10231,328,159.0,3,7,0,-714.43
10232,46,385.0,4,4,1,-488.7
10233,146,117.0,1,9,0,-756.6
10234,55,335.0,3,4,1,-538.69
10235,156,362.0,6,7,0,-511.59
10236,66,1097.0,2,5,0,223.32
10237,105,430.0,2,7,1,-443.64
10238,112,111.0,2,8,1,-762.64
10239,244,407.0,2,10,0,-466.51
10240,115,129.0,2,6,1,-744.63
10241,233,432.0,4,5,0,-441.52
10242,50,589.0,3,5,0,-284.7
10243,75,102.0,2,2,0,-771.67
10244,125,1354.0,4,8,1,480.38
10245,290,2203.0,2,8,1,1329.53
10246,172,91.0,3,6,0,-782.58
10247,13,992.0,1,3,0,118.27
10248,281,372.0,1,6,1,-501.47
10249,84,609.0,5,6,1,-264.66
10250,335,457.0,0,8,0,-416.42
10251,208,544.0,0,10,1,-329.54
10252,263,6000.0,3,5,0,5126.51
10253,187,1075.0,1,4,0,201.44
10254,31,3280.0,3,3,1,2406.29
10255,100,470.0,2,9,1,-403.65
10256,229,305.0,0,5,0,-568.52
10257,253,822.0,1,5,0,-51.5
10258,179,448.0,3,3,0,-425.57
10259,339,339.0,0,7,0,-534.42
10260,279,354.0,0,5,0,-519.47
10261,198,2043.0,0,5,0,1169.45
10262,153,197.0,3,7,0,-676.6
10263,332,1688.0,2,8,0,814.58
10264,300,145.0,2,9,1,-728.45
10265,68,248.0,0,10,0,-625.68
10266,327,4433.0,0,2,0,3559.57
10267,355,300.0,0,7,0,-573.4
10268,314,247.0,2,3,0,-626.44
10269,84,1856.0,1,8,0,982.34
10270,331,133.0,3,4,1,-740.42
10271,313,1132.0,1,5,0,258.56
10272,290,2154.0,0,2,0,1280.54
10273,309,249.0,2,7,0,-624.45
10274,52,1258.0,3,6,0,384.31
10275,301,1725.0,0,3,0,851.55
10276,117,169.0,1,5,0,-704.63
10277,91,620.0,2,5,1,-253.66
10278,346,316.0,2,12,0,-557.41
10279,296,1356.0,2,7,0,482.54
10280,197,294.0,1,6,1,-579.55
10281,205,1001.0,4,9,1,127.45
10282,282,999.0,1,8,0,125.53
10283,11,1581.0,2,6,1,707.27
10284,360,587.0,0,3,0,-286.4
10285,363,563.0,1,6,0,-310.39
10286,314,303.0,2,7,0,-570.44
10287,285,617.0,1,5,0,-256.47
10288,264,2101.0,0,5,0,1227.51
10289,163,536.0,1,7,0,-337.59
10290,325,2566.0,1,7,0,1692.57
10291,102,629.0,1,3,0,-244.65
10292,137,83.0,1,3,0,-790.61
10293,26,3157.0,0,5,0,2283.28
10294,204,144.0,0,6,0,-729.55
10295,83,1886.0,2,4,0,1012.34
10296,125,761.0,3,10,0,-112.62
10297,284,716.0,1,6,0,-157.47
10298,121,362.0,1,2,0,-511.63
10299,160,259.0,1,5,0,-614.59
10300,93,2452.0,1,3,0,1578.35
10301,161,1589.0,5,6,0,715.41
10302,58,6000.0,2,3,0,5126.31
10303,242,229.0,0,7,0,-644.51
10304,322,1170.0,0,9,0,296.57
10305,340,71.0,5,5,0,-802.42
10306,149,728.0,1,6,0,-145.6
10307,61,102.0,1,4,0,-771.68
10308,47,408.0,3,1,0,-465.7
10309,299,355.0,1,8,0,-518.46
10310,173,735.0,1,6,0,-138.58
10311,23,1040.0,2,7,0,166.28
10312,203,298.0,3,5,1,-575.55
10313,209,191.0,6,5,1,-682.54
10314,45,1339.0,0,8,0,465.3
10315,155,1127.0,2,5,0,253.41
10316,105,161.0,1,2,0,-712.64
10317,2,227.0,2,2,0,-646.74
10318,88,366.0,3,5,1,-507.66
10319,304,1456.0,4,4,1,582.55
10320,237,1441.0,1,4,0,567.48
10321,197,564.0,0,7,0,-309.55
10322,234,578.0,2,10,0,-295.52
10323,321,601.0,1,10,0,-272.43
10324,75,1083.0,1,9,1,209.33
10325,107,430.0,2,3,0,-443.64
10326,23,160.0,2,6,1,-713.72
10327,260,492.0,0,7,0,-381.49
10328,271,2444.0,5,5,1,1570.52
10329,84,169.0,1,6,0,-704.66
10330,52,677.0,1,7,0,-196.69
10331,58,731.0,2,10,0,-142.69
10332,159,1542.0,3,1,0,668.41
10333,66,234.0,1,7,0,-639.68
10334,231,885.0,2,7,0,11.48
10335,1,334.0,2,6,0,-539.74
10336,75,273.0,2,5,0,-600.67
10337,265,1336.0,1,7,0,462.51
10338,316,6000.0,0,5,0,5126.56
10339,104,187.0,3,3,0,-686.64
10340,129,841.0,2,3,0,-32.62
10341,290,127.0,3,2,0,-746.46
10342,199,439.0,0,6,0,-434.55
10343,204,597.0,0,6,0,-276.55
10344,90,322.0,5,3,1,-551.66
10345,265,309.0,2,5,0,-564.49
10346,248,2437.0,2,5,0,1563.49
10347,337,153.0,1,3,0,-720.42
10348,333,472.0,5,7,1,-401.42
10349,343,1563.0,1,7,0,689.59
10350,98,291.0,2,5,0,-582.65
10351,137,436.0,4,13,0,-437.61
10352,190,512.0,3,4,0,-361.56
10353,262,620.0,2,5,0,-253.49
10354,138,146.0,2,3,0,-727.61
10355,233,71.0,1,9,0,-802.52
10356,227,227.0,1,9,0,-646.52
10357,338,6000.0,2,5,0,5126.58
10358,34,306.0,3,5,1,-567.71
10359,287,49.0,7,11,0,-824.47
10360,92,576.0,2,7,1,-297.65
10361,290,361.0,3,6,0,-512.46
10362,178,115.0,1,6,0,-758.57
10363,347,533.0,2,3,0,-340.41
10364,75,1220.0,5,7,1,346.33
10365,303,3550.0,4,11,1,2676.55
10366,300,274.0,1,3,0,-599.45
10367,157,197.0,2,9,0,-676.59
10368,152,277.0,0,5,0,-596.6
10369,226,2314.0,3,4,0,1440.47
10370,213,2112.0,1,8,1,1238.46
10371,99,2451.0,2,4,1,1577.35
10372,173,850.0,0,10,0,-23.58
10373,316,243.0,3,6,0,-630.44
10374,198,894.0,1,4,0,20.45
10375,307,827.0,3,3,0,-46.45
10376,241,202.0,1,6,0,-671.51
10377,115,272.0,1,7,0,-601.63
10378,245,408.0,1,11,0,-465.51
10379,55,334.0,0,5,0,-539.69
10380,151,4097.0,0,9,0,3223.4
10381,1,327.0,4,3,1,-546.74
10382,130,212.0,2,8,0,-661.62
10383,13,266.0,3,5,0,-607.73
10384,268,813.0,1,2,0,-60.49
10385,62,398.0,0,4,0,-475.68
10386,137,277.0,3,1,0,-596.61
10387,33,2537.0,2,4,0,1663.29
10388,62,709.0,0,4,0,-164.68
10389,135,772.0,1,11,0,-101.61
10390,164,6000.0,2,8,1,5126.41
10391,312,1264.0,2,0,1,390.56
10392,190,146.0,1,7,0,-727.56
10393,364,108.0,2,9,0,-765.39
10394,108,1805.0,1,11,0,931.36
10395,62,680.0,3,7,1,-193.68
10396,144,952.0,2,4,0,78.4
10397,196,1664.0,1,4,0,790.44
10398,47,1318.0,2,7,0,444.3
10399,242,371.0,1,3,0,-502.51
10400,102,387.0,1,3,0,-486.65
10401,208,840.0,2,5,1,-33.54
10402,300,1943.0,0,8,0,1069.54
10403,119,212.0,2,11,0,-661.63
10404,323,232.0,2,5,0,-641.43
10405,145,160.0,3,6,1,-713.6
10406,185,213.0,4,6,0,-660.57
10407,339,262.0,1,7,0,-611.42
10408,168,527.0,2,7,1,-346.58
10409,161,1151.0,3,5,0,277.41
10410,323,2707.0,0,3,0,1833.57
10411,212,1017.0,1,3,0,143.46
10412,36,3205.0,1,3,0,2331.29
10413,23,394.0,0,5,0,-479.72
10414,326,1389.0,1,6,0,515.57
10415,282,591.0,6,4,1,-282.47
10416,212,454.0,1,7,0,-419.54
10417,60,67.0,2,6,0,-806.69
10418,196,701.0,3,9,1,-172.55
10419,91,778.0,1,6,0,-95.66
10420,281,468.0,1,5,0,-405.47
10421,333,230.0,1,7,0,-643.42
10422,94,108.0,4,3,1,-765.65
10423,231,1245.0,3,6,1,371.48
10424,151,1290.0,1,11,0,416.4
10425,275,1279.0,0,10,0,405.52
10426,203,495.0,1,3,0,-378.55
10427,251,91.0,0,0,0,-782.5
10428,106,427.0,1,8,0,-446.64
10429,335,203.0,4,5,1,-670.42
10430,288,343.0,1,6,0,-530.47
10431,353,2228.0,1,5,0,1354.6
10432,190,1486.0,1,4,0,612.44
10433,84,1657.0,2,6,1,783.34
10434,150,2638.0,0,3,0,1764.4
10435,60,649.0,0,8,0,-224.69
10436,120,566.0,5,6,1,-307.63
10437,105,2592.0,1,5,1,1718.36
10438,56,216.0,2,2,1,-657.69
10439,339,89.0,0,6,0,-784.42
10440,83,1097.0,3,4,0,223.34
10441,240,125.0,2,5,0,-748.51
10442,230,1008.0,2,7,0,134.48
10443,197,183.0,1,9,0,-690.55
10444,264,374.0,1,4,0,-499.49
10445,349,645.0,0,2,0,-228.41
10446,325,266.0,3,10,1,-607.43
10447,255,191.0,1,2,1,-682.5
10448,158,199.0,5,5,1,-674.59
10449,205,985.0,1,11,0,111.45
10450,81,2142.0,2,5,0,1268.33
10451,230,759.0,1,7,0,-114.52
10452,138,549.0,1,6,0,-324.61
10453,81,1624.0,1,4,1,750.33
10454,323,154.0,2,6,0,-719.43
10455,243,99.0,6,5,1,-774.51
10456,229,478.0,1,6,0,-395.52
10457,115,667.0,2,9,1,-206.63
10458,33,1289.0,2,10,0,415.29
10459,62,1411.0,1,2,1,537.32
10460,102,1207.0,5,8,1,333.35
10461,281,215.0,2,5,0,-658.47
10462,21,596.0,4,13,1,-277.72
10463,10,6000.0,0,6,0,5126.26
10464,4,147.0,2,3,0,-726.74
10465,334,126.0,0,3,0,-747.42
10466,299,362.0,3,6,0,-511.46
10467,92,332.0,3,4,0,-541.65
10468,14,888.0,2,4,0,14.27
10469,197,766.0,2,5,0,-107.55
10470,313,351.0,0,4,0,-522.44
10471,142,43.0,3,4,1,-830.61
10472,87,447.0,3,6,1,-426.66
10473,190,4076.0,0,4,0,3202.44
10474,97,163.0,2,6,1,-710.65
10475,42,515.0,1,2,0,-358.7
10476,191,1059.0,1,5,0,185.44
10477,327,130.0,2,8,0,-743.43
10478,242,385.0,1,8,0,-488.51
10479,224,3893.0,1,5,0,3019.47
10480,204,263.0,2,4,0,-610.55
10481,65,1618.0,3,4,0,744.32
10482,47,108.0,0,6,0,-765.7
10483,81,1427.0,1,2,0,553.33
10484,157,89.0,2,5,0,-784.59
10485,188,394.0,1,4,0,-479.56
10486,277,892.0,0,4,0,18.52
10487,335,74.0,3,5,0,-799.42
10488,252,154.0,1,12,0,-719.5
10489,39,640.0,1,3,0,-233.71
10490,87,195.0,2,8,0,-678.66
10491,101,1782.0,0,3,0,908.35
10492,319,849.0,2,5,0,-24.44
10493,235,3601.0,2,6,0,2727.48
10494,34,3079.0,3,6,0,2205.29
10495,296,1062.0,2,5,0,188.54
10496,315,142.0,2,4,0,-731.44
10497,93,2609.0,2,5,0,1735.35
10498,39,1270.0,2,4,1,396.29
10499,328,362.0,4,3,0,-511.43
10500,204,412.0,1,4,0,-461.55
10501,299,164.0,3,6,1,-709.46
10502,293,2320.0,1,5,1,1446.54
10503,281,274.0,4,11,1,-599.47
10504,271,86.0,2,4,0,-787.48
10505,244,258.0,5,9,1,-615.51
10506,147,307.0,2,10,1,-566.6
10507,286,999.0,2,3,0,125.53
10508,67,112.0,2,2,0,-761.68
10509,236,196.0,3,8,1,-677.52
10510,237,435.0,0,6,0,-438.52
10511,302,1938.0,1,6,0,1064.55
10512,213,164.0,5,8,1,-709.54
10513,167,765.0,2,9,1,-108.58
10514,232,4825.0,2,6,1,3951.48
10515,346,1669.0,5,7,1,795.59
10516,139,379.0,0,7,0,-494.61
10517,153,1519.0,2,3,0,645.4
10518,107,1420.0,1,9,0,546.36
10519,50,103.0,1,4,0,-770.7
10520,156,1392.0,2,8,0,518.41
10521,246,585.0,2,3,0,-288.51
10522,183,37.0,1,7,0,-836.57
10523,168,336.0,3,7,0,-537.58
10524,91,835.0,3,8,1,-38.66
10525,61,428.0,3,7,0,-445.68
10526,167,603.0,2,9,0,-270.58
10527,362,1606.0,2,5,1,732.6
10528,125,180.0,3,7,0,-693.62
10529,223,830.0,3,8,1,-43.53
10530,85,930.0,2,4,1,56.34
10531,5,704.0,2,3,0,-169.74
10532,86,1052.0,4,4,0,178.34
10533,125,557.0,0,6,0,-316.62
10534,295,111.0,3,8,1,-762.46
10535,76,379.0,4,5,1,-494.67
10536,279,632.0,3,8,0,-241.47
10537,295,131.0,2,7,0,-742.46
10538,195,1399.0,2,5,0,525.44
10539,334,486.0,3,1,1,-387.42
10540,227,286.0,1,7,0,-587.52
10541,137,1135.0,3,8,0,261.39
10542,358,1832.0,0,6,0,958.6
10543,20,771.0,1,6,0,-102.72
10544,336,286.0,1,6,0,-587.42
10545,244,1490.0,1,13,0,616.49
10546,1,1022.0,2,2,1,148.26
10547,1,226.0,2,3,0,-647.74
10548,259,896.0,2,5,1,22.51
10549,280,415.0,1,4,1,-458.47
10550,33,1120.0,3,15,0,246.29
10551,148,1747.0,2,4,0,873.4
10552,231,81.0,2,5,0,-792.52
10553,186,1537.0,2,7,1,663.44
10554,331,16.0,1,5,0,-857.42
10555,59,146.0,5,4,0,-727.69
10556,335,266.0,1,4,0,-607.42
10557,89,55.0,2,4,0,-818.66
10558,77,153.0,0,6,0,-720.67
10559,360,650.0,4,9,0,-223.4
10560,218,6000.0,1,7,0,5126.46
10561,129,1650.0,1,10,1,776.38
10562,74,569.0,1,9,0,-304.67
10563,146,5488.0,3,8,0,4614.39
10564,93,108.0,1,6,0,-765.65
10565,43,366.0,1,3,0,-507.7
10566,200,353.0,1,3,1,-520.55
10567,12,358.0,3,2,1,-515.73
10568,6,767.0,0,6,0,-106.74
10569,181,421.0,1,6,0,-452.57
10570,99,562.0,2,9,0,-311.65
10571,338,193.0,1,3,0,-680.42
10572,159,899.0,3,5,1,25.41
10573,352,261.0,3,5,1,-612.4
10574,189,721.0,1,7,0,-152.56
10575,146,2402.0,3,5,0,1528.4
10576,100,60.0,3,9,0,-813.65
10577,276,1904.0,2,3,0,1030.52
10578,208,160.0,2,3,0,-713.54
10579,105,3281.0,3,6,1,2407.36
10580,308,663.0,2,10,0,-210.45
10581,365,262.0,2,9,0,-611.39
10582,330,2224.0,0,7,0,1350.57
10583,195,778.0,3,8,0,-95.56
10584,298,704.0,0,1,0,-169.46
10585,132,41.0,0,3,0,-832.62
10586,315,192.0,2,7,0,-681.44
10587,85,195.0,1,7,1,-678.66
10588,263,612.0,2,7,0,-261.49
10589,223,308.0,4,3,1,-565.53
10590,110,524.0,1,2,1,-349.64
10591,239,1808.0,3,5,0,934.49
10592,79,2057.0,1,8,0,1183.33
10593,248,306.0,1,12,0,-567.5
10594,337,779.0,3,6,0,-94.42
10595,132,575.0,0,4,0,-298.62
10596,161,630.0,3,7,0,-243.59
10597,279,433.0,3,7,1,-440.47
10598,359,2925.0,1,7,0,2051.6
10599,202,578.0,4,10,0,-295.55
10600,41,293.0,0,3,0,-580.7
10601,73,720.0,2,6,0,-153.67
10602,285,864.0,2,3,0,-9.47
10603,220,386.0,2,13,0,-487.53
10604,78,345.0,2,6,0,-528.67
10605,141,325.0,1,7,0,-548.61
10606,49,304.0,1,7,0,-569.7
10607,342,455.0,1,7,0,-418.41
10608,179,178.0,1,7,0,-695.57
10609,83,217.0,4,7,1,-656.66
10610,348,192.0,0,10,0,-681.41
10611,235,90.0,3,2,1,-783.52
10612,61,844.0,2,2,0,-29.68
10613,336,1767.0,3,6,0,893.58
10614,95,328.0,2,4,0,-545.65
10615,98,350.0,3,8,0,-523.65
10616,13,116.0,4,5,0,-757.73
10617,215,521.0,3,2,1,-352.54
10618,271,426.0,2,4,0,-447.48
10619,231,200.0,3,4,0,-673.52
10620,24,262.0,0,7,0,-611.72
10621,350,686.0,2,4,0,-187.41
10622,95,393.0,2,2,1,-480.65
10623,164,305.0,0,3,0,-568.59
10624,33,198.0,2,3,0,-675.71
10625,168,1714.0,2,5,1,840.42
10626,348,1695.0,4,7,1,821.59
10627,29,333.0,2,9,1,-540.72
10628,120,211.0,2,5,0,-662.63
10629,263,406.0,2,5,0,-467.49
10630,237,3902.0,2,7,0,3028.48
10631,66,303.0,9,3,1,-570.68
10632,116,2634.0,3,6,0,1760.37
10633,192,955.0,1,5,0,81.44
10634,15,2458.0,2,7,1,1584.27
10635,295,266.0,2,9,0,-607.46
10636,336,708.0,1,6,0,-165.42
10637,308,389.0,2,9,0,-484.45
10638,192,1110.0,1,6,0,236.44
10639,114,713.0,2,6,1,-160.63
10640,266,378.0,1,5,0,-495.49
10641,355,698.0,4,4,0,-175.4
10642,38,2624.0,2,1,0,1750.29
10643,57,476.0,1,10,0,-397.69
10644,219,152.0,2,12,0,-721.53
10645,252,365.0,2,6,0,-508.5
10646,189,829.0,2,1,1,-44.56
10647,104,1210.0,2,6,1,336.36
10648,263,185.0,2,9,0,-688.49
10649,15,576.0,3,1,1,-297.73
10650,147,6000.0,1,2,1,5126.4
10651,365,127.0,1,7,0,-746.39
10652,212,76.0,2,4,1,-797.54
10653,60,6000.0,3,4,0,5126.31
10654,148,400.0,2,6,0,-473.6
10655,12,641.0,0,10,0,-232.73
10656,123,754.0,2,9,1,-119.63
10657,153,1369.0,2,5,0,495.4
10658,129,2542.0,1,9,0,1668.38
10659,317,211.0,1,9,0,-662.44
10660,48,648.0,1,9,1,-225.7
10661,284,115.0,1,6,0,-758.47
10662,50,168.0,3,5,0,-705.7
10663,287,196.0,4,5,1,-677.47
10664,244,681.0,0,6,0,-192.51
10665,228,3584.0,1,5,0,2710.47
10666,90,151.0,0,5,0,-722.66
10667,92,649.0,3,2,1,-224.65
10668,73,861.0,2,7,1,-12.67
10669,10,1387.0,0,8,0,513.27
10670,99,194.0,4,3,1,-679.65
10671,257,313.0,2,3,0,-560.5
10672,346,448.0,1,4,0,-425.41
10673,49,1169.0,2,7,0,295.3
10674,117,160.0,1,10,0,-713.63
10675,207,918.0,3,6,0,44.46
10676,87,1104.0,1,2,0,230.34
10677,261,842.0,2,8,1,-31.49
10678,202,232.0,4,7,0,-641.55
10679,81,1723.0,2,10,1,849.33
10680,80,313.0,1,4,0,-560.67
10681,233,1769.0,2,5,0,895.48
10682,261,166.0,4,5,0,-707.49
10683,259,220.0,1,4,0,-653.49
10684,261,1158.0,3,3,0,284.51
10685,344,109.0,1,5,0,-764.41
10686,256,542.0,0,3,0,-331.5
10687,78,855.0,3,6,0,-18.67
10688,154,1343.0,1,3,0,469.4
10689,109,87.0,4,6,1,-786.64
10690,22,52.0,4,6,1,-821.72
10691,28,873.0,1,6,0,-0.72
10692,119,1591.0,4,9,1,717.37
10693,66,364.0,1,7,1,-509.68
10694,120,269.0,6,11,1,-604.63
10695,192,6000.0,1,3,0,5126.44
10696,172,347.0,3,3,0,-526.58
10697,117,111.0,1,7,0,-762.63
10698,335,163.0,2,5,0,-710.42
10699,174,603.0,2,12,0,-270.58
10700,227,408.0,2,4,0,-465.52
10701,330,1637.0,3,4,1,763.57
10702,97,333.0,1,8,0,-540.65
10703,322,104.0,4,5,1,-769.43
10704,101,2924.0,0,3,0,2050.35
10705,94,1998.0,2,2,0,1124.35
10706,64,456.0,1,11,0,-417.68
10707,48,846.0,2,5,0,-27.7
10708,233,48.0,3,10,0,-825.52
10709,69,237.0,2,8,1,-636.68
10710,219,150.0,1,6,0,-723.53
10711,156,2629.0,2,9,0,1755.41
10712,356,316.0,2,10,0,-557.4
10713,241,700.0,7,7,1,-173.51
10714,230,983.0,0,7,0,109.48
10715,95,3268.0,5,9,1,2394.35
10716,91,559.0,0,4,0,-314.66
10717,190,1436.0,0,5,0,562.44
10718,338,2129.0,4,5,0,1255.58
10719,361,1116.0,3,4,1,242.6
10720,103,1718.0,3,10,1,844.35
10721,275,149.0,1,6,1,-724.48
10722,218,381.0,0,9,0,-492.53
10723,166,311.0,3,7,1,-562.58
10724,279,3154.0,2,4,0,2280.52
10725,48,1110.0,1,9,1,236.3
10726,197,702.0,0,12,0,-171.55
10727,349,449.0,4,7,1,-424.41
10728,144,3089.0,3,9,1,2215.39
10729,163,1253.0,0,12,1,379.41
10730,345,621.0,1,5,0,-252.41
10731,138,914.0,3,10,0,40.39
10732,1,543.0,2,8,0,-330.74
10733,267,354.0,2,9,0,-519.49
10734,193,1352.0,1,4,0,478.44
10735,80,178.0,1,2,0,-695.67
10736,147,564.0,0,4,0,-309.6
10737,245,700.0,3,5,0,-173.51
10738,254,605.0,1,8,0,-268.5
10739,151,132.0,0,4,0,-741.6
10740,297,940.0,2,8,0,66.54
10741,157,1854.0,2,7,1,980.41
10742,27,125.0,2,6,1,-748.72
10743,353,490.0,0,4,0,-383.4
10744,285,1041.0,2,6,0,167.53
10745,61,5304.0,4,4,0,4430.31
10746,78,2388.0,1,5,0,1514.33
10747,98,399.0,3,5,0,-474.65
10748,319,203.0,6,4,0,-670.44
10749,85,156.0,2,4,0,-717.66
10750,222,2154.0,1,6,0,1280.47
10751,163,2653.0,2,3,1,1779.41
10752,147,1181.0,2,5,0,307.4
10753,364,156.0,2,8,0,-717.39
10754,308,501.0,1,14,1,-372.45
10755,208,230.0,1,9,1,-643.54
10756,285,193.0,1,6,0,-680.47
10757,261,548.0,3,10,0,-325.49
10758,327,2423.0,4,8,0,1549.57
10759,311,1277.0,2,5,1,403.56
10760,147,787.0,2,6,0,-86.6
10761,173,834.0,1,2,0,-39.58
10762,326,822.0,2,3,0,-51.43
10763,225,448.0,4,3,1,-425.53
10764,331,6000.0,4,4,0,5126.57
10765,19,1986.0,5,8,1,1112.27
10766,211,1301.0,3,6,1,427.46
10767,223,2359.0,5,6,1,1485.47
10768,207,6000.0,3,3,0,5126.45
10769,311,1323.0,2,12,0,449.56
10770,297,1429.0,2,9,0,555.54
10771,344,71.0,0,11,0,-802.41
10772,318,1339.0,3,7,0,465.56
10773,199,1912.0,3,4,1,1038.45
10774,181,191.0,1,5,0,-682.57
10775,190,1251.0,2,10,0,377.44
10776,178,384.0,2,9,1,-489.57
10777,145,105.0,4,7,0,-768.6
10778,185,92.0,3,3,0,-781.57
10779,94,127.0,5,3,1,-746.65
10780,307,1188.0,4,9,0,314.55
10781,189,438.0,1,8,0,-435.56
10782,205,686.0,2,7,1,-187.55
10783,217,562.0,0,9,0,-311.53
10784,121,157.0,2,6,0,-716.63
10785,36,475.0,3,7,1,-398.71
10786,1,1681.0,3,8,1,807.26
10787,204,391.0,3,7,1,-482.55
10788,298,3911.0,1,2,0,3037.54
10789,95,2624.0,2,5,0,1750.35
10790,33,113.0,1,5,0,-760.71
10791,354,1361.0,3,11,1,487.6
10792,138,6000.0,1,10,1,5126.39
10793,90,1421.0,1,7,0,547.34
10794,170,311.0,2,7,0,-562.58
10795,305,409.0,1,5,0,-464.45
10796,112,2650.0,4,5,0,1776.36
10797,361,349.0,2,5,0,-524.4
10798,44,2119.0,4,5,0,1245.3
10799,85,2425.0,1,12,1,1551.34
10800,86,102.0,3,2,1,-771.66
10801,353,1755.0,1,3,0,881.6
10802,266,331.0,2,6,1,-542.49
10803,354,436.0,2,6,0,-437.4
10804,257,122.0,1,9,0,-751.5
10805,139,86.0,5,6,0,-787.61
10806,166,1547.0,3,11,0,673.42
10807,48,3274.0,2,3,0,2400.3
10808,101,1328.0,1,7,0,454.35
10809,42,1236.0,2,3,0,362.3
10810,353,718.0,1,6,0,-155.4
10811,92,1621.0,2,2,0,747.34
10812,235,363.0,1,3,0,-510.52
10813,16,336.0,0,7,1,-537.73
10814,34,680.0,0,5,1,-193.71
10815,246,136.0,6,7,0,-737.51
10816,188,597.0,3,4,1,-276.56
10817,222,439.0,1,5,0,-434.53
10818,41,340.0,2,5,0,-533.7
10819,319,5736.0,2,9,0,4862.56
10820,235,83.0,2,7,0,-790.52
10821,340,523.0,3,3,0,-350.42
10822,202,54.0,5,4,0,-819.55
10823,23,848.0,6,7,1,-25.72
10824,4,120.0,3,8,0,-753.74
10825,94,2698.0,2,4,0,1824.35
10826,37,89.0,1,5,0,-784.71
10827,100,267.0,0,9,0,-606.65
10828,167,1853.0,2,6,0,979.42
10829,44,662.0,4,7,0,-211.7
10830,362,198.0,1,5,0,-675.39
10831,25,1032.0,0,6,0,158.28
10832,309,744.0,0,4,0,-129.45
10833,43,166.0,3,4,1,-707.7
10834,124,96.0,1,6,0,-777.62
10835,317,201.0,1,3,0,-672.44
10836,74,1031.0,1,6,0,157.33
10837,58,228.0,4,5,1,-645.69
10838,233,1124.0,2,5,0,250.48
10839,54,83.0,2,4,1,-790.69
10840,136,2879.0,0,6,0,2005.39
10841,79,2211.0,4,7,1,1337.33
10842,291,2411.0,2,3,1,1537.54
10843,34,1444.0,1,6,0,570.29
10844,160,80.0,0,6,0,-793.59
10845,199,4978.0,2,3,1,4104.45
10846,9,878.0,2,3,1,4.27
10847,115,69.0,2,5,0,-804.63
10848,257,2286.0,1,5,0,1412.5
10849,50,1915.0,3,7,1,1041.3
10850,305,1298.0,0,7,1,424.55
10851,273,208.0,1,5,0,-665.48
10852,298,290.0,5,8,1,-583.46
10853,355,931.0,2,11,0,57.6
10854,219,4305.0,1,6,0,3431.47
10855,225,392.0,2,4,0,-481.53
10856,12,376.0,2,7,1,-497.73
10857,252,5391.0,2,7,0,4517.5
10858,6,599.0,1,7,0,-274.74
10859,285,857.0,4,3,1,-16.47
10860,116,486.0,2,4,0,-387.63
10861,272,817.0,2,6,1,-56.48
10862,205,446.0,0,2,0,-427.55
10863,190,721.0,2,8,0,-152.56
10864,363,2865.0,2,3,0,1991.61
10865,29,1776.0,2,4,0,902.28
10866,176,616.0,3,5,0,-257.57
10867,93,184.0,4,6,0,-689.65
10868,87,348.0,2,9,1,-525.66
10869,160,213.0,1,6,0,-660.59
10870,17,1326.0,1,3,1,452.27
10871,139,387.0,1,6,0,-486.61
10872,310,111.0,1,6,0,-762.44
10873,335,833.0,5,6,1,-40.42
10874,263,1582.0,2,6,1,708.51
10875,182,300.0,2,5,0,-573.57
10876,354,311.0,4,8,1,-562.4
10877,66,832.0,3,6,1,-41.68
10878,228,800.0,5,7,0,-73.52
10879,53,573.0,2,1,0,-300.69
10880,261,1072.0,2,7,0,198.51
10881,362,397.0,1,2,0,-476.39
10882,97,755.0,1,9,1,-118.65
10883,161,186.0,0,8,0,-687.59
10884,65,6000.0,1,7,0,5126.32
10885,168,194.0,7,13,1,-679.58
10886,20,318.0,1,6,0,-555.72
10887,365,2452.0,2,5,1,1578.61
10888,77,410.0,4,10,1,-463.67
10889,61,1910.0,1,7,0,1036.31
10890,255,1769.0,3,4,1,895.5
10891,149,1853.0,4,4,0,979.4
10892,119,3831.0,1,7,0,2957.37
10893,338,618.0,0,9,0,-255.42
10894,273,53.0,3,7,1,-820.48
10895,37,326.0,0,7,1,-547.71
10896,272,270.0,0,2,0,-603.48
10897,258,838.0,1,8,0,-35.5
10898,2,396.0,0,7,0,-477.74
10899,102,1782.0,1,7,0,908.35
10900,314,744.0,2,7,0,-129.44
10901,287,517.0,1,7,0,-356.47
10902,191,1438.0,2,8,0,564.44
10903,316,553.0,2,6,1,-320.44
10904,47,2068.0,1,3,0,1194.3
10905,237,183.0,1,11,0,-690.52
10906,224,114.0,2,3,0,-759.53
10907,153,163.0,2,7,0,-710.6
10908,155,472.0,1,6,0,-401.59
10909,280,255.0,1,11,0,-618.47
10910,341,981.0,3,3,1,107.58
10911,69,127.0,4,10,1,-746.68
10912,57,383.0,1,3,0,-490.69
10913,314,879.0,1,7,0,5.56
10914,147,2495.0,1,11,0,1621.4
10915,333,1086.0,5,10,0,212.58
10916,5,127.0,0,10,0,-746.74
10917,64,348.0,2,4,0,-525.68
10918,173,691.0,7,3,0,-182.58
10919,266,771.0,2,4,0,-102.49
10920,212,204.0,2,13,0,-669.54
10921,363,1265.0,2,9,0,391.61
10922,171,647.0,2,8,0,-226.58
10923,239,3719.0,3,3,0,2845.49
10924,92,1592.0,2,6,0,718.34
10925,217,446.0,2,5,1,-427.53
10926,177,2122.0,3,6,0,1248.43
10927,324,267.0,0,5,0,-606.43
10928,247,169.0,0,6,0,-704.51
10929,74,165.0,2,6,0,-708.67
10930,147,53.0,5,4,1,-820.6
10931,205,1079.0,2,7,0,205.45
10932,4,354.0,2,8,0,-519.74
10933,146,155.0,2,1,0,-718.6
10934,104,228.0,1,11,0,-645.64
10935,223,130.0,3,4,0,-743.53
10936,52,101.0,0,1,0,-772.69
10937,253,150.0,1,6,0,-723.5
10938,25,375.0,2,3,1,-498.72
10939,204,364.0,1,7,0,-509.55
10940,20,368.0,1,5,1,-505.72
10941,127,2201.0,0,8,0,1327.38
10942,224,481.0,4,8,1,-392.53
10943,16,212.0,3,6,0,-661.73
10944,251,1045.0,1,9,0,171.5
10945,291,473.0,1,4,0,-400.46
10946,201,199.0,0,5,0,-674.55
10947,3,783.0,2,11,1,-90.74
10948,90,99.0,4,8,1,-774.66
10949,196,589.0,1,5,0,-284.55
10950,161,489.0,1,5,1,-384.59
10951,220,439.0,2,3,0,-434.53
10952,99,471.0,3,4,0,-402.65
10953,142,156.0,3,2,1,-717.61
10954,31,228.0,1,9,0,-645.71
10955,347,275.0,2,3,1,-598.41
10956,123,788.0,1,6,0,-85.63
10957,162,56.0,2,5,0,-817.59
10958,175,280.0,0,5,0,-593.57
10959,160,155.0,3,7,0,-718.59
10960,353,215.0,3,13,1,-658.4
10961,151,1265.0,5,4,1,391.4
10962,286,80.0,6,2,0,-793.47
10963,187,221.0,0,10,0,-652.56
10964,79,1622.0,1,7,0,748.33
10965,130,795.0,2,9,0,-78.62
10966,111,48.0,2,13,1,-825.64
10967,161,858.0,0,7,0,-15.59
10968,351,532.0,2,8,0,-341.41
10969,217,948.0,2,4,1,74.47
10970,91,151.0,3,3,0,-722.66
10971,354,196.0,0,5,0,-677.4
10972,217,4271.0,1,5,0,3397.46
10973,214,93.0,1,5,0,-780.54
10974,173,389.0,1,4,1,-484.58
10975,101,810.0,1,4,1,-63.65
10976,275,545.0,3,6,0,-328.48
10977,256,282.0,3,2,1,-591.5
10978,288,1520.0,2,5,0,646.53
10979,129,2036.0,5,1,1,1162.38
10980,31,152.0,0,8,0,-721.71
10981,363,462.0,1,5,0,-411.39
10982,295,491.0,2,2,0,-382.46
10983,353,1229.0,4,6,1,355.6
10984,173,429.0,2,5,0,-444.58
10985,22,1870.0,2,4,1,996.28
10986,89,1688.0,0,4,0,814.34
10987,253,1358.0,2,7,0,484.5
10988,104,292.0,2,7,0,-581.64
10989,262,295.0,3,2,0,-578.49
10990,160,445.0,3,4,0,-428.59
10991,217,439.0,2,5,0,-434.53
10992,7,175.0,1,4,1,-698.74
10993,17,365.0,1,5,0,-508.73
10994,253,409.0,0,3,0,-464.5
10995,307,1301.0,3,4,0,427.55
10996,342,866.0,4,6,1,-7.41
10997,174,625.0,1,6,1,-248.58
10998,11,392.0,2,5,0,-481.73
10999,20,623.0,0,9,1,-250.72
11000,236,842.0,1,4,1,-31.52
11001,332,96.0,2,3,1,-777.42
11002,292,195.0,0,4,0,-678.46
11003,131,474.0,0,11,0,-399.62
11004,235,516.0,2,4,0,-357.52
11005,92,1210.0,5,8,1,336.34
11006,206,3059.0,6,6,1,2185.45
11007,37,409.0,6,3,1,-464.71
11008,198,716.0,1,6,0,-157.55
11009,317,447.0,1,4,0,-426.44
11010,76,181.0,2,8,1,-692.67
11011,90,722.0,2,7,0,-151.66
11012,250,1987.0,1,6,0,1113.5
11013,141,5960.0,2,5,0,5086.39
11014,136,418.0,3,3,1,-455.61
11015,219,998.0,4,4,0,124.47
11016,176,169.0,3,10,0,-704.57
11017,48,157.0,1,7,0,-716.7
11018,331,228.0,1,7,0,-645.42
11019,172,2799.0,1,3,0,1925.42
11020,58,772.0,1,3,0,-101.69
11021,281,331.0,0,3,0,-542.47
11022,268,147.0,1,4,1,-726.49
11023,300,828.0,1,7,0,-45.45
11024,148,872.0,2,5,1,-1.6
11025,42,138.0,1,8,0,-735.7
11026,182,1133.0,2,8,0,259.43
11027,343,538.0,2,5,0,-335.41
11028,224,125.0,2,8,0,-748.53
11029,75,1193.0,4,6,0,319.33
11030,122,271.0,1,6,0,-602.63
11031,363,57.0,1,9,0,-816.39
11032,107,402.0,2,12,0,-471.64
11033,197,964.0,0,6,0,90.45
11034,186,199.0,2,9,0,-674.56
11035,281,2041.0,1,6,0,1167.53
11036,279,6000.0,5,4,1,5126.52
11037,92,353.0,2,4,0,-520.65
11038,355,175.0,0,5,0,-698.4
11039,263,3019.0,2,7,1,2145.51
11040,212,681.0,1,5,0,-192.54
11041,306,920.0,1,7,0,46.55
11042,133,227.0,4,4,0,-646.62
11043,304,267.0,3,4,0,-606.45
11044,109,251.0,1,4,0,-622.64
11045,315,851.0,2,6,1,-22.44
11046,23,189.0,2,5,1,-684.72
11047,45,182.0,2,8,1,-691.7
11048,136,817.0,2,7,0,-56.61
11049,169,178.0,1,4,0,-695.58
11050,89,1018.0,4,6,0,144.34
11051,302,276.0,2,9,1,-597.45
11052,269,926.0,2,6,0,52.52
11053,237,626.0,1,0,0,-247.52
11054,285,4167.0,0,2,0,3293.53
11055,213,1313.0,2,3,0,439.46
11056,166,714.0,1,9,0,-159.58
11057,339,2626.0,2,8,0,1752.58
11058,269,882.0,1,7,0,8.52
11059,77,117.0,0,6,0,-756.67
11060,295,181.0,3,8,0,-692.46
11061,281,836.0,3,2,0,-37.47
11062,133,210.0,0,10,1,-663.62
11063,33,220.0,3,10,1,-653.71
11064,252,676.0,1,4,0,-197.5
11065,341,685.0,0,7,0,-188.42
11066,317,494.0,2,5,0,-379.44
11067,61,1606.0,3,6,0,732.31
11068,30,1020.0,3,5,1,146.29
11069,230,424.0,6,3,0,-449.52
11070,319,1938.0,1,4,0,1064.56
11071,139,277.0,4,8,1,-596.61
11072,13,368.0,2,6,0,-505.73
11073,42,180.0,1,3,0,-693.7
11074,264,746.0,6,8,1,-127.49
11075,154,495.0,2,7,0,-378.6
11076,362,312.0,1,7,0,-561.39
11077,33,1970.0,3,7,1,1096.29
11078,243,1227.0,2,7,0,353.49
11079,179,1590.0,1,6,0,716.43
11080,41,2310.0,4,10,1,1436.29
11081,99,73.0,4,4,1,-800.65
11082,348,467.0,2,2,0,-406.41
11083,16,2158.0,2,4,1,1284.27
11084,33,429.0,3,10,0,-444.71
11085,13,994.0,1,7,0,120.27
11086,234,836.0,7,6,1,-37.52
11087,172,1613.0,1,8,1,739.42
11088,132,1509.0,0,7,0,635.38
11089,20,238.0,1,5,1,-635.72
11090,18,292.0,1,6,1,-581.73
11091,102,3032.0,4,8,1,2158.35
11092,155,2123.0,1,2,0,1249.41
11093,342,419.0,4,4,0,-454.41
11094,213,1360.0,5,8,1,486.46
11095,365,339.0,1,8,0,-534.39
11096,305,1466.0,4,5,1,592.55
11097,170,277.0,2,5,0,-596.58
11098,202,5474.0,3,3,1,4600.45
11099,72,335.0,2,6,1,-538.67
11100,192,749.0,3,4,0,-124.56
11101,37,988.0,1,8,0,114.29
11102,228,873.0,2,6,1,-0.52
11103,313,1253.0,3,12,0,379.56
11104,194,2137.0,1,9,0,1263.44
11105,318,536.0,0,8,0,-337.44
11106,187,6000.0,0,5,0,5126.43
11107,67,48.0,3,4,0,-825.68
11108,294,433.0,1,3,0,-440.46
11109,48,601.0,0,7,0,-272.7
11110,200,152.0,3,4,0,-721.55
11111,65,1111.0,1,8,1,237.32
11112,242,6000.0,3,5,0,5126.49
11113,188,367.0,2,4,1,-506.56
11114,348,1772.0,0,2,0,898.59
11115,159,5653.0,1,5,0,4779.41
11116,6,282.0,0,8,0,-591.74
11117,302,188.0,4,7,1,-685.45
11118,57,5987.0,3,5,0,5113.31
11119,166,320.0,4,4,0,-553.58
11120,281,1334.0,4,6,0,460.53
11121,121,1085.0,2,4,0,211.37
11122,197,403.0,1,5,0,-470.55
11123,16,485.0,1,4,0,-388.73
11124,101,1277.0,1,10,0,403.35
11125,58,364.0,1,7,0,-509.69
11126,363,380.0,3,4,0,-493.39
11127,163,295.0,2,3,0,-578.59
11128,324,777.0,2,5,0,-96.43
11129,303,1192.0,1,3,0,318.55
11130,15,58.0,3,4,1,-815.73
11131,257,754.0,0,7,0,-119.5
11132,275,417.0,3,11,0,-456.48
11133,268,30.0,3,10,1,-843.49
11134,286,475.0,2,7,0,-398.47
11135,33,570.0,1,5,0,-303.71
11136,136,461.0,3,7,0,-412.61
11137,69,99.0,2,5,0,-774.68
11138,179,142.0,4,2,1,-731.57
11139,326,3775.0,2,1,1,2901.57
11140,221,311.0,2,6,0,-562.53
11141,57,869.0,2,10,1,-4.69
11142,201,461.0,2,2,1,-412.55
11143,26,452.0,1,9,0,-421.72
11144,90,329.0,5,6,1,-544.66
11145,29,507.0,3,7,0,-366.72
11146,38,555.0,2,11,0,-318.71
11147,241,188.0,3,4,0,-685.51
11148,244,263.0,3,2,0,-610.51
11149,221,257.0,3,2,0,-616.53
11150,280,805.0,1,3,0,-68.47
11151,6,173.0,2,12,1,-700.74
11152,56,891.0,1,3,0,17.31
11153,151,185.0,0,5,0,-688.6
11154,64,1038.0,0,9,0,164.32
11155,284,1477.0,2,5,0,603.53
11156,274,830.0,2,5,0,-43.48
11157,284,2650.0,3,3,0,1776.53
11158,62,1385.0,3,4,0,511.32
11159,120,1736.0,1,3,0,862.37
11160,121,209.0,3,8,1,-664.63
11161,56,2002.0,5,8,1,1128.31
11162,263,205.0,3,7,1,-668.49
11163,69,190.0,2,1,0,-683.68
11164,320,138.0,0,9,0,-735.44
11165,28,212.0,1,7,0,-661.72
11166,13,641.0,1,8,0,-232.73
11167,189,587.0,5,9,1,-286.56
11168,206,102.0,1,11,1,-771.55
11169,296,436.0,3,7,0,-437.46
11170,163,684.0,3,6,0,-189.59
11171,179,4645.0,3,4,0,3771.43
11172,279,73.0,4,6,0,-800.47
11173,236,177.0,1,5,0,-696.52
11174,167,1078.0,4,14,1,204.42
11175,298,519.0,0,6,0,-354.46
11176,285,1475.0,1,3,0,601.53
11177,67,711.0,0,4,0,-162.68
11178,74,182.0,1,4,0,-691.67
11179,23,983.0,1,13,0,109.28
11180,27,106.0,2,8,0,-767.72
11181,285,221.0,1,9,0,-652.47
11182,346,376.0,2,11,0,-497.41
11183,203,637.0,2,5,0,-236.55
11184,132,238.0,0,6,0,-635.62
11185,290,96.0,1,6,0,-777.46
11186,179,781.0,3,4,0,-92.57
11187,152,164.0,2,12,0,-709.6
11188,212,1362.0,3,6,0,488.46
11189,184,817.0,5,6,1,-56.57
11190,349,1929.0,1,8,0,1055.59
11191,273,301.0,0,3,1,-572.48
11192,29,224.0,1,9,0,-649.72
11193,34,843.0,1,4,1,-30.71
11194,100,143.0,3,4,0,-730.65
11195,112,1273.0,3,7,0,399.36
11196,284,180.0,1,8,0,-693.47
11197,162,413.0,6,4,0,-460.59
11198,33,335.0,1,11,0,-538.71
11199,267,14.0,3,6,1,-859.49
11200,60,266.0,1,4,0,-607.69
11201,194,412.0,1,5,0,-461.56
11202,284,1113.0,2,3,0,239.53
11203,44,939.0,1,3,0,65.3
11204,213,98.0,5,3,1,-775.54
11205,244,246.0,2,4,0,-627.51
11206,311,306.0,0,9,0,-567.44
11207,307,708.0,2,7,1,-165.45
11208,348,59.0,4,6,1,-814.41
11209,146,42.0,2,9,0,-831.6
11210,118,2608.0,3,4,1,1734.37
11211,282,334.0,1,4,0,-539.47
11212,364,6000.0,1,11,0,5126.6
11213,136,715.0,1,2,1,-158.61
11214,249,83.0,3,12,0,-790.5
11215,197,362.0,1,6,0,-511.55
11216,365,251.0,2,7,0,-622.39
11217,339,751.0,0,5,0,-122.42
11218,211,5254.0,3,6,1,4380.46
11219,350,205.0,3,6,0,-668.41
11220,365,646.0,4,6,1,-227.39
11221,248,346.0,2,5,0,-527.5
11222,6,826.0,3,7,1,-47.74
11223,329,329.0,2,3,0,-544.43
11224,47,272.0,0,13,0,-601.7
11225,331,6000.0,2,13,0,5126.57
11226,146,497.0,1,11,0,-376.6
11227,155,416.0,3,4,0,-457.59
11228,30,212.0,0,8,0,-661.71
11229,305,5429.0,0,5,0,4555.55
11230,171,1890.0,0,6,0,1016.42
11231,148,143.0,0,13,1,-730.6
11232,173,66.0,4,4,1,-807.58
11233,154,2084.0,1,5,0,1210.4
11234,38,206.0,1,6,0,-667.71
11235,31,570.0,1,1,0,-303.71
11236,5,362.0,2,3,1,-511.74
11237,335,168.0,3,10,0,-705.42
11238,150,635.0,2,5,0,-238.6
11239,281,1062.0,3,4,1,188.53
11240,120,80.0,0,7,0,-793.63
11241,94,1122.0,5,7,0,248.35
11242,262,300.0,3,7,1,-573.49
11243,326,6000.0,1,4,0,5126.57
11244,19,339.0,2,4,0,-534.73
11245,145,1637.0,0,5,0,763.4
11246,35,98.0,2,5,0,-775.71
11247,152,654.0,1,7,0,-219.6
11248,5,66.0,1,8,0,-807.74
11249,170,131.0,0,6,0,-742.58
11250,297,143.0,0,2,0,-730.46
11251,304,383.0,1,5,0,-490.45
11252,192,1689.0,2,8,0,815.44
11253,114,513.0,2,4,0,-360.63
11254,8,528.0,1,5,0,-345.74
11255,141,695.0,2,5,0,-178.61
11256,295,168.0,3,4,1,-705.46
11257,357,875.0,3,10,0,1.6
11258,209,663.0,0,10,0,-210.54
11259,257,313.0,0,5,0,-560.5
11260,329,6000.0,2,11,0,5126.57
11261,276,271.0,1,3,0,-602.48
11262,90,996.0,2,7,0,122.34
11263,13,349.0,1,3,0,-524.73
11264,5,1518.0,2,8,0,644.26
11265,29,1782.0,3,8,0,908.28
11266,333,837.0,2,1,0,-36.42
11267,184,202.0,5,6,0,-671.57
11268,183,330.0,1,4,0,-543.57
11269,182,434.0,1,6,0,-439.57
11270,60,439.0,0,3,1,-434.69
11271,80,306.0,5,5,1,-567.67
11272,323,648.0,3,16,0,-225.43
11273,122,621.0,1,3,0,-252.63
11274,282,324.0,3,11,1,-549.47
11275,82,208.0,0,9,1,-665.66
11276,118,984.0,3,8,0,110.37
11277,217,233.0,2,6,0,-640.53
11278,132,157.0,1,6,0,-716.62
11279,201,1225.0,5,7,1,351.45
11280,229,205.0,1,6,0,-668.52
11281,68,50.0,0,4,0,-823.68
11282,323,1552.0,1,4,0,678.57
11283,118,71.0,1,4,0,-802.63
11284,173,2100.0,3,6,1,1226.42
11285,280,4250.0,2,4,1,3376.52
11286,289,1097.0,4,7,1,223.53
11287,176,493.0,0,3,0,-380.57
11288,357,295.0,0,3,0,-578.4
11289,200,1447.0,3,5,0,573.45
11290,95,1392.0,1,2,0,518.35
11291,310,2802.0,0,6,0,1928.55
11292,114,667.0,2,3,0,-206.63
11293,233,571.0,2,5,0,-302.52
11294,227,582.0,1,6,0,-291.52
11295,356,1249.0,2,4,0,375.6
11296,319,133.0,1,5,0,-740.44
11297,316,191.0,4,7,1,-682.44
11298,319,940.0,0,7,0,66.56
11299,164,313.0,2,4,1,-560.59
11300,89,1777.0,1,7,0,903.34
11301,227,170.0,1,7,0,-703.52
11302,127,1297.0,1,6,0,423.38
11303,49,457.0,1,5,1,-416.7
11304,39,1175.0,1,7,0,301.29
11305,62,749.0,4,11,0,-124.68
11306,303,112.0,2,0,0,-761.45
11307,334,3460.0,2,8,1,2586.58
11308,38,671.0,0,8,0,-202.71
11309,100,381.0,0,7,0,-492.65
11310,340,52.0,5,4,0,-821.42
11311,19,750.0,2,1,0,-123.73
11312,358,378.0,2,13,1,-495.4
11313,113,1518.0,3,9,1,644.36
11314,53,418.0,3,3,1,-455.69
11315,240,605.0,6,8,0,-268.51
11316,363,116.0,1,6,0,-757.39
11317,22,63.0,1,6,0,-810.72
11318,79,683.0,2,3,0,-190.67
11319,263,545.0,0,3,0,-328.49
11320,59,250.0,3,2,0,-623.69
11321,254,988.0,3,5,0,114.5
11322,110,139.0,3,11,0,-734.64
11323,145,208.0,0,6,0,-665.6
11324,112,340.0,1,5,0,-533.64
11325,167,1846.0,4,6,1,972.42
11326,111,695.0,1,4,0,-178.64
11327,107,336.0,2,9,0,-537.64
11328,260,385.0,3,3,0,-488.49
11329,13,821.0,7,12,1,-52.73
11330,172,339.0,1,5,0,-534.58
11331,182,950.0,2,6,0,76.43
11332,100,521.0,1,7,0,-352.65
11333,172,783.0,2,9,0,-90.58
11334,305,891.0,2,7,0,17.55
11335,248,242.0,4,6,1,-631.5
11336,336,772.0,2,4,0,-101.42
11337,325,502.0,0,3,0,-371.43
11338,179,831.0,3,5,0,-42.57
11339,139,124.0,1,5,0,-749.61
11340,274,502.0,1,9,0,-371.48
11341,212,404.0,2,5,1,-469.54
11342,32,326.0,1,7,0,-547.71
11343,102,1934.0,0,4,0,1060.35
11344,21,157.0,3,7,0,-716.72
11345,149,1266.0,3,8,0,392.4
11346,342,2475.0,0,3,0,1601.59
11347,65,66.0,0,8,0,-807.68
11348,117,4571.0,3,3,1,3697.37
11349,50,509.0,2,11,0,-364.7
11350,205,419.0,3,4,0,-454.55
11351,204,3570.0,2,8,0,2696.45
11352,285,97.0,2,3,1,-776.47
11353,113,77.0,0,7,0,-796.63
11354,321,4156.0,2,8,0,3282.56
11355,118,968.0,2,7,1,94.37
11356,247,904.0,3,4,0,30.49
11357,204,1157.0,0,4,0,283.45
11358,50,1561.0,2,4,1,687.3
11359,345,6000.0,3,8,1,5126.59
11360,192,689.0,3,10,0,-184.56
11361,279,199.0,1,6,1,-674.47
11362,339,51.0,1,8,0,-822.42
11363,363,725.0,1,2,0,-148.39
11364,22,593.0,3,6,0,-280.72
11365,209,252.0,1,9,0,-621.54
11366,250,766.0,4,6,1,-107.5
11367,62,2237.0,2,7,0,1363.32
11368,188,4149.0,5,5,1,3275.44
11369,290,351.0,2,5,0,-522.46
11370,138,279.0,4,3,0,-594.61
11371,173,1678.0,2,10,0,804.42
11372,82,2430.0,2,8,1,1556.33
11373,64,1322.0,2,9,0,448.32
11374,225,2944.0,0,6,0,2070.47
11375,296,215.0,3,7,0,-658.46
11376,290,317.0,1,4,0,-556.46
11377,183,1328.0,3,2,0,454.43
11378,349,187.0,2,9,0,-686.41
11379,73,149.0,0,5,0,-724.67
11380,176,1787.0,2,4,0,913.43
11381,50,1016.0,2,3,0,142.3
11382,283,144.0,2,4,1,-729.47
11383,263,1722.0,1,6,0,848.51
11384,62,70.0,0,10,1,-803.68
11385,69,71.0,1,7,0,-802.68
11386,17,392.0,0,5,0,-481.73
11387,114,488.0,3,3,0,-385.63
11388,206,452.0,2,6,0,-421.55
11389,42,91.0,2,4,1,-782.7
11390,294,2205.0,3,3,0,1331.54
11391,100,131.0,1,6,1,-742.65
11392,60,2270.0,1,5,0,1396.31
11393,228,199.0,3,7,0,-674.52
11394,361,27.0,2,3,0,-846.4
11395,212,1533.0,6,4,1,659.46
11396,206,6000.0,2,3,0,5126.45
11397,1,271.0,2,6,1,-602.74
11398,177,836.0,4,7,1,-37.57
11399,301,203.0,3,4,0,-670.45
11400,77,435.0,2,7,0,-438.67
11401,88,1001.0,1,6,1,127.34
11402,174,185.0,4,6,0,-688.58
11403,119,782.0,2,9,0,-91.63
11404,259,907.0,2,2,0,33.51
11405,275,735.0,2,6,0,-138.48
11406,205,222.0,2,5,0,-651.55
11407,14,133.0,0,3,0,-740.73
11408,178,2507.0,3,7,0,1633.43
11409,139,254.0,0,5,0,-619.61
11410,291,569.0,3,5,0,-304.46
11411,27,273.0,3,1,1,-600.72
11412,92,169.0,1,8,0,-704.65
11413,205,713.0,3,6,0,-160.55
11414,164,584.0,5,5,1,-289.59
11415,35,385.0,0,7,0,-488.71
11416,10,843.0,2,6,1,-30.73
11417,207,1369.0,2,2,0,495.46
11418,106,212.0,3,3,1,-661.64
11419,285,1652.0,1,5,0,778.53
11420,266,84.0,1,4,0,-789.49
11421,321,2134.0,1,8,0,1260.56
11422,335,72.0,1,8,1,-801.42
11423,212,1613.0,1,5,0,739.46
11424,255,398.0,2,12,0,-475.5
11425,298,1905.0,2,6,0,1031.54
11426,349,314.0,1,5,0,-559.41
11427,147,296.0,2,10,0,-577.6
11428,313,251.0,1,4,0,-622.44
11429,188,492.0,2,8,0,-381.56
11430,47,1261.0,3,5,0,387.3
11431,146,64.0,0,5,0,-809.6
11432,172,225.0,1,5,1,-648.58
11433,73,516.0,1,8,0,-357.67
11434,209,335.0,3,9,1,-538.54
11435,115,1212.0,1,3,0,338.37
11436,86,556.0,1,3,0,-317.66
11437,142,45.0,1,7,0,-828.61
11438,121,146.0,2,6,0,-727.63
11439,319,720.0,2,4,0,-153.44
11440,11,562.0,0,7,0,-311.73
11441,342,471.0,2,8,0,-402.41
11442,131,104.0,3,6,0,-769.62
11443,59,48.0,2,4,0,-825.69
11444,68,629.0,3,8,1,-244.68
11445,289,336.0,0,2,0,-537.46
11446,321,378.0,2,4,0,-495.43
11447,299,446.0,3,5,0,-427.46
11448,216,214.0,2,8,0,-659.54
11449,89,736.0,2,4,0,-137.66
11450,57,29.0,2,5,0,-844.69
11451,151,390.0,2,5,0,-483.6
11452,78,1093.0,1,3,0,219.33
11453,108,756.0,6,7,1,-117.64
11454,95,3923.0,0,9,0,3049.35
11455,168,214.0,0,6,0,-659.58
11456,317,81.0,3,6,0,-792.44
11457,140,3887.0,0,5,0,3013.39
11458,147,3052.0,1,3,1,2178.4
11459,12,232.0,0,3,0,-641.73
11460,178,47.0,1,9,0,-826.57
11461,174,128.0,2,6,1,-745.58
11462,119,2466.0,6,3,1,1592.37
11463,105,197.0,2,10,0,-676.64
11464,133,546.0,0,6,0,-327.62
11465,327,452.0,1,10,1,-421.43
11466,126,660.0,1,7,1,-213.62
11467,364,1007.0,3,5,1,133.61
11468,288,187.0,1,6,0,-686.47
11469,96,126.0,1,4,0,-747.65
11470,350,1031.0,5,9,1,157.59
11471,350,1041.0,1,10,0,167.59
11472,298,847.0,2,9,0,-26.46
11473,106,391.0,1,6,0,-482.64
11474,162,1415.0,3,8,0,541.41
11475,349,588.0,6,8,1,-285.41
11476,129,159.0,4,4,1,-714.62
11477,190,4153.0,7,3,1,3279.44
11478,361,2371.0,1,6,0,1497.6
11479,266,210.0,2,5,0,-663.49
11480,156,649.0,3,9,0,-224.59
11481,70,406.0,3,7,0,-467.68
11482,14,752.0,4,7,1,-121.73
11483,339,95.0,1,11,1,-778.42
11484,330,1176.0,2,9,0,302.57
11485,123,136.0,0,8,1,-737.62
11486,33,176.0,1,4,0,-697.71
11487,252,273.0,2,4,0,-600.5
11488,190,562.0,3,8,0,-311.56
11489,222,949.0,3,7,0,75.47
11490,8,628.0,2,9,1,-245.74
11491,296,638.0,4,10,1,-235.46
11492,116,209.0,2,5,1,-664.63
11493,158,860.0,1,5,0,-13.59
11494,46,1533.0,0,2,0,659.3
11495,16,1366.0,1,3,1,492.27
11496,4,756.0,2,6,0,-117.74
11497,327,1245.0,1,2,0,371.57
11498,106,250.0,1,3,0,-623.64
11499,45,739.0,0,5,1,-134.7
11500,342,261.0,1,5,0,-612.41
11501,333,2011.0,1,4,0,1137.58
11502,200,852.0,0,7,0,-21.55
11503,114,3967.0,3,3,0,3093.36
11504,133,1469.0,2,6,0,595.38
11505,242,629.0,1,6,0,-244.51
11506,61,201.0,2,8,1,-672.68
11507,352,102.0,3,4,1,-771.4
11508,20,859.0,1,2,0,-14.72
11509,111,1115.0,1,3,0,241.36
11510,9,3056.0,2,1,0,2182.26
11511,35,310.0,0,6,0,-563.71
11512,139,926.0,4,7,1,52.39
11513,59,655.0,1,11,0,-218.69
11514,340,81.0,1,7,0,-792.42
11515,201,591.0,4,5,1,-282.55
11516,151,1354.0,3,11,0,480.4
11517,84,2112.0,1,8,0,1238.34
11518,235,335.0,1,9,0,-538.52
11519,231,6000.0,1,6,0,5126.48
11520,72,313.0,1,6,1,-560.67
11521,210,293.0,1,7,0,-580.54
11522,256,1060.0,4,6,0,186.5
11523,273,4242.0,0,6,0,3368.52
11524,99,64.0,2,3,0,-809.65
11525,83,78.0,2,8,0,-795.66
11526,229,1052.0,4,5,1,178.48
11527,259,996.0,3,8,0,122.51
11528,316,267.0,2,4,1,-606.44
11529,72,1356.0,1,7,0,482.33
11530,268,449.0,6,6,1,-424.49
11531,280,3156.0,3,5,0,2282.52
11532,235,231.0,3,2,1,-642.52
11533,156,966.0,2,2,0,92.41
11534,164,282.0,4,5,1,-591.59
11535,9,231.0,4,5,0,-642.73
11536,103,287.0,2,7,0,-586.64
11537,119,192.0,2,5,0,-681.63
11538,351,993.0,3,5,0,119.59
11539,172,636.0,3,4,0,-237.58
11540,334,739.0,1,5,1,-134.42
11541,119,147.0,1,5,0,-726.63
11542,236,365.0,1,8,1,-508.52
11543,9,93.0,4,6,1,-780.73
11544,88,373.0,3,6,0,-500.66
11545,132,159.0,2,3,0,-714.62
11546,86,419.0,2,7,0,-454.66
11547,117,342.0,0,6,0,-531.63
11548,13,407.0,2,3,1,-466.73
11549,279,1298.0,4,2,1,424.52
11550,169,493.0,4,6,1,-380.58
11551,32,83.0,2,7,0,-790.71
11552,238,811.0,2,5,0,-62.51
11553,77,827.0,1,2,0,-46.67
11554,298,857.0,2,7,0,-16.46
11555,21,54.0,3,3,0,-819.72
11556,357,338.0,1,8,1,-535.4
11557,255,2533.0,3,6,1,1659.5
11558,322,454.0,4,6,1,-419.43
11559,157,240.0,1,2,0,-633.59
11560,193,1957.0,2,5,0,1083.44
11561,164,158.0,1,2,0,-715.59
11562,137,131.0,3,3,0,-742.61
11563,274,428.0,5,6,0,-445.48
11564,357,2202.0,1,3,0,1328.6
11565,65,966.0,0,3,0,92.32
11566,353,137.0,0,6,0,-736.4
11567,35,1300.0,2,4,1,426.29
11568,346,1148.0,2,7,0,274.59
11569,272,546.0,2,7,1,-327.48
11570,352,1093.0,5,5,1,219.6
11571,200,1546.0,0,9,0,672.45
11572,351,1148.0,2,3,0,274.59
11573,330,818.0,3,5,1,-55.43
11574,182,228.0,4,3,1,-645.57
11575,7,94.0,3,7,0,-779.74
11576,70,155.0,2,4,0,-718.68
11577,81,6000.0,1,5,0,5126.33
11578,36,417.0,6,6,1,-456.71
11579,17,178.0,3,3,1,-695.73
11580,309,72.0,1,8,0,-801.45
11581,296,405.0,5,7,0,-468.46
11582,358,63.0,0,1,0,-810.4
11583,35,366.0,3,5,0,-507.71
11584,5,177.0,1,8,0,-696.74
11585,62,725.0,4,6,1,-148.68
11586,244,107.0,2,7,0,-766.51
11587,264,217.0,3,5,1,-656.49
11588,52,600.0,0,7,0,-273.69
11589,271,151.0,1,6,0,-722.48
11590,31,140.0,1,10,0,-733.71
11591,349,152.0,2,8,0,-721.41
11592,86,223.0,3,5,1,-650.66
11593,119,1757.0,0,7,0,883.37
11594,47,1736.0,2,8,0,862.3
11595,13,170.0,0,6,0,-703.73
11596,32,274.0,2,4,0,-599.71
11597,354,264.0,3,10,0,-609.4
11598,133,676.0,2,3,0,-197.62
11599,236,3792.0,4,2,0,2918.48
11600,119,842.0,3,3,1,-31.63
11601,167,632.0,3,6,0,-241.58
11602,127,100.0,2,12,0,-773.62
11603,328,290.0,5,10,0,-583.43
11604,332,390.0,6,4,1,-483.42
11605,197,1043.0,1,2,0,169.45
11606,8,376.0,2,4,0,-497.74
11607,24,4725.0,2,7,0,3851.28
11608,326,1211.0,1,3,0,337.57
11609,343,180.0,4,10,0,-693.41
11610,354,848.0,5,8,1,-25.4
11611,101,545.0,2,6,0,-328.65
11612,249,757.0,4,6,1,-116.5
11613,211,759.0,1,8,0,-114.54
11614,318,233.0,1,5,0,-640.44
11615,152,1430.0,4,8,1,556.4
11616,171,613.0,1,3,0,-260.58
11617,34,468.0,3,6,0,-405.71
11618,192,367.0,3,13,0,-506.56
11619,142,309.0,2,5,0,-564.61
11620,302,478.0,2,9,1,-395.45
11621,148,1475.0,1,5,0,601.4
11622,49,392.0,3,7,1,-481.7
11623,69,1419.0,3,7,0,545.32
11624,5,183.0,2,8,0,-690.74
11625,344,181.0,1,7,0,-692.41
11626,297,365.0,5,8,1,-508.46
11627,240,1154.0,4,2,1,280.49
11628,363,881.0,1,7,0,7.61
11629,247,148.0,0,2,0,-725.51
11630,342,603.0,1,9,0,-270.41
11631,20,66.0,4,7,1,-807.72
11632,114,1797.0,3,7,0,923.37
11633,314,533.0,3,7,0,-340.44
11634,121,1944.0,4,4,1,1070.37
11635,255,192.0,3,5,0,-681.5
11636,287,997.0,1,3,0,123.53
11637,169,433.0,0,4,0,-440.58
11638,247,280.0,2,7,0,-593.51
11639,328,203.0,2,10,1,-670.43
11640,192,94.0,2,5,0,-779.56
11641,108,1378.0,2,8,0,504.36
11642,113,2882.0,2,7,0,2008.36
11643,24,180.0,2,10,0,-693.72
11644,241,197.0,1,9,0,-676.51
11645,173,535.0,3,6,1,-338.58
11646,119,1347.0,2,4,0,473.37
11647,260,52.0,5,10,1,-821.49
11648,234,312.0,0,3,0,-561.52
11649,188,1516.0,2,6,0,642.44
11650,235,168.0,1,7,0,-705.52
11651,228,1398.0,5,5,1,524.48
11652,125,1482.0,3,5,0,608.38
11653,79,567.0,4,5,1,-306.67
11654,37,716.0,4,11,1,-157.71
11655,292,905.0,2,3,0,31.54
11656,113,1301.0,2,6,0,427.36
11657,318,90.0,1,5,0,-783.44
11658,137,286.0,5,2,0,-587.61
11659,126,743.0,3,4,0,-130.62
11660,302,2307.0,2,10,0,1433.55
11661,79,762.0,1,10,0,-111.67
11662,337,567.0,0,5,0,-306.42
11663,49,395.0,4,6,0,-478.7
11664,282,476.0,2,6,0,-397.47
11665,357,833.0,6,3,1,-40.4
11666,303,779.0,3,6,0,-94.45
11667,80,622.0,4,6,1,-251.67
11668,46,2034.0,3,6,0,1160.3
11669,225,500.0,5,2,0,-373.53
11670,110,1964.0,3,10,1,1090.36
11671,177,235.0,0,5,0,-638.57
11672,150,735.0,1,13,0,-138.6
11673,69,6000.0,4,3,0,5126.32
11674,90,127.0,1,6,0,-746.66
11675,272,81.0,6,4,1,-792.48
11676,301,185.0,2,3,0,-688.45
11677,351,319.0,3,5,0,-554.41
11678,213,324.0,3,7,0,-549.54
11679,296,200.0,2,6,0,-673.46
11680,162,3053.0,1,4,0,2179.41
11681,180,179.0,3,10,0,-694.57
11682,257,240.0,3,3,0,-633.5
11683,214,223.0,4,6,0,-650.54
11684,78,1404.0,2,6,1,530.33
11685,163,1442.0,1,5,0,568.41
11686,32,6000.0,7,9,1,5126.28
11687,165,343.0,4,6,1,-530.58
11688,139,701.0,3,8,1,-172.61
11689,362,851.0,4,2,0,-22.39
11690,234,222.0,3,5,1,-651.52
11691,26,290.0,0,3,0,-583.72
11692,230,1640.0,3,2,0,766.48
11693,45,617.0,1,4,0,-256.7
11694,361,69.0,4,2,1,-804.4
11695,77,1190.0,2,9,1,316.33
11696,355,48.0,2,5,1,-825.4
11697,124,58.0,1,9,0,-815.62
11698,32,1024.0,4,3,1,150.29
11699,306,90.0,2,7,0,-783.45
11700,123,678.0,1,9,0,-195.63
11701,3,95.0,2,4,0,-778.74
11702,339,4342.0,3,1,1,3468.58
11703,273,452.0,2,3,0,-421.48
11704,33,2775.0,2,6,1,1901.29
11705,185,162.0,0,6,0,-711.57
11706,308,1053.0,0,6,0,179.55
11707,262,949.0,1,13,0,75.51
11708,337,1050.0,4,5,0,176.58
11709,61,986.0,1,8,0,112.31
11710,77,385.0,4,9,1,-488.67
11711,364,1393.0,1,5,1,519.61
11712,122,843.0,3,8,1,-30.63
11713,88,268.0,0,8,0,-605.66
11714,59,225.0,2,6,1,-648.69
11715,294,438.0,1,6,0,-435.46
11716,4,271.0,2,10,1,-602.74
11717,171,130.0,2,4,0,-743.58
11718,178,233.0,2,6,0,-640.57
11719,13,271.0,2,10,0,-602.73
11720,250,1862.0,2,4,0,988.5
11721,302,73.0,3,4,0,-800.45
11722,268,387.0,2,6,0,-486.49
11723,279,928.0,2,7,1,54.52
11724,107,146.0,3,7,1,-727.64
11725,349,518.0,2,5,0,-355.41
11726,261,600.0,0,4,0,-273.49
11727,295,499.0,0,7,1,-374.46
11728,212,250.0,0,7,0,-623.54
11729,146,141.0,1,3,0,-732.6
11730,321,3144.0,2,9,0,2270.56
11731,33,711.0,3,4,1,-162.71
11732,75,2320.0,6,6,1,1446.33
11733,105,350.0,0,6,0,-523.64
11734,305,900.0,3,6,0,26.55
11735,312,361.0,2,7,0,-512.44
11736,113,430.0,1,7,0,-443.63
11737,114,1153.0,2,2,0,279.37
11738,142,241.0,1,10,0,-632.61
11739,191,479.0,2,6,1,-394.56
11740,303,530.0,3,6,0,-343.45
11741,211,1276.0,1,6,0,402.46
11742,191,1368.0,4,7,1,494.44
11743,142,140.0,2,7,0,-733.61
11744,25,979.0,1,6,0,105.28
11745,203,508.0,1,6,0,-365.55
11746,353,386.0,2,8,0,-487.4
11747,157,1842.0,3,2,1,968.41
11748,265,818.0,2,5,0,-55.49
11749,349,278.0,2,5,0,-595.41
11750,152,2370.0,2,7,1,1496.4
11751,235,72.0,2,5,0,-801.52
11752,15,162.0,3,6,1,-711.73
11753,119,557.0,3,9,0,-316.63
11754,356,596.0,1,7,0,-277.4
11755,311,187.0,2,10,0,-686.44
11756,354,214.0,1,7,0,-659.4
11757,63,3903.0,1,8,0,3029.32
11758,283,81.0,3,6,1,-792.47
11759,8,176.0,2,12,0,-697.74
11760,78,2728.0,1,8,0,1854.33
11761,175,284.0,2,7,0,-589.57
11762,13,1730.0,2,9,0,856.27
11763,102,149.0,1,6,0,-724.65
11764,293,68.0,2,5,0,-805.46
11765,151,199.0,3,7,0,-674.6
11766,25,278.0,1,5,0,-595.72
11767,22,125.0,0,4,0,-748.72
11768,110,695.0,3,3,1,-178.64
11769,326,173.0,2,8,0,-700.43
11770,98,335.0,2,6,1,-538.65
11771,123,683.0,2,4,1,-190.63
11772,294,316.0,2,7,0,-557.46
11773,242,453.0,2,5,0,-420.51
11774,289,713.0,1,6,0,-160.47
11775,206,4444.0,1,3,0,3570.45
11776,11,2714.0,4,11,1,1840.27
11777,219,1055.0,5,5,0,181.47
11778,330,524.0,1,6,0,-349.43
11779,7,303.0,1,6,0,-570.74
11780,112,516.0,1,2,0,-357.64
11781,268,496.0,2,6,0,-377.49
11782,317,858.0,1,7,0,-15.44
11783,295,584.0,2,4,0,-289.46
11784,85,1560.0,0,9,0,686.34
11785,271,1676.0,3,5,0,802.52
11786,320,1247.0,2,5,0,373.56
11787,151,291.0,0,10,0,-582.6
11788,149,162.0,0,8,0,-711.6
11789,38,2207.0,4,4,1,1333.29
11790,198,3557.0,4,8,1,2683.45
11791,166,614.0,3,5,1,-259.58
11792,141,1663.0,2,6,1,789.39
11793,218,1067.0,4,6,0,193.47
11794,182,331.0,3,9,0,-542.57
11795,103,116.0,0,6,0,-757.64
11796,87,553.0,3,5,1,-320.66
11797,146,190.0,0,5,1,-683.6
11798,175,367.0,0,5,1,-506.57
11799,265,674.0,0,4,0,-199.49
11800,235,2630.0,2,8,1,1756.48
11801,203,143.0,0,8,0,-730.55
11802,345,296.0,1,3,0,-577.41
11803,328,710.0,4,8,0,-163.43
11804,230,327.0,3,5,1,-546.52
11805,96,1089.0,1,4,0,215.35
11806,234,365.0,1,5,0,-508.52
11807,13,6000.0,2,6,0,5126.27
11808,147,3141.0,2,5,0,2267.4
11809,132,927.0,0,7,0,53.38
11810,147,651.0,2,7,0,-222.6
11811,79,86.0,5,6,1,-787.67
11812,279,6000.0,3,6,0,5126.52
11813,286,399.0,2,3,0,-474.47
11814,43,148.0,1,6,0,-725.7
11815,199,88.0,2,4,0,-785.55
11816,178,893.0,1,5,1,19.43
11817,73,588.0,0,5,0,-285.67
11818,38,2264.0,0,7,0,1390.29
11819,144,960.0,0,7,0,86.39
11820,334,548.0,2,3,0,-325.42
11821,344,6000.0,3,10,1,5126.59
11822,319,1700.0,2,1,0,826.56
11823,16,389.0,2,6,1,-484.73
11824,281,252.0,2,4,0,-621.47
11825,358,148.0,1,10,0,-725.4
11826,217,153.0,1,3,0,-720.53
11827,38,123.0,5,6,1,-750.71
11828,178,383.0,3,5,1,-490.57
11829,93,836.0,3,5,0,-37.65
11830,31,736.0,1,7,0,-137.71
11831,206,1909.0,2,7,0,1035.45
11832,351,1317.0,4,2,0,443.59
11833,110,142.0,2,2,0,-731.64
11834,89,1002.0,5,8,0,128.34
11835,222,79.0,2,8,1,-794.53
11836,298,656.0,1,8,0,-217.46
11837,67,5652.0,3,6,0,4778.32
11838,274,1664.0,0,1,0,790.52
11839,274,1007.0,0,6,0,133.52
11840,352,256.0,4,5,0,-617.4
11841,256,298.0,1,11,0,-575.5
11842,319,170.0,0,3,0,-703.44
11843,97,306.0,3,12,0,-567.65
11844,357,660.0,4,6,0,-213.4
11845,35,135.0,1,6,0,-738.71
11846,9,1560.0,2,8,0,686.26
11847,115,113.0,2,13,0,-760.63
11848,136,1941.0,2,4,0,1067.39
11849,40,521.0,2,3,0,-352.7
11850,164,760.0,5,9,1,-113.59
11851,291,101.0,3,4,1,-772.46
11852,340,240.0,3,6,0,-633.42
11853,362,428.0,2,8,1,-445.39
11854,345,88.0,2,4,1,-785.41
11855,341,903.0,0,9,0,29.58
11856,349,177.0,3,8,0,-696.41
11857,210,672.0,0,14,0,-201.54
11858,159,645.0,2,5,0,-228.59
11859,101,1338.0,3,4,0,464.35
11860,185,803.0,2,6,0,-70.57
11861,156,283.0,4,2,0,-590.59
11862,3,311.0,2,10,1,-562.74
11863,267,411.0,3,6,1,-462.49
11864,279,3856.0,3,2,0,2982.52
11865,101,1331.0,3,2,1,457.35
11866,44,1860.0,1,8,0,986.3
11867,231,1042.0,1,4,0,168.48
11868,340,338.0,1,4,0,-535.42
11869,243,840.0,4,5,1,-33.51
11870,94,1755.0,2,2,0,881.35
11871,214,195.0,1,5,0,-678.54
11872,346,537.0,1,9,1,-336.41
11873,136,1073.0,4,3,0,199.39
11874,352,776.0,3,7,0,-97.4
11875,2,526.0,2,10,1,-347.74
11876,302,2816.0,1,3,0,1942.55
11877,102,787.0,2,6,0,-86.65
11878,29,1579.0,2,6,0,705.28
11879,305,556.0,2,6,0,-317.45
11880,262,460.0,0,3,0,-413.49
11881,32,196.0,1,4,1,-677.71
11882,321,593.0,2,5,0,-280.43
11883,9,405.0,1,5,0,-468.73
11884,149,318.0,3,9,0,-555.6
11885,88,163.0,1,3,0,-710.66
11886,159,330.0,0,4,0,-543.59
11887,318,218.0,0,5,0,-655.44
11888,28,116.0,1,5,1,-757.72
11889,108,5520.0,5,4,1,4646.36
11890,207,54.0,4,5,0,-819.54
11891,153,3295.0,1,4,0,2421.4
11892,248,281.0,2,4,0,-592.5
11893,69,859.0,1,11,0,-14.68
11894,218,1120.0,2,5,0,246.47
11895,154,383.0,2,7,1,-490.6
11896,317,890.0,4,4,1,16.56
11897,250,245.0,3,6,0,-628.5
11898,123,578.0,2,5,0,-295.63
11899,241,46.0,5,11,1,-827.51
11900,198,180.0,1,4,0,-693.55
11901,333,124.0,1,4,0,-749.42
11902,242,127.0,3,4,0,-746.51
11903,272,145.0,2,6,0,-728.48
11904,156,194.0,2,8,1,-679.59
11905,289,838.0,1,9,0,-35.47
11906,250,146.0,5,7,1,-727.5
11907,95,70.0,3,4,0,-803.65
11908,57,748.0,0,7,0,-125.69
11909,237,1109.0,4,9,0,235.48
11910,242,1295.0,6,4,1,421.49
11911,241,3023.0,3,5,0,2149.49
11912,185,951.0,1,5,0,77.43
11913,197,214.0,2,9,0,-659.55
11914,61,55.0,0,7,0,-818.68
11915,283,338.0,2,9,1,-535.47
11916,82,398.0,2,7,0,-475.66
11917,250,873.0,0,7,0,-0.5
11918,64,167.0,3,4,0,-706.68
11919,229,284.0,1,7,1,-589.52
11920,3,458.0,0,7,0,-415.74
11921,303,1040.0,2,8,0,166.55
11922,275,4279.0,0,4,0,3405.52
11923,250,423.0,1,5,0,-450.5
11924,252,1291.0,0,7,0,417.5
11925,103,901.0,2,5,0,27.36
11926,96,92.0,1,5,0,-781.65
11927,6,105.0,2,8,0,-768.74
11928,190,206.0,2,4,0,-667.56
11929,195,189.0,5,5,1,-684.56
11930,205,728.0,2,10,1,-145.55
11931,248,929.0,1,10,0,55.49
11932,100,738.0,1,8,1,-135.65
11933,301,1067.0,0,7,0,193.55
11934,120,660.0,1,5,1,-213.63
11935,15,256.0,1,3,1,-617.73
11936,176,119.0,6,7,1,-754.57
11937,218,4311.0,2,10,1,3437.46
11938,154,2972.0,1,3,0,2098.4
11939,74,3414.0,5,7,0,2540.33
11940,186,182.0,2,6,0,-691.56
11941,31,1939.0,1,10,0,1065.29
11942,159,87.0,3,3,1,-786.59
11943,46,83.0,3,6,1,-790.7
11944,149,787.0,1,8,0,-86.6
11945,223,772.0,2,14,1,-101.53
11946,262,1760.0,2,2,0,886.51
11947,289,91.0,0,7,0,-782.47
11948,124,332.0,1,9,0,-541.62
11949,20,105.0,1,4,1,-768.72
11950,201,1492.0,3,7,0,618.45
11951,4,1702.0,2,9,1,828.26
11952,357,540.0,2,6,0,-333.4
11953,170,222.0,2,6,0,-651.58
11954,46,1549.0,2,6,0,675.3
11955,184,2074.0,2,6,1,1200.43
11956,205,107.0,2,4,1,-766.55
11957,65,1678.0,1,6,0,804.32
11958,169,648.0,2,6,0,-225.58
11959,258,2424.0,1,8,0,1550.5
11960,298,46.0,3,2,1,-827.46
11961,101,684.0,3,6,1,-189.65
11962,164,226.0,4,9,0,-647.59
11963,320,2956.0,3,8,0,2082.56
11964,176,5338.0,3,4,0,4464.42
11965,71,620.0,4,9,1,-253.68
11966,205,1046.0,2,3,0,172.45
11967,322,123.0,0,13,0,-750.43
11968,191,847.0,2,9,0,-26.56
11969,206,1268.0,1,9,0,394.45
11970,78,147.0,5,6,0,-726.67
11971,37,435.0,1,7,0,-438.71
11972,282,1864.0,4,10,0,990.53
11973,293,1465.0,1,8,0,591.54
11974,2,89.0,2,4,1,-784.74
11975,340,80.0,0,6,0,-793.42
11976,296,513.0,1,7,0,-360.46
11977,160,463.0,2,7,0,-410.59
11978,205,221.0,0,4,0,-652.55
11979,251,1017.0,0,10,0,143.5
11980,267,818.0,2,13,1,-55.49
11981,314,536.0,0,8,0,-337.44
11982,363,1114.0,0,8,0,240.61
11983,100,272.0,1,8,1,-601.65
11984,199,339.0,0,9,0,-534.55
11985,106,344.0,4,2,0,-529.64
11986,233,710.0,2,3,0,-163.52
11987,133,1325.0,1,7,0,451.38
11988,286,794.0,0,6,0,-79.47
11989,175,230.0,2,3,1,-643.57
11990,103,192.0,0,5,0,-681.64
11991,229,1239.0,2,9,0,365.48
11992,304,650.0,1,13,0,-223.45
11993,155,208.0,1,5,1,-665.59
11994,169,865.0,3,2,0,-8.58
11995,229,2919.0,4,8,0,2045.48
11996,218,1163.0,2,5,0,289.47
11997,297,417.0,2,2,0,-456.46
11998,102,29.0,0,6,0,-844.65
11999,144,454.0,2,6,0,-419.6
12000,362,67.0,2,2,0,-806.39
