impression_id,arm,clicked,purchased
1,ctr_bandit,0,0
2,ctr_bandit,0,0
3,legacy_rule,0,0
4,legacy_rule,1,0
5,ctr_bandit,0,0
6,legacy_rule,0,0
7,legacy_rule,0,0
8,ctr_bandit,0,0
9,ctr_bandit,1,0
10,legacy_rule,0,0
11,ctr_bandit,0,0
12,ctr_bandit,1,0
13,ctr_bandit,0,0
14,ctr_bandit,0,0
15,ctr_bandit,1,0
16,legacy_rule,0,0
17,legacy_rule,0,0
18,ctr_bandit,0,0
19,ctr_bandit,1,0
20,legacy_rule,0,0
21,ctr_bandit,0,0
22,legacy_rule,1,0
23,ctr_bandit,0,0
24,legacy_rule,0,0
25,ctr_bandit,0,0
26,ctr_bandit,0,0
27,ctr_bandit,0,0
28,ctr_bandit,0,0
29,ctr_bandit,0,0
30,ctr_bandit,0,0
31,ctr_bandit,1,1
32,legacy_rule,0,0
33,legacy_rule,1,0
34,ctr_bandit,0,0
35,ctr_bandit,1,0
36,ctr_bandit,0,0
37,ctr_bandit,0,0
38,legacy_rule,0,0
39,ctr_bandit,0,0
40,ctr_bandit,0,0
41,ctr_bandit,0,0
42,ctr_bandit,1,0
43,legacy_rule,0,0
44,ctr_bandit,0,0
45,legacy_rule,0,0
46,legacy_rule,0,0
47,legacy_rule,0,0
48,ctr_bandit,1,1
49,legacy_rule,0,0
50,legacy_rule,0,0
51,ctr_bandit,0,0
52,legacy_rule,0,0
53,ctr_bandit,0,0
54,ctr_bandit,1,0
55,ctr_bandit,0,0
56,ctr_bandit,0,0
57,legacy_rule,0,0
58,legacy_rule,0,0
59,legacy_rule,0,0
60,ctr_bandit,1,0
61,legacy_rule,1,0
62,legacy_rule,0,0
63,legacy_rule,0,0
64,ctr_bandit,1,0
65,ctr_bandit,0,0
66,legacy_rule,1,0
67,legacy_rule,0,0
68,ctr_bandit,1,0
69,ctr_bandit,0,0
70,legacy_rule,1,0
71,ctr_bandit,1,0
72,legacy_rule,0,0
73,legacy_rule,0,0
74,ctr_bandit,1,1
75,ctr_bandit,0,0
76,legacy_rule,1,0
77,legacy_rule,0,0
78,legacy_rule,0,0
79,legacy_rule,0,0
80,ctr_bandit,1,0
81,ctr_bandit,1,0
82,ctr_bandit,0,0
83,legacy_rule,0,0
84,legacy_rule,0,0
85,ctr_bandit,1,0
86,legacy_rule,1,1
87,ctr_bandit,1,0
88,ctr_bandit,1,1
89,ctr_bandit,0,0
90,ctr_bandit,0,0
91,legacy_rule,1,1
92,legacy_rule,0,0
93,legacy_rule,0,0
94,legacy_rule,1,0
95,legacy_rule,0,0
96,ctr_bandit,1,0
97,legacy_rule,0,0
98,ctr_bandit,0,0
99,ctr_bandit,0,0
100,legacy_rule,1,0
101,legacy_rule,0,0
102,legacy_rule,1,1
103,ctr_bandit,1,0
104,legacy_rule,0,0
105,ctr_bandit,1,0
106,ctr_bandit,1,0
107,ctr_bandit,1,0
108,ctr_bandit,0,0
109,legacy_rule,0,0
110,legacy_rule,1,0
111,legacy_rule,0,0
112,ctr_bandit,0,0
113,ctr_bandit,1,1
114,legacy_rule,1,0
115,ctr_bandit,0,0
116,ctr_bandit,0,0
117,legacy_rule,0,0
118,legacy_rule,1,0
119,legacy_rule,0,0
120,ctr_bandit,0,0
121,ctr_bandit,1,0
122,legacy_rule,0,0
123,ctr_bandit,0,0
124,ctr_bandit,0,0
125,legacy_rule,1,0
126,ctr_bandit,0,0
127,ctr_bandit,1,0
128,ctr_bandit,1,0
129,ctr_bandit,1,0
130,ctr_bandit,0,0
131,legacy_rule,0,0
132,legacy_rule,0,0
133,legacy_rule,1,0
134,ctr_bandit,0,0
135,ctr_bandit,0,0
136,ctr_bandit,1,0
137,ctr_bandit,1,0
138,ctr_bandit,0,0
139,ctr_bandit,1,0
140,ctr_bandit,1,0
141,ctr_bandit,0,0
142,ctr_bandit,1,0
143,legacy_rule,0,0
144,ctr_bandit,0,0
145,ctr_bandit,0,0
146,ctr_bandit,0,0
147,ctr_bandit,0,0
148,legacy_rule,1,0
149,legacy_rule,0,0
150,ctr_bandit,0,0
151,ctr_bandit,0,0
152,ctr_bandit,1,0
153,legacy_rule,0,0
154,ctr_bandit,0,0
155,legacy_rule,0,0
156,ctr_bandit,1,0
157,ctr_bandit,1,0
158,ctr_bandit,1,0
159,ctr_bandit,0,0
160,ctr_bandit,1,0
161,ctr_bandit,0,0
162,ctr_bandit,0,0
163,legacy_rule,0,0
164,legacy_rule,0,0
165,legacy_rule,0,0
166,legacy_rule,0,0
167,legacy_rule,0,0
168,ctr_bandit,1,0
169,legacy_rule,0,0
170,legacy_rule,0,0
171,ctr_bandit,0,0
172,legacy_rule,1,0
173,legacy_rule,1,0
174,legacy_rule,0,0
175,legacy_rule,0,0
176,ctr_bandit,0,0
177,legacy_rule,0,0
178,legacy_rule,1,0
179,legacy_rule,0,0
180,legacy_rule,0,0
181,legacy_rule,0,0
182,legacy_rule,0,0
183,legacy_rule,0,0
184,legacy_rule,0,0
185,legacy_rule,0,0
186,ctr_bandit,0,0
187,legacy_rule,0,0
188,ctr_bandit,0,0
189,ctr_bandit,0,0
190,legacy_rule,0,0
191,legacy_rule,0,0
192,ctr_bandit,1,0
193,legacy_rule,0,0
194,ctr_bandit,0,0
195,ctr_bandit,0,0
196,legacy_rule,0,0
197,legacy_rule,1,0
198,legacy_rule,0,0
199,legacy_rule,0,0
200,legacy_rule,0,0
201,ctr_bandit,1,0
202,legacy_rule,0,0
203,ctr_bandit,0,0
204,legacy_rule,0,0
205,legacy_rule,0,0
206,legacy_rule,0,0
207,legacy_rule,0,0
208,legacy_rule,1,0
209,legacy_rule,0,0
210,ctr_bandit,0,0
211,ctr_bandit,0,0
212,ctr_bandit,0,0
213,legacy_rule,0,0
214,ctr_bandit,1,0
215,ctr_bandit,0,0
216,ctr_bandit,0,0
217,ctr_bandit,1,0
218,legacy_rule,0,0
219,legacy_rule,0,0
220,ctr_bandit,0,0
221,ctr_bandit,1,0
222,legacy_rule,0,0
223,legacy_rule,0,0
224,ctr_bandit,0,0
225,ctr_bandit,0,0
226,legacy_rule,0,0
227,legacy_rule,0,0
228,ctr_bandit,0,0
229,legacy_rule,0,0
230,legacy_rule,0,0
231,ctr_bandit,0,0
232,ctr_bandit,0,0
233,ctr_bandit,0,0
234,legacy_rule,1,0
235,legacy_rule,0,0
236,ctr_bandit,0,0
237,ctr_bandit,0,0
238,legacy_rule,1,0
239,legacy_rule,0,0
240,ctr_bandit,0,0
241,ctr_bandit,0,0
242,legacy_rule,0,0
243,ctr_bandit,0,0
244,legacy_rule,0,0
245,ctr_bandit,0,0
246,legacy_rule,0,0
247,ctr_bandit,0,0
248,legacy_rule,0,0
249,legacy_rule,0,0
250,legacy_rule,0,0
251,ctr_bandit,0,0
252,ctr_bandit,1,0
253,legacy_rule,0,0
254,legacy_rule,0,0
255,legacy_rule,1,0
256,legacy_rule,0,0
257,ctr_bandit,1,0
258,legacy_rule,0,0
259,legacy_rule,1,0
260,legacy_rule,0,0
261,legacy_rule,0,0
262,legacy_rule,0,0
263,legacy_rule,1,0
264,legacy_rule,0,0
265,legacy_rule,1,0
266,legacy_rule,0,0
267,legacy_rule,1,0
268,legacy_rule,0,0
269,ctr_bandit,0,0
270,ctr_bandit,0,0
271,legacy_rule,0,0
272,ctr_bandit,1,0
273,legacy_rule,0,0
274,legacy_rule,0,0
275,ctr_bandit,1,0
276,legacy_rule,0,0
277,legacy_rule,0,0
278,legacy_rule,0,0
279,ctr_bandit,0,0
280,ctr_bandit,1,0
281,legacy_rule,0,0
282,ctr_bandit,1,0
283,ctr_bandit,0,0
284,legacy_rule,0,0
285,ctr_bandit,0,0
286,ctr_bandit,0,0
287,ctr_bandit,0,0
288,ctr_bandit,1,0
289,ctr_bandit,0,0
290,ctr_bandit,0,0
291,legacy_rule,1,0
292,legacy_rule,1,0
293,legacy_rule,0,0
294,ctr_bandit,0,0
295,legacy_rule,1,0
296,legacy_rule,0,0
297,ctr_bandit,0,0
298,ctr_bandit,0,0
299,ctr_bandit,0,0
300,ctr_bandit,0,0
301,ctr_bandit,0,0
302,legacy_rule,0,0
303,ctr_bandit,1,0
304,legacy_rule,0,0
305,legacy_rule,0,0
306,legacy_rule,0,0
307,legacy_rule,1,0
308,legacy_rule,0,0
309,legacy_rule,0,0
310,legacy_rule,0,0
311,legacy_rule,0,0
312,ctr_bandit,1,0
313,legacy_rule,0,0
314,legacy_rule,0,0
315,ctr_bandit,0,0
316,legacy_rule,0,0
317,ctr_bandit,0,0
318,ctr_bandit,0,0
319,ctr_bandit,1,0
320,ctr_bandit,1,0
321,ctr_bandit,0,0
322,ctr_bandit,0,0
323,legacy_rule,0,0
324,ctr_bandit,0,0
325,ctr_bandit,1,0
326,ctr_bandit,0,0
327,ctr_bandit,1,0
328,ctr_bandit,0,0
329,legacy_rule,0,0
330,ctr_bandit,0,0
331,legacy_rule,0,0
332,legacy_rule,0,0
333,legacy_rule,0,0
334,legacy_rule,1,1
335,ctr_bandit,0,0
336,ctr_bandit,0,0
337,ctr_bandit,0,0
338,ctr_bandit,0,0
339,legacy_rule,1,0
340,ctr_bandit,0,0
341,ctr_bandit,1,0
342,ctr_bandit,0,0
343,legacy_rule,0,0
344,ctr_bandit,0,0
345,ctr_bandit,0,0
346,legacy_rule,0,0
347,ctr_bandit,0,0
348,legacy_rule,0,0
349,legacy_rule,0,0
350,legacy_rule,0,0
351,ctr_bandit,0,0
352,ctr_bandit,0,0
353,ctr_bandit,1,0
354,legacy_rule,1,0
355,legacy_rule,1,0
356,ctr_bandit,1,0
357,legacy_rule,0,0
358,legacy_rule,0,0
359,ctr_bandit,1,0
360,legacy_rule,0,0
361,ctr_bandit,0,0
362,ctr_bandit,1,0
363,ctr_bandit,0,0
364,legacy_rule,0,0
365,legacy_rule,0,0
366,legacy_rule,0,0
367,legacy_rule,0,0
368,legacy_rule,0,0
369,legacy_rule,0,0
370,legacy_rule,0,0
371,ctr_bandit,0,0
372,ctr_bandit,1,1
373,legacy_rule,0,0
374,ctr_bandit,0,0
375,legacy_rule,1,1
376,legacy_rule,0,0
377,legacy_rule,1,0
378,ctr_bandit,0,0
379,legacy_rule,0,0
380,legacy_rule,0,0
381,legacy_rule,1,0
382,legacy_rule,1,0
383,legacy_rule,1,0
384,ctr_bandit,0,0
385,ctr_bandit,1,0
386,ctr_bandit,0,0
387,legacy_rule,0,0
388,legacy_rule,0,0
389,ctr_bandit,0,0
390,legacy_rule,0,0
391,legacy_rule,0,0
392,ctr_bandit,1,0
393,legacy_rule,0,0
394,ctr_bandit,1,0
395,legacy_rule,1,0
396,ctr_bandit,0,0
397,ctr_bandit,0,0
398,ctr_bandit,0,0
399,legacy_rule,1,0
400,ctr_bandit,0,0
401,legacy_rule,1,0
402,ctr_bandit,1,0
403,legacy_rule,1,0
404,ctr_bandit,1,0
405,legacy_rule,0,0
406,legacy_rule,0,0
407,legacy_rule,0,0
408,ctr_bandit,1,0
409,ctr_bandit,0,0
410,legacy_rule,0,0
411,legacy_rule,0,0
412,legacy_rule,1,0
413,legacy_rule,0,0
414,ctr_bandit,1,0
415,ctr_bandit,1,0
416,legacy_rule,0,0
417,legacy_rule,0,0
418,ctr_bandit,0,0
419,legacy_rule,0,0
420,legacy_rule,1,0
421,ctr_bandit,0,0
422,legacy_rule,0,0
423,ctr_bandit,1,0
424,ctr_bandit,1,0
425,legacy_rule,1,0
426,ctr_bandit,0,0
427,legacy_rule,0,0
428,legacy_rule,0,0
429,ctr_bandit,0,0
430,legacy_rule,0,0
431,ctr_bandit,1,0
432,ctr_bandit,1,0
433,legacy_rule,0,0
434,legacy_rule,0,0
435,legacy_rule,0,0
436,legacy_rule,1,0
437,ctr_bandit,0,0
438,ctr_bandit,0,0
439,legacy_rule,0,0
440,ctr_bandit,1,0
441,ctr_bandit,1,0
442,ctr_bandit,1,0
443,ctr_bandit,0,0
444,legacy_rule,0,0
445,ctr_bandit,1,0
446,ctr_bandit,0,0
447,legacy_rule,0,0
448,legacy_rule,0,0
449,ctr_bandit,0,0
450,legacy_rule,0,0
451,legacy_rule,1,0
452,ctr_bandit,1,0
453,legacy_rule,0,0
454,ctr_bandit,0,0
455,ctr_bandit,0,0
456,legacy_rule,0,0
457,ctr_bandit,0,0
458,legacy_rule,0,0
459,legacy_rule,0,0
460,ctr_bandit,1,0
461,legacy_rule,0,0
462,ctr_bandit,1,0
463,ctr_bandit,1,0
464,legacy_rule,0,0
465,legacy_rule,0,0
466,ctr_bandit,0,0
467,ctr_bandit,1,0
468,legacy_rule,0,0
469,legacy_rule,0,0
470,legacy_rule,0,0
471,ctr_bandit,0,0
472,legacy_rule,0,0
473,ctr_bandit,1,0
474,legacy_rule,0,0
475,ctr_bandit,0,0
476,ctr_bandit,0,0
477,ctr_bandit,0,0
478,ctr_bandit,0,0
479,ctr_bandit,0,0
480,ctr_bandit,1,0
481,ctr_bandit,0,0
482,ctr_bandit,0,0
483,legacy_rule,0,0
484,ctr_bandit,0,0
485,legacy_rule,0,0
486,legacy_rule,1,0
487,legacy_rule,0,0
488,ctr_bandit,0,0
489,ctr_bandit,0,0
490,legacy_rule,0,0
491,legacy_rule,0,0
492,legacy_rule,0,0
493,ctr_bandit,0,0
494,legacy_rule,0,0
495,ctr_bandit,0,0
496,ctr_bandit,0,0
497,legacy_rule,0,0
498,ctr_bandit,0,0
499,legacy_rule,0,0
500,ctr_bandit,0,0
501,ctr_bandit,0,0
502,ctr_bandit,1,1
503,ctr_bandit,0,0
504,ctr_bandit,1,0
505,legacy_rule,0,0
506,ctr_bandit,0,0
507,ctr_bandit,1,1
508,ctr_bandit,0,0
509,ctr_bandit,0,0
510,legacy_rule,0,0
511,ctr_bandit,0,0
512,ctr_bandit,1,0
513,ctr_bandit,1,0
514,ctr_bandit,1,0
515,legacy_rule,0,0
516,ctr_bandit,0,0
517,ctr_bandit,0,0
518,legacy_rule,1,0
519,ctr_bandit,0,0
520,legacy_rule,0,0
521,legacy_rule,0,0
522,legacy_rule,0,0
523,legacy_rule,0,0
524,ctr_bandit,0,0
525,legacy_rule,0,0
526,ctr_bandit,0,0
527,ctr_bandit,1,0
528,ctr_bandit,0,0
529,legacy_rule,1,0
530,legacy_rule,1,0
531,ctr_bandit,0,0
532,ctr_bandit,0,0
533,ctr_bandit,0,0
534,ctr_bandit,0,0
535,legacy_rule,0,0
536,legacy_rule,0,0
537,legacy_rule,0,0
538,legacy_rule,0,0
539,legacy_rule,0,0
540,ctr_bandit,0,0
541,ctr_bandit,1,0
542,ctr_bandit,0,0
543,ctr_bandit,0,0
544,legacy_rule,0,0
545,ctr_bandit,1,0
546,legacy_rule,0,0
547,legacy_rule,0,0
548,ctr_bandit,1,1
549,legacy_rule,1,0
550,legacy_rule,0,0
551,ctr_bandit,0,0
552,legacy_rule,0,0
553,legacy_rule,0,0
554,legacy_rule,0,0
555,legacy_rule,0,0
556,legacy_rule,0,0
557,legacy_rule,1,0
558,ctr_bandit,1,0
559,ctr_bandit,0,0
560,ctr_bandit,1,0
561,legacy_rule,0,0
562,legacy_rule,0,0
563,ctr_bandit,0,0
564,ctr_bandit,0,0
565,legacy_rule,1,0
566,legacy_rule,0,0
567,legacy_rule,0,0
568,ctr_bandit,0,0
569,ctr_bandit,1,0
570,legacy_rule,0,0
571,ctr_bandit,0,0
572,legacy_rule,0,0
573,ctr_bandit,1,0
574,ctr_bandit,0,0
575,ctr_bandit,1,0
576,ctr_bandit,1,0
577,legacy_rule,0,0
578,ctr_bandit,0,0
579,legacy_rule,0,0
580,ctr_bandit,0,0
581,legacy_rule,0,0
582,ctr_bandit,1,1
583,legacy_rule,1,0
584,ctr_bandit,0,0
585,legacy_rule,0,0
586,legacy_rule,1,0
587,ctr_bandit,0,0
588,ctr_bandit,1,0
589,ctr_bandit,1,0
590,ctr_bandit,0,0
591,ctr_bandit,1,0
592,legacy_rule,1,0
593,ctr_bandit,1,0
594,legacy_rule,0,0
595,ctr_bandit,0,0
596,legacy_rule,0,0
597,ctr_bandit,0,0
598,legacy_rule,0,0
599,ctr_bandit,1,0
600,legacy_rule,0,0
601,ctr_bandit,0,0
602,ctr_bandit,0,0
603,ctr_bandit,0,0
604,legacy_rule,0,0
605,legacy_rule,1,0
606,ctr_bandit,0,0
607,legacy_rule,0,0
608,ctr_bandit,0,0
609,ctr_bandit,1,0
610,legacy_rule,0,0
611,legacy_rule,0,0
612,ctr_bandit,0,0
613,legacy_rule,0,0
614,ctr_bandit,0,0
615,legacy_rule,0,0
616,legacy_rule,0,0
617,legacy_rule,1,0
618,legacy_rule,0,0
619,legacy_rule,0,0
620,legacy_rule,0,0
621,legacy_rule,0,0
622,ctr_bandit,0,0
623,legacy_rule,0,0
624,ctr_bandit,0,0
625,ctr_bandit,0,0
626,legacy_rule,1,0
627,ctr_bandit,0,0
628,ctr_bandit,1,0
629,legacy_rule,0,0
630,ctr_bandit,1,0
631,ctr_bandit,1,0
632,legacy_rule,0,0
633,legacy_rule,0,0
634,ctr_bandit,1,0
635,ctr_bandit,1,1
636,legacy_rule,1,0
637,legacy_rule,0,0
638,ctr_bandit,1,0
639,legacy_rule,0,0
640,ctr_bandit,0,0
641,ctr_bandit,0,0
642,legacy_rule,1,0
643,legacy_rule,1,0
644,ctr_bandit,1,1
645,legacy_rule,0,0
646,legacy_rule,0,0
647,legacy_rule,0,0
648,ctr_bandit,0,0
649,legacy_rule,0,0
650,legacy_rule,0,0
651,ctr_bandit,1,0
652,legacy_rule,0,0
653,ctr_bandit,0,0
654,legacy_rule,1,0
655,legacy_rule,0,0
656,legacy_rule,0,0
657,legacy_rule,0,0
658,ctr_bandit,1,0
659,ctr_bandit,1,0
660,ctr_bandit,0,0
661,legacy_rule,0,0
662,legacy_rule,0,0
663,ctr_bandit,1,0
664,legacy_rule,0,0
665,ctr_bandit,1,0
666,legacy_rule,0,0
667,ctr_bandit,0,0
668,ctr_bandit,0,0
669,legacy_rule,0,0
670,legacy_rule,0,0
671,ctr_bandit,1,0
672,ctr_bandit,0,0
673,ctr_bandit,0,0
674,legacy_rule,1,0
675,ctr_bandit,0,0
676,legacy_rule,0,0
677,ctr_bandit,0,0
678,ctr_bandit,0,0
679,legacy_rule,0,0
680,legacy_rule,1,0
681,legacy_rule,0,0
682,legacy_rule,1,1
683,legacy_rule,0,0
684,ctr_bandit,0,0
685,ctr_bandit,0,0
686,legacy_rule,0,0
687,legacy_rule,0,0
688,legacy_rule,0,0
689,legacy_rule,0,0
690,ctr_bandit,1,0
691,ctr_bandit,0,0
692,ctr_bandit,0,0
693,ctr_bandit,0,0
694,ctr_bandit,1,0
695,ctr_bandit,0,0
696,legacy_rule,0,0
697,ctr_bandit,1,0
698,legacy_rule,0,0
699,legacy_rule,0,0
700,legacy_rule,1,0
701,ctr_bandit,1,0
702,legacy_rule,0,0
703,legacy_rule,0,0
704,legacy_rule,0,0
705,ctr_bandit,1,0
706,ctr_bandit,1,0
707,ctr_bandit,0,0
708,ctr_bandit,1,0
709,ctr_bandit,1,0
710,ctr_bandit,1,0
711,legacy_rule,1,0
712,legacy_rule,0,0
713,ctr_bandit,1,1
714,legacy_rule,0,0
715,ctr_bandit,1,0
716,ctr_bandit,1,0
717,ctr_bandit,0,0
718,ctr_bandit,0,0
719,ctr_bandit,0,0
720,legacy_rule,0,0
721,legacy_rule,0,0
722,ctr_bandit,1,0
723,ctr_bandit,1,0
724,legacy_rule,0,0
725,ctr_bandit,0,0
726,legacy_rule,0,0
727,ctr_bandit,0,0
728,ctr_bandit,0,0
729,legacy_rule,1,0
730,ctr_bandit,0,0
731,legacy_rule,0,0
732,ctr_bandit,0,0
733,ctr_bandit,0,0
734,ctr_bandit,0,0
735,legacy_rule,0,0
736,ctr_bandit,1,0
737,legacy_rule,0,0
738,ctr_bandit,0,0
739,legacy_rule,0,0
740,ctr_bandit,0,0
741,legacy_rule,1,0
742,legacy_rule,0,0
743,ctr_bandit,0,0
744,ctr_bandit,1,0
745,legacy_rule,0,0
746,legacy_rule,0,0
747,ctr_bandit,1,0
748,legacy_rule,1,0
749,ctr_bandit,0,0
750,ctr_bandit,1,0
751,legacy_rule,0,0
752,ctr_bandit,1,0
753,legacy_rule,0,0
754,ctr_bandit,0,0
755,ctr_bandit,0,0
756,ctr_bandit,1,0
757,legacy_rule,1,0
758,ctr_bandit,1,0
759,legacy_rule,1,1
760,ctr_bandit,1,0
761,ctr_bandit,1,0
762,legacy_rule,0,0
763,ctr_bandit,0,0
764,legacy_rule,1,1
765,legacy_rule,1,0
766,ctr_bandit,0,0
767,ctr_bandit,0,0
768,legacy_rule,0,0
769,legacy_rule,0,0
770,ctr_bandit,1,0
771,legacy_rule,0,0
772,ctr_bandit,0,0
773,legacy_rule,0,0
774,legacy_rule,0,0
775,ctr_bandit,0,0
776,legacy_rule,0,0
777,ctr_bandit,0,0
778,legacy_rule,0,0
779,legacy_rule,0,0
780,legacy_rule,0,0
781,ctr_bandit,1,0
782,ctr_bandit,0,0
783,legacy_rule,0,0
784,legacy_rule,0,0
785,legacy_rule,1,1
786,legacy_rule,0,0
787,ctr_bandit,1,0
788,legacy_rule,1,0
789,ctr_bandit,0,0
790,ctr_bandit,0,0
791,ctr_bandit,1,0
792,ctr_bandit,0,0
793,ctr_bandit,1,0
794,ctr_bandit,0,0
795,legacy_rule,0,0
796,ctr_bandit,1,0
797,legacy_rule,0,0
798,ctr_bandit,0,0
799,legacy_rule,0,0
800,ctr_bandit,1,0
801,ctr_bandit,0,0
802,ctr_bandit,0,0
803,ctr_bandit,0,0
804,ctr_bandit,1,0
805,ctr_bandit,0,0
806,legacy_rule,0,0
807,ctr_bandit,0,0
808,ctr_bandit,0,0
809,ctr_bandit,1,0
810,ctr_bandit,0,0
811,ctr_bandit,0,0
812,ctr_bandit,1,0
813,ctr_bandit,0,0
814,ctr_bandit,0,0
815,ctr_bandit,1,0
816,legacy_rule,0,0
817,legacy_rule,0,0
818,legacy_rule,1,0
819,legacy_rule,1,0
820,ctr_bandit,0,0
821,legacy_rule,1,0
822,ctr_bandit,1,0
823,legacy_rule,1,1
824,legacy_rule,0,0
825,legacy_rule,0,0
826,ctr_bandit,0,0
827,legacy_rule,0,0
828,ctr_bandit,0,0
829,legacy_rule,0,0
830,legacy_rule,0,0
831,ctr_bandit,0,0
832,ctr_bandit,1,0
833,legacy_rule,0,0
834,ctr_bandit,0,0
835,ctr_bandit,0,0
836,legacy_rule,0,0
837,ctr_bandit,0,0
838,legacy_rule,0,0
839,ctr_bandit,0,0
840,ctr_bandit,1,0
841,ctr_bandit,1,0
842,ctr_bandit,0,0
843,ctr_bandit,1,0
844,legacy_rule,0,0
845,ctr_bandit,1,0
846,ctr_bandit,0,0
847,ctr_bandit,1,0
848,legacy_rule,0,0
849,ctr_bandit,1,0
850,legacy_rule,0,0
851,legacy_rule,0,0
852,ctr_bandit,0,0
853,legacy_rule,1,0
854,legacy_rule,0,0
855,ctr_bandit,0,0
856,ctr_bandit,0,0
857,legacy_rule,0,0
858,ctr_bandit,0,0
859,legacy_rule,0,0
860,ctr_bandit,1,0
861,legacy_rule,0,0
862,legacy_rule,0,0
863,ctr_bandit,1,0
864,ctr_bandit,0,0
865,ctr_bandit,0,0
866,legacy_rule,0,0
867,legacy_rule,1,0
868,legacy_rule,1,0
869,legacy_rule,0,0
870,ctr_bandit,0,0
871,legacy_rule,0,0
872,legacy_rule,1,0
873,ctr_bandit,1,0
874,legacy_rule,0,0
875,ctr_bandit,1,0
876,ctr_bandit,1,0
877,legacy_rule,0,0
878,ctr_bandit,1,0
879,ctr_bandit,0,0
880,legacy_rule,1,0
881,ctr_bandit,0,0
882,legacy_rule,0,0
883,ctr_bandit,0,0
884,legacy_rule,0,0
885,legacy_rule,0,0
886,legacy_rule,1,0
887,legacy_rule,0,0
888,legacy_rule,0,0
889,legacy_rule,0,0
890,legacy_rule,0,0
891,ctr_bandit,0,0
892,legacy_rule,0,0
893,legacy_rule,0,0
894,legacy_rule,1,0
895,ctr_bandit,0,0
896,ctr_bandit,0,0
897,ctr_bandit,1,0
898,ctr_bandit,0,0
899,ctr_bandit,0,0
900,ctr_bandit,0,0
901,legacy_rule,1,0
902,legacy_rule,0,0
903,ctr_bandit,1,0
904,legacy_rule,0,0
905,ctr_bandit,0,0
906,ctr_bandit,0,0
907,ctr_bandit,0,0
908,legacy_rule,0,0
909,ctr_bandit,0,0
910,legacy_rule,0,0
911,ctr_bandit,0,0
912,legacy_rule,0,0
913,legacy_rule,0,0
914,ctr_bandit,1,0
915,ctr_bandit,0,0
916,ctr_bandit,0,0
917,legacy_rule,0,0
918,ctr_bandit,0,0
919,ctr_bandit,0,0
920,ctr_bandit,1,0
921,legacy_rule,0,0
922,ctr_bandit,1,0
923,ctr_bandit,1,0
924,legacy_rule,1,0
925,ctr_bandit,0,0
926,legacy_rule,1,0
927,ctr_bandit,1,0
928,legacy_rule,0,0
929,legacy_rule,1,0
930,legacy_rule,0,0
931,legacy_rule,0,0
932,legacy_rule,0,0
933,ctr_bandit,0,0
934,ctr_bandit,0,0
935,ctr_bandit,0,0
936,ctr_bandit,0,0
937,ctr_bandit,1,1
938,legacy_rule,0,0
939,ctr_bandit,0,0
940,ctr_bandit,0,0
941,legacy_rule,1,1
942,ctr_bandit,0,0
943,legacy_rule,0,0
944,ctr_bandit,0,0
945,ctr_bandit,0,0
946,ctr_bandit,0,0
947,ctr_bandit,0,0
948,legacy_rule,1,0
949,legacy_rule,0,0
950,legacy_rule,1,0
951,ctr_bandit,0,0
952,ctr_bandit,1,0
953,legacy_rule,0,0
954,ctr_bandit,1,0
955,ctr_bandit,1,1
956,legacy_rule,0,0
957,legacy_rule,0,0
958,ctr_bandit,1,0
959,ctr_bandit,0,0
960,legacy_rule,0,0
961,ctr_bandit,0,0
962,ctr_bandit,0,0
963,ctr_bandit,0,0
964,legacy_rule,0,0
965,legacy_rule,1,1
966,ctr_bandit,1,0
967,ctr_bandit,1,1
968,ctr_bandit,0,0
969,ctr_bandit,1,0
970,legacy_rule,0,0
971,ctr_bandit,0,0
972,ctr_bandit,0,0
973,legacy_rule,0,0
974,legacy_rule,0,0
975,legacy_rule,0,0
976,ctr_bandit,1,0
977,ctr_bandit,0,0
978,legacy_rule,0,0
979,legacy_rule,0,0
980,legacy_rule,0,0
981,legacy_rule,1,0
982,ctr_bandit,1,1
983,ctr_bandit,0,0
984,ctr_bandit,0,0
985,legacy_rule,0,0
986,ctr_bandit,0,0
987,legacy_rule,0,0
988,legacy_rule,0,0
989,legacy_rule,0,0
990,ctr_bandit,1,0
991,ctr_bandit,1,0
992,legacy_rule,1,1
993,ctr_bandit,0,0
994,ctr_bandit,0,0
995,legacy_rule,0,0
996,ctr_bandit,1,0
997,ctr_bandit,0,0
998,ctr_bandit,0,0
999,legacy_rule,1,0
1000,legacy_rule,0,0
1001,ctr_bandit,1,0
1002,ctr_bandit,0,0
1003,ctr_bandit,1,0
1004,legacy_rule,0,0
1005,ctr_bandit,1,0
1006,legacy_rule,0,0
1007,ctr_bandit,0,0
1008,legacy_rule,0,0
1009,ctr_bandit,0,0
1010,ctr_bandit,0,0
1011,ctr_bandit,0,0
1012,ctr_bandit,1,0
1013,legacy_rule,1,0
1014,legacy_rule,1,0
1015,legacy_rule,1,0
1016,legacy_rule,0,0
1017,ctr_bandit,1,0
1018,ctr_bandit,0,0
1019,ctr_bandit,0,0
1020,ctr_bandit,1,0
1021,legacy_rule,0,0
1022,ctr_bandit,0,0
1023,legacy_rule,0,0
1024,legacy_rule,0,0
1025,ctr_bandit,1,1
1026,legacy_rule,0,0
1027,legacy_rule,1,0
1028,legacy_rule,1,1
1029,ctr_bandit,0,0
1030,legacy_rule,1,0
1031,legacy_rule,0,0
1032,ctr_bandit,1,0
1033,legacy_rule,0,0
1034,legacy_rule,1,0
1035,ctr_bandit,0,0
1036,legacy_rule,0,0
1037,ctr_bandit,0,0
1038,ctr_bandit,0,0
1039,ctr_bandit,0,0
1040,ctr_bandit,1,0
1041,ctr_bandit,0,0
1042,ctr_bandit,0,0
1043,legacy_rule,0,0
1044,ctr_bandit,0,0
1045,legacy_rule,1,0
1046,ctr_bandit,1,0
1047,ctr_bandit,0,0
1048,legacy_rule,0,0
1049,legacy_rule,0,0
1050,ctr_bandit,1,0
1051,legacy_rule,0,0
1052,ctr_bandit,1,0
1053,ctr_bandit,1,0
1054,ctr_bandit,0,0
1055,ctr_bandit,0,0
1056,ctr_bandit,0,0
1057,ctr_bandit,0,0
1058,ctr_bandit,1,0
1059,ctr_bandit,0,0
1060,legacy_rule,0,0
1061,legacy_rule,0,0
1062,legacy_rule,0,0
1063,legacy_rule,0,0
1064,legacy_rule,0,0
1065,legacy_rule,1,0
1066,ctr_bandit,0,0
1067,ctr_bandit,1,0
1068,ctr_bandit,1,0
1069,ctr_bandit,0,0
1070,ctr_bandit,0,0
1071,legacy_rule,0,0
1072,legacy_rule,0,0
1073,legacy_rule,1,0
1074,legacy_rule,0,0
1075,ctr_bandit,0,0
1076,legacy_rule,0,0
1077,legacy_rule,0,0
1078,legacy_rule,0,0
1079,ctr_bandit,0,0
1080,legacy_rule,1,0
1081,ctr_bandit,1,1
1082,ctr_bandit,0,0
1083,ctr_bandit,1,0
1084,ctr_bandit,0,0
1085,legacy_rule,0,0
1086,legacy_rule,0,0
1087,ctr_bandit,1,0
1088,ctr_bandit,1,0
1089,ctr_bandit,0,0
1090,ctr_bandit,0,0
1091,ctr_bandit,0,0
1092,ctr_bandit,0,0
1093,ctr_bandit,1,0
1094,ctr_bandit,1,0
1095,ctr_bandit,1,0
1096,legacy_rule,0,0
1097,legacy_rule,0,0
1098,ctr_bandit,0,0
1099,legacy_rule,0,0
1100,legacy_rule,0,0
1101,legacy_rule,0,0
1102,ctr_bandit,0,0
1103,ctr_bandit,1,0
1104,ctr_bandit,1,0
1105,ctr_bandit,1,0
1106,legacy_rule,0,0
1107,legacy_rule,0,0
1108,legacy_rule,0,0
1109,ctr_bandit,0,0
1110,legacy_rule,1,0
1111,legacy_rule,0,0
1112,ctr_bandit,0,0
1113,legacy_rule,0,0
1114,legacy_rule,0,0
1115,legacy_rule,0,0
1116,legacy_rule,0,0
1117,legacy_rule,0,0
1118,ctr_bandit,1,0
1119,ctr_bandit,1,0
1120,legacy_rule,0,0
1121,ctr_bandit,1,0
1122,ctr_bandit,1,0
1123,ctr_bandit,0,0
1124,legacy_rule,0,0
1125,ctr_bandit,1,0
1126,ctr_bandit,0,0
1127,ctr_bandit,0,0
1128,legacy_rule,0,0
1129,ctr_bandit,1,0
1130,ctr_bandit,0,0
1131,ctr_bandit,1,0
1132,ctr_bandit,0,0
1133,legacy_rule,0,0
1134,legacy_rule,0,0
1135,legacy_rule,1,1
1136,legacy_rule,1,0
1137,ctr_bandit,0,0
1138,legacy_rule,0,0
1139,ctr_bandit,1,0
1140,ctr_bandit,0,0
1141,legacy_rule,0,0
1142,ctr_bandit,1,0
1143,ctr_bandit,0,0
1144,ctr_bandit,0,0
1145,legacy_rule,0,0
1146,legacy_rule,0,0
1147,ctr_bandit,1,0
1148,legacy_rule,0,0
1149,ctr_bandit,0,0
1150,ctr_bandit,0,0
1151,ctr_bandit,0,0
1152,ctr_bandit,1,0
1153,ctr_bandit,0,0
1154,ctr_bandit,0,0
1155,legacy_rule,0,0
1156,legacy_rule,0,0
1157,legacy_rule,0,0
1158,ctr_bandit,1,0
1159,legacy_rule,0,0
1160,legacy_rule,0,0
1161,ctr_bandit,1,0
1162,ctr_bandit,0,0
1163,ctr_bandit,0,0
1164,legacy_rule,0,0
1165,ctr_bandit,1,0
1166,legacy_rule,0,0
1167,legacy_rule,0,0
1168,legacy_rule,0,0
1169,ctr_bandit,1,0
1170,ctr_bandit,0,0
1171,ctr_bandit,0,0
1172,legacy_rule,1,0
1173,legacy_rule,0,0
1174,legacy_rule,0,0
1175,legacy_rule,0,0
1176,ctr_bandit,1,0
1177,ctr_bandit,0,0
1178,ctr_bandit,0,0
1179,ctr_bandit,1,0
1180,ctr_bandit,0,0
1181,ctr_bandit,0,0
1182,ctr_bandit,0,0
1183,ctr_bandit,1,0
1184,ctr_bandit,1,0
1185,legacy_rule,0,0
1186,ctr_bandit,0,0
1187,ctr_bandit,0,0
1188,ctr_bandit,0,0
1189,ctr_bandit,0,0
1190,legacy_rule,1,0
1191,legacy_rule,0,0
1192,legacy_rule,1,0
1193,ctr_bandit,1,0
1194,legacy_rule,0,0
1195,legacy_rule,0,0
1196,ctr_bandit,1,0
1197,legacy_rule,0,0
1198,ctr_bandit,0,0
1199,legacy_rule,0,0
1200,ctr_bandit,0,0
1201,legacy_rule,0,0
1202,legacy_rule,1,0
1203,ctr_bandit,0,0
1204,legacy_rule,1,0
1205,legacy_rule,0,0
1206,legacy_rule,0,0
1207,legacy_rule,1,0
1208,legacy_rule,0,0
1209,legacy_rule,0,0
1210,ctr_bandit,0,0
1211,ctr_bandit,0,0
1212,legacy_rule,0,0
1213,ctr_bandit,1,0
1214,legacy_rule,0,0
1215,ctr_bandit,0,0
1216,ctr_bandit,0,0
1217,ctr_bandit,0,0
1218,ctr_bandit,0,0
1219,ctr_bandit,1,1
1220,ctr_bandit,0,0
1221,legacy_rule,0,0
1222,legacy_rule,1,0
1223,ctr_bandit,0,0
1224,ctr_bandit,0,0
1225,legacy_rule,1,0
1226,ctr_bandit,0,0
1227,ctr_bandit,1,0
1228,ctr_bandit,0,0
1229,ctr_bandit,1,0
1230,ctr_bandit,1,0
1231,legacy_rule,0,0
1232,ctr_bandit,1,0
1233,legacy_rule,1,0
1234,ctr_bandit,0,0
1235,ctr_bandit,1,0
1236,ctr_bandit,0,0
1237,legacy_rule,0,0
1238,ctr_bandit,1,0
1239,legacy_rule,0,0
1240,legacy_rule,1,0
1241,ctr_bandit,0,0
1242,ctr_bandit,0,0
1243,legacy_rule,0,0
1244,ctr_bandit,0,0
1245,legacy_rule,1,0
1246,ctr_bandit,0,0
1247,ctr_bandit,0,0
1248,ctr_bandit,1,0
1249,ctr_bandit,0,0
1250,ctr_bandit,1,0
1251,ctr_bandit,0,0
1252,legacy_rule,1,0
1253,ctr_bandit,0,0
1254,legacy_rule,1,1
1255,legacy_rule,0,0
1256,ctr_bandit,1,1
1257,legacy_rule,0,0
1258,legacy_rule,0,0
1259,legacy_rule,0,0
1260,ctr_bandit,1,1
1261,legacy_rule,0,0
1262,ctr_bandit,0,0
1263,ctr_bandit,0,0
1264,legacy_rule,1,1
1265,legacy_rule,0,0
1266,legacy_rule,0,0
1267,legacy_rule,0,0
1268,ctr_bandit,0,0
1269,ctr_bandit,1,0
1270,ctr_bandit,0,0
1271,legacy_rule,0,0
1272,legacy_rule,0,0
1273,ctr_bandit,0,0
1274,ctr_bandit,0,0
1275,legacy_rule,1,1
1276,legacy_rule,0,0
1277,ctr_bandit,0,0
1278,legacy_rule,0,0
1279,ctr_bandit,1,0
1280,ctr_bandit,0,0
1281,legacy_rule,0,0
1282,legacy_rule,0,0
1283,ctr_bandit,1,0
1284,legacy_rule,0,0
1285,legacy_rule,0,0
1286,ctr_bandit,1,0
1287,ctr_bandit,0,0
1288,ctr_bandit,0,0
1289,ctr_bandit,1,0
1290,legacy_rule,0,0
1291,ctr_bandit,1,0
1292,legacy_rule,0,0
1293,legacy_rule,0,0
1294,legacy_rule,0,0
1295,ctr_bandit,0,0
1296,legacy_rule,0,0
1297,legacy_rule,0,0
1298,ctr_bandit,1,0
1299,legacy_rule,0,0
1300,legacy_rule,1,0
1301,legacy_rule,1,0
1302,legacy_rule,0,0
1303,ctr_bandit,1,0
1304,legacy_rule,1,0
1305,ctr_bandit,1,0
1306,legacy_rule,0,0
1307,legacy_rule,0,0
1308,ctr_bandit,0,0
1309,ctr_bandit,1,0
1310,ctr_bandit,0,0
1311,ctr_bandit,0,0
1312,legacy_rule,0,0
1313,ctr_bandit,0,0
1314,legacy_rule,0,0
1315,legacy_rule,0,0
1316,legacy_rule,0,0
1317,legacy_rule,0,0
1318,ctr_bandit,0,0
1319,legacy_rule,1,1
1320,legacy_rule,0,0
1321,legacy_rule,0,0
1322,ctr_bandit,0,0
1323,legacy_rule,0,0
1324,legacy_rule,0,0
1325,legacy_rule,0,0
1326,ctr_bandit,1,0
1327,ctr_bandit,0,0
1328,legacy_rule,0,0
1329,legacy_rule,1,1
1330,legacy_rule,1,0
1331,ctr_bandit,0,0
1332,ctr_bandit,1,0
1333,ctr_bandit,0,0
1334,legacy_rule,0,0
1335,legacy_rule,0,0
1336,legacy_rule,0,0
1337,legacy_rule,0,0
1338,legacy_rule,0,0
1339,legacy_rule,0,0
1340,legacy_rule,0,0
1341,ctr_bandit,0,0
1342,legacy_rule,0,0
1343,legacy_rule,1,0
1344,legacy_rule,0,0
1345,ctr_bandit,1,0
1346,ctr_bandit,0,0
1347,legacy_rule,0,0
1348,legacy_rule,0,0
1349,legacy_rule,0,0
1350,ctr_bandit,0,0
1351,legacy_rule,1,0
1352,ctr_bandit,0,0
1353,legacy_rule,0,0
1354,ctr_bandit,0,0
1355,legacy_rule,0,0
1356,legacy_rule,0,0
1357,ctr_bandit,1,1
1358,ctr_bandit,0,0
1359,ctr_bandit,0,0
1360,legacy_rule,1,0
1361,ctr_bandit,1,0
1362,legacy_rule,0,0
1363,ctr_bandit,1,0
1364,legacy_rule,0,0
1365,ctr_bandit,0,0
1366,ctr_bandit,1,1
1367,ctr_bandit,0,0
1368,legacy_rule,0,0
1369,legacy_rule,1,0
1370,ctr_bandit,0,0
1371,legacy_rule,0,0
1372,legacy_rule,1,0
1373,legacy_rule,0,0
1374,ctr_bandit,0,0
1375,legacy_rule,0,0
1376,legacy_rule,1,0
1377,ctr_bandit,0,0
1378,legacy_rule,0,0
1379,ctr_bandit,1,0
1380,legacy_rule,0,0
1381,ctr_bandit,1,0
1382,legacy_rule,0,0
1383,ctr_bandit,0,0
1384,legacy_rule,0,0
1385,legacy_rule,0,0
1386,legacy_rule,0,0
1387,legacy_rule,0,0
1388,ctr_bandit,1,0
1389,legacy_rule,1,1
1390,ctr_bandit,0,0
1391,ctr_bandit,0,0
1392,ctr_bandit,1,0
1393,legacy_rule,0,0
1394,ctr_bandit,1,1
1395,ctr_bandit,0,0
1396,legacy_rule,0,0
1397,legacy_rule,0,0
1398,legacy_rule,1,0
1399,ctr_bandit,0,0
1400,ctr_bandit,0,0
1401,legacy_rule,0,0
1402,ctr_bandit,0,0
1403,legacy_rule,0,0
1404,ctr_bandit,0,0
1405,legacy_rule,0,0
1406,legacy_rule,0,0
1407,legacy_rule,0,0
1408,ctr_bandit,1,0
1409,ctr_bandit,1,0
1410,ctr_bandit,0,0
1411,legacy_rule,0,0
1412,legacy_rule,1,0
1413,legacy_rule,1,0
1414,legacy_rule,0,0
1415,legacy_rule,0,0
1416,legacy_rule,0,0
1417,legacy_rule,0,0
1418,ctr_bandit,0,0
1419,ctr_bandit,0,0
1420,ctr_bandit,1,0
1421,ctr_bandit,0,0
1422,ctr_bandit,0,0
1423,ctr_bandit,0,0
1424,legacy_rule,1,1
1425,legacy_rule,0,0
1426,legacy_rule,0,0
1427,legacy_rule,0,0
1428,ctr_bandit,1,0
1429,ctr_bandit,1,0
1430,ctr_bandit,1,0
1431,ctr_bandit,0,0
1432,ctr_bandit,1,0
1433,ctr_bandit,1,0
1434,ctr_bandit,0,0
1435,legacy_rule,1,1
1436,legacy_rule,0,0
1437,legacy_rule,1,0
1438,legacy_rule,0,0
1439,legacy_rule,0,0
1440,ctr_bandit,0,0
1441,legacy_rule,0,0
1442,ctr_bandit,0,0
1443,ctr_bandit,0,0
1444,legacy_rule,0,0
1445,ctr_bandit,1,0
1446,ctr_bandit,0,0
1447,ctr_bandit,0,0
1448,ctr_bandit,0,0
1449,ctr_bandit,1,0
1450,ctr_bandit,1,0
1451,ctr_bandit,1,0
1452,ctr_bandit,0,0
1453,ctr_bandit,1,0
1454,legacy_rule,1,0
1455,ctr_bandit,1,0
1456,legacy_rule,1,1
1457,ctr_bandit,1,0
1458,legacy_rule,0,0
1459,ctr_bandit,1,0
1460,legacy_rule,0,0
1461,ctr_bandit,1,0
1462,legacy_rule,1,0
1463,ctr_bandit,1,0
1464,legacy_rule,0,0
1465,ctr_bandit,0,0
1466,ctr_bandit,0,0
1467,ctr_bandit,1,0
1468,legacy_rule,0,0
1469,ctr_bandit,1,0
1470,legacy_rule,0,0
1471,ctr_bandit,0,0
1472,legacy_rule,0,0
1473,ctr_bandit,0,0
1474,ctr_bandit,0,0
1475,legacy_rule,0,0
1476,ctr_bandit,0,0
1477,ctr_bandit,0,0
1478,ctr_bandit,0,0
1479,ctr_bandit,0,0
1480,ctr_bandit,0,0
1481,ctr_bandit,1,0
1482,ctr_bandit,0,0
1483,ctr_bandit,0,0
1484,ctr_bandit,0,0
1485,ctr_bandit,1,0
1486,ctr_bandit,0,0
1487,legacy_rule,1,0
1488,ctr_bandit,1,0
1489,legacy_rule,0,0
1490,ctr_bandit,1,0
1491,ctr_bandit,1,0
1492,ctr_bandit,0,0
1493,ctr_bandit,0,0
1494,legacy_rule,0,0
1495,legacy_rule,0,0
1496,legacy_rule,0,0
1497,ctr_bandit,1,0
1498,ctr_bandit,0,0
1499,legacy_rule,1,0
1500,ctr_bandit,0,0
1501,ctr_bandit,1,0
1502,ctr_bandit,1,0
1503,ctr_bandit,1,0
1504,legacy_rule,0,0
1505,ctr_bandit,0,0
1506,ctr_bandit,1,0
1507,ctr_bandit,0,0
1508,ctr_bandit,0,0
1509,ctr_bandit,1,0
1510,ctr_bandit,0,0
1511,ctr_bandit,0,0
1512,legacy_rule,1,0
1513,ctr_bandit,0,0
1514,ctr_bandit,0,0
1515,ctr_bandit,0,0
1516,legacy_rule,0,0
1517,legacy_rule,0,0
1518,legacy_rule,1,0
1519,legacy_rule,0,0
1520,ctr_bandit,1,0
1521,ctr_bandit,0,0
1522,ctr_bandit,0,0
1523,legacy_rule,0,0
1524,ctr_bandit,0,0
1525,ctr_bandit,1,0
1526,legacy_rule,0,0
1527,legacy_rule,0,0
1528,ctr_bandit,0,0
1529,legacy_rule,1,0
1530,legacy_rule,0,0
1531,ctr_bandit,0,0
1532,legacy_rule,0,0
1533,ctr_bandit,1,0
1534,legacy_rule,0,0
1535,ctr_bandit,0,0
1536,legacy_rule,0,0
1537,ctr_bandit,0,0
1538,legacy_rule,0,0
1539,legacy_rule,0,0
1540,legacy_rule,0,0
1541,ctr_bandit,0,0
1542,legacy_rule,0,0
1543,legacy_rule,0,0
1544,ctr_bandit,0,0
1545,ctr_bandit,0,0
1546,ctr_bandit,1,0
1547,legacy_rule,0,0
1548,legacy_rule,1,0
1549,legacy_rule,0,0
1550,ctr_bandit,1,0
1551,ctr_bandit,0,0
1552,legacy_rule,0,0
1553,legacy_rule,0,0
1554,ctr_bandit,1,0
1555,legacy_rule,0,0
1556,legacy_rule,0,0
1557,legacy_rule,1,0
1558,legacy_rule,1,0
1559,legacy_rule,0,0
1560,ctr_bandit,0,0
1561,legacy_rule,0,0
1562,ctr_bandit,0,0
1563,ctr_bandit,0,0
1564,legacy_rule,0,0
1565,ctr_bandit,1,0
1566,legacy_rule,0,0
1567,ctr_bandit,1,1
1568,legacy_rule,0,0
1569,ctr_bandit,0,0
1570,ctr_bandit,0,0
1571,legacy_rule,0,0
1572,ctr_bandit,0,0
1573,legacy_rule,0,0
1574,ctr_bandit,0,0
1575,ctr_bandit,0,0
1576,legacy_rule,0,0
1577,legacy_rule,0,0
1578,legacy_rule,1,0
1579,legacy_rule,0,0
1580,ctr_bandit,1,0
1581,ctr_bandit,0,0
1582,legacy_rule,0,0
1583,ctr_bandit,1,0
1584,ctr_bandit,0,0
1585,legacy_rule,1,0
1586,legacy_rule,0,0
1587,ctr_bandit,0,0
1588,legacy_rule,0,0
1589,legacy_rule,0,0
1590,ctr_bandit,1,0
1591,legacy_rule,1,1
1592,legacy_rule,0,0
1593,ctr_bandit,1,0
1594,ctr_bandit,1,1
1595,ctr_bandit,1,0
1596,ctr_bandit,1,0
1597,ctr_bandit,0,0
1598,legacy_rule,0,0
1599,legacy_rule,0,0
1600,ctr_bandit,1,0
1601,legacy_rule,0,0
1602,legacy_rule,0,0
1603,ctr_bandit,0,0
1604,legacy_rule,0,0
1605,legacy_rule,1,0
1606,legacy_rule,0,0
1607,legacy_rule,1,0
1608,ctr_bandit,0,0
1609,legacy_rule,0,0
1610,legacy_rule,0,0
1611,ctr_bandit,0,0
1612,legacy_rule,1,0
1613,ctr_bandit,1,0
1614,legacy_rule,0,0
1615,legacy_rule,0,0
1616,ctr_bandit,0,0
1617,ctr_bandit,1,0
1618,ctr_bandit,1,0
1619,ctr_bandit,0,0
1620,legacy_rule,0,0
1621,ctr_bandit,1,0
1622,legacy_rule,1,0
1623,legacy_rule,0,0
1624,legacy_rule,1,0
1625,ctr_bandit,0,0
1626,ctr_bandit,0,0
1627,legacy_rule,0,0
1628,legacy_rule,0,0
1629,legacy_rule,0,0
1630,ctr_bandit,1,0
1631,ctr_bandit,1,0
1632,legacy_rule,0,0
1633,legacy_rule,1,0
1634,ctr_bandit,0,0
1635,legacy_rule,0,0
1636,legacy_rule,0,0
1637,legacy_rule,0,0
1638,ctr_bandit,0,0
1639,ctr_bandit,1,0
1640,legacy_rule,0,0
1641,legacy_rule,0,0
1642,ctr_bandit,0,0
1643,ctr_bandit,0,0
1644,ctr_bandit,0,0
1645,legacy_rule,0,0
1646,legacy_rule,0,0
1647,legacy_rule,0,0
1648,ctr_bandit,0,0
1649,legacy_rule,0,0
1650,ctr_bandit,1,0
1651,legacy_rule,0,0
1652,ctr_bandit,1,0
1653,ctr_bandit,1,0
1654,ctr_bandit,1,0
1655,ctr_bandit,0,0
1656,ctr_bandit,1,1
1657,ctr_bandit,0,0
1658,legacy_rule,0,0
1659,legacy_rule,0,0
1660,ctr_bandit,0,0
1661,legacy_rule,1,0
1662,legacy_rule,0,0
1663,ctr_bandit,1,0
1664,ctr_bandit,1,0
1665,ctr_bandit,0,0
1666,ctr_bandit,0,0
1667,legacy_rule,0,0
1668,legacy_rule,0,0
1669,ctr_bandit,0,0
1670,legacy_rule,0,0
1671,ctr_bandit,1,0
1672,legacy_rule,0,0
1673,ctr_bandit,0,0
1674,ctr_bandit,1,0
1675,ctr_bandit,1,0
1676,ctr_bandit,1,0
1677,ctr_bandit,1,1
1678,ctr_bandit,0,0
1679,legacy_rule,0,0
1680,legacy_rule,1,0
1681,legacy_rule,1,0
1682,ctr_bandit,0,0
1683,ctr_bandit,0,0
1684,ctr_bandit,1,0
1685,legacy_rule,0,0
1686,ctr_bandit,0,0
1687,ctr_bandit,1,0
1688,ctr_bandit,0,0
1689,ctr_bandit,0,0
1690,legacy_rule,1,1
1691,ctr_bandit,1,0
1692,legacy_rule,0,0
1693,ctr_bandit,0,0
1694,legacy_rule,0,0
1695,ctr_bandit,0,0
1696,ctr_bandit,0,0
1697,ctr_bandit,0,0
1698,ctr_bandit,0,0
1699,legacy_rule,0,0
1700,ctr_bandit,0,0
1701,legacy_rule,0,0
1702,ctr_bandit,0,0
1703,ctr_bandit,0,0
1704,ctr_bandit,0,0
1705,legacy_rule,1,0
1706,ctr_bandit,1,0
1707,legacy_rule,0,0
1708,legacy_rule,0,0
1709,ctr_bandit,0,0
1710,ctr_bandit,0,0
1711,ctr_bandit,1,0
1712,ctr_bandit,0,0
1713,legacy_rule,0,0
1714,legacy_rule,0,0
1715,legacy_rule,0,0
1716,legacy_rule,0,0
1717,legacy_rule,0,0
1718,ctr_bandit,0,0
1719,legacy_rule,1,0
1720,legacy_rule,0,0
1721,ctr_bandit,1,0
1722,ctr_bandit,1,0
1723,ctr_bandit,0,0
1724,legacy_rule,0,0
1725,legacy_rule,1,1
1726,ctr_bandit,0,0
1727,ctr_bandit,0,0
1728,ctr_bandit,1,1
1729,ctr_bandit,1,0
1730,ctr_bandit,0,0
1731,legacy_rule,1,1
1732,legacy_rule,0,0
1733,legacy_rule,1,1
1734,legacy_rule,0,0
1735,ctr_bandit,0,0
1736,ctr_bandit,0,0
1737,legacy_rule,0,0
1738,ctr_bandit,0,0
1739,ctr_bandit,0,0
1740,ctr_bandit,0,0
1741,ctr_bandit,0,0
1742,ctr_bandit,0,0
1743,ctr_bandit,1,0
1744,ctr_bandit,0,0
1745,ctr_bandit,1,0
1746,ctr_bandit,1,0
1747,ctr_bandit,1,0
1748,legacy_rule,0,0
1749,ctr_bandit,1,0
1750,legacy_rule,0,0
1751,legacy_rule,0,0
1752,legacy_rule,0,0
1753,legacy_rule,0,0
1754,ctr_bandit,1,0
1755,legacy_rule,1,0
1756,ctr_bandit,0,0
1757,ctr_bandit,1,0
1758,ctr_bandit,0,0
1759,legacy_rule,0,0
1760,legacy_rule,1,0
1761,legacy_rule,0,0
1762,ctr_bandit,0,0
1763,legacy_rule,0,0
1764,legacy_rule,0,0
1765,ctr_bandit,0,0
1766,legacy_rule,0,0
1767,ctr_bandit,1,0
1768,legacy_rule,0,0
1769,legacy_rule,0,0
1770,legacy_rule,0,0
1771,ctr_bandit,0,0
1772,legacy_rule,0,0
1773,ctr_bandit,0,0
1774,ctr_bandit,0,0
1775,legacy_rule,1,0
1776,legacy_rule,1,0
1777,legacy_rule,0,0
1778,ctr_bandit,1,0
1779,legacy_rule,0,0
1780,ctr_bandit,1,0
1781,legacy_rule,1,0
1782,ctr_bandit,0,0
1783,ctr_bandit,0,0
1784,legacy_rule,1,0
1785,legacy_rule,0,0
1786,legacy_rule,0,0
1787,ctr_bandit,0,0
1788,legacy_rule,0,0
1789,legacy_rule,1,0
1790,legacy_rule,1,0
1791,legacy_rule,1,0
1792,ctr_bandit,0,0
1793,ctr_bandit,1,1
1794,ctr_bandit,0,0
1795,legacy_rule,0,0
1796,ctr_bandit,0,0
1797,ctr_bandit,1,0
1798,legacy_rule,0,0
1799,ctr_bandit,0,0
1800,legacy_rule,0,0
1801,ctr_bandit,1,1
1802,ctr_bandit,0,0
1803,ctr_bandit,1,0
1804,ctr_bandit,1,0
1805,ctr_bandit,0,0
1806,ctr_bandit,0,0
1807,ctr_bandit,1,0
1808,ctr_bandit,1,0
1809,ctr_bandit,0,0
1810,ctr_bandit,1,0
1811,legacy_rule,0,0
1812,legacy_rule,0,0
1813,ctr_bandit,1,0
1814,ctr_bandit,0,0
1815,ctr_bandit,0,0
1816,ctr_bandit,1,0
1817,legacy_rule,1,0
1818,ctr_bandit,0,0
1819,ctr_bandit,0,0
1820,legacy_rule,0,0
1821,legacy_rule,0,0
1822,ctr_bandit,1,0
1823,legacy_rule,0,0
1824,ctr_bandit,0,0
1825,ctr_bandit,0,0
1826,legacy_rule,0,0
1827,legacy_rule,1,0
1828,legacy_rule,0,0
1829,legacy_rule,0,0
1830,ctr_bandit,0,0
1831,legacy_rule,0,0
1832,legacy_rule,0,0
1833,ctr_bandit,0,0
1834,ctr_bandit,1,0
1835,ctr_bandit,1,0
1836,ctr_bandit,0,0
1837,ctr_bandit,0,0
1838,legacy_rule,0,0
1839,legacy_rule,0,0
1840,ctr_bandit,0,0
1841,ctr_bandit,0,0
1842,ctr_bandit,0,0
1843,ctr_bandit,0,0
1844,ctr_bandit,0,0
1845,legacy_rule,0,0
1846,ctr_bandit,0,0
1847,ctr_bandit,0,0
1848,ctr_bandit,0,0
1849,ctr_bandit,1,0
1850,legacy_rule,0,0
1851,legacy_rule,1,0
1852,ctr_bandit,0,0
1853,legacy_rule,0,0
1854,legacy_rule,1,1
1855,ctr_bandit,0,0
1856,legacy_rule,0,0
1857,ctr_bandit,0,0
1858,legacy_rule,1,0
1859,ctr_bandit,0,0
1860,legacy_rule,0,0
1861,ctr_bandit,1,0
1862,ctr_bandit,1,0
1863,legacy_rule,0,0
1864,ctr_bandit,0,0
1865,ctr_bandit,0,0
1866,ctr_bandit,1,0
1867,legacy_rule,0,0
1868,legacy_rule,1,0
1869,legacy_rule,0,0
1870,legacy_rule,0,0
1871,legacy_rule,0,0
1872,ctr_bandit,1,0
1873,legacy_rule,0,0
1874,ctr_bandit,1,0
1875,ctr_bandit,1,0
1876,ctr_bandit,1,1
1877,legacy_rule,0,0
1878,ctr_bandit,0,0
1879,ctr_bandit,1,0
1880,ctr_bandit,0,0
1881,legacy_rule,0,0
1882,legacy_rule,1,0
1883,ctr_bandit,1,0
1884,ctr_bandit,0,0
1885,legacy_rule,1,0
1886,ctr_bandit,1,0
1887,ctr_bandit,1,0
1888,ctr_bandit,0,0
1889,legacy_rule,0,0
1890,legacy_rule,0,0
1891,legacy_rule,1,0
1892,ctr_bandit,0,0
1893,ctr_bandit,0,0
1894,legacy_rule,0,0
1895,legacy_rule,0,0
1896,legacy_rule,0,0
1897,legacy_rule,0,0
1898,ctr_bandit,0,0
1899,ctr_bandit,0,0
1900,legacy_rule,1,0
1901,ctr_bandit,0,0
1902,legacy_rule,1,0
1903,ctr_bandit,0,0
1904,ctr_bandit,0,0
1905,ctr_bandit,0,0
1906,ctr_bandit,1,0
1907,ctr_bandit,1,0
1908,ctr_bandit,1,0
1909,ctr_bandit,0,0
1910,legacy_rule,1,1
1911,legacy_rule,0,0
1912,ctr_bandit,0,0
1913,legacy_rule,0,0
1914,ctr_bandit,1,0
1915,legacy_rule,1,0
1916,ctr_bandit,0,0
1917,ctr_bandit,0,0
1918,legacy_rule,0,0
1919,ctr_bandit,0,0
1920,ctr_bandit,0,0
1921,legacy_rule,0,0
1922,ctr_bandit,0,0
1923,legacy_rule,1,0
1924,ctr_bandit,1,0
1925,ctr_bandit,0,0
1926,ctr_bandit,1,0
1927,ctr_bandit,0,0
1928,legacy_rule,0,0
1929,legacy_rule,0,0
1930,ctr_bandit,1,0
1931,legacy_rule,0,0
1932,legacy_rule,0,0
1933,legacy_rule,0,0
1934,ctr_bandit,1,0
1935,legacy_rule,1,0
1936,legacy_rule,0,0
1937,legacy_rule,0,0
1938,ctr_bandit,0,0
1939,legacy_rule,0,0
1940,legacy_rule,0,0
1941,ctr_bandit,0,0
1942,legacy_rule,0,0
1943,ctr_bandit,0,0
1944,legacy_rule,0,0
1945,ctr_bandit,0,0
1946,ctr_bandit,0,0
1947,ctr_bandit,1,0
1948,ctr_bandit,0,0
1949,ctr_bandit,0,0
1950,legacy_rule,0,0
1951,legacy_rule,1,0
1952,legacy_rule,0,0
1953,legacy_rule,0,0
1954,ctr_bandit,0,0
1955,ctr_bandit,0,0
1956,ctr_bandit,1,0
1957,legacy_rule,0,0
1958,legacy_rule,0,0
1959,legacy_rule,0,0
1960,legacy_rule,0,0
1961,legacy_rule,0,0
1962,legacy_rule,0,0
1963,legacy_rule,1,0
1964,legacy_rule,0,0
1965,legacy_rule,0,0
1966,ctr_bandit,0,0
1967,ctr_bandit,0,0
1968,legacy_rule,0,0
1969,ctr_bandit,0,0
1970,ctr_bandit,0,0
1971,legacy_rule,0,0
1972,legacy_rule,0,0
1973,ctr_bandit,0,0
1974,legacy_rule,0,0
1975,ctr_bandit,0,0
1976,legacy_rule,0,0
1977,ctr_bandit,1,0
1978,legacy_rule,0,0
1979,ctr_bandit,0,0
1980,legacy_rule,1,1
1981,ctr_bandit,0,0
1982,ctr_bandit,1,0
1983,legacy_rule,0,0
1984,legacy_rule,0,0
1985,legacy_rule,0,0
1986,ctr_bandit,0,0
1987,ctr_bandit,0,0
1988,ctr_bandit,0,0
1989,legacy_rule,0,0
1990,legacy_rule,0,0
1991,ctr_bandit,0,0
1992,legacy_rule,0,0
1993,ctr_bandit,0,0
1994,legacy_rule,0,0
1995,legacy_rule,0,0
1996,ctr_bandit,0,0
1997,ctr_bandit,0,0
1998,ctr_bandit,1,0
1999,ctr_bandit,0,0
2000,ctr_bandit,0,0
2001,ctr_bandit,1,0
2002,ctr_bandit,0,0
2003,legacy_rule,0,0
2004,ctr_bandit,0,0
2005,ctr_bandit,0,0
2006,legacy_rule,0,0
2007,legacy_rule,0,0
2008,ctr_bandit,0,0
2009,ctr_bandit,0,0
2010,legacy_rule,0,0
2011,ctr_bandit,0,0
2012,legacy_rule,0,0
2013,legacy_rule,0,0
2014,ctr_bandit,1,0
2015,ctr_bandit,0,0
2016,legacy_rule,0,0
2017,legacy_rule,0,0
2018,ctr_bandit,1,1
2019,ctr_bandit,0,0
2020,ctr_bandit,0,0
2021,legacy_rule,0,0
2022,ctr_bandit,1,1
2023,ctr_bandit,1,0
2024,ctr_bandit,0,0
2025,legacy_rule,0,0
2026,ctr_bandit,1,0
2027,ctr_bandit,1,1
2028,ctr_bandit,1,0
2029,ctr_bandit,0,0
2030,legacy_rule,0,0
2031,legacy_rule,0,0
2032,legacy_rule,1,0
2033,legacy_rule,0,0
2034,ctr_bandit,0,0
2035,ctr_bandit,1,0
2036,ctr_bandit,1,0
2037,ctr_bandit,0,0
2038,legacy_rule,1,0
2039,ctr_bandit,1,0
2040,ctr_bandit,1,0
2041,legacy_rule,0,0
2042,legacy_rule,1,0
2043,ctr_bandit,1,0
2044,ctr_bandit,0,0
2045,ctr_bandit,0,0
2046,legacy_rule,0,0
2047,ctr_bandit,0,0
2048,ctr_bandit,0,0
2049,ctr_bandit,1,0
2050,ctr_bandit,1,0
2051,legacy_rule,0,0
2052,ctr_bandit,0,0
2053,legacy_rule,0,0
2054,ctr_bandit,0,0
2055,ctr_bandit,0,0
2056,ctr_bandit,0,0
2057,legacy_rule,0,0
2058,ctr_bandit,0,0
2059,ctr_bandit,0,0
2060,ctr_bandit,1,0
2061,legacy_rule,0,0
2062,legacy_rule,0,0
2063,legacy_rule,0,0
2064,ctr_bandit,1,0
2065,ctr_bandit,1,0
2066,legacy_rule,0,0
2067,ctr_bandit,0,0
2068,legacy_rule,0,0
2069,legacy_rule,1,0
2070,ctr_bandit,1,0
2071,ctr_bandit,0,0
2072,ctr_bandit,0,0
2073,ctr_bandit,0,0
2074,ctr_bandit,1,0
2075,legacy_rule,1,0
2076,legacy_rule,0,0
2077,legacy_rule,0,0
2078,ctr_bandit,0,0
2079,ctr_bandit,1,0
2080,legacy_rule,0,0
2081,ctr_bandit,1,0
2082,ctr_bandit,1,0
2083,legacy_rule,0,0
2084,legacy_rule,0,0
2085,ctr_bandit,0,0
2086,legacy_rule,0,0
2087,legacy_rule,1,0
2088,ctr_bandit,0,0
2089,legacy_rule,0,0
2090,legacy_rule,0,0
2091,ctr_bandit,1,0
2092,legacy_rule,0,0
2093,legacy_rule,0,0
2094,ctr_bandit,1,1
2095,ctr_bandit,1,0
2096,legacy_rule,0,0
2097,legacy_rule,0,0
2098,legacy_rule,0,0
2099,ctr_bandit,0,0
2100,ctr_bandit,1,0
2101,legacy_rule,0,0
2102,legacy_rule,0,0
2103,ctr_bandit,0,0
2104,legacy_rule,0,0
2105,legacy_rule,0,0
2106,legacy_rule,0,0
2107,ctr_bandit,0,0
2108,legacy_rule,1,0
2109,legacy_rule,1,0
2110,ctr_bandit,0,0
2111,ctr_bandit,0,0
2112,legacy_rule,0,0
2113,ctr_bandit,0,0
2114,legacy_rule,0,0
2115,ctr_bandit,1,0
2116,ctr_bandit,1,0
2117,legacy_rule,0,0
2118,legacy_rule,0,0
2119,ctr_bandit,1,0
2120,ctr_bandit,0,0
2121,ctr_bandit,0,0
2122,ctr_bandit,0,0
2123,legacy_rule,1,0
2124,legacy_rule,0,0
2125,ctr_bandit,1,1
2126,legacy_rule,0,0
2127,legacy_rule,0,0
2128,ctr_bandit,0,0
2129,ctr_bandit,0,0
2130,legacy_rule,0,0
2131,legacy_rule,1,0
2132,ctr_bandit,0,0
2133,legacy_rule,0,0
2134,ctr_bandit,1,0
2135,legacy_rule,0,0
2136,legacy_rule,1,0
2137,legacy_rule,0,0
2138,legacy_rule,0,0
2139,ctr_bandit,1,0
2140,ctr_bandit,0,0
2141,legacy_rule,0,0
2142,ctr_bandit,0,0
2143,legacy_rule,0,0
2144,legacy_rule,1,0
2145,ctr_bandit,1,0
2146,ctr_bandit,0,0
2147,legacy_rule,0,0
2148,legacy_rule,0,0
2149,legacy_rule,0,0
2150,legacy_rule,1,0
2151,legacy_rule,0,0
2152,ctr_bandit,1,0
2153,legacy_rule,0,0
2154,legacy_rule,0,0
2155,ctr_bandit,0,0
2156,legacy_rule,1,0
2157,ctr_bandit,0,0
2158,ctr_bandit,0,0
2159,ctr_bandit,0,0
2160,legacy_rule,0,0
2161,ctr_bandit,1,0
2162,ctr_bandit,0,0
2163,legacy_rule,0,0
2164,ctr_bandit,1,0
2165,ctr_bandit,1,0
2166,legacy_rule,0,0
2167,legacy_rule,1,1
2168,legacy_rule,1,0
2169,ctr_bandit,0,0
2170,ctr_bandit,0,0
2171,legacy_rule,0,0
2172,ctr_bandit,0,0
2173,legacy_rule,0,0
2174,legacy_rule,0,0
2175,ctr_bandit,0,0
2176,legacy_rule,0,0
2177,ctr_bandit,1,0
2178,ctr_bandit,0,0
2179,legacy_rule,0,0
2180,legacy_rule,0,0
2181,legacy_rule,0,0
2182,legacy_rule,0,0
2183,legacy_rule,1,1
2184,ctr_bandit,1,0
2185,ctr_bandit,0,0
2186,legacy_rule,1,0
2187,legacy_rule,1,0
2188,legacy_rule,1,1
2189,ctr_bandit,1,0
2190,ctr_bandit,0,0
2191,legacy_rule,0,0
2192,ctr_bandit,0,0
2193,ctr_bandit,0,0
2194,ctr_bandit,0,0
2195,ctr_bandit,0,0
2196,ctr_bandit,0,0
2197,ctr_bandit,1,0
2198,ctr_bandit,0,0
2199,ctr_bandit,0,0
2200,ctr_bandit,0,0
2201,ctr_bandit,0,0
2202,legacy_rule,0,0
2203,legacy_rule,0,0
2204,ctr_bandit,1,0
2205,legacy_rule,0,0
2206,ctr_bandit,1,0
2207,legacy_rule,0,0
2208,legacy_rule,0,0
2209,legacy_rule,0,0
2210,legacy_rule,0,0
2211,legacy_rule,1,0
2212,ctr_bandit,1,0
2213,ctr_bandit,0,0
2214,ctr_bandit,0,0
2215,legacy_rule,1,0
2216,ctr_bandit,0,0
2217,ctr_bandit,0,0
2218,ctr_bandit,1,1
2219,legacy_rule,0,0
2220,ctr_bandit,0,0
2221,ctr_bandit,0,0
2222,legacy_rule,0,0
2223,ctr_bandit,0,0
2224,legacy_rule,0,0
2225,ctr_bandit,0,0
2226,legacy_rule,0,0
2227,ctr_bandit,0,0
2228,ctr_bandit,0,0
2229,legacy_rule,1,1
2230,legacy_rule,0,0
2231,ctr_bandit,0,0
2232,ctr_bandit,1,0
2233,ctr_bandit,0,0
2234,ctr_bandit,0,0
2235,ctr_bandit,0,0
2236,legacy_rule,0,0
2237,ctr_bandit,1,0
2238,ctr_bandit,1,0
2239,legacy_rule,0,0
2240,legacy_rule,0,0
2241,legacy_rule,1,0
2242,legacy_rule,0,0
2243,ctr_bandit,0,0
2244,ctr_bandit,0,0
2245,ctr_bandit,0,0
2246,legacy_rule,0,0
2247,legacy_rule,1,0
2248,legacy_rule,0,0
2249,ctr_bandit,0,0
2250,legacy_rule,0,0
2251,ctr_bandit,0,0
2252,ctr_bandit,0,0
2253,legacy_rule,0,0
2254,legacy_rule,0,0
2255,legacy_rule,0,0
2256,ctr_bandit,0,0
2257,ctr_bandit,1,1
2258,legacy_rule,0,0
2259,legacy_rule,0,0
2260,ctr_bandit,0,0
2261,ctr_bandit,0,0
2262,ctr_bandit,0,0
2263,legacy_rule,0,0
2264,legacy_rule,0,0
2265,legacy_rule,0,0
2266,ctr_bandit,0,0
2267,legacy_rule,1,0
2268,legacy_rule,1,0
2269,legacy_rule,0,0
2270,legacy_rule,0,0
2271,legacy_rule,0,0
2272,legacy_rule,0,0
2273,ctr_bandit,1,0
2274,ctr_bandit,0,0
2275,legacy_rule,0,0
2276,ctr_bandit,0,0
2277,ctr_bandit,0,0
2278,ctr_bandit,1,0
2279,ctr_bandit,0,0
2280,legacy_rule,0,0
2281,legacy_rule,0,0
2282,legacy_rule,1,0
2283,ctr_bandit,0,0
2284,legacy_rule,0,0
2285,ctr_bandit,0,0
2286,ctr_bandit,0,0
2287,legacy_rule,0,0
2288,legacy_rule,0,0
2289,ctr_bandit,0,0
2290,ctr_bandit,0,0
2291,ctr_bandit,0,0
2292,legacy_rule,0,0
2293,ctr_bandit,1,0
2294,legacy_rule,0,0
2295,legacy_rule,0,0
2296,ctr_bandit,1,0
2297,ctr_bandit,0,0
2298,legacy_rule,0,0
2299,ctr_bandit,0,0
2300,ctr_bandit,1,0
2301,legacy_rule,0,0
2302,legacy_rule,0,0
2303,legacy_rule,0,0
2304,ctr_bandit,0,0
2305,ctr_bandit,0,0
2306,legacy_rule,0,0
2307,ctr_bandit,0,0
2308,ctr_bandit,0,0
2309,legacy_rule,0,0
2310,ctr_bandit,1,0
2311,ctr_bandit,0,0
2312,ctr_bandit,0,0
2313,ctr_bandit,1,0
2314,legacy_rule,0,0
2315,ctr_bandit,0,0
2316,ctr_bandit,0,0
2317,ctr_bandit,0,0
2318,ctr_bandit,0,0
2319,ctr_bandit,0,0
2320,ctr_bandit,1,0
2321,legacy_rule,0,0
2322,ctr_bandit,0,0
2323,legacy_rule,0,0
2324,legacy_rule,0,0
2325,ctr_bandit,1,0
2326,ctr_bandit,1,0
2327,ctr_bandit,1,0
2328,ctr_bandit,0,0
2329,legacy_rule,0,0
2330,legacy_rule,0,0
2331,legacy_rule,0,0
2332,ctr_bandit,1,0
2333,ctr_bandit,0,0
2334,ctr_bandit,0,0
2335,ctr_bandit,0,0
2336,ctr_bandit,0,0
2337,ctr_bandit,1,0
2338,ctr_bandit,1,0
2339,ctr_bandit,0,0
2340,ctr_bandit,0,0
2341,legacy_rule,0,0
2342,legacy_rule,0,0
2343,legacy_rule,1,0
2344,legacy_rule,0,0
2345,ctr_bandit,0,0
2346,legacy_rule,0,0
2347,ctr_bandit,0,0
2348,ctr_bandit,0,0
2349,legacy_rule,0,0
2350,ctr_bandit,0,0
2351,legacy_rule,0,0
2352,legacy_rule,0,0
2353,legacy_rule,0,0
2354,ctr_bandit,0,0
2355,legacy_rule,0,0
2356,legacy_rule,0,0
2357,legacy_rule,0,0
2358,legacy_rule,0,0
2359,ctr_bandit,0,0
2360,legacy_rule,0,0
2361,legacy_rule,0,0
2362,legacy_rule,1,0
2363,ctr_bandit,0,0
2364,legacy_rule,0,0
2365,legacy_rule,1,0
2366,legacy_rule,0,0
2367,ctr_bandit,1,0
2368,ctr_bandit,0,0
2369,ctr_bandit,0,0
2370,ctr_bandit,0,0
2371,legacy_rule,0,0
2372,ctr_bandit,0,0
2373,legacy_rule,1,0
2374,legacy_rule,0,0
2375,legacy_rule,0,0
2376,ctr_bandit,0,0
2377,legacy_rule,1,0
2378,legacy_rule,0,0
2379,ctr_bandit,1,0
2380,ctr_bandit,1,0
2381,ctr_bandit,1,0
2382,ctr_bandit,1,1
2383,legacy_rule,0,0
2384,legacy_rule,0,0
2385,legacy_rule,0,0
2386,ctr_bandit,1,0
2387,legacy_rule,1,0
2388,ctr_bandit,0,0
2389,ctr_bandit,0,0
2390,legacy_rule,0,0
2391,ctr_bandit,0,0
2392,legacy_rule,1,1
2393,legacy_rule,0,0
2394,legacy_rule,0,0
2395,legacy_rule,1,0
2396,ctr_bandit,0,0
2397,legacy_rule,1,0
2398,ctr_bandit,0,0
2399,legacy_rule,1,0
2400,ctr_bandit,0,0
2401,legacy_rule,1,0
2402,legacy_rule,0,0
2403,legacy_rule,0,0
2404,legacy_rule,0,0
2405,ctr_bandit,0,0
2406,legacy_rule,0,0
2407,ctr_bandit,0,0
2408,ctr_bandit,0,0
2409,ctr_bandit,1,0
2410,ctr_bandit,0,0
2411,ctr_bandit,0,0
2412,legacy_rule,0,0
2413,legacy_rule,1,0
2414,ctr_bandit,0,0
2415,legacy_rule,0,0
2416,ctr_bandit,1,0
2417,legacy_rule,0,0
2418,legacy_rule,1,0
2419,ctr_bandit,0,0
2420,legacy_rule,0,0
2421,ctr_bandit,0,0
2422,ctr_bandit,0,0
2423,legacy_rule,0,0
2424,ctr_bandit,0,0
2425,legacy_rule,0,0
2426,ctr_bandit,0,0
2427,legacy_rule,0,0
2428,ctr_bandit,0,0
2429,ctr_bandit,0,0
2430,ctr_bandit,0,0
2431,legacy_rule,0,0
2432,legacy_rule,1,0
2433,legacy_rule,0,0
2434,ctr_bandit,0,0
2435,ctr_bandit,0,0
2436,ctr_bandit,0,0
2437,legacy_rule,0,0
2438,legacy_rule,0,0
2439,ctr_bandit,0,0
2440,ctr_bandit,1,0
2441,ctr_bandit,1,0
2442,ctr_bandit,0,0
2443,ctr_bandit,0,0
2444,ctr_bandit,1,0
2445,ctr_bandit,1,1
2446,legacy_rule,0,0
2447,legacy_rule,0,0
2448,legacy_rule,1,0
2449,legacy_rule,0,0
2450,ctr_bandit,0,0
2451,ctr_bandit,0,0
2452,legacy_rule,0,0
2453,legacy_rule,1,1
2454,legacy_rule,0,0
2455,ctr_bandit,0,0
2456,ctr_bandit,0,0
2457,legacy_rule,0,0
2458,ctr_bandit,1,0
2459,legacy_rule,0,0
2460,ctr_bandit,1,1
2461,legacy_rule,0,0
2462,legacy_rule,0,0
2463,ctr_bandit,0,0
2464,legacy_rule,0,0
2465,legacy_rule,0,0
2466,ctr_bandit,1,0
2467,legacy_rule,0,0
2468,ctr_bandit,0,0
2469,ctr_bandit,0,0
2470,legacy_rule,0,0
2471,ctr_bandit,0,0
2472,legacy_rule,0,0
2473,ctr_bandit,0,0
2474,ctr_bandit,0,0
2475,ctr_bandit,1,0
2476,legacy_rule,0,0
2477,ctr_bandit,0,0
2478,legacy_rule,0,0
2479,legacy_rule,0,0
2480,ctr_bandit,0,0
2481,legacy_rule,0,0
2482,legacy_rule,1,0
2483,legacy_rule,0,0
2484,ctr_bandit,0,0
2485,legacy_rule,0,0
2486,ctr_bandit,0,0
2487,legacy_rule,0,0
2488,legacy_rule,1,0
2489,ctr_bandit,1,0
2490,ctr_bandit,1,0
2491,legacy_rule,1,1
2492,ctr_bandit,0,0
2493,legacy_rule,1,1
2494,ctr_bandit,0,0
2495,legacy_rule,0,0
2496,ctr_bandit,1,0
2497,ctr_bandit,1,0
2498,legacy_rule,0,0
2499,ctr_bandit,1,0
2500,legacy_rule,1,0
2501,ctr_bandit,1,0
2502,legacy_rule,1,0
2503,ctr_bandit,0,0
2504,ctr_bandit,1,0
2505,legacy_rule,0,0
2506,legacy_rule,0,0
2507,ctr_bandit,1,0
2508,ctr_bandit,0,0
2509,ctr_bandit,0,0
2510,ctr_bandit,0,0
2511,ctr_bandit,0,0
2512,ctr_bandit,1,0
2513,ctr_bandit,1,0
2514,legacy_rule,0,0
2515,ctr_bandit,0,0
2516,ctr_bandit,1,0
2517,legacy_rule,0,0
2518,legacy_rule,0,0
2519,legacy_rule,0,0
2520,legacy_rule,0,0
2521,legacy_rule,1,0
2522,ctr_bandit,0,0
2523,legacy_rule,1,0
2524,ctr_bandit,1,0
2525,ctr_bandit,0,0
2526,ctr_bandit,0,0
2527,ctr_bandit,1,1
2528,ctr_bandit,0,0
2529,legacy_rule,0,0
2530,legacy_rule,0,0
2531,legacy_rule,1,1
2532,ctr_bandit,0,0
2533,ctr_bandit,0,0
2534,legacy_rule,0,0
2535,legacy_rule,0,0
2536,legacy_rule,0,0
2537,legacy_rule,0,0
2538,legacy_rule,1,0
2539,legacy_rule,1,0
2540,ctr_bandit,1,0
2541,ctr_bandit,1,0
2542,ctr_bandit,0,0
2543,legacy_rule,0,0
2544,ctr_bandit,1,0
2545,ctr_bandit,1,0
2546,ctr_bandit,0,0
2547,ctr_bandit,1,0
2548,legacy_rule,0,0
2549,legacy_rule,0,0
2550,legacy_rule,0,0
2551,legacy_rule,0,0
2552,legacy_rule,0,0
2553,ctr_bandit,0,0
2554,ctr_bandit,0,0
2555,legacy_rule,0,0
2556,ctr_bandit,0,0
2557,legacy_rule,0,0
2558,ctr_bandit,1,0
2559,ctr_bandit,1,0
2560,legacy_rule,1,0
2561,legacy_rule,0,0
2562,legacy_rule,0,0
2563,ctr_bandit,1,1
2564,legacy_rule,0,0
2565,legacy_rule,0,0
2566,ctr_bandit,1,0
2567,ctr_bandit,0,0
2568,ctr_bandit,0,0
2569,legacy_rule,0,0
2570,legacy_rule,1,0
2571,legacy_rule,0,0
2572,legacy_rule,0,0
2573,ctr_bandit,1,0
2574,ctr_bandit,0,0
2575,legacy_rule,0,0
2576,legacy_rule,0,0
2577,ctr_bandit,0,0
2578,legacy_rule,0,0
2579,legacy_rule,0,0
2580,ctr_bandit,0,0
2581,ctr_bandit,0,0
2582,ctr_bandit,1,0
2583,ctr_bandit,0,0
2584,ctr_bandit,1,0
2585,legacy_rule,0,0
2586,ctr_bandit,1,0
2587,legacy_rule,0,0
2588,legacy_rule,1,0
2589,ctr_bandit,1,0
2590,ctr_bandit,0,0
2591,legacy_rule,0,0
2592,legacy_rule,0,0
2593,ctr_bandit,0,0
2594,ctr_bandit,1,1
2595,ctr_bandit,0,0
2596,legacy_rule,0,0
2597,ctr_bandit,0,0
2598,legacy_rule,0,0
2599,ctr_bandit,0,0
2600,ctr_bandit,0,0
2601,ctr_bandit,0,0
2602,legacy_rule,1,0
2603,legacy_rule,0,0
2604,legacy_rule,0,0
2605,legacy_rule,0,0
2606,legacy_rule,0,0
2607,ctr_bandit,0,0
2608,legacy_rule,0,0
2609,ctr_bandit,1,0
2610,legacy_rule,0,0
2611,legacy_rule,0,0
2612,legacy_rule,0,0
2613,legacy_rule,1,0
2614,ctr_bandit,1,1
2615,ctr_bandit,1,1
2616,ctr_bandit,1,0
2617,legacy_rule,0,0
2618,ctr_bandit,0,0
2619,ctr_bandit,0,0
2620,legacy_rule,1,1
2621,ctr_bandit,1,1
2622,legacy_rule,0,0
2623,legacy_rule,0,0
2624,ctr_bandit,0,0
2625,ctr_bandit,1,0
2626,ctr_bandit,0,0
2627,ctr_bandit,1,1
2628,legacy_rule,0,0
2629,legacy_rule,0,0
2630,ctr_bandit,0,0
2631,ctr_bandit,0,0
2632,legacy_rule,1,0
2633,ctr_bandit,1,0
2634,ctr_bandit,0,0
2635,legacy_rule,1,0
2636,legacy_rule,1,1
2637,ctr_bandit,1,0
2638,ctr_bandit,0,0
2639,ctr_bandit,0,0
2640,ctr_bandit,0,0
2641,ctr_bandit,0,0
2642,legacy_rule,0,0
2643,legacy_rule,0,0
2644,ctr_bandit,1,0
2645,ctr_bandit,0,0
2646,legacy_rule,0,0
2647,ctr_bandit,0,0
2648,ctr_bandit,0,0
2649,legacy_rule,0,0
2650,ctr_bandit,1,0
2651,ctr_bandit,1,1
2652,ctr_bandit,1,0
2653,ctr_bandit,0,0
2654,legacy_rule,0,0
2655,ctr_bandit,0,0
2656,legacy_rule,1,1
2657,ctr_bandit,0,0
2658,legacy_rule,0,0
2659,ctr_bandit,1,0
2660,legacy_rule,0,0
2661,legacy_rule,0,0
2662,ctr_bandit,0,0
2663,legacy_rule,0,0
2664,legacy_rule,0,0
2665,legacy_rule,1,0
2666,ctr_bandit,0,0
2667,legacy_rule,0,0
2668,legacy_rule,0,0
2669,legacy_rule,0,0
2670,legacy_rule,1,0
2671,legacy_rule,0,0
2672,ctr_bandit,0,0
2673,ctr_bandit,0,0
2674,legacy_rule,0,0
2675,ctr_bandit,0,0
2676,ctr_bandit,1,0
2677,ctr_bandit,0,0
2678,legacy_rule,0,0
2679,ctr_bandit,0,0
2680,ctr_bandit,0,0
2681,ctr_bandit,1,0
2682,legacy_rule,0,0
2683,legacy_rule,0,0
2684,legacy_rule,0,0
2685,legacy_rule,0,0
2686,ctr_bandit,0,0
2687,ctr_bandit,0,0
2688,ctr_bandit,1,0
2689,ctr_bandit,0,0
2690,legacy_rule,0,0
2691,ctr_bandit,0,0
2692,ctr_bandit,0,0
2693,ctr_bandit,1,0
2694,legacy_rule,0,0
2695,ctr_bandit,1,0
2696,legacy_rule,1,0
2697,legacy_rule,0,0
2698,ctr_bandit,0,0
2699,ctr_bandit,0,0
2700,legacy_rule,0,0
2701,ctr_bandit,0,0
2702,ctr_bandit,0,0
2703,legacy_rule,0,0
2704,legacy_rule,0,0
2705,ctr_bandit,1,0
2706,ctr_bandit,0,0
2707,ctr_bandit,0,0
2708,ctr_bandit,0,0
2709,ctr_bandit,0,0
2710,legacy_rule,0,0
2711,ctr_bandit,0,0
2712,legacy_rule,0,0
2713,ctr_bandit,0,0
2714,ctr_bandit,0,0
2715,ctr_bandit,0,0
2716,legacy_rule,1,0
2717,ctr_bandit,0,0
2718,ctr_bandit,0,0
2719,legacy_rule,0,0
2720,ctr_bandit,1,0
2721,legacy_rule,1,0
2722,legacy_rule,0,0
2723,ctr_bandit,1,0
2724,ctr_bandit,1,0
2725,legacy_rule,0,0
2726,legacy_rule,1,0
2727,legacy_rule,1,1
2728,ctr_bandit,1,1
2729,legacy_rule,0,0
2730,legacy_rule,0,0
2731,ctr_bandit,0,0
2732,ctr_bandit,0,0
2733,ctr_bandit,1,1
2734,legacy_rule,0,0
2735,legacy_rule,0,0
2736,legacy_rule,0,0
2737,ctr_bandit,0,0
2738,ctr_bandit,1,1
2739,ctr_bandit,0,0
2740,legacy_rule,0,0
2741,ctr_bandit,1,0
2742,legacy_rule,0,0
2743,ctr_bandit,0,0
2744,legacy_rule,0,0
2745,legacy_rule,0,0
2746,legacy_rule,1,1
2747,ctr_bandit,0,0
2748,ctr_bandit,0,0
2749,legacy_rule,1,0
2750,legacy_rule,0,0
2751,ctr_bandit,1,0
2752,ctr_bandit,1,0
2753,legacy_rule,0,0
2754,ctr_bandit,0,0
2755,legacy_rule,0,0
2756,legacy_rule,0,0
2757,legacy_rule,0,0
2758,legacy_rule,0,0
2759,legacy_rule,0,0
2760,legacy_rule,1,0
2761,legacy_rule,0,0
2762,ctr_bandit,1,0
2763,legacy_rule,1,1
2764,legacy_rule,0,0
2765,ctr_bandit,0,0
2766,ctr_bandit,1,0
2767,ctr_bandit,0,0
2768,legacy_rule,0,0
2769,ctr_bandit,0,0
2770,legacy_rule,0,0
2771,ctr_bandit,0,0
2772,legacy_rule,0,0
2773,ctr_bandit,0,0
2774,ctr_bandit,0,0
2775,legacy_rule,0,0
2776,legacy_rule,1,0
2777,legacy_rule,0,0
2778,ctr_bandit,1,0
2779,legacy_rule,1,0
2780,legacy_rule,0,0
2781,legacy_rule,0,0
2782,ctr_bandit,1,0
2783,ctr_bandit,0,0
2784,ctr_bandit,0,0
2785,ctr_bandit,1,0
2786,legacy_rule,1,0
2787,ctr_bandit,0,0
2788,legacy_rule,1,0
2789,legacy_rule,0,0
2790,legacy_rule,1,0
2791,ctr_bandit,0,0
2792,ctr_bandit,0,0
2793,legacy_rule,0,0
2794,ctr_bandit,1,0
2795,ctr_bandit,0,0
2796,ctr_bandit,0,0
2797,legacy_rule,0,0
2798,legacy_rule,0,0
2799,ctr_bandit,0,0
2800,ctr_bandit,1,0
2801,ctr_bandit,0,0
2802,ctr_bandit,0,0
2803,legacy_rule,0,0
2804,ctr_bandit,1,1
2805,legacy_rule,0,0
2806,ctr_bandit,1,0
2807,ctr_bandit,1,1
2808,legacy_rule,0,0
2809,legacy_rule,1,0
2810,ctr_bandit,0,0
2811,ctr_bandit,0,0
2812,ctr_bandit,1,0
2813,ctr_bandit,0,0
2814,ctr_bandit,0,0
2815,legacy_rule,0,0
2816,legacy_rule,0,0
2817,ctr_bandit,1,0
2818,ctr_bandit,0,0
2819,legacy_rule,0,0
2820,ctr_bandit,1,0
2821,legacy_rule,1,1
2822,legacy_rule,1,1
2823,legacy_rule,0,0
2824,ctr_bandit,1,0
2825,ctr_bandit,1,0
2826,ctr_bandit,1,0
2827,ctr_bandit,0,0
2828,ctr_bandit,0,0
2829,legacy_rule,0,0
2830,ctr_bandit,0,0
2831,ctr_bandit,0,0
2832,ctr_bandit,0,0
2833,legacy_rule,0,0
2834,ctr_bandit,0,0
2835,legacy_rule,1,1
2836,legacy_rule,1,1
2837,legacy_rule,1,0
2838,legacy_rule,0,0
2839,legacy_rule,0,0
2840,ctr_bandit,0,0
2841,ctr_bandit,0,0
2842,legacy_rule,0,0
2843,legacy_rule,0,0
2844,legacy_rule,0,0
2845,ctr_bandit,0,0
2846,legacy_rule,0,0
2847,legacy_rule,0,0
2848,ctr_bandit,1,0
2849,legacy_rule,1,0
2850,legacy_rule,0,0
2851,ctr_bandit,0,0
2852,ctr_bandit,1,0
2853,ctr_bandit,0,0
2854,ctr_bandit,0,0
2855,legacy_rule,0,0
2856,legacy_rule,0,0
2857,ctr_bandit,0,0
2858,ctr_bandit,0,0
2859,ctr_bandit,0,0
2860,ctr_bandit,0,0
2861,legacy_rule,1,0
2862,legacy_rule,0,0
2863,legacy_rule,0,0
2864,legacy_rule,0,0
2865,legacy_rule,0,0
2866,legacy_rule,0,0
2867,legacy_rule,0,0
2868,legacy_rule,0,0
2869,legacy_rule,0,0
2870,legacy_rule,0,0
2871,legacy_rule,0,0
2872,ctr_bandit,1,0
2873,ctr_bandit,0,0
2874,ctr_bandit,0,0
2875,ctr_bandit,0,0
2876,ctr_bandit,0,0
2877,ctr_bandit,1,0
2878,ctr_bandit,1,0
2879,ctr_bandit,0,0
2880,ctr_bandit,0,0
2881,ctr_bandit,0,0
2882,legacy_rule,0,0
2883,ctr_bandit,0,0
2884,legacy_rule,0,0
2885,ctr_bandit,0,0
2886,legacy_rule,0,0
2887,legacy_rule,0,0
2888,ctr_bandit,0,0
2889,legacy_rule,0,0
2890,legacy_rule,0,0
2891,ctr_bandit,0,0
2892,ctr_bandit,0,0
2893,ctr_bandit,0,0
2894,legacy_rule,0,0
2895,ctr_bandit,1,0
2896,ctr_bandit,0,0
2897,legacy_rule,0,0
2898,ctr_bandit,1,0
2899,legacy_rule,0,0
2900,legacy_rule,1,0
2901,ctr_bandit,0,0
2902,legacy_rule,0,0
2903,ctr_bandit,0,0
2904,ctr_bandit,1,0
2905,legacy_rule,1,0
2906,legacy_rule,0,0
2907,ctr_bandit,0,0
2908,ctr_bandit,1,0
2909,legacy_rule,1,1
2910,ctr_bandit,0,0
2911,legacy_rule,0,0
2912,legacy_rule,1,0
2913,ctr_bandit,0,0
2914,legacy_rule,0,0
2915,ctr_bandit,0,0
2916,legacy_rule,0,0
2917,ctr_bandit,1,0
2918,legacy_rule,0,0
2919,ctr_bandit,1,1
2920,legacy_rule,0,0
2921,ctr_bandit,1,1
2922,legacy_rule,0,0
2923,legacy_rule,0,0
2924,legacy_rule,0,0
2925,ctr_bandit,0,0
2926,legacy_rule,0,0
2927,legacy_rule,0,0
2928,ctr_bandit,0,0
2929,ctr_bandit,1,0
2930,ctr_bandit,0,0
2931,ctr_bandit,1,0
2932,ctr_bandit,0,0
2933,legacy_rule,0,0
2934,legacy_rule,0,0
2935,ctr_bandit,1,0
2936,ctr_bandit,0,0
2937,ctr_bandit,0,0
2938,legacy_rule,0,0
2939,legacy_rule,0,0
2940,ctr_bandit,1,0
2941,ctr_bandit,1,0
2942,ctr_bandit,0,0
2943,legacy_rule,0,0
2944,legacy_rule,0,0
2945,ctr_bandit,1,0
2946,legacy_rule,0,0
2947,ctr_bandit,1,0
2948,legacy_rule,0,0
2949,ctr_bandit,0,0
2950,legacy_rule,1,0
2951,legacy_rule,0,0
2952,ctr_bandit,0,0
2953,legacy_rule,0,0
2954,ctr_bandit,0,0
2955,ctr_bandit,0,0
2956,ctr_bandit,0,0
2957,ctr_bandit,0,0
2958,ctr_bandit,1,0
2959,legacy_rule,0,0
2960,legacy_rule,1,0
2961,ctr_bandit,0,0
2962,legacy_rule,0,0
2963,ctr_bandit,0,0
2964,ctr_bandit,0,0
2965,ctr_bandit,0,0
2966,ctr_bandit,0,0
2967,ctr_bandit,0,0
2968,ctr_bandit,0,0
2969,ctr_bandit,0,0
2970,legacy_rule,0,0
2971,ctr_bandit,0,0
2972,legacy_rule,0,0
2973,ctr_bandit,0,0
2974,legacy_rule,0,0
2975,ctr_bandit,0,0
2976,legacy_rule,0,0
2977,ctr_bandit,0,0
2978,legacy_rule,0,0
2979,ctr_bandit,1,0
2980,ctr_bandit,1,0
2981,legacy_rule,0,0
2982,legacy_rule,0,0
2983,legacy_rule,1,0
2984,ctr_bandit,0,0
2985,ctr_bandit,0,0
2986,legacy_rule,0,0
2987,legacy_rule,0,0
2988,legacy_rule,0,0
2989,legacy_rule,0,0
2990,ctr_bandit,0,0
2991,ctr_bandit,0,0
2992,ctr_bandit,1,0
2993,legacy_rule,0,0
2994,ctr_bandit,0,0
2995,ctr_bandit,1,0
2996,ctr_bandit,0,0
2997,legacy_rule,0,0
2998,legacy_rule,0,0
2999,ctr_bandit,0,0
3000,ctr_bandit,0,0
3001,legacy_rule,0,0
3002,ctr_bandit,1,1
3003,ctr_bandit,0,0
3004,ctr_bandit,0,0
3005,legacy_rule,1,0
3006,ctr_bandit,0,0
3007,legacy_rule,1,0
3008,legacy_rule,1,0
3009,ctr_bandit,0,0
3010,ctr_bandit,0,0
3011,ctr_bandit,0,0
3012,legacy_rule,0,0
3013,legacy_rule,1,0
3014,ctr_bandit,1,0
3015,ctr_bandit,0,0
3016,legacy_rule,0,0
3017,legacy_rule,0,0
3018,ctr_bandit,1,0
3019,ctr_bandit,0,0
3020,legacy_rule,1,0
3021,ctr_bandit,1,0
3022,ctr_bandit,1,0
3023,legacy_rule,0,0
3024,ctr_bandit,0,0
3025,legacy_rule,0,0
3026,legacy_rule,0,0
3027,ctr_bandit,0,0
3028,ctr_bandit,0,0
3029,legacy_rule,1,0
3030,ctr_bandit,1,0
3031,legacy_rule,0,0
3032,ctr_bandit,0,0
3033,legacy_rule,0,0
3034,ctr_bandit,0,0
3035,ctr_bandit,0,0
3036,legacy_rule,0,0
3037,ctr_bandit,0,0
3038,ctr_bandit,1,1
3039,legacy_rule,0,0
3040,ctr_bandit,0,0
3041,legacy_rule,0,0
3042,ctr_bandit,0,0
3043,ctr_bandit,1,0
3044,legacy_rule,1,0
3045,ctr_bandit,0,0
3046,legacy_rule,0,0
3047,ctr_bandit,0,0
3048,ctr_bandit,0,0
3049,ctr_bandit,0,0
3050,legacy_rule,1,0
3051,ctr_bandit,1,0
3052,legacy_rule,0,0
3053,ctr_bandit,0,0
3054,legacy_rule,0,0
3055,legacy_rule,0,0
3056,legacy_rule,0,0
3057,legacy_rule,0,0
3058,legacy_rule,0,0
3059,ctr_bandit,0,0
3060,legacy_rule,1,1
3061,ctr_bandit,0,0
3062,legacy_rule,0,0
3063,ctr_bandit,0,0
3064,legacy_rule,0,0
3065,legacy_rule,0,0
3066,legacy_rule,0,0
3067,ctr_bandit,0,0
3068,ctr_bandit,0,0
3069,ctr_bandit,0,0
3070,legacy_rule,0,0
3071,legacy_rule,1,1
3072,legacy_rule,0,0
3073,legacy_rule,1,0
3074,legacy_rule,0,0
3075,legacy_rule,0,0
3076,legacy_rule,0,0
3077,legacy_rule,0,0
3078,legacy_rule,1,0
3079,legacy_rule,0,0
3080,legacy_rule,0,0
3081,legacy_rule,1,0
3082,legacy_rule,1,0
3083,legacy_rule,0,0
3084,legacy_rule,0,0
3085,legacy_rule,0,0
3086,ctr_bandit,0,0
3087,ctr_bandit,0,0
3088,ctr_bandit,0,0
3089,legacy_rule,0,0
3090,legacy_rule,1,1
3091,ctr_bandit,0,0
3092,ctr_bandit,0,0
3093,ctr_bandit,1,0
3094,ctr_bandit,0,0
3095,legacy_rule,1,0
3096,ctr_bandit,0,0
3097,ctr_bandit,0,0
3098,legacy_rule,1,0
3099,legacy_rule,0,0
3100,ctr_bandit,0,0
3101,ctr_bandit,1,0
3102,ctr_bandit,0,0
3103,legacy_rule,1,1
3104,ctr_bandit,0,0
3105,legacy_rule,0,0
3106,ctr_bandit,1,0
3107,legacy_rule,0,0
3108,ctr_bandit,1,1
3109,ctr_bandit,1,0
3110,ctr_bandit,0,0
3111,legacy_rule,0,0
3112,legacy_rule,0,0
3113,legacy_rule,0,0
3114,ctr_bandit,0,0
3115,legacy_rule,1,0
3116,legacy_rule,0,0
3117,ctr_bandit,0,0
3118,ctr_bandit,1,0
3119,ctr_bandit,1,0
3120,ctr_bandit,0,0
3121,legacy_rule,0,0
3122,legacy_rule,0,0
3123,ctr_bandit,0,0
3124,ctr_bandit,1,0
3125,ctr_bandit,1,0
3126,legacy_rule,1,0
3127,legacy_rule,1,0
3128,ctr_bandit,1,0
3129,legacy_rule,1,0
3130,ctr_bandit,0,0
3131,ctr_bandit,0,0
3132,ctr_bandit,1,0
3133,ctr_bandit,0,0
3134,ctr_bandit,1,0
3135,legacy_rule,0,0
3136,ctr_bandit,0,0
3137,ctr_bandit,0,0
3138,ctr_bandit,0,0
3139,legacy_rule,0,0
3140,legacy_rule,0,0
3141,ctr_bandit,0,0
3142,legacy_rule,0,0
3143,legacy_rule,0,0
3144,legacy_rule,0,0
3145,legacy_rule,0,0
3146,legacy_rule,1,0
3147,ctr_bandit,1,0
3148,legacy_rule,0,0
3149,ctr_bandit,0,0
3150,ctr_bandit,0,0
3151,ctr_bandit,0,0
3152,ctr_bandit,0,0
3153,legacy_rule,0,0
3154,ctr_bandit,0,0
3155,ctr_bandit,0,0
3156,ctr_bandit,0,0
3157,ctr_bandit,1,0
3158,ctr_bandit,0,0
3159,legacy_rule,0,0
3160,ctr_bandit,1,0
3161,legacy_rule,0,0
3162,legacy_rule,0,0
3163,legacy_rule,0,0
3164,ctr_bandit,1,0
3165,ctr_bandit,1,0
3166,ctr_bandit,0,0
3167,ctr_bandit,0,0
3168,ctr_bandit,0,0
3169,legacy_rule,0,0
3170,legacy_rule,1,0
3171,ctr_bandit,0,0
3172,legacy_rule,0,0
3173,ctr_bandit,0,0
3174,legacy_rule,0,0
3175,legacy_rule,0,0
3176,ctr_bandit,0,0
3177,ctr_bandit,0,0
3178,legacy_rule,0,0
3179,ctr_bandit,1,0
3180,legacy_rule,0,0
3181,legacy_rule,0,0
3182,legacy_rule,0,0
3183,legacy_rule,0,0
3184,legacy_rule,1,0
3185,legacy_rule,0,0
3186,ctr_bandit,0,0
3187,ctr_bandit,1,0
3188,legacy_rule,0,0
3189,legacy_rule,0,0
3190,ctr_bandit,1,0
3191,ctr_bandit,0,0
3192,legacy_rule,0,0
3193,ctr_bandit,0,0
3194,legacy_rule,0,0
3195,ctr_bandit,0,0
3196,legacy_rule,0,0
3197,ctr_bandit,0,0
3198,ctr_bandit,0,0
3199,ctr_bandit,0,0
3200,legacy_rule,1,0
3201,ctr_bandit,1,0
3202,legacy_rule,0,0
3203,ctr_bandit,0,0
3204,legacy_rule,0,0
3205,legacy_rule,0,0
3206,ctr_bandit,1,0
3207,legacy_rule,0,0
3208,ctr_bandit,0,0
3209,legacy_rule,0,0
3210,ctr_bandit,0,0
3211,legacy_rule,1,0
3212,ctr_bandit,0,0
3213,legacy_rule,0,0
3214,ctr_bandit,1,0
3215,ctr_bandit,0,0
3216,legacy_rule,1,0
3217,legacy_rule,0,0
3218,legacy_rule,0,0
3219,legacy_rule,0,0
3220,ctr_bandit,1,1
3221,ctr_bandit,0,0
3222,ctr_bandit,1,0
3223,legacy_rule,0,0
3224,legacy_rule,0,0
3225,legacy_rule,0,0
3226,ctr_bandit,0,0
3227,legacy_rule,1,1
3228,legacy_rule,0,0
3229,ctr_bandit,0,0
3230,ctr_bandit,0,0
3231,legacy_rule,0,0
3232,legacy_rule,1,0
3233,ctr_bandit,1,0
3234,ctr_bandit,0,0
3235,ctr_bandit,1,0
3236,legacy_rule,1,0
3237,legacy_rule,0,0
3238,ctr_bandit,0,0
3239,legacy_rule,0,0
3240,legacy_rule,0,0
3241,legacy_rule,0,0
3242,legacy_rule,0,0
3243,legacy_rule,0,0
3244,ctr_bandit,0,0
3245,ctr_bandit,0,0
3246,legacy_rule,0,0
3247,legacy_rule,0,0
3248,ctr_bandit,1,0
3249,legacy_rule,0,0
3250,ctr_bandit,0,0
3251,legacy_rule,1,0
3252,ctr_bandit,0,0
3253,legacy_rule,0,0
3254,legacy_rule,0,0
3255,ctr_bandit,0,0
3256,legacy_rule,0,0
3257,legacy_rule,0,0
3258,legacy_rule,0,0
3259,legacy_rule,0,0
3260,ctr_bandit,1,0
3261,legacy_rule,1,1
3262,ctr_bandit,0,0
3263,ctr_bandit,0,0
3264,ctr_bandit,1,0
3265,ctr_bandit,0,0
3266,ctr_bandit,0,0
3267,ctr_bandit,0,0
3268,legacy_rule,0,0
3269,ctr_bandit,0,0
3270,ctr_bandit,0,0
3271,ctr_bandit,0,0
3272,ctr_bandit,1,0
3273,ctr_bandit,0,0
3274,legacy_rule,1,1
3275,legacy_rule,0,0
3276,legacy_rule,0,0
3277,ctr_bandit,0,0
3278,legacy_rule,0,0
3279,ctr_bandit,0,0
3280,legacy_rule,0,0
3281,ctr_bandit,1,0
3282,ctr_bandit,1,0
3283,ctr_bandit,0,0
3284,legacy_rule,0,0
3285,ctr_bandit,1,1
3286,ctr_bandit,0,0
3287,legacy_rule,0,0
3288,legacy_rule,0,0
3289,ctr_bandit,0,0
3290,legacy_rule,0,0
3291,legacy_rule,0,0
3292,legacy_rule,1,0
3293,legacy_rule,1,0
3294,ctr_bandit,0,0
3295,ctr_bandit,1,0
3296,ctr_bandit,1,0
3297,legacy_rule,0,0
3298,legacy_rule,1,0
3299,legacy_rule,0,0
3300,ctr_bandit,1,0
3301,legacy_rule,0,0
3302,ctr_bandit,0,0
3303,ctr_bandit,1,0
3304,legacy_rule,0,0
3305,legacy_rule,0,0
3306,legacy_rule,0,0
3307,ctr_bandit,0,0
3308,legacy_rule,1,0
3309,ctr_bandit,1,0
3310,ctr_bandit,1,0
3311,ctr_bandit,1,0
3312,ctr_bandit,1,0
3313,legacy_rule,0,0
3314,ctr_bandit,0,0
3315,ctr_bandit,1,0
3316,legacy_rule,0,0
3317,legacy_rule,1,0
3318,legacy_rule,0,0
3319,ctr_bandit,0,0
3320,ctr_bandit,0,0
3321,ctr_bandit,0,0
3322,ctr_bandit,0,0
3323,legacy_rule,0,0
3324,legacy_rule,0,0
3325,legacy_rule,0,0
3326,ctr_bandit,0,0
3327,legacy_rule,0,0
3328,legacy_rule,0,0
3329,ctr_bandit,0,0
3330,legacy_rule,1,0
3331,ctr_bandit,1,1
3332,ctr_bandit,1,0
3333,legacy_rule,0,0
3334,ctr_bandit,0,0
3335,ctr_bandit,0,0
3336,ctr_bandit,0,0
3337,legacy_rule,0,0
3338,ctr_bandit,1,0
3339,ctr_bandit,0,0
3340,legacy_rule,0,0
3341,legacy_rule,1,0
3342,ctr_bandit,0,0
3343,legacy_rule,0,0
3344,ctr_bandit,1,0
3345,ctr_bandit,0,0
3346,ctr_bandit,0,0
3347,ctr_bandit,0,0
3348,ctr_bandit,0,0
3349,ctr_bandit,0,0
3350,ctr_bandit,0,0
3351,legacy_rule,0,0
3352,legacy_rule,0,0
3353,ctr_bandit,0,0
3354,ctr_bandit,0,0
3355,ctr_bandit,0,0
3356,ctr_bandit,0,0
3357,ctr_bandit,0,0
3358,ctr_bandit,0,0
3359,legacy_rule,0,0
3360,legacy_rule,0,0
3361,ctr_bandit,0,0
3362,legacy_rule,0,0
3363,legacy_rule,0,0
3364,legacy_rule,0,0
3365,ctr_bandit,1,0
3366,ctr_bandit,1,0
3367,ctr_bandit,1,0
3368,ctr_bandit,0,0
3369,ctr_bandit,0,0
3370,legacy_rule,0,0
3371,legacy_rule,0,0
3372,ctr_bandit,0,0
3373,ctr_bandit,0,0
3374,ctr_bandit,0,0
3375,legacy_rule,0,0
3376,ctr_bandit,0,0
3377,ctr_bandit,0,0
3378,ctr_bandit,0,0
3379,ctr_bandit,1,0
3380,ctr_bandit,0,0
3381,ctr_bandit,0,0
3382,ctr_bandit,0,0
3383,legacy_rule,0,0
3384,ctr_bandit,0,0
3385,ctr_bandit,0,0
3386,ctr_bandit,0,0
3387,legacy_rule,0,0
3388,ctr_bandit,0,0
3389,ctr_bandit,0,0
3390,ctr_bandit,0,0
3391,legacy_rule,0,0
3392,ctr_bandit,0,0
3393,legacy_rule,0,0
3394,ctr_bandit,0,0
3395,legacy_rule,0,0
3396,ctr_bandit,0,0
3397,ctr_bandit,1,0
3398,legacy_rule,0,0
3399,ctr_bandit,0,0
3400,legacy_rule,0,0
3401,legacy_rule,0,0
3402,legacy_rule,1,0
3403,legacy_rule,1,0
3404,ctr_bandit,0,0
3405,legacy_rule,0,0
3406,ctr_bandit,0,0
3407,ctr_bandit,0,0
3408,legacy_rule,0,0
3409,ctr_bandit,0,0
3410,ctr_bandit,0,0
3411,ctr_bandit,1,0
3412,legacy_rule,0,0
3413,ctr_bandit,0,0
3414,legacy_rule,0,0
3415,legacy_rule,0,0
3416,ctr_bandit,0,0
3417,legacy_rule,0,0
3418,ctr_bandit,1,0
3419,ctr_bandit,0,0
3420,legacy_rule,0,0
3421,legacy_rule,0,0
3422,legacy_rule,0,0
3423,ctr_bandit,0,0
3424,legacy_rule,1,0
3425,ctr_bandit,1,0
3426,ctr_bandit,0,0
3427,legacy_rule,0,0
3428,legacy_rule,0,0
3429,legacy_rule,0,0
3430,legacy_rule,0,0
3431,ctr_bandit,0,0
3432,legacy_rule,1,0
3433,legacy_rule,0,0
3434,ctr_bandit,0,0
3435,legacy_rule,0,0
3436,ctr_bandit,0,0
3437,legacy_rule,0,0
3438,legacy_rule,0,0
3439,legacy_rule,1,0
3440,legacy_rule,1,0
3441,legacy_rule,0,0
3442,ctr_bandit,0,0
3443,legacy_rule,0,0
3444,legacy_rule,0,0
3445,legacy_rule,0,0
3446,legacy_rule,0,0
3447,ctr_bandit,0,0
3448,legacy_rule,0,0
3449,ctr_bandit,0,0
3450,legacy_rule,1,0
3451,ctr_bandit,0,0
3452,legacy_rule,0,0
3453,ctr_bandit,0,0
3454,ctr_bandit,0,0
3455,ctr_bandit,1,0
3456,legacy_rule,0,0
3457,ctr_bandit,0,0
3458,ctr_bandit,1,0
3459,ctr_bandit,0,0
3460,legacy_rule,0,0
3461,legacy_rule,0,0
3462,legacy_rule,0,0
3463,legacy_rule,0,0
3464,legacy_rule,0,0
3465,ctr_bandit,0,0
3466,legacy_rule,0,0
3467,legacy_rule,0,0
3468,legacy_rule,0,0
3469,ctr_bandit,0,0
3470,legacy_rule,0,0
3471,ctr_bandit,1,0
3472,ctr_bandit,0,0
3473,legacy_rule,0,0
3474,ctr_bandit,1,0
3475,ctr_bandit,1,1
3476,legacy_rule,0,0
3477,ctr_bandit,1,0
3478,legacy_rule,0,0
3479,ctr_bandit,1,1
3480,ctr_bandit,1,0
3481,legacy_rule,0,0
3482,legacy_rule,0,0
3483,ctr_bandit,0,0
3484,legacy_rule,0,0
3485,legacy_rule,0,0
3486,legacy_rule,0,0
3487,ctr_bandit,0,0
3488,ctr_bandit,0,0
3489,ctr_bandit,0,0
3490,legacy_rule,0,0
3491,legacy_rule,0,0
3492,legacy_rule,1,1
3493,legacy_rule,0,0
3494,legacy_rule,1,0
3495,ctr_bandit,0,0
3496,legacy_rule,0,0
3497,ctr_bandit,0,0
3498,legacy_rule,1,0
3499,legacy_rule,0,0
3500,ctr_bandit,0,0
3501,legacy_rule,0,0
3502,ctr_bandit,1,0
3503,legacy_rule,0,0
3504,ctr_bandit,0,0
3505,legacy_rule,0,0
3506,ctr_bandit,0,0
3507,ctr_bandit,1,0
3508,legacy_rule,0,0
3509,legacy_rule,0,0
3510,ctr_bandit,0,0
3511,legacy_rule,0,0
3512,legacy_rule,0,0
3513,ctr_bandit,0,0
3514,ctr_bandit,1,0
3515,legacy_rule,1,0
3516,legacy_rule,0,0
3517,legacy_rule,0,0
3518,legacy_rule,0,0
3519,legacy_rule,0,0
3520,legacy_rule,1,0
3521,ctr_bandit,1,0
3522,legacy_rule,1,0
3523,legacy_rule,0,0
3524,ctr_bandit,0,0
3525,legacy_rule,1,1
3526,legacy_rule,0,0
3527,legacy_rule,0,0
3528,legacy_rule,0,0
3529,ctr_bandit,1,0
3530,ctr_bandit,0,0
3531,legacy_rule,1,0
3532,legacy_rule,1,0
3533,ctr_bandit,0,0
3534,ctr_bandit,0,0
3535,ctr_bandit,0,0
3536,legacy_rule,0,0
3537,legacy_rule,0,0
3538,legacy_rule,0,0
3539,legacy_rule,0,0
3540,legacy_rule,1,0
3541,legacy_rule,1,0
3542,ctr_bandit,0,0
3543,ctr_bandit,0,0
3544,ctr_bandit,0,0
3545,ctr_bandit,0,0
3546,legacy_rule,0,0
3547,ctr_bandit,1,0
3548,ctr_bandit,1,0
3549,legacy_rule,0,0
3550,legacy_rule,0,0
3551,ctr_bandit,1,0
3552,ctr_bandit,0,0
3553,ctr_bandit,1,0
3554,legacy_rule,0,0
3555,ctr_bandit,0,0
3556,legacy_rule,0,0
3557,ctr_bandit,0,0
3558,ctr_bandit,0,0
3559,ctr_bandit,0,0
3560,ctr_bandit,0,0
3561,ctr_bandit,0,0
3562,legacy_rule,0,0
3563,ctr_bandit,1,0
3564,ctr_bandit,0,0
3565,ctr_bandit,0,0
3566,ctr_bandit,0,0
3567,legacy_rule,0,0
3568,legacy_rule,0,0
3569,ctr_bandit,1,1
3570,legacy_rule,0,0
3571,legacy_rule,1,1
3572,legacy_rule,0,0
3573,ctr_bandit,0,0
3574,ctr_bandit,0,0
3575,legacy_rule,0,0
3576,ctr_bandit,1,0
3577,legacy_rule,0,0
3578,legacy_rule,0,0
3579,ctr_bandit,0,0
3580,ctr_bandit,1,0
3581,legacy_rule,0,0
3582,legacy_rule,0,0
3583,legacy_rule,0,0
3584,ctr_bandit,1,0
3585,ctr_bandit,0,0
3586,ctr_bandit,0,0
3587,ctr_bandit,0,0
3588,legacy_rule,0,0
3589,ctr_bandit,1,1
3590,ctr_bandit,0,0
3591,legacy_rule,0,0
3592,legacy_rule,0,0
3593,legacy_rule,0,0
3594,legacy_rule,0,0
3595,ctr_bandit,0,0
3596,legacy_rule,0,0
3597,legacy_rule,0,0
3598,ctr_bandit,0,0
3599,legacy_rule,0,0
3600,legacy_rule,0,0
3601,ctr_bandit,0,0
3602,ctr_bandit,1,0
3603,ctr_bandit,0,0
3604,ctr_bandit,0,0
3605,ctr_bandit,0,0
3606,ctr_bandit,0,0
3607,legacy_rule,0,0
3608,ctr_bandit,0,0
3609,ctr_bandit,0,0
3610,ctr_bandit,0,0
3611,legacy_rule,0,0
3612,legacy_rule,0,0
3613,ctr_bandit,0,0
3614,ctr_bandit,0,0
3615,ctr_bandit,1,0
3616,legacy_rule,0,0
3617,ctr_bandit,0,0
3618,ctr_bandit,1,0
3619,legacy_rule,0,0
3620,legacy_rule,0,0
3621,ctr_bandit,1,0
3622,legacy_rule,0,0
3623,ctr_bandit,0,0
3624,legacy_rule,1,0
3625,legacy_rule,0,0
3626,legacy_rule,0,0
3627,legacy_rule,0,0
3628,legacy_rule,0,0
3629,ctr_bandit,0,0
3630,legacy_rule,0,0
3631,legacy_rule,0,0
3632,legacy_rule,0,0
3633,legacy_rule,0,0
3634,legacy_rule,0,0
3635,ctr_bandit,1,0
3636,legacy_rule,0,0
3637,ctr_bandit,1,0
3638,legacy_rule,0,0
3639,ctr_bandit,0,0
3640,legacy_rule,0,0
3641,legacy_rule,0,0
3642,legacy_rule,1,0
3643,legacy_rule,0,0
3644,legacy_rule,1,0
3645,ctr_bandit,0,0
3646,legacy_rule,0,0
3647,ctr_bandit,1,0
3648,ctr_bandit,0,0
3649,ctr_bandit,1,0
3650,legacy_rule,0,0
3651,legacy_rule,0,0
3652,ctr_bandit,1,1
3653,legacy_rule,0,0
3654,ctr_bandit,0,0
3655,ctr_bandit,1,0
3656,ctr_bandit,1,0
3657,legacy_rule,0,0
3658,ctr_bandit,0,0
3659,ctr_bandit,0,0
3660,ctr_bandit,0,0
3661,ctr_bandit,0,0
3662,ctr_bandit,1,0
3663,legacy_rule,0,0
3664,ctr_bandit,0,0
3665,legacy_rule,1,0
3666,ctr_bandit,0,0
3667,legacy_rule,0,0
3668,legacy_rule,0,0
3669,ctr_bandit,0,0
3670,ctr_bandit,0,0
3671,legacy_rule,0,0
3672,legacy_rule,0,0
3673,legacy_rule,1,0
3674,legacy_rule,0,0
3675,legacy_rule,0,0
3676,legacy_rule,0,0
3677,ctr_bandit,1,0
3678,legacy_rule,1,0
3679,legacy_rule,1,0
3680,legacy_rule,0,0
3681,ctr_bandit,0,0
3682,legacy_rule,0,0
3683,ctr_bandit,1,0
3684,ctr_bandit,0,0
3685,ctr_bandit,0,0
3686,legacy_rule,0,0
3687,ctr_bandit,0,0
3688,ctr_bandit,1,1
3689,ctr_bandit,1,0
3690,ctr_bandit,1,0
3691,legacy_rule,0,0
3692,ctr_bandit,0,0
3693,ctr_bandit,0,0
3694,legacy_rule,0,0
3695,ctr_bandit,1,0
3696,legacy_rule,1,0
3697,ctr_bandit,0,0
3698,ctr_bandit,1,0
3699,ctr_bandit,1,0
3700,ctr_bandit,0,0
3701,legacy_rule,0,0
3702,legacy_rule,1,0
3703,ctr_bandit,1,0
3704,legacy_rule,0,0
3705,ctr_bandit,0,0
3706,ctr_bandit,1,0
3707,legacy_rule,0,0
3708,ctr_bandit,0,0
3709,legacy_rule,0,0
3710,legacy_rule,0,0
3711,legacy_rule,0,0
3712,ctr_bandit,0,0
3713,legacy_rule,0,0
3714,legacy_rule,1,0
3715,legacy_rule,1,0
3716,legacy_rule,0,0
3717,ctr_bandit,0,0
3718,ctr_bandit,1,1
3719,legacy_rule,0,0
3720,legacy_rule,0,0
3721,legacy_rule,0,0
3722,legacy_rule,0,0
3723,legacy_rule,1,0
3724,legacy_rule,0,0
3725,legacy_rule,1,1
3726,ctr_bandit,0,0
3727,ctr_bandit,0,0
3728,ctr_bandit,0,0
3729,legacy_rule,0,0
3730,legacy_rule,0,0
3731,legacy_rule,0,0
3732,ctr_bandit,1,0
3733,legacy_rule,0,0
3734,legacy_rule,0,0
3735,ctr_bandit,0,0
3736,legacy_rule,0,0
3737,legacy_rule,1,0
3738,ctr_bandit,0,0
3739,ctr_bandit,0,0
3740,ctr_bandit,1,0
3741,ctr_bandit,1,0
3742,legacy_rule,1,0
3743,legacy_rule,0,0
3744,ctr_bandit,1,0
3745,ctr_bandit,0,0
3746,ctr_bandit,1,0
3747,legacy_rule,0,0
3748,legacy_rule,0,0
3749,legacy_rule,0,0
3750,legacy_rule,0,0
3751,ctr_bandit,0,0
3752,ctr_bandit,0,0
3753,legacy_rule,0,0
3754,legacy_rule,0,0
3755,legacy_rule,0,0
3756,ctr_bandit,0,0
3757,ctr_bandit,0,0
3758,ctr_bandit,0,0
3759,legacy_rule,1,0
3760,legacy_rule,0,0
3761,ctr_bandit,0,0
3762,legacy_rule,1,0
3763,ctr_bandit,0,0
3764,ctr_bandit,1,0
3765,legacy_rule,0,0
3766,ctr_bandit,0,0
3767,legacy_rule,1,0
3768,legacy_rule,1,0
3769,legacy_rule,1,0
3770,legacy_rule,0,0
3771,legacy_rule,0,0
3772,ctr_bandit,0,0
3773,ctr_bandit,0,0
3774,legacy_rule,0,0
3775,ctr_bandit,1,0
3776,ctr_bandit,1,0
3777,legacy_rule,0,0
3778,ctr_bandit,0,0
3779,legacy_rule,0,0
3780,legacy_rule,0,0
3781,legacy_rule,1,0
3782,ctr_bandit,0,0
3783,ctr_bandit,0,0
3784,legacy_rule,1,1
3785,ctr_bandit,1,0
3786,legacy_rule,1,1
3787,ctr_bandit,1,0
3788,ctr_bandit,1,0
3789,legacy_rule,0,0
3790,legacy_rule,0,0
3791,ctr_bandit,0,0
3792,legacy_rule,0,0
3793,legacy_rule,0,0
3794,legacy_rule,0,0
3795,ctr_bandit,1,0
3796,ctr_bandit,1,0
3797,ctr_bandit,1,0
3798,legacy_rule,0,0
3799,ctr_bandit,0,0
3800,legacy_rule,0,0
3801,ctr_bandit,0,0
3802,legacy_rule,0,0
3803,ctr_bandit,0,0
3804,legacy_rule,0,0
3805,legacy_rule,0,0
3806,ctr_bandit,0,0
3807,ctr_bandit,0,0
3808,legacy_rule,0,0
3809,legacy_rule,0,0
3810,ctr_bandit,0,0
3811,ctr_bandit,0,0
3812,legacy_rule,0,0
3813,ctr_bandit,0,0
3814,ctr_bandit,0,0
3815,legacy_rule,0,0
3816,legacy_rule,0,0
3817,ctr_bandit,0,0
3818,ctr_bandit,0,0
3819,legacy_rule,0,0
3820,legacy_rule,1,0
3821,legacy_rule,1,0
3822,legacy_rule,0,0
3823,legacy_rule,0,0
3824,ctr_bandit,0,0
3825,ctr_bandit,0,0
3826,ctr_bandit,0,0
3827,legacy_rule,0,0
3828,legacy_rule,0,0
3829,legacy_rule,0,0
3830,ctr_bandit,1,0
3831,legacy_rule,0,0
3832,legacy_rule,0,0
3833,ctr_bandit,0,0
3834,ctr_bandit,0,0
3835,legacy_rule,1,0
3836,ctr_bandit,1,0
3837,ctr_bandit,0,0
3838,ctr_bandit,0,0
3839,ctr_bandit,1,0
3840,ctr_bandit,0,0
3841,legacy_rule,1,0
3842,ctr_bandit,0,0
3843,legacy_rule,0,0
3844,legacy_rule,0,0
3845,ctr_bandit,0,0
3846,ctr_bandit,0,0
3847,ctr_bandit,0,0
3848,ctr_bandit,0,0
3849,ctr_bandit,0,0
3850,ctr_bandit,0,0
3851,legacy_rule,1,0
3852,ctr_bandit,1,0
3853,ctr_bandit,0,0
3854,ctr_bandit,1,1
3855,legacy_rule,1,1
3856,legacy_rule,1,0
3857,legacy_rule,0,0
3858,ctr_bandit,1,0
3859,ctr_bandit,0,0
3860,legacy_rule,1,0
3861,ctr_bandit,1,0
3862,ctr_bandit,0,0
3863,ctr_bandit,1,0
3864,legacy_rule,0,0
3865,legacy_rule,0,0
3866,legacy_rule,1,0
3867,ctr_bandit,1,0
3868,ctr_bandit,0,0
3869,legacy_rule,0,0
3870,ctr_bandit,1,0
3871,ctr_bandit,0,0
3872,legacy_rule,1,0
3873,legacy_rule,0,0
3874,legacy_rule,1,0
3875,ctr_bandit,1,0
3876,legacy_rule,0,0
3877,legacy_rule,1,0
3878,ctr_bandit,0,0
3879,legacy_rule,0,0
3880,legacy_rule,0,0
3881,ctr_bandit,0,0
3882,ctr_bandit,1,0
3883,legacy_rule,0,0
3884,legacy_rule,0,0
3885,legacy_rule,0,0
3886,ctr_bandit,0,0
3887,legacy_rule,0,0
3888,legacy_rule,0,0
3889,legacy_rule,0,0
3890,legacy_rule,1,0
3891,legacy_rule,1,0
3892,legacy_rule,1,0
3893,legacy_rule,0,0
3894,ctr_bandit,1,0
3895,ctr_bandit,1,0
3896,ctr_bandit,0,0
3897,legacy_rule,0,0
3898,legacy_rule,1,1
3899,legacy_rule,0,0
3900,ctr_bandit,1,0
3901,ctr_bandit,1,0
3902,ctr_bandit,0,0
3903,ctr_bandit,0,0
3904,ctr_bandit,0,0
3905,legacy_rule,0,0
3906,ctr_bandit,0,0
3907,ctr_bandit,1,0
3908,legacy_rule,0,0
3909,ctr_bandit,1,0
3910,ctr_bandit,0,0
3911,ctr_bandit,0,0
3912,legacy_rule,0,0
3913,legacy_rule,1,0
3914,ctr_bandit,1,0
3915,legacy_rule,0,0
3916,legacy_rule,0,0
3917,ctr_bandit,0,0
3918,ctr_bandit,1,0
3919,legacy_rule,1,0
3920,legacy_rule,1,0
3921,legacy_rule,0,0
3922,ctr_bandit,0,0
3923,legacy_rule,0,0
3924,ctr_bandit,1,0
3925,legacy_rule,0,0
3926,legacy_rule,1,1
3927,ctr_bandit,1,0
3928,legacy_rule,1,0
3929,ctr_bandit,0,0
3930,ctr_bandit,0,0
3931,legacy_rule,0,0
3932,ctr_bandit,1,0
3933,ctr_bandit,1,0
3934,legacy_rule,0,0
3935,legacy_rule,0,0
3936,legacy_rule,0,0
3937,legacy_rule,0,0
3938,ctr_bandit,1,0
3939,legacy_rule,0,0
3940,legacy_rule,0,0
3941,legacy_rule,0,0
3942,ctr_bandit,0,0
3943,ctr_bandit,1,0
3944,legacy_rule,0,0
3945,ctr_bandit,0,0
3946,ctr_bandit,0,0
3947,ctr_bandit,0,0
3948,ctr_bandit,1,0
3949,legacy_rule,1,0
3950,ctr_bandit,1,0
3951,ctr_bandit,0,0
3952,legacy_rule,0,0
3953,legacy_rule,0,0
3954,legacy_rule,0,0
3955,ctr_bandit,0,0
3956,ctr_bandit,0,0
3957,ctr_bandit,1,0
3958,legacy_rule,0,0
3959,ctr_bandit,0,0
3960,legacy_rule,0,0
3961,ctr_bandit,0,0
3962,legacy_rule,0,0
3963,legacy_rule,0,0
3964,legacy_rule,0,0
3965,ctr_bandit,1,0
3966,legacy_rule,0,0
3967,ctr_bandit,0,0
3968,legacy_rule,1,0
3969,legacy_rule,0,0
3970,legacy_rule,0,0
3971,ctr_bandit,1,0
3972,ctr_bandit,1,0
3973,ctr_bandit,0,0
3974,legacy_rule,0,0
3975,ctr_bandit,0,0
3976,legacy_rule,0,0
3977,ctr_bandit,0,0
3978,ctr_bandit,1,0
3979,ctr_bandit,1,0
3980,ctr_bandit,0,0
3981,legacy_rule,1,0
3982,ctr_bandit,0,0
3983,ctr_bandit,0,0
3984,legacy_rule,1,0
3985,ctr_bandit,0,0
3986,legacy_rule,1,0
3987,ctr_bandit,0,0
3988,legacy_rule,0,0
3989,legacy_rule,1,0
3990,ctr_bandit,0,0
3991,ctr_bandit,0,0
3992,ctr_bandit,0,0
3993,legacy_rule,0,0
3994,legacy_rule,0,0
3995,legacy_rule,0,0
3996,legacy_rule,0,0
3997,ctr_bandit,1,0
3998,ctr_bandit,0,0
3999,legacy_rule,0,0
4000,ctr_bandit,0,0
4001,ctr_bandit,1,0
4002,ctr_bandit,1,0
4003,ctr_bandit,1,0
4004,legacy_rule,0,0
4005,ctr_bandit,0,0
4006,legacy_rule,0,0
4007,legacy_rule,0,0
4008,legacy_rule,0,0
4009,ctr_bandit,0,0
4010,legacy_rule,0,0
4011,legacy_rule,0,0
4012,ctr_bandit,0,0
4013,legacy_rule,1,0
4014,legacy_rule,0,0
4015,ctr_bandit,0,0
4016,ctr_bandit,0,0
4017,legacy_rule,1,0
4018,ctr_bandit,0,0
4019,ctr_bandit,1,0
4020,legacy_rule,0,0
4021,legacy_rule,0,0
4022,ctr_bandit,0,0
4023,legacy_rule,1,0
4024,ctr_bandit,0,0
4025,legacy_rule,0,0
4026,legacy_rule,0,0
4027,ctr_bandit,0,0
4028,legacy_rule,1,0
4029,legacy_rule,0,0
4030,legacy_rule,0,0
4031,ctr_bandit,0,0
4032,legacy_rule,0,0
4033,legacy_rule,0,0
4034,ctr_bandit,0,0
4035,ctr_bandit,0,0
4036,legacy_rule,1,0
4037,legacy_rule,0,0
4038,ctr_bandit,0,0
4039,legacy_rule,0,0
4040,legacy_rule,0,0
4041,legacy_rule,0,0
4042,ctr_bandit,1,0
4043,ctr_bandit,1,0
4044,legacy_rule,1,0
4045,legacy_rule,0,0
4046,legacy_rule,0,0
4047,ctr_bandit,0,0
4048,ctr_bandit,0,0
4049,ctr_bandit,0,0
4050,ctr_bandit,1,0
4051,ctr_bandit,0,0
4052,legacy_rule,0,0
4053,ctr_bandit,0,0
4054,ctr_bandit,1,0
4055,ctr_bandit,0,0
4056,legacy_rule,0,0
4057,legacy_rule,0,0
4058,ctr_bandit,1,0
4059,ctr_bandit,0,0
4060,ctr_bandit,1,0
4061,legacy_rule,1,0
4062,ctr_bandit,0,0
4063,ctr_bandit,0,0
4064,ctr_bandit,1,0
4065,legacy_rule,0,0
4066,legacy_rule,1,0
4067,legacy_rule,1,1
4068,legacy_rule,0,0
4069,ctr_bandit,0,0
4070,legacy_rule,0,0
4071,ctr_bandit,1,0
4072,legacy_rule,0,0
4073,ctr_bandit,0,0
4074,ctr_bandit,0,0
4075,legacy_rule,1,0
4076,legacy_rule,1,0
4077,legacy_rule,0,0
4078,ctr_bandit,0,0
4079,ctr_bandit,0,0
4080,legacy_rule,0,0
4081,legacy_rule,0,0
4082,legacy_rule,0,0
4083,legacy_rule,1,0
4084,ctr_bandit,0,0
4085,legacy_rule,0,0
4086,ctr_bandit,0,0
4087,legacy_rule,0,0
4088,legacy_rule,0,0
4089,ctr_bandit,0,0
4090,ctr_bandit,1,0
4091,legacy_rule,0,0
4092,ctr_bandit,1,0
4093,legacy_rule,0,0
4094,legacy_rule,1,0
4095,legacy_rule,0,0
4096,legacy_rule,0,0
4097,ctr_bandit,0,0
4098,legacy_rule,0,0
4099,legacy_rule,0,0
4100,legacy_rule,0,0
4101,legacy_rule,1,0
4102,ctr_bandit,1,0
4103,ctr_bandit,1,0
4104,ctr_bandit,1,0
4105,ctr_bandit,0,0
4106,ctr_bandit,1,0
4107,legacy_rule,1,0
4108,legacy_rule,0,0
4109,ctr_bandit,0,0
4110,ctr_bandit,0,0
4111,legacy_rule,0,0
4112,ctr_bandit,0,0
4113,ctr_bandit,1,0
4114,legacy_rule,0,0
4115,legacy_rule,0,0
4116,legacy_rule,0,0
4117,legacy_rule,1,0
4118,legacy_rule,0,0
4119,ctr_bandit,1,0
4120,ctr_bandit,0,0
4121,legacy_rule,0,0
4122,ctr_bandit,0,0
4123,ctr_bandit,1,0
4124,ctr_bandit,1,0
4125,ctr_bandit,0,0
4126,ctr_bandit,1,0
4127,ctr_bandit,1,0
4128,ctr_bandit,1,0
4129,ctr_bandit,1,0
4130,ctr_bandit,1,0
4131,ctr_bandit,1,0
4132,legacy_rule,0,0
4133,ctr_bandit,1,0
4134,legacy_rule,0,0
4135,legacy_rule,0,0
4136,ctr_bandit,0,0
4137,legacy_rule,0,0
4138,ctr_bandit,1,0
4139,legacy_rule,1,0
4140,legacy_rule,0,0
4141,legacy_rule,0,0
4142,legacy_rule,0,0
4143,legacy_rule,0,0
4144,legacy_rule,0,0
4145,legacy_rule,1,1
4146,ctr_bandit,0,0
4147,legacy_rule,1,1
4148,legacy_rule,0,0
4149,ctr_bandit,1,0
4150,legacy_rule,0,0
4151,legacy_rule,0,0
4152,legacy_rule,0,0
4153,ctr_bandit,0,0
4154,legacy_rule,0,0
4155,ctr_bandit,1,0
4156,ctr_bandit,1,0
4157,legacy_rule,0,0
4158,legacy_rule,0,0
4159,ctr_bandit,0,0
4160,legacy_rule,0,0
4161,ctr_bandit,0,0
4162,legacy_rule,0,0
4163,legacy_rule,0,0
4164,ctr_bandit,0,0
4165,legacy_rule,0,0
4166,legacy_rule,0,0
4167,legacy_rule,0,0
4168,ctr_bandit,1,0
4169,legacy_rule,0,0
4170,legacy_rule,0,0
4171,ctr_bandit,0,0
4172,legacy_rule,0,0
4173,ctr_bandit,0,0
4174,legacy_rule,1,0
4175,ctr_bandit,0,0
4176,ctr_bandit,0,0
4177,ctr_bandit,0,0
4178,ctr_bandit,0,0
4179,legacy_rule,0,0
4180,ctr_bandit,1,0
4181,legacy_rule,0,0
4182,legacy_rule,0,0
4183,legacy_rule,0,0
4184,ctr_bandit,1,0
4185,ctr_bandit,0,0
4186,ctr_bandit,1,0
4187,ctr_bandit,0,0
4188,ctr_bandit,0,0
4189,legacy_rule,0,0
4190,legacy_rule,0,0
4191,legacy_rule,0,0
4192,ctr_bandit,0,0
4193,ctr_bandit,1,0
4194,ctr_bandit,0,0
4195,ctr_bandit,0,0
4196,ctr_bandit,1,1
4197,legacy_rule,0,0
4198,ctr_bandit,1,0
4199,legacy_rule,1,0
4200,ctr_bandit,1,0
4201,legacy_rule,1,0
4202,ctr_bandit,1,0
4203,ctr_bandit,1,0
4204,legacy_rule,0,0
4205,legacy_rule,1,0
4206,ctr_bandit,1,1
4207,ctr_bandit,1,0
4208,legacy_rule,0,0
4209,ctr_bandit,0,0
4210,ctr_bandit,1,0
4211,legacy_rule,1,1
4212,ctr_bandit,1,0
4213,legacy_rule,0,0
4214,legacy_rule,0,0
4215,ctr_bandit,0,0
4216,ctr_bandit,0,0
4217,legacy_rule,0,0
4218,legacy_rule,0,0
4219,legacy_rule,0,0
4220,ctr_bandit,1,0
4221,ctr_bandit,1,0
4222,ctr_bandit,0,0
4223,ctr_bandit,0,0
4224,legacy_rule,0,0
4225,ctr_bandit,0,0
4226,legacy_rule,0,0
4227,legacy_rule,0,0
4228,ctr_bandit,1,0
4229,legacy_rule,0,0
4230,ctr_bandit,0,0
4231,legacy_rule,0,0
4232,ctr_bandit,0,0
4233,legacy_rule,0,0
4234,legacy_rule,0,0
4235,legacy_rule,0,0
4236,legacy_rule,0,0
4237,legacy_rule,0,0
4238,ctr_bandit,1,0
4239,ctr_bandit,1,0
4240,ctr_bandit,1,1
4241,ctr_bandit,0,0
4242,ctr_bandit,0,0
4243,legacy_rule,0,0
4244,legacy_rule,0,0
4245,legacy_rule,0,0
4246,legacy_rule,0,0
4247,ctr_bandit,0,0
4248,ctr_bandit,1,0
4249,ctr_bandit,0,0
4250,legacy_rule,0,0
4251,ctr_bandit,0,0
4252,ctr_bandit,0,0
4253,ctr_bandit,0,0
4254,legacy_rule,0,0
4255,legacy_rule,0,0
4256,ctr_bandit,0,0
4257,legacy_rule,1,0
4258,ctr_bandit,1,0
4259,legacy_rule,0,0
4260,ctr_bandit,1,0
4261,legacy_rule,0,0
4262,ctr_bandit,0,0
4263,ctr_bandit,0,0
4264,legacy_rule,0,0
4265,ctr_bandit,0,0
4266,ctr_bandit,1,0
4267,ctr_bandit,1,1
4268,ctr_bandit,1,0
4269,ctr_bandit,0,0
4270,legacy_rule,1,0
4271,legacy_rule,0,0
4272,legacy_rule,1,1
4273,legacy_rule,0,0
4274,ctr_bandit,0,0
4275,legacy_rule,1,1
4276,legacy_rule,1,0
4277,ctr_bandit,0,0
4278,ctr_bandit,1,0
4279,ctr_bandit,0,0
4280,ctr_bandit,1,0
4281,legacy_rule,0,0
4282,ctr_bandit,0,0
4283,ctr_bandit,0,0
4284,legacy_rule,0,0
4285,legacy_rule,0,0
4286,ctr_bandit,0,0
4287,ctr_bandit,0,0
4288,ctr_bandit,1,0
4289,ctr_bandit,0,0
4290,ctr_bandit,0,0
4291,legacy_rule,0,0
4292,ctr_bandit,0,0
4293,legacy_rule,1,0
4294,legacy_rule,1,1
4295,ctr_bandit,0,0
4296,legacy_rule,0,0
4297,legacy_rule,0,0
4298,legacy_rule,0,0
4299,legacy_rule,0,0
4300,ctr_bandit,1,0
4301,ctr_bandit,0,0
4302,ctr_bandit,0,0
4303,ctr_bandit,0,0
4304,ctr_bandit,1,0
4305,legacy_rule,1,0
4306,legacy_rule,0,0
4307,legacy_rule,0,0
4308,ctr_bandit,0,0
4309,ctr_bandit,1,0
4310,legacy_rule,0,0
4311,ctr_bandit,1,0
4312,ctr_bandit,0,0
4313,legacy_rule,0,0
4314,legacy_rule,0,0
4315,ctr_bandit,0,0
4316,legacy_rule,0,0
4317,ctr_bandit,0,0
4318,legacy_rule,0,0
4319,legacy_rule,1,0
4320,ctr_bandit,1,0
4321,legacy_rule,1,1
4322,legacy_rule,0,0
4323,ctr_bandit,0,0
4324,ctr_bandit,0,0
4325,legacy_rule,0,0
4326,legacy_rule,0,0
4327,legacy_rule,0,0
4328,legacy_rule,0,0
4329,ctr_bandit,1,0
4330,legacy_rule,0,0
4331,legacy_rule,0,0
4332,legacy_rule,0,0
4333,legacy_rule,0,0
4334,ctr_bandit,0,0
4335,ctr_bandit,1,0
4336,ctr_bandit,0,0
4337,ctr_bandit,0,0
4338,ctr_bandit,0,0
4339,legacy_rule,0,0
4340,ctr_bandit,1,0
4341,legacy_rule,0,0
4342,legacy_rule,1,0
4343,legacy_rule,1,0
4344,legacy_rule,0,0
4345,legacy_rule,0,0
4346,legacy_rule,0,0
4347,ctr_bandit,1,0
4348,ctr_bandit,0,0
4349,legacy_rule,1,1
4350,legacy_rule,0,0
4351,ctr_bandit,0,0
4352,legacy_rule,0,0
4353,legacy_rule,0,0
4354,legacy_rule,0,0
4355,legacy_rule,0,0
4356,legacy_rule,0,0
4357,ctr_bandit,0,0
4358,ctr_bandit,1,0
4359,legacy_rule,0,0
4360,ctr_bandit,0,0
4361,legacy_rule,0,0
4362,legacy_rule,1,0
4363,ctr_bandit,0,0
4364,ctr_bandit,0,0
4365,legacy_rule,0,0
4366,legacy_rule,0,0
4367,legacy_rule,0,0
4368,legacy_rule,0,0
4369,legacy_rule,0,0
4370,ctr_bandit,1,0
4371,legacy_rule,0,0
4372,ctr_bandit,0,0
4373,legacy_rule,1,1
4374,ctr_bandit,0,0
4375,ctr_bandit,1,0
4376,ctr_bandit,0,0
4377,ctr_bandit,1,0
4378,legacy_rule,0,0
4379,legacy_rule,0,0
4380,legacy_rule,1,0
4381,ctr_bandit,0,0
4382,legacy_rule,0,0
4383,legacy_rule,0,0
4384,ctr_bandit,0,0
4385,legacy_rule,0,0
4386,ctr_bandit,0,0
4387,legacy_rule,0,0
4388,ctr_bandit,1,0
4389,legacy_rule,0,0
4390,ctr_bandit,1,0
4391,legacy_rule,0,0
4392,ctr_bandit,0,0
4393,ctr_bandit,1,0
4394,ctr_bandit,0,0
4395,legacy_rule,0,0
4396,ctr_bandit,0,0
4397,ctr_bandit,0,0
4398,legacy_rule,1,1
4399,legacy_rule,0,0
4400,legacy_rule,0,0
4401,ctr_bandit,1,0
4402,ctr_bandit,0,0
4403,legacy_rule,0,0
4404,ctr_bandit,1,0
4405,ctr_bandit,0,0
4406,ctr_bandit,0,0
4407,ctr_bandit,0,0
4408,legacy_rule,0,0
4409,legacy_rule,0,0
4410,legacy_rule,0,0
4411,legacy_rule,0,0
4412,legacy_rule,1,1
4413,ctr_bandit,0,0
4414,ctr_bandit,1,0
4415,legacy_rule,0,0
4416,legacy_rule,0,0
4417,ctr_bandit,1,1
4418,legacy_rule,0,0
4419,ctr_bandit,0,0
4420,legacy_rule,0,0
4421,ctr_bandit,0,0
4422,legacy_rule,0,0
4423,legacy_rule,0,0
4424,ctr_bandit,0,0
4425,legacy_rule,0,0
4426,legacy_rule,0,0
4427,legacy_rule,0,0
4428,ctr_bandit,1,0
4429,ctr_bandit,1,0
4430,legacy_rule,0,0
4431,legacy_rule,1,0
4432,ctr_bandit,1,0
4433,ctr_bandit,1,0
4434,legacy_rule,0,0
4435,ctr_bandit,1,0
4436,ctr_bandit,0,0
4437,ctr_bandit,0,0
4438,legacy_rule,0,0
4439,ctr_bandit,0,0
4440,ctr_bandit,0,0
4441,ctr_bandit,0,0
4442,legacy_rule,0,0
4443,legacy_rule,0,0
4444,ctr_bandit,0,0
4445,legacy_rule,0,0
4446,legacy_rule,0,0
4447,ctr_bandit,0,0
4448,legacy_rule,1,1
4449,ctr_bandit,0,0
4450,ctr_bandit,1,0
4451,legacy_rule,0,0
4452,legacy_rule,0,0
4453,ctr_bandit,1,0
4454,ctr_bandit,0,0
4455,legacy_rule,0,0
4456,legacy_rule,1,0
4457,legacy_rule,0,0
4458,legacy_rule,0,0
4459,ctr_bandit,0,0
4460,legacy_rule,0,0
4461,ctr_bandit,0,0
4462,legacy_rule,0,0
4463,ctr_bandit,1,0
4464,ctr_bandit,1,0
4465,legacy_rule,0,0
4466,legacy_rule,1,0
4467,legacy_rule,0,0
4468,ctr_bandit,1,0
4469,ctr_bandit,1,0
4470,ctr_bandit,0,0
4471,legacy_rule,0,0
4472,ctr_bandit,1,1
4473,legacy_rule,0,0
4474,ctr_bandit,0,0
4475,ctr_bandit,0,0
4476,legacy_rule,1,0
4477,ctr_bandit,0,0
4478,ctr_bandit,1,0
4479,legacy_rule,0,0
4480,ctr_bandit,0,0
4481,ctr_bandit,1,0
4482,ctr_bandit,0,0
4483,ctr_bandit,1,0
4484,legacy_rule,0,0
4485,legacy_rule,0,0
4486,legacy_rule,1,0
4487,ctr_bandit,0,0
4488,legacy_rule,0,0
4489,ctr_bandit,1,0
4490,legacy_rule,1,1
4491,ctr_bandit,0,0
4492,ctr_bandit,0,0
4493,legacy_rule,0,0
4494,legacy_rule,0,0
4495,ctr_bandit,0,0
4496,legacy_rule,1,0
4497,legacy_rule,1,1
4498,legacy_rule,1,0
4499,ctr_bandit,0,0
4500,legacy_rule,0,0
4501,ctr_bandit,1,0
4502,ctr_bandit,1,0
4503,legacy_rule,0,0
4504,legacy_rule,0,0
4505,legacy_rule,0,0
4506,legacy_rule,1,1
4507,ctr_bandit,1,0
4508,ctr_bandit,0,0
4509,ctr_bandit,0,0
4510,legacy_rule,0,0
4511,ctr_bandit,1,0
4512,legacy_rule,0,0
4513,legacy_rule,0,0
4514,ctr_bandit,0,0
4515,legacy_rule,0,0
4516,ctr_bandit,0,0
4517,ctr_bandit,1,0
4518,ctr_bandit,0,0
4519,ctr_bandit,1,0
4520,legacy_rule,0,0
4521,ctr_bandit,1,0
4522,ctr_bandit,0,0
4523,ctr_bandit,0,0
4524,ctr_bandit,0,0
4525,legacy_rule,0,0
4526,ctr_bandit,0,0
4527,ctr_bandit,1,0
4528,ctr_bandit,0,0
4529,legacy_rule,0,0
4530,ctr_bandit,0,0
4531,ctr_bandit,1,0
4532,legacy_rule,0,0
4533,ctr_bandit,0,0
4534,legacy_rule,1,0
4535,ctr_bandit,1,0
4536,ctr_bandit,1,0
4537,legacy_rule,0,0
4538,legacy_rule,0,0
4539,ctr_bandit,0,0
4540,legacy_rule,0,0
4541,ctr_bandit,1,0
4542,legacy_rule,0,0
4543,legacy_rule,0,0
4544,legacy_rule,0,0
4545,ctr_bandit,1,0
4546,legacy_rule,0,0
4547,ctr_bandit,0,0
4548,legacy_rule,0,0
4549,ctr_bandit,0,0
4550,legacy_rule,1,1
4551,ctr_bandit,0,0
4552,legacy_rule,0,0
4553,ctr_bandit,1,0
4554,legacy_rule,0,0
4555,legacy_rule,0,0
4556,ctr_bandit,1,1
4557,ctr_bandit,0,0
4558,legacy_rule,0,0
4559,ctr_bandit,0,0
4560,ctr_bandit,0,0
4561,legacy_rule,1,0
4562,legacy_rule,1,1
4563,ctr_bandit,0,0
4564,legacy_rule,1,0
4565,ctr_bandit,1,0
4566,ctr_bandit,0,0
4567,legacy_rule,0,0
4568,ctr_bandit,0,0
4569,ctr_bandit,1,1
4570,ctr_bandit,1,0
4571,ctr_bandit,0,0
4572,ctr_bandit,0,0
4573,legacy_rule,0,0
4574,legacy_rule,0,0
4575,ctr_bandit,0,0
4576,legacy_rule,0,0
4577,legacy_rule,0,0
4578,ctr_bandit,0,0
4579,legacy_rule,0,0
4580,ctr_bandit,0,0
4581,legacy_rule,0,0
4582,ctr_bandit,0,0
4583,ctr_bandit,0,0
4584,ctr_bandit,0,0
4585,ctr_bandit,1,0
4586,legacy_rule,1,0
4587,legacy_rule,0,0
4588,ctr_bandit,0,0
4589,ctr_bandit,0,0
4590,legacy_rule,0,0
4591,legacy_rule,0,0
4592,legacy_rule,0,0
4593,ctr_bandit,1,1
4594,legacy_rule,0,0
4595,legacy_rule,0,0
4596,ctr_bandit,0,0
4597,ctr_bandit,0,0
4598,legacy_rule,0,0
4599,legacy_rule,1,0
4600,legacy_rule,0,0
4601,ctr_bandit,0,0
4602,legacy_rule,0,0
4603,legacy_rule,0,0
4604,legacy_rule,0,0
4605,legacy_rule,1,0
4606,ctr_bandit,0,0
4607,ctr_bandit,1,0
4608,ctr_bandit,0,0
4609,ctr_bandit,1,0
4610,ctr_bandit,0,0
4611,ctr_bandit,1,0
4612,legacy_rule,0,0
4613,legacy_rule,1,0
4614,ctr_bandit,1,0
4615,ctr_bandit,0,0
4616,legacy_rule,0,0
4617,ctr_bandit,0,0
4618,ctr_bandit,0,0
4619,legacy_rule,0,0
4620,legacy_rule,0,0
4621,legacy_rule,0,0
4622,ctr_bandit,0,0
4623,legacy_rule,0,0
4624,ctr_bandit,0,0
4625,ctr_bandit,0,0
4626,ctr_bandit,0,0
4627,legacy_rule,0,0
4628,legacy_rule,0,0
4629,legacy_rule,0,0
4630,ctr_bandit,0,0
4631,ctr_bandit,0,0
4632,ctr_bandit,1,0
4633,legacy_rule,1,1
4634,legacy_rule,0,0
4635,legacy_rule,0,0
4636,legacy_rule,1,0
4637,ctr_bandit,1,0
4638,ctr_bandit,0,0
4639,legacy_rule,0,0
4640,legacy_rule,0,0
4641,ctr_bandit,1,0
4642,legacy_rule,0,0
4643,legacy_rule,0,0
4644,ctr_bandit,1,1
4645,ctr_bandit,0,0
4646,legacy_rule,1,0
4647,legacy_rule,0,0
4648,ctr_bandit,0,0
4649,ctr_bandit,0,0
4650,ctr_bandit,0,0
4651,ctr_bandit,0,0
4652,legacy_rule,0,0
4653,ctr_bandit,0,0
4654,legacy_rule,0,0
4655,ctr_bandit,0,0
4656,ctr_bandit,0,0
4657,ctr_bandit,0,0
4658,legacy_rule,1,0
4659,legacy_rule,0,0
4660,ctr_bandit,1,0
4661,legacy_rule,0,0
4662,ctr_bandit,1,0
4663,ctr_bandit,1,1
4664,ctr_bandit,0,0
4665,ctr_bandit,0,0
4666,ctr_bandit,0,0
4667,ctr_bandit,1,0
4668,ctr_bandit,0,0
4669,legacy_rule,0,0
4670,legacy_rule,0,0
4671,ctr_bandit,1,0
4672,ctr_bandit,1,0
4673,legacy_rule,0,0
4674,ctr_bandit,0,0
4675,legacy_rule,0,0
4676,ctr_bandit,1,0
4677,ctr_bandit,0,0
4678,legacy_rule,1,0
4679,ctr_bandit,0,0
4680,ctr_bandit,0,0
4681,ctr_bandit,0,0
4682,ctr_bandit,0,0
4683,ctr_bandit,0,0
4684,legacy_rule,0,0
4685,ctr_bandit,0,0
4686,legacy_rule,1,1
4687,ctr_bandit,0,0
4688,legacy_rule,0,0
4689,legacy_rule,0,0
4690,ctr_bandit,0,0
4691,legacy_rule,0,0
4692,legacy_rule,0,0
4693,legacy_rule,0,0
4694,legacy_rule,1,0
4695,legacy_rule,0,0
4696,legacy_rule,0,0
4697,ctr_bandit,0,0
4698,legacy_rule,0,0
4699,legacy_rule,0,0
4700,ctr_bandit,1,0
4701,ctr_bandit,0,0
4702,ctr_bandit,0,0
4703,ctr_bandit,0,0
4704,legacy_rule,0,0
4705,legacy_rule,1,0
4706,ctr_bandit,1,0
4707,legacy_rule,0,0
4708,legacy_rule,0,0
4709,legacy_rule,0,0
4710,legacy_rule,0,0
4711,ctr_bandit,1,0
4712,ctr_bandit,0,0
4713,legacy_rule,1,0
4714,ctr_bandit,0,0
4715,ctr_bandit,0,0
4716,ctr_bandit,1,0
4717,ctr_bandit,1,1
4718,legacy_rule,1,0
4719,legacy_rule,0,0
4720,ctr_bandit,0,0
4721,legacy_rule,0,0
4722,ctr_bandit,0,0
4723,ctr_bandit,1,0
4724,ctr_bandit,0,0
4725,ctr_bandit,0,0
4726,ctr_bandit,1,0
4727,legacy_rule,0,0
4728,ctr_bandit,0,0
4729,legacy_rule,1,0
4730,legacy_rule,0,0
4731,legacy_rule,0,0
4732,legacy_rule,0,0
4733,ctr_bandit,0,0
4734,ctr_bandit,0,0
4735,legacy_rule,0,0
4736,legacy_rule,0,0
4737,ctr_bandit,0,0
4738,ctr_bandit,1,0
4739,legacy_rule,1,0
4740,legacy_rule,0,0
4741,ctr_bandit,0,0
4742,ctr_bandit,1,0
4743,legacy_rule,0,0
4744,legacy_rule,0,0
4745,legacy_rule,0,0
4746,ctr_bandit,1,1
4747,legacy_rule,0,0
4748,legacy_rule,0,0
4749,legacy_rule,0,0
4750,ctr_bandit,1,0
4751,legacy_rule,0,0
4752,ctr_bandit,1,0
4753,ctr_bandit,1,0
4754,ctr_bandit,1,0
4755,ctr_bandit,0,0
4756,legacy_rule,0,0
4757,ctr_bandit,0,0
4758,legacy_rule,1,0
4759,ctr_bandit,0,0
4760,legacy_rule,0,0
4761,legacy_rule,1,0
4762,legacy_rule,0,0
4763,legacy_rule,0,0
4764,legacy_rule,1,0
4765,ctr_bandit,1,0
4766,legacy_rule,1,0
4767,legacy_rule,0,0
4768,ctr_bandit,0,0
4769,legacy_rule,0,0
4770,legacy_rule,0,0
4771,ctr_bandit,0,0
4772,ctr_bandit,1,0
4773,legacy_rule,1,1
4774,legacy_rule,0,0
4775,legacy_rule,0,0
4776,legacy_rule,0,0
4777,legacy_rule,1,0
4778,ctr_bandit,1,1
4779,legacy_rule,0,0
4780,legacy_rule,0,0
4781,legacy_rule,0,0
4782,legacy_rule,0,0
4783,ctr_bandit,1,0
4784,ctr_bandit,0,0
4785,ctr_bandit,1,0
4786,legacy_rule,0,0
4787,ctr_bandit,0,0
4788,ctr_bandit,1,0
4789,legacy_rule,0,0
4790,ctr_bandit,0,0
4791,legacy_rule,0,0
4792,ctr_bandit,0,0
4793,ctr_bandit,0,0
4794,legacy_rule,0,0
4795,ctr_bandit,0,0
4796,legacy_rule,1,0
4797,legacy_rule,0,0
4798,ctr_bandit,0,0
4799,ctr_bandit,1,0
4800,ctr_bandit,0,0
4801,ctr_bandit,0,0
4802,ctr_bandit,0,0
4803,legacy_rule,1,1
4804,ctr_bandit,0,0
4805,legacy_rule,1,0
4806,ctr_bandit,1,0
4807,legacy_rule,0,0
4808,ctr_bandit,1,0
4809,legacy_rule,0,0
4810,legacy_rule,0,0
4811,ctr_bandit,0,0
4812,ctr_bandit,0,0
4813,ctr_bandit,0,0
4814,ctr_bandit,1,0
4815,legacy_rule,0,0
4816,ctr_bandit,0,0
4817,ctr_bandit,0,0
4818,legacy_rule,0,0
4819,legacy_rule,0,0
4820,ctr_bandit,1,0
4821,ctr_bandit,1,0
4822,ctr_bandit,0,0
4823,ctr_bandit,0,0
4824,legacy_rule,0,0
4825,ctr_bandit,1,0
4826,legacy_rule,0,0
4827,legacy_rule,0,0
4828,legacy_rule,0,0
4829,ctr_bandit,0,0
4830,legacy_rule,1,0
4831,ctr_bandit,0,0
4832,ctr_bandit,0,0
4833,legacy_rule,0,0
4834,ctr_bandit,0,0
4835,ctr_bandit,0,0
4836,ctr_bandit,0,0
4837,legacy_rule,0,0
4838,legacy_rule,0,0
4839,ctr_bandit,1,1
4840,legacy_rule,0,0
4841,ctr_bandit,0,0
4842,legacy_rule,1,0
4843,legacy_rule,0,0
4844,legacy_rule,1,0
4845,ctr_bandit,0,0
4846,legacy_rule,0,0
4847,legacy_rule,0,0
4848,legacy_rule,0,0
4849,ctr_bandit,0,0
4850,legacy_rule,0,0
4851,ctr_bandit,0,0
4852,ctr_bandit,1,0
4853,ctr_bandit,0,0
4854,legacy_rule,0,0
4855,ctr_bandit,1,0
4856,ctr_bandit,0,0
4857,ctr_bandit,0,0
4858,ctr_bandit,1,0
4859,ctr_bandit,0,0
4860,legacy_rule,0,0
4861,ctr_bandit,0,0
4862,legacy_rule,1,1
4863,legacy_rule,0,0
4864,ctr_bandit,1,0
4865,ctr_bandit,0,0
4866,ctr_bandit,0,0
4867,ctr_bandit,1,0
4868,legacy_rule,0,0
4869,legacy_rule,0,0
4870,ctr_bandit,0,0
4871,legacy_rule,0,0
4872,ctr_bandit,0,0
4873,ctr_bandit,0,0
4874,legacy_rule,0,0
4875,ctr_bandit,0,0
4876,legacy_rule,1,0
4877,ctr_bandit,1,0
4878,legacy_rule,0,0
4879,legacy_rule,1,1
4880,ctr_bandit,0,0
4881,ctr_bandit,0,0
4882,legacy_rule,0,0
4883,legacy_rule,0,0
4884,legacy_rule,0,0
4885,ctr_bandit,1,0
4886,legacy_rule,0,0
4887,legacy_rule,0,0
4888,ctr_bandit,0,0
4889,ctr_bandit,0,0
4890,ctr_bandit,0,0
4891,ctr_bandit,0,0
4892,legacy_rule,0,0
4893,ctr_bandit,1,0
4894,ctr_bandit,1,0
4895,legacy_rule,0,0
4896,legacy_rule,0,0
4897,legacy_rule,0,0
4898,legacy_rule,1,0
4899,ctr_bandit,0,0
4900,ctr_bandit,0,0
4901,ctr_bandit,1,0
4902,ctr_bandit,0,0
4903,ctr_bandit,0,0
4904,legacy_rule,0,0
4905,legacy_rule,0,0
4906,legacy_rule,0,0
4907,legacy_rule,0,0
4908,legacy_rule,0,0
4909,ctr_bandit,0,0
4910,legacy_rule,0,0
4911,ctr_bandit,1,0
4912,legacy_rule,0,0
4913,ctr_bandit,0,0
4914,legacy_rule,0,0
4915,legacy_rule,1,0
4916,legacy_rule,0,0
4917,legacy_rule,0,0
4918,ctr_bandit,0,0
4919,legacy_rule,0,0
4920,legacy_rule,0,0
4921,legacy_rule,0,0
4922,legacy_rule,0,0
4923,ctr_bandit,1,0
4924,ctr_bandit,1,0
4925,legacy_rule,0,0
4926,ctr_bandit,0,0
4927,legacy_rule,0,0
4928,ctr_bandit,1,0
4929,legacy_rule,0,0
4930,legacy_rule,0,0
4931,ctr_bandit,1,0
4932,legacy_rule,0,0
4933,legacy_rule,0,0
4934,legacy_rule,0,0
4935,legacy_rule,0,0
4936,ctr_bandit,0,0
4937,ctr_bandit,1,1
4938,ctr_bandit,0,0
4939,legacy_rule,0,0
4940,ctr_bandit,0,0
4941,legacy_rule,0,0
4942,legacy_rule,0,0
4943,legacy_rule,1,0
4944,legacy_rule,0,0
4945,legacy_rule,0,0
4946,ctr_bandit,0,0
4947,legacy_rule,0,0
4948,legacy_rule,0,0
4949,ctr_bandit,0,0
4950,legacy_rule,0,0
4951,ctr_bandit,0,0
4952,ctr_bandit,0,0
4953,ctr_bandit,0,0
4954,ctr_bandit,0,0
4955,ctr_bandit,0,0
4956,legacy_rule,0,0
4957,legacy_rule,0,0
4958,legacy_rule,0,0
4959,ctr_bandit,0,0
4960,ctr_bandit,0,0
4961,legacy_rule,0,0
4962,legacy_rule,0,0
4963,ctr_bandit,0,0
4964,legacy_rule,0,0
4965,legacy_rule,0,0
4966,legacy_rule,0,0
4967,legacy_rule,1,0
4968,legacy_rule,0,0
4969,ctr_bandit,0,0
4970,legacy_rule,1,0
4971,legacy_rule,0,0
4972,ctr_bandit,0,0
4973,ctr_bandit,0,0
4974,ctr_bandit,0,0
4975,ctr_bandit,0,0
4976,legacy_rule,1,0
4977,ctr_bandit,0,0
4978,ctr_bandit,1,0
4979,ctr_bandit,0,0
4980,ctr_bandit,0,0
4981,legacy_rule,0,0
4982,legacy_rule,1,0
4983,legacy_rule,0,0
4984,legacy_rule,0,0
4985,legacy_rule,1,0
4986,legacy_rule,0,0
4987,ctr_bandit,0,0
4988,ctr_bandit,0,0
4989,ctr_bandit,0,0
4990,legacy_rule,0,0
4991,legacy_rule,0,0
4992,legacy_rule,0,0
4993,ctr_bandit,1,0
4994,legacy_rule,0,0
4995,ctr_bandit,0,0
4996,legacy_rule,0,0
4997,legacy_rule,0,0
4998,ctr_bandit,0,0
4999,legacy_rule,0,0
5000,ctr_bandit,1,0
5001,legacy_rule,0,0
5002,legacy_rule,0,0
5003,ctr_bandit,0,0
5004,legacy_rule,0,0
5005,legacy_rule,0,0
5006,ctr_bandit,1,0
5007,ctr_bandit,0,0
5008,ctr_bandit,0,0
5009,legacy_rule,1,1
5010,ctr_bandit,0,0
5011,ctr_bandit,0,0
5012,legacy_rule,0,0
5013,legacy_rule,0,0
5014,legacy_rule,0,0
5015,ctr_bandit,0,0
5016,legacy_rule,0,0
5017,legacy_rule,0,0
5018,legacy_rule,0,0
5019,legacy_rule,0,0
5020,legacy_rule,0,0
5021,ctr_bandit,1,0
5022,ctr_bandit,1,0
5023,legacy_rule,0,0
5024,ctr_bandit,0,0
5025,ctr_bandit,0,0
5026,legacy_rule,1,0
5027,legacy_rule,1,1
5028,legacy_rule,0,0
5029,legacy_rule,0,0
5030,ctr_bandit,1,0
5031,ctr_bandit,0,0
5032,ctr_bandit,1,0
5033,ctr_bandit,0,0
5034,legacy_rule,1,0
5035,legacy_rule,0,0
5036,ctr_bandit,1,0
5037,ctr_bandit,0,0
5038,legacy_rule,0,0
5039,legacy_rule,1,0
5040,legacy_rule,1,1
5041,legacy_rule,0,0
5042,ctr_bandit,0,0
5043,legacy_rule,0,0
5044,legacy_rule,0,0
5045,legacy_rule,1,1
5046,legacy_rule,0,0
5047,ctr_bandit,0,0
5048,ctr_bandit,1,0
5049,ctr_bandit,0,0
5050,ctr_bandit,0,0
5051,legacy_rule,0,0
5052,ctr_bandit,1,0
5053,legacy_rule,1,0
5054,ctr_bandit,0,0
5055,ctr_bandit,1,0
5056,ctr_bandit,0,0
5057,ctr_bandit,0,0
5058,legacy_rule,0,0
5059,legacy_rule,0,0
5060,ctr_bandit,1,0
5061,ctr_bandit,0,0
5062,ctr_bandit,0,0
5063,legacy_rule,0,0
5064,legacy_rule,0,0
5065,ctr_bandit,1,0
5066,legacy_rule,1,1
5067,legacy_rule,0,0
5068,legacy_rule,0,0
5069,ctr_bandit,0,0
5070,legacy_rule,0,0
5071,legacy_rule,0,0
5072,legacy_rule,0,0
5073,ctr_bandit,1,0
5074,ctr_bandit,1,0
5075,ctr_bandit,0,0
5076,legacy_rule,0,0
5077,ctr_bandit,0,0
5078,ctr_bandit,0,0
5079,legacy_rule,1,0
5080,ctr_bandit,0,0
5081,ctr_bandit,0,0
5082,legacy_rule,0,0
5083,legacy_rule,0,0
5084,ctr_bandit,1,0
5085,legacy_rule,0,0
5086,legacy_rule,0,0
5087,ctr_bandit,1,0
5088,legacy_rule,0,0
5089,ctr_bandit,1,1
5090,ctr_bandit,0,0
5091,ctr_bandit,0,0
5092,ctr_bandit,0,0
5093,ctr_bandit,1,0
5094,ctr_bandit,0,0
5095,legacy_rule,0,0
5096,ctr_bandit,1,0
5097,ctr_bandit,1,0
5098,ctr_bandit,1,0
5099,ctr_bandit,0,0
5100,ctr_bandit,0,0
5101,ctr_bandit,0,0
5102,ctr_bandit,0,0
5103,ctr_bandit,0,0
5104,legacy_rule,1,0
5105,ctr_bandit,0,0
5106,ctr_bandit,0,0
5107,legacy_rule,0,0
5108,legacy_rule,0,0
5109,ctr_bandit,0,0
5110,legacy_rule,0,0
5111,legacy_rule,0,0
5112,ctr_bandit,0,0
5113,legacy_rule,0,0
5114,ctr_bandit,1,0
5115,legacy_rule,0,0
5116,legacy_rule,1,1
5117,legacy_rule,0,0
5118,legacy_rule,1,0
5119,ctr_bandit,0,0
5120,ctr_bandit,0,0
5121,ctr_bandit,0,0
5122,legacy_rule,1,0
5123,legacy_rule,0,0
5124,legacy_rule,0,0
5125,legacy_rule,0,0
5126,legacy_rule,0,0
5127,legacy_rule,0,0
5128,ctr_bandit,1,0
5129,ctr_bandit,0,0
5130,ctr_bandit,0,0
5131,ctr_bandit,0,0
5132,legacy_rule,0,0
5133,ctr_bandit,0,0
5134,ctr_bandit,0,0
5135,ctr_bandit,1,0
5136,legacy_rule,0,0
5137,ctr_bandit,0,0
5138,legacy_rule,0,0
5139,ctr_bandit,1,0
5140,ctr_bandit,1,0
5141,ctr_bandit,0,0
5142,legacy_rule,1,0
5143,ctr_bandit,0,0
5144,legacy_rule,0,0
5145,legacy_rule,0,0
5146,ctr_bandit,0,0
5147,ctr_bandit,1,0
5148,ctr_bandit,0,0
5149,ctr_bandit,0,0
5150,ctr_bandit,0,0
5151,ctr_bandit,1,0
5152,ctr_bandit,0,0
5153,ctr_bandit,1,0
5154,legacy_rule,0,0
5155,legacy_rule,0,0
5156,legacy_rule,0,0
5157,legacy_rule,0,0
5158,ctr_bandit,0,0
5159,ctr_bandit,0,0
5160,ctr_bandit,0,0
5161,legacy_rule,0,0
5162,legacy_rule,1,1
5163,ctr_bandit,0,0
5164,ctr_bandit,1,0
5165,legacy_rule,0,0
5166,legacy_rule,0,0
5167,ctr_bandit,0,0
5168,legacy_rule,0,0
5169,ctr_bandit,1,0
5170,legacy_rule,0,0
5171,ctr_bandit,0,0
5172,ctr_bandit,1,0
5173,legacy_rule,0,0
5174,legacy_rule,0,0
5175,ctr_bandit,0,0
5176,legacy_rule,0,0
5177,legacy_rule,0,0
5178,ctr_bandit,0,0
5179,ctr_bandit,0,0
5180,ctr_bandit,0,0
5181,ctr_bandit,0,0
5182,legacy_rule,0,0
5183,legacy_rule,1,0
5184,legacy_rule,0,0
5185,legacy_rule,0,0
5186,legacy_rule,0,0
5187,ctr_bandit,0,0
5188,ctr_bandit,1,0
5189,ctr_bandit,0,0
5190,ctr_bandit,0,0
5191,ctr_bandit,1,0
5192,legacy_rule,0,0
5193,ctr_bandit,0,0
5194,legacy_rule,1,0
5195,legacy_rule,1,0
5196,legacy_rule,0,0
5197,legacy_rule,0,0
5198,ctr_bandit,1,0
5199,legacy_rule,0,0
5200,legacy_rule,0,0
5201,ctr_bandit,0,0
5202,ctr_bandit,1,1
5203,legacy_rule,1,1
5204,ctr_bandit,1,0
5205,legacy_rule,1,0
5206,legacy_rule,0,0
5207,ctr_bandit,0,0
5208,legacy_rule,0,0
5209,legacy_rule,1,1
5210,ctr_bandit,1,0
5211,ctr_bandit,1,1
5212,legacy_rule,0,0
5213,legacy_rule,0,0
5214,legacy_rule,1,1
5215,ctr_bandit,1,0
5216,legacy_rule,0,0
5217,ctr_bandit,1,0
5218,ctr_bandit,0,0
5219,legacy_rule,0,0
5220,legacy_rule,0,0
5221,ctr_bandit,1,0
5222,ctr_bandit,1,1
5223,ctr_bandit,1,0
5224,ctr_bandit,1,0
5225,ctr_bandit,0,0
5226,legacy_rule,0,0
5227,ctr_bandit,0,0
5228,ctr_bandit,0,0
5229,ctr_bandit,0,0
5230,legacy_rule,0,0
5231,legacy_rule,0,0
5232,ctr_bandit,0,0
5233,ctr_bandit,0,0
5234,legacy_rule,0,0
5235,ctr_bandit,1,0
5236,ctr_bandit,0,0
5237,ctr_bandit,0,0
5238,legacy_rule,0,0
5239,legacy_rule,0,0
5240,ctr_bandit,0,0
5241,legacy_rule,0,0
5242,legacy_rule,0,0
5243,ctr_bandit,0,0
5244,ctr_bandit,1,0
5245,legacy_rule,0,0
5246,legacy_rule,0,0
5247,ctr_bandit,0,0
5248,ctr_bandit,1,1
5249,legacy_rule,0,0
5250,ctr_bandit,0,0
5251,ctr_bandit,0,0
5252,ctr_bandit,1,0
5253,ctr_bandit,1,1
5254,ctr_bandit,0,0
5255,legacy_rule,0,0
5256,ctr_bandit,0,0
5257,ctr_bandit,0,0
5258,legacy_rule,0,0
5259,ctr_bandit,1,0
5260,ctr_bandit,0,0
5261,ctr_bandit,0,0
5262,legacy_rule,0,0
5263,ctr_bandit,0,0
5264,legacy_rule,0,0
5265,legacy_rule,0,0
5266,ctr_bandit,1,0
5267,legacy_rule,0,0
5268,legacy_rule,1,0
5269,legacy_rule,0,0
5270,legacy_rule,1,0
5271,ctr_bandit,1,1
5272,legacy_rule,0,0
5273,legacy_rule,1,0
5274,ctr_bandit,0,0
5275,legacy_rule,0,0
5276,ctr_bandit,0,0
5277,ctr_bandit,0,0
5278,legacy_rule,0,0
5279,legacy_rule,0,0
5280,legacy_rule,1,0
5281,legacy_rule,0,0
5282,ctr_bandit,1,0
5283,legacy_rule,0,0
5284,legacy_rule,0,0
5285,ctr_bandit,0,0
5286,ctr_bandit,1,0
5287,ctr_bandit,1,0
5288,ctr_bandit,0,0
5289,ctr_bandit,0,0
5290,legacy_rule,0,0
5291,ctr_bandit,0,0
5292,ctr_bandit,0,0
5293,ctr_bandit,0,0
5294,legacy_rule,0,0
5295,ctr_bandit,1,0
5296,ctr_bandit,0,0
5297,ctr_bandit,1,0
5298,ctr_bandit,0,0
5299,legacy_rule,0,0
5300,legacy_rule,1,0
5301,legacy_rule,0,0
5302,legacy_rule,0,0
5303,legacy_rule,1,1
5304,legacy_rule,0,0
5305,legacy_rule,0,0
5306,ctr_bandit,0,0
5307,legacy_rule,0,0
5308,legacy_rule,0,0
5309,legacy_rule,0,0
5310,legacy_rule,0,0
5311,legacy_rule,1,0
5312,legacy_rule,0,0
5313,legacy_rule,0,0
5314,ctr_bandit,1,0
5315,legacy_rule,0,0
5316,legacy_rule,0,0
5317,legacy_rule,0,0
5318,ctr_bandit,0,0
5319,legacy_rule,1,0
5320,legacy_rule,0,0
5321,legacy_rule,0,0
5322,ctr_bandit,0,0
5323,ctr_bandit,1,0
5324,legacy_rule,0,0
5325,legacy_rule,0,0
5326,legacy_rule,0,0
5327,ctr_bandit,1,0
5328,ctr_bandit,1,0
5329,ctr_bandit,0,0
5330,ctr_bandit,1,1
5331,legacy_rule,0,0
5332,legacy_rule,0,0
5333,legacy_rule,0,0
5334,ctr_bandit,0,0
5335,ctr_bandit,0,0
5336,ctr_bandit,0,0
5337,legacy_rule,0,0
5338,ctr_bandit,0,0
5339,ctr_bandit,0,0
5340,ctr_bandit,0,0
5341,legacy_rule,1,0
5342,legacy_rule,0,0
5343,ctr_bandit,0,0
5344,legacy_rule,0,0
5345,ctr_bandit,1,0
5346,ctr_bandit,0,0
5347,legacy_rule,0,0
5348,ctr_bandit,0,0
5349,ctr_bandit,0,0
5350,legacy_rule,0,0
5351,ctr_bandit,1,0
5352,ctr_bandit,0,0
5353,ctr_bandit,0,0
5354,ctr_bandit,0,0
5355,ctr_bandit,0,0
5356,ctr_bandit,0,0
5357,ctr_bandit,0,0
5358,ctr_bandit,1,0
5359,legacy_rule,1,0
5360,ctr_bandit,1,0
5361,legacy_rule,0,0
5362,ctr_bandit,0,0
5363,legacy_rule,0,0
5364,legacy_rule,0,0
5365,legacy_rule,0,0
5366,legacy_rule,0,0
5367,legacy_rule,0,0
5368,ctr_bandit,0,0
5369,ctr_bandit,1,0
5370,legacy_rule,0,0
5371,ctr_bandit,1,0
5372,legacy_rule,1,0
5373,legacy_rule,0,0
5374,legacy_rule,0,0
5375,legacy_rule,0,0
5376,legacy_rule,0,0
5377,legacy_rule,0,0
5378,legacy_rule,1,0
5379,ctr_bandit,0,0
5380,legacy_rule,0,0
5381,legacy_rule,0,0
5382,ctr_bandit,1,0
5383,ctr_bandit,0,0
5384,legacy_rule,0,0
5385,legacy_rule,0,0
5386,legacy_rule,0,0
5387,legacy_rule,1,0
5388,ctr_bandit,0,0
5389,ctr_bandit,1,0
5390,legacy_rule,0,0
5391,legacy_rule,1,0
5392,ctr_bandit,0,0
5393,legacy_rule,0,0
5394,ctr_bandit,0,0
5395,ctr_bandit,1,0
5396,legacy_rule,0,0
5397,legacy_rule,1,1
5398,legacy_rule,0,0
5399,ctr_bandit,0,0
5400,ctr_bandit,0,0
5401,ctr_bandit,1,0
5402,legacy_rule,0,0
5403,ctr_bandit,0,0
5404,ctr_bandit,0,0
5405,ctr_bandit,0,0
5406,ctr_bandit,0,0
5407,ctr_bandit,1,0
5408,ctr_bandit,1,0
5409,ctr_bandit,1,0
5410,legacy_rule,1,0
5411,ctr_bandit,1,0
5412,ctr_bandit,1,0
5413,legacy_rule,1,0
5414,ctr_bandit,1,1
5415,ctr_bandit,0,0
5416,legacy_rule,1,0
5417,ctr_bandit,0,0
5418,ctr_bandit,0,0
5419,ctr_bandit,0,0
5420,ctr_bandit,0,0
5421,legacy_rule,0,0
5422,legacy_rule,0,0
5423,ctr_bandit,1,0
5424,ctr_bandit,1,0
5425,ctr_bandit,0,0
5426,legacy_rule,1,0
5427,ctr_bandit,0,0
5428,legacy_rule,0,0
5429,legacy_rule,0,0
5430,legacy_rule,0,0
5431,ctr_bandit,0,0
5432,legacy_rule,1,0
5433,ctr_bandit,0,0
5434,ctr_bandit,0,0
5435,legacy_rule,1,0
5436,ctr_bandit,1,0
5437,legacy_rule,1,0
5438,legacy_rule,0,0
5439,legacy_rule,0,0
5440,legacy_rule,0,0
5441,ctr_bandit,0,0
5442,ctr_bandit,0,0
5443,legacy_rule,0,0
5444,ctr_bandit,0,0
5445,legacy_rule,0,0
5446,legacy_rule,1,1
5447,legacy_rule,1,0
5448,legacy_rule,0,0
5449,ctr_bandit,0,0
5450,ctr_bandit,1,0
5451,ctr_bandit,1,0
5452,ctr_bandit,0,0
5453,ctr_bandit,1,0
5454,legacy_rule,0,0
5455,ctr_bandit,0,0
5456,legacy_rule,0,0
5457,legacy_rule,0,0
5458,legacy_rule,0,0
5459,legacy_rule,0,0
5460,ctr_bandit,0,0
5461,ctr_bandit,1,0
5462,ctr_bandit,1,0
5463,ctr_bandit,0,0
5464,ctr_bandit,0,0
5465,ctr_bandit,1,0
5466,ctr_bandit,0,0
5467,ctr_bandit,0,0
5468,legacy_rule,0,0
5469,legacy_rule,0,0
5470,ctr_bandit,0,0
5471,legacy_rule,0,0
5472,legacy_rule,0,0
5473,legacy_rule,0,0
5474,legacy_rule,0,0
5475,ctr_bandit,1,0
5476,ctr_bandit,1,0
5477,ctr_bandit,0,0
5478,ctr_bandit,1,0
5479,ctr_bandit,0,0
5480,legacy_rule,0,0
5481,ctr_bandit,1,0
5482,legacy_rule,0,0
5483,legacy_rule,0,0
5484,legacy_rule,0,0
5485,ctr_bandit,1,0
5486,ctr_bandit,0,0
5487,legacy_rule,0,0
5488,legacy_rule,0,0
5489,legacy_rule,1,0
5490,legacy_rule,0,0
5491,ctr_bandit,0,0
5492,legacy_rule,0,0
5493,legacy_rule,0,0
5494,legacy_rule,1,0
5495,ctr_bandit,0,0
5496,legacy_rule,0,0
5497,legacy_rule,0,0
5498,legacy_rule,0,0
5499,legacy_rule,0,0
5500,legacy_rule,0,0
5501,legacy_rule,0,0
5502,legacy_rule,1,0
5503,legacy_rule,0,0
5504,ctr_bandit,0,0
5505,legacy_rule,0,0
5506,ctr_bandit,0,0
5507,ctr_bandit,1,0
5508,legacy_rule,1,1
5509,ctr_bandit,0,0
5510,ctr_bandit,1,0
5511,legacy_rule,0,0
5512,ctr_bandit,0,0
5513,ctr_bandit,1,0
5514,ctr_bandit,0,0
5515,legacy_rule,0,0
5516,ctr_bandit,0,0
5517,ctr_bandit,0,0
5518,legacy_rule,0,0
5519,legacy_rule,1,0
5520,legacy_rule,0,0
5521,legacy_rule,0,0
5522,ctr_bandit,1,1
5523,ctr_bandit,0,0
5524,ctr_bandit,0,0
5525,ctr_bandit,0,0
5526,legacy_rule,0,0
5527,ctr_bandit,1,0
5528,legacy_rule,1,0
5529,legacy_rule,0,0
5530,ctr_bandit,0,0
5531,legacy_rule,0,0
5532,legacy_rule,1,0
5533,legacy_rule,0,0
5534,ctr_bandit,0,0
5535,ctr_bandit,1,0
5536,ctr_bandit,0,0
5537,legacy_rule,0,0
5538,ctr_bandit,0,0
5539,ctr_bandit,0,0
5540,ctr_bandit,1,0
5541,ctr_bandit,0,0
5542,ctr_bandit,1,0
5543,ctr_bandit,1,0
5544,legacy_rule,1,1
5545,legacy_rule,0,0
5546,ctr_bandit,1,0
5547,ctr_bandit,0,0
5548,ctr_bandit,0,0
5549,ctr_bandit,0,0
5550,ctr_bandit,1,0
5551,legacy_rule,1,1
5552,ctr_bandit,0,0
5553,ctr_bandit,0,0
5554,legacy_rule,0,0
5555,legacy_rule,0,0
5556,ctr_bandit,0,0
5557,ctr_bandit,1,0
5558,ctr_bandit,0,0
5559,legacy_rule,0,0
5560,legacy_rule,0,0
5561,ctr_bandit,0,0
5562,ctr_bandit,1,0
5563,ctr_bandit,0,0
5564,ctr_bandit,0,0
5565,legacy_rule,0,0
5566,legacy_rule,0,0
5567,legacy_rule,0,0
5568,ctr_bandit,1,0
5569,legacy_rule,0,0
5570,legacy_rule,0,0
5571,ctr_bandit,0,0
5572,ctr_bandit,1,1
5573,legacy_rule,0,0
5574,ctr_bandit,0,0
5575,legacy_rule,0,0
5576,ctr_bandit,1,0
5577,ctr_bandit,0,0
5578,legacy_rule,0,0
5579,ctr_bandit,0,0
5580,ctr_bandit,1,1
5581,legacy_rule,1,0
5582,ctr_bandit,0,0
5583,ctr_bandit,0,0
5584,legacy_rule,0,0
5585,ctr_bandit,0,0
5586,legacy_rule,0,0
5587,legacy_rule,0,0
5588,legacy_rule,0,0
5589,ctr_bandit,0,0
5590,ctr_bandit,1,0
5591,legacy_rule,0,0
5592,legacy_rule,0,0
5593,ctr_bandit,0,0
5594,ctr_bandit,1,0
5595,ctr_bandit,0,0
5596,ctr_bandit,0,0
5597,ctr_bandit,0,0
5598,legacy_rule,0,0
5599,legacy_rule,0,0
5600,ctr_bandit,0,0
5601,ctr_bandit,0,0
5602,legacy_rule,0,0
5603,ctr_bandit,1,0
5604,ctr_bandit,0,0
5605,ctr_bandit,0,0
5606,ctr_bandit,1,0
5607,ctr_bandit,1,1
5608,ctr_bandit,1,0
5609,legacy_rule,0,0
5610,ctr_bandit,0,0
5611,ctr_bandit,1,0
5612,ctr_bandit,1,0
5613,ctr_bandit,0,0
5614,ctr_bandit,0,0
5615,legacy_rule,0,0
5616,legacy_rule,0,0
5617,ctr_bandit,1,0
5618,legacy_rule,0,0
5619,legacy_rule,0,0
5620,ctr_bandit,1,0
5621,legacy_rule,0,0
5622,ctr_bandit,0,0
5623,legacy_rule,1,0
5624,legacy_rule,1,0
5625,legacy_rule,0,0
5626,legacy_rule,1,0
5627,ctr_bandit,1,0
5628,ctr_bandit,0,0
5629,legacy_rule,0,0
5630,ctr_bandit,0,0
5631,legacy_rule,0,0
5632,legacy_rule,1,0
5633,legacy_rule,0,0
5634,legacy_rule,0,0
5635,legacy_rule,0,0
5636,ctr_bandit,0,0
5637,legacy_rule,0,0
5638,ctr_bandit,0,0
5639,ctr_bandit,1,1
5640,legacy_rule,0,0
5641,ctr_bandit,0,0
5642,ctr_bandit,1,0
5643,legacy_rule,1,1
5644,ctr_bandit,0,0
5645,legacy_rule,0,0
5646,legacy_rule,1,1
5647,ctr_bandit,0,0
5648,legacy_rule,1,0
5649,legacy_rule,0,0
5650,legacy_rule,1,0
5651,ctr_bandit,1,0
5652,ctr_bandit,0,0
5653,legacy_rule,0,0
5654,ctr_bandit,0,0
5655,ctr_bandit,1,0
5656,ctr_bandit,1,0
5657,ctr_bandit,0,0
5658,legacy_rule,0,0
5659,ctr_bandit,1,0
5660,ctr_bandit,0,0
5661,legacy_rule,0,0
5662,ctr_bandit,1,0
5663,ctr_bandit,1,0
5664,legacy_rule,0,0
5665,legacy_rule,0,0
5666,legacy_rule,1,0
5667,legacy_rule,1,0
5668,legacy_rule,0,0
5669,ctr_bandit,0,0
5670,legacy_rule,0,0
5671,legacy_rule,0,0
5672,ctr_bandit,1,0
5673,legacy_rule,1,0
5674,legacy_rule,0,0
5675,ctr_bandit,0,0
5676,legacy_rule,0,0
5677,legacy_rule,0,0
5678,ctr_bandit,1,0
5679,legacy_rule,0,0
5680,legacy_rule,1,0
5681,ctr_bandit,0,0
5682,legacy_rule,1,0
5683,ctr_bandit,1,0
5684,ctr_bandit,0,0
5685,legacy_rule,0,0
5686,legacy_rule,0,0
5687,legacy_rule,0,0
5688,ctr_bandit,0,0
5689,ctr_bandit,1,0
5690,ctr_bandit,0,0
5691,legacy_rule,0,0
5692,ctr_bandit,1,1
5693,ctr_bandit,1,0
5694,ctr_bandit,0,0
5695,legacy_rule,0,0
5696,legacy_rule,0,0
5697,legacy_rule,0,0
5698,ctr_bandit,0,0
5699,ctr_bandit,1,0
5700,legacy_rule,0,0
5701,legacy_rule,0,0
5702,legacy_rule,0,0
5703,ctr_bandit,0,0
5704,legacy_rule,0,0
5705,ctr_bandit,0,0
5706,legacy_rule,1,0
5707,ctr_bandit,0,0
5708,ctr_bandit,0,0
5709,ctr_bandit,0,0
5710,legacy_rule,0,0
5711,legacy_rule,0,0
5712,legacy_rule,0,0
5713,ctr_bandit,0,0
5714,ctr_bandit,0,0
5715,legacy_rule,0,0
5716,legacy_rule,0,0
5717,ctr_bandit,0,0
5718,ctr_bandit,0,0
5719,ctr_bandit,1,0
5720,ctr_bandit,0,0
5721,legacy_rule,0,0
5722,legacy_rule,0,0
5723,legacy_rule,0,0
5724,legacy_rule,0,0
5725,ctr_bandit,0,0
5726,ctr_bandit,0,0
5727,legacy_rule,0,0
5728,legacy_rule,0,0
5729,legacy_rule,0,0
5730,ctr_bandit,0,0
5731,legacy_rule,0,0
5732,legacy_rule,0,0
5733,legacy_rule,0,0
5734,legacy_rule,0,0
5735,ctr_bandit,0,0
5736,legacy_rule,0,0
5737,ctr_bandit,0,0
5738,ctr_bandit,1,0
5739,ctr_bandit,1,0
5740,legacy_rule,0,0
5741,ctr_bandit,1,0
5742,ctr_bandit,0,0
5743,legacy_rule,0,0
5744,legacy_rule,0,0
5745,legacy_rule,0,0
5746,ctr_bandit,0,0
5747,ctr_bandit,1,0
5748,legacy_rule,0,0
5749,ctr_bandit,1,0
5750,ctr_bandit,1,0
5751,legacy_rule,0,0
5752,ctr_bandit,1,0
5753,legacy_rule,0,0
5754,ctr_bandit,0,0
5755,ctr_bandit,0,0
5756,legacy_rule,1,0
5757,ctr_bandit,0,0
5758,ctr_bandit,0,0
5759,ctr_bandit,0,0
5760,legacy_rule,0,0
5761,legacy_rule,0,0
5762,ctr_bandit,0,0
5763,legacy_rule,0,0
5764,legacy_rule,0,0
5765,ctr_bandit,0,0
5766,ctr_bandit,1,0
5767,legacy_rule,1,0
5768,legacy_rule,0,0
5769,legacy_rule,0,0
5770,legacy_rule,0,0
5771,ctr_bandit,1,0
5772,ctr_bandit,0,0
5773,legacy_rule,0,0
5774,legacy_rule,1,1
5775,legacy_rule,0,0
5776,legacy_rule,0,0
5777,legacy_rule,0,0
5778,legacy_rule,1,1
5779,ctr_bandit,1,0
5780,ctr_bandit,1,0
5781,legacy_rule,0,0
5782,legacy_rule,1,1
5783,legacy_rule,0,0
5784,legacy_rule,0,0
5785,ctr_bandit,0,0
5786,legacy_rule,0,0
5787,legacy_rule,0,0
5788,legacy_rule,1,0
5789,ctr_bandit,0,0
5790,ctr_bandit,0,0
5791,legacy_rule,1,0
5792,ctr_bandit,1,1
5793,ctr_bandit,0,0
5794,ctr_bandit,1,0
5795,ctr_bandit,0,0
5796,legacy_rule,0,0
5797,ctr_bandit,0,0
5798,ctr_bandit,0,0
5799,legacy_rule,0,0
5800,ctr_bandit,0,0
5801,ctr_bandit,0,0
5802,legacy_rule,0,0
5803,legacy_rule,0,0
5804,legacy_rule,0,0
5805,ctr_bandit,0,0
5806,legacy_rule,1,0
5807,ctr_bandit,1,0
5808,ctr_bandit,0,0
5809,ctr_bandit,0,0
5810,legacy_rule,0,0
5811,legacy_rule,0,0
5812,ctr_bandit,0,0
5813,legacy_rule,0,0
5814,legacy_rule,0,0
5815,ctr_bandit,0,0
5816,legacy_rule,1,1
5817,ctr_bandit,0,0
5818,legacy_rule,0,0
5819,legacy_rule,1,0
5820,ctr_bandit,1,0
5821,legacy_rule,0,0
5822,legacy_rule,1,0
5823,ctr_bandit,0,0
5824,legacy_rule,0,0
5825,legacy_rule,1,0
5826,ctr_bandit,0,0
5827,ctr_bandit,0,0
5828,ctr_bandit,0,0
5829,ctr_bandit,0,0
5830,ctr_bandit,0,0
5831,ctr_bandit,1,1
5832,ctr_bandit,1,0
5833,legacy_rule,1,0
5834,ctr_bandit,0,0
5835,legacy_rule,0,0
5836,ctr_bandit,0,0
5837,legacy_rule,0,0
5838,ctr_bandit,0,0
5839,ctr_bandit,0,0
5840,ctr_bandit,0,0
5841,legacy_rule,0,0
5842,ctr_bandit,1,0
5843,legacy_rule,0,0
5844,ctr_bandit,0,0
5845,ctr_bandit,1,0
5846,ctr_bandit,0,0
5847,ctr_bandit,0,0
5848,ctr_bandit,1,0
5849,legacy_rule,1,0
5850,ctr_bandit,0,0
5851,legacy_rule,1,1
5852,ctr_bandit,1,0
5853,ctr_bandit,1,0
5854,ctr_bandit,0,0
5855,legacy_rule,0,0
5856,ctr_bandit,0,0
5857,legacy_rule,0,0
5858,ctr_bandit,0,0
5859,legacy_rule,0,0
5860,ctr_bandit,0,0
5861,legacy_rule,1,0
5862,legacy_rule,0,0
5863,ctr_bandit,0,0
5864,ctr_bandit,0,0
5865,legacy_rule,0,0
5866,legacy_rule,0,0
5867,ctr_bandit,0,0
5868,legacy_rule,0,0
5869,legacy_rule,0,0
5870,ctr_bandit,0,0
5871,legacy_rule,0,0
5872,ctr_bandit,1,0
5873,ctr_bandit,1,0
5874,ctr_bandit,1,0
5875,ctr_bandit,0,0
5876,legacy_rule,1,0
5877,legacy_rule,1,0
5878,legacy_rule,1,0
5879,legacy_rule,0,0
5880,legacy_rule,0,0
5881,legacy_rule,0,0
5882,ctr_bandit,1,0
5883,ctr_bandit,0,0
5884,legacy_rule,1,0
5885,ctr_bandit,0,0
5886,ctr_bandit,1,0
5887,legacy_rule,0,0
5888,legacy_rule,0,0
5889,legacy_rule,1,0
5890,legacy_rule,0,0
5891,ctr_bandit,1,1
5892,legacy_rule,1,1
5893,legacy_rule,0,0
5894,ctr_bandit,0,0
5895,ctr_bandit,0,0
5896,ctr_bandit,0,0
5897,ctr_bandit,0,0
5898,legacy_rule,0,0
5899,ctr_bandit,0,0
5900,ctr_bandit,0,0
5901,ctr_bandit,0,0
5902,ctr_bandit,1,0
5903,legacy_rule,0,0
5904,ctr_bandit,0,0
5905,ctr_bandit,1,0
5906,legacy_rule,0,0
5907,legacy_rule,1,0
5908,ctr_bandit,0,0
5909,legacy_rule,0,0
5910,legacy_rule,0,0
5911,legacy_rule,0,0
5912,ctr_bandit,1,0
5913,ctr_bandit,1,0
5914,legacy_rule,0,0
5915,legacy_rule,0,0
5916,ctr_bandit,0,0
5917,legacy_rule,1,0
5918,legacy_rule,1,0
5919,legacy_rule,1,0
5920,ctr_bandit,0,0
5921,legacy_rule,0,0
5922,legacy_rule,0,0
5923,legacy_rule,0,0
5924,legacy_rule,0,0
5925,legacy_rule,0,0
5926,ctr_bandit,1,0
5927,legacy_rule,0,0
5928,legacy_rule,0,0
5929,ctr_bandit,0,0
5930,legacy_rule,1,0
5931,legacy_rule,0,0
5932,ctr_bandit,0,0
5933,ctr_bandit,1,0
5934,ctr_bandit,1,1
5935,legacy_rule,0,0
5936,ctr_bandit,0,0
5937,ctr_bandit,0,0
5938,ctr_bandit,0,0
5939,legacy_rule,0,0
5940,ctr_bandit,0,0
5941,legacy_rule,0,0
5942,legacy_rule,0,0
5943,ctr_bandit,0,0
5944,legacy_rule,0,0
5945,ctr_bandit,0,0
5946,ctr_bandit,0,0
5947,ctr_bandit,1,1
5948,legacy_rule,1,0
5949,legacy_rule,0,0
5950,ctr_bandit,0,0
5951,legacy_rule,0,0
5952,ctr_bandit,0,0
5953,ctr_bandit,1,0
5954,legacy_rule,0,0
5955,legacy_rule,0,0
5956,ctr_bandit,0,0
5957,legacy_rule,1,0
5958,legacy_rule,1,0
5959,legacy_rule,0,0
5960,ctr_bandit,1,0
5961,legacy_rule,0,0
5962,legacy_rule,0,0
5963,legacy_rule,0,0
5964,legacy_rule,1,0
5965,legacy_rule,1,0
5966,ctr_bandit,0,0
5967,ctr_bandit,0,0
5968,legacy_rule,0,0
5969,ctr_bandit,0,0
5970,legacy_rule,1,0
5971,legacy_rule,0,0
5972,legacy_rule,0,0
5973,legacy_rule,0,0
5974,legacy_rule,0,0
5975,legacy_rule,1,0
5976,legacy_rule,0,0
5977,legacy_rule,0,0
5978,legacy_rule,1,0
5979,legacy_rule,0,0
5980,legacy_rule,0,0
5981,legacy_rule,0,0
5982,ctr_bandit,1,1
5983,ctr_bandit,0,0
5984,legacy_rule,0,0
5985,ctr_bandit,1,1
5986,ctr_bandit,1,0
5987,ctr_bandit,0,0
5988,legacy_rule,0,0
5989,legacy_rule,0,0
5990,ctr_bandit,0,0
5991,ctr_bandit,1,0
5992,ctr_bandit,1,0
5993,legacy_rule,0,0
5994,ctr_bandit,0,0
5995,legacy_rule,0,0
5996,ctr_bandit,0,0
5997,legacy_rule,0,0
5998,ctr_bandit,1,0
5999,legacy_rule,1,0
6000,ctr_bandit,1,0
6001,legacy_rule,1,1
6002,legacy_rule,0,0
6003,ctr_bandit,1,0
6004,legacy_rule,0,0
6005,ctr_bandit,0,0
6006,legacy_rule,0,0
6007,legacy_rule,0,0
6008,ctr_bandit,0,0
6009,legacy_rule,0,0
6010,ctr_bandit,1,0
6011,ctr_bandit,1,0
6012,ctr_bandit,0,0
6013,ctr_bandit,0,0
6014,legacy_rule,0,0
6015,ctr_bandit,1,0
6016,ctr_bandit,0,0
6017,ctr_bandit,1,0
6018,legacy_rule,0,0
6019,legacy_rule,0,0
6020,legacy_rule,1,0
6021,ctr_bandit,0,0
6022,legacy_rule,0,0
6023,ctr_bandit,0,0
6024,legacy_rule,0,0
6025,ctr_bandit,1,0
6026,ctr_bandit,1,0
6027,ctr_bandit,0,0
6028,ctr_bandit,1,0
6029,ctr_bandit,0,0
6030,legacy_rule,0,0
6031,legacy_rule,1,0
6032,ctr_bandit,1,0
6033,legacy_rule,0,0
6034,legacy_rule,0,0
6035,legacy_rule,1,0
6036,legacy_rule,1,0
6037,ctr_bandit,0,0
6038,ctr_bandit,0,0
6039,ctr_bandit,1,0
6040,legacy_rule,0,0
6041,legacy_rule,0,0
6042,ctr_bandit,1,0
6043,legacy_rule,0,0
6044,ctr_bandit,0,0
6045,legacy_rule,0,0
6046,legacy_rule,0,0
6047,ctr_bandit,0,0
6048,legacy_rule,1,0
6049,legacy_rule,0,0
6050,legacy_rule,0,0
6051,ctr_bandit,0,0
6052,ctr_bandit,1,0
6053,legacy_rule,1,0
6054,ctr_bandit,0,0
6055,legacy_rule,0,0
6056,legacy_rule,0,0
6057,ctr_bandit,0,0
6058,legacy_rule,0,0
6059,ctr_bandit,0,0
6060,ctr_bandit,0,0
6061,legacy_rule,0,0
6062,ctr_bandit,0,0
6063,legacy_rule,0,0
6064,legacy_rule,0,0
6065,legacy_rule,0,0
6066,ctr_bandit,1,0
6067,legacy_rule,0,0
6068,legacy_rule,0,0
6069,legacy_rule,0,0
6070,legacy_rule,0,0
6071,legacy_rule,0,0
6072,ctr_bandit,0,0
6073,legacy_rule,0,0
6074,legacy_rule,0,0
6075,legacy_rule,0,0
6076,legacy_rule,1,0
6077,legacy_rule,0,0
6078,ctr_bandit,1,1
6079,ctr_bandit,1,0
6080,ctr_bandit,1,0
6081,legacy_rule,1,1
6082,legacy_rule,0,0
6083,ctr_bandit,0,0
6084,ctr_bandit,0,0
6085,legacy_rule,1,0
6086,legacy_rule,0,0
6087,ctr_bandit,0,0
6088,ctr_bandit,1,0
6089,legacy_rule,0,0
6090,legacy_rule,0,0
6091,legacy_rule,0,0
6092,legacy_rule,0,0
6093,ctr_bandit,0,0
6094,ctr_bandit,0,0
6095,legacy_rule,1,0
6096,legacy_rule,1,0
6097,legacy_rule,0,0
6098,ctr_bandit,0,0
6099,ctr_bandit,0,0
6100,ctr_bandit,0,0
6101,legacy_rule,0,0
6102,legacy_rule,1,0
6103,ctr_bandit,0,0
6104,ctr_bandit,0,0
6105,legacy_rule,1,0
6106,legacy_rule,0,0
6107,ctr_bandit,1,0
6108,legacy_rule,0,0
6109,ctr_bandit,0,0
6110,ctr_bandit,0,0
6111,ctr_bandit,1,0
6112,legacy_rule,0,0
6113,legacy_rule,0,0
6114,ctr_bandit,1,0
6115,ctr_bandit,1,0
6116,ctr_bandit,1,0
6117,legacy_rule,0,0
6118,ctr_bandit,0,0
6119,ctr_bandit,1,0
6120,legacy_rule,0,0
6121,legacy_rule,0,0
6122,legacy_rule,1,1
6123,ctr_bandit,0,0
6124,legacy_rule,0,0
6125,legacy_rule,0,0
6126,legacy_rule,0,0
6127,legacy_rule,0,0
6128,ctr_bandit,0,0
6129,ctr_bandit,0,0
6130,ctr_bandit,1,0
6131,legacy_rule,0,0
6132,legacy_rule,1,1
6133,ctr_bandit,0,0
6134,ctr_bandit,0,0
6135,legacy_rule,0,0
6136,legacy_rule,1,1
6137,ctr_bandit,1,0
6138,legacy_rule,0,0
6139,legacy_rule,0,0
6140,ctr_bandit,1,0
6141,ctr_bandit,0,0
6142,legacy_rule,0,0
6143,legacy_rule,1,0
6144,ctr_bandit,0,0
6145,legacy_rule,0,0
6146,legacy_rule,1,1
6147,legacy_rule,0,0
6148,ctr_bandit,0,0
6149,legacy_rule,0,0
6150,legacy_rule,1,0
6151,legacy_rule,0,0
6152,ctr_bandit,1,0
6153,legacy_rule,0,0
6154,ctr_bandit,0,0
6155,ctr_bandit,0,0
6156,ctr_bandit,1,0
6157,ctr_bandit,0,0
6158,ctr_bandit,0,0
6159,legacy_rule,0,0
6160,legacy_rule,0,0
6161,ctr_bandit,1,0
6162,ctr_bandit,0,0
6163,legacy_rule,1,0
6164,legacy_rule,0,0
6165,legacy_rule,0,0
6166,legacy_rule,0,0
6167,legacy_rule,0,0
6168,legacy_rule,1,0
6169,legacy_rule,0,0
6170,ctr_bandit,0,0
6171,ctr_bandit,0,0
6172,legacy_rule,0,0
6173,ctr_bandit,0,0
6174,ctr_bandit,1,0
6175,legacy_rule,0,0
6176,legacy_rule,1,0
6177,legacy_rule,0,0
6178,ctr_bandit,0,0
6179,ctr_bandit,1,0
6180,legacy_rule,0,0
6181,legacy_rule,0,0
6182,legacy_rule,1,1
6183,ctr_bandit,1,0
6184,ctr_bandit,1,1
6185,ctr_bandit,0,0
6186,ctr_bandit,1,0
6187,legacy_rule,1,0
6188,legacy_rule,1,0
6189,legacy_rule,0,0
6190,legacy_rule,1,0
6191,legacy_rule,0,0
6192,legacy_rule,0,0
6193,ctr_bandit,1,0
6194,ctr_bandit,0,0
6195,legacy_rule,0,0
6196,legacy_rule,0,0
6197,ctr_bandit,0,0
6198,ctr_bandit,0,0
6199,legacy_rule,0,0
6200,ctr_bandit,1,0
6201,ctr_bandit,0,0
6202,ctr_bandit,1,0
6203,ctr_bandit,0,0
6204,legacy_rule,0,0
6205,ctr_bandit,0,0
6206,ctr_bandit,0,0
6207,legacy_rule,0,0
6208,legacy_rule,0,0
6209,legacy_rule,0,0
6210,legacy_rule,0,0
6211,legacy_rule,0,0
6212,ctr_bandit,0,0
6213,legacy_rule,0,0
6214,ctr_bandit,0,0
6215,legacy_rule,0,0
6216,ctr_bandit,0,0
6217,legacy_rule,0,0
6218,ctr_bandit,1,0
6219,ctr_bandit,0,0
6220,ctr_bandit,0,0
6221,legacy_rule,0,0
6222,ctr_bandit,0,0
6223,legacy_rule,0,0
6224,legacy_rule,0,0
6225,legacy_rule,0,0
6226,legacy_rule,0,0
6227,legacy_rule,0,0
6228,ctr_bandit,0,0
6229,legacy_rule,1,0
6230,legacy_rule,1,0
6231,legacy_rule,1,0
6232,ctr_bandit,0,0
6233,ctr_bandit,0,0
6234,ctr_bandit,0,0
6235,ctr_bandit,1,0
6236,legacy_rule,0,0
6237,legacy_rule,0,0
6238,legacy_rule,0,0
6239,legacy_rule,0,0
6240,ctr_bandit,0,0
6241,ctr_bandit,0,0
6242,legacy_rule,0,0
6243,legacy_rule,0,0
6244,ctr_bandit,0,0
6245,ctr_bandit,0,0
6246,legacy_rule,0,0
6247,legacy_rule,0,0
6248,ctr_bandit,1,1
6249,legacy_rule,0,0
6250,ctr_bandit,0,0
6251,ctr_bandit,0,0
6252,ctr_bandit,0,0
6253,ctr_bandit,0,0
6254,ctr_bandit,1,0
6255,legacy_rule,0,0
6256,legacy_rule,0,0
6257,ctr_bandit,0,0
6258,ctr_bandit,0,0
6259,legacy_rule,1,0
6260,legacy_rule,1,0
6261,ctr_bandit,0,0
6262,legacy_rule,0,0
6263,ctr_bandit,0,0
6264,legacy_rule,0,0
6265,ctr_bandit,1,0
6266,legacy_rule,0,0
6267,ctr_bandit,1,0
6268,ctr_bandit,0,0
6269,ctr_bandit,0,0
6270,ctr_bandit,0,0
6271,legacy_rule,1,1
6272,ctr_bandit,0,0
6273,ctr_bandit,1,0
6274,ctr_bandit,0,0
6275,ctr_bandit,1,0
6276,ctr_bandit,0,0
6277,ctr_bandit,1,0
6278,legacy_rule,0,0
6279,ctr_bandit,0,0
6280,ctr_bandit,0,0
6281,legacy_rule,0,0
6282,ctr_bandit,0,0
6283,ctr_bandit,0,0
6284,legacy_rule,0,0
6285,legacy_rule,0,0
6286,ctr_bandit,0,0
6287,legacy_rule,0,0
6288,legacy_rule,0,0
6289,ctr_bandit,1,0
6290,legacy_rule,0,0
6291,legacy_rule,0,0
6292,ctr_bandit,1,0
6293,ctr_bandit,0,0
6294,ctr_bandit,0,0
6295,legacy_rule,1,0
6296,legacy_rule,1,0
6297,ctr_bandit,1,0
6298,legacy_rule,0,0
6299,legacy_rule,0,0
6300,legacy_rule,0,0
6301,ctr_bandit,1,1
6302,legacy_rule,0,0
6303,ctr_bandit,0,0
6304,legacy_rule,0,0
6305,ctr_bandit,1,0
6306,ctr_bandit,0,0
6307,legacy_rule,0,0
6308,ctr_bandit,0,0
6309,legacy_rule,0,0
6310,legacy_rule,0,0
6311,legacy_rule,1,1
6312,legacy_rule,0,0
6313,ctr_bandit,1,0
6314,legacy_rule,0,0
6315,legacy_rule,0,0
6316,legacy_rule,0,0
6317,legacy_rule,1,1
6318,ctr_bandit,0,0
6319,legacy_rule,0,0
6320,legacy_rule,1,0
6321,ctr_bandit,1,0
6322,ctr_bandit,0,0
6323,ctr_bandit,0,0
6324,ctr_bandit,0,0
6325,ctr_bandit,1,0
6326,ctr_bandit,0,0
6327,ctr_bandit,1,0
6328,ctr_bandit,0,0
6329,ctr_bandit,1,0
6330,legacy_rule,0,0
6331,legacy_rule,1,0
6332,legacy_rule,0,0
6333,ctr_bandit,1,1
6334,legacy_rule,0,0
6335,legacy_rule,0,0
6336,legacy_rule,0,0
6337,legacy_rule,1,0
6338,ctr_bandit,0,0
6339,ctr_bandit,0,0
6340,legacy_rule,0,0
6341,legacy_rule,0,0
6342,legacy_rule,1,0
6343,legacy_rule,0,0
6344,legacy_rule,1,0
6345,ctr_bandit,0,0
6346,legacy_rule,0,0
6347,legacy_rule,0,0
6348,ctr_bandit,0,0
6349,ctr_bandit,1,1
6350,ctr_bandit,1,0
6351,legacy_rule,0,0
6352,legacy_rule,0,0
6353,legacy_rule,1,1
6354,ctr_bandit,0,0
6355,ctr_bandit,0,0
6356,ctr_bandit,1,0
6357,ctr_bandit,0,0
6358,ctr_bandit,0,0
6359,ctr_bandit,0,0
6360,legacy_rule,0,0
6361,ctr_bandit,0,0
6362,ctr_bandit,0,0
6363,legacy_rule,0,0
6364,legacy_rule,1,1
6365,legacy_rule,0,0
6366,ctr_bandit,1,0
6367,legacy_rule,0,0
6368,legacy_rule,0,0
6369,ctr_bandit,1,0
6370,legacy_rule,1,1
6371,legacy_rule,0,0
6372,ctr_bandit,0,0
6373,legacy_rule,1,0
6374,legacy_rule,0,0
6375,legacy_rule,0,0
6376,ctr_bandit,0,0
6377,legacy_rule,1,0
6378,legacy_rule,0,0
6379,ctr_bandit,0,0
6380,ctr_bandit,0,0
6381,legacy_rule,1,0
6382,ctr_bandit,0,0
6383,legacy_rule,0,0
6384,legacy_rule,0,0
6385,ctr_bandit,1,0
6386,ctr_bandit,0,0
6387,ctr_bandit,0,0
6388,legacy_rule,0,0
6389,legacy_rule,0,0
6390,legacy_rule,0,0
6391,legacy_rule,0,0
6392,ctr_bandit,0,0
6393,legacy_rule,0,0
6394,legacy_rule,0,0
6395,ctr_bandit,1,0
6396,legacy_rule,0,0
6397,ctr_bandit,0,0
6398,legacy_rule,0,0
6399,legacy_rule,0,0
6400,legacy_rule,0,0
6401,ctr_bandit,1,0
6402,ctr_bandit,0,0
6403,legacy_rule,0,0
6404,ctr_bandit,1,0
6405,ctr_bandit,0,0
6406,ctr_bandit,1,0
6407,legacy_rule,0,0
6408,legacy_rule,0,0
6409,ctr_bandit,1,0
6410,legacy_rule,0,0
6411,ctr_bandit,1,1
6412,legacy_rule,0,0
6413,legacy_rule,0,0
6414,legacy_rule,1,0
6415,ctr_bandit,0,0
6416,legacy_rule,1,0
6417,legacy_rule,0,0
6418,legacy_rule,0,0
6419,ctr_bandit,0,0
6420,ctr_bandit,0,0
6421,ctr_bandit,0,0
6422,ctr_bandit,1,0
6423,legacy_rule,0,0
6424,legacy_rule,0,0
6425,legacy_rule,0,0
6426,legacy_rule,1,1
6427,legacy_rule,1,0
6428,ctr_bandit,0,0
6429,legacy_rule,0,0
6430,ctr_bandit,0,0
6431,ctr_bandit,0,0
6432,legacy_rule,0,0
6433,ctr_bandit,1,0
6434,ctr_bandit,0,0
6435,legacy_rule,0,0
6436,ctr_bandit,0,0
6437,ctr_bandit,1,0
6438,legacy_rule,0,0
6439,legacy_rule,0,0
6440,ctr_bandit,1,0
6441,legacy_rule,0,0
6442,ctr_bandit,0,0
6443,ctr_bandit,0,0
6444,legacy_rule,0,0
6445,ctr_bandit,0,0
6446,legacy_rule,0,0
6447,ctr_bandit,1,0
6448,legacy_rule,0,0
6449,ctr_bandit,0,0
6450,ctr_bandit,1,0
6451,legacy_rule,0,0
6452,ctr_bandit,0,0
6453,legacy_rule,0,0
6454,legacy_rule,0,0
6455,legacy_rule,0,0
6456,legacy_rule,0,0
6457,ctr_bandit,0,0
6458,ctr_bandit,1,0
6459,legacy_rule,0,0
6460,ctr_bandit,0,0
6461,ctr_bandit,0,0
6462,legacy_rule,0,0
6463,ctr_bandit,0,0
6464,ctr_bandit,0,0
6465,ctr_bandit,0,0
6466,legacy_rule,1,0
6467,legacy_rule,0,0
6468,ctr_bandit,0,0
6469,legacy_rule,0,0
6470,legacy_rule,0,0
6471,legacy_rule,1,0
6472,ctr_bandit,0,0
6473,ctr_bandit,1,0
6474,legacy_rule,0,0
6475,legacy_rule,0,0
6476,legacy_rule,0,0
6477,legacy_rule,0,0
6478,legacy_rule,0,0
6479,ctr_bandit,0,0
6480,ctr_bandit,1,0
6481,ctr_bandit,0,0
6482,legacy_rule,0,0
6483,legacy_rule,0,0
6484,ctr_bandit,1,0
6485,legacy_rule,0,0
6486,ctr_bandit,0,0
6487,legacy_rule,0,0
6488,legacy_rule,0,0
6489,legacy_rule,0,0
6490,legacy_rule,0,0
6491,ctr_bandit,0,0
6492,ctr_bandit,1,0
6493,legacy_rule,1,0
6494,ctr_bandit,0,0
6495,ctr_bandit,0,0
6496,legacy_rule,0,0
6497,ctr_bandit,1,0
6498,ctr_bandit,0,0
6499,ctr_bandit,1,0
6500,ctr_bandit,0,0
6501,ctr_bandit,0,0
6502,ctr_bandit,0,0
6503,legacy_rule,0,0
6504,legacy_rule,0,0
6505,ctr_bandit,0,0
6506,legacy_rule,0,0
6507,legacy_rule,1,0
6508,ctr_bandit,0,0
6509,legacy_rule,0,0
6510,legacy_rule,0,0
6511,ctr_bandit,0,0
6512,ctr_bandit,0,0
6513,ctr_bandit,0,0
6514,ctr_bandit,1,0
6515,legacy_rule,0,0
6516,ctr_bandit,0,0
6517,ctr_bandit,1,0
6518,ctr_bandit,1,0
6519,legacy_rule,1,0
6520,ctr_bandit,0,0
6521,legacy_rule,0,0
6522,legacy_rule,0,0
6523,legacy_rule,0,0
6524,ctr_bandit,0,0
6525,ctr_bandit,1,0
6526,ctr_bandit,1,0
6527,ctr_bandit,0,0
6528,ctr_bandit,0,0
6529,legacy_rule,0,0
6530,legacy_rule,1,0
6531,legacy_rule,1,0
6532,legacy_rule,0,0
6533,legacy_rule,0,0
6534,ctr_bandit,0,0
6535,legacy_rule,0,0
6536,legacy_rule,0,0
6537,legacy_rule,0,0
6538,ctr_bandit,0,0
6539,legacy_rule,0,0
6540,ctr_bandit,0,0
6541,ctr_bandit,1,1
6542,ctr_bandit,1,0
6543,ctr_bandit,1,0
6544,legacy_rule,0,0
6545,legacy_rule,0,0
6546,legacy_rule,0,0
6547,ctr_bandit,0,0
6548,ctr_bandit,1,0
6549,ctr_bandit,0,0
6550,ctr_bandit,0,0
6551,ctr_bandit,0,0
6552,ctr_bandit,0,0
6553,legacy_rule,0,0
6554,ctr_bandit,0,0
6555,ctr_bandit,0,0
6556,ctr_bandit,0,0
6557,ctr_bandit,0,0
6558,legacy_rule,0,0
6559,ctr_bandit,0,0
6560,ctr_bandit,0,0
6561,legacy_rule,0,0
6562,ctr_bandit,0,0
6563,legacy_rule,0,0
6564,legacy_rule,0,0
6565,legacy_rule,0,0
6566,ctr_bandit,0,0
6567,ctr_bandit,0,0
6568,legacy_rule,1,0
6569,ctr_bandit,0,0
6570,legacy_rule,0,0
6571,ctr_bandit,0,0
6572,ctr_bandit,0,0
6573,ctr_bandit,1,0
6574,ctr_bandit,0,0
6575,ctr_bandit,0,0
6576,legacy_rule,0,0
6577,legacy_rule,0,0
6578,ctr_bandit,0,0
6579,legacy_rule,0,0
6580,ctr_bandit,0,0
6581,ctr_bandit,1,0
6582,legacy_rule,1,0
6583,ctr_bandit,0,0
6584,legacy_rule,1,0
6585,legacy_rule,0,0
6586,legacy_rule,1,0
6587,legacy_rule,0,0
6588,ctr_bandit,1,0
6589,ctr_bandit,0,0
6590,ctr_bandit,0,0
6591,legacy_rule,0,0
6592,legacy_rule,0,0
6593,ctr_bandit,0,0
6594,legacy_rule,0,0
6595,ctr_bandit,1,0
6596,legacy_rule,1,1
6597,ctr_bandit,1,0
6598,ctr_bandit,0,0
6599,ctr_bandit,1,0
6600,ctr_bandit,1,0
6601,legacy_rule,1,0
6602,legacy_rule,0,0
6603,legacy_rule,0,0
6604,legacy_rule,0,0
6605,ctr_bandit,0,0
6606,ctr_bandit,0,0
6607,ctr_bandit,0,0
6608,ctr_bandit,1,1
6609,legacy_rule,0,0
6610,ctr_bandit,0,0
6611,legacy_rule,0,0
6612,ctr_bandit,1,0
6613,legacy_rule,1,0
6614,ctr_bandit,0,0
6615,ctr_bandit,1,0
6616,legacy_rule,1,0
6617,ctr_bandit,1,0
6618,legacy_rule,1,1
6619,ctr_bandit,1,0
6620,ctr_bandit,1,0
6621,ctr_bandit,0,0
6622,legacy_rule,0,0
6623,ctr_bandit,0,0
6624,ctr_bandit,1,0
6625,legacy_rule,1,1
6626,legacy_rule,0,0
6627,ctr_bandit,0,0
6628,legacy_rule,0,0
6629,legacy_rule,0,0
6630,ctr_bandit,1,0
6631,legacy_rule,1,0
6632,ctr_bandit,0,0
6633,legacy_rule,0,0
6634,ctr_bandit,0,0
6635,legacy_rule,0,0
6636,ctr_bandit,0,0
6637,legacy_rule,0,0
6638,legacy_rule,0,0
6639,ctr_bandit,0,0
6640,ctr_bandit,0,0
6641,ctr_bandit,0,0
6642,ctr_bandit,1,0
6643,ctr_bandit,0,0
6644,ctr_bandit,1,0
6645,legacy_rule,1,0
6646,legacy_rule,1,0
6647,legacy_rule,0,0
6648,ctr_bandit,0,0
6649,ctr_bandit,0,0
6650,ctr_bandit,0,0
6651,ctr_bandit,0,0
6652,ctr_bandit,1,0
6653,legacy_rule,1,0
6654,legacy_rule,0,0
6655,legacy_rule,0,0
6656,ctr_bandit,1,0
6657,legacy_rule,0,0
6658,ctr_bandit,0,0
6659,legacy_rule,0,0
6660,legacy_rule,0,0
6661,ctr_bandit,1,0
6662,ctr_bandit,1,1
6663,legacy_rule,0,0
6664,legacy_rule,0,0
6665,legacy_rule,0,0
6666,legacy_rule,0,0
6667,ctr_bandit,0,0
6668,legacy_rule,0,0
6669,legacy_rule,0,0
6670,ctr_bandit,0,0
6671,ctr_bandit,1,0
6672,ctr_bandit,0,0
6673,legacy_rule,0,0
6674,ctr_bandit,0,0
6675,legacy_rule,0,0
6676,ctr_bandit,0,0
6677,ctr_bandit,1,0
6678,legacy_rule,0,0
6679,ctr_bandit,0,0
6680,legacy_rule,1,0
6681,legacy_rule,0,0
6682,legacy_rule,0,0
6683,legacy_rule,0,0
6684,legacy_rule,0,0
6685,ctr_bandit,0,0
6686,ctr_bandit,0,0
6687,ctr_bandit,0,0
6688,ctr_bandit,1,0
6689,legacy_rule,0,0
6690,ctr_bandit,1,0
6691,ctr_bandit,1,0
6692,legacy_rule,1,0
6693,ctr_bandit,1,0
6694,legacy_rule,0,0
6695,legacy_rule,0,0
6696,ctr_bandit,1,0
6697,ctr_bandit,0,0
6698,ctr_bandit,0,0
6699,legacy_rule,0,0
6700,ctr_bandit,1,0
6701,ctr_bandit,0,0
6702,ctr_bandit,0,0
6703,legacy_rule,0,0
6704,ctr_bandit,1,0
6705,legacy_rule,0,0
6706,ctr_bandit,0,0
6707,ctr_bandit,0,0
6708,ctr_bandit,1,0
6709,legacy_rule,0,0
6710,ctr_bandit,0,0
6711,ctr_bandit,0,0
6712,legacy_rule,0,0
6713,legacy_rule,0,0
6714,legacy_rule,0,0
6715,ctr_bandit,1,0
6716,legacy_rule,0,0
6717,legacy_rule,1,1
6718,legacy_rule,0,0
6719,ctr_bandit,1,0
6720,ctr_bandit,0,0
6721,ctr_bandit,1,0
6722,legacy_rule,0,0
6723,ctr_bandit,0,0
6724,legacy_rule,0,0
6725,ctr_bandit,0,0
6726,legacy_rule,0,0
6727,ctr_bandit,0,0
6728,legacy_rule,1,1
6729,legacy_rule,1,1
6730,ctr_bandit,1,1
6731,ctr_bandit,0,0
6732,ctr_bandit,1,0
6733,ctr_bandit,1,0
6734,ctr_bandit,0,0
6735,legacy_rule,0,0
6736,legacy_rule,0,0
6737,ctr_bandit,0,0
6738,ctr_bandit,0,0
6739,ctr_bandit,1,0
6740,ctr_bandit,0,0
6741,ctr_bandit,0,0
6742,ctr_bandit,0,0
6743,ctr_bandit,0,0
6744,ctr_bandit,1,0
6745,legacy_rule,0,0
6746,legacy_rule,1,0
6747,ctr_bandit,0,0
6748,ctr_bandit,1,1
6749,ctr_bandit,0,0
6750,ctr_bandit,1,0
6751,legacy_rule,0,0
6752,ctr_bandit,0,0
6753,legacy_rule,1,0
6754,ctr_bandit,0,0
6755,ctr_bandit,0,0
6756,legacy_rule,0,0
6757,ctr_bandit,0,0
6758,legacy_rule,0,0
6759,legacy_rule,0,0
6760,ctr_bandit,0,0
6761,legacy_rule,0,0
6762,ctr_bandit,1,0
6763,ctr_bandit,1,0
6764,ctr_bandit,0,0
6765,legacy_rule,0,0
6766,legacy_rule,0,0
6767,legacy_rule,0,0
6768,legacy_rule,0,0
6769,legacy_rule,0,0
6770,legacy_rule,0,0
6771,ctr_bandit,0,0
6772,ctr_bandit,1,0
6773,legacy_rule,0,0
6774,ctr_bandit,0,0
6775,legacy_rule,0,0
6776,ctr_bandit,0,0
6777,ctr_bandit,0,0
6778,legacy_rule,1,0
6779,ctr_bandit,1,0
6780,legacy_rule,1,1
6781,legacy_rule,1,0
6782,ctr_bandit,0,0
6783,ctr_bandit,1,0
6784,ctr_bandit,1,0
6785,legacy_rule,0,0
6786,ctr_bandit,0,0
6787,ctr_bandit,0,0
6788,legacy_rule,1,0
6789,legacy_rule,0,0
6790,ctr_bandit,1,0
6791,legacy_rule,0,0
6792,ctr_bandit,1,1
6793,ctr_bandit,0,0
6794,ctr_bandit,0,0
6795,ctr_bandit,0,0
6796,ctr_bandit,0,0
6797,ctr_bandit,0,0
6798,legacy_rule,0,0
6799,ctr_bandit,0,0
6800,ctr_bandit,0,0
6801,ctr_bandit,1,0
6802,legacy_rule,0,0
6803,ctr_bandit,0,0
6804,legacy_rule,0,0
6805,ctr_bandit,1,0
6806,ctr_bandit,0,0
6807,ctr_bandit,0,0
6808,ctr_bandit,0,0
6809,ctr_bandit,0,0
6810,ctr_bandit,1,0
6811,legacy_rule,0,0
6812,ctr_bandit,0,0
6813,ctr_bandit,0,0
6814,ctr_bandit,1,1
6815,ctr_bandit,0,0
6816,ctr_bandit,1,0
6817,legacy_rule,0,0
6818,ctr_bandit,1,0
6819,ctr_bandit,0,0
6820,legacy_rule,0,0
6821,legacy_rule,1,0
6822,ctr_bandit,0,0
6823,legacy_rule,0,0
6824,legacy_rule,0,0
6825,ctr_bandit,0,0
6826,legacy_rule,0,0
6827,ctr_bandit,0,0
6828,ctr_bandit,0,0
6829,legacy_rule,0,0
6830,ctr_bandit,0,0
6831,legacy_rule,1,0
6832,ctr_bandit,0,0
6833,legacy_rule,0,0
6834,ctr_bandit,0,0
6835,ctr_bandit,0,0
6836,legacy_rule,0,0
6837,legacy_rule,0,0
6838,ctr_bandit,0,0
6839,ctr_bandit,1,0
6840,ctr_bandit,1,0
6841,ctr_bandit,0,0
6842,legacy_rule,0,0
6843,legacy_rule,0,0
6844,ctr_bandit,0,0
6845,legacy_rule,0,0
6846,ctr_bandit,0,0
6847,ctr_bandit,1,0
6848,ctr_bandit,0,0
6849,ctr_bandit,1,1
6850,ctr_bandit,0,0
6851,ctr_bandit,0,0
6852,ctr_bandit,1,0
6853,legacy_rule,0,0
6854,legacy_rule,0,0
6855,legacy_rule,1,0
6856,legacy_rule,0,0
6857,ctr_bandit,0,0
6858,legacy_rule,1,0
6859,legacy_rule,0,0
6860,ctr_bandit,0,0
6861,legacy_rule,0,0
6862,legacy_rule,1,0
6863,legacy_rule,0,0
6864,ctr_bandit,1,0
6865,legacy_rule,0,0
6866,legacy_rule,0,0
6867,ctr_bandit,0,0
6868,ctr_bandit,1,0
6869,ctr_bandit,1,0
6870,legacy_rule,0,0
6871,ctr_bandit,0,0
6872,ctr_bandit,0,0
6873,ctr_bandit,1,1
6874,ctr_bandit,0,0
6875,ctr_bandit,1,0
6876,ctr_bandit,0,0
6877,ctr_bandit,0,0
6878,legacy_rule,0,0
6879,legacy_rule,1,0
6880,legacy_rule,0,0
6881,ctr_bandit,0,0
6882,ctr_bandit,0,0
6883,ctr_bandit,1,0
6884,ctr_bandit,1,1
6885,ctr_bandit,0,0
6886,legacy_rule,0,0
6887,ctr_bandit,0,0
6888,legacy_rule,0,0
6889,ctr_bandit,0,0
6890,ctr_bandit,0,0
6891,legacy_rule,0,0
6892,legacy_rule,1,0
6893,legacy_rule,0,0
6894,legacy_rule,0,0
6895,legacy_rule,1,0
6896,ctr_bandit,0,0
6897,legacy_rule,1,0
6898,legacy_rule,0,0
6899,legacy_rule,0,0
6900,ctr_bandit,0,0
6901,legacy_rule,0,0
6902,legacy_rule,1,1
6903,ctr_bandit,0,0
6904,ctr_bandit,0,0
6905,ctr_bandit,0,0
6906,legacy_rule,0,0
6907,ctr_bandit,1,0
6908,legacy_rule,0,0
6909,ctr_bandit,0,0
6910,legacy_rule,1,1
6911,ctr_bandit,0,0
6912,ctr_bandit,0,0
6913,legacy_rule,0,0
6914,ctr_bandit,0,0
6915,ctr_bandit,1,0
6916,legacy_rule,1,0
6917,legacy_rule,0,0
6918,legacy_rule,0,0
6919,legacy_rule,0,0
6920,ctr_bandit,0,0
6921,legacy_rule,1,0
6922,legacy_rule,1,0
6923,legacy_rule,1,1
6924,ctr_bandit,1,0
6925,legacy_rule,0,0
6926,ctr_bandit,0,0
6927,ctr_bandit,1,0
6928,legacy_rule,0,0
6929,legacy_rule,1,0
6930,ctr_bandit,0,0
6931,legacy_rule,0,0
6932,ctr_bandit,1,1
6933,legacy_rule,0,0
6934,legacy_rule,0,0
6935,ctr_bandit,0,0
6936,legacy_rule,0,0
6937,ctr_bandit,1,0
6938,ctr_bandit,0,0
6939,legacy_rule,0,0
6940,ctr_bandit,0,0
6941,legacy_rule,1,1
6942,ctr_bandit,0,0
6943,legacy_rule,0,0
6944,ctr_bandit,0,0
6945,ctr_bandit,0,0
6946,legacy_rule,0,0
6947,legacy_rule,0,0
6948,ctr_bandit,0,0
6949,legacy_rule,1,1
6950,legacy_rule,0,0
6951,ctr_bandit,1,1
6952,ctr_bandit,0,0
6953,legacy_rule,0,0
6954,ctr_bandit,0,0
6955,ctr_bandit,0,0
6956,legacy_rule,0,0
6957,ctr_bandit,0,0
6958,legacy_rule,1,0
6959,ctr_bandit,1,0
6960,legacy_rule,0,0
6961,legacy_rule,0,0
6962,ctr_bandit,1,0
6963,legacy_rule,0,0
6964,legacy_rule,1,0
6965,ctr_bandit,1,0
6966,ctr_bandit,0,0
6967,legacy_rule,0,0
6968,ctr_bandit,0,0
6969,legacy_rule,0,0
6970,legacy_rule,1,1
6971,ctr_bandit,0,0
6972,ctr_bandit,1,0
6973,legacy_rule,0,0
6974,ctr_bandit,1,0
6975,ctr_bandit,0,0
6976,legacy_rule,1,0
6977,ctr_bandit,0,0
6978,ctr_bandit,0,0
6979,legacy_rule,0,0
6980,ctr_bandit,0,0
6981,legacy_rule,0,0
6982,legacy_rule,0,0
6983,ctr_bandit,1,0
6984,ctr_bandit,0,0
6985,ctr_bandit,0,0
6986,legacy_rule,0,0
6987,ctr_bandit,1,0
6988,ctr_bandit,1,0
6989,legacy_rule,0,0
6990,legacy_rule,0,0
6991,ctr_bandit,0,0
6992,legacy_rule,0,0
6993,ctr_bandit,1,0
6994,legacy_rule,0,0
6995,ctr_bandit,1,0
6996,legacy_rule,0,0
6997,legacy_rule,0,0
6998,legacy_rule,0,0
6999,ctr_bandit,0,0
7000,ctr_bandit,0,0
7001,ctr_bandit,1,0
7002,ctr_bandit,0,0
7003,legacy_rule,1,1
7004,legacy_rule,0,0
7005,legacy_rule,0,0
7006,legacy_rule,0,0
7007,ctr_bandit,0,0
7008,legacy_rule,0,0
7009,legacy_rule,1,1
7010,legacy_rule,1,1
7011,ctr_bandit,0,0
7012,ctr_bandit,0,0
7013,ctr_bandit,0,0
7014,ctr_bandit,0,0
7015,legacy_rule,0,0
7016,legacy_rule,0,0
7017,legacy_rule,0,0
7018,ctr_bandit,0,0
7019,legacy_rule,0,0
7020,ctr_bandit,0,0
7021,ctr_bandit,0,0
7022,legacy_rule,0,0
7023,ctr_bandit,0,0
7024,legacy_rule,0,0
7025,legacy_rule,0,0
7026,legacy_rule,0,0
7027,ctr_bandit,0,0
7028,ctr_bandit,1,0
7029,legacy_rule,0,0
7030,legacy_rule,0,0
7031,ctr_bandit,1,0
7032,legacy_rule,0,0
7033,ctr_bandit,1,0
7034,ctr_bandit,0,0
7035,ctr_bandit,1,0
7036,legacy_rule,0,0
7037,legacy_rule,0,0
7038,ctr_bandit,1,0
7039,ctr_bandit,0,0
7040,ctr_bandit,0,0
7041,ctr_bandit,0,0
7042,legacy_rule,1,0
7043,ctr_bandit,0,0
7044,legacy_rule,0,0
7045,ctr_bandit,1,0
7046,legacy_rule,0,0
7047,legacy_rule,0,0
7048,legacy_rule,0,0
7049,legacy_rule,0,0
7050,legacy_rule,0,0
7051,ctr_bandit,0,0
7052,ctr_bandit,1,0
7053,ctr_bandit,0,0
7054,legacy_rule,1,1
7055,ctr_bandit,0,0
7056,legacy_rule,0,0
7057,ctr_bandit,1,0
7058,ctr_bandit,0,0
7059,ctr_bandit,1,1
7060,legacy_rule,0,0
7061,legacy_rule,0,0
7062,ctr_bandit,0,0
7063,legacy_rule,0,0
7064,legacy_rule,0,0
7065,legacy_rule,1,0
7066,ctr_bandit,0,0
7067,ctr_bandit,0,0
7068,ctr_bandit,0,0
7069,ctr_bandit,0,0
7070,ctr_bandit,0,0
7071,ctr_bandit,1,0
7072,ctr_bandit,1,0
7073,ctr_bandit,0,0
7074,ctr_bandit,0,0
7075,legacy_rule,0,0
7076,legacy_rule,0,0
7077,ctr_bandit,0,0
7078,ctr_bandit,1,0
7079,ctr_bandit,0,0
7080,legacy_rule,0,0
7081,legacy_rule,0,0
7082,legacy_rule,0,0
7083,legacy_rule,1,0
7084,legacy_rule,0,0
7085,legacy_rule,0,0
7086,legacy_rule,0,0
7087,legacy_rule,1,1
7088,ctr_bandit,1,0
7089,legacy_rule,0,0
7090,ctr_bandit,1,0
7091,ctr_bandit,0,0
7092,ctr_bandit,1,0
7093,ctr_bandit,1,0
7094,ctr_bandit,0,0
7095,ctr_bandit,1,0
7096,ctr_bandit,1,0
7097,legacy_rule,0,0
7098,legacy_rule,0,0
7099,ctr_bandit,0,0
7100,legacy_rule,0,0
7101,legacy_rule,0,0
7102,legacy_rule,1,0
7103,ctr_bandit,1,0
7104,legacy_rule,0,0
7105,ctr_bandit,0,0
7106,legacy_rule,0,0
7107,ctr_bandit,0,0
7108,ctr_bandit,1,0
7109,legacy_rule,1,0
7110,legacy_rule,0,0
7111,legacy_rule,0,0
7112,ctr_bandit,1,0
7113,legacy_rule,0,0
7114,ctr_bandit,1,0
7115,legacy_rule,1,1
7116,ctr_bandit,0,0
7117,ctr_bandit,0,0
7118,legacy_rule,0,0
7119,legacy_rule,0,0
7120,ctr_bandit,0,0
7121,legacy_rule,0,0
7122,legacy_rule,0,0
7123,ctr_bandit,0,0
7124,ctr_bandit,0,0
7125,ctr_bandit,1,0
7126,ctr_bandit,0,0
7127,ctr_bandit,0,0
7128,ctr_bandit,1,0
7129,legacy_rule,1,1
7130,legacy_rule,0,0
7131,legacy_rule,0,0
7132,ctr_bandit,0,0
7133,legacy_rule,0,0
7134,legacy_rule,0,0
7135,ctr_bandit,1,0
7136,ctr_bandit,0,0
7137,legacy_rule,0,0
7138,ctr_bandit,0,0
7139,ctr_bandit,1,0
7140,legacy_rule,0,0
7141,legacy_rule,0,0
7142,ctr_bandit,1,0
7143,legacy_rule,0,0
7144,ctr_bandit,1,0
7145,legacy_rule,1,0
7146,legacy_rule,0,0
7147,legacy_rule,0,0
7148,legacy_rule,0,0
7149,legacy_rule,1,1
7150,ctr_bandit,0,0
7151,legacy_rule,0,0
7152,legacy_rule,1,0
7153,legacy_rule,0,0
7154,legacy_rule,1,0
7155,legacy_rule,0,0
7156,legacy_rule,0,0
7157,ctr_bandit,1,0
7158,legacy_rule,0,0
7159,legacy_rule,0,0
7160,ctr_bandit,1,0
7161,legacy_rule,0,0
7162,legacy_rule,0,0
7163,legacy_rule,0,0
7164,legacy_rule,0,0
7165,ctr_bandit,0,0
7166,legacy_rule,0,0
7167,ctr_bandit,0,0
7168,legacy_rule,0,0
7169,legacy_rule,0,0
7170,ctr_bandit,1,0
7171,legacy_rule,0,0
7172,legacy_rule,0,0
7173,legacy_rule,0,0
7174,legacy_rule,0,0
7175,legacy_rule,0,0
7176,ctr_bandit,0,0
7177,ctr_bandit,0,0
7178,legacy_rule,0,0
7179,ctr_bandit,0,0
7180,ctr_bandit,1,0
7181,legacy_rule,0,0
7182,ctr_bandit,0,0
7183,ctr_bandit,1,0
7184,legacy_rule,0,0
7185,ctr_bandit,0,0
7186,legacy_rule,1,1
7187,ctr_bandit,0,0
7188,ctr_bandit,1,0
7189,legacy_rule,0,0
7190,ctr_bandit,0,0
7191,ctr_bandit,0,0
7192,legacy_rule,0,0
7193,ctr_bandit,1,0
7194,legacy_rule,0,0
7195,legacy_rule,0,0
7196,ctr_bandit,0,0
7197,ctr_bandit,1,0
7198,legacy_rule,0,0
7199,ctr_bandit,0,0
7200,ctr_bandit,0,0
7201,legacy_rule,0,0
7202,ctr_bandit,1,0
7203,ctr_bandit,1,0
7204,ctr_bandit,0,0
7205,legacy_rule,1,0
7206,ctr_bandit,0,0
7207,legacy_rule,0,0
7208,ctr_bandit,0,0
7209,legacy_rule,0,0
7210,legacy_rule,1,0
7211,ctr_bandit,0,0
7212,ctr_bandit,0,0
7213,ctr_bandit,1,0
7214,ctr_bandit,0,0
7215,ctr_bandit,0,0
7216,ctr_bandit,1,0
7217,ctr_bandit,1,0
7218,legacy_rule,0,0
7219,legacy_rule,0,0
7220,ctr_bandit,1,0
7221,ctr_bandit,0,0
7222,ctr_bandit,0,0
7223,ctr_bandit,0,0
7224,ctr_bandit,0,0
7225,ctr_bandit,0,0
7226,ctr_bandit,1,0
7227,legacy_rule,0,0
7228,legacy_rule,1,0
7229,legacy_rule,1,0
7230,legacy_rule,0,0
7231,ctr_bandit,1,0
7232,ctr_bandit,0,0
7233,legacy_rule,0,0
7234,legacy_rule,0,0
7235,legacy_rule,0,0
7236,ctr_bandit,0,0
7237,ctr_bandit,1,0
7238,legacy_rule,1,1
7239,legacy_rule,0,0
7240,ctr_bandit,0,0
7241,legacy_rule,1,0
7242,ctr_bandit,0,0
7243,legacy_rule,0,0
7244,legacy_rule,0,0
7245,ctr_bandit,1,1
7246,ctr_bandit,1,0
7247,ctr_bandit,0,0
7248,ctr_bandit,1,0
7249,legacy_rule,0,0
7250,ctr_bandit,0,0
7251,legacy_rule,0,0
7252,legacy_rule,1,0
7253,ctr_bandit,0,0
7254,legacy_rule,0,0
7255,legacy_rule,0,0
7256,legacy_rule,0,0
7257,ctr_bandit,0,0
7258,legacy_rule,0,0
7259,legacy_rule,0,0
7260,ctr_bandit,0,0
7261,ctr_bandit,0,0
7262,ctr_bandit,0,0
7263,ctr_bandit,0,0
7264,legacy_rule,1,1
7265,ctr_bandit,1,0
7266,legacy_rule,0,0
7267,legacy_rule,0,0
7268,legacy_rule,1,0
7269,ctr_bandit,0,0
7270,ctr_bandit,0,0
7271,legacy_rule,0,0
7272,legacy_rule,0,0
7273,ctr_bandit,0,0
7274,ctr_bandit,0,0
7275,legacy_rule,0,0
7276,legacy_rule,0,0
7277,ctr_bandit,0,0
7278,ctr_bandit,0,0
7279,ctr_bandit,0,0
7280,legacy_rule,0,0
7281,ctr_bandit,1,0
7282,legacy_rule,0,0
7283,legacy_rule,0,0
7284,ctr_bandit,0,0
7285,legacy_rule,0,0
7286,ctr_bandit,0,0
7287,legacy_rule,0,0
7288,legacy_rule,0,0
7289,legacy_rule,0,0
7290,ctr_bandit,1,0
7291,ctr_bandit,1,0
7292,legacy_rule,0,0
7293,legacy_rule,0,0
7294,legacy_rule,1,0
7295,ctr_bandit,0,0
7296,ctr_bandit,1,0
7297,ctr_bandit,1,0
7298,legacy_rule,0,0
7299,legacy_rule,1,0
7300,ctr_bandit,1,0
7301,ctr_bandit,0,0
7302,legacy_rule,0,0
7303,legacy_rule,0,0
7304,ctr_bandit,0,0
7305,ctr_bandit,1,0
7306,legacy_rule,0,0
7307,legacy_rule,0,0
7308,ctr_bandit,1,0
7309,ctr_bandit,0,0
7310,legacy_rule,1,0
7311,legacy_rule,1,0
7312,legacy_rule,0,0
7313,ctr_bandit,0,0
7314,ctr_bandit,0,0
7315,ctr_bandit,0,0
7316,ctr_bandit,1,0
7317,legacy_rule,1,0
7318,ctr_bandit,1,0
7319,ctr_bandit,1,0
7320,ctr_bandit,1,0
7321,ctr_bandit,0,0
7322,legacy_rule,0,0
7323,ctr_bandit,0,0
7324,ctr_bandit,0,0
7325,legacy_rule,0,0
7326,ctr_bandit,0,0
7327,legacy_rule,0,0
7328,ctr_bandit,0,0
7329,ctr_bandit,0,0
7330,legacy_rule,0,0
7331,legacy_rule,1,1
7332,legacy_rule,1,0
7333,ctr_bandit,0,0
7334,ctr_bandit,0,0
7335,legacy_rule,0,0
7336,legacy_rule,0,0
7337,ctr_bandit,1,0
7338,legacy_rule,0,0
7339,legacy_rule,0,0
7340,ctr_bandit,1,0
7341,ctr_bandit,0,0
7342,legacy_rule,1,0
7343,legacy_rule,1,0
7344,legacy_rule,0,0
7345,legacy_rule,0,0
7346,legacy_rule,0,0
7347,legacy_rule,1,0
7348,legacy_rule,0,0
7349,ctr_bandit,0,0
7350,legacy_rule,1,0
7351,legacy_rule,0,0
7352,ctr_bandit,0,0
7353,ctr_bandit,0,0
7354,legacy_rule,0,0
7355,legacy_rule,0,0
7356,legacy_rule,0,0
7357,legacy_rule,1,0
7358,legacy_rule,1,0
7359,ctr_bandit,0,0
7360,ctr_bandit,0,0
7361,legacy_rule,0,0
7362,ctr_bandit,0,0
7363,legacy_rule,1,0
7364,ctr_bandit,1,0
7365,ctr_bandit,0,0
7366,ctr_bandit,0,0
7367,legacy_rule,0,0
7368,legacy_rule,0,0
7369,ctr_bandit,0,0
7370,legacy_rule,0,0
7371,ctr_bandit,0,0
7372,ctr_bandit,1,0
7373,legacy_rule,0,0
7374,ctr_bandit,0,0
7375,ctr_bandit,1,0
7376,ctr_bandit,0,0
7377,ctr_bandit,0,0
7378,ctr_bandit,0,0
7379,ctr_bandit,0,0
7380,ctr_bandit,1,0
7381,ctr_bandit,0,0
7382,legacy_rule,0,0
7383,legacy_rule,0,0
7384,legacy_rule,0,0
7385,ctr_bandit,0,0
7386,legacy_rule,0,0
7387,legacy_rule,1,0
7388,ctr_bandit,1,1
7389,legacy_rule,0,0
7390,legacy_rule,0,0
7391,ctr_bandit,0,0
7392,legacy_rule,0,0
7393,legacy_rule,0,0
7394,legacy_rule,0,0
7395,ctr_bandit,1,0
7396,legacy_rule,0,0
7397,ctr_bandit,0,0
7398,ctr_bandit,0,0
7399,ctr_bandit,0,0
7400,ctr_bandit,0,0
7401,ctr_bandit,1,0
7402,legacy_rule,0,0
7403,ctr_bandit,0,0
7404,ctr_bandit,1,0
7405,ctr_bandit,0,0
7406,legacy_rule,0,0
7407,legacy_rule,0,0
7408,ctr_bandit,0,0
7409,ctr_bandit,0,0
7410,legacy_rule,0,0
7411,legacy_rule,1,0
7412,ctr_bandit,1,0
7413,legacy_rule,0,0
7414,legacy_rule,0,0
7415,legacy_rule,0,0
7416,legacy_rule,0,0
7417,ctr_bandit,0,0
7418,legacy_rule,0,0
7419,legacy_rule,0,0
7420,ctr_bandit,1,0
7421,ctr_bandit,0,0
7422,ctr_bandit,1,0
7423,ctr_bandit,0,0
7424,ctr_bandit,0,0
7425,legacy_rule,0,0
7426,legacy_rule,0,0
7427,legacy_rule,0,0
7428,legacy_rule,0,0
7429,legacy_rule,0,0
7430,legacy_rule,0,0
7431,ctr_bandit,0,0
7432,legacy_rule,0,0
7433,ctr_bandit,0,0
7434,ctr_bandit,0,0
7435,legacy_rule,0,0
7436,ctr_bandit,0,0
7437,legacy_rule,0,0
7438,ctr_bandit,0,0
7439,legacy_rule,0,0
7440,legacy_rule,0,0
7441,legacy_rule,1,0
7442,legacy_rule,1,0
7443,legacy_rule,1,0
7444,ctr_bandit,0,0
7445,legacy_rule,0,0
7446,ctr_bandit,0,0
7447,legacy_rule,1,0
7448,ctr_bandit,0,0
7449,ctr_bandit,1,0
7450,ctr_bandit,1,0
7451,ctr_bandit,0,0
7452,legacy_rule,0,0
7453,legacy_rule,0,0
7454,ctr_bandit,0,0
7455,ctr_bandit,0,0
7456,legacy_rule,0,0
7457,ctr_bandit,0,0
7458,legacy_rule,0,0
7459,ctr_bandit,1,0
7460,ctr_bandit,1,0
7461,legacy_rule,0,0
7462,ctr_bandit,0,0
7463,legacy_rule,0,0
7464,legacy_rule,1,0
7465,ctr_bandit,1,0
7466,legacy_rule,1,0
7467,ctr_bandit,0,0
7468,ctr_bandit,0,0
7469,ctr_bandit,1,0
7470,ctr_bandit,0,0
7471,legacy_rule,0,0
7472,ctr_bandit,1,0
7473,legacy_rule,1,0
7474,legacy_rule,1,1
7475,legacy_rule,0,0
7476,legacy_rule,0,0
7477,ctr_bandit,0,0
7478,legacy_rule,0,0
7479,legacy_rule,0,0
7480,ctr_bandit,0,0
7481,ctr_bandit,0,0
7482,legacy_rule,0,0
7483,legacy_rule,0,0
7484,legacy_rule,0,0
7485,ctr_bandit,1,0
7486,ctr_bandit,1,0
7487,ctr_bandit,0,0
7488,legacy_rule,0,0
7489,legacy_rule,0,0
7490,ctr_bandit,0,0
7491,ctr_bandit,0,0
7492,legacy_rule,0,0
7493,legacy_rule,0,0
7494,legacy_rule,1,0
7495,legacy_rule,0,0
7496,legacy_rule,0,0
7497,legacy_rule,0,0
7498,ctr_bandit,0,0
7499,legacy_rule,1,0
7500,legacy_rule,0,0
7501,legacy_rule,1,0
7502,ctr_bandit,1,0
7503,ctr_bandit,1,0
7504,legacy_rule,0,0
7505,legacy_rule,0,0
7506,ctr_bandit,1,0
7507,legacy_rule,0,0
7508,ctr_bandit,0,0
7509,legacy_rule,0,0
7510,legacy_rule,0,0
7511,ctr_bandit,0,0
7512,legacy_rule,0,0
7513,legacy_rule,0,0
7514,legacy_rule,0,0
7515,ctr_bandit,0,0
7516,ctr_bandit,0,0
7517,ctr_bandit,0,0
7518,ctr_bandit,0,0
7519,ctr_bandit,0,0
7520,ctr_bandit,0,0
7521,ctr_bandit,0,0
7522,ctr_bandit,0,0
7523,ctr_bandit,0,0
7524,legacy_rule,0,0
7525,legacy_rule,0,0
7526,legacy_rule,0,0
7527,ctr_bandit,1,0
7528,legacy_rule,0,0
7529,legacy_rule,1,1
7530,ctr_bandit,1,0
7531,ctr_bandit,0,0
7532,ctr_bandit,1,0
7533,ctr_bandit,0,0
7534,legacy_rule,0,0
7535,legacy_rule,0,0
7536,legacy_rule,0,0
7537,ctr_bandit,0,0
7538,ctr_bandit,1,0
7539,legacy_rule,0,0
7540,ctr_bandit,1,0
7541,ctr_bandit,0,0
7542,ctr_bandit,0,0
7543,legacy_rule,1,1
7544,legacy_rule,0,0
7545,legacy_rule,0,0
7546,legacy_rule,0,0
7547,legacy_rule,0,0
7548,legacy_rule,0,0
7549,ctr_bandit,0,0
7550,legacy_rule,1,0
7551,legacy_rule,1,0
7552,ctr_bandit,0,0
7553,ctr_bandit,0,0
7554,legacy_rule,0,0
7555,legacy_rule,1,0
7556,ctr_bandit,0,0
7557,legacy_rule,1,1
7558,ctr_bandit,1,0
7559,legacy_rule,0,0
7560,legacy_rule,0,0
7561,legacy_rule,1,1
7562,ctr_bandit,0,0
7563,ctr_bandit,1,0
7564,ctr_bandit,0,0
7565,legacy_rule,1,1
7566,legacy_rule,0,0
7567,ctr_bandit,0,0
7568,legacy_rule,1,0
7569,legacy_rule,0,0
7570,legacy_rule,0,0
7571,ctr_bandit,0,0
7572,ctr_bandit,0,0
7573,ctr_bandit,0,0
7574,legacy_rule,1,0
7575,ctr_bandit,0,0
7576,legacy_rule,0,0
7577,ctr_bandit,0,0
7578,ctr_bandit,0,0
7579,ctr_bandit,1,0
7580,legacy_rule,0,0
7581,ctr_bandit,1,0
7582,ctr_bandit,0,0
7583,legacy_rule,0,0
7584,legacy_rule,0,0
7585,legacy_rule,0,0
7586,legacy_rule,0,0
7587,legacy_rule,0,0
7588,legacy_rule,0,0
7589,ctr_bandit,0,0
7590,ctr_bandit,0,0
7591,ctr_bandit,0,0
7592,ctr_bandit,0,0
7593,ctr_bandit,0,0
7594,ctr_bandit,0,0
7595,legacy_rule,1,0
7596,ctr_bandit,1,0
7597,legacy_rule,0,0
7598,legacy_rule,0,0
7599,ctr_bandit,0,0
7600,legacy_rule,1,1
7601,ctr_bandit,0,0
7602,legacy_rule,0,0
7603,ctr_bandit,0,0
7604,ctr_bandit,1,0
7605,ctr_bandit,0,0
7606,legacy_rule,0,0
7607,legacy_rule,0,0
7608,ctr_bandit,1,1
7609,ctr_bandit,0,0
7610,ctr_bandit,0,0
7611,legacy_rule,0,0
7612,legacy_rule,0,0
7613,ctr_bandit,0,0
7614,ctr_bandit,1,0
7615,legacy_rule,0,0
7616,legacy_rule,0,0
7617,ctr_bandit,1,0
7618,ctr_bandit,0,0
7619,ctr_bandit,0,0
7620,legacy_rule,0,0
7621,legacy_rule,1,0
7622,legacy_rule,0,0
7623,legacy_rule,0,0
7624,legacy_rule,0,0
7625,ctr_bandit,0,0
7626,ctr_bandit,0,0
7627,legacy_rule,0,0
7628,ctr_bandit,0,0
7629,ctr_bandit,1,0
7630,ctr_bandit,0,0
7631,ctr_bandit,0,0
7632,ctr_bandit,1,0
7633,legacy_rule,0,0
7634,legacy_rule,0,0
7635,ctr_bandit,0,0
7636,legacy_rule,0,0
7637,ctr_bandit,1,1
7638,legacy_rule,0,0
7639,ctr_bandit,0,0
7640,ctr_bandit,1,0
7641,legacy_rule,0,0
7642,ctr_bandit,0,0
7643,ctr_bandit,0,0
7644,ctr_bandit,0,0
7645,legacy_rule,0,0
7646,ctr_bandit,1,0
7647,ctr_bandit,1,0
7648,legacy_rule,0,0
7649,legacy_rule,0,0
7650,legacy_rule,0,0
7651,ctr_bandit,0,0
7652,ctr_bandit,0,0
7653,ctr_bandit,1,0
7654,ctr_bandit,0,0
7655,legacy_rule,1,1
7656,legacy_rule,0,0
7657,legacy_rule,0,0
7658,legacy_rule,0,0
7659,legacy_rule,0,0
7660,legacy_rule,1,1
7661,legacy_rule,0,0
7662,legacy_rule,0,0
7663,ctr_bandit,1,0
7664,ctr_bandit,1,0
7665,legacy_rule,0,0
7666,ctr_bandit,0,0
7667,legacy_rule,0,0
7668,legacy_rule,0,0
7669,ctr_bandit,0,0
7670,ctr_bandit,1,0
7671,legacy_rule,0,0
7672,legacy_rule,1,0
7673,legacy_rule,0,0
7674,legacy_rule,0,0
7675,legacy_rule,0,0
7676,ctr_bandit,0,0
7677,legacy_rule,0,0
7678,ctr_bandit,1,0
7679,legacy_rule,1,0
7680,ctr_bandit,0,0
7681,legacy_rule,0,0
7682,ctr_bandit,0,0
7683,ctr_bandit,0,0
7684,ctr_bandit,0,0
7685,legacy_rule,0,0
7686,ctr_bandit,1,0
7687,ctr_bandit,0,0
7688,ctr_bandit,1,0
7689,ctr_bandit,1,0
7690,ctr_bandit,0,0
7691,ctr_bandit,0,0
7692,legacy_rule,1,0
7693,ctr_bandit,0,0
7694,legacy_rule,0,0
7695,legacy_rule,0,0
7696,ctr_bandit,1,0
7697,legacy_rule,0,0
7698,legacy_rule,0,0
7699,ctr_bandit,0,0
7700,ctr_bandit,1,0
7701,legacy_rule,0,0
7702,legacy_rule,0,0
7703,legacy_rule,0,0
7704,ctr_bandit,0,0
7705,ctr_bandit,0,0
7706,ctr_bandit,1,1
7707,ctr_bandit,0,0
7708,ctr_bandit,1,0
7709,ctr_bandit,1,0
7710,ctr_bandit,0,0
7711,ctr_bandit,1,0
7712,ctr_bandit,0,0
7713,legacy_rule,0,0
7714,ctr_bandit,0,0
7715,ctr_bandit,1,0
7716,legacy_rule,0,0
7717,ctr_bandit,1,1
7718,legacy_rule,0,0
7719,legacy_rule,0,0
7720,ctr_bandit,0,0
7721,ctr_bandit,0,0
7722,legacy_rule,0,0
7723,ctr_bandit,1,0
7724,legacy_rule,1,1
7725,legacy_rule,1,0
7726,ctr_bandit,0,0
7727,ctr_bandit,0,0
7728,ctr_bandit,0,0
7729,legacy_rule,0,0
7730,ctr_bandit,1,0
7731,ctr_bandit,0,0
7732,ctr_bandit,1,0
7733,legacy_rule,0,0
7734,legacy_rule,1,1
7735,legacy_rule,0,0
7736,legacy_rule,0,0
7737,legacy_rule,0,0
7738,ctr_bandit,0,0
7739,legacy_rule,0,0
7740,ctr_bandit,1,0
7741,legacy_rule,0,0
7742,ctr_bandit,1,0
7743,ctr_bandit,0,0
7744,ctr_bandit,0,0
7745,ctr_bandit,1,1
7746,ctr_bandit,0,0
7747,legacy_rule,1,0
7748,ctr_bandit,1,0
7749,ctr_bandit,1,0
7750,legacy_rule,0,0
7751,legacy_rule,0,0
7752,legacy_rule,0,0
7753,legacy_rule,0,0
7754,legacy_rule,1,0
7755,ctr_bandit,0,0
7756,legacy_rule,0,0
7757,ctr_bandit,0,0
7758,legacy_rule,0,0
7759,ctr_bandit,1,0
7760,legacy_rule,1,0
7761,legacy_rule,1,0
7762,ctr_bandit,0,0
7763,ctr_bandit,1,0
7764,ctr_bandit,1,0
7765,legacy_rule,0,0
7766,ctr_bandit,1,0
7767,ctr_bandit,0,0
7768,legacy_rule,0,0
7769,ctr_bandit,0,0
7770,ctr_bandit,1,0
7771,legacy_rule,1,0
7772,ctr_bandit,0,0
7773,legacy_rule,0,0
7774,ctr_bandit,0,0
7775,ctr_bandit,1,0
7776,legacy_rule,0,0
7777,ctr_bandit,0,0
7778,legacy_rule,0,0
7779,ctr_bandit,0,0
7780,legacy_rule,0,0
7781,legacy_rule,0,0
7782,ctr_bandit,1,0
7783,ctr_bandit,1,0
7784,legacy_rule,1,0
7785,legacy_rule,0,0
7786,ctr_bandit,1,1
7787,legacy_rule,0,0
7788,ctr_bandit,0,0
7789,ctr_bandit,0,0
7790,legacy_rule,1,0
7791,legacy_rule,0,0
7792,ctr_bandit,1,0
7793,legacy_rule,1,0
7794,ctr_bandit,0,0
7795,legacy_rule,1,0
7796,ctr_bandit,1,0
7797,legacy_rule,0,0
7798,legacy_rule,0,0
7799,ctr_bandit,0,0
7800,ctr_bandit,0,0
7801,ctr_bandit,1,0
7802,legacy_rule,0,0
7803,ctr_bandit,0,0
7804,ctr_bandit,0,0
7805,ctr_bandit,1,0
7806,ctr_bandit,0,0
7807,legacy_rule,0,0
7808,ctr_bandit,1,0
7809,legacy_rule,1,0
7810,legacy_rule,0,0
7811,ctr_bandit,0,0
7812,ctr_bandit,0,0
7813,ctr_bandit,1,0
7814,legacy_rule,0,0
7815,legacy_rule,0,0
7816,ctr_bandit,1,0
7817,legacy_rule,0,0
7818,ctr_bandit,0,0
7819,legacy_rule,1,0
7820,legacy_rule,0,0
7821,ctr_bandit,1,0
7822,legacy_rule,0,0
7823,ctr_bandit,1,0
7824,ctr_bandit,0,0
7825,legacy_rule,0,0
7826,legacy_rule,0,0
7827,ctr_bandit,0,0
7828,ctr_bandit,0,0
7829,legacy_rule,0,0
7830,ctr_bandit,0,0
7831,legacy_rule,1,0
7832,legacy_rule,0,0
7833,ctr_bandit,1,0
7834,legacy_rule,0,0
7835,ctr_bandit,0,0
7836,ctr_bandit,1,0
7837,legacy_rule,0,0
7838,legacy_rule,0,0
7839,legacy_rule,0,0
7840,ctr_bandit,0,0
7841,legacy_rule,0,0
7842,legacy_rule,0,0
7843,ctr_bandit,0,0
7844,ctr_bandit,0,0
7845,legacy_rule,0,0
7846,legacy_rule,0,0
7847,legacy_rule,1,1
7848,ctr_bandit,1,0
7849,ctr_bandit,1,1
7850,ctr_bandit,0,0
7851,ctr_bandit,0,0
7852,ctr_bandit,0,0
7853,legacy_rule,0,0
7854,legacy_rule,1,0
7855,ctr_bandit,0,0
7856,ctr_bandit,0,0
7857,legacy_rule,1,0
7858,ctr_bandit,1,0
7859,legacy_rule,1,0
7860,legacy_rule,1,0
7861,legacy_rule,0,0
7862,ctr_bandit,1,0
7863,ctr_bandit,1,0
7864,legacy_rule,0,0
7865,ctr_bandit,0,0
7866,ctr_bandit,1,0
7867,legacy_rule,1,0
7868,ctr_bandit,0,0
7869,legacy_rule,0,0
7870,ctr_bandit,1,0
7871,ctr_bandit,1,0
7872,legacy_rule,1,0
7873,ctr_bandit,0,0
7874,legacy_rule,0,0
7875,ctr_bandit,0,0
7876,legacy_rule,0,0
7877,ctr_bandit,0,0
7878,ctr_bandit,0,0
7879,legacy_rule,1,0
7880,ctr_bandit,0,0
7881,ctr_bandit,0,0
7882,legacy_rule,0,0
7883,ctr_bandit,0,0
7884,ctr_bandit,0,0
7885,legacy_rule,0,0
7886,ctr_bandit,0,0
7887,legacy_rule,0,0
7888,legacy_rule,1,1
7889,legacy_rule,1,0
7890,ctr_bandit,0,0
7891,legacy_rule,0,0
7892,ctr_bandit,1,0
7893,legacy_rule,1,0
7894,legacy_rule,0,0
7895,legacy_rule,1,0
7896,legacy_rule,0,0
7897,legacy_rule,1,0
7898,legacy_rule,0,0
7899,legacy_rule,0,0
7900,legacy_rule,0,0
7901,legacy_rule,0,0
7902,legacy_rule,0,0
7903,ctr_bandit,1,0
7904,ctr_bandit,1,0
7905,legacy_rule,0,0
7906,ctr_bandit,0,0
7907,legacy_rule,0,0
7908,ctr_bandit,1,0
7909,ctr_bandit,0,0
7910,legacy_rule,0,0
7911,ctr_bandit,1,0
7912,ctr_bandit,0,0
7913,ctr_bandit,0,0
7914,ctr_bandit,1,0
7915,ctr_bandit,0,0
7916,ctr_bandit,0,0
7917,ctr_bandit,0,0
7918,legacy_rule,1,0
7919,ctr_bandit,1,0
7920,ctr_bandit,0,0
7921,legacy_rule,0,0
7922,legacy_rule,0,0
7923,legacy_rule,0,0
7924,legacy_rule,0,0
7925,legacy_rule,0,0
7926,legacy_rule,0,0
7927,legacy_rule,0,0
7928,ctr_bandit,0,0
7929,legacy_rule,0,0
7930,ctr_bandit,0,0
7931,ctr_bandit,0,0
7932,legacy_rule,0,0
7933,ctr_bandit,1,0
7934,legacy_rule,0,0
7935,legacy_rule,0,0
7936,legacy_rule,1,0
7937,ctr_bandit,1,0
7938,ctr_bandit,0,0
7939,ctr_bandit,1,0
7940,ctr_bandit,1,0
7941,ctr_bandit,0,0
7942,legacy_rule,0,0
7943,legacy_rule,1,0
7944,legacy_rule,0,0
7945,legacy_rule,0,0
7946,legacy_rule,0,0
7947,legacy_rule,1,0
7948,ctr_bandit,1,1
7949,legacy_rule,0,0
7950,legacy_rule,0,0
7951,ctr_bandit,0,0
7952,legacy_rule,0,0
7953,legacy_rule,0,0
7954,legacy_rule,0,0
7955,legacy_rule,0,0
7956,legacy_rule,0,0
7957,legacy_rule,0,0
7958,ctr_bandit,0,0
7959,ctr_bandit,1,0
7960,ctr_bandit,0,0
7961,ctr_bandit,0,0
7962,ctr_bandit,0,0
7963,legacy_rule,0,0
7964,legacy_rule,0,0
7965,legacy_rule,1,0
7966,legacy_rule,0,0
7967,legacy_rule,1,1
7968,ctr_bandit,0,0
7969,legacy_rule,0,0
7970,ctr_bandit,1,0
7971,legacy_rule,1,0
7972,legacy_rule,0,0
7973,ctr_bandit,0,0
7974,ctr_bandit,0,0
7975,legacy_rule,0,0
7976,legacy_rule,0,0
7977,legacy_rule,0,0
7978,ctr_bandit,1,0
7979,ctr_bandit,0,0
7980,ctr_bandit,0,0
7981,legacy_rule,0,0
7982,legacy_rule,0,0
7983,legacy_rule,0,0
7984,legacy_rule,0,0
7985,legacy_rule,1,0
7986,legacy_rule,0,0
7987,legacy_rule,0,0
7988,legacy_rule,0,0
7989,ctr_bandit,1,0
7990,ctr_bandit,0,0
7991,legacy_rule,1,0
7992,ctr_bandit,0,0
7993,legacy_rule,0,0
7994,legacy_rule,0,0
7995,ctr_bandit,0,0
7996,legacy_rule,0,0
7997,legacy_rule,0,0
7998,ctr_bandit,0,0
7999,ctr_bandit,0,0
8000,ctr_bandit,0,0
8001,legacy_rule,1,1
8002,ctr_bandit,1,0
8003,ctr_bandit,0,0
8004,ctr_bandit,1,0
8005,legacy_rule,0,0
8006,legacy_rule,0,0
8007,ctr_bandit,0,0
8008,legacy_rule,0,0
8009,ctr_bandit,0,0
8010,ctr_bandit,0,0
8011,ctr_bandit,1,0
8012,ctr_bandit,0,0
8013,ctr_bandit,0,0
8014,ctr_bandit,1,0
8015,ctr_bandit,0,0
8016,ctr_bandit,0,0
8017,ctr_bandit,0,0
8018,legacy_rule,0,0
8019,ctr_bandit,0,0
8020,ctr_bandit,1,0
8021,ctr_bandit,0,0
8022,legacy_rule,0,0
8023,legacy_rule,0,0
8024,ctr_bandit,0,0
8025,legacy_rule,0,0
8026,ctr_bandit,1,0
8027,legacy_rule,1,0
8028,legacy_rule,0,0
8029,ctr_bandit,1,0
8030,ctr_bandit,1,0
8031,ctr_bandit,1,0
8032,legacy_rule,0,0
8033,ctr_bandit,0,0
8034,legacy_rule,0,0
8035,ctr_bandit,0,0
8036,ctr_bandit,1,0
8037,ctr_bandit,0,0
8038,ctr_bandit,1,0
8039,legacy_rule,0,0
8040,legacy_rule,1,0
8041,ctr_bandit,0,0
8042,ctr_bandit,0,0
8043,ctr_bandit,0,0
8044,ctr_bandit,1,0
8045,ctr_bandit,0,0
8046,legacy_rule,1,0
8047,ctr_bandit,1,0
8048,ctr_bandit,0,0
8049,legacy_rule,0,0
8050,legacy_rule,0,0
8051,legacy_rule,0,0
8052,legacy_rule,0,0
8053,ctr_bandit,0,0
8054,legacy_rule,0,0
8055,legacy_rule,0,0
8056,legacy_rule,0,0
8057,ctr_bandit,0,0
8058,ctr_bandit,0,0
8059,ctr_bandit,1,0
8060,ctr_bandit,0,0
8061,ctr_bandit,0,0
8062,legacy_rule,0,0
8063,ctr_bandit,0,0
8064,ctr_bandit,0,0
8065,legacy_rule,1,1
8066,legacy_rule,0,0
8067,ctr_bandit,0,0
8068,ctr_bandit,0,0
8069,legacy_rule,0,0
8070,ctr_bandit,0,0
8071,legacy_rule,0,0
8072,ctr_bandit,0,0
8073,ctr_bandit,0,0
8074,legacy_rule,0,0
8075,ctr_bandit,0,0
8076,ctr_bandit,0,0
8077,ctr_bandit,0,0
8078,legacy_rule,0,0
8079,ctr_bandit,0,0
8080,ctr_bandit,0,0
8081,legacy_rule,0,0
8082,ctr_bandit,0,0
8083,ctr_bandit,1,0
8084,legacy_rule,0,0
8085,ctr_bandit,0,0
8086,legacy_rule,1,1
8087,legacy_rule,0,0
8088,ctr_bandit,0,0
8089,legacy_rule,1,0
8090,ctr_bandit,1,0
8091,legacy_rule,1,0
8092,legacy_rule,0,0
8093,legacy_rule,0,0
8094,legacy_rule,1,1
8095,ctr_bandit,0,0
8096,legacy_rule,1,1
8097,ctr_bandit,1,0
8098,legacy_rule,0,0
8099,ctr_bandit,0,0
8100,ctr_bandit,1,0
8101,ctr_bandit,0,0
8102,ctr_bandit,1,0
8103,ctr_bandit,1,0
8104,legacy_rule,0,0
8105,legacy_rule,0,0
8106,legacy_rule,1,0
8107,ctr_bandit,0,0
8108,legacy_rule,0,0
8109,legacy_rule,0,0
8110,legacy_rule,0,0
8111,legacy_rule,0,0
8112,ctr_bandit,0,0
8113,ctr_bandit,0,0
8114,ctr_bandit,1,0
8115,ctr_bandit,0,0
8116,legacy_rule,0,0
8117,ctr_bandit,0,0
8118,ctr_bandit,0,0
8119,ctr_bandit,1,0
8120,legacy_rule,0,0
8121,ctr_bandit,0,0
8122,legacy_rule,0,0
8123,ctr_bandit,1,1
8124,ctr_bandit,0,0
8125,legacy_rule,1,0
8126,ctr_bandit,0,0
8127,ctr_bandit,1,0
8128,ctr_bandit,0,0
8129,legacy_rule,0,0
8130,legacy_rule,1,0
8131,legacy_rule,0,0
8132,legacy_rule,0,0
8133,ctr_bandit,0,0
8134,ctr_bandit,1,0
8135,ctr_bandit,0,0
8136,legacy_rule,0,0
8137,legacy_rule,0,0
8138,ctr_bandit,0,0
8139,legacy_rule,0,0
8140,ctr_bandit,0,0
8141,ctr_bandit,1,0
8142,ctr_bandit,1,0
8143,legacy_rule,0,0
8144,legacy_rule,0,0
8145,legacy_rule,0,0
8146,legacy_rule,1,0
8147,legacy_rule,0,0
8148,legacy_rule,0,0
8149,ctr_bandit,1,0
8150,ctr_bandit,0,0
8151,ctr_bandit,0,0
8152,ctr_bandit,0,0
8153,legacy_rule,0,0
8154,legacy_rule,0,0
8155,ctr_bandit,0,0
8156,ctr_bandit,0,0
8157,ctr_bandit,1,0
8158,ctr_bandit,0,0
8159,legacy_rule,0,0
8160,legacy_rule,1,0
8161,ctr_bandit,0,0
8162,legacy_rule,0,0
8163,ctr_bandit,0,0
8164,ctr_bandit,0,0
8165,ctr_bandit,0,0
8166,legacy_rule,0,0
8167,ctr_bandit,0,0
8168,legacy_rule,0,0
8169,legacy_rule,1,0
8170,legacy_rule,0,0
8171,legacy_rule,1,0
8172,legacy_rule,0,0
8173,ctr_bandit,0,0
8174,ctr_bandit,0,0
8175,ctr_bandit,0,0
8176,ctr_bandit,0,0
8177,ctr_bandit,1,0
8178,ctr_bandit,0,0
8179,legacy_rule,1,0
8180,legacy_rule,1,0
8181,legacy_rule,1,0
8182,ctr_bandit,1,0
8183,legacy_rule,1,0
8184,ctr_bandit,1,0
8185,legacy_rule,0,0
8186,legacy_rule,0,0
8187,ctr_bandit,0,0
8188,ctr_bandit,0,0
8189,legacy_rule,0,0
8190,legacy_rule,0,0
8191,legacy_rule,1,0
8192,legacy_rule,0,0
8193,legacy_rule,0,0
8194,legacy_rule,0,0
8195,ctr_bandit,0,0
8196,ctr_bandit,0,0
8197,legacy_rule,0,0
8198,ctr_bandit,0,0
8199,ctr_bandit,1,0
8200,legacy_rule,0,0
8201,ctr_bandit,1,0
8202,ctr_bandit,0,0
8203,legacy_rule,1,0
8204,ctr_bandit,1,0
8205,ctr_bandit,0,0
8206,ctr_bandit,0,0
8207,legacy_rule,0,0
8208,legacy_rule,0,0
8209,legacy_rule,0,0
8210,legacy_rule,0,0
8211,legacy_rule,0,0
8212,ctr_bandit,0,0
8213,legacy_rule,0,0
8214,legacy_rule,0,0
8215,ctr_bandit,1,0
8216,legacy_rule,1,0
8217,ctr_bandit,1,0
8218,ctr_bandit,1,0
8219,ctr_bandit,0,0
8220,ctr_bandit,0,0
8221,ctr_bandit,0,0
8222,legacy_rule,0,0
8223,legacy_rule,0,0
8224,legacy_rule,0,0
8225,ctr_bandit,0,0
8226,legacy_rule,0,0
8227,ctr_bandit,1,0
8228,legacy_rule,0,0
8229,ctr_bandit,0,0
8230,ctr_bandit,1,0
8231,ctr_bandit,1,0
8232,legacy_rule,0,0
8233,legacy_rule,0,0
8234,legacy_rule,0,0
8235,legacy_rule,0,0
8236,ctr_bandit,1,0
8237,ctr_bandit,0,0
8238,ctr_bandit,0,0
8239,ctr_bandit,0,0
8240,legacy_rule,0,0
8241,legacy_rule,0,0
8242,legacy_rule,0,0
8243,ctr_bandit,0,0
8244,ctr_bandit,1,0
8245,ctr_bandit,1,0
8246,legacy_rule,0,0
8247,ctr_bandit,0,0
8248,ctr_bandit,1,0
8249,ctr_bandit,0,0
8250,legacy_rule,0,0
8251,legacy_rule,0,0
8252,ctr_bandit,1,0
8253,legacy_rule,0,0
8254,legacy_rule,0,0
8255,legacy_rule,1,1
8256,ctr_bandit,0,0
8257,ctr_bandit,0,0
8258,ctr_bandit,1,0
8259,legacy_rule,0,0
8260,legacy_rule,0,0
8261,ctr_bandit,0,0
8262,ctr_bandit,0,0
8263,ctr_bandit,0,0
8264,legacy_rule,0,0
8265,ctr_bandit,1,0
8266,ctr_bandit,0,0
8267,legacy_rule,0,0
8268,legacy_rule,0,0
8269,legacy_rule,0,0
8270,legacy_rule,0,0
8271,legacy_rule,0,0
8272,ctr_bandit,0,0
8273,legacy_rule,0,0
8274,ctr_bandit,0,0
8275,legacy_rule,0,0
8276,ctr_bandit,0,0
8277,legacy_rule,0,0
8278,ctr_bandit,0,0
8279,legacy_rule,0,0
8280,ctr_bandit,1,0
8281,ctr_bandit,0,0
8282,ctr_bandit,1,0
8283,ctr_bandit,1,0
8284,legacy_rule,1,0
8285,ctr_bandit,0,0
8286,legacy_rule,0,0
8287,legacy_rule,0,0
8288,legacy_rule,0,0
8289,ctr_bandit,1,0
8290,ctr_bandit,1,0
8291,ctr_bandit,0,0
8292,ctr_bandit,1,0
8293,ctr_bandit,1,0
8294,ctr_bandit,0,0
8295,ctr_bandit,0,0
8296,legacy_rule,1,0
8297,ctr_bandit,0,0
8298,legacy_rule,1,0
8299,ctr_bandit,0,0
8300,ctr_bandit,1,0
8301,ctr_bandit,0,0
8302,legacy_rule,0,0
8303,ctr_bandit,0,0
8304,ctr_bandit,1,0
8305,ctr_bandit,0,0
8306,ctr_bandit,0,0
8307,ctr_bandit,0,0
8308,ctr_bandit,0,0
8309,legacy_rule,0,0
8310,ctr_bandit,0,0
8311,legacy_rule,1,0
8312,ctr_bandit,0,0
8313,legacy_rule,0,0
8314,ctr_bandit,0,0
8315,legacy_rule,1,0
8316,legacy_rule,0,0
8317,ctr_bandit,1,0
8318,legacy_rule,0,0
8319,ctr_bandit,0,0
8320,legacy_rule,1,0
8321,ctr_bandit,1,0
8322,ctr_bandit,1,0
8323,legacy_rule,0,0
8324,legacy_rule,1,0
8325,legacy_rule,0,0
8326,ctr_bandit,1,0
8327,ctr_bandit,1,0
8328,ctr_bandit,0,0
8329,legacy_rule,0,0
8330,legacy_rule,0,0
8331,ctr_bandit,0,0
8332,ctr_bandit,1,0
8333,ctr_bandit,1,0
8334,legacy_rule,1,0
8335,ctr_bandit,0,0
8336,ctr_bandit,1,1
8337,ctr_bandit,0,0
8338,legacy_rule,0,0
8339,ctr_bandit,1,0
8340,ctr_bandit,0,0
8341,ctr_bandit,0,0
8342,ctr_bandit,0,0
8343,ctr_bandit,1,0
8344,legacy_rule,0,0
8345,ctr_bandit,0,0
8346,ctr_bandit,0,0
8347,legacy_rule,0,0
8348,legacy_rule,0,0
8349,ctr_bandit,0,0
8350,legacy_rule,1,0
8351,ctr_bandit,0,0
8352,ctr_bandit,0,0
8353,legacy_rule,0,0
8354,legacy_rule,0,0
8355,legacy_rule,0,0
8356,ctr_bandit,1,0
8357,legacy_rule,0,0
8358,legacy_rule,0,0
8359,ctr_bandit,0,0
8360,legacy_rule,0,0
8361,legacy_rule,0,0
8362,ctr_bandit,0,0
8363,legacy_rule,0,0
8364,legacy_rule,0,0
8365,legacy_rule,0,0
8366,legacy_rule,0,0
8367,legacy_rule,0,0
8368,ctr_bandit,1,0
8369,legacy_rule,0,0
8370,ctr_bandit,0,0
8371,ctr_bandit,1,0
8372,legacy_rule,0,0
8373,ctr_bandit,0,0
8374,legacy_rule,0,0
8375,legacy_rule,0,0
8376,ctr_bandit,1,0
8377,legacy_rule,0,0
8378,legacy_rule,0,0
8379,ctr_bandit,1,0
8380,legacy_rule,0,0
8381,legacy_rule,1,0
8382,legacy_rule,0,0
8383,ctr_bandit,1,0
8384,legacy_rule,0,0
8385,ctr_bandit,1,0
8386,ctr_bandit,0,0
8387,legacy_rule,1,0
8388,ctr_bandit,1,1
8389,ctr_bandit,1,0
8390,legacy_rule,0,0
8391,legacy_rule,0,0
8392,ctr_bandit,0,0
8393,ctr_bandit,0,0
8394,ctr_bandit,0,0
8395,legacy_rule,0,0
8396,ctr_bandit,1,0
8397,ctr_bandit,0,0
8398,ctr_bandit,0,0
8399,ctr_bandit,0,0
8400,legacy_rule,0,0
8401,legacy_rule,0,0
8402,ctr_bandit,0,0
8403,legacy_rule,0,0
8404,legacy_rule,0,0
8405,ctr_bandit,0,0
8406,legacy_rule,1,1
8407,ctr_bandit,1,0
8408,legacy_rule,1,0
8409,ctr_bandit,0,0
8410,ctr_bandit,0,0
8411,legacy_rule,0,0
8412,ctr_bandit,1,0
8413,ctr_bandit,1,0
8414,legacy_rule,0,0
8415,legacy_rule,0,0
8416,ctr_bandit,0,0
8417,ctr_bandit,1,0
8418,legacy_rule,1,0
8419,legacy_rule,0,0
8420,legacy_rule,0,0
8421,legacy_rule,0,0
8422,legacy_rule,0,0
8423,legacy_rule,0,0
8424,legacy_rule,0,0
8425,legacy_rule,0,0
8426,legacy_rule,0,0
8427,ctr_bandit,1,0
8428,legacy_rule,0,0
8429,ctr_bandit,1,0
8430,legacy_rule,0,0
8431,ctr_bandit,1,0
8432,legacy_rule,0,0
8433,ctr_bandit,1,0
8434,legacy_rule,0,0
8435,legacy_rule,1,0
8436,legacy_rule,0,0
8437,ctr_bandit,0,0
8438,legacy_rule,0,0
8439,legacy_rule,0,0
8440,legacy_rule,0,0
8441,ctr_bandit,0,0
8442,legacy_rule,1,1
8443,ctr_bandit,0,0
8444,legacy_rule,0,0
8445,ctr_bandit,0,0
8446,legacy_rule,0,0
8447,ctr_bandit,0,0
8448,ctr_bandit,0,0
8449,legacy_rule,0,0
8450,ctr_bandit,0,0
8451,ctr_bandit,1,0
8452,ctr_bandit,0,0
8453,ctr_bandit,1,1
8454,ctr_bandit,0,0
8455,ctr_bandit,0,0
8456,legacy_rule,0,0
8457,legacy_rule,0,0
8458,ctr_bandit,1,0
8459,legacy_rule,0,0
8460,ctr_bandit,1,0
8461,legacy_rule,1,0
8462,legacy_rule,0,0
8463,ctr_bandit,1,0
8464,ctr_bandit,0,0
8465,ctr_bandit,1,0
8466,ctr_bandit,0,0
8467,legacy_rule,0,0
8468,legacy_rule,1,0
8469,legacy_rule,1,0
8470,legacy_rule,0,0
8471,ctr_bandit,0,0
8472,legacy_rule,1,0
8473,ctr_bandit,1,0
8474,ctr_bandit,0,0
8475,ctr_bandit,0,0
8476,legacy_rule,0,0
8477,ctr_bandit,1,0
8478,ctr_bandit,0,0
8479,ctr_bandit,0,0
8480,legacy_rule,0,0
8481,legacy_rule,1,0
8482,legacy_rule,0,0
8483,legacy_rule,0,0
8484,legacy_rule,0,0
8485,legacy_rule,1,0
8486,ctr_bandit,0,0
8487,legacy_rule,0,0
8488,legacy_rule,0,0
8489,ctr_bandit,1,0
8490,ctr_bandit,1,0
8491,ctr_bandit,1,0
8492,legacy_rule,1,0
8493,ctr_bandit,1,0
8494,legacy_rule,0,0
8495,ctr_bandit,0,0
8496,ctr_bandit,1,0
8497,legacy_rule,0,0
8498,ctr_bandit,1,0
8499,ctr_bandit,1,0
8500,legacy_rule,0,0
8501,ctr_bandit,0,0
8502,ctr_bandit,0,0
8503,ctr_bandit,1,0
8504,legacy_rule,1,1
8505,ctr_bandit,1,0
8506,legacy_rule,0,0
8507,legacy_rule,0,0
8508,ctr_bandit,0,0
8509,legacy_rule,0,0
8510,ctr_bandit,1,0
8511,legacy_rule,1,1
8512,legacy_rule,0,0
8513,ctr_bandit,1,0
8514,ctr_bandit,1,0
8515,legacy_rule,0,0
8516,ctr_bandit,0,0
8517,ctr_bandit,0,0
8518,legacy_rule,1,1
8519,legacy_rule,1,1
8520,legacy_rule,0,0
8521,ctr_bandit,1,0
8522,legacy_rule,0,0
8523,ctr_bandit,0,0
8524,ctr_bandit,0,0
8525,legacy_rule,0,0
8526,legacy_rule,1,0
8527,ctr_bandit,1,0
8528,ctr_bandit,1,0
8529,ctr_bandit,0,0
8530,ctr_bandit,0,0
8531,ctr_bandit,0,0
8532,ctr_bandit,0,0
8533,ctr_bandit,0,0
8534,ctr_bandit,0,0
8535,legacy_rule,0,0
8536,ctr_bandit,0,0
8537,ctr_bandit,1,0
8538,ctr_bandit,0,0
8539,legacy_rule,0,0
8540,ctr_bandit,0,0
8541,legacy_rule,0,0
8542,ctr_bandit,1,0
8543,ctr_bandit,0,0
8544,ctr_bandit,1,0
8545,ctr_bandit,0,0
8546,ctr_bandit,0,0
8547,legacy_rule,1,1
8548,legacy_rule,0,0
8549,ctr_bandit,0,0
8550,legacy_rule,0,0
8551,legacy_rule,0,0
8552,ctr_bandit,1,0
8553,legacy_rule,1,0
8554,legacy_rule,1,0
8555,ctr_bandit,1,0
8556,ctr_bandit,1,0
8557,legacy_rule,0,0
8558,legacy_rule,0,0
8559,ctr_bandit,1,0
8560,legacy_rule,0,0
8561,legacy_rule,1,0
8562,legacy_rule,1,1
8563,legacy_rule,1,0
8564,legacy_rule,0,0
8565,ctr_bandit,1,0
8566,legacy_rule,1,0
8567,legacy_rule,0,0
8568,legacy_rule,0,0
8569,ctr_bandit,1,0
8570,legacy_rule,0,0
8571,legacy_rule,1,1
8572,legacy_rule,0,0
8573,ctr_bandit,0,0
8574,legacy_rule,0,0
8575,legacy_rule,1,1
8576,ctr_bandit,0,0
8577,ctr_bandit,1,0
8578,legacy_rule,0,0
8579,ctr_bandit,0,0
8580,ctr_bandit,0,0
8581,legacy_rule,0,0
8582,ctr_bandit,0,0
8583,ctr_bandit,0,0
8584,ctr_bandit,1,0
8585,legacy_rule,0,0
8586,ctr_bandit,1,0
8587,ctr_bandit,0,0
8588,legacy_rule,0,0
8589,legacy_rule,0,0
8590,legacy_rule,1,0
8591,legacy_rule,1,0
8592,legacy_rule,1,0
8593,ctr_bandit,0,0
8594,legacy_rule,1,0
8595,ctr_bandit,1,0
8596,ctr_bandit,0,0
8597,legacy_rule,1,0
8598,ctr_bandit,1,0
8599,ctr_bandit,1,1
8600,ctr_bandit,0,0
8601,ctr_bandit,0,0
8602,legacy_rule,0,0
8603,legacy_rule,0,0
8604,ctr_bandit,0,0
8605,ctr_bandit,0,0
8606,legacy_rule,0,0
8607,ctr_bandit,1,0
8608,ctr_bandit,0,0
8609,legacy_rule,0,0
8610,legacy_rule,0,0
8611,ctr_bandit,0,0
8612,legacy_rule,1,0
8613,ctr_bandit,0,0
8614,legacy_rule,0,0
8615,ctr_bandit,0,0
8616,legacy_rule,1,0
8617,legacy_rule,1,0
8618,legacy_rule,0,0
8619,ctr_bandit,0,0
8620,ctr_bandit,0,0
8621,ctr_bandit,0,0
8622,ctr_bandit,0,0
8623,ctr_bandit,0,0
8624,ctr_bandit,0,0
8625,legacy_rule,0,0
8626,ctr_bandit,0,0
8627,legacy_rule,0,0
8628,legacy_rule,1,1
8629,legacy_rule,0,0
8630,ctr_bandit,1,0
8631,ctr_bandit,1,0
8632,ctr_bandit,1,0
8633,legacy_rule,0,0
8634,legacy_rule,0,0
8635,legacy_rule,0,0
8636,ctr_bandit,1,0
8637,legacy_rule,0,0
8638,legacy_rule,0,0
8639,legacy_rule,0,0
8640,ctr_bandit,0,0
8641,ctr_bandit,0,0
8642,legacy_rule,1,0
8643,legacy_rule,0,0
8644,ctr_bandit,1,0
8645,ctr_bandit,1,0
8646,legacy_rule,0,0
8647,legacy_rule,0,0
8648,ctr_bandit,1,1
8649,ctr_bandit,1,0
8650,legacy_rule,0,0
8651,legacy_rule,0,0
8652,legacy_rule,0,0
8653,ctr_bandit,1,0
8654,ctr_bandit,1,0
8655,legacy_rule,0,0
8656,ctr_bandit,1,0
8657,legacy_rule,0,0
8658,ctr_bandit,0,0
8659,legacy_rule,0,0
8660,ctr_bandit,0,0
8661,ctr_bandit,0,0
8662,ctr_bandit,1,0
8663,legacy_rule,0,0
8664,ctr_bandit,0,0
8665,ctr_bandit,0,0
8666,ctr_bandit,0,0
8667,ctr_bandit,0,0
8668,legacy_rule,0,0
8669,legacy_rule,0,0
8670,ctr_bandit,1,0
8671,legacy_rule,0,0
8672,ctr_bandit,0,0
8673,ctr_bandit,0,0
8674,legacy_rule,0,0
8675,ctr_bandit,0,0
8676,ctr_bandit,0,0
8677,ctr_bandit,0,0
8678,ctr_bandit,1,0
8679,legacy_rule,0,0
8680,ctr_bandit,0,0
8681,legacy_rule,0,0
8682,ctr_bandit,1,0
8683,ctr_bandit,0,0
8684,legacy_rule,0,0
8685,ctr_bandit,0,0
8686,ctr_bandit,0,0
8687,legacy_rule,0,0
8688,ctr_bandit,0,0
8689,ctr_bandit,0,0
8690,legacy_rule,0,0
8691,legacy_rule,0,0
8692,ctr_bandit,0,0
8693,legacy_rule,0,0
8694,legacy_rule,0,0
8695,ctr_bandit,0,0
8696,ctr_bandit,0,0
8697,legacy_rule,0,0
8698,legacy_rule,1,1
8699,ctr_bandit,0,0
8700,legacy_rule,0,0
8701,ctr_bandit,0,0
8702,legacy_rule,0,0
8703,legacy_rule,0,0
8704,legacy_rule,0,0
8705,ctr_bandit,0,0
8706,legacy_rule,1,0
8707,ctr_bandit,0,0
8708,legacy_rule,0,0
8709,ctr_bandit,0,0
8710,ctr_bandit,0,0
8711,legacy_rule,0,0
8712,ctr_bandit,0,0
8713,legacy_rule,1,0
8714,legacy_rule,0,0
8715,legacy_rule,1,0
8716,legacy_rule,0,0
8717,ctr_bandit,1,0
8718,ctr_bandit,0,0
8719,legacy_rule,0,0
8720,ctr_bandit,1,0
8721,ctr_bandit,1,0
8722,legacy_rule,0,0
8723,ctr_bandit,0,0
8724,ctr_bandit,0,0
8725,ctr_bandit,0,0
8726,ctr_bandit,0,0
8727,ctr_bandit,0,0
8728,ctr_bandit,1,0
8729,ctr_bandit,1,0
8730,legacy_rule,0,0
8731,legacy_rule,0,0
8732,ctr_bandit,0,0
8733,ctr_bandit,0,0
8734,ctr_bandit,1,0
8735,ctr_bandit,0,0
8736,legacy_rule,0,0
8737,legacy_rule,0,0
8738,legacy_rule,0,0
8739,ctr_bandit,1,0
8740,ctr_bandit,1,0
8741,legacy_rule,0,0
8742,legacy_rule,1,0
8743,ctr_bandit,1,0
8744,ctr_bandit,1,0
8745,legacy_rule,1,1
8746,legacy_rule,0,0
8747,ctr_bandit,0,0
8748,ctr_bandit,1,0
8749,legacy_rule,1,0
8750,legacy_rule,0,0
8751,ctr_bandit,0,0
8752,ctr_bandit,0,0
8753,ctr_bandit,0,0
8754,ctr_bandit,0,0
8755,ctr_bandit,0,0
8756,ctr_bandit,1,0
8757,ctr_bandit,0,0
8758,ctr_bandit,1,0
8759,ctr_bandit,1,0
8760,legacy_rule,1,0
8761,ctr_bandit,1,0
8762,ctr_bandit,0,0
8763,legacy_rule,0,0
8764,ctr_bandit,0,0
8765,ctr_bandit,0,0
8766,ctr_bandit,0,0
8767,ctr_bandit,0,0
8768,legacy_rule,0,0
8769,legacy_rule,0,0
8770,ctr_bandit,0,0
8771,legacy_rule,0,0
8772,legacy_rule,0,0
8773,ctr_bandit,0,0
8774,ctr_bandit,0,0
8775,legacy_rule,1,0
8776,legacy_rule,1,0
8777,legacy_rule,1,0
8778,legacy_rule,0,0
8779,legacy_rule,1,0
8780,ctr_bandit,0,0
8781,legacy_rule,1,0
8782,legacy_rule,0,0
8783,ctr_bandit,0,0
8784,legacy_rule,0,0
8785,legacy_rule,0,0
8786,legacy_rule,0,0
8787,ctr_bandit,0,0
8788,legacy_rule,0,0
8789,legacy_rule,0,0
8790,legacy_rule,0,0
8791,ctr_bandit,1,0
8792,ctr_bandit,0,0
8793,legacy_rule,0,0
8794,ctr_bandit,0,0
8795,legacy_rule,1,1
8796,ctr_bandit,0,0
8797,ctr_bandit,0,0
8798,legacy_rule,0,0
8799,legacy_rule,0,0
8800,legacy_rule,0,0
8801,legacy_rule,0,0
8802,ctr_bandit,0,0
8803,ctr_bandit,0,0
8804,legacy_rule,0,0
8805,ctr_bandit,0,0
8806,ctr_bandit,0,0
8807,legacy_rule,0,0
8808,ctr_bandit,0,0
8809,ctr_bandit,0,0
8810,legacy_rule,0,0
8811,ctr_bandit,0,0
8812,legacy_rule,1,0
8813,ctr_bandit,0,0
8814,ctr_bandit,1,0
8815,ctr_bandit,0,0
8816,ctr_bandit,0,0
8817,ctr_bandit,0,0
8818,ctr_bandit,1,0
8819,ctr_bandit,1,0
8820,legacy_rule,0,0
8821,legacy_rule,0,0
8822,ctr_bandit,0,0
8823,legacy_rule,0,0
8824,ctr_bandit,1,0
8825,ctr_bandit,0,0
8826,legacy_rule,0,0
8827,legacy_rule,0,0
8828,ctr_bandit,0,0
8829,ctr_bandit,0,0
8830,ctr_bandit,1,0
8831,ctr_bandit,0,0
8832,ctr_bandit,0,0
8833,legacy_rule,0,0
8834,legacy_rule,1,0
8835,ctr_bandit,0,0
8836,legacy_rule,1,0
8837,legacy_rule,0,0
8838,ctr_bandit,0,0
8839,ctr_bandit,0,0
8840,legacy_rule,0,0
8841,legacy_rule,0,0
8842,ctr_bandit,0,0
8843,legacy_rule,0,0
8844,legacy_rule,0,0
8845,ctr_bandit,1,0
8846,legacy_rule,0,0
8847,legacy_rule,1,0
8848,legacy_rule,0,0
8849,ctr_bandit,0,0
8850,ctr_bandit,0,0
8851,legacy_rule,0,0
8852,legacy_rule,1,1
8853,legacy_rule,1,0
8854,legacy_rule,0,0
8855,ctr_bandit,1,0
8856,legacy_rule,1,0
8857,ctr_bandit,0,0
8858,ctr_bandit,0,0
8859,ctr_bandit,0,0
8860,ctr_bandit,1,0
8861,legacy_rule,0,0
8862,ctr_bandit,1,0
8863,legacy_rule,0,0
8864,legacy_rule,0,0
8865,legacy_rule,0,0
8866,ctr_bandit,0,0
8867,legacy_rule,1,0
8868,ctr_bandit,1,0
8869,legacy_rule,0,0
8870,ctr_bandit,0,0
8871,ctr_bandit,1,0
8872,legacy_rule,0,0
8873,legacy_rule,0,0
8874,ctr_bandit,0,0
8875,legacy_rule,0,0
8876,legacy_rule,0,0
8877,legacy_rule,0,0
8878,ctr_bandit,0,0
8879,ctr_bandit,0,0
8880,ctr_bandit,0,0
8881,ctr_bandit,1,0
8882,ctr_bandit,0,0
8883,ctr_bandit,0,0
8884,ctr_bandit,1,0
8885,ctr_bandit,0,0
8886,ctr_bandit,0,0
8887,ctr_bandit,0,0
8888,ctr_bandit,1,0
8889,legacy_rule,0,0
8890,ctr_bandit,1,0
8891,legacy_rule,0,0
8892,legacy_rule,1,0
8893,legacy_rule,0,0
8894,ctr_bandit,0,0
8895,ctr_bandit,0,0
8896,legacy_rule,0,0
8897,legacy_rule,0,0
8898,legacy_rule,1,1
8899,ctr_bandit,0,0
8900,ctr_bandit,0,0
8901,legacy_rule,0,0
8902,legacy_rule,0,0
8903,ctr_bandit,1,0
8904,legacy_rule,0,0
8905,legacy_rule,1,0
8906,ctr_bandit,1,0
8907,ctr_bandit,0,0
8908,ctr_bandit,0,0
8909,legacy_rule,0,0
8910,ctr_bandit,1,0
8911,ctr_bandit,0,0
8912,legacy_rule,0,0
8913,legacy_rule,0,0
8914,legacy_rule,1,1
8915,ctr_bandit,0,0
8916,ctr_bandit,1,0
8917,ctr_bandit,0,0
8918,legacy_rule,0,0
8919,ctr_bandit,0,0
8920,ctr_bandit,1,0
8921,ctr_bandit,0,0
8922,ctr_bandit,0,0
8923,ctr_bandit,1,1
8924,legacy_rule,1,0
8925,legacy_rule,0,0
8926,legacy_rule,0,0
8927,legacy_rule,0,0
8928,ctr_bandit,0,0
8929,ctr_bandit,0,0
8930,legacy_rule,0,0
8931,ctr_bandit,0,0
8932,ctr_bandit,0,0
8933,legacy_rule,0,0
8934,ctr_bandit,0,0
8935,legacy_rule,0,0
8936,legacy_rule,0,0
8937,ctr_bandit,0,0
8938,ctr_bandit,0,0
8939,ctr_bandit,1,0
8940,legacy_rule,0,0
8941,legacy_rule,0,0
8942,legacy_rule,0,0
8943,ctr_bandit,0,0
8944,legacy_rule,0,0
8945,legacy_rule,0,0
8946,legacy_rule,0,0
8947,ctr_bandit,0,0
8948,legacy_rule,0,0
8949,legacy_rule,0,0
8950,ctr_bandit,0,0
8951,legacy_rule,0,0
8952,legacy_rule,0,0
8953,ctr_bandit,1,0
8954,ctr_bandit,1,0
8955,legacy_rule,0,0
8956,legacy_rule,0,0
8957,legacy_rule,0,0
8958,legacy_rule,0,0
8959,ctr_bandit,0,0
8960,ctr_bandit,1,0
8961,legacy_rule,0,0
8962,ctr_bandit,0,0
8963,legacy_rule,0,0
8964,legacy_rule,0,0
8965,ctr_bandit,0,0
8966,legacy_rule,0,0
8967,ctr_bandit,1,0
8968,legacy_rule,0,0
8969,legacy_rule,1,1
8970,ctr_bandit,0,0
8971,ctr_bandit,1,0
8972,ctr_bandit,0,0
8973,ctr_bandit,0,0
8974,legacy_rule,0,0
8975,legacy_rule,0,0
8976,ctr_bandit,1,0
8977,legacy_rule,0,0
8978,legacy_rule,0,0
8979,legacy_rule,0,0
8980,legacy_rule,0,0
8981,ctr_bandit,0,0
8982,ctr_bandit,0,0
8983,legacy_rule,0,0
8984,ctr_bandit,1,0
8985,ctr_bandit,0,0
8986,ctr_bandit,1,0
8987,ctr_bandit,0,0
8988,ctr_bandit,0,0
8989,legacy_rule,1,0
8990,ctr_bandit,0,0
8991,legacy_rule,0,0
8992,ctr_bandit,0,0
8993,ctr_bandit,0,0
8994,ctr_bandit,0,0
8995,legacy_rule,0,0
8996,legacy_rule,0,0
8997,legacy_rule,0,0
8998,ctr_bandit,0,0
8999,legacy_rule,0,0
9000,legacy_rule,1,0
9001,ctr_bandit,0,0
9002,legacy_rule,0,0
9003,legacy_rule,0,0
9004,ctr_bandit,0,0
9005,legacy_rule,0,0
9006,ctr_bandit,0,0
9007,legacy_rule,0,0
9008,legacy_rule,1,0
9009,legacy_rule,0,0
9010,legacy_rule,0,0
9011,legacy_rule,0,0
9012,legacy_rule,0,0
9013,ctr_bandit,1,0
9014,legacy_rule,1,0
9015,ctr_bandit,1,0
9016,legacy_rule,0,0
9017,ctr_bandit,1,0
9018,legacy_rule,1,0
9019,legacy_rule,0,0
9020,ctr_bandit,1,0
9021,legacy_rule,1,0
9022,ctr_bandit,0,0
9023,ctr_bandit,1,0
9024,legacy_rule,0,0
9025,legacy_rule,0,0
9026,legacy_rule,0,0
9027,legacy_rule,0,0
9028,legacy_rule,0,0
9029,ctr_bandit,0,0
9030,legacy_rule,0,0
9031,ctr_bandit,0,0
9032,ctr_bandit,0,0
9033,ctr_bandit,0,0
9034,legacy_rule,0,0
9035,legacy_rule,0,0
9036,ctr_bandit,1,0
9037,ctr_bandit,0,0
9038,legacy_rule,0,0
9039,legacy_rule,0,0
9040,ctr_bandit,0,0
9041,ctr_bandit,0,0
9042,legacy_rule,0,0
9043,legacy_rule,1,0
9044,ctr_bandit,1,0
9045,ctr_bandit,1,0
9046,legacy_rule,0,0
9047,legacy_rule,0,0
9048,ctr_bandit,0,0
9049,ctr_bandit,0,0
9050,ctr_bandit,0,0
9051,ctr_bandit,0,0
9052,ctr_bandit,0,0
9053,legacy_rule,0,0
9054,legacy_rule,1,0
9055,ctr_bandit,0,0
9056,legacy_rule,1,0
9057,ctr_bandit,0,0
9058,legacy_rule,0,0
9059,ctr_bandit,1,0
9060,ctr_bandit,0,0
9061,legacy_rule,0,0
9062,ctr_bandit,0,0
9063,legacy_rule,0,0
9064,legacy_rule,0,0
9065,legacy_rule,0,0
9066,legacy_rule,0,0
9067,legacy_rule,0,0
9068,legacy_rule,0,0
9069,ctr_bandit,0,0
9070,legacy_rule,0,0
9071,legacy_rule,0,0
9072,legacy_rule,1,0
9073,ctr_bandit,0,0
9074,legacy_rule,0,0
9075,ctr_bandit,0,0
9076,ctr_bandit,0,0
9077,legacy_rule,1,0
9078,ctr_bandit,0,0
9079,legacy_rule,1,1
9080,legacy_rule,1,0
9081,ctr_bandit,0,0
9082,legacy_rule,0,0
9083,ctr_bandit,1,0
9084,ctr_bandit,1,0
9085,legacy_rule,0,0
9086,legacy_rule,0,0
9087,legacy_rule,0,0
9088,ctr_bandit,1,0
9089,ctr_bandit,0,0
9090,ctr_bandit,1,0
9091,ctr_bandit,0,0
9092,legacy_rule,0,0
9093,legacy_rule,0,0
9094,ctr_bandit,0,0
9095,ctr_bandit,0,0
9096,legacy_rule,0,0
9097,ctr_bandit,0,0
9098,legacy_rule,0,0
9099,legacy_rule,0,0
9100,ctr_bandit,1,0
9101,ctr_bandit,0,0
9102,ctr_bandit,1,0
9103,legacy_rule,0,0
9104,ctr_bandit,0,0
9105,legacy_rule,0,0
9106,legacy_rule,0,0
9107,legacy_rule,0,0
9108,ctr_bandit,0,0
9109,ctr_bandit,1,0
9110,legacy_rule,0,0
9111,legacy_rule,0,0
9112,ctr_bandit,0,0
9113,ctr_bandit,1,0
9114,legacy_rule,0,0
9115,ctr_bandit,0,0
9116,legacy_rule,0,0
9117,ctr_bandit,0,0
9118,legacy_rule,0,0
9119,ctr_bandit,0,0
9120,ctr_bandit,0,0
9121,legacy_rule,1,0
9122,legacy_rule,0,0
9123,legacy_rule,0,0
9124,ctr_bandit,0,0
9125,ctr_bandit,0,0
9126,ctr_bandit,0,0
9127,legacy_rule,0,0
9128,legacy_rule,0,0
9129,legacy_rule,0,0
9130,legacy_rule,0,0
9131,legacy_rule,0,0
9132,legacy_rule,0,0
9133,legacy_rule,0,0
9134,legacy_rule,0,0
9135,legacy_rule,0,0
9136,legacy_rule,0,0
9137,legacy_rule,1,0
9138,ctr_bandit,0,0
9139,legacy_rule,1,0
9140,legacy_rule,0,0
9141,ctr_bandit,0,0
9142,legacy_rule,1,0
9143,legacy_rule,0,0
9144,ctr_bandit,1,0
9145,legacy_rule,1,0
9146,legacy_rule,0,0
9147,ctr_bandit,1,0
9148,legacy_rule,0,0
9149,legacy_rule,0,0
9150,legacy_rule,1,0
9151,ctr_bandit,0,0
9152,ctr_bandit,1,0
9153,ctr_bandit,0,0
9154,legacy_rule,0,0
9155,ctr_bandit,0,0
9156,ctr_bandit,0,0
9157,ctr_bandit,1,0
9158,legacy_rule,0,0
9159,ctr_bandit,0,0
9160,ctr_bandit,1,0
9161,ctr_bandit,0,0
9162,legacy_rule,1,0
9163,ctr_bandit,1,0
9164,ctr_bandit,1,0
9165,ctr_bandit,1,0
9166,legacy_rule,0,0
9167,ctr_bandit,0,0
9168,ctr_bandit,0,0
9169,ctr_bandit,1,0
9170,legacy_rule,0,0
9171,legacy_rule,0,0
9172,legacy_rule,0,0
9173,ctr_bandit,0,0
9174,legacy_rule,0,0
9175,legacy_rule,0,0
9176,legacy_rule,0,0
9177,legacy_rule,0,0
9178,ctr_bandit,1,0
9179,ctr_bandit,0,0
9180,ctr_bandit,0,0
9181,legacy_rule,1,0
9182,legacy_rule,0,0
9183,legacy_rule,1,0
9184,legacy_rule,0,0
9185,ctr_bandit,0,0
9186,legacy_rule,1,0
9187,legacy_rule,0,0
9188,ctr_bandit,0,0
9189,ctr_bandit,0,0
9190,legacy_rule,0,0
9191,ctr_bandit,0,0
9192,ctr_bandit,1,0
9193,legacy_rule,1,0
9194,ctr_bandit,0,0
9195,legacy_rule,0,0
9196,ctr_bandit,0,0
9197,legacy_rule,0,0
9198,legacy_rule,0,0
9199,legacy_rule,0,0
9200,legacy_rule,0,0
9201,legacy_rule,0,0
9202,ctr_bandit,1,0
9203,ctr_bandit,0,0
9204,ctr_bandit,0,0
9205,ctr_bandit,0,0
9206,ctr_bandit,1,0
9207,legacy_rule,0,0
9208,legacy_rule,0,0
9209,ctr_bandit,0,0
9210,ctr_bandit,1,0
9211,legacy_rule,1,0
9212,ctr_bandit,1,0
9213,legacy_rule,0,0
9214,legacy_rule,1,0
9215,legacy_rule,0,0
9216,ctr_bandit,1,1
9217,ctr_bandit,0,0
9218,legacy_rule,0,0
9219,legacy_rule,0,0
9220,ctr_bandit,0,0
9221,legacy_rule,0,0
9222,legacy_rule,0,0
9223,legacy_rule,1,0
9224,ctr_bandit,1,0
9225,ctr_bandit,0,0
9226,ctr_bandit,0,0
9227,ctr_bandit,1,0
9228,legacy_rule,0,0
9229,ctr_bandit,0,0
9230,legacy_rule,0,0
9231,ctr_bandit,0,0
9232,ctr_bandit,0,0
9233,legacy_rule,0,0
9234,ctr_bandit,0,0
9235,legacy_rule,0,0
9236,ctr_bandit,0,0
9237,legacy_rule,0,0
9238,ctr_bandit,0,0
9239,legacy_rule,0,0
9240,ctr_bandit,0,0
9241,ctr_bandit,0,0
9242,ctr_bandit,0,0
9243,legacy_rule,0,0
9244,legacy_rule,0,0
9245,legacy_rule,0,0
9246,ctr_bandit,0,0
9247,legacy_rule,0,0
9248,ctr_bandit,0,0
9249,ctr_bandit,0,0
9250,ctr_bandit,1,0
9251,legacy_rule,1,0
9252,legacy_rule,0,0
9253,legacy_rule,0,0
9254,ctr_bandit,1,0
9255,ctr_bandit,0,0
9256,legacy_rule,0,0
9257,legacy_rule,0,0
9258,legacy_rule,1,0
9259,ctr_bandit,0,0
9260,ctr_bandit,1,0
9261,legacy_rule,1,0
9262,legacy_rule,0,0
9263,ctr_bandit,0,0
9264,legacy_rule,1,0
9265,legacy_rule,0,0
9266,legacy_rule,0,0
9267,legacy_rule,0,0
9268,legacy_rule,1,0
9269,ctr_bandit,0,0
9270,legacy_rule,0,0
9271,legacy_rule,0,0
9272,ctr_bandit,1,1
9273,legacy_rule,1,1
9274,legacy_rule,1,0
9275,ctr_bandit,1,0
9276,legacy_rule,0,0
9277,legacy_rule,0,0
9278,ctr_bandit,0,0
9279,legacy_rule,0,0
9280,ctr_bandit,0,0
9281,ctr_bandit,1,1
9282,legacy_rule,0,0
9283,ctr_bandit,1,0
9284,ctr_bandit,0,0
9285,ctr_bandit,1,1
9286,legacy_rule,0,0
9287,legacy_rule,0,0
9288,legacy_rule,0,0
9289,legacy_rule,0,0
9290,legacy_rule,1,0
9291,ctr_bandit,1,0
9292,legacy_rule,0,0
9293,ctr_bandit,0,0
9294,legacy_rule,0,0
9295,legacy_rule,1,1
9296,ctr_bandit,0,0
9297,legacy_rule,0,0
9298,legacy_rule,0,0
9299,ctr_bandit,0,0
9300,legacy_rule,0,0
9301,legacy_rule,1,0
9302,ctr_bandit,0,0
9303,legacy_rule,1,0
9304,legacy_rule,0,0
9305,legacy_rule,0,0
9306,ctr_bandit,0,0
9307,ctr_bandit,1,0
9308,ctr_bandit,0,0
9309,legacy_rule,0,0
9310,ctr_bandit,1,0
9311,ctr_bandit,0,0
9312,ctr_bandit,0,0
9313,ctr_bandit,1,0
9314,legacy_rule,0,0
9315,ctr_bandit,1,1
9316,ctr_bandit,1,0
9317,ctr_bandit,1,0
9318,ctr_bandit,1,0
9319,ctr_bandit,0,0
9320,legacy_rule,0,0
9321,legacy_rule,1,1
9322,ctr_bandit,0,0
9323,ctr_bandit,0,0
9324,legacy_rule,0,0
9325,ctr_bandit,0,0
9326,ctr_bandit,1,0
9327,legacy_rule,0,0
9328,ctr_bandit,0,0
9329,legacy_rule,0,0
9330,legacy_rule,0,0
9331,legacy_rule,1,0
9332,legacy_rule,0,0
9333,legacy_rule,1,0
9334,legacy_rule,0,0
9335,ctr_bandit,0,0
9336,legacy_rule,0,0
9337,legacy_rule,0,0
9338,ctr_bandit,0,0
9339,ctr_bandit,0,0
9340,legacy_rule,0,0
9341,ctr_bandit,0,0
9342,ctr_bandit,1,1
9343,ctr_bandit,0,0
9344,legacy_rule,0,0
9345,legacy_rule,1,0
9346,ctr_bandit,0,0
9347,ctr_bandit,0,0
9348,legacy_rule,0,0
9349,ctr_bandit,1,0
9350,ctr_bandit,0,0
9351,ctr_bandit,1,0
9352,ctr_bandit,1,0
9353,legacy_rule,0,0
9354,legacy_rule,0,0
9355,legacy_rule,0,0
9356,legacy_rule,0,0
9357,legacy_rule,1,0
9358,ctr_bandit,1,0
9359,ctr_bandit,0,0
9360,ctr_bandit,1,0
9361,ctr_bandit,1,0
9362,legacy_rule,1,1
9363,ctr_bandit,0,0
9364,legacy_rule,0,0
9365,ctr_bandit,0,0
9366,legacy_rule,0,0
9367,ctr_bandit,0,0
9368,legacy_rule,0,0
9369,legacy_rule,0,0
9370,legacy_rule,0,0
9371,legacy_rule,1,0
9372,legacy_rule,0,0
9373,ctr_bandit,0,0
9374,ctr_bandit,1,0
9375,legacy_rule,0,0
9376,legacy_rule,0,0
9377,legacy_rule,0,0
9378,ctr_bandit,0,0
9379,ctr_bandit,0,0
9380,ctr_bandit,1,0
9381,ctr_bandit,0,0
9382,ctr_bandit,0,0
9383,ctr_bandit,1,0
9384,ctr_bandit,1,0
9385,legacy_rule,0,0
9386,legacy_rule,0,0
9387,ctr_bandit,1,1
9388,legacy_rule,0,0
9389,legacy_rule,1,0
9390,ctr_bandit,0,0
9391,legacy_rule,1,0
9392,ctr_bandit,1,0
9393,legacy_rule,0,0
9394,legacy_rule,1,1
9395,legacy_rule,0,0
9396,ctr_bandit,1,0
9397,legacy_rule,0,0
9398,legacy_rule,0,0
9399,ctr_bandit,0,0
9400,legacy_rule,0,0
9401,ctr_bandit,1,1
9402,ctr_bandit,1,0
9403,legacy_rule,0,0
9404,ctr_bandit,0,0
9405,ctr_bandit,1,0
9406,ctr_bandit,0,0
9407,legacy_rule,0,0
9408,ctr_bandit,1,0
9409,legacy_rule,1,0
9410,legacy_rule,1,0
9411,ctr_bandit,1,0
9412,legacy_rule,0,0
9413,legacy_rule,0,0
9414,legacy_rule,0,0
9415,ctr_bandit,0,0
9416,ctr_bandit,0,0
9417,legacy_rule,1,0
9418,ctr_bandit,0,0
9419,legacy_rule,0,0
9420,legacy_rule,1,1
9421,ctr_bandit,1,0
9422,legacy_rule,1,0
9423,legacy_rule,0,0
9424,ctr_bandit,1,0
9425,legacy_rule,0,0
9426,ctr_bandit,0,0
9427,legacy_rule,0,0
9428,ctr_bandit,1,0
9429,legacy_rule,0,0
9430,ctr_bandit,0,0
9431,ctr_bandit,0,0
9432,ctr_bandit,0,0
9433,ctr_bandit,0,0
9434,legacy_rule,0,0
9435,legacy_rule,1,0
9436,legacy_rule,0,0
9437,legacy_rule,0,0
9438,ctr_bandit,0,0
9439,ctr_bandit,0,0
9440,ctr_bandit,0,0
9441,legacy_rule,0,0
9442,ctr_bandit,0,0
9443,legacy_rule,0,0
9444,legacy_rule,0,0
9445,ctr_bandit,1,0
9446,ctr_bandit,0,0
9447,legacy_rule,1,0
9448,ctr_bandit,1,0
9449,legacy_rule,0,0
9450,ctr_bandit,0,0
9451,ctr_bandit,0,0
9452,legacy_rule,0,0
9453,legacy_rule,0,0
9454,legacy_rule,0,0
9455,ctr_bandit,1,0
9456,ctr_bandit,0,0
9457,ctr_bandit,0,0
9458,ctr_bandit,0,0
9459,legacy_rule,0,0
9460,legacy_rule,0,0
9461,legacy_rule,0,0
9462,legacy_rule,0,0
9463,ctr_bandit,0,0
9464,legacy_rule,0,0
9465,legacy_rule,0,0
9466,ctr_bandit,0,0
9467,ctr_bandit,0,0
9468,legacy_rule,0,0
9469,ctr_bandit,1,0
9470,legacy_rule,0,0
9471,ctr_bandit,0,0
9472,ctr_bandit,0,0
9473,legacy_rule,0,0
9474,legacy_rule,0,0
9475,ctr_bandit,0,0
9476,ctr_bandit,0,0
9477,ctr_bandit,0,0
9478,ctr_bandit,0,0
9479,ctr_bandit,1,0
9480,legacy_rule,0,0
9481,legacy_rule,0,0
9482,legacy_rule,1,0
9483,ctr_bandit,1,0
9484,legacy_rule,0,0
9485,legacy_rule,1,0
9486,ctr_bandit,1,0
9487,legacy_rule,0,0
9488,ctr_bandit,0,0
9489,ctr_bandit,0,0
9490,ctr_bandit,0,0
9491,legacy_rule,0,0
9492,ctr_bandit,1,0
9493,ctr_bandit,0,0
9494,ctr_bandit,1,0
9495,ctr_bandit,0,0
9496,ctr_bandit,0,0
9497,legacy_rule,0,0
9498,legacy_rule,0,0
9499,ctr_bandit,1,0
9500,ctr_bandit,0,0
9501,ctr_bandit,0,0
9502,ctr_bandit,0,0
9503,ctr_bandit,1,0
9504,ctr_bandit,0,0
9505,ctr_bandit,0,0
9506,legacy_rule,0,0
9507,ctr_bandit,0,0
9508,legacy_rule,0,0
9509,ctr_bandit,0,0
9510,ctr_bandit,0,0
9511,ctr_bandit,0,0
9512,ctr_bandit,1,0
9513,legacy_rule,0,0
9514,legacy_rule,0,0
9515,legacy_rule,0,0
9516,ctr_bandit,0,0
9517,legacy_rule,0,0
9518,ctr_bandit,0,0
9519,legacy_rule,0,0
9520,legacy_rule,0,0
9521,legacy_rule,0,0
9522,ctr_bandit,0,0
9523,ctr_bandit,0,0
9524,legacy_rule,0,0
9525,ctr_bandit,1,0
9526,legacy_rule,1,1
9527,legacy_rule,0,0
9528,legacy_rule,0,0
9529,legacy_rule,0,0
9530,legacy_rule,0,0
9531,ctr_bandit,0,0
9532,legacy_rule,0,0
9533,legacy_rule,0,0
9534,legacy_rule,0,0
9535,legacy_rule,0,0
9536,legacy_rule,0,0
9537,ctr_bandit,0,0
9538,legacy_rule,0,0
9539,legacy_rule,0,0
9540,legacy_rule,0,0
9541,legacy_rule,1,0
9542,legacy_rule,0,0
9543,legacy_rule,1,0
9544,legacy_rule,1,0
9545,ctr_bandit,0,0
9546,ctr_bandit,0,0
9547,ctr_bandit,0,0
9548,legacy_rule,1,0
9549,ctr_bandit,0,0
9550,ctr_bandit,0,0
9551,ctr_bandit,1,0
9552,ctr_bandit,1,0
9553,legacy_rule,1,1
9554,legacy_rule,0,0
9555,ctr_bandit,0,0
9556,ctr_bandit,1,0
9557,ctr_bandit,0,0
9558,ctr_bandit,1,0
9559,legacy_rule,0,0
9560,legacy_rule,0,0
9561,ctr_bandit,0,0
9562,legacy_rule,0,0
9563,ctr_bandit,1,0
9564,ctr_bandit,1,0
9565,legacy_rule,1,1
9566,ctr_bandit,1,0
9567,legacy_rule,1,1
9568,legacy_rule,0,0
9569,legacy_rule,0,0
9570,legacy_rule,0,0
9571,ctr_bandit,0,0
9572,ctr_bandit,0,0
9573,legacy_rule,1,0
9574,ctr_bandit,1,0
9575,ctr_bandit,1,0
9576,ctr_bandit,1,0
9577,ctr_bandit,1,0
9578,legacy_rule,0,0
9579,ctr_bandit,0,0
9580,ctr_bandit,0,0
9581,ctr_bandit,0,0
9582,ctr_bandit,0,0
9583,ctr_bandit,1,0
9584,legacy_rule,0,0
9585,legacy_rule,1,0
9586,ctr_bandit,0,0
9587,ctr_bandit,1,1
9588,ctr_bandit,1,0
9589,legacy_rule,0,0
9590,ctr_bandit,0,0
9591,legacy_rule,0,0
9592,ctr_bandit,1,0
9593,ctr_bandit,0,0
9594,ctr_bandit,1,0
9595,ctr_bandit,0,0
9596,legacy_rule,1,0
9597,legacy_rule,0,0
9598,legacy_rule,1,0
9599,legacy_rule,0,0
9600,ctr_bandit,1,0
9601,ctr_bandit,0,0
9602,legacy_rule,0,0
9603,legacy_rule,1,0
9604,ctr_bandit,1,0
9605,ctr_bandit,1,0
9606,ctr_bandit,1,0
9607,legacy_rule,0,0
9608,legacy_rule,0,0
9609,legacy_rule,0,0
9610,legacy_rule,0,0
9611,legacy_rule,0,0
9612,legacy_rule,1,0
9613,ctr_bandit,0,0
9614,ctr_bandit,0,0
9615,legacy_rule,1,0
9616,legacy_rule,1,0
9617,legacy_rule,0,0
9618,ctr_bandit,0,0
9619,ctr_bandit,1,0
9620,legacy_rule,0,0
9621,ctr_bandit,0,0
9622,ctr_bandit,0,0
9623,legacy_rule,0,0
9624,ctr_bandit,1,0
9625,ctr_bandit,0,0
9626,legacy_rule,0,0
9627,ctr_bandit,0,0
9628,legacy_rule,0,0
9629,legacy_rule,1,0
9630,ctr_bandit,0,0
9631,ctr_bandit,1,0
9632,legacy_rule,0,0
9633,legacy_rule,0,0
9634,ctr_bandit,0,0
9635,ctr_bandit,1,0
9636,ctr_bandit,0,0
9637,ctr_bandit,1,0
9638,legacy_rule,0,0
9639,ctr_bandit,1,0
9640,legacy_rule,0,0
9641,ctr_bandit,1,0
9642,ctr_bandit,1,0
9643,ctr_bandit,0,0
9644,ctr_bandit,0,0
9645,ctr_bandit,0,0
9646,legacy_rule,0,0
9647,ctr_bandit,1,0
9648,legacy_rule,0,0
9649,ctr_bandit,0,0
9650,ctr_bandit,0,0
9651,ctr_bandit,1,0
9652,ctr_bandit,0,0
9653,ctr_bandit,0,0
9654,ctr_bandit,0,0
9655,ctr_bandit,1,0
9656,ctr_bandit,1,0
9657,legacy_rule,0,0
9658,legacy_rule,0,0
9659,ctr_bandit,0,0
9660,legacy_rule,0,0
9661,legacy_rule,0,0
9662,legacy_rule,1,1
9663,ctr_bandit,1,0
9664,ctr_bandit,1,1
9665,ctr_bandit,0,0
9666,legacy_rule,0,0
9667,ctr_bandit,0,0
9668,legacy_rule,0,0
9669,legacy_rule,0,0
9670,legacy_rule,1,0
9671,legacy_rule,1,0
9672,legacy_rule,0,0
9673,legacy_rule,1,1
9674,legacy_rule,0,0
9675,legacy_rule,0,0
9676,legacy_rule,1,0
9677,legacy_rule,0,0
9678,legacy_rule,0,0
9679,legacy_rule,0,0
9680,ctr_bandit,1,0
9681,ctr_bandit,0,0
9682,ctr_bandit,0,0
9683,ctr_bandit,1,0
9684,legacy_rule,0,0
9685,ctr_bandit,0,0
9686,ctr_bandit,1,0
9687,ctr_bandit,0,0
9688,legacy_rule,0,0
9689,legacy_rule,0,0
9690,ctr_bandit,1,0
9691,legacy_rule,0,0
9692,ctr_bandit,0,0
9693,ctr_bandit,0,0
9694,legacy_rule,1,0
9695,ctr_bandit,0,0
9696,legacy_rule,0,0
9697,ctr_bandit,1,1
9698,ctr_bandit,0,0
9699,legacy_rule,0,0
9700,legacy_rule,1,0
9701,ctr_bandit,1,0
9702,ctr_bandit,0,0
9703,legacy_rule,0,0
9704,legacy_rule,0,0
9705,legacy_rule,0,0
9706,legacy_rule,1,0
9707,ctr_bandit,1,1
9708,legacy_rule,0,0
9709,ctr_bandit,0,0
9710,ctr_bandit,0,0
9711,ctr_bandit,0,0
9712,legacy_rule,0,0
9713,legacy_rule,0,0
9714,legacy_rule,0,0
9715,legacy_rule,0,0
9716,legacy_rule,0,0
9717,legacy_rule,1,0
9718,ctr_bandit,0,0
9719,legacy_rule,1,0
9720,legacy_rule,0,0
9721,legacy_rule,0,0
9722,ctr_bandit,0,0
9723,ctr_bandit,0,0
9724,legacy_rule,0,0
9725,legacy_rule,0,0
9726,legacy_rule,0,0
9727,ctr_bandit,0,0
9728,legacy_rule,1,0
9729,legacy_rule,0,0
9730,ctr_bandit,0,0
9731,legacy_rule,0,0
9732,legacy_rule,0,0
9733,legacy_rule,0,0
9734,ctr_bandit,0,0
9735,legacy_rule,0,0
9736,ctr_bandit,0,0
9737,legacy_rule,0,0
9738,legacy_rule,0,0
9739,ctr_bandit,1,0
9740,ctr_bandit,1,0
9741,ctr_bandit,0,0
9742,ctr_bandit,0,0
9743,legacy_rule,0,0
9744,ctr_bandit,1,0
9745,legacy_rule,0,0
9746,legacy_rule,0,0
9747,legacy_rule,0,0
9748,ctr_bandit,1,0
9749,legacy_rule,0,0
9750,ctr_bandit,1,0
9751,legacy_rule,0,0
9752,legacy_rule,0,0
9753,legacy_rule,0,0
9754,legacy_rule,0,0
9755,ctr_bandit,0,0
9756,ctr_bandit,0,0
9757,legacy_rule,0,0
9758,ctr_bandit,1,0
9759,ctr_bandit,0,0
9760,ctr_bandit,0,0
9761,ctr_bandit,0,0
9762,ctr_bandit,0,0
9763,legacy_rule,0,0
9764,legacy_rule,0,0
9765,ctr_bandit,0,0
9766,ctr_bandit,1,0
9767,ctr_bandit,0,0
9768,legacy_rule,0,0
9769,legacy_rule,0,0
9770,legacy_rule,0,0
9771,legacy_rule,0,0
9772,legacy_rule,0,0
9773,ctr_bandit,0,0
9774,legacy_rule,0,0
9775,legacy_rule,0,0
9776,legacy_rule,0,0
9777,legacy_rule,1,1
9778,ctr_bandit,0,0
9779,legacy_rule,1,0
9780,ctr_bandit,0,0
9781,ctr_bandit,1,0
9782,legacy_rule,0,0
9783,legacy_rule,0,0
9784,legacy_rule,0,0
9785,legacy_rule,1,1
9786,legacy_rule,0,0
9787,legacy_rule,1,1
9788,legacy_rule,0,0
9789,legacy_rule,0,0
9790,legacy_rule,0,0
9791,ctr_bandit,0,0
9792,legacy_rule,0,0
9793,legacy_rule,0,0
9794,ctr_bandit,0,0
9795,legacy_rule,0,0
9796,legacy_rule,0,0
9797,ctr_bandit,0,0
9798,ctr_bandit,0,0
9799,ctr_bandit,0,0
9800,ctr_bandit,1,0
9801,ctr_bandit,1,0
9802,legacy_rule,0,0
9803,ctr_bandit,1,0
9804,legacy_rule,1,0
9805,legacy_rule,1,0
9806,ctr_bandit,1,0
9807,legacy_rule,0,0
9808,legacy_rule,0,0
9809,ctr_bandit,0,0
9810,legacy_rule,0,0
9811,ctr_bandit,0,0
9812,ctr_bandit,1,0
9813,ctr_bandit,1,0
9814,legacy_rule,0,0
9815,ctr_bandit,1,0
9816,legacy_rule,0,0
9817,ctr_bandit,0,0
9818,legacy_rule,0,0
9819,ctr_bandit,0,0
9820,legacy_rule,0,0
9821,legacy_rule,0,0
9822,ctr_bandit,1,0
9823,legacy_rule,0,0
9824,ctr_bandit,0,0
9825,ctr_bandit,0,0
9826,ctr_bandit,0,0
9827,legacy_rule,1,1
9828,ctr_bandit,1,0
9829,legacy_rule,0,0
9830,ctr_bandit,0,0
9831,legacy_rule,0,0
9832,legacy_rule,1,0
9833,legacy_rule,0,0
9834,legacy_rule,0,0
9835,ctr_bandit,1,0
9836,legacy_rule,1,0
9837,legacy_rule,0,0
9838,ctr_bandit,0,0
9839,ctr_bandit,0,0
9840,legacy_rule,0,0
9841,legacy_rule,0,0
9842,legacy_rule,0,0
9843,ctr_bandit,1,0
9844,ctr_bandit,0,0
9845,legacy_rule,0,0
9846,ctr_bandit,0,0
9847,ctr_bandit,0,0
9848,legacy_rule,0,0
9849,ctr_bandit,0,0
9850,legacy_rule,1,0
9851,ctr_bandit,1,0
9852,ctr_bandit,0,0
9853,ctr_bandit,0,0
9854,ctr_bandit,0,0
9855,legacy_rule,0,0
9856,legacy_rule,0,0
9857,legacy_rule,1,0
9858,ctr_bandit,1,1
9859,legacy_rule,1,0
9860,ctr_bandit,0,0
9861,ctr_bandit,1,0
9862,ctr_bandit,0,0
9863,legacy_rule,0,0
9864,ctr_bandit,0,0
9865,legacy_rule,1,0
9866,legacy_rule,0,0
9867,ctr_bandit,0,0
9868,legacy_rule,1,1
9869,ctr_bandit,1,1
9870,ctr_bandit,1,0
9871,ctr_bandit,1,0
9872,legacy_rule,0,0
9873,ctr_bandit,0,0
9874,ctr_bandit,1,0
9875,ctr_bandit,0,0
9876,legacy_rule,0,0
9877,ctr_bandit,0,0
9878,legacy_rule,0,0
9879,ctr_bandit,0,0
9880,legacy_rule,0,0
9881,legacy_rule,0,0
9882,ctr_bandit,1,0
9883,ctr_bandit,0,0
9884,legacy_rule,0,0
9885,ctr_bandit,0,0
9886,legacy_rule,1,0
9887,legacy_rule,0,0
9888,ctr_bandit,1,0
9889,ctr_bandit,1,0
9890,legacy_rule,1,0
9891,legacy_rule,0,0
9892,legacy_rule,0,0
9893,ctr_bandit,0,0
9894,ctr_bandit,1,0
9895,ctr_bandit,1,0
9896,legacy_rule,1,0
9897,legacy_rule,0,0
9898,ctr_bandit,0,0
9899,ctr_bandit,1,0
9900,ctr_bandit,1,0
9901,legacy_rule,0,0
9902,ctr_bandit,0,0
9903,ctr_bandit,1,0
9904,legacy_rule,1,0
9905,ctr_bandit,1,0
9906,ctr_bandit,1,1
9907,ctr_bandit,0,0
9908,legacy_rule,0,0
9909,legacy_rule,0,0
9910,ctr_bandit,0,0
9911,legacy_rule,0,0
9912,legacy_rule,0,0
9913,legacy_rule,0,0
9914,legacy_rule,0,0
9915,legacy_rule,1,1
9916,ctr_bandit,1,1
9917,legacy_rule,0,0
9918,ctr_bandit,1,0
9919,legacy_rule,0,0
9920,ctr_bandit,1,0
9921,legacy_rule,1,0
9922,legacy_rule,0,0
9923,legacy_rule,0,0
9924,ctr_bandit,0,0
9925,ctr_bandit,1,0
9926,legacy_rule,0,0
9927,legacy_rule,0,0
9928,legacy_rule,1,0
9929,legacy_rule,1,0
9930,ctr_bandit,1,0
9931,ctr_bandit,1,0
9932,legacy_rule,0,0
9933,ctr_bandit,0,0
9934,legacy_rule,0,0
9935,legacy_rule,1,0
9936,legacy_rule,1,0
9937,legacy_rule,1,0
9938,ctr_bandit,0,0
9939,ctr_bandit,0,0
9940,ctr_bandit,1,0
9941,legacy_rule,1,1
9942,legacy_rule,0,0
9943,legacy_rule,0,0
9944,ctr_bandit,0,0
9945,legacy_rule,0,0
9946,ctr_bandit,1,0
9947,ctr_bandit,1,0
9948,legacy_rule,1,0
9949,legacy_rule,0,0
9950,ctr_bandit,0,0
9951,legacy_rule,0,0
9952,legacy_rule,0,0
9953,ctr_bandit,0,0
9954,ctr_bandit,0,0
9955,ctr_bandit,1,0
9956,legacy_rule,0,0
9957,legacy_rule,1,0
9958,legacy_rule,0,0
9959,legacy_rule,0,0
9960,ctr_bandit,0,0
9961,ctr_bandit,1,0
9962,legacy_rule,0,0
9963,ctr_bandit,0,0
9964,ctr_bandit,0,0
9965,ctr_bandit,0,0
9966,legacy_rule,1,0
9967,legacy_rule,1,1
9968,ctr_bandit,0,0
9969,legacy_rule,0,0
9970,ctr_bandit,0,0
9971,ctr_bandit,0,0
9972,ctr_bandit,0,0
9973,ctr_bandit,0,0
9974,legacy_rule,0,0
9975,ctr_bandit,0,0
9976,legacy_rule,0,0
9977,legacy_rule,0,0
9978,legacy_rule,1,0
9979,legacy_rule,0,0
9980,ctr_bandit,0,0
9981,ctr_bandit,1,0
9982,ctr_bandit,1,0
9983,legacy_rule,0,0
9984,ctr_bandit,1,0
9985,legacy_rule,1,0
9986,legacy_rule,0,0
9987,ctr_bandit,1,0
9988,legacy_rule,0,0
9989,ctr_bandit,1,0
9990,ctr_bandit,0,0
9991,ctr_bandit,0,0
9992,legacy_rule,0,0
9993,ctr_bandit,0,0
9994,legacy_rule,0,0
9995,legacy_rule,0,0
9996,ctr_bandit,0,0
9997,ctr_bandit,0,0
9998,legacy_rule,0,0
9999,ctr_bandit,0,0
10000,legacy_rule,0,0
10001,legacy_rule,0,0
10002,ctr_bandit,1,0
10003,legacy_rule,0,0
10004,ctr_bandit,1,0
10005,legacy_rule,0,0
10006,ctr_bandit,0,0
10007,ctr_bandit,1,0
10008,legacy_rule,0,0
10009,ctr_bandit,0,0
10010,legacy_rule,0,0
10011,ctr_bandit,1,0
10012,ctr_bandit,0,0
10013,ctr_bandit,0,0
10014,ctr_bandit,1,0
10015,ctr_bandit,0,0
10016,legacy_rule,0,0
10017,ctr_bandit,0,0
10018,ctr_bandit,0,0
10019,ctr_bandit,0,0
10020,legacy_rule,0,0
10021,legacy_rule,0,0
10022,ctr_bandit,0,0
10023,legacy_rule,0,0
10024,legacy_rule,0,0
10025,ctr_bandit,0,0
10026,ctr_bandit,1,1
10027,legacy_rule,0,0
10028,ctr_bandit,0,0
10029,ctr_bandit,1,0
10030,legacy_rule,0,0
10031,legacy_rule,0,0
10032,ctr_bandit,0,0
10033,legacy_rule,0,0
10034,ctr_bandit,0,0
10035,legacy_rule,0,0
10036,legacy_rule,0,0
10037,legacy_rule,0,0
10038,legacy_rule,0,0
10039,ctr_bandit,0,0
10040,legacy_rule,0,0
10041,legacy_rule,1,1
10042,ctr_bandit,0,0
10043,ctr_bandit,0,0
10044,ctr_bandit,1,0
10045,ctr_bandit,0,0
10046,ctr_bandit,0,0
10047,legacy_rule,0,0
10048,legacy_rule,0,0
10049,ctr_bandit,0,0
10050,legacy_rule,1,1
10051,legacy_rule,0,0
10052,legacy_rule,0,0
10053,ctr_bandit,0,0
10054,ctr_bandit,0,0
10055,legacy_rule,0,0
10056,ctr_bandit,1,0
10057,legacy_rule,1,0
10058,legacy_rule,0,0
10059,ctr_bandit,0,0
10060,ctr_bandit,0,0
10061,ctr_bandit,0,0
10062,ctr_bandit,0,0
10063,legacy_rule,1,0
10064,ctr_bandit,0,0
10065,ctr_bandit,0,0
10066,legacy_rule,0,0
10067,ctr_bandit,0,0
10068,legacy_rule,0,0
10069,ctr_bandit,0,0
10070,ctr_bandit,1,0
10071,legacy_rule,0,0
10072,legacy_rule,1,0
10073,ctr_bandit,0,0
10074,legacy_rule,0,0
10075,ctr_bandit,0,0
10076,ctr_bandit,1,1
10077,ctr_bandit,1,0
10078,legacy_rule,0,0
10079,legacy_rule,0,0
10080,legacy_rule,0,0
10081,legacy_rule,0,0
10082,legacy_rule,0,0
10083,ctr_bandit,0,0
10084,legacy_rule,1,0
10085,legacy_rule,0,0
10086,legacy_rule,0,0
10087,legacy_rule,1,0
10088,ctr_bandit,0,0
10089,legacy_rule,0,0
10090,ctr_bandit,1,1
10091,ctr_bandit,1,0
10092,ctr_bandit,0,0
10093,legacy_rule,1,0
10094,ctr_bandit,0,0
10095,ctr_bandit,0,0
10096,ctr_bandit,0,0
10097,legacy_rule,0,0
10098,ctr_bandit,1,0
10099,ctr_bandit,1,0
10100,legacy_rule,0,0
10101,ctr_bandit,0,0
10102,ctr_bandit,1,0
10103,legacy_rule,0,0
10104,ctr_bandit,0,0
10105,legacy_rule,0,0
10106,ctr_bandit,1,1
10107,ctr_bandit,0,0
10108,ctr_bandit,0,0
10109,legacy_rule,0,0
10110,ctr_bandit,0,0
10111,legacy_rule,0,0
10112,legacy_rule,0,0
10113,ctr_bandit,0,0
10114,ctr_bandit,0,0
10115,legacy_rule,0,0
10116,legacy_rule,0,0
10117,ctr_bandit,0,0
10118,legacy_rule,0,0
10119,legacy_rule,1,0
10120,ctr_bandit,1,0
10121,ctr_bandit,0,0
10122,legacy_rule,1,0
10123,ctr_bandit,0,0
10124,legacy_rule,0,0
10125,legacy_rule,1,0
10126,legacy_rule,1,0
10127,ctr_bandit,0,0
10128,legacy_rule,0,0
10129,legacy_rule,0,0
10130,ctr_bandit,0,0
10131,ctr_bandit,0,0
10132,legacy_rule,0,0
10133,ctr_bandit,0,0
10134,legacy_rule,1,0
10135,ctr_bandit,1,0
10136,legacy_rule,0,0
10137,legacy_rule,1,0
10138,ctr_bandit,1,0
10139,ctr_bandit,1,0
10140,legacy_rule,0,0
10141,legacy_rule,0,0
10142,ctr_bandit,1,0
10143,ctr_bandit,0,0
10144,ctr_bandit,1,0
10145,ctr_bandit,0,0
10146,legacy_rule,0,0
10147,ctr_bandit,0,0
10148,legacy_rule,0,0
10149,legacy_rule,0,0
10150,ctr_bandit,0,0
10151,ctr_bandit,0,0
10152,ctr_bandit,1,0
10153,legacy_rule,0,0
10154,legacy_rule,0,0
10155,legacy_rule,0,0
10156,legacy_rule,1,0
10157,ctr_bandit,0,0
10158,legacy_rule,0,0
10159,ctr_bandit,1,0
10160,ctr_bandit,0,0
10161,legacy_rule,0,0
10162,legacy_rule,0,0
10163,ctr_bandit,0,0
10164,legacy_rule,0,0
10165,ctr_bandit,1,1
10166,legacy_rule,0,0
10167,ctr_bandit,0,0
10168,ctr_bandit,1,0
10169,ctr_bandit,0,0
10170,legacy_rule,0,0
10171,ctr_bandit,0,0
10172,legacy_rule,0,0
10173,legacy_rule,1,0
10174,legacy_rule,0,0
10175,legacy_rule,0,0
10176,ctr_bandit,0,0
10177,ctr_bandit,0,0
10178,ctr_bandit,1,0
10179,ctr_bandit,0,0
10180,ctr_bandit,0,0
10181,ctr_bandit,0,0
10182,ctr_bandit,1,0
10183,ctr_bandit,0,0
10184,ctr_bandit,1,0
10185,ctr_bandit,1,0
10186,legacy_rule,0,0
10187,ctr_bandit,0,0
10188,legacy_rule,0,0
10189,ctr_bandit,0,0
10190,ctr_bandit,0,0
10191,legacy_rule,0,0
10192,legacy_rule,1,0
10193,legacy_rule,1,0
10194,ctr_bandit,0,0
10195,ctr_bandit,0,0
10196,ctr_bandit,1,0
10197,ctr_bandit,0,0
10198,legacy_rule,0,0
10199,ctr_bandit,0,0
10200,legacy_rule,0,0
10201,legacy_rule,1,0
10202,ctr_bandit,0,0
10203,ctr_bandit,0,0
10204,legacy_rule,0,0
10205,legacy_rule,0,0
10206,legacy_rule,0,0
10207,ctr_bandit,1,0
10208,ctr_bandit,1,1
10209,ctr_bandit,0,0
10210,ctr_bandit,0,0
10211,ctr_bandit,0,0
10212,legacy_rule,0,0
10213,ctr_bandit,0,0
10214,legacy_rule,1,1
10215,ctr_bandit,0,0
10216,legacy_rule,0,0
10217,legacy_rule,1,0
10218,ctr_bandit,0,0
10219,ctr_bandit,1,0
10220,legacy_rule,0,0
10221,ctr_bandit,0,0
10222,legacy_rule,0,0
10223,legacy_rule,0,0
10224,ctr_bandit,0,0
10225,legacy_rule,0,0
10226,ctr_bandit,1,0
10227,ctr_bandit,0,0
10228,ctr_bandit,0,0
10229,ctr_bandit,0,0
10230,legacy_rule,1,0
10231,legacy_rule,0,0
10232,legacy_rule,1,1
10233,legacy_rule,0,0
10234,ctr_bandit,1,0
10235,legacy_rule,0,0
10236,ctr_bandit,0,0
10237,legacy_rule,0,0
10238,legacy_rule,0,0
10239,ctr_bandit,0,0
10240,legacy_rule,0,0
10241,legacy_rule,0,0
10242,ctr_bandit,1,0
10243,legacy_rule,1,0
10244,legacy_rule,0,0
10245,ctr_bandit,0,0
10246,legacy_rule,0,0
10247,ctr_bandit,0,0
10248,ctr_bandit,0,0
10249,ctr_bandit,1,1
10250,legacy_rule,1,0
10251,ctr_bandit,0,0
10252,legacy_rule,0,0
10253,ctr_bandit,1,0
10254,ctr_bandit,0,0
10255,ctr_bandit,0,0
10256,ctr_bandit,0,0
10257,ctr_bandit,1,0
10258,legacy_rule,0,0
10259,legacy_rule,0,0
10260,ctr_bandit,1,0
10261,legacy_rule,0,0
10262,ctr_bandit,0,0
10263,ctr_bandit,1,0
10264,ctr_bandit,0,0
10265,legacy_rule,1,0
10266,legacy_rule,0,0
10267,ctr_bandit,0,0
10268,legacy_rule,0,0
10269,legacy_rule,0,0
10270,legacy_rule,1,1
10271,legacy_rule,0,0
10272,legacy_rule,0,0
10273,ctr_bandit,1,0
10274,ctr_bandit,1,0
10275,legacy_rule,0,0
10276,legacy_rule,0,0
10277,legacy_rule,0,0
10278,legacy_rule,0,0
10279,ctr_bandit,0,0
10280,ctr_bandit,0,0
10281,ctr_bandit,1,0
10282,legacy_rule,0,0
10283,legacy_rule,0,0
10284,legacy_rule,0,0
10285,legacy_rule,0,0
10286,legacy_rule,0,0
10287,ctr_bandit,0,0
10288,legacy_rule,0,0
10289,ctr_bandit,0,0
10290,legacy_rule,0,0
10291,legacy_rule,0,0
10292,legacy_rule,0,0
10293,legacy_rule,1,0
10294,legacy_rule,0,0
10295,legacy_rule,0,0
10296,ctr_bandit,0,0
10297,ctr_bandit,1,0
10298,legacy_rule,1,0
10299,legacy_rule,0,0
10300,ctr_bandit,0,0
10301,legacy_rule,0,0
10302,ctr_bandit,0,0
10303,ctr_bandit,0,0
10304,ctr_bandit,0,0
10305,ctr_bandit,1,0
10306,legacy_rule,1,0
10307,ctr_bandit,0,0
10308,legacy_rule,0,0
10309,ctr_bandit,1,0
10310,legacy_rule,0,0
10311,legacy_rule,1,0
10312,legacy_rule,1,1
10313,ctr_bandit,1,0
10314,legacy_rule,1,0
10315,legacy_rule,0,0
10316,ctr_bandit,0,0
10317,ctr_bandit,1,0
10318,ctr_bandit,0,0
10319,legacy_rule,0,0
10320,legacy_rule,0,0
10321,legacy_rule,1,1
10322,ctr_bandit,0,0
10323,legacy_rule,0,0
10324,legacy_rule,0,0
10325,ctr_bandit,0,0
10326,legacy_rule,0,0
10327,legacy_rule,0,0
10328,legacy_rule,1,0
10329,legacy_rule,0,0
10330,legacy_rule,1,1
10331,legacy_rule,0,0
10332,legacy_rule,0,0
10333,ctr_bandit,0,0
10334,ctr_bandit,0,0
10335,legacy_rule,0,0
10336,ctr_bandit,1,0
10337,ctr_bandit,0,0
10338,legacy_rule,0,0
10339,legacy_rule,0,0
10340,ctr_bandit,1,0
10341,ctr_bandit,1,0
10342,ctr_bandit,0,0
10343,ctr_bandit,0,0
10344,ctr_bandit,0,0
10345,legacy_rule,0,0
10346,legacy_rule,0,0
10347,ctr_bandit,0,0
10348,ctr_bandit,1,0
10349,ctr_bandit,0,0
10350,legacy_rule,1,1
10351,legacy_rule,0,0
10352,legacy_rule,0,0
10353,ctr_bandit,0,0
10354,legacy_rule,0,0
10355,legacy_rule,0,0
10356,legacy_rule,1,0
10357,legacy_rule,0,0
10358,ctr_bandit,1,0
10359,ctr_bandit,0,0
10360,ctr_bandit,0,0
10361,legacy_rule,1,0
10362,legacy_rule,1,0
10363,ctr_bandit,0,0
10364,legacy_rule,1,0
10365,ctr_bandit,1,0
10366,ctr_bandit,0,0
10367,legacy_rule,0,0
10368,ctr_bandit,0,0
10369,ctr_bandit,0,0
10370,ctr_bandit,0,0
10371,ctr_bandit,0,0
10372,legacy_rule,0,0
10373,ctr_bandit,0,0
10374,ctr_bandit,1,0
10375,ctr_bandit,0,0
10376,ctr_bandit,0,0
10377,legacy_rule,0,0
10378,ctr_bandit,0,0
10379,ctr_bandit,0,0
10380,legacy_rule,0,0
10381,legacy_rule,0,0
10382,ctr_bandit,0,0
10383,legacy_rule,0,0
10384,ctr_bandit,0,0
10385,ctr_bandit,0,0
10386,ctr_bandit,1,0
10387,legacy_rule,0,0
10388,legacy_rule,0,0
10389,ctr_bandit,0,0
10390,ctr_bandit,1,0
10391,ctr_bandit,0,0
10392,legacy_rule,0,0
10393,ctr_bandit,0,0
10394,ctr_bandit,0,0
10395,ctr_bandit,1,0
10396,ctr_bandit,0,0
10397,ctr_bandit,0,0
10398,legacy_rule,1,1
10399,legacy_rule,0,0
10400,legacy_rule,0,0
10401,legacy_rule,0,0
10402,ctr_bandit,0,0
10403,ctr_bandit,0,0
10404,ctr_bandit,0,0
10405,ctr_bandit,1,0
10406,ctr_bandit,0,0
10407,ctr_bandit,0,0
10408,legacy_rule,0,0
10409,legacy_rule,1,0
10410,ctr_bandit,0,0
10411,legacy_rule,0,0
10412,legacy_rule,0,0
10413,legacy_rule,1,0
10414,ctr_bandit,1,0
10415,legacy_rule,0,0
10416,legacy_rule,0,0
10417,legacy_rule,0,0
10418,ctr_bandit,1,0
10419,legacy_rule,0,0
10420,ctr_bandit,0,0
10421,legacy_rule,0,0
10422,legacy_rule,1,0
10423,ctr_bandit,1,0
10424,ctr_bandit,0,0
10425,ctr_bandit,1,0
10426,legacy_rule,0,0
10427,legacy_rule,0,0
10428,legacy_rule,0,0
10429,legacy_rule,0,0
10430,legacy_rule,0,0
10431,legacy_rule,0,0
10432,legacy_rule,0,0
10433,legacy_rule,0,0
10434,legacy_rule,0,0
10435,legacy_rule,0,0
10436,legacy_rule,0,0
10437,legacy_rule,0,0
10438,ctr_bandit,0,0
10439,ctr_bandit,0,0
10440,legacy_rule,1,1
10441,ctr_bandit,0,0
10442,ctr_bandit,0,0
10443,legacy_rule,0,0
10444,ctr_bandit,0,0
10445,ctr_bandit,0,0
10446,ctr_bandit,0,0
10447,ctr_bandit,0,0
10448,ctr_bandit,1,0
10449,ctr_bandit,0,0
10450,ctr_bandit,0,0
10451,ctr_bandit,0,0
10452,ctr_bandit,1,0
10453,ctr_bandit,0,0
10454,ctr_bandit,0,0
10455,ctr_bandit,1,1
10456,ctr_bandit,1,0
10457,legacy_rule,1,0
10458,ctr_bandit,1,0
10459,legacy_rule,0,0
10460,ctr_bandit,0,0
10461,legacy_rule,0,0
10462,ctr_bandit,1,0
10463,legacy_rule,0,0
10464,legacy_rule,0,0
10465,legacy_rule,0,0
10466,legacy_rule,1,0
10467,legacy_rule,0,0
10468,legacy_rule,0,0
10469,legacy_rule,0,0
10470,ctr_bandit,0,0
10471,ctr_bandit,0,0
10472,ctr_bandit,0,0
10473,legacy_rule,0,0
10474,legacy_rule,0,0
10475,ctr_bandit,1,0
10476,legacy_rule,1,0
10477,ctr_bandit,1,0
10478,ctr_bandit,0,0
10479,ctr_bandit,0,0
10480,ctr_bandit,0,0
10481,legacy_rule,0,0
10482,legacy_rule,0,0
10483,legacy_rule,1,0
10484,ctr_bandit,1,0
10485,legacy_rule,0,0
10486,legacy_rule,1,0
10487,ctr_bandit,1,0
10488,ctr_bandit,0,0
10489,legacy_rule,1,0
10490,legacy_rule,0,0
10491,ctr_bandit,0,0
10492,ctr_bandit,0,0
10493,ctr_bandit,0,0
10494,legacy_rule,0,0
10495,ctr_bandit,0,0
10496,legacy_rule,0,0
10497,ctr_bandit,0,0
10498,ctr_bandit,1,0
10499,legacy_rule,0,0
10500,ctr_bandit,0,0
10501,ctr_bandit,1,0
10502,ctr_bandit,0,0
10503,ctr_bandit,0,0
10504,legacy_rule,0,0
10505,ctr_bandit,0,0
10506,ctr_bandit,1,0
10507,ctr_bandit,1,0
10508,ctr_bandit,1,0
10509,ctr_bandit,0,0
10510,ctr_bandit,1,0
10511,ctr_bandit,0,0
10512,ctr_bandit,1,0
10513,legacy_rule,0,0
10514,ctr_bandit,1,0
10515,legacy_rule,0,0
10516,ctr_bandit,0,0
10517,ctr_bandit,0,0
10518,legacy_rule,0,0
10519,legacy_rule,0,0
10520,legacy_rule,0,0
10521,legacy_rule,0,0
10522,ctr_bandit,0,0
10523,ctr_bandit,0,0
10524,legacy_rule,0,0
10525,ctr_bandit,0,0
10526,legacy_rule,0,0
10527,legacy_rule,0,0
10528,ctr_bandit,1,0
10529,ctr_bandit,1,0
10530,legacy_rule,1,1
10531,legacy_rule,0,0
10532,legacy_rule,1,0
10533,legacy_rule,0,0
10534,legacy_rule,0,0
10535,ctr_bandit,0,0
10536,ctr_bandit,0,0
10537,ctr_bandit,1,0
10538,ctr_bandit,0,0
10539,legacy_rule,1,0
10540,ctr_bandit,1,0
10541,legacy_rule,0,0
10542,legacy_rule,0,0
10543,legacy_rule,1,0
10544,legacy_rule,0,0
10545,legacy_rule,0,0
10546,ctr_bandit,0,0
10547,ctr_bandit,0,0
10548,legacy_rule,0,0
10549,legacy_rule,0,0
10550,ctr_bandit,0,0
10551,legacy_rule,0,0
10552,ctr_bandit,1,0
10553,legacy_rule,1,0
10554,ctr_bandit,0,0
10555,ctr_bandit,0,0
10556,legacy_rule,0,0
10557,legacy_rule,1,0
10558,legacy_rule,0,0
10559,legacy_rule,0,0
10560,ctr_bandit,0,0
10561,ctr_bandit,0,0
10562,ctr_bandit,0,0
10563,legacy_rule,1,0
10564,ctr_bandit,1,0
10565,legacy_rule,0,0
10566,ctr_bandit,0,0
10567,ctr_bandit,0,0
10568,legacy_rule,0,0
10569,legacy_rule,0,0
10570,legacy_rule,0,0
10571,ctr_bandit,1,0
10572,legacy_rule,1,0
10573,ctr_bandit,1,0
10574,legacy_rule,0,0
10575,ctr_bandit,0,0
10576,ctr_bandit,0,0
10577,ctr_bandit,0,0
10578,legacy_rule,0,0
10579,ctr_bandit,0,0
10580,legacy_rule,0,0
10581,legacy_rule,0,0
10582,legacy_rule,0,0
10583,legacy_rule,0,0
10584,legacy_rule,0,0
10585,legacy_rule,0,0
10586,ctr_bandit,0,0
10587,legacy_rule,1,0
10588,legacy_rule,0,0
10589,ctr_bandit,0,0
10590,legacy_rule,0,0
10591,ctr_bandit,1,0
10592,ctr_bandit,0,0
10593,ctr_bandit,0,0
10594,legacy_rule,1,0
10595,legacy_rule,0,0
10596,ctr_bandit,1,0
10597,legacy_rule,0,0
10598,ctr_bandit,0,0
10599,ctr_bandit,0,0
10600,ctr_bandit,1,0
10601,ctr_bandit,0,0
10602,ctr_bandit,0,0
10603,legacy_rule,0,0
10604,ctr_bandit,0,0
10605,ctr_bandit,1,0
10606,legacy_rule,0,0
10607,ctr_bandit,0,0
10608,legacy_rule,0,0
10609,ctr_bandit,0,0
10610,ctr_bandit,0,0
10611,legacy_rule,0,0
10612,legacy_rule,0,0
10613,ctr_bandit,0,0
10614,legacy_rule,1,1
10615,legacy_rule,0,0
10616,ctr_bandit,0,0
10617,ctr_bandit,0,0
10618,legacy_rule,0,0
10619,ctr_bandit,0,0
10620,ctr_bandit,0,0
10621,legacy_rule,1,0
10622,ctr_bandit,0,0
10623,legacy_rule,0,0
10624,legacy_rule,0,0
10625,ctr_bandit,0,0
10626,legacy_rule,0,0
10627,legacy_rule,0,0
10628,ctr_bandit,0,0
10629,legacy_rule,0,0
10630,legacy_rule,0,0
10631,ctr_bandit,1,0
10632,ctr_bandit,0,0
10633,ctr_bandit,0,0
10634,legacy_rule,0,0
10635,ctr_bandit,0,0
10636,ctr_bandit,0,0
10637,legacy_rule,0,0
10638,legacy_rule,1,1
10639,ctr_bandit,0,0
10640,ctr_bandit,1,0
10641,legacy_rule,0,0
10642,legacy_rule,0,0
10643,legacy_rule,0,0
10644,ctr_bandit,0,0
10645,ctr_bandit,0,0
10646,legacy_rule,0,0
10647,legacy_rule,0,0
10648,legacy_rule,0,0
10649,ctr_bandit,1,0
10650,legacy_rule,0,0
10651,ctr_bandit,0,0
10652,legacy_rule,0,0
10653,ctr_bandit,1,0
10654,ctr_bandit,0,0
10655,legacy_rule,0,0
10656,legacy_rule,0,0
10657,legacy_rule,0,0
10658,ctr_bandit,1,0
10659,ctr_bandit,0,0
10660,ctr_bandit,1,1
10661,ctr_bandit,0,0
10662,ctr_bandit,0,0
10663,legacy_rule,0,0
10664,ctr_bandit,0,0
10665,legacy_rule,0,0
10666,legacy_rule,1,0
10667,ctr_bandit,0,0
10668,ctr_bandit,0,0
10669,legacy_rule,1,0
10670,ctr_bandit,1,1
10671,ctr_bandit,1,0
10672,legacy_rule,0,0
10673,ctr_bandit,0,0
10674,legacy_rule,0,0
10675,ctr_bandit,1,0
10676,ctr_bandit,0,0
10677,legacy_rule,0,0
10678,ctr_bandit,0,0
10679,ctr_bandit,0,0
10680,ctr_bandit,0,0
10681,legacy_rule,0,0
10682,legacy_rule,0,0
10683,ctr_bandit,1,1
10684,legacy_rule,0,0
10685,legacy_rule,1,0
10686,ctr_bandit,1,0
10687,legacy_rule,1,0
10688,legacy_rule,0,0
10689,legacy_rule,0,0
10690,legacy_rule,0,0
10691,legacy_rule,1,0
10692,legacy_rule,0,0
10693,legacy_rule,0,0
10694,ctr_bandit,0,0
10695,legacy_rule,0,0
10696,legacy_rule,0,0
10697,ctr_bandit,0,0
10698,ctr_bandit,0,0
10699,ctr_bandit,1,1
10700,ctr_bandit,0,0
10701,ctr_bandit,1,0
10702,ctr_bandit,0,0
10703,legacy_rule,0,0
10704,ctr_bandit,0,0
10705,ctr_bandit,1,0
10706,ctr_bandit,0,0
10707,legacy_rule,0,0
10708,ctr_bandit,0,0
10709,ctr_bandit,0,0
10710,legacy_rule,1,0
10711,legacy_rule,0,0
10712,legacy_rule,0,0
10713,legacy_rule,1,1
10714,legacy_rule,1,0
10715,ctr_bandit,0,0
10716,ctr_bandit,0,0
10717,legacy_rule,0,0
10718,legacy_rule,0,0
10719,legacy_rule,0,0
10720,ctr_bandit,0,0
10721,ctr_bandit,1,0
10722,ctr_bandit,0,0
10723,legacy_rule,1,0
10724,ctr_bandit,0,0
10725,ctr_bandit,1,0
10726,ctr_bandit,0,0
10727,legacy_rule,0,0
10728,legacy_rule,0,0
10729,legacy_rule,1,0
10730,ctr_bandit,0,0
10731,legacy_rule,0,0
10732,legacy_rule,0,0
10733,ctr_bandit,1,0
10734,ctr_bandit,1,1
10735,legacy_rule,1,1
10736,legacy_rule,0,0
10737,ctr_bandit,1,0
10738,ctr_bandit,0,0
10739,ctr_bandit,0,0
10740,legacy_rule,1,0
10741,ctr_bandit,1,0
10742,ctr_bandit,0,0
10743,legacy_rule,0,0
10744,ctr_bandit,0,0
10745,legacy_rule,1,0
10746,legacy_rule,0,0
10747,legacy_rule,0,0
10748,legacy_rule,0,0
10749,ctr_bandit,1,0
10750,ctr_bandit,0,0
10751,ctr_bandit,1,0
10752,legacy_rule,0,0
10753,ctr_bandit,0,0
10754,ctr_bandit,1,1
10755,legacy_rule,0,0
10756,ctr_bandit,0,0
10757,ctr_bandit,0,0
10758,ctr_bandit,0,0
10759,legacy_rule,0,0
10760,legacy_rule,0,0
10761,legacy_rule,0,0
10762,ctr_bandit,0,0
10763,legacy_rule,0,0
10764,legacy_rule,0,0
10765,legacy_rule,0,0
10766,ctr_bandit,0,0
10767,legacy_rule,0,0
10768,legacy_rule,1,0
10769,ctr_bandit,0,0
10770,legacy_rule,0,0
10771,ctr_bandit,0,0
10772,ctr_bandit,1,0
10773,legacy_rule,0,0
10774,ctr_bandit,0,0
10775,ctr_bandit,0,0
10776,ctr_bandit,0,0
10777,legacy_rule,0,0
10778,legacy_rule,0,0
10779,legacy_rule,0,0
10780,legacy_rule,0,0
10781,ctr_bandit,0,0
10782,legacy_rule,1,0
10783,ctr_bandit,0,0
10784,legacy_rule,1,0
10785,ctr_bandit,1,0
10786,legacy_rule,0,0
10787,legacy_rule,1,0
10788,ctr_bandit,1,0
10789,ctr_bandit,0,0
10790,ctr_bandit,1,0
10791,ctr_bandit,0,0
10792,ctr_bandit,0,0
10793,legacy_rule,0,0
10794,ctr_bandit,0,0
10795,ctr_bandit,1,0
10796,legacy_rule,1,0
10797,legacy_rule,1,0
10798,ctr_bandit,0,0
10799,legacy_rule,0,0
10800,legacy_rule,0,0
10801,legacy_rule,1,0
10802,ctr_bandit,1,1
10803,legacy_rule,1,1
10804,ctr_bandit,0,0
10805,legacy_rule,0,0
10806,ctr_bandit,1,0
10807,ctr_bandit,0,0
10808,ctr_bandit,0,0
10809,legacy_rule,1,1
10810,legacy_rule,0,0
10811,legacy_rule,0,0
10812,ctr_bandit,0,0
10813,ctr_bandit,0,0
10814,ctr_bandit,0,0
10815,legacy_rule,1,0
10816,legacy_rule,1,0
10817,ctr_bandit,1,0
10818,ctr_bandit,0,0
10819,ctr_bandit,0,0
10820,ctr_bandit,0,0
10821,ctr_bandit,1,1
10822,ctr_bandit,1,1
10823,legacy_rule,1,0
10824,legacy_rule,0,0
10825,ctr_bandit,1,0
10826,ctr_bandit,0,0
10827,ctr_bandit,1,0
10828,ctr_bandit,1,0
10829,ctr_bandit,0,0
10830,legacy_rule,0,0
10831,legacy_rule,0,0
10832,ctr_bandit,0,0
10833,legacy_rule,0,0
10834,legacy_rule,1,0
10835,ctr_bandit,1,0
10836,ctr_bandit,0,0
10837,legacy_rule,1,0
10838,ctr_bandit,0,0
10839,legacy_rule,0,0
10840,legacy_rule,0,0
10841,legacy_rule,0,0
10842,legacy_rule,0,0
10843,legacy_rule,1,0
10844,ctr_bandit,1,0
10845,ctr_bandit,0,0
10846,legacy_rule,0,0
10847,ctr_bandit,1,0
10848,legacy_rule,0,0
10849,ctr_bandit,0,0
10850,ctr_bandit,0,0
10851,ctr_bandit,1,0
10852,ctr_bandit,0,0
10853,ctr_bandit,1,0
10854,ctr_bandit,0,0
10855,ctr_bandit,0,0
10856,ctr_bandit,0,0
10857,ctr_bandit,0,0
10858,legacy_rule,0,0
10859,ctr_bandit,0,0
10860,ctr_bandit,1,0
10861,legacy_rule,0,0
10862,legacy_rule,0,0
10863,ctr_bandit,1,0
10864,ctr_bandit,1,0
10865,legacy_rule,0,0
10866,legacy_rule,1,0
10867,ctr_bandit,1,0
10868,legacy_rule,0,0
10869,legacy_rule,0,0
10870,ctr_bandit,0,0
10871,ctr_bandit,1,0
10872,ctr_bandit,1,0
10873,ctr_bandit,0,0
10874,ctr_bandit,1,0
10875,ctr_bandit,1,0
10876,legacy_rule,0,0
10877,ctr_bandit,1,0
10878,legacy_rule,0,0
10879,legacy_rule,1,0
10880,legacy_rule,0,0
10881,ctr_bandit,1,1
10882,ctr_bandit,0,0
10883,ctr_bandit,1,0
10884,legacy_rule,0,0
10885,ctr_bandit,0,0
10886,ctr_bandit,1,1
10887,legacy_rule,0,0
10888,legacy_rule,1,1
10889,legacy_rule,0,0
10890,ctr_bandit,0,0
10891,legacy_rule,0,0
10892,ctr_bandit,1,0
10893,legacy_rule,0,0
10894,ctr_bandit,0,0
10895,ctr_bandit,1,0
10896,ctr_bandit,0,0
10897,ctr_bandit,0,0
10898,ctr_bandit,1,0
10899,ctr_bandit,1,0
10900,ctr_bandit,0,0
10901,ctr_bandit,1,0
10902,legacy_rule,0,0
10903,legacy_rule,1,0
10904,legacy_rule,0,0
10905,legacy_rule,0,0
10906,legacy_rule,0,0
10907,legacy_rule,0,0
10908,legacy_rule,0,0
10909,ctr_bandit,1,0
10910,legacy_rule,0,0
10911,legacy_rule,1,1
10912,ctr_bandit,1,1
10913,ctr_bandit,1,0
10914,legacy_rule,1,0
10915,ctr_bandit,0,0
10916,ctr_bandit,1,0
10917,ctr_bandit,0,0
10918,ctr_bandit,1,1
10919,ctr_bandit,0,0
10920,legacy_rule,0,0
10921,legacy_rule,0,0
10922,ctr_bandit,1,0
10923,legacy_rule,0,0
10924,legacy_rule,0,0
10925,ctr_bandit,0,0
10926,ctr_bandit,0,0
10927,ctr_bandit,0,0
10928,ctr_bandit,0,0
10929,legacy_rule,0,0
10930,legacy_rule,0,0
10931,legacy_rule,0,0
10932,legacy_rule,1,0
10933,legacy_rule,0,0
10934,ctr_bandit,1,0
10935,ctr_bandit,0,0
10936,ctr_bandit,1,0
10937,legacy_rule,0,0
10938,legacy_rule,0,0
10939,ctr_bandit,1,0
10940,ctr_bandit,0,0
10941,ctr_bandit,0,0
10942,legacy_rule,0,0
10943,ctr_bandit,1,0
10944,ctr_bandit,0,0
10945,legacy_rule,1,1
10946,ctr_bandit,1,0
10947,ctr_bandit,0,0
10948,ctr_bandit,0,0
10949,ctr_bandit,0,0
10950,ctr_bandit,1,0
10951,ctr_bandit,0,0
10952,ctr_bandit,1,0
10953,ctr_bandit,0,0
10954,ctr_bandit,0,0
10955,ctr_bandit,0,0
10956,ctr_bandit,1,0
10957,legacy_rule,1,0
10958,ctr_bandit,1,0
10959,legacy_rule,0,0
10960,ctr_bandit,0,0
10961,ctr_bandit,1,1
10962,legacy_rule,1,1
10963,ctr_bandit,0,0
10964,ctr_bandit,1,1
10965,ctr_bandit,0,0
10966,ctr_bandit,1,0
10967,ctr_bandit,0,0
10968,legacy_rule,0,0
10969,ctr_bandit,0,0
10970,legacy_rule,0,0
10971,legacy_rule,0,0
10972,ctr_bandit,0,0
10973,ctr_bandit,1,0
10974,ctr_bandit,1,0
10975,legacy_rule,0,0
10976,ctr_bandit,0,0
10977,legacy_rule,0,0
10978,ctr_bandit,0,0
10979,legacy_rule,1,1
10980,ctr_bandit,0,0
10981,legacy_rule,0,0
10982,ctr_bandit,1,0
10983,ctr_bandit,1,0
10984,legacy_rule,0,0
10985,legacy_rule,0,0
10986,legacy_rule,0,0
10987,ctr_bandit,0,0
10988,legacy_rule,0,0
10989,legacy_rule,0,0
10990,legacy_rule,0,0
10991,ctr_bandit,1,0
10992,legacy_rule,0,0
10993,legacy_rule,0,0
10994,ctr_bandit,0,0
10995,ctr_bandit,0,0
10996,ctr_bandit,0,0
10997,legacy_rule,0,0
10998,legacy_rule,0,0
10999,ctr_bandit,0,0
11000,legacy_rule,0,0
11001,ctr_bandit,0,0
11002,legacy_rule,0,0
11003,legacy_rule,0,0
11004,legacy_rule,0,0
11005,ctr_bandit,0,0
11006,legacy_rule,0,0
11007,ctr_bandit,1,0
11008,legacy_rule,0,0
11009,ctr_bandit,1,0
11010,ctr_bandit,0,0
11011,legacy_rule,0,0
11012,ctr_bandit,0,0
11013,ctr_bandit,0,0
11014,ctr_bandit,0,0
11015,legacy_rule,0,0
11016,legacy_rule,1,0
11017,legacy_rule,0,0
11018,ctr_bandit,0,0
11019,ctr_bandit,0,0
11020,ctr_bandit,1,1
11021,ctr_bandit,1,0
11022,legacy_rule,0,0
11023,legacy_rule,1,0
11024,legacy_rule,0,0
11025,ctr_bandit,1,1
11026,legacy_rule,0,0
11027,ctr_bandit,0,0
11028,ctr_bandit,0,0
11029,ctr_bandit,0,0
11030,ctr_bandit,0,0
11031,ctr_bandit,0,0
11032,ctr_bandit,0,0
11033,ctr_bandit,1,0
11034,legacy_rule,0,0
11035,ctr_bandit,0,0
11036,legacy_rule,0,0
11037,ctr_bandit,0,0
11038,ctr_bandit,0,0
11039,ctr_bandit,0,0
11040,ctr_bandit,0,0
11041,legacy_rule,1,0
11042,legacy_rule,0,0
11043,ctr_bandit,1,0
11044,ctr_bandit,1,0
11045,ctr_bandit,0,0
11046,legacy_rule,0,0
11047,ctr_bandit,0,0
11048,legacy_rule,0,0
11049,ctr_bandit,1,0
11050,ctr_bandit,0,0
11051,legacy_rule,0,0
11052,ctr_bandit,0,0
11053,ctr_bandit,1,0
11054,legacy_rule,0,0
11055,legacy_rule,0,0
11056,legacy_rule,0,0
11057,ctr_bandit,0,0
11058,ctr_bandit,0,0
11059,ctr_bandit,1,0
11060,ctr_bandit,1,0
11061,legacy_rule,0,0
11062,legacy_rule,0,0
11063,ctr_bandit,0,0
11064,ctr_bandit,0,0
11065,legacy_rule,1,0
11066,ctr_bandit,1,0
11067,legacy_rule,0,0
11068,ctr_bandit,0,0
11069,legacy_rule,0,0
11070,ctr_bandit,1,1
11071,ctr_bandit,0,0
11072,ctr_bandit,0,0
11073,ctr_bandit,0,0
11074,ctr_bandit,0,0
11075,ctr_bandit,1,0
11076,ctr_bandit,0,0
11077,ctr_bandit,0,0
11078,legacy_rule,0,0
11079,ctr_bandit,1,0
11080,legacy_rule,0,0
11081,legacy_rule,0,0
11082,ctr_bandit,0,0
11083,ctr_bandit,0,0
11084,ctr_bandit,1,0
11085,legacy_rule,0,0
11086,legacy_rule,0,0
11087,legacy_rule,0,0
11088,ctr_bandit,1,0
11089,legacy_rule,0,0
11090,ctr_bandit,0,0
11091,legacy_rule,0,0
11092,ctr_bandit,0,0
11093,ctr_bandit,0,0
11094,legacy_rule,0,0
11095,ctr_bandit,0,0
11096,ctr_bandit,0,0
11097,ctr_bandit,1,0
11098,ctr_bandit,1,0
11099,ctr_bandit,0,0
11100,ctr_bandit,1,0
11101,ctr_bandit,0,0
11102,legacy_rule,1,1
11103,legacy_rule,0,0
11104,legacy_rule,0,0
11105,ctr_bandit,1,0
11106,legacy_rule,0,0
11107,ctr_bandit,0,0
11108,ctr_bandit,0,0
11109,ctr_bandit,0,0
11110,legacy_rule,0,0
11111,legacy_rule,0,0
11112,ctr_bandit,0,0
11113,legacy_rule,0,0
11114,legacy_rule,0,0
11115,ctr_bandit,0,0
11116,ctr_bandit,1,0
11117,legacy_rule,0,0
11118,ctr_bandit,1,0
11119,ctr_bandit,0,0
11120,legacy_rule,0,0
11121,legacy_rule,0,0
11122,legacy_rule,0,0
11123,ctr_bandit,1,0
11124,ctr_bandit,0,0
11125,legacy_rule,0,0
11126,legacy_rule,0,0
11127,ctr_bandit,0,0
11128,ctr_bandit,1,0
11129,legacy_rule,0,0
11130,legacy_rule,0,0
11131,legacy_rule,0,0
11132,ctr_bandit,1,0
11133,ctr_bandit,0,0
11134,legacy_rule,0,0
11135,legacy_rule,0,0
11136,legacy_rule,0,0
11137,ctr_bandit,1,0
11138,ctr_bandit,1,0
11139,legacy_rule,1,0
11140,legacy_rule,0,0
11141,ctr_bandit,0,0
11142,ctr_bandit,1,0
11143,legacy_rule,0,0
11144,ctr_bandit,0,0
11145,ctr_bandit,0,0
11146,legacy_rule,0,0
11147,legacy_rule,1,0
11148,legacy_rule,1,0
11149,ctr_bandit,0,0
11150,ctr_bandit,1,0
11151,ctr_bandit,0,0
11152,ctr_bandit,0,0
11153,legacy_rule,1,1
11154,ctr_bandit,1,0
11155,legacy_rule,1,0
11156,legacy_rule,0,0
11157,legacy_rule,0,0
11158,ctr_bandit,0,0
11159,legacy_rule,0,0
11160,legacy_rule,0,0
11161,ctr_bandit,0,0
11162,ctr_bandit,0,0
11163,legacy_rule,1,1
11164,legacy_rule,0,0
11165,legacy_rule,1,0
11166,ctr_bandit,1,0
11167,legacy_rule,0,0
11168,ctr_bandit,0,0
11169,ctr_bandit,0,0
11170,legacy_rule,0,0
11171,ctr_bandit,1,0
11172,legacy_rule,0,0
11173,ctr_bandit,1,0
11174,ctr_bandit,0,0
11175,legacy_rule,0,0
11176,ctr_bandit,1,0
11177,legacy_rule,0,0
11178,legacy_rule,0,0
11179,legacy_rule,1,0
11180,ctr_bandit,0,0
11181,legacy_rule,0,0
11182,ctr_bandit,1,0
11183,legacy_rule,0,0
11184,ctr_bandit,0,0
11185,ctr_bandit,0,0
11186,ctr_bandit,0,0
11187,ctr_bandit,1,1
11188,ctr_bandit,0,0
11189,ctr_bandit,1,0
11190,ctr_bandit,0,0
11191,ctr_bandit,0,0
11192,ctr_bandit,0,0
11193,ctr_bandit,0,0
11194,legacy_rule,0,0
11195,ctr_bandit,0,0
11196,legacy_rule,0,0
11197,ctr_bandit,0,0
11198,legacy_rule,0,0
11199,legacy_rule,0,0
11200,legacy_rule,0,0
11201,ctr_bandit,0,0
11202,legacy_rule,0,0
11203,ctr_bandit,0,0
11204,ctr_bandit,0,0
11205,legacy_rule,1,0
11206,ctr_bandit,0,0
11207,legacy_rule,1,0
11208,legacy_rule,0,0
11209,ctr_bandit,0,0
11210,legacy_rule,1,0
11211,ctr_bandit,1,0
11212,ctr_bandit,0,0
11213,legacy_rule,0,0
11214,ctr_bandit,0,0
11215,legacy_rule,0,0
11216,legacy_rule,0,0
11217,ctr_bandit,1,0
11218,ctr_bandit,1,0
11219,legacy_rule,0,0
11220,legacy_rule,0,0
11221,ctr_bandit,1,0
11222,legacy_rule,0,0
11223,ctr_bandit,0,0
11224,legacy_rule,0,0
11225,ctr_bandit,0,0
11226,ctr_bandit,0,0
11227,legacy_rule,1,0
11228,ctr_bandit,1,0
11229,legacy_rule,0,0
11230,ctr_bandit,0,0
11231,legacy_rule,0,0
11232,legacy_rule,0,0
11233,legacy_rule,0,0
11234,legacy_rule,1,0
11235,legacy_rule,0,0
11236,ctr_bandit,1,0
11237,legacy_rule,0,0
11238,legacy_rule,1,0
11239,ctr_bandit,0,0
11240,ctr_bandit,1,0
11241,ctr_bandit,1,0
11242,ctr_bandit,1,0
11243,ctr_bandit,0,0
11244,ctr_bandit,1,0
11245,legacy_rule,0,0
11246,legacy_rule,0,0
11247,ctr_bandit,0,0
11248,ctr_bandit,0,0
11249,ctr_bandit,0,0
11250,ctr_bandit,1,0
11251,legacy_rule,0,0
11252,ctr_bandit,1,0
11253,legacy_rule,0,0
11254,ctr_bandit,0,0
11255,legacy_rule,0,0
11256,ctr_bandit,0,0
11257,legacy_rule,1,0
11258,ctr_bandit,0,0
11259,legacy_rule,0,0
11260,ctr_bandit,1,0
11261,legacy_rule,0,0
11262,ctr_bandit,0,0
11263,legacy_rule,0,0
11264,ctr_bandit,0,0
11265,ctr_bandit,0,0
11266,ctr_bandit,0,0
11267,ctr_bandit,0,0
11268,ctr_bandit,0,0
11269,legacy_rule,0,0
11270,ctr_bandit,0,0
11271,ctr_bandit,1,0
11272,ctr_bandit,0,0
11273,ctr_bandit,0,0
11274,ctr_bandit,0,0
11275,legacy_rule,0,0
11276,legacy_rule,0,0
11277,legacy_rule,0,0
11278,ctr_bandit,1,0
11279,ctr_bandit,0,0
11280,legacy_rule,0,0
11281,legacy_rule,0,0
11282,ctr_bandit,1,0
11283,ctr_bandit,0,0
11284,legacy_rule,0,0
11285,legacy_rule,0,0
11286,legacy_rule,0,0
11287,legacy_rule,0,0
11288,ctr_bandit,0,0
11289,legacy_rule,0,0
11290,ctr_bandit,0,0
11291,legacy_rule,0,0
11292,legacy_rule,0,0
11293,legacy_rule,0,0
11294,legacy_rule,0,0
11295,ctr_bandit,0,0
11296,legacy_rule,1,0
11297,legacy_rule,0,0
11298,ctr_bandit,0,0
11299,ctr_bandit,1,1
11300,legacy_rule,1,0
11301,ctr_bandit,1,0
11302,ctr_bandit,0,0
11303,legacy_rule,0,0
11304,legacy_rule,1,0
11305,legacy_rule,0,0
11306,ctr_bandit,0,0
11307,ctr_bandit,1,0
11308,legacy_rule,0,0
11309,ctr_bandit,0,0
11310,ctr_bandit,0,0
11311,ctr_bandit,1,1
11312,ctr_bandit,1,0
11313,legacy_rule,0,0
11314,legacy_rule,0,0
11315,legacy_rule,0,0
11316,ctr_bandit,1,0
11317,ctr_bandit,1,0
11318,ctr_bandit,1,0
11319,legacy_rule,0,0
11320,legacy_rule,1,0
11321,legacy_rule,0,0
11322,ctr_bandit,1,0
11323,ctr_bandit,1,0
11324,legacy_rule,0,0
11325,legacy_rule,0,0
11326,ctr_bandit,0,0
11327,legacy_rule,0,0
11328,ctr_bandit,0,0
11329,ctr_bandit,0,0
11330,legacy_rule,1,0
11331,ctr_bandit,1,0
11332,ctr_bandit,0,0
11333,legacy_rule,1,0
11334,ctr_bandit,0,0
11335,ctr_bandit,0,0
11336,ctr_bandit,0,0
11337,legacy_rule,0,0
11338,legacy_rule,0,0
11339,ctr_bandit,1,0
11340,legacy_rule,0,0
11341,ctr_bandit,0,0
11342,ctr_bandit,0,0
11343,ctr_bandit,0,0
11344,ctr_bandit,1,0
11345,legacy_rule,1,1
11346,ctr_bandit,0,0
11347,legacy_rule,0,0
11348,legacy_rule,1,0
11349,ctr_bandit,1,0
11350,ctr_bandit,1,0
11351,legacy_rule,0,0
11352,legacy_rule,0,0
11353,ctr_bandit,0,0
11354,ctr_bandit,0,0
11355,ctr_bandit,0,0
11356,ctr_bandit,1,0
11357,legacy_rule,0,0
11358,legacy_rule,0,0
11359,ctr_bandit,0,0
11360,ctr_bandit,0,0
11361,ctr_bandit,0,0
11362,legacy_rule,1,0
11363,ctr_bandit,0,0
11364,ctr_bandit,1,0
11365,legacy_rule,1,0
11366,legacy_rule,0,0
11367,legacy_rule,0,0
11368,ctr_bandit,1,0
11369,ctr_bandit,0,0
11370,ctr_bandit,0,0
11371,ctr_bandit,0,0
11372,legacy_rule,0,0
11373,legacy_rule,0,0
11374,ctr_bandit,1,0
11375,legacy_rule,0,0
11376,ctr_bandit,1,1
11377,legacy_rule,0,0
11378,legacy_rule,1,0
11379,ctr_bandit,0,0
11380,ctr_bandit,0,0
11381,ctr_bandit,1,1
11382,ctr_bandit,0,0
11383,ctr_bandit,1,0
11384,legacy_rule,0,0
11385,ctr_bandit,0,0
11386,ctr_bandit,0,0
11387,legacy_rule,0,0
11388,legacy_rule,0,0
11389,ctr_bandit,1,0
11390,legacy_rule,0,0
11391,legacy_rule,0,0
11392,ctr_bandit,1,0
11393,ctr_bandit,0,0
11394,legacy_rule,0,0
11395,ctr_bandit,0,0
11396,legacy_rule,0,0
11397,legacy_rule,0,0
11398,ctr_bandit,0,0
11399,legacy_rule,0,0
11400,legacy_rule,0,0
11401,ctr_bandit,0,0
11402,legacy_rule,0,0
11403,ctr_bandit,0,0
11404,ctr_bandit,0,0
11405,legacy_rule,0,0
11406,ctr_bandit,1,0
11407,legacy_rule,0,0
11408,legacy_rule,0,0
11409,legacy_rule,0,0
11410,ctr_bandit,0,0
11411,legacy_rule,0,0
11412,legacy_rule,1,0
11413,legacy_rule,0,0
11414,legacy_rule,0,0
11415,ctr_bandit,1,0
11416,ctr_bandit,0,0
11417,legacy_rule,0,0
11418,ctr_bandit,1,0
11419,legacy_rule,0,0
11420,legacy_rule,1,0
11421,ctr_bandit,0,0
11422,ctr_bandit,0,0
11423,ctr_bandit,0,0
11424,ctr_bandit,0,0
11425,ctr_bandit,0,0
11426,ctr_bandit,0,0
11427,legacy_rule,0,0
11428,ctr_bandit,0,0
11429,ctr_bandit,0,0
11430,legacy_rule,0,0
11431,ctr_bandit,1,0
11432,ctr_bandit,1,0
11433,ctr_bandit,0,0
11434,legacy_rule,0,0
11435,legacy_rule,0,0
11436,legacy_rule,0,0
11437,ctr_bandit,0,0
11438,legacy_rule,0,0
11439,ctr_bandit,1,1
11440,legacy_rule,0,0
11441,ctr_bandit,0,0
11442,ctr_bandit,0,0
11443,legacy_rule,1,0
11444,legacy_rule,1,0
11445,ctr_bandit,0,0
11446,legacy_rule,0,0
11447,legacy_rule,0,0
11448,legacy_rule,1,0
11449,ctr_bandit,0,0
11450,legacy_rule,0,0
11451,legacy_rule,0,0
11452,legacy_rule,0,0
11453,legacy_rule,0,0
11454,legacy_rule,0,0
11455,legacy_rule,0,0
11456,legacy_rule,0,0
11457,legacy_rule,0,0
11458,ctr_bandit,0,0
11459,legacy_rule,0,0
11460,ctr_bandit,0,0
11461,ctr_bandit,1,0
11462,legacy_rule,0,0
11463,ctr_bandit,1,1
11464,legacy_rule,0,0
11465,ctr_bandit,0,0
11466,ctr_bandit,0,0
11467,legacy_rule,1,0
11468,legacy_rule,1,0
11469,legacy_rule,0,0
11470,ctr_bandit,0,0
11471,legacy_rule,0,0
11472,legacy_rule,0,0
11473,ctr_bandit,1,0
11474,ctr_bandit,0,0
11475,legacy_rule,0,0
11476,ctr_bandit,0,0
11477,ctr_bandit,0,0
11478,ctr_bandit,0,0
11479,legacy_rule,0,0
11480,ctr_bandit,0,0
11481,legacy_rule,1,0
11482,legacy_rule,1,0
11483,ctr_bandit,0,0
11484,ctr_bandit,1,1
11485,ctr_bandit,0,0
11486,legacy_rule,0,0
11487,ctr_bandit,0,0
11488,ctr_bandit,0,0
11489,legacy_rule,0,0
11490,legacy_rule,0,0
11491,ctr_bandit,1,0
11492,ctr_bandit,1,0
11493,ctr_bandit,1,0
11494,ctr_bandit,1,0
11495,legacy_rule,1,0
11496,legacy_rule,1,0
11497,ctr_bandit,0,0
11498,legacy_rule,1,0
11499,legacy_rule,0,0
11500,ctr_bandit,0,0
11501,legacy_rule,0,0
11502,ctr_bandit,0,0
11503,ctr_bandit,1,0
11504,legacy_rule,0,0
11505,legacy_rule,0,0
11506,legacy_rule,0,0
11507,ctr_bandit,0,0
11508,legacy_rule,0,0
11509,legacy_rule,0,0
11510,legacy_rule,0,0
11511,legacy_rule,0,0
11512,ctr_bandit,0,0
11513,legacy_rule,1,0
11514,legacy_rule,0,0
11515,legacy_rule,0,0
11516,ctr_bandit,0,0
11517,legacy_rule,1,0
11518,legacy_rule,0,0
11519,ctr_bandit,1,0
11520,legacy_rule,0,0
11521,legacy_rule,1,0
11522,ctr_bandit,1,0
11523,ctr_bandit,0,0
11524,ctr_bandit,1,0
11525,legacy_rule,0,0
11526,legacy_rule,0,0
11527,legacy_rule,1,0
11528,ctr_bandit,0,0
11529,legacy_rule,0,0
11530,legacy_rule,0,0
11531,ctr_bandit,0,0
11532,legacy_rule,1,0
11533,ctr_bandit,0,0
11534,ctr_bandit,0,0
11535,ctr_bandit,0,0
11536,ctr_bandit,0,0
11537,legacy_rule,0,0
11538,ctr_bandit,1,0
11539,ctr_bandit,0,0
11540,legacy_rule,0,0
11541,ctr_bandit,0,0
11542,legacy_rule,0,0
11543,legacy_rule,0,0
11544,ctr_bandit,1,0
11545,legacy_rule,1,0
11546,ctr_bandit,1,0
11547,ctr_bandit,0,0
11548,legacy_rule,1,0
11549,legacy_rule,0,0
11550,ctr_bandit,0,0
11551,ctr_bandit,1,0
11552,legacy_rule,0,0
11553,ctr_bandit,0,0
11554,ctr_bandit,0,0
11555,legacy_rule,0,0
11556,legacy_rule,0,0
11557,legacy_rule,0,0
11558,ctr_bandit,0,0
11559,legacy_rule,1,0
11560,legacy_rule,0,0
11561,ctr_bandit,1,0
11562,ctr_bandit,1,0
11563,ctr_bandit,1,0
11564,ctr_bandit,0,0
11565,ctr_bandit,1,0
11566,ctr_bandit,0,0
11567,ctr_bandit,1,0
11568,ctr_bandit,1,0
11569,legacy_rule,0,0
11570,ctr_bandit,0,0
11571,ctr_bandit,0,0
11572,ctr_bandit,1,0
11573,legacy_rule,1,1
11574,legacy_rule,0,0
11575,ctr_bandit,0,0
11576,legacy_rule,0,0
11577,ctr_bandit,0,0
11578,ctr_bandit,1,0
11579,ctr_bandit,0,0
11580,ctr_bandit,0,0
11581,legacy_rule,0,0
11582,ctr_bandit,0,0
11583,ctr_bandit,0,0
11584,legacy_rule,1,0
11585,ctr_bandit,1,1
11586,ctr_bandit,1,0
11587,ctr_bandit,0,0
11588,legacy_rule,0,0
11589,legacy_rule,1,1
11590,legacy_rule,0,0
11591,legacy_rule,0,0
11592,legacy_rule,1,0
11593,legacy_rule,1,0
11594,ctr_bandit,1,0
11595,legacy_rule,0,0
11596,ctr_bandit,1,0
11597,ctr_bandit,0,0
11598,ctr_bandit,0,0
11599,legacy_rule,0,0
11600,legacy_rule,0,0
11601,legacy_rule,0,0
11602,legacy_rule,0,0
11603,legacy_rule,0,0
11604,legacy_rule,0,0
11605,ctr_bandit,0,0
11606,legacy_rule,1,0
11607,legacy_rule,0,0
11608,legacy_rule,0,0
11609,legacy_rule,0,0
11610,ctr_bandit,0,0
11611,ctr_bandit,0,0
11612,legacy_rule,0,0
11613,legacy_rule,1,1
11614,ctr_bandit,1,0
11615,ctr_bandit,0,0
11616,legacy_rule,0,0
11617,legacy_rule,0,0
11618,legacy_rule,0,0
11619,ctr_bandit,0,0
11620,legacy_rule,0,0
11621,legacy_rule,0,0
11622,ctr_bandit,1,0
11623,legacy_rule,0,0
11624,ctr_bandit,0,0
11625,ctr_bandit,0,0
11626,legacy_rule,0,0
11627,ctr_bandit,0,0
11628,ctr_bandit,0,0
11629,legacy_rule,0,0
11630,ctr_bandit,0,0
11631,ctr_bandit,0,0
11632,legacy_rule,1,1
11633,legacy_rule,0,0
11634,ctr_bandit,0,0
11635,ctr_bandit,0,0
11636,ctr_bandit,1,0
11637,legacy_rule,0,0
11638,legacy_rule,0,0
11639,legacy_rule,1,1
11640,legacy_rule,0,0
11641,legacy_rule,0,0
11642,legacy_rule,0,0
11643,legacy_rule,0,0
11644,ctr_bandit,0,0
11645,legacy_rule,0,0
11646,legacy_rule,1,0
11647,legacy_rule,1,1
11648,ctr_bandit,1,1
11649,legacy_rule,1,0
11650,legacy_rule,0,0
11651,ctr_bandit,1,0
11652,ctr_bandit,0,0
11653,legacy_rule,0,0
11654,ctr_bandit,0,0
11655,ctr_bandit,0,0
11656,legacy_rule,0,0
11657,ctr_bandit,1,0
11658,ctr_bandit,0,0
11659,ctr_bandit,0,0
11660,ctr_bandit,0,0
11661,ctr_bandit,0,0
11662,legacy_rule,0,0
11663,ctr_bandit,0,0
11664,legacy_rule,0,0
11665,ctr_bandit,0,0
11666,ctr_bandit,0,0
11667,ctr_bandit,1,0
11668,legacy_rule,0,0
11669,ctr_bandit,1,0
11670,legacy_rule,1,0
11671,legacy_rule,0,0
11672,ctr_bandit,1,0
11673,legacy_rule,0,0
11674,legacy_rule,0,0
11675,ctr_bandit,1,1
11676,legacy_rule,0,0
11677,legacy_rule,0,0
11678,legacy_rule,1,0
11679,ctr_bandit,1,0
11680,ctr_bandit,0,0
11681,legacy_rule,0,0
11682,ctr_bandit,0,0
11683,ctr_bandit,0,0
11684,ctr_bandit,0,0
11685,legacy_rule,0,0
11686,ctr_bandit,0,0
11687,legacy_rule,0,0
11688,ctr_bandit,0,0
11689,ctr_bandit,0,0
11690,legacy_rule,0,0
11691,ctr_bandit,0,0
11692,ctr_bandit,1,0
11693,legacy_rule,0,0
11694,ctr_bandit,1,0
11695,ctr_bandit,0,0
11696,ctr_bandit,0,0
11697,ctr_bandit,0,0
11698,legacy_rule,1,1
11699,ctr_bandit,0,0
11700,ctr_bandit,1,0
11701,legacy_rule,0,0
11702,ctr_bandit,0,0
11703,ctr_bandit,1,0
11704,ctr_bandit,1,0
11705,ctr_bandit,1,0
11706,legacy_rule,0,0
11707,legacy_rule,0,0
11708,ctr_bandit,1,0
11709,legacy_rule,0,0
11710,legacy_rule,1,0
11711,ctr_bandit,0,0
11712,legacy_rule,0,0
11713,ctr_bandit,0,0
11714,ctr_bandit,1,0
11715,ctr_bandit,1,0
11716,ctr_bandit,1,0
11717,ctr_bandit,0,0
11718,ctr_bandit,1,0
11719,legacy_rule,0,0
11720,ctr_bandit,0,0
11721,legacy_rule,0,0
11722,ctr_bandit,0,0
11723,legacy_rule,0,0
11724,ctr_bandit,0,0
11725,ctr_bandit,0,0
11726,ctr_bandit,0,0
11727,legacy_rule,1,0
11728,legacy_rule,0,0
11729,ctr_bandit,0,0
11730,legacy_rule,0,0
11731,ctr_bandit,1,0
11732,legacy_rule,1,0
11733,ctr_bandit,1,0
11734,ctr_bandit,1,1
11735,ctr_bandit,0,0
11736,ctr_bandit,0,0
11737,ctr_bandit,0,0
11738,legacy_rule,0,0
11739,legacy_rule,0,0
11740,legacy_rule,0,0
11741,ctr_bandit,0,0
11742,ctr_bandit,0,0
11743,ctr_bandit,0,0
11744,ctr_bandit,1,0
11745,legacy_rule,0,0
11746,legacy_rule,1,0
11747,ctr_bandit,1,0
11748,ctr_bandit,0,0
11749,ctr_bandit,0,0
11750,legacy_rule,0,0
11751,ctr_bandit,0,0
11752,ctr_bandit,1,0
11753,legacy_rule,1,0
11754,legacy_rule,0,0
11755,legacy_rule,0,0
11756,ctr_bandit,0,0
11757,legacy_rule,0,0
11758,ctr_bandit,1,0
11759,ctr_bandit,0,0
11760,ctr_bandit,0,0
11761,legacy_rule,0,0
11762,legacy_rule,0,0
11763,ctr_bandit,1,0
11764,ctr_bandit,1,0
11765,legacy_rule,0,0
11766,legacy_rule,0,0
11767,ctr_bandit,0,0
11768,ctr_bandit,0,0
11769,legacy_rule,0,0
11770,legacy_rule,0,0
11771,legacy_rule,0,0
11772,legacy_rule,1,0
11773,legacy_rule,0,0
11774,ctr_bandit,1,0
11775,ctr_bandit,1,0
11776,ctr_bandit,1,0
11777,legacy_rule,0,0
11778,ctr_bandit,0,0
11779,ctr_bandit,1,0
11780,legacy_rule,0,0
11781,ctr_bandit,0,0
11782,ctr_bandit,0,0
11783,legacy_rule,0,0
11784,legacy_rule,0,0
11785,legacy_rule,1,0
11786,ctr_bandit,0,0
11787,legacy_rule,1,0
11788,legacy_rule,1,0
11789,legacy_rule,0,0
11790,legacy_rule,0,0
11791,ctr_bandit,1,0
11792,ctr_bandit,1,0
11793,ctr_bandit,0,0
11794,ctr_bandit,0,0
11795,ctr_bandit,0,0
11796,ctr_bandit,0,0
11797,ctr_bandit,1,0
11798,legacy_rule,0,0
11799,legacy_rule,0,0
11800,ctr_bandit,1,0
11801,legacy_rule,1,1
11802,legacy_rule,0,0
11803,legacy_rule,1,0
11804,legacy_rule,0,0
11805,ctr_bandit,0,0
11806,ctr_bandit,0,0
11807,ctr_bandit,0,0
11808,legacy_rule,0,0
11809,ctr_bandit,0,0
11810,ctr_bandit,0,0
11811,ctr_bandit,1,0
11812,ctr_bandit,1,0
11813,legacy_rule,1,0
11814,legacy_rule,1,0
11815,legacy_rule,0,0
11816,ctr_bandit,0,0
11817,legacy_rule,0,0
11818,legacy_rule,0,0
11819,ctr_bandit,1,0
11820,ctr_bandit,1,0
11821,ctr_bandit,0,0
11822,legacy_rule,1,0
11823,legacy_rule,1,0
11824,ctr_bandit,1,0
11825,ctr_bandit,0,0
11826,legacy_rule,1,0
11827,legacy_rule,0,0
11828,ctr_bandit,1,1
11829,legacy_rule,1,0
11830,ctr_bandit,0,0
11831,legacy_rule,0,0
11832,ctr_bandit,1,0
11833,legacy_rule,0,0
11834,ctr_bandit,0,0
11835,legacy_rule,0,0
11836,ctr_bandit,0,0
11837,ctr_bandit,0,0
11838,ctr_bandit,0,0
11839,legacy_rule,1,0
11840,legacy_rule,0,0
11841,legacy_rule,0,0
11842,ctr_bandit,0,0
11843,legacy_rule,0,0
11844,ctr_bandit,0,0
11845,legacy_rule,0,0
11846,legacy_rule,0,0
11847,ctr_bandit,0,0
11848,ctr_bandit,0,0
11849,legacy_rule,1,0
11850,ctr_bandit,1,0
11851,legacy_rule,0,0
11852,legacy_rule,0,0
11853,ctr_bandit,0,0
11854,ctr_bandit,0,0
11855,legacy_rule,0,0
11856,legacy_rule,0,0
11857,legacy_rule,1,0
11858,ctr_bandit,0,0
11859,legacy_rule,0,0
11860,legacy_rule,0,0
11861,ctr_bandit,0,0
11862,ctr_bandit,1,0
11863,ctr_bandit,0,0
11864,ctr_bandit,0,0
11865,legacy_rule,1,0
11866,legacy_rule,0,0
11867,legacy_rule,0,0
11868,ctr_bandit,0,0
11869,legacy_rule,0,0
11870,ctr_bandit,0,0
11871,ctr_bandit,0,0
11872,ctr_bandit,0,0
11873,legacy_rule,0,0
11874,legacy_rule,1,0
11875,ctr_bandit,0,0
11876,legacy_rule,1,0
11877,ctr_bandit,0,0
11878,legacy_rule,1,0
11879,legacy_rule,0,0
11880,ctr_bandit,0,0
11881,ctr_bandit,0,0
11882,legacy_rule,1,0
11883,ctr_bandit,0,0
11884,legacy_rule,0,0
11885,legacy_rule,0,0
11886,ctr_bandit,1,0
11887,ctr_bandit,0,0
11888,ctr_bandit,0,0
11889,ctr_bandit,1,0
11890,ctr_bandit,0,0
11891,ctr_bandit,1,1
11892,ctr_bandit,0,0
11893,ctr_bandit,1,0
11894,legacy_rule,0,0
11895,legacy_rule,0,0
11896,legacy_rule,0,0
11897,ctr_bandit,0,0
11898,legacy_rule,1,1
11899,ctr_bandit,0,0
11900,legacy_rule,0,0
11901,legacy_rule,0,0
11902,ctr_bandit,0,0
11903,legacy_rule,1,0
11904,ctr_bandit,0,0
11905,legacy_rule,1,0
11906,ctr_bandit,0,0
11907,legacy_rule,1,0
11908,legacy_rule,1,1
11909,ctr_bandit,1,0
11910,ctr_bandit,0,0
11911,ctr_bandit,0,0
11912,legacy_rule,1,0
11913,legacy_rule,1,0
11914,legacy_rule,0,0
11915,legacy_rule,0,0
11916,ctr_bandit,0,0
11917,ctr_bandit,0,0
11918,ctr_bandit,0,0
11919,ctr_bandit,0,0
11920,ctr_bandit,1,0
11921,ctr_bandit,0,0
11922,ctr_bandit,0,0
11923,legacy_rule,0,0
11924,legacy_rule,0,0
11925,ctr_bandit,0,0
11926,legacy_rule,0,0
11927,legacy_rule,1,0
11928,legacy_rule,0,0
11929,ctr_bandit,0,0
11930,legacy_rule,0,0
11931,legacy_rule,0,0
11932,ctr_bandit,0,0
11933,legacy_rule,0,0
11934,ctr_bandit,1,0
11935,ctr_bandit,0,0
11936,ctr_bandit,0,0
11937,ctr_bandit,0,0
11938,legacy_rule,0,0
11939,legacy_rule,0,0
11940,legacy_rule,0,0
11941,ctr_bandit,0,0
11942,ctr_bandit,0,0
11943,ctr_bandit,1,0
11944,legacy_rule,0,0
11945,ctr_bandit,0,0
11946,legacy_rule,0,0
11947,ctr_bandit,0,0
11948,ctr_bandit,0,0
11949,legacy_rule,1,0
11950,ctr_bandit,1,0
11951,ctr_bandit,1,0
11952,ctr_bandit,0,0
11953,legacy_rule,0,0
11954,legacy_rule,0,0
11955,legacy_rule,1,0
11956,ctr_bandit,0,0
11957,ctr_bandit,0,0
11958,legacy_rule,0,0
11959,legacy_rule,0,0
11960,ctr_bandit,1,0
11961,legacy_rule,0,0
11962,legacy_rule,0,0
11963,ctr_bandit,1,0
11964,legacy_rule,0,0
11965,ctr_bandit,1,0
11966,ctr_bandit,0,0
11967,legacy_rule,0,0
11968,ctr_bandit,1,0
11969,ctr_bandit,0,0
11970,legacy_rule,0,0
11971,legacy_rule,0,0
11972,legacy_rule,0,0
11973,ctr_bandit,0,0
11974,legacy_rule,1,0
11975,legacy_rule,0,0
11976,legacy_rule,0,0
11977,ctr_bandit,1,0
11978,legacy_rule,0,0
11979,ctr_bandit,0,0
11980,legacy_rule,0,0
11981,ctr_bandit,0,0
11982,legacy_rule,0,0
11983,ctr_bandit,0,0
11984,legacy_rule,0,0
11985,ctr_bandit,0,0
11986,legacy_rule,1,0
11987,legacy_rule,0,0
11988,legacy_rule,0,0
11989,legacy_rule,0,0
11990,legacy_rule,0,0
11991,legacy_rule,0,0
11992,legacy_rule,0,0
11993,legacy_rule,0,0
11994,ctr_bandit,1,0
11995,legacy_rule,0,0
11996,ctr_bandit,1,0
11997,ctr_bandit,0,0
11998,legacy_rule,0,0
11999,legacy_rule,0,0
12000,legacy_rule,1,0
