order_id,order_date,customer_segment,channel,order_value
1,2024-09-11,returning,app,60.49
2,2024-02-04,returning,app,28.91
3,2025-05-06,returning,marketplace,100.2
4,2024-09-20,vip,marketplace,127.69
5,2024-10-12,vip,web,42.9
6,2024-08-22,returning,marketplace,48.74
7,2025-11-29,new,app,63.57
8,2024-11-06,vip,web,33.09
9,2024-11-21,new,marketplace,77.25
10,2025-04-14,returning,web,78.09
11,2025-01-16,returning,marketplace,65.87
12,2025-03-17,new,app,71.33
13,2025-06-28,returning,web,58.75
14,2024-11-14,returning,marketplace,47.29
15,2025-02-05,returning,app,60.89
16,2024-12-10,new,app,84.54
17,2025-04-23,new,marketplace,45.24
18,2025-11-04,returning,marketplace,69.74
19,2025-02-04,new,marketplace,46.86
20,2025-12-05,new,marketplace,58.59
21,2025-08-30,new,app,108.88
22,2024-05-12,returning,web,80.93
23,2024-12-17,vip,web,62.85
24,2024-01-21,new,web,72.44
25,2024-08-07,returning,web,41.68
26,2024-12-05,vip,web,36.24
27,2024-10-01,returning,marketplace,72.69
28,2025-06-12,returning,web,86.34
29,2025-02-25,returning,app,39.97
30,2024-07-28,vip,app,39.44
31,2025-02-01,vip,marketplace,54.57
32,2025-08-11,new,marketplace,39.31
33,2025-08-29,returning,marketplace,56.13
34,2024-05-26,returning,app,32.64
35,2025-10-05,new,marketplace,144.22
36,2024-02-25,new,app,110.12
37,2024-02-11,new,app,55.5
38,2025-05-04,new,web,79.92
39,2024-01-15,returning,web,76.87
40,2024-06-01,vip,app,27.22
41,2025-10-11,new,web,68.12
42,2025-12-02,returning,marketplace,80.5
43,2025-07-21,new,web,58.67
44,2025-06-12,returning,app,45.9
45,2025-03-03,new,marketplace,64.82
46,2024-09-02,returning,web,73.99
47,2024-07-09,returning,marketplace,106.89
48,2024-06-07,new,app,53.94
49,2025-11-24,returning,web,63.44
50,2024-04-04,vip,marketplace,32.02
51,2024-10-02,vip,app,142.62
52,2025-02-09,returning,marketplace,97.37
53,2025-03-01,new,marketplace,81.55
54,2025-06-09,returning,web,100.88
55,2024-12-03,returning,web,50.05
56,2025-03-29,returning,app,57.81
57,2025-10-02,new,web,56.24
58,2024-10-27,returning,web,25.72
59,2025-12-02,returning,web,26.39
60,2025-08-27,new,app,46.12
61,2024-05-11,new,app,56.52
62,2025-05-01,returning,web,67.09
63,2024-07-15,returning,app,22.45
64,2025-03-17,returning,web,46.28
65,2024-02-09,new,app,55.7
66,2024-11-28,new,marketplace,55.03
67,2025-12-06,returning,web,49.6
68,2025-12-06,returning,marketplace,71.7
69,2024-06-26,returning,app,70.21
70,2025-07-28,new,app,106.83
71,2024-10-17,new,web,56.79
72,2024-05-16,vip,marketplace,64.09
73,2024-08-27,new,marketplace,39.13
74,2025-06-17,returning,app,120.35
75,2024-06-20,new,marketplace,63.6
76,2024-08-19,returning,marketplace,71.62
77,2024-01-28,returning,app,37.3
78,2024-04-19,new,app,63.7
79,2024-10-22,returning,marketplace,66.54
80,2025-05-29,returning,marketplace,52.34
81,2025-12-26,vip,app,59.74
82,2024-11-16,new,web,57.59
83,2025-05-26,new,marketplace,31.12
84,2025-11-06,vip,marketplace,40.14
85,2025-02-02,returning,marketplace,48.2
86,2024-06-02,vip,app,30.25
87,2025-09-08,vip,app,42.47
88,2024-01-19,returning,web,62.03
89,2025-04-05,returning,marketplace,86.19
90,2024-03-05,returning,web,46.18
91,2025-07-17,vip,web,51.39
92,2025-06-05,returning,web,79.82
93,2025-10-21,new,web,65.54
94,2025-12-02,new,marketplace,60.68
95,2025-12-31,vip,app,45.69
96,2024-12-29,returning,marketplace,53.05
97,2024-11-03,returning,web,49.3
98,2024-01-29,returning,web,26.32
99,2025-02-19,vip,app,78.44
100,2024-12-15,new,marketplace,48.62
101,2025-11-28,returning,app,41.59
102,2024-07-05,new,web,72.33
103,2024-12-03,new,app,57.41
104,2024-07-09,new,app,39.6
105,2025-11-17,new,app,41.14
106,2025-02-15,new,web,29.95
107,2024-07-26,new,app,51.44
108,2025-04-30,returning,marketplace,102.37
109,2024-04-23,returning,marketplace,73.34
110,2024-07-18,returning,marketplace,77.4
111,2025-03-19,returning,marketplace,61.9
112,2024-06-21,vip,web,68.08
113,2025-11-04,returning,web,84.88
114,2025-05-04,new,app,71.58
115,2025-09-24,new,app,53.31
116,2025-07-11,new,web,200.59
117,2025-01-08,returning,marketplace,56.26
118,2024-12-12,new,app,51.82
119,2024-10-10,new,marketplace,32.63
120,2025-01-11,returning,marketplace,83.51
121,2024-11-20,vip,web,103.65
122,2024-10-08,returning,marketplace,61.5
123,2025-05-11,returning,web,51.73
124,2024-08-21,new,app,46.99
125,2024-08-23,vip,marketplace,89.5
126,2024-01-20,returning,marketplace,31.51
127,2025-09-04,new,marketplace,75.25
128,2025-11-21,returning,marketplace,50.56
129,2024-01-15,vip,web,124.23
130,2024-10-16,new,app,71.42
131,2025-10-11,returning,web,37.8
132,2025-03-20,returning,marketplace,108.24
133,2025-01-27,new,app,87.17
134,2024-10-21,new,marketplace,48.21
135,2025-07-31,new,app,88.43
136,2024-04-03,new,web,78.16
137,2024-02-18,returning,marketplace,66.29
138,2025-07-24,returning,marketplace,31.33
139,2024-10-23,returning,marketplace,35.44
140,2025-05-22,returning,web,76.99
141,2025-08-22,returning,app,92.14
142,2024-12-04,returning,web,39.66
143,2025-03-03,new,marketplace,41.09
144,2025-05-16,new,app,37.36
145,2024-11-04,new,web,105.99
146,2025-11-23,vip,marketplace,56.28
147,2024-11-04,returning,web,61.85
148,2024-10-02,new,app,71.28
149,2024-07-12,returning,marketplace,56.55
150,2024-07-20,new,marketplace,76.67
151,2024-12-02,returning,marketplace,127.61
152,2024-06-09,new,app,101.82
153,2025-09-19,returning,marketplace,69.53
154,2024-08-12,new,app,67.3
155,2025-06-22,returning,app,98.28
156,2025-01-03,new,web,49.96
157,2024-11-12,new,app,64.73
158,2025-11-20,new,marketplace,29.15
159,2024-12-29,returning,web,54.23
160,2024-03-30,returning,marketplace,48.24
161,2025-11-30,returning,app,63.35
162,2024-01-05,new,app,36.3
163,2025-11-01,vip,web,38.09
164,2024-11-07,returning,marketplace,42.74
165,2025-05-27,vip,web,60.03
166,2025-07-21,new,web,58.23
167,2024-10-23,returning,app,56.75
168,2024-05-02,new,app,81.2
169,2025-02-09,new,app,53.33
170,2025-12-03,vip,app,68.34
171,2024-12-05,returning,marketplace,24.13
172,2025-07-11,vip,marketplace,158.05
173,2024-05-18,new,web,49.69
174,2024-09-22,new,app,59.88
175,2025-08-26,new,marketplace,76.77
176,2024-05-25,returning,marketplace,68.86
177,2025-03-07,vip,web,85.9
178,2025-05-03,returning,marketplace,35.52
179,2024-01-21,vip,web,40.73
180,2024-11-21,returning,marketplace,83.25
181,2025-12-31,new,marketplace,112.33
182,2024-03-22,returning,marketplace,54.55
183,2024-10-06,vip,app,58.11
184,2025-10-30,returning,app,46.24
185,2024-09-26,returning,marketplace,52.43
186,2024-06-25,returning,marketplace,43.1
187,2025-01-14,new,marketplace,46.59
188,2025-12-14,new,web,32.89
189,2024-06-28,new,marketplace,75.43
190,2024-12-02,returning,app,147.01
191,2025-11-19,returning,web,46.43
192,2025-01-08,returning,app,30.06
193,2024-06-21,returning,web,42.3
194,2024-11-10,returning,app,68.42
195,2024-08-16,new,web,60.93
196,2024-12-06,new,app,27.75
197,2025-02-06,new,marketplace,49.79
198,2025-01-18,new,marketplace,85.73
199,2024-08-03,new,app,71.5
200,2025-09-09,returning,web,48.34
201,2024-01-08,vip,app,32.58
202,2024-10-26,new,app,26.07
203,2025-07-02,new,web,36.72
204,2024-01-31,returning,web,86.12
205,2024-05-06,returning,marketplace,91.41
206,2024-05-13,returning,web,107.51
207,2024-12-26,returning,app,73.46
208,2024-06-15,new,web,57.53
209,2024-10-29,returning,app,49.47
210,2024-06-28,returning,marketplace,40.74
211,2025-10-14,new,web,114.42
212,2025-02-16,returning,web,92.79
213,2024-07-18,new,app,82.72
214,2024-10-11,new,marketplace,71.01
215,2024-10-27,new,marketplace,35.86
216,2024-12-05,new,app,141.66
217,2024-12-22,returning,web,50.85
218,2025-04-23,returning,app,45.24
219,2025-01-12,new,marketplace,55.23
220,2025-12-17,vip,app,55.9
221,2025-10-27,new,web,94.3
222,2025-05-13,new,web,64.4
223,2025-05-09,returning,app,27.11
224,2025-05-19,returning,app,49.01
225,2025-08-07,returning,marketplace,103.13
226,2024-03-23,returning,app,152.59
227,2025-12-27,new,app,49.69
228,2024-01-29,new,marketplace,121.17
229,2025-08-04,returning,web,26.26
230,2025-11-19,returning,web,35.5
231,2025-02-05,returning,web,49.0
232,2025-07-19,new,app,58.62
233,2025-02-20,returning,web,66.11
234,2024-02-05,new,app,61.36
235,2025-11-10,new,marketplace,150.5
236,2024-05-10,returning,app,51.34
237,2025-10-12,new,app,47.63
238,2025-04-12,vip,marketplace,45.88
239,2024-05-26,returning,marketplace,56.56
240,2024-11-18,returning,web,65.17
241,2025-04-06,new,web,57.72
242,2024-10-23,returning,web,37.21
243,2024-09-07,new,marketplace,64.5
244,2025-05-19,returning,app,82.85
245,2024-07-08,new,marketplace,104.53
246,2025-06-26,new,marketplace,38.09
247,2024-12-09,returning,marketplace,74.16
248,2024-06-25,vip,web,133.66
249,2025-08-16,returning,app,86.22
250,2024-02-11,returning,web,63.79
251,2025-08-19,new,app,47.13
252,2025-03-01,new,marketplace,35.06
253,2024-01-14,vip,marketplace,28.55
254,2025-05-14,returning,app,44.36
255,2024-12-12,new,marketplace,84.57
256,2024-05-11,new,app,97.75
257,2025-05-19,new,app,68.24
258,2025-01-27,vip,marketplace,73.29
259,2025-12-18,returning,marketplace,46.95
260,2025-07-05,returning,marketplace,40.15
261,2025-03-26,returning,web,31.87
262,2024-03-15,returning,marketplace,32.03
263,2025-11-17,new,web,76.21
264,2025-01-14,returning,app,54.24
265,2025-09-26,new,marketplace,44.41
266,2024-08-25,new,marketplace,116.63
267,2024-09-09,vip,marketplace,51.7
268,2024-10-07,new,web,74.05
269,2024-09-04,returning,marketplace,57.62
270,2025-12-03,new,web,43.72
271,2025-03-11,new,marketplace,103.45
272,2025-04-01,returning,marketplace,51.92
273,2025-11-13,new,marketplace,111.12
274,2024-12-08,vip,app,58.82
275,2025-11-15,new,marketplace,64.37
276,2025-11-14,new,web,32.3
277,2025-10-20,new,marketplace,98.3
278,2025-09-11,new,marketplace,51.94
279,2024-05-11,returning,app,96.5
280,2024-02-12,returning,marketplace,28.98
281,2025-03-18,vip,web,47.31
282,2024-09-02,new,marketplace,63.29
283,2024-01-12,new,app,46.87
284,2025-09-05,returning,app,40.3
285,2024-10-01,returning,marketplace,97.63
286,2024-05-15,new,web,63.12
287,2024-12-01,returning,app,46.76
288,2024-04-12,returning,web,84.78
289,2025-09-07,returning,marketplace,85.14
290,2025-12-18,new,marketplace,67.25
291,2024-06-02,returning,web,53.05
292,2024-09-28,new,web,61.25
293,2024-01-27,new,web,66.17
294,2024-09-10,vip,web,33.68
295,2025-08-07,new,app,38.93
296,2025-05-17,vip,web,44.16
297,2024-09-24,new,web,100.1
298,2025-12-25,returning,app,52.94
299,2024-06-12,vip,app,53.64
300,2024-09-06,returning,marketplace,78.46
301,2025-09-03,returning,web,52.19
302,2025-06-18,returning,web,37.88
303,2025-12-05,returning,marketplace,72.13
304,2024-12-28,vip,web,68.01
305,2024-06-08,returning,marketplace,63.13
306,2025-11-19,new,app,115.34
307,2025-05-31,new,marketplace,55.41
308,2025-08-12,new,web,63.82
309,2025-03-16,new,marketplace,43.12
310,2025-02-26,new,marketplace,77.39
311,2025-01-13,new,web,44.37
312,2025-01-28,vip,web,69.89
313,2025-07-07,returning,app,30.59
314,2025-08-14,returning,app,53.91
315,2024-05-25,new,web,42.33
316,2024-03-02,vip,app,83.09
317,2024-04-13,vip,marketplace,48.71
318,2024-11-12,returning,app,24.15
319,2025-05-27,new,marketplace,58.8
320,2024-07-09,new,web,108.01
321,2025-12-13,new,web,41.8
322,2025-08-06,vip,marketplace,71.52
323,2025-03-05,returning,app,65.58
324,2024-05-17,returning,web,63.95
325,2025-12-22,new,marketplace,68.32
326,2025-12-07,new,app,40.05
327,2024-08-22,new,marketplace,84.71
328,2025-12-07,vip,web,127.05
329,2025-06-17,returning,web,32.49
330,2024-10-01,vip,web,48.5
331,2025-01-23,new,marketplace,33.71
332,2025-05-23,new,web,41.82
333,2024-12-07,new,web,71.14
334,2025-08-29,returning,app,80.58
335,2025-08-25,vip,web,60.1
336,2024-11-25,returning,marketplace,88.65
337,2025-08-03,new,web,46.5
338,2025-09-25,returning,marketplace,39.91
339,2025-04-22,vip,app,76.5
340,2024-07-03,vip,app,38.57
341,2024-02-23,returning,web,55.45
342,2024-08-24,new,marketplace,145.39
343,2024-01-13,new,app,35.28
344,2025-12-15,new,web,109.19
345,2024-11-29,returning,web,82.19
346,2024-03-20,new,marketplace,59.33
347,2024-05-16,new,marketplace,93.22
348,2024-05-25,returning,app,55.99
349,2025-04-07,new,marketplace,44.97
350,2024-11-26,returning,web,51.03
351,2024-08-16,returning,web,63.35
352,2025-12-24,new,web,77.59
353,2024-05-13,new,marketplace,126.62
354,2025-04-16,returning,web,87.77
355,2024-01-12,new,app,66.01
356,2025-12-08,returning,app,217.65
357,2024-08-15,vip,web,32.8
358,2024-05-03,new,app,55.2
359,2025-07-17,returning,app,40.38
360,2025-03-18,returning,app,51.19
361,2024-06-22,new,marketplace,63.98
362,2025-09-18,new,web,64.69
363,2025-10-12,new,web,65.74
364,2025-06-13,returning,web,60.7
365,2024-09-30,returning,marketplace,43.56
366,2024-06-25,new,marketplace,63.39
367,2024-12-24,new,web,38.85
368,2025-01-23,returning,app,61.46
369,2024-02-12,returning,app,23.44
370,2024-07-31,new,web,108.2
371,2024-12-06,new,marketplace,49.57
372,2025-02-18,returning,marketplace,90.36
373,2024-12-13,returning,app,52.71
374,2024-01-27,returning,marketplace,49.76
375,2024-01-05,vip,web,55.11
376,2025-07-30,new,app,50.56
377,2025-08-03,returning,app,83.55
378,2025-12-06,new,web,186.31
379,2025-02-21,returning,app,67.64
380,2024-12-18,new,web,49.12
381,2025-03-04,new,marketplace,48.68
382,2024-05-06,new,marketplace,43.39
383,2025-07-15,new,marketplace,35.79
384,2025-03-26,returning,app,73.94
385,2024-09-10,new,app,74.85
386,2025-02-02,vip,app,88.45
387,2024-01-17,new,app,98.8
388,2025-05-06,new,web,57.13
389,2025-11-18,new,app,35.68
390,2024-06-01,new,web,96.81
391,2025-08-06,returning,web,85.81
392,2025-06-03,returning,web,50.62
393,2025-08-29,returning,marketplace,42.4
394,2024-03-07,returning,web,33.74
395,2024-10-25,returning,web,49.45
396,2025-10-01,new,marketplace,64.15
397,2024-05-24,returning,marketplace,140.12
398,2025-01-04,vip,app,83.88
399,2025-04-07,vip,web,94.71
400,2024-11-01,new,web,65.72
401,2024-02-10,vip,web,87.15
402,2025-12-18,new,marketplace,93.86
403,2025-12-30,returning,web,138.28
404,2025-10-31,vip,marketplace,53.85
405,2025-11-05,vip,app,63.84
406,2025-03-07,new,web,49.92
407,2024-11-01,returning,marketplace,53.38
408,2025-03-08,returning,web,51.85
409,2024-01-30,vip,app,78.08
410,2025-04-04,vip,marketplace,49.07
411,2025-06-07,returning,web,37.4
412,2024-05-19,returning,marketplace,44.06
413,2024-01-28,returning,marketplace,49.62
414,2025-09-03,returning,marketplace,49.18
415,2025-11-27,new,web,102.94
416,2025-04-30,new,web,31.73
417,2024-03-27,vip,marketplace,57.84
418,2025-12-13,returning,app,87.08
419,2025-01-10,new,marketplace,56.63
420,2025-07-08,vip,web,67.43
421,2025-08-16,returning,marketplace,66.55
422,2024-02-08,vip,app,80.38
423,2024-07-14,new,marketplace,75.27
424,2024-09-27,returning,web,56.76
425,2024-06-21,new,web,74.84
426,2025-03-09,returning,web,34.79
427,2025-02-14,returning,web,59.44
428,2025-01-07,new,app,51.17
429,2025-01-17,new,app,98.81
430,2025-11-30,returning,marketplace,45.05
431,2024-10-19,returning,app,37.78
432,2025-12-03,new,web,42.71
433,2024-04-02,returning,app,79.56
434,2025-01-13,new,web,99.9
435,2025-08-28,vip,app,59.24
436,2025-11-20,returning,app,61.89
437,2025-10-06,returning,marketplace,69.93
438,2025-08-13,returning,app,94.96
439,2025-12-29,vip,app,138.15
440,2025-11-23,new,app,55.79
441,2024-04-05,new,app,45.75
442,2025-10-09,new,web,41.27
443,2025-08-17,new,app,43.6
444,2025-09-27,new,web,51.81
445,2024-06-07,new,app,95.4
446,2024-01-27,new,marketplace,49.91
447,2025-05-02,new,marketplace,65.3
448,2025-01-03,new,marketplace,67.94
449,2025-12-18,new,web,85.9
450,2025-03-31,new,app,75.14
451,2024-03-25,new,web,36.84
452,2024-10-07,vip,web,54.69
453,2024-05-18,new,marketplace,242.74
454,2024-12-25,returning,web,88.51
455,2024-08-28,returning,app,74.66
456,2024-02-13,new,web,34.83
457,2024-09-30,vip,marketplace,52.9
458,2025-02-16,new,app,63.18
459,2025-01-25,returning,web,82.04
460,2025-07-22,returning,web,155.22
461,2024-12-09,returning,app,30.32
462,2025-09-24,new,marketplace,161.8
463,2025-12-28,new,web,28.9
464,2025-10-21,returning,web,105.18
465,2025-11-13,new,app,69.01
466,2024-07-31,new,marketplace,51.15
467,2024-02-08,vip,app,30.18
468,2025-05-31,new,marketplace,45.37
469,2025-08-02,new,marketplace,34.4
470,2025-04-26,returning,web,40.62
471,2024-03-29,new,marketplace,99.06
472,2025-12-08,returning,marketplace,61.42
473,2024-01-20,new,web,81.6
474,2025-12-20,new,web,79.0
475,2025-07-28,new,web,26.78
476,2025-07-22,new,web,50.87
477,2025-05-30,returning,app,120.72
478,2024-04-14,new,marketplace,67.41
479,2025-11-25,returning,app,29.37
480,2025-08-18,returning,app,74.45
481,2024-07-18,new,web,47.28
482,2024-10-06,returning,marketplace,134.71
483,2024-06-19,returning,marketplace,71.79
484,2024-11-21,returning,app,50.1
485,2025-02-09,returning,marketplace,79.59
486,2024-01-25,new,marketplace,107.73
487,2025-11-02,new,app,50.96
488,2024-08-28,new,marketplace,53.27
489,2024-12-20,returning,web,70.1
490,2024-11-08,vip,marketplace,27.24
491,2025-01-28,new,app,56.29
492,2025-02-07,vip,marketplace,43.68
493,2025-06-10,new,marketplace,32.85
494,2025-08-23,new,web,36.31
495,2024-07-06,returning,marketplace,67.35
496,2025-07-12,vip,app,53.87
497,2024-12-09,vip,web,62.14
498,2024-11-16,new,web,54.02
499,2024-12-07,vip,app,45.16
500,2025-01-29,new,web,73.48
501,2025-01-24,new,app,37.14
502,2025-10-26,returning,app,32.16
503,2024-02-02,returning,web,21.87
504,2024-04-13,returning,web,63.9
505,2025-12-15,returning,web,42.01
506,2024-06-17,returning,app,52.18
507,2024-08-22,new,app,56.67
508,2025-06-07,new,app,72.52
509,2025-05-10,new,marketplace,60.04
510,2025-10-15,new,app,61.85
511,2025-04-03,new,web,48.17
512,2025-07-04,returning,web,35.77
513,2024-04-21,new,app,74.95
514,2024-07-15,new,marketplace,117.15
515,2024-01-06,new,marketplace,77.22
516,2025-01-19,new,marketplace,61.93
517,2025-09-15,returning,marketplace,55.19
518,2025-11-19,vip,marketplace,69.87
519,2025-12-08,new,marketplace,131.61
520,2024-03-28,new,marketplace,86.5
521,2025-01-07,returning,app,53.09
522,2025-04-21,returning,app,112.43
523,2024-12-13,new,app,52.97
524,2025-12-27,returning,marketplace,25.92
525,2025-12-11,new,app,68.92
526,2024-07-01,new,marketplace,33.9
527,2024-07-09,new,marketplace,72.84
528,2024-09-22,new,web,45.49
529,2024-07-17,returning,app,36.25
530,2024-07-27,vip,web,68.25
531,2025-11-06,returning,marketplace,87.77
532,2025-04-14,returning,marketplace,99.58
533,2025-08-23,returning,web,85.68
534,2024-02-05,vip,marketplace,56.08
535,2024-10-06,returning,marketplace,72.52
536,2025-10-18,new,web,41.15
537,2025-12-12,returning,app,48.14
538,2025-07-15,returning,app,136.67
539,2025-01-03,new,web,63.2
540,2024-06-29,new,web,74.77
541,2024-12-27,returning,app,52.79
542,2025-12-20,returning,web,61.3
543,2025-04-25,returning,marketplace,94.1
544,2024-07-12,returning,marketplace,103.38
545,2024-12-05,new,web,78.88
546,2025-05-18,new,app,40.6
547,2025-01-29,new,app,38.11
548,2025-03-27,new,web,49.96
549,2025-08-31,new,app,55.57
550,2024-06-21,returning,app,54.55
551,2024-10-14,new,web,57.82
552,2025-09-20,returning,web,54.83
553,2024-12-10,new,web,63.32
554,2025-11-25,new,marketplace,79.71
555,2025-03-13,returning,marketplace,68.59
556,2025-04-05,returning,web,37.85
557,2024-11-12,returning,marketplace,71.64
558,2024-03-10,returning,web,166.63
559,2025-02-13,returning,marketplace,64.43
560,2024-02-17,returning,marketplace,79.09
561,2025-02-11,returning,marketplace,149.01
562,2024-03-01,returning,marketplace,70.51
563,2025-06-23,returning,app,31.04
564,2025-09-13,returning,marketplace,31.65
565,2024-11-12,returning,web,70.14
566,2024-10-24,new,web,38.11
567,2025-03-31,new,web,38.13
568,2025-12-30,new,app,49.64
569,2024-12-18,returning,marketplace,33.23
570,2024-12-09,returning,web,42.57
571,2024-01-31,returning,marketplace,38.36
572,2025-03-28,new,web,47.48
573,2024-01-24,returning,app,29.65
574,2025-12-02,returning,marketplace,60.73
575,2024-07-23,new,web,39.0
576,2024-08-03,returning,marketplace,89.72
577,2024-09-27,returning,app,118.38
578,2024-01-20,returning,web,66.77
579,2025-07-22,new,web,58.43
580,2024-02-11,new,app,159.88
581,2024-09-07,returning,web,55.9
582,2024-12-11,new,web,54.14
583,2025-07-08,new,web,64.89
584,2025-06-11,returning,app,92.65
585,2024-04-22,returning,web,46.11
586,2025-11-09,new,web,54.4
587,2025-09-02,new,web,65.12
588,2024-04-03,returning,web,56.58
589,2025-04-02,vip,marketplace,47.27
590,2024-07-24,returning,marketplace,77.58
591,2024-05-05,vip,app,43.69
592,2025-01-06,new,marketplace,74.83
593,2025-06-09,returning,app,48.6
594,2024-04-12,returning,web,53.25
595,2025-01-13,returning,marketplace,47.82
596,2024-11-11,returning,web,40.14
597,2024-10-08,new,web,31.89
598,2025-12-16,new,web,33.85
599,2025-08-18,returning,marketplace,94.88
600,2024-09-06,returning,marketplace,46.66
601,2025-01-21,returning,marketplace,96.82
602,2024-11-07,vip,web,74.13
603,2024-06-16,new,marketplace,26.8
604,2024-11-26,new,marketplace,36.86
605,2025-08-13,returning,marketplace,51.37
606,2024-07-11,returning,marketplace,40.46
607,2025-09-25,returning,web,73.43
608,2025-06-10,new,web,59.1
609,2025-06-14,returning,app,83.99
610,2025-08-26,returning,marketplace,169.28
611,2025-01-04,new,app,75.52
612,2024-06-10,new,app,26.02
613,2024-05-19,new,web,84.63
614,2025-01-18,new,marketplace,67.15
615,2024-10-16,returning,web,124.13
616,2024-12-11,returning,marketplace,40.94
617,2025-01-01,vip,marketplace,98.34
618,2025-02-11,vip,marketplace,31.87
619,2024-05-15,new,marketplace,73.96
620,2024-08-21,returning,web,42.67
621,2025-12-02,returning,web,132.02
622,2024-03-05,vip,marketplace,59.8
623,2024-07-15,returning,web,48.3
624,2024-12-28,new,marketplace,42.65
625,2025-08-31,new,app,43.4
626,2024-01-20,new,web,58.96
627,2025-04-18,new,app,59.12
628,2025-11-23,returning,app,36.52
629,2024-10-15,new,app,77.59
630,2025-09-27,returning,app,82.11
631,2025-06-28,new,marketplace,120.0
632,2024-09-03,new,app,47.55
633,2024-02-01,returning,web,31.9
634,2024-07-18,new,web,59.56
635,2024-05-08,returning,web,66.74
636,2024-05-02,new,app,42.1
637,2024-07-13,new,app,95.38
638,2025-11-29,new,app,97.65
639,2025-05-18,new,marketplace,38.77
640,2024-08-14,returning,app,44.91
641,2024-12-23,returning,app,72.47
642,2024-07-17,vip,marketplace,65.15
643,2024-11-23,returning,marketplace,47.49
644,2025-02-25,returning,marketplace,54.77
645,2024-05-27,new,web,80.4
646,2024-09-29,returning,app,63.68
647,2024-07-05,new,web,194.88
648,2024-05-25,new,web,39.87
649,2025-08-06,returning,app,34.79
650,2025-05-14,new,web,69.1
651,2024-03-31,new,app,88.1
652,2024-03-15,new,app,62.32
653,2024-06-02,returning,web,67.54
654,2025-08-12,vip,app,71.56
655,2024-11-24,new,marketplace,45.38
656,2024-05-26,new,marketplace,82.2
657,2025-12-30,new,web,132.83
658,2024-03-03,new,web,44.68
659,2024-04-12,returning,app,59.44
660,2024-12-15,new,app,61.01
661,2025-06-25,new,marketplace,131.91
662,2024-07-04,returning,marketplace,66.62
663,2024-04-27,new,marketplace,71.07
664,2024-04-30,new,app,30.28
665,2024-11-18,new,app,73.28
666,2025-12-20,new,app,69.7
667,2025-05-06,returning,web,93.83
668,2025-03-01,returning,marketplace,39.63
669,2024-08-09,vip,app,44.55
670,2025-04-17,new,marketplace,61.01
671,2025-02-10,vip,marketplace,35.25
672,2024-05-17,new,marketplace,56.2
673,2025-11-24,new,marketplace,86.59
674,2024-11-20,new,app,67.11
675,2024-11-23,new,app,65.85
676,2025-04-13,returning,web,54.19
677,2024-04-07,returning,app,56.52
678,2024-03-07,returning,web,52.45
679,2025-06-23,new,app,74.34
680,2025-10-24,returning,marketplace,48.28
681,2024-07-26,new,app,93.95
682,2025-04-30,returning,web,33.49
683,2024-09-06,new,marketplace,64.87
684,2024-01-15,new,marketplace,64.97
685,2024-09-06,returning,marketplace,43.36
686,2025-12-30,returning,web,98.33
687,2025-09-09,new,app,102.27
688,2025-06-11,returning,app,56.61
689,2025-11-16,new,marketplace,53.11
690,2025-12-20,new,web,61.84
691,2024-02-21,new,web,76.62
692,2024-04-25,returning,app,48.62
693,2024-04-03,returning,marketplace,76.44
694,2024-12-07,new,app,44.58
695,2025-03-23,vip,marketplace,52.48
696,2025-07-27,new,app,55.04
697,2025-03-27,returning,app,112.94
698,2025-07-01,new,marketplace,40.26
699,2025-04-08,returning,marketplace,47.32
700,2025-06-03,vip,marketplace,83.48
701,2025-01-31,new,app,61.65
702,2024-11-20,new,web,40.66
703,2025-06-26,returning,marketplace,130.89
704,2025-04-09,returning,web,52.69
705,2024-12-18,returning,web,95.27
706,2024-09-07,returning,app,74.67
707,2024-11-29,new,app,33.98
708,2025-12-10,returning,app,42.9
709,2024-07-07,returning,app,43.49
710,2024-04-27,new,marketplace,51.54
711,2024-04-14,new,marketplace,49.83
712,2024-05-15,returning,marketplace,53.62
713,2025-04-13,returning,web,52.27
714,2024-11-29,returning,marketplace,46.81
715,2024-04-28,returning,marketplace,60.64
716,2024-05-09,new,web,60.81
717,2025-11-25,new,app,35.59
718,2024-07-12,new,web,41.77
719,2025-01-13,new,app,64.83
720,2025-09-19,returning,web,62.09
721,2025-10-29,new,marketplace,85.73
722,2024-12-07,new,marketplace,47.47
723,2024-12-02,vip,marketplace,63.73
724,2025-01-31,returning,marketplace,45.43
725,2024-09-22,new,web,118.85
726,2024-06-03,returning,web,68.31
727,2024-04-04,new,app,118.81
728,2025-12-06,new,web,69.03
729,2024-12-06,new,web,66.26
730,2025-05-28,new,marketplace,61.17
731,2024-04-27,returning,web,54.08
732,2025-12-10,new,marketplace,57.59
733,2025-05-31,returning,web,51.73
734,2024-11-01,new,web,43.1
735,2025-04-28,new,marketplace,80.12
736,2024-06-26,returning,web,101.76
737,2024-01-19,vip,web,116.96
738,2025-01-04,new,marketplace,37.45
739,2024-01-21,new,web,58.01
740,2024-12-17,returning,marketplace,54.05
741,2024-11-10,new,marketplace,56.12
742,2024-11-07,new,web,39.62
743,2024-12-18,new,app,71.17
744,2025-11-24,vip,marketplace,42.61
745,2024-10-21,new,marketplace,118.06
746,2025-01-13,vip,app,86.12
747,2024-12-09,returning,app,67.94
748,2025-11-19,new,app,131.31
749,2024-03-25,vip,marketplace,62.17
750,2024-09-26,returning,web,46.78
751,2025-07-21,returning,app,58.67
752,2025-12-07,returning,marketplace,80.36
753,2025-11-14,returning,marketplace,78.53
754,2024-12-31,returning,web,98.16
755,2025-06-06,new,marketplace,133.15
756,2025-11-25,returning,marketplace,54.73
757,2024-09-23,returning,app,59.78
758,2025-03-21,returning,marketplace,80.72
759,2024-09-09,new,web,35.13
760,2025-01-14,new,app,33.29
761,2025-12-16,vip,marketplace,111.22
762,2024-12-04,returning,web,118.73
763,2024-02-10,returning,app,123.3
764,2025-12-06,returning,app,46.69
765,2024-06-24,returning,web,51.6
766,2025-11-19,new,web,123.11
767,2025-10-07,returning,web,70.92
768,2024-08-13,returning,web,97.49
769,2024-01-19,new,marketplace,69.94
770,2025-04-10,new,app,71.13
771,2025-12-12,new,marketplace,60.5
772,2024-10-20,new,app,74.39
773,2025-12-25,new,web,104.55
774,2024-02-04,new,marketplace,46.89
775,2025-11-16,returning,marketplace,59.9
776,2025-09-26,returning,app,63.72
777,2025-10-14,returning,app,83.14
778,2024-11-17,new,app,81.11
779,2025-04-11,new,web,40.78
780,2024-11-27,new,web,41.52
781,2024-04-19,new,app,144.12
782,2024-09-05,new,marketplace,94.94
783,2025-07-23,new,web,66.47
784,2024-11-19,new,web,70.42
785,2025-04-13,new,marketplace,31.05
786,2025-08-02,vip,marketplace,102.16
787,2025-01-27,returning,app,34.79
788,2024-05-06,new,web,83.69
789,2024-07-24,new,app,39.77
790,2024-10-19,returning,marketplace,55.27
791,2024-01-25,new,app,68.24
792,2024-10-22,returning,app,48.31
793,2024-11-09,new,app,37.82
794,2024-12-24,new,marketplace,59.68
795,2024-02-23,new,web,54.41
796,2025-04-23,returning,app,60.44
797,2025-08-06,returning,marketplace,40.43
798,2024-04-09,new,web,55.57
799,2025-01-20,new,web,39.87
800,2024-06-05,new,web,56.97
801,2025-11-25,returning,marketplace,71.17
802,2024-07-01,new,app,72.87
803,2024-11-20,vip,web,90.73
804,2025-11-14,new,marketplace,30.72
805,2025-04-13,returning,web,35.67
806,2024-03-28,new,marketplace,70.78
807,2025-09-24,returning,marketplace,78.56
808,2025-04-29,new,marketplace,76.4
809,2024-04-03,returning,marketplace,58.46
810,2024-11-14,new,web,48.8
811,2024-04-28,new,app,39.63
812,2024-01-11,vip,app,87.42
813,2024-12-24,vip,marketplace,35.33
814,2025-02-15,returning,app,54.98
815,2024-06-06,returning,marketplace,100.03
816,2025-09-11,vip,web,28.81
817,2025-04-25,new,marketplace,46.04
818,2024-11-02,new,marketplace,52.3
819,2024-02-15,returning,app,29.48
820,2025-09-19,returning,app,52.86
821,2025-07-01,new,marketplace,64.92
822,2024-02-15,new,marketplace,54.88
823,2025-12-18,new,app,31.31
824,2024-03-31,returning,web,72.8
825,2024-05-11,returning,web,43.95
826,2025-08-12,returning,app,104.35
827,2025-01-17,returning,web,54.01
828,2024-03-27,new,web,56.45
829,2024-12-22,vip,web,40.38
830,2024-12-21,new,app,43.16
831,2024-01-13,new,app,66.07
832,2024-04-26,returning,app,88.19
833,2024-10-05,new,app,95.09
834,2024-12-15,returning,marketplace,43.7
835,2025-08-21,returning,web,43.85
836,2024-03-19,new,marketplace,42.14
837,2025-08-25,returning,web,32.31
838,2025-08-16,returning,marketplace,65.51
839,2024-01-31,returning,app,78.78
840,2025-01-11,returning,marketplace,93.34
841,2024-12-13,new,web,76.52
842,2024-12-05,returning,app,37.96
843,2025-10-11,returning,web,40.64
844,2024-12-25,returning,web,30.79
845,2025-07-12,new,marketplace,95.86
846,2024-01-28,new,marketplace,101.03
847,2024-12-10,new,web,81.21
848,2024-05-12,new,web,51.81
849,2024-09-22,returning,marketplace,42.24
850,2025-05-06,new,marketplace,95.68
851,2025-11-11,returning,app,107.69
852,2024-02-02,new,web,90.22
853,2025-12-13,new,app,54.61
854,2024-07-19,returning,app,82.73
855,2024-10-05,new,marketplace,71.01
856,2024-12-30,returning,web,77.43
857,2025-06-08,new,web,33.76
858,2024-10-17,new,app,100.62
859,2024-12-10,returning,app,49.98
860,2024-07-23,new,marketplace,74.22
861,2025-05-02,new,app,39.64
862,2024-09-05,returning,marketplace,35.9
863,2024-06-15,new,app,80.58
864,2024-05-07,returning,marketplace,27.36
865,2024-07-28,returning,app,35.12
866,2025-10-28,new,app,48.93
867,2024-10-14,returning,web,87.24
868,2025-10-19,returning,marketplace,95.91
869,2025-02-25,vip,web,74.54
870,2024-11-15,new,app,54.53
871,2025-12-12,returning,marketplace,105.59
872,2024-09-15,returning,app,43.24
873,2024-06-18,returning,web,85.25
874,2024-08-07,returning,web,75.7
875,2024-12-23,new,app,59.84
876,2024-06-09,returning,app,59.47
877,2024-11-29,new,marketplace,51.46
878,2024-02-05,new,marketplace,51.2
879,2025-02-15,returning,app,90.82
880,2025-04-11,vip,web,52.75
881,2024-09-15,new,marketplace,57.09
882,2025-03-21,new,web,53.31
883,2025-04-28,returning,marketplace,64.83
884,2024-12-28,new,app,71.51
885,2025-05-31,returning,web,47.37
886,2024-08-23,vip,marketplace,61.84
887,2025-01-30,returning,web,76.83
888,2025-04-07,new,marketplace,37.09
889,2024-11-17,new,app,59.51
890,2025-07-11,new,web,68.13
891,2025-06-11,new,marketplace,48.99
892,2024-02-13,new,web,107.07
893,2024-12-26,vip,app,39.71
894,2024-12-28,new,web,39.17
895,2025-10-12,returning,web,41.61
896,2025-10-25,returning,app,63.17
897,2024-02-08,returning,marketplace,62.57
898,2024-04-14,returning,marketplace,48.83
899,2025-05-11,new,app,44.62
900,2024-11-12,returning,web,48.11
901,2024-05-01,new,marketplace,92.45
902,2025-06-01,returning,web,62.93
903,2025-12-18,new,web,115.29
904,2025-04-17,returning,web,76.18
905,2024-01-02,new,web,57.04
906,2024-02-20,new,web,120.37
907,2024-07-30,returning,marketplace,68.25
908,2024-09-22,new,marketplace,55.8
909,2025-07-28,new,app,85.83
910,2024-04-06,new,app,55.63
911,2025-09-16,returning,app,52.36
912,2025-08-05,returning,web,88.03
913,2025-10-04,returning,marketplace,41.53
914,2025-08-23,returning,web,164.31
915,2024-12-12,new,app,45.62
916,2025-06-27,returning,app,47.37
917,2024-12-22,new,marketplace,53.0
918,2024-04-23,new,app,16.54
919,2025-08-19,returning,app,40.58
920,2025-03-24,returning,app,69.35
921,2025-12-09,returning,web,59.9
922,2025-11-23,returning,web,40.49
923,2025-01-03,new,app,52.98
924,2025-12-21,new,app,85.49
925,2025-09-05,returning,web,60.64
926,2025-07-04,returning,web,76.53
927,2025-07-04,vip,marketplace,66.0
928,2025-12-02,new,web,63.16
929,2025-11-14,returning,marketplace,46.07
930,2024-11-21,new,web,72.9
931,2025-08-13,new,web,62.65
932,2025-02-17,returning,app,115.36
933,2025-12-03,returning,marketplace,53.43
934,2025-11-28,new,marketplace,42.45
935,2025-11-27,vip,marketplace,106.91
936,2025-11-23,new,web,69.17
937,2025-11-28,returning,web,95.08
938,2025-06-26,returning,web,37.8
939,2025-12-12,new,marketplace,70.66
940,2024-09-13,returning,web,71.25
941,2025-12-16,returning,marketplace,28.32
942,2024-04-27,returning,marketplace,50.18
943,2025-08-16,returning,app,58.94
944,2025-07-19,vip,app,38.55
945,2024-12-28,returning,web,88.93
946,2025-02-18,new,app,61.89
947,2025-05-30,new,app,54.19
948,2024-08-11,new,app,90.91
949,2024-11-19,new,web,85.4
950,2024-07-20,new,web,46.37
951,2024-06-25,new,web,31.97
952,2025-06-20,vip,web,63.46
953,2025-03-20,returning,web,80.95
954,2024-02-12,new,web,40.8
955,2024-08-17,new,marketplace,45.74
956,2024-09-05,returning,marketplace,65.73
957,2025-09-17,new,app,83.25
958,2024-12-06,vip,app,65.17
959,2024-11-28,returning,web,181.34
960,2025-09-27,returning,web,88.99
961,2025-09-07,returning,marketplace,70.06
962,2025-01-31,new,marketplace,44.51
963,2024-10-23,returning,marketplace,150.84
964,2024-12-03,new,app,91.66
965,2025-04-04,returning,marketplace,43.52
966,2025-03-16,returning,marketplace,95.88
967,2025-11-02,returning,marketplace,102.68
968,2025-07-05,new,app,36.17
969,2025-04-10,new,web,65.14
970,2024-11-06,returning,web,74.33
971,2025-05-18,new,app,66.34
972,2025-01-06,returning,web,50.39
973,2025-02-12,new,marketplace,25.33
974,2025-10-11,returning,app,32.48
975,2024-10-03,new,app,67.8
976,2024-11-05,vip,web,63.56
977,2025-04-04,returning,marketplace,42.51
978,2025-12-20,returning,app,76.02
979,2024-04-05,returning,web,53.37
980,2024-05-03,new,app,49.42
981,2025-10-22,returning,marketplace,112.44
982,2024-11-09,new,web,47.21
983,2024-10-14,new,marketplace,50.19
984,2024-05-12,vip,marketplace,45.24
985,2025-10-28,new,app,87.12
986,2025-12-05,returning,marketplace,54.42
987,2024-11-22,new,marketplace,61.03
988,2024-05-31,returning,app,35.05
989,2024-01-07,new,app,24.4
990,2024-07-17,returning,web,51.69
991,2024-05-28,returning,app,60.75
992,2025-10-25,returning,app,79.3
993,2024-06-21,returning,web,78.82
994,2025-05-01,new,app,87.2
995,2025-06-05,new,web,36.4
996,2024-07-12,returning,app,58.38
997,2025-11-25,new,app,76.14
998,2024-10-25,new,marketplace,48.42
999,2025-09-14,new,app,65.31
1000,2024-02-09,returning,web,65.14
1001,2024-07-02,vip,web,42.39
1002,2025-12-10,returning,web,62.54
1003,2024-11-03,returning,marketplace,102.77
1004,2025-11-15,vip,app,29.85
1005,2024-08-24,new,marketplace,51.08
1006,2024-03-21,returning,web,31.05
1007,2024-04-26,new,web,130.08
1008,2025-12-20,returning,web,69.46
1009,2024-11-10,new,marketplace,48.19
1010,2024-12-04,returning,web,52.41
1011,2024-12-25,vip,web,30.16
1012,2025-03-09,new,app,48.37
1013,2025-10-10,returning,web,62.1
1014,2025-11-25,returning,app,53.97
1015,2025-10-22,vip,app,72.78
1016,2024-12-17,new,web,41.06
1017,2024-08-08,new,web,29.4
1018,2025-07-02,vip,app,57.01
1019,2025-09-02,new,app,42.36
1020,2025-12-18,returning,web,32.29
1021,2025-07-07,returning,marketplace,75.51
1022,2025-07-19,new,marketplace,55.47
1023,2025-12-04,returning,web,59.75
1024,2025-01-15,new,web,53.91
1025,2024-11-12,returning,web,55.86
1026,2024-04-09,new,web,57.97
1027,2025-12-05,new,app,40.11
1028,2025-01-30,new,web,45.4
1029,2025-10-07,new,web,27.98
1030,2025-05-08,vip,marketplace,52.75
1031,2025-12-11,new,web,65.24
1032,2024-12-10,new,app,83.2
1033,2025-03-02,returning,web,44.92
1034,2024-12-16,new,marketplace,43.64
1035,2024-04-01,returning,web,191.69
1036,2025-12-05,new,web,62.95
1037,2025-04-18,new,marketplace,68.59
1038,2025-02-08,vip,web,33.46
1039,2024-01-18,new,web,56.17
1040,2025-12-24,returning,app,53.58
1041,2025-02-11,vip,app,32.78
1042,2024-10-31,new,marketplace,83.44
1043,2025-06-06,new,marketplace,60.01
1044,2025-10-07,returning,marketplace,39.14
1045,2025-08-09,new,web,87.54
1046,2024-08-26,new,app,53.19
1047,2025-03-13,returning,marketplace,66.45
1048,2025-07-18,vip,app,64.9
1049,2024-11-27,new,web,98.61
1050,2024-11-29,returning,web,69.52
1051,2025-01-05,vip,app,61.4
1052,2024-04-12,new,app,85.01
1053,2024-02-15,new,marketplace,103.81
1054,2024-01-30,new,marketplace,76.95
1055,2024-09-07,new,marketplace,91.23
1056,2025-12-20,vip,marketplace,50.84
1057,2024-12-06,returning,marketplace,36.81
1058,2024-11-05,returning,app,64.92
1059,2024-12-16,vip,web,97.76
1060,2024-07-18,vip,app,46.32
1061,2024-12-16,new,web,60.68
1062,2025-02-24,vip,app,53.4
1063,2024-03-12,returning,marketplace,23.32
1064,2024-03-01,returning,app,60.26
1065,2024-12-07,new,web,61.55
1066,2025-04-04,new,marketplace,93.25
1067,2025-04-08,returning,marketplace,44.39
1068,2024-10-25,new,marketplace,59.63
1069,2025-09-13,new,marketplace,48.62
1070,2025-12-14,returning,app,35.39
1071,2025-07-07,returning,app,91.64
1072,2025-07-17,new,app,39.66
1073,2025-12-19,returning,web,65.0
1074,2024-07-16,new,app,43.35
1075,2025-08-02,new,app,34.66
1076,2024-01-24,returning,marketplace,73.58
1077,2025-04-25,new,web,47.24
1078,2024-03-11,returning,app,46.35
1079,2025-06-06,new,marketplace,26.81
1080,2024-12-16,new,marketplace,65.47
1081,2025-10-13,vip,marketplace,64.06
1082,2025-06-11,returning,marketplace,102.54
1083,2025-02-17,returning,marketplace,48.75
1084,2024-11-07,new,marketplace,68.39
1085,2024-05-23,new,app,37.69
1086,2025-11-16,returning,marketplace,47.96
1087,2025-04-03,new,web,111.06
1088,2024-05-16,returning,marketplace,78.19
1089,2025-09-23,new,marketplace,39.79
1090,2024-04-14,new,web,58.8
1091,2025-03-24,returning,marketplace,90.26
1092,2024-05-29,returning,web,25.66
1093,2025-07-28,returning,marketplace,30.17
1094,2025-08-26,returning,app,72.73
1095,2025-04-23,new,marketplace,81.84
1096,2025-03-11,new,web,54.49
1097,2025-06-03,returning,marketplace,47.48
1098,2024-10-03,returning,app,38.34
1099,2025-09-13,new,marketplace,68.66
1100,2025-07-11,new,app,59.41
1101,2024-06-20,new,web,81.47
1102,2024-06-10,new,app,88.87
1103,2024-12-16,returning,web,44.82
1104,2025-01-07,returning,web,28.46
1105,2025-11-16,new,app,37.52
1106,2025-09-16,new,marketplace,37.27
1107,2025-09-28,returning,app,54.96
1108,2025-10-11,new,web,57.08
1109,2024-06-07,returning,app,57.03
1110,2025-02-19,returning,app,43.48
1111,2024-07-24,returning,marketplace,41.45
1112,2025-03-07,new,web,83.12
1113,2024-04-17,new,web,44.31
1114,2024-11-30,new,marketplace,62.91
1115,2024-09-27,returning,app,75.22
1116,2025-08-17,new,web,36.42
1117,2025-11-18,vip,marketplace,58.61
1118,2024-12-23,returning,app,72.53
1119,2024-12-08,returning,app,46.96
1120,2024-12-21,vip,web,21.92
1121,2025-12-02,vip,web,33.16
1122,2025-11-11,new,app,61.92
1123,2024-12-12,returning,web,59.84
1124,2025-02-18,returning,web,54.74
1125,2024-03-16,new,web,61.33
1126,2025-11-21,returning,web,61.73
1127,2024-03-23,vip,web,48.3
1128,2025-03-30,returning,web,102.25
1129,2024-11-17,returning,web,59.93
1130,2024-06-18,new,marketplace,49.63
1131,2024-08-06,returning,app,33.79
1132,2024-10-24,returning,web,53.58
1133,2025-05-31,returning,app,54.55
1134,2025-03-01,new,app,78.85
1135,2024-09-04,returning,web,37.68
1136,2025-10-14,returning,web,70.61
1137,2024-06-21,vip,marketplace,57.37
1138,2025-06-15,new,app,35.01
1139,2025-07-23,new,web,29.15
1140,2024-04-18,returning,app,52.84
1141,2024-11-16,new,marketplace,62.6
1142,2024-02-16,new,app,62.72
1143,2025-03-02,new,app,60.09
1144,2025-09-21,returning,app,33.18
1145,2024-02-27,new,marketplace,49.24
1146,2024-03-05,new,app,76.96
1147,2025-09-06,new,web,106.27
1148,2025-12-01,vip,app,94.42
1149,2024-12-15,new,web,55.81
1150,2025-10-25,new,web,72.12
1151,2025-04-03,new,marketplace,57.94
1152,2024-07-11,returning,web,104.52
1153,2024-05-04,returning,marketplace,72.46
1154,2025-11-30,returning,web,77.58
1155,2024-12-13,new,app,50.71
1156,2025-05-25,new,web,72.46
1157,2024-08-21,returning,marketplace,33.2
1158,2025-06-03,vip,app,62.56
1159,2024-08-30,new,web,44.16
1160,2024-02-19,returning,app,90.31
1161,2025-06-19,returning,app,79.53
1162,2024-11-04,returning,app,90.78
1163,2024-01-01,returning,marketplace,85.33
1164,2025-06-08,new,web,45.07
1165,2024-01-09,returning,app,43.88
1166,2025-04-01,vip,web,33.68
1167,2025-02-26,new,marketplace,75.76
1168,2024-12-06,returning,app,44.68
1169,2024-08-06,new,app,55.95
1170,2025-09-04,new,marketplace,33.97
1171,2025-10-13,returning,web,63.42
1172,2024-01-01,returning,web,51.07
1173,2025-12-13,new,web,94.12
1174,2024-09-26,vip,web,83.88
1175,2025-06-27,returning,app,48.44
1176,2025-05-04,returning,app,34.6
1177,2024-10-11,returning,app,49.26
1178,2025-11-27,returning,marketplace,32.77
1179,2024-01-08,new,app,101.2
1180,2025-12-13,returning,app,87.35
1181,2025-06-21,new,app,17.07
1182,2024-11-24,new,marketplace,79.91
1183,2024-11-16,new,marketplace,58.55
1184,2024-05-29,returning,marketplace,89.71
1185,2025-10-04,new,app,63.59
1186,2024-04-22,new,web,81.68
1187,2024-04-14,returning,web,32.83
1188,2025-01-29,vip,marketplace,51.95
1189,2024-04-27,returning,app,80.76
1190,2024-02-12,new,marketplace,51.7
1191,2025-06-18,returning,marketplace,50.05
1192,2024-04-25,new,app,45.92
1193,2024-05-14,returning,app,89.83
1194,2024-12-10,vip,marketplace,52.34
1195,2024-03-21,returning,marketplace,69.96
1196,2025-06-21,new,app,47.42
1197,2025-02-11,new,app,67.91
1198,2025-12-04,new,app,52.28
1199,2025-06-16,new,app,185.2
1200,2025-12-30,new,web,54.17
1201,2024-05-18,vip,app,21.75
1202,2025-04-07,returning,marketplace,57.2
1203,2024-05-27,new,web,114.65
1204,2025-12-29,new,web,29.53
1205,2024-07-24,returning,app,56.16
1206,2024-11-15,returning,app,62.09
1207,2025-08-02,new,app,35.76
1208,2024-09-05,returning,app,54.65
1209,2025-01-04,returning,marketplace,51.71
1210,2025-11-13,new,app,37.03
1211,2024-07-04,returning,web,57.45
1212,2025-11-05,new,web,27.03
1213,2025-07-17,returning,web,59.26
1214,2025-12-14,new,marketplace,74.23
1215,2024-07-25,returning,web,47.38
1216,2024-07-24,returning,marketplace,109.34
1217,2025-03-19,returning,web,73.41
1218,2024-08-03,returning,web,42.2
1219,2024-08-04,returning,marketplace,64.01
1220,2025-04-04,new,web,39.3
1221,2024-10-07,returning,marketplace,75.86
1222,2024-11-02,vip,web,27.37
1223,2024-09-18,returning,marketplace,62.15
1224,2024-01-03,returning,app,90.57
1225,2024-07-26,returning,web,152.08
1226,2025-04-17,new,app,60.94
1227,2025-12-08,returning,marketplace,100.47
1228,2025-04-12,new,marketplace,59.28
1229,2024-10-29,new,marketplace,34.2
1230,2024-11-22,vip,marketplace,76.14
1231,2024-12-16,returning,marketplace,50.4
1232,2024-09-11,returning,app,40.8
1233,2024-03-19,returning,web,61.43
1234,2024-04-16,vip,web,44.54
1235,2024-02-13,new,web,48.44
1236,2025-12-03,new,web,59.03
1237,2024-08-03,returning,web,61.34
1238,2024-08-02,new,marketplace,34.03
1239,2025-11-15,new,marketplace,56.96
1240,2025-01-29,new,marketplace,39.87
1241,2024-10-25,new,app,77.92
1242,2025-06-29,new,web,69.19
1243,2025-10-23,vip,marketplace,28.22
1244,2025-10-22,returning,marketplace,51.94
1245,2025-07-31,vip,marketplace,109.54
1246,2024-09-02,new,web,52.07
1247,2025-10-04,new,web,92.63
1248,2025-08-06,returning,app,56.6
1249,2024-10-06,new,app,51.37
1250,2024-06-08,returning,marketplace,32.06
1251,2025-03-05,returning,app,66.66
1252,2025-06-27,new,web,103.22
1253,2025-03-08,new,web,53.14
1254,2024-03-21,new,marketplace,42.31
1255,2024-04-28,vip,app,62.73
1256,2024-10-03,new,marketplace,44.34
1257,2024-09-09,returning,app,32.66
1258,2025-05-29,returning,web,71.35
1259,2024-12-25,new,web,40.44
1260,2024-10-17,returning,app,71.17
1261,2024-07-04,new,app,72.69
1262,2024-02-04,new,marketplace,71.45
1263,2025-10-08,returning,marketplace,70.7
1264,2024-07-07,returning,web,74.56
1265,2025-08-08,returning,marketplace,72.33
1266,2025-07-04,new,marketplace,120.04
1267,2025-07-11,returning,app,58.28
1268,2024-08-01,new,web,45.55
1269,2024-12-26,new,marketplace,86.19
1270,2025-06-09,new,web,57.85
1271,2025-05-01,returning,web,62.89
1272,2025-12-26,new,marketplace,62.5
1273,2025-06-21,new,marketplace,39.1
1274,2024-03-22,vip,marketplace,60.25
1275,2024-07-07,returning,web,60.8
1276,2025-09-24,new,app,43.39
1277,2024-09-04,returning,app,72.24
1278,2024-10-14,new,app,38.35
1279,2024-08-11,vip,app,160.07
1280,2025-07-20,returning,web,40.77
1281,2025-02-08,new,web,56.59
1282,2024-03-15,new,marketplace,11.29
1283,2024-04-27,vip,app,75.96
1284,2025-01-18,new,marketplace,50.33
1285,2025-12-20,new,web,24.58
1286,2024-12-10,new,web,96.61
1287,2024-08-17,returning,marketplace,47.35
1288,2024-03-22,returning,app,47.39
1289,2025-08-02,returning,app,53.73
1290,2025-02-22,returning,app,171.76
1291,2025-12-27,returning,web,53.09
1292,2024-11-11,returning,web,92.28
1293,2025-11-19,vip,app,34.11
1294,2025-04-22,returning,marketplace,76.2
1295,2024-01-03,vip,marketplace,54.11
1296,2024-09-06,returning,app,141.46
1297,2025-04-02,returning,web,72.29
1298,2025-11-28,returning,app,46.98
1299,2025-11-29,returning,web,64.95
1300,2025-06-24,returning,app,92.67
1301,2024-09-23,new,app,54.36
1302,2024-05-07,returning,web,50.03
1303,2024-10-15,new,web,99.34
1304,2024-11-11,new,app,37.07
1305,2025-06-27,returning,web,36.95
1306,2025-05-31,returning,web,41.37
1307,2024-12-02,new,web,44.45
1308,2025-12-13,returning,marketplace,106.43
1309,2024-03-30,new,web,32.85
1310,2025-05-24,new,marketplace,47.04
1311,2024-08-09,new,web,66.85
1312,2024-11-17,new,marketplace,51.23
1313,2024-08-22,returning,app,34.93
1314,2024-11-15,new,app,51.03
1315,2025-01-31,returning,marketplace,44.68
1316,2025-12-18,new,web,112.15
1317,2025-01-03,returning,marketplace,125.02
1318,2025-05-04,returning,app,51.79
1319,2025-01-04,vip,marketplace,50.07
1320,2025-08-30,new,web,54.49
1321,2025-01-25,returning,app,23.69
1322,2024-06-21,new,marketplace,80.95
1323,2025-06-11,new,web,80.6
1324,2024-02-22,new,web,82.06
1325,2024-01-09,new,app,35.4
1326,2024-12-08,returning,marketplace,118.16
1327,2025-08-19,new,app,110.25
1328,2025-02-08,vip,marketplace,64.87
1329,2024-05-30,new,app,78.34
1330,2024-01-13,new,marketplace,53.88
1331,2024-09-06,new,marketplace,40.44
1332,2024-08-17,new,app,30.81
1333,2024-10-03,returning,app,77.05
1334,2024-08-04,new,marketplace,51.86
1335,2025-08-23,returning,web,57.34
1336,2024-09-16,returning,marketplace,75.89
1337,2025-04-24,new,app,70.0
1338,2024-08-06,returning,web,33.57
1339,2025-07-02,new,app,63.8
1340,2025-01-13,returning,marketplace,97.32
1341,2025-06-24,new,web,76.26
1342,2024-07-31,returning,web,54.09
1343,2025-12-10,returning,marketplace,99.84
1344,2024-09-02,vip,marketplace,52.67
1345,2025-07-21,returning,app,53.54
1346,2025-12-21,returning,web,76.61
1347,2025-05-09,new,app,67.32
1348,2024-09-21,vip,web,53.15
1349,2024-09-13,new,web,102.8
1350,2024-06-26,new,app,28.24
1351,2025-07-04,vip,marketplace,114.78
1352,2024-04-23,new,marketplace,59.53
1353,2025-12-16,new,web,74.41
1354,2025-11-25,returning,app,53.96
1355,2024-11-26,new,app,111.09
1356,2025-12-29,returning,app,50.81
1357,2025-07-01,new,app,49.55
1358,2024-03-04,new,marketplace,92.6
1359,2025-09-13,returning,web,58.93
1360,2025-12-15,returning,marketplace,77.23
1361,2024-05-13,returning,app,40.97
1362,2024-11-15,new,marketplace,99.72
1363,2025-04-08,new,web,177.99
1364,2024-04-10,vip,web,30.6
1365,2024-08-09,new,app,60.0
1366,2024-03-16,returning,app,46.09
1367,2024-12-03,new,app,39.15
1368,2025-03-14,new,app,56.21
1369,2024-07-18,returning,marketplace,66.09
1370,2024-04-26,new,app,44.72
1371,2024-12-29,new,web,41.41
1372,2025-12-24,returning,marketplace,60.19
1373,2024-02-28,new,app,46.95
1374,2025-11-05,returning,web,63.79
1375,2024-01-11,vip,app,54.84
1376,2024-09-23,new,web,39.33
1377,2024-10-20,new,app,40.41
1378,2025-10-20,new,app,59.78
1379,2024-04-05,new,app,36.98
1380,2024-05-28,returning,marketplace,57.01
1381,2025-04-07,vip,web,40.09
1382,2025-12-19,new,app,50.25
1383,2024-02-19,returning,web,47.1
1384,2024-03-26,new,marketplace,64.44
1385,2025-09-12,returning,app,81.66
1386,2024-01-02,returning,web,63.06
1387,2025-02-05,returning,marketplace,93.53
1388,2025-11-18,new,marketplace,45.56
1389,2024-03-19,returning,marketplace,67.44
1390,2025-11-21,vip,web,74.36
1391,2025-06-27,new,marketplace,50.94
1392,2025-02-19,returning,web,68.11
1393,2025-10-01,returning,marketplace,45.28
1394,2025-08-14,returning,app,39.7
1395,2025-09-13,new,app,66.9
1396,2024-12-12,returning,marketplace,72.69
1397,2025-01-28,new,web,88.87
1398,2024-10-08,new,web,69.9
1399,2024-09-25,returning,app,127.59
1400,2024-04-03,returning,marketplace,103.79
1401,2025-10-03,new,marketplace,83.86
1402,2025-09-17,new,web,47.09
1403,2024-11-09,returning,marketplace,84.14
1404,2024-03-16,returning,web,69.44
1405,2024-10-22,returning,marketplace,64.42
1406,2025-08-04,new,web,58.04
1407,2025-02-10,vip,marketplace,54.12
1408,2025-12-26,returning,app,87.92
1409,2025-05-08,new,app,34.44
1410,2025-12-06,new,web,59.8
1411,2025-11-08,returning,app,57.1
1412,2025-12-24,returning,marketplace,29.64
1413,2025-02-12,returning,marketplace,69.12
1414,2025-07-05,new,marketplace,35.99
1415,2025-07-02,new,marketplace,109.5
1416,2024-11-24,vip,app,69.07
1417,2025-04-22,new,marketplace,47.49
1418,2024-07-05,returning,marketplace,54.86
1419,2025-09-26,new,app,89.28
1420,2024-06-23,vip,marketplace,50.42
1421,2025-01-25,new,app,55.66
1422,2025-10-23,returning,web,53.39
1423,2024-09-12,new,app,80.01
1424,2024-03-23,new,marketplace,114.4
1425,2025-11-17,returning,app,65.09
1426,2025-06-12,new,web,26.39
1427,2025-03-31,returning,marketplace,79.7
1428,2024-08-20,returning,web,62.41
1429,2024-06-28,returning,app,63.52
1430,2025-05-23,returning,app,46.78
1431,2025-12-16,returning,web,18.85
1432,2025-02-16,returning,app,70.09
1433,2025-02-09,returning,web,49.61
1434,2025-03-26,returning,app,137.38
1435,2025-10-18,returning,marketplace,39.6
1436,2024-08-26,new,app,47.95
1437,2025-08-22,vip,marketplace,60.58
1438,2025-02-04,new,app,51.67
1439,2024-01-23,new,marketplace,106.62
1440,2024-09-02,returning,app,40.34
1441,2025-05-04,returning,web,93.37
1442,2024-02-07,returning,marketplace,62.78
1443,2025-10-18,vip,web,64.12
1444,2024-03-13,returning,marketplace,67.75
1445,2025-08-18,returning,marketplace,65.9
1446,2025-03-12,new,app,68.45
1447,2025-06-12,new,app,52.58
1448,2025-06-16,returning,app,65.99
1449,2025-11-24,new,app,75.12
1450,2024-04-18,returning,app,35.07
1451,2024-05-15,vip,marketplace,74.06
1452,2024-11-14,returning,app,33.33
1453,2025-06-01,vip,web,52.86
1454,2024-02-04,returning,web,43.49
1455,2025-06-18,returning,marketplace,47.17
1456,2025-05-13,new,marketplace,75.43
1457,2024-12-15,returning,marketplace,59.41
1458,2025-10-02,new,web,41.92
1459,2024-07-20,returning,app,56.4
1460,2024-05-19,returning,marketplace,44.72
1461,2025-10-20,new,web,98.33
1462,2024-06-01,new,app,48.36
1463,2024-01-01,new,marketplace,46.68
1464,2024-06-10,new,app,69.71
1465,2024-05-12,new,web,76.63
1466,2025-11-19,returning,app,42.71
1467,2025-06-09,new,app,87.05
1468,2025-01-24,returning,marketplace,66.26
1469,2024-04-30,new,app,50.12
1470,2025-01-31,returning,web,31.18
1471,2025-05-03,new,app,55.64
1472,2025-09-26,new,marketplace,69.55
1473,2025-12-28,vip,marketplace,138.55
1474,2024-12-15,returning,app,50.13
1475,2024-05-04,returning,web,75.93
1476,2025-06-10,new,web,46.43
1477,2025-09-04,new,web,61.32
1478,2025-12-29,returning,web,71.73
1479,2025-09-27,returning,web,88.89
1480,2024-12-27,returning,app,44.26
1481,2025-04-08,new,marketplace,165.51
1482,2025-08-31,new,web,53.74
1483,2025-06-13,returning,web,30.45
1484,2024-03-22,returning,app,44.63
1485,2025-12-13,new,app,116.87
1486,2024-04-26,new,app,110.57
1487,2024-12-05,vip,web,92.77
1488,2024-12-18,returning,web,49.98
1489,2024-07-06,returning,web,31.89
1490,2025-06-27,new,marketplace,37.56
1491,2025-06-17,returning,web,101.13
1492,2024-08-26,returning,app,64.28
1493,2025-07-19,new,app,106.89
1494,2024-01-28,new,web,62.35
1495,2025-04-19,returning,app,37.65
1496,2025-05-08,returning,marketplace,32.53
1497,2025-02-17,returning,app,65.19
1498,2024-09-20,new,app,89.43
1499,2024-02-28,new,marketplace,101.1
1500,2025-10-15,returning,marketplace,48.47
1501,2024-02-12,new,web,60.83
1502,2025-01-09,new,marketplace,127.78
1503,2025-11-22,returning,app,42.4
1504,2025-02-06,returning,web,124.61
1505,2025-11-21,new,app,36.98
1506,2025-08-16,new,web,37.43
1507,2025-12-17,returning,web,84.91
1508,2024-12-05,returning,marketplace,65.06
1509,2024-04-11,returning,app,86.89
1510,2025-06-25,new,web,141.23
1511,2024-11-03,new,marketplace,55.86
1512,2024-09-12,vip,marketplace,72.16
1513,2024-02-04,new,app,65.22
1514,2025-02-08,returning,marketplace,143.59
1515,2025-04-20,new,app,46.66
1516,2025-09-05,returning,marketplace,84.08
1517,2025-09-25,new,web,103.36
1518,2025-10-08,vip,web,35.68
1519,2024-10-03,new,web,67.36
1520,2025-03-07,returning,marketplace,65.64
1521,2025-11-19,vip,web,65.06
1522,2024-09-03,returning,app,39.42
1523,2024-03-26,new,marketplace,50.02
1524,2025-04-15,returning,app,78.75
1525,2025-07-16,new,marketplace,62.16
1526,2024-10-14,new,web,39.56
1527,2024-11-12,new,web,29.0
1528,2024-08-27,vip,marketplace,102.36
1529,2025-06-05,returning,app,35.34
1530,2024-12-10,new,app,58.58
1531,2025-08-11,returning,app,79.13
1532,2024-10-16,new,marketplace,24.61
1533,2025-03-21,returning,web,49.96
1534,2025-01-05,new,marketplace,57.0
1535,2025-05-14,new,app,71.04
1536,2024-06-22,returning,marketplace,32.0
1537,2024-03-31,new,marketplace,89.35
1538,2024-10-22,returning,marketplace,68.95
1539,2024-08-23,returning,web,106.59
1540,2025-04-29,returning,app,36.29
1541,2025-04-16,new,web,52.3
1542,2025-11-01,returning,web,43.04
1543,2024-11-07,new,marketplace,47.01
1544,2024-02-17,vip,app,34.3
1545,2024-05-28,new,marketplace,54.64
1546,2025-04-04,returning,web,43.03
1547,2024-08-22,returning,app,36.05
1548,2024-11-01,returning,marketplace,52.88
1549,2024-09-07,returning,app,41.19
1550,2025-11-12,returning,marketplace,22.82
1551,2025-09-06,new,web,40.58
1552,2024-06-20,new,web,27.1
1553,2024-12-19,returning,web,96.01
1554,2024-10-31,returning,app,18.38
1555,2025-05-19,returning,app,51.16
1556,2024-07-18,new,app,64.99
1557,2025-01-07,new,app,17.46
1558,2024-01-06,vip,marketplace,61.18
1559,2025-03-04,returning,marketplace,47.39
1560,2025-01-11,new,marketplace,65.26
1561,2025-11-29,returning,web,60.78
1562,2024-07-01,returning,app,26.47
1563,2024-05-03,new,marketplace,66.89
1564,2024-10-04,returning,web,37.78
1565,2024-06-26,returning,web,37.3
1566,2025-07-31,returning,web,48.15
1567,2025-01-28,new,app,44.39
1568,2024-12-14,returning,web,33.64
1569,2024-12-24,returning,marketplace,49.16
1570,2024-03-25,new,app,74.56
1571,2025-07-14,returning,web,62.54
1572,2025-10-16,returning,app,55.04
1573,2024-11-04,new,web,81.97
1574,2025-12-15,returning,web,50.75
1575,2024-09-19,returning,web,77.49
1576,2024-09-15,vip,marketplace,42.52
1577,2024-05-01,returning,app,32.16
1578,2025-09-26,new,marketplace,46.32
1579,2025-05-08,returning,web,63.11
1580,2025-12-17,vip,app,72.28
1581,2025-07-09,new,marketplace,54.25
1582,2025-10-26,new,web,74.12
1583,2025-11-25,returning,app,40.7
1584,2024-04-10,returning,marketplace,60.92
1585,2024-05-23,returning,app,76.97
1586,2024-01-29,returning,marketplace,32.73
1587,2024-01-19,returning,web,71.66
1588,2024-12-27,returning,web,58.87
1589,2024-03-19,returning,web,80.5
1590,2025-12-26,new,app,60.03
1591,2024-05-17,new,marketplace,97.98
1592,2025-01-06,returning,web,27.18
1593,2025-10-30,returning,marketplace,55.08
1594,2024-07-08,returning,marketplace,60.25
1595,2025-11-03,returning,marketplace,48.52
1596,2025-11-21,returning,web,38.17
1597,2024-10-05,returning,app,101.29
1598,2024-11-06,new,marketplace,40.16
1599,2025-12-24,returning,app,96.36
1600,2024-09-27,new,app,47.22
1601,2025-10-08,returning,app,157.21
1602,2025-05-08,returning,marketplace,55.85
1603,2025-05-17,returning,marketplace,39.41
1604,2025-12-25,new,web,105.39
1605,2025-05-19,returning,web,91.12
1606,2024-11-28,returning,app,50.91
1607,2024-06-03,new,web,62.72
1608,2025-11-22,returning,app,36.12
1609,2024-09-02,returning,marketplace,47.15
1610,2025-11-10,returning,app,44.9
1611,2025-05-23,returning,marketplace,64.07
1612,2024-01-29,returning,app,61.9
1613,2024-09-25,new,web,53.62
1614,2025-03-15,returning,app,22.16
1615,2024-04-05,returning,web,35.79
1616,2024-04-11,new,app,61.51
1617,2025-12-13,returning,web,49.55
1618,2025-11-27,new,app,67.89
1619,2025-02-23,new,marketplace,59.86
1620,2024-08-06,vip,app,63.1
1621,2024-07-10,returning,web,128.06
1622,2024-02-25,returning,app,59.81
1623,2024-12-07,new,marketplace,110.43
1624,2025-07-16,returning,web,73.34
1625,2024-04-20,new,app,44.32
1626,2024-07-24,returning,app,78.0
1627,2025-10-07,returning,web,60.16
1628,2024-08-08,returning,web,76.43
1629,2025-02-06,new,app,42.84
1630,2025-01-03,returning,marketplace,114.51
1631,2025-09-10,returning,app,51.2
1632,2024-06-23,returning,marketplace,41.52
1633,2024-12-31,returning,marketplace,38.21
1634,2025-11-24,returning,app,37.15
1635,2024-05-30,returning,web,31.46
1636,2024-04-14,new,app,24.59
1637,2025-01-28,returning,web,62.69
1638,2024-06-27,returning,web,82.87
1639,2025-11-24,new,marketplace,41.88
1640,2024-12-22,returning,web,42.28
1641,2025-12-26,vip,app,144.84
1642,2024-08-01,returning,app,110.08
1643,2024-01-02,returning,web,29.26
1644,2024-01-04,new,marketplace,49.2
1645,2025-11-05,new,marketplace,68.02
1646,2024-06-30,new,app,100.18
1647,2024-11-20,returning,app,57.2
1648,2025-05-24,new,app,75.78
1649,2024-11-07,returning,web,60.63
1650,2025-08-18,returning,marketplace,84.28
1651,2024-07-04,new,marketplace,56.58
1652,2024-05-18,returning,app,45.37
1653,2025-10-18,returning,web,46.65
1654,2024-10-21,vip,app,88.84
1655,2024-04-12,returning,marketplace,41.81
1656,2024-05-25,returning,marketplace,46.18
1657,2025-12-19,vip,web,71.11
1658,2025-06-22,new,marketplace,53.74
1659,2025-08-08,vip,web,82.64
1660,2024-02-13,returning,app,58.78
1661,2025-03-25,new,app,37.32
1662,2025-06-23,returning,app,68.74
1663,2025-11-08,new,web,79.67
1664,2025-10-05,vip,marketplace,80.69
1665,2025-03-07,new,app,55.77
1666,2024-11-30,new,web,61.83
1667,2025-12-15,new,marketplace,55.35
1668,2024-03-03,returning,web,49.48
1669,2025-03-26,returning,app,36.3
1670,2025-02-08,new,web,94.32
1671,2024-10-21,new,marketplace,74.46
1672,2025-01-09,returning,web,49.74
1673,2025-12-16,returning,app,46.61
1674,2025-08-06,vip,app,101.41
1675,2025-02-12,returning,web,65.04
1676,2024-02-01,new,web,77.41
1677,2024-04-24,returning,web,24.76
1678,2024-10-12,returning,app,75.48
1679,2025-11-07,returning,web,39.14
1680,2025-03-14,new,web,73.15
1681,2025-01-27,new,marketplace,28.04
1682,2024-07-14,vip,web,41.59
1683,2024-07-29,new,app,39.82
1684,2024-07-09,returning,marketplace,81.87
1685,2024-02-08,new,marketplace,49.52
1686,2025-11-08,new,web,57.57
1687,2024-01-02,returning,app,42.37
1688,2025-03-29,returning,app,66.57
1689,2025-07-13,new,marketplace,28.19
1690,2024-03-04,new,web,30.67
1691,2024-09-09,returning,app,82.27
1692,2025-02-01,vip,marketplace,55.69
1693,2025-05-15,new,marketplace,47.36
1694,2025-09-27,new,marketplace,85.16
1695,2024-03-22,returning,app,55.97
1696,2024-06-02,new,app,37.22
1697,2024-09-11,new,web,104.08
1698,2025-09-13,new,web,57.01
1699,2025-12-22,new,app,59.53
1700,2024-12-03,vip,marketplace,57.07
1701,2024-05-29,new,app,46.56
1702,2024-12-07,vip,web,52.0
1703,2025-11-11,new,app,29.67
1704,2025-05-18,new,marketplace,63.38
1705,2025-09-05,new,web,33.15
1706,2025-12-31,returning,app,67.28
1707,2024-04-11,new,app,29.16
1708,2025-12-20,new,app,58.79
1709,2025-06-22,new,app,34.35
1710,2024-12-20,returning,app,35.81
1711,2024-07-22,new,web,72.57
1712,2025-12-21,new,marketplace,29.85
1713,2024-05-12,vip,app,46.57
1714,2024-10-20,vip,app,64.54
1715,2025-04-17,new,marketplace,86.67
1716,2024-07-13,returning,web,93.36
1717,2024-01-05,returning,web,89.81
1718,2025-12-18,returning,web,50.82
1719,2024-11-22,returning,app,30.56
1720,2025-12-05,new,marketplace,33.06
1721,2024-06-29,new,marketplace,81.95
1722,2025-10-13,new,web,44.61
1723,2024-02-13,returning,marketplace,34.53
1724,2024-12-13,new,web,64.21
1725,2025-10-25,returning,web,29.74
1726,2025-03-02,new,web,76.3
1727,2025-08-27,new,marketplace,41.34
1728,2025-11-06,returning,web,132.5
1729,2025-03-12,new,app,47.21
1730,2025-01-01,returning,web,105.7
1731,2025-09-14,returning,app,92.56
1732,2024-11-19,returning,web,92.85
1733,2025-11-26,returning,marketplace,48.2
1734,2024-06-26,new,web,52.23
1735,2024-05-29,returning,web,64.88
1736,2024-11-04,new,marketplace,77.84
1737,2024-02-02,returning,app,42.88
1738,2024-03-12,new,marketplace,68.99
1739,2025-02-06,new,marketplace,53.73
1740,2025-12-23,new,app,82.94
1741,2025-02-10,returning,web,59.97
1742,2024-11-22,returning,marketplace,114.38
1743,2025-10-22,new,app,127.54
1744,2025-11-25,new,marketplace,154.8
1745,2024-06-27,returning,marketplace,126.06
1746,2024-01-08,vip,app,49.59
1747,2025-04-13,new,web,47.87
1748,2025-09-16,new,app,94.05
1749,2024-07-12,vip,web,42.85
1750,2024-05-06,new,app,77.72
1751,2024-10-30,returning,web,57.33
1752,2024-11-27,new,web,69.35
1753,2025-10-14,new,web,46.4
1754,2024-09-10,new,web,93.75
1755,2024-10-14,returning,app,40.45
1756,2025-06-07,new,app,61.22
1757,2025-06-13,vip,web,39.46
1758,2025-07-10,new,web,45.53
1759,2025-09-14,returning,app,34.25
1760,2025-05-13,returning,app,38.7
1761,2024-05-19,returning,app,45.54
1762,2024-04-28,returning,web,56.1
1763,2024-03-28,returning,web,29.79
1764,2024-11-28,new,marketplace,49.64
1765,2025-01-30,new,marketplace,37.41
1766,2025-08-25,returning,web,136.54
1767,2025-12-12,new,app,70.42
1768,2024-07-16,new,marketplace,61.2
1769,2024-04-09,new,web,85.11
1770,2025-03-20,new,marketplace,60.65
1771,2024-07-26,new,app,46.53
1772,2025-08-10,new,web,30.7
1773,2025-05-06,returning,web,69.78
1774,2025-06-05,returning,web,67.09
1775,2024-06-28,new,marketplace,54.87
1776,2024-12-10,new,web,44.66
1777,2025-12-23,returning,marketplace,31.06
1778,2024-10-05,new,web,38.74
1779,2024-06-16,new,app,48.11
1780,2024-01-20,returning,web,37.42
1781,2025-05-29,returning,app,32.49
1782,2025-11-14,new,marketplace,43.46
1783,2025-06-19,new,app,31.39
1784,2025-09-28,returning,marketplace,90.02
1785,2024-10-26,new,app,47.9
1786,2024-06-14,returning,web,57.68
1787,2024-09-27,returning,marketplace,83.98
1788,2025-06-01,new,marketplace,30.09
1789,2024-12-24,new,web,54.43
1790,2024-08-14,new,app,62.4
1791,2024-06-25,new,marketplace,32.84
1792,2025-03-25,vip,marketplace,32.44
1793,2024-05-27,returning,web,51.12
1794,2024-12-18,returning,web,47.63
1795,2025-08-09,returning,web,60.05
1796,2025-05-06,new,marketplace,54.6
1797,2024-05-08,new,app,122.42
1798,2025-01-18,returning,marketplace,42.26
1799,2025-07-02,returning,app,82.53
1800,2024-05-03,returning,app,60.35
1801,2025-11-06,new,app,93.37
1802,2024-11-07,new,marketplace,29.32
1803,2024-12-18,new,web,81.46
1804,2024-04-25,returning,app,62.48
1805,2025-12-22,new,app,73.78
1806,2024-01-08,returning,marketplace,56.72
1807,2025-06-18,returning,marketplace,59.73
1808,2024-09-30,new,web,85.18
1809,2024-01-18,returning,web,36.98
1810,2024-12-20,returning,web,82.28
1811,2024-08-07,returning,app,65.32
1812,2024-04-18,new,app,40.04
1813,2024-11-27,returning,app,69.83
1814,2024-07-09,returning,marketplace,39.84
1815,2025-12-22,returning,app,117.65
1816,2025-03-02,new,app,35.79
1817,2025-09-08,new,web,35.66
1818,2025-12-14,returning,marketplace,72.05
1819,2025-08-08,returning,marketplace,35.34
1820,2025-12-11,new,app,43.63
1821,2025-01-22,returning,app,41.51
1822,2025-11-21,returning,app,71.81
1823,2024-10-06,returning,web,63.79
1824,2024-03-14,vip,app,69.6
1825,2025-05-13,new,app,38.29
1826,2024-07-31,new,app,92.26
1827,2024-03-12,new,marketplace,44.08
1828,2025-02-12,new,marketplace,53.6
1829,2024-06-08,vip,web,74.4
1830,2024-06-12,new,marketplace,47.57
1831,2025-02-11,new,web,72.8
1832,2024-04-02,returning,app,47.67
1833,2024-05-24,returning,app,30.31
1834,2025-11-30,new,marketplace,72.96
1835,2025-07-02,vip,marketplace,48.4
1836,2024-09-03,new,web,89.51
1837,2025-11-23,returning,web,49.07
1838,2024-11-05,new,web,42.84
1839,2025-05-07,new,web,73.5
1840,2025-04-27,new,web,128.68
1841,2024-10-14,returning,marketplace,84.43
1842,2025-07-04,new,app,40.5
1843,2024-04-21,returning,web,73.5
1844,2024-02-16,returning,app,63.04
1845,2025-10-10,new,marketplace,32.25
1846,2025-06-14,new,web,37.53
1847,2025-04-07,new,web,31.62
1848,2025-07-11,returning,web,69.97
1849,2025-12-01,returning,marketplace,81.56
1850,2024-12-14,returning,app,92.5
1851,2024-10-23,returning,marketplace,49.47
1852,2025-08-24,new,marketplace,32.38
1853,2024-08-25,new,marketplace,39.74
1854,2025-11-15,returning,marketplace,52.43
1855,2025-06-16,new,marketplace,25.92
1856,2024-09-24,returning,marketplace,46.46
1857,2024-12-08,returning,app,82.64
1858,2025-03-23,returning,marketplace,45.65
1859,2024-11-28,new,marketplace,90.42
1860,2025-04-28,new,app,62.96
1861,2025-08-16,returning,app,145.17
1862,2025-06-01,returning,marketplace,153.02
1863,2025-03-17,new,marketplace,37.65
1864,2025-11-06,returning,web,77.03
1865,2024-05-22,vip,web,51.15
1866,2024-11-23,returning,web,88.57
1867,2025-03-21,new,app,43.17
1868,2025-10-22,new,marketplace,54.81
1869,2024-05-20,vip,web,67.79
1870,2024-06-18,new,marketplace,14.13
1871,2025-03-11,new,marketplace,70.36
1872,2025-11-04,new,web,45.93
1873,2024-06-27,vip,web,25.96
1874,2025-10-25,new,app,133.44
1875,2025-09-30,returning,marketplace,54.05
1876,2025-01-08,returning,web,55.87
1877,2025-05-19,vip,app,41.21
1878,2025-10-05,returning,web,67.85
1879,2025-03-22,returning,marketplace,85.08
1880,2025-02-18,new,app,79.2
1881,2024-12-13,vip,web,50.9
1882,2025-05-12,returning,app,32.26
1883,2024-06-11,new,marketplace,53.62
1884,2025-12-09,returning,web,35.52
1885,2025-06-11,returning,app,100.86
1886,2025-03-29,vip,app,83.59
1887,2025-04-26,new,app,62.17
1888,2025-10-22,returning,web,47.22
1889,2024-06-28,new,web,104.17
1890,2025-04-28,new,app,56.19
1891,2025-07-04,new,app,36.75
1892,2025-11-13,new,marketplace,99.27
1893,2025-11-12,new,marketplace,31.78
1894,2025-07-20,new,web,56.2
1895,2025-11-21,new,app,63.63
1896,2025-03-14,returning,web,36.43
1897,2025-01-31,new,app,135.38
1898,2025-12-12,new,marketplace,117.47
1899,2025-09-18,new,app,83.76
1900,2024-08-11,new,marketplace,62.24
1901,2025-04-23,new,app,49.71
1902,2025-10-27,vip,web,96.75
1903,2025-01-15,vip,app,43.0
1904,2024-12-08,vip,web,70.49
1905,2025-08-30,returning,marketplace,43.02
1906,2024-08-12,new,web,86.14
1907,2025-08-10,vip,app,61.15
1908,2024-05-02,vip,web,51.81
1909,2025-04-20,returning,web,34.67
1910,2024-12-26,vip,marketplace,88.41
1911,2024-07-31,new,app,49.59
1912,2025-11-05,returning,marketplace,51.78
1913,2024-01-13,returning,web,137.21
1914,2025-10-25,new,web,50.97
1915,2024-08-31,new,app,81.94
1916,2025-04-25,returning,web,58.34
1917,2025-07-24,vip,app,34.91
1918,2025-03-05,returning,marketplace,31.48
1919,2025-07-12,returning,marketplace,105.05
1920,2024-05-06,new,web,31.06
1921,2024-04-24,vip,marketplace,82.94
1922,2025-12-05,returning,marketplace,92.19
1923,2025-06-19,returning,marketplace,102.95
1924,2025-08-06,returning,app,24.19
1925,2025-12-06,new,app,52.61
1926,2024-08-22,new,marketplace,125.5
1927,2024-03-08,returning,marketplace,118.65
1928,2024-11-16,new,web,78.22
1929,2025-12-14,vip,marketplace,104.23
1930,2024-09-21,returning,web,43.89
1931,2024-08-06,returning,app,80.56
1932,2024-06-24,returning,marketplace,87.29
1933,2024-06-09,returning,web,50.45
1934,2025-07-10,vip,app,106.31
1935,2024-06-16,new,app,50.95
1936,2024-04-05,vip,marketplace,59.86
1937,2025-11-01,returning,web,60.42
1938,2025-04-05,new,app,76.95
1939,2024-06-07,returning,marketplace,91.32
1940,2025-11-17,vip,web,44.79
1941,2025-06-17,new,marketplace,57.5
1942,2024-01-06,returning,app,100.91
1943,2024-05-06,returning,app,49.28
1944,2024-02-29,returning,marketplace,77.86
1945,2024-05-25,returning,marketplace,28.63
1946,2025-11-15,new,web,63.95
1947,2025-01-06,returning,marketplace,85.73
1948,2025-12-07,new,app,69.52
1949,2025-05-25,new,app,44.81
1950,2025-02-21,new,marketplace,91.06
1951,2024-10-27,returning,marketplace,73.16
1952,2024-02-01,new,marketplace,34.89
1953,2025-09-30,returning,web,44.51
1954,2024-05-05,returning,marketplace,58.32
1955,2024-03-03,returning,marketplace,49.84
1956,2024-09-30,new,app,108.65
1957,2024-04-13,returning,web,57.88
1958,2025-10-30,new,web,60.69
1959,2024-03-21,returning,web,62.06
1960,2025-10-07,returning,marketplace,53.27
1961,2025-02-09,new,marketplace,150.6
1962,2025-03-22,new,app,44.94
1963,2025-07-21,new,marketplace,61.61
1964,2024-07-28,returning,web,35.08
1965,2025-04-01,returning,marketplace,32.11
1966,2025-03-14,new,marketplace,55.65
1967,2025-10-17,returning,marketplace,80.88
1968,2025-12-07,returning,web,82.68
1969,2025-11-04,new,web,53.49
1970,2025-04-30,returning,app,78.1
1971,2025-01-19,vip,web,70.77
1972,2025-07-14,returning,web,23.43
1973,2025-01-18,returning,marketplace,91.99
1974,2024-01-05,returning,app,43.61
1975,2024-12-23,returning,app,24.6
1976,2025-02-26,returning,app,74.15
1977,2025-09-05,vip,app,70.78
1978,2025-12-04,returning,marketplace,81.69
1979,2024-03-22,returning,web,67.72
1980,2024-12-26,returning,marketplace,72.59
1981,2025-01-19,returning,web,66.61
1982,2024-03-10,vip,app,47.43
1983,2025-05-05,new,app,67.5
1984,2024-12-04,returning,web,103.57
1985,2024-01-27,returning,marketplace,50.19
1986,2025-08-06,returning,app,55.15
1987,2025-05-26,new,app,85.88
1988,2024-12-22,returning,app,69.43
1989,2025-03-13,new,web,39.78
1990,2025-10-14,returning,marketplace,33.75
1991,2024-11-20,returning,marketplace,95.49
1992,2025-02-09,new,web,78.8
1993,2025-05-19,new,marketplace,58.11
1994,2024-03-14,new,marketplace,165.35
1995,2025-07-31,returning,app,52.99
1996,2024-07-21,returning,app,103.63
1997,2025-12-20,returning,marketplace,69.86
1998,2024-12-18,returning,marketplace,35.47
1999,2025-07-27,new,marketplace,44.5
2000,2024-05-21,new,web,54.4
2001,2025-02-14,returning,web,40.78
2002,2024-06-01,new,marketplace,54.59
2003,2025-03-29,returning,marketplace,142.49
2004,2025-10-12,returning,marketplace,57.24
2005,2024-06-19,new,web,42.38
2006,2024-01-30,new,app,80.03
2007,2025-05-26,vip,marketplace,53.43
2008,2024-10-20,returning,web,122.83
2009,2025-06-06,new,app,154.2
2010,2025-04-09,returning,web,45.37
2011,2025-11-04,returning,app,64.45
2012,2024-02-14,returning,marketplace,50.93
2013,2025-01-30,returning,web,38.3
2014,2025-11-23,new,app,65.21
2015,2025-03-17,returning,web,79.5
2016,2025-05-18,returning,marketplace,31.05
2017,2025-12-10,returning,web,84.31
2018,2025-07-18,returning,app,55.37
2019,2025-03-23,new,marketplace,65.55
2020,2024-12-26,vip,web,35.23
2021,2025-05-11,returning,app,53.46
2022,2024-12-23,new,marketplace,27.77
2023,2025-06-08,returning,web,94.99
2024,2024-04-07,returning,app,61.1
2025,2025-11-06,new,app,48.91
2026,2024-11-28,new,app,86.97
2027,2025-11-20,new,marketplace,63.19
2028,2024-07-08,new,web,92.44
2029,2025-06-17,new,web,31.19
2030,2024-12-14,returning,marketplace,50.65
2031,2024-06-13,returning,marketplace,49.34
2032,2025-07-17,new,marketplace,32.77
2033,2025-08-05,new,web,41.84
2034,2025-07-17,returning,marketplace,94.05
2035,2025-07-05,new,marketplace,46.42
2036,2025-11-27,returning,marketplace,56.65
2037,2025-12-25,new,marketplace,68.62
2038,2024-05-13,returning,web,79.64
2039,2024-01-14,new,marketplace,55.34
2040,2024-12-10,new,app,100.07
2041,2025-08-24,returning,web,66.0
2042,2025-03-31,new,app,78.63
2043,2025-07-16,returning,web,87.57
2044,2024-11-17,new,app,43.78
2045,2024-08-06,returning,marketplace,53.93
2046,2025-03-19,new,web,48.01
2047,2024-07-13,new,marketplace,48.66
2048,2024-11-24,new,web,99.78
2049,2025-04-11,returning,marketplace,37.99
2050,2025-05-08,returning,marketplace,79.04
2051,2025-04-05,returning,web,37.21
2052,2025-08-30,vip,app,82.18
2053,2025-05-13,returning,marketplace,45.84
2054,2024-02-21,new,web,90.16
2055,2025-01-27,vip,marketplace,73.15
2056,2025-06-24,returning,web,32.78
2057,2024-08-07,new,web,58.27
2058,2024-05-26,returning,app,105.29
2059,2024-06-15,returning,marketplace,54.66
2060,2024-08-03,returning,app,45.16
2061,2024-02-26,new,web,48.24
2062,2025-09-28,new,marketplace,79.77
2063,2025-06-19,returning,app,43.53
2064,2025-09-19,returning,marketplace,46.24
2065,2025-02-09,returning,app,74.5
2066,2024-11-25,new,marketplace,69.09
2067,2025-09-16,returning,app,24.36
2068,2025-07-13,vip,marketplace,91.28
2069,2024-05-23,new,web,30.1
2070,2024-11-07,vip,web,46.62
2071,2025-02-12,returning,marketplace,34.7
2072,2025-11-03,new,marketplace,60.53
2073,2025-11-07,new,marketplace,62.11
2074,2025-06-23,returning,marketplace,52.95
2075,2025-11-17,new,marketplace,69.98
2076,2025-09-08,returning,marketplace,25.44
2077,2024-09-07,new,app,25.9
2078,2025-08-29,new,app,32.03
2079,2025-07-20,new,marketplace,140.5
2080,2024-06-07,new,web,60.74
2081,2024-01-28,new,app,60.39
2082,2025-10-05,returning,app,48.69
2083,2025-02-24,new,app,75.25
2084,2025-09-30,new,marketplace,41.83
2085,2024-08-22,returning,app,130.67
2086,2025-06-08,returning,app,79.16
2087,2025-02-05,returning,app,74.62
2088,2024-12-18,returning,marketplace,46.54
2089,2025-10-16,new,app,59.21
2090,2025-05-05,new,app,85.33
2091,2025-10-15,returning,marketplace,62.92
2092,2025-06-23,new,marketplace,80.24
2093,2025-11-23,returning,marketplace,57.68
2094,2025-07-26,returning,app,67.28
2095,2024-11-02,new,app,75.08
2096,2024-08-11,returning,marketplace,66.29
2097,2025-04-14,new,marketplace,47.91
2098,2024-10-23,returning,web,86.31
2099,2025-07-19,returning,marketplace,31.45
2100,2025-01-30,vip,marketplace,73.42
2101,2024-10-11,new,app,86.68
2102,2025-05-13,vip,marketplace,65.08
2103,2025-11-11,new,web,140.91
2104,2025-05-06,new,app,75.0
2105,2025-05-26,returning,marketplace,39.4
2106,2025-04-11,new,app,44.5
2107,2024-05-31,new,marketplace,92.29
2108,2024-08-02,new,marketplace,30.04
2109,2024-08-22,vip,app,56.53
2110,2025-08-16,returning,marketplace,48.91
2111,2025-06-08,returning,app,77.1
2112,2025-09-07,returning,marketplace,53.59
2113,2025-03-10,returning,app,31.31
2114,2024-05-02,new,web,61.61
2115,2024-07-16,new,web,55.88
2116,2025-03-13,new,marketplace,89.4
2117,2025-09-19,returning,marketplace,53.14
2118,2025-09-01,new,marketplace,63.4
2119,2025-06-25,new,app,69.25
2120,2025-04-17,new,marketplace,57.93
2121,2024-08-10,returning,web,50.74
2122,2024-01-20,returning,app,55.86
2123,2024-12-28,new,web,51.79
2124,2024-12-18,returning,marketplace,39.8
2125,2024-11-02,returning,web,81.91
2126,2025-12-28,vip,web,45.21
2127,2024-01-07,new,marketplace,73.56
2128,2025-04-26,returning,marketplace,40.5
2129,2025-01-15,new,app,109.06
2130,2025-02-12,new,app,96.88
2131,2024-05-12,returning,marketplace,44.98
2132,2024-12-07,new,app,124.93
2133,2025-04-06,returning,marketplace,39.64
2134,2024-10-08,new,marketplace,57.25
2135,2025-02-23,new,web,45.21
2136,2024-07-03,new,app,66.69
2137,2025-12-31,new,marketplace,73.05
2138,2024-07-06,returning,app,41.69
2139,2025-02-18,returning,marketplace,82.1
2140,2024-03-19,vip,marketplace,50.18
2141,2024-05-18,new,marketplace,51.64
2142,2024-06-06,new,web,65.41
2143,2024-03-21,returning,app,141.34
2144,2024-03-13,new,web,76.0
2145,2025-10-03,returning,app,104.45
2146,2024-08-26,returning,app,57.43
2147,2024-01-13,new,web,59.32
2148,2024-12-11,returning,app,40.29
2149,2025-01-19,returning,app,88.67
2150,2025-11-08,new,app,102.3
2151,2024-09-14,new,app,31.92
2152,2025-12-01,new,app,99.54
2153,2024-02-21,returning,marketplace,70.15
2154,2024-12-08,new,app,68.77
2155,2025-01-16,returning,app,43.0
2156,2025-02-20,new,app,39.19
2157,2024-07-28,returning,marketplace,36.85
2158,2024-09-04,new,web,77.84
2159,2025-05-27,new,marketplace,43.72
2160,2024-11-25,new,marketplace,121.48
2161,2025-09-08,returning,app,70.21
2162,2024-01-26,returning,web,38.84
2163,2025-10-28,returning,web,75.66
2164,2025-06-10,returning,app,22.21
2165,2024-10-23,vip,app,72.07
2166,2025-01-24,new,app,63.2
2167,2025-07-11,new,marketplace,44.83
2168,2024-12-02,new,web,59.45
2169,2024-05-10,returning,web,44.35
2170,2024-02-05,new,app,31.62
2171,2024-06-10,returning,marketplace,93.97
2172,2025-12-23,returning,app,51.39
2173,2025-03-09,returning,marketplace,81.37
2174,2024-07-02,new,marketplace,35.89
2175,2025-04-18,returning,web,47.08
2176,2024-12-01,new,app,68.21
2177,2025-10-21,vip,marketplace,43.23
2178,2024-07-19,new,app,85.97
2179,2025-11-07,returning,marketplace,72.98
2180,2024-03-19,returning,app,46.29
2181,2024-09-30,returning,marketplace,35.07
2182,2025-10-31,vip,marketplace,52.61
2183,2024-12-07,new,app,43.45
2184,2024-12-26,returning,app,57.28
2185,2025-06-07,new,app,114.69
2186,2025-02-04,returning,marketplace,43.2
2187,2025-07-25,returning,app,53.53
2188,2024-12-26,new,app,55.97
2189,2024-02-13,vip,app,54.05
2190,2024-04-17,new,web,37.65
2191,2024-06-19,returning,marketplace,44.92
2192,2024-06-08,returning,app,51.68
2193,2024-12-16,returning,marketplace,21.28
2194,2025-04-03,returning,marketplace,47.08
2195,2025-04-16,new,marketplace,56.13
2196,2024-09-26,vip,marketplace,47.1
2197,2025-11-14,returning,marketplace,71.63
2198,2025-12-14,new,app,42.2
2199,2024-01-31,new,marketplace,113.72
2200,2025-07-04,returning,app,62.77
2201,2025-10-02,returning,marketplace,55.31
2202,2024-06-23,returning,marketplace,107.74
2203,2024-03-11,new,web,57.56
2204,2025-12-04,returning,web,47.03
2205,2024-01-13,new,web,88.5
2206,2024-12-12,returning,marketplace,58.34
2207,2025-06-30,returning,app,47.88
2208,2025-05-29,new,web,33.5
2209,2024-01-05,returning,marketplace,33.28
2210,2024-02-27,returning,app,58.56
2211,2024-01-21,vip,app,84.08
2212,2024-09-03,new,app,61.67
2213,2024-12-11,returning,web,82.2
2214,2024-12-09,new,web,91.53
2215,2025-05-22,new,marketplace,78.4
2216,2025-11-29,vip,app,62.11
2217,2025-08-21,returning,app,31.16
2218,2024-08-06,new,marketplace,39.43
2219,2025-02-26,returning,marketplace,65.09
2220,2025-09-28,new,app,50.68
2221,2024-05-18,new,web,97.41
2222,2024-01-27,returning,app,55.05
2223,2025-12-02,returning,web,43.45
2224,2025-10-17,vip,web,64.17
2225,2024-04-09,new,app,90.12
2226,2024-05-26,returning,web,95.72
2227,2024-06-01,new,marketplace,57.12
2228,2025-05-20,returning,web,52.86
2229,2025-10-29,new,web,64.1
2230,2025-09-13,returning,marketplace,47.81
2231,2025-10-22,returning,app,61.78
2232,2024-10-20,returning,web,50.51
2233,2025-03-02,new,app,84.07
2234,2024-02-20,new,app,75.71
2235,2024-12-06,vip,web,77.36
2236,2024-09-24,returning,web,31.95
2237,2024-01-04,new,web,77.93
2238,2024-12-11,returning,app,59.1
2239,2024-12-31,returning,app,58.04
2240,2025-10-25,new,web,54.35
2241,2025-01-28,vip,marketplace,38.5
2242,2025-07-09,returning,app,42.81
2243,2025-10-16,vip,marketplace,99.84
2244,2024-05-05,returning,web,86.94
2245,2025-10-07,new,web,58.48
2246,2024-02-16,new,app,68.34
2247,2024-09-13,new,marketplace,24.55
2248,2024-11-26,new,app,80.53
2249,2024-01-31,new,marketplace,65.37
2250,2025-08-08,new,web,87.42
2251,2024-01-06,returning,marketplace,27.1
2252,2024-02-01,new,marketplace,22.03
2253,2025-09-10,returning,web,47.43
2254,2024-05-27,returning,web,46.39
2255,2024-01-14,returning,web,44.84
2256,2024-12-13,returning,web,78.51
2257,2024-09-30,new,web,62.87
2258,2024-09-05,new,app,70.28
2259,2025-10-25,new,marketplace,47.92
2260,2024-05-04,vip,web,38.24
2261,2024-02-01,vip,web,61.14
2262,2024-07-30,new,web,32.34
2263,2024-09-19,returning,web,31.73
2264,2025-11-07,new,web,78.1
2265,2024-06-04,new,marketplace,27.02
2266,2024-12-15,returning,app,60.49
2267,2025-12-26,returning,app,112.67
2268,2024-07-29,new,web,29.11
2269,2025-06-17,new,marketplace,105.7
2270,2025-03-28,new,marketplace,74.31
2271,2024-05-26,returning,web,68.77
2272,2025-06-11,new,app,105.86
2273,2025-08-31,new,app,45.04
2274,2025-11-20,new,marketplace,48.19
2275,2025-02-17,returning,web,58.65
2276,2024-09-13,returning,marketplace,35.89
2277,2024-05-24,new,app,67.76
2278,2024-05-27,new,web,44.56
2279,2024-02-18,returning,app,38.38
2280,2025-09-15,returning,app,63.22
2281,2025-10-22,new,app,77.08
2282,2024-06-22,returning,web,117.27
2283,2024-11-28,vip,app,42.33
2284,2025-12-22,returning,marketplace,69.53
2285,2025-05-14,returning,app,55.77
2286,2025-04-12,returning,app,87.37
2287,2024-05-19,returning,web,35.13
2288,2024-07-10,returning,app,57.22
2289,2025-10-30,new,app,79.85
2290,2024-10-09,new,marketplace,51.61
2291,2025-02-15,returning,web,68.94
2292,2024-02-02,new,app,59.38
2293,2024-10-11,new,web,21.28
2294,2024-05-16,new,web,79.02
2295,2024-09-10,returning,web,58.49
2296,2024-12-02,new,app,81.43
2297,2024-01-16,new,marketplace,68.93
2298,2024-02-18,new,app,36.93
2299,2025-12-23,new,web,68.72
2300,2025-10-26,returning,web,63.25
2301,2024-04-11,new,web,90.87
2302,2025-03-16,new,app,26.39
2303,2025-10-13,new,marketplace,50.03
2304,2025-12-05,new,marketplace,41.56
2305,2025-12-23,returning,marketplace,82.95
2306,2025-03-22,returning,marketplace,61.53
2307,2024-05-24,new,marketplace,41.87
2308,2024-12-26,new,app,102.33
2309,2025-06-23,vip,marketplace,69.63
2310,2025-11-06,new,web,57.48
2311,2025-11-06,returning,marketplace,95.11
2312,2025-06-02,returning,app,94.72
2313,2025-06-21,new,web,87.66
2314,2025-12-22,new,app,100.34
2315,2025-11-27,returning,web,57.83
2316,2025-01-02,returning,marketplace,102.51
2317,2025-07-29,returning,web,41.68
2318,2024-10-23,vip,web,36.12
2319,2025-07-23,returning,web,34.23
2320,2025-09-16,returning,web,85.74
2321,2024-06-18,vip,marketplace,67.52
2322,2024-05-22,returning,web,77.7
2323,2024-11-23,vip,web,66.24
2324,2024-10-20,new,web,73.7
2325,2025-05-06,new,app,76.87
2326,2024-01-31,new,marketplace,38.19
2327,2024-01-07,returning,marketplace,58.78
2328,2024-09-15,new,web,79.66
2329,2025-06-09,returning,marketplace,102.59
2330,2024-06-28,returning,app,56.45
2331,2024-11-09,new,app,92.16
2332,2024-06-16,returning,web,35.06
2333,2024-05-10,new,app,36.67
2334,2025-02-12,new,marketplace,89.75
2335,2025-04-20,new,app,32.98
2336,2024-03-06,vip,app,70.25
2337,2025-11-01,new,marketplace,47.0
2338,2024-05-13,returning,app,123.93
2339,2025-03-17,new,app,122.0
2340,2025-12-28,new,app,75.08
2341,2025-12-09,returning,marketplace,78.71
2342,2025-10-17,new,app,66.75
2343,2025-09-13,returning,web,62.0
2344,2024-04-04,new,web,89.68
2345,2025-06-03,new,marketplace,59.36
2346,2025-06-12,new,web,51.76
2347,2024-07-06,returning,app,91.88
2348,2025-04-15,returning,marketplace,93.82
2349,2024-06-02,new,app,44.82
2350,2025-03-07,returning,web,72.14
2351,2024-12-22,returning,web,39.77
2352,2025-09-26,returning,app,48.14
2353,2024-11-15,returning,web,37.46
2354,2024-11-25,returning,app,43.37
2355,2024-08-24,vip,app,56.34
2356,2025-02-18,new,marketplace,41.09
2357,2024-08-31,returning,marketplace,62.66
2358,2024-06-28,new,app,98.58
2359,2025-10-18,new,web,38.33
2360,2024-11-27,new,marketplace,39.22
2361,2024-04-09,new,web,40.23
2362,2024-11-18,new,web,67.89
2363,2025-04-05,new,marketplace,33.35
2364,2024-05-15,returning,marketplace,43.82
2365,2025-05-16,returning,web,57.75
2366,2024-10-15,new,marketplace,43.44
2367,2024-04-30,new,web,41.68
2368,2024-03-02,new,marketplace,58.92
2369,2024-09-16,returning,marketplace,25.25
2370,2024-06-06,returning,marketplace,55.55
2371,2024-08-22,new,web,70.68
2372,2024-03-09,new,marketplace,47.58
2373,2025-11-06,returning,web,76.7
2374,2025-03-26,new,web,58.6
2375,2024-03-10,new,marketplace,43.71
2376,2025-12-27,vip,app,43.48
2377,2024-12-09,new,web,64.63
2378,2024-09-20,new,app,83.3
2379,2024-12-27,returning,marketplace,72.41
2380,2024-10-03,new,marketplace,62.3
2381,2025-01-23,new,marketplace,77.41
2382,2025-06-17,new,app,34.54
2383,2025-06-08,returning,marketplace,104.88
2384,2025-12-10,returning,web,52.13
2385,2025-10-01,returning,web,106.4
2386,2025-03-07,returning,app,24.01
2387,2025-05-17,new,app,16.18
2388,2025-04-11,returning,marketplace,75.12
2389,2025-12-25,returning,web,38.39
2390,2024-10-28,vip,marketplace,47.52
2391,2024-10-01,returning,app,55.13
2392,2024-10-29,new,app,52.46
2393,2024-12-24,vip,web,38.15
2394,2025-08-18,returning,app,49.18
2395,2025-09-10,returning,app,59.85
2396,2025-02-02,returning,marketplace,60.76
2397,2025-02-17,new,marketplace,135.53
2398,2025-12-19,new,marketplace,35.48
2399,2024-06-25,new,marketplace,109.84
2400,2024-06-05,returning,app,72.59
2401,2025-09-05,new,app,119.43
2402,2025-12-28,returning,app,66.63
2403,2024-01-30,returning,marketplace,39.95
2404,2025-03-31,returning,app,75.91
2405,2025-10-04,new,web,49.15
2406,2025-11-06,new,web,76.18
2407,2025-12-10,new,app,71.61
2408,2025-12-08,returning,web,37.88
2409,2024-10-13,returning,app,43.82
2410,2025-12-29,returning,web,98.32
2411,2025-10-14,new,app,56.99
2412,2025-04-28,returning,web,62.52
2413,2025-03-22,new,marketplace,82.84
2414,2025-08-19,returning,app,64.69
2415,2025-03-06,returning,marketplace,49.97
2416,2025-06-05,new,web,36.86
2417,2024-07-17,returning,web,37.72
2418,2024-09-01,returning,web,39.11
2419,2025-11-28,new,marketplace,75.53
2420,2025-12-25,returning,marketplace,47.66
2421,2024-10-02,returning,app,39.5
2422,2024-01-25,returning,app,49.47
2423,2025-09-07,returning,web,52.09
2424,2025-07-28,new,marketplace,34.07
2425,2024-12-31,returning,marketplace,26.85
2426,2025-08-28,returning,marketplace,85.17
2427,2024-09-26,returning,marketplace,78.92
2428,2024-11-25,new,app,51.51
2429,2025-02-14,returning,app,93.17
2430,2024-08-15,returning,marketplace,72.5
2431,2024-11-25,returning,web,61.57
2432,2024-09-26,new,app,43.31
2433,2025-09-19,new,marketplace,54.57
2434,2024-12-27,new,marketplace,29.5
2435,2024-09-12,new,app,61.79
2436,2024-01-22,new,web,74.98
2437,2025-08-16,new,app,67.16
2438,2024-01-30,returning,web,63.61
2439,2025-02-13,returning,web,73.63
2440,2024-11-30,vip,web,50.6
2441,2025-11-28,returning,marketplace,68.1
2442,2024-05-14,vip,web,40.34
2443,2025-12-08,new,app,40.13
2444,2025-05-04,returning,web,85.23
2445,2025-08-26,new,app,33.78
2446,2025-10-09,new,marketplace,29.83
2447,2025-11-22,returning,marketplace,69.86
2448,2025-01-02,vip,web,52.7
2449,2025-07-25,vip,marketplace,138.66
2450,2025-09-23,returning,app,51.54
2451,2025-07-20,returning,app,88.21
2452,2024-08-05,new,app,106.48
2453,2024-02-10,new,app,54.87
2454,2025-06-17,new,web,33.75
2455,2025-11-28,returning,marketplace,125.64
2456,2025-12-19,vip,web,94.46
2457,2025-12-11,new,marketplace,60.9
2458,2025-11-11,returning,marketplace,37.38
2459,2025-07-30,new,marketplace,64.06
2460,2025-09-04,new,web,34.36
2461,2024-10-02,returning,marketplace,80.92
2462,2025-06-24,returning,marketplace,43.09
2463,2024-12-29,returning,app,84.2
2464,2024-01-15,returning,app,58.73
2465,2025-05-11,returning,marketplace,49.89
2466,2024-06-29,returning,web,47.07
2467,2024-09-18,new,web,57.48
2468,2025-05-20,returning,marketplace,87.51
2469,2025-08-06,new,marketplace,34.39
2470,2025-11-19,new,web,153.02
2471,2024-11-10,new,web,72.02
2472,2025-09-06,returning,marketplace,48.35
2473,2025-03-25,new,web,98.4
2474,2024-05-16,new,web,37.57
2475,2024-11-19,returning,app,46.13
2476,2025-01-22,new,app,33.01
2477,2025-07-27,returning,marketplace,52.74
2478,2025-03-06,new,marketplace,24.69
2479,2025-10-28,new,marketplace,63.34
2480,2024-11-14,returning,web,69.23
2481,2025-06-04,new,web,51.6
2482,2025-05-05,new,web,52.82
2483,2024-01-14,vip,app,42.82
2484,2024-08-21,returning,marketplace,94.69
2485,2024-09-16,new,web,62.42
2486,2025-12-25,new,web,40.62
2487,2025-10-14,new,app,46.0
2488,2025-08-16,returning,marketplace,95.94
2489,2024-07-28,new,app,97.87
2490,2025-07-23,new,web,42.06
2491,2025-02-04,new,web,54.34
2492,2025-12-25,new,web,108.62
2493,2025-06-02,returning,web,78.5
2494,2024-07-01,new,app,72.15
2495,2025-12-29,returning,web,65.13
2496,2024-10-02,returning,web,40.79
2497,2024-09-29,new,app,50.36
2498,2025-02-25,vip,marketplace,38.83
2499,2025-04-25,new,marketplace,55.43
2500,2025-08-19,returning,web,32.12
2501,2025-10-14,new,web,33.93
2502,2024-08-28,returning,marketplace,62.03
2503,2024-10-31,returning,web,85.49
2504,2025-01-07,new,marketplace,82.39
2505,2025-12-28,returning,app,86.96
2506,2025-09-10,new,web,86.04
2507,2024-02-13,vip,web,59.91
2508,2024-08-27,new,web,131.21
2509,2024-12-24,new,app,77.96
2510,2024-01-15,returning,web,74.58
2511,2024-07-21,returning,app,35.77
2512,2025-02-09,new,web,48.83
2513,2025-06-03,returning,web,52.89
2514,2024-07-29,returning,marketplace,83.0
2515,2024-10-03,vip,marketplace,27.94
2516,2025-12-28,returning,marketplace,40.74
2517,2025-02-07,new,app,67.07
2518,2025-10-07,new,web,46.38
2519,2025-04-18,returning,marketplace,75.35
2520,2025-05-26,new,app,62.07
2521,2024-04-20,returning,app,62.95
2522,2025-11-21,new,web,109.9
2523,2024-01-20,new,marketplace,59.21
2524,2025-02-18,new,web,53.72
2525,2025-09-09,returning,marketplace,59.46
2526,2024-06-07,new,app,49.42
2527,2024-06-26,new,marketplace,74.58
2528,2024-12-25,returning,web,57.05
2529,2024-12-18,new,web,55.94
2530,2024-04-21,returning,marketplace,71.23
2531,2025-03-01,new,web,54.13
2532,2025-07-05,new,app,61.12
2533,2024-03-10,returning,web,40.27
2534,2025-07-27,returning,marketplace,46.18
2535,2024-06-24,returning,app,59.31
2536,2024-03-18,new,app,40.72
2537,2024-09-14,new,app,59.72
2538,2025-12-20,returning,marketplace,79.58
2539,2025-10-13,returning,app,106.01
2540,2025-07-23,new,marketplace,93.97
2541,2025-08-06,returning,app,71.01
2542,2025-05-22,new,web,37.43
2543,2024-04-18,returning,web,70.79
2544,2025-10-18,new,marketplace,44.35
2545,2024-02-11,new,web,23.4
2546,2025-12-12,returning,marketplace,56.31
2547,2024-06-19,new,app,71.88
2548,2025-10-25,returning,web,70.6
2549,2025-07-16,new,app,40.72
2550,2024-11-04,returning,marketplace,48.55
2551,2025-05-07,returning,web,72.81
2552,2025-11-08,returning,web,48.59
2553,2024-10-31,vip,marketplace,75.76
2554,2024-01-03,returning,marketplace,53.02
2555,2025-03-11,returning,marketplace,44.21
2556,2025-11-25,returning,marketplace,67.2
2557,2024-08-28,vip,marketplace,145.37
2558,2024-08-28,returning,marketplace,76.79
2559,2024-02-02,returning,marketplace,42.74
2560,2025-11-10,new,web,75.77
2561,2025-07-17,returning,marketplace,50.05
2562,2024-11-09,new,web,33.71
2563,2024-11-14,returning,app,87.83
2564,2024-07-05,returning,marketplace,38.84
2565,2024-06-07,returning,marketplace,46.83
2566,2025-10-27,new,app,92.37
2567,2024-10-12,new,app,70.49
2568,2025-06-07,returning,marketplace,102.99
2569,2025-10-01,new,app,45.56
2570,2025-10-21,returning,marketplace,79.64
2571,2025-10-17,vip,app,52.16
2572,2024-12-16,vip,app,70.08
2573,2025-02-11,returning,app,65.84
2574,2025-03-03,new,app,29.19
2575,2025-10-05,returning,marketplace,59.54
2576,2024-03-08,returning,marketplace,71.92
2577,2025-05-15,new,app,51.83
2578,2024-07-01,new,marketplace,55.27
2579,2024-08-08,new,web,59.9
2580,2024-04-08,new,app,40.76
2581,2024-05-23,new,app,101.62
2582,2025-09-05,returning,marketplace,73.0
2583,2025-06-11,vip,marketplace,37.09
2584,2024-05-26,returning,app,54.9
2585,2025-01-25,returning,app,37.31
2586,2025-07-02,new,marketplace,45.3
2587,2025-08-25,returning,web,96.72
2588,2025-09-08,returning,marketplace,92.24
2589,2024-05-03,vip,app,45.0
2590,2024-12-25,new,app,43.39
2591,2025-06-18,new,marketplace,78.23
2592,2024-07-18,new,web,69.97
2593,2024-06-18,returning,marketplace,79.1
2594,2025-05-29,returning,app,51.21
2595,2025-12-15,new,web,70.13
2596,2025-04-23,returning,marketplace,65.97
2597,2024-03-26,returning,web,63.65
2598,2025-04-14,new,app,52.51
2599,2025-07-02,vip,app,51.85
2600,2025-10-07,new,marketplace,77.72
2601,2025-01-06,new,web,98.07
2602,2025-05-19,returning,app,115.0
2603,2025-02-16,returning,marketplace,63.93
2604,2025-09-18,returning,web,76.57
2605,2024-10-23,returning,marketplace,75.06
2606,2025-07-04,returning,web,58.92
2607,2025-10-30,new,marketplace,38.17
2608,2025-02-20,returning,app,57.21
2609,2025-04-03,new,app,53.87
2610,2024-02-14,new,web,52.66
2611,2024-10-17,new,web,14.26
2612,2024-07-26,new,marketplace,91.85
2613,2025-03-29,returning,app,43.53
2614,2024-06-23,returning,app,74.31
2615,2025-05-04,returning,web,60.09
2616,2024-05-01,returning,app,44.08
2617,2025-12-27,new,marketplace,35.48
2618,2025-11-30,new,web,58.13
2619,2025-04-28,new,web,36.46
2620,2024-12-11,returning,web,64.31
2621,2025-08-05,new,marketplace,92.91
2622,2024-04-18,returning,web,46.97
2623,2024-04-18,returning,app,36.9
2624,2024-09-30,new,marketplace,128.45
2625,2025-10-22,new,marketplace,30.24
2626,2024-04-05,new,marketplace,50.29
2627,2025-11-16,returning,app,33.76
2628,2024-11-05,returning,web,38.81
2629,2025-12-11,returning,marketplace,61.34
2630,2025-06-14,returning,marketplace,35.97
2631,2024-05-12,new,app,24.71
2632,2025-10-07,new,app,72.95
2633,2024-05-06,vip,web,45.83
2634,2024-12-04,returning,web,37.43
2635,2024-07-14,new,app,27.15
2636,2024-04-22,new,app,47.69
2637,2025-12-18,returning,marketplace,43.06
2638,2025-12-23,new,app,45.57
2639,2025-01-02,new,app,51.56
2640,2024-03-12,new,web,56.92
2641,2024-11-14,returning,app,90.0
2642,2025-12-25,returning,marketplace,33.05
2643,2024-10-01,returning,web,49.2
2644,2024-01-18,new,web,74.46
2645,2024-11-14,returning,app,50.48
2646,2024-09-29,returning,app,135.07
2647,2025-03-06,new,app,47.2
2648,2025-01-14,new,marketplace,62.15
2649,2024-07-16,vip,app,53.04
2650,2025-03-14,new,app,37.16
2651,2025-01-04,returning,app,37.47
2652,2024-07-19,returning,marketplace,113.92
2653,2025-12-09,new,marketplace,52.59
2654,2025-11-05,returning,app,53.69
2655,2024-12-17,new,marketplace,54.28
2656,2024-11-09,new,marketplace,49.68
2657,2024-01-09,new,web,43.21
2658,2024-09-14,new,app,38.17
2659,2025-04-17,returning,app,58.29
2660,2025-07-09,vip,web,34.21
2661,2024-07-29,vip,app,51.91
2662,2025-09-19,new,marketplace,52.19
2663,2025-10-13,returning,web,55.56
2664,2025-05-17,new,marketplace,40.56
2665,2024-07-17,returning,web,40.73
2666,2024-06-02,returning,marketplace,76.13
2667,2025-12-03,returning,marketplace,86.92
2668,2025-03-11,returning,marketplace,29.5
2669,2025-03-18,new,web,107.24
2670,2024-12-13,returning,app,43.42
2671,2024-09-27,returning,app,77.53
2672,2025-11-27,vip,app,47.44
2673,2024-03-26,new,marketplace,69.92
2674,2025-08-03,vip,marketplace,108.94
2675,2025-01-12,new,web,104.24
2676,2025-05-26,new,app,39.79
2677,2025-10-16,returning,marketplace,79.63
2678,2025-05-04,returning,marketplace,87.3
2679,2024-11-25,returning,web,26.94
2680,2025-10-14,new,app,93.96
2681,2024-11-04,returning,marketplace,50.33
2682,2025-09-01,new,app,63.87
2683,2025-08-07,vip,marketplace,71.01
2684,2024-06-01,returning,marketplace,49.28
2685,2025-06-18,new,app,71.17
2686,2025-10-15,new,web,46.45
2687,2025-03-15,new,app,39.34
2688,2025-05-25,returning,web,81.42
2689,2024-08-11,new,app,37.39
2690,2024-12-22,new,web,33.73
2691,2025-01-26,returning,marketplace,54.43
2692,2024-10-14,vip,app,36.13
2693,2024-05-17,new,web,38.28
2694,2025-08-09,new,app,27.49
2695,2024-07-13,returning,marketplace,49.08
2696,2024-04-30,vip,app,49.56
2697,2024-03-04,returning,marketplace,33.2
2698,2025-11-10,vip,marketplace,49.81
2699,2025-12-16,vip,app,70.94
2700,2025-06-16,new,web,48.37
2701,2025-10-26,returning,app,98.43
2702,2024-06-22,new,web,44.15
2703,2024-05-26,returning,marketplace,14.08
2704,2025-10-21,returning,app,53.99
2705,2025-06-20,returning,app,78.51
2706,2025-12-30,returning,web,61.64
2707,2024-05-16,new,web,34.33
2708,2025-12-05,returning,marketplace,42.8
2709,2024-04-23,new,app,89.58
2710,2025-10-23,new,app,64.36
2711,2025-11-11,new,app,68.82
2712,2025-07-01,new,marketplace,60.91
2713,2025-10-09,returning,web,39.88
2714,2024-01-02,new,marketplace,95.77
2715,2024-02-22,vip,app,68.91
2716,2024-12-25,new,marketplace,47.47
2717,2024-09-25,returning,app,35.79
2718,2024-06-13,new,app,31.65
2719,2024-12-29,returning,app,117.75
2720,2024-12-06,returning,web,81.22
2721,2024-12-12,new,app,110.05
2722,2024-01-21,returning,app,47.11
2723,2025-08-09,new,app,63.78
2724,2024-10-08,returning,web,52.4
2725,2025-09-16,returning,marketplace,151.5
2726,2024-04-14,returning,marketplace,85.7
2727,2025-07-23,new,app,43.11
2728,2025-07-26,new,marketplace,57.0
2729,2025-09-05,returning,marketplace,57.9
2730,2025-10-02,new,app,38.68
2731,2024-12-30,returning,web,43.05
2732,2024-04-14,vip,web,19.66
2733,2024-03-07,returning,marketplace,52.51
2734,2024-11-23,new,app,54.73
2735,2024-04-23,returning,app,31.73
2736,2024-12-18,returning,web,103.88
2737,2024-01-13,new,web,30.8
2738,2024-11-11,returning,marketplace,18.87
2739,2025-07-29,returning,marketplace,32.5
2740,2024-11-09,returning,web,95.22
2741,2025-06-29,returning,marketplace,73.38
2742,2025-05-11,new,web,58.25
2743,2025-06-13,new,app,55.84
2744,2025-07-19,new,marketplace,72.06
2745,2024-01-21,returning,marketplace,93.81
2746,2025-06-16,returning,app,58.38
2747,2024-04-07,new,marketplace,50.68
2748,2025-10-01,returning,marketplace,34.31
2749,2024-02-22,new,marketplace,53.76
2750,2025-06-03,returning,marketplace,53.4
2751,2025-02-18,returning,app,29.57
2752,2025-01-28,new,web,64.21
2753,2024-04-14,returning,marketplace,29.92
2754,2024-10-12,new,web,40.26
2755,2025-11-02,new,app,41.18
2756,2024-02-08,new,marketplace,69.06
2757,2024-02-29,returning,app,40.3
2758,2024-04-21,returning,app,66.12
2759,2024-10-13,new,web,64.88
2760,2024-10-05,new,web,41.24
2761,2024-09-27,returning,app,48.97
2762,2025-12-08,returning,web,39.61
2763,2025-06-09,returning,app,95.85
2764,2024-10-28,new,app,60.72
2765,2024-07-26,new,marketplace,104.14
2766,2024-11-26,returning,web,42.69
2767,2024-03-30,new,app,34.71
2768,2025-04-26,returning,marketplace,143.6
2769,2025-09-13,returning,web,124.42
2770,2024-07-04,returning,app,135.52
2771,2024-10-26,vip,app,61.77
2772,2024-12-12,returning,marketplace,62.35
2773,2025-01-29,new,web,90.27
2774,2024-08-16,new,marketplace,17.66
2775,2024-02-11,new,web,79.48
2776,2025-08-08,returning,web,76.96
2777,2024-05-12,returning,web,74.71
2778,2025-03-10,returning,web,69.37
2779,2024-09-25,returning,marketplace,59.25
2780,2025-12-12,returning,marketplace,87.88
2781,2025-04-21,new,web,113.49
2782,2025-08-20,returning,marketplace,185.62
2783,2025-11-15,returning,marketplace,66.6
2784,2025-06-02,returning,web,70.18
2785,2024-07-17,new,app,50.67
2786,2025-01-13,new,web,53.31
2787,2025-10-11,new,web,45.03
2788,2024-10-02,returning,web,79.93
2789,2025-12-29,returning,web,72.19
2790,2025-10-30,new,marketplace,90.85
2791,2024-08-09,new,web,37.87
2792,2025-06-01,returning,web,66.57
2793,2024-12-22,new,web,23.87
2794,2025-08-17,returning,app,39.96
2795,2024-05-10,returning,web,96.51
2796,2024-11-16,returning,marketplace,96.74
2797,2025-01-28,new,app,85.64
2798,2025-06-18,new,web,45.49
2799,2025-12-27,vip,marketplace,75.19
2800,2024-08-17,new,app,30.76
2801,2025-03-19,returning,app,32.51
2802,2025-05-04,new,web,64.06
2803,2024-03-12,new,marketplace,61.24
2804,2024-11-16,returning,web,43.28
2805,2024-07-20,returning,marketplace,99.58
2806,2024-05-21,new,app,18.59
2807,2025-11-22,new,marketplace,88.7
2808,2024-12-21,returning,app,61.93
2809,2025-09-03,new,marketplace,74.29
2810,2024-08-18,new,marketplace,74.28
2811,2024-02-05,new,app,84.7
2812,2024-03-09,returning,web,50.29
2813,2024-09-09,new,web,28.06
2814,2025-09-09,vip,marketplace,29.77
2815,2024-02-22,vip,app,34.47
2816,2025-11-25,returning,marketplace,120.95
2817,2025-02-14,returning,app,53.31
2818,2024-11-30,returning,app,112.84
2819,2025-11-29,new,web,51.36
2820,2024-05-02,new,marketplace,46.02
2821,2024-02-07,returning,app,53.51
2822,2025-07-14,returning,web,99.59
2823,2024-05-13,new,marketplace,31.62
2824,2025-10-27,returning,marketplace,74.29
2825,2024-11-17,returning,marketplace,45.33
2826,2025-08-26,new,web,56.57
2827,2025-05-08,returning,web,119.55
2828,2025-10-20,new,marketplace,74.38
2829,2025-03-14,vip,app,39.41
2830,2025-10-17,vip,web,112.83
2831,2025-09-15,returning,marketplace,29.8
2832,2024-03-26,vip,app,67.0
2833,2024-07-08,returning,web,37.26
2834,2024-11-19,new,marketplace,102.47
2835,2024-08-25,returning,web,28.84
2836,2024-01-23,returning,marketplace,101.26
2837,2025-05-29,returning,web,24.06
2838,2025-07-30,returning,web,45.27
2839,2025-02-16,returning,web,49.93
2840,2025-12-06,returning,app,54.16
2841,2025-09-20,new,web,43.09
2842,2025-11-27,new,web,87.55
2843,2025-10-06,returning,app,94.3
2844,2024-12-13,new,marketplace,24.57
2845,2025-02-28,returning,marketplace,86.29
2846,2025-12-31,vip,app,60.41
2847,2025-09-07,new,app,66.72
2848,2024-06-06,returning,web,40.27
2849,2024-03-06,returning,marketplace,38.99
2850,2024-11-26,new,app,35.49
2851,2024-09-17,returning,web,71.03
2852,2025-12-14,returning,app,124.26
2853,2024-06-04,new,marketplace,133.47
2854,2025-04-29,returning,app,26.11
2855,2024-09-06,returning,app,126.22
2856,2025-07-30,new,web,140.79
2857,2024-12-22,new,marketplace,113.16
2858,2024-04-30,vip,app,47.84
2859,2024-01-27,returning,app,46.89
2860,2024-09-10,returning,marketplace,83.5
2861,2025-04-14,vip,marketplace,124.02
2862,2024-08-29,new,web,98.87
2863,2024-04-08,returning,marketplace,55.51
2864,2025-09-05,new,web,25.91
2865,2025-12-09,vip,marketplace,44.18
2866,2025-10-04,new,marketplace,45.18
2867,2024-11-06,returning,web,77.62
2868,2024-10-13,returning,marketplace,50.76
2869,2024-12-12,new,web,43.06
2870,2024-09-27,new,app,50.43
2871,2025-09-28,returning,app,94.48
2872,2025-12-13,returning,marketplace,113.62
2873,2025-06-03,returning,app,56.58
2874,2024-01-15,new,app,44.32
2875,2024-11-09,returning,marketplace,48.09
2876,2025-02-04,returning,marketplace,73.05
2877,2024-12-11,returning,marketplace,70.01
2878,2025-12-10,new,web,121.06
2879,2024-03-19,new,marketplace,65.62
2880,2024-11-22,vip,app,81.05
2881,2025-01-30,returning,app,133.48
2882,2024-08-19,returning,marketplace,104.83
2883,2025-06-16,returning,marketplace,106.28
2884,2025-09-19,returning,web,44.79
2885,2024-05-10,returning,app,55.76
2886,2025-11-05,returning,web,68.09
2887,2024-03-01,vip,app,71.38
2888,2024-01-17,new,marketplace,39.06
2889,2025-05-22,returning,web,56.96
2890,2024-12-18,returning,marketplace,70.65
2891,2025-12-28,returning,app,84.63
2892,2024-06-09,new,marketplace,56.48
2893,2024-04-23,new,web,73.08
2894,2024-03-29,returning,marketplace,43.4
2895,2025-11-18,returning,web,134.15
2896,2025-01-16,new,app,65.09
2897,2025-11-03,new,web,84.76
2898,2025-04-13,returning,app,111.71
2899,2025-11-22,new,marketplace,111.44
2900,2025-07-05,new,app,32.52
2901,2025-05-13,new,web,75.08
2902,2024-07-31,new,app,74.92
2903,2025-03-03,new,marketplace,30.1
2904,2024-11-24,new,web,56.37
2905,2025-05-27,new,app,40.42
2906,2025-12-25,new,app,85.92
2907,2025-11-10,new,app,66.02
2908,2025-07-08,new,marketplace,48.56
2909,2025-12-16,new,web,72.27
2910,2025-11-08,new,marketplace,30.78
2911,2024-10-30,new,web,81.8
2912,2025-04-23,new,marketplace,28.8
2913,2024-03-11,new,web,43.05
2914,2024-11-12,new,web,105.26
2915,2025-07-16,new,marketplace,91.06
2916,2024-11-02,new,app,84.38
2917,2024-05-16,new,app,58.95
2918,2025-04-21,returning,marketplace,48.15
2919,2025-11-23,returning,app,73.51
2920,2025-12-03,returning,web,27.43
2921,2025-10-29,returning,app,87.48
2922,2024-07-22,vip,app,43.56
2923,2024-09-18,returning,marketplace,52.72
2924,2025-09-29,new,web,53.58
2925,2024-03-21,returning,app,51.08
2926,2024-03-16,returning,marketplace,33.57
2927,2025-09-23,new,app,37.43
2928,2025-12-11,new,marketplace,74.41
2929,2025-09-26,new,marketplace,39.95
2930,2024-11-15,returning,marketplace,51.0
2931,2025-02-10,returning,marketplace,36.35
2932,2025-08-20,new,marketplace,90.8
2933,2025-06-03,returning,marketplace,39.88
2934,2025-07-18,new,app,31.61
2935,2024-11-30,returning,web,92.13
2936,2024-11-30,new,marketplace,38.34
2937,2025-07-02,new,web,53.91
2938,2025-06-08,vip,web,33.85
2939,2024-06-18,new,web,45.45
2940,2025-07-22,returning,web,31.66
2941,2024-10-25,new,marketplace,23.31
2942,2024-04-01,returning,app,77.16
2943,2025-08-16,returning,app,86.12
2944,2025-04-17,returning,marketplace,31.23
2945,2025-11-12,returning,app,84.86
2946,2025-07-06,returning,app,48.62
2947,2024-06-04,returning,marketplace,47.15
2948,2025-08-10,returning,marketplace,68.02
2949,2024-03-27,returning,app,72.11
2950,2025-11-10,returning,marketplace,66.14
2951,2025-10-03,returning,app,33.53
2952,2025-11-24,returning,marketplace,101.79
2953,2025-06-29,returning,marketplace,66.0
2954,2024-08-23,returning,web,37.71
2955,2024-03-11,new,app,36.42
2956,2024-01-11,returning,app,49.82
2957,2025-07-16,new,web,37.45
2958,2025-10-07,new,web,62.47
2959,2024-10-27,new,marketplace,44.56
2960,2024-05-01,returning,app,95.78
2961,2024-12-15,vip,app,77.46
2962,2025-06-23,returning,marketplace,23.89
2963,2025-07-24,new,app,72.58
2964,2024-09-08,returning,marketplace,51.36
2965,2025-08-01,returning,app,71.73
2966,2025-05-25,returning,marketplace,58.45
2967,2025-10-21,new,app,47.43
2968,2025-01-13,new,app,44.17
2969,2024-04-17,new,marketplace,72.82
2970,2025-06-05,new,marketplace,55.34
2971,2025-12-05,vip,marketplace,78.85
2972,2024-12-06,vip,web,85.92
2973,2025-10-28,vip,marketplace,43.87
2974,2025-11-11,new,app,21.17
2975,2024-02-07,returning,marketplace,24.16
2976,2025-11-22,returning,web,62.86
2977,2024-10-26,vip,web,54.05
2978,2024-09-03,returning,web,74.45
2979,2025-04-29,new,app,71.53
2980,2024-11-10,returning,app,84.74
2981,2025-09-06,returning,app,98.26
2982,2025-12-29,new,marketplace,37.44
2983,2024-03-26,returning,app,69.25
2984,2025-09-13,returning,marketplace,70.11
2985,2024-05-13,returning,marketplace,38.09
2986,2024-01-12,new,app,78.01
2987,2025-09-20,returning,marketplace,51.05
2988,2024-03-03,returning,marketplace,62.01
2989,2025-03-29,returning,app,48.27
2990,2025-04-11,new,marketplace,42.48
2991,2024-06-28,new,app,47.83
2992,2025-02-28,vip,app,50.47
2993,2024-12-26,new,marketplace,89.83
2994,2024-12-18,returning,marketplace,56.98
2995,2025-06-25,new,app,83.28
2996,2024-02-22,returning,app,81.07
2997,2025-05-07,returning,app,42.95
2998,2025-05-18,new,app,48.0
2999,2025-04-28,new,web,65.25
3000,2024-07-21,returning,app,29.54
3001,2025-02-05,new,web,24.13
3002,2025-08-27,new,web,34.98
3003,2024-05-05,new,web,88.68
3004,2025-11-16,returning,app,108.92
3005,2025-12-18,new,app,21.68
3006,2024-12-11,new,web,30.84
3007,2024-06-07,new,web,100.67
3008,2025-10-25,returning,web,27.43
3009,2025-04-01,returning,web,51.43
3010,2024-09-20,returning,web,62.96
3011,2025-03-30,vip,marketplace,72.42
3012,2024-02-23,returning,marketplace,49.2
3013,2025-07-05,new,app,110.18
3014,2024-09-12,new,marketplace,33.45
3015,2025-10-04,returning,app,36.89
3016,2025-08-31,new,app,67.7
3017,2025-11-24,returning,marketplace,55.51
3018,2025-11-28,returning,marketplace,63.82
3019,2025-01-14,new,web,74.33
3020,2025-11-29,new,marketplace,35.84
3021,2025-07-26,new,marketplace,69.74
3022,2025-02-13,new,web,42.95
3023,2025-04-17,new,marketplace,80.1
3024,2024-07-30,returning,web,55.52
3025,2025-01-31,new,app,50.64
3026,2024-08-15,returning,app,33.52
3027,2025-04-30,new,marketplace,39.62
3028,2024-03-23,new,marketplace,32.58
3029,2025-10-08,new,marketplace,48.53
3030,2024-12-28,new,app,47.68
3031,2024-08-01,returning,app,55.67
3032,2024-09-11,vip,web,62.48
3033,2025-10-27,new,app,111.86
3034,2024-05-17,returning,app,76.67
3035,2025-06-22,new,app,58.0
3036,2024-10-17,returning,marketplace,55.94
3037,2025-05-09,returning,marketplace,73.19
3038,2025-10-23,returning,web,75.37
3039,2024-08-08,returning,app,34.72
3040,2024-04-22,new,app,60.38
3041,2024-12-28,new,web,59.3
3042,2024-04-14,returning,app,56.32
3043,2024-01-15,new,app,54.03
3044,2025-05-30,new,app,53.82
3045,2024-10-26,new,marketplace,84.38
3046,2025-06-02,new,marketplace,31.18
3047,2025-02-03,returning,app,46.12
3048,2024-07-31,returning,web,65.45
3049,2024-08-13,returning,app,75.84
3050,2024-01-02,new,app,54.66
3051,2024-10-31,new,marketplace,72.39
3052,2025-07-03,new,web,51.03
3053,2024-08-16,vip,marketplace,115.42
3054,2024-01-29,new,app,56.17
3055,2025-01-28,new,marketplace,69.62
3056,2024-12-28,vip,web,62.45
3057,2024-10-08,new,web,107.53
3058,2025-12-11,returning,app,45.5
3059,2024-04-13,returning,app,28.66
3060,2024-04-20,returning,web,69.34
3061,2024-05-14,new,web,87.7
3062,2025-04-19,returning,marketplace,44.23
3063,2025-08-08,new,app,43.45
3064,2024-12-06,returning,app,60.85
3065,2025-10-29,returning,marketplace,51.16
3066,2024-01-31,new,app,49.37
3067,2024-04-25,returning,marketplace,98.98
3068,2025-12-29,vip,app,56.81
3069,2025-03-17,returning,marketplace,34.05
3070,2025-09-10,returning,web,33.87
3071,2024-09-06,new,app,48.69
3072,2025-06-02,new,app,59.22
3073,2025-06-08,returning,marketplace,36.57
3074,2025-04-13,vip,web,97.15
3075,2024-01-22,new,web,45.74
3076,2025-05-27,returning,marketplace,46.4
3077,2024-12-10,returning,web,102.83
3078,2025-11-19,new,web,40.64
3079,2024-08-15,returning,app,25.17
3080,2025-12-13,new,marketplace,63.88
3081,2025-05-28,returning,web,52.38
3082,2024-01-29,returning,app,62.25
3083,2025-01-07,new,web,92.09
3084,2025-05-06,returning,marketplace,86.24
3085,2024-12-09,returning,marketplace,97.76
3086,2024-03-25,new,web,41.96
3087,2025-05-09,returning,marketplace,54.36
3088,2024-09-26,new,app,38.84
3089,2025-12-22,returning,app,28.84
3090,2024-11-29,returning,app,138.77
3091,2025-08-18,new,web,37.57
3092,2024-04-25,returning,marketplace,64.46
3093,2025-07-12,new,marketplace,59.44
3094,2024-12-23,new,marketplace,69.7
3095,2024-06-08,new,app,80.68
3096,2024-03-04,vip,app,62.11
3097,2025-03-15,returning,app,68.88
3098,2024-05-30,returning,web,121.74
3099,2024-07-04,returning,app,42.64
3100,2025-10-19,new,marketplace,45.91
3101,2024-01-22,new,marketplace,141.93
3102,2024-09-20,new,app,76.86
3103,2025-01-02,returning,web,47.11
3104,2024-12-18,returning,marketplace,104.36
3105,2024-12-22,new,web,71.92
3106,2025-02-21,new,web,28.35
3107,2024-10-28,returning,app,135.8
3108,2024-04-25,returning,app,50.66
3109,2025-02-15,new,web,59.3
3110,2025-12-15,new,marketplace,39.03
3111,2024-01-18,returning,app,68.75
3112,2025-02-11,vip,web,117.72
3113,2024-05-26,new,web,83.16
3114,2025-07-04,returning,app,80.86
3115,2025-04-15,returning,web,40.88
3116,2025-11-13,new,web,24.36
3117,2024-11-01,new,web,56.5
3118,2025-03-30,returning,web,50.26
3119,2025-12-20,returning,app,76.95
3120,2025-06-09,vip,web,97.86
3121,2025-11-08,returning,web,27.32
3122,2024-09-03,returning,web,52.9
3123,2024-08-20,returning,marketplace,64.65
3124,2025-11-16,new,web,50.35
3125,2024-11-01,returning,web,63.43
3126,2025-11-19,new,app,55.75
3127,2024-06-26,returning,marketplace,47.31
3128,2024-04-18,new,marketplace,55.07
3129,2025-05-01,new,app,62.47
3130,2024-03-09,returning,web,73.39
3131,2025-07-05,vip,app,90.14
3132,2024-11-22,returning,web,62.05
3133,2024-02-06,vip,web,36.77
3134,2024-06-11,new,app,53.99
3135,2024-04-17,returning,marketplace,89.13
3136,2025-03-12,new,app,54.87
3137,2025-10-03,new,app,51.64
3138,2025-05-03,returning,web,105.56
3139,2024-12-06,new,app,49.08
3140,2025-05-28,new,app,40.9
3141,2024-06-06,new,app,49.45
3142,2025-02-03,returning,marketplace,52.71
3143,2025-08-20,returning,marketplace,53.82
3144,2025-11-29,new,marketplace,107.66
3145,2024-05-31,new,app,54.61
3146,2024-11-03,returning,app,37.08
3147,2025-01-28,returning,marketplace,42.53
3148,2024-05-26,new,marketplace,91.61
3149,2025-03-11,new,app,50.89
3150,2024-12-20,vip,marketplace,76.18
3151,2024-09-19,new,marketplace,115.58
3152,2025-01-22,returning,web,53.04
3153,2025-08-27,new,web,85.85
3154,2024-12-03,new,marketplace,61.66
3155,2025-01-14,new,web,113.8
3156,2025-12-20,returning,marketplace,69.63
3157,2024-06-01,returning,web,99.17
3158,2025-05-07,new,marketplace,51.23
3159,2025-09-02,new,web,66.7
3160,2024-12-27,returning,marketplace,39.39
3161,2025-07-24,new,app,39.68
3162,2024-12-07,new,marketplace,62.11
3163,2024-08-25,new,app,72.03
3164,2024-07-20,new,app,25.11
3165,2025-03-21,returning,app,62.43
3166,2024-12-15,new,marketplace,63.93
3167,2025-11-15,returning,app,60.27
3168,2025-07-25,new,web,85.88
3169,2024-10-27,new,app,53.4
3170,2025-09-28,returning,app,97.21
3171,2024-02-06,returning,web,47.85
3172,2025-12-01,new,web,142.27
3173,2025-06-26,returning,app,98.93
3174,2024-02-18,returning,app,47.42
3175,2025-09-20,returning,web,94.27
3176,2025-11-21,new,marketplace,20.59
3177,2025-05-28,returning,marketplace,88.81
3178,2024-12-09,new,web,65.82
3179,2025-09-23,returning,marketplace,64.27
3180,2025-11-01,returning,web,56.16
3181,2024-05-07,new,web,57.87
3182,2024-01-30,returning,app,45.38
3183,2025-10-06,returning,web,30.44
3184,2024-04-14,returning,app,106.86
3185,2025-03-19,new,app,24.72
3186,2024-12-21,returning,app,50.34
3187,2024-12-13,vip,marketplace,51.15
3188,2025-12-23,new,app,67.89
3189,2025-03-29,new,app,35.48
3190,2025-08-10,new,marketplace,44.98
3191,2025-02-01,returning,app,106.74
3192,2025-11-13,returning,web,50.76
3193,2025-04-12,returning,web,62.81
3194,2025-08-28,new,marketplace,35.22
3195,2024-08-16,new,web,81.88
3196,2025-11-18,returning,marketplace,85.43
3197,2024-11-06,vip,marketplace,46.19
3198,2024-03-05,vip,web,98.23
3199,2025-11-08,new,app,45.18
3200,2025-01-09,returning,app,55.89
3201,2024-02-16,vip,marketplace,47.42
3202,2024-05-29,new,web,127.63
3203,2025-07-20,new,marketplace,58.43
3204,2025-06-08,returning,app,117.61
3205,2025-02-24,returning,app,63.93
3206,2024-11-12,returning,app,48.71
3207,2025-01-17,new,web,64.42
3208,2024-11-28,new,app,77.77
3209,2024-06-11,vip,app,40.95
3210,2025-06-05,new,marketplace,47.48
3211,2024-05-28,new,marketplace,90.25
3212,2025-03-01,new,marketplace,33.95
3213,2024-05-05,new,app,45.99
3214,2024-10-07,new,app,88.31
3215,2025-07-26,vip,marketplace,63.06
3216,2025-03-21,returning,web,59.96
3217,2024-04-21,returning,marketplace,118.99
3218,2025-01-12,new,marketplace,64.46
3219,2025-10-09,new,marketplace,75.48
3220,2025-05-15,new,app,65.0
3221,2024-01-18,returning,marketplace,77.96
3222,2025-10-13,returning,web,22.87
3223,2024-09-14,new,marketplace,99.7
3224,2024-09-23,returning,marketplace,66.72
3225,2024-06-18,new,web,74.32
3226,2024-04-26,returning,web,56.35
3227,2025-12-31,new,web,73.33
3228,2025-02-28,returning,web,77.14
3229,2024-09-03,returning,web,70.6
3230,2024-07-01,returning,app,45.34
3231,2024-10-31,new,app,116.29
3232,2024-06-07,returning,web,48.56
3233,2024-09-17,new,app,75.2
3234,2025-12-24,returning,app,88.55
3235,2025-11-16,returning,web,56.22
3236,2025-10-22,vip,app,80.84
3237,2024-12-09,vip,app,89.58
3238,2024-09-21,returning,app,71.34
3239,2024-02-18,new,web,42.96
3240,2025-01-29,new,marketplace,58.26
3241,2025-12-25,returning,marketplace,41.25
3242,2024-06-29,new,marketplace,45.1
3243,2024-05-14,new,app,39.93
3244,2024-06-18,new,marketplace,75.51
3245,2025-10-29,returning,app,36.57
3246,2024-11-05,returning,app,34.18
3247,2024-03-11,returning,marketplace,79.26
3248,2024-06-04,returning,app,36.53
3249,2025-08-22,vip,marketplace,56.12
3250,2025-10-20,returning,marketplace,85.32
3251,2024-06-16,returning,app,77.32
3252,2025-11-23,returning,app,59.94
3253,2025-12-03,returning,marketplace,77.68
3254,2024-07-17,new,marketplace,67.94
3255,2025-06-28,new,marketplace,147.54
3256,2024-05-27,returning,marketplace,64.98
3257,2024-09-23,new,web,79.86
3258,2024-07-17,new,app,50.65
3259,2025-06-28,new,marketplace,98.75
3260,2024-08-31,vip,marketplace,21.24
3261,2024-02-28,new,marketplace,47.8
3262,2024-10-22,new,app,27.8
3263,2024-08-10,vip,web,70.54
3264,2024-11-20,returning,web,31.91
3265,2025-12-27,returning,web,29.09
3266,2025-07-04,new,web,47.96
3267,2025-08-10,returning,web,47.96
3268,2025-02-15,returning,marketplace,107.7
3269,2025-07-09,new,web,72.17
3270,2024-03-18,new,web,88.38
3271,2024-11-21,new,app,56.39
3272,2024-05-07,returning,marketplace,87.34
3273,2025-08-21,returning,app,54.18
3274,2024-07-01,new,web,88.0
3275,2025-07-25,vip,app,148.37
3276,2024-07-23,new,marketplace,94.59
3277,2025-12-10,returning,app,57.6
3278,2025-05-21,new,marketplace,32.7
3279,2024-03-23,vip,web,96.36
3280,2025-10-05,returning,app,60.12
3281,2024-01-02,new,marketplace,73.6
3282,2024-01-23,new,marketplace,44.23
3283,2025-12-15,new,web,54.88
3284,2025-02-04,returning,web,82.81
3285,2024-11-06,vip,marketplace,30.4
3286,2025-01-19,returning,web,66.31
3287,2024-12-07,returning,web,65.21
3288,2024-08-31,new,web,71.24
3289,2025-03-01,new,web,46.94
3290,2025-04-14,new,app,36.07
3291,2025-04-25,returning,web,65.9
3292,2024-12-07,returning,app,43.91
3293,2025-12-18,new,web,118.68
3294,2025-11-15,returning,app,72.05
3295,2025-06-25,new,marketplace,42.04
3296,2024-02-29,vip,web,48.23
3297,2024-11-06,returning,web,61.98
3298,2024-11-13,returning,web,53.29
3299,2024-09-30,new,app,45.27
3300,2024-01-02,new,app,66.63
3301,2025-01-28,returning,web,62.06
3302,2025-10-24,returning,marketplace,48.24
3303,2024-02-06,new,web,28.43
3304,2025-12-09,new,app,54.99
3305,2025-05-07,new,marketplace,44.43
3306,2025-12-06,returning,app,36.21
3307,2025-01-27,returning,marketplace,63.92
3308,2025-11-15,vip,web,31.31
3309,2025-12-02,new,app,68.15
3310,2024-09-21,new,app,48.38
3311,2025-02-11,new,marketplace,31.93
3312,2025-01-06,returning,web,24.61
3313,2024-05-08,vip,web,91.78
3314,2024-12-12,vip,marketplace,95.91
3315,2025-07-09,vip,web,50.03
3316,2024-05-03,new,app,53.06
3317,2024-04-03,returning,app,93.14
3318,2025-03-28,returning,app,54.09
3319,2025-10-25,returning,marketplace,26.71
3320,2024-02-15,new,marketplace,60.56
3321,2024-02-15,vip,marketplace,22.84
3322,2024-07-27,new,app,70.87
3323,2024-11-11,new,app,62.46
3324,2024-05-07,new,app,40.28
3325,2024-08-06,new,marketplace,102.3
3326,2024-02-19,new,web,40.17
3327,2024-10-05,new,web,108.4
3328,2024-06-22,new,web,50.29
3329,2024-12-02,returning,marketplace,29.68
3330,2025-10-03,returning,app,48.33
3331,2024-07-09,returning,marketplace,18.47
3332,2024-11-11,returning,web,60.95
3333,2024-06-26,new,marketplace,55.58
3334,2025-09-21,returning,marketplace,62.97
3335,2025-08-03,vip,app,62.04
3336,2024-10-30,vip,app,28.43
3337,2024-06-05,new,marketplace,76.07
3338,2025-04-14,new,app,41.04
3339,2025-03-31,new,app,107.69
3340,2025-10-25,new,web,80.83
3341,2024-10-31,returning,marketplace,135.58
3342,2024-11-29,returning,marketplace,93.31
3343,2024-11-28,new,marketplace,88.84
3344,2025-09-23,vip,app,45.3
3345,2025-10-19,vip,app,80.71
3346,2025-01-08,returning,web,43.23
3347,2024-10-02,vip,app,48.76
3348,2024-04-07,new,app,48.73
3349,2024-07-27,returning,app,40.38
3350,2025-03-22,returning,app,61.74
3351,2024-11-09,new,app,70.27
3352,2025-12-13,returning,web,96.15
3353,2024-12-28,new,app,21.6
3354,2024-03-22,new,app,74.99
3355,2024-11-21,new,marketplace,53.04
3356,2024-03-05,new,marketplace,91.31
3357,2025-02-05,returning,app,68.99
3358,2025-07-29,new,web,61.6
3359,2024-11-02,returning,web,75.09
3360,2024-06-16,new,marketplace,55.44
3361,2025-01-07,new,marketplace,101.83
3362,2025-05-06,returning,marketplace,42.22
3363,2024-11-08,vip,web,45.97
3364,2025-08-21,returning,web,90.99
3365,2025-04-22,vip,marketplace,68.81
3366,2025-07-18,returning,web,49.76
3367,2025-09-22,returning,web,65.7
3368,2025-12-06,returning,web,69.0
3369,2024-06-10,new,marketplace,59.44
3370,2025-07-15,returning,app,57.25
3371,2025-02-23,new,web,49.74
3372,2024-08-31,new,app,159.25
3373,2025-10-29,new,web,31.72
3374,2025-09-24,returning,app,45.97
3375,2025-05-10,new,marketplace,124.02
3376,2025-10-07,new,app,101.66
3377,2025-01-02,returning,web,93.51
3378,2025-02-09,new,web,34.94
3379,2025-08-19,returning,app,70.4
3380,2024-01-23,new,web,38.26
3381,2024-10-27,returning,marketplace,78.8
3382,2025-10-07,new,app,69.17
3383,2024-10-08,returning,marketplace,43.25
3384,2024-12-01,new,marketplace,45.86
3385,2024-07-18,new,web,33.97
3386,2024-01-21,new,web,80.72
3387,2024-03-27,returning,marketplace,23.46
3388,2024-04-19,vip,marketplace,38.12
3389,2025-02-26,returning,app,82.76
3390,2025-05-28,returning,app,24.02
3391,2025-11-27,new,app,34.27
3392,2025-02-01,returning,app,56.3
3393,2025-01-16,new,app,129.6
3394,2025-11-12,returning,marketplace,40.11
3395,2024-09-15,returning,app,62.45
3396,2024-04-26,vip,marketplace,64.12
3397,2024-06-18,new,marketplace,85.3
3398,2025-12-26,new,marketplace,33.46
3399,2025-10-22,vip,web,100.97
3400,2025-06-21,vip,web,60.35
3401,2025-03-23,returning,web,128.18
3402,2025-12-13,returning,app,38.43
3403,2024-07-13,returning,app,27.68
3404,2025-05-02,returning,web,89.81
3405,2025-11-14,new,marketplace,53.77
3406,2025-12-23,returning,marketplace,73.17
3407,2025-09-03,returning,web,60.53
3408,2025-11-16,returning,marketplace,53.99
3409,2024-06-04,new,marketplace,80.27
3410,2024-11-03,new,marketplace,53.96
3411,2024-04-26,returning,web,42.66
3412,2024-04-08,returning,web,128.3
3413,2025-08-05,returning,marketplace,45.74
3414,2025-12-02,new,marketplace,64.24
3415,2025-06-25,returning,web,51.21
3416,2024-02-01,new,web,61.59
3417,2024-06-09,new,marketplace,57.39
3418,2025-10-01,returning,web,61.04
3419,2025-08-17,returning,marketplace,55.95
3420,2024-01-14,new,web,43.58
3421,2025-10-10,returning,web,61.92
3422,2025-05-13,new,app,51.4
3423,2025-02-28,returning,marketplace,60.67
3424,2024-10-09,new,marketplace,49.22
3425,2025-07-18,new,web,67.3
3426,2025-03-06,new,web,53.22
3427,2024-11-03,vip,marketplace,90.7
3428,2024-03-15,vip,marketplace,57.61
3429,2024-11-15,new,web,46.41
3430,2025-06-04,vip,web,42.01
3431,2024-12-22,new,web,48.22
3432,2024-10-24,returning,app,52.02
3433,2024-09-29,new,app,44.75
3434,2025-04-09,new,web,83.09
3435,2025-09-28,returning,web,142.06
3436,2024-10-05,new,marketplace,128.93
3437,2024-09-22,returning,app,89.25
3438,2025-04-21,returning,marketplace,76.07
3439,2025-11-01,vip,web,91.82
3440,2025-12-17,returning,web,123.32
3441,2024-01-20,new,web,25.78
3442,2025-09-10,returning,app,67.17
3443,2025-02-04,vip,app,58.63
3444,2024-06-25,vip,marketplace,56.49
3445,2025-01-28,returning,app,114.61
3446,2025-09-13,returning,app,23.83
3447,2024-11-03,returning,marketplace,36.14
3448,2024-12-07,new,app,48.82
3449,2024-07-20,returning,web,127.78
3450,2025-12-08,returning,marketplace,76.7
3451,2024-09-07,new,marketplace,49.47
3452,2024-07-05,new,web,39.36
3453,2025-11-13,vip,web,45.1
3454,2025-04-17,new,web,32.59
3455,2024-09-10,returning,app,88.52
3456,2024-11-07,new,app,60.46
3457,2024-08-20,returning,marketplace,51.77
3458,2025-09-03,returning,app,33.99
3459,2025-06-04,returning,marketplace,90.3
3460,2025-01-06,new,marketplace,96.81
3461,2025-02-08,new,marketplace,87.68
3462,2025-11-16,new,marketplace,66.07
3463,2024-02-23,returning,app,49.43
3464,2025-09-01,new,web,25.2
3465,2024-05-17,new,app,84.74
3466,2025-07-06,vip,web,27.88
3467,2025-04-15,vip,marketplace,55.99
3468,2024-10-01,new,web,86.37
3469,2024-07-29,vip,marketplace,101.55
3470,2024-08-13,returning,app,60.37
3471,2025-02-24,returning,app,91.71
3472,2024-10-15,vip,web,61.43
3473,2024-11-18,returning,marketplace,51.47
3474,2024-06-20,returning,web,37.15
3475,2025-07-24,new,web,57.06
3476,2025-07-08,returning,marketplace,48.84
3477,2024-03-19,returning,web,110.94
3478,2025-07-27,returning,app,64.43
3479,2025-12-18,returning,app,62.63
3480,2025-11-10,new,app,41.12
3481,2025-09-05,new,app,105.8
3482,2025-03-24,vip,marketplace,19.46
3483,2025-01-25,returning,app,45.51
3484,2024-11-19,new,app,33.22
3485,2025-02-20,returning,marketplace,24.48
3486,2024-08-05,returning,web,149.95
3487,2024-03-20,new,marketplace,150.32
3488,2025-01-22,new,app,50.77
3489,2024-07-31,returning,web,54.07
3490,2024-04-10,new,web,29.22
3491,2025-11-16,returning,web,68.1
3492,2024-06-03,new,app,94.77
3493,2024-11-02,returning,app,107.46
3494,2024-03-21,new,marketplace,61.46
3495,2024-01-04,returning,marketplace,123.65
3496,2024-11-06,returning,marketplace,45.75
3497,2025-02-25,new,web,65.58
3498,2025-03-14,returning,app,61.37
3499,2024-12-26,new,web,77.55
3500,2025-06-23,new,marketplace,38.39
3501,2025-09-16,returning,web,59.78
3502,2025-01-04,returning,web,38.45
3503,2025-11-01,returning,marketplace,45.85
3504,2025-11-10,returning,web,41.92
3505,2025-05-25,returning,marketplace,54.49
3506,2024-09-30,new,web,87.46
3507,2025-05-16,new,web,90.14
3508,2025-09-25,returning,marketplace,131.61
3509,2024-11-18,returning,marketplace,34.43
3510,2025-11-18,new,app,44.53
3511,2024-12-08,vip,web,66.71
3512,2024-12-19,returning,app,65.47
3513,2025-02-07,new,marketplace,77.72
3514,2024-11-08,returning,marketplace,35.55
3515,2024-03-26,returning,app,79.29
3516,2025-07-17,returning,web,56.76
3517,2025-12-06,new,app,131.12
3518,2025-10-22,new,marketplace,40.62
3519,2024-05-12,returning,marketplace,61.82
3520,2025-01-25,new,app,54.87
3521,2024-08-07,vip,app,43.63
3522,2024-07-15,new,marketplace,217.43
3523,2025-11-02,returning,marketplace,83.53
3524,2024-11-20,new,web,80.43
3525,2025-01-25,new,marketplace,37.95
3526,2024-10-08,new,app,38.49
3527,2025-02-17,returning,app,41.15
3528,2025-11-21,new,web,90.62
3529,2024-05-25,vip,web,107.32
3530,2024-05-14,new,app,78.97
3531,2025-05-14,returning,web,84.0
3532,2025-07-22,new,web,33.09
3533,2025-06-08,vip,app,85.09
3534,2024-12-25,returning,web,84.36
3535,2024-04-10,returning,web,34.63
3536,2025-04-23,returning,app,53.38
3537,2024-03-12,new,marketplace,144.02
3538,2025-03-16,returning,marketplace,35.39
3539,2025-09-24,new,app,39.91
3540,2025-02-26,new,app,51.72
3541,2024-12-17,returning,web,54.66
3542,2024-01-23,new,app,81.47
3543,2025-09-10,new,app,42.23
3544,2025-02-28,returning,web,69.38
3545,2024-09-14,returning,web,61.51
3546,2024-11-27,returning,marketplace,32.84
3547,2025-08-01,vip,app,28.18
3548,2025-08-27,new,app,29.92
3549,2024-06-18,returning,marketplace,53.02
3550,2025-03-30,returning,web,47.37
3551,2025-02-12,vip,web,60.72
3552,2025-03-10,new,app,66.73
3553,2025-12-07,new,web,49.02
3554,2025-11-15,vip,app,63.21
3555,2025-12-24,new,app,30.19
3556,2024-09-21,returning,marketplace,42.73
3557,2024-10-17,vip,app,93.46
3558,2025-02-16,returning,marketplace,46.76
3559,2025-12-09,vip,marketplace,44.92
3560,2025-04-02,returning,marketplace,80.91
3561,2025-11-25,returning,marketplace,54.24
3562,2025-03-04,returning,marketplace,68.99
3563,2024-04-25,vip,marketplace,71.18
3564,2024-09-03,new,app,56.28
3565,2024-07-12,new,web,68.86
3566,2025-09-16,new,marketplace,51.05
3567,2025-08-12,returning,app,32.61
3568,2025-12-26,returning,marketplace,59.34
3569,2024-09-29,new,app,75.99
3570,2025-03-18,vip,app,52.86
3571,2024-11-26,returning,web,71.11
3572,2024-04-29,returning,web,50.37
3573,2025-10-25,returning,web,68.41
3574,2025-04-30,new,app,40.27
3575,2025-11-09,new,app,75.51
3576,2024-11-04,returning,marketplace,51.8
3577,2025-05-20,new,web,72.14
3578,2025-06-18,new,marketplace,60.17
3579,2025-07-30,returning,app,44.68
3580,2024-10-02,new,web,35.54
3581,2024-03-04,returning,marketplace,55.28
3582,2025-09-14,new,marketplace,45.86
3583,2024-02-05,new,web,41.09
3584,2025-12-25,returning,marketplace,55.96
3585,2024-09-17,new,marketplace,95.0
3586,2025-06-19,returning,app,58.83
3587,2024-08-17,vip,marketplace,52.22
3588,2025-10-15,returning,app,97.53
3589,2025-12-23,new,web,42.0
3590,2024-03-02,new,web,61.55
3591,2024-05-09,new,web,45.69
3592,2025-05-13,returning,marketplace,79.48
3593,2024-12-22,new,marketplace,115.82
3594,2024-12-27,new,app,62.31
3595,2025-09-19,new,web,37.4
3596,2024-10-19,returning,marketplace,60.74
3597,2025-04-30,returning,app,88.32
3598,2025-04-09,new,web,56.59
3599,2024-12-14,returning,web,46.8
3600,2025-02-06,new,web,49.33
3601,2025-08-28,new,app,73.88
3602,2024-03-13,returning,app,38.51
3603,2024-09-27,new,app,76.17
3604,2025-12-09,new,web,90.02
3605,2025-12-02,new,marketplace,56.6
3606,2025-10-12,new,app,62.8
3607,2025-08-22,returning,web,39.98
3608,2024-12-10,new,app,55.6
3609,2025-09-10,new,web,90.7
3610,2025-05-04,returning,web,64.81
3611,2024-04-22,returning,app,48.67
3612,2025-08-30,new,app,77.63
3613,2025-05-01,new,app,62.38
3614,2025-09-20,returning,app,34.09
3615,2024-01-07,returning,app,28.8
3616,2024-04-01,new,web,72.06
3617,2025-01-04,returning,app,33.92
3618,2025-03-07,new,app,89.25
3619,2024-02-07,new,app,49.29
3620,2024-01-05,new,marketplace,121.67
3621,2025-06-23,returning,app,91.52
3622,2024-09-30,new,web,42.89
3623,2025-11-28,new,app,50.6
3624,2024-01-28,vip,app,83.36
3625,2024-10-25,returning,app,29.23
3626,2024-10-13,returning,app,55.19
3627,2025-06-11,returning,app,56.73
3628,2025-07-10,new,marketplace,37.11
3629,2025-03-20,new,app,36.16
3630,2025-11-02,returning,web,55.21
3631,2025-03-10,new,app,65.8
3632,2025-11-27,new,web,28.96
3633,2025-11-20,returning,app,70.98
3634,2024-04-21,returning,app,102.26
3635,2024-10-28,new,web,47.5
3636,2025-12-15,returning,app,58.91
3637,2025-11-13,new,app,60.81
3638,2025-11-23,returning,web,104.28
3639,2025-02-18,new,app,55.25
3640,2025-12-20,returning,app,64.35
3641,2024-02-04,new,marketplace,49.57
3642,2025-08-02,new,web,94.94
3643,2024-02-16,new,web,45.8
3644,2025-11-12,new,web,81.51
3645,2025-12-12,returning,web,30.1
3646,2024-05-23,new,web,62.02
3647,2024-03-20,vip,marketplace,53.89
3648,2024-09-12,new,web,88.31
3649,2024-05-07,new,web,78.29
3650,2024-07-15,returning,app,51.52
3651,2025-11-27,new,web,95.01
3652,2024-05-06,new,app,63.64
3653,2024-08-14,returning,marketplace,48.69
3654,2025-11-28,new,marketplace,61.52
3655,2024-05-06,new,web,36.15
3656,2025-07-04,returning,web,69.06
3657,2025-06-24,returning,app,26.87
3658,2024-04-17,returning,web,64.55
3659,2024-09-30,vip,web,91.08
3660,2024-09-11,new,app,76.76
3661,2024-10-09,vip,app,39.07
3662,2025-03-31,new,marketplace,49.77
3663,2024-08-08,new,marketplace,51.93
3664,2025-07-04,new,app,34.49
3665,2024-11-14,vip,app,95.37
3666,2025-02-13,vip,web,56.03
3667,2025-01-09,returning,marketplace,77.52
3668,2025-07-02,new,app,83.83
3669,2025-12-28,vip,web,66.82
3670,2024-02-28,vip,marketplace,61.95
3671,2025-01-15,new,marketplace,58.64
3672,2025-06-26,new,marketplace,35.84
3673,2025-06-03,returning,app,56.83
3674,2024-03-09,vip,marketplace,55.25
3675,2024-11-14,returning,app,45.97
3676,2025-01-10,returning,app,41.14
3677,2025-10-31,new,web,41.24
3678,2024-10-18,returning,marketplace,66.19
3679,2024-11-26,new,web,47.94
3680,2025-08-03,returning,marketplace,65.29
3681,2024-03-08,returning,marketplace,82.74
3682,2025-12-29,returning,marketplace,81.14
3683,2025-03-11,vip,app,120.84
3684,2024-12-02,returning,marketplace,68.74
3685,2024-08-07,new,web,64.55
3686,2024-06-09,returning,web,47.4
3687,2025-09-09,returning,web,38.4
3688,2025-05-10,new,web,63.45
3689,2025-11-26,new,marketplace,32.13
3690,2025-12-02,new,marketplace,61.53
3691,2025-04-01,returning,app,61.51
3692,2025-06-08,new,marketplace,65.73
3693,2025-12-01,returning,marketplace,113.31
3694,2025-12-12,returning,app,69.06
3695,2024-08-06,returning,marketplace,54.29
3696,2025-12-25,new,web,55.28
3697,2024-05-16,returning,marketplace,47.6
3698,2024-06-23,new,marketplace,85.63
3699,2024-09-08,new,marketplace,130.35
3700,2025-07-05,new,web,51.64
3701,2024-05-03,new,web,53.22
3702,2025-04-17,returning,app,45.48
3703,2025-11-03,new,app,83.23
3704,2024-04-14,returning,web,46.59
3705,2024-09-02,new,web,46.89
3706,2025-04-14,returning,web,67.39
3707,2025-07-05,returning,app,65.66
3708,2025-07-28,new,app,69.03
3709,2024-12-27,new,web,113.59
3710,2025-12-01,returning,app,49.77
3711,2024-02-04,returning,app,99.49
3712,2025-08-18,new,marketplace,116.05
3713,2024-12-21,returning,web,49.53
3714,2024-01-10,returning,app,41.1
3715,2025-02-16,new,web,58.09
3716,2025-07-11,returning,app,32.41
3717,2024-03-10,returning,app,41.72
3718,2024-06-16,returning,web,36.05
3719,2025-11-17,new,app,53.5
3720,2025-10-28,new,app,59.58
3721,2024-01-21,new,web,75.41
3722,2025-10-13,returning,marketplace,83.84
3723,2024-01-11,returning,marketplace,85.17
3724,2024-12-07,vip,app,112.81
3725,2025-06-09,returning,web,47.38
3726,2025-08-04,vip,marketplace,49.69
3727,2024-03-29,vip,marketplace,100.13
3728,2024-11-13,new,web,55.72
3729,2024-05-24,new,marketplace,34.78
3730,2025-06-11,vip,app,40.18
3731,2024-03-27,returning,app,95.45
3732,2025-07-30,vip,marketplace,44.1
3733,2024-04-09,new,web,75.64
3734,2024-04-14,returning,marketplace,200.56
3735,2025-01-27,new,app,63.34
3736,2024-03-19,new,app,100.67
3737,2025-06-01,new,app,165.68
3738,2024-03-07,new,marketplace,71.41
3739,2025-09-24,returning,app,116.07
3740,2024-11-18,returning,app,62.37
3741,2024-12-14,returning,marketplace,65.03
3742,2024-09-28,new,marketplace,70.84
3743,2025-08-21,returning,app,82.27
3744,2024-11-29,vip,web,55.93
3745,2024-04-30,returning,app,50.3
3746,2024-05-29,returning,marketplace,42.28
3747,2025-11-01,vip,web,59.02
3748,2024-08-01,new,web,89.76
3749,2025-03-25,new,marketplace,38.79
3750,2024-02-20,returning,app,61.12
3751,2024-11-29,returning,marketplace,34.46
3752,2024-07-25,new,web,109.01
3753,2025-01-01,returning,marketplace,37.87
3754,2025-02-03,returning,app,53.21
3755,2025-06-21,new,app,80.58
3756,2024-04-21,new,marketplace,49.92
3757,2025-04-05,vip,web,47.57
3758,2024-05-22,returning,marketplace,50.1
3759,2025-11-08,returning,app,48.94
3760,2024-12-09,new,app,43.77
3761,2025-01-26,new,marketplace,47.64
3762,2025-12-09,new,marketplace,57.75
3763,2025-01-26,returning,web,62.62
3764,2025-07-17,returning,marketplace,60.49
3765,2025-06-03,new,marketplace,43.73
3766,2025-10-12,new,app,67.68
3767,2025-12-20,returning,web,41.91
3768,2025-12-08,new,marketplace,109.9
3769,2024-06-03,returning,web,52.87
3770,2025-03-03,new,app,53.22
3771,2025-08-17,returning,app,50.18
3772,2024-02-28,returning,app,82.21
3773,2024-06-08,new,app,106.99
3774,2024-12-01,returning,marketplace,57.13
3775,2025-03-16,new,web,42.63
3776,2024-12-12,returning,app,79.14
3777,2024-09-23,new,marketplace,39.86
3778,2025-11-26,returning,marketplace,76.11
3779,2024-10-07,new,app,35.6
3780,2025-05-18,vip,web,72.61
3781,2024-01-05,returning,web,21.59
3782,2024-03-02,returning,web,65.7
3783,2025-04-04,new,marketplace,50.37
3784,2025-10-14,new,app,65.64
3785,2025-08-24,new,app,51.57
3786,2025-03-07,returning,web,38.66
3787,2024-06-15,returning,app,107.72
3788,2024-11-29,returning,app,53.23
3789,2024-08-19,returning,marketplace,35.18
3790,2024-06-08,new,marketplace,86.2
3791,2024-04-05,returning,web,62.67
3792,2024-03-25,new,marketplace,44.76
3793,2024-03-16,new,app,65.29
3794,2024-03-08,returning,web,72.16
3795,2025-08-28,returning,app,52.74
3796,2024-11-04,returning,web,38.22
3797,2025-10-18,new,marketplace,57.19
3798,2025-09-01,new,web,84.89
3799,2025-06-27,new,app,58.69
3800,2025-12-31,new,app,52.9
3801,2024-11-01,vip,marketplace,39.27
3802,2025-01-02,new,web,68.58
3803,2025-11-19,returning,app,84.62
3804,2025-10-23,returning,web,43.77
3805,2024-01-12,new,marketplace,59.96
3806,2024-03-07,returning,web,71.88
3807,2025-05-01,vip,app,50.14
3808,2025-10-10,new,web,54.66
3809,2025-08-22,new,app,42.8
3810,2025-01-06,new,web,78.14
3811,2024-05-08,new,marketplace,52.32
3812,2024-10-10,returning,marketplace,99.14
3813,2025-09-26,vip,web,36.14
3814,2025-01-02,returning,web,72.36
3815,2024-09-05,returning,marketplace,48.83
3816,2025-11-07,new,web,66.29
3817,2025-11-22,new,app,78.6
3818,2024-01-09,returning,web,104.09
3819,2025-10-10,returning,app,74.17
3820,2024-02-02,returning,marketplace,46.07
3821,2025-10-31,returning,marketplace,78.85
3822,2025-03-02,returning,web,43.4
3823,2024-07-07,returning,app,54.47
3824,2024-10-19,new,web,69.14
3825,2024-04-08,new,marketplace,67.01
3826,2025-12-29,vip,web,65.2
3827,2025-04-28,new,marketplace,91.58
3828,2024-10-07,vip,web,142.7
3829,2025-03-14,new,marketplace,49.47
3830,2024-08-02,returning,marketplace,107.76
3831,2025-10-03,returning,marketplace,53.8
3832,2025-09-25,new,marketplace,47.4
3833,2024-10-04,returning,app,33.5
3834,2025-11-22,returning,web,60.11
3835,2024-11-04,returning,app,31.8
3836,2024-03-21,new,web,50.06
3837,2025-05-20,returning,marketplace,49.52
3838,2025-02-16,returning,marketplace,32.64
3839,2025-11-23,vip,web,35.66
3840,2024-11-07,returning,web,84.3
3841,2025-04-04,new,marketplace,50.07
3842,2025-03-17,new,web,60.07
3843,2025-03-09,new,marketplace,56.31
3844,2025-02-17,returning,marketplace,65.27
3845,2024-07-31,new,marketplace,49.83
3846,2024-08-06,returning,web,48.9
3847,2025-02-18,new,app,63.66
3848,2024-12-26,new,marketplace,51.2
3849,2025-03-24,new,app,81.19
3850,2024-08-10,new,app,37.94
3851,2024-03-17,vip,app,44.31
3852,2024-08-03,returning,web,55.33
3853,2025-06-21,returning,web,78.6
3854,2024-04-21,returning,web,28.78
3855,2025-02-11,new,web,63.3
3856,2025-11-23,new,web,83.05
3857,2025-01-04,new,web,72.04
3858,2025-03-31,returning,marketplace,44.46
3859,2024-02-27,returning,app,61.2
3860,2025-03-22,returning,marketplace,69.36
3861,2024-02-24,new,app,49.08
3862,2025-08-23,new,app,40.04
3863,2024-03-02,new,marketplace,79.68
3864,2025-03-18,vip,app,32.46
3865,2024-08-24,new,web,74.02
3866,2025-09-21,new,app,68.66
3867,2025-07-23,returning,marketplace,62.77
3868,2024-08-01,new,app,36.3
3869,2025-12-31,returning,marketplace,44.81
3870,2024-10-10,returning,marketplace,154.57
3871,2025-12-20,returning,app,40.22
3872,2025-12-29,new,marketplace,61.68
3873,2024-08-12,new,web,51.16
3874,2025-05-23,returning,marketplace,45.58
3875,2025-11-11,returning,app,57.69
3876,2025-12-01,vip,app,60.52
3877,2025-03-03,new,web,105.18
3878,2025-11-17,returning,app,64.43
3879,2024-07-22,returning,web,34.13
3880,2024-06-18,new,web,44.58
3881,2024-12-03,new,web,80.4
3882,2024-05-03,returning,marketplace,28.28
3883,2025-06-10,new,web,70.71
3884,2025-12-24,returning,web,108.14
3885,2025-09-14,new,marketplace,107.7
3886,2024-03-01,new,web,51.75
3887,2025-08-11,new,web,75.12
3888,2024-10-16,new,app,73.86
3889,2024-06-26,vip,marketplace,42.4
3890,2025-07-25,new,app,37.63
3891,2025-01-07,new,web,47.35
3892,2024-01-28,new,marketplace,46.04
3893,2024-10-07,returning,app,22.92
3894,2025-02-10,returning,web,47.32
3895,2025-09-08,new,app,58.84
3896,2025-05-15,returning,app,87.68
3897,2024-06-26,returning,web,82.91
3898,2025-07-01,returning,web,32.38
3899,2024-02-10,returning,web,44.0
3900,2024-11-21,returning,app,29.75
3901,2025-05-15,vip,web,48.25
3902,2025-05-19,returning,marketplace,77.32
3903,2025-10-04,new,app,73.54
3904,2025-07-24,new,app,115.4
3905,2025-01-08,new,marketplace,36.92
3906,2025-05-01,returning,marketplace,59.9
3907,2025-10-19,returning,app,36.58
3908,2024-06-23,new,web,59.04
3909,2024-11-24,returning,app,37.97
3910,2025-12-18,returning,web,48.69
3911,2025-12-15,returning,web,39.09
3912,2025-11-14,vip,app,38.3
3913,2025-09-17,returning,web,52.56
3914,2025-12-15,returning,marketplace,70.72
3915,2025-08-31,returning,web,37.56
3916,2025-12-24,new,app,65.58
3917,2025-07-18,new,web,93.26
3918,2024-08-16,new,web,68.76
3919,2024-07-03,returning,web,48.64
3920,2024-10-14,new,app,72.25
3921,2025-02-26,returning,marketplace,46.83
3922,2025-06-01,new,marketplace,58.8
3923,2025-03-21,returning,web,72.07
3924,2024-01-03,new,app,67.6
3925,2024-11-14,new,web,43.77
3926,2025-10-14,returning,marketplace,25.38
3927,2024-03-22,new,web,52.07
3928,2025-06-17,new,app,43.95
3929,2024-05-20,returning,web,37.61
3930,2025-02-10,new,app,53.33
3931,2025-08-21,returning,web,73.65
3932,2024-10-21,returning,marketplace,48.64
3933,2024-12-05,returning,marketplace,45.8
3934,2025-12-08,returning,web,69.42
3935,2024-12-28,returning,web,86.2
3936,2024-02-17,returning,app,39.53
3937,2025-12-05,returning,marketplace,31.92
3938,2025-05-24,returning,app,59.34
3939,2025-06-16,returning,web,75.08
3940,2025-02-01,new,app,82.28
3941,2025-06-16,new,app,129.57
3942,2025-09-11,returning,app,73.53
3943,2024-11-08,returning,marketplace,79.53
3944,2024-03-03,new,web,45.46
3945,2025-12-29,returning,marketplace,71.14
3946,2024-07-17,vip,app,48.74
3947,2025-07-31,new,marketplace,48.05
3948,2025-03-24,new,marketplace,21.41
3949,2024-01-14,new,marketplace,27.19
3950,2024-11-16,returning,app,45.34
3951,2025-05-16,new,web,67.42
3952,2025-01-15,returning,web,70.33
3953,2025-02-09,new,web,62.72
3954,2025-12-15,returning,web,52.56
3955,2025-11-25,new,marketplace,39.85
3956,2024-12-24,returning,app,48.56
3957,2025-10-09,returning,web,32.64
3958,2024-03-07,new,app,133.06
3959,2025-09-05,returning,app,52.36
3960,2025-06-24,returning,app,83.33
3961,2024-05-08,returning,marketplace,36.5
3962,2024-07-31,returning,app,34.1
3963,2025-09-02,returning,marketplace,81.91
3964,2025-01-06,returning,web,70.05
3965,2024-02-25,returning,web,58.86
3966,2025-11-21,new,marketplace,39.21
3967,2024-08-13,returning,marketplace,64.63
3968,2025-09-03,new,web,95.32
3969,2025-10-17,vip,app,68.19
3970,2025-08-07,vip,app,85.1
3971,2024-05-05,new,app,61.01
3972,2025-11-29,returning,marketplace,81.19
3973,2025-08-16,returning,marketplace,88.2
3974,2025-12-05,returning,marketplace,59.78
3975,2025-10-27,returning,app,58.52
3976,2024-06-28,returning,web,45.44
3977,2025-08-01,new,marketplace,54.38
3978,2025-03-10,vip,web,48.89
3979,2025-11-23,new,marketplace,90.45
3980,2024-07-02,returning,web,70.76
3981,2024-01-26,new,app,26.53
3982,2025-11-08,new,app,110.24
3983,2024-11-29,new,web,76.02
3984,2025-04-21,returning,web,62.51
3985,2025-10-05,returning,app,51.63
3986,2024-06-08,vip,web,67.06
3987,2024-11-10,returning,marketplace,38.7
3988,2025-12-08,new,marketplace,74.43
3989,2024-12-31,returning,marketplace,39.99
3990,2025-11-26,returning,marketplace,73.99
3991,2025-04-16,new,web,56.45
3992,2024-06-06,returning,app,67.35
3993,2024-11-26,returning,marketplace,58.07
3994,2025-05-23,returning,web,22.6
3995,2025-12-17,new,app,81.92
3996,2025-11-15,returning,marketplace,30.29
3997,2024-11-21,new,web,62.01
3998,2024-11-19,new,web,96.23
3999,2025-07-03,new,web,53.19
4000,2025-09-03,returning,web,69.23
4001,2024-01-24,new,web,85.46
4002,2024-07-22,returning,marketplace,32.09
4003,2024-02-01,new,marketplace,105.39
4004,2024-04-02,returning,marketplace,49.8
4005,2025-08-08,returning,app,67.19
4006,2025-08-26,returning,web,46.44
4007,2025-07-25,returning,marketplace,80.17
4008,2024-02-22,returning,app,45.68
4009,2024-01-15,returning,web,30.22
4010,2025-01-12,new,app,56.01
4011,2024-11-03,new,app,52.87
4012,2025-08-10,returning,marketplace,48.68
4013,2025-03-16,returning,app,85.83
4014,2024-04-29,returning,app,64.54
4015,2025-05-01,new,web,51.73
4016,2024-11-08,returning,web,44.95
4017,2025-06-16,new,web,49.13
4018,2025-03-05,new,web,53.8
4019,2024-10-08,vip,web,46.86
4020,2024-06-16,new,web,44.5
4021,2024-05-06,returning,app,49.92
4022,2025-02-07,returning,app,109.66
4023,2024-08-23,new,marketplace,92.23
4024,2024-02-13,vip,marketplace,29.37
4025,2024-05-24,returning,marketplace,73.88
4026,2024-07-17,new,web,139.43
4027,2025-09-17,vip,app,99.28
4028,2024-05-31,new,marketplace,148.0
4029,2025-05-05,returning,marketplace,44.04
4030,2025-11-17,new,marketplace,42.77
4031,2024-06-11,new,marketplace,74.92
4032,2024-06-02,returning,web,84.45
4033,2024-09-15,vip,marketplace,60.42
4034,2024-09-13,vip,marketplace,37.2
4035,2024-06-08,returning,app,90.53
4036,2025-05-29,returning,marketplace,61.97
4037,2024-10-20,new,marketplace,43.04
4038,2024-12-29,vip,web,87.84
4039,2025-06-21,new,app,36.55
4040,2025-08-07,vip,app,61.06
4041,2024-11-29,vip,web,54.91
4042,2024-11-29,returning,app,30.61
4043,2025-10-22,new,marketplace,76.18
4044,2025-10-13,returning,web,66.01
4045,2024-07-23,new,app,69.44
4046,2024-12-12,new,web,89.2
4047,2024-05-08,vip,marketplace,103.23
4048,2024-01-09,new,app,27.01
4049,2024-04-09,returning,web,70.01
4050,2025-02-03,new,web,47.43
4051,2025-12-08,new,app,142.77
4052,2025-03-05,returning,marketplace,52.67
4053,2024-02-04,new,marketplace,46.54
4054,2024-07-30,new,marketplace,42.0
4055,2025-10-29,returning,app,33.34
4056,2024-07-04,new,app,70.99
4057,2024-06-05,returning,app,60.18
4058,2025-12-03,returning,app,89.9
4059,2025-08-01,new,web,71.88
4060,2025-07-05,new,app,37.68
4061,2025-09-03,returning,marketplace,50.87
4062,2024-07-23,new,app,44.1
4063,2025-02-04,vip,web,91.46
4064,2024-04-04,new,app,65.48
4065,2025-09-25,returning,app,80.14
4066,2024-12-30,new,app,31.28
4067,2024-11-16,new,web,49.43
4068,2024-12-21,returning,marketplace,60.66
4069,2024-10-25,vip,app,42.28
4070,2025-06-15,new,marketplace,77.93
4071,2025-01-30,vip,app,58.34
4072,2024-11-28,returning,web,62.88
4073,2024-10-13,returning,web,45.3
4074,2025-04-17,returning,app,42.81
4075,2024-06-06,new,web,151.24
4076,2024-05-04,new,app,61.49
4077,2025-08-15,new,app,43.96
4078,2025-07-13,new,marketplace,57.8
4079,2024-10-31,returning,marketplace,53.4
4080,2024-08-21,returning,app,59.82
4081,2025-07-25,new,app,54.03
4082,2025-09-05,new,app,77.53
4083,2024-04-02,vip,app,58.04
4084,2025-09-12,returning,web,130.08
4085,2025-04-12,returning,marketplace,46.29
4086,2024-09-11,returning,web,99.51
4087,2024-12-25,new,marketplace,80.79
4088,2025-02-18,returning,app,94.54
4089,2024-08-31,returning,app,61.12
4090,2025-11-22,new,web,73.13
4091,2025-12-17,new,marketplace,85.18
4092,2025-06-15,returning,web,51.56
4093,2025-12-12,new,marketplace,47.58
4094,2024-12-01,new,web,94.32
4095,2025-06-05,returning,web,46.97
4096,2024-11-05,returning,web,83.68
4097,2025-05-28,new,app,113.74
4098,2025-06-20,returning,app,37.03
4099,2025-02-25,returning,marketplace,42.93
4100,2024-12-08,returning,web,53.19
4101,2024-11-22,returning,web,51.52
4102,2025-04-22,new,web,50.1
4103,2025-10-10,new,app,83.58
4104,2024-02-23,returning,marketplace,52.6
4105,2024-11-29,new,marketplace,27.9
4106,2025-07-24,new,app,104.69
4107,2025-04-21,returning,app,62.49
4108,2024-01-30,vip,app,49.04
4109,2024-09-09,returning,web,61.28
4110,2024-04-29,returning,web,49.32
4111,2024-09-29,new,marketplace,61.83
4112,2025-03-24,returning,web,66.96
4113,2025-09-01,new,app,65.27
4114,2024-03-12,new,web,84.53
4115,2024-08-16,new,marketplace,27.14
4116,2025-04-05,vip,app,57.63
4117,2024-03-25,new,marketplace,91.88
4118,2024-01-02,new,marketplace,53.48
4119,2024-05-02,new,app,44.72
4120,2025-11-11,returning,marketplace,40.15
4121,2025-10-29,vip,app,58.6
4122,2024-02-19,returning,marketplace,38.79
4123,2024-05-26,returning,marketplace,85.2
4124,2024-01-19,returning,app,35.7
4125,2025-04-13,new,app,29.02
4126,2024-12-30,new,web,45.16
4127,2025-01-22,returning,marketplace,42.69
4128,2025-03-11,returning,app,35.58
4129,2024-07-20,returning,app,49.76
4130,2024-05-29,returning,marketplace,43.11
4131,2024-07-13,new,marketplace,55.79
4132,2024-01-17,returning,web,32.24
4133,2025-06-11,new,web,61.85
4134,2025-10-13,new,web,30.82
4135,2024-03-05,returning,app,78.31
4136,2024-08-20,new,marketplace,66.14
4137,2025-02-14,new,web,76.53
4138,2024-01-20,returning,app,23.49
4139,2024-05-25,returning,app,30.06
4140,2025-12-24,new,web,70.65
4141,2024-04-02,vip,web,15.73
4142,2025-12-15,returning,marketplace,96.49
4143,2024-01-18,new,app,108.28
4144,2025-11-20,new,web,84.3
4145,2025-06-22,new,web,59.26
4146,2024-01-08,returning,web,69.37
4147,2024-05-11,new,app,93.29
4148,2024-08-27,new,app,60.21
4149,2025-10-15,new,marketplace,63.75
4150,2024-04-25,new,app,73.99
4151,2025-10-08,returning,app,53.06
4152,2025-11-17,returning,marketplace,38.64
4153,2024-11-29,returning,marketplace,42.83
4154,2024-08-05,returning,app,95.03
4155,2024-11-19,new,web,53.15
4156,2025-11-16,new,marketplace,41.77
4157,2024-04-23,returning,marketplace,55.56
4158,2024-02-19,returning,marketplace,77.78
4159,2025-04-22,returning,marketplace,51.73
4160,2024-10-07,returning,marketplace,69.93
4161,2025-04-19,new,app,106.11
4162,2025-12-24,new,app,77.26
4163,2024-03-13,new,marketplace,51.25
4164,2025-12-04,new,web,44.38
4165,2024-12-08,returning,app,40.88
4166,2025-10-30,returning,web,132.8
4167,2025-12-01,returning,app,38.59
4168,2025-09-03,new,web,57.9
4169,2024-10-21,returning,marketplace,57.31
4170,2024-01-05,returning,web,98.41
4171,2025-07-03,vip,web,44.63
4172,2025-03-01,returning,web,65.55
4173,2025-06-16,new,marketplace,46.91
4174,2025-12-28,returning,web,123.7
4175,2025-04-25,returning,web,79.33
4176,2024-11-15,new,marketplace,66.06
4177,2025-09-26,new,app,38.46
4178,2024-09-30,new,app,92.11
4179,2025-08-26,returning,marketplace,93.11
4180,2025-06-28,new,web,41.55
4181,2024-03-31,returning,app,85.82
4182,2025-08-20,returning,app,61.05
4183,2024-09-17,new,web,131.97
4184,2024-12-27,new,web,40.31
4185,2024-11-07,returning,web,56.94
4186,2025-08-20,returning,app,120.69
4187,2025-03-13,returning,marketplace,62.67
4188,2024-09-16,vip,web,104.85
4189,2024-04-20,new,marketplace,117.6
4190,2025-02-18,new,app,69.1
4191,2024-06-29,returning,web,57.82
4192,2025-09-07,new,marketplace,45.47
4193,2024-06-23,returning,web,42.26
4194,2024-07-28,returning,web,98.15
4195,2025-05-26,new,web,62.81
4196,2025-05-18,new,marketplace,139.72
4197,2024-04-04,returning,app,24.04
4198,2025-04-24,new,marketplace,58.68
4199,2024-04-08,returning,web,124.59
4200,2025-12-14,returning,app,25.7
4201,2024-11-19,new,marketplace,73.32
4202,2025-07-29,returning,app,55.73
4203,2024-07-25,returning,marketplace,41.61
4204,2025-06-22,new,app,43.65
4205,2024-02-19,vip,web,46.47
4206,2025-01-16,vip,web,51.26
4207,2025-11-05,returning,marketplace,33.49
4208,2025-06-04,new,app,53.96
4209,2024-11-28,new,web,81.5
4210,2024-12-01,returning,app,56.92
4211,2025-06-13,new,marketplace,59.8
4212,2024-06-30,returning,app,36.14
4213,2025-02-01,returning,web,27.38
4214,2024-05-10,returning,app,44.77
4215,2024-09-13,new,marketplace,34.1
4216,2024-11-02,returning,app,54.29
4217,2024-10-11,returning,app,45.21
4218,2024-11-17,vip,marketplace,69.21
4219,2024-12-07,new,marketplace,77.51
4220,2024-11-17,returning,web,159.7
4221,2024-01-19,returning,marketplace,57.19
4222,2025-12-16,new,app,104.28
4223,2025-11-02,returning,marketplace,59.43
4224,2024-07-28,returning,app,59.78
4225,2024-01-25,returning,web,53.37
4226,2025-08-10,returning,app,80.79
4227,2025-08-22,vip,web,68.53
4228,2024-03-30,new,app,78.95
4229,2025-06-01,new,web,88.35
4230,2025-08-17,new,web,78.71
4231,2025-12-04,returning,marketplace,80.61
4232,2025-12-12,returning,app,55.54
4233,2024-12-17,returning,marketplace,38.27
4234,2024-10-23,returning,marketplace,23.0
4235,2024-06-20,new,app,84.66
4236,2024-09-15,new,web,85.19
4237,2025-11-27,returning,web,121.38
4238,2025-10-09,new,marketplace,36.96
4239,2025-11-23,new,app,57.37
4240,2025-11-25,new,marketplace,49.06
4241,2025-01-31,vip,app,44.51
4242,2024-01-30,vip,marketplace,42.17
4243,2025-08-22,returning,web,50.85
4244,2025-11-15,new,app,100.29
4245,2025-11-10,returning,web,68.43
4246,2025-02-14,returning,app,61.33
4247,2024-07-15,returning,marketplace,95.07
4248,2025-03-02,new,marketplace,84.83
4249,2025-11-19,returning,web,29.38
4250,2024-08-26,returning,app,56.03
4251,2025-05-25,new,marketplace,52.09
4252,2024-04-21,returning,web,63.1
4253,2024-03-30,returning,web,33.26
4254,2025-03-07,returning,marketplace,68.8
4255,2025-11-23,vip,marketplace,60.01
4256,2024-07-30,new,web,55.55
4257,2025-01-28,returning,web,98.67
4258,2025-04-14,returning,marketplace,114.53
4259,2025-01-12,new,app,105.06
4260,2024-08-14,new,marketplace,38.14
4261,2024-09-21,new,web,44.54
4262,2025-11-14,returning,marketplace,71.64
4263,2024-07-26,returning,app,25.55
4264,2025-03-05,new,app,78.53
4265,2024-12-22,vip,marketplace,95.62
4266,2024-12-24,new,app,112.43
4267,2024-01-20,returning,marketplace,113.17
4268,2025-08-02,new,marketplace,54.38
4269,2025-04-05,returning,marketplace,79.63
4270,2025-06-20,returning,web,51.28
4271,2024-02-15,new,marketplace,29.65
4272,2025-02-09,returning,marketplace,121.62
4273,2025-01-17,new,web,83.88
4274,2025-12-01,new,web,72.29
4275,2025-11-04,returning,marketplace,102.07
4276,2025-11-23,returning,web,46.97
4277,2025-12-05,new,marketplace,186.57
4278,2025-05-31,new,app,65.67
4279,2024-03-14,new,web,40.84
4280,2024-04-07,returning,app,22.35
4281,2025-10-15,returning,marketplace,34.44
4282,2024-12-09,new,web,39.29
4283,2025-02-01,new,marketplace,70.27
4284,2024-05-08,returning,marketplace,52.4
4285,2024-12-08,new,web,55.34
4286,2025-08-28,new,web,59.39
4287,2024-06-23,vip,web,83.21
4288,2025-08-06,new,marketplace,20.73
4289,2025-09-17,new,web,69.9
4290,2025-08-03,new,app,59.79
4291,2024-04-28,new,marketplace,98.83
4292,2025-05-03,vip,web,96.41
4293,2024-08-14,returning,marketplace,62.55
4294,2025-04-19,returning,web,117.93
4295,2024-12-05,returning,marketplace,53.08
4296,2025-04-15,new,web,48.32
4297,2024-11-01,returning,web,207.33
4298,2024-02-16,returning,app,95.85
4299,2024-01-17,new,app,41.41
4300,2024-06-27,returning,web,37.64
4301,2025-10-15,new,app,21.84
4302,2025-12-25,returning,app,38.48
4303,2024-12-01,new,marketplace,41.14
4304,2024-08-30,vip,marketplace,50.45
4305,2024-05-01,returning,marketplace,136.53
4306,2024-12-22,returning,app,74.76
4307,2024-08-24,returning,marketplace,83.64
4308,2024-09-27,returning,marketplace,78.86
4309,2025-12-05,new,web,34.18
4310,2025-01-16,vip,web,54.41
4311,2024-02-21,new,app,53.12
4312,2024-11-29,new,app,97.8
4313,2024-12-25,returning,app,104.03
4314,2025-10-05,vip,web,45.38
4315,2024-05-20,new,web,67.4
4316,2025-09-20,returning,app,90.07
4317,2024-09-13,returning,web,111.23
4318,2025-01-17,returning,marketplace,78.08
4319,2025-01-21,returning,web,54.94
4320,2025-11-20,new,app,22.4
4321,2024-02-09,new,app,136.51
4322,2025-03-06,new,app,52.54
4323,2025-05-24,new,marketplace,67.4
4324,2025-05-16,vip,web,36.71
4325,2025-07-09,vip,marketplace,76.77
4326,2024-12-14,vip,app,50.48
4327,2025-06-13,returning,web,46.73
4328,2024-06-05,new,marketplace,81.79
4329,2025-07-27,new,web,47.32
4330,2024-03-24,returning,app,36.73
4331,2024-12-19,returning,app,77.59
4332,2025-09-06,returning,app,26.56
4333,2024-04-22,returning,app,37.48
4334,2025-05-12,returning,app,66.7
4335,2025-10-10,new,marketplace,108.85
4336,2024-11-29,vip,marketplace,54.0
4337,2024-09-09,returning,web,83.72
4338,2025-10-18,returning,web,57.67
4339,2025-01-28,returning,web,40.41
4340,2025-12-30,returning,web,57.33
4341,2025-05-14,returning,marketplace,76.66
4342,2024-02-19,returning,web,27.39
4343,2025-06-22,returning,marketplace,34.51
4344,2025-05-05,returning,app,43.1
4345,2025-11-11,returning,app,64.67
4346,2025-03-16,new,app,59.52
4347,2025-08-28,new,app,54.81
4348,2025-08-01,new,marketplace,20.83
4349,2024-11-09,returning,app,51.85
4350,2024-08-05,new,web,49.85
4351,2025-05-21,vip,marketplace,42.63
4352,2024-01-10,new,app,92.56
4353,2025-02-21,new,web,79.42
4354,2024-02-24,vip,marketplace,108.43
4355,2025-11-27,new,app,25.97
4356,2025-11-26,returning,web,87.21
4357,2025-09-07,vip,app,31.12
4358,2024-08-27,new,web,43.86
4359,2025-10-24,new,app,65.55
4360,2025-02-10,vip,marketplace,42.44
4361,2025-01-30,new,app,56.46
4362,2024-11-25,new,app,82.59
4363,2024-06-16,new,web,77.43
4364,2024-06-28,returning,marketplace,34.89
4365,2024-02-21,returning,app,95.78
4366,2025-12-05,new,web,60.97
4367,2025-03-24,returning,app,45.53
4368,2024-10-22,new,marketplace,58.78
4369,2025-04-09,new,marketplace,43.4
4370,2025-05-03,returning,web,44.9
4371,2025-05-24,vip,app,33.96
4372,2025-08-24,new,web,53.75
4373,2025-05-25,returning,app,50.54
4374,2025-08-06,returning,app,30.5
4375,2025-04-12,new,marketplace,88.22
4376,2025-07-12,returning,app,62.53
4377,2025-06-25,returning,marketplace,84.36
4378,2025-03-19,new,app,36.94
4379,2025-01-22,returning,app,39.16
4380,2024-04-30,returning,app,53.95
4381,2024-03-17,returning,web,51.71
4382,2025-05-23,vip,app,69.33
4383,2025-10-16,new,app,41.13
4384,2025-11-22,returning,app,86.33
4385,2025-05-15,returning,marketplace,21.28
4386,2025-02-27,new,web,55.52
4387,2024-07-18,returning,web,46.17
4388,2025-02-28,vip,web,78.46
4389,2025-09-13,vip,app,59.01
4390,2025-03-09,new,web,80.73
4391,2025-12-07,new,web,69.69
4392,2025-12-31,vip,marketplace,61.58
4393,2025-02-21,new,app,91.06
4394,2024-04-20,new,marketplace,125.96
4395,2025-12-31,returning,web,61.44
4396,2025-03-16,returning,web,52.12
4397,2024-03-24,vip,app,52.77
4398,2024-10-23,new,app,81.66
4399,2025-03-20,returning,marketplace,37.38
4400,2025-12-29,returning,marketplace,50.06
4401,2025-06-26,new,marketplace,61.09
4402,2024-06-05,returning,web,63.06
4403,2025-03-26,vip,app,25.8
4404,2024-09-26,new,marketplace,51.64
4405,2024-05-21,returning,web,23.77
4406,2025-02-03,returning,app,61.66
4407,2025-12-27,new,web,92.55
4408,2025-04-23,returning,app,26.53
4409,2025-03-21,returning,web,65.16
4410,2025-04-01,returning,web,120.15
4411,2024-05-01,vip,web,71.34
4412,2025-09-16,returning,marketplace,57.2
4413,2025-02-05,returning,web,48.52
4414,2024-05-31,returning,app,60.83
4415,2025-11-03,new,web,94.88
4416,2024-11-24,returning,marketplace,72.16
4417,2025-06-14,returning,app,56.64
4418,2024-07-02,new,marketplace,69.14
4419,2024-01-02,new,app,65.66
4420,2024-08-01,returning,marketplace,65.21
4421,2025-09-07,returning,web,102.28
4422,2024-02-23,new,web,80.94
4423,2024-02-01,returning,web,24.33
4424,2024-06-23,new,app,41.87
4425,2025-02-09,returning,marketplace,66.13
4426,2025-04-21,new,web,35.42
4427,2025-01-04,returning,app,44.91
4428,2024-09-08,returning,marketplace,36.92
4429,2025-05-30,new,web,72.19
4430,2024-11-01,returning,app,81.6
4431,2025-09-16,new,web,98.69
4432,2025-01-20,returning,marketplace,67.83
4433,2025-05-13,returning,marketplace,78.16
4434,2024-12-08,new,app,84.47
4435,2025-01-21,returning,marketplace,61.13
4436,2024-08-11,vip,web,105.92
4437,2025-12-12,returning,marketplace,94.79
4438,2025-10-17,returning,marketplace,64.0
4439,2025-01-23,new,web,64.52
4440,2024-02-03,returning,web,44.51
4441,2024-01-09,returning,app,49.96
4442,2025-09-16,returning,web,52.34
4443,2024-12-06,returning,web,51.24
4444,2024-01-22,returning,app,47.35
4445,2024-03-13,new,app,51.64
4446,2024-08-06,returning,web,53.03
4447,2024-04-26,new,app,55.3
4448,2024-07-08,new,app,103.44
4449,2025-10-08,vip,web,81.58
4450,2025-11-09,returning,marketplace,39.52
4451,2025-12-15,new,marketplace,117.59
4452,2024-12-23,returning,app,91.49
4453,2025-11-14,returning,web,93.05
4454,2025-02-07,returning,app,86.19
4455,2025-12-20,new,web,82.26
4456,2024-11-04,vip,web,135.44
4457,2025-08-04,new,web,44.26
4458,2024-10-29,returning,marketplace,51.24
4459,2024-05-06,new,web,76.85
4460,2025-09-18,returning,marketplace,69.59
4461,2024-09-24,vip,marketplace,36.93
4462,2024-11-03,returning,web,56.57
4463,2025-05-11,returning,marketplace,14.42
4464,2025-07-30,returning,web,88.66
4465,2025-11-12,returning,marketplace,49.13
4466,2024-10-03,returning,marketplace,37.13
4467,2025-04-18,new,marketplace,92.17
4468,2025-12-28,new,web,52.02
4469,2024-03-09,returning,app,36.09
4470,2024-10-23,vip,app,38.73
4471,2025-11-22,returning,web,46.91
4472,2025-12-21,returning,marketplace,42.68
4473,2025-09-16,returning,marketplace,69.75
4474,2025-12-23,returning,web,79.37
4475,2025-08-29,returning,app,44.65
4476,2024-12-12,vip,web,48.83
4477,2025-10-07,vip,marketplace,47.28
4478,2025-02-12,new,marketplace,30.17
4479,2024-02-26,returning,web,42.02
4480,2024-11-11,returning,app,66.93
4481,2025-01-25,returning,web,53.86
4482,2024-07-07,new,app,78.65
4483,2025-04-04,returning,web,69.05
4484,2024-10-25,returning,app,74.41
4485,2025-05-31,new,marketplace,45.03
4486,2025-09-26,vip,web,39.83
4487,2024-10-14,returning,marketplace,41.72
4488,2024-03-09,returning,app,74.78
4489,2025-04-13,new,web,59.82
4490,2024-06-05,new,marketplace,42.88
4491,2024-02-07,returning,app,31.51
4492,2025-05-07,returning,marketplace,52.94
4493,2024-02-19,returning,marketplace,115.35
4494,2025-08-23,new,marketplace,105.56
4495,2024-08-03,returning,app,63.84
4496,2025-09-21,new,app,96.91
4497,2025-03-30,vip,marketplace,37.79
4498,2025-09-27,returning,marketplace,41.52
4499,2025-08-10,vip,marketplace,106.21
4500,2024-03-07,new,marketplace,73.39
4501,2025-03-30,new,app,28.17
4502,2024-12-28,new,web,68.81
4503,2025-02-01,new,marketplace,86.43
4504,2025-05-06,returning,app,49.81
4505,2024-05-14,returning,web,59.32
4506,2025-10-26,new,app,67.14
4507,2025-02-09,new,app,81.54
4508,2024-07-24,returning,web,68.82
4509,2025-12-06,returning,marketplace,95.76
4510,2025-05-09,returning,app,53.15
4511,2025-12-28,returning,marketplace,145.7
4512,2025-02-25,returning,app,57.28
4513,2025-10-09,vip,app,39.11
4514,2025-10-26,vip,web,48.8
4515,2025-07-18,new,web,54.38
4516,2025-12-07,new,marketplace,91.86
4517,2025-04-14,new,web,43.04
4518,2025-08-19,new,web,85.94
4519,2024-09-13,new,app,54.55
4520,2025-10-05,new,web,76.23
4521,2025-01-21,returning,app,65.02
4522,2025-12-17,new,marketplace,123.55
4523,2025-10-25,returning,web,42.28
4524,2025-09-29,new,marketplace,50.13
4525,2025-11-30,vip,web,80.61
4526,2024-03-14,returning,app,60.59
4527,2025-08-30,returning,marketplace,56.77
4528,2025-12-17,new,app,76.41
4529,2024-07-24,new,web,107.77
4530,2024-08-20,new,web,79.3
4531,2025-07-23,returning,app,87.06
4532,2024-08-28,new,marketplace,87.34
4533,2025-07-31,returning,app,67.86
4534,2024-06-12,new,web,49.16
4535,2024-07-13,returning,web,19.81
4536,2024-06-19,returning,marketplace,28.95
4537,2024-12-07,returning,web,106.37
4538,2025-11-23,new,web,135.93
4539,2024-12-31,new,marketplace,57.38
4540,2024-12-25,returning,web,53.38
4541,2025-05-06,new,app,89.3
4542,2024-09-29,new,app,52.56
4543,2025-05-02,new,web,90.59
4544,2025-11-12,returning,app,77.64
4545,2025-12-01,vip,marketplace,85.17
4546,2025-09-17,returning,app,48.19
4547,2024-08-15,returning,web,78.06
4548,2024-12-20,new,marketplace,37.64
4549,2025-01-17,vip,web,46.59
4550,2025-03-17,new,web,45.07
4551,2025-08-17,returning,app,35.89
4552,2025-11-25,returning,app,94.77
4553,2024-07-13,returning,app,45.53
4554,2025-07-18,new,app,38.33
4555,2025-01-02,returning,marketplace,26.1
4556,2024-07-06,vip,app,60.74
4557,2024-12-21,returning,app,59.28
4558,2024-12-18,returning,app,54.04
4559,2025-04-28,new,marketplace,50.51
4560,2024-03-23,new,marketplace,53.14
4561,2025-11-14,returning,web,161.18
4562,2024-01-30,returning,web,31.63
4563,2025-12-31,returning,marketplace,49.68
4564,2025-07-05,returning,marketplace,106.75
4565,2024-11-30,new,web,46.65
4566,2025-07-26,new,web,64.27
4567,2025-01-06,new,web,53.77
4568,2024-08-13,returning,marketplace,68.78
4569,2024-12-22,new,app,82.05
4570,2024-10-11,returning,web,46.17
4571,2024-11-10,new,app,100.85
4572,2024-01-10,new,app,53.59
4573,2025-11-07,new,app,66.37
4574,2024-12-01,returning,web,70.21
4575,2025-12-22,returning,web,67.77
4576,2024-05-05,vip,marketplace,42.78
4577,2025-09-06,returning,app,103.69
4578,2025-03-02,new,web,69.63
4579,2025-05-15,new,marketplace,24.97
4580,2025-07-31,new,marketplace,125.4
4581,2024-05-03,returning,marketplace,50.93
4582,2025-12-22,new,app,42.55
4583,2025-02-18,returning,web,64.38
4584,2025-05-22,new,marketplace,45.03
4585,2025-01-01,new,marketplace,60.89
4586,2025-01-24,new,marketplace,83.02
4587,2025-06-17,vip,marketplace,37.04
4588,2025-03-22,new,app,44.33
4589,2024-05-21,returning,app,105.82
4590,2025-06-25,returning,app,82.16
4591,2025-05-22,new,web,32.17
4592,2024-03-17,new,app,112.51
4593,2025-09-07,returning,web,102.98
4594,2024-11-18,new,web,159.28
4595,2025-06-24,new,app,74.78
4596,2024-12-21,new,marketplace,73.87
4597,2025-01-01,returning,web,99.71
4598,2025-03-08,returning,web,63.79
4599,2024-11-14,returning,marketplace,43.67
4600,2025-05-20,new,app,45.26
4601,2024-11-01,returning,web,50.54
4602,2025-01-10,new,marketplace,33.8
4603,2025-04-22,returning,marketplace,32.69
4604,2025-08-08,new,marketplace,74.77
4605,2025-04-15,new,web,64.78
4606,2025-05-08,new,web,69.46
4607,2024-02-09,returning,marketplace,67.97
4608,2025-11-11,returning,marketplace,81.03
4609,2024-02-11,new,marketplace,65.64
4610,2025-03-29,returning,app,38.94
4611,2025-11-18,returning,web,74.95
4612,2024-04-09,new,web,64.32
4613,2024-09-25,new,app,50.61
4614,2024-05-28,new,web,147.38
4615,2025-12-16,returning,web,54.06
4616,2024-03-20,returning,marketplace,64.16
4617,2025-08-12,returning,marketplace,97.21
4618,2024-05-29,returning,app,90.61
4619,2025-10-04,new,marketplace,56.48
4620,2024-04-01,new,marketplace,66.97
4621,2024-12-29,new,web,47.15
4622,2024-07-31,returning,app,79.71
4623,2024-02-22,new,marketplace,60.69
4624,2025-12-20,new,app,47.67
4625,2025-12-25,new,web,42.92
4626,2024-08-27,new,web,39.38
4627,2025-11-02,returning,app,39.56
4628,2025-04-15,returning,app,33.9
4629,2024-06-21,returning,app,57.85
4630,2025-11-15,vip,marketplace,85.18
4631,2025-07-09,new,marketplace,63.87
4632,2025-02-15,new,web,32.47
4633,2024-04-21,new,web,32.85
4634,2024-10-06,returning,marketplace,67.53
4635,2024-10-11,new,marketplace,45.07
4636,2025-01-14,new,marketplace,37.67
4637,2025-01-16,new,web,79.21
4638,2024-09-26,new,web,64.44
4639,2025-06-19,new,app,115.96
4640,2025-11-21,new,app,57.49
4641,2024-08-30,vip,app,58.22
4642,2025-05-02,new,web,48.75
4643,2024-03-29,new,marketplace,35.57
4644,2024-04-20,new,marketplace,67.81
4645,2024-10-29,returning,app,56.87
4646,2025-09-05,new,marketplace,39.29
4647,2024-04-14,returning,web,50.04
4648,2025-11-14,returning,marketplace,62.04
4649,2025-08-02,returning,marketplace,70.9
4650,2024-02-10,returning,marketplace,58.22
4651,2025-04-21,new,marketplace,44.82
4652,2024-07-08,returning,web,90.58
4653,2025-11-10,new,marketplace,48.64
4654,2024-12-10,new,marketplace,56.75
4655,2025-10-06,vip,app,81.91
4656,2024-06-12,returning,marketplace,48.76
4657,2025-10-14,vip,web,62.59
4658,2025-05-15,new,marketplace,49.5
4659,2025-04-14,vip,app,58.99
4660,2024-06-05,returning,web,32.83
4661,2025-11-25,returning,app,62.64
4662,2024-06-09,new,marketplace,84.16
4663,2025-03-27,returning,marketplace,138.58
4664,2025-10-07,new,web,47.94
4665,2024-06-23,vip,web,72.68
4666,2024-08-09,new,app,75.96
4667,2024-02-03,returning,marketplace,41.87
4668,2025-04-11,returning,marketplace,49.9
4669,2024-10-10,new,marketplace,55.89
4670,2024-06-12,new,web,103.06
4671,2024-05-04,returning,marketplace,64.56
4672,2024-06-10,returning,web,96.06
4673,2024-09-16,new,marketplace,57.25
4674,2025-08-24,returning,app,55.28
4675,2025-03-14,new,web,65.41
4676,2025-12-23,new,app,46.7
4677,2024-07-04,returning,marketplace,42.99
4678,2024-06-08,vip,app,75.01
4679,2025-09-13,returning,web,62.98
4680,2025-03-12,returning,web,57.57
4681,2025-08-27,vip,app,47.46
4682,2025-10-24,returning,web,55.75
4683,2024-10-27,returning,app,25.76
4684,2024-03-15,returning,app,57.27
4685,2025-07-06,new,app,41.17
4686,2024-06-01,returning,web,40.99
4687,2025-02-25,new,marketplace,39.09
4688,2025-11-28,vip,app,108.47
4689,2025-04-21,new,app,48.94
4690,2025-11-14,new,web,74.84
4691,2025-11-03,returning,web,66.77
4692,2024-04-01,returning,app,60.72
4693,2024-05-14,returning,app,105.78
4694,2024-07-16,new,web,54.98
4695,2024-03-23,new,app,57.72
4696,2024-04-23,new,web,49.11
4697,2025-04-11,returning,marketplace,51.35
4698,2025-03-23,returning,app,74.63
4699,2024-04-22,returning,web,47.98
4700,2025-04-09,returning,app,50.5
4701,2024-10-03,returning,app,55.66
4702,2024-02-04,returning,web,57.34
4703,2025-03-21,returning,marketplace,62.43
4704,2024-07-17,returning,app,31.96
4705,2024-06-05,returning,marketplace,64.25
4706,2025-02-03,returning,web,138.9
4707,2024-02-16,vip,marketplace,76.55
4708,2024-01-06,new,web,105.36
4709,2024-02-01,returning,web,31.97
4710,2024-02-05,returning,app,33.5
4711,2024-04-05,new,app,39.95
4712,2025-08-18,vip,marketplace,157.37
4713,2024-11-13,new,web,84.87
4714,2024-09-17,new,web,52.72
4715,2025-11-15,new,app,55.12
4716,2024-08-27,returning,marketplace,102.74
4717,2024-08-17,new,app,72.05
4718,2025-07-07,new,web,59.83
4719,2025-10-08,new,app,39.08
4720,2025-09-22,new,web,58.86
4721,2024-10-09,returning,app,29.03
4722,2024-08-28,returning,web,25.61
4723,2024-01-28,new,web,110.73
4724,2025-08-08,vip,web,88.25
4725,2025-06-05,new,web,26.72
4726,2025-05-15,new,web,63.52
4727,2024-04-02,new,app,88.88
4728,2025-04-08,new,app,51.02
4729,2024-05-02,returning,marketplace,92.93
4730,2025-02-25,returning,app,89.89
4731,2024-06-07,new,app,37.23
4732,2025-12-26,new,web,43.36
4733,2025-06-07,new,app,38.99
4734,2024-05-20,new,app,26.81
4735,2024-10-23,new,app,62.05
4736,2025-06-25,returning,app,59.05
4737,2024-01-20,returning,app,38.18
4738,2024-08-12,returning,app,30.3
4739,2025-10-01,returning,app,48.91
4740,2025-11-07,new,marketplace,23.58
4741,2024-08-21,new,web,42.11
4742,2025-06-15,returning,app,69.79
4743,2024-06-25,new,marketplace,55.75
4744,2025-05-02,new,marketplace,53.98
4745,2024-04-03,vip,app,95.67
4746,2024-12-02,returning,web,37.09
4747,2024-11-08,new,marketplace,58.36
4748,2025-05-29,returning,marketplace,48.15
4749,2024-10-10,new,marketplace,152.89
4750,2024-02-10,new,web,48.23
4751,2024-10-12,returning,marketplace,37.99
4752,2025-04-03,returning,web,51.43
4753,2025-12-20,returning,app,41.12
4754,2024-06-22,new,web,96.57
4755,2025-02-07,vip,web,162.65
4756,2024-02-28,vip,web,24.53
4757,2025-05-14,returning,app,78.89
4758,2025-04-08,new,marketplace,95.89
4759,2024-08-16,returning,web,51.79
4760,2024-03-16,returning,app,45.06
4761,2025-08-15,returning,web,64.99
4762,2024-06-02,new,app,64.9
4763,2024-12-30,new,app,71.18
4764,2024-08-03,returning,app,97.68
4765,2025-06-27,new,web,57.26
4766,2024-08-14,returning,marketplace,31.01
4767,2025-09-11,new,web,40.55
4768,2025-11-23,returning,marketplace,62.26
4769,2024-04-21,returning,marketplace,74.44
4770,2025-02-21,new,web,50.11
4771,2025-10-02,vip,web,53.91
4772,2025-01-19,vip,marketplace,56.74
4773,2025-12-27,vip,app,49.15
4774,2025-12-20,returning,marketplace,57.48
4775,2024-12-08,returning,app,40.72
4776,2025-06-02,returning,app,62.39
4777,2024-11-13,new,web,32.99
4778,2024-03-29,vip,app,113.68
4779,2025-09-12,new,marketplace,44.27
4780,2025-12-29,new,marketplace,60.69
4781,2024-06-29,vip,app,79.35
4782,2024-11-24,returning,marketplace,67.57
4783,2025-05-06,vip,marketplace,83.03
4784,2024-05-05,new,marketplace,56.15
4785,2025-02-18,returning,marketplace,56.38
4786,2025-11-04,new,app,67.68
4787,2024-07-02,new,app,82.0
4788,2025-03-03,new,app,43.2
4789,2025-12-06,vip,web,53.93
4790,2025-10-12,new,web,37.29
4791,2025-07-06,vip,app,94.26
4792,2024-11-10,returning,web,65.93
4793,2024-11-12,new,app,136.94
4794,2025-09-23,vip,marketplace,39.26
4795,2025-01-08,returning,web,52.47
4796,2024-06-12,returning,web,55.5
4797,2025-06-02,returning,marketplace,95.0
4798,2025-11-22,returning,web,85.63
4799,2025-11-27,returning,app,107.78
4800,2024-06-29,new,app,92.05
4801,2024-01-12,returning,app,51.64
4802,2024-08-22,returning,web,85.48
4803,2024-11-14,returning,app,48.79
4804,2025-03-19,vip,web,45.1
4805,2025-12-23,returning,web,34.37
4806,2024-01-09,returning,web,49.81
4807,2024-01-09,returning,app,55.32
4808,2025-08-02,returning,marketplace,41.91
4809,2024-06-01,returning,web,41.74
4810,2025-01-07,new,web,68.54
4811,2024-04-11,new,web,28.04
4812,2025-05-14,returning,marketplace,72.99
4813,2024-03-17,returning,web,27.9
4814,2024-12-16,returning,web,95.86
4815,2024-05-15,returning,marketplace,57.85
4816,2025-12-16,new,app,60.58
4817,2025-11-08,returning,web,31.07
4818,2025-09-02,new,marketplace,78.09
4819,2025-05-03,returning,web,94.98
4820,2024-03-11,vip,app,68.41
4821,2024-11-28,returning,app,27.57
4822,2024-07-22,returning,marketplace,83.32
4823,2024-03-26,returning,app,70.56
4824,2025-04-26,returning,marketplace,42.11
4825,2025-11-06,returning,app,68.87
4826,2025-05-18,returning,marketplace,32.9
4827,2025-11-13,returning,marketplace,71.65
4828,2024-01-24,new,marketplace,66.61
4829,2024-12-15,new,app,62.15
4830,2024-12-26,returning,marketplace,65.56
4831,2025-08-15,new,web,70.3
4832,2024-01-28,new,marketplace,83.01
4833,2024-07-16,returning,marketplace,89.44
4834,2025-09-19,returning,app,46.34
4835,2025-03-10,new,marketplace,138.72
4836,2024-11-01,returning,web,52.51
4837,2025-04-15,returning,web,77.61
4838,2025-12-18,new,app,47.11
4839,2025-02-05,vip,marketplace,43.2
4840,2024-07-16,returning,web,78.78
4841,2024-03-18,returning,web,42.01
4842,2025-05-01,returning,app,103.6
4843,2024-11-13,vip,marketplace,44.78
4844,2024-06-30,new,app,47.46
4845,2025-09-01,returning,marketplace,36.87
4846,2025-01-08,returning,web,43.89
4847,2024-03-11,returning,web,58.27
4848,2025-12-27,new,app,123.42
4849,2025-11-15,returning,marketplace,69.59
4850,2025-12-30,vip,app,66.85
4851,2024-11-26,returning,marketplace,71.52
4852,2025-12-25,new,web,53.77
4853,2024-11-17,new,marketplace,37.53
4854,2024-01-07,returning,app,66.38
4855,2024-05-01,new,web,35.87
4856,2024-10-17,returning,web,44.4
4857,2025-12-30,returning,app,54.64
4858,2025-01-30,new,web,67.88
4859,2024-05-11,returning,app,56.02
4860,2024-07-06,new,web,65.32
4861,2025-12-19,returning,web,46.51
4862,2025-07-13,vip,app,60.98
4863,2025-11-19,returning,app,31.98
4864,2024-11-13,returning,marketplace,63.56
4865,2025-12-21,returning,app,71.38
4866,2024-09-05,returning,app,65.46
4867,2025-09-02,new,app,95.54
4868,2024-11-25,returning,marketplace,60.64
4869,2025-09-10,returning,marketplace,48.15
4870,2025-09-07,new,marketplace,89.0
4871,2024-04-13,new,marketplace,58.49
4872,2024-11-02,returning,app,50.02
4873,2025-03-25,new,marketplace,39.61
4874,2024-11-21,new,app,47.4
4875,2025-11-19,returning,web,89.04
4876,2025-07-22,returning,marketplace,89.43
4877,2025-08-26,returning,marketplace,102.62
4878,2024-04-21,new,web,71.96
4879,2024-05-30,new,app,61.89
4880,2025-01-11,returning,web,65.82
4881,2024-11-11,returning,web,56.71
4882,2025-05-29,new,web,50.14
4883,2024-09-21,new,web,34.79
4884,2025-12-07,new,web,58.46
4885,2024-06-13,new,marketplace,36.72
4886,2025-09-28,new,app,84.87
4887,2024-07-02,new,marketplace,58.78
4888,2025-07-22,vip,app,79.64
4889,2025-01-11,returning,app,79.83
4890,2025-03-24,returning,web,70.71
4891,2025-10-29,new,app,38.87
4892,2025-01-07,new,web,60.89
4893,2024-09-03,vip,app,37.05
4894,2025-08-17,vip,app,134.11
4895,2024-10-17,new,web,81.92
4896,2025-04-01,new,marketplace,47.25
4897,2025-05-17,new,marketplace,31.35
4898,2024-02-08,returning,web,40.63
4899,2024-09-03,new,app,38.79
4900,2025-09-27,returning,marketplace,130.85
4901,2025-11-02,returning,app,64.76
4902,2025-05-27,returning,app,35.6
4903,2025-10-16,new,app,46.22
4904,2025-08-15,vip,marketplace,66.8
4905,2025-11-24,new,app,108.63
4906,2024-01-21,new,app,41.41
4907,2025-12-22,new,marketplace,82.19
4908,2024-06-10,new,web,84.77
4909,2024-02-21,vip,marketplace,22.98
4910,2025-07-26,returning,marketplace,102.2
4911,2025-11-18,returning,marketplace,55.74
4912,2025-02-26,new,web,50.08
4913,2025-04-17,returning,app,48.55
4914,2024-12-07,returning,app,76.3
4915,2024-01-23,new,web,63.7
4916,2025-07-19,new,app,42.44
4917,2025-10-19,new,marketplace,106.7
4918,2024-06-10,returning,web,147.78
4919,2025-12-02,new,web,112.95
4920,2025-12-27,vip,web,75.9
4921,2025-01-29,new,web,101.81
4922,2025-06-25,returning,marketplace,34.64
4923,2024-07-17,returning,app,96.95
4924,2024-08-31,returning,app,71.49
4925,2025-09-18,returning,web,109.19
4926,2024-12-20,new,app,53.98
4927,2025-02-23,new,web,40.98
4928,2024-01-30,returning,marketplace,47.25
4929,2025-04-23,returning,web,50.06
4930,2025-05-13,new,marketplace,51.31
4931,2024-05-22,new,app,88.63
4932,2024-01-18,returning,marketplace,47.19
4933,2025-05-15,new,marketplace,83.03
4934,2025-02-20,new,marketplace,48.11
4935,2025-02-21,vip,web,63.07
4936,2025-08-31,returning,app,60.93
4937,2024-07-25,returning,web,54.93
4938,2025-02-04,new,marketplace,33.29
4939,2024-01-05,new,app,29.89
4940,2024-05-24,new,web,112.98
4941,2025-12-08,returning,app,80.5
4942,2024-05-04,returning,marketplace,111.91
4943,2025-10-20,returning,app,42.35
4944,2025-06-27,returning,marketplace,67.7
4945,2025-10-03,returning,web,55.12
4946,2024-03-19,new,marketplace,39.92
4947,2025-09-15,returning,web,40.91
4948,2025-12-07,new,marketplace,81.89
4949,2024-05-21,returning,web,84.41
4950,2025-12-14,returning,app,57.03
4951,2024-09-12,returning,web,39.92
4952,2025-08-04,returning,marketplace,64.63
4953,2025-11-12,returning,web,90.15
4954,2025-09-28,returning,web,64.04
4955,2025-12-31,new,app,46.04
4956,2024-06-17,new,web,52.39
4957,2025-03-11,new,marketplace,37.92
4958,2025-12-17,returning,marketplace,39.59
4959,2024-02-14,returning,web,28.59
4960,2024-11-05,returning,marketplace,59.49
4961,2024-09-19,new,web,63.81
4962,2025-10-16,returning,marketplace,41.48
4963,2025-11-07,returning,web,70.0
4964,2025-08-11,new,web,121.51
4965,2025-03-30,new,marketplace,75.25
4966,2025-11-21,new,web,46.85
4967,2024-11-17,new,web,34.21
4968,2025-11-09,vip,app,38.9
4969,2024-03-22,new,web,60.15
4970,2025-01-27,new,web,60.14
4971,2025-07-30,returning,app,33.88
4972,2024-02-22,returning,app,61.62
4973,2024-03-15,returning,marketplace,36.16
4974,2025-08-01,returning,web,77.69
4975,2024-11-15,returning,marketplace,106.39
4976,2025-08-22,vip,app,47.19
4977,2025-11-09,new,web,34.51
4978,2024-01-23,returning,marketplace,33.89
4979,2025-10-27,returning,marketplace,42.36
4980,2025-06-27,new,web,65.73
4981,2024-01-22,returning,marketplace,64.31
4982,2025-08-15,new,marketplace,49.61
4983,2025-12-03,new,web,46.17
4984,2025-11-24,new,marketplace,31.72
4985,2025-11-28,new,marketplace,67.74
4986,2025-03-15,new,app,53.64
4987,2024-06-16,returning,app,35.25
4988,2024-05-12,new,app,72.92
4989,2025-10-30,new,web,57.66
4990,2025-04-13,new,web,26.74
4991,2024-01-16,new,app,76.98
4992,2025-01-03,new,web,85.99
4993,2025-10-24,returning,marketplace,38.71
4994,2024-11-07,new,marketplace,44.01
4995,2025-12-23,new,web,78.34
4996,2025-06-22,returning,web,56.02
4997,2024-07-12,vip,marketplace,52.38
4998,2024-09-20,returning,app,99.93
4999,2025-08-23,returning,app,31.39
5000,2024-03-23,new,web,77.3
5001,2024-12-02,returning,marketplace,56.08
5002,2024-12-14,returning,marketplace,97.18
5003,2025-02-09,returning,app,61.29
5004,2025-11-26,new,app,64.13
5005,2025-11-08,vip,marketplace,104.29
5006,2024-04-21,returning,marketplace,97.86
5007,2025-08-16,new,app,55.4
5008,2025-02-15,new,marketplace,44.12
5009,2024-04-08,returning,app,87.21
5010,2025-08-17,returning,app,48.67
5011,2024-05-06,new,app,101.4
5012,2025-04-06,new,marketplace,92.74
5013,2025-12-04,returning,app,42.87
5014,2024-12-28,returning,marketplace,70.7
5015,2025-12-29,new,marketplace,56.77
5016,2025-09-18,returning,app,65.49
5017,2024-09-03,returning,marketplace,45.46
5018,2024-10-19,new,marketplace,55.46
5019,2025-10-30,returning,marketplace,51.71
5020,2025-01-01,vip,app,49.19
5021,2024-01-07,new,web,23.72
5022,2025-04-14,returning,web,57.87
5023,2025-05-23,vip,app,48.84
5024,2025-12-30,new,app,57.16
5025,2024-06-28,returning,web,61.24
5026,2025-04-27,new,app,52.01
5027,2025-11-08,new,web,96.94
5028,2024-05-15,new,app,102.65
5029,2025-08-16,returning,web,23.53
5030,2024-10-24,new,app,49.92
5031,2025-04-03,new,marketplace,69.4
5032,2024-03-24,returning,app,75.63
5033,2024-01-24,new,app,46.97
5034,2024-08-29,new,marketplace,53.93
5035,2024-04-07,vip,app,86.96
5036,2024-09-18,returning,app,61.99
5037,2025-01-22,returning,marketplace,51.49
5038,2024-06-09,returning,marketplace,77.46
5039,2024-06-19,returning,app,97.71
5040,2025-07-29,new,web,59.53
5041,2024-02-26,returning,marketplace,101.83
5042,2025-10-30,vip,app,46.95
5043,2024-07-21,vip,app,52.31
5044,2025-06-27,returning,app,29.38
5045,2024-08-18,new,web,59.55
5046,2024-11-22,returning,web,86.88
5047,2024-05-26,new,app,40.65
5048,2025-12-28,returning,web,114.99
5049,2024-11-30,returning,marketplace,59.85
5050,2025-11-01,vip,web,46.87
5051,2024-11-18,new,marketplace,16.61
5052,2025-12-31,new,marketplace,36.89
5053,2025-11-11,new,app,60.98
5054,2025-09-10,new,web,130.78
5055,2025-09-13,returning,web,52.05
5056,2025-06-22,returning,marketplace,68.97
5057,2025-12-14,returning,web,70.67
5058,2025-04-04,returning,app,49.13
5059,2024-04-28,vip,app,50.74
5060,2025-11-27,new,web,114.26
5061,2025-09-09,returning,app,118.96
5062,2024-07-19,new,marketplace,48.84
5063,2025-12-14,new,app,55.12
5064,2025-09-30,returning,app,71.45
5065,2025-09-19,returning,app,46.42
5066,2024-04-05,new,marketplace,71.08
5067,2024-01-27,new,web,49.93
5068,2024-12-14,new,app,75.97
5069,2025-11-08,returning,marketplace,52.13
5070,2024-12-18,returning,web,64.6
5071,2024-08-18,new,web,64.73
5072,2024-06-26,returning,web,39.71
5073,2025-06-30,new,web,118.19
5074,2024-07-23,returning,app,34.83
5075,2025-11-14,new,marketplace,65.46
5076,2024-02-21,vip,marketplace,31.57
5077,2025-03-04,returning,web,45.92
5078,2025-01-31,new,app,66.77
5079,2024-08-20,new,marketplace,51.05
5080,2024-03-02,returning,web,88.96
5081,2024-09-16,returning,marketplace,32.6
5082,2024-06-27,returning,marketplace,65.58
5083,2025-04-03,new,marketplace,52.4
5084,2025-12-11,returning,marketplace,66.71
5085,2024-05-16,new,web,77.46
5086,2024-08-24,returning,app,63.08
5087,2025-07-24,vip,app,111.64
5088,2025-08-14,returning,marketplace,59.49
5089,2025-05-30,returning,marketplace,109.84
5090,2025-07-03,returning,marketplace,39.28
5091,2025-02-05,new,web,97.75
5092,2025-12-08,new,marketplace,64.6
5093,2024-12-31,new,app,51.47
5094,2024-08-08,vip,marketplace,49.83
5095,2025-09-24,new,app,83.83
5096,2024-07-02,new,app,62.96
5097,2024-05-25,returning,marketplace,53.16
5098,2024-02-23,returning,web,48.99
5099,2025-05-22,returning,app,77.42
5100,2024-11-26,new,app,53.74
5101,2024-07-09,returning,app,59.12
5102,2025-05-23,new,marketplace,44.56
5103,2025-08-24,returning,marketplace,43.54
5104,2025-10-25,vip,marketplace,63.99
5105,2025-12-11,new,web,44.12
5106,2025-06-14,returning,web,183.57
5107,2024-01-15,new,app,70.94
5108,2025-06-09,returning,app,35.34
5109,2025-07-24,new,marketplace,40.5
5110,2024-03-09,returning,web,61.51
5111,2024-12-11,vip,app,60.08
5112,2024-03-22,new,marketplace,82.69
5113,2025-11-11,new,app,66.13
5114,2024-08-01,returning,web,67.45
5115,2025-08-14,returning,marketplace,54.12
5116,2025-09-18,new,marketplace,60.94
5117,2025-03-04,new,marketplace,48.69
5118,2024-11-24,returning,web,105.3
5119,2025-12-10,returning,web,110.83
5120,2024-04-18,returning,web,116.87
5121,2024-10-05,new,web,32.57
5122,2024-05-06,new,web,66.26
5123,2025-07-10,new,app,73.86
5124,2025-12-12,new,web,35.53
5125,2024-11-08,returning,app,40.05
5126,2024-07-16,vip,app,54.33
5127,2024-11-14,returning,marketplace,150.05
5128,2025-09-14,new,marketplace,61.27
5129,2024-04-29,new,app,31.69
5130,2024-10-13,new,app,26.23
5131,2024-01-28,vip,web,37.76
5132,2024-01-12,new,web,64.13
5133,2025-12-08,returning,web,30.06
5134,2025-06-21,returning,app,85.12
5135,2024-02-17,new,web,33.09
5136,2024-12-16,new,app,54.26
5137,2025-01-01,new,app,51.92
5138,2024-11-21,vip,web,44.59
5139,2024-07-26,new,app,76.22
5140,2024-08-09,returning,web,15.18
5141,2025-03-14,new,web,66.05
5142,2024-05-12,new,marketplace,84.81
5143,2024-12-17,new,web,36.65
5144,2025-01-24,new,marketplace,34.67
5145,2024-09-11,returning,app,70.5
5146,2024-06-29,new,marketplace,61.06
5147,2024-11-12,new,app,34.45
5148,2025-01-12,returning,web,34.13
5149,2025-10-21,new,app,67.06
5150,2024-01-09,new,web,66.62
5151,2024-11-13,new,marketplace,132.6
5152,2024-05-29,vip,marketplace,54.92
5153,2024-07-05,returning,marketplace,56.48
5154,2025-10-23,new,marketplace,73.08
5155,2025-11-15,new,app,43.13
5156,2025-05-09,new,marketplace,53.85
5157,2025-08-16,returning,web,96.69
5158,2025-08-28,new,web,46.9
5159,2025-01-18,new,app,68.65
5160,2024-12-14,returning,web,61.56
5161,2025-05-17,new,marketplace,40.76
5162,2025-06-09,returning,marketplace,65.61
5163,2024-04-24,returning,app,93.42
5164,2025-10-15,vip,web,38.28
5165,2024-04-06,new,app,48.01
5166,2024-10-27,returning,marketplace,46.3
5167,2025-11-18,new,app,80.7
5168,2024-12-15,returning,app,40.54
5169,2024-10-20,returning,web,47.45
5170,2025-10-01,returning,app,67.46
5171,2025-10-17,returning,web,51.33
5172,2025-12-10,new,marketplace,55.77
5173,2025-08-12,new,app,36.65
5174,2025-10-22,returning,web,61.57
5175,2024-06-15,new,marketplace,89.69
5176,2025-07-12,new,app,48.28
5177,2024-06-23,returning,web,71.84
5178,2025-05-11,new,marketplace,96.85
5179,2025-06-23,new,web,56.38
5180,2025-09-25,vip,app,37.12
5181,2025-03-23,returning,web,56.64
5182,2024-10-29,returning,web,82.45
5183,2024-03-06,returning,web,60.61
5184,2025-03-18,returning,marketplace,55.82
5185,2025-07-28,returning,marketplace,34.82
5186,2025-11-05,vip,marketplace,38.4
5187,2024-01-22,returning,web,124.36
5188,2024-08-23,returning,web,26.08
5189,2025-08-29,returning,app,46.84
5190,2025-07-16,new,app,50.61
5191,2025-06-15,returning,web,55.64
5192,2024-12-06,new,web,54.28
5193,2025-12-28,new,marketplace,32.11
5194,2025-06-18,returning,marketplace,62.69
5195,2024-07-13,new,web,128.77
5196,2025-02-15,vip,app,70.14
5197,2025-06-24,new,app,59.96
5198,2025-02-02,new,app,31.46
5199,2025-02-11,returning,marketplace,35.23
5200,2025-11-26,new,web,86.3
5201,2024-03-11,returning,app,81.05
5202,2024-12-01,vip,app,74.14
5203,2025-10-18,returning,marketplace,52.84
5204,2025-03-13,new,app,54.88
5205,2025-10-04,returning,web,59.77
5206,2025-11-07,returning,marketplace,102.64
5207,2024-05-18,returning,web,26.44
5208,2025-09-08,returning,marketplace,31.53
5209,2024-08-30,new,marketplace,83.94
5210,2025-03-06,returning,web,53.48
5211,2025-12-30,returning,marketplace,44.33
5212,2024-07-27,returning,app,69.02
5213,2025-03-19,new,web,114.54
5214,2024-12-21,returning,app,155.69
5215,2024-06-23,new,web,48.91
5216,2025-05-09,returning,app,47.13
5217,2025-05-26,returning,web,70.68
5218,2025-09-17,new,marketplace,100.07
5219,2025-07-19,vip,marketplace,64.71
5220,2025-09-16,new,web,53.49
5221,2024-10-01,returning,marketplace,82.33
5222,2025-03-21,returning,app,39.81
5223,2025-05-30,new,app,55.94
5224,2025-05-04,vip,app,39.66
5225,2024-02-18,returning,app,56.91
5226,2025-07-11,new,marketplace,138.72
5227,2025-06-29,returning,app,61.31
5228,2025-03-04,new,marketplace,59.48
5229,2024-07-16,returning,app,116.23
5230,2024-04-14,returning,app,38.66
5231,2024-04-29,new,marketplace,94.19
5232,2025-05-20,new,web,52.2
5233,2024-05-24,new,marketplace,48.27
5234,2024-02-13,returning,app,55.45
5235,2025-12-25,new,web,86.32
5236,2025-10-16,vip,web,70.53
5237,2025-10-14,new,web,31.24
5238,2025-04-24,returning,app,33.57
5239,2024-10-08,vip,app,33.03
5240,2024-11-24,new,marketplace,47.1
5241,2025-04-30,returning,web,71.79
5242,2024-03-23,returning,app,58.24
5243,2025-12-15,returning,app,55.91
5244,2024-02-28,new,app,35.49
5245,2025-06-08,returning,marketplace,63.93
5246,2025-12-10,new,web,64.83
5247,2025-10-03,new,marketplace,92.17
5248,2024-01-30,new,app,20.0
5249,2025-11-02,new,marketplace,70.54
5250,2025-03-29,returning,marketplace,64.59
5251,2024-07-15,new,web,119.65
5252,2024-03-01,returning,app,51.77
5253,2025-06-23,new,web,81.79
5254,2024-04-17,new,web,49.77
5255,2025-11-02,returning,marketplace,63.18
5256,2024-05-20,vip,web,27.41
5257,2025-11-06,returning,web,25.64
5258,2024-11-01,returning,marketplace,65.67
5259,2025-08-29,returning,web,84.89
5260,2025-05-05,new,web,90.4
5261,2024-09-28,new,web,55.93
5262,2025-09-11,returning,app,73.29
5263,2024-07-07,returning,web,60.31
5264,2025-09-04,vip,app,38.43
5265,2025-08-20,returning,web,47.19
5266,2024-10-14,new,marketplace,44.67
5267,2025-07-31,vip,web,29.26
5268,2024-06-02,vip,marketplace,55.91
5269,2024-10-03,returning,app,104.98
5270,2025-08-22,new,web,76.23
5271,2025-06-02,new,app,95.04
5272,2025-11-28,vip,marketplace,73.75
5273,2025-05-28,new,web,87.72
5274,2025-09-23,new,app,99.49
5275,2024-12-11,vip,app,24.6
5276,2024-10-21,returning,marketplace,60.3
5277,2025-05-21,returning,app,25.34
5278,2024-07-30,returning,web,47.71
5279,2025-05-30,new,app,70.8
5280,2024-12-21,returning,marketplace,38.23
5281,2024-07-08,new,web,77.67
5282,2025-11-29,new,marketplace,62.49
5283,2024-08-10,new,app,44.89
5284,2025-04-14,new,app,100.92
5285,2025-03-05,returning,web,37.61
5286,2024-10-29,returning,web,66.5
5287,2025-08-14,new,marketplace,70.68
5288,2025-01-16,new,app,84.74
5289,2025-02-26,returning,marketplace,46.86
5290,2025-02-17,returning,web,71.04
5291,2025-06-08,new,marketplace,35.53
5292,2024-10-14,vip,marketplace,80.9
5293,2025-10-04,new,web,38.53
5294,2024-12-24,new,app,34.91
5295,2025-11-27,new,app,67.39
5296,2025-06-03,new,app,32.42
5297,2025-11-08,returning,app,98.3
5298,2024-09-02,new,marketplace,45.24
5299,2024-07-16,new,marketplace,77.73
5300,2025-09-26,returning,web,54.59
5301,2024-12-19,returning,web,52.06
5302,2025-07-06,returning,marketplace,74.98
5303,2024-11-14,new,marketplace,65.0
5304,2025-10-20,vip,app,125.7
5305,2025-05-26,new,web,36.56
5306,2025-08-08,returning,app,63.0
5307,2024-08-13,returning,marketplace,69.64
5308,2025-07-19,new,app,76.98
5309,2024-08-03,returning,marketplace,66.98
5310,2025-10-06,new,marketplace,68.35
5311,2024-11-26,returning,marketplace,67.78
5312,2025-04-04,vip,marketplace,38.87
5313,2025-12-03,new,marketplace,91.74
5314,2025-06-29,returning,marketplace,47.31
5315,2025-06-10,vip,marketplace,87.28
5316,2025-07-08,returning,marketplace,87.11
5317,2025-08-20,returning,marketplace,62.15
5318,2024-06-29,new,web,119.61
5319,2025-10-07,new,app,53.22
5320,2024-07-02,returning,marketplace,72.05
5321,2025-07-31,returning,web,46.12
5322,2025-06-09,returning,web,55.67
5323,2024-12-10,new,marketplace,86.52
5324,2024-06-12,returning,web,34.87
5325,2024-12-02,new,web,44.02
5326,2025-07-07,new,marketplace,56.15
5327,2025-07-05,new,web,90.43
5328,2024-10-17,returning,web,139.63
5329,2025-10-05,new,marketplace,38.02
5330,2025-04-19,returning,app,32.82
5331,2025-01-19,new,web,165.88
5332,2025-02-21,returning,web,32.39
5333,2024-10-26,returning,web,54.21
5334,2025-11-24,returning,web,71.68
5335,2024-11-05,returning,app,60.88
5336,2025-03-29,new,web,21.29
5337,2025-10-03,returning,web,89.67
5338,2024-11-07,returning,app,41.24
5339,2025-10-01,new,app,56.1
5340,2024-10-25,new,marketplace,60.47
5341,2025-01-30,returning,app,106.06
5342,2025-01-07,new,marketplace,56.54
5343,2024-11-22,returning,marketplace,118.26
5344,2024-06-18,returning,web,27.03
5345,2024-02-10,returning,app,39.94
5346,2024-03-15,new,marketplace,44.63
5347,2025-10-04,new,app,55.64
5348,2025-01-15,returning,app,47.87
5349,2025-03-30,new,app,69.02
5350,2025-11-20,new,app,66.97
5351,2025-03-14,new,marketplace,74.89
5352,2025-12-28,new,app,69.62
5353,2025-02-27,returning,app,18.65
5354,2025-12-31,new,app,43.23
5355,2025-09-19,new,marketplace,61.86
5356,2024-12-05,returning,web,86.38
5357,2024-11-05,returning,web,96.92
5358,2025-02-20,returning,app,39.38
5359,2024-01-08,returning,web,31.26
5360,2024-08-30,returning,marketplace,103.26
5361,2024-05-13,returning,marketplace,33.9
5362,2024-02-09,new,marketplace,61.65
5363,2024-11-27,new,marketplace,38.54
5364,2025-05-26,returning,web,68.23
5365,2024-06-13,new,web,40.44
5366,2025-08-01,returning,marketplace,64.78
5367,2025-06-01,returning,marketplace,103.09
5368,2024-05-22,vip,web,68.66
5369,2024-09-30,returning,web,73.78
5370,2024-03-18,new,web,110.77
5371,2025-02-15,returning,marketplace,35.6
5372,2024-05-20,new,app,77.94
5373,2024-01-30,returning,app,33.42
5374,2024-09-02,returning,web,74.49
5375,2024-03-08,new,app,68.0
5376,2024-01-26,new,marketplace,35.22
5377,2025-04-11,returning,marketplace,47.97
5378,2025-11-08,returning,marketplace,118.23
5379,2024-07-28,returning,app,56.69
5380,2024-07-10,returning,marketplace,28.81
5381,2025-04-24,new,marketplace,59.12
5382,2024-10-21,new,marketplace,78.44
5383,2024-02-08,returning,marketplace,87.46
5384,2025-09-19,new,web,115.76
5385,2024-07-28,returning,app,38.13
5386,2024-02-09,returning,app,46.75
5387,2025-09-04,new,web,65.84
5388,2024-02-17,new,marketplace,27.79
5389,2025-05-27,new,app,53.0
5390,2024-04-16,returning,web,46.24
5391,2025-03-04,vip,web,89.24
5392,2025-12-24,returning,app,79.36
5393,2025-08-08,returning,marketplace,28.09
5394,2025-11-10,returning,web,33.7
5395,2025-02-02,new,web,102.65
5396,2024-03-03,vip,app,68.5
5397,2025-07-18,new,app,51.44
5398,2025-01-17,vip,app,26.12
5399,2024-07-11,new,marketplace,52.11
5400,2024-07-29,new,web,89.0
5401,2025-02-23,new,app,46.09
5402,2025-11-30,new,app,35.01
5403,2024-11-12,new,web,46.62
5404,2025-08-18,vip,web,79.8
5405,2025-07-10,new,marketplace,40.98
5406,2024-01-20,returning,web,50.51
5407,2024-12-04,returning,app,83.25
5408,2024-08-13,new,app,32.05
5409,2025-03-16,new,marketplace,48.39
5410,2025-06-29,returning,app,31.5
5411,2025-07-05,new,web,107.45
5412,2025-05-30,vip,web,54.58
5413,2025-10-17,returning,app,51.83
5414,2025-12-03,vip,marketplace,75.3
5415,2024-03-18,returning,web,57.19
5416,2024-02-29,returning,app,37.3
5417,2024-04-11,new,web,63.59
5418,2025-04-17,returning,app,133.92
5419,2025-05-14,new,marketplace,57.13
5420,2025-04-24,new,app,45.32
5421,2024-03-28,vip,marketplace,87.57
5422,2024-10-09,returning,marketplace,60.28
5423,2024-02-28,new,app,88.08
5424,2025-08-21,new,marketplace,93.94
5425,2025-01-11,new,app,102.72
5426,2025-12-14,returning,web,50.54
5427,2025-07-04,returning,app,66.57
5428,2024-04-18,returning,app,24.2
5429,2024-06-22,returning,web,70.49
5430,2024-12-31,new,web,28.16
5431,2024-08-27,new,web,46.55
5432,2024-02-04,vip,app,68.92
5433,2025-11-15,new,web,41.84
5434,2024-01-18,returning,marketplace,69.96
5435,2024-11-07,new,marketplace,31.16
5436,2024-02-25,returning,web,64.04
5437,2025-11-20,new,app,72.54
5438,2025-05-06,returning,app,48.98
5439,2025-11-11,new,web,90.07
5440,2025-03-12,new,marketplace,76.21
5441,2025-09-20,new,marketplace,41.59
5442,2025-06-24,new,web,60.28
5443,2024-04-12,new,marketplace,127.02
5444,2025-06-13,returning,web,53.69
5445,2025-11-13,returning,marketplace,49.07
5446,2024-12-23,returning,marketplace,69.68
5447,2024-07-29,returning,app,117.88
5448,2025-10-27,new,web,99.3
5449,2025-02-15,new,web,69.4
5450,2025-08-22,returning,app,42.37
5451,2025-12-04,returning,marketplace,33.2
5452,2024-09-30,new,marketplace,44.64
5453,2024-06-24,new,web,47.25
5454,2025-12-29,returning,web,107.13
5455,2025-06-03,returning,web,54.88
5456,2025-01-01,new,marketplace,51.91
5457,2025-04-19,returning,web,46.72
5458,2024-01-22,new,app,56.2
5459,2024-05-30,returning,app,40.68
5460,2024-05-23,new,web,81.57
5461,2025-12-31,new,web,71.47
5462,2025-12-29,vip,web,46.71
5463,2024-05-21,returning,web,85.8
5464,2025-10-26,new,app,56.55
5465,2025-12-18,new,app,35.32
5466,2025-02-01,returning,app,28.48
5467,2025-10-03,returning,web,62.6
5468,2025-11-21,new,app,102.24
5469,2024-01-11,returning,app,87.02
5470,2024-08-29,vip,marketplace,102.01
5471,2025-10-15,returning,app,53.33
5472,2024-04-10,vip,marketplace,65.48
5473,2024-12-15,returning,web,81.89
5474,2025-06-07,new,marketplace,107.07
5475,2025-08-09,returning,marketplace,99.84
5476,2024-01-13,returning,web,110.78
5477,2024-11-22,returning,marketplace,58.35
5478,2024-11-27,new,marketplace,66.77
5479,2025-10-14,returning,web,47.69
5480,2024-06-28,new,web,52.08
5481,2024-09-09,new,web,50.49
5482,2025-01-17,new,web,57.35
5483,2025-09-23,returning,app,52.05
5484,2025-05-30,new,marketplace,117.22
5485,2025-11-12,new,web,59.12
5486,2025-02-15,returning,app,85.81
5487,2025-01-31,returning,marketplace,57.1
5488,2025-07-15,new,web,88.89
5489,2025-11-01,returning,web,80.54
5490,2025-12-22,new,marketplace,95.53
5491,2025-11-14,returning,web,47.39
5492,2024-01-09,new,web,37.15
5493,2025-01-06,new,web,142.6
5494,2024-02-11,returning,web,79.96
5495,2025-08-01,new,web,39.14
5496,2025-10-08,returning,app,43.25
5497,2025-09-29,returning,marketplace,75.39
5498,2025-10-02,new,web,59.98
5499,2025-03-23,returning,web,98.98
5500,2024-06-30,returning,marketplace,88.29
5501,2025-11-12,returning,app,47.16
5502,2024-01-09,returning,app,30.18
5503,2025-10-23,returning,web,77.16
5504,2024-11-21,returning,web,63.16
5505,2024-11-14,new,app,33.06
5506,2025-12-29,new,app,80.78
5507,2024-11-03,returning,app,68.84
5508,2024-12-09,new,marketplace,36.29
5509,2024-09-25,returning,app,56.39
5510,2025-02-23,new,app,38.03
5511,2024-10-07,returning,marketplace,41.55
5512,2024-04-15,returning,web,45.18
5513,2025-11-20,new,web,56.81
5514,2024-10-05,returning,app,70.04
5515,2024-04-07,new,app,164.21
5516,2025-05-17,returning,app,71.22
5517,2025-10-08,returning,app,75.58
5518,2025-11-26,returning,web,41.3
5519,2024-11-22,new,marketplace,65.62
5520,2024-05-09,new,app,34.86
5521,2024-07-29,new,app,57.27
5522,2025-04-03,new,web,59.15
5523,2024-10-08,new,marketplace,38.07
5524,2025-09-01,returning,web,43.06
5525,2024-08-29,new,app,64.41
5526,2024-02-05,new,marketplace,92.77
5527,2025-06-03,new,app,89.05
5528,2024-05-07,new,web,67.69
5529,2024-06-05,returning,marketplace,65.66
5530,2025-02-22,new,app,35.99
5531,2024-09-11,new,web,36.07
5532,2025-02-08,returning,web,159.11
5533,2024-04-08,returning,web,49.51
5534,2025-04-30,new,app,98.1
5535,2025-05-11,new,web,29.44
5536,2024-10-13,returning,app,55.23
5537,2024-06-15,returning,app,97.05
5538,2025-05-20,new,marketplace,33.43
5539,2024-11-08,returning,marketplace,27.44
5540,2024-05-11,returning,marketplace,124.95
5541,2025-09-25,new,marketplace,56.69
5542,2024-04-04,new,web,44.54
5543,2024-03-17,returning,marketplace,57.46
5544,2024-05-17,returning,app,85.38
5545,2024-01-13,new,app,49.42
5546,2025-02-06,new,web,86.87
5547,2024-09-09,returning,marketplace,95.2
5548,2024-12-03,returning,app,39.98
5549,2025-07-01,new,web,65.58
5550,2024-11-11,returning,web,53.1
5551,2025-12-12,new,web,71.23
5552,2024-05-26,returning,app,31.32
5553,2025-08-02,vip,marketplace,47.75
5554,2025-10-07,returning,web,87.4
5555,2024-06-01,returning,marketplace,39.65
5556,2024-12-24,returning,app,100.06
5557,2025-05-29,returning,app,46.21
5558,2024-05-01,new,marketplace,59.19
5559,2024-01-02,new,marketplace,62.61
5560,2025-03-15,new,marketplace,46.81
5561,2025-07-15,returning,app,42.42
5562,2024-10-24,new,app,20.47
5563,2025-01-19,vip,app,125.85
5564,2025-04-13,new,marketplace,83.01
5565,2024-02-24,returning,web,65.19
5566,2024-02-09,vip,web,50.34
5567,2024-09-16,returning,marketplace,54.2
5568,2025-08-13,new,app,94.33
5569,2025-11-22,vip,app,144.85
5570,2024-12-21,returning,marketplace,44.23
5571,2024-05-30,new,marketplace,50.91
5572,2025-04-25,returning,marketplace,38.64
5573,2024-12-07,new,web,99.17
5574,2024-10-22,vip,marketplace,35.38
5575,2025-09-09,returning,marketplace,63.92
5576,2025-09-19,new,marketplace,38.73
5577,2025-01-21,new,web,78.66
5578,2024-04-08,returning,web,23.78
5579,2025-10-06,vip,app,80.95
5580,2025-12-13,returning,app,25.41
5581,2024-10-01,returning,app,55.74
5582,2025-04-17,returning,app,89.7
5583,2024-12-24,new,app,107.27
5584,2024-01-31,returning,web,127.1
5585,2024-07-13,returning,marketplace,60.92
5586,2025-03-08,new,web,65.16
5587,2024-09-24,vip,app,111.61
5588,2025-11-02,new,app,59.57
5589,2025-08-31,new,app,80.29
5590,2025-11-16,returning,web,47.83
5591,2025-05-10,returning,app,30.44
5592,2025-09-03,returning,app,94.29
5593,2024-06-15,vip,web,94.91
5594,2025-07-18,vip,web,65.69
5595,2025-03-10,returning,marketplace,69.7
5596,2024-08-02,new,app,87.66
5597,2024-09-18,returning,app,44.56
5598,2025-05-02,new,app,108.53
5599,2025-02-13,new,marketplace,46.18
5600,2024-12-10,returning,marketplace,50.14
5601,2024-04-07,new,web,54.03
5602,2024-12-09,returning,web,53.53
5603,2024-10-07,new,web,35.69
5604,2025-07-10,new,marketplace,57.58
5605,2024-05-27,new,app,65.36
5606,2025-10-25,returning,app,74.07
5607,2024-04-03,new,web,109.19
5608,2024-05-10,returning,web,52.09
5609,2024-11-09,new,web,31.73
5610,2024-01-26,new,web,24.11
5611,2025-08-21,new,web,120.12
5612,2025-10-31,returning,marketplace,46.26
5613,2024-04-10,new,marketplace,42.81
5614,2024-08-28,returning,app,51.89
5615,2024-06-17,returning,app,51.41
5616,2025-01-27,new,app,56.11
5617,2024-06-29,returning,app,53.82
5618,2024-12-12,new,marketplace,93.32
5619,2024-12-18,new,marketplace,67.85
5620,2025-03-29,returning,app,45.93
5621,2024-02-09,returning,web,93.26
5622,2024-10-26,vip,web,61.55
5623,2024-09-12,new,web,58.61
5624,2024-08-08,new,web,65.19
5625,2024-11-11,returning,web,68.6
5626,2025-12-19,new,marketplace,73.63
5627,2025-04-09,returning,marketplace,49.38
5628,2025-10-14,new,web,44.73
5629,2024-10-15,vip,web,69.83
5630,2024-10-15,new,app,60.5
5631,2025-06-02,new,marketplace,48.65
5632,2025-05-01,new,web,60.22
5633,2024-09-23,new,marketplace,67.06
5634,2024-09-27,new,marketplace,79.91
5635,2025-03-13,new,marketplace,42.09
5636,2025-12-06,new,app,31.6
5637,2024-09-03,new,marketplace,76.19
5638,2024-12-18,returning,app,81.02
5639,2025-08-30,new,app,51.16
5640,2025-06-19,returning,app,24.5
5641,2025-12-07,returning,app,84.46
5642,2025-05-05,new,marketplace,42.46
5643,2025-09-30,returning,app,17.2
5644,2025-11-03,vip,marketplace,57.23
5645,2025-11-12,returning,marketplace,64.13
5646,2025-12-05,returning,app,72.56
5647,2024-12-23,new,marketplace,58.84
5648,2024-05-21,new,web,25.95
5649,2025-03-12,new,web,41.29
5650,2024-12-04,returning,app,89.48
5651,2024-10-12,returning,app,57.87
5652,2025-11-06,new,app,67.34
5653,2024-01-20,new,app,57.99
5654,2025-11-25,new,web,90.45
5655,2025-07-25,new,marketplace,65.59
5656,2025-10-01,returning,app,101.0
5657,2024-09-23,new,web,47.6
5658,2024-09-10,returning,web,51.58
5659,2024-12-17,vip,app,77.7
5660,2025-12-16,returning,web,80.03
5661,2024-03-22,new,web,49.04
5662,2024-10-24,returning,app,47.4
5663,2024-12-27,new,web,86.38
5664,2025-05-03,new,marketplace,86.37
5665,2024-01-28,returning,app,87.33
5666,2025-09-10,returning,marketplace,92.21
5667,2024-10-01,new,web,40.43
5668,2025-09-19,returning,app,107.33
5669,2024-07-16,returning,marketplace,116.09
5670,2024-12-29,new,web,49.03
5671,2024-06-25,new,app,43.42
5672,2025-04-02,returning,web,91.78
5673,2024-07-21,vip,app,82.6
5674,2024-02-20,new,web,39.59
5675,2025-01-23,returning,web,30.76
5676,2025-11-28,returning,app,56.08
5677,2025-11-09,returning,marketplace,54.39
5678,2024-02-14,new,web,70.19
5679,2024-01-28,new,app,60.77
5680,2024-10-20,new,marketplace,93.61
5681,2024-07-22,returning,app,45.0
5682,2025-06-12,returning,app,83.29
5683,2024-12-02,new,web,38.2
5684,2025-05-04,new,app,59.32
5685,2025-11-19,new,marketplace,90.49
5686,2025-11-04,new,app,60.0
5687,2025-05-10,returning,marketplace,32.63
5688,2024-04-23,new,marketplace,39.44
5689,2024-06-20,returning,marketplace,80.19
5690,2024-02-27,new,web,69.21
5691,2024-03-11,new,app,46.12
5692,2025-11-13,new,web,75.67
5693,2024-06-06,new,marketplace,33.97
5694,2025-12-03,returning,web,59.55
5695,2024-04-27,new,marketplace,49.78
5696,2025-02-13,returning,web,41.44
5697,2024-06-02,new,marketplace,142.34
5698,2025-06-02,new,marketplace,46.94
5699,2024-02-04,new,marketplace,68.85
5700,2025-08-24,new,marketplace,34.38
5701,2024-01-13,new,web,37.83
5702,2025-11-26,new,marketplace,31.74
5703,2024-12-09,returning,marketplace,64.38
5704,2025-05-11,new,marketplace,74.19
5705,2025-07-01,new,app,198.56
5706,2024-10-11,returning,app,59.25
5707,2024-12-18,returning,marketplace,97.78
5708,2025-02-10,returning,app,29.08
5709,2025-12-29,new,app,48.18
5710,2025-10-06,new,marketplace,77.7
5711,2025-12-21,new,app,45.73
5712,2025-04-05,new,web,40.39
5713,2025-07-22,new,marketplace,27.18
5714,2024-12-28,vip,web,46.43
5715,2025-02-07,vip,web,66.96
5716,2024-12-03,new,marketplace,59.33
5717,2024-07-07,returning,web,57.75
5718,2025-06-02,vip,web,146.91
5719,2024-07-11,new,app,56.79
5720,2024-06-04,vip,web,106.75
5721,2025-03-01,vip,web,54.65
5722,2025-01-22,returning,marketplace,32.04
5723,2024-01-08,new,web,75.62
5724,2025-08-25,new,marketplace,41.59
5725,2025-10-05,vip,marketplace,86.64
5726,2025-12-28,new,web,89.32
5727,2025-11-29,returning,app,51.98
5728,2024-08-24,new,web,49.95
5729,2025-11-09,returning,app,30.87
5730,2025-08-22,returning,app,45.03
5731,2024-11-14,vip,web,108.66
5732,2025-09-15,new,web,59.68
5733,2025-03-30,new,marketplace,91.48
5734,2024-04-15,new,marketplace,98.82
5735,2025-05-24,new,marketplace,35.05
5736,2024-11-24,new,marketplace,120.72
5737,2024-11-20,returning,web,101.74
5738,2025-03-19,new,app,39.8
5739,2025-04-15,returning,web,111.68
5740,2025-09-10,returning,app,41.33
5741,2025-10-31,new,app,70.44
5742,2025-12-29,vip,app,21.92
5743,2024-06-16,new,marketplace,90.68
5744,2024-03-23,vip,app,32.44
5745,2025-11-21,returning,marketplace,95.69
5746,2024-06-04,returning,web,45.4
5747,2024-08-29,returning,web,52.97
5748,2025-11-08,new,marketplace,29.69
5749,2025-06-26,returning,web,42.46
5750,2025-12-29,vip,app,79.85
5751,2025-08-24,new,marketplace,67.28
5752,2024-04-23,new,app,56.75
5753,2024-01-17,returning,web,39.16
5754,2025-01-01,new,web,18.26
5755,2024-10-25,vip,marketplace,81.95
5756,2025-07-10,returning,web,46.21
5757,2025-04-26,new,app,35.22
5758,2025-05-01,returning,marketplace,22.26
5759,2025-06-30,returning,web,119.41
5760,2025-06-11,returning,app,62.31
5761,2024-11-10,new,marketplace,41.75
5762,2025-07-14,vip,app,29.51
5763,2024-08-05,returning,marketplace,36.22
5764,2025-05-07,new,web,67.91
5765,2024-12-20,returning,app,29.01
5766,2025-09-03,new,app,47.62
5767,2024-12-25,returning,web,31.85
5768,2024-03-21,new,web,47.25
5769,2024-11-18,vip,marketplace,55.6
5770,2025-09-18,new,app,45.61
5771,2025-12-07,new,web,50.23
5772,2024-11-02,returning,web,25.09
5773,2024-03-19,new,app,63.19
5774,2025-06-09,vip,app,43.15
5775,2024-06-29,new,web,49.3
5776,2025-10-05,returning,web,66.85
5777,2024-03-05,returning,app,72.32
5778,2024-01-27,new,web,97.39
5779,2024-12-31,new,marketplace,96.27
5780,2025-12-18,returning,app,70.5
5781,2025-02-12,new,web,102.97
5782,2024-02-24,new,app,57.93
5783,2024-10-03,returning,app,74.52
5784,2025-12-22,returning,web,58.88
5785,2025-11-29,returning,app,43.92
5786,2025-06-10,vip,app,98.64
5787,2025-08-23,new,app,58.76
5788,2024-12-24,returning,app,64.18
5789,2024-11-20,returning,web,54.97
5790,2024-08-14,returning,marketplace,58.88
5791,2025-01-26,new,app,46.16
5792,2025-08-13,new,marketplace,66.31
5793,2025-06-26,new,app,52.19
5794,2025-02-03,returning,app,69.18
5795,2024-06-01,returning,web,68.93
5796,2025-02-06,returning,marketplace,28.76
5797,2025-10-14,new,marketplace,62.03
5798,2025-01-20,returning,web,73.75
5799,2025-12-27,new,app,63.68
5800,2024-02-03,vip,marketplace,46.42
5801,2024-02-17,returning,web,37.89
5802,2025-08-30,returning,app,27.55
5803,2024-04-08,new,marketplace,34.0
5804,2025-12-02,new,web,141.11
5805,2024-04-05,returning,app,114.1
5806,2025-06-16,new,app,21.16
5807,2024-03-26,new,web,118.73
5808,2024-11-23,new,marketplace,48.16
5809,2024-08-14,returning,app,17.42
5810,2024-07-13,returning,web,39.81
5811,2025-06-22,returning,app,56.88
5812,2025-07-28,vip,marketplace,57.12
5813,2025-01-29,returning,app,68.96
5814,2025-08-05,new,marketplace,72.16
5815,2024-11-07,returning,marketplace,36.15
5816,2025-06-02,returning,marketplace,40.22
5817,2024-10-02,new,web,59.59
5818,2025-05-25,returning,marketplace,38.53
5819,2025-11-18,returning,web,64.55
5820,2024-02-07,new,app,53.67
5821,2024-11-04,returning,web,56.69
5822,2024-08-25,new,web,75.65
5823,2024-07-08,new,app,48.26
5824,2024-12-14,new,app,33.57
5825,2025-11-18,new,web,93.68
5826,2024-09-13,returning,marketplace,43.86
5827,2025-10-27,returning,marketplace,51.34
5828,2025-09-26,new,marketplace,166.19
5829,2025-07-20,returning,app,24.07
5830,2024-01-04,new,app,165.75
5831,2024-03-16,vip,web,76.77
5832,2024-10-15,new,web,94.45
5833,2025-01-09,returning,marketplace,39.91
5834,2025-05-25,returning,app,67.78
5835,2024-11-06,new,app,56.13
5836,2025-04-24,returning,marketplace,39.19
5837,2025-02-17,vip,marketplace,32.29
5838,2025-11-19,new,app,26.04
5839,2025-08-02,new,marketplace,52.69
5840,2025-04-06,vip,app,58.1
5841,2024-06-04,returning,web,74.0
5842,2024-06-21,new,web,71.37
5843,2025-06-30,new,web,28.11
5844,2025-09-01,returning,web,66.84
5845,2025-05-29,returning,marketplace,86.88
5846,2025-11-08,vip,marketplace,47.73
5847,2024-05-22,new,marketplace,41.35
5848,2024-03-07,vip,web,71.84
5849,2024-05-31,returning,web,40.68
5850,2025-07-16,returning,web,87.94
5851,2024-12-15,returning,web,34.5
5852,2024-10-09,new,marketplace,46.39
5853,2025-11-25,new,marketplace,68.24
5854,2025-11-11,returning,web,56.08
5855,2025-10-17,returning,web,54.1
5856,2024-07-31,new,app,113.92
5857,2024-01-27,new,app,48.46
5858,2025-06-12,new,app,79.88
5859,2024-07-28,vip,web,65.7
5860,2024-02-04,returning,web,55.1
5861,2025-12-09,vip,app,41.75
5862,2024-10-17,returning,web,101.73
5863,2024-06-14,returning,app,65.64
5864,2024-08-19,new,marketplace,74.98
5865,2024-06-11,new,marketplace,73.03
5866,2025-08-19,vip,marketplace,54.22
5867,2025-11-13,new,app,112.8
5868,2024-12-15,returning,app,41.03
5869,2025-02-16,new,marketplace,48.95
5870,2024-03-18,new,marketplace,45.74
5871,2024-03-01,returning,app,53.19
5872,2024-11-23,returning,web,88.19
5873,2024-02-09,returning,web,30.61
5874,2025-10-23,new,marketplace,19.05
5875,2025-08-18,new,web,59.6
5876,2024-10-10,new,web,107.25
5877,2024-03-21,new,web,53.67
5878,2024-12-14,returning,app,67.49
5879,2024-06-04,returning,web,76.63
5880,2025-10-28,returning,marketplace,93.22
5881,2025-12-29,new,marketplace,87.54
5882,2024-11-25,new,app,84.95
5883,2025-12-13,new,app,30.71
5884,2024-10-12,new,marketplace,43.62
5885,2025-08-16,new,marketplace,105.07
5886,2024-06-28,returning,app,63.54
5887,2024-06-30,new,web,44.63
5888,2024-06-24,returning,app,45.68
5889,2024-04-22,new,app,85.15
5890,2025-11-06,returning,app,53.05
5891,2024-10-12,returning,app,50.54
5892,2025-12-15,new,marketplace,89.65
5893,2024-09-08,new,marketplace,34.2
5894,2024-12-27,returning,app,34.74
5895,2024-01-14,new,marketplace,46.93
5896,2025-10-04,returning,app,59.49
5897,2025-05-24,returning,app,67.37
5898,2025-03-16,new,app,39.22
5899,2024-09-18,returning,app,36.39
5900,2025-11-27,new,web,43.95
5901,2024-03-14,vip,web,56.36
5902,2025-04-27,returning,web,80.59
5903,2024-07-14,returning,marketplace,72.05
5904,2024-03-22,new,marketplace,104.48
5905,2024-10-27,returning,web,44.24
5906,2025-04-24,new,app,46.25
5907,2024-05-04,returning,web,147.12
5908,2025-11-29,new,app,52.4
5909,2024-03-14,new,marketplace,34.17
5910,2025-01-16,returning,app,105.65
5911,2025-02-13,vip,web,55.24
5912,2025-02-18,new,marketplace,28.08
5913,2024-06-24,returning,app,59.28
5914,2024-10-31,new,marketplace,136.27
5915,2024-03-21,returning,app,34.81
5916,2025-11-02,new,web,35.99
5917,2025-01-10,new,marketplace,63.07
5918,2024-10-13,new,app,87.56
5919,2024-08-03,returning,marketplace,70.36
5920,2025-01-02,new,marketplace,36.68
5921,2025-04-29,returning,app,65.41
5922,2025-04-14,new,marketplace,84.54
5923,2025-06-25,returning,web,51.39
5924,2025-03-29,new,marketplace,53.22
5925,2024-12-15,new,web,90.57
5926,2024-03-13,new,marketplace,48.36
5927,2025-12-25,returning,web,59.05
5928,2025-07-28,vip,app,38.1
5929,2025-08-03,returning,app,95.28
5930,2024-11-05,vip,app,66.43
5931,2024-09-05,new,web,52.27
5932,2025-06-04,vip,web,81.63
5933,2024-11-07,returning,web,33.82
5934,2025-02-03,new,marketplace,55.72
5935,2025-10-04,returning,marketplace,78.25
5936,2025-10-28,returning,marketplace,87.38
5937,2024-11-13,returning,marketplace,41.64
5938,2025-08-20,returning,web,42.59
5939,2025-12-11,new,marketplace,81.31
5940,2024-06-16,new,marketplace,96.52
5941,2025-08-04,returning,marketplace,100.61
5942,2025-05-01,returning,web,34.98
5943,2025-01-15,returning,app,80.26
5944,2025-11-22,returning,marketplace,82.04
5945,2024-01-30,returning,web,34.39
5946,2024-11-05,returning,marketplace,26.92
5947,2024-09-26,new,app,58.3
5948,2025-06-29,new,marketplace,40.97
5949,2024-10-23,returning,marketplace,27.67
5950,2024-03-06,new,app,33.05
5951,2024-11-14,new,app,45.32
5952,2025-06-22,returning,app,53.82
5953,2024-01-13,new,marketplace,61.71
5954,2024-08-10,returning,marketplace,32.69
5955,2024-02-28,new,app,29.39
5956,2025-12-15,new,web,22.53
5957,2025-12-29,vip,app,84.43
5958,2024-02-09,new,web,69.98
5959,2025-01-20,new,web,35.89
5960,2024-11-19,returning,marketplace,29.73
5961,2024-03-05,new,marketplace,60.37
5962,2025-05-29,new,web,80.63
5963,2024-06-08,returning,app,85.84
5964,2025-12-20,returning,marketplace,59.33
5965,2024-02-13,new,web,62.11
5966,2025-07-14,new,web,40.89
5967,2024-10-09,returning,web,43.88
5968,2025-05-08,new,marketplace,105.73
5969,2025-01-22,returning,marketplace,88.74
5970,2024-09-04,new,web,33.67
5971,2025-03-17,new,marketplace,88.52
5972,2025-07-20,returning,web,56.76
5973,2024-12-15,new,marketplace,94.13
5974,2025-05-30,new,app,48.61
5975,2025-10-06,new,marketplace,78.24
5976,2025-12-28,returning,app,57.65
5977,2024-12-22,returning,marketplace,42.25
5978,2025-07-27,new,app,56.62
5979,2024-02-28,new,web,45.05
5980,2024-07-01,new,marketplace,40.68
5981,2025-09-18,new,app,50.29
5982,2024-12-12,returning,app,74.5
5983,2025-02-11,returning,web,54.44
5984,2024-04-27,new,app,73.42
5985,2025-12-16,new,app,49.21
5986,2024-04-25,vip,web,60.86
5987,2025-02-27,returning,app,35.55
5988,2024-01-06,returning,web,28.8
5989,2025-05-03,returning,marketplace,78.98
5990,2025-01-27,new,web,79.61
5991,2024-10-05,new,web,55.5
5992,2025-01-14,returning,app,86.34
5993,2024-12-27,new,app,107.49
5994,2024-01-20,returning,app,46.42
5995,2025-08-23,returning,web,56.44
5996,2024-10-11,returning,app,61.89
5997,2025-05-28,returning,web,53.37
5998,2025-01-22,returning,web,69.19
5999,2025-03-30,new,web,83.09
6000,2025-04-23,new,marketplace,52.48
6001,2024-11-08,new,web,31.91
6002,2024-10-26,new,marketplace,131.64
6003,2025-04-19,new,marketplace,49.76
6004,2024-12-30,new,marketplace,33.83
6005,2025-04-13,new,web,109.65
6006,2025-05-09,new,web,41.82
6007,2025-11-06,new,web,43.35
6008,2025-07-03,new,marketplace,75.04
6009,2025-09-14,returning,app,74.92
6010,2024-07-13,new,web,45.18
6011,2024-08-17,new,marketplace,106.86
6012,2024-05-09,returning,web,178.56
6013,2025-11-04,returning,web,81.94
6014,2025-12-14,new,web,42.82
6015,2025-11-18,returning,web,62.14
6016,2024-04-17,new,marketplace,51.32
6017,2024-12-04,new,marketplace,47.98
6018,2024-03-08,new,web,44.14
6019,2024-02-08,new,marketplace,27.4
6020,2024-02-14,returning,marketplace,46.38
6021,2024-07-05,returning,app,40.21
6022,2024-11-10,returning,web,64.11
6023,2024-11-30,new,marketplace,72.69
6024,2025-09-19,returning,app,110.0
6025,2024-01-19,vip,app,60.28
6026,2024-12-15,returning,app,46.31
6027,2024-06-16,vip,app,70.69
6028,2024-08-06,new,web,22.49
6029,2025-08-24,new,web,52.39
6030,2024-12-05,new,web,29.15
6031,2025-10-02,returning,marketplace,38.61
6032,2024-04-26,new,marketplace,17.39
6033,2024-01-19,new,marketplace,41.29
6034,2024-11-09,returning,app,53.07
6035,2025-02-26,returning,marketplace,30.75
6036,2025-04-04,new,marketplace,76.94
6037,2024-09-25,returning,web,109.3
6038,2024-10-15,new,app,74.79
6039,2024-10-02,new,app,103.89
6040,2025-07-19,vip,web,72.03
6041,2024-05-17,new,web,47.72
6042,2024-10-26,returning,web,66.27
6043,2024-07-28,vip,marketplace,61.61
6044,2024-04-13,returning,web,32.06
6045,2025-05-30,new,web,54.23
6046,2025-01-29,new,app,44.96
6047,2024-01-02,new,web,21.85
6048,2025-08-31,new,web,53.96
6049,2024-10-17,returning,app,85.2
6050,2025-03-13,returning,app,75.96
6051,2024-11-29,vip,app,81.2
6052,2024-11-27,new,marketplace,34.84
6053,2024-05-14,returning,web,90.7
6054,2025-03-19,returning,app,60.65
6055,2025-10-12,new,web,69.58
6056,2025-09-03,new,app,48.47
6057,2025-11-22,returning,web,93.03
6058,2024-09-30,returning,marketplace,60.13
6059,2025-04-10,returning,marketplace,82.9
6060,2024-02-24,returning,marketplace,62.47
6061,2025-11-17,new,app,119.05
6062,2024-11-09,new,web,44.82
6063,2025-10-05,returning,web,77.29
6064,2024-05-04,returning,marketplace,46.03
6065,2024-03-24,returning,marketplace,66.83
6066,2025-01-22,new,web,70.55
6067,2025-01-16,returning,app,57.96
6068,2025-08-16,new,web,42.04
6069,2024-09-20,new,app,53.55
6070,2024-02-11,new,marketplace,146.85
6071,2024-04-04,returning,web,66.79
6072,2024-05-03,returning,app,56.61
6073,2025-04-15,returning,app,66.12
6074,2025-09-23,new,web,74.3
6075,2024-04-26,returning,marketplace,46.99
6076,2024-07-18,new,web,37.67
6077,2025-04-02,vip,marketplace,48.23
6078,2024-12-23,returning,app,80.23
6079,2024-10-31,returning,app,25.79
6080,2024-02-23,new,marketplace,135.1
6081,2025-07-05,new,marketplace,43.44
6082,2025-10-02,vip,marketplace,61.79
6083,2025-08-28,returning,marketplace,77.9
6084,2025-08-04,new,web,74.25
6085,2024-12-24,new,app,61.27
6086,2024-06-19,returning,marketplace,44.63
6087,2024-12-12,returning,marketplace,49.6
6088,2025-07-01,returning,app,64.67
6089,2025-02-15,new,marketplace,57.73
6090,2025-10-09,new,web,40.76
6091,2025-04-22,new,web,58.1
6092,2024-10-28,new,marketplace,20.64
6093,2025-11-19,returning,web,90.95
6094,2024-06-29,returning,app,52.19
6095,2025-02-06,returning,web,36.42
6096,2025-10-27,returning,marketplace,71.57
6097,2024-06-30,new,app,33.42
6098,2024-07-20,new,marketplace,39.59
6099,2025-07-08,returning,app,56.15
6100,2025-09-05,new,app,71.38
6101,2025-09-21,new,marketplace,60.84
6102,2024-01-09,new,web,26.41
6103,2024-09-15,new,marketplace,42.22
6104,2024-03-19,vip,app,53.67
6105,2024-10-18,new,web,55.15
6106,2025-12-13,new,marketplace,77.4
6107,2024-12-13,new,web,79.51
6108,2025-02-18,returning,marketplace,103.3
6109,2024-07-18,returning,marketplace,63.01
6110,2025-01-23,returning,marketplace,91.3
6111,2025-12-29,new,marketplace,14.33
6112,2025-02-19,new,marketplace,59.57
6113,2025-10-11,new,web,66.73
6114,2024-06-25,new,marketplace,55.68
6115,2025-11-03,returning,web,50.04
6116,2025-11-06,returning,marketplace,54.0
6117,2025-01-15,new,web,80.83
6118,2025-06-10,new,marketplace,50.82
6119,2025-04-27,new,app,18.88
6120,2025-05-23,new,marketplace,62.4
6121,2024-09-14,new,app,54.79
6122,2025-12-16,returning,web,69.79
6123,2024-09-17,returning,web,70.51
6124,2025-10-15,new,marketplace,47.04
6125,2024-07-17,returning,app,57.7
6126,2025-03-23,returning,web,60.92
6127,2024-10-29,returning,marketplace,91.59
6128,2025-04-10,returning,marketplace,87.76
6129,2025-11-05,returning,web,63.28
6130,2025-04-12,returning,marketplace,24.25
6131,2024-06-02,vip,web,43.05
6132,2024-11-25,new,app,73.86
6133,2025-04-09,new,web,79.51
6134,2024-05-04,vip,app,48.77
6135,2025-03-02,new,web,94.29
6136,2024-12-27,new,app,79.26
6137,2025-10-04,new,app,114.89
6138,2025-12-17,returning,app,96.44
6139,2025-07-02,vip,app,61.27
6140,2025-12-06,returning,web,65.11
6141,2024-08-01,new,marketplace,42.29
6142,2024-03-18,new,web,81.99
6143,2025-02-28,returning,marketplace,28.38
6144,2025-04-19,new,marketplace,72.06
6145,2025-11-26,new,web,40.57
6146,2024-02-13,returning,app,23.76
6147,2024-03-02,new,app,61.94
6148,2025-11-16,vip,web,70.88
6149,2025-12-01,new,web,44.0
6150,2025-12-07,returning,web,75.18
6151,2024-05-03,returning,app,82.21
6152,2025-08-23,new,web,92.64
6153,2025-07-17,returning,app,55.55
6154,2024-09-03,returning,web,36.49
6155,2025-12-19,returning,marketplace,37.82
6156,2024-08-27,new,app,59.46
6157,2025-11-29,new,web,85.66
6158,2024-11-16,new,marketplace,54.97
6159,2024-06-15,new,app,70.86
6160,2025-03-01,returning,web,60.18
6161,2024-11-04,returning,marketplace,63.99
6162,2025-06-08,vip,marketplace,36.62
6163,2025-04-02,new,web,96.22
6164,2025-05-05,new,web,107.61
6165,2024-06-30,returning,web,31.28
6166,2024-01-04,new,marketplace,31.22
6167,2025-09-10,returning,marketplace,48.94
6168,2025-12-26,new,marketplace,60.01
6169,2024-12-13,new,marketplace,102.43
6170,2025-01-09,returning,web,58.5
6171,2025-11-29,returning,marketplace,52.41
6172,2024-06-26,returning,app,74.68
6173,2024-11-02,new,app,29.57
6174,2025-11-30,new,web,56.61
6175,2025-06-08,new,marketplace,49.96
6176,2025-08-31,vip,app,106.14
6177,2025-06-04,returning,web,69.84
6178,2025-03-28,returning,web,57.02
6179,2024-06-16,new,web,54.31
6180,2024-11-09,new,web,91.5
6181,2025-08-12,new,app,60.01
6182,2025-09-15,returning,web,46.29
6183,2024-11-12,returning,app,59.01
6184,2024-08-09,new,app,81.73
6185,2025-04-09,returning,marketplace,50.76
6186,2025-06-04,returning,web,110.4
6187,2025-08-15,returning,app,64.02
6188,2024-10-02,returning,web,106.57
6189,2025-07-07,returning,marketplace,66.72
6190,2024-02-25,vip,marketplace,42.56
6191,2024-01-31,vip,app,73.82
6192,2025-04-09,vip,app,56.94
6193,2024-07-12,returning,marketplace,35.41
6194,2025-09-20,new,web,59.93
6195,2025-07-10,vip,web,152.08
6196,2024-04-26,new,marketplace,74.42
6197,2024-11-19,returning,web,119.15
6198,2025-05-20,returning,marketplace,67.5
6199,2025-08-14,new,app,126.4
6200,2025-08-07,new,web,46.59
6201,2024-08-19,new,web,45.71
6202,2024-04-13,returning,app,74.99
6203,2025-09-30,new,app,82.57
6204,2024-03-01,vip,web,50.89
6205,2024-12-01,returning,marketplace,112.09
6206,2024-04-15,returning,app,48.77
6207,2025-08-18,vip,web,121.88
6208,2025-10-09,new,web,40.73
6209,2024-01-10,vip,web,43.24
6210,2025-01-15,new,marketplace,79.56
6211,2025-08-04,returning,web,82.68
6212,2025-07-03,new,marketplace,66.1
6213,2025-10-30,returning,app,80.97
6214,2025-05-23,returning,app,46.17
6215,2024-09-29,new,web,15.73
6216,2024-12-13,returning,marketplace,75.3
6217,2024-04-27,new,marketplace,55.52
6218,2024-06-22,returning,web,33.42
6219,2024-07-28,new,web,38.44
6220,2024-11-11,returning,marketplace,56.38
6221,2025-07-08,new,web,57.66
6222,2024-03-02,new,web,54.23
6223,2024-11-24,returning,web,43.97
6224,2025-08-03,returning,marketplace,66.74
6225,2025-05-30,returning,app,87.28
6226,2025-02-08,returning,app,119.73
6227,2024-11-21,returning,marketplace,50.58
6228,2025-07-05,new,web,56.7
6229,2024-08-06,new,web,39.7
6230,2024-04-26,new,web,89.63
6231,2025-11-02,new,marketplace,57.42
6232,2024-01-18,returning,marketplace,116.27
6233,2024-09-28,new,marketplace,116.91
6234,2024-07-23,new,web,37.37
6235,2024-08-01,returning,app,60.25
6236,2024-02-22,new,app,72.89
6237,2024-06-13,new,app,60.31
6238,2025-06-28,returning,app,102.95
6239,2025-12-14,returning,marketplace,62.96
6240,2024-11-29,new,marketplace,59.23
6241,2025-05-11,returning,marketplace,35.87
6242,2025-11-03,returning,app,78.55
6243,2024-11-09,vip,app,22.57
6244,2025-04-20,returning,marketplace,61.45
6245,2024-10-29,new,marketplace,85.1
6246,2024-08-28,returning,web,77.89
6247,2025-06-03,vip,app,32.93
6248,2025-09-23,new,app,112.92
6249,2025-12-09,new,web,43.34
6250,2025-12-27,new,marketplace,121.15
6251,2025-10-11,returning,marketplace,51.85
6252,2025-12-05,new,marketplace,86.79
6253,2025-04-03,returning,marketplace,40.61
6254,2025-05-27,returning,web,62.93
6255,2024-03-06,returning,web,81.15
6256,2024-12-18,new,marketplace,31.58
6257,2025-02-20,returning,web,173.49
6258,2025-12-02,vip,marketplace,59.04
6259,2024-08-22,returning,marketplace,137.55
6260,2025-11-14,vip,web,118.29
6261,2024-12-08,returning,web,29.54
6262,2024-11-16,new,app,55.19
6263,2025-07-20,returning,app,54.57
6264,2024-01-30,returning,app,65.12
6265,2024-11-22,new,web,65.44
6266,2025-11-10,returning,app,67.01
6267,2025-03-12,vip,app,56.6
6268,2024-01-10,new,app,64.82
6269,2024-02-09,returning,marketplace,56.43
6270,2025-02-27,new,web,80.97
6271,2024-12-15,new,web,61.18
6272,2025-03-30,returning,app,49.18
6273,2025-04-04,new,app,43.07
6274,2025-02-28,new,app,50.64
6275,2025-11-03,new,web,37.46
6276,2024-12-19,new,marketplace,48.89
6277,2024-02-29,new,marketplace,100.9
6278,2025-02-16,returning,app,42.04
6279,2024-02-02,vip,web,50.18
6280,2025-08-30,new,marketplace,75.52
6281,2024-11-22,returning,marketplace,73.95
6282,2024-04-07,new,marketplace,45.22
6283,2025-11-18,returning,app,72.61
6284,2025-11-23,returning,web,61.23
6285,2024-10-17,returning,marketplace,83.58
6286,2025-01-29,new,marketplace,50.46
6287,2024-12-12,new,marketplace,88.55
6288,2025-11-22,vip,web,76.24
6289,2025-03-02,new,app,102.83
6290,2024-02-03,new,web,43.03
6291,2025-03-02,new,web,41.29
6292,2025-12-21,vip,web,42.39
6293,2025-02-22,new,app,58.33
6294,2024-12-22,vip,marketplace,61.23
6295,2024-05-28,new,marketplace,51.87
6296,2025-08-18,new,web,35.47
6297,2025-06-05,returning,app,61.27
6298,2025-12-09,new,app,57.81
6299,2025-12-30,returning,app,54.77
6300,2024-11-30,returning,app,53.67
6301,2024-12-29,returning,marketplace,47.47
6302,2024-11-11,returning,web,72.18
6303,2024-05-03,vip,app,50.5
6304,2024-10-09,new,app,81.61
6305,2024-09-05,new,app,110.47
6306,2024-02-25,returning,web,19.88
6307,2024-03-26,new,web,56.68
6308,2025-10-22,returning,marketplace,188.65
6309,2025-11-04,returning,web,75.66
6310,2025-03-03,returning,app,69.82
6311,2024-11-19,returning,app,44.24
6312,2024-12-16,returning,app,42.12
6313,2025-02-26,returning,web,70.41
6314,2025-04-02,new,marketplace,34.69
6315,2025-10-28,new,app,107.12
6316,2024-12-08,new,app,81.31
6317,2025-02-04,new,marketplace,285.8
6318,2025-12-02,new,app,79.1
6319,2025-07-29,new,web,58.0
6320,2025-06-07,new,web,57.83
6321,2025-04-03,new,app,55.76
6322,2024-05-01,new,app,58.74
6323,2024-07-27,new,app,66.63
6324,2025-03-16,new,web,98.19
6325,2025-10-28,vip,marketplace,31.83
6326,2024-11-14,returning,web,78.88
6327,2024-10-12,new,marketplace,51.14
6328,2024-01-19,new,web,40.13
6329,2025-09-23,returning,app,57.9
6330,2025-05-13,returning,marketplace,42.09
6331,2024-09-27,new,marketplace,80.52
6332,2025-09-24,returning,marketplace,92.42
6333,2025-01-18,returning,marketplace,37.29
6334,2025-12-28,new,web,47.79
6335,2025-08-20,returning,marketplace,41.27
6336,2025-10-26,vip,app,102.17
6337,2024-12-21,new,marketplace,39.11
6338,2025-09-09,returning,marketplace,30.85
6339,2025-10-25,returning,marketplace,36.75
6340,2025-10-21,vip,marketplace,67.4
6341,2024-12-19,new,web,102.29
6342,2025-01-10,new,web,40.92
6343,2025-01-23,returning,app,108.06
6344,2025-09-16,returning,web,52.33
6345,2024-04-25,returning,app,67.06
6346,2024-02-19,returning,web,69.02
6347,2024-04-08,returning,web,55.06
6348,2024-09-07,new,web,78.24
6349,2025-05-19,new,marketplace,44.5
6350,2024-10-12,new,marketplace,51.88
6351,2025-05-20,new,app,46.24
6352,2024-07-01,new,app,34.44
6353,2025-08-11,returning,marketplace,77.23
6354,2024-06-24,new,web,49.83
6355,2024-05-27,new,marketplace,75.8
6356,2024-11-09,new,marketplace,47.44
6357,2025-02-12,returning,web,50.87
6358,2025-11-12,returning,marketplace,58.02
6359,2025-01-14,returning,marketplace,55.88
6360,2025-06-12,new,marketplace,47.9
6361,2025-10-15,new,app,47.05
6362,2024-02-12,vip,marketplace,101.46
6363,2024-10-12,new,web,61.97
6364,2024-09-01,returning,marketplace,127.57
6365,2025-03-28,returning,app,76.87
6366,2024-03-09,returning,marketplace,76.95
6367,2024-03-06,new,app,188.21
6368,2024-12-06,new,app,35.44
6369,2025-05-17,new,marketplace,112.12
6370,2025-12-10,new,web,68.08
6371,2025-08-19,new,app,36.31
6372,2024-11-23,returning,marketplace,39.25
6373,2024-09-05,vip,marketplace,66.97
6374,2025-08-10,new,marketplace,99.19
6375,2025-04-23,new,web,54.64
6376,2025-09-30,vip,web,74.0
6377,2025-04-25,new,marketplace,50.25
6378,2024-08-23,new,app,68.19
6379,2025-12-30,returning,app,62.14
6380,2024-07-28,returning,app,58.02
6381,2024-06-26,vip,app,58.82
6382,2024-08-19,new,app,45.82
6383,2025-04-25,returning,app,41.99
6384,2025-02-01,vip,marketplace,48.85
6385,2025-07-31,returning,marketplace,29.47
6386,2025-02-20,new,marketplace,58.16
6387,2024-06-06,returning,app,37.51
6388,2024-10-17,returning,marketplace,60.66
6389,2025-01-09,returning,app,64.67
6390,2025-11-25,new,web,52.04
6391,2025-04-21,returning,marketplace,55.25
6392,2024-11-14,returning,web,49.89
6393,2024-05-29,new,marketplace,48.24
6394,2025-01-31,new,web,78.98
6395,2025-02-04,new,web,49.25
6396,2025-03-08,new,app,76.03
6397,2025-02-18,returning,app,75.33
6398,2025-12-13,returning,web,42.77
6399,2024-06-03,returning,marketplace,73.43
6400,2024-10-01,returning,web,59.63
6401,2024-01-26,returning,marketplace,68.27
6402,2025-08-20,returning,app,50.97
6403,2024-03-13,returning,web,73.35
6404,2025-01-04,new,web,35.38
6405,2024-12-10,returning,web,31.94
6406,2024-04-28,returning,web,56.94
6407,2025-11-25,returning,app,97.84
6408,2024-06-16,new,app,37.32
6409,2025-08-20,new,marketplace,62.37
6410,2024-04-21,returning,app,74.12
6411,2024-05-06,vip,marketplace,92.1
6412,2025-10-14,returning,app,41.41
6413,2025-06-14,returning,web,80.15
6414,2025-12-13,new,app,47.93
6415,2024-01-21,returning,app,21.44
6416,2025-07-29,vip,app,45.99
6417,2025-05-04,new,web,80.63
6418,2025-09-17,new,marketplace,63.89
6419,2025-01-10,new,app,88.3
6420,2024-10-18,new,web,62.62
6421,2024-08-22,returning,marketplace,38.14
6422,2025-11-13,returning,app,59.3
6423,2025-01-13,new,web,49.35
6424,2025-09-06,new,app,53.47
6425,2024-11-20,new,app,50.28
6426,2025-02-27,new,web,45.52
6427,2025-06-23,returning,web,40.77
6428,2025-09-27,returning,marketplace,39.91
6429,2025-09-10,returning,web,98.86
6430,2024-08-15,returning,app,53.9
6431,2025-07-02,vip,marketplace,75.46
6432,2025-10-05,returning,web,90.42
6433,2024-04-30,returning,marketplace,69.02
6434,2025-06-04,returning,web,61.41
6435,2025-04-01,new,web,63.15
6436,2025-05-13,returning,marketplace,83.75
6437,2024-12-30,returning,app,71.63
6438,2025-12-31,new,app,129.75
6439,2025-05-24,returning,web,18.84
6440,2024-03-08,new,web,67.24
6441,2025-07-04,returning,app,39.76
6442,2025-06-01,vip,app,38.18
6443,2024-10-11,new,app,37.2
6444,2025-05-10,new,marketplace,89.29
6445,2024-11-27,new,web,45.54
6446,2025-11-13,new,marketplace,90.59
6447,2024-06-22,new,marketplace,28.86
6448,2024-12-04,new,marketplace,63.95
6449,2024-12-17,vip,app,34.41
6450,2024-07-02,new,marketplace,26.83
6451,2025-07-07,new,marketplace,26.12
6452,2024-04-24,returning,marketplace,50.99
6453,2024-08-26,returning,app,109.02
6454,2025-03-11,returning,app,75.38
6455,2025-11-01,new,marketplace,73.28
6456,2025-07-25,returning,marketplace,20.17
6457,2025-11-01,new,web,66.86
6458,2024-02-25,new,web,97.63
6459,2024-04-25,vip,web,134.43
6460,2025-09-05,returning,web,39.02
6461,2024-11-13,vip,marketplace,145.23
6462,2024-01-20,returning,web,57.27
6463,2025-07-15,new,marketplace,44.22
6464,2024-03-18,new,web,97.86
6465,2025-02-20,new,web,91.4
6466,2024-03-18,new,web,58.03
6467,2024-07-20,vip,marketplace,57.29
6468,2024-01-26,new,app,36.29
6469,2024-03-07,vip,web,144.22
6470,2025-02-10,returning,web,65.25
6471,2024-07-05,new,marketplace,110.15
6472,2025-11-22,vip,marketplace,39.14
6473,2025-01-20,returning,web,68.6
6474,2025-11-17,returning,web,63.62
6475,2025-09-29,new,app,33.16
6476,2024-08-06,returning,marketplace,63.86
6477,2025-12-16,new,web,38.4
6478,2025-03-21,vip,marketplace,47.94
6479,2024-11-20,vip,app,38.65
6480,2025-07-29,returning,web,40.69
6481,2025-03-19,new,marketplace,62.54
6482,2025-07-30,new,app,51.6
6483,2025-03-03,new,app,32.12
6484,2025-05-22,new,web,52.06
6485,2025-01-18,new,marketplace,66.23
6486,2024-11-06,returning,app,90.8
6487,2024-01-29,returning,marketplace,54.26
6488,2025-04-06,new,web,105.25
6489,2024-06-09,returning,app,92.2
6490,2024-09-18,returning,app,113.38
6491,2024-03-26,returning,web,23.77
6492,2025-11-03,returning,marketplace,39.96
6493,2025-12-03,returning,web,65.87
6494,2024-04-07,new,marketplace,55.69
6495,2024-12-25,returning,marketplace,65.82
6496,2024-05-31,returning,app,46.25
6497,2024-06-18,vip,web,65.97
6498,2025-11-18,returning,marketplace,37.85
6499,2024-03-09,new,app,30.47
6500,2025-10-12,returning,app,50.88
6501,2024-07-19,returning,web,105.93
6502,2024-12-29,new,app,61.03
6503,2025-11-22,new,marketplace,114.52
6504,2024-06-02,vip,app,88.07
6505,2024-02-10,new,app,107.67
6506,2024-03-28,new,app,45.14
6507,2025-11-22,new,web,44.14
6508,2024-12-18,vip,app,110.1
6509,2025-06-19,returning,marketplace,72.57
6510,2024-10-07,new,web,60.98
6511,2025-05-12,new,web,105.26
6512,2025-02-09,returning,web,55.98
6513,2025-09-01,new,app,73.66
6514,2025-10-19,new,app,92.65
6515,2024-07-23,new,app,122.69
6516,2025-12-16,new,marketplace,45.48
6517,2024-01-06,new,web,54.83
6518,2025-11-02,new,app,96.83
6519,2024-01-16,new,web,99.57
6520,2024-04-30,returning,app,36.82
6521,2025-11-01,returning,web,77.46
6522,2024-05-31,new,app,71.16
6523,2025-05-08,new,app,80.71
6524,2024-09-12,vip,marketplace,158.02
6525,2024-10-14,vip,web,66.84
6526,2025-01-31,returning,marketplace,37.69
6527,2024-11-04,new,app,50.81
6528,2024-09-29,returning,web,56.95
6529,2025-12-06,returning,web,40.66
6530,2024-04-24,new,web,66.96
6531,2024-02-11,returning,marketplace,66.54
6532,2025-02-04,returning,app,63.44
6533,2024-08-01,vip,marketplace,51.14
6534,2024-12-27,new,web,67.99
6535,2025-10-21,returning,app,74.77
6536,2025-04-26,returning,web,35.53
6537,2025-06-03,returning,web,40.18
6538,2025-01-19,returning,app,50.3
6539,2024-11-05,vip,web,81.57
6540,2024-10-15,returning,app,60.84
6541,2024-12-11,returning,web,48.58
6542,2025-01-15,new,app,78.53
6543,2024-11-02,returning,web,39.12
6544,2025-10-10,returning,app,58.52
6545,2024-09-28,new,app,82.71
6546,2024-04-01,vip,web,79.38
6547,2024-04-18,vip,app,43.85
6548,2024-12-21,returning,marketplace,51.23
6549,2025-02-09,new,app,99.65
6550,2025-05-25,new,web,56.09
6551,2024-03-24,new,app,79.59
6552,2024-09-20,new,web,62.23
6553,2024-12-14,new,app,39.88
6554,2025-12-27,new,marketplace,37.68
6555,2025-03-17,returning,marketplace,62.63
6556,2024-09-11,returning,marketplace,52.06
6557,2025-11-12,new,web,36.55
6558,2024-03-04,new,web,36.8
6559,2025-11-09,returning,app,87.97
6560,2024-09-04,returning,app,36.64
6561,2024-12-21,new,web,38.7
6562,2025-04-29,new,marketplace,35.79
6563,2025-08-02,vip,app,41.67
6564,2024-12-02,returning,marketplace,102.66
6565,2025-03-06,returning,web,137.48
6566,2024-09-29,returning,app,59.65
6567,2025-09-22,new,web,80.01
6568,2025-11-15,returning,marketplace,77.1
6569,2024-02-28,new,web,58.27
6570,2024-05-03,new,web,18.71
6571,2024-07-31,new,marketplace,118.26
6572,2024-08-14,vip,web,55.22
6573,2024-05-23,returning,app,53.09
6574,2024-11-19,new,app,37.08
6575,2025-09-30,returning,app,40.82
6576,2025-10-09,new,marketplace,40.33
6577,2025-08-10,new,marketplace,67.4
6578,2025-04-23,returning,app,48.27
6579,2025-04-13,returning,marketplace,26.51
6580,2024-05-12,new,marketplace,29.57
6581,2025-11-28,returning,app,142.09
6582,2024-01-08,vip,marketplace,130.57
6583,2024-04-09,vip,app,71.57
6584,2025-04-21,returning,marketplace,25.21
6585,2025-03-08,returning,web,28.92
6586,2024-09-04,returning,web,51.96
6587,2025-03-04,new,app,34.65
6588,2024-12-12,new,web,71.24
6589,2025-04-16,returning,web,36.28
6590,2024-11-29,new,app,45.76
6591,2024-09-08,returning,app,106.6
6592,2024-02-02,new,app,45.28
6593,2024-08-01,returning,marketplace,50.18
6594,2025-08-05,returning,web,44.16
6595,2025-01-16,vip,marketplace,40.33
6596,2024-09-29,returning,marketplace,76.5
6597,2024-09-03,new,web,50.71
6598,2025-12-30,new,app,56.42
6599,2024-12-11,vip,app,59.26
6600,2025-09-23,new,app,42.55
6601,2025-05-15,returning,web,46.06
6602,2024-04-12,returning,marketplace,44.33
6603,2024-10-21,new,web,89.95
6604,2025-01-08,returning,app,57.42
6605,2024-11-17,new,web,26.01
6606,2025-02-20,returning,app,89.06
6607,2024-08-22,returning,app,44.76
6608,2024-09-10,returning,web,80.08
6609,2025-09-02,vip,web,133.69
6610,2024-12-27,new,web,80.63
6611,2025-02-23,new,web,44.33
6612,2025-02-26,returning,app,71.63
6613,2025-08-23,returning,marketplace,61.61
6614,2024-05-16,returning,marketplace,58.09
6615,2024-07-29,returning,web,99.71
6616,2024-06-08,new,app,38.36
6617,2024-03-12,new,app,54.68
6618,2025-10-06,vip,marketplace,26.93
6619,2024-03-13,returning,marketplace,97.75
6620,2024-03-03,returning,web,79.48
6621,2025-08-30,new,app,44.94
6622,2025-06-24,returning,marketplace,57.74
6623,2024-01-21,new,app,35.68
6624,2025-04-26,new,app,105.37
6625,2025-11-19,new,web,40.22
6626,2025-08-23,returning,marketplace,122.06
6627,2025-11-27,new,web,67.87
6628,2024-03-29,new,app,55.13
6629,2024-05-10,returning,app,34.5
6630,2025-05-15,new,app,186.12
6631,2024-03-14,new,app,88.68
6632,2025-05-16,returning,web,59.52
6633,2024-07-04,new,web,30.11
6634,2025-12-11,new,marketplace,30.37
6635,2025-11-16,returning,marketplace,36.0
6636,2024-09-04,new,app,74.81
6637,2024-04-10,new,marketplace,27.58
6638,2024-09-21,vip,app,52.21
6639,2024-04-08,returning,app,82.74
6640,2024-04-15,returning,marketplace,57.97
6641,2025-07-10,returning,web,42.61
6642,2024-04-17,returning,marketplace,42.74
6643,2024-05-28,new,marketplace,104.74
6644,2025-09-02,vip,web,92.76
6645,2025-11-25,returning,app,36.25
6646,2025-05-13,vip,marketplace,40.64
6647,2024-11-01,returning,web,72.58
6648,2024-01-03,new,app,79.19
6649,2024-09-30,new,marketplace,61.21
6650,2025-02-06,returning,app,72.24
6651,2025-12-08,new,marketplace,75.25
6652,2024-10-20,returning,app,32.64
6653,2025-12-02,new,web,70.26
6654,2025-02-23,vip,web,90.94
6655,2025-01-15,new,marketplace,93.74
6656,2025-09-01,returning,marketplace,22.0
6657,2024-08-30,returning,app,41.11
6658,2024-12-10,new,marketplace,46.1
6659,2025-01-10,returning,app,106.94
6660,2024-01-08,returning,web,60.39
6661,2025-10-06,returning,web,21.92
6662,2024-07-14,new,app,60.37
6663,2025-01-13,returning,web,53.56
6664,2024-06-10,new,web,65.6
6665,2024-02-11,returning,marketplace,38.09
6666,2025-09-10,new,app,58.55
6667,2025-11-29,new,app,82.5
6668,2024-10-25,returning,marketplace,37.98
6669,2025-04-09,new,marketplace,43.58
6670,2024-12-21,new,web,54.09
6671,2024-12-12,new,marketplace,47.46
6672,2024-05-27,vip,web,53.87
6673,2024-10-18,new,web,71.15
6674,2025-10-12,new,app,39.32
6675,2024-08-20,new,web,40.35
6676,2025-07-22,vip,web,46.2
6677,2025-11-04,new,marketplace,85.17
6678,2024-02-11,new,app,126.72
6679,2025-08-27,new,marketplace,30.33
6680,2025-08-03,returning,web,44.93
6681,2024-11-06,new,app,58.8
6682,2024-06-05,new,web,38.87
6683,2024-12-30,new,app,70.32
6684,2024-10-29,new,marketplace,78.23
6685,2024-01-23,new,marketplace,69.29
6686,2025-12-10,new,app,53.45
6687,2024-11-30,new,web,154.1
6688,2025-07-06,new,web,87.97
6689,2024-12-09,returning,web,37.25
6690,2024-07-11,returning,app,39.56
6691,2025-07-16,new,marketplace,33.0
6692,2025-11-04,vip,marketplace,64.72
6693,2024-12-15,returning,marketplace,71.94
6694,2024-03-04,returning,app,131.39
6695,2025-06-29,new,app,51.26
6696,2024-02-06,vip,app,35.6
6697,2025-11-11,new,marketplace,51.79
6698,2025-01-19,returning,app,49.2
6699,2025-07-19,new,marketplace,51.06
6700,2024-10-08,returning,web,37.52
6701,2025-06-14,new,app,56.2
6702,2024-06-14,returning,web,38.61
6703,2025-05-03,new,web,59.6
6704,2024-07-10,returning,app,21.34
6705,2025-10-24,returning,marketplace,49.43
6706,2024-11-19,new,marketplace,54.36
6707,2025-02-26,new,marketplace,38.32
6708,2024-12-30,new,marketplace,92.67
6709,2025-09-01,vip,app,54.1
6710,2024-04-18,returning,marketplace,37.24
6711,2024-01-17,new,web,88.25
6712,2025-12-23,returning,marketplace,46.61
6713,2025-09-26,new,web,28.46
6714,2025-12-21,new,app,68.1
6715,2024-12-12,new,marketplace,62.88
6716,2025-04-21,returning,web,63.04
6717,2024-05-08,returning,marketplace,88.76
6718,2025-03-19,new,app,39.54
6719,2025-12-18,returning,app,86.1
6720,2025-10-03,new,web,54.59
6721,2024-08-20,returning,app,84.77
6722,2024-02-29,returning,web,29.92
6723,2024-08-20,new,app,35.29
6724,2025-04-07,returning,marketplace,56.9
6725,2024-07-07,new,app,42.87
6726,2025-02-16,new,marketplace,47.16
6727,2025-04-10,new,app,47.69
6728,2025-12-01,returning,marketplace,98.0
6729,2024-03-31,new,marketplace,50.32
6730,2024-03-21,returning,web,86.93
6731,2025-07-28,returning,app,61.1
6732,2024-01-18,new,web,77.97
6733,2024-10-29,returning,marketplace,81.85
6734,2024-02-05,returning,app,93.7
6735,2025-12-23,returning,app,57.81
6736,2025-11-28,returning,marketplace,80.01
6737,2025-06-20,vip,app,47.61
6738,2025-05-24,returning,app,84.96
6739,2024-09-30,returning,web,25.22
6740,2024-03-12,new,marketplace,40.02
6741,2024-01-09,new,web,82.98
6742,2025-05-21,returning,app,46.14
6743,2025-03-01,new,web,34.84
6744,2025-05-01,new,marketplace,93.71
6745,2025-01-23,returning,web,34.61
6746,2025-12-13,returning,app,29.88
6747,2024-04-21,new,web,69.25
6748,2024-06-05,returning,app,54.53
6749,2025-01-24,new,web,72.9
6750,2024-12-01,returning,web,86.84
6751,2025-10-23,new,marketplace,62.57
6752,2024-11-18,returning,app,74.94
6753,2025-03-23,returning,web,56.4
6754,2025-02-16,new,web,70.82
6755,2024-09-30,returning,marketplace,71.43
6756,2025-09-18,returning,web,59.12
6757,2024-08-23,new,web,48.23
6758,2025-05-24,returning,marketplace,82.52
6759,2024-12-17,new,app,45.35
6760,2025-05-30,returning,app,44.79
6761,2025-06-08,returning,app,111.45
6762,2025-02-11,returning,web,57.27
6763,2024-03-08,new,web,58.04
6764,2025-05-07,returning,marketplace,36.08
6765,2024-05-20,returning,app,60.04
6766,2024-06-09,vip,marketplace,39.47
6767,2025-06-19,returning,app,91.96
6768,2025-08-31,returning,app,75.98
6769,2025-10-07,returning,web,58.39
6770,2025-04-07,returning,web,92.71
6771,2025-05-03,new,marketplace,28.98
6772,2024-08-11,returning,app,30.49
6773,2024-03-07,returning,app,49.47
6774,2025-03-17,new,web,34.06
6775,2024-01-19,vip,web,92.33
6776,2025-01-29,new,web,59.0
6777,2024-03-29,returning,app,25.61
6778,2024-10-11,new,app,65.92
6779,2025-05-10,returning,web,71.76
6780,2025-01-24,new,app,60.62
6781,2025-06-30,new,web,79.5
6782,2024-12-24,returning,app,35.24
6783,2024-11-23,returning,marketplace,114.44
6784,2025-02-21,returning,app,54.48
6785,2024-07-28,returning,web,73.5
6786,2024-06-09,new,app,49.25
6787,2024-09-26,new,web,57.59
6788,2025-02-09,vip,app,204.69
6789,2024-05-16,new,app,28.77
6790,2024-11-12,new,web,71.6
6791,2024-04-21,new,app,45.7
6792,2024-07-11,returning,marketplace,39.31
6793,2025-02-28,returning,marketplace,68.67
6794,2025-04-13,vip,app,56.33
6795,2025-01-11,new,web,55.21
6796,2025-08-30,returning,marketplace,87.45
6797,2024-10-12,returning,marketplace,44.82
6798,2025-03-27,vip,web,84.8
6799,2025-07-06,new,web,85.32
6800,2024-11-05,returning,marketplace,77.34
6801,2025-03-23,new,web,59.74
6802,2025-08-20,returning,app,111.23
6803,2025-02-27,new,app,44.73
6804,2024-08-13,vip,app,61.07
6805,2025-11-14,returning,app,203.7
6806,2025-10-07,returning,web,49.94
6807,2024-07-05,returning,app,56.2
6808,2024-11-06,returning,web,85.1
6809,2025-12-17,new,app,48.5
6810,2025-07-20,new,web,54.64
6811,2024-08-30,new,web,75.39
6812,2025-11-05,new,app,102.15
6813,2024-12-16,new,marketplace,62.86
6814,2024-06-02,returning,marketplace,101.6
6815,2024-07-30,returning,app,59.29
6816,2024-08-14,returning,app,137.92
6817,2025-10-27,vip,app,39.05
6818,2024-12-16,returning,web,103.76
6819,2025-02-09,new,web,113.3
6820,2024-12-17,returning,web,36.5
6821,2024-05-23,returning,marketplace,50.42
6822,2025-10-27,returning,web,51.69
6823,2025-04-19,new,web,45.27
6824,2025-10-07,returning,app,46.52
6825,2024-10-11,new,app,62.59
6826,2024-04-10,new,app,112.84
6827,2024-03-11,returning,app,96.37
6828,2025-12-22,returning,app,51.8
6829,2025-11-22,returning,web,58.51
6830,2025-04-27,returning,marketplace,30.46
6831,2024-01-28,new,web,89.74
6832,2024-02-09,new,app,50.73
6833,2024-01-04,returning,web,37.58
6834,2025-04-07,new,marketplace,107.65
6835,2025-02-09,returning,app,44.57
6836,2024-11-18,new,marketplace,80.52
6837,2025-01-11,new,marketplace,40.84
6838,2025-03-31,returning,marketplace,68.84
6839,2024-02-16,new,app,72.44
6840,2025-12-12,new,marketplace,72.4
6841,2025-08-06,returning,web,77.88
6842,2024-02-11,new,app,95.08
6843,2024-07-14,returning,web,73.42
6844,2025-07-01,returning,web,47.76
6845,2025-10-26,new,app,36.06
6846,2024-05-15,returning,app,42.99
6847,2024-04-13,new,web,54.4
6848,2025-01-01,new,app,45.97
6849,2025-11-09,returning,web,34.65
6850,2025-11-11,returning,marketplace,86.37
6851,2025-03-27,vip,marketplace,31.73
6852,2025-12-20,new,marketplace,42.42
6853,2025-12-10,returning,app,89.29
6854,2025-10-30,returning,web,71.85
6855,2024-03-17,returning,app,68.06
6856,2025-03-27,new,marketplace,61.2
6857,2024-11-25,returning,web,68.22
6858,2024-05-24,vip,app,94.01
6859,2024-07-08,returning,app,54.33
6860,2025-12-18,returning,web,84.11
6861,2024-02-16,new,web,41.04
6862,2024-11-21,new,marketplace,46.48
6863,2024-06-03,returning,web,32.82
6864,2025-11-10,new,app,23.86
6865,2025-07-29,returning,app,96.06
6866,2024-04-02,new,marketplace,26.6
6867,2025-03-01,new,web,48.7
6868,2024-11-29,new,web,77.32
6869,2025-11-20,new,app,73.37
6870,2025-03-11,returning,marketplace,119.43
6871,2025-05-18,returning,app,37.31
6872,2024-08-27,returning,web,39.01
6873,2024-11-02,returning,app,84.09
6874,2025-01-04,returning,marketplace,50.07
6875,2024-08-16,new,marketplace,45.31
6876,2025-09-20,returning,app,50.75
6877,2024-05-11,returning,web,42.7
6878,2025-06-01,new,web,63.91
6879,2024-06-28,returning,marketplace,57.08
6880,2024-04-23,returning,web,69.8
6881,2024-06-04,returning,app,79.69
6882,2025-05-23,new,web,51.24
6883,2024-12-04,new,web,28.98
6884,2025-05-12,new,app,58.9
6885,2025-08-17,new,marketplace,72.38
6886,2024-10-13,returning,marketplace,41.97
6887,2025-09-08,returning,web,31.41
6888,2024-04-03,returning,marketplace,54.42
6889,2025-04-28,returning,marketplace,61.89
6890,2025-09-26,returning,web,29.15
6891,2025-10-02,returning,marketplace,40.43
6892,2024-02-16,new,marketplace,38.51
6893,2025-01-23,returning,web,39.15
6894,2025-10-23,returning,app,47.05
6895,2024-08-18,new,marketplace,35.45
6896,2025-10-30,new,web,78.27
6897,2024-05-06,returning,app,61.66
6898,2025-03-23,returning,app,70.46
6899,2025-01-25,new,app,78.83
6900,2025-10-30,returning,marketplace,79.16
6901,2025-06-15,vip,web,58.31
6902,2024-10-19,new,marketplace,60.78
6903,2025-11-28,new,web,46.45
6904,2024-08-17,new,marketplace,29.06
6905,2025-12-30,new,marketplace,79.96
6906,2025-12-05,new,app,38.97
6907,2025-11-21,returning,app,61.27
6908,2025-07-06,returning,marketplace,49.33
6909,2024-12-11,returning,app,28.81
6910,2025-11-01,new,web,40.87
6911,2024-01-09,new,web,26.59
6912,2025-11-07,returning,marketplace,63.32
6913,2024-08-16,returning,marketplace,63.37
6914,2024-05-27,new,web,60.56
6915,2025-10-14,new,web,109.9
6916,2025-10-06,new,web,55.34
6917,2025-01-31,new,web,136.08
6918,2025-10-20,returning,app,72.16
6919,2024-01-01,returning,app,70.99
6920,2025-05-24,new,web,35.23
6921,2025-12-04,returning,app,57.47
6922,2025-05-24,new,marketplace,85.88
6923,2024-10-28,new,marketplace,104.67
6924,2025-12-22,new,app,27.09
6925,2025-07-22,new,web,57.68
6926,2025-03-24,new,marketplace,48.3
6927,2025-05-30,new,marketplace,76.93
6928,2025-07-07,returning,marketplace,39.14
6929,2025-08-16,new,app,79.33
6930,2025-06-26,new,marketplace,52.08
6931,2025-06-19,new,app,88.17
6932,2024-03-27,new,web,90.97
6933,2025-11-12,vip,marketplace,55.71
6934,2024-06-25,new,web,57.51
6935,2024-08-19,returning,app,54.14
6936,2024-02-22,new,web,59.14
6937,2024-09-21,returning,app,59.21
6938,2025-03-13,new,app,112.98
6939,2024-01-27,returning,web,87.64
6940,2024-11-22,new,marketplace,54.75
6941,2025-10-25,returning,app,52.16
6942,2025-12-30,returning,app,52.16
6943,2025-07-01,vip,web,91.64
6944,2024-08-31,new,web,42.79
6945,2024-05-23,new,marketplace,70.59
6946,2025-08-16,returning,app,51.39
6947,2024-10-12,new,marketplace,33.29
6948,2024-10-07,returning,marketplace,38.98
6949,2025-06-30,new,web,194.86
6950,2025-10-16,new,web,54.31
6951,2024-09-03,returning,web,44.07
6952,2024-03-18,returning,marketplace,24.03
6953,2025-11-25,returning,web,59.45
6954,2024-09-10,new,app,63.87
6955,2024-04-22,vip,web,42.47
6956,2025-10-19,new,app,45.65
6957,2025-11-26,new,app,101.33
6958,2024-08-29,returning,web,63.83
6959,2025-04-10,new,web,73.61
6960,2025-10-09,new,web,18.58
6961,2025-12-18,returning,web,55.0
6962,2025-04-27,new,app,30.66
6963,2025-08-18,vip,app,77.6
6964,2025-08-27,returning,marketplace,25.55
6965,2025-11-25,returning,marketplace,58.1
6966,2025-10-01,new,marketplace,58.87
6967,2024-05-01,vip,marketplace,81.3
6968,2024-01-06,returning,app,72.82
6969,2024-11-27,returning,app,82.24
6970,2025-12-05,vip,app,34.68
6971,2024-10-02,new,marketplace,67.24
6972,2024-09-03,returning,web,61.74
6973,2025-05-25,returning,app,93.25
6974,2024-12-11,returning,app,97.94
6975,2024-02-19,returning,marketplace,39.03
6976,2025-07-05,new,app,43.83
6977,2025-06-06,new,web,125.88
6978,2024-09-30,new,marketplace,50.04
6979,2024-12-21,returning,marketplace,63.37
6980,2025-10-15,new,marketplace,26.45
6981,2024-06-17,new,marketplace,91.13
6982,2025-08-10,new,app,77.31
6983,2025-09-12,returning,marketplace,45.17
6984,2025-03-23,new,marketplace,68.46
6985,2025-11-15,new,marketplace,58.21
6986,2024-05-30,returning,web,104.61
6987,2025-03-05,returning,web,103.78
6988,2024-11-12,new,web,46.79
6989,2024-01-01,new,app,88.6
6990,2024-08-06,returning,web,53.87
6991,2024-05-28,vip,web,49.35
6992,2025-08-08,returning,web,69.94
6993,2024-11-25,new,marketplace,90.17
6994,2024-12-04,new,marketplace,37.63
6995,2025-10-19,new,web,78.35
6996,2024-11-27,returning,app,60.47
6997,2024-08-22,new,web,48.7
6998,2025-12-19,new,web,91.9
6999,2025-06-21,new,web,69.69
7000,2024-08-15,returning,app,64.89
7001,2024-12-15,new,marketplace,55.4
7002,2024-09-25,returning,marketplace,120.34
7003,2024-07-19,new,app,70.05
7004,2024-02-27,returning,marketplace,52.76
7005,2025-04-29,returning,app,113.53
7006,2024-12-15,returning,app,24.34
7007,2025-08-21,returning,app,74.87
7008,2025-05-31,vip,web,80.6
7009,2024-10-15,new,web,90.41
7010,2025-12-29,new,web,29.82
7011,2025-12-31,returning,app,103.27
7012,2024-11-05,returning,marketplace,56.62
7013,2025-08-14,vip,web,58.43
7014,2025-07-17,new,app,29.0
7015,2025-03-31,new,marketplace,40.49
7016,2024-06-01,returning,app,39.78
7017,2024-03-18,returning,marketplace,71.64
7018,2025-11-15,returning,web,43.75
7019,2024-10-18,new,web,53.67
7020,2025-12-17,returning,app,103.52
7021,2025-12-08,vip,marketplace,72.22
7022,2025-11-27,vip,marketplace,49.31
7023,2025-08-14,returning,marketplace,30.04
7024,2024-08-21,new,app,35.14
7025,2025-11-10,vip,marketplace,107.69
7026,2024-12-18,new,marketplace,96.5
7027,2025-04-03,new,marketplace,42.56
7028,2024-03-13,new,marketplace,47.22
7029,2024-03-05,new,app,80.02
7030,2024-05-20,new,web,25.98
7031,2025-12-08,new,web,51.99
7032,2025-07-29,new,web,66.16
7033,2025-02-01,returning,marketplace,37.37
7034,2025-09-06,returning,app,25.85
7035,2025-12-25,returning,web,29.38
7036,2024-06-03,new,web,63.43
7037,2025-07-01,returning,web,47.29
7038,2025-11-01,returning,app,73.98
7039,2024-12-06,new,marketplace,75.69
7040,2024-10-17,returning,web,101.81
7041,2024-11-22,new,app,45.63
7042,2025-12-09,returning,app,75.71
7043,2024-02-26,returning,web,46.5
7044,2024-11-05,returning,marketplace,47.58
7045,2024-12-26,new,app,32.11
7046,2024-12-31,returning,web,109.34
7047,2025-05-22,new,app,92.66
7048,2025-09-06,returning,marketplace,69.08
7049,2025-02-06,returning,app,43.16
7050,2024-04-16,returning,web,127.48
7051,2024-12-01,new,web,48.22
7052,2025-08-29,vip,marketplace,45.44
7053,2024-11-18,returning,web,40.38
7054,2025-02-17,returning,marketplace,105.83
7055,2024-12-24,returning,app,29.61
7056,2024-09-10,returning,app,39.3
7057,2024-10-18,new,marketplace,74.22
7058,2024-06-21,vip,marketplace,78.74
7059,2025-01-14,new,web,51.66
7060,2025-04-26,new,web,41.0
7061,2025-04-18,returning,web,50.08
7062,2025-12-21,vip,app,41.4
7063,2024-05-11,vip,marketplace,115.99
7064,2024-05-24,new,marketplace,89.93
7065,2025-12-16,vip,marketplace,87.41
7066,2025-04-21,new,marketplace,74.53
7067,2024-08-31,new,marketplace,50.77
7068,2024-11-03,new,web,27.82
7069,2025-11-23,returning,web,66.23
7070,2025-08-30,new,marketplace,70.59
7071,2025-04-17,new,web,92.35
7072,2024-07-09,returning,web,58.59
7073,2024-03-16,new,app,115.27
7074,2024-09-30,returning,web,73.88
7075,2025-11-29,returning,app,37.96
7076,2024-07-23,new,marketplace,36.8
7077,2025-10-22,returning,marketplace,59.54
7078,2025-09-03,returning,marketplace,53.93
7079,2024-10-10,new,app,72.44
7080,2025-08-12,new,marketplace,37.5
7081,2025-03-09,returning,marketplace,93.91
7082,2024-09-23,returning,marketplace,89.1
7083,2024-05-25,returning,web,28.93
7084,2025-03-19,returning,web,56.89
7085,2025-12-18,returning,app,77.21
7086,2025-01-13,new,app,41.1
7087,2024-11-27,returning,marketplace,71.0
7088,2024-06-22,new,web,64.85
7089,2025-07-25,returning,marketplace,99.71
7090,2024-10-09,new,web,55.27
7091,2025-01-28,new,marketplace,65.82
7092,2025-12-07,returning,marketplace,43.18
7093,2024-05-28,vip,app,61.11
7094,2025-04-11,returning,web,83.44
7095,2025-11-20,new,web,47.24
7096,2024-11-04,returning,web,57.55
7097,2025-03-04,new,marketplace,38.06
7098,2024-06-29,new,app,55.42
7099,2025-11-09,returning,web,52.08
7100,2025-05-02,returning,app,63.5
7101,2024-12-23,new,marketplace,59.21
7102,2024-09-20,new,web,57.72
7103,2025-04-19,new,web,55.01
7104,2025-05-31,returning,web,42.48
7105,2025-12-28,vip,app,79.81
7106,2025-05-23,returning,web,18.14
7107,2025-12-10,returning,web,32.92
7108,2024-06-18,new,marketplace,51.14
7109,2025-09-07,returning,web,152.45
7110,2024-05-08,new,web,55.39
7111,2024-11-03,vip,marketplace,80.86
7112,2025-01-19,new,marketplace,126.48
7113,2025-11-24,returning,marketplace,47.37
7114,2024-09-24,returning,app,55.43
7115,2024-04-30,new,marketplace,72.34
7116,2025-12-21,new,web,78.54
7117,2024-08-17,returning,marketplace,50.9
7118,2025-07-04,new,marketplace,43.58
7119,2025-12-23,returning,marketplace,71.57
7120,2025-12-29,returning,web,86.57
7121,2025-07-18,vip,app,62.48
7122,2024-07-24,new,web,41.01
7123,2024-01-12,new,app,30.77
7124,2025-07-14,vip,app,26.5
7125,2024-01-31,new,marketplace,32.1
7126,2025-11-03,new,app,111.9
7127,2025-06-08,new,marketplace,25.85
7128,2025-04-08,new,app,15.57
7129,2024-11-01,returning,marketplace,51.81
7130,2024-04-19,returning,app,36.55
7131,2024-04-30,new,web,120.41
7132,2025-12-26,new,app,76.13
7133,2025-08-12,returning,app,20.66
7134,2024-09-21,new,marketplace,65.21
7135,2025-11-11,new,app,63.3
7136,2025-11-08,returning,web,66.95
7137,2025-12-02,vip,web,106.64
7138,2024-11-04,vip,web,44.61
7139,2025-06-20,returning,web,89.88
7140,2025-09-04,new,app,38.99
7141,2025-03-25,returning,web,58.07
7142,2025-09-28,new,web,53.12
7143,2025-02-07,returning,web,95.33
7144,2024-01-04,returning,app,64.98
7145,2025-08-23,returning,app,87.34
7146,2024-02-10,returning,marketplace,50.31
7147,2024-09-30,vip,marketplace,58.96
7148,2025-01-27,returning,web,53.48
7149,2025-12-14,vip,marketplace,41.28
7150,2025-01-02,returning,marketplace,57.44
7151,2025-11-26,returning,app,54.19
7152,2024-07-01,new,marketplace,68.14
7153,2024-12-22,new,marketplace,48.52
7154,2025-04-08,returning,marketplace,72.63
7155,2025-03-17,new,web,77.64
7156,2025-05-29,returning,app,32.19
7157,2025-09-15,vip,web,66.94
7158,2024-12-07,new,app,38.51
7159,2024-09-29,returning,web,47.85
7160,2024-07-05,new,web,58.14
7161,2024-08-22,new,web,32.45
7162,2025-05-01,returning,web,49.86
7163,2024-02-15,returning,web,43.24
7164,2024-08-26,new,web,82.15
7165,2025-12-13,vip,app,35.04
7166,2024-12-10,new,marketplace,33.95
7167,2024-09-04,returning,app,50.96
7168,2025-07-16,new,marketplace,71.16
7169,2025-07-18,new,app,39.35
7170,2025-12-09,new,app,60.65
7171,2025-06-24,returning,marketplace,21.35
7172,2025-12-13,new,marketplace,46.06
7173,2025-10-02,vip,web,26.87
7174,2024-03-26,returning,app,48.95
7175,2025-06-09,new,web,121.28
7176,2025-03-08,returning,app,71.26
7177,2025-09-25,new,app,31.53
7178,2025-04-01,returning,web,83.13
7179,2024-08-23,new,app,87.99
7180,2025-12-10,returning,marketplace,40.61
7181,2025-11-04,vip,marketplace,56.69
7182,2025-01-05,returning,marketplace,58.67
7183,2024-12-22,new,web,75.17
7184,2024-06-18,returning,web,103.43
7185,2024-03-06,new,app,57.64
7186,2024-11-06,new,app,34.77
7187,2025-05-11,new,marketplace,37.03
7188,2025-05-17,returning,web,101.41
7189,2024-04-20,new,app,77.66
7190,2024-02-04,new,web,102.45
7191,2025-09-07,new,app,51.29
7192,2024-04-05,new,app,28.9
7193,2025-05-06,new,web,142.31
7194,2025-11-30,returning,web,121.77
7195,2025-02-03,returning,web,56.59
7196,2024-03-30,new,app,50.73
7197,2025-07-10,returning,app,49.08
7198,2024-08-16,new,marketplace,57.16
7199,2024-07-15,new,marketplace,51.6
7200,2025-04-10,returning,web,122.08
7201,2025-05-04,vip,app,55.24
7202,2025-06-21,new,marketplace,59.12
7203,2025-04-22,vip,app,39.77
7204,2024-02-29,new,app,40.53
7205,2025-11-04,new,web,32.96
7206,2024-04-17,new,web,53.12
7207,2025-06-23,new,marketplace,72.5
7208,2024-03-18,new,marketplace,44.9
7209,2024-07-09,returning,marketplace,58.81
7210,2025-06-12,new,app,53.32
7211,2025-05-16,new,app,39.23
7212,2025-08-21,new,web,32.06
7213,2025-04-29,new,app,45.23
7214,2025-12-10,new,marketplace,63.77
7215,2024-04-07,vip,web,33.63
7216,2024-10-26,new,marketplace,30.8
7217,2025-08-07,new,marketplace,78.28
7218,2024-09-13,returning,marketplace,98.9
7219,2025-01-31,returning,app,31.5
7220,2024-10-12,new,marketplace,98.93
7221,2024-12-02,returning,app,49.48
7222,2024-01-16,returning,app,88.79
7223,2024-01-27,new,app,76.29
7224,2024-11-29,returning,marketplace,39.86
7225,2024-03-16,new,marketplace,75.72
7226,2024-04-30,returning,app,118.29
7227,2024-02-24,returning,marketplace,44.28
7228,2024-06-20,returning,app,143.59
7229,2024-07-18,vip,app,47.44
7230,2024-10-22,new,app,60.4
7231,2025-06-21,new,web,97.22
7232,2025-10-10,returning,web,42.32
7233,2025-06-16,new,app,87.94
7234,2024-04-19,new,marketplace,43.5
7235,2024-05-27,returning,marketplace,46.65
7236,2025-03-16,new,web,30.53
7237,2025-11-01,returning,app,101.1
7238,2024-03-26,new,web,67.21
7239,2024-12-11,new,web,140.64
7240,2024-09-14,new,app,68.54
7241,2025-04-18,returning,marketplace,66.17
7242,2024-03-09,new,marketplace,87.12
7243,2025-09-16,new,app,47.04
7244,2025-11-20,vip,marketplace,76.81
7245,2025-06-09,new,app,56.23
7246,2024-11-24,returning,app,92.96
7247,2025-09-08,returning,web,203.46
7248,2025-10-05,new,web,56.3
7249,2024-03-08,returning,web,54.4
7250,2024-02-23,vip,app,65.11
7251,2025-04-28,new,marketplace,69.67
7252,2025-05-07,new,web,42.89
7253,2025-10-28,new,web,45.71
7254,2025-07-11,vip,web,86.03
7255,2025-12-18,returning,web,70.61
7256,2025-12-23,new,web,37.85
7257,2024-08-01,returning,marketplace,128.08
7258,2025-04-03,returning,web,40.57
7259,2025-12-28,returning,web,64.43
7260,2024-08-21,new,app,50.23
7261,2025-03-03,new,app,38.89
7262,2025-10-28,new,app,60.16
7263,2025-01-25,new,marketplace,50.68
7264,2024-12-21,new,web,89.18
7265,2025-10-17,new,app,39.52
7266,2024-10-28,returning,marketplace,92.69
7267,2024-02-27,returning,marketplace,55.64
7268,2025-11-03,returning,web,64.83
7269,2025-04-29,returning,app,93.49
7270,2024-03-11,returning,web,56.23
7271,2025-06-16,returning,app,97.59
7272,2025-10-03,returning,app,63.14
7273,2025-06-07,returning,marketplace,112.69
7274,2024-07-09,new,app,124.89
7275,2025-02-14,returning,marketplace,54.78
7276,2025-04-10,vip,app,157.6
7277,2025-10-26,new,marketplace,45.18
7278,2024-08-20,new,web,63.32
7279,2025-01-26,returning,app,113.28
7280,2025-04-07,new,app,80.27
7281,2025-03-03,new,marketplace,88.78
7282,2024-08-08,returning,app,59.06
7283,2024-11-07,returning,web,53.17
7284,2024-11-22,new,web,37.43
7285,2024-01-20,new,app,92.36
7286,2024-01-21,new,app,46.55
7287,2024-07-01,returning,app,47.92
7288,2024-06-14,returning,app,56.93
7289,2024-12-01,returning,marketplace,110.83
7290,2025-08-21,new,marketplace,88.33
7291,2025-04-07,new,app,60.46
7292,2024-06-12,returning,marketplace,137.64
7293,2025-11-10,returning,app,45.74
7294,2025-02-10,returning,web,67.85
7295,2025-04-03,new,marketplace,86.4
7296,2024-11-18,returning,web,74.99
7297,2025-09-21,returning,marketplace,58.87
7298,2025-09-12,new,marketplace,57.2
7299,2024-01-21,returning,web,58.56
7300,2024-07-23,new,web,63.17
7301,2024-05-16,returning,marketplace,55.7
7302,2025-12-11,new,marketplace,59.94
7303,2025-04-01,new,app,65.6
7304,2024-10-01,new,web,100.56
7305,2024-07-24,returning,web,89.55
7306,2025-02-05,vip,app,71.17
7307,2024-09-29,new,web,42.53
7308,2025-10-22,new,marketplace,42.15
7309,2025-04-18,returning,marketplace,36.74
7310,2024-01-01,new,marketplace,28.28
7311,2024-07-30,new,marketplace,81.07
7312,2025-01-07,returning,marketplace,68.14
7313,2024-04-19,new,app,55.95
7314,2025-06-03,new,web,65.84
7315,2024-03-20,new,web,95.27
7316,2024-04-30,returning,app,24.56
7317,2024-10-10,vip,app,56.81
7318,2024-05-05,vip,app,85.82
7319,2025-11-18,returning,app,78.09
7320,2024-12-14,new,app,38.72
7321,2025-11-05,returning,web,37.49
7322,2024-11-22,new,web,58.2
7323,2024-12-18,new,app,41.23
7324,2024-07-24,returning,web,105.93
7325,2025-08-10,returning,web,55.85
7326,2025-12-14,new,app,80.39
7327,2024-08-10,returning,app,91.89
7328,2025-10-05,returning,marketplace,39.91
7329,2025-07-01,new,marketplace,69.81
7330,2025-11-13,new,web,47.84
7331,2025-01-20,new,web,53.9
7332,2024-05-31,new,web,43.81
7333,2025-04-08,new,marketplace,99.05
7334,2025-04-03,returning,marketplace,34.67
7335,2025-02-10,new,marketplace,57.51
7336,2025-09-26,new,web,20.62
7337,2025-03-05,new,app,70.02
7338,2025-03-29,returning,marketplace,57.63
7339,2025-02-11,new,web,71.79
7340,2025-10-19,vip,app,42.36
7341,2025-10-23,new,marketplace,81.97
7342,2024-01-10,returning,marketplace,56.03
7343,2024-12-14,returning,web,48.18
7344,2024-09-27,new,app,51.94
7345,2024-05-05,returning,web,50.95
7346,2025-06-10,returning,app,51.55
7347,2025-07-31,new,marketplace,61.37
7348,2025-11-07,new,app,109.1
7349,2024-08-08,returning,app,107.87
7350,2024-03-19,returning,app,113.22
7351,2024-06-27,new,marketplace,83.14
7352,2025-10-24,new,app,22.31
7353,2025-09-25,new,marketplace,39.58
7354,2024-05-07,returning,app,45.82
7355,2025-09-12,vip,app,37.14
7356,2024-07-21,returning,app,58.95
7357,2025-11-25,returning,marketplace,59.29
7358,2025-12-30,returning,marketplace,36.25
7359,2024-12-12,new,app,54.89
7360,2024-08-17,new,app,59.4
7361,2024-04-10,returning,web,104.97
7362,2024-09-05,new,app,69.47
7363,2024-11-10,vip,marketplace,26.41
7364,2025-11-19,vip,app,73.34
7365,2025-11-01,returning,web,123.69
7366,2024-04-24,new,app,74.11
7367,2024-09-19,returning,web,51.66
7368,2025-11-14,vip,web,59.73
7369,2025-06-17,vip,marketplace,48.95
7370,2024-10-16,new,web,62.25
7371,2025-06-11,returning,web,51.31
7372,2024-12-25,returning,app,52.99
7373,2025-06-19,returning,web,60.99
7374,2025-09-27,vip,app,65.09
7375,2025-05-18,returning,marketplace,54.56
7376,2025-08-18,returning,app,58.08
7377,2025-09-18,returning,web,43.92
7378,2025-03-04,returning,marketplace,89.54
7379,2025-02-13,new,marketplace,53.21
7380,2024-12-14,new,web,62.13
7381,2025-08-25,returning,marketplace,92.96
7382,2025-10-22,returning,marketplace,66.21
7383,2024-11-29,vip,marketplace,63.62
7384,2025-01-30,new,marketplace,62.14
7385,2025-10-22,new,marketplace,64.85
7386,2024-12-01,returning,web,32.34
7387,2024-08-09,returning,app,69.87
7388,2025-05-09,new,app,53.39
7389,2024-07-04,returning,web,49.05
7390,2024-10-28,returning,web,60.94
7391,2025-12-23,returning,marketplace,110.88
7392,2024-10-04,returning,web,31.94
7393,2025-03-12,vip,marketplace,45.26
7394,2025-12-23,new,app,54.53
7395,2024-11-15,returning,web,41.04
7396,2024-09-21,new,web,42.72
7397,2024-03-12,returning,marketplace,60.28
7398,2024-12-17,new,app,102.45
7399,2025-12-22,returning,web,90.83
7400,2025-05-22,returning,app,27.72
7401,2024-12-21,returning,app,90.2
7402,2024-01-07,returning,marketplace,74.35
7403,2025-12-24,new,app,86.29
7404,2024-03-31,new,app,70.76
7405,2025-09-19,new,marketplace,33.18
7406,2025-07-25,new,web,104.55
7407,2024-11-03,returning,web,89.31
7408,2025-09-06,new,app,98.04
7409,2024-05-16,new,marketplace,77.46
7410,2024-04-20,new,web,85.17
7411,2025-11-26,returning,app,70.08
7412,2025-05-13,new,web,61.56
7413,2024-06-28,returning,web,49.88
7414,2024-06-11,new,marketplace,75.15
7415,2025-02-16,returning,web,24.68
7416,2025-10-31,returning,web,56.34
7417,2024-11-12,returning,app,88.49
7418,2025-03-20,new,app,69.45
7419,2024-06-24,returning,marketplace,44.47
7420,2024-10-07,new,app,40.24
7421,2025-12-14,vip,app,41.18
7422,2024-05-26,returning,app,41.31
7423,2024-05-26,returning,web,97.36
7424,2025-02-21,new,app,67.6
7425,2025-01-10,vip,marketplace,49.45
7426,2024-12-06,returning,marketplace,32.65
7427,2024-12-30,returning,web,54.23
7428,2024-10-22,new,web,49.86
7429,2024-04-22,new,app,70.79
7430,2024-09-14,new,web,74.66
7431,2024-11-22,returning,app,84.45
7432,2025-05-11,returning,marketplace,91.09
7433,2025-12-09,returning,marketplace,65.41
7434,2025-02-08,vip,app,45.0
7435,2024-07-18,new,marketplace,59.53
7436,2024-01-25,new,web,35.04
7437,2024-06-04,new,web,25.17
7438,2024-10-30,returning,app,50.02
7439,2024-11-21,returning,web,54.21
7440,2024-09-17,returning,app,124.64
7441,2025-10-14,returning,web,69.55
7442,2025-02-20,new,web,38.42
7443,2024-06-16,new,app,92.15
7444,2024-02-28,new,web,37.63
7445,2025-07-17,new,marketplace,78.67
7446,2024-01-10,new,marketplace,38.58
7447,2025-11-06,new,marketplace,38.93
7448,2025-04-09,vip,app,149.83
7449,2025-10-29,returning,app,45.93
7450,2024-11-17,new,marketplace,84.03
7451,2024-12-30,new,marketplace,41.63
7452,2025-03-27,new,web,59.14
7453,2025-01-03,new,web,41.4
7454,2024-05-23,vip,marketplace,49.78
7455,2025-05-19,returning,app,47.04
7456,2024-01-24,returning,app,61.17
7457,2024-07-12,new,app,62.52
7458,2024-04-14,new,web,68.9
7459,2024-09-11,new,app,123.55
7460,2024-11-18,returning,app,36.36
7461,2024-01-08,new,web,45.13
7462,2024-01-05,new,marketplace,35.01
7463,2025-03-02,returning,web,34.56
7464,2025-03-23,returning,app,75.64
7465,2025-01-13,new,app,54.75
7466,2025-05-18,new,web,36.37
7467,2025-08-31,vip,web,58.73
7468,2025-03-22,returning,marketplace,57.15
7469,2025-07-27,vip,marketplace,28.15
7470,2025-08-31,new,marketplace,80.06
7471,2024-11-15,returning,marketplace,42.38
7472,2025-12-09,vip,marketplace,73.53
7473,2025-11-25,new,web,55.74
7474,2025-02-13,returning,web,82.28
7475,2024-07-16,returning,app,41.62
7476,2024-09-07,returning,marketplace,94.84
7477,2024-03-30,returning,web,66.51
7478,2024-12-31,new,web,61.24
7479,2024-11-23,vip,app,30.99
7480,2025-02-23,vip,web,51.85
7481,2024-11-16,new,web,142.72
7482,2025-03-23,new,marketplace,42.56
7483,2024-01-11,returning,marketplace,54.94
7484,2024-08-22,new,app,39.16
7485,2024-12-21,returning,web,56.57
7486,2025-04-26,returning,marketplace,64.49
7487,2024-11-11,returning,marketplace,25.09
7488,2024-11-20,returning,web,80.47
7489,2024-08-29,new,web,47.87
7490,2025-07-03,returning,app,96.1
7491,2024-11-01,new,marketplace,42.54
7492,2025-08-21,new,app,104.8
7493,2025-10-03,new,marketplace,58.89
7494,2024-06-10,new,app,110.04
7495,2025-11-25,vip,web,28.03
7496,2025-09-23,new,web,75.96
7497,2024-08-25,returning,app,62.7
7498,2024-12-14,returning,app,166.6
7499,2024-12-21,new,app,60.35
7500,2024-12-28,returning,web,54.15
7501,2024-08-20,vip,marketplace,37.41
7502,2024-11-13,new,marketplace,42.9
7503,2024-02-15,new,marketplace,103.43
7504,2025-08-03,returning,app,29.76
7505,2025-08-22,returning,web,36.42
7506,2025-05-25,new,app,42.87
7507,2025-05-02,returning,app,63.9
7508,2024-04-07,returning,web,47.52
7509,2024-11-23,new,app,59.33
7510,2024-12-15,vip,web,54.87
7511,2024-11-14,returning,web,22.27
7512,2025-05-17,new,marketplace,64.75
7513,2024-09-15,new,app,49.23
7514,2024-12-06,returning,marketplace,103.02
7515,2025-06-07,new,marketplace,40.49
7516,2024-08-24,returning,marketplace,107.94
7517,2024-08-05,new,app,88.35
7518,2024-12-03,new,app,70.13
7519,2024-07-19,returning,web,91.39
7520,2024-06-14,new,marketplace,105.39
7521,2025-04-20,returning,app,87.73
7522,2024-09-17,new,app,67.29
7523,2024-08-02,returning,marketplace,41.25
7524,2025-11-18,returning,marketplace,81.3
7525,2024-04-29,new,app,64.03
7526,2024-05-03,new,web,89.38
7527,2025-01-31,returning,marketplace,60.61
7528,2025-03-19,new,app,95.91
7529,2025-10-24,new,marketplace,57.84
7530,2024-07-21,vip,marketplace,44.22
7531,2025-12-04,new,marketplace,67.75
7532,2024-06-07,vip,app,42.36
7533,2024-01-15,new,marketplace,51.52
7534,2025-04-17,returning,marketplace,54.8
7535,2025-07-29,new,app,114.85
7536,2024-01-20,new,app,86.82
7537,2024-05-19,new,marketplace,42.6
7538,2025-03-29,returning,app,75.75
7539,2025-06-17,returning,web,44.45
7540,2025-11-21,returning,marketplace,47.53
7541,2025-03-07,new,app,46.57
7542,2024-04-15,new,marketplace,115.96
7543,2025-04-03,returning,app,38.12
7544,2024-11-01,returning,web,43.46
7545,2024-03-14,vip,marketplace,102.12
7546,2024-09-07,new,marketplace,29.62
7547,2025-09-08,returning,marketplace,116.54
7548,2025-10-31,new,web,79.93
7549,2025-08-20,new,app,68.18
7550,2025-05-30,new,web,92.61
7551,2024-08-31,returning,web,44.6
7552,2025-03-26,new,web,30.51
7553,2025-12-06,new,app,117.03
7554,2025-01-27,vip,app,36.15
7555,2025-07-08,new,web,37.0
7556,2024-11-21,returning,web,93.5
7557,2025-04-26,vip,app,70.68
7558,2024-06-11,returning,marketplace,34.32
7559,2025-04-25,new,app,64.41
7560,2025-07-22,new,app,103.74
7561,2025-04-13,returning,web,68.44
7562,2024-12-08,new,app,60.2
7563,2024-08-06,new,app,104.94
7564,2024-10-28,new,marketplace,31.52
7565,2024-11-07,new,app,77.37
7566,2025-01-28,returning,marketplace,69.72
7567,2025-03-22,returning,marketplace,69.3
7568,2024-02-16,returning,web,35.66
7569,2025-10-11,new,marketplace,50.11
7570,2024-12-08,new,marketplace,75.69
7571,2024-04-26,returning,web,69.39
7572,2025-08-30,returning,web,65.09
7573,2025-12-01,returning,web,26.9
7574,2024-12-16,returning,marketplace,37.04
7575,2024-12-13,returning,app,62.47
7576,2024-05-06,new,web,70.63
7577,2024-11-18,new,app,89.58
7578,2024-05-25,returning,marketplace,68.11
7579,2025-01-14,returning,marketplace,44.94
7580,2024-03-21,returning,web,36.29
7581,2025-10-11,returning,web,28.58
7582,2025-11-28,returning,marketplace,86.44
7583,2025-11-16,returning,web,38.95
7584,2025-12-17,returning,app,43.05
7585,2024-01-01,new,marketplace,29.86
7586,2025-05-19,new,web,23.87
7587,2025-04-23,returning,app,87.89
7588,2025-10-25,vip,marketplace,68.29
7589,2024-03-24,returning,web,33.62
7590,2025-02-03,new,marketplace,57.38
7591,2025-07-04,returning,app,93.43
7592,2024-09-12,new,app,51.05
7593,2024-11-14,returning,marketplace,189.79
7594,2025-07-14,vip,app,95.05
7595,2025-11-07,new,web,69.79
7596,2024-01-03,new,app,52.76
7597,2024-08-02,new,marketplace,71.47
7598,2024-10-23,new,app,50.63
7599,2025-09-20,returning,app,41.16
7600,2024-11-02,returning,app,101.85
7601,2024-04-16,new,marketplace,51.08
7602,2025-09-08,new,web,76.83
7603,2024-09-21,returning,marketplace,51.82
7604,2024-05-20,returning,web,56.07
7605,2025-09-03,returning,app,59.89
7606,2024-05-19,returning,app,55.51
7607,2024-11-28,vip,web,61.44
7608,2024-03-04,new,web,74.69
7609,2024-11-12,new,app,61.92
7610,2024-11-06,new,web,49.17
7611,2025-04-01,returning,app,56.47
7612,2025-11-12,new,app,34.49
7613,2024-12-26,returning,marketplace,85.31
7614,2024-11-29,new,web,76.98
7615,2024-01-30,returning,web,40.44
7616,2025-01-10,returning,web,45.5
7617,2024-04-29,new,marketplace,59.62
7618,2024-12-03,returning,web,66.52
7619,2024-07-18,new,app,54.99
7620,2025-01-23,new,marketplace,54.57
7621,2025-11-15,new,web,60.07
7622,2025-08-29,vip,app,44.6
7623,2024-01-15,returning,marketplace,56.63
7624,2024-12-08,new,web,37.75
7625,2024-12-23,new,marketplace,41.71
7626,2024-11-04,new,marketplace,56.8
7627,2025-07-07,returning,app,78.33
7628,2025-01-08,returning,web,43.76
7629,2025-11-30,returning,app,45.05
7630,2025-02-14,returning,app,51.63
7631,2024-05-26,returning,app,47.28
7632,2025-02-22,returning,marketplace,39.77
7633,2025-11-24,vip,marketplace,67.31
7634,2024-03-30,new,marketplace,38.77
7635,2024-05-01,new,app,27.55
7636,2024-03-31,returning,marketplace,51.85
7637,2025-08-23,new,marketplace,71.36
7638,2024-01-09,new,app,97.06
7639,2025-01-22,returning,marketplace,75.33
7640,2025-07-10,returning,marketplace,48.26
7641,2024-11-07,new,web,84.82
7642,2025-01-09,new,app,62.98
7643,2025-06-30,new,app,67.33
7644,2025-01-27,new,marketplace,66.76
7645,2024-11-13,returning,marketplace,58.07
7646,2025-05-12,new,web,67.49
7647,2025-04-29,returning,web,64.82
7648,2024-07-21,new,marketplace,55.84
7649,2025-11-05,returning,web,62.22
7650,2025-04-16,new,marketplace,43.68
7651,2024-12-21,vip,app,103.95
7652,2025-10-29,new,marketplace,43.03
7653,2025-11-12,returning,app,68.28
7654,2024-08-15,returning,app,48.46
7655,2024-12-12,new,marketplace,108.48
7656,2024-07-01,returning,web,98.19
7657,2025-05-23,returning,marketplace,96.54
7658,2025-12-15,new,app,65.46
7659,2024-10-01,new,web,59.88
7660,2025-07-13,returning,marketplace,46.95
7661,2025-04-10,new,marketplace,101.03
7662,2025-09-25,new,app,69.65
7663,2025-07-20,vip,web,62.44
7664,2025-05-13,returning,app,61.15
7665,2025-01-20,new,app,48.3
7666,2025-06-08,returning,web,35.4
7667,2024-07-12,new,app,54.97
7668,2025-04-25,returning,marketplace,54.24
7669,2025-06-08,vip,app,68.78
7670,2024-12-23,new,web,46.78
7671,2024-11-11,new,app,56.79
7672,2025-12-30,returning,web,65.5
7673,2024-06-23,vip,web,30.38
7674,2024-08-09,returning,web,31.75
7675,2024-10-04,returning,web,31.96
7676,2024-11-15,returning,app,44.09
7677,2024-06-09,returning,app,55.46
7678,2024-05-29,new,web,53.3
7679,2025-04-13,vip,marketplace,58.39
7680,2024-10-26,returning,web,74.72
7681,2024-02-10,returning,app,32.35
7682,2025-05-06,returning,web,38.44
7683,2025-09-24,new,marketplace,39.35
7684,2025-12-08,new,web,51.04
7685,2025-08-12,returning,marketplace,72.02
7686,2024-07-15,returning,web,58.53
7687,2025-05-28,vip,app,67.64
7688,2024-10-13,returning,web,70.67
7689,2025-12-29,new,marketplace,54.62
7690,2025-10-23,new,marketplace,37.52
7691,2025-01-29,new,web,51.84
7692,2025-02-24,returning,web,87.51
7693,2024-01-30,returning,web,72.27
7694,2024-05-02,new,app,36.24
7695,2025-01-01,returning,web,76.22
7696,2024-03-06,returning,app,61.0
7697,2024-11-27,vip,web,76.96
7698,2024-12-14,new,app,63.02
7699,2024-03-07,returning,web,45.46
7700,2025-12-10,returning,app,90.81
7701,2025-05-07,new,web,131.35
7702,2024-09-09,new,marketplace,30.08
7703,2024-03-13,returning,app,32.32
7704,2025-07-05,new,app,25.78
7705,2024-09-04,new,marketplace,46.53
7706,2025-09-02,new,web,27.8
7707,2024-12-05,new,app,46.43
7708,2025-04-07,new,web,117.79
7709,2024-07-05,new,marketplace,36.98
7710,2025-03-10,new,web,109.29
7711,2025-11-22,returning,marketplace,75.56
7712,2024-10-19,returning,web,48.89
7713,2025-12-16,returning,marketplace,57.43
7714,2025-07-25,new,web,89.92
7715,2025-01-23,returning,app,52.2
7716,2024-06-02,returning,app,178.78
7717,2024-05-01,returning,app,35.81
7718,2024-11-08,new,web,49.3
7719,2025-10-11,new,app,56.78
7720,2025-11-24,returning,web,56.25
7721,2025-09-20,returning,marketplace,46.48
7722,2024-06-19,new,marketplace,48.45
7723,2025-11-19,returning,web,59.01
7724,2025-08-17,returning,marketplace,109.78
7725,2025-06-05,returning,app,64.43
7726,2025-11-05,new,marketplace,66.73
7727,2025-12-26,returning,app,177.51
7728,2025-12-11,returning,web,54.75
7729,2025-09-16,vip,marketplace,58.28
7730,2024-11-24,new,app,39.32
7731,2025-11-25,new,app,52.76
7732,2025-02-07,returning,web,50.18
7733,2024-02-26,returning,marketplace,48.27
7734,2024-06-06,returning,marketplace,34.69
7735,2025-11-02,new,web,62.12
7736,2024-11-17,vip,app,56.18
7737,2025-09-19,returning,web,62.64
7738,2024-02-16,returning,web,61.61
7739,2025-11-29,new,web,72.43
7740,2025-08-31,returning,web,33.32
7741,2025-05-29,new,app,63.27
7742,2025-09-12,returning,marketplace,147.59
7743,2024-06-28,new,app,90.49
7744,2024-01-10,returning,web,80.71
7745,2025-12-20,returning,marketplace,101.65
7746,2024-05-12,vip,web,65.2
7747,2025-09-15,new,web,37.36
7748,2025-09-27,new,web,32.21
7749,2024-03-10,returning,web,39.9
7750,2024-02-10,new,marketplace,29.38
7751,2024-11-27,returning,marketplace,66.34
7752,2025-11-21,returning,marketplace,93.26
7753,2024-04-14,returning,web,55.23
7754,2025-10-05,returning,web,42.54
7755,2024-03-24,returning,app,36.25
7756,2025-08-19,new,app,28.71
7757,2024-01-18,new,marketplace,58.53
7758,2024-01-08,vip,app,28.97
7759,2024-05-26,new,app,64.32
7760,2025-02-13,returning,app,54.54
7761,2024-04-18,returning,app,66.46
7762,2024-05-27,returning,app,67.65
7763,2024-08-30,new,web,91.16
7764,2025-09-20,new,marketplace,58.39
7765,2025-07-06,new,marketplace,85.74
7766,2024-09-17,new,app,25.4
7767,2025-03-18,returning,app,78.05
7768,2024-06-20,returning,marketplace,68.97
7769,2025-10-18,new,marketplace,63.48
7770,2024-08-21,new,app,36.49
7771,2025-08-05,returning,app,46.23
7772,2024-08-23,returning,app,44.09
7773,2025-05-09,new,marketplace,67.76
7774,2025-12-29,vip,app,60.43
7775,2024-12-27,new,app,58.76
7776,2024-11-22,new,marketplace,71.15
7777,2025-12-04,returning,web,50.91
7778,2024-07-18,new,app,67.06
7779,2024-12-19,returning,app,75.39
7780,2024-12-29,new,web,94.97
7781,2024-10-30,returning,marketplace,65.47
7782,2025-12-05,new,marketplace,52.22
7783,2024-12-07,new,marketplace,30.61
7784,2024-01-05,vip,app,55.63
7785,2024-06-02,returning,web,64.13
7786,2025-11-27,returning,app,74.79
7787,2025-10-12,new,app,60.42
7788,2024-05-14,new,marketplace,102.84
7789,2025-10-26,new,web,64.23
7790,2025-03-05,vip,marketplace,82.74
7791,2025-08-01,new,web,118.93
7792,2025-11-25,returning,marketplace,43.2
7793,2024-09-17,new,web,67.68
7794,2025-09-30,returning,app,102.5
7795,2024-12-08,returning,app,55.88
7796,2025-05-01,new,marketplace,131.06
7797,2024-12-26,new,web,48.23
7798,2025-03-25,new,marketplace,64.63
7799,2025-02-25,new,marketplace,125.19
7800,2024-06-17,returning,app,46.42
7801,2025-04-20,new,marketplace,59.43
7802,2024-03-21,new,web,52.86
7803,2024-10-10,vip,marketplace,34.86
7804,2025-02-20,new,app,88.04
7805,2024-11-26,new,web,53.21
7806,2024-06-04,new,marketplace,59.8
7807,2024-06-30,returning,web,30.09
7808,2025-06-25,vip,web,36.46
7809,2025-03-30,returning,marketplace,52.13
7810,2025-12-14,returning,marketplace,233.14
7811,2025-06-03,new,app,70.37
7812,2024-06-15,returning,web,125.16
7813,2025-05-20,returning,app,22.35
7814,2024-11-12,new,marketplace,51.35
7815,2024-01-02,new,app,69.83
7816,2024-05-08,new,app,122.01
7817,2024-08-16,returning,web,25.89
7818,2025-09-05,new,app,30.55
7819,2024-11-29,vip,web,48.29
7820,2024-06-01,returning,app,45.36
7821,2025-03-29,vip,marketplace,44.73
7822,2025-04-06,vip,web,40.9
7823,2025-01-05,new,app,86.31
7824,2025-08-25,returning,web,84.34
7825,2025-04-05,returning,marketplace,85.3
7826,2025-01-02,new,marketplace,26.6
7827,2025-06-08,returning,web,145.01
7828,2025-08-03,returning,app,95.78
7829,2025-09-27,returning,app,78.67
7830,2024-05-12,new,app,104.34
7831,2025-12-06,returning,app,57.07
7832,2024-06-20,returning,marketplace,93.97
7833,2025-09-06,returning,web,68.94
7834,2024-11-02,new,marketplace,47.28
7835,2025-12-08,returning,web,74.53
7836,2024-10-15,new,marketplace,125.52
7837,2024-07-31,new,web,46.84
7838,2024-09-15,vip,app,36.82
7839,2024-06-04,vip,marketplace,48.92
7840,2025-07-16,new,app,34.83
7841,2025-09-26,new,app,57.78
7842,2025-03-20,returning,marketplace,34.84
7843,2025-06-08,new,app,88.62
7844,2025-11-24,new,marketplace,101.71
7845,2024-01-05,returning,marketplace,45.44
7846,2024-01-14,new,web,85.67
7847,2025-06-15,returning,app,163.45
7848,2025-12-29,returning,marketplace,75.19
7849,2025-10-16,new,web,58.82
7850,2024-12-24,returning,marketplace,37.7
7851,2024-04-16,returning,web,61.25
7852,2025-11-17,new,web,51.74
7853,2025-12-15,returning,web,53.55
7854,2024-12-18,returning,marketplace,34.17
7855,2025-06-01,new,marketplace,46.54
7856,2025-03-12,returning,web,55.76
7857,2024-09-01,returning,app,60.96
7858,2025-01-04,returning,app,43.45
7859,2024-01-04,new,app,101.71
7860,2024-10-25,returning,web,56.51
7861,2025-08-21,returning,marketplace,50.94
7862,2025-12-09,vip,web,88.28
7863,2024-06-02,returning,web,79.63
7864,2024-05-05,new,marketplace,65.91
7865,2024-09-30,new,web,50.74
7866,2024-11-20,new,web,52.49
7867,2025-12-02,new,marketplace,29.77
7868,2024-11-07,new,app,58.33
7869,2024-06-12,returning,web,60.02
7870,2025-09-09,returning,web,59.9
7871,2025-06-18,returning,app,48.24
7872,2025-02-09,returning,marketplace,50.51
7873,2025-09-25,returning,app,46.52
7874,2025-10-12,returning,web,71.86
7875,2025-08-13,vip,web,138.47
7876,2025-07-31,new,app,55.12
7877,2025-11-24,new,app,135.07
7878,2024-05-17,returning,marketplace,32.65
7879,2024-08-04,new,marketplace,46.84
7880,2024-06-20,returning,marketplace,51.44
7881,2025-06-03,returning,app,45.29
7882,2025-09-28,vip,marketplace,69.57
7883,2024-02-15,returning,marketplace,87.9
7884,2025-01-24,returning,marketplace,38.28
7885,2025-07-15,returning,web,70.67
7886,2024-11-28,new,app,54.27
7887,2025-10-08,new,app,106.55
7888,2024-01-30,vip,marketplace,92.05
7889,2025-09-25,returning,app,39.38
7890,2024-11-13,returning,app,74.57
7891,2024-04-14,returning,web,67.61
7892,2025-01-24,returning,web,83.03
7893,2025-11-17,new,web,91.65
7894,2024-11-10,new,app,71.13
7895,2025-05-05,returning,app,74.41
7896,2025-06-02,new,web,84.78
7897,2025-05-12,new,web,30.74
7898,2025-08-29,new,marketplace,56.39
7899,2024-09-28,new,marketplace,46.29
7900,2024-09-13,returning,marketplace,108.26
7901,2024-12-03,new,marketplace,71.31
7902,2024-02-19,new,web,43.67
7903,2024-09-07,new,app,53.67
7904,2024-12-08,returning,app,72.85
7905,2024-12-10,new,app,59.76
7906,2024-04-11,vip,app,52.95
7907,2024-04-29,returning,marketplace,99.5
7908,2024-01-16,returning,marketplace,42.78
7909,2025-02-03,new,marketplace,36.62
7910,2025-04-10,returning,marketplace,29.33
7911,2024-12-12,new,marketplace,46.95
7912,2024-04-02,new,app,36.55
7913,2025-02-24,returning,app,70.58
7914,2025-02-18,new,web,42.57
7915,2024-07-18,new,app,117.39
7916,2024-07-16,returning,app,36.42
7917,2025-11-12,returning,marketplace,58.46
7918,2024-01-11,new,app,131.12
7919,2025-06-15,new,app,48.57
7920,2025-12-30,returning,app,43.22
7921,2024-09-09,returning,marketplace,78.85
7922,2024-10-01,returning,app,65.2
7923,2025-05-24,new,web,79.64
7924,2024-09-03,new,marketplace,30.67
7925,2025-12-20,new,app,37.67
7926,2025-05-25,new,app,34.31
7927,2024-11-03,new,app,96.04
7928,2025-03-07,new,web,71.38
7929,2024-12-26,returning,marketplace,44.86
7930,2025-10-06,returning,app,75.49
7931,2025-08-27,returning,app,41.5
7932,2024-10-31,new,web,84.98
7933,2024-12-01,new,marketplace,85.96
7934,2024-04-20,returning,web,56.91
7935,2025-05-03,new,marketplace,37.21
7936,2024-12-02,new,marketplace,49.63
7937,2025-05-29,returning,app,35.49
7938,2024-04-12,vip,marketplace,95.2
7939,2024-05-13,new,app,38.96
7940,2024-12-06,new,marketplace,26.78
7941,2024-05-30,returning,web,45.94
7942,2024-03-04,new,app,57.89
7943,2025-04-22,new,web,69.56
7944,2025-02-27,returning,app,72.61
7945,2025-05-12,returning,app,70.06
7946,2025-02-23,returning,marketplace,36.21
7947,2025-01-23,new,app,56.54
7948,2024-03-25,returning,marketplace,60.05
7949,2025-09-25,returning,marketplace,40.24
7950,2025-03-12,vip,web,124.97
7951,2024-09-06,returning,web,48.82
7952,2024-08-14,returning,marketplace,58.52
7953,2024-12-03,new,web,82.5
7954,2024-03-03,new,marketplace,73.11
7955,2025-04-20,new,app,60.88
7956,2025-06-06,vip,app,82.48
7957,2024-09-20,new,app,34.63
7958,2025-11-27,new,marketplace,37.08
7959,2025-09-06,new,app,30.59
7960,2025-12-12,returning,web,44.25
7961,2025-01-26,returning,app,24.27
7962,2024-06-22,returning,marketplace,48.89
7963,2025-12-25,returning,marketplace,64.34
7964,2024-06-08,new,web,156.92
7965,2024-11-29,new,app,36.95
7966,2024-12-01,new,marketplace,46.99
7967,2025-12-10,new,web,75.71
7968,2025-12-19,new,web,45.62
7969,2024-01-26,vip,web,62.51
7970,2024-08-18,returning,marketplace,79.88
7971,2024-07-04,returning,marketplace,43.09
7972,2024-02-24,returning,app,77.96
7973,2024-10-28,returning,web,40.46
7974,2024-12-30,new,app,51.43
7975,2024-11-06,new,marketplace,23.7
7976,2024-03-11,new,marketplace,44.62
7977,2025-06-11,new,app,81.71
7978,2024-09-28,returning,web,82.75
7979,2025-04-11,new,marketplace,55.81
7980,2024-06-10,new,marketplace,54.94
7981,2025-12-29,returning,marketplace,67.67
7982,2025-11-08,returning,app,98.86
7983,2025-05-09,vip,web,43.62
7984,2024-12-16,new,marketplace,74.78
7985,2025-09-25,returning,web,69.99
7986,2025-01-08,new,app,41.93
7987,2024-05-09,returning,web,40.91
7988,2025-09-16,returning,marketplace,54.86
7989,2025-08-21,returning,web,62.74
7990,2025-04-27,vip,marketplace,74.85
7991,2024-07-05,new,app,107.06
7992,2024-01-05,returning,marketplace,113.79
7993,2024-06-21,returning,marketplace,60.91
7994,2024-09-26,vip,app,62.29
7995,2024-06-22,returning,web,61.32
7996,2025-03-25,vip,web,83.06
7997,2025-11-12,returning,web,46.5
7998,2025-08-24,returning,app,56.93
7999,2025-02-13,returning,app,31.69
8000,2024-10-02,new,web,53.88
8001,2025-07-21,returning,marketplace,82.31
8002,2025-01-02,new,marketplace,94.88
8003,2025-08-27,vip,web,58.09
8004,2025-10-08,new,app,40.68
8005,2025-08-28,returning,marketplace,59.41
8006,2024-11-08,new,marketplace,48.16
8007,2024-01-13,returning,app,61.94
8008,2024-01-04,returning,marketplace,52.9
8009,2025-06-20,returning,web,86.79
8010,2024-11-13,vip,web,59.25
8011,2025-09-18,new,app,74.59
8012,2025-03-29,new,app,91.35
8013,2024-11-25,new,web,87.35
8014,2025-08-31,vip,marketplace,42.05
8015,2025-08-22,new,app,37.11
8016,2024-12-25,new,web,77.23
8017,2025-08-19,returning,marketplace,34.42
8018,2024-03-22,returning,app,65.74
8019,2024-05-22,new,app,42.62
8020,2025-04-30,new,app,61.17
8021,2025-02-18,returning,marketplace,47.13
8022,2025-02-11,new,app,102.87
8023,2025-03-09,new,marketplace,97.04
8024,2024-05-09,vip,marketplace,85.23
8025,2025-10-04,returning,web,91.94
8026,2024-11-24,returning,web,25.65
8027,2025-08-06,returning,app,82.21
8028,2025-10-15,new,marketplace,27.17
8029,2024-02-25,returning,marketplace,76.22
8030,2025-04-17,new,app,69.63
8031,2025-06-25,new,app,32.66
8032,2024-12-19,new,app,42.61
8033,2025-11-01,returning,app,39.9
8034,2025-09-24,returning,app,86.54
8035,2025-12-30,new,web,117.63
8036,2025-01-09,new,app,19.11
8037,2025-10-07,returning,marketplace,70.85
8038,2025-02-28,returning,web,47.53
8039,2025-12-12,new,app,52.7
8040,2024-11-01,new,app,32.78
8041,2025-03-28,new,marketplace,47.75
8042,2025-11-26,new,web,182.69
8043,2024-12-21,returning,marketplace,24.66
8044,2024-02-15,new,marketplace,59.8
8045,2024-11-25,new,web,57.3
8046,2025-03-23,returning,marketplace,61.89
8047,2025-08-15,new,marketplace,50.09
8048,2024-01-27,returning,web,65.63
8049,2024-03-29,new,web,63.36
8050,2024-12-08,new,app,67.47
8051,2025-10-14,new,app,123.1
8052,2024-07-02,vip,app,154.77
8053,2025-11-29,new,marketplace,89.36
8054,2024-10-02,returning,app,90.29
8055,2025-02-04,new,marketplace,58.33
8056,2024-07-23,new,web,49.07
8057,2025-06-01,new,web,80.48
8058,2024-01-21,returning,web,97.72
8059,2024-11-15,returning,app,103.1
8060,2025-06-04,returning,app,33.59
8061,2025-07-23,returning,app,60.23
8062,2025-06-02,new,web,54.59
8063,2024-11-03,vip,marketplace,25.6
8064,2024-12-23,new,marketplace,29.39
8065,2024-08-02,returning,web,54.21
8066,2025-05-04,returning,app,55.61
8067,2025-05-12,returning,web,66.92
8068,2024-05-27,new,app,51.18
8069,2024-11-09,new,app,62.51
8070,2024-08-22,returning,web,44.91
8071,2025-04-25,returning,web,36.3
8072,2025-09-07,returning,app,58.2
8073,2025-02-05,new,marketplace,74.23
8074,2025-06-30,returning,web,34.55
8075,2025-10-22,returning,app,33.81
8076,2024-08-06,new,web,62.48
8077,2024-12-09,returning,app,75.34
8078,2024-05-27,new,web,31.01
8079,2024-04-02,new,app,81.07
8080,2025-10-03,returning,app,54.25
8081,2025-11-05,new,app,65.12
8082,2025-06-04,returning,app,61.15
8083,2024-09-28,new,web,55.42
8084,2025-09-02,returning,app,83.29
8085,2025-08-01,vip,marketplace,62.32
8086,2024-05-13,returning,web,70.22
8087,2025-11-18,returning,app,99.38
8088,2025-03-12,new,web,36.64
8089,2025-12-17,vip,web,73.4
8090,2025-11-27,new,app,92.93
8091,2025-03-01,returning,app,74.1
8092,2025-04-03,returning,marketplace,62.81
8093,2025-12-14,returning,web,52.08
8094,2024-12-29,vip,app,80.06
8095,2024-04-20,returning,web,72.19
8096,2024-12-11,new,marketplace,87.04
8097,2024-03-10,returning,web,31.21
8098,2024-08-20,new,app,42.96
8099,2025-02-15,new,web,72.49
8100,2025-08-04,returning,web,32.44
8101,2025-06-30,returning,app,53.17
8102,2024-10-11,new,app,161.51
8103,2025-10-27,returning,web,98.99
8104,2025-05-18,new,marketplace,25.65
8105,2024-12-13,returning,app,27.97
8106,2024-05-26,new,marketplace,80.22
8107,2024-09-29,vip,app,58.43
8108,2024-12-19,returning,web,76.67
8109,2024-08-26,vip,app,52.46
8110,2024-04-06,returning,marketplace,45.55
8111,2025-09-08,new,marketplace,59.69
8112,2025-04-03,returning,app,36.06
8113,2025-08-28,new,marketplace,88.28
8114,2024-09-22,returning,marketplace,44.2
8115,2025-12-15,new,app,85.23
8116,2024-09-13,new,app,38.45
8117,2024-04-17,returning,web,67.8
8118,2025-03-26,returning,marketplace,61.16
8119,2024-03-14,new,web,45.28
8120,2025-12-25,returning,app,112.11
8121,2025-02-17,returning,app,94.91
8122,2025-01-01,returning,marketplace,54.43
8123,2025-12-28,new,marketplace,126.55
8124,2025-12-16,returning,marketplace,58.03
8125,2024-05-04,vip,marketplace,81.71
8126,2025-06-12,returning,marketplace,113.46
8127,2025-07-14,new,web,51.06
8128,2024-03-09,returning,app,72.04
8129,2024-10-03,vip,app,52.39
8130,2024-10-10,new,app,64.05
8131,2024-11-07,returning,app,30.44
8132,2025-05-11,new,app,121.19
8133,2025-06-25,returning,web,104.05
8134,2025-07-08,returning,web,87.72
8135,2025-12-20,returning,app,55.63
8136,2024-07-26,returning,web,136.5
8137,2024-08-22,vip,marketplace,41.78
8138,2025-09-08,vip,marketplace,77.63
8139,2025-07-21,returning,web,42.4
8140,2025-06-28,returning,web,75.05
8141,2025-12-15,new,web,38.62
8142,2024-08-09,new,app,58.83
8143,2024-12-21,new,app,71.36
8144,2025-06-16,new,web,59.03
8145,2024-04-19,new,app,63.06
8146,2025-11-21,returning,marketplace,90.75
8147,2024-11-27,vip,app,46.35
8148,2024-02-20,new,app,42.39
8149,2025-03-22,new,marketplace,43.34
8150,2025-11-05,new,marketplace,69.94
8151,2024-12-10,returning,marketplace,110.49
8152,2025-08-04,returning,app,45.5
8153,2024-12-10,returning,app,26.59
8154,2024-08-24,new,web,47.71
8155,2025-11-28,returning,web,79.43
8156,2025-07-22,returning,app,76.76
8157,2025-10-16,new,web,90.5
8158,2024-12-15,returning,marketplace,60.53
8159,2025-03-24,returning,web,62.41
8160,2024-07-29,returning,app,30.52
8161,2025-01-13,returning,web,99.17
8162,2025-10-04,returning,app,61.77
8163,2024-12-06,returning,web,70.35
8164,2024-09-12,new,marketplace,49.59
8165,2025-11-01,returning,marketplace,124.64
8166,2024-06-19,new,app,25.24
8167,2024-12-27,new,web,42.95
8168,2024-09-19,new,app,59.54
8169,2024-11-10,returning,app,34.06
8170,2024-06-03,returning,web,36.47
8171,2024-11-04,vip,web,94.16
8172,2025-08-11,new,app,96.54
8173,2025-02-04,returning,web,43.61
8174,2024-06-25,new,app,64.43
8175,2025-01-04,returning,marketplace,54.88
8176,2024-10-13,vip,marketplace,68.66
8177,2024-06-22,returning,web,45.06
8178,2025-11-17,returning,app,34.59
8179,2024-05-04,returning,app,54.36
8180,2024-03-20,new,web,25.47
8181,2024-12-29,returning,web,76.95
8182,2025-03-20,new,app,39.76
8183,2024-01-20,returning,app,94.1
8184,2024-04-29,returning,marketplace,64.36
8185,2024-10-16,returning,web,25.59
8186,2024-02-29,returning,web,86.2
8187,2024-08-11,returning,web,60.05
8188,2025-12-28,returning,web,49.74
8189,2025-09-21,returning,web,41.21
8190,2025-04-15,returning,web,34.93
8191,2025-11-12,new,marketplace,75.69
8192,2025-01-26,new,web,88.96
8193,2025-06-02,new,marketplace,50.78
8194,2025-05-13,returning,web,38.99
8195,2024-04-19,returning,app,50.64
8196,2024-05-08,returning,marketplace,40.37
8197,2024-02-14,new,web,38.75
8198,2025-12-05,new,web,79.4
8199,2025-11-28,returning,web,47.44
8200,2024-10-31,new,app,88.87
8201,2025-08-23,returning,marketplace,53.78
8202,2025-11-19,new,web,126.29
8203,2024-03-01,new,web,33.44
8204,2025-09-28,vip,app,32.85
8205,2025-01-17,returning,marketplace,78.1
8206,2025-12-09,returning,web,35.95
8207,2025-07-17,new,marketplace,60.6
8208,2025-08-14,new,marketplace,53.06
8209,2024-06-17,new,web,94.27
8210,2025-12-23,returning,marketplace,45.15
8211,2025-11-28,new,app,52.89
8212,2024-08-27,new,marketplace,177.61
8213,2025-05-17,returning,web,39.75
8214,2024-08-08,returning,marketplace,73.61
8215,2025-10-18,returning,web,64.99
8216,2024-05-27,returning,web,53.39
8217,2025-11-03,returning,web,83.15
8218,2024-10-05,returning,web,71.59
8219,2025-05-29,new,app,57.87
8220,2025-01-17,new,marketplace,42.24
8221,2025-12-31,vip,marketplace,60.44
8222,2025-07-29,vip,marketplace,48.97
8223,2025-04-29,returning,app,63.42
8224,2025-04-03,returning,web,60.65
8225,2024-06-06,new,marketplace,61.19
8226,2025-12-07,new,marketplace,123.01
8227,2024-08-23,new,marketplace,43.39
8228,2024-07-31,new,app,78.4
8229,2025-01-23,vip,marketplace,69.04
8230,2024-11-11,new,app,24.76
8231,2024-09-13,new,marketplace,34.2
8232,2024-07-01,new,app,34.79
8233,2024-04-20,new,app,71.35
8234,2024-07-25,returning,web,54.78
8235,2024-12-26,returning,marketplace,43.55
8236,2024-10-23,new,web,25.47
8237,2025-08-05,new,web,41.11
8238,2025-06-10,returning,web,39.66
8239,2024-01-14,returning,web,123.88
8240,2024-03-18,new,app,62.04
8241,2024-03-24,new,app,121.86
8242,2024-08-18,vip,app,44.08
8243,2025-11-07,new,web,63.16
8244,2025-11-10,returning,web,51.98
8245,2024-02-27,new,web,44.4
8246,2024-01-22,returning,web,59.33
8247,2024-12-07,new,marketplace,53.46
8248,2024-02-18,returning,marketplace,93.82
8249,2024-12-09,new,app,97.52
8250,2025-07-10,returning,marketplace,39.65
8251,2024-11-11,returning,app,82.73
8252,2024-02-04,new,web,142.04
8253,2025-11-30,new,app,76.56
8254,2025-06-19,new,marketplace,52.79
8255,2025-09-15,new,marketplace,63.47
8256,2025-11-16,new,marketplace,111.81
8257,2024-12-01,new,marketplace,33.49
8258,2025-02-12,returning,marketplace,115.14
8259,2024-01-22,new,app,47.27
8260,2024-06-26,vip,web,51.93
8261,2024-10-27,returning,web,45.29
8262,2024-12-18,returning,web,63.78
8263,2025-01-25,new,web,35.39
8264,2025-11-24,returning,web,163.88
8265,2025-02-16,new,web,55.46
8266,2025-10-29,returning,app,63.88
8267,2024-01-12,new,marketplace,69.2
8268,2024-06-28,returning,web,34.73
8269,2025-10-03,returning,marketplace,46.34
8270,2025-12-01,new,app,38.11
8271,2024-11-06,returning,web,50.69
8272,2024-07-12,new,marketplace,83.16
8273,2024-10-13,new,app,125.61
8274,2025-11-02,new,app,64.54
8275,2024-02-10,returning,web,55.66
8276,2024-10-24,returning,marketplace,37.26
8277,2024-03-14,returning,marketplace,88.73
8278,2025-11-01,new,app,41.0
8279,2024-06-04,new,web,25.17
8280,2024-11-20,returning,app,81.16
8281,2025-04-07,new,app,69.97
8282,2024-11-29,returning,marketplace,27.12
8283,2025-03-30,returning,app,63.36
8284,2024-01-07,returning,web,78.91
8285,2025-02-23,returning,marketplace,59.64
8286,2024-11-22,new,web,66.86
8287,2024-11-30,returning,app,38.12
8288,2025-02-06,returning,app,56.31
8289,2025-11-27,returning,marketplace,35.53
8290,2024-05-17,returning,marketplace,31.99
8291,2025-08-08,new,web,88.01
8292,2024-11-09,vip,web,64.77
8293,2024-07-24,new,app,28.6
8294,2025-12-27,returning,marketplace,90.68
8295,2025-12-14,vip,web,64.06
8296,2025-11-28,new,web,81.37
8297,2025-01-01,new,web,63.23
8298,2025-03-26,new,marketplace,95.89
8299,2024-03-11,new,marketplace,60.34
8300,2025-08-03,new,app,47.19
8301,2024-02-04,new,app,40.65
8302,2025-01-28,returning,app,81.11
8303,2024-04-02,new,marketplace,69.7
8304,2024-05-12,returning,app,70.46
8305,2025-11-19,returning,web,83.3
8306,2024-10-06,returning,web,80.44
8307,2025-10-19,new,web,109.56
8308,2025-04-01,returning,web,113.1
8309,2025-12-31,new,web,27.72
8310,2025-06-28,returning,marketplace,61.97
8311,2025-06-30,returning,app,107.7
8312,2025-09-28,returning,web,72.48
8313,2024-07-25,new,marketplace,28.74
8314,2024-05-26,returning,marketplace,87.56
8315,2024-01-29,new,marketplace,52.71
8316,2024-12-04,vip,app,47.28
8317,2025-11-12,returning,marketplace,46.58
8318,2025-04-24,new,app,88.75
8319,2025-10-03,new,app,30.2
8320,2025-07-24,new,marketplace,77.54
8321,2025-11-18,returning,marketplace,46.57
8322,2024-11-30,new,app,68.33
8323,2025-09-27,returning,web,58.37
8324,2025-12-07,returning,marketplace,38.89
8325,2025-12-05,new,app,30.52
8326,2024-06-14,returning,app,50.06
8327,2024-07-10,new,app,42.44
8328,2024-12-27,returning,web,25.74
8329,2025-06-08,vip,app,31.73
8330,2025-01-25,new,app,57.63
8331,2025-10-04,new,marketplace,48.66
8332,2025-01-31,new,app,45.38
8333,2024-07-10,new,marketplace,47.15
8334,2024-09-25,new,web,45.88
8335,2024-12-29,returning,web,43.66
8336,2024-11-05,new,app,67.86
8337,2024-11-11,new,app,84.63
8338,2024-03-14,new,web,65.18
8339,2024-09-25,returning,marketplace,45.53
8340,2025-02-23,new,web,97.66
8341,2024-12-25,returning,app,42.87
8342,2024-12-20,new,marketplace,75.54
8343,2025-06-30,returning,web,61.63
8344,2025-02-22,returning,web,26.94
8345,2024-12-07,returning,web,48.74
8346,2025-06-04,returning,marketplace,91.38
8347,2025-12-14,new,marketplace,41.05
8348,2025-04-13,returning,marketplace,98.08
8349,2024-10-22,returning,app,34.16
8350,2024-08-28,new,marketplace,91.77
8351,2024-07-31,returning,marketplace,42.14
8352,2025-11-28,vip,marketplace,110.19
8353,2025-09-10,new,web,55.8
8354,2024-07-28,returning,marketplace,79.25
8355,2024-02-17,new,marketplace,72.8
8356,2024-12-29,new,web,62.68
8357,2025-12-25,new,app,117.07
8358,2024-03-04,new,marketplace,74.8
8359,2025-05-24,new,marketplace,65.09
8360,2024-10-29,vip,app,42.59
8361,2024-02-29,returning,app,88.81
8362,2024-12-26,returning,web,21.78
8363,2024-03-12,new,marketplace,89.13
8364,2024-11-22,vip,marketplace,58.84
8365,2025-07-16,new,web,74.28
8366,2025-05-26,new,web,80.06
8367,2025-03-04,new,web,90.75
8368,2024-11-26,vip,app,66.92
8369,2024-06-06,returning,marketplace,48.0
8370,2025-04-07,new,app,72.94
8371,2025-11-28,returning,app,35.9
8372,2024-11-13,returning,marketplace,52.22
8373,2024-03-03,returning,web,72.13
8374,2025-12-01,returning,marketplace,66.98
8375,2025-02-21,new,marketplace,36.43
8376,2025-10-08,vip,web,76.72
8377,2025-02-04,new,app,101.58
8378,2025-05-25,vip,web,54.6
8379,2024-06-09,returning,web,47.18
8380,2025-03-21,vip,marketplace,82.65
8381,2025-02-12,vip,web,57.56
8382,2024-05-04,new,marketplace,67.68
8383,2025-01-14,returning,web,18.96
8384,2024-02-03,returning,web,86.93
8385,2025-10-02,returning,web,125.4
8386,2024-06-01,vip,marketplace,85.0
8387,2025-05-09,vip,marketplace,56.5
8388,2025-09-06,new,app,70.99
8389,2024-09-16,new,marketplace,47.59
8390,2024-03-15,new,app,50.39
8391,2025-12-29,vip,app,67.3
8392,2025-06-29,returning,marketplace,46.58
8393,2024-03-21,returning,app,147.38
8394,2024-04-23,new,app,54.15
8395,2025-04-29,returning,marketplace,41.37
8396,2024-05-01,returning,web,101.26
8397,2025-02-08,returning,web,41.57
8398,2024-08-31,returning,marketplace,74.33
8399,2024-04-29,returning,marketplace,64.31
8400,2024-12-24,new,app,71.12
8401,2025-02-06,returning,marketplace,69.76
8402,2025-08-24,new,web,25.83
8403,2025-08-01,returning,marketplace,77.23
8404,2024-12-16,returning,app,83.57
8405,2024-12-10,new,marketplace,35.86
8406,2025-10-26,new,marketplace,156.07
8407,2025-04-26,new,web,55.52
8408,2025-12-18,returning,marketplace,83.72
8409,2024-09-02,returning,marketplace,54.3
8410,2024-11-20,new,app,63.75
8411,2024-11-23,returning,app,68.02
8412,2025-08-23,returning,web,109.72
8413,2025-03-18,returning,app,33.82
8414,2025-04-23,vip,web,57.17
8415,2024-11-22,vip,app,53.41
8416,2024-07-11,returning,app,54.77
8417,2025-05-23,vip,app,53.96
8418,2025-03-27,returning,app,34.33
8419,2025-12-22,new,marketplace,74.93
8420,2025-03-17,returning,marketplace,53.71
8421,2025-09-11,new,app,79.17
8422,2025-12-04,vip,web,37.25
8423,2025-10-23,new,marketplace,87.92
8424,2025-05-06,vip,marketplace,42.52
8425,2024-06-11,new,app,50.61
8426,2025-05-15,new,app,54.6
8427,2025-02-03,new,web,43.8
8428,2025-06-02,new,web,44.0
8429,2025-08-14,returning,app,45.37
8430,2025-06-22,returning,marketplace,59.16
8431,2025-03-06,new,web,24.27
8432,2025-11-04,new,marketplace,95.26
8433,2025-08-28,new,web,147.96
8434,2025-10-10,new,web,93.97
8435,2025-09-04,vip,web,86.01
8436,2025-02-21,returning,app,43.03
8437,2025-03-19,returning,web,47.28
8438,2024-07-28,new,marketplace,109.64
8439,2024-10-10,new,app,67.25
8440,2025-07-06,new,web,51.36
8441,2025-05-07,returning,app,31.35
8442,2024-09-12,returning,app,55.22
8443,2024-08-09,returning,web,17.31
8444,2024-09-20,new,marketplace,91.72
8445,2025-09-02,returning,web,63.26
8446,2025-12-01,new,marketplace,45.94
8447,2024-03-16,returning,web,45.47
8448,2024-12-20,new,app,64.85
8449,2024-10-26,returning,app,96.2
8450,2025-07-03,vip,marketplace,42.52
8451,2024-12-28,vip,web,16.39
8452,2025-10-03,returning,app,26.66
8453,2024-12-09,new,app,55.98
8454,2024-11-03,returning,marketplace,37.52
8455,2025-06-24,returning,marketplace,136.06
8456,2024-09-01,returning,marketplace,25.94
8457,2025-06-11,returning,app,78.19
8458,2025-02-11,returning,web,49.76
8459,2025-03-17,new,web,101.82
8460,2025-11-08,new,web,135.6
8461,2024-02-29,new,app,55.35
8462,2024-03-30,new,app,80.25
8463,2024-07-19,vip,app,39.63
8464,2025-12-16,returning,marketplace,127.26
8465,2025-02-19,new,marketplace,37.29
8466,2024-08-07,returning,marketplace,41.38
8467,2025-05-05,returning,web,63.89
8468,2024-07-30,vip,app,105.05
8469,2024-02-07,new,app,34.13
8470,2025-08-29,returning,web,27.34
8471,2025-09-11,vip,app,45.07
8472,2025-01-23,returning,app,43.73
8473,2024-08-28,vip,web,46.37
8474,2024-12-28,returning,app,43.45
8475,2024-09-13,vip,app,67.38
8476,2025-10-30,new,marketplace,35.96
8477,2025-12-24,returning,marketplace,125.19
8478,2024-05-13,new,app,54.98
8479,2024-05-26,new,marketplace,82.47
8480,2025-06-30,new,app,55.18
8481,2025-11-15,returning,marketplace,60.04
8482,2025-05-25,new,marketplace,46.92
8483,2024-06-01,new,marketplace,46.89
8484,2025-01-05,returning,marketplace,113.07
8485,2025-10-22,returning,web,58.89
8486,2025-06-12,new,web,83.72
8487,2024-08-02,new,marketplace,57.41
8488,2024-05-30,returning,web,41.3
8489,2024-06-13,returning,web,124.32
8490,2024-11-14,new,marketplace,45.91
8491,2025-01-21,returning,marketplace,44.09
8492,2024-12-08,returning,web,59.33
8493,2024-12-02,returning,marketplace,67.23
8494,2025-11-02,new,marketplace,62.97
8495,2024-10-20,returning,marketplace,57.01
8496,2024-06-29,returning,web,54.26
8497,2025-07-20,new,app,64.52
8498,2025-09-09,returning,app,39.77
8499,2024-09-14,vip,web,67.86
8500,2024-12-18,new,marketplace,55.75
8501,2025-11-29,new,web,85.17
8502,2024-02-21,vip,marketplace,35.99
8503,2025-04-16,returning,app,35.18
8504,2025-05-18,vip,web,74.98
8505,2025-12-04,new,app,36.23
8506,2024-03-23,returning,app,46.11
8507,2024-02-01,returning,marketplace,81.98
8508,2024-11-07,new,app,33.5
8509,2025-11-12,returning,web,91.83
8510,2024-07-07,new,web,33.17
8511,2025-02-25,new,web,71.49
8512,2024-12-14,returning,web,57.65
8513,2025-09-21,returning,marketplace,69.77
8514,2024-01-13,new,app,94.79
8515,2024-04-27,returning,web,72.51
8516,2025-12-23,returning,app,61.76
8517,2024-02-23,new,marketplace,19.42
8518,2025-12-17,returning,app,91.0
8519,2025-08-15,returning,app,57.84
8520,2025-12-29,new,app,52.95
8521,2025-06-04,new,app,31.94
8522,2024-10-27,new,app,87.54
8523,2025-10-23,new,web,40.24
8524,2024-12-31,returning,app,78.0
8525,2025-06-08,returning,web,32.0
8526,2025-03-21,new,marketplace,71.95
8527,2025-06-14,returning,app,102.64
8528,2024-01-02,vip,web,59.19
8529,2024-03-10,new,web,39.53
8530,2024-06-30,returning,app,65.2
8531,2025-07-11,new,app,86.1
8532,2025-05-23,returning,web,31.44
8533,2025-08-29,new,app,50.48
8534,2025-08-07,new,marketplace,59.48
8535,2025-10-27,returning,app,46.76
8536,2025-12-20,new,web,79.03
8537,2025-06-10,returning,marketplace,47.75
8538,2024-08-09,new,marketplace,65.84
8539,2025-08-10,vip,web,49.55
8540,2024-02-05,returning,web,45.36
8541,2024-08-01,returning,app,65.56
8542,2024-10-28,returning,web,44.08
8543,2024-09-09,new,web,88.67
8544,2025-01-20,returning,marketplace,65.79
8545,2024-07-19,returning,marketplace,32.77
8546,2024-10-14,returning,marketplace,20.5
8547,2025-02-26,returning,app,73.65
8548,2024-06-08,returning,app,52.64
8549,2024-11-21,new,web,68.57
8550,2024-11-13,returning,marketplace,108.67
8551,2025-12-16,new,web,31.1
8552,2024-03-15,new,marketplace,61.69
8553,2024-03-13,returning,app,41.44
8554,2024-08-18,returning,app,55.33
8555,2024-09-22,new,app,41.65
8556,2025-02-03,returning,web,58.19
8557,2024-05-30,new,app,105.26
8558,2024-01-02,returning,web,53.38
8559,2025-06-23,returning,app,53.44
8560,2025-12-05,returning,app,43.41
8561,2024-09-23,returning,marketplace,147.81
8562,2024-02-25,new,web,45.83
8563,2024-08-20,returning,marketplace,53.76
8564,2024-12-10,returning,web,146.94
8565,2025-12-20,new,app,48.4
8566,2025-07-13,returning,marketplace,26.32
8567,2025-04-26,new,app,79.17
8568,2024-11-06,returning,app,49.33
8569,2024-09-16,returning,web,93.6
8570,2025-10-17,vip,web,54.2
8571,2024-11-21,returning,web,70.76
8572,2024-02-22,returning,app,90.04
8573,2024-05-03,returning,web,139.43
8574,2024-07-02,new,app,106.47
8575,2025-12-22,new,web,58.59
8576,2024-02-17,new,app,42.85
8577,2024-03-15,vip,app,44.95
8578,2025-12-21,new,marketplace,52.8
8579,2025-06-02,returning,web,36.68
8580,2024-12-19,returning,marketplace,44.17
8581,2024-01-09,new,marketplace,44.53
8582,2024-01-22,returning,marketplace,54.82
8583,2025-06-27,returning,app,80.53
8584,2025-10-21,returning,app,52.93
8585,2024-11-20,returning,web,44.54
8586,2025-03-06,new,marketplace,47.01
8587,2024-08-05,new,web,63.9
8588,2025-02-28,returning,marketplace,58.67
8589,2024-03-09,vip,web,93.08
8590,2024-07-14,returning,marketplace,41.19
8591,2024-03-05,vip,web,25.28
8592,2025-11-22,new,web,55.86
8593,2025-10-15,new,app,47.74
8594,2024-05-11,new,web,30.41
8595,2024-12-14,returning,marketplace,76.45
8596,2024-06-10,returning,web,29.96
8597,2024-09-18,new,marketplace,80.45
8598,2024-08-04,new,app,64.56
8599,2024-11-06,returning,marketplace,32.03
8600,2025-02-06,new,app,54.58
8601,2025-05-30,returning,marketplace,72.21
8602,2025-10-29,returning,marketplace,41.38
8603,2025-10-07,vip,web,82.4
8604,2025-06-03,returning,marketplace,106.66
8605,2025-08-25,new,web,32.68
8606,2025-04-14,returning,marketplace,108.16
8607,2025-03-12,new,marketplace,42.44
8608,2024-10-24,new,app,91.06
8609,2024-12-23,new,web,51.9
8610,2025-10-16,returning,app,86.86
8611,2024-09-30,returning,web,75.26
8612,2024-06-05,returning,app,130.88
8613,2025-04-12,returning,web,43.05
8614,2024-01-21,returning,web,89.36
8615,2025-02-25,new,marketplace,91.97
8616,2024-11-15,new,web,35.36
8617,2025-10-28,returning,app,42.79
8618,2025-11-21,returning,web,70.52
8619,2024-06-23,new,marketplace,50.63
8620,2024-10-20,vip,web,121.66
8621,2024-12-12,returning,web,22.46
8622,2024-12-04,new,app,49.58
8623,2024-08-03,returning,web,62.57
8624,2025-08-26,returning,app,68.73
8625,2024-06-16,returning,app,80.76
8626,2025-11-24,returning,web,85.11
8627,2025-03-25,vip,app,47.36
8628,2025-09-07,new,marketplace,47.46
8629,2024-11-13,returning,web,49.88
8630,2025-11-06,vip,marketplace,119.65
8631,2025-02-05,vip,app,55.7
8632,2024-01-22,new,web,74.5
8633,2025-04-12,returning,web,34.66
8634,2025-04-11,new,app,77.09
8635,2025-07-10,new,web,45.91
8636,2025-09-20,vip,web,55.48
8637,2024-11-11,returning,marketplace,108.15
8638,2025-11-06,returning,app,106.37
8639,2024-07-06,new,app,25.51
8640,2024-05-15,returning,web,58.15
8641,2024-10-08,new,marketplace,48.44
8642,2024-04-06,new,marketplace,59.1
8643,2024-03-27,new,marketplace,33.72
8644,2025-06-22,new,web,96.84
8645,2025-05-08,returning,marketplace,75.26
8646,2024-11-17,vip,app,57.16
8647,2024-01-01,new,web,30.66
8648,2024-02-09,new,app,55.56
8649,2025-10-04,new,app,88.99
8650,2025-10-22,returning,app,36.54
8651,2025-02-07,new,app,97.59
8652,2025-08-13,new,app,109.29
8653,2025-11-20,returning,web,59.85
8654,2025-01-02,new,marketplace,45.76
8655,2025-05-30,new,web,57.23
8656,2025-10-21,returning,web,38.64
8657,2025-03-30,vip,web,94.5
8658,2025-11-12,returning,app,68.67
8659,2025-10-03,new,app,74.78
8660,2025-12-31,new,marketplace,60.42
8661,2024-01-29,returning,app,63.1
8662,2025-05-06,new,web,37.17
8663,2025-06-05,new,app,88.42
8664,2025-02-13,new,app,161.33
8665,2024-03-31,new,app,72.16
8666,2025-12-26,new,web,82.72
8667,2024-06-08,new,app,39.79
8668,2025-05-13,new,marketplace,45.01
8669,2024-02-15,returning,web,84.51
8670,2025-11-27,returning,app,35.45
8671,2024-07-03,vip,web,27.36
8672,2024-04-24,returning,marketplace,30.45
8673,2025-12-14,new,marketplace,81.96
8674,2024-10-30,returning,marketplace,192.28
8675,2025-01-06,new,app,85.98
8676,2024-05-01,vip,web,44.01
8677,2025-11-09,returning,marketplace,67.6
8678,2025-06-26,returning,web,31.59
8679,2024-02-03,vip,web,62.67
8680,2024-05-26,new,web,58.05
8681,2024-02-29,new,web,38.01
8682,2025-11-29,vip,app,56.67
8683,2025-12-10,returning,web,66.25
8684,2024-12-23,returning,web,69.67
8685,2024-08-05,new,marketplace,35.14
8686,2024-07-25,new,app,63.6
8687,2024-11-11,new,app,34.53
8688,2024-12-23,returning,web,103.79
8689,2024-07-03,new,web,90.48
8690,2025-08-12,new,app,38.94
8691,2025-09-22,returning,web,65.97
8692,2025-01-04,returning,app,41.22
8693,2024-12-10,returning,web,18.5
8694,2024-10-17,new,app,63.55
8695,2025-12-30,returning,marketplace,87.2
8696,2025-11-21,new,app,30.97
8697,2024-09-27,new,web,158.38
8698,2025-10-30,new,web,54.58
8699,2025-10-18,new,marketplace,53.51
8700,2024-12-13,returning,marketplace,74.12
8701,2024-11-25,returning,app,65.52
8702,2025-07-02,returning,web,34.09
8703,2024-01-26,returning,web,66.87
8704,2025-04-01,new,app,60.43
8705,2025-05-17,returning,web,37.78
8706,2025-08-22,new,web,35.82
8707,2024-12-12,returning,marketplace,125.24
8708,2025-05-28,returning,marketplace,76.69
8709,2024-01-17,new,web,30.18
8710,2025-11-09,new,marketplace,112.61
8711,2024-08-18,new,marketplace,39.74
8712,2024-05-06,returning,web,52.93
8713,2024-10-23,new,marketplace,73.21
8714,2024-07-02,returning,app,102.34
8715,2025-06-23,new,web,85.76
8716,2024-03-13,returning,app,38.82
8717,2025-08-20,returning,app,64.51
8718,2024-05-02,returning,marketplace,86.4
8719,2025-03-22,new,app,48.48
8720,2024-08-20,vip,marketplace,95.34
8721,2024-09-20,new,app,73.37
8722,2024-08-12,returning,web,125.01
8723,2024-06-15,returning,web,128.24
8724,2024-12-10,returning,web,25.82
8725,2025-09-12,new,web,27.11
8726,2025-05-11,new,web,77.64
8727,2024-10-12,new,web,26.8
8728,2025-11-02,returning,marketplace,99.51
8729,2024-08-08,returning,app,61.48
8730,2024-11-05,new,app,61.85
8731,2025-06-06,new,app,24.97
8732,2024-09-05,returning,marketplace,81.19
8733,2024-04-03,new,app,34.82
8734,2024-11-12,vip,web,49.23
8735,2024-10-01,returning,app,69.58
8736,2024-05-05,new,web,54.06
8737,2025-11-21,new,app,105.73
8738,2024-05-23,returning,app,82.27
8739,2024-11-30,new,web,47.46
8740,2025-07-15,returning,marketplace,90.32
8741,2024-02-20,new,marketplace,64.27
8742,2025-08-30,new,app,73.3
8743,2024-06-04,returning,web,31.24
8744,2024-03-28,new,web,67.26
8745,2024-11-11,returning,app,71.8
8746,2024-03-10,vip,web,56.27
8747,2024-04-10,new,app,39.28
8748,2024-04-24,returning,app,40.43
8749,2025-11-01,returning,app,80.25
8750,2024-01-09,new,app,114.65
8751,2024-02-22,vip,web,69.15
8752,2025-01-16,vip,web,47.48
8753,2025-11-02,new,app,51.43
8754,2025-12-11,returning,marketplace,98.05
8755,2024-10-22,returning,web,43.01
8756,2025-12-29,returning,app,27.8
8757,2025-01-21,vip,app,59.22
8758,2025-07-24,returning,app,25.21
8759,2025-10-24,vip,web,50.44
8760,2024-12-21,returning,app,31.46
8761,2024-09-06,returning,app,21.9
8762,2024-02-14,new,app,128.29
8763,2024-11-12,returning,app,92.91
8764,2025-07-05,vip,marketplace,52.68
8765,2025-05-19,new,marketplace,64.43
8766,2024-03-13,new,marketplace,43.8
8767,2024-07-29,new,app,59.89
8768,2024-08-26,returning,marketplace,37.67
8769,2025-04-17,returning,web,83.22
8770,2024-04-30,new,app,56.91
8771,2025-01-10,returning,marketplace,34.07
8772,2024-12-09,vip,web,38.29
8773,2025-04-07,vip,app,60.71
8774,2024-02-20,returning,marketplace,171.91
8775,2025-11-15,returning,app,39.4
8776,2024-09-16,new,marketplace,50.21
8777,2025-02-16,new,app,153.17
8778,2024-07-07,new,app,62.12
8779,2024-10-28,new,web,62.38
8780,2024-06-11,new,app,18.78
8781,2024-03-03,new,web,79.99
8782,2024-11-04,new,web,54.55
8783,2025-05-09,new,marketplace,146.18
8784,2025-04-26,new,marketplace,58.12
8785,2024-04-05,new,app,105.94
8786,2025-09-21,returning,marketplace,43.43
8787,2025-11-08,returning,app,49.8
8788,2025-10-13,returning,web,61.32
8789,2024-07-11,new,web,37.72
8790,2024-10-23,returning,marketplace,64.55
8791,2024-01-28,new,app,67.48
8792,2025-03-28,returning,web,59.58
8793,2025-12-13,returning,marketplace,88.37
8794,2025-08-11,returning,marketplace,80.85
8795,2025-07-11,returning,marketplace,59.56
8796,2025-12-20,returning,app,68.29
8797,2024-01-19,returning,web,77.52
8798,2024-07-19,new,web,55.13
8799,2024-10-03,new,app,40.3
8800,2025-02-04,new,marketplace,61.31
8801,2025-11-15,new,web,36.07
8802,2025-01-16,returning,web,71.99
8803,2025-03-03,new,marketplace,37.17
8804,2024-04-23,returning,marketplace,29.38
8805,2025-09-18,new,web,70.41
8806,2024-07-25,returning,marketplace,39.63
8807,2025-12-14,returning,marketplace,55.71
8808,2024-12-16,returning,app,29.88
8809,2024-01-14,returning,web,63.73
8810,2024-07-24,new,app,91.22
8811,2025-06-04,new,web,59.36
8812,2025-12-25,new,marketplace,72.65
8813,2024-05-24,new,app,38.27
8814,2024-11-05,returning,web,61.57
8815,2024-12-31,new,web,46.48
8816,2024-12-14,new,marketplace,78.57
8817,2025-11-06,returning,marketplace,18.89
8818,2025-04-22,vip,app,64.28
8819,2025-07-18,new,web,45.44
8820,2024-07-04,new,web,76.93
8821,2025-01-19,new,app,67.7
8822,2025-10-03,returning,marketplace,27.49
8823,2025-02-16,returning,web,41.54
8824,2025-07-16,new,marketplace,38.46
8825,2025-09-05,returning,web,27.47
8826,2025-02-07,returning,marketplace,48.52
8827,2025-03-25,new,marketplace,79.54
8828,2025-01-06,new,web,80.53
8829,2025-09-20,new,app,63.29
8830,2025-06-04,returning,web,52.65
8831,2024-11-10,new,web,46.53
8832,2024-03-04,new,app,53.05
8833,2025-04-21,returning,marketplace,42.32
8834,2025-08-19,new,marketplace,19.44
8835,2024-11-22,new,web,77.51
8836,2024-07-20,returning,marketplace,116.14
8837,2024-05-09,new,web,43.86
8838,2024-08-29,new,app,36.36
8839,2025-07-06,new,web,58.62
8840,2025-06-06,returning,marketplace,38.33
8841,2024-07-26,new,marketplace,39.68
8842,2025-03-16,returning,marketplace,70.98
8843,2024-01-31,returning,app,62.28
8844,2025-12-24,new,marketplace,79.3
8845,2025-08-26,returning,app,61.08
8846,2024-11-10,returning,app,97.17
8847,2025-11-09,returning,app,59.68
8848,2024-06-09,vip,marketplace,45.7
8849,2024-04-10,new,app,43.22
8850,2025-04-10,new,web,48.05
8851,2024-01-18,returning,marketplace,59.03
8852,2024-12-05,new,app,79.34
8853,2024-09-20,returning,app,51.71
8854,2025-12-12,new,web,40.13
8855,2024-11-24,returning,web,30.98
8856,2025-12-24,returning,app,33.79
8857,2024-12-05,new,web,53.43
8858,2025-01-05,new,marketplace,70.63
8859,2024-09-11,returning,app,102.83
8860,2025-10-15,new,web,85.22
8861,2025-11-21,vip,marketplace,64.07
8862,2024-08-16,vip,app,126.74
8863,2024-08-02,vip,web,62.93
8864,2025-01-08,returning,app,105.57
8865,2025-01-02,returning,marketplace,66.84
8866,2025-03-24,returning,app,83.09
8867,2025-02-17,returning,web,146.43
8868,2025-06-09,returning,app,62.99
8869,2024-09-18,returning,marketplace,32.96
8870,2025-02-25,returning,marketplace,55.85
8871,2025-01-26,new,marketplace,70.75
8872,2025-12-22,new,web,86.95
8873,2024-03-26,new,marketplace,42.11
8874,2024-11-20,new,app,89.04
8875,2024-01-06,new,web,44.53
8876,2024-12-01,returning,web,49.02
8877,2025-06-24,new,app,29.19
8878,2025-06-13,returning,app,48.11
8879,2025-07-26,returning,marketplace,75.77
8880,2025-03-10,new,web,147.47
8881,2025-10-25,returning,app,50.41
8882,2024-09-21,returning,app,52.28
8883,2024-02-12,new,web,43.73
8884,2025-06-07,new,web,39.23
8885,2025-11-13,new,marketplace,66.69
8886,2025-12-16,new,web,94.0
8887,2025-08-31,returning,app,108.86
8888,2024-05-16,returning,marketplace,46.99
8889,2025-04-16,new,marketplace,79.88
8890,2024-06-06,new,web,64.93
8891,2024-12-09,new,app,50.11
8892,2025-02-02,new,marketplace,25.56
8893,2024-05-11,returning,marketplace,111.84
8894,2025-04-13,returning,marketplace,36.7
8895,2025-10-16,returning,app,39.45
8896,2025-12-28,new,web,25.93
8897,2024-07-04,new,web,52.53
8898,2025-12-30,returning,web,28.4
8899,2025-08-11,vip,app,47.42
8900,2024-02-12,new,app,118.15
8901,2025-07-27,new,marketplace,81.86
8902,2024-11-10,returning,web,46.45
8903,2024-07-19,returning,web,62.95
8904,2024-01-03,returning,marketplace,44.14
8905,2025-04-17,returning,app,54.14
8906,2024-06-30,returning,app,31.69
8907,2025-03-07,new,marketplace,72.23
8908,2025-06-28,returning,app,56.41
8909,2025-11-12,returning,app,45.47
8910,2025-05-10,new,app,67.72
8911,2025-11-07,returning,app,142.27
8912,2024-11-15,new,app,73.28
8913,2025-01-18,new,web,41.39
8914,2025-12-24,vip,marketplace,100.9
8915,2025-03-01,vip,web,60.99
8916,2024-06-11,vip,app,53.57
8917,2024-08-21,new,web,86.64
8918,2025-07-30,new,app,54.53
8919,2025-08-21,returning,marketplace,51.36
8920,2025-08-18,new,web,54.14
8921,2024-07-13,returning,app,63.4
8922,2025-02-17,returning,web,74.39
8923,2025-12-13,returning,marketplace,77.72
8924,2024-01-31,new,web,44.33
8925,2024-09-27,returning,app,61.58
8926,2025-11-02,returning,app,123.69
8927,2025-10-25,new,web,79.06
8928,2024-10-28,returning,app,77.49
8929,2025-05-22,returning,marketplace,54.24
8930,2025-05-11,returning,marketplace,37.46
8931,2024-09-24,new,web,71.78
8932,2024-08-18,returning,app,49.36
8933,2025-12-21,vip,marketplace,19.22
8934,2024-06-19,vip,app,65.63
8935,2025-09-17,returning,app,31.99
8936,2024-12-05,new,marketplace,97.38
8937,2025-01-15,vip,web,51.93
8938,2025-06-18,returning,marketplace,79.54
8939,2025-07-12,new,web,60.58
8940,2025-12-10,returning,app,57.14
8941,2024-01-03,returning,marketplace,37.4
8942,2024-12-25,new,app,57.48
8943,2025-12-03,new,marketplace,85.87
8944,2024-10-11,returning,web,60.75
8945,2025-05-25,vip,marketplace,26.95
8946,2025-01-14,returning,web,55.32
8947,2024-04-22,returning,web,18.93
8948,2024-07-25,new,web,76.09
8949,2025-11-10,returning,marketplace,45.72
8950,2025-10-02,new,marketplace,40.34
8951,2024-08-04,new,web,56.14
8952,2024-02-14,new,web,28.23
8953,2025-08-28,new,app,32.21
8954,2024-04-17,returning,app,36.83
8955,2025-01-14,new,marketplace,49.43
8956,2024-12-20,new,app,56.9
8957,2025-12-01,new,web,62.3
8958,2024-09-10,returning,marketplace,81.09
8959,2025-10-19,new,web,105.36
8960,2025-06-15,new,app,35.73
8961,2025-12-11,returning,web,86.44
8962,2025-12-25,new,web,62.82
8963,2024-10-27,returning,marketplace,66.55
8964,2025-10-27,vip,marketplace,81.53
8965,2024-06-27,returning,marketplace,55.24
8966,2025-08-10,new,web,74.9
8967,2024-08-22,returning,app,67.59
8968,2025-01-15,vip,web,74.9
8969,2025-12-27,returning,app,94.39
8970,2025-10-14,new,app,70.56
8971,2025-12-23,returning,app,81.13
8972,2025-01-24,returning,marketplace,54.68
8973,2025-12-16,new,marketplace,73.02
8974,2024-11-30,returning,app,37.26
8975,2025-06-29,new,web,92.75
8976,2025-07-26,returning,web,49.79
8977,2025-02-10,new,marketplace,25.9
8978,2024-06-18,new,app,89.21
8979,2024-02-26,new,web,42.86
8980,2025-03-12,vip,marketplace,67.26
8981,2024-12-16,new,app,39.08
8982,2025-02-22,new,app,29.28
8983,2025-08-25,new,app,52.92
8984,2024-12-17,new,marketplace,58.71
8985,2025-05-16,returning,app,41.94
8986,2024-04-12,returning,app,76.71
8987,2025-05-05,new,marketplace,106.25
8988,2025-04-01,returning,web,62.25
8989,2024-01-17,returning,marketplace,59.31
8990,2025-10-28,new,web,40.06
8991,2025-02-05,returning,marketplace,37.06
8992,2024-05-24,returning,app,22.89
8993,2024-09-12,new,web,58.44
8994,2024-09-23,new,marketplace,23.88
8995,2025-12-10,returning,marketplace,64.91
8996,2025-10-27,returning,app,57.6
8997,2025-01-30,vip,marketplace,77.34
8998,2024-04-29,new,app,32.54
8999,2025-03-13,new,marketplace,50.86
9000,2024-11-15,returning,app,70.07
9001,2024-09-06,returning,web,92.73
9002,2025-04-04,new,web,60.32
9003,2024-09-16,returning,web,57.74
9004,2024-10-26,vip,web,131.1
9005,2024-12-13,returning,app,81.61
9006,2024-05-10,new,web,41.82
9007,2025-10-15,returning,marketplace,62.58
9008,2025-08-26,returning,web,114.92
9009,2024-11-21,new,marketplace,45.85
9010,2025-03-06,new,web,28.42
9011,2024-07-03,new,web,56.11
9012,2025-12-29,new,marketplace,41.35
9013,2024-04-20,new,web,113.95
9014,2025-07-20,vip,marketplace,81.03
9015,2024-12-10,new,web,30.1
9016,2024-10-29,vip,web,25.84
9017,2024-02-19,new,marketplace,75.63
9018,2024-11-15,returning,app,59.51
9019,2024-10-31,returning,marketplace,59.83
9020,2024-04-11,new,app,63.08
9021,2025-04-15,new,web,67.51
9022,2024-10-15,returning,web,68.18
9023,2025-11-08,vip,web,57.09
9024,2025-10-08,new,web,120.59
9025,2024-06-19,returning,web,72.47
9026,2025-05-10,returning,marketplace,20.0
9027,2025-04-24,returning,web,32.23
9028,2025-03-12,new,web,48.7
9029,2025-03-01,returning,marketplace,48.8
9030,2025-03-17,returning,web,88.61
9031,2025-06-02,vip,web,57.17
9032,2024-06-04,vip,web,31.89
9033,2025-02-25,returning,web,52.06
9034,2024-11-27,returning,marketplace,35.6
9035,2024-11-13,new,marketplace,51.38
9036,2025-02-06,returning,marketplace,66.2
9037,2024-02-24,returning,web,38.78
9038,2025-10-19,new,app,51.04
9039,2025-03-13,vip,app,45.7
9040,2025-11-01,new,marketplace,73.51
9041,2024-01-30,new,web,84.48
9042,2025-07-31,returning,marketplace,122.15
9043,2025-09-24,new,app,79.13
9044,2024-02-10,returning,web,29.25
9045,2024-06-05,new,web,204.38
9046,2025-11-23,returning,app,105.74
9047,2024-07-15,returning,marketplace,36.97
9048,2025-04-26,new,web,57.67
9049,2025-04-08,new,marketplace,90.06
9050,2024-03-20,vip,marketplace,36.05
9051,2025-11-19,returning,app,43.84
9052,2024-01-27,new,app,54.93
9053,2025-11-25,returning,marketplace,62.29
9054,2024-12-14,returning,marketplace,37.6
9055,2025-11-09,new,app,63.74
9056,2025-09-12,new,app,81.23
9057,2025-02-18,vip,marketplace,62.77
9058,2025-11-26,new,web,66.52
9059,2024-05-20,new,marketplace,42.94
9060,2024-05-31,returning,app,64.6
9061,2024-12-16,new,app,80.8
9062,2025-09-07,returning,web,60.42
9063,2024-12-04,returning,app,49.49
9064,2025-07-24,vip,web,76.64
9065,2024-11-13,new,web,62.29
9066,2024-11-19,returning,marketplace,98.92
9067,2025-03-08,vip,web,77.61
9068,2024-01-06,returning,app,57.44
9069,2024-12-05,returning,web,84.8
9070,2025-09-04,returning,marketplace,118.35
9071,2024-04-12,returning,marketplace,41.38
9072,2025-09-24,returning,marketplace,48.38
9073,2025-04-01,new,marketplace,58.69
9074,2024-06-13,new,app,87.18
9075,2024-09-10,returning,web,80.03
9076,2025-11-26,returning,marketplace,107.34
9077,2025-12-18,new,app,50.03
9078,2024-12-06,returning,app,92.15
9079,2025-01-19,new,web,40.72
9080,2025-10-17,vip,marketplace,76.94
9081,2025-05-31,returning,marketplace,56.42
9082,2024-02-14,new,web,100.62
9083,2024-12-20,returning,web,46.75
9084,2024-09-30,returning,marketplace,41.12
9085,2025-09-01,vip,marketplace,28.79
9086,2024-01-14,new,marketplace,42.11
9087,2025-11-24,vip,web,137.31
9088,2025-02-09,returning,web,128.18
9089,2024-09-01,returning,web,103.81
9090,2024-10-24,returning,app,50.16
9091,2024-08-20,returning,app,182.69
9092,2024-02-23,returning,marketplace,69.39
9093,2025-03-03,vip,app,52.22
9094,2024-07-18,returning,web,53.06
9095,2024-08-01,vip,app,59.47
9096,2025-05-04,new,app,68.88
9097,2024-10-23,new,app,101.38
9098,2025-01-07,new,marketplace,44.94
9099,2025-11-20,returning,app,16.89
9100,2024-07-27,new,marketplace,88.57
9101,2024-12-22,new,web,91.98
9102,2024-10-03,returning,web,27.8
9103,2025-05-09,new,marketplace,70.63
9104,2024-12-24,new,marketplace,58.71
9105,2024-01-02,new,app,72.47
9106,2024-12-21,new,app,81.87
9107,2025-05-25,returning,web,96.96
9108,2024-04-04,returning,marketplace,74.27
9109,2024-08-17,returning,web,71.18
9110,2024-03-30,returning,app,66.74
9111,2024-10-11,returning,app,61.21
9112,2025-04-28,returning,web,38.39
9113,2024-12-10,new,app,42.43
9114,2025-02-07,new,app,76.39
9115,2025-03-14,new,marketplace,174.7
9116,2025-02-17,returning,app,65.3
9117,2024-09-17,returning,web,62.45
9118,2024-06-24,returning,web,132.48
9119,2024-10-22,returning,web,57.22
9120,2025-08-16,returning,marketplace,46.03
9121,2024-12-18,returning,marketplace,117.87
9122,2025-05-22,new,web,41.12
9123,2025-11-03,returning,marketplace,36.59
9124,2024-04-11,returning,app,64.25
9125,2024-08-14,returning,web,47.88
9126,2024-08-14,new,web,50.01
9127,2024-05-01,returning,marketplace,45.62
9128,2025-08-04,vip,marketplace,57.49
9129,2024-11-09,new,marketplace,19.66
9130,2024-01-07,returning,marketplace,61.21
9131,2024-09-14,returning,web,58.1
9132,2024-12-19,vip,app,62.98
9133,2025-12-07,new,web,97.26
9134,2025-06-04,new,web,90.01
9135,2025-04-28,new,marketplace,62.74
9136,2024-12-11,returning,app,64.62
9137,2024-12-07,vip,marketplace,32.38
9138,2025-12-19,returning,web,61.34
9139,2024-05-10,vip,app,28.99
9140,2024-11-15,new,app,40.68
9141,2024-10-13,returning,marketplace,83.48
9142,2025-12-16,vip,marketplace,132.61
9143,2025-01-12,returning,web,68.91
9144,2024-12-02,returning,web,51.51
9145,2024-11-27,returning,app,36.14
9146,2024-05-09,returning,app,74.54
9147,2024-12-25,returning,marketplace,72.37
9148,2025-07-25,returning,web,106.92
9149,2025-05-13,returning,app,88.77
9150,2025-09-19,new,web,73.09
9151,2025-08-26,new,web,61.52
9152,2024-01-04,returning,web,52.03
9153,2025-05-23,new,web,76.01
9154,2024-10-30,returning,marketplace,33.05
9155,2025-05-31,new,web,71.27
9156,2024-11-18,returning,web,59.69
9157,2025-10-31,new,marketplace,46.47
9158,2025-05-28,new,app,32.28
9159,2024-06-10,new,marketplace,33.85
9160,2024-07-24,returning,marketplace,39.45
9161,2024-02-14,returning,app,101.25
9162,2025-02-17,returning,app,52.35
9163,2024-04-07,new,app,37.35
9164,2025-10-05,new,web,65.58
9165,2025-01-25,new,marketplace,127.15
9166,2025-08-12,new,web,37.64
9167,2025-09-30,new,app,49.42
9168,2025-12-13,new,marketplace,47.38
9169,2025-10-30,vip,web,53.31
9170,2024-12-08,returning,app,56.99
9171,2024-06-01,new,app,88.4
9172,2024-11-14,returning,marketplace,53.85
9173,2024-12-15,returning,web,48.03
9174,2025-10-31,returning,app,102.7
9175,2024-02-21,new,web,44.84
9176,2024-03-09,new,web,55.77
9177,2025-11-16,returning,marketplace,104.03
9178,2025-03-20,new,web,98.7
9179,2025-11-22,new,web,61.51
9180,2025-01-30,returning,app,106.08
9181,2025-08-12,vip,app,30.64
9182,2025-08-13,new,app,66.66
9183,2024-12-31,returning,marketplace,40.24
9184,2025-11-07,returning,marketplace,50.55
9185,2025-12-12,returning,web,54.76
9186,2025-02-01,returning,app,63.85
9187,2024-10-02,new,web,96.48
9188,2025-06-02,returning,web,95.6
9189,2025-05-22,returning,app,88.59
9190,2024-09-23,returning,marketplace,73.26
9191,2024-05-11,vip,app,37.59
9192,2024-01-05,vip,web,34.87
9193,2024-12-20,new,app,46.55
9194,2025-02-02,new,app,31.28
9195,2025-08-09,returning,web,90.11
9196,2025-09-23,returning,marketplace,204.23
9197,2025-11-16,returning,marketplace,60.16
9198,2025-10-11,new,app,47.17
9199,2024-05-25,new,marketplace,28.58
9200,2025-11-05,new,web,112.41
9201,2025-05-09,new,marketplace,101.95
9202,2024-08-18,new,web,61.9
9203,2024-03-13,returning,marketplace,32.27
9204,2024-03-11,new,app,31.45
9205,2024-08-17,new,app,36.86
9206,2024-09-13,new,web,29.12
9207,2025-12-08,new,marketplace,66.46
9208,2025-05-07,new,marketplace,99.15
9209,2025-01-02,vip,app,48.1
9210,2024-04-15,returning,web,83.03
9211,2025-11-05,vip,marketplace,53.23
9212,2025-10-23,returning,web,99.92
9213,2025-10-18,new,web,52.45
9214,2024-11-04,returning,marketplace,49.85
9215,2024-05-13,returning,web,92.63
9216,2024-12-28,returning,web,49.43
9217,2025-07-05,returning,web,62.89
9218,2024-06-24,new,web,51.61
9219,2024-12-04,returning,web,96.27
9220,2024-04-07,vip,marketplace,57.0
9221,2025-06-15,new,web,46.63
9222,2025-09-13,new,app,72.77
9223,2024-09-25,new,marketplace,53.53
9224,2025-06-20,new,web,65.24
9225,2024-01-28,new,marketplace,30.87
9226,2025-12-27,new,app,76.77
9227,2025-10-31,new,marketplace,54.66
9228,2024-03-25,vip,web,57.17
9229,2024-08-26,new,app,28.93
9230,2025-02-07,returning,app,56.56
9231,2025-04-29,returning,app,63.75
9232,2024-12-22,vip,app,59.49
9233,2024-10-23,new,marketplace,106.56
9234,2025-07-08,new,app,69.64
9235,2024-09-24,new,marketplace,126.13
9236,2024-10-13,new,app,59.71
9237,2025-06-12,returning,marketplace,49.06
9238,2024-12-06,new,web,83.12
9239,2024-12-23,vip,marketplace,28.08
9240,2024-03-29,new,app,92.06
9241,2025-05-16,returning,marketplace,59.6
9242,2024-11-26,returning,marketplace,47.1
9243,2025-02-01,returning,marketplace,57.18
9244,2024-04-04,returning,app,58.46
9245,2024-11-06,returning,marketplace,59.7
9246,2025-11-28,returning,app,56.03
9247,2024-04-30,new,web,23.76
9248,2025-08-15,returning,marketplace,78.98
9249,2025-09-01,returning,app,60.8
9250,2024-10-27,returning,web,47.11
9251,2025-03-19,returning,marketplace,118.52
9252,2024-03-29,new,app,70.18
9253,2024-11-25,returning,marketplace,42.53
9254,2024-05-25,new,web,59.05
9255,2025-06-29,new,app,62.2
9256,2024-03-13,returning,marketplace,66.37
9257,2024-11-08,vip,app,50.0
9258,2024-10-05,returning,web,85.89
9259,2025-06-14,new,web,56.62
9260,2024-06-27,returning,marketplace,39.42
9261,2025-07-07,new,web,75.19
9262,2025-11-20,new,marketplace,52.68
9263,2024-05-13,new,marketplace,58.5
9264,2024-04-12,returning,marketplace,55.72
9265,2024-09-06,returning,marketplace,69.42
9266,2025-08-21,returning,app,62.13
9267,2025-03-26,new,marketplace,20.94
9268,2025-03-23,new,web,85.88
9269,2024-02-20,new,app,34.97
9270,2025-03-28,returning,marketplace,75.42
9271,2025-06-30,new,web,53.01
9272,2025-11-14,returning,app,32.0
9273,2024-02-17,new,web,38.32
9274,2025-12-19,returning,web,77.48
9275,2024-12-02,returning,web,18.3
9276,2024-03-19,new,marketplace,28.25
9277,2024-12-02,vip,app,45.99
9278,2024-04-26,new,web,166.54
9279,2025-07-23,returning,web,32.0
9280,2025-10-29,returning,marketplace,54.29
9281,2025-03-12,new,marketplace,95.07
9282,2024-10-25,vip,web,43.37
9283,2025-06-11,returning,app,52.42
9284,2025-12-01,new,web,62.57
9285,2024-03-05,new,app,46.42
9286,2025-12-04,new,web,102.87
9287,2025-03-01,returning,app,44.46
9288,2024-12-19,new,web,40.19
9289,2025-05-06,new,web,56.94
9290,2024-03-26,returning,marketplace,50.19
9291,2025-12-27,returning,app,26.37
9292,2024-03-17,vip,app,56.37
9293,2024-05-31,new,web,102.86
9294,2025-02-22,returning,web,47.63
9295,2025-05-24,new,app,42.36
9296,2024-04-23,new,web,68.58
9297,2024-07-03,new,marketplace,123.17
9298,2025-05-26,returning,web,56.39
9299,2024-11-03,returning,marketplace,30.35
9300,2025-09-15,returning,web,43.7
9301,2025-04-15,returning,app,62.1
9302,2024-09-29,new,marketplace,65.88
9303,2025-05-02,vip,marketplace,37.15
9304,2025-10-19,returning,app,43.54
9305,2024-01-02,new,web,47.64
9306,2024-12-27,new,marketplace,72.3
9307,2024-06-25,new,web,69.11
9308,2024-10-19,returning,web,55.77
9309,2024-10-25,returning,app,111.88
9310,2024-12-20,returning,marketplace,58.71
9311,2024-12-19,returning,app,51.89
9312,2024-12-23,vip,marketplace,31.02
9313,2025-08-06,vip,marketplace,58.42
9314,2025-05-31,returning,web,109.78
9315,2025-11-25,new,web,72.37
9316,2024-01-24,new,app,72.01
9317,2024-11-21,returning,web,46.96
9318,2024-11-29,returning,app,69.84
9319,2024-06-27,returning,app,62.87
9320,2025-11-03,returning,app,66.07
9321,2024-07-09,returning,app,86.53
9322,2025-10-07,new,marketplace,78.04
9323,2024-08-19,returning,web,92.33
9324,2024-12-08,new,app,79.7
9325,2025-04-03,new,web,78.01
9326,2024-02-04,new,web,67.08
9327,2024-03-08,new,marketplace,20.04
9328,2024-02-01,returning,marketplace,24.96
9329,2025-04-09,new,app,60.63
9330,2024-06-05,returning,web,53.03
9331,2025-03-02,new,web,118.4
9332,2025-04-02,returning,marketplace,72.33
9333,2024-05-27,new,app,129.42
9334,2025-11-18,new,marketplace,50.02
9335,2025-03-29,returning,marketplace,44.38
9336,2024-02-28,returning,web,72.68
9337,2024-04-25,returning,app,52.92
9338,2024-09-27,new,app,49.58
9339,2025-02-26,returning,web,28.32
9340,2025-02-18,new,marketplace,47.18
9341,2024-11-13,returning,marketplace,67.4
9342,2025-11-20,returning,marketplace,123.21
9343,2025-12-07,returning,app,119.09
9344,2025-08-20,returning,web,87.26
9345,2024-03-06,new,web,82.06
9346,2024-10-17,returning,web,69.47
9347,2024-09-22,vip,marketplace,104.42
9348,2024-02-10,new,web,29.3
9349,2025-06-20,vip,web,74.68
9350,2024-10-28,vip,web,42.95
9351,2024-08-28,returning,web,58.51
9352,2025-07-03,returning,marketplace,49.67
9353,2025-09-10,new,marketplace,48.46
9354,2024-09-07,new,marketplace,63.66
9355,2025-12-12,new,web,39.65
9356,2025-12-11,new,marketplace,109.73
9357,2024-08-23,returning,marketplace,72.19
9358,2024-03-29,new,web,72.03
9359,2024-04-30,returning,marketplace,87.56
9360,2025-11-19,returning,app,37.04
9361,2024-08-14,new,web,46.19
9362,2025-09-10,new,app,42.1
9363,2024-12-29,returning,web,31.04
9364,2025-05-23,returning,web,54.46
9365,2025-10-07,new,marketplace,90.57
9366,2024-07-02,vip,marketplace,32.62
9367,2025-12-24,new,marketplace,61.23
9368,2025-04-10,returning,marketplace,133.59
9369,2025-03-11,new,marketplace,73.48
9370,2024-10-07,returning,marketplace,60.59
9371,2024-12-01,new,marketplace,63.81
9372,2024-07-08,returning,web,40.25
9373,2024-10-30,new,app,91.56
9374,2025-11-28,new,app,116.76
9375,2025-04-16,returning,app,38.33
9376,2025-02-06,new,web,41.47
9377,2024-05-10,returning,marketplace,83.34
9378,2024-11-05,new,web,46.61
9379,2024-02-05,new,app,48.93
9380,2025-02-17,returning,web,49.1
9381,2025-08-14,returning,marketplace,64.39
9382,2024-12-13,new,app,38.48
9383,2024-10-15,new,app,31.1
9384,2024-04-28,vip,marketplace,82.96
9385,2025-02-09,new,web,66.75
9386,2024-02-22,new,marketplace,75.98
9387,2024-05-31,returning,app,63.58
9388,2025-09-25,new,app,75.84
9389,2024-05-06,new,web,83.56
9390,2025-08-03,returning,marketplace,54.56
9391,2024-05-20,new,web,49.31
9392,2024-03-11,new,app,38.99
9393,2025-04-20,new,web,34.23
9394,2025-04-24,new,marketplace,28.17
9395,2024-01-21,returning,marketplace,61.45
9396,2025-05-10,new,marketplace,61.17
9397,2024-06-14,new,web,70.05
9398,2024-08-12,new,marketplace,67.9
9399,2024-04-18,new,web,66.24
9400,2025-01-17,new,marketplace,52.84
9401,2024-09-20,new,marketplace,61.64
9402,2024-06-30,returning,marketplace,107.44
9403,2024-11-26,new,app,54.51
9404,2024-11-04,returning,web,67.51
9405,2025-05-27,new,web,83.53
9406,2024-02-28,vip,app,67.42
9407,2025-08-12,returning,marketplace,52.77
9408,2025-11-13,returning,marketplace,57.2
9409,2024-05-14,new,app,34.61
9410,2024-01-27,new,web,42.21
9411,2024-08-16,vip,app,34.13
9412,2025-12-19,new,marketplace,47.17
9413,2025-02-02,new,marketplace,53.54
9414,2025-10-23,returning,app,84.26
9415,2025-03-18,returning,marketplace,32.61
9416,2025-03-11,new,marketplace,54.6
9417,2025-05-19,new,app,31.39
9418,2025-01-07,returning,web,60.11
9419,2025-01-21,returning,web,69.9
9420,2025-02-16,returning,web,55.82
9421,2024-10-17,returning,web,80.56
9422,2024-05-16,new,marketplace,74.8
9423,2025-10-14,returning,app,82.84
9424,2024-12-13,vip,app,37.9
9425,2025-05-17,new,marketplace,65.03
9426,2024-06-22,returning,web,39.75
9427,2025-05-01,new,app,81.72
9428,2025-07-12,returning,marketplace,67.37
9429,2025-02-03,returning,marketplace,47.3
9430,2024-12-03,vip,web,26.69
9431,2025-02-21,new,web,56.94
9432,2025-10-21,returning,app,40.81
9433,2025-12-16,new,web,59.7
9434,2024-09-25,returning,web,53.79
9435,2024-08-22,new,marketplace,43.05
9436,2025-08-15,vip,web,57.57
9437,2024-05-16,returning,web,86.29
9438,2024-06-03,returning,app,91.64
9439,2024-04-14,new,app,37.28
9440,2025-06-05,returning,app,69.34
9441,2024-06-02,returning,web,49.95
9442,2025-12-09,new,marketplace,61.91
9443,2025-12-19,returning,marketplace,45.37
9444,2024-10-13,returning,marketplace,86.25
9445,2024-05-12,new,marketplace,43.75
9446,2025-01-02,new,web,58.8
9447,2025-08-06,new,app,50.23
9448,2024-08-01,new,app,37.26
9449,2024-09-19,returning,app,82.66
9450,2024-05-26,returning,marketplace,50.56
9451,2024-05-21,new,marketplace,33.24
9452,2025-09-02,new,app,54.53
9453,2025-05-20,returning,marketplace,51.4
9454,2025-01-16,returning,app,110.46
9455,2025-08-27,new,marketplace,49.32
9456,2024-12-25,new,app,31.83
9457,2024-03-02,new,marketplace,40.46
9458,2024-11-17,returning,app,61.2
9459,2024-04-02,returning,marketplace,69.61
9460,2024-05-19,returning,marketplace,77.93
9461,2024-06-23,returning,web,41.99
9462,2025-03-11,returning,app,119.22
9463,2025-04-24,new,web,96.62
9464,2025-06-29,new,web,69.6
9465,2025-04-30,returning,web,65.57
9466,2024-07-20,new,app,43.97
9467,2025-12-14,new,web,100.62
9468,2024-07-05,returning,app,68.02
9469,2025-06-05,returning,web,16.97
9470,2025-10-23,returning,web,40.16
9471,2025-12-25,new,marketplace,53.86
9472,2024-10-18,returning,web,42.39
9473,2025-10-01,vip,web,56.59
9474,2024-09-01,vip,app,61.96
9475,2025-11-07,vip,web,54.64
9476,2024-10-27,new,marketplace,76.72
9477,2024-07-26,returning,marketplace,49.55
9478,2024-11-14,new,web,55.51
9479,2025-09-08,new,web,37.18
9480,2024-11-29,new,marketplace,30.83
9481,2024-12-15,new,web,42.4
9482,2024-08-25,returning,marketplace,29.06
9483,2024-11-23,returning,app,50.71
9484,2025-09-07,returning,marketplace,71.78
9485,2024-06-20,returning,app,90.53
9486,2025-08-12,new,app,46.9
9487,2024-03-14,new,marketplace,44.35
9488,2025-11-26,new,marketplace,106.09
9489,2025-03-08,returning,web,44.68
9490,2024-07-22,returning,marketplace,85.56
9491,2024-06-08,returning,marketplace,64.23
9492,2025-05-07,new,web,38.8
9493,2024-06-24,returning,marketplace,64.54
9494,2025-09-13,returning,web,58.99
9495,2024-11-21,returning,marketplace,67.62
9496,2024-08-27,returning,marketplace,25.67
9497,2025-08-15,vip,web,40.73
9498,2025-06-21,new,web,69.27
9499,2024-10-06,new,app,33.44
9500,2025-11-09,returning,marketplace,35.37
9501,2024-12-22,returning,app,68.51
9502,2024-10-16,returning,app,53.54
9503,2025-05-27,returning,app,48.94
9504,2025-12-12,new,web,41.58
9505,2024-08-07,returning,web,117.3
9506,2025-08-26,new,web,83.64
9507,2024-03-15,vip,app,86.5
9508,2025-08-05,returning,marketplace,101.89
9509,2024-03-31,new,marketplace,40.57
9510,2024-12-24,new,marketplace,81.1
9511,2025-02-23,returning,marketplace,49.86
9512,2025-11-28,new,marketplace,56.81
9513,2025-01-02,new,web,49.87
9514,2024-03-31,returning,web,57.76
9515,2025-02-26,vip,marketplace,73.89
9516,2024-01-31,new,marketplace,63.25
9517,2025-07-29,returning,marketplace,71.25
9518,2025-03-28,new,marketplace,54.99
9519,2024-09-16,new,app,52.77
9520,2025-03-04,returning,app,64.98
9521,2025-12-31,returning,marketplace,77.66
9522,2024-09-21,new,app,55.21
9523,2024-05-13,new,app,54.61
9524,2025-10-14,new,app,130.61
9525,2025-04-18,new,marketplace,44.32
9526,2025-04-12,new,web,59.04
9527,2025-04-18,returning,app,154.89
9528,2024-08-30,new,marketplace,53.94
9529,2024-12-29,returning,app,44.25
9530,2025-05-29,returning,marketplace,25.55
9531,2024-11-25,returning,app,55.06
9532,2025-04-26,new,web,52.71
9533,2024-08-01,new,marketplace,55.66
9534,2025-05-21,new,marketplace,116.57
9535,2025-08-10,new,marketplace,32.09
9536,2025-05-06,new,web,58.19
9537,2024-04-23,returning,app,56.14
9538,2025-12-01,new,marketplace,46.91
9539,2024-03-26,returning,marketplace,54.82
9540,2025-11-14,returning,app,83.01
9541,2025-09-27,returning,app,62.05
9542,2025-07-27,returning,marketplace,63.27
9543,2025-03-19,new,marketplace,63.97
9544,2025-10-13,new,marketplace,91.04
9545,2025-06-25,returning,app,50.59
9546,2025-12-03,returning,app,41.73
9547,2025-01-30,returning,app,72.14
9548,2025-10-12,new,app,55.98
9549,2024-02-20,returning,web,46.11
9550,2024-11-15,returning,web,65.19
9551,2025-12-04,new,app,87.08
9552,2024-03-24,new,app,116.97
9553,2024-12-13,new,app,127.13
9554,2025-07-09,new,app,35.75
9555,2025-06-17,new,web,86.28
9556,2024-04-15,returning,marketplace,109.29
9557,2024-07-02,new,app,36.17
9558,2025-11-05,new,web,49.5
9559,2024-09-12,returning,marketplace,35.3
9560,2024-08-20,returning,app,76.82
9561,2025-04-28,returning,app,38.71
9562,2024-07-10,vip,web,32.47
9563,2024-09-17,returning,web,172.87
9564,2024-10-28,returning,app,19.63
9565,2024-10-23,returning,app,19.71
9566,2024-07-12,returning,web,89.02
9567,2024-02-12,vip,web,52.2
9568,2024-12-18,new,app,49.26
9569,2025-06-09,returning,app,61.84
9570,2024-11-20,returning,web,83.8
9571,2024-06-02,new,web,53.63
9572,2025-09-03,vip,marketplace,52.94
9573,2024-05-09,vip,marketplace,47.59
9574,2024-08-22,returning,app,91.14
9575,2025-06-27,vip,marketplace,90.58
9576,2025-06-23,new,app,16.37
9577,2025-12-06,new,web,37.11
9578,2025-08-22,new,web,30.53
9579,2025-12-28,returning,app,69.29
9580,2024-01-29,new,web,86.1
9581,2025-07-13,new,marketplace,67.93
9582,2025-05-03,returning,marketplace,48.88
9583,2025-08-18,new,marketplace,92.27
9584,2025-05-31,vip,marketplace,94.54
9585,2024-03-11,returning,web,81.72
9586,2024-03-20,returning,app,65.51
9587,2024-09-19,returning,marketplace,40.1
9588,2024-05-16,returning,marketplace,43.73
9589,2025-05-29,returning,web,41.67
9590,2025-12-25,returning,web,49.46
9591,2024-06-15,new,app,69.51
9592,2025-12-02,new,app,35.04
9593,2024-07-23,new,web,98.24
9594,2024-09-29,vip,web,119.6
9595,2025-12-17,new,marketplace,81.7
9596,2024-12-25,returning,marketplace,51.94
9597,2025-07-13,new,marketplace,87.5
9598,2025-04-12,new,marketplace,39.06
9599,2024-12-05,returning,web,28.01
9600,2024-12-13,new,app,37.69
9601,2025-07-20,returning,app,29.29
9602,2024-03-04,returning,web,33.26
9603,2025-02-06,new,web,63.04
9604,2024-03-29,new,marketplace,65.56
9605,2024-04-30,new,web,41.72
9606,2024-11-30,new,marketplace,74.9
9607,2025-12-23,new,app,50.34
9608,2025-06-13,new,web,59.09
9609,2025-12-25,returning,web,50.36
9610,2025-08-26,new,app,54.98
9611,2025-04-02,new,marketplace,80.83
9612,2024-12-17,returning,marketplace,85.51
9613,2025-04-21,returning,web,108.27
9614,2024-05-08,new,web,42.77
9615,2024-12-31,returning,marketplace,54.54
9616,2024-03-26,returning,web,55.4
9617,2024-03-08,new,web,37.11
9618,2024-09-11,returning,web,108.15
9619,2025-11-22,returning,web,123.06
9620,2025-01-17,returning,app,51.73
9621,2024-12-17,returning,marketplace,23.87
9622,2025-10-25,returning,marketplace,94.98
9623,2025-02-18,returning,app,65.64
9624,2024-09-24,new,marketplace,75.0
9625,2025-07-27,new,web,73.63
9626,2025-02-10,new,web,56.15
9627,2025-02-04,vip,marketplace,43.13
9628,2025-02-03,returning,web,60.16
9629,2025-12-28,returning,web,44.4
9630,2024-12-03,vip,app,83.17
9631,2025-12-22,new,app,49.59
9632,2024-11-08,returning,web,68.51
9633,2025-08-05,vip,app,115.11
9634,2024-09-10,returning,web,64.96
9635,2024-08-10,new,app,29.82
9636,2025-02-12,returning,app,49.01
9637,2024-04-07,returning,app,45.29
9638,2024-04-13,returning,web,53.68
9639,2025-11-07,new,web,98.45
9640,2025-12-02,returning,app,76.99
9641,2025-06-08,returning,marketplace,45.2
9642,2024-01-06,returning,marketplace,116.55
9643,2025-02-14,returning,web,71.02
9644,2025-08-02,new,web,73.31
9645,2025-02-14,new,app,75.07
9646,2025-08-16,returning,web,29.13
9647,2025-12-07,new,marketplace,41.54
9648,2025-04-07,new,app,37.3
9649,2024-02-04,returning,marketplace,59.56
9650,2024-04-19,returning,marketplace,96.02
9651,2025-03-09,new,marketplace,43.36
9652,2024-12-14,new,app,37.58
9653,2025-09-27,new,marketplace,95.52
9654,2025-05-14,vip,app,34.33
9655,2024-08-10,new,web,55.48
9656,2024-09-04,returning,web,91.29
9657,2024-03-08,returning,app,75.06
9658,2025-01-12,new,marketplace,41.6
9659,2024-09-21,returning,web,35.64
9660,2024-05-21,returning,marketplace,82.73
9661,2024-02-15,returning,web,84.78
9662,2025-07-03,new,marketplace,62.0
9663,2024-11-27,new,marketplace,52.08
9664,2025-09-17,returning,web,81.78
9665,2024-02-10,returning,marketplace,134.37
9666,2024-02-15,returning,web,56.72
9667,2025-11-15,returning,app,58.06
9668,2025-05-01,new,web,49.31
9669,2025-11-05,returning,web,68.05
9670,2024-07-04,new,app,31.34
9671,2024-12-05,new,marketplace,34.54
9672,2024-11-28,vip,web,56.03
9673,2025-01-16,new,web,41.67
9674,2025-02-21,vip,app,37.05
9675,2025-09-06,new,marketplace,57.66
9676,2024-11-26,new,web,76.02
9677,2025-06-30,returning,app,42.58
9678,2025-09-17,returning,marketplace,39.47
9679,2024-05-02,returning,app,37.28
9680,2024-11-06,new,app,60.35
9681,2024-11-17,returning,app,101.69
9682,2024-09-16,vip,marketplace,56.13
9683,2024-10-04,vip,app,44.21
9684,2024-09-07,returning,web,90.43
9685,2025-10-08,new,web,65.59
9686,2025-09-01,new,app,62.43
9687,2024-07-06,vip,app,84.32
9688,2024-12-02,vip,web,90.87
9689,2025-03-31,vip,marketplace,63.98
9690,2025-02-18,new,web,22.06
9691,2024-10-08,vip,marketplace,41.94
9692,2024-10-26,new,app,33.15
9693,2024-02-07,returning,app,91.38
9694,2025-01-01,new,web,44.28
9695,2025-09-08,vip,marketplace,56.15
9696,2024-02-24,new,marketplace,26.28
9697,2024-01-15,returning,marketplace,66.29
9698,2025-12-14,new,marketplace,92.52
9699,2024-12-04,new,app,46.55
9700,2024-08-28,new,app,45.44
9701,2024-02-11,returning,marketplace,132.64
9702,2025-04-08,new,web,40.34
9703,2025-06-04,returning,marketplace,48.2
9704,2024-07-09,new,marketplace,84.13
9705,2025-03-28,returning,web,84.4
9706,2025-04-12,returning,marketplace,36.67
9707,2025-03-15,returning,marketplace,94.84
9708,2025-08-10,new,marketplace,75.59
9709,2025-11-05,new,app,54.37
9710,2025-09-09,returning,app,39.56
9711,2024-11-30,returning,marketplace,48.63
9712,2025-12-26,returning,app,157.04
9713,2025-05-28,new,app,40.67
9714,2025-04-07,new,web,53.64
9715,2025-05-27,new,app,54.73
9716,2024-04-06,returning,marketplace,82.22
9717,2024-03-07,new,marketplace,34.71
9718,2025-07-18,new,marketplace,199.52
9719,2024-08-13,new,marketplace,31.65
9720,2025-11-11,returning,marketplace,71.15
9721,2025-01-23,vip,app,158.31
9722,2024-09-05,returning,marketplace,81.02
9723,2024-03-07,new,app,50.45
9724,2025-02-26,returning,web,105.69
9725,2025-10-08,vip,app,91.03
9726,2025-11-04,returning,web,60.68
9727,2025-08-29,new,app,91.72
9728,2024-11-06,new,web,62.86
9729,2025-03-28,returning,app,111.14
9730,2024-12-25,vip,app,32.21
9731,2024-11-07,new,app,30.47
9732,2024-04-14,returning,app,87.89
9733,2024-01-31,returning,marketplace,45.32
9734,2024-09-18,new,marketplace,21.39
9735,2024-03-05,returning,marketplace,35.85
9736,2024-12-17,returning,marketplace,138.97
9737,2024-09-11,new,web,68.94
9738,2025-02-15,returning,app,85.77
9739,2025-03-27,new,app,46.75
9740,2024-12-06,returning,web,86.2
9741,2024-03-21,returning,app,56.63
9742,2025-10-15,returning,marketplace,76.73
9743,2024-02-03,new,web,73.67
9744,2025-01-08,returning,app,60.08
9745,2024-09-15,returning,web,81.98
9746,2025-04-15,new,marketplace,56.14
9747,2024-12-02,vip,app,43.63
9748,2025-07-03,returning,marketplace,113.7
9749,2025-04-05,new,app,41.14
9750,2025-04-19,vip,web,61.29
9751,2024-01-18,vip,marketplace,35.84
9752,2024-01-01,new,marketplace,62.34
9753,2024-02-03,new,app,41.02
9754,2025-01-02,new,web,45.56
9755,2024-11-07,new,app,36.15
9756,2024-03-24,returning,marketplace,98.3
9757,2024-11-26,vip,marketplace,44.91
9758,2024-07-06,new,app,27.97
9759,2025-12-30,vip,marketplace,83.48
9760,2024-07-03,returning,app,46.22
9761,2025-10-09,returning,app,62.79
9762,2025-02-18,returning,web,64.64
9763,2024-11-17,returning,web,45.79
9764,2024-12-01,returning,app,55.37
9765,2024-01-13,new,app,77.74
9766,2025-02-27,returning,app,94.74
9767,2025-10-11,returning,marketplace,44.28
9768,2025-11-14,vip,marketplace,27.93
9769,2025-07-21,vip,marketplace,114.55
9770,2024-05-26,new,app,104.65
9771,2024-07-19,new,web,88.87
9772,2025-06-24,new,web,62.45
9773,2024-09-12,returning,app,45.56
9774,2025-12-26,new,web,31.04
9775,2024-11-02,new,marketplace,47.9
9776,2025-08-26,returning,web,98.6
9777,2024-12-26,returning,app,71.19
9778,2025-10-30,returning,web,65.87
9779,2024-02-23,returning,web,34.85
9780,2024-08-16,new,web,46.24
9781,2025-06-28,returning,web,86.93
9782,2025-01-09,returning,app,49.57
9783,2024-04-26,new,app,21.21
9784,2025-12-28,returning,marketplace,39.79
9785,2024-07-29,returning,web,56.93
9786,2025-04-22,new,marketplace,48.52
9787,2025-03-08,new,app,86.39
9788,2025-10-17,new,marketplace,89.82
9789,2025-10-20,new,marketplace,66.18
9790,2025-02-03,returning,marketplace,51.29
9791,2024-05-30,new,web,55.53
9792,2024-10-11,returning,marketplace,110.27
9793,2024-11-24,returning,app,50.39
9794,2025-04-17,returning,web,70.1
9795,2024-01-23,returning,web,84.59
9796,2025-03-21,returning,app,98.31
9797,2025-12-20,new,app,89.01
9798,2024-04-21,returning,marketplace,44.9
9799,2024-04-26,vip,web,32.95
9800,2025-02-08,new,web,45.32
9801,2025-09-23,new,web,46.82
9802,2025-08-27,returning,web,93.23
9803,2024-02-25,new,web,93.37
9804,2025-05-17,new,app,122.57
9805,2025-11-29,new,app,27.34
9806,2024-10-01,new,web,87.49
9807,2025-09-21,new,web,38.02
9808,2024-04-28,new,marketplace,72.04
9809,2024-11-01,returning,app,42.66
9810,2025-10-12,new,web,67.8
9811,2024-10-20,returning,app,29.36
9812,2024-09-18,returning,web,22.61
9813,2024-08-07,returning,marketplace,64.0
9814,2024-11-07,new,web,146.35
9815,2025-02-16,returning,marketplace,77.44
9816,2025-12-22,returning,web,89.04
9817,2025-06-27,new,app,44.86
9818,2024-03-24,new,app,70.34
9819,2025-11-26,returning,web,18.82
9820,2024-10-07,new,marketplace,30.26
9821,2025-06-21,returning,marketplace,28.79
9822,2024-01-10,returning,web,36.91
9823,2025-06-30,new,marketplace,56.71
9824,2025-03-21,returning,marketplace,70.96
9825,2024-06-10,returning,app,64.54
9826,2025-11-05,returning,web,31.04
9827,2024-12-11,returning,marketplace,54.1
9828,2025-11-22,new,marketplace,60.36
9829,2025-03-06,returning,marketplace,66.51
9830,2024-11-08,new,app,124.17
9831,2025-12-20,returning,web,67.57
9832,2025-11-18,new,marketplace,37.97
9833,2025-12-25,returning,marketplace,41.46
9834,2025-02-23,new,app,93.78
9835,2025-05-05,returning,marketplace,76.79
9836,2024-01-09,returning,marketplace,44.2
9837,2024-12-15,vip,marketplace,64.02
9838,2025-03-21,new,app,79.57
9839,2024-11-08,returning,app,42.17
9840,2025-06-15,new,app,31.24
9841,2024-08-05,new,marketplace,38.18
9842,2025-04-25,returning,marketplace,66.26
9843,2024-05-29,returning,marketplace,32.36
9844,2025-08-17,returning,marketplace,84.6
9845,2024-11-04,returning,marketplace,88.68
9846,2024-08-24,new,marketplace,64.65
9847,2025-06-04,returning,web,73.09
9848,2025-02-22,new,web,70.66
9849,2025-07-07,returning,web,43.27
9850,2024-02-01,new,marketplace,46.34
9851,2024-02-11,new,marketplace,68.57
9852,2025-12-25,returning,marketplace,46.98
9853,2025-12-26,returning,app,82.92
9854,2025-08-02,returning,web,63.94
9855,2025-06-05,new,app,52.87
9856,2024-11-27,returning,web,39.98
9857,2025-11-28,returning,marketplace,57.15
9858,2024-03-31,new,marketplace,24.05
9859,2024-12-24,returning,web,67.96
9860,2024-11-22,new,app,25.25
9861,2025-04-05,returning,marketplace,58.07
9862,2024-10-03,returning,marketplace,32.16
9863,2025-12-16,returning,web,86.24
9864,2024-09-11,returning,web,43.43
9865,2024-09-13,new,web,75.67
9866,2024-11-27,new,app,49.51
9867,2024-10-14,returning,web,46.01
9868,2024-07-16,vip,marketplace,92.18
9869,2024-12-07,returning,marketplace,71.74
9870,2024-11-26,new,app,60.02
9871,2024-12-31,returning,marketplace,85.68
9872,2024-05-12,new,marketplace,41.67
9873,2024-04-12,new,app,40.51
9874,2024-12-03,new,app,100.86
9875,2025-03-25,returning,marketplace,67.51
9876,2025-03-24,new,app,63.33
9877,2024-10-12,new,marketplace,54.18
9878,2024-08-17,returning,web,31.86
9879,2024-11-01,new,web,68.76
9880,2025-01-13,new,app,69.37
9881,2025-12-20,new,marketplace,84.91
9882,2025-05-28,new,marketplace,81.39
9883,2024-12-23,new,web,62.27
9884,2024-09-23,new,app,44.06
9885,2024-09-12,returning,web,20.6
9886,2025-04-12,new,marketplace,47.68
9887,2024-03-24,new,marketplace,72.11
9888,2024-10-25,new,marketplace,70.45
9889,2025-09-16,returning,marketplace,48.51
9890,2025-12-07,new,web,162.3
9891,2025-02-10,new,web,50.72
9892,2024-06-10,returning,marketplace,28.94
9893,2025-09-17,returning,marketplace,35.26
9894,2025-01-07,new,app,65.78
9895,2025-09-05,returning,marketplace,71.61
9896,2024-12-11,returning,marketplace,67.93
9897,2025-11-08,returning,app,56.87
9898,2025-02-01,returning,web,48.96
9899,2025-09-11,new,marketplace,83.13
9900,2025-02-21,returning,app,40.43
9901,2024-07-01,new,web,50.63
9902,2024-12-23,returning,app,64.28
9903,2024-11-29,returning,marketplace,66.02
9904,2025-02-28,returning,marketplace,108.27
9905,2024-10-04,new,app,91.99
9906,2025-03-28,new,web,84.87
9907,2024-04-16,new,web,69.0
9908,2025-03-04,returning,web,48.68
9909,2025-09-22,returning,web,112.73
9910,2024-11-29,new,marketplace,58.87
9911,2025-03-02,new,web,62.28
9912,2024-01-04,new,web,69.92
9913,2024-10-01,returning,app,58.46
9914,2025-08-30,returning,web,71.72
9915,2024-12-03,new,app,95.77
9916,2025-03-15,new,marketplace,54.23
9917,2024-12-06,new,app,33.0
9918,2024-12-12,new,marketplace,72.34
9919,2024-01-04,new,web,29.52
9920,2024-09-03,vip,app,83.85
9921,2024-05-12,returning,app,56.68
9922,2024-11-02,returning,web,29.32
9923,2025-06-27,new,app,74.22
9924,2025-09-28,returning,app,44.07
9925,2025-02-05,vip,web,31.53
9926,2025-03-11,returning,web,54.55
9927,2024-06-08,new,app,49.34
9928,2025-05-28,returning,app,48.09
9929,2024-06-22,returning,web,48.98
9930,2024-10-31,new,web,73.14
9931,2025-02-13,vip,web,68.39
9932,2025-11-12,vip,web,34.65
9933,2024-11-16,returning,marketplace,61.18
9934,2024-12-26,returning,web,56.03
9935,2024-03-02,new,app,57.74
9936,2024-05-31,returning,marketplace,83.63
9937,2025-12-18,new,marketplace,38.59
9938,2025-02-15,returning,marketplace,54.39
9939,2025-12-15,new,web,127.51
9940,2025-12-28,new,web,42.68
9941,2024-11-10,new,web,55.94
9942,2024-11-06,new,app,37.65
9943,2024-04-13,new,web,82.82
9944,2024-03-29,returning,marketplace,57.46
9945,2024-08-15,vip,web,40.0
9946,2024-11-28,returning,marketplace,57.79
9947,2025-06-19,new,web,43.89
9948,2024-06-27,returning,marketplace,63.68
9949,2024-06-20,new,app,55.12
9950,2025-11-28,new,app,46.1
9951,2025-12-16,returning,marketplace,67.59
9952,2025-02-20,returning,web,48.59
9953,2025-04-29,new,web,36.09
9954,2025-07-01,returning,app,32.22
9955,2024-03-23,new,marketplace,47.39
9956,2024-02-18,new,app,74.64
9957,2024-01-31,returning,app,77.23
9958,2024-08-02,returning,web,55.36
9959,2024-12-10,new,marketplace,60.67
9960,2024-11-16,vip,app,47.91
9961,2025-08-02,new,marketplace,66.61
9962,2025-08-15,returning,web,160.18
9963,2024-05-15,returning,app,50.89
9964,2025-07-05,new,marketplace,55.15
9965,2025-11-30,new,app,128.66
9966,2024-12-22,returning,marketplace,72.93
9967,2025-09-19,vip,web,60.88
9968,2025-06-20,returning,web,67.69
9969,2025-08-15,new,web,23.76
9970,2025-11-05,returning,marketplace,78.87
9971,2025-05-23,new,app,123.34
9972,2025-04-13,new,marketplace,142.22
9973,2024-11-28,new,web,55.63
9974,2025-06-26,vip,web,61.04
9975,2025-06-28,new,app,79.68
9976,2024-03-21,returning,marketplace,72.95
9977,2024-07-18,new,app,55.93
9978,2024-05-16,new,app,33.71
9979,2024-07-17,new,app,183.34
9980,2024-11-27,returning,web,52.81
9981,2025-11-22,returning,marketplace,87.18
9982,2024-05-09,new,web,29.72
9983,2025-01-29,returning,web,51.95
9984,2024-01-08,returning,web,96.3
9985,2025-06-17,new,web,78.2
9986,2024-10-05,returning,app,64.34
9987,2024-01-01,vip,marketplace,47.11
9988,2025-02-22,vip,marketplace,123.07
9989,2024-01-01,returning,marketplace,120.31
9990,2024-10-02,returning,web,54.1
9991,2024-09-09,returning,marketplace,112.37
9992,2024-04-30,new,marketplace,35.58
9993,2025-03-24,returning,web,44.33
9994,2025-11-05,returning,web,26.91
9995,2025-12-11,new,app,58.86
9996,2024-12-28,returning,web,42.42
9997,2024-09-18,new,marketplace,59.79
9998,2024-03-17,vip,web,85.56
9999,2024-12-16,new,marketplace,94.23
10000,2025-01-22,new,app,82.89
10001,2025-09-16,new,web,84.21
10002,2025-03-20,new,web,36.06
10003,2025-02-14,returning,marketplace,48.89
10004,2024-10-06,new,app,81.08
10005,2025-06-04,returning,app,50.72
10006,2025-12-07,new,app,56.34
10007,2025-12-28,new,app,75.58
10008,2025-11-02,new,web,38.69
10009,2025-12-08,returning,marketplace,54.87
10010,2025-08-27,new,web,27.16
10011,2024-03-18,returning,marketplace,62.37
10012,2024-01-10,vip,app,102.35
10013,2024-06-10,new,app,100.46
10014,2024-07-10,returning,marketplace,52.79
10015,2025-06-09,new,web,41.14
10016,2024-11-02,returning,marketplace,57.98
10017,2025-12-11,returning,web,81.99
10018,2024-02-29,vip,web,102.19
10019,2025-04-25,returning,marketplace,66.15
10020,2025-05-03,new,web,49.46
10021,2025-10-25,new,web,62.1
10022,2024-11-22,new,app,131.81
10023,2024-06-25,new,app,42.83
10024,2024-03-04,returning,app,40.38
10025,2025-07-31,vip,marketplace,84.33
10026,2024-11-14,new,marketplace,55.65
10027,2024-07-09,returning,web,31.87
10028,2025-03-06,returning,marketplace,41.92
10029,2025-11-07,returning,web,91.84
10030,2024-01-09,new,web,56.84
10031,2025-12-05,new,marketplace,52.52
10032,2025-12-15,vip,marketplace,34.96
10033,2024-06-12,new,app,135.52
10034,2025-10-14,new,web,55.86
10035,2024-04-24,new,app,70.82
10036,2025-11-12,new,marketplace,55.55
10037,2024-11-06,new,marketplace,122.95
10038,2025-12-31,returning,marketplace,42.2
10039,2024-11-01,new,marketplace,50.11
10040,2025-05-08,returning,web,67.29
10041,2024-09-13,returning,marketplace,40.31
10042,2024-08-02,vip,marketplace,53.25
10043,2025-01-23,returning,marketplace,45.08
10044,2024-11-18,returning,app,56.75
10045,2024-08-31,new,web,39.37
10046,2024-04-06,returning,app,50.82
10047,2025-02-03,new,app,64.63
10048,2025-05-14,returning,marketplace,89.93
10049,2025-11-06,returning,app,71.11
10050,2025-12-26,new,web,47.77
10051,2024-12-31,returning,web,82.03
10052,2025-11-09,new,marketplace,56.02
10053,2025-04-25,returning,app,82.76
10054,2025-06-11,vip,marketplace,58.9
10055,2025-11-15,returning,marketplace,94.75
10056,2025-05-18,returning,app,79.82
10057,2025-09-07,new,web,89.93
10058,2025-12-25,returning,app,53.15
10059,2024-10-05,returning,marketplace,54.78
10060,2025-12-24,new,marketplace,49.72
10061,2024-06-30,vip,web,44.45
10062,2025-12-25,returning,app,66.28
10063,2025-06-21,returning,web,86.5
10064,2025-12-07,returning,app,59.48
10065,2025-06-29,returning,marketplace,54.88
10066,2025-10-22,returning,app,42.35
10067,2025-03-30,returning,marketplace,33.59
10068,2024-06-19,vip,web,49.07
10069,2024-10-31,new,marketplace,52.81
10070,2024-11-01,new,app,66.29
10071,2025-11-16,new,marketplace,134.38
10072,2024-01-08,new,marketplace,47.73
10073,2025-05-30,new,marketplace,58.88
10074,2025-11-22,new,app,51.26
10075,2025-10-20,vip,web,65.85
10076,2025-03-12,returning,app,64.56
10077,2025-11-03,returning,app,102.2
10078,2024-01-01,new,app,49.51
10079,2024-01-26,new,marketplace,36.64
10080,2025-06-04,new,app,57.49
10081,2024-01-02,new,marketplace,54.85
10082,2024-09-08,new,marketplace,40.27
10083,2024-07-30,returning,web,40.16
10084,2024-09-20,new,web,43.43
10085,2024-08-10,returning,app,39.17
10086,2024-06-24,returning,app,58.26
10087,2024-12-18,returning,web,44.37
10088,2024-10-10,returning,app,47.37
10089,2024-05-24,new,marketplace,62.11
10090,2025-04-07,vip,web,25.56
10091,2024-08-09,returning,web,90.03
10092,2025-12-05,new,app,40.91
10093,2024-06-03,new,marketplace,105.77
10094,2024-10-08,returning,app,83.17
10095,2024-10-12,new,marketplace,32.89
10096,2025-05-04,new,marketplace,83.8
10097,2025-01-16,new,app,98.0
10098,2024-04-18,vip,web,73.07
10099,2025-11-01,new,app,68.91
10100,2024-10-16,new,marketplace,62.33
10101,2025-05-21,vip,app,49.0
10102,2024-10-28,vip,web,48.74
10103,2025-05-28,returning,marketplace,73.26
10104,2024-09-16,new,app,55.32
10105,2025-12-01,returning,app,44.2
10106,2025-07-12,new,marketplace,83.52
10107,2025-08-07,new,app,91.11
10108,2024-09-22,vip,app,47.66
10109,2025-08-20,returning,marketplace,70.12
10110,2025-10-17,returning,app,41.34
10111,2024-11-16,new,web,49.31
10112,2025-09-08,new,web,129.15
10113,2024-05-26,returning,web,59.5
10114,2025-01-13,new,marketplace,63.23
10115,2024-11-10,new,web,43.58
10116,2024-12-17,returning,app,163.7
10117,2025-12-23,new,marketplace,75.64
10118,2025-11-21,new,app,82.25
10119,2025-07-05,returning,web,75.36
10120,2024-08-11,returning,web,44.26
10121,2025-02-11,new,marketplace,51.38
10122,2024-10-09,new,marketplace,51.33
10123,2024-01-17,returning,marketplace,136.36
10124,2025-05-28,returning,app,55.69
10125,2024-03-22,returning,marketplace,52.57
10126,2024-10-20,new,web,103.58
10127,2025-04-18,new,app,28.0
10128,2024-09-14,new,web,93.93
10129,2025-12-21,new,web,47.15
10130,2025-11-17,new,web,60.68
10131,2024-06-09,new,web,50.04
10132,2025-05-03,returning,web,91.77
10133,2024-07-17,new,web,72.88
10134,2025-04-26,returning,web,88.01
10135,2025-08-25,new,app,41.57
10136,2024-04-15,vip,marketplace,42.89
10137,2024-08-11,vip,marketplace,38.74
10138,2025-03-29,returning,web,16.53
10139,2025-08-31,vip,marketplace,79.3
10140,2024-07-25,returning,web,20.25
10141,2025-12-28,returning,marketplace,42.63
10142,2025-10-10,vip,marketplace,134.26
10143,2024-12-18,new,app,78.8
10144,2025-09-10,new,marketplace,71.13
10145,2025-11-03,new,web,62.42
10146,2025-08-10,new,web,75.44
10147,2025-04-20,new,marketplace,69.51
10148,2025-12-16,vip,web,55.63
10149,2024-03-04,new,app,69.49
10150,2025-07-27,vip,marketplace,60.89
10151,2025-01-21,returning,marketplace,78.02
10152,2024-11-01,new,app,86.18
10153,2024-11-30,new,marketplace,53.34
10154,2025-05-05,returning,app,72.26
10155,2025-01-27,new,marketplace,61.68
10156,2025-08-04,new,app,97.75
10157,2025-01-21,vip,app,81.69
10158,2024-08-05,new,marketplace,122.65
10159,2024-04-10,returning,web,73.23
10160,2025-04-24,new,web,49.75
10161,2024-09-02,new,web,60.74
10162,2024-06-30,returning,marketplace,66.86
10163,2025-05-03,new,app,37.2
10164,2025-11-14,new,app,71.42
10165,2025-11-04,returning,app,62.21
10166,2025-10-29,vip,web,54.33
10167,2025-02-11,returning,web,50.69
10168,2024-08-16,returning,app,61.97
10169,2025-04-19,new,marketplace,68.97
10170,2024-12-15,new,marketplace,47.79
10171,2025-12-05,new,web,55.5
10172,2024-11-07,new,app,28.18
10173,2024-02-14,returning,app,110.83
10174,2024-08-21,new,app,41.72
10175,2025-04-19,new,marketplace,88.99
10176,2024-12-31,new,app,62.94
10177,2025-05-22,new,marketplace,94.02
10178,2024-12-11,returning,marketplace,53.64
10179,2024-11-03,new,web,44.44
10180,2025-05-04,returning,web,49.24
10181,2025-04-18,returning,web,40.81
10182,2024-01-17,returning,marketplace,83.37
10183,2024-09-06,new,app,50.6
10184,2024-11-30,new,web,80.79
10185,2025-10-16,new,web,53.05
10186,2025-03-24,returning,app,71.66
10187,2024-02-06,returning,app,119.78
10188,2025-05-20,vip,marketplace,84.45
10189,2024-09-21,returning,marketplace,37.2
10190,2024-12-27,new,web,21.32
10191,2024-09-07,returning,marketplace,59.89
10192,2025-11-28,returning,app,93.82
10193,2024-02-19,new,app,47.6
10194,2024-07-04,new,web,68.19
10195,2024-11-13,returning,marketplace,48.17
10196,2025-05-18,new,app,104.8
10197,2025-10-30,returning,web,55.17
10198,2025-05-13,new,web,69.79
10199,2025-02-27,returning,web,62.7
10200,2025-11-24,vip,app,54.0
10201,2024-09-07,new,app,54.43
10202,2024-01-30,returning,app,67.23
10203,2025-07-15,returning,web,125.98
10204,2025-02-04,returning,marketplace,57.93
10205,2025-06-28,returning,app,50.39
10206,2025-08-06,returning,app,69.69
10207,2025-08-18,returning,web,117.79
10208,2025-01-05,returning,web,67.69
10209,2025-11-26,returning,app,104.75
10210,2025-08-16,returning,app,67.83
10211,2024-10-15,new,web,46.41
10212,2024-11-01,returning,app,25.7
10213,2025-12-20,new,marketplace,72.19
10214,2025-11-21,new,marketplace,47.23
10215,2025-11-05,returning,app,88.43
10216,2025-04-13,returning,web,50.72
10217,2024-01-15,returning,app,44.3
10218,2024-05-28,new,app,33.26
10219,2024-02-19,new,web,68.14
10220,2024-01-09,returning,app,80.37
10221,2024-05-15,new,marketplace,104.51
10222,2025-05-13,new,app,61.5
10223,2025-02-02,returning,web,64.48
10224,2024-12-06,new,web,65.26
10225,2024-07-22,returning,marketplace,38.27
10226,2025-05-04,vip,web,59.8
10227,2024-08-09,new,marketplace,40.77
10228,2025-07-16,new,app,66.39
10229,2024-05-25,new,web,59.55
10230,2025-01-10,returning,app,82.35
10231,2025-03-27,returning,marketplace,71.33
10232,2024-06-15,returning,app,50.5
10233,2024-11-14,returning,web,38.8
10234,2024-09-15,returning,web,49.75
10235,2024-10-25,returning,marketplace,52.1
10236,2025-08-18,returning,app,39.04
10237,2024-11-24,returning,web,82.87
10238,2025-11-13,returning,web,123.9
10239,2024-04-10,returning,marketplace,46.24
10240,2025-01-13,new,marketplace,34.78
10241,2025-11-09,returning,app,42.57
10242,2025-06-23,returning,marketplace,87.25
10243,2025-12-03,returning,app,111.45
10244,2025-06-24,vip,marketplace,23.29
10245,2025-03-11,new,app,39.31
10246,2025-03-05,vip,app,89.8
10247,2025-10-06,returning,app,52.81
10248,2024-04-05,new,app,84.79
10249,2025-11-16,returning,app,105.85
10250,2024-02-16,vip,marketplace,63.33
10251,2024-03-10,new,app,39.81
10252,2025-02-04,new,app,69.57
10253,2025-02-08,new,marketplace,38.03
10254,2025-10-20,new,app,70.84
10255,2025-11-28,returning,web,58.99
10256,2024-10-01,returning,marketplace,93.28
10257,2025-12-05,returning,marketplace,121.52
10258,2024-01-23,returning,web,44.43
10259,2025-08-23,returning,web,58.27
10260,2025-12-06,new,web,63.32
10261,2024-11-15,returning,web,39.02
10262,2025-11-06,new,app,57.22
10263,2025-06-18,vip,app,103.47
10264,2025-12-23,new,app,43.12
10265,2025-12-17,new,marketplace,109.05
10266,2024-10-16,new,marketplace,36.56
10267,2025-10-19,returning,app,31.84
10268,2025-03-22,new,web,21.84
10269,2024-09-07,new,app,34.88
10270,2025-10-24,new,app,47.61
10271,2025-10-04,returning,app,65.73
10272,2024-11-07,new,web,43.14
10273,2025-12-23,new,app,60.75
10274,2024-03-16,new,app,36.95
10275,2024-02-12,new,app,91.22
10276,2025-10-23,vip,app,120.09
10277,2024-12-09,new,app,46.38
10278,2024-08-02,new,marketplace,40.16
10279,2025-12-05,returning,web,175.07
10280,2024-04-07,vip,marketplace,25.04
10281,2024-11-16,new,web,45.3
10282,2024-10-28,returning,app,71.45
10283,2025-03-09,vip,web,59.52
10284,2024-05-29,returning,web,120.97
10285,2024-09-23,new,app,70.85
10286,2025-08-30,returning,marketplace,20.07
10287,2024-07-27,returning,web,56.5
10288,2024-06-14,new,app,48.76
10289,2025-03-20,returning,app,33.21
10290,2025-01-08,new,marketplace,79.17
10291,2024-12-06,new,marketplace,62.35
10292,2025-03-23,new,web,34.95
10293,2024-02-29,returning,web,50.38
10294,2025-12-13,vip,web,70.13
10295,2024-06-10,vip,app,34.42
10296,2025-06-10,new,web,42.21
10297,2024-03-30,new,app,136.35
10298,2025-03-06,new,web,48.56
10299,2025-12-08,returning,app,55.08
10300,2025-08-21,returning,marketplace,59.64
10301,2024-01-06,new,web,42.75
10302,2024-01-05,returning,app,59.18
10303,2025-05-11,new,marketplace,54.66
10304,2025-04-07,new,app,66.57
10305,2025-08-20,new,app,47.4
10306,2025-04-09,new,web,96.1
10307,2025-08-18,new,app,89.65
10308,2024-06-13,returning,app,47.5
10309,2024-11-20,new,app,49.6
10310,2025-12-01,returning,app,48.55
10311,2024-09-24,new,web,70.8
10312,2025-07-13,returning,app,70.68
10313,2024-05-24,new,web,65.71
10314,2024-04-13,vip,marketplace,46.84
10315,2025-12-14,new,app,96.11
10316,2024-04-08,returning,app,44.57
10317,2025-04-20,new,marketplace,125.35
10318,2025-09-07,returning,web,46.75
10319,2024-12-03,vip,marketplace,78.52
10320,2024-04-06,vip,web,34.93
10321,2025-12-04,new,marketplace,32.34
10322,2025-10-07,returning,app,60.96
10323,2024-09-03,new,web,141.29
10324,2025-12-26,returning,app,29.19
10325,2025-09-13,new,app,95.08
10326,2024-10-15,returning,marketplace,31.98
10327,2025-12-09,returning,marketplace,68.57
10328,2024-04-01,new,app,42.81
10329,2025-08-17,new,web,36.26
10330,2024-12-21,vip,web,86.94
10331,2025-12-13,returning,web,67.36
10332,2024-11-22,returning,marketplace,113.76
10333,2025-06-22,vip,web,66.7
10334,2025-12-06,new,web,62.96
10335,2025-05-26,vip,web,110.19
10336,2024-06-01,returning,app,29.16
10337,2025-04-23,returning,marketplace,50.98
10338,2025-02-09,new,marketplace,47.31
10339,2025-11-26,new,web,60.52
10340,2025-11-24,new,web,40.36
10341,2024-09-26,vip,web,78.11
10342,2025-10-01,new,marketplace,85.53
10343,2024-09-07,new,app,85.86
10344,2025-01-19,new,app,77.33
10345,2025-12-15,new,app,55.31
10346,2024-11-01,new,marketplace,78.97
10347,2025-11-04,vip,marketplace,42.99
10348,2024-02-29,returning,marketplace,103.15
10349,2025-11-12,new,app,54.2
10350,2025-04-09,returning,marketplace,44.9
10351,2025-11-06,new,marketplace,85.01
10352,2024-02-16,returning,marketplace,73.16
10353,2025-01-13,new,marketplace,73.35
10354,2025-10-02,new,marketplace,100.09
10355,2024-11-18,returning,marketplace,49.86
10356,2024-12-30,new,web,59.69
10357,2025-07-29,returning,app,138.96
10358,2025-06-21,new,app,74.4
10359,2024-08-14,returning,app,63.05
10360,2024-12-31,new,web,113.23
10361,2025-12-03,returning,marketplace,49.56
10362,2025-04-27,returning,marketplace,81.77
10363,2024-08-17,vip,app,56.75
10364,2024-05-09,returning,marketplace,105.14
10365,2024-11-24,new,app,56.21
10366,2025-04-27,new,web,45.76
10367,2024-03-31,returning,marketplace,36.81
10368,2025-03-24,returning,marketplace,59.62
10369,2024-03-05,vip,app,41.11
10370,2025-01-27,vip,web,70.89
10371,2024-04-26,returning,app,124.04
10372,2025-09-30,returning,web,56.48
10373,2025-05-25,vip,app,160.93
10374,2024-07-07,new,marketplace,67.98
10375,2024-09-15,returning,web,81.3
10376,2025-12-28,returning,web,93.75
10377,2025-08-21,new,marketplace,32.69
10378,2024-09-13,new,web,35.84
10379,2024-11-10,vip,marketplace,63.22
10380,2025-05-13,new,app,62.22
10381,2025-06-09,returning,web,87.94
10382,2024-08-14,returning,web,71.27
10383,2024-12-26,returning,marketplace,54.21
10384,2024-05-29,returning,marketplace,45.16
10385,2025-05-26,returning,app,32.54
10386,2025-12-24,new,app,95.21
10387,2024-11-26,new,marketplace,63.36
10388,2024-08-28,new,marketplace,98.64
10389,2025-08-10,returning,app,66.14
10390,2025-01-04,returning,web,118.88
10391,2025-07-26,returning,marketplace,25.58
10392,2025-06-20,new,web,86.11
10393,2025-02-03,new,app,55.33
10394,2024-02-11,returning,marketplace,157.05
10395,2024-01-24,new,web,55.56
10396,2024-02-10,returning,app,37.84
10397,2024-09-27,new,marketplace,36.85
10398,2024-04-16,vip,web,44.68
10399,2025-02-08,new,marketplace,60.03
10400,2025-11-22,new,app,135.65
10401,2024-09-06,new,web,114.6
10402,2024-08-20,vip,web,72.49
10403,2025-12-09,vip,marketplace,63.4
10404,2025-09-21,returning,web,48.29
10405,2025-05-14,returning,marketplace,36.08
10406,2025-04-17,returning,web,93.98
10407,2024-05-14,returning,marketplace,35.23
10408,2025-10-20,new,marketplace,115.04
10409,2024-07-31,new,app,45.95
10410,2024-01-16,new,web,65.44
10411,2025-05-23,new,marketplace,32.84
10412,2025-06-11,new,marketplace,56.8
10413,2024-05-19,vip,marketplace,81.46
10414,2024-10-03,returning,marketplace,40.6
10415,2024-02-22,returning,app,96.07
10416,2024-03-23,vip,app,60.86
10417,2025-03-24,new,marketplace,29.73
10418,2025-12-22,new,web,88.81
10419,2025-01-06,returning,web,84.67
10420,2025-07-15,returning,marketplace,54.42
10421,2024-05-16,new,web,88.71
10422,2024-04-16,new,marketplace,72.84
10423,2025-01-22,new,app,132.12
10424,2025-03-04,returning,web,121.5
10425,2024-05-01,returning,marketplace,38.64
10426,2025-06-03,new,web,109.69
10427,2024-01-23,vip,marketplace,82.31
10428,2025-05-17,new,web,133.38
10429,2025-09-25,new,app,104.44
10430,2025-03-25,returning,marketplace,50.36
10431,2024-11-21,returning,marketplace,70.61
10432,2025-01-25,new,marketplace,61.56
10433,2024-04-16,new,app,102.68
10434,2025-02-10,returning,marketplace,77.54
10435,2024-05-06,new,marketplace,70.37
10436,2024-01-22,new,marketplace,76.4
10437,2025-12-30,returning,marketplace,49.61
10438,2025-12-09,returning,web,97.31
10439,2024-03-20,returning,web,100.27
10440,2024-04-06,returning,web,47.27
10441,2024-12-17,vip,marketplace,126.71
10442,2025-11-06,returning,marketplace,40.49
10443,2025-09-14,new,marketplace,59.52
10444,2025-03-07,returning,web,40.21
10445,2025-07-30,new,app,41.73
10446,2025-07-31,new,app,67.13
10447,2025-05-15,new,app,83.1
10448,2024-05-31,returning,marketplace,50.11
10449,2025-12-06,new,marketplace,92.29
10450,2025-02-26,returning,marketplace,93.23
10451,2024-12-04,returning,web,83.88
10452,2024-11-02,returning,web,40.09
10453,2024-09-05,new,app,55.48
10454,2024-04-25,vip,app,47.78
10455,2024-05-21,new,app,143.66
10456,2024-05-10,new,web,45.84
10457,2025-12-14,new,app,43.41
10458,2024-11-06,returning,app,62.75
10459,2024-05-07,new,app,40.56
10460,2024-10-25,new,web,111.56
10461,2025-09-24,new,marketplace,28.18
10462,2025-06-20,returning,web,54.43
10463,2024-06-28,returning,web,71.79
10464,2025-06-07,new,web,39.01
10465,2025-08-31,returning,marketplace,44.15
10466,2024-02-03,new,marketplace,41.77
10467,2024-03-14,returning,marketplace,51.36
10468,2024-12-29,new,app,65.94
10469,2024-05-04,new,app,77.05
10470,2024-12-16,returning,app,44.11
10471,2025-09-27,returning,web,59.81
10472,2025-11-04,new,web,77.82
10473,2025-09-18,new,app,96.84
10474,2025-07-28,new,marketplace,53.45
10475,2024-08-28,vip,app,33.92
10476,2025-03-14,returning,marketplace,66.04
10477,2025-01-05,returning,app,61.84
10478,2024-03-24,new,marketplace,38.98
10479,2025-02-21,new,web,79.96
10480,2025-02-11,new,app,101.04
10481,2024-10-06,returning,app,66.17
10482,2025-12-02,new,web,63.02
10483,2025-06-27,returning,app,27.24
10484,2024-06-22,returning,app,28.1
10485,2025-12-06,new,web,36.48
10486,2025-10-11,returning,web,113.06
10487,2025-08-26,returning,app,115.97
10488,2024-08-04,new,web,63.57
10489,2025-10-08,new,app,46.1
10490,2024-07-19,returning,web,38.88
10491,2025-07-13,new,marketplace,40.74
10492,2024-05-15,returning,web,44.19
10493,2024-01-24,new,marketplace,48.01
10494,2025-03-30,new,web,107.65
10495,2024-07-05,new,web,63.66
10496,2025-08-10,new,app,28.92
10497,2025-10-10,new,web,51.96
10498,2024-02-03,new,app,57.74
10499,2025-04-25,returning,web,50.71
10500,2025-08-04,returning,web,38.66
10501,2024-05-27,returning,app,91.77
10502,2024-04-03,vip,marketplace,43.44
10503,2025-06-26,new,marketplace,37.43
10504,2024-07-14,new,web,66.34
10505,2024-12-23,new,marketplace,64.55
10506,2024-10-01,new,web,37.41
10507,2025-11-10,vip,web,185.47
10508,2024-12-13,new,app,107.6
10509,2025-02-17,returning,marketplace,40.81
10510,2025-07-16,new,web,94.27
10511,2025-08-17,new,marketplace,67.58
10512,2025-09-28,returning,app,32.12
10513,2025-05-22,new,web,25.59
10514,2024-01-08,returning,marketplace,31.75
10515,2025-11-07,new,app,91.31
10516,2024-02-29,returning,web,81.41
10517,2024-03-06,returning,marketplace,155.55
10518,2025-04-29,returning,app,65.95
10519,2025-11-13,returning,web,36.17
10520,2024-04-14,vip,app,82.0
10521,2025-12-05,returning,marketplace,50.99
10522,2024-05-19,returning,app,45.61
10523,2025-03-11,new,marketplace,104.42
10524,2025-12-30,new,app,80.46
10525,2025-12-08,returning,app,91.01
10526,2025-12-28,new,web,68.15
10527,2025-05-28,new,web,85.32
10528,2025-09-27,returning,app,52.01
10529,2025-11-26,new,app,73.1
10530,2024-11-19,returning,web,94.96
10531,2025-02-11,new,marketplace,54.42
10532,2025-04-09,new,marketplace,37.12
10533,2024-10-05,returning,web,111.74
10534,2025-11-29,new,marketplace,57.18
10535,2024-08-05,returning,web,52.04
10536,2024-07-13,new,marketplace,45.5
10537,2025-05-16,returning,web,30.93
10538,2025-08-27,new,app,90.94
10539,2024-11-11,vip,app,25.05
10540,2025-07-19,new,app,47.85
10541,2025-01-30,new,web,36.6
10542,2025-02-23,returning,marketplace,40.72
10543,2024-01-14,new,web,113.35
10544,2025-11-26,new,marketplace,44.86
10545,2025-06-15,new,marketplace,67.24
10546,2024-06-21,new,web,54.37
10547,2024-12-20,vip,marketplace,46.24
10548,2025-05-30,new,marketplace,89.96
10549,2025-06-11,new,web,33.57
10550,2025-12-10,returning,marketplace,84.19
10551,2024-07-26,new,web,79.04
10552,2024-05-07,new,web,93.37
10553,2024-03-08,new,app,66.99
10554,2024-04-13,new,marketplace,77.98
10555,2025-06-02,returning,web,64.18
10556,2024-05-06,returning,app,58.27
10557,2025-01-12,new,marketplace,58.57
10558,2024-03-06,returning,marketplace,69.29
10559,2024-03-05,new,web,55.46
10560,2025-06-09,returning,marketplace,69.0
10561,2024-08-17,returning,app,92.45
10562,2024-04-20,new,app,54.17
10563,2024-07-26,new,app,82.66
10564,2024-04-24,returning,app,54.07
10565,2025-10-28,new,app,144.23
10566,2024-11-30,new,web,49.06
10567,2025-05-30,new,app,82.33
10568,2024-08-20,vip,app,46.97
10569,2025-06-17,returning,marketplace,38.79
10570,2024-03-30,returning,app,68.02
10571,2025-01-13,vip,web,87.01
10572,2024-12-20,returning,web,80.72
10573,2024-12-11,vip,marketplace,104.41
10574,2024-07-19,new,web,87.47
10575,2025-09-03,new,marketplace,61.07
10576,2025-09-24,returning,web,44.87
10577,2025-09-13,new,web,24.95
10578,2024-10-31,new,web,80.67
10579,2025-10-21,returning,web,142.34
10580,2025-02-27,vip,marketplace,72.07
10581,2024-02-13,vip,marketplace,63.18
10582,2025-12-21,returning,app,72.55
10583,2024-11-07,new,web,92.76
10584,2024-04-20,new,app,56.03
10585,2025-02-07,new,web,146.36
10586,2024-08-13,vip,marketplace,42.42
10587,2025-10-06,new,app,122.08
10588,2024-03-18,new,marketplace,42.1
10589,2024-09-24,returning,app,60.96
10590,2024-06-26,new,app,64.97
10591,2025-09-20,new,web,33.16
10592,2025-07-18,new,app,57.48
10593,2024-07-20,returning,app,64.97
10594,2024-08-19,returning,marketplace,69.31
10595,2024-07-26,new,marketplace,80.4
10596,2025-12-29,new,web,76.27
10597,2024-02-10,vip,marketplace,36.07
10598,2025-05-06,returning,marketplace,84.13
10599,2024-12-26,returning,marketplace,36.34
10600,2025-06-16,new,web,67.63
10601,2025-09-26,new,web,46.43
10602,2025-02-09,returning,marketplace,41.58
10603,2025-12-09,new,app,36.93
10604,2025-08-25,new,web,71.0
10605,2025-08-19,returning,marketplace,66.24
10606,2024-04-21,returning,web,37.46
10607,2024-08-09,vip,web,48.2
10608,2024-03-23,new,app,146.67
10609,2024-02-26,returning,app,66.59
10610,2025-04-27,returning,web,89.87
10611,2024-08-15,returning,app,74.22
10612,2024-11-12,vip,marketplace,37.81
10613,2024-08-22,returning,marketplace,37.02
10614,2024-01-01,returning,marketplace,68.03
10615,2025-04-26,new,marketplace,61.74
10616,2025-09-01,returning,web,105.1
10617,2025-12-07,new,marketplace,32.49
10618,2024-06-30,new,web,23.37
10619,2025-11-05,new,app,77.52
10620,2025-02-01,returning,app,98.75
10621,2025-04-12,returning,app,62.38
10622,2024-02-06,returning,marketplace,110.03
10623,2024-03-26,returning,web,50.13
10624,2024-04-09,returning,app,58.09
10625,2024-08-13,returning,marketplace,83.07
10626,2025-09-21,new,web,51.24
10627,2025-08-14,returning,app,73.57
10628,2025-12-19,returning,web,33.9
10629,2024-08-16,new,marketplace,31.53
10630,2024-04-21,vip,marketplace,48.09
10631,2024-04-10,new,web,42.99
10632,2025-07-15,returning,marketplace,82.12
10633,2024-10-15,returning,app,59.22
10634,2025-01-13,returning,app,75.48
10635,2024-06-27,vip,marketplace,55.23
10636,2025-12-23,new,web,59.02
10637,2025-09-01,returning,web,93.03
10638,2025-04-23,new,web,54.5
10639,2024-12-14,returning,app,33.84
10640,2024-05-30,new,marketplace,51.89
10641,2024-10-09,new,app,92.67
10642,2025-11-15,returning,app,36.52
10643,2025-03-21,new,marketplace,52.72
10644,2024-02-16,returning,marketplace,56.58
10645,2025-04-28,new,marketplace,71.52
10646,2025-06-14,returning,app,28.96
10647,2025-10-11,returning,app,88.94
10648,2025-03-16,new,web,49.35
10649,2024-12-25,new,marketplace,44.38
10650,2025-04-13,vip,marketplace,48.77
10651,2025-07-21,returning,web,64.69
10652,2024-02-29,returning,web,140.69
10653,2025-05-11,returning,app,92.61
10654,2025-01-11,vip,marketplace,89.41
10655,2024-02-07,returning,web,73.27
10656,2025-11-06,returning,app,43.14
10657,2025-11-02,returning,app,42.98
10658,2025-12-01,new,marketplace,60.32
10659,2024-05-15,new,app,51.66
10660,2024-01-14,returning,marketplace,43.02
10661,2024-10-04,returning,web,37.58
10662,2024-05-10,returning,web,65.69
10663,2025-09-08,new,app,32.33
10664,2025-12-04,new,app,111.56
10665,2025-04-07,new,web,57.2
10666,2025-12-27,new,marketplace,64.18
10667,2024-03-21,new,web,85.98
10668,2024-05-29,returning,app,148.77
10669,2025-02-11,new,marketplace,89.47
10670,2024-09-25,new,marketplace,95.35
10671,2025-10-05,new,marketplace,79.97
10672,2024-05-23,returning,app,55.22
10673,2024-10-24,vip,marketplace,88.92
10674,2024-03-24,returning,web,74.87
10675,2025-12-26,returning,marketplace,96.04
10676,2025-07-05,returning,marketplace,52.88
10677,2025-01-20,new,app,64.07
10678,2024-11-17,vip,web,70.12
10679,2025-11-13,new,app,40.56
10680,2024-12-03,new,app,52.17
10681,2025-01-16,new,app,67.62
10682,2024-07-23,returning,app,82.78
10683,2025-11-19,new,app,41.14
10684,2025-08-05,new,web,54.58
10685,2025-03-24,returning,marketplace,68.92
10686,2024-03-01,returning,marketplace,66.44
10687,2024-10-13,new,app,58.95
10688,2025-08-15,returning,web,63.67
10689,2025-05-01,vip,marketplace,90.51
10690,2025-03-17,returning,marketplace,48.61
10691,2025-02-09,new,marketplace,50.22
10692,2025-03-14,returning,web,56.27
10693,2024-08-26,new,web,59.93
10694,2025-06-28,vip,app,70.53
10695,2024-01-11,new,web,64.68
10696,2024-07-13,new,marketplace,70.0
10697,2024-04-19,returning,app,54.58
10698,2025-06-17,new,web,54.21
10699,2025-05-19,new,app,37.39
10700,2024-06-30,returning,web,68.69
10701,2025-10-10,returning,app,26.97
10702,2025-05-12,new,marketplace,62.92
10703,2024-11-03,returning,app,52.08
10704,2025-04-12,new,web,53.17
10705,2024-12-21,new,app,38.06
10706,2025-03-01,returning,web,46.31
10707,2024-10-29,new,web,79.0
10708,2024-10-30,new,web,90.41
10709,2025-12-02,returning,app,65.89
10710,2024-10-06,new,app,46.84
10711,2024-06-09,returning,web,81.22
10712,2025-07-26,returning,app,130.3
10713,2025-06-21,new,marketplace,53.18
10714,2025-01-09,new,app,36.78
10715,2025-09-17,new,web,63.74
10716,2024-12-01,returning,web,44.13
10717,2024-06-24,returning,app,53.97
10718,2025-02-07,vip,marketplace,47.18
10719,2024-04-20,returning,marketplace,72.05
10720,2024-09-05,new,web,56.53
10721,2025-11-24,returning,app,124.53
10722,2025-04-04,new,web,33.68
10723,2024-06-20,new,web,100.33
10724,2025-11-07,returning,marketplace,80.26
10725,2025-06-28,vip,marketplace,37.92
10726,2024-08-29,new,web,61.68
10727,2024-11-10,returning,app,77.69
10728,2025-05-09,returning,marketplace,93.84
10729,2025-09-18,new,app,103.74
10730,2024-07-01,new,marketplace,44.69
10731,2025-01-06,returning,app,80.21
10732,2025-11-24,new,web,107.38
10733,2025-09-29,returning,web,79.69
10734,2025-07-24,returning,web,68.39
10735,2024-12-08,new,web,100.45
10736,2025-07-14,new,marketplace,60.08
10737,2025-08-18,returning,web,82.71
10738,2024-01-04,new,web,39.81
10739,2024-04-02,returning,marketplace,51.91
10740,2025-11-06,returning,web,81.11
10741,2025-04-05,returning,marketplace,54.6
10742,2024-06-16,returning,web,48.92
10743,2025-07-24,returning,web,93.77
10744,2025-04-01,returning,app,96.55
10745,2024-10-03,returning,app,36.58
10746,2024-11-10,vip,web,45.8
10747,2025-12-21,new,marketplace,61.79
10748,2025-03-25,new,web,46.44
10749,2024-11-13,returning,marketplace,56.81
10750,2024-08-19,returning,app,49.59
10751,2025-11-03,returning,web,73.4
10752,2025-11-02,new,app,67.75
10753,2025-02-12,returning,marketplace,26.54
10754,2024-12-24,vip,marketplace,73.41
10755,2024-04-13,returning,web,96.09
10756,2024-05-29,new,web,54.6
10757,2024-02-12,vip,app,44.44
10758,2025-08-07,new,web,55.78
10759,2024-10-31,new,web,56.64
10760,2024-03-20,new,marketplace,32.64
10761,2024-08-17,returning,marketplace,17.84
10762,2025-08-30,returning,app,43.46
10763,2025-11-12,returning,web,29.08
10764,2024-07-26,new,marketplace,63.37
10765,2025-03-22,new,app,62.97
10766,2024-09-01,returning,app,122.71
10767,2024-12-12,new,app,55.36
10768,2025-05-25,new,app,33.47
10769,2024-07-26,returning,app,28.7
10770,2024-05-09,returning,marketplace,49.0
10771,2024-03-09,returning,web,50.9
10772,2024-07-30,new,app,68.56
10773,2025-04-24,new,marketplace,53.89
10774,2024-04-22,new,app,96.48
10775,2024-01-01,returning,marketplace,93.81
10776,2025-11-30,returning,app,62.32
10777,2025-04-20,new,app,87.18
10778,2025-02-27,returning,web,44.44
10779,2024-09-06,new,marketplace,43.71
10780,2024-04-22,vip,app,66.79
10781,2024-08-28,new,marketplace,84.11
10782,2024-08-13,vip,marketplace,85.09
10783,2024-11-14,returning,app,42.7
10784,2025-07-15,new,marketplace,34.29
10785,2025-07-22,new,web,32.85
10786,2025-08-04,new,web,68.07
10787,2024-10-30,returning,marketplace,36.64
10788,2024-05-07,returning,marketplace,68.66
10789,2025-12-29,vip,web,31.99
10790,2025-04-08,new,app,129.57
10791,2024-02-22,returning,web,28.86
10792,2025-10-14,returning,web,61.59
10793,2025-07-19,returning,web,67.56
10794,2024-03-17,new,app,41.65
10795,2025-01-26,new,app,76.0
10796,2025-05-28,returning,web,128.19
10797,2025-06-28,returning,web,88.76
10798,2025-03-31,returning,marketplace,85.32
10799,2025-09-07,returning,web,51.35
10800,2024-04-24,new,web,75.96
10801,2024-08-08,vip,marketplace,98.83
10802,2024-09-04,returning,app,51.9
10803,2025-08-26,new,marketplace,28.84
10804,2025-05-19,returning,app,43.7
10805,2024-10-09,returning,web,73.25
10806,2024-04-17,new,app,39.93
10807,2024-06-29,returning,app,117.33
10808,2024-12-03,returning,web,130.62
10809,2025-09-21,returning,marketplace,44.49
10810,2024-09-05,new,marketplace,47.88
10811,2025-10-20,returning,app,57.84
10812,2024-05-24,returning,app,56.87
10813,2024-08-12,new,app,61.84
10814,2024-06-01,new,marketplace,67.09
10815,2025-11-14,returning,marketplace,88.27
10816,2024-06-15,new,marketplace,68.66
10817,2024-11-13,new,app,57.48
10818,2024-09-06,returning,app,84.34
10819,2024-12-01,new,app,93.44
10820,2024-03-26,returning,marketplace,104.13
10821,2025-09-27,returning,marketplace,50.58
10822,2025-03-22,new,app,56.01
10823,2025-01-26,returning,marketplace,38.77
10824,2025-10-26,returning,app,37.04
10825,2024-02-27,returning,web,97.62
10826,2025-05-15,new,marketplace,58.14
10827,2025-07-16,new,web,55.21
10828,2024-08-17,new,app,37.79
10829,2025-04-12,returning,app,40.88
10830,2025-11-12,new,app,121.11
10831,2025-07-11,returning,app,66.79
10832,2025-06-26,new,app,40.92
10833,2025-11-27,vip,marketplace,53.41
10834,2025-06-28,returning,web,97.91
10835,2025-06-05,returning,marketplace,38.29
10836,2025-12-11,new,web,105.26
10837,2025-09-17,new,app,24.85
10838,2024-05-02,new,app,117.6
10839,2025-12-09,new,app,158.55
10840,2025-03-20,vip,app,49.51
10841,2024-11-03,returning,app,31.96
10842,2025-05-01,returning,marketplace,59.31
10843,2024-07-15,returning,web,52.95
10844,2024-01-18,vip,app,66.06
10845,2025-06-16,returning,app,47.87
10846,2024-09-13,returning,app,66.48
10847,2025-11-14,returning,app,45.95
10848,2024-11-20,returning,app,52.79
10849,2024-10-10,new,marketplace,146.9
10850,2024-02-21,returning,web,55.43
10851,2025-04-21,new,app,110.28
10852,2025-09-15,new,marketplace,91.78
10853,2025-11-20,new,app,100.74
10854,2025-04-10,vip,app,51.07
10855,2024-11-15,returning,web,60.19
10856,2025-01-23,new,web,52.95
10857,2024-03-24,returning,marketplace,30.28
10858,2025-06-15,new,app,41.07
10859,2024-09-01,new,marketplace,63.61
10860,2024-08-19,returning,web,42.18
10861,2025-07-30,returning,marketplace,51.76
10862,2025-08-02,new,marketplace,74.9
10863,2025-09-09,new,app,35.54
10864,2025-11-15,new,web,51.13
10865,2024-11-30,new,web,46.26
10866,2025-12-18,returning,app,76.32
10867,2025-12-28,returning,app,60.45
10868,2024-04-14,returning,web,65.03
10869,2024-10-11,returning,marketplace,62.07
10870,2024-01-21,new,app,67.45
10871,2025-10-18,new,web,45.86
10872,2025-11-18,returning,web,43.84
10873,2024-03-13,returning,marketplace,46.99
10874,2024-04-02,new,marketplace,49.56
10875,2025-12-06,new,web,30.21
10876,2025-12-20,returning,app,88.9
10877,2024-10-27,new,marketplace,66.15
10878,2024-08-10,new,web,87.53
10879,2025-11-19,returning,app,66.91
10880,2025-06-19,new,web,66.73
10881,2024-03-23,new,web,78.56
10882,2025-11-29,vip,app,81.15
10883,2024-06-10,new,marketplace,41.77
10884,2024-05-26,returning,app,53.1
10885,2025-07-14,new,app,27.05
10886,2024-05-04,new,app,43.58
10887,2024-10-13,new,marketplace,42.1
10888,2024-11-13,returning,web,147.41
10889,2024-06-11,returning,marketplace,42.71
10890,2025-08-01,new,app,43.94
10891,2024-02-10,returning,marketplace,34.05
10892,2024-11-01,vip,marketplace,45.61
10893,2025-05-21,returning,marketplace,79.41
10894,2025-01-07,new,marketplace,52.38
10895,2024-12-11,returning,web,21.87
10896,2024-09-11,new,marketplace,79.14
10897,2025-07-15,returning,marketplace,61.21
10898,2024-12-25,vip,app,46.71
10899,2025-01-22,new,marketplace,70.58
10900,2024-04-20,returning,app,22.73
10901,2025-12-21,new,marketplace,61.05
10902,2025-07-09,new,web,44.28
10903,2024-07-28,vip,app,66.56
10904,2025-10-28,returning,web,65.78
10905,2024-07-09,returning,web,69.01
10906,2024-01-12,returning,web,68.72
10907,2025-10-29,returning,web,63.37
10908,2025-05-12,new,marketplace,66.47
10909,2024-11-26,new,app,50.67
10910,2025-12-08,returning,web,42.88
10911,2025-11-12,new,marketplace,57.11
10912,2024-07-01,new,web,64.62
10913,2025-10-24,new,web,82.99
10914,2025-03-06,returning,marketplace,105.39
10915,2024-07-16,vip,marketplace,61.43
10916,2024-12-28,new,app,31.47
10917,2025-04-29,vip,web,55.45
10918,2024-02-15,returning,marketplace,34.99
10919,2024-05-01,vip,marketplace,19.23
10920,2024-01-28,new,marketplace,57.86
10921,2025-05-20,new,app,96.4
10922,2024-08-26,new,web,89.27
10923,2025-08-29,new,web,75.51
10924,2024-10-30,new,app,69.37
10925,2024-09-02,returning,marketplace,40.31
10926,2024-12-10,returning,web,124.53
10927,2025-12-16,returning,app,40.45
10928,2025-11-26,returning,app,107.72
10929,2024-12-23,returning,web,62.69
10930,2025-12-24,returning,marketplace,36.39
10931,2024-12-11,new,web,88.07
10932,2025-08-28,returning,web,39.43
10933,2025-02-25,new,web,50.44
10934,2025-03-11,returning,app,55.21
10935,2025-09-13,returning,web,44.26
10936,2024-09-11,returning,web,57.82
10937,2024-10-29,new,app,59.36
10938,2025-06-04,new,web,24.02
10939,2025-12-23,returning,web,36.08
10940,2024-02-01,returning,web,56.16
10941,2025-07-22,returning,app,59.14
10942,2025-09-30,new,marketplace,40.6
10943,2024-10-05,returning,web,61.31
10944,2024-01-24,new,marketplace,77.25
10945,2024-02-12,new,app,62.7
10946,2025-12-29,new,marketplace,87.19
10947,2025-01-09,returning,marketplace,48.39
10948,2024-08-06,new,marketplace,50.13
10949,2024-12-27,vip,app,77.04
10950,2025-05-20,vip,web,49.28
10951,2025-09-06,returning,app,63.79
10952,2024-09-20,new,web,69.68
10953,2025-01-30,vip,marketplace,49.57
10954,2025-11-22,new,marketplace,23.79
10955,2025-12-31,returning,marketplace,56.11
10956,2024-06-21,new,web,64.56
10957,2024-07-14,new,web,74.28
10958,2025-03-21,returning,marketplace,53.33
10959,2025-07-15,returning,marketplace,44.37
10960,2025-07-20,returning,app,46.25
10961,2025-04-20,returning,web,32.86
10962,2025-12-09,returning,marketplace,56.66
10963,2024-02-12,vip,app,57.71
10964,2024-02-07,new,web,29.79
10965,2024-02-15,new,app,34.44
10966,2025-02-10,new,web,30.93
10967,2025-06-13,new,marketplace,44.29
10968,2025-02-16,returning,web,41.39
10969,2025-07-04,new,app,48.3
10970,2024-03-07,new,marketplace,81.2
10971,2025-10-22,new,marketplace,60.15
10972,2024-10-15,returning,app,64.91
10973,2024-11-07,returning,web,38.46
10974,2025-02-04,new,web,73.19
10975,2024-12-09,new,marketplace,28.98
10976,2025-04-13,new,app,47.58
10977,2025-12-27,returning,app,38.87
10978,2025-07-12,returning,web,65.62
10979,2024-08-29,vip,web,37.56
10980,2025-12-22,vip,web,96.3
10981,2024-04-21,returning,marketplace,29.78
10982,2024-10-06,new,web,60.89
10983,2025-12-31,returning,web,128.24
10984,2025-12-15,returning,web,58.25
10985,2025-06-28,new,web,51.49
10986,2025-07-08,returning,app,104.26
10987,2024-05-03,new,marketplace,122.07
10988,2025-12-05,new,marketplace,38.02
10989,2025-08-26,new,app,63.31
10990,2024-12-16,new,app,77.9
10991,2024-05-25,new,web,70.84
10992,2024-12-28,vip,marketplace,99.2
10993,2025-09-25,returning,marketplace,92.28
10994,2024-11-23,returning,web,44.48
10995,2024-01-16,returning,app,64.32
10996,2025-08-08,new,app,78.25
10997,2025-11-27,returning,marketplace,40.14
10998,2024-02-20,returning,app,34.85
10999,2025-11-16,returning,app,74.54
11000,2024-11-21,new,marketplace,67.01
11001,2025-09-13,vip,web,84.08
11002,2025-09-18,new,app,31.44
11003,2024-04-28,new,web,28.88
11004,2024-03-27,returning,marketplace,83.17
11005,2024-11-19,returning,app,64.64
11006,2024-11-13,returning,marketplace,112.9
11007,2024-09-13,returning,marketplace,44.86
11008,2025-03-23,new,web,48.13
11009,2024-03-06,new,marketplace,58.7
11010,2024-11-10,new,app,63.22
11011,2025-09-29,returning,app,62.11
11012,2025-09-06,returning,web,39.44
11013,2024-01-20,returning,marketplace,47.42
11014,2025-12-18,returning,app,78.6
11015,2025-11-15,returning,app,52.14
11016,2024-12-13,returning,app,39.05
11017,2024-06-16,new,marketplace,48.32
11018,2024-05-11,returning,app,47.6
11019,2025-06-28,returning,web,55.68
11020,2024-12-17,new,web,16.49
11021,2024-03-07,new,app,84.66
11022,2024-01-16,returning,app,35.52
11023,2024-02-08,returning,app,91.28
11024,2025-02-09,new,app,88.35
11025,2024-05-10,new,app,127.81
11026,2024-04-14,returning,app,65.96
11027,2024-03-07,new,marketplace,71.28
11028,2024-03-12,returning,marketplace,66.28
11029,2025-12-29,returning,web,60.09
11030,2024-06-27,new,web,50.66
11031,2025-02-06,returning,app,81.58
11032,2024-12-22,returning,app,47.69
11033,2025-12-21,new,marketplace,53.7
11034,2024-03-31,returning,app,73.53
11035,2025-03-20,returning,web,69.14
11036,2024-05-05,returning,web,130.09
11037,2025-12-17,returning,app,57.5
11038,2024-10-11,new,marketplace,66.13
11039,2024-05-18,new,app,56.82
11040,2024-08-07,new,web,39.4
11041,2024-09-05,new,marketplace,56.47
11042,2024-11-24,vip,app,62.35
11043,2024-02-06,vip,marketplace,34.22
11044,2024-05-31,returning,web,34.89
11045,2025-06-01,vip,marketplace,39.86
11046,2025-12-27,returning,marketplace,35.18
11047,2024-11-01,new,web,26.13
11048,2025-07-19,returning,app,86.25
11049,2025-08-27,returning,web,63.63
11050,2024-12-16,returning,app,102.03
11051,2024-11-05,returning,app,95.73
11052,2024-10-23,returning,marketplace,87.73
11053,2025-03-30,returning,marketplace,107.83
11054,2025-12-28,returning,app,87.47
11055,2024-11-24,new,app,72.73
11056,2025-09-22,returning,marketplace,25.12
11057,2024-03-29,vip,app,29.63
11058,2025-06-21,returning,marketplace,103.75
11059,2025-12-27,returning,web,85.82
11060,2024-12-03,vip,web,63.64
11061,2025-11-02,new,web,50.39
11062,2025-01-06,new,app,81.64
11063,2024-02-19,returning,web,82.49
11064,2025-12-18,returning,app,41.76
11065,2024-09-22,new,marketplace,73.06
11066,2025-12-23,returning,web,44.42
11067,2025-11-07,new,web,62.33
11068,2024-08-18,returning,app,45.48
11069,2024-03-13,returning,app,90.65
11070,2024-07-29,new,app,49.8
11071,2024-11-15,new,app,55.06
11072,2025-01-08,returning,web,57.65
11073,2025-03-13,vip,web,51.65
11074,2025-04-22,returning,web,93.66
11075,2025-02-06,returning,marketplace,56.12
11076,2024-02-09,new,marketplace,28.2
11077,2025-11-22,returning,marketplace,112.61
11078,2024-12-11,returning,app,81.2
11079,2025-12-27,new,web,86.35
11080,2024-05-03,returning,web,52.62
11081,2025-04-07,vip,web,51.83
11082,2025-05-12,new,app,64.2
11083,2025-11-22,new,web,51.71
11084,2024-02-01,new,app,64.04
11085,2024-01-19,returning,app,57.18
11086,2024-08-14,new,marketplace,92.1
11087,2025-12-21,returning,web,80.48
11088,2025-11-20,new,marketplace,53.87
11089,2024-05-12,new,marketplace,47.67
11090,2025-01-29,vip,web,30.05
11091,2025-09-19,returning,marketplace,45.66
11092,2025-12-25,returning,app,71.61
11093,2025-06-23,new,marketplace,64.3
11094,2024-04-18,returning,app,166.54
11095,2024-11-10,new,marketplace,31.06
11096,2024-01-01,new,app,56.1
11097,2024-06-30,returning,app,31.44
11098,2024-06-22,returning,web,58.82
11099,2024-02-02,new,marketplace,73.93
11100,2024-03-16,new,web,59.11
11101,2024-03-21,returning,marketplace,53.59
11102,2025-12-12,new,app,60.06
11103,2025-02-26,returning,web,38.08
11104,2024-05-08,returning,web,123.02
11105,2024-06-15,new,marketplace,73.64
11106,2024-11-24,new,app,71.44
11107,2024-12-02,new,app,90.24
11108,2025-12-24,returning,marketplace,27.07
11109,2024-08-18,new,marketplace,25.59
11110,2024-04-13,returning,app,50.2
11111,2025-10-23,returning,marketplace,48.08
11112,2025-11-22,new,app,50.86
11113,2025-01-07,new,web,93.28
11114,2025-11-29,returning,web,66.57
11115,2024-11-26,returning,marketplace,110.39
11116,2024-10-02,new,web,82.42
11117,2024-11-10,new,app,33.76
11118,2025-12-22,returning,web,74.51
11119,2025-02-15,returning,app,53.49
11120,2025-04-17,returning,marketplace,34.6
11121,2024-12-13,new,marketplace,57.55
11122,2024-02-28,new,app,46.24
11123,2025-10-15,vip,web,40.44
11124,2025-08-09,returning,app,63.86
11125,2025-07-21,returning,app,35.63
11126,2025-09-27,returning,marketplace,58.75
11127,2025-11-19,new,marketplace,64.58
11128,2025-10-24,returning,app,74.24
11129,2025-03-26,new,web,154.93
11130,2025-02-04,returning,web,73.6
11131,2024-12-20,returning,marketplace,56.73
11132,2024-02-18,new,app,66.6
11133,2024-09-14,vip,marketplace,79.97
11134,2025-11-15,vip,web,59.07
11135,2024-11-16,new,app,39.2
11136,2025-09-17,new,marketplace,62.53
11137,2024-08-09,returning,app,49.99
11138,2025-07-16,vip,web,61.81
11139,2025-12-03,vip,app,56.13
11140,2025-05-17,new,web,89.72
11141,2024-09-08,returning,app,54.15
11142,2024-12-05,new,app,40.53
11143,2024-09-27,new,marketplace,49.23
11144,2025-05-28,new,marketplace,44.04
11145,2024-12-01,vip,app,54.94
11146,2025-12-23,vip,web,49.14
11147,2024-02-25,returning,app,78.23
11148,2025-06-08,new,web,92.36
11149,2025-03-16,returning,app,79.13
11150,2024-07-04,returning,web,46.08
11151,2025-03-07,new,marketplace,73.08
11152,2024-09-06,returning,web,94.81
11153,2025-12-06,new,app,84.98
11154,2024-04-05,new,marketplace,37.79
11155,2024-04-08,new,app,107.47
11156,2024-05-08,new,web,34.93
11157,2024-08-15,returning,marketplace,96.41
11158,2025-01-13,returning,marketplace,77.81
11159,2024-10-26,new,marketplace,42.6
11160,2024-10-12,new,marketplace,55.2
11161,2025-10-20,returning,marketplace,50.04
11162,2025-04-08,returning,web,63.59
11163,2024-12-30,returning,app,75.56
11164,2025-03-26,returning,app,51.12
11165,2024-05-22,returning,marketplace,24.84
11166,2025-11-23,new,web,49.08
11167,2024-12-02,returning,marketplace,79.77
11168,2024-06-29,new,app,101.96
11169,2025-05-21,new,marketplace,57.77
11170,2025-06-06,returning,web,53.82
11171,2025-05-04,returning,marketplace,66.04
11172,2024-12-25,returning,app,69.12
11173,2024-08-27,returning,app,44.81
11174,2025-01-17,returning,app,55.61
11175,2025-12-23,returning,app,68.04
11176,2024-07-04,new,app,27.39
11177,2024-01-10,returning,app,45.24
11178,2025-02-27,returning,app,37.13
11179,2025-05-30,new,web,42.51
11180,2024-09-19,vip,marketplace,77.14
11181,2025-02-02,returning,marketplace,38.9
11182,2024-08-01,returning,marketplace,30.89
11183,2025-01-22,returning,app,62.98
11184,2024-06-28,vip,marketplace,42.52
11185,2024-02-25,returning,web,37.0
11186,2025-01-22,new,web,77.31
11187,2025-04-24,new,web,115.69
11188,2025-10-15,returning,marketplace,62.2
11189,2024-02-14,returning,web,51.94
11190,2025-03-31,new,marketplace,62.56
11191,2024-01-06,returning,app,59.65
11192,2024-09-11,returning,app,37.93
11193,2025-02-28,returning,web,33.29
11194,2025-01-19,returning,web,74.77
11195,2024-05-12,returning,web,49.69
11196,2024-01-31,returning,web,63.52
11197,2024-01-25,new,app,94.03
11198,2024-01-10,new,marketplace,23.8
11199,2025-03-06,new,marketplace,51.8
11200,2024-12-15,returning,app,31.01
11201,2025-11-06,vip,marketplace,126.48
11202,2024-03-18,returning,marketplace,80.48
11203,2024-04-08,new,web,60.77
11204,2025-08-28,new,marketplace,29.53
11205,2025-12-09,returning,marketplace,59.63
11206,2025-05-18,returning,web,82.31
11207,2025-05-05,returning,app,110.69
11208,2024-11-25,new,app,70.29
11209,2025-06-25,new,app,62.98
11210,2024-04-21,returning,web,51.09
11211,2025-10-09,new,web,76.84
11212,2024-12-02,returning,app,34.2
11213,2025-04-27,returning,app,35.45
11214,2024-05-13,returning,app,32.62
11215,2024-08-16,returning,web,39.43
11216,2025-12-26,new,app,50.61
11217,2025-04-03,new,web,88.6
11218,2025-01-27,returning,marketplace,43.11
11219,2025-11-11,returning,web,40.05
11220,2025-11-04,new,app,26.47
11221,2024-09-20,new,app,33.72
11222,2025-05-15,returning,web,79.02
11223,2024-11-17,new,web,32.55
11224,2024-03-16,vip,web,22.92
11225,2024-11-28,returning,app,44.97
11226,2025-07-05,new,web,48.04
11227,2024-10-14,returning,marketplace,30.04
11228,2025-01-27,new,app,40.36
11229,2024-04-01,new,web,65.06
11230,2024-09-13,new,marketplace,41.82
11231,2024-06-09,returning,app,41.93
11232,2024-04-13,new,marketplace,44.57
11233,2025-03-16,returning,web,37.25
11234,2025-01-13,vip,marketplace,69.89
11235,2024-10-11,new,app,53.91
11236,2025-05-17,returning,marketplace,60.47
11237,2024-06-17,returning,web,63.82
11238,2024-08-09,new,app,76.4
11239,2024-06-25,returning,marketplace,34.97
11240,2025-11-02,new,app,42.77
11241,2024-07-24,returning,web,75.71
11242,2024-08-07,new,app,33.6
11243,2024-04-19,new,app,72.02
11244,2024-11-12,returning,web,143.6
11245,2024-04-14,new,web,128.58
11246,2024-09-24,returning,marketplace,65.46
11247,2025-08-24,returning,app,49.27
11248,2024-08-13,returning,app,43.11
11249,2025-08-21,new,marketplace,21.88
11250,2025-06-18,returning,app,50.34
11251,2024-05-27,returning,web,81.58
11252,2025-07-29,returning,marketplace,41.7
11253,2024-11-04,new,marketplace,52.78
11254,2024-05-07,new,web,88.89
11255,2025-06-28,new,web,39.06
11256,2025-07-07,returning,app,31.42
11257,2025-08-02,new,marketplace,74.55
11258,2025-08-09,new,web,62.22
11259,2025-11-13,new,marketplace,80.88
11260,2024-12-08,vip,app,38.65
11261,2024-11-11,new,app,97.92
11262,2024-12-28,new,web,65.0
11263,2024-02-15,new,web,43.95
11264,2024-11-08,returning,marketplace,43.42
11265,2024-12-26,new,app,37.35
11266,2025-05-21,new,app,31.34
11267,2024-09-28,new,web,49.21
11268,2024-01-04,new,app,62.92
11269,2025-09-12,returning,web,32.46
11270,2025-09-12,returning,marketplace,72.03
11271,2025-02-27,returning,web,43.65
11272,2024-01-19,vip,web,26.09
11273,2025-11-22,new,marketplace,38.75
11274,2024-07-03,returning,marketplace,53.95
11275,2025-10-12,new,web,51.52
11276,2024-11-06,new,web,60.55
11277,2024-12-25,returning,app,53.58
11278,2025-03-18,new,marketplace,87.89
11279,2024-04-08,new,web,73.48
11280,2025-11-27,returning,app,32.3
11281,2024-05-05,new,marketplace,29.82
11282,2025-10-05,new,web,52.13
11283,2025-02-05,new,web,72.29
11284,2024-05-29,returning,marketplace,42.19
11285,2025-07-02,returning,app,75.56
11286,2025-02-16,new,web,59.73
11287,2025-02-23,vip,marketplace,50.06
11288,2025-12-19,new,app,69.26
11289,2024-08-12,returning,web,42.95
11290,2025-05-06,returning,marketplace,29.02
11291,2024-04-22,new,app,32.27
11292,2024-05-06,returning,web,113.02
11293,2024-12-14,returning,web,76.24
11294,2025-08-16,new,app,41.23
11295,2025-08-05,new,marketplace,49.0
11296,2025-03-30,returning,web,66.11
11297,2025-12-18,returning,marketplace,57.24
11298,2024-10-12,new,marketplace,54.4
11299,2025-12-02,returning,app,35.21
11300,2025-04-30,new,web,101.88
11301,2024-11-27,new,app,32.57
11302,2024-08-25,new,marketplace,93.45
11303,2025-08-08,new,web,72.12
11304,2024-02-09,returning,marketplace,99.45
11305,2024-04-24,new,app,47.98
11306,2024-10-31,new,app,44.63
11307,2024-07-31,returning,web,159.22
11308,2024-05-01,vip,web,70.76
11309,2024-11-18,returning,marketplace,21.16
11310,2024-04-20,new,marketplace,58.75
11311,2024-04-25,returning,app,50.92
11312,2024-05-22,returning,marketplace,43.96
11313,2024-11-04,new,web,40.22
11314,2025-09-26,returning,app,41.6
11315,2025-10-14,vip,web,44.4
11316,2024-09-26,returning,app,50.28
11317,2025-05-14,vip,marketplace,21.36
11318,2025-11-18,new,marketplace,49.41
11319,2024-08-10,returning,web,66.68
11320,2025-12-26,new,web,50.88
11321,2025-04-11,returning,marketplace,65.92
11322,2025-08-24,returning,marketplace,35.68
11323,2025-02-20,new,app,79.96
11324,2024-11-23,vip,web,74.74
11325,2025-10-28,returning,app,72.17
11326,2025-09-22,new,app,73.66
11327,2025-03-29,returning,marketplace,39.63
11328,2025-01-20,new,web,90.98
11329,2024-01-02,vip,web,43.99
11330,2024-08-03,new,marketplace,100.4
11331,2024-12-28,returning,app,23.11
11332,2025-10-29,new,marketplace,135.56
11333,2025-12-02,returning,web,55.56
11334,2024-07-04,returning,app,66.96
11335,2024-05-10,returning,app,48.43
11336,2024-02-03,returning,app,28.44
11337,2025-02-20,returning,web,48.88
11338,2025-07-28,returning,web,41.3
11339,2024-03-29,returning,app,55.57
11340,2024-05-17,returning,web,98.22
11341,2025-09-18,new,web,78.72
11342,2025-07-17,new,app,48.43
11343,2025-09-26,new,marketplace,159.77
11344,2024-11-22,new,app,56.68
11345,2024-05-18,returning,marketplace,60.2
11346,2024-06-01,returning,web,39.88
11347,2025-07-27,new,app,77.93
11348,2024-08-23,new,app,45.78
11349,2025-08-30,returning,web,77.5
11350,2025-09-24,new,web,72.81
11351,2024-11-01,returning,app,26.67
11352,2025-07-26,new,app,37.54
11353,2024-09-17,vip,marketplace,93.92
11354,2024-05-11,returning,web,116.52
11355,2025-10-25,new,web,88.79
11356,2025-07-20,vip,app,112.52
11357,2025-07-15,returning,web,41.58
11358,2025-09-03,new,marketplace,46.76
11359,2025-08-22,new,app,81.09
11360,2025-12-06,vip,app,64.07
11361,2025-01-16,returning,web,39.01
11362,2025-06-13,new,marketplace,83.86
11363,2025-08-14,returning,web,71.83
11364,2024-07-21,returning,app,41.56
11365,2024-05-23,new,web,62.42
11366,2024-04-13,returning,web,33.32
11367,2024-12-17,returning,app,73.59
11368,2025-05-23,new,marketplace,54.32
11369,2024-11-20,new,marketplace,76.57
11370,2025-05-10,returning,app,74.84
11371,2025-12-31,returning,app,115.37
11372,2025-10-17,returning,marketplace,36.47
11373,2025-05-25,returning,app,48.17
11374,2024-05-13,new,app,36.5
11375,2024-05-12,returning,web,76.63
11376,2024-06-07,returning,app,62.16
11377,2024-10-12,vip,marketplace,59.5
11378,2025-03-15,new,web,35.23
11379,2024-04-09,new,app,87.92
11380,2024-06-29,new,web,34.83
11381,2024-09-19,returning,app,41.23
11382,2025-03-07,new,marketplace,35.57
11383,2024-10-14,returning,web,53.82
11384,2025-07-15,returning,web,48.55
11385,2025-05-20,returning,marketplace,56.99
11386,2024-12-09,returning,marketplace,70.63
11387,2025-12-16,new,marketplace,88.37
11388,2025-04-03,new,web,59.07
11389,2025-02-27,new,web,56.38
11390,2024-02-06,returning,app,42.73
11391,2024-08-14,new,web,31.98
11392,2024-05-02,new,marketplace,29.69
11393,2024-07-06,returning,marketplace,35.57
11394,2024-10-17,new,app,80.63
11395,2025-07-10,returning,app,78.48
11396,2024-01-22,new,app,85.19
11397,2024-09-28,new,marketplace,66.47
11398,2025-06-14,vip,web,68.65
11399,2024-12-04,vip,web,53.87
11400,2024-10-21,new,app,64.82
11401,2025-04-15,new,web,66.85
11402,2024-06-28,returning,marketplace,35.91
11403,2025-08-02,vip,marketplace,94.31
11404,2025-10-02,returning,marketplace,71.62
11405,2024-12-23,new,web,76.29
11406,2024-10-15,new,marketplace,85.99
11407,2025-11-19,new,marketplace,69.84
11408,2024-06-21,returning,app,53.28
11409,2024-04-15,returning,app,82.85
11410,2025-03-19,returning,marketplace,125.01
11411,2025-01-22,new,web,44.41
11412,2024-08-30,vip,web,61.69
11413,2025-12-11,new,app,59.45
11414,2024-09-26,vip,web,131.37
11415,2024-02-16,new,app,101.52
11416,2025-01-04,new,marketplace,48.83
11417,2024-09-16,returning,app,58.68
11418,2025-04-11,new,web,31.89
11419,2025-12-23,vip,marketplace,27.27
11420,2024-01-22,returning,web,33.11
11421,2024-11-16,returning,web,62.63
11422,2024-10-21,returning,web,72.02
11423,2024-10-20,returning,marketplace,99.93
11424,2025-08-28,returning,web,137.81
11425,2025-07-04,new,app,44.57
11426,2025-11-22,new,app,63.06
11427,2025-10-17,returning,web,84.84
11428,2024-04-29,new,web,119.99
11429,2024-06-26,new,web,48.73
11430,2025-01-28,returning,app,71.25
11431,2025-10-25,new,marketplace,102.49
11432,2024-12-26,returning,app,75.84
11433,2024-03-11,returning,app,37.79
11434,2025-11-21,new,marketplace,33.91
11435,2025-12-13,returning,app,40.18
11436,2024-09-22,vip,web,128.84
11437,2024-10-14,new,web,86.32
11438,2024-11-18,new,web,120.38
11439,2024-11-30,vip,marketplace,66.71
11440,2024-05-26,new,app,61.0
11441,2024-08-24,returning,app,87.09
11442,2024-05-24,new,marketplace,47.86
11443,2024-01-18,returning,web,143.42
11444,2025-11-05,returning,web,81.25
11445,2024-03-02,vip,app,50.02
11446,2024-03-14,returning,web,54.23
11447,2025-01-05,new,marketplace,37.07
11448,2025-07-09,new,web,61.91
11449,2024-04-28,returning,marketplace,51.94
11450,2025-12-22,returning,app,95.59
11451,2025-09-13,vip,marketplace,73.36
11452,2024-10-31,new,web,103.58
11453,2024-02-25,returning,web,42.35
11454,2024-11-26,returning,marketplace,55.24
11455,2024-01-07,new,app,65.52
11456,2025-11-02,vip,app,106.12
11457,2024-11-08,new,marketplace,78.06
11458,2024-05-06,returning,marketplace,33.29
11459,2025-10-09,new,web,56.07
11460,2025-01-19,returning,app,86.3
11461,2024-08-25,new,marketplace,83.7
11462,2025-06-12,vip,marketplace,51.6
11463,2024-03-12,new,web,69.89
11464,2025-12-25,new,app,101.82
11465,2024-12-17,new,web,71.84
11466,2025-05-18,vip,web,39.27
11467,2025-11-19,new,marketplace,56.46
11468,2024-09-21,new,marketplace,54.43
11469,2024-07-13,new,app,47.94
11470,2025-11-22,new,marketplace,55.3
11471,2025-12-17,new,marketplace,51.23
11472,2024-04-12,returning,marketplace,76.94
11473,2024-02-04,returning,marketplace,40.82
11474,2025-01-03,new,marketplace,50.04
11475,2024-12-04,new,web,49.06
11476,2024-02-23,returning,web,45.21
11477,2025-07-14,new,web,40.24
11478,2024-03-22,new,marketplace,79.74
11479,2025-12-02,returning,marketplace,50.2
11480,2025-06-20,returning,app,54.65
11481,2025-12-01,new,marketplace,30.34
11482,2024-07-07,returning,marketplace,65.76
11483,2025-06-21,new,web,65.04
11484,2025-04-28,returning,marketplace,38.26
11485,2024-05-20,vip,marketplace,49.69
11486,2024-05-28,new,marketplace,74.39
11487,2025-08-16,returning,web,23.14
11488,2025-02-27,new,web,67.06
11489,2025-06-21,new,marketplace,105.29
11490,2025-12-27,returning,web,43.03
11491,2025-12-15,returning,marketplace,81.3
11492,2024-02-25,returning,app,44.98
11493,2024-03-13,new,web,47.12
11494,2024-11-22,returning,marketplace,58.27
11495,2024-09-21,new,app,53.41
11496,2024-05-04,returning,web,94.2
11497,2025-10-01,vip,app,54.04
11498,2024-10-14,new,app,53.44
11499,2024-08-02,new,marketplace,24.2
11500,2025-10-25,returning,app,65.23
11501,2025-12-24,returning,app,59.65
11502,2024-09-12,vip,app,91.07
11503,2024-09-15,returning,web,38.29
11504,2025-12-21,new,marketplace,119.23
11505,2024-11-17,vip,app,39.9
11506,2024-05-28,returning,marketplace,47.81
11507,2024-08-31,returning,web,35.46
11508,2024-10-21,returning,marketplace,61.39
11509,2024-08-20,returning,web,52.63
11510,2025-07-18,returning,web,72.96
11511,2024-04-07,new,web,166.07
11512,2025-10-08,returning,app,57.88
11513,2024-08-23,new,web,76.87
11514,2025-06-03,returning,web,54.88
11515,2025-08-19,new,app,42.5
11516,2025-11-24,returning,web,31.56
11517,2024-02-03,new,marketplace,32.04
11518,2024-03-18,returning,app,61.19
11519,2025-05-01,vip,app,44.6
11520,2025-07-04,vip,web,99.17
11521,2024-11-13,returning,app,60.27
11522,2024-07-21,returning,web,114.03
11523,2024-11-26,returning,marketplace,99.36
11524,2024-10-20,new,app,56.55
11525,2024-10-21,returning,app,66.48
11526,2025-06-21,new,marketplace,79.5
11527,2025-05-27,returning,marketplace,47.46
11528,2025-10-30,new,marketplace,94.21
11529,2024-05-13,new,web,45.6
11530,2024-12-12,new,web,49.08
11531,2025-09-09,new,app,124.16
11532,2024-05-09,new,marketplace,58.56
11533,2025-09-02,new,marketplace,103.31
11534,2025-11-30,vip,app,58.66
11535,2025-05-17,returning,marketplace,60.18
11536,2025-09-21,vip,marketplace,121.58
11537,2025-06-14,returning,marketplace,56.68
11538,2025-06-07,returning,web,43.7
11539,2025-11-20,returning,marketplace,35.77
11540,2024-09-20,returning,web,40.61
11541,2024-04-29,new,marketplace,21.8
11542,2024-12-26,new,marketplace,69.2
11543,2025-08-03,new,marketplace,22.88
11544,2024-12-25,new,marketplace,45.7
11545,2025-11-29,vip,web,110.0
11546,2025-04-02,new,web,79.16
11547,2024-06-13,new,app,65.02
11548,2025-01-23,vip,marketplace,89.89
11549,2024-10-25,new,marketplace,77.93
11550,2025-12-28,new,marketplace,27.99
11551,2025-11-17,new,marketplace,91.09
11552,2025-10-10,vip,app,81.36
11553,2024-08-22,returning,app,51.02
11554,2024-08-24,new,marketplace,99.17
11555,2024-04-09,returning,web,163.8
11556,2024-10-23,returning,web,73.0
11557,2024-05-27,vip,app,31.11
11558,2024-03-23,returning,marketplace,69.33
11559,2025-07-04,new,marketplace,48.33
11560,2024-11-30,returning,web,28.34
11561,2024-05-14,new,marketplace,82.96
11562,2025-09-30,vip,app,79.14
11563,2025-10-16,new,marketplace,104.69
11564,2024-09-22,returning,web,33.81
11565,2024-09-07,returning,web,51.82
11566,2025-07-02,new,app,69.48
11567,2025-04-19,new,web,46.92
11568,2025-01-13,vip,web,50.73
11569,2025-10-19,new,app,75.11
11570,2025-03-02,returning,app,50.05
11571,2024-04-13,returning,marketplace,98.55
11572,2024-06-04,vip,app,48.24
11573,2025-12-29,new,marketplace,87.57
11574,2025-01-19,returning,app,66.42
11575,2024-11-26,returning,app,31.74
11576,2025-12-07,new,marketplace,66.18
11577,2024-06-17,new,app,65.82
11578,2024-11-05,new,web,34.54
11579,2024-11-11,returning,web,37.46
11580,2024-11-21,returning,marketplace,41.16
11581,2024-02-08,new,web,42.71
11582,2025-10-12,new,marketplace,89.61
11583,2025-08-08,new,web,67.31
11584,2025-10-08,returning,app,39.84
11585,2024-07-29,returning,web,80.33
11586,2025-02-17,returning,marketplace,56.68
11587,2024-08-30,returning,web,80.09
11588,2024-07-11,vip,web,45.92
11589,2024-05-02,returning,web,20.91
11590,2024-05-31,returning,app,75.03
11591,2025-06-16,returning,marketplace,89.81
11592,2025-06-26,returning,web,73.92
11593,2025-03-01,new,app,92.76
11594,2025-08-11,returning,web,64.15
11595,2024-10-20,vip,app,85.23
11596,2025-05-28,new,marketplace,57.89
11597,2025-07-04,new,app,75.74
11598,2024-02-01,vip,marketplace,62.93
11599,2025-06-13,new,app,60.18
11600,2024-07-03,vip,app,42.44
11601,2024-01-24,returning,web,60.81
11602,2025-04-18,returning,marketplace,69.96
11603,2024-04-13,new,marketplace,53.8
11604,2024-02-01,new,web,74.02
11605,2025-11-29,returning,web,58.49
11606,2025-10-11,returning,marketplace,106.07
11607,2025-05-09,returning,marketplace,97.41
11608,2024-11-26,returning,marketplace,49.24
11609,2025-11-30,returning,web,98.31
11610,2024-11-07,returning,marketplace,119.61
11611,2024-09-05,returning,marketplace,70.12
11612,2024-10-13,new,marketplace,45.02
11613,2024-04-05,new,app,35.57
11614,2025-12-26,new,marketplace,65.89
11615,2024-04-13,new,web,28.98
11616,2024-03-11,vip,web,48.53
11617,2025-11-18,new,app,68.78
11618,2025-07-11,new,marketplace,53.02
11619,2024-11-04,returning,marketplace,81.86
11620,2024-09-27,new,web,76.56
11621,2024-02-07,returning,web,59.41
11622,2024-03-03,vip,web,117.17
11623,2025-07-02,new,web,51.13
11624,2025-06-07,returning,app,29.39
11625,2025-04-03,new,app,81.98
11626,2024-12-30,returning,app,65.11
11627,2024-03-28,vip,app,98.69
11628,2025-06-05,new,app,39.26
11629,2024-12-29,new,web,64.44
11630,2024-11-09,vip,app,66.34
11631,2025-03-18,new,app,61.22
11632,2024-12-09,vip,web,30.68
11633,2025-10-01,vip,web,34.29
11634,2024-03-10,returning,web,60.48
11635,2025-01-06,new,app,33.71
11636,2025-12-10,returning,web,42.69
11637,2024-10-24,new,web,70.57
11638,2025-01-05,new,web,61.89
11639,2024-05-09,returning,web,63.0
11640,2024-11-06,returning,marketplace,62.51
11641,2025-10-04,returning,web,42.52
11642,2025-02-14,new,app,59.98
11643,2025-11-11,returning,marketplace,83.29
11644,2025-01-08,new,marketplace,43.46
11645,2025-04-15,returning,web,60.73
11646,2025-12-25,returning,web,135.99
11647,2024-11-11,vip,marketplace,32.43
11648,2024-11-11,returning,marketplace,80.87
11649,2025-03-09,new,app,46.04
11650,2025-03-29,returning,app,76.24
11651,2025-10-09,returning,web,163.14
11652,2025-04-16,returning,marketplace,61.56
11653,2025-02-09,vip,app,73.07
11654,2024-08-14,returning,web,36.15
11655,2024-04-08,returning,web,78.86
11656,2025-01-07,returning,web,76.23
11657,2024-06-26,new,marketplace,51.93
11658,2024-11-18,returning,web,61.99
11659,2025-02-19,new,web,105.37
11660,2025-12-14,vip,app,61.3
11661,2025-12-26,returning,web,67.29
11662,2024-02-18,returning,app,101.46
11663,2024-10-23,returning,app,96.76
11664,2024-05-18,new,web,120.65
11665,2024-05-12,new,app,86.15
11666,2024-11-13,new,web,54.11
11667,2025-07-20,new,app,49.22
11668,2025-05-12,returning,app,69.69
11669,2024-08-22,new,web,170.33
11670,2024-10-29,returning,marketplace,86.07
11671,2024-06-13,returning,marketplace,87.37
11672,2025-08-30,returning,web,37.75
11673,2024-07-03,new,web,39.73
11674,2024-04-03,new,app,51.98
11675,2025-01-23,new,web,47.59
11676,2025-01-15,new,app,54.12
11677,2025-11-19,new,marketplace,28.5
11678,2024-09-19,returning,marketplace,79.78
11679,2024-11-09,returning,web,39.6
11680,2025-02-24,new,web,27.92
11681,2024-05-28,returning,web,64.78
11682,2025-09-11,new,web,82.57
11683,2024-05-26,new,marketplace,57.88
11684,2025-02-12,new,web,45.82
11685,2025-04-11,returning,app,79.17
11686,2025-06-24,new,marketplace,50.5
11687,2025-07-11,vip,marketplace,46.52
11688,2025-12-09,vip,web,41.23
11689,2024-07-16,new,app,52.74
11690,2024-08-07,new,app,57.15
11691,2025-05-15,returning,web,93.26
11692,2025-05-20,returning,web,43.58
11693,2025-07-18,returning,app,74.01
11694,2024-12-12,returning,app,34.61
11695,2025-03-19,new,marketplace,75.36
11696,2024-11-13,new,web,22.07
11697,2025-12-03,new,marketplace,64.58
11698,2025-12-11,new,web,64.47
11699,2024-05-25,new,marketplace,47.49
11700,2024-01-21,new,app,40.75
11701,2024-06-28,vip,web,47.94
11702,2024-08-09,new,web,27.81
11703,2024-11-17,new,app,57.16
11704,2025-02-22,returning,web,62.84
11705,2024-08-30,new,app,48.92
11706,2024-09-18,new,app,68.64
11707,2025-08-03,new,web,52.71
11708,2025-12-28,new,web,96.85
11709,2024-10-04,returning,app,76.01
11710,2025-05-28,returning,app,53.95
11711,2024-04-04,new,app,114.14
11712,2024-08-21,returning,marketplace,60.57
11713,2024-07-06,new,app,64.05
11714,2025-12-04,returning,marketplace,42.81
11715,2024-03-04,returning,web,60.14
11716,2024-12-13,new,app,40.92
11717,2025-01-14,new,marketplace,99.75
11718,2024-09-23,new,web,61.45
11719,2025-11-19,returning,web,55.59
11720,2024-12-23,returning,app,47.75
11721,2024-07-19,new,marketplace,128.99
11722,2024-10-14,returning,marketplace,39.3
11723,2024-12-22,new,app,52.15
11724,2024-10-31,new,web,66.13
11725,2024-12-19,returning,app,51.66
11726,2025-01-08,new,app,51.8
11727,2024-11-10,new,app,33.22
11728,2025-05-29,new,app,61.39
11729,2025-10-11,returning,marketplace,36.69
11730,2024-01-21,new,app,50.2
11731,2025-01-09,returning,app,62.57
11732,2025-08-31,new,app,59.38
11733,2025-11-11,new,app,87.25
11734,2024-02-28,returning,marketplace,45.02
11735,2024-12-12,new,marketplace,34.7
11736,2025-06-20,returning,marketplace,78.99
11737,2025-07-01,returning,marketplace,55.11
11738,2024-07-27,returning,app,47.52
11739,2025-06-01,new,web,111.87
11740,2024-03-24,new,web,43.98
11741,2025-02-18,returning,web,102.6
11742,2025-03-27,new,app,60.17
11743,2025-12-10,new,marketplace,89.18
11744,2025-09-29,returning,app,76.71
11745,2025-02-23,vip,app,28.77
11746,2025-09-05,returning,app,41.69
11747,2024-12-23,new,web,38.11
11748,2024-09-13,new,web,65.04
11749,2024-01-04,returning,app,63.04
11750,2024-05-29,returning,app,73.01
11751,2024-06-09,returning,app,57.9
11752,2025-12-22,new,app,52.38
11753,2025-04-30,new,marketplace,68.49
11754,2025-12-22,returning,app,80.55
11755,2025-01-11,returning,marketplace,66.7
11756,2024-08-26,returning,web,46.42
11757,2025-12-27,returning,marketplace,100.08
11758,2025-09-01,new,web,74.29
11759,2024-01-22,returning,app,101.8
11760,2024-01-03,vip,web,33.37
11761,2025-11-05,new,web,44.41
11762,2024-06-02,returning,web,47.17
11763,2025-09-08,vip,marketplace,25.42
11764,2025-02-17,new,web,137.61
11765,2025-01-11,vip,app,42.38
11766,2024-05-26,new,marketplace,195.73
11767,2025-11-09,new,marketplace,50.35
11768,2024-11-19,returning,marketplace,54.68
11769,2024-06-13,returning,web,70.6
11770,2025-01-01,vip,web,96.34
11771,2025-08-28,new,app,111.86
11772,2024-12-04,returning,marketplace,117.35
11773,2025-11-24,new,marketplace,46.06
11774,2025-12-22,returning,app,65.44
11775,2025-03-29,vip,web,54.22
11776,2024-11-13,new,marketplace,29.13
11777,2025-10-26,returning,web,71.12
11778,2024-12-21,returning,app,51.43
11779,2024-09-09,new,web,129.07
11780,2025-11-18,returning,marketplace,48.32
11781,2025-12-27,returning,marketplace,145.45
11782,2024-05-18,returning,marketplace,59.38
11783,2025-10-29,returning,app,56.5
11784,2024-03-23,new,marketplace,50.93
11785,2024-11-29,new,app,181.79
11786,2025-11-30,returning,app,56.42
11787,2024-02-14,new,web,85.45
11788,2024-12-05,new,web,119.63
11789,2025-07-25,returning,app,70.74
11790,2025-09-18,vip,app,50.21
11791,2024-07-26,returning,marketplace,28.08
11792,2024-03-30,vip,web,68.14
11793,2025-07-23,new,web,62.68
11794,2024-07-18,returning,app,50.29
11795,2024-12-13,returning,web,54.4
11796,2025-02-18,returning,app,54.25
11797,2025-10-13,vip,app,47.32
11798,2025-04-01,returning,web,73.75
11799,2025-03-16,returning,marketplace,62.88
11800,2025-02-23,returning,app,92.95
11801,2025-03-08,returning,marketplace,111.17
11802,2024-08-31,new,web,68.73
11803,2025-02-12,vip,marketplace,67.78
11804,2025-03-26,returning,marketplace,70.77
11805,2024-02-07,returning,marketplace,57.35
11806,2024-08-30,returning,web,82.92
11807,2024-08-02,new,web,44.08
11808,2025-12-07,new,app,42.56
11809,2025-12-01,vip,web,100.32
11810,2024-10-08,new,web,45.05
11811,2024-02-26,vip,marketplace,81.67
11812,2024-05-22,returning,app,48.64
11813,2024-10-27,new,web,35.34
11814,2025-02-10,new,web,95.41
11815,2025-12-30,new,web,65.61
11816,2025-04-10,new,marketplace,85.29
11817,2024-01-11,new,web,64.36
11818,2025-08-26,returning,app,45.01
11819,2025-03-25,returning,web,53.46
11820,2025-01-18,new,marketplace,56.18
11821,2025-10-04,returning,web,90.63
11822,2024-08-26,new,web,59.11
11823,2024-12-28,new,marketplace,44.76
11824,2025-10-25,returning,web,72.35
11825,2024-12-27,new,web,49.36
11826,2024-09-30,new,web,128.3
11827,2024-07-04,returning,web,50.16
11828,2025-11-20,new,marketplace,45.51
11829,2025-03-24,returning,web,39.11
11830,2024-11-02,new,app,33.62
11831,2025-12-07,returning,app,42.17
11832,2024-05-01,returning,marketplace,50.18
11833,2025-09-17,returning,marketplace,41.66
11834,2025-05-28,returning,web,141.66
11835,2024-12-17,returning,marketplace,117.16
11836,2024-11-23,returning,marketplace,115.31
11837,2025-12-29,returning,marketplace,54.63
11838,2025-06-10,returning,app,99.86
11839,2025-08-09,new,web,101.16
11840,2025-07-04,new,app,84.07
11841,2025-03-13,new,web,81.5
11842,2024-12-24,returning,marketplace,64.37
11843,2024-01-18,returning,marketplace,28.15
11844,2024-07-12,new,web,92.25
11845,2025-03-10,returning,marketplace,47.01
11846,2025-03-08,returning,marketplace,73.34
11847,2025-08-17,new,marketplace,69.33
11848,2025-12-03,new,web,66.33
11849,2025-11-29,returning,web,57.14
11850,2025-08-21,returning,web,71.12
11851,2025-09-22,new,app,72.39
11852,2025-02-18,returning,marketplace,28.79
11853,2025-06-01,returning,app,68.45
11854,2025-01-10,new,app,70.41
11855,2025-10-21,returning,app,36.8
11856,2024-03-17,new,marketplace,61.17
11857,2024-01-12,new,app,52.4
11858,2025-05-07,returning,app,59.2
11859,2024-10-10,new,marketplace,73.5
11860,2025-06-21,new,web,51.43
11861,2025-05-17,returning,app,102.26
11862,2024-12-19,returning,web,100.17
11863,2024-06-07,returning,marketplace,37.86
11864,2025-11-06,new,web,42.1
11865,2024-08-04,vip,web,54.51
11866,2024-12-24,returning,web,54.57
11867,2025-06-26,returning,app,91.32
11868,2024-08-03,vip,web,56.15
11869,2024-05-06,new,app,42.22
11870,2025-01-24,returning,app,34.82
11871,2025-12-06,new,marketplace,92.18
11872,2025-05-06,new,app,32.45
11873,2024-01-14,new,app,45.04
11874,2024-02-28,new,marketplace,47.1
11875,2025-03-10,new,app,52.07
11876,2025-11-18,new,marketplace,68.09
11877,2024-02-19,new,web,26.89
11878,2024-12-17,returning,app,66.85
11879,2024-12-05,returning,web,127.25
11880,2024-01-01,new,marketplace,46.84
11881,2024-10-18,returning,marketplace,41.92
11882,2025-01-09,new,marketplace,61.81
11883,2024-09-07,new,marketplace,147.89
11884,2025-08-24,new,web,69.22
11885,2024-09-24,returning,marketplace,29.6
11886,2024-12-21,vip,web,35.14
11887,2024-02-27,new,marketplace,73.61
11888,2025-11-13,new,web,118.06
11889,2025-12-02,new,marketplace,52.24
11890,2025-05-24,vip,web,60.52
11891,2025-07-16,returning,app,43.82
11892,2025-05-21,new,marketplace,36.98
11893,2024-11-05,new,web,65.52
11894,2025-11-14,new,marketplace,72.47
11895,2024-02-25,vip,web,57.64
11896,2024-07-23,new,app,101.63
11897,2024-09-23,returning,marketplace,35.84
11898,2024-04-10,returning,web,32.58
11899,2024-12-28,new,app,38.75
11900,2025-10-21,returning,app,88.65
11901,2025-11-28,new,app,39.27
11902,2025-12-10,returning,web,72.94
11903,2025-07-03,returning,app,40.55
11904,2025-05-30,new,app,62.71
11905,2024-08-27,new,web,103.48
11906,2025-09-11,new,marketplace,55.94
11907,2025-03-28,new,app,40.51
11908,2024-09-26,new,marketplace,30.78
11909,2025-04-10,returning,web,44.58
11910,2025-01-31,vip,marketplace,64.5
11911,2025-08-15,vip,marketplace,31.32
11912,2025-03-30,new,marketplace,84.14
11913,2025-04-27,returning,app,42.94
11914,2025-05-11,returning,web,77.29
11915,2025-09-01,returning,web,36.67
11916,2025-12-07,new,web,58.58
11917,2024-03-01,returning,web,41.04
11918,2025-04-28,new,web,36.01
11919,2025-10-09,returning,web,58.91
11920,2025-01-13,new,marketplace,59.13
11921,2024-05-21,new,app,34.11
11922,2024-12-02,vip,marketplace,34.6
11923,2024-08-19,new,web,42.19
11924,2025-10-24,returning,web,71.26
11925,2024-11-04,returning,app,30.21
11926,2025-04-06,returning,marketplace,97.39
11927,2024-09-21,new,app,38.43
11928,2025-01-07,new,app,55.94
11929,2025-06-20,new,marketplace,85.61
11930,2025-12-28,new,app,49.9
11931,2024-04-20,returning,app,66.93
11932,2025-08-10,vip,marketplace,67.58
11933,2024-09-23,returning,marketplace,62.77
11934,2025-08-29,returning,web,73.67
11935,2025-12-30,returning,marketplace,81.52
11936,2025-05-19,new,marketplace,84.04
11937,2024-11-18,vip,web,73.69
11938,2025-06-13,new,app,46.95
11939,2025-09-04,new,app,114.22
11940,2025-07-23,new,web,80.62
11941,2025-09-29,returning,web,60.97
11942,2024-11-29,vip,app,29.78
11943,2025-01-09,new,app,43.07
11944,2025-08-22,vip,web,91.1
11945,2024-12-27,new,app,82.98
11946,2025-07-11,new,web,122.5
11947,2025-12-28,new,marketplace,36.26
11948,2024-12-02,returning,app,56.68
11949,2025-10-16,new,web,47.79
11950,2024-05-16,returning,app,64.01
11951,2025-08-09,new,web,56.65
11952,2024-09-13,returning,app,40.71
11953,2025-03-01,returning,web,27.82
11954,2025-07-11,vip,app,32.73
11955,2025-08-27,new,web,61.3
11956,2025-12-11,new,app,60.53
11957,2025-04-05,returning,marketplace,39.01
11958,2025-04-20,new,marketplace,98.51
11959,2024-07-14,new,web,74.79
11960,2024-01-12,new,web,73.33
11961,2025-06-17,new,marketplace,86.01
11962,2024-11-20,returning,marketplace,96.84
11963,2025-05-01,new,web,97.73
11964,2024-08-10,new,marketplace,68.25
11965,2024-10-21,new,web,38.63
11966,2024-01-02,returning,web,64.12
11967,2024-09-18,vip,web,201.38
11968,2025-06-06,new,web,57.51
11969,2024-01-03,returning,marketplace,42.84
11970,2025-06-13,new,app,43.9
11971,2024-10-15,new,marketplace,77.38
11972,2025-05-28,returning,app,89.79
11973,2024-01-29,returning,web,93.92
11974,2024-07-08,new,web,41.54
11975,2024-04-21,new,web,22.48
11976,2024-06-21,new,web,41.35
11977,2024-11-28,returning,app,38.67
11978,2024-11-25,returning,web,96.1
11979,2024-08-22,vip,marketplace,94.24
11980,2025-11-29,new,marketplace,37.92
11981,2025-11-14,returning,web,34.89
11982,2025-10-16,new,app,72.66
11983,2025-05-23,new,marketplace,46.65
11984,2025-08-24,new,marketplace,80.73
11985,2024-09-22,new,app,37.28
11986,2025-07-03,new,web,62.52
11987,2025-11-20,new,marketplace,81.43
11988,2025-10-14,returning,marketplace,118.48
11989,2025-11-26,returning,marketplace,71.26
11990,2025-04-10,new,web,52.79
11991,2025-02-24,new,web,41.3
11992,2024-02-21,returning,marketplace,31.49
11993,2024-12-18,new,web,42.82
11994,2025-05-24,new,app,30.8
11995,2025-12-05,new,marketplace,61.82
11996,2024-01-15,returning,app,39.76
11997,2024-03-11,new,app,31.79
11998,2025-03-20,vip,web,50.66
11999,2024-11-09,new,app,59.53
12000,2025-04-30,new,app,150.09
