customer_id,segment,signup_channel,engagement_score,tenure_months,referred_friend,ltv_usd
1,smb,organic,50.4,14,0,747.34
2,smb,paid,50.4,12,0,534.09
3,consumer,partner,27.4,9,0,287.09
4,consumer,organic,35.7,13,0,411.98
5,consumer,organic,53.1,14,0,701.73
6,consumer,organic,47.8,14,0,665.37
7,prosumer,partner,40.3,13,0,507.54
8,consumer,organic,36.9,7,0,243.75
9,consumer,paid,56.1,16,0,763.78
10,consumer,paid,60.2,14,0,810.7
11,consumer,partner,40.4,12,0,503.75
12,consumer,organic,43.2,14,0,584.04
13,consumer,partner,39.5,15,0,524.44
14,consumer,organic,26.0,6,0,40.77
15,consumer,paid,14.6,2,0,0.0
16,prosumer,partner,67.5,24,0,1499.78
17,consumer,partner,63.3,11,0,635.17
18,consumer,organic,50.1,12,0,641.21
19,prosumer,paid,56.1,20,0,1147.09
20,consumer,paid,21.7,2,0,0.0
21,prosumer,paid,89.1,29,0,2414.58
22,consumer,paid,62.0,17,0,1023.04
23,consumer,organic,64.5,21,0,1249.4
24,smb,paid,73.6,23,0,1518.15
25,consumer,organic,68.1,21,0,1408.24
26,prosumer,organic,84.0,16,0,1171.15
27,prosumer,paid,55.1,19,0,1021.4
28,consumer,partner,54.4,19,0,958.43
29,consumer,partner,51.7,18,0,785.82
30,consumer,organic,25.8,5,0,265.48
31,consumer,organic,80.4,21,0,1471.98
32,consumer,paid,89.7,34,1,2877.43
33,smb,organic,56.7,15,0,813.74
34,consumer,organic,62.9,13,0,714.73
35,smb,organic,75.2,15,0,1002.15
36,consumer,paid,41.8,15,0,578.3
37,consumer,partner,39.2,12,0,446.62
38,prosumer,partner,50.7,20,0,950.37
39,prosumer,paid,24.1,6,0,121.97
40,consumer,partner,60.7,16,0,838.49
41,consumer,partner,40.3,15,1,701.38
42,consumer,paid,56.7,16,0,849.69
43,prosumer,partner,56.8,24,0,1199.11
44,smb,paid,14.8,5,0,151.82
45,consumer,organic,30.0,11,0,361.55
46,prosumer,organic,42.8,18,0,609.99
47,smb,paid,69.5,23,0,1545.91
48,consumer,paid,42.4,10,0,440.16
49,consumer,partner,57.4,20,0,1155.54
50,prosumer,partner,66.1,14,0,988.08
51,smb,organic,63.8,16,0,924.08
52,prosumer,partner,56.4,16,1,871.78
53,consumer,organic,43.0,16,0,529.23
54,consumer,organic,28.5,5,0,221.57
55,prosumer,partner,29.9,4,0,236.51
56,prosumer,partner,70.1,15,1,1012.63
57,prosumer,organic,84.8,26,1,2062.91
58,consumer,paid,59.4,12,0,658.25
59,consumer,paid,48.8,13,0,597.27
60,prosumer,partner,19.9,5,0,87.63
61,consumer,partner,69.5,34,1,2197.28
62,consumer,partner,50.5,15,0,742.9
63,prosumer,paid,61.2,19,0,1042.08
64,consumer,organic,81.4,20,0,1391.78
65,consumer,organic,66.3,17,0,1127.09
66,prosumer,organic,69.0,17,0,1014.82
67,consumer,paid,45.0,9,0,475.46
68,consumer,paid,37.8,14,1,585.95
69,consumer,organic,72.5,18,1,1250.07
70,smb,partner,51.7,13,0,576.59
71,consumer,organic,37.2,11,0,332.15
72,consumer,paid,52.7,17,1,845.08
73,prosumer,paid,39.5,12,0,484.67
74,consumer,partner,31.4,8,0,398.99
75,consumer,organic,58.0,12,0,733.68
76,consumer,partner,24.1,10,0,214.27
77,consumer,organic,88.0,23,0,1872.38
78,consumer,partner,28.5,6,0,241.83
79,prosumer,partner,57.5,24,0,1420.85
80,prosumer,paid,39.3,12,0,412.37
81,consumer,partner,48.2,15,0,642.76
82,prosumer,partner,24.2,8,0,143.11
83,consumer,partner,21.8,6,0,130.51
84,consumer,organic,41.6,14,0,646.94
85,consumer,organic,70.5,17,1,1213.6
86,consumer,paid,42.3,19,0,722.65
87,consumer,partner,34.1,11,0,362.55
88,consumer,partner,59.3,14,0,699.12
89,consumer,partner,19.8,6,0,125.12
90,consumer,partner,65.3,19,0,1157.4
91,consumer,partner,65.2,14,0,966.67
92,prosumer,partner,36.2,14,0,448.89
93,consumer,partner,44.2,14,0,660.35
94,prosumer,partner,55.5,14,1,741.22
95,consumer,partner,54.5,12,0,655.12
96,consumer,partner,45.8,13,0,605.85
97,smb,organic,27.8,9,0,251.97
98,prosumer,paid,32.3,9,0,301.54
99,consumer,organic,35.9,9,0,361.35
100,consumer,partner,27.8,10,0,399.15
101,consumer,paid,49.5,17,0,768.25
102,prosumer,partner,37.7,12,0,469.18
103,smb,paid,56.4,21,0,1152.88
104,consumer,organic,25.0,5,0,214.25
105,smb,partner,43.6,12,0,443.73
106,consumer,partner,62.5,18,0,996.06
107,consumer,partner,15.3,5,0,0.0
108,consumer,paid,51.1,15,1,796.86
109,prosumer,partner,64.6,14,0,850.96
110,consumer,partner,50.1,15,1,677.85
111,prosumer,paid,26.8,9,0,213.16
112,prosumer,organic,32.5,12,0,440.19
113,prosumer,partner,43.6,11,0,411.9
114,prosumer,organic,30.6,11,0,443.49
115,consumer,partner,54.8,22,0,1108.34
116,smb,partner,67.4,20,0,1313.97
117,consumer,partner,44.2,13,0,511.31
118,smb,organic,39.0,11,0,384.81
119,consumer,paid,46.7,10,0,401.04
120,prosumer,partner,24.1,13,0,237.7
121,prosumer,partner,45.3,11,0,521.25
122,consumer,organic,49.6,24,0,1172.83
123,smb,paid,50.0,9,0,530.97
124,consumer,organic,65.1,14,0,860.69
125,prosumer,organic,58.8,23,0,1223.87
126,prosumer,organic,54.9,16,0,808.96
127,prosumer,partner,29.1,9,0,273.75
128,consumer,organic,11.1,7,0,67.58
129,prosumer,partner,44.4,12,0,506.58
130,consumer,paid,45.6,13,0,507.92
131,consumer,paid,75.3,12,1,884.85
132,consumer,partner,33.0,3,0,142.68
133,prosumer,partner,91.4,22,1,1924.62
134,consumer,partner,59.3,14,0,767.14
135,consumer,organic,54.5,13,0,725.24
136,consumer,paid,33.8,14,0,575.36
137,consumer,partner,53.4,22,0,1061.51
138,smb,paid,61.0,22,0,1129.62
139,smb,paid,78.2,20,0,1422.2
140,consumer,paid,60.4,19,0,1150.3
141,consumer,paid,55.3,10,0,557.91
142,consumer,partner,64.0,22,0,1304.87
143,consumer,paid,39.6,16,0,575.04
144,consumer,paid,65.9,11,0,625.75
145,consumer,partner,39.5,14,0,549.81
146,prosumer,organic,56.5,17,0,876.16
147,consumer,partner,48.3,11,0,532.37
148,prosumer,paid,51.2,9,0,498.36
149,prosumer,partner,55.7,13,0,797.13
150,smb,paid,23.5,11,0,361.97
151,consumer,partner,65.6,15,1,858.48
152,prosumer,paid,23.2,5,0,208.21
153,consumer,organic,19.3,8,0,119.45
154,prosumer,paid,35.8,13,0,444.27
155,consumer,partner,40.0,14,0,586.31
156,consumer,partner,18.7,8,0,219.31
157,consumer,partner,47.7,17,0,769.32
158,prosumer,partner,78.5,23,0,1665.85
159,consumer,organic,82.4,26,0,1901.02
160,smb,partner,67.1,16,0,1079.18
161,prosumer,organic,73.5,19,0,1211.05
162,prosumer,organic,40.3,10,0,340.88
163,prosumer,partner,26.3,7,0,304.84
164,prosumer,partner,51.3,17,0,791.87
165,consumer,paid,47.2,9,0,360.96
166,prosumer,organic,71.0,23,0,1488.68
167,smb,paid,21.0,9,0,184.05
168,smb,paid,40.3,22,0,832.08
169,consumer,partner,88.9,24,1,1919.57
170,consumer,organic,81.1,20,0,1412.47
171,consumer,partner,29.3,9,0,278.69
172,consumer,paid,48.9,14,0,629.16
173,prosumer,paid,16.9,13,0,244.9
174,prosumer,organic,45.7,22,0,976.72
175,consumer,partner,55.2,9,0,521.6
176,prosumer,organic,66.2,15,0,853.85
177,prosumer,organic,13.6,6,0,145.79
178,prosumer,organic,29.3,6,0,168.58
179,consumer,paid,60.4,19,0,1026.25
180,consumer,partner,58.2,16,0,924.1
181,prosumer,partner,63.2,22,0,1307.65
182,smb,partner,42.5,6,0,112.93
183,prosumer,organic,35.2,16,0,498.37
184,prosumer,partner,62.3,20,0,1166.7
185,prosumer,paid,77.4,23,1,1687.37
186,consumer,paid,13.3,4,0,87.62
187,consumer,partner,43.6,12,0,568.02
188,smb,organic,22.0,6,0,126.85
189,smb,organic,46.7,10,0,472.58
190,smb,partner,44.0,12,0,542.44
191,prosumer,paid,11.6,4,0,170.95
192,prosumer,partner,7.9,5,0,0.0
193,smb,organic,45.6,12,0,446.73
194,consumer,organic,29.7,4,0,185.89
195,consumer,paid,21.4,4,0,147.99
196,consumer,partner,58.3,13,0,687.97
197,prosumer,partner,56.5,25,0,1251.0
198,consumer,paid,59.0,14,0,732.85
199,consumer,organic,7.1,6,0,16.66
200,smb,organic,57.0,16,0,857.74
201,smb,paid,28.5,8,0,230.45
202,consumer,organic,60.4,18,0,994.28
203,consumer,organic,38.4,9,0,309.25
204,consumer,partner,51.2,16,0,781.35
205,consumer,paid,71.9,22,0,1412.67
206,prosumer,partner,67.1,16,0,1025.25
207,consumer,partner,32.4,13,0,375.02
208,smb,organic,84.8,23,1,1827.12
209,smb,organic,60.5,21,0,1229.47
210,prosumer,partner,66.5,18,0,1072.86
211,consumer,paid,70.8,16,0,1135.39
212,consumer,partner,80.8,17,1,1350.16
213,consumer,paid,59.4,16,0,828.67
214,consumer,partner,52.6,13,0,608.85
215,consumer,organic,65.8,14,0,837.93
216,consumer,paid,20.4,2,0,65.8
217,consumer,paid,63.1,26,0,1606.61
218,prosumer,paid,35.0,12,0,392.77
219,prosumer,partner,56.6,14,0,830.15
220,consumer,organic,66.2,17,0,1114.37
221,prosumer,partner,50.8,10,0,617.1
222,consumer,paid,96.1,27,0,2280.98
223,prosumer,partner,64.1,15,0,945.95
224,consumer,partner,56.7,22,0,1043.55
225,consumer,paid,29.9,8,0,323.42
226,consumer,paid,31.1,16,1,410.29
227,consumer,paid,49.2,26,1,1171.05
228,consumer,paid,65.1,15,0,909.75
229,consumer,partner,45.6,9,0,391.97
230,consumer,partner,56.9,13,0,654.96
231,consumer,organic,74.5,14,0,986.22
232,consumer,paid,38.6,14,0,560.87
233,consumer,paid,19.2,3,0,119.18
234,consumer,organic,18.1,5,0,168.84
235,consumer,paid,52.3,12,0,567.58
236,consumer,organic,38.6,12,0,430.36
237,consumer,paid,59.6,25,1,1500.12
238,consumer,paid,76.9,29,0,2080.79
239,consumer,paid,36.8,11,0,410.01
240,prosumer,organic,72.7,18,0,1263.16
241,consumer,organic,57.6,15,0,763.12
242,consumer,organic,37.4,10,0,395.07
243,consumer,organic,42.8,11,0,469.97
244,prosumer,organic,44.8,13,0,476.53
245,smb,partner,45.3,17,0,674.85
246,prosumer,paid,10.2,8,0,115.16
247,prosumer,partner,0.9,4,0,0.0
248,consumer,organic,14.1,9,0,0.0
249,consumer,organic,65.0,10,0,627.65
250,consumer,organic,10.0,9,0,66.09
251,consumer,paid,39.3,10,0,280.33
252,prosumer,organic,18.8,5,0,73.95
253,consumer,organic,65.9,19,0,1108.65
254,consumer,paid,57.0,14,0,813.82
255,consumer,partner,71.8,18,0,1238.12
256,consumer,organic,61.4,21,0,1195.65
257,consumer,organic,36.3,13,0,547.83
258,prosumer,organic,59.8,24,0,1273.3
259,consumer,partner,27.6,6,0,142.31
260,consumer,paid,63.3,18,0,1048.62
261,consumer,paid,34.6,10,0,328.69
262,consumer,partner,33.3,12,0,485.22
263,prosumer,partner,55.0,13,0,664.16
264,consumer,partner,59.6,14,1,876.77
265,prosumer,organic,26.2,8,0,119.41
266,consumer,paid,28.4,7,0,254.8
267,prosumer,partner,70.4,19,1,1317.03
268,smb,organic,61.1,14,0,735.69
269,consumer,partner,34.3,15,0,485.05
270,consumer,organic,47.5,16,0,733.85
271,consumer,organic,18.3,7,0,136.12
272,consumer,partner,46.6,11,0,535.41
273,consumer,partner,22.7,5,0,160.76
274,consumer,organic,37.5,9,0,334.08
275,consumer,paid,51.1,15,0,626.21
276,consumer,paid,20.0,6,0,93.25
277,prosumer,paid,49.2,12,0,545.88
278,consumer,organic,61.1,15,0,844.33
279,smb,partner,33.0,13,0,431.01
280,consumer,paid,28.4,15,1,416.99
281,prosumer,partner,90.3,34,0,2856.82
282,consumer,partner,18.3,11,0,211.14
283,smb,organic,11.4,8,0,58.91
284,consumer,paid,50.4,9,0,395.67
285,smb,paid,11.1,5,0,122.9
286,prosumer,paid,81.5,25,1,1976.56
287,prosumer,paid,45.0,9,0,454.31
288,consumer,partner,50.5,15,0,777.08
289,consumer,paid,10.1,2,0,47.28
290,consumer,organic,79.1,17,1,1254.93
291,prosumer,partner,91.6,25,1,2192.23
292,prosumer,organic,52.0,17,1,845.21
293,consumer,paid,21.1,6,0,193.29
294,smb,organic,15.4,3,0,73.27
295,consumer,organic,71.9,20,0,1433.9
296,consumer,organic,86.2,25,1,1987.34
297,consumer,organic,37.2,16,0,555.62
298,prosumer,organic,66.9,13,0,860.44
299,consumer,organic,62.4,16,1,889.04
300,consumer,partner,36.0,15,0,562.33
301,consumer,partner,36.0,9,0,422.08
302,prosumer,paid,35.8,12,0,372.91
303,consumer,organic,88.9,30,0,2474.45
304,prosumer,partner,54.1,9,1,491.7
305,consumer,organic,26.2,12,0,310.93
306,smb,organic,77.5,15,0,1032.24
307,prosumer,organic,65.5,16,0,894.79
308,consumer,paid,21.2,10,0,193.79
309,consumer,organic,34.3,8,0,222.47
310,consumer,organic,49.2,9,0,574.96
311,consumer,paid,31.8,13,0,459.69
312,prosumer,partner,32.3,13,0,396.94
313,consumer,paid,50.7,17,0,678.86
314,smb,organic,46.9,11,0,470.37
315,consumer,paid,60.4,22,1,1222.48
316,prosumer,paid,28.1,7,0,255.59
317,smb,organic,51.9,18,0,911.75
318,consumer,organic,47.8,12,0,521.72
319,consumer,paid,40.4,10,0,357.85
320,consumer,partner,37.8,14,0,491.45
321,consumer,organic,79.3,28,1,2138.52
322,consumer,organic,50.0,9,0,383.98
323,prosumer,partner,28.8,18,0,502.37
324,consumer,partner,43.7,9,0,329.28
325,prosumer,paid,23.7,8,0,264.0
326,smb,partner,67.6,23,0,1471.59
327,consumer,organic,61.7,19,0,1126.57
328,consumer,paid,11.1,5,0,192.71
329,consumer,paid,69.9,22,0,1386.43
330,smb,organic,29.6,12,0,278.75
331,prosumer,partner,69.8,22,0,1518.03
332,consumer,partner,44.1,13,0,617.04
333,prosumer,paid,72.6,13,0,829.84
334,prosumer,partner,53.1,14,0,728.35
335,smb,organic,28.8,8,0,271.16
336,prosumer,organic,53.4,11,0,534.16
337,consumer,paid,67.2,24,0,1533.78
338,consumer,paid,9.6,6,0,138.54
339,prosumer,organic,53.1,17,0,964.57
340,consumer,paid,67.9,23,1,1524.36
341,consumer,paid,29.3,7,0,231.36
342,consumer,partner,55.3,19,1,941.42
343,smb,organic,52.9,19,0,920.38
344,prosumer,organic,47.2,14,1,704.81
345,smb,organic,59.7,17,0,909.48
346,consumer,organic,79.7,22,0,1594.68
347,consumer,partner,72.3,16,1,1226.9
348,consumer,paid,70.1,17,1,1140.77
349,consumer,partner,48.6,14,0,672.54
350,prosumer,partner,59.0,14,0,828.33
351,consumer,paid,58.7,22,0,1131.95
352,smb,partner,21.7,11,0,181.5
353,prosumer,partner,73.1,14,1,986.29
354,prosumer,partner,28.5,12,0,395.08
355,smb,partner,33.6,7,0,237.69
356,consumer,paid,60.8,17,0,978.16
357,consumer,partner,37.5,12,1,449.89
358,consumer,paid,59.4,17,0,890.92
359,prosumer,partner,68.0,13,0,866.17
360,consumer,paid,2.9,3,0,0.0
361,smb,paid,44.0,12,0,541.92
362,prosumer,organic,74.1,27,0,1824.37
363,consumer,partner,56.7,17,0,956.29
364,prosumer,organic,21.2,6,0,199.93
365,smb,partner,10.5,10,0,151.32
366,consumer,paid,75.8,27,1,1886.55
367,consumer,partner,61.8,16,0,921.83
368,prosumer,partner,30.9,13,0,348.93
369,consumer,organic,45.4,19,0,722.32
370,smb,paid,37.7,16,0,701.03
371,consumer,partner,27.5,8,0,211.74
372,consumer,partner,62.3,19,0,1110.74
373,smb,paid,46.8,13,0,593.39
374,consumer,paid,37.7,13,0,417.61
375,consumer,organic,57.9,17,0,943.7
376,prosumer,organic,47.3,13,0,620.8
377,consumer,paid,69.5,25,0,1536.91
378,consumer,partner,38.5,8,0,323.6
379,prosumer,organic,58.9,14,0,781.53
380,consumer,paid,74.0,18,1,1178.64
381,consumer,paid,56.0,15,0,816.0
382,smb,organic,87.3,18,0,1534.95
383,smb,partner,55.2,20,0,981.92
384,consumer,paid,66.9,12,0,723.97
385,prosumer,partner,37.7,19,0,749.12
386,smb,organic,80.6,22,0,1560.6
387,prosumer,partner,64.9,28,0,1632.34
388,consumer,organic,21.4,6,0,87.01
389,consumer,partner,60.7,15,0,784.93
390,prosumer,partner,16.3,3,0,44.48
391,prosumer,paid,11.9,6,0,92.49
392,consumer,organic,43.2,14,0,504.53
393,prosumer,organic,55.1,17,0,836.48
394,smb,organic,54.0,8,0,404.84
395,prosumer,partner,57.6,26,0,1396.01
396,consumer,paid,49.8,17,0,921.2
397,consumer,organic,58.7,13,0,713.4
398,smb,organic,22.2,10,0,181.51
399,consumer,partner,37.9,19,0,624.69
400,smb,paid,64.0,19,0,1156.12
401,consumer,organic,11.4,4,0,116.86
402,prosumer,paid,11.6,4,0,0.0
403,consumer,partner,49.8,12,0,534.49
404,consumer,paid,73.1,19,0,1225.97
405,consumer,partner,76.9,23,1,1642.18
406,smb,paid,45.8,14,0,604.71
407,prosumer,organic,7.2,2,0,0.0
408,prosumer,partner,60.4,14,0,794.57
409,consumer,organic,9.4,3,0,112.37
410,consumer,partner,23.9,10,0,328.97
411,smb,partner,66.7,17,0,1015.83
412,prosumer,partner,78.8,29,0,2141.34
413,consumer,organic,47.8,15,0,693.63
414,consumer,organic,55.9,5,0,388.76
415,prosumer,partner,25.5,6,0,166.73
416,consumer,organic,97.6,27,0,2385.32
417,smb,paid,8.9,4,0,0.0
418,consumer,paid,31.9,11,0,451.19
419,consumer,partner,68.2,18,0,1189.79
420,consumer,paid,50.9,12,0,564.23
421,prosumer,paid,47.8,10,0,354.62
422,consumer,partner,49.8,16,0,794.53
423,smb,organic,70.9,25,1,1688.71
424,consumer,organic,14.8,6,0,176.24
425,prosumer,partner,67.8,24,0,1479.03
426,smb,organic,53.2,10,0,478.95
427,prosumer,partner,51.2,14,0,778.56
428,consumer,partner,59.7,22,0,1151.58
429,consumer,partner,38.7,5,0,172.43
430,consumer,paid,61.8,20,0,1208.82
431,consumer,partner,29.7,9,0,284.28
432,consumer,organic,28.1,6,0,199.8
433,consumer,partner,57.7,24,0,1253.69
434,prosumer,paid,24.6,12,0,304.73
435,prosumer,organic,53.2,10,0,459.0
436,prosumer,organic,79.0,21,1,1530.23
437,smb,organic,35.6,12,0,357.97
438,consumer,paid,42.9,11,0,515.88
439,consumer,organic,65.1,17,0,1061.89
440,consumer,partner,40.8,19,0,745.28
441,consumer,paid,60.5,17,0,946.96
442,consumer,organic,35.9,10,0,330.73
443,prosumer,organic,51.8,13,0,588.54
444,consumer,paid,96.3,22,0,1879.12
445,consumer,paid,42.9,19,0,720.5
446,consumer,organic,47.4,16,0,742.72
447,prosumer,paid,61.2,18,0,1082.68
448,smb,paid,82.7,30,1,2209.53
449,prosumer,partner,48.7,14,0,651.38
450,consumer,paid,37.8,10,0,306.27
451,consumer,partner,46.8,13,0,482.08
452,smb,organic,25.7,10,0,290.76
453,prosumer,organic,28.4,16,0,466.5
454,consumer,organic,87.9,26,1,2135.75
455,prosumer,organic,47.7,12,0,612.19
456,consumer,partner,28.2,11,0,285.75
457,consumer,partner,60.5,15,0,717.88
458,consumer,organic,30.3,8,0,180.5
459,prosumer,partner,66.6,22,0,1356.96
460,consumer,paid,32.5,10,0,368.1
461,consumer,organic,41.9,8,0,404.15
462,consumer,partner,45.9,15,0,654.67
463,smb,paid,69.0,22,0,1454.84
464,consumer,partner,79.5,24,0,1723.22
465,consumer,organic,67.2,22,0,1247.96
466,smb,paid,78.7,19,0,1390.79
467,smb,paid,72.4,24,0,1548.14
468,consumer,paid,36.6,9,0,344.02
469,consumer,paid,36.5,19,0,722.81
470,consumer,partner,36.2,19,0,660.82
471,prosumer,paid,44.2,10,0,452.29
472,consumer,paid,80.0,13,0,937.32
473,consumer,organic,41.2,11,0,343.18
474,consumer,organic,55.8,13,0,784.81
475,consumer,organic,30.9,12,0,326.21
476,consumer,organic,29.6,8,0,272.2
477,smb,partner,77.1,24,0,1660.59
478,consumer,partner,72.3,30,0,2072.78
479,consumer,organic,40.0,15,0,693.51
480,prosumer,paid,23.6,10,0,231.65
481,prosumer,organic,26.1,7,0,118.26
482,consumer,organic,51.3,13,0,661.95
483,consumer,paid,55.0,18,0,930.92
484,consumer,paid,23.7,11,0,236.88
485,consumer,partner,61.4,21,1,1247.19
486,consumer,partner,10.9,6,0,68.0
487,consumer,paid,55.8,16,0,800.11
488,consumer,partner,7.2,3,0,84.5
489,consumer,partner,83.2,27,0,2023.71
490,prosumer,partner,27.3,9,0,292.7
491,consumer,organic,30.5,10,0,265.48
492,consumer,partner,66.5,13,0,842.2
493,consumer,organic,69.2,18,0,1137.77
494,consumer,partner,62.8,20,0,1115.63
495,consumer,paid,51.6,10,0,581.74
496,consumer,partner,17.7,7,0,117.37
497,prosumer,paid,21.9,10,0,221.04
498,smb,paid,43.2,15,0,664.15
499,consumer,organic,53.2,6,1,323.6
500,prosumer,organic,32.0,9,0,178.53
501,consumer,partner,52.4,16,0,791.04
502,consumer,organic,40.2,12,0,419.14
503,consumer,organic,20.1,8,0,104.76
504,consumer,paid,60.0,22,0,1181.94
505,prosumer,organic,77.8,30,0,2050.38
506,consumer,organic,22.9,9,0,246.1
507,consumer,partner,28.7,10,0,307.28
508,smb,partner,24.4,5,0,163.35
509,consumer,partner,53.8,14,0,775.05
510,smb,partner,46.2,13,0,564.21
511,consumer,partner,56.4,18,0,952.26
512,consumer,paid,49.2,17,0,708.6
513,consumer,paid,64.1,17,0,978.42
514,smb,partner,44.6,9,0,427.52
515,prosumer,paid,52.7,10,0,612.34
516,smb,partner,76.4,18,0,1198.33
517,consumer,paid,53.7,16,0,771.02
518,consumer,paid,37.7,12,0,411.66
519,prosumer,partner,45.5,11,0,517.82
520,consumer,paid,54.3,18,0,941.26
521,prosumer,paid,44.6,15,0,645.22
522,consumer,organic,56.5,17,0,881.5
523,consumer,partner,81.6,23,1,1735.41
524,consumer,partner,85.8,23,0,1903.97
525,smb,organic,35.8,12,0,443.88
526,consumer,paid,42.2,11,0,367.31
527,consumer,organic,70.9,22,0,1371.28
528,consumer,organic,13.2,5,0,199.26
529,consumer,paid,53.2,22,0,1100.77
530,consumer,partner,56.6,11,0,656.28
531,consumer,paid,29.4,12,0,337.58
532,consumer,paid,52.5,17,0,776.13
533,consumer,paid,28.4,12,0,275.89
534,smb,partner,33.4,7,0,293.59
535,consumer,paid,44.9,16,1,660.48
536,prosumer,partner,65.2,16,0,1053.42
537,consumer,organic,37.9,12,0,461.4
538,consumer,paid,95.1,29,0,2439.51
539,consumer,organic,50.7,13,0,656.27
540,consumer,paid,73.9,15,0,977.74
541,consumer,organic,60.8,23,0,1218.0
542,consumer,paid,45.7,18,1,832.37
543,consumer,organic,84.4,15,1,1275.2
544,consumer,paid,16.9,2,0,22.96
545,consumer,organic,46.2,16,0,765.71
546,consumer,organic,24.7,4,0,142.76
547,consumer,paid,42.3,12,0,479.68
548,smb,organic,26.8,10,0,311.6
549,prosumer,partner,45.9,8,0,406.63
550,consumer,organic,26.9,12,0,317.44
551,prosumer,partner,67.8,18,0,969.31
552,consumer,partner,19.8,4,0,112.0
553,consumer,partner,25.6,9,0,256.05
554,consumer,partner,16.9,10,0,89.62
555,smb,paid,26.9,12,0,321.4
556,consumer,paid,65.1,14,1,968.68
557,smb,paid,43.6,12,0,451.59
558,consumer,paid,34.1,9,0,393.52
559,consumer,organic,33.3,12,0,394.69
560,consumer,paid,23.9,7,0,145.38
561,consumer,organic,32.5,12,0,409.83
562,consumer,paid,76.2,16,0,1047.64
563,prosumer,organic,44.6,15,0,603.72
564,smb,organic,56.1,14,1,670.71
565,consumer,partner,36.9,12,0,365.34
566,smb,organic,77.0,21,0,1515.3
567,consumer,organic,79.7,22,0,1572.77
568,prosumer,organic,66.5,18,0,1049.03
569,consumer,partner,47.3,19,0,815.35
570,consumer,paid,24.5,14,0,239.97
571,consumer,paid,30.4,7,0,109.49
572,smb,organic,88.9,20,1,1658.54
573,prosumer,paid,70.7,25,1,1709.55
574,consumer,paid,60.0,16,0,837.95
575,consumer,paid,48.5,10,0,422.19
576,consumer,partner,51.0,20,1,1020.98
577,consumer,organic,40.3,10,0,390.14
578,consumer,organic,62.2,23,0,1242.94
579,consumer,paid,23.4,6,0,288.24
580,consumer,partner,62.9,19,0,1015.59
581,consumer,organic,28.3,8,0,184.46
582,consumer,paid,27.7,8,0,209.82
583,consumer,partner,68.2,24,0,1622.61
584,consumer,organic,62.7,17,0,915.27
585,prosumer,organic,64.3,16,0,851.21
586,prosumer,paid,53.0,7,0,388.63
587,prosumer,organic,30.5,8,0,182.69
588,consumer,partner,55.6,22,0,1207.21
589,prosumer,organic,33.7,11,0,403.83
590,prosumer,partner,33.0,3,0,146.27
591,prosumer,organic,35.5,6,0,144.58
592,consumer,paid,30.3,11,0,323.11
593,consumer,partner,49.6,21,0,893.76
594,consumer,paid,34.4,4,0,133.0
595,consumer,organic,39.9,9,0,395.29
596,prosumer,paid,23.8,11,0,234.5
597,consumer,organic,37.3,7,0,281.47
598,consumer,partner,42.4,14,0,499.94
599,smb,paid,38.3,7,0,322.91
600,consumer,organic,85.6,26,0,2023.16
601,smb,paid,42.7,21,0,803.83
602,consumer,organic,24.7,8,0,197.94
603,prosumer,organic,57.7,19,0,962.39
604,consumer,organic,70.4,16,0,1064.88
605,consumer,partner,59.8,16,0,859.68
606,prosumer,organic,54.0,16,0,848.91
607,consumer,partner,65.6,18,0,1100.68
608,smb,partner,36.7,11,0,387.39
609,consumer,organic,62.3,13,0,680.78
610,smb,paid,53.9,11,0,569.56
611,smb,partner,41.8,15,0,626.71
612,prosumer,paid,76.0,22,1,1685.23
613,consumer,paid,61.9,19,0,1115.88
614,consumer,organic,59.6,17,0,864.39
615,consumer,partner,59.6,16,0,847.82
616,smb,organic,59.0,13,0,751.76
617,consumer,organic,5.8,2,0,109.84
618,consumer,paid,78.6,27,0,2039.17
619,prosumer,paid,37.1,14,0,454.97
620,smb,organic,83.0,26,1,2069.29
621,consumer,paid,51.6,21,0,1021.8
622,consumer,organic,68.6,30,0,1812.24
623,consumer,paid,31.7,5,0,182.24
624,smb,paid,32.4,14,0,466.78
625,prosumer,organic,55.6,18,0,862.62
626,smb,partner,60.3,15,0,914.71
627,consumer,partner,47.1,12,0,469.58
628,consumer,organic,89.4,15,1,1206.88
629,prosumer,partner,15.6,1,0,83.63
630,consumer,organic,62.6,11,0,597.25
631,consumer,partner,46.0,12,0,500.89
632,consumer,paid,36.2,9,1,286.33
633,consumer,partner,74.1,21,0,1530.25
634,consumer,partner,72.0,12,0,750.21
635,prosumer,partner,23.0,5,0,204.54
636,consumer,organic,11.0,6,0,105.42
637,prosumer,paid,33.8,12,1,451.22
638,prosumer,partner,45.2,15,0,632.71
639,consumer,paid,27.9,4,0,0.0
640,consumer,paid,41.5,14,0,492.1
641,prosumer,organic,70.4,18,0,1149.8
642,consumer,paid,56.5,15,0,790.71
643,consumer,paid,85.3,30,0,2167.92
644,consumer,organic,59.7,16,0,817.15
645,prosumer,organic,29.8,8,0,175.07
646,smb,partner,45.3,12,0,575.28
647,consumer,paid,88.6,30,0,2407.31
648,prosumer,organic,50.9,14,0,624.56
649,smb,paid,79.6,21,0,1620.22
650,smb,partner,13.8,3,0,70.65
651,prosumer,paid,45.4,20,0,885.04
652,prosumer,organic,67.6,11,0,622.99
653,consumer,organic,78.8,25,0,1770.4
654,consumer,paid,55.7,12,0,648.23
655,prosumer,organic,18.1,6,0,100.95
656,prosumer,organic,26.5,7,0,255.41
657,prosumer,organic,20.1,8,0,203.03
658,prosumer,partner,32.4,14,0,441.32
659,smb,partner,31.4,15,0,491.69
660,consumer,paid,33.2,11,0,420.13
661,consumer,organic,68.9,22,1,1294.22
662,consumer,organic,91.0,29,0,2490.98
663,prosumer,partner,59.9,13,0,578.31
664,smb,paid,25.2,13,0,399.82
665,consumer,paid,72.9,17,1,1242.92
666,consumer,partner,48.2,19,0,780.33
667,consumer,organic,46.2,17,0,748.2
668,prosumer,partner,37.8,14,0,536.68
669,smb,organic,30.4,7,0,196.64
670,prosumer,partner,64.9,18,0,1088.11
671,consumer,partner,66.8,16,0,983.9
672,prosumer,partner,44.8,8,0,335.17
673,consumer,paid,38.9,10,1,416.56
674,consumer,partner,64.8,21,0,1211.05
675,smb,organic,64.0,27,0,1580.88
676,consumer,partner,19.4,7,0,258.02
677,smb,paid,34.0,13,1,591.48
678,consumer,organic,25.2,9,0,162.74
679,consumer,paid,25.0,11,0,271.52
680,smb,organic,47.2,18,0,721.08
681,consumer,partner,76.2,23,0,1577.67
682,smb,organic,40.6,14,0,559.85
683,prosumer,partner,52.5,22,0,1045.43
684,prosumer,paid,20.9,10,0,181.75
685,consumer,organic,52.4,13,1,585.58
686,consumer,organic,23.5,7,0,138.14
687,consumer,organic,57.9,25,0,1390.03
688,prosumer,organic,36.3,9,0,304.27
689,consumer,paid,43.3,9,0,385.7
690,consumer,paid,68.2,25,1,1611.22
691,consumer,paid,79.3,22,0,1657.97
692,smb,organic,71.5,20,0,1357.43
693,consumer,organic,39.7,6,0,210.36
694,prosumer,organic,56.1,13,0,775.2
695,prosumer,organic,60.6,10,0,653.36
696,consumer,partner,53.8,13,0,700.69
697,smb,partner,42.3,13,0,665.2
698,consumer,paid,51.1,15,0,693.25
699,prosumer,partner,45.2,12,0,563.83
700,consumer,paid,57.8,16,0,860.4
701,consumer,paid,66.8,14,0,820.23
702,consumer,partner,52.7,18,0,777.04
703,consumer,organic,45.8,16,1,755.44
704,consumer,paid,47.7,8,0,464.65
705,consumer,organic,40.3,8,0,125.68
706,consumer,paid,64.0,25,0,1411.34
707,consumer,paid,72.9,23,0,1528.26
708,consumer,paid,43.6,8,0,243.02
709,consumer,organic,14.4,11,0,205.32
710,smb,partner,38.2,13,0,539.15
711,consumer,paid,40.3,13,0,542.92
712,consumer,organic,17.9,5,0,108.44
713,prosumer,organic,86.0,28,0,2133.31
714,smb,organic,36.6,5,0,305.06
715,consumer,partner,31.2,13,0,466.11
716,smb,organic,25.4,7,0,166.28
717,prosumer,organic,8.3,5,0,31.16
718,consumer,organic,35.5,9,0,283.78
719,prosumer,partner,34.1,12,0,390.98
720,consumer,organic,30.3,4,0,96.04
721,prosumer,organic,75.6,23,1,1668.31
722,consumer,paid,59.7,16,0,954.39
723,prosumer,organic,19.8,6,0,48.71
724,consumer,paid,48.1,17,0,865.75
725,consumer,partner,43.5,10,0,296.69
726,consumer,paid,70.0,23,0,1461.5
727,consumer,paid,31.2,12,0,335.79
728,smb,organic,49.9,14,0,682.71
729,consumer,paid,61.5,21,0,1277.04
730,consumer,partner,78.9,29,0,2070.92
731,consumer,paid,78.8,24,0,1777.9
732,consumer,partner,76.6,20,1,1505.55
733,prosumer,paid,46.6,21,0,907.19
734,consumer,organic,54.9,15,0,857.98
735,consumer,paid,66.6,22,1,1365.53
736,consumer,organic,70.0,19,0,1235.93
737,prosumer,paid,75.4,27,1,1853.43
738,consumer,partner,65.4,23,1,1455.02
739,consumer,organic,78.9,20,0,1431.77
740,prosumer,partner,57.1,12,0,677.68
741,prosumer,partner,66.8,16,0,843.59
742,smb,organic,63.4,9,0,605.63
743,consumer,paid,66.3,21,0,1346.04
744,prosumer,partner,26.8,3,0,71.71
745,consumer,paid,57.6,14,0,776.65
746,prosumer,paid,63.4,20,0,1139.53
747,prosumer,paid,39.6,14,0,610.05
748,consumer,organic,65.8,20,0,1208.12
749,consumer,organic,70.9,21,0,1308.46
750,prosumer,partner,59.9,18,0,1025.63
751,consumer,paid,47.5,22,0,1039.7
752,consumer,organic,9.7,5,0,74.8
753,prosumer,organic,54.1,14,0,645.54
754,prosumer,organic,39.9,10,0,400.13
755,smb,partner,45.0,8,0,298.42
756,prosumer,organic,32.9,5,0,233.88
757,consumer,organic,47.9,14,0,604.91
758,consumer,organic,57.3,19,0,1046.65
759,consumer,organic,41.6,13,1,487.63
760,consumer,partner,44.9,11,0,589.06
761,prosumer,partner,81.1,14,0,1077.14
762,prosumer,paid,86.6,22,0,1641.45
763,consumer,organic,91.4,35,0,2975.28
764,prosumer,partner,33.9,6,0,179.15
765,smb,partner,25.5,8,0,248.63
766,consumer,organic,20.9,8,0,110.57
767,consumer,paid,83.4,25,0,1949.62
768,consumer,paid,52.4,19,0,964.72
769,smb,organic,42.3,11,0,431.61
770,consumer,paid,61.5,17,0,1049.53
771,prosumer,organic,60.2,11,0,646.97
772,consumer,paid,29.4,7,0,154.1
773,consumer,paid,58.1,13,0,784.71
774,consumer,partner,52.1,13,0,684.75
775,prosumer,organic,67.2,23,1,1545.45
776,smb,partner,43.9,12,0,429.48
777,consumer,organic,8.9,4,0,27.79
778,consumer,paid,61.6,23,0,1354.76
779,consumer,partner,26.4,11,0,317.62
780,consumer,partner,19.4,10,0,200.04
781,prosumer,organic,20.3,3,0,71.84
782,consumer,organic,12.8,4,0,47.14
783,consumer,organic,56.9,21,0,1194.27
784,consumer,organic,34.9,10,0,345.47
785,prosumer,organic,40.4,20,0,790.36
786,consumer,paid,76.3,21,0,1517.59
787,smb,organic,41.3,10,0,424.8
788,consumer,organic,80.4,23,0,1703.23
789,consumer,partner,26.3,12,0,390.02
790,smb,organic,22.3,10,0,317.52
791,smb,organic,67.6,17,0,1068.27
792,smb,organic,54.4,14,0,664.06
793,smb,organic,55.8,9,0,414.96
794,consumer,paid,56.0,21,0,1066.03
795,consumer,organic,45.7,18,0,760.01
796,consumer,organic,20.2,8,0,132.48
797,consumer,organic,50.5,15,0,795.64
798,consumer,organic,33.4,9,0,406.45
799,consumer,organic,36.4,6,0,186.97
800,consumer,paid,37.6,11,0,444.49
801,prosumer,organic,31.2,7,0,143.51
802,consumer,paid,62.0,18,0,990.19
803,consumer,organic,82.4,26,0,1974.06
804,consumer,partner,26.2,11,0,268.26
805,consumer,organic,67.8,16,0,1023.68
806,consumer,partner,25.8,17,0,530.05
807,smb,paid,72.7,20,1,1259.92
808,consumer,partner,83.1,25,1,2007.73
809,consumer,paid,28.8,7,0,249.57
810,consumer,paid,10.8,5,0,57.43
811,consumer,partner,51.7,19,0,852.33
812,consumer,partner,39.6,16,0,607.31
813,smb,paid,39.8,15,0,510.84
814,smb,organic,41.7,12,0,464.18
815,consumer,organic,37.2,16,0,449.84
816,smb,partner,23.3,4,0,150.59
817,consumer,partner,31.7,13,0,443.15
818,consumer,paid,42.4,12,0,503.24
819,consumer,paid,33.7,18,0,560.1
820,consumer,partner,53.5,15,0,772.88
821,consumer,partner,64.9,17,0,938.78
822,consumer,paid,17.1,7,0,80.37
823,consumer,paid,56.8,16,0,809.29
824,consumer,partner,18.3,8,0,201.92
825,consumer,partner,53.2,17,0,816.12
826,consumer,paid,70.5,23,0,1426.49
827,smb,partner,52.2,12,0,630.1
828,consumer,paid,64.0,16,0,1013.39
829,consumer,paid,72.6,27,0,1850.52
830,consumer,partner,46.2,16,0,686.88
831,prosumer,organic,45.1,15,0,609.21
832,smb,organic,32.9,7,0,259.7
833,smb,organic,75.9,20,0,1358.76
834,consumer,paid,12.8,10,0,129.05
835,consumer,partner,59.8,21,0,1064.02
836,smb,paid,26.0,7,0,158.67
837,consumer,paid,19.6,5,0,158.4
838,consumer,partner,28.2,9,0,277.23
839,consumer,organic,54.8,20,0,852.57
840,consumer,partner,67.0,16,0,992.57
841,smb,partner,14.8,3,0,95.31
842,consumer,paid,30.1,13,0,421.43
843,consumer,paid,60.2,21,0,1204.02
844,smb,paid,39.9,7,0,295.47
845,consumer,paid,79.3,26,0,1928.87
846,consumer,paid,54.6,20,0,1025.49
847,consumer,paid,45.1,12,0,489.76
848,prosumer,organic,34.9,15,0,502.92
849,consumer,organic,20.5,8,0,187.67
850,consumer,paid,45.1,16,0,670.2
851,smb,paid,28.1,8,0,146.79
852,prosumer,organic,68.1,21,0,1306.01
853,smb,paid,44.0,15,0,516.19
854,prosumer,paid,54.1,18,0,967.53
855,consumer,paid,53.6,19,0,903.77
856,consumer,partner,39.6,7,0,294.09
857,prosumer,partner,49.9,13,0,656.98
858,smb,organic,33.9,5,0,226.93
859,consumer,organic,62.8,21,0,1295.04
860,consumer,organic,74.5,17,0,1149.12
861,consumer,organic,25.0,5,0,121.9
862,consumer,paid,8.9,3,0,198.57
863,smb,paid,56.4,14,0,734.64
864,consumer,paid,28.1,5,0,153.18
865,consumer,organic,23.2,5,0,147.35
866,consumer,organic,72.0,25,0,1580.87
867,consumer,organic,33.9,6,0,171.47
868,consumer,partner,33.3,11,0,421.64
869,consumer,paid,68.0,18,0,1096.71
870,consumer,paid,24.8,12,0,325.42
871,consumer,partner,47.2,20,0,981.1
872,consumer,organic,76.3,18,0,1202.57
873,consumer,partner,61.4,18,0,1017.08
874,consumer,paid,65.7,15,1,924.49
875,consumer,organic,40.9,9,0,438.4
876,consumer,paid,25.9,6,0,129.21
877,prosumer,paid,33.2,11,0,343.59
878,smb,partner,47.7,16,0,786.65
879,prosumer,organic,57.5,19,1,1057.56
880,prosumer,paid,11.4,3,0,0.0
881,consumer,partner,57.3,18,0,818.46
882,consumer,organic,59.1,18,0,998.31
883,consumer,organic,52.3,13,0,558.32
884,consumer,paid,31.0,8,1,404.55
885,prosumer,organic,32.1,9,0,300.94
886,prosumer,organic,42.8,10,0,298.94
887,consumer,partner,46.8,9,0,396.22
888,consumer,organic,52.2,22,0,1122.0
889,consumer,organic,39.6,15,0,478.0
890,consumer,partner,37.0,12,0,423.03
891,consumer,organic,67.1,11,0,736.68
892,consumer,paid,24.4,6,0,170.03
893,smb,partner,51.6,11,0,498.34
894,prosumer,organic,52.9,14,0,827.46
895,smb,organic,80.9,25,0,1954.91
896,prosumer,organic,20.2,7,0,86.73
897,prosumer,paid,83.2,19,0,1402.92
898,prosumer,partner,47.9,16,0,692.5
899,consumer,partner,48.9,13,1,649.96
900,consumer,organic,38.6,12,0,313.53
901,consumer,paid,74.4,18,0,1306.92
902,consumer,paid,48.6,15,0,755.52
903,prosumer,partner,84.5,27,0,2110.81
904,consumer,organic,51.7,12,0,633.16
905,consumer,organic,81.7,18,0,1388.27
906,prosumer,partner,52.8,14,0,618.41
907,consumer,organic,57.1,14,0,662.05
908,consumer,organic,58.6,22,0,1235.93
909,consumer,paid,38.3,6,0,259.14
910,consumer,paid,82.4,25,0,1919.3
911,consumer,organic,6.4,5,0,57.94
912,smb,paid,65.2,21,0,1248.6
913,smb,paid,14.7,4,0,52.22
914,consumer,organic,34.6,14,0,421.34
915,consumer,paid,19.3,8,0,82.38
916,consumer,paid,29.3,10,0,332.53
917,consumer,partner,48.6,16,0,708.75
918,prosumer,partner,56.9,11,0,627.4
919,consumer,organic,44.1,12,0,549.96
920,smb,partner,27.8,5,0,252.24
921,consumer,paid,68.1,19,0,1266.37
922,consumer,partner,40.4,12,0,421.13
923,consumer,partner,78.1,20,1,1515.11
924,prosumer,paid,73.2,21,0,1495.41
925,consumer,partner,65.0,14,0,843.56
926,consumer,paid,48.7,23,0,1172.66
927,prosumer,partner,34.3,8,0,409.51
928,consumer,paid,57.1,16,0,870.27
929,consumer,partner,21.5,7,0,152.49
930,consumer,partner,32.6,9,0,283.82
931,smb,partner,58.6,12,0,668.38
932,consumer,paid,23.1,3,0,189.82
933,consumer,organic,51.9,20,0,1036.23
934,consumer,organic,42.5,14,0,654.91
935,consumer,partner,72.1,21,0,1267.34
936,prosumer,paid,57.8,16,0,895.64
937,consumer,paid,81.5,23,0,1723.4
938,prosumer,organic,12.1,6,0,115.22
939,consumer,partner,34.2,7,0,307.89
940,consumer,partner,80.2,21,0,1563.38
941,smb,paid,29.7,8,0,238.51
942,prosumer,paid,82.5,23,0,1726.52
943,prosumer,organic,45.6,11,0,552.6
944,smb,partner,71.6,19,0,1161.75
945,smb,paid,56.0,15,0,837.98
946,prosumer,organic,17.6,9,0,138.04
947,consumer,partner,50.9,18,0,889.34
948,smb,partner,44.5,15,0,584.13
949,consumer,partner,51.0,16,0,787.1
950,consumer,partner,53.0,15,0,690.94
951,smb,organic,25.1,5,0,178.93
952,consumer,partner,94.2,36,0,3041.88
953,consumer,organic,46.8,15,0,593.61
954,smb,paid,40.9,10,0,416.6
955,prosumer,paid,37.0,12,0,364.64
956,smb,organic,39.5,19,0,694.99
957,consumer,paid,11.4,8,0,71.58
958,smb,paid,30.9,15,0,532.25
959,smb,paid,46.6,17,0,851.93
960,consumer,paid,40.7,14,0,560.99
961,consumer,partner,29.3,12,0,286.82
962,prosumer,paid,86.0,18,0,1440.34
963,consumer,paid,43.7,12,0,513.07
964,smb,paid,82.5,16,1,1229.62
965,prosumer,paid,18.3,5,0,174.11
966,prosumer,paid,34.4,11,0,510.98
967,prosumer,organic,37.3,14,0,394.55
968,prosumer,organic,43.4,19,0,771.75
969,prosumer,organic,73.5,16,1,1151.34
970,consumer,partner,62.5,17,0,979.62
971,consumer,organic,76.2,25,0,1757.86
972,consumer,organic,29.8,11,0,289.79
973,consumer,partner,51.0,16,0,747.46
974,smb,organic,84.2,25,0,1908.53
975,prosumer,partner,19.0,11,0,204.81
976,consumer,organic,69.4,22,0,1394.64
977,consumer,partner,63.3,12,1,647.08
978,consumer,organic,44.1,3,0,169.62
979,consumer,organic,80.8,27,0,1961.45
980,prosumer,partner,36.0,8,0,264.97
981,prosumer,partner,14.4,9,0,0.0
982,smb,partner,33.6,15,0,480.97
983,consumer,organic,28.1,6,0,141.28
984,consumer,partner,90.5,22,1,1945.61
985,consumer,organic,7.7,5,0,37.24
986,prosumer,organic,30.8,11,0,300.92
987,consumer,partner,58.2,25,0,1380.77
988,consumer,paid,42.5,8,0,241.36
989,consumer,paid,12.2,6,0,110.53
990,smb,paid,66.9,15,0,973.39
991,consumer,partner,58.7,14,0,771.85
992,consumer,organic,46.2,17,0,629.84
993,consumer,partner,56.7,14,0,712.73
994,prosumer,partner,71.0,28,0,1815.3
995,consumer,partner,22.5,7,0,273.69
996,smb,organic,76.0,24,0,1717.61
997,prosumer,partner,55.7,18,0,956.41
998,consumer,paid,42.1,13,0,605.42
999,consumer,partner,13.7,4,0,81.74
1000,consumer,paid,26.1,10,0,281.37
1001,consumer,paid,47.2,9,0,366.13
1002,prosumer,partner,7.8,3,0,78.7
1003,consumer,paid,91.2,21,0,1735.33
1004,consumer,paid,32.3,12,0,458.94
1005,consumer,paid,74.0,8,0,541.69
1006,consumer,organic,12.0,8,0,104.99
1007,consumer,paid,91.5,26,0,2146.05
1008,consumer,organic,40.4,10,0,500.37
1009,prosumer,paid,8.7,5,0,43.37
1010,consumer,paid,33.8,12,0,423.42
1011,prosumer,partner,57.8,16,0,838.07
1012,consumer,partner,63.3,18,0,1111.95
1013,consumer,organic,23.6,7,0,230.3
1014,prosumer,organic,61.6,10,0,622.33
1015,prosumer,organic,83.4,23,0,1776.66
1016,consumer,paid,24.6,6,0,156.72
1017,consumer,partner,76.2,26,0,1793.22
1018,smb,paid,16.2,2,0,68.85
1019,consumer,organic,20.4,6,0,122.53
1020,prosumer,partner,31.5,10,0,297.61
1021,consumer,paid,43.1,8,0,289.8
1022,consumer,organic,56.5,12,0,587.78
1023,consumer,paid,72.1,23,1,1611.51
1024,consumer,partner,84.2,25,0,2012.28
1025,prosumer,paid,54.7,12,0,587.12
1026,consumer,partner,76.3,23,0,1683.01
1027,consumer,organic,48.6,18,0,883.17
1028,prosumer,partner,58.0,18,0,1100.5
1029,consumer,organic,45.0,17,1,778.76
1030,consumer,paid,20.1,6,0,74.35
1031,smb,partner,28.9,9,0,348.73
1032,consumer,organic,51.6,17,0,812.56
1033,consumer,paid,23.3,7,0,183.7
1034,consumer,partner,19.5,8,0,213.58
1035,consumer,paid,73.5,26,0,1719.27
1036,consumer,partner,37.0,15,0,605.37
1037,smb,organic,78.9,19,0,1281.3
1038,prosumer,paid,57.5,14,1,840.83
1039,prosumer,partner,35.8,11,0,330.1
1040,consumer,partner,50.1,14,0,640.67
1041,consumer,organic,91.5,22,0,1802.05
1042,consumer,partner,38.8,15,0,479.9
1043,consumer,paid,82.3,23,0,1656.92
1044,consumer,paid,82.7,17,1,1335.4
1045,consumer,organic,51.6,18,0,829.66
1046,consumer,organic,73.2,22,0,1554.85
1047,consumer,organic,47.9,18,0,762.15
1048,consumer,paid,79.0,16,0,1171.72
1049,consumer,partner,35.3,10,1,338.43
1050,consumer,organic,72.0,16,0,1078.98
1051,consumer,partner,70.2,22,0,1529.09
1052,consumer,organic,65.9,14,0,859.62
1053,consumer,paid,3.2,4,0,11.86
1054,consumer,paid,36.1,13,0,410.24
1055,consumer,partner,69.7,18,0,1064.4
1056,consumer,paid,43.0,20,0,829.6
1057,smb,paid,54.4,13,0,641.51
1058,consumer,paid,26.4,5,0,224.6
1059,consumer,organic,37.6,8,0,233.4
1060,consumer,partner,75.3,11,0,772.46
1061,consumer,organic,29.5,6,0,293.32
1062,consumer,paid,68.7,12,0,873.44
1063,consumer,organic,56.2,15,0,751.13
1064,consumer,organic,21.7,6,0,62.81
1065,consumer,paid,25.3,7,0,331.5
1066,consumer,partner,65.8,17,0,980.22
1067,prosumer,organic,88.3,14,0,1196.52
1068,smb,paid,77.8,26,1,1987.45
1069,consumer,partner,45.9,10,0,443.76
1070,consumer,partner,69.1,20,0,1354.21
1071,prosumer,organic,24.2,4,0,55.92
1072,consumer,partner,46.2,9,0,329.48
1073,consumer,organic,73.4,18,0,1214.09
1074,prosumer,partner,29.8,8,0,314.48
1075,consumer,organic,62.2,18,0,1087.07
1076,consumer,paid,33.6,6,0,237.53
1077,consumer,paid,32.4,11,0,435.62
1078,consumer,partner,66.2,25,0,1566.23
1079,smb,organic,51.9,12,0,606.89
1080,smb,partner,51.2,10,0,500.22
1081,prosumer,partner,32.4,7,0,223.15
1082,consumer,partner,23.3,11,1,193.46
1083,consumer,organic,50.2,18,0,724.44
1084,consumer,paid,56.2,16,0,861.96
1085,smb,partner,31.6,8,0,278.52
1086,consumer,partner,33.9,5,0,177.9
1087,consumer,partner,65.1,25,0,1559.34
1088,consumer,partner,73.3,12,0,812.32
1089,prosumer,paid,74.3,33,0,2294.97
1090,consumer,paid,38.8,18,0,739.77
1091,consumer,organic,51.9,19,0,909.62
1092,consumer,organic,22.2,7,0,190.93
1093,consumer,paid,68.6,26,0,1575.16
1094,prosumer,partner,86.9,27,0,2127.3
1095,consumer,partner,38.6,14,0,549.28
1096,consumer,paid,18.5,4,0,101.35
1097,consumer,paid,50.0,14,0,614.01
1098,consumer,partner,74.3,20,1,1394.21
1099,consumer,paid,42.9,24,0,1015.47
1100,consumer,organic,21.7,6,0,68.56
1101,smb,paid,22.1,9,0,161.03
1102,smb,paid,35.1,11,0,358.15
1103,consumer,organic,52.9,14,0,602.58
1104,consumer,organic,27.6,13,0,371.91
1105,consumer,organic,67.1,20,0,1284.31
1106,consumer,partner,52.7,16,0,857.27
1107,prosumer,paid,42.3,12,0,404.23
1108,prosumer,organic,22.3,13,0,299.15
1109,smb,organic,28.0,6,0,166.45
1110,consumer,partner,32.0,6,0,71.33
1111,consumer,organic,62.5,18,0,1050.02
1112,consumer,organic,18.3,8,0,297.42
1113,consumer,organic,35.7,10,0,279.25
1114,consumer,paid,60.2,20,0,1088.54
1115,consumer,paid,65.7,17,0,1194.16
1116,consumer,partner,7.7,7,0,119.49
1117,consumer,organic,33.6,13,0,422.44
1118,prosumer,paid,82.8,18,0,1327.34
1119,prosumer,paid,27.7,9,0,305.35
1120,prosumer,partner,13.9,5,0,194.85
1121,prosumer,partner,29.2,12,0,356.16
1122,consumer,partner,29.4,7,0,255.27
1123,consumer,partner,67.9,21,0,1363.23
1124,smb,paid,53.7,9,0,393.56
1125,consumer,organic,19.6,4,0,24.7
1126,prosumer,paid,4.4,3,0,0.0
1127,consumer,organic,32.4,9,0,379.76
1128,consumer,paid,16.6,8,0,126.03
1129,consumer,partner,58.6,19,0,1105.43
1130,consumer,organic,42.4,10,0,271.17
1131,smb,organic,31.4,8,0,325.36
1132,consumer,partner,27.5,14,0,366.19
1133,consumer,organic,68.6,14,0,889.66
1134,consumer,partner,72.9,20,0,1270.6
1135,consumer,partner,8.9,5,0,217.14
1136,consumer,partner,22.7,7,0,196.13
1137,smb,organic,91.1,21,0,1768.61
1138,prosumer,partner,54.9,17,1,952.37
1139,smb,organic,45.8,15,0,619.04
1140,consumer,organic,42.4,14,0,465.67
1141,consumer,paid,48.7,8,0,459.46
1142,consumer,paid,67.7,17,0,1036.55
1143,prosumer,organic,29.4,13,0,433.62
1144,smb,organic,31.5,14,0,359.05
1145,prosumer,partner,65.6,15,0,838.24
1146,consumer,paid,64.2,16,0,977.21
1147,consumer,organic,69.8,19,0,1218.14
1148,consumer,partner,32.6,9,0,314.45
1149,consumer,paid,25.1,9,0,265.74
1150,prosumer,paid,57.1,14,0,549.13
1151,prosumer,partner,64.6,20,0,1279.07
1152,consumer,organic,43.5,10,0,322.34
1153,prosumer,paid,11.2,5,0,0.0
1154,smb,partner,25.6,8,0,238.01
1155,consumer,partner,78.4,27,0,1991.09
1156,consumer,paid,75.8,23,0,1600.14
1157,consumer,paid,15.3,7,0,0.0
1158,consumer,organic,83.5,19,0,1316.66
1159,consumer,partner,69.1,23,0,1481.89
1160,smb,organic,54.2,11,0,530.85
1161,consumer,paid,57.3,18,0,866.24
1162,consumer,paid,72.3,18,1,1292.04
1163,consumer,organic,71.0,29,0,1796.02
1164,consumer,organic,71.7,23,1,1426.21
1165,consumer,organic,64.1,20,0,1261.2
1166,consumer,partner,43.1,10,0,446.39
1167,consumer,partner,46.7,19,0,791.16
1168,consumer,organic,85.6,18,0,1395.17
1169,consumer,organic,25.3,9,0,243.61
1170,smb,paid,71.6,18,0,1191.28
1171,smb,paid,37.5,9,0,283.31
1172,consumer,organic,79.7,20,0,1423.73
1173,consumer,organic,84.7,28,0,2118.17
1174,consumer,paid,26.6,9,0,250.14
1175,consumer,organic,52.9,14,0,655.95
1176,consumer,organic,48.2,13,0,612.17
1177,prosumer,organic,64.4,21,0,1230.15
1178,prosumer,partner,12.4,11,0,159.11
1179,prosumer,partner,50.8,13,0,641.6
1180,consumer,paid,42.7,20,0,754.64
1181,prosumer,partner,29.1,5,0,114.49
1182,consumer,organic,68.4,13,0,822.25
1183,prosumer,organic,62.8,18,0,954.49
1184,consumer,paid,61.1,24,0,1384.04
1185,consumer,partner,21.1,8,0,103.61
1186,prosumer,organic,68.3,17,0,1009.55
1187,consumer,paid,48.5,9,0,335.44
1188,smb,paid,43.5,15,0,659.49
1189,consumer,paid,54.6,12,0,626.62
1190,consumer,partner,42.3,8,0,445.75
1191,prosumer,partner,45.9,8,0,265.9
1192,smb,paid,75.9,11,0,922.12
1193,prosumer,paid,81.2,21,1,1707.13
1194,consumer,partner,45.8,11,0,511.43
1195,consumer,paid,53.8,13,0,693.01
1196,consumer,paid,72.7,28,0,1911.08
1197,smb,paid,47.7,17,0,691.15
1198,consumer,paid,30.8,9,0,292.99
1199,consumer,organic,30.2,7,0,142.04
1200,prosumer,organic,32.7,11,0,353.29
1201,prosumer,paid,43.2,17,0,702.91
1202,consumer,organic,25.4,6,0,161.89
1203,consumer,partner,30.1,17,0,530.89
1204,consumer,organic,59.8,18,0,1013.24
1205,consumer,paid,55.0,14,0,721.39
1206,consumer,partner,49.2,13,0,470.34
1207,consumer,paid,39.3,9,0,486.22
1208,prosumer,paid,60.8,13,1,770.27
1209,consumer,partner,54.5,13,0,641.07
1210,prosumer,partner,71.8,18,0,1234.31
1211,consumer,paid,60.7,19,0,1042.36
1212,consumer,partner,57.3,23,0,1318.85
1213,consumer,partner,51.4,17,0,796.85
1214,consumer,organic,52.2,22,0,1004.45
1215,consumer,paid,57.8,8,0,433.74
1216,prosumer,organic,15.8,6,0,68.02
1217,smb,partner,78.5,14,0,961.64
1218,prosumer,organic,75.9,20,0,1378.28
1219,consumer,paid,48.8,9,0,377.47
1220,consumer,paid,16.5,7,0,92.77
1221,consumer,paid,41.8,10,0,354.03
1222,consumer,organic,40.7,14,0,535.82
1223,consumer,organic,55.4,20,0,930.43
1224,prosumer,paid,50.5,17,0,823.76
1225,consumer,paid,41.0,11,0,403.8
1226,smb,paid,59.7,19,0,1121.17
1227,consumer,organic,44.9,12,0,603.75
1228,consumer,organic,41.0,15,0,557.34
1229,smb,partner,35.1,13,0,462.64
1230,consumer,organic,24.6,6,0,176.93
1231,consumer,organic,44.3,12,0,614.7
1232,consumer,paid,74.1,20,1,1344.21
1233,consumer,paid,73.1,14,0,994.95
1234,smb,organic,39.5,8,0,250.08
1235,consumer,paid,60.2,19,0,1097.48
1236,consumer,partner,48.1,24,0,968.5
1237,smb,organic,30.8,5,0,114.75
1238,consumer,paid,72.7,23,0,1532.5
1239,consumer,organic,20.9,8,0,152.51
1240,consumer,paid,64.2,21,0,1239.67
1241,consumer,organic,52.5,13,0,713.81
1242,consumer,paid,56.9,20,0,1038.18
1243,consumer,partner,68.6,17,0,1113.78
1244,prosumer,organic,54.3,12,0,662.56
1245,consumer,organic,72.7,15,1,1008.68
1246,consumer,paid,72.7,17,0,1149.88
1247,consumer,partner,86.8,28,1,2136.27
1248,consumer,paid,37.3,13,0,536.51
1249,consumer,paid,72.5,17,0,1036.68
1250,prosumer,organic,49.4,17,0,824.72
1251,consumer,organic,22.3,9,0,222.66
1252,smb,organic,33.0,13,0,530.86
1253,consumer,partner,48.8,6,0,321.27
1254,smb,partner,34.1,9,0,244.74
1255,consumer,paid,54.2,15,0,775.52
1256,consumer,paid,47.3,11,0,500.92
1257,consumer,partner,26.4,6,0,164.53
1258,consumer,organic,8.2,2,0,0.0
1259,consumer,partner,70.7,15,0,1100.68
1260,consumer,partner,76.7,17,1,1311.76
1261,consumer,partner,50.6,18,0,823.53
1262,consumer,paid,29.9,6,0,241.42
1263,smb,partner,39.1,8,0,373.93
1264,smb,paid,35.7,7,0,259.86
1265,consumer,organic,52.3,21,0,984.49
1266,smb,paid,41.4,17,1,627.87
1267,consumer,paid,29.7,9,0,308.53
1268,smb,paid,55.2,12,0,661.0
1269,consumer,partner,49.9,15,0,669.64
1270,smb,organic,23.7,6,0,171.97
1271,consumer,partner,50.8,21,0,984.29
1272,consumer,organic,51.5,23,0,1061.6
1273,prosumer,paid,66.2,21,0,1331.77
1274,smb,paid,47.6,10,0,511.66
1275,smb,organic,30.0,5,0,295.76
1276,consumer,paid,54.3,19,0,1003.88
1277,consumer,partner,76.0,22,0,1553.33
1278,consumer,partner,41.7,10,0,409.94
1279,consumer,organic,51.4,11,0,608.38
1280,consumer,organic,34.6,13,0,331.9
1281,consumer,organic,48.1,17,0,694.97
1282,prosumer,paid,76.7,21,1,1539.29
1283,consumer,paid,78.4,15,0,1064.44
1284,consumer,organic,61.7,24,0,1485.03
1285,consumer,paid,74.2,22,0,1551.6
1286,prosumer,partner,77.5,22,0,1590.38
1287,consumer,partner,55.8,18,1,946.03
1288,consumer,paid,51.7,16,0,704.22
1289,consumer,paid,82.7,25,0,1883.14
1290,smb,paid,66.9,18,0,1056.99
1291,prosumer,organic,46.4,14,0,576.95
1292,consumer,partner,62.3,16,0,893.34
1293,consumer,paid,80.5,25,0,1915.05
1294,consumer,organic,48.6,15,1,774.02
1295,consumer,paid,61.6,16,0,899.51
1296,smb,partner,67.1,10,0,605.21
1297,consumer,organic,25.3,6,0,113.45
1298,smb,paid,68.1,18,0,1033.73
1299,prosumer,partner,29.8,7,0,94.77
1300,consumer,organic,30.9,10,0,248.12
1301,consumer,partner,58.8,13,0,667.37
1302,prosumer,paid,35.9,12,0,357.53
1303,consumer,paid,24.3,9,0,258.1
1304,prosumer,paid,34.3,7,0,235.04
1305,consumer,organic,59.6,12,0,645.5
1306,consumer,organic,44.8,11,0,413.04
1307,consumer,organic,67.4,13,1,833.62
1308,prosumer,organic,45.8,20,0,867.17
1309,consumer,paid,73.1,20,0,1277.49
1310,prosumer,partner,17.1,6,0,181.64
1311,prosumer,paid,30.0,7,0,210.69
1312,smb,paid,93.5,22,0,1915.89
1313,consumer,organic,32.6,14,0,461.51
1314,consumer,paid,62.3,19,0,1042.85
1315,prosumer,organic,67.7,20,0,1270.5
1316,consumer,partner,77.0,26,0,1669.1
1317,prosumer,organic,58.5,19,0,960.91
1318,consumer,paid,84.7,32,0,2468.32
1319,prosumer,partner,16.9,6,0,125.8
1320,prosumer,partner,61.8,23,0,1318.18
1321,consumer,paid,81.0,28,0,2149.28
1322,prosumer,organic,45.3,13,0,500.47
1323,consumer,paid,24.5,11,0,346.86
1324,consumer,paid,23.3,7,0,231.32
1325,consumer,organic,45.2,13,0,622.59
1326,consumer,partner,71.1,20,0,1277.52
1327,prosumer,paid,63.2,22,0,1259.53
1328,prosumer,paid,55.3,12,0,627.62
1329,consumer,organic,30.4,9,0,252.6
1330,consumer,paid,29.7,7,0,175.92
1331,smb,organic,35.5,6,0,255.65
1332,smb,organic,36.7,11,0,377.83
1333,prosumer,partner,66.3,20,0,1246.6
1334,consumer,partner,56.4,12,0,522.24
1335,consumer,partner,49.4,11,0,466.42
1336,prosumer,organic,24.7,11,0,319.82
1337,consumer,partner,38.2,17,0,599.09
1338,smb,paid,75.1,28,0,1927.04
1339,consumer,paid,54.0,26,0,1363.47
1340,prosumer,partner,48.8,14,1,632.84
1341,consumer,paid,48.5,14,0,686.83
1342,prosumer,partner,15.5,9,0,112.29
1343,consumer,partner,70.8,22,0,1422.52
1344,consumer,organic,39.0,14,0,456.64
1345,consumer,organic,58.5,18,0,957.55
1346,consumer,paid,36.4,17,0,662.84
1347,consumer,paid,58.5,13,0,788.1
1348,consumer,organic,55.9,19,0,1018.65
1349,consumer,organic,27.7,10,0,254.83
1350,prosumer,paid,56.9,12,0,659.02
1351,consumer,partner,16.3,9,0,261.51
1352,consumer,paid,48.8,9,0,454.45
1353,consumer,paid,63.0,18,0,1139.95
1354,prosumer,paid,22.9,3,0,116.16
1355,consumer,partner,37.5,5,0,135.34
1356,consumer,partner,31.0,6,1,261.7
1357,consumer,organic,15.2,5,0,102.12
1358,consumer,organic,16.5,5,0,273.68
1359,smb,organic,73.6,19,0,1308.77
1360,consumer,paid,41.4,9,0,307.56
1361,prosumer,partner,51.9,11,0,524.82
1362,consumer,partner,62.7,18,0,951.41
1363,prosumer,paid,52.9,11,0,643.3
1364,consumer,organic,34.9,14,0,548.44
1365,consumer,partner,68.8,23,1,1458.71
1366,consumer,paid,69.5,18,1,1243.77
1367,consumer,organic,22.6,6,0,190.23
1368,consumer,organic,45.8,18,0,731.06
1369,prosumer,organic,79.7,23,0,1647.75
1370,consumer,paid,59.2,15,0,815.62
1371,consumer,partner,52.4,14,0,774.66
1372,consumer,paid,79.9,22,0,1597.24
1373,prosumer,partner,66.7,23,0,1312.07
1374,smb,partner,71.2,24,1,1557.05
1375,prosumer,partner,78.6,19,0,1313.34
1376,consumer,organic,44.6,14,0,537.14
1377,prosumer,partner,41.6,13,0,564.65
1378,consumer,paid,9.3,7,0,0.0
1379,consumer,paid,21.2,11,0,228.61
1380,consumer,partner,58.7,11,0,578.61
1381,consumer,paid,55.0,18,0,917.15
1382,consumer,organic,72.8,21,0,1299.49
1383,consumer,partner,17.7,4,0,39.9
1384,smb,paid,68.9,16,0,944.14
1385,prosumer,paid,41.8,12,0,515.32
1386,prosumer,paid,87.5,29,0,2385.37
1387,consumer,organic,44.7,20,0,936.82
1388,consumer,organic,42.8,11,0,461.5
1389,smb,organic,19.9,7,0,164.56
1390,smb,paid,43.6,13,0,500.47
1391,smb,organic,28.9,6,0,178.17
1392,consumer,organic,63.4,18,1,1109.99
1393,consumer,organic,55.8,18,0,933.23
1394,consumer,organic,45.4,13,0,530.12
1395,consumer,paid,56.6,20,0,1040.75
1396,smb,paid,22.7,7,0,241.29
1397,consumer,partner,47.7,9,0,375.13
1398,consumer,paid,9.6,3,0,68.23
1399,consumer,organic,27.0,12,0,281.72
1400,consumer,organic,85.8,17,0,1373.41
1401,consumer,paid,32.2,10,0,450.39
1402,consumer,partner,42.4,11,0,585.74
1403,consumer,organic,72.2,24,1,1663.03
1404,consumer,paid,58.8,14,1,820.48
1405,consumer,partner,53.6,14,0,734.01
1406,smb,organic,18.4,7,0,245.33
1407,consumer,partner,68.4,15,1,1012.6
1408,consumer,organic,64.9,20,0,1291.04
1409,smb,partner,74.8,29,0,1962.29
1410,prosumer,organic,56.0,10,0,411.41
1411,smb,paid,87.4,24,1,1964.33
1412,smb,partner,64.6,16,1,1017.87
1413,prosumer,organic,59.3,18,0,898.54
1414,consumer,organic,29.2,8,0,238.57
1415,consumer,partner,46.8,20,0,799.28
1416,consumer,paid,26.4,17,0,398.04
1417,consumer,organic,80.2,16,0,1159.27
1418,consumer,organic,51.5,6,0,386.4
1419,prosumer,organic,49.9,10,0,563.19
1420,consumer,partner,21.1,15,0,268.51
1421,consumer,organic,33.4,8,0,274.43
1422,consumer,organic,59.9,28,1,1472.88
1423,consumer,partner,44.6,9,1,468.2
1424,consumer,paid,32.6,15,0,473.97
1425,consumer,organic,78.8,15,0,1124.01
1426,consumer,paid,64.5,24,1,1355.51
1427,smb,partner,32.2,11,0,416.67
1428,consumer,organic,35.8,13,0,483.3
1429,smb,paid,21.6,8,1,318.17
1430,smb,partner,30.4,11,0,360.51
1431,consumer,paid,13.8,6,0,145.01
1432,consumer,paid,78.4,28,0,1991.13
1433,consumer,partner,36.8,12,0,491.88
1434,consumer,paid,37.7,16,0,506.63
1435,consumer,partner,45.9,15,0,719.37
1436,smb,partner,42.3,11,0,456.39
1437,prosumer,partner,38.6,10,0,454.33
1438,smb,paid,37.7,11,0,332.31
1439,consumer,partner,90.3,27,0,2256.55
1440,prosumer,organic,37.1,9,0,382.12
1441,consumer,paid,33.4,13,0,493.38
1442,consumer,paid,83.6,25,1,1861.96
1443,consumer,organic,81.3,18,1,1348.31
1444,prosumer,organic,34.8,11,0,327.74
1445,prosumer,organic,90.3,23,0,1951.86
1446,consumer,paid,45.0,10,0,499.83
1447,consumer,paid,25.8,11,0,303.59
1448,consumer,organic,56.7,21,0,1121.86
1449,consumer,organic,36.4,9,0,269.81
1450,prosumer,paid,39.1,10,0,414.58
1451,consumer,partner,23.7,6,0,110.46
1452,smb,organic,81.7,16,0,1303.01
1453,consumer,organic,41.9,12,0,447.31
1454,consumer,paid,63.0,13,0,748.97
1455,consumer,partner,61.5,18,0,1200.23
1456,prosumer,paid,47.2,10,0,449.23
1457,consumer,paid,29.7,16,0,343.85
1458,smb,organic,21.2,2,0,92.83
1459,consumer,partner,23.5,6,0,191.31
1460,prosumer,paid,42.2,10,0,339.77
1461,consumer,organic,42.9,14,0,543.2
1462,consumer,organic,40.0,14,0,455.04
1463,consumer,organic,60.4,12,0,638.87
1464,consumer,organic,68.1,12,0,658.69
1465,consumer,organic,52.8,17,0,770.48
1466,smb,paid,37.3,8,0,209.9
1467,consumer,partner,31.2,5,0,188.16
1468,smb,paid,51.6,14,0,599.97
1469,consumer,partner,82.6,17,0,1430.42
1470,consumer,partner,51.6,25,0,1137.73
1471,consumer,organic,22.3,6,0,139.67
1472,prosumer,partner,61.2,15,0,932.72
1473,smb,paid,37.1,10,0,372.38
1474,consumer,organic,60.8,15,0,789.59
1475,consumer,organic,85.3,14,1,1152.82
1476,consumer,paid,44.9,13,0,509.69
1477,consumer,organic,39.7,10,0,430.04
1478,consumer,partner,31.7,19,0,654.46
1479,prosumer,paid,33.6,9,0,254.98
1480,smb,organic,17.1,7,0,132.37
1481,consumer,partner,63.2,14,1,905.02
1482,prosumer,paid,8.9,8,0,69.21
1483,prosumer,partner,33.8,8,0,290.93
1484,consumer,organic,87.6,17,1,1423.0
1485,consumer,organic,27.2,3,0,73.25
1486,consumer,partner,72.4,24,0,1587.51
1487,consumer,partner,36.6,12,0,390.24
1488,prosumer,paid,22.0,7,0,243.37
1489,smb,organic,81.2,29,0,2206.37
1490,consumer,paid,60.9,8,0,442.96
1491,consumer,organic,64.2,20,1,1250.51
1492,consumer,partner,79.7,22,0,1676.98
1493,smb,organic,88.4,27,0,2147.0
1494,prosumer,paid,25.8,12,0,249.35
1495,consumer,partner,38.6,14,0,626.48
1496,consumer,paid,57.5,15,0,789.54
1497,consumer,organic,28.8,8,0,121.3
1498,consumer,paid,54.7,12,0,617.89
1499,consumer,paid,75.9,23,1,1557.6
1500,prosumer,organic,72.3,15,0,940.8
1501,consumer,partner,71.5,27,0,1684.69
1502,consumer,organic,47.9,22,1,987.75
1503,smb,organic,73.9,16,0,1097.22
1504,consumer,organic,71.9,20,1,1392.81
1505,smb,paid,75.3,17,0,1217.92
1506,consumer,partner,58.4,18,0,927.6
1507,consumer,partner,73.2,23,0,1594.34
1508,prosumer,partner,48.4,16,0,760.58
1509,consumer,paid,43.3,17,0,695.88
1510,consumer,paid,74.6,20,1,1426.38
1511,prosumer,organic,39.0,14,0,451.15
1512,smb,organic,73.9,26,0,1820.38
1513,consumer,paid,64.6,18,0,1086.79
1514,consumer,organic,60.0,14,0,848.64
1515,consumer,paid,40.8,9,0,422.73
1516,consumer,organic,49.0,21,0,955.45
1517,smb,partner,23.0,10,0,237.41
1518,consumer,paid,41.4,15,0,618.42
1519,consumer,partner,23.6,10,0,256.17
1520,smb,partner,53.5,20,0,955.28
1521,smb,partner,79.9,23,0,1746.0
1522,consumer,paid,55.8,11,0,609.08
1523,prosumer,organic,78.4,17,1,1294.56
1524,consumer,paid,54.4,24,0,1306.39
1525,consumer,organic,50.8,14,0,621.78
1526,consumer,organic,55.1,17,1,836.77
1527,consumer,partner,28.4,11,0,412.56
1528,consumer,partner,16.1,4,0,100.89
1529,consumer,partner,77.6,19,0,1410.55
1530,smb,paid,23.9,6,0,128.55
1531,prosumer,partner,30.0,6,0,256.96
1532,consumer,partner,35.2,9,0,341.01
1533,consumer,paid,30.2,10,0,349.08
1534,consumer,partner,53.2,15,0,776.62
1535,consumer,partner,28.2,11,0,343.01
1536,smb,paid,32.6,10,0,385.65
1537,prosumer,organic,31.7,8,0,158.3
1538,prosumer,paid,70.3,20,0,1163.63
1539,consumer,paid,30.7,5,0,185.23
1540,prosumer,paid,31.7,9,0,368.83
1541,consumer,partner,55.1,10,0,508.61
1542,consumer,paid,9.0,5,0,64.9
1543,smb,organic,44.0,13,0,633.36
1544,consumer,partner,53.0,12,0,533.15
1545,consumer,organic,67.3,9,0,505.76
1546,smb,partner,52.4,20,0,854.3
1547,consumer,partner,67.6,21,1,1348.03
1548,prosumer,organic,92.4,19,0,1536.96
1549,consumer,paid,41.7,5,0,260.82
1550,consumer,partner,51.0,12,0,575.49
1551,consumer,partner,48.9,13,0,612.75
1552,consumer,partner,59.0,16,0,957.48
1553,consumer,partner,64.9,20,0,1241.74
1554,smb,paid,35.5,12,0,429.53
1555,consumer,organic,40.4,15,0,539.91
1556,prosumer,paid,52.1,21,0,1039.66
1557,prosumer,paid,45.8,14,0,497.59
1558,consumer,organic,35.3,10,0,479.6
1559,prosumer,paid,80.6,22,0,1618.22
1560,smb,organic,18.4,7,0,125.25
1561,consumer,organic,86.8,23,0,1993.08
1562,smb,organic,74.7,26,1,1793.23
1563,consumer,partner,71.6,24,0,1549.99
1564,consumer,partner,78.0,25,0,1797.81
1565,consumer,organic,59.6,18,0,993.72
1566,consumer,paid,53.3,13,0,679.31
1567,prosumer,paid,36.9,15,0,522.56
1568,consumer,paid,41.3,14,0,604.18
1569,consumer,organic,38.1,15,0,538.43
1570,consumer,partner,42.0,11,0,507.74
1571,prosumer,organic,79.4,20,1,1399.38
1572,prosumer,paid,50.6,13,0,594.66
1573,consumer,partner,11.1,6,0,209.5
1574,consumer,organic,48.4,10,1,465.05
1575,consumer,paid,49.5,9,0,410.36
1576,consumer,partner,18.7,6,0,197.26
1577,smb,partner,61.2,18,0,1001.54
1578,consumer,paid,51.4,16,0,828.53
1579,consumer,paid,51.6,19,0,911.02
1580,consumer,paid,22.5,1,0,19.32
1581,consumer,partner,45.5,20,0,870.17
1582,prosumer,partner,32.2,8,0,224.42
1583,consumer,paid,74.8,22,0,1354.71
1584,prosumer,paid,49.2,7,0,299.45
1585,prosumer,paid,53.5,12,1,579.56
1586,consumer,organic,78.1,19,1,1366.98
1587,consumer,partner,15.9,6,0,100.04
1588,consumer,partner,50.9,12,1,631.76
1589,smb,paid,56.4,20,1,1129.7
1590,consumer,partner,26.4,9,0,190.85
1591,smb,organic,60.8,18,0,881.07
1592,smb,organic,29.7,11,0,500.02
1593,smb,paid,42.5,20,0,862.27
1594,consumer,paid,94.5,24,1,2209.95
1595,consumer,organic,49.2,17,0,852.77
1596,consumer,partner,46.6,17,0,776.24
1597,prosumer,partner,69.4,22,0,1464.24
1598,consumer,paid,42.9,13,0,476.81
1599,prosumer,paid,56.4,16,0,800.5
1600,consumer,organic,62.7,15,0,829.44
1601,consumer,organic,50.1,17,0,839.02
1602,prosumer,organic,47.3,11,0,471.68
1603,consumer,paid,60.6,18,0,985.63
1604,smb,organic,66.5,22,0,1336.48
1605,smb,partner,66.0,12,0,653.89
1606,prosumer,organic,32.2,8,0,260.48
1607,consumer,organic,64.4,24,0,1524.58
1608,consumer,organic,73.2,23,1,1473.02
1609,smb,organic,85.7,18,1,1388.42
1610,consumer,organic,57.8,17,0,1000.39
1611,consumer,paid,48.7,20,0,831.59
1612,consumer,paid,30.7,15,0,488.96
1613,consumer,organic,33.6,14,0,457.34
1614,prosumer,partner,21.3,10,0,209.83
1615,consumer,partner,1.1,3,0,5.85
1616,prosumer,organic,76.7,22,0,1485.58
1617,consumer,paid,86.7,16,1,1296.91
1618,consumer,organic,81.7,26,0,1907.31
1619,smb,paid,82.4,17,0,1301.76
1620,smb,partner,79.4,18,1,1359.29
1621,consumer,organic,60.4,8,0,420.14
1622,consumer,paid,50.3,16,0,807.95
1623,consumer,partner,61.6,19,0,1134.34
1624,consumer,paid,62.7,16,0,920.09
1625,consumer,paid,39.5,14,0,419.99
1626,consumer,partner,61.5,17,1,1027.72
1627,smb,organic,58.4,14,0,789.68
1628,consumer,partner,33.7,9,0,329.56
1629,consumer,paid,24.1,8,0,324.31
1630,smb,organic,31.1,17,0,478.96
1631,consumer,paid,45.1,19,0,799.01
1632,consumer,organic,18.4,9,0,198.41
1633,smb,organic,87.4,26,0,2004.28
1634,consumer,partner,82.3,19,1,1441.32
1635,consumer,paid,67.8,13,0,934.2
1636,consumer,paid,91.2,26,1,2336.93
1637,consumer,partner,43.6,5,0,301.56
1638,consumer,organic,60.0,18,0,1009.6
1639,prosumer,paid,45.8,14,0,668.21
1640,consumer,partner,49.9,17,1,839.08
1641,prosumer,paid,47.8,13,0,649.44
1642,consumer,partner,35.6,4,0,129.23
1643,consumer,partner,65.9,8,0,504.83
1644,consumer,paid,83.9,24,1,1929.97
1645,consumer,organic,35.7,12,0,322.97
1646,consumer,paid,32.4,11,0,481.43
1647,smb,paid,41.3,16,0,523.85
1648,consumer,organic,58.8,18,0,1031.74
1649,consumer,paid,29.2,8,0,184.4
1650,consumer,organic,63.6,24,0,1419.99
1651,smb,partner,47.1,11,0,520.84
1652,consumer,partner,77.7,19,0,1392.9
1653,consumer,partner,78.7,23,0,1528.62
1654,prosumer,paid,50.7,11,0,524.79
1655,prosumer,organic,8.7,1,0,85.47
1656,smb,paid,21.0,9,0,138.79
1657,consumer,paid,37.2,7,0,228.28
1658,prosumer,paid,84.4,30,1,2248.22
1659,prosumer,organic,15.1,5,0,76.47
1660,smb,paid,44.8,8,0,395.63
1661,smb,paid,66.9,25,0,1600.22
1662,smb,organic,71.7,25,0,1738.51
1663,consumer,partner,69.9,14,1,957.53
1664,smb,paid,37.4,6,0,140.34
1665,consumer,organic,78.0,15,0,1112.46
1666,consumer,organic,35.9,15,0,492.58
1667,consumer,paid,50.7,15,0,746.89
1668,consumer,partner,56.7,16,0,849.06
1669,consumer,organic,43.2,24,0,995.54
1670,consumer,partner,15.5,9,0,144.91
1671,consumer,paid,23.3,17,0,375.75
1672,consumer,paid,46.4,19,0,799.23
1673,consumer,partner,44.8,9,0,387.62
1674,consumer,organic,83.9,19,1,1466.74
1675,consumer,organic,56.0,14,0,779.0
1676,smb,paid,49.5,11,0,556.34
1677,smb,organic,45.6,17,0,814.14
1678,smb,paid,51.5,20,1,925.07
1679,smb,paid,47.7,14,0,567.06
1680,consumer,partner,25.9,9,0,238.0
1681,prosumer,partner,38.7,14,0,436.38
1682,consumer,partner,43.1,9,1,563.03
1683,consumer,organic,27.7,7,0,155.55
1684,smb,partner,67.4,19,0,1194.03
1685,consumer,paid,27.8,13,0,360.43
1686,consumer,organic,37.9,8,0,254.7
1687,consumer,paid,52.4,14,0,654.29
1688,consumer,organic,46.4,11,0,434.46
1689,prosumer,paid,70.7,17,1,1213.78
1690,prosumer,paid,68.4,14,0,844.36
1691,prosumer,partner,11.4,6,0,72.82
1692,smb,paid,76.0,14,0,947.47
1693,consumer,organic,30.9,11,0,300.95
1694,smb,organic,32.4,10,0,338.87
1695,prosumer,organic,87.9,32,0,2498.3
1696,smb,paid,32.4,20,0,576.64
1697,consumer,organic,71.8,24,0,1604.0
1698,prosumer,paid,40.7,16,1,672.28
1699,prosumer,partner,55.5,15,0,691.7
1700,prosumer,partner,45.8,8,0,372.32
1701,consumer,paid,36.7,15,1,565.14
1702,prosumer,partner,27.3,8,0,187.64
1703,consumer,paid,76.6,18,0,1191.25
1704,consumer,paid,24.8,11,0,224.95
1705,consumer,paid,26.6,4,0,13.75
1706,smb,organic,73.1,14,0,924.22
1707,consumer,paid,70.0,22,0,1490.13
1708,consumer,organic,59.2,14,0,865.84
1709,smb,organic,35.0,10,0,387.48
1710,consumer,organic,34.1,15,0,455.65
1711,consumer,partner,66.4,18,0,1029.56
1712,consumer,organic,68.3,10,1,658.31
1713,consumer,paid,13.6,4,0,133.91
1714,consumer,partner,51.5,10,0,543.07
1715,consumer,organic,52.0,15,0,764.45
1716,prosumer,paid,65.9,30,0,1879.08
1717,consumer,paid,66.7,22,0,1422.52
1718,consumer,paid,18.7,6,0,100.74
1719,consumer,paid,26.6,8,0,154.4
1720,smb,partner,38.1,8,0,201.97
1721,consumer,organic,71.5,34,0,2219.26
1722,consumer,paid,61.6,11,1,571.15
1723,prosumer,organic,45.9,8,0,327.3
1724,smb,paid,18.0,11,0,237.66
1725,consumer,paid,39.3,10,0,346.61
1726,consumer,partner,24.1,10,0,174.05
1727,consumer,paid,22.0,8,0,17.88
1728,consumer,partner,85.8,28,0,2094.41
1729,consumer,partner,40.0,15,0,573.3
1730,consumer,organic,45.0,16,1,760.3
1731,consumer,organic,47.7,11,0,464.62
1732,consumer,paid,43.9,11,0,408.03
1733,smb,paid,39.4,14,0,506.26
1734,prosumer,paid,32.6,12,0,314.44
1735,prosumer,organic,21.7,7,0,187.63
1736,smb,partner,59.1,23,0,1223.53
1737,consumer,paid,40.1,9,0,350.08
1738,prosumer,partner,64.4,23,0,1366.57
1739,consumer,organic,60.2,16,0,915.17
1740,prosumer,partner,55.7,16,0,800.91
1741,consumer,paid,65.7,20,0,1102.67
1742,consumer,paid,63.2,7,1,563.87
1743,consumer,partner,81.9,23,0,1753.37
1744,consumer,paid,46.1,12,0,597.14
1745,consumer,paid,48.8,9,0,359.49
1746,consumer,partner,56.8,23,0,1262.46
1747,consumer,partner,47.0,12,0,432.89
1748,consumer,partner,33.9,13,0,539.25
1749,prosumer,organic,69.6,31,0,1969.26
1750,consumer,organic,56.5,18,0,1019.47
1751,consumer,paid,33.5,16,0,583.96
1752,consumer,organic,73.4,15,0,1021.55
1753,consumer,partner,36.5,14,0,524.8
1754,consumer,paid,16.5,5,0,40.96
1755,consumer,partner,27.4,9,0,202.9
1756,prosumer,partner,3.9,2,0,91.27
1757,consumer,organic,78.8,12,0,941.73
1758,prosumer,paid,18.9,9,0,198.38
1759,prosumer,organic,53.4,13,0,630.25
1760,smb,partner,51.0,16,0,863.49
1761,consumer,partner,46.6,14,0,555.62
1762,consumer,paid,46.3,26,0,1079.87
1763,smb,organic,31.7,6,0,190.6
1764,consumer,paid,75.0,18,0,1291.88
1765,prosumer,partner,65.5,19,1,1187.37
1766,consumer,partner,43.3,15,0,630.52
1767,consumer,organic,6.7,6,0,28.01
1768,prosumer,paid,35.1,9,0,292.04
1769,consumer,organic,45.4,9,0,426.88
1770,consumer,organic,48.2,11,0,539.83
1771,consumer,paid,62.4,17,1,1071.7
1772,consumer,paid,49.6,17,0,849.93
1773,consumer,partner,20.0,8,0,305.32
1774,consumer,organic,38.6,8,0,313.53
1775,prosumer,organic,59.2,21,0,1246.01
1776,prosumer,partner,61.9,13,1,705.62
1777,prosumer,paid,36.6,12,0,397.52
1778,consumer,paid,60.7,18,0,903.16
1779,consumer,partner,19.8,9,0,191.84
1780,prosumer,organic,36.9,11,0,428.23
1781,consumer,partner,28.0,9,0,253.25
1782,consumer,paid,56.2,15,0,818.22
1783,consumer,organic,24.9,7,0,203.72
1784,consumer,organic,45.1,8,0,441.71
1785,smb,paid,84.8,19,0,1474.83
1786,prosumer,paid,16.7,3,0,193.47
1787,consumer,partner,85.7,23,1,1880.65
1788,consumer,paid,60.7,18,0,1039.99
1789,consumer,paid,75.2,12,0,766.37
1790,consumer,organic,41.4,10,0,355.76
1791,consumer,paid,54.5,20,0,1118.01
1792,consumer,partner,62.7,13,0,779.44
1793,prosumer,paid,26.5,10,0,170.24
1794,prosumer,partner,42.4,16,0,589.15
1795,consumer,partner,61.2,19,1,1074.34
1796,smb,paid,50.5,17,0,738.15
1797,prosumer,partner,31.1,11,0,238.57
1798,consumer,organic,64.0,25,0,1584.69
1799,consumer,organic,34.9,11,0,357.5
1800,consumer,organic,59.7,23,0,1261.56
1801,prosumer,organic,51.7,22,0,1013.44
1802,prosumer,paid,59.2,10,1,607.63
1803,consumer,paid,1.9,3,0,0.0
1804,consumer,partner,23.2,5,0,138.65
1805,prosumer,partner,60.7,12,0,685.18
1806,consumer,paid,45.4,20,0,822.56
1807,smb,paid,23.9,9,0,242.96
1808,consumer,paid,51.8,18,0,968.3
1809,consumer,organic,33.0,3,0,117.14
1810,consumer,paid,15.1,6,0,87.95
1811,prosumer,paid,50.4,23,1,1106.45
1812,consumer,paid,32.9,8,0,295.53
1813,smb,partner,54.3,13,0,577.19
1814,consumer,partner,32.9,7,0,214.29
1815,consumer,organic,60.3,17,0,936.02
1816,prosumer,partner,62.6,14,0,870.82
1817,consumer,partner,60.0,16,0,854.81
1818,consumer,partner,25.1,7,0,155.82
1819,consumer,partner,27.8,10,0,319.39
1820,prosumer,paid,33.3,12,0,331.38
1821,prosumer,partner,63.8,12,0,760.51
1822,consumer,paid,54.7,10,0,467.44
1823,consumer,partner,49.2,14,0,618.39
1824,consumer,partner,59.8,10,0,582.0
1825,smb,paid,68.5,26,0,1569.2
1826,consumer,paid,39.6,15,0,427.0
1827,smb,paid,33.0,11,0,406.91
1828,smb,paid,88.7,30,0,2505.98
1829,consumer,partner,60.6,16,1,974.53
1830,consumer,paid,28.7,9,0,252.77
1831,prosumer,partner,61.5,15,0,963.78
1832,consumer,partner,12.5,4,0,114.99
1833,consumer,organic,57.3,13,0,716.18
1834,consumer,partner,44.3,12,0,511.34
1835,prosumer,organic,15.7,5,0,201.65
1836,smb,partner,18.7,9,0,238.48
1837,consumer,organic,68.8,10,0,622.44
1838,prosumer,paid,63.8,14,0,763.67
1839,consumer,partner,24.9,6,0,215.32
1840,consumer,partner,26.3,1,0,118.33
1841,consumer,partner,42.7,14,0,594.43
1842,smb,organic,22.2,5,0,44.51
1843,smb,paid,15.3,8,0,224.92
1844,consumer,paid,72.2,24,0,1568.66
1845,prosumer,organic,83.2,11,0,945.56
1846,consumer,partner,21.2,8,0,180.4
1847,consumer,organic,32.3,11,0,371.08
1848,smb,paid,15.0,5,0,46.94
1849,consumer,paid,76.1,19,1,1348.7
1850,consumer,paid,60.6,29,0,1529.95
1851,consumer,partner,53.0,11,0,599.6
1852,consumer,paid,71.4,30,0,2006.66
1853,smb,paid,54.7,14,0,709.48
1854,prosumer,partner,55.8,12,0,689.74
1855,consumer,partner,24.2,6,0,203.52
1856,consumer,organic,66.2,23,1,1489.96
1857,consumer,paid,75.2,16,0,1133.03
1858,consumer,paid,24.6,9,0,294.55
1859,consumer,paid,58.9,14,0,859.19
1860,consumer,organic,39.0,18,0,760.16
1861,consumer,partner,71.3,17,0,1158.3
1862,consumer,paid,50.5,9,0,467.76
1863,consumer,paid,60.6,21,0,1174.18
1864,consumer,partner,79.4,30,0,2164.92
1865,consumer,partner,80.9,23,0,1770.67
1866,prosumer,organic,45.7,10,0,288.71
1867,consumer,paid,56.1,15,0,795.66
1868,consumer,paid,47.9,12,0,555.86
1869,consumer,organic,73.6,14,0,937.89
1870,consumer,paid,61.9,34,0,1937.98
1871,prosumer,paid,48.0,20,0,990.36
1872,consumer,partner,54.4,21,0,1012.81
1873,smb,organic,43.7,12,0,514.99
1874,consumer,partner,54.7,16,0,888.98
1875,consumer,organic,21.4,5,0,150.71
1876,consumer,paid,86.7,15,0,1180.96
1877,smb,organic,6.9,7,0,12.45
1878,consumer,organic,28.5,18,0,349.52
1879,prosumer,paid,30.8,5,0,46.46
1880,consumer,paid,64.7,12,0,756.87
1881,consumer,partner,78.4,11,0,744.06
1882,consumer,organic,23.6,10,0,331.65
1883,consumer,paid,52.3,7,0,237.64
1884,consumer,organic,59.9,16,0,856.51
1885,smb,organic,57.3,11,0,580.59
1886,consumer,paid,85.4,29,0,2193.98
1887,prosumer,organic,38.0,10,0,313.27
1888,consumer,organic,53.5,19,0,954.12
1889,smb,organic,58.6,16,0,846.89
1890,consumer,organic,85.1,27,1,2125.29
1891,prosumer,paid,72.4,18,1,1213.76
1892,prosumer,paid,36.3,9,0,377.07
1893,prosumer,paid,65.8,18,0,1090.97
1894,consumer,partner,47.7,15,0,577.17
1895,smb,partner,33.4,14,0,453.34
1896,consumer,partner,56.4,15,0,737.99
1897,consumer,partner,83.5,23,1,1888.43
1898,prosumer,partner,63.9,15,0,877.2
1899,consumer,organic,78.1,20,0,1344.37
1900,consumer,paid,48.9,17,0,826.31
1901,consumer,partner,37.8,9,0,437.92
1902,consumer,partner,32.1,11,0,362.0
1903,consumer,paid,77.2,20,1,1424.78
1904,consumer,paid,41.0,13,0,391.38
1905,prosumer,organic,48.3,9,0,444.75
1906,consumer,partner,72.1,23,0,1515.08
1907,consumer,partner,38.3,14,0,496.94
1908,consumer,organic,31.8,7,0,276.25
1909,consumer,organic,56.3,17,0,930.99
1910,consumer,paid,14.9,3,0,18.66
1911,prosumer,paid,31.7,11,0,228.05
1912,consumer,organic,35.6,9,0,299.53
1913,consumer,organic,57.1,19,1,1048.2
1914,consumer,partner,61.2,18,0,1067.59
1915,consumer,organic,36.7,8,0,290.61
1916,smb,paid,40.5,7,0,431.78
1917,consumer,organic,86.8,26,0,1995.6
1918,consumer,partner,35.6,9,0,368.97
1919,smb,paid,84.8,20,1,1654.77
1920,prosumer,paid,61.3,16,0,968.83
1921,consumer,partner,87.0,19,1,1656.03
1922,consumer,partner,13.8,4,0,88.16
1923,prosumer,paid,68.8,21,0,1292.08
1924,consumer,partner,28.2,11,0,302.79
1925,smb,paid,54.3,13,0,712.9
1926,smb,paid,47.8,11,0,478.81
1927,consumer,paid,74.2,20,0,1339.76
1928,consumer,partner,34.8,13,0,454.53
1929,consumer,organic,76.8,16,0,1128.35
1930,consumer,paid,65.0,23,0,1439.0
1931,consumer,partner,33.4,10,0,449.78
1932,smb,organic,86.5,23,0,1822.87
1933,consumer,organic,4.4,5,0,74.32
1934,consumer,partner,50.6,14,0,585.75
1935,prosumer,paid,31.7,7,0,177.35
1936,consumer,paid,31.8,8,0,296.12
1937,consumer,organic,44.9,12,0,443.85
1938,consumer,paid,32.2,9,0,294.49
1939,consumer,paid,70.1,25,1,1604.39
1940,prosumer,organic,53.4,19,0,1036.25
1941,consumer,partner,47.1,10,0,476.28
1942,consumer,partner,18.5,3,0,80.49
1943,prosumer,paid,88.8,24,0,1970.93
1944,smb,organic,82.8,27,0,2173.35
1945,consumer,partner,43.5,11,0,454.19
1946,consumer,partner,46.0,12,0,419.83
1947,consumer,partner,61.3,15,0,926.61
1948,smb,paid,71.9,14,0,943.19
1949,consumer,organic,73.5,34,0,2282.48
1950,consumer,organic,11.9,6,0,129.54
1951,prosumer,paid,84.5,24,1,1942.74
1952,consumer,partner,39.5,21,0,686.43
1953,consumer,organic,81.3,22,0,1731.68
1954,prosumer,partner,19.4,3,0,75.75
1955,consumer,organic,38.7,9,0,425.57
1956,prosumer,paid,32.6,12,0,464.56
1957,prosumer,partner,54.4,10,0,495.7
1958,smb,organic,41.2,16,0,560.09
1959,consumer,partner,62.7,23,0,1410.81
1960,prosumer,partner,52.8,15,0,611.87
1961,consumer,organic,63.9,16,1,1016.46
1962,smb,paid,44.7,13,0,527.6
1963,prosumer,partner,40.5,8,0,347.79
1964,smb,paid,51.6,16,0,732.96
1965,smb,paid,44.1,26,0,1138.85
1966,consumer,organic,25.9,6,0,164.88
1967,consumer,organic,25.2,7,0,238.87
1968,smb,organic,26.6,11,0,272.25
1969,consumer,partner,75.4,30,0,2016.68
1970,consumer,paid,7.1,2,0,0.0
1971,consumer,partner,16.8,1,0,89.19
1972,prosumer,organic,74.6,15,0,1055.68
1973,prosumer,organic,35.7,14,0,411.24
1974,consumer,paid,48.5,14,0,675.1
1975,consumer,organic,69.8,16,0,1018.32
1976,consumer,organic,56.1,11,0,570.15
1977,consumer,organic,17.8,3,0,220.82
1978,consumer,partner,10.8,2,0,0.0
1979,consumer,organic,68.8,13,1,933.57
1980,prosumer,partner,21.7,11,0,222.13
1981,consumer,partner,81.9,18,1,1274.33
1982,prosumer,partner,22.6,8,0,201.81
1983,consumer,partner,38.0,13,0,504.26
1984,consumer,organic,19.8,8,0,173.91
1985,consumer,paid,71.0,28,0,1843.0
1986,consumer,organic,73.6,15,0,1081.1
1987,consumer,partner,58.1,21,0,1047.63
1988,consumer,partner,50.1,10,0,332.9
1989,consumer,partner,59.4,20,0,1074.41
1990,consumer,partner,60.5,16,0,921.27
1991,smb,organic,53.2,17,0,856.33
1992,smb,paid,39.1,12,0,442.54
1993,consumer,organic,3.9,2,0,30.67
1994,prosumer,paid,51.0,9,0,485.28
1995,consumer,paid,52.1,15,0,724.54
1996,smb,partner,18.4,9,0,193.46
1997,consumer,organic,80.7,26,0,1889.14
1998,prosumer,paid,53.8,13,0,726.36
1999,prosumer,partner,15.0,7,0,180.36
2000,smb,partner,66.5,16,0,1005.23
2001,consumer,organic,26.6,6,0,188.91
2002,consumer,organic,6.4,2,0,120.2
2003,consumer,paid,42.0,8,0,348.76
2004,prosumer,paid,61.0,13,0,701.56
2005,consumer,organic,72.2,24,0,1533.62
2006,consumer,paid,38.4,7,0,248.65
2007,prosumer,paid,37.4,12,0,353.64
2008,prosumer,partner,34.2,10,0,342.97
2009,smb,paid,93.7,28,0,2331.72
2010,smb,paid,64.0,14,0,822.3
2011,consumer,organic,45.7,11,0,477.7
2012,consumer,partner,9.1,3,0,128.52
2013,prosumer,paid,57.7,16,0,905.75
2014,consumer,paid,39.7,8,0,271.39
2015,prosumer,organic,54.4,17,0,821.17
2016,smb,paid,73.0,21,0,1525.3
2017,consumer,paid,77.4,15,1,1081.76
2018,smb,partner,13.0,4,0,6.99
2019,consumer,organic,63.3,19,0,1149.45
2020,smb,partner,54.2,10,0,394.48
2021,consumer,paid,54.6,16,0,857.22
2022,prosumer,partner,71.9,22,1,1513.0
2023,prosumer,paid,70.1,25,0,1689.67
2024,consumer,partner,32.0,9,0,189.42
2025,consumer,paid,30.7,7,0,332.75
2026,prosumer,paid,59.3,22,0,1228.86
2027,consumer,organic,38.1,17,0,597.49
2028,smb,organic,27.5,15,0,356.03
2029,consumer,paid,72.6,26,0,1741.65
2030,prosumer,organic,86.6,24,0,1947.07
2031,smb,partner,36.5,6,0,168.03
2032,smb,partner,70.6,23,0,1592.57
2033,prosumer,partner,36.3,8,0,308.75
2034,consumer,organic,51.6,17,0,782.07
2035,consumer,organic,25.2,7,0,173.43
2036,consumer,paid,37.5,11,0,377.52
2037,consumer,organic,38.4,9,0,406.36
2038,consumer,paid,66.6,16,1,950.01
2039,prosumer,organic,52.9,13,0,736.67
2040,smb,partner,53.1,14,0,746.37
2041,consumer,paid,28.2,14,0,449.33
2042,prosumer,organic,61.1,18,1,1074.4
2043,consumer,partner,20.4,13,0,291.45
2044,smb,partner,20.3,5,0,101.56
2045,consumer,organic,17.0,3,0,119.78
2046,consumer,paid,38.7,5,0,221.07
2047,consumer,partner,63.9,28,1,1691.48
2048,smb,paid,68.4,17,0,1022.8
2049,consumer,paid,20.6,9,0,133.05
2050,consumer,paid,41.7,14,0,591.64
2051,consumer,partner,57.9,12,0,659.65
2052,consumer,paid,41.2,13,1,536.81
2053,consumer,paid,44.8,12,0,541.22
2054,consumer,organic,52.1,16,0,798.71
2055,consumer,partner,52.7,13,0,671.44
2056,consumer,paid,69.7,16,0,1062.16
2057,smb,paid,37.9,9,0,330.71
2058,consumer,organic,21.2,8,0,233.72
2059,consumer,organic,50.5,14,0,656.64
2060,consumer,partner,43.6,13,0,483.22
2061,consumer,paid,24.3,3,0,96.26
2062,consumer,paid,57.1,26,0,1353.55
2063,prosumer,paid,68.1,16,0,1007.15
2064,consumer,organic,25.1,2,0,54.64
2065,consumer,organic,73.1,22,0,1493.16
2066,prosumer,partner,68.6,28,0,1724.22
2067,consumer,organic,28.2,9,0,266.93
2068,smb,paid,38.4,4,0,203.96
2069,smb,partner,71.8,19,0,1308.46
2070,consumer,partner,27.1,8,0,192.78
2071,consumer,paid,30.0,15,0,517.74
2072,consumer,paid,36.8,13,0,628.05
2073,prosumer,organic,22.1,10,0,266.01
2074,consumer,organic,63.2,21,0,1116.87
2075,prosumer,partner,64.4,21,0,1134.33
2076,consumer,paid,30.7,13,0,451.99
2077,smb,organic,41.3,13,0,535.17
2078,prosumer,organic,77.1,16,1,1215.76
2079,smb,paid,39.9,9,0,336.54
2080,consumer,organic,50.9,19,0,957.01
2081,consumer,partner,52.7,12,0,500.18
2082,smb,partner,65.6,18,0,1013.63
2083,smb,partner,53.5,14,0,642.62
2084,consumer,organic,61.4,19,0,1016.81
2085,consumer,partner,65.9,17,0,1020.79
2086,prosumer,organic,14.1,5,0,182.65
2087,consumer,organic,60.2,22,0,1170.94
2088,consumer,paid,65.6,27,1,1586.14
2089,prosumer,organic,68.8,17,0,1199.43
2090,smb,paid,53.7,16,0,721.27
2091,smb,organic,49.9,16,0,793.01
2092,consumer,organic,30.9,8,0,237.12
2093,prosumer,partner,57.7,21,0,1077.09
2094,prosumer,paid,44.8,7,0,323.15
2095,smb,paid,75.1,21,1,1530.94
2096,consumer,partner,71.4,21,1,1406.53
2097,smb,partner,45.3,17,0,687.04
2098,smb,partner,73.5,22,0,1398.22
2099,consumer,partner,43.1,14,0,645.82
2100,prosumer,organic,43.3,14,0,543.24
2101,consumer,paid,45.1,16,0,624.85
2102,consumer,organic,75.8,21,1,1486.83
2103,consumer,paid,28.8,7,0,232.9
2104,prosumer,organic,70.8,17,0,1138.82
2105,consumer,organic,55.0,17,0,977.52
2106,consumer,partner,89.4,26,0,2139.72
2107,smb,partner,45.4,16,0,725.41
2108,consumer,partner,61.3,18,0,1218.87
2109,consumer,organic,33.7,10,0,322.79
2110,prosumer,partner,16.4,2,0,66.54
2111,consumer,paid,43.6,13,0,523.33
2112,consumer,paid,73.6,19,0,1343.28
2113,consumer,partner,38.7,8,0,310.16
2114,prosumer,partner,54.7,15,0,686.09
2115,consumer,partner,43.3,14,0,564.92
2116,consumer,paid,63.9,20,0,1276.32
2117,smb,paid,67.0,22,1,1410.64
2118,consumer,paid,41.9,9,0,403.31
2119,prosumer,partner,40.3,8,0,359.82
2120,consumer,paid,12.7,6,0,79.16
2121,consumer,paid,5.3,3,0,33.84
2122,consumer,organic,31.4,8,0,252.67
2123,consumer,partner,53.8,20,0,1064.82
2124,consumer,paid,50.9,10,0,397.11
2125,consumer,partner,57.3,12,1,688.66
2126,consumer,paid,46.6,17,0,687.37
2127,smb,partner,29.0,7,0,199.31
2128,smb,partner,47.8,10,0,412.88
2129,consumer,organic,53.9,19,0,925.06
2130,prosumer,partner,26.0,14,0,326.84
2131,consumer,paid,14.6,3,0,17.67
2132,smb,organic,81.9,30,0,2252.47
2133,consumer,partner,50.8,21,0,976.2
2134,smb,organic,67.1,22,1,1426.15
2135,smb,paid,56.6,21,0,1133.14
2136,consumer,partner,26.9,11,0,338.02
2137,prosumer,partner,34.6,14,0,405.04
2138,smb,organic,40.2,13,0,555.25
2139,consumer,partner,42.0,14,0,580.72
2140,consumer,organic,55.0,19,0,910.22
2141,consumer,paid,19.1,5,0,41.0
2142,consumer,organic,69.7,21,1,1348.19
2143,smb,partner,28.3,7,0,238.4
2144,consumer,partner,25.1,9,0,169.68
2145,consumer,paid,61.6,23,0,1287.28
2146,prosumer,paid,24.6,8,0,209.33
2147,prosumer,partner,75.1,22,0,1585.83
2148,smb,organic,28.5,4,0,200.83
2149,prosumer,partner,33.2,11,0,367.41
2150,consumer,partner,53.5,13,1,666.74
2151,consumer,organic,25.2,7,0,154.72
2152,prosumer,organic,44.3,16,0,731.11
2153,prosumer,paid,73.8,17,0,1165.5
2154,consumer,organic,40.6,16,0,612.31
2155,prosumer,paid,30.9,8,0,205.51
2156,prosumer,organic,43.1,10,0,246.63
2157,consumer,paid,61.1,17,0,1004.58
2158,consumer,organic,60.6,20,0,1217.12
2159,consumer,paid,22.2,6,0,106.17
2160,smb,paid,54.2,12,0,561.08
2161,prosumer,paid,40.3,8,0,442.86
2162,smb,paid,48.0,16,0,748.6
2163,consumer,partner,34.6,8,0,317.1
2164,prosumer,paid,54.2,15,0,729.73
2165,consumer,organic,87.7,24,0,1910.96
2166,consumer,paid,24.4,12,0,336.13
2167,consumer,organic,70.1,16,0,1205.85
2168,consumer,partner,64.0,16,0,916.5
2169,smb,organic,76.6,18,0,1288.07
2170,consumer,partner,51.5,16,0,741.0
2171,smb,paid,80.7,22,0,1630.37
2172,prosumer,partner,55.1,21,0,1018.32
2173,prosumer,organic,61.1,15,0,883.44
2174,smb,organic,88.5,20,0,1541.74
2175,smb,paid,47.8,13,0,743.71
2176,consumer,organic,54.5,17,0,758.09
2177,consumer,organic,74.8,20,0,1410.73
2178,prosumer,partner,50.7,8,0,468.82
2179,consumer,partner,74.8,16,0,1064.06
2180,smb,paid,39.8,7,0,217.45
2181,prosumer,paid,45.5,5,0,258.96
2182,smb,organic,14.8,5,0,99.71
2183,prosumer,organic,50.7,10,0,449.87
2184,consumer,partner,64.9,18,0,1034.25
2185,smb,partner,57.3,17,0,862.03
2186,consumer,paid,50.3,11,0,573.42
2187,consumer,paid,70.8,20,0,1228.84
2188,consumer,partner,81.4,14,0,1126.25
2189,consumer,partner,73.4,31,1,2070.19
2190,consumer,paid,43.4,7,0,344.44
2191,consumer,paid,28.4,12,0,371.73
2192,smb,organic,22.7,9,0,110.83
2193,consumer,partner,41.5,9,0,333.1
2194,consumer,paid,61.4,18,0,1066.77
2195,consumer,organic,49.2,21,1,923.16
2196,prosumer,organic,84.1,18,0,1410.01
2197,consumer,paid,66.3,21,0,1338.17
2198,prosumer,organic,35.2,11,0,284.7
2199,prosumer,organic,32.9,10,1,369.36
2200,smb,organic,6.4,6,0,2.21
2201,consumer,partner,5.2,1,0,15.19
2202,consumer,partner,26.1,10,0,241.8
2203,consumer,paid,55.6,8,0,394.37
2204,smb,partner,51.7,16,0,770.4
2205,prosumer,partner,20.2,9,0,195.24
2206,prosumer,paid,88.0,24,0,1945.32
2207,prosumer,paid,33.1,9,0,294.01
2208,smb,organic,33.7,8,0,237.1
2209,prosumer,organic,51.1,12,0,636.38
2210,consumer,paid,87.0,31,0,2376.43
2211,prosumer,paid,9.0,5,0,0.0
2212,consumer,organic,49.3,14,1,823.57
2213,smb,partner,76.3,23,0,1634.47
2214,prosumer,partner,70.6,21,0,1300.41
2215,prosumer,organic,63.9,18,0,1069.86
2216,consumer,paid,64.1,11,0,721.75
2217,smb,partner,63.0,17,0,983.88
2218,prosumer,partner,40.6,12,0,440.02
2219,consumer,paid,25.0,7,0,163.45
2220,prosumer,paid,78.2,13,0,907.91
2221,consumer,organic,35.1,17,0,571.03
2222,consumer,organic,84.6,22,0,1782.91
2223,prosumer,organic,15.6,8,0,128.43
2224,consumer,partner,21.2,10,1,342.27
2225,consumer,paid,50.4,13,0,567.21
2226,consumer,paid,25.4,9,0,175.87
2227,consumer,partner,54.7,18,0,957.95
2228,prosumer,partner,57.6,14,0,759.83
2229,prosumer,partner,68.8,17,0,1028.15
2230,prosumer,organic,48.5,17,1,763.21
2231,prosumer,organic,17.9,4,0,109.45
2232,consumer,partner,62.0,14,0,800.92
2233,consumer,partner,62.9,17,0,1050.66
2234,prosumer,paid,74.4,20,0,1367.86
2235,smb,organic,35.1,11,0,391.54
2236,smb,organic,65.9,13,0,856.9
2237,consumer,organic,91.3,26,0,2026.77
2238,prosumer,partner,60.8,17,0,801.9
2239,consumer,partner,41.9,10,0,311.41
2240,consumer,partner,39.8,12,0,422.97
2241,consumer,paid,67.6,11,0,622.81
2242,smb,partner,63.2,18,0,1007.04
2243,consumer,paid,51.5,13,0,605.57
2244,prosumer,organic,49.9,18,0,820.84
2245,consumer,organic,18.7,10,0,180.33
2246,consumer,organic,43.7,10,0,409.06
2247,smb,partner,39.3,8,0,469.58
2248,consumer,organic,76.3,13,0,912.68
2249,smb,paid,85.7,22,0,1771.56
2250,prosumer,partner,49.4,18,0,712.18
2251,smb,partner,33.9,12,0,341.43
2252,consumer,organic,72.2,28,0,1822.66
2253,consumer,partner,53.4,19,0,853.97
2254,prosumer,paid,24.3,9,0,302.34
2255,consumer,paid,40.0,14,0,447.81
2256,consumer,partner,38.4,8,0,325.11
2257,consumer,partner,45.1,16,0,677.96
2258,smb,partner,77.8,22,1,1643.43
2259,consumer,paid,65.2,19,1,1232.04
2260,consumer,organic,51.1,11,0,474.12
2261,consumer,partner,7.2,6,0,1.73
2262,consumer,partner,91.9,21,1,1842.33
2263,prosumer,partner,28.8,13,0,301.83
2264,smb,organic,29.9,10,0,285.41
2265,prosumer,organic,34.2,6,0,316.31
2266,consumer,partner,6.6,5,0,30.44
2267,consumer,paid,68.6,22,0,1367.79
2268,prosumer,partner,73.1,12,0,723.65
2269,consumer,paid,91.4,27,1,2288.42
2270,smb,partner,85.5,26,0,2038.81
2271,smb,paid,80.8,18,1,1280.82
2272,consumer,organic,70.0,20,0,1281.31
2273,smb,paid,19.0,5,0,194.68
2274,smb,paid,77.0,25,0,1802.81
2275,prosumer,paid,82.4,20,0,1459.8
2276,consumer,paid,41.9,10,0,371.48
2277,consumer,partner,35.2,18,0,598.63
2278,consumer,paid,88.4,20,0,1601.77
2279,consumer,paid,68.9,10,0,654.78
2280,consumer,partner,56.8,17,0,943.79
2281,consumer,paid,63.8,13,0,730.68
2282,consumer,paid,59.6,21,0,1087.78
2283,consumer,paid,63.0,20,0,1152.74
2284,prosumer,organic,43.9,18,0,846.9
2285,consumer,paid,21.6,12,0,172.5
2286,prosumer,paid,58.8,20,0,1111.48
2287,prosumer,organic,64.2,21,0,1328.33
2288,smb,paid,45.4,10,0,514.48
2289,prosumer,paid,35.0,16,0,563.9
2290,consumer,organic,43.9,6,0,316.27
2291,consumer,partner,62.6,15,0,924.06
2292,consumer,paid,55.2,11,0,568.57
2293,prosumer,partner,7.5,3,0,130.85
2294,consumer,organic,43.4,13,0,567.38
2295,smb,partner,46.6,18,0,763.62
2296,consumer,paid,60.2,21,0,1155.98
2297,consumer,paid,15.9,6,0,182.89
2298,consumer,organic,36.4,11,0,382.48
2299,consumer,paid,8.7,2,0,13.17
2300,smb,organic,59.1,17,0,769.78
2301,prosumer,organic,57.7,19,0,952.21
2302,consumer,paid,37.0,9,0,377.25
2303,smb,partner,53.3,6,0,310.36
2304,consumer,paid,30.9,11,0,374.88
2305,smb,partner,29.9,13,0,368.94
2306,consumer,paid,48.3,17,0,744.41
2307,smb,organic,63.4,15,0,872.47
2308,prosumer,organic,25.9,11,0,382.77
2309,smb,paid,16.3,3,0,32.96
2310,consumer,paid,62.8,15,0,955.34
2311,prosumer,paid,81.7,22,0,1701.55
2312,smb,organic,20.9,8,0,165.24
2313,prosumer,organic,57.7,14,0,703.23
2314,consumer,paid,80.7,21,0,1517.59
2315,consumer,organic,49.9,9,0,372.8
2316,smb,partner,72.1,21,0,1386.77
2317,consumer,organic,25.0,5,0,27.87
2318,smb,paid,57.5,18,0,911.53
2319,prosumer,paid,92.9,21,1,1775.4
2320,prosumer,paid,82.7,24,1,1861.61
2321,consumer,partner,40.8,6,0,306.88
2322,prosumer,paid,44.7,9,0,448.83
2323,consumer,organic,35.8,10,0,375.66
2324,consumer,partner,20.0,6,0,198.0
2325,smb,paid,33.5,7,0,261.53
2326,consumer,paid,40.9,10,0,482.27
2327,consumer,paid,49.5,15,0,747.95
2328,consumer,partner,17.5,9,0,211.3
2329,consumer,organic,63.3,19,0,1243.69
2330,prosumer,organic,65.4,15,0,986.39
2331,consumer,partner,37.7,8,0,276.16
2332,prosumer,organic,46.9,13,0,613.63
2333,smb,partner,31.5,9,0,261.65
2334,consumer,paid,55.1,15,0,859.55
2335,consumer,partner,80.9,11,0,842.49
2336,consumer,partner,60.9,16,0,859.84
2337,prosumer,partner,54.2,10,0,507.86
2338,consumer,paid,62.7,17,0,950.77
2339,smb,partner,36.9,14,0,435.34
2340,consumer,partner,65.7,22,0,1378.47
2341,consumer,organic,66.6,18,0,1005.85
2342,consumer,partner,15.3,11,0,95.36
2343,consumer,paid,27.5,14,0,388.93
2344,consumer,organic,27.4,7,0,108.76
2345,consumer,partner,57.1,12,0,618.09
2346,consumer,partner,72.6,19,0,1286.15
2347,consumer,organic,52.3,20,0,955.26
2348,consumer,organic,71.1,18,0,1161.12
2349,prosumer,organic,44.0,12,1,617.19
2350,prosumer,organic,48.7,18,0,847.8
2351,prosumer,partner,36.7,8,0,305.38
2352,smb,organic,44.7,15,1,724.84
2353,prosumer,organic,48.9,14,0,632.12
2354,consumer,organic,67.6,23,0,1400.16
2355,prosumer,organic,51.5,14,0,651.18
2356,consumer,partner,57.5,22,0,1105.87
2357,prosumer,organic,70.5,19,0,1218.99
2358,consumer,paid,50.9,13,0,700.05
2359,consumer,partner,37.9,9,0,302.27
2360,consumer,organic,32.1,13,0,373.77
2361,consumer,organic,4.5,3,0,0.0
2362,smb,organic,29.2,9,0,294.67
2363,smb,organic,7.3,11,0,73.96
2364,consumer,paid,39.5,14,0,549.06
2365,consumer,paid,39.5,7,0,221.08
2366,consumer,organic,27.2,10,0,265.62
2367,prosumer,paid,31.7,8,0,292.31
2368,consumer,organic,78.6,21,0,1536.16
2369,prosumer,partner,49.0,20,0,926.78
2370,consumer,organic,38.4,11,0,404.89
2371,smb,organic,29.5,13,0,430.68
2372,prosumer,paid,43.3,8,0,426.33
2373,prosumer,organic,36.5,6,0,182.9
2374,consumer,paid,66.2,17,0,1051.51
2375,consumer,partner,10.3,3,0,49.06
2376,consumer,partner,67.6,16,0,1025.54
2377,consumer,partner,7.2,4,0,85.53
2378,consumer,organic,42.0,7,0,355.99
2379,smb,paid,60.7,16,0,946.27
2380,consumer,organic,13.1,3,0,16.18
2381,consumer,organic,67.3,15,0,980.78
2382,smb,paid,59.0,15,0,830.7
2383,consumer,partner,78.6,20,0,1426.56
2384,consumer,paid,71.0,16,0,1093.31
2385,consumer,paid,66.5,14,0,936.64
2386,consumer,organic,41.7,13,0,455.51
2387,prosumer,partner,56.5,20,0,926.25
2388,prosumer,organic,22.8,10,0,190.48
2389,consumer,partner,7.9,7,0,0.39
2390,consumer,paid,55.9,16,0,851.88
2391,prosumer,partner,80.5,25,0,1948.8
2392,consumer,partner,30.3,8,0,229.12
2393,consumer,partner,51.3,12,0,608.52
2394,consumer,partner,32.6,10,0,335.9
2395,prosumer,paid,30.7,5,0,178.22
2396,smb,organic,31.7,10,0,324.95
2397,consumer,partner,61.2,15,0,942.03
2398,consumer,partner,57.6,19,0,996.55
2399,prosumer,partner,64.0,27,1,1612.28
2400,prosumer,partner,47.4,10,0,315.5
2401,consumer,partner,51.3,15,0,667.48
2402,prosumer,organic,27.3,9,0,211.42
2403,consumer,partner,12.8,7,0,124.0
2404,prosumer,partner,61.7,19,0,950.66
2405,consumer,paid,85.1,22,0,1678.3
2406,consumer,organic,67.9,23,0,1394.76
2407,consumer,organic,56.0,16,0,834.97
2408,smb,paid,42.0,19,1,814.81
2409,consumer,partner,33.8,6,0,152.92
2410,consumer,paid,85.2,26,1,2010.82
2411,consumer,partner,86.3,26,0,2050.71
2412,consumer,paid,80.9,23,0,1811.33
2413,consumer,organic,38.6,11,0,558.22
2414,consumer,paid,27.2,7,0,358.95
2415,consumer,organic,36.7,9,0,333.19
2416,consumer,paid,44.9,17,0,724.9
2417,consumer,partner,60.9,33,0,1686.01
2418,consumer,paid,36.9,17,0,545.33
2419,consumer,paid,35.5,11,0,396.84
2420,prosumer,paid,16.7,3,0,46.02
2421,consumer,organic,31.4,13,0,365.82
2422,consumer,partner,9.5,4,0,94.67
2423,prosumer,organic,81.5,14,0,1087.86
2424,consumer,paid,72.1,32,0,2048.18
2425,consumer,paid,73.3,21,0,1376.62
2426,consumer,paid,66.8,21,1,1376.97
2427,prosumer,paid,25.4,9,0,354.51
2428,smb,organic,52.3,20,0,944.34
2429,consumer,partner,20.6,6,0,72.04
2430,consumer,paid,85.2,28,0,2012.21
2431,consumer,partner,31.9,10,0,269.18
2432,consumer,partner,62.8,21,0,1119.4
2433,consumer,paid,12.7,1,0,53.6
2434,consumer,paid,44.5,12,0,475.59
2435,prosumer,paid,32.0,15,0,353.05
2436,consumer,organic,68.1,19,0,1179.08
2437,consumer,paid,64.0,15,0,995.56
2438,consumer,paid,51.4,22,0,1125.7
2439,prosumer,organic,14.9,5,0,110.45
2440,consumer,paid,79.4,23,0,1618.51
2441,consumer,partner,82.1,19,0,1430.13
2442,prosumer,partner,62.7,19,0,1077.65
2443,prosumer,partner,92.8,24,0,2066.65
2444,consumer,partner,53.9,27,0,1450.83
2445,consumer,partner,29.4,10,0,288.38
2446,consumer,paid,0.9,1,0,0.0
2447,consumer,partner,36.4,4,0,174.69
2448,consumer,partner,49.9,9,0,444.05
2449,smb,paid,78.8,19,1,1411.25
2450,consumer,partner,79.3,21,1,1544.14
2451,consumer,paid,59.0,16,0,859.59
2452,prosumer,paid,62.7,8,0,604.73
2453,prosumer,organic,31.1,7,0,203.41
2454,smb,partner,19.3,7,0,137.59
2455,consumer,paid,25.2,4,0,196.62
2456,smb,organic,61.8,10,0,573.94
2457,prosumer,paid,53.0,18,0,862.27
2458,prosumer,organic,16.2,6,0,87.09
2459,consumer,organic,44.0,14,0,742.5
2460,consumer,paid,15.3,10,0,199.5
2461,consumer,organic,85.9,20,1,1511.68
2462,consumer,organic,35.4,3,0,179.17
2463,consumer,partner,34.1,11,0,264.63
2464,smb,partner,45.6,18,0,824.26
2465,consumer,organic,60.6,18,0,1055.07
2466,consumer,partner,39.0,16,0,590.04
2467,consumer,paid,43.1,11,0,427.32
2468,consumer,organic,51.7,17,1,905.95
2469,smb,organic,55.8,12,0,524.42
2470,consumer,partner,25.9,10,0,196.0
2471,smb,partner,22.6,5,0,175.77
2472,consumer,partner,44.4,15,0,721.07
2473,prosumer,partner,30.5,12,0,405.24
2474,consumer,paid,25.2,10,0,249.07
2475,consumer,paid,10.1,1,0,102.31
2476,consumer,paid,54.4,15,0,822.9
2477,smb,organic,64.0,14,0,797.34
2478,consumer,paid,69.3,18,0,1207.27
2479,prosumer,organic,65.2,20,0,1158.95
2480,prosumer,paid,47.7,14,0,574.78
2481,consumer,organic,13.5,6,0,80.37
2482,prosumer,partner,61.8,13,1,798.7
2483,consumer,organic,77.1,18,1,1375.01
2484,consumer,paid,51.3,25,0,1170.99
2485,smb,partner,27.4,13,0,315.6
2486,consumer,organic,33.1,8,0,312.68
2487,consumer,paid,26.4,7,0,225.69
2488,prosumer,partner,22.7,7,0,177.71
2489,consumer,organic,88.1,26,0,2100.01
2490,prosumer,partner,7.3,3,0,37.87
2491,prosumer,paid,38.7,9,1,303.59
2492,smb,organic,18.2,5,0,77.07
2493,consumer,paid,61.5,16,0,1013.29
2494,consumer,partner,41.2,14,0,560.84
2495,smb,paid,24.4,6,0,4.02
2496,consumer,organic,19.6,11,0,207.1
2497,consumer,partner,44.4,18,0,712.04
2498,smb,organic,17.4,8,0,94.25
2499,consumer,paid,44.3,11,0,450.91
2500,consumer,partner,38.9,14,0,431.36
2501,prosumer,organic,72.8,22,1,1601.9
2502,prosumer,paid,40.7,11,0,453.22
2503,consumer,organic,62.1,24,0,1454.09
2504,prosumer,partner,31.7,7,0,184.71
2505,prosumer,organic,46.3,14,0,564.84
2506,consumer,organic,67.3,19,1,1115.58
2507,consumer,partner,46.6,16,1,708.14
2508,smb,paid,23.4,7,0,153.65
2509,consumer,organic,61.3,21,0,1152.51
2510,consumer,partner,57.2,14,0,732.53
2511,consumer,organic,68.9,15,0,924.65
2512,prosumer,partner,76.4,31,0,2166.22
2513,consumer,paid,50.1,11,0,572.0
2514,prosumer,paid,8.8,4,0,21.06
2515,consumer,paid,38.9,10,0,346.58
2516,smb,organic,67.5,17,0,1217.07
2517,prosumer,partner,62.7,16,0,845.17
2518,prosumer,organic,64.0,18,0,1028.39
2519,consumer,paid,59.9,16,0,778.91
2520,consumer,partner,77.2,15,0,1077.7
2521,smb,organic,27.5,6,0,116.02
2522,prosumer,paid,87.3,21,0,1751.68
2523,consumer,paid,39.9,9,0,462.31
2524,prosumer,organic,47.2,12,0,573.56
2525,prosumer,organic,44.3,11,0,590.45
2526,consumer,organic,55.4,27,0,1401.6
2527,consumer,organic,60.4,20,0,1124.22
2528,prosumer,organic,53.0,11,0,564.9
2529,consumer,partner,47.0,18,0,760.01
2530,consumer,paid,29.6,6,0,247.16
2531,consumer,organic,43.1,16,0,707.88
2532,consumer,paid,76.6,29,0,2089.67
2533,smb,paid,9.1,6,0,65.76
2534,consumer,paid,54.0,16,0,770.76
2535,consumer,partner,32.5,11,0,347.89
2536,consumer,organic,27.3,8,0,188.72
2537,smb,partner,43.5,12,0,572.25
2538,consumer,partner,77.6,18,0,1213.04
2539,consumer,organic,63.8,23,0,1360.86
2540,consumer,partner,48.0,16,0,767.78
2541,consumer,paid,58.1,15,0,800.78
2542,prosumer,paid,89.8,26,1,2288.03
2543,consumer,organic,26.4,11,0,251.9
2544,consumer,partner,72.3,19,0,1298.39
2545,smb,partner,33.0,11,0,352.74
2546,consumer,organic,57.9,20,0,1077.01
2547,smb,paid,16.6,10,0,184.78
2548,prosumer,paid,54.9,12,1,571.04
2549,consumer,partner,18.2,6,0,127.88
2550,consumer,paid,55.9,12,0,684.24
2551,consumer,organic,65.6,28,0,1696.23
2552,prosumer,partner,62.5,16,0,770.73
2553,prosumer,partner,42.4,18,0,721.2
2554,prosumer,paid,24.1,5,0,164.38
2555,consumer,partner,39.6,14,0,521.35
2556,prosumer,paid,57.6,16,1,905.55
2557,smb,partner,61.2,15,0,861.57
2558,consumer,paid,72.7,18,0,1165.82
2559,consumer,organic,23.9,8,0,353.29
2560,prosumer,paid,93.6,31,0,2620.47
2561,consumer,paid,64.7,27,0,1621.44
2562,consumer,organic,47.0,17,0,834.8
2563,consumer,paid,62.0,14,0,862.26
2564,consumer,paid,52.9,11,0,526.29
2565,smb,paid,42.6,19,0,804.62
2566,consumer,paid,62.6,16,0,1056.14
2567,consumer,organic,32.3,8,0,220.73
2568,consumer,paid,50.5,12,0,575.4
2569,smb,paid,46.0,16,0,659.24
2570,smb,paid,63.1,14,0,844.43
2571,smb,paid,42.9,11,0,382.6
2572,consumer,partner,12.6,4,0,177.0
2573,consumer,paid,50.6,15,1,681.53
2574,consumer,organic,55.5,14,0,649.99
2575,smb,partner,28.2,13,0,436.81
2576,consumer,partner,53.8,16,0,867.54
2577,smb,partner,49.0,9,0,495.43
2578,prosumer,partner,42.7,11,0,522.76
2579,consumer,organic,47.1,15,1,583.16
2580,consumer,paid,51.0,12,0,546.05
2581,consumer,partner,28.4,8,0,255.84
2582,consumer,organic,56.1,11,0,556.22
2583,consumer,partner,22.0,13,0,227.12
2584,consumer,organic,73.3,28,0,1922.81
2585,prosumer,paid,26.1,10,0,180.8
2586,prosumer,partner,16.5,4,0,0.0
2587,prosumer,partner,38.5,7,0,321.64
2588,consumer,organic,48.9,11,0,469.7
2589,consumer,partner,9.4,5,0,35.33
2590,prosumer,partner,37.9,12,0,364.35
2591,smb,paid,83.3,18,1,1449.06
2592,smb,partner,67.7,20,0,1133.57
2593,consumer,paid,78.8,23,0,1567.27
2594,smb,paid,35.2,13,0,397.11
2595,consumer,paid,46.0,15,0,692.26
2596,consumer,paid,84.7,21,0,1707.05
2597,consumer,partner,3.2,1,0,0.0
2598,prosumer,paid,6.7,7,0,3.12
2599,smb,organic,64.0,16,0,916.2
2600,consumer,organic,18.7,2,0,145.1
2601,consumer,partner,80.3,24,0,1740.34
2602,consumer,organic,30.5,16,0,414.4
2603,consumer,partner,51.3,16,0,821.07
2604,consumer,organic,33.5,10,0,374.38
2605,smb,partner,57.0,25,1,1374.49
2606,prosumer,paid,76.5,14,0,998.91
2607,consumer,paid,89.0,21,0,1665.18
2608,prosumer,paid,16.1,7,0,64.98
2609,consumer,organic,64.0,16,0,875.86
2610,consumer,partner,55.3,18,0,965.44
2611,prosumer,paid,89.7,25,0,2045.52
2612,prosumer,paid,66.1,14,0,846.48
2613,smb,partner,78.5,12,0,883.03
2614,consumer,paid,90.9,22,0,1755.99
2615,consumer,organic,23.8,12,0,156.94
2616,consumer,paid,57.7,20,0,1082.87
2617,prosumer,partner,24.8,9,0,301.94
2618,prosumer,paid,75.2,18,0,1240.73
2619,consumer,partner,71.4,11,0,819.8
2620,consumer,organic,60.9,22,0,1221.04
2621,consumer,organic,13.6,7,0,122.44
2622,prosumer,paid,74.8,15,0,1080.84
2623,consumer,paid,41.1,9,0,391.55
2624,smb,partner,60.8,19,0,1076.53
2625,prosumer,partner,50.1,10,0,474.57
2626,smb,paid,86.7,24,0,1918.06
2627,prosumer,organic,45.5,12,0,616.22
2628,consumer,paid,44.1,10,0,483.4
2629,consumer,partner,89.8,25,0,2023.65
2630,consumer,partner,77.1,24,0,1816.21
2631,consumer,paid,44.4,10,0,411.71
2632,consumer,paid,17.9,5,0,19.76
2633,smb,paid,49.0,11,0,398.02
2634,consumer,organic,48.4,17,0,786.23
2635,prosumer,paid,46.4,9,1,366.82
2636,consumer,partner,18.6,5,0,131.18
2637,consumer,organic,75.6,20,0,1318.97
2638,prosumer,organic,64.3,18,0,1080.68
2639,consumer,paid,51.5,21,0,924.7
2640,consumer,partner,64.4,18,0,1169.58
2641,consumer,paid,54.8,18,0,886.96
2642,prosumer,paid,30.1,10,0,271.66
2643,prosumer,organic,45.5,10,0,448.84
2644,consumer,organic,22.9,4,0,138.88
2645,consumer,paid,59.4,13,0,618.68
2646,consumer,partner,10.0,1,0,13.05
2647,smb,paid,10.9,5,0,14.0
2648,prosumer,paid,88.8,23,0,1857.02
2649,consumer,partner,42.2,17,0,648.54
2650,consumer,organic,82.2,35,0,2692.19
2651,smb,organic,46.8,7,0,219.89
2652,consumer,organic,64.0,16,0,995.7
2653,prosumer,partner,51.2,14,0,662.74
2654,prosumer,partner,62.4,16,0,851.92
2655,consumer,organic,42.4,22,0,893.09
2656,consumer,paid,9.3,6,0,25.43
2657,smb,paid,47.7,14,1,825.66
2658,consumer,partner,24.7,8,0,177.31
2659,consumer,paid,15.0,9,0,134.65
2660,consumer,partner,46.0,14,0,645.2
2661,consumer,organic,42.9,9,0,424.11
2662,consumer,partner,48.0,20,0,930.01
2663,prosumer,paid,36.8,6,0,171.56
2664,consumer,partner,73.1,22,0,1470.23
2665,smb,paid,43.7,17,0,742.89
2666,consumer,organic,39.7,12,0,489.43
2667,smb,partner,64.0,15,0,831.96
2668,prosumer,partner,75.1,21,0,1434.81
2669,prosumer,partner,43.8,8,0,274.2
2670,consumer,paid,52.3,15,0,761.22
2671,smb,organic,24.1,8,0,160.97
2672,smb,organic,30.4,7,1,227.14
2673,consumer,paid,5.5,4,0,61.37
2674,consumer,organic,29.4,5,0,251.97
2675,consumer,partner,38.6,12,0,544.95
2676,prosumer,organic,78.0,16,1,1141.64
2677,prosumer,partner,27.6,8,0,242.75
2678,consumer,paid,41.9,14,0,537.47
2679,prosumer,organic,20.1,8,0,271.88
2680,consumer,partner,41.8,17,0,785.54
2681,consumer,organic,44.1,11,0,444.92
2682,consumer,partner,64.0,20,0,1209.93
2683,consumer,organic,41.9,14,0,639.65
2684,smb,partner,29.1,16,0,586.71
2685,smb,paid,65.6,17,0,989.99
2686,prosumer,organic,40.7,12,0,492.12
2687,prosumer,paid,62.8,12,1,795.06
2688,consumer,paid,87.7,17,0,1318.82
2689,smb,paid,39.9,7,0,218.15
2690,consumer,paid,48.7,14,0,670.27
2691,smb,organic,60.4,14,0,828.77
2692,prosumer,organic,62.8,15,0,934.56
2693,prosumer,paid,64.1,16,0,900.29
2694,consumer,partner,24.5,14,0,353.58
2695,prosumer,partner,73.3,21,0,1390.69
2696,consumer,paid,48.9,17,1,850.35
2697,consumer,partner,11.5,2,0,32.24
2698,consumer,paid,59.1,16,0,880.67
2699,consumer,organic,58.0,19,0,1116.31
2700,consumer,partner,92.3,25,0,2229.36
2701,consumer,paid,34.4,10,0,302.76
2702,consumer,partner,23.7,9,0,358.5
2703,prosumer,partner,48.3,10,0,513.84
2704,consumer,organic,76.7,31,0,2148.31
2705,consumer,partner,62.5,11,0,648.41
2706,consumer,partner,41.7,11,0,446.25
2707,consumer,partner,39.0,10,0,355.34
2708,smb,organic,53.8,14,0,725.83
2709,consumer,paid,4.3,2,0,13.43
2710,consumer,paid,39.5,15,0,570.9
2711,consumer,paid,47.1,14,0,630.75
2712,prosumer,organic,62.8,21,0,1173.05
2713,consumer,partner,38.3,11,0,474.07
2714,prosumer,paid,66.9,14,0,800.09
2715,consumer,paid,52.8,15,0,740.6
2716,consumer,paid,62.5,17,0,966.57
2717,consumer,paid,28.2,5,0,234.66
2718,consumer,organic,79.9,27,0,1948.58
2719,prosumer,organic,76.5,15,0,1145.49
2720,smb,paid,58.4,11,0,605.91
2721,consumer,paid,43.7,14,0,527.27
2722,consumer,partner,28.3,3,0,26.69
2723,consumer,partner,65.4,23,0,1401.0
2724,prosumer,partner,45.1,14,0,562.49
2725,smb,organic,50.7,12,0,573.48
2726,prosumer,organic,49.6,18,0,828.78
2727,consumer,paid,36.7,13,0,437.4
2728,smb,organic,52.0,10,0,467.65
2729,smb,organic,14.1,4,0,48.31
2730,consumer,paid,48.6,6,0,315.0
2731,consumer,partner,79.6,22,0,1599.1
2732,consumer,paid,60.1,20,0,1128.72
2733,consumer,paid,30.6,8,0,295.94
2734,consumer,partner,59.7,24,0,1273.8
2735,smb,partner,38.5,16,0,483.47
2736,consumer,organic,29.7,13,0,485.15
2737,consumer,paid,65.4,12,0,755.94
2738,consumer,organic,45.9,16,0,662.07
2739,consumer,organic,50.4,15,0,660.32
2740,prosumer,paid,46.4,14,0,556.58
2741,consumer,paid,56.8,11,0,445.34
2742,smb,paid,73.5,25,1,1730.73
2743,consumer,paid,18.6,5,0,148.66
2744,smb,organic,33.5,11,0,413.67
2745,prosumer,partner,67.6,16,0,1042.96
2746,prosumer,partner,58.4,10,0,525.76
2747,consumer,paid,25.5,6,0,215.76
2748,consumer,organic,63.6,11,0,677.77
2749,prosumer,partner,28.6,10,0,280.5
2750,consumer,partner,68.5,17,0,1095.2
2751,smb,paid,24.3,11,0,219.94
2752,consumer,organic,65.3,10,0,672.3
2753,prosumer,partner,14.5,9,0,143.12
2754,consumer,partner,55.7,18,0,910.08
2755,consumer,partner,67.5,16,0,989.8
2756,consumer,partner,52.9,12,0,633.35
2757,prosumer,paid,76.0,25,0,1751.21
2758,prosumer,partner,19.7,11,0,174.67
2759,consumer,organic,61.9,24,0,1304.99
2760,consumer,organic,84.6,20,0,1474.62
2761,consumer,partner,74.3,17,0,1147.26
2762,consumer,organic,42.6,9,0,357.11
2763,consumer,paid,75.1,18,0,1238.16
2764,prosumer,paid,21.2,9,0,160.73
2765,consumer,paid,66.9,28,0,1597.66
2766,consumer,paid,40.8,9,0,407.27
2767,consumer,partner,66.9,16,0,995.07
2768,prosumer,paid,59.9,11,0,506.66
2769,consumer,partner,43.3,15,0,588.38
2770,prosumer,paid,43.6,23,0,895.48
2771,prosumer,organic,62.7,23,0,1376.51
2772,prosumer,organic,83.0,24,1,1901.41
2773,smb,organic,79.4,22,0,1586.39
2774,consumer,partner,61.5,22,0,1240.35
2775,consumer,organic,49.5,14,0,800.9
2776,consumer,partner,27.2,6,0,131.86
2777,consumer,organic,29.9,10,0,304.97
2778,consumer,paid,67.8,17,0,1078.59
2779,consumer,organic,24.6,6,0,156.45
2780,smb,partner,91.6,21,0,1754.66
2781,prosumer,partner,51.6,12,0,493.09
2782,consumer,organic,71.9,18,1,1223.75
2783,consumer,paid,57.7,18,0,1006.24
2784,prosumer,paid,68.5,16,0,1040.8
2785,consumer,partner,83.2,21,1,1592.02
2786,prosumer,organic,61.6,12,0,693.64
2787,prosumer,organic,47.5,13,0,598.75
2788,consumer,paid,68.1,23,0,1382.53
2789,consumer,organic,22.5,6,0,56.85
2790,consumer,organic,41.8,11,0,376.82
2791,consumer,paid,34.1,11,0,287.71
2792,prosumer,paid,62.5,18,0,1060.03
2793,prosumer,partner,23.6,5,0,157.12
2794,consumer,partner,15.9,6,1,202.03
2795,consumer,organic,39.7,16,0,648.34
2796,consumer,paid,81.9,35,0,2589.91
2797,smb,organic,48.7,22,0,908.95
2798,prosumer,organic,70.2,25,0,1602.1
2799,consumer,organic,73.8,13,0,888.14
2800,consumer,paid,48.2,15,0,736.39
2801,prosumer,paid,14.8,7,1,98.6
2802,consumer,partner,31.6,10,0,347.55
2803,prosumer,paid,57.5,22,0,1265.27
2804,consumer,partner,10.8,3,0,83.01
2805,consumer,partner,44.1,10,0,514.9
2806,smb,paid,22.9,7,0,242.85
2807,prosumer,partner,31.3,13,0,375.25
2808,smb,organic,58.3,20,0,1061.13
2809,consumer,paid,48.3,16,0,581.47
2810,consumer,paid,45.5,19,0,804.41
2811,consumer,partner,72.1,21,0,1406.85
2812,smb,paid,53.5,19,0,835.84
2813,consumer,paid,34.7,13,0,482.14
2814,consumer,paid,38.5,12,0,368.68
2815,consumer,organic,54.7,18,0,991.06
2816,consumer,organic,62.4,10,0,710.35
2817,consumer,organic,24.1,15,0,346.45
2818,consumer,paid,57.5,17,0,811.47
2819,consumer,paid,30.1,12,0,315.46
2820,consumer,partner,59.2,20,0,1028.47
2821,consumer,organic,83.4,33,0,2498.66
2822,consumer,paid,50.4,16,1,791.24
2823,smb,organic,68.2,23,1,1489.14
2824,consumer,paid,71.3,15,0,1008.46
2825,prosumer,paid,58.6,15,0,868.35
2826,prosumer,partner,29.4,11,0,236.0
2827,consumer,partner,59.3,13,0,780.64
2828,prosumer,organic,66.6,12,0,810.0
2829,consumer,partner,41.4,15,0,585.05
2830,consumer,organic,68.5,22,1,1413.68
2831,prosumer,partner,61.5,8,0,428.79
2832,consumer,paid,71.9,16,0,1080.59
2833,consumer,paid,67.1,13,0,823.06
2834,prosumer,paid,4.1,3,0,16.52
2835,consumer,paid,59.3,17,0,978.59
2836,consumer,partner,65.5,19,0,1190.57
2837,consumer,organic,70.0,20,0,1274.21
2838,prosumer,organic,56.9,21,0,1122.94
2839,prosumer,organic,10.5,6,0,147.67
2840,consumer,paid,50.8,9,0,385.56
2841,smb,partner,58.3,20,0,1096.85
2842,consumer,partner,40.9,9,0,300.82
2843,smb,organic,62.5,23,0,1400.76
2844,consumer,paid,24.9,5,0,206.37
2845,consumer,organic,26.4,8,0,265.69
2846,consumer,partner,19.4,6,0,207.07
2847,prosumer,partner,42.1,8,0,310.86
2848,consumer,organic,54.3,15,0,719.95
2849,smb,organic,39.5,11,1,369.38
2850,consumer,organic,33.1,12,0,365.27
2851,consumer,organic,40.4,15,0,593.24
2852,consumer,paid,83.2,22,0,1651.04
2853,consumer,organic,52.7,13,0,654.7
2854,prosumer,partner,16.9,3,0,121.13
2855,prosumer,paid,33.3,8,0,223.01
2856,consumer,paid,34.0,13,0,367.93
2857,prosumer,partner,83.1,18,1,1413.15
2858,consumer,paid,42.3,11,0,446.24
2859,consumer,partner,23.4,8,0,280.69
2860,smb,partner,53.5,15,0,794.39
2861,prosumer,partner,43.5,14,1,610.39
2862,prosumer,paid,16.8,5,0,107.74
2863,consumer,organic,74.7,21,0,1462.31
2864,consumer,paid,54.9,16,0,792.46
2865,consumer,paid,31.4,14,0,473.78
2866,consumer,paid,29.0,9,1,253.73
2867,consumer,organic,45.7,17,0,746.26
2868,consumer,organic,40.3,8,0,317.33
2869,prosumer,paid,48.7,19,0,883.05
2870,consumer,organic,21.8,5,0,163.28
2871,consumer,paid,20.1,3,0,188.9
2872,consumer,partner,56.4,17,0,956.55
2873,prosumer,paid,52.1,18,0,860.81
2874,consumer,paid,77.1,20,0,1466.39
2875,consumer,partner,66.7,20,0,1270.14
2876,consumer,paid,26.9,6,0,89.98
2877,prosumer,partner,17.5,4,0,79.63
2878,smb,organic,34.6,14,0,469.77
2879,consumer,organic,67.0,26,0,1690.52
2880,consumer,partner,23.2,12,0,168.92
2881,prosumer,organic,83.5,19,0,1415.42
2882,smb,organic,37.6,13,0,586.92
2883,prosumer,paid,59.3,16,0,975.1
2884,prosumer,partner,56.0,15,0,780.9
2885,consumer,partner,58.3,14,0,733.23
2886,consumer,partner,76.5,24,0,1711.44
2887,prosumer,partner,31.0,9,0,267.22
2888,prosumer,paid,38.7,10,0,411.72
2889,consumer,organic,52.7,13,0,518.47
2890,prosumer,paid,31.5,12,0,325.42
2891,consumer,partner,47.5,6,0,236.47
2892,prosumer,partner,61.5,23,0,1344.37
2893,prosumer,organic,82.8,26,0,1959.62
2894,consumer,organic,39.3,11,0,419.81
2895,consumer,organic,6.7,2,0,0.0
2896,consumer,organic,85.1,30,0,2378.96
2897,prosumer,partner,48.8,15,0,579.81
2898,consumer,paid,43.2,13,0,526.21
2899,smb,organic,7.8,7,0,35.44
2900,prosumer,paid,30.5,14,0,360.7
2901,prosumer,organic,32.7,8,0,237.87
2902,prosumer,paid,72.4,26,0,1717.81
2903,prosumer,organic,67.6,20,0,1170.99
2904,prosumer,organic,59.7,12,0,726.19
2905,smb,paid,22.6,8,0,224.79
2906,smb,paid,35.4,12,0,481.31
2907,prosumer,paid,80.9,31,0,2368.75
2908,consumer,paid,44.3,12,0,529.06
2909,consumer,partner,29.7,8,0,272.13
2910,prosumer,organic,12.3,6,0,78.21
2911,consumer,paid,91.4,27,0,2224.3
2912,smb,paid,11.7,5,0,134.05
2913,consumer,paid,66.9,11,0,644.82
2914,consumer,partner,45.7,12,0,563.91
2915,smb,paid,16.9,5,0,74.92
2916,prosumer,organic,17.9,15,0,317.42
2917,consumer,paid,87.9,17,0,1400.33
2918,prosumer,paid,36.5,12,0,380.23
2919,consumer,paid,28.7,6,0,232.77
2920,consumer,organic,38.0,13,0,356.6
2921,consumer,paid,22.0,7,0,261.29
2922,consumer,partner,33.0,9,0,316.99
2923,consumer,organic,72.3,22,0,1468.85
2924,consumer,paid,44.6,11,0,436.41
2925,prosumer,partner,27.2,14,0,393.57
2926,prosumer,partner,48.9,15,0,693.7
2927,smb,organic,23.0,15,0,422.52
2928,smb,paid,53.9,12,0,556.9
2929,prosumer,organic,52.6,17,0,776.24
2930,consumer,organic,21.8,11,0,270.79
2931,consumer,paid,74.4,13,0,851.39
2932,consumer,organic,10.4,4,0,118.85
2933,consumer,paid,30.3,10,0,296.33
2934,smb,paid,63.7,27,0,1634.67
2935,consumer,organic,65.7,20,1,1195.52
2936,prosumer,partner,25.5,7,0,126.69
2937,consumer,partner,71.8,17,0,1109.36
2938,prosumer,paid,45.3,19,1,706.68
2939,consumer,paid,36.1,8,1,327.4
2940,consumer,organic,34.4,10,0,330.17
2941,smb,partner,90.0,23,1,1964.63
2942,consumer,organic,23.5,11,0,319.69
2943,smb,organic,64.1,17,1,994.74
2944,prosumer,organic,12.9,5,0,50.08
2945,consumer,partner,34.1,8,0,323.73
2946,consumer,paid,31.0,8,0,311.21
2947,prosumer,organic,28.1,11,0,361.09
2948,consumer,organic,63.0,14,0,792.41
2949,smb,paid,84.1,26,1,2079.66
2950,consumer,paid,38.7,10,0,283.32
2951,prosumer,organic,30.8,7,0,326.12
2952,consumer,organic,38.4,16,0,551.11
2953,prosumer,organic,29.4,9,0,304.88
2954,consumer,organic,74.3,22,0,1505.83
2955,smb,organic,61.5,22,0,1285.52
2956,consumer,partner,71.1,18,0,1254.97
2957,prosumer,partner,24.0,6,0,139.46
2958,prosumer,paid,67.7,9,0,504.93
2959,consumer,paid,77.4,24,0,1692.56
2960,consumer,partner,53.4,11,0,423.74
2961,smb,organic,30.1,9,0,260.69
2962,consumer,partner,45.3,20,0,854.19
2963,consumer,partner,23.2,7,0,104.13
2964,consumer,partner,57.9,20,0,1022.41
2965,consumer,organic,87.5,17,0,1356.23
2966,consumer,organic,44.4,9,0,285.77
2967,smb,organic,59.2,17,0,924.0
2968,prosumer,partner,31.4,5,0,204.18
2969,consumer,organic,39.2,9,0,365.72
2970,consumer,paid,36.0,12,0,330.41
2971,consumer,organic,9.7,3,0,64.19
2972,consumer,paid,72.1,21,0,1461.49
2973,consumer,paid,68.7,20,0,1282.51
2974,consumer,organic,92.0,17,0,1395.28
2975,consumer,paid,26.5,5,0,198.14
2976,smb,partner,15.4,5,0,102.12
2977,prosumer,organic,46.0,19,0,847.89
2978,consumer,paid,16.6,4,0,140.55
2979,consumer,partner,45.1,17,0,755.63
2980,consumer,organic,28.7,11,0,310.27
2981,prosumer,partner,63.1,19,0,1044.91
2982,prosumer,organic,51.7,20,0,955.25
2983,consumer,paid,49.0,16,0,658.84
2984,smb,partner,68.2,17,0,989.12
2985,consumer,partner,34.9,8,0,387.62
2986,consumer,organic,56.9,19,1,1034.97
2987,smb,paid,20.7,5,0,85.54
2988,smb,paid,76.1,17,0,1223.18
2989,consumer,organic,90.7,28,1,2380.63
2990,consumer,partner,50.9,14,0,738.75
2991,prosumer,partner,7.9,7,0,7.09
2992,consumer,organic,60.4,16,0,907.48
2993,prosumer,organic,82.3,19,1,1434.83
2994,smb,organic,33.8,13,0,403.2
2995,smb,paid,63.0,13,0,773.62
2996,prosumer,paid,28.7,8,0,246.82
2997,prosumer,organic,50.0,8,0,428.8
2998,prosumer,paid,66.2,18,0,1151.6
2999,consumer,organic,47.9,12,0,500.65
3000,consumer,paid,62.1,17,0,1043.48
3001,consumer,paid,40.7,12,0,475.86
3002,consumer,organic,47.1,11,0,441.18
3003,smb,organic,52.6,14,0,806.15
3004,prosumer,organic,2.3,3,0,34.94
3005,consumer,partner,71.0,23,0,1477.27
3006,consumer,paid,79.7,22,0,1616.57
3007,prosumer,organic,55.7,20,0,1019.59
3008,consumer,organic,86.1,25,1,1922.42
3009,consumer,partner,85.8,29,1,2277.44
3010,consumer,paid,83.2,24,1,1823.2
3011,consumer,organic,54.1,16,0,823.78
3012,prosumer,partner,24.6,8,0,140.1
3013,consumer,organic,50.7,13,0,633.43
3014,consumer,organic,29.6,10,0,199.45
3015,prosumer,organic,48.5,14,0,693.84
3016,consumer,organic,70.2,17,1,1157.16
3017,consumer,partner,33.3,11,0,484.68
3018,smb,paid,43.3,13,0,443.12
3019,consumer,organic,28.4,8,0,244.09
3020,consumer,paid,54.1,12,1,605.05
3021,consumer,organic,38.7,8,0,319.85
3022,consumer,partner,77.9,23,0,1690.98
3023,consumer,organic,34.7,13,0,409.41
3024,smb,paid,61.3,15,0,998.09
3025,consumer,paid,50.1,18,1,895.31
3026,prosumer,organic,30.0,16,0,475.62
3027,consumer,paid,34.4,6,0,196.92
3028,consumer,paid,83.9,25,1,1997.79
3029,consumer,partner,49.4,13,0,710.15
3030,consumer,partner,78.1,24,0,1705.25
3031,consumer,partner,45.8,12,0,481.79
3032,smb,paid,93.0,25,1,2030.31
3033,consumer,organic,98.3,27,1,2383.9
3034,consumer,organic,65.0,24,1,1510.08
3035,prosumer,paid,36.1,6,0,150.62
3036,consumer,organic,58.8,16,0,906.48
3037,smb,paid,19.5,9,0,138.09
3038,smb,paid,57.6,20,0,1114.73
3039,consumer,organic,24.3,4,0,127.85
3040,smb,organic,59.7,15,1,832.51
3041,consumer,partner,69.8,20,0,1320.03
3042,prosumer,organic,10.2,8,0,139.11
3043,prosumer,paid,43.1,13,0,503.21
3044,prosumer,organic,33.2,14,0,428.62
3045,prosumer,partner,24.3,11,0,280.11
3046,consumer,organic,30.4,11,0,360.57
3047,prosumer,partner,6.5,2,0,0.0
3048,consumer,partner,48.3,13,1,619.87
3049,consumer,organic,74.6,19,1,1402.52
3050,consumer,paid,64.2,20,0,1227.03
3051,consumer,partner,64.3,24,0,1421.19
3052,consumer,partner,65.3,26,0,1454.46
3053,consumer,paid,82.2,20,0,1482.85
3054,smb,paid,66.7,27,1,1652.87
3055,smb,paid,26.0,10,0,328.29
3056,consumer,organic,56.7,13,0,665.07
3057,consumer,organic,20.7,7,0,134.16
3058,smb,partner,47.0,16,0,720.46
3059,consumer,paid,21.4,14,0,348.31
3060,consumer,partner,81.7,19,0,1580.83
3061,consumer,partner,60.3,15,0,739.5
3062,consumer,organic,50.2,12,0,648.61
3063,consumer,paid,75.9,19,0,1357.58
3064,prosumer,paid,93.9,23,1,2115.77
3065,consumer,partner,54.7,23,1,1197.87
3066,consumer,partner,74.9,18,0,1252.83
3067,prosumer,partner,66.2,18,0,1179.41
3068,prosumer,paid,55.7,23,0,1169.5
3069,smb,paid,76.9,36,0,2585.82
3070,consumer,paid,59.0,6,0,272.63
3071,consumer,organic,79.5,25,0,1875.39
3072,consumer,organic,41.8,12,0,489.9
3073,prosumer,partner,40.6,22,0,920.51
3074,smb,paid,78.2,28,1,1982.94
3075,consumer,paid,9.6,5,0,172.07
3076,consumer,paid,24.3,4,0,38.0
3077,consumer,organic,89.2,27,0,2069.12
3078,prosumer,partner,53.5,19,0,942.7
3079,consumer,partner,68.2,24,0,1500.94
3080,consumer,organic,45.1,10,0,471.18
3081,prosumer,partner,65.4,23,0,1329.36
3082,prosumer,partner,80.9,20,0,1474.84
3083,prosumer,partner,51.9,10,0,491.55
3084,smb,partner,76.6,15,0,1116.69
3085,consumer,partner,34.1,13,0,437.71
3086,prosumer,partner,87.4,28,1,2360.17
3087,consumer,paid,61.7,21,0,1099.77
3088,prosumer,partner,27.2,4,0,205.12
3089,consumer,paid,14.4,4,0,0.0
3090,prosumer,partner,30.2,10,0,327.78
3091,consumer,partner,78.3,22,0,1552.95
3092,consumer,paid,49.1,14,0,689.85
3093,consumer,paid,71.0,17,0,1165.31
3094,consumer,partner,39.9,15,0,658.53
3095,prosumer,organic,14.7,6,0,111.53
3096,consumer,organic,60.1,16,0,982.02
3097,consumer,partner,49.7,14,0,694.26
3098,prosumer,paid,70.5,23,0,1493.55
3099,consumer,paid,46.9,13,0,586.13
3100,prosumer,organic,62.5,22,0,1275.61
3101,consumer,paid,37.9,11,0,371.8
3102,prosumer,paid,35.7,8,0,242.35
3103,prosumer,paid,45.9,7,0,312.44
3104,smb,partner,19.5,9,0,206.23
3105,consumer,paid,19.9,4,0,58.73
3106,smb,organic,87.1,23,0,1814.19
3107,consumer,organic,61.0,15,0,796.39
3108,prosumer,organic,61.9,17,0,980.92
3109,consumer,paid,58.7,12,0,681.7
3110,consumer,organic,66.6,13,0,866.8
3111,prosumer,partner,57.7,27,0,1414.5
3112,consumer,paid,15.8,7,0,89.23
3113,consumer,partner,30.4,14,0,503.42
3114,consumer,paid,37.4,16,0,458.02
3115,prosumer,paid,47.9,14,0,664.91
3116,prosumer,organic,31.5,11,0,445.52
3117,consumer,partner,31.7,12,0,525.12
3118,prosumer,paid,68.4,25,0,1597.39
3119,consumer,organic,81.6,25,1,1981.94
3120,consumer,organic,74.9,19,0,1337.09
3121,smb,partner,29.4,9,0,366.52
3122,consumer,paid,57.2,22,0,1144.15
3123,consumer,organic,63.1,16,0,868.99
3124,prosumer,organic,73.6,21,0,1480.72
3125,consumer,partner,73.1,19,1,1364.35
3126,consumer,partner,44.6,15,0,561.15
3127,consumer,partner,46.2,10,0,403.14
3128,prosumer,organic,71.1,22,0,1354.81
3129,prosumer,organic,37.9,8,0,332.25
3130,consumer,organic,71.5,20,1,1315.88
3131,consumer,partner,19.8,9,0,127.17
3132,consumer,paid,32.1,14,0,438.66
3133,consumer,organic,62.8,16,0,981.55
3134,consumer,partner,31.5,11,0,416.46
3135,consumer,partner,31.7,9,0,263.38
3136,prosumer,partner,52.4,16,1,887.7
3137,consumer,organic,63.7,12,0,744.27
3138,consumer,organic,42.3,14,0,566.41
3139,consumer,partner,75.4,24,0,1668.48
3140,prosumer,organic,40.5,11,0,396.77
3141,consumer,organic,35.1,10,0,323.78
3142,consumer,paid,36.1,14,0,371.01
3143,smb,organic,43.3,15,0,616.05
3144,consumer,partner,34.2,10,0,391.77
3145,prosumer,partner,77.3,19,0,1249.77
3146,consumer,organic,48.0,21,0,855.43
3147,consumer,paid,60.7,20,0,1110.83
3148,consumer,organic,72.2,21,1,1375.72
3149,prosumer,partner,17.5,6,0,190.26
3150,prosumer,partner,30.0,12,0,381.16
3151,consumer,partner,13.5,5,0,100.64
3152,prosumer,partner,46.1,8,0,383.96
3153,prosumer,organic,39.4,13,0,505.87
3154,consumer,partner,84.7,21,0,1718.09
3155,consumer,organic,37.6,15,0,569.92
3156,consumer,organic,25.4,6,0,220.73
3157,consumer,organic,39.0,7,0,176.97
3158,consumer,partner,62.1,18,0,1088.67
3159,consumer,paid,55.9,15,0,748.57
3160,smb,organic,34.9,13,1,433.52
3161,consumer,organic,28.2,15,0,343.75
3162,consumer,paid,38.9,11,0,418.03
3163,consumer,paid,74.9,27,0,1708.62
3164,smb,partner,43.4,10,0,351.47
3165,smb,organic,43.8,14,0,573.71
3166,consumer,organic,37.2,10,0,357.62
3167,prosumer,organic,84.2,20,0,1593.77
3168,consumer,paid,42.2,8,0,391.87
3169,consumer,paid,27.4,7,0,173.63
3170,smb,partner,42.0,15,0,544.73
3171,prosumer,partner,18.2,5,0,285.85
3172,consumer,organic,24.1,4,0,80.89
3173,prosumer,paid,23.6,4,0,79.35
3174,smb,partner,54.6,16,0,842.88
3175,consumer,partner,43.6,9,0,370.53
3176,consumer,paid,60.9,18,0,1046.7
3177,prosumer,organic,46.8,15,0,740.79
3178,consumer,paid,18.4,5,0,131.1
3179,consumer,organic,74.1,19,0,1302.36
3180,consumer,paid,87.9,27,0,2035.27
3181,consumer,paid,40.5,12,0,573.52
3182,consumer,organic,33.2,11,0,309.41
3183,consumer,partner,56.1,12,0,573.96
3184,smb,partner,54.6,17,0,902.71
3185,prosumer,paid,73.8,21,0,1330.61
3186,consumer,paid,28.9,16,0,359.49
3187,consumer,partner,9.8,5,0,59.17
3188,prosumer,paid,89.1,25,0,2089.13
3189,prosumer,paid,43.2,12,0,465.74
3190,smb,organic,38.9,12,0,506.4
3191,prosumer,organic,76.2,17,0,1124.42
3192,consumer,partner,36.5,6,0,157.92
3193,consumer,paid,23.2,6,0,163.8
3194,consumer,paid,20.9,7,0,132.29
3195,consumer,partner,38.2,11,0,387.59
3196,smb,organic,51.8,12,0,603.53
3197,consumer,organic,66.7,19,0,1148.84
3198,smb,organic,63.6,20,0,1095.67
3199,consumer,partner,61.0,15,0,827.1
3200,prosumer,partner,74.9,17,1,1138.47
3201,smb,organic,30.2,12,0,395.35
3202,prosumer,paid,5.3,5,0,34.41
3203,consumer,paid,57.3,19,1,1054.56
3204,consumer,organic,22.3,9,0,198.44
3205,smb,organic,73.9,16,1,1112.22
3206,consumer,organic,18.9,6,0,122.52
3207,consumer,paid,53.7,14,0,800.67
3208,consumer,organic,8.2,5,0,4.96
3209,consumer,organic,51.9,20,1,1036.49
3210,consumer,organic,74.3,19,0,1377.55
3211,consumer,partner,13.2,5,0,89.13
3212,prosumer,organic,41.2,10,0,455.58
3213,smb,organic,47.0,13,0,610.59
3214,consumer,partner,45.8,9,0,326.93
3215,consumer,paid,69.8,13,0,876.83
3216,consumer,partner,63.5,22,0,1293.08
3217,prosumer,partner,33.0,15,0,510.67
3218,prosumer,paid,56.2,18,1,1011.89
3219,consumer,organic,20.0,8,0,70.02
3220,consumer,paid,25.5,10,0,195.44
3221,prosumer,partner,60.5,20,0,1107.09
3222,consumer,paid,42.1,10,0,381.89
3223,consumer,organic,44.9,13,0,467.03
3224,consumer,organic,36.7,9,0,272.25
3225,smb,paid,50.2,19,0,869.08
3226,prosumer,paid,56.7,15,0,829.09
3227,consumer,organic,23.6,11,0,292.07
3228,prosumer,organic,85.6,36,0,2821.67
3229,consumer,partner,61.0,14,0,710.17
3230,smb,organic,89.4,25,0,2125.45
3231,prosumer,partner,61.2,19,0,1016.83
3232,consumer,paid,16.2,7,0,158.79
3233,consumer,partner,47.3,16,1,733.72
3234,consumer,paid,49.1,16,0,775.95
3235,prosumer,partner,27.6,8,0,270.0
3236,smb,partner,39.3,16,0,664.96
3237,smb,organic,80.9,24,0,1767.94
3238,prosumer,partner,28.5,11,0,379.46
3239,consumer,partner,35.9,13,0,481.7
3240,prosumer,organic,26.2,8,0,307.5
3241,consumer,organic,58.7,17,0,981.65
3242,consumer,organic,33.8,14,0,471.94
3243,consumer,organic,38.1,18,0,566.04
3244,prosumer,organic,55.5,12,0,546.73
3245,consumer,partner,45.6,14,0,413.19
3246,prosumer,partner,58.2,12,1,695.63
3247,smb,paid,43.1,5,0,149.4
3248,consumer,paid,37.2,11,0,389.29
3249,smb,paid,56.7,14,0,720.68
3250,consumer,partner,48.8,12,0,473.53
3251,consumer,paid,46.8,15,0,636.02
3252,consumer,partner,80.7,25,1,1921.16
3253,consumer,partner,53.9,13,0,719.07
3254,prosumer,paid,28.8,8,0,219.79
3255,consumer,organic,69.1,16,0,1063.28
3256,consumer,paid,48.0,17,0,720.82
3257,prosumer,paid,81.4,26,0,1864.97
3258,consumer,paid,76.9,22,0,1624.66
3259,smb,organic,81.2,23,1,1772.17
3260,prosumer,organic,28.7,12,0,350.91
3261,consumer,partner,36.2,5,0,270.87
3262,consumer,organic,10.3,4,0,87.89
3263,prosumer,partner,35.0,10,0,393.4
3264,consumer,paid,65.7,20,1,1276.87
3265,consumer,partner,40.4,9,1,366.13
3266,prosumer,paid,12.9,3,0,160.07
3267,smb,organic,55.2,10,0,466.73
3268,consumer,partner,52.4,23,0,1132.02
3269,smb,partner,85.2,20,1,1778.22
3270,consumer,partner,27.9,13,0,410.81
3271,consumer,organic,32.7,6,0,248.55
3272,consumer,paid,42.9,13,0,598.75
3273,consumer,paid,53.2,19,0,866.18
3274,consumer,organic,45.3,11,0,488.45
3275,consumer,partner,29.0,12,0,294.11
3276,consumer,paid,49.9,16,0,790.11
3277,consumer,paid,42.7,10,0,368.14
3278,consumer,partner,47.3,10,0,488.72
3279,consumer,paid,32.1,7,0,377.95
3280,consumer,paid,92.6,32,0,2651.39
3281,smb,organic,51.6,12,0,621.1
3282,consumer,organic,24.7,9,0,195.94
3283,prosumer,paid,42.6,9,0,358.29
3284,consumer,paid,48.8,16,0,772.14
3285,consumer,organic,56.0,17,0,925.38
3286,prosumer,organic,38.2,10,0,371.03
3287,prosumer,organic,78.1,24,0,1694.46
3288,consumer,organic,24.8,9,0,239.64
3289,smb,paid,29.2,6,0,274.15
3290,smb,paid,24.1,4,0,151.35
3291,consumer,paid,71.7,19,0,1290.81
3292,prosumer,organic,34.9,4,0,216.12
3293,consumer,organic,16.7,2,0,123.93
3294,consumer,partner,47.9,12,0,480.19
3295,prosumer,organic,64.7,21,0,1192.78
3296,consumer,paid,26.5,9,0,151.23
3297,consumer,paid,31.1,11,0,397.79
3298,consumer,paid,54.6,17,0,919.4
3299,prosumer,organic,39.8,11,0,456.78
3300,consumer,paid,56.7,14,0,692.26
3301,consumer,paid,50.0,11,0,506.46
3302,consumer,paid,12.7,2,0,0.0
3303,consumer,organic,53.9,16,0,768.2
3304,prosumer,paid,46.7,12,0,520.97
3305,consumer,organic,33.5,8,0,295.58
3306,prosumer,paid,58.2,9,0,515.39
3307,prosumer,paid,47.9,10,0,362.98
3308,consumer,organic,73.9,20,0,1396.13
3309,consumer,organic,65.9,28,0,1633.17
3310,prosumer,organic,65.3,19,1,1071.55
3311,consumer,partner,22.2,6,0,198.65
3312,prosumer,paid,32.9,10,0,343.17
3313,smb,paid,72.6,21,1,1336.74
3314,consumer,partner,60.5,16,0,926.32
3315,consumer,organic,51.6,18,0,850.3
3316,consumer,paid,41.5,6,0,336.67
3317,consumer,organic,42.7,14,0,350.23
3318,consumer,partner,61.9,21,0,1242.04
3319,consumer,partner,35.8,10,0,217.18
3320,smb,paid,24.7,5,0,166.25
3321,consumer,organic,4.0,3,0,136.2
3322,consumer,paid,58.4,26,0,1451.35
3323,consumer,organic,59.0,14,0,836.89
3324,consumer,paid,72.7,20,0,1301.02
3325,consumer,partner,44.5,14,0,573.69
3326,consumer,organic,29.7,7,0,154.12
3327,consumer,organic,80.8,28,0,2088.22
3328,prosumer,paid,66.1,22,0,1309.48
3329,consumer,paid,72.1,7,0,495.32
3330,consumer,paid,65.3,16,1,994.35
3331,consumer,paid,50.1,15,0,699.86
3332,consumer,paid,31.6,6,0,230.91
3333,smb,paid,66.7,21,0,1320.37
3334,consumer,paid,44.8,13,0,511.62
3335,prosumer,partner,26.0,5,0,61.51
3336,consumer,organic,16.1,12,0,294.23
3337,prosumer,paid,38.6,10,0,386.75
3338,consumer,paid,61.1,20,0,1173.55
3339,consumer,organic,39.9,18,0,614.19
3340,prosumer,partner,37.1,6,0,295.21
3341,smb,partner,59.0,13,0,777.74
3342,smb,organic,43.8,14,0,610.37
3343,prosumer,organic,12.8,2,0,169.31
3344,prosumer,organic,57.1,14,0,787.06
3345,consumer,paid,35.7,16,0,497.08
3346,prosumer,paid,27.5,10,0,298.93
3347,consumer,paid,88.8,16,1,1474.55
3348,prosumer,paid,81.9,14,1,1134.15
3349,consumer,partner,12.4,5,0,84.79
3350,consumer,organic,22.9,4,0,154.93
3351,consumer,organic,45.9,8,0,230.67
3352,prosumer,paid,53.4,16,0,696.47
3353,consumer,paid,27.9,9,0,269.92
3354,prosumer,paid,51.2,12,0,423.05
3355,prosumer,paid,29.3,7,0,295.85
3356,consumer,paid,82.4,24,0,1918.07
3357,consumer,partner,20.3,12,0,198.25
3358,consumer,paid,75.9,16,0,1101.87
3359,consumer,paid,93.2,21,0,1866.07
3360,consumer,paid,75.0,22,0,1548.28
3361,consumer,paid,51.7,16,0,769.82
3362,consumer,paid,38.2,9,0,364.57
3363,consumer,organic,77.4,22,0,1573.66
3364,consumer,partner,62.7,19,0,1056.78
3365,consumer,paid,79.2,16,0,1174.59
3366,prosumer,paid,18.4,7,0,124.81
3367,prosumer,paid,43.9,10,0,359.17
3368,prosumer,paid,53.2,14,0,799.45
3369,consumer,organic,30.5,13,0,370.72
3370,smb,organic,45.8,14,0,547.46
3371,consumer,partner,83.0,21,0,1517.03
3372,prosumer,organic,39.7,13,0,485.63
3373,consumer,organic,24.0,13,0,411.54
3374,prosumer,paid,31.5,9,0,361.44
3375,prosumer,partner,46.7,16,0,774.42
3376,smb,paid,87.7,24,1,1926.1
3377,prosumer,organic,65.3,19,0,1142.83
3378,consumer,paid,21.7,7,0,146.62
3379,consumer,partner,47.2,23,0,1037.56
3380,consumer,paid,41.6,9,0,381.33
3381,consumer,paid,69.5,20,1,1282.15
3382,consumer,paid,39.2,13,0,493.79
3383,smb,partner,56.1,21,1,1033.51
3384,smb,organic,57.9,18,0,1084.4
3385,consumer,organic,39.3,11,0,468.6
3386,consumer,paid,64.7,20,0,1136.21
3387,consumer,paid,43.1,14,0,443.59
3388,smb,paid,8.4,2,0,79.37
3389,smb,partner,72.0,21,1,1505.48
3390,consumer,organic,82.1,19,0,1473.39
3391,prosumer,partner,29.6,9,0,257.77
3392,consumer,paid,83.1,24,1,1821.08
3393,prosumer,organic,23.6,14,0,295.57
3394,consumer,paid,31.6,4,0,149.79
3395,consumer,organic,16.3,5,0,157.75
3396,consumer,partner,31.8,9,0,283.69
3397,smb,paid,53.6,17,0,870.12
3398,consumer,organic,54.5,23,0,1294.7
3399,consumer,partner,67.0,19,0,1200.34
3400,consumer,paid,75.7,26,1,1832.41
3401,consumer,partner,24.0,7,0,195.51
3402,consumer,paid,24.0,6,0,135.23
3403,prosumer,paid,23.7,12,0,266.78
3404,prosumer,paid,75.1,20,1,1386.39
3405,prosumer,organic,56.6,20,0,986.6
3406,consumer,organic,33.0,9,0,288.14
3407,consumer,partner,71.4,17,0,1095.61
3408,prosumer,organic,66.7,21,0,1278.24
3409,smb,partner,21.3,8,0,46.71
3410,consumer,organic,46.1,22,0,907.37
3411,prosumer,paid,79.2,14,0,930.18
3412,consumer,organic,41.2,14,0,549.66
3413,consumer,paid,48.7,16,0,732.74
3414,prosumer,partner,32.2,19,0,580.13
3415,consumer,organic,50.0,18,0,825.5
3416,consumer,partner,65.6,16,0,920.41
3417,prosumer,organic,56.3,17,0,989.71
3418,consumer,partner,73.4,15,0,1037.9
3419,prosumer,partner,50.5,17,0,687.49
3420,consumer,paid,34.5,15,0,565.83
3421,smb,paid,12.9,4,0,38.37
3422,consumer,organic,57.6,18,0,880.28
3423,smb,partner,24.1,5,0,91.68
3424,consumer,organic,75.9,24,0,1604.42
3425,consumer,paid,32.0,11,0,373.15
3426,consumer,organic,40.2,9,0,297.92
3427,smb,paid,63.7,16,0,950.82
3428,consumer,organic,37.1,15,0,545.09
3429,consumer,paid,45.2,21,0,880.29
3430,consumer,paid,44.3,11,0,516.05
3431,prosumer,organic,44.1,15,0,686.63
3432,consumer,paid,83.4,31,1,2258.97
3433,prosumer,organic,66.5,18,0,1110.2
3434,consumer,partner,82.7,25,1,1931.41
3435,consumer,paid,38.9,10,1,387.58
3436,consumer,partner,43.4,10,0,457.47
3437,consumer,organic,87.4,27,0,2094.04
3438,consumer,paid,25.3,12,0,364.4
3439,smb,partner,64.0,16,0,928.92
3440,consumer,organic,50.8,11,0,552.82
3441,consumer,paid,23.5,7,0,154.23
3442,consumer,organic,24.2,3,0,47.38
3443,prosumer,partner,47.7,21,0,896.2
3444,prosumer,paid,57.4,11,0,594.0
3445,consumer,organic,79.5,25,1,1910.54
3446,consumer,paid,26.1,6,0,188.05
3447,prosumer,partner,88.7,18,0,1541.81
3448,consumer,partner,64.0,13,0,837.21
3449,consumer,partner,21.3,7,0,91.93
3450,consumer,partner,44.9,17,0,734.78
3451,consumer,organic,40.9,9,0,340.36
3452,prosumer,organic,36.4,11,0,340.22
3453,consumer,partner,7.6,7,0,104.64
3454,consumer,paid,17.4,4,0,58.73
3455,consumer,organic,35.0,11,0,330.06
3456,consumer,paid,31.9,12,0,382.93
3457,smb,paid,31.1,14,0,491.59
3458,prosumer,organic,27.4,9,0,255.99
3459,consumer,organic,47.4,21,0,960.04
3460,smb,partner,55.5,10,0,525.65
3461,smb,partner,31.4,9,0,365.51
3462,consumer,paid,50.6,25,0,1161.27
3463,consumer,partner,52.7,17,0,862.0
3464,smb,organic,45.0,13,0,540.93
3465,consumer,paid,30.1,8,0,286.97
3466,prosumer,paid,27.3,9,0,297.35
3467,smb,partner,41.8,13,1,606.74
3468,smb,partner,34.0,7,0,169.85
3469,prosumer,organic,55.0,19,0,986.59
3470,consumer,organic,64.0,16,0,913.4
3471,consumer,paid,47.9,20,0,952.56
3472,prosumer,partner,38.3,4,0,125.43
3473,prosumer,paid,18.2,10,0,236.31
3474,prosumer,partner,65.7,12,0,640.17
3475,consumer,organic,77.7,21,0,1562.79
3476,prosumer,organic,10.9,5,0,130.19
3477,prosumer,organic,36.8,14,0,420.53
3478,smb,organic,57.9,14,0,689.56
3479,consumer,paid,36.7,12,0,455.4
3480,prosumer,organic,15.8,4,0,0.0
3481,consumer,organic,40.1,12,0,461.21
3482,consumer,organic,61.9,17,1,886.62
3483,consumer,organic,56.7,9,0,574.79
3484,prosumer,organic,33.7,10,0,293.9
3485,consumer,paid,56.2,11,0,713.12
3486,consumer,partner,77.2,21,1,1612.69
3487,prosumer,partner,37.8,9,0,227.24
3488,smb,partner,73.7,12,1,838.94
3489,consumer,partner,65.0,25,0,1538.19
3490,consumer,partner,51.7,17,0,917.58
3491,consumer,organic,72.2,17,0,1151.69
3492,consumer,partner,42.7,8,0,243.15
3493,consumer,partner,75.4,20,0,1404.79
3494,smb,partner,70.0,14,1,922.66
3495,consumer,partner,40.0,11,0,518.93
3496,consumer,paid,28.5,8,0,204.79
3497,prosumer,partner,46.9,11,0,515.06
3498,consumer,organic,20.3,4,0,10.28
3499,consumer,organic,36.8,9,0,361.79
3500,consumer,paid,39.2,9,0,323.19
3501,consumer,partner,13.6,6,0,200.74
3502,smb,partner,10.1,3,0,0.0
3503,prosumer,partner,37.0,16,0,612.5
3504,consumer,partner,35.6,7,0,352.44
3505,consumer,partner,51.7,14,0,624.55
3506,consumer,organic,65.8,13,0,763.9
3507,consumer,organic,45.6,9,0,447.74
3508,prosumer,organic,16.6,1,0,51.39
3509,prosumer,partner,52.7,26,0,1313.3
3510,consumer,partner,40.5,9,0,414.23
3511,consumer,paid,8.0,5,0,198.53
3512,consumer,organic,79.0,24,0,1826.04
3513,prosumer,organic,56.8,12,0,712.6
3514,consumer,organic,29.0,6,0,238.5
3515,consumer,paid,64.8,22,0,1325.75
3516,smb,paid,91.8,24,0,1999.9
3517,smb,paid,10.1,5,0,97.04
3518,consumer,paid,35.3,10,0,287.91
3519,consumer,organic,75.6,15,0,1150.29
3520,consumer,partner,59.9,14,0,837.95
3521,consumer,organic,40.7,10,0,454.81
3522,smb,partner,52.4,14,0,830.48
3523,prosumer,paid,49.0,13,0,537.29
3524,smb,partner,52.5,18,0,822.67
3525,consumer,partner,91.0,30,1,2572.1
3526,consumer,paid,31.1,6,0,245.76
3527,consumer,organic,39.7,13,0,429.54
3528,consumer,organic,20.4,5,0,154.31
3529,consumer,paid,40.9,14,0,577.23
3530,consumer,paid,78.4,19,0,1269.92
3531,consumer,paid,60.4,24,0,1207.56
3532,consumer,organic,37.9,11,0,374.18
3533,prosumer,partner,82.8,20,0,1426.21
3534,prosumer,partner,52.6,10,0,541.68
3535,consumer,organic,46.0,11,0,656.31
3536,consumer,partner,18.3,7,0,95.97
3537,consumer,partner,27.6,9,0,298.35
3538,consumer,organic,71.5,16,0,1103.0
3539,consumer,organic,76.0,19,0,1335.86
3540,consumer,partner,52.4,28,0,1395.37
3541,smb,organic,45.4,13,0,607.05
3542,prosumer,partner,55.9,12,0,636.9
3543,prosumer,partner,89.8,30,0,2422.63
3544,consumer,organic,27.1,9,0,295.27
3545,consumer,organic,17.9,9,0,176.65
3546,consumer,paid,10.3,6,0,20.19
3547,smb,paid,48.3,18,0,883.1
3548,consumer,organic,92.6,20,0,1662.26
3549,prosumer,paid,50.2,21,0,990.02
3550,consumer,partner,46.8,20,0,879.52
3551,consumer,organic,49.9,16,0,693.51
3552,prosumer,organic,43.8,12,0,493.92
3553,consumer,partner,37.6,11,0,410.47
3554,consumer,organic,75.8,21,0,1494.71
3555,smb,organic,72.2,21,0,1377.65
3556,consumer,paid,42.7,12,0,429.27
3557,consumer,partner,14.4,6,0,176.53
3558,consumer,organic,62.0,14,0,724.36
3559,prosumer,paid,51.1,9,0,443.36
3560,consumer,partner,27.8,5,0,57.44
3561,prosumer,partner,19.2,9,0,252.12
3562,prosumer,partner,48.6,8,0,369.34
3563,consumer,organic,34.6,11,0,460.19
3564,consumer,partner,53.9,16,0,789.07
3565,consumer,organic,64.9,23,1,1426.96
3566,consumer,partner,78.4,20,0,1430.82
3567,prosumer,partner,53.7,21,0,1127.52
3568,consumer,partner,43.7,15,0,605.69
3569,prosumer,organic,42.9,15,0,624.48
3570,consumer,partner,33.6,11,0,452.81
3571,consumer,paid,53.7,12,0,646.62
3572,consumer,organic,33.1,11,0,400.3
3573,prosumer,paid,73.1,14,0,946.52
3574,prosumer,organic,32.5,9,0,281.79
3575,consumer,paid,25.4,7,0,214.67
3576,consumer,paid,44.6,19,0,766.15
3577,prosumer,partner,28.8,7,0,236.5
3578,smb,paid,37.3,6,0,273.35
3579,consumer,organic,50.3,10,0,501.32
3580,consumer,organic,20.9,3,0,80.46
3581,consumer,partner,78.9,16,0,1164.21
3582,consumer,partner,34.2,7,0,258.8
3583,consumer,organic,44.3,10,0,456.84
3584,consumer,organic,22.2,6,0,110.6
3585,consumer,organic,19.7,10,0,157.77
3586,consumer,partner,26.6,12,0,281.17
3587,consumer,paid,39.8,17,0,537.36
3588,prosumer,paid,85.4,19,1,1592.81
3589,consumer,organic,44.9,8,0,456.4
3590,consumer,paid,24.8,7,0,146.93
3591,consumer,partner,73.2,18,0,1247.8
3592,consumer,paid,34.1,10,0,361.39
3593,consumer,organic,89.2,17,0,1311.36
3594,consumer,partner,61.5,22,0,1203.36
3595,prosumer,partner,68.0,22,0,1360.04
3596,prosumer,partner,37.5,12,0,397.79
3597,consumer,partner,56.3,9,0,452.02
3598,consumer,partner,31.6,15,0,527.24
3599,prosumer,paid,63.8,20,0,1066.7
3600,smb,paid,26.1,8,0,169.99
3601,prosumer,paid,51.2,13,0,590.34
3602,consumer,paid,29.0,9,0,358.48
3603,prosumer,organic,69.9,21,1,1459.92
3604,consumer,organic,51.7,17,0,821.75
3605,consumer,paid,55.7,15,0,797.13
3606,prosumer,paid,55.7,12,0,644.47
3607,smb,paid,33.2,14,0,461.54
3608,consumer,paid,24.0,10,0,280.74
3609,consumer,organic,70.5,16,0,1029.76
3610,smb,partner,90.7,27,0,2312.14
3611,prosumer,partner,40.6,7,0,358.08
3612,consumer,paid,40.0,9,1,382.76
3613,consumer,partner,20.6,3,0,0.0
3614,consumer,partner,68.2,19,0,1204.03
3615,consumer,partner,66.8,23,0,1455.6
3616,consumer,organic,67.0,19,1,1279.94
3617,smb,organic,67.3,24,1,1514.39
3618,consumer,partner,43.6,13,1,627.96
3619,consumer,organic,66.7,15,1,1023.14
3620,consumer,organic,29.7,7,0,126.53
3621,prosumer,partner,64.2,14,1,816.43
3622,consumer,organic,94.7,23,1,2079.3
3623,consumer,partner,60.0,30,0,1594.92
3624,smb,paid,25.4,9,0,293.6
3625,prosumer,partner,82.0,28,0,2083.8
3626,consumer,organic,36.5,7,0,185.99
3627,prosumer,partner,60.4,15,0,852.24
3628,consumer,partner,59.9,17,0,897.66
3629,consumer,organic,44.9,13,0,454.62
3630,consumer,paid,51.0,6,0,261.71
3631,prosumer,paid,56.7,10,1,620.03
3632,prosumer,organic,20.6,7,0,191.42
3633,smb,partner,39.1,11,0,428.8
3634,smb,partner,55.0,9,0,419.98
3635,consumer,paid,60.5,17,1,943.25
3636,consumer,organic,5.9,5,0,11.34
3637,consumer,partner,49.2,25,0,1122.34
3638,consumer,organic,3.1,3,0,38.85
3639,consumer,organic,49.7,15,0,721.74
3640,consumer,partner,72.3,20,0,1215.42
3641,smb,paid,44.2,11,0,484.64
3642,smb,paid,36.8,14,0,493.48
3643,consumer,partner,72.7,22,1,1576.95
3644,consumer,paid,54.4,18,1,886.0
3645,consumer,organic,38.2,13,0,455.84
3646,consumer,paid,17.1,9,0,103.93
3647,consumer,partner,91.3,27,1,2347.77
3648,consumer,partner,69.3,15,0,959.47
3649,consumer,organic,38.9,12,0,503.25
3650,smb,organic,71.6,24,0,1614.93
3651,prosumer,organic,18.0,8,0,139.86
3652,consumer,partner,47.5,17,0,787.35
3653,prosumer,partner,33.3,10,0,292.57
3654,smb,partner,37.9,9,0,442.04
3655,prosumer,paid,35.7,8,0,277.19
3656,consumer,paid,14.3,6,0,148.1
3657,consumer,paid,25.1,9,0,324.11
3658,consumer,paid,79.2,24,0,1739.99
3659,prosumer,paid,85.8,17,1,1344.27
3660,consumer,organic,63.1,21,0,1254.0
3661,consumer,organic,22.6,8,0,228.92
3662,smb,partner,42.8,11,0,395.46
3663,smb,paid,72.4,22,0,1503.16
3664,consumer,partner,25.7,5,0,285.35
3665,consumer,partner,85.7,28,0,2210.51
3666,consumer,partner,34.1,10,0,406.93
3667,consumer,organic,38.3,7,0,262.07
3668,consumer,paid,79.5,21,0,1569.57
3669,consumer,organic,88.5,22,1,1849.14
3670,smb,partner,56.1,15,0,835.7
3671,prosumer,partner,78.0,22,0,1630.49
3672,prosumer,organic,54.0,15,0,746.56
3673,consumer,paid,38.3,16,0,637.59
3674,prosumer,paid,58.7,11,0,531.48
3675,consumer,paid,22.0,9,0,283.03
3676,consumer,paid,77.1,26,0,1847.86
3677,consumer,partner,86.7,25,0,2060.96
3678,consumer,organic,44.7,15,0,711.03
3679,consumer,paid,46.0,12,0,576.28
3680,smb,partner,47.0,15,0,646.63
3681,consumer,organic,17.1,4,0,56.78
3682,smb,organic,49.5,18,0,758.75
3683,consumer,organic,52.8,14,0,733.84
3684,consumer,paid,65.1,23,0,1285.87
3685,prosumer,partner,52.0,13,0,681.16
3686,consumer,organic,9.4,3,0,13.49
3687,consumer,partner,66.7,18,1,1189.98
3688,consumer,partner,82.9,24,1,1897.78
3689,consumer,partner,48.1,12,0,647.04
3690,consumer,paid,64.3,21,1,1211.87
3691,consumer,organic,35.9,4,0,91.27
3692,consumer,partner,28.0,6,0,141.57
3693,prosumer,organic,16.9,4,0,31.13
3694,prosumer,organic,29.9,6,0,325.4
3695,smb,organic,85.6,26,1,2137.41
3696,smb,organic,38.8,14,0,488.15
3697,prosumer,organic,23.9,9,0,194.63
3698,consumer,organic,52.4,11,0,532.37
3699,consumer,organic,81.7,30,0,2215.45
3700,smb,partner,32.9,7,0,105.27
3701,prosumer,partner,46.5,12,0,651.27
3702,prosumer,partner,47.1,13,0,574.93
3703,prosumer,organic,93.1,25,1,2213.25
3704,consumer,paid,47.3,12,0,511.2
3705,consumer,organic,67.6,19,0,1092.7
3706,consumer,partner,59.1,13,1,808.57
3707,prosumer,organic,29.5,9,0,273.5
3708,consumer,organic,47.9,19,0,843.75
3709,prosumer,partner,46.5,12,0,577.98
3710,prosumer,partner,62.3,16,1,936.27
3711,smb,organic,62.1,18,0,908.61
3712,consumer,paid,77.6,24,0,1694.92
3713,smb,organic,64.8,22,0,1334.49
3714,consumer,organic,74.2,17,0,1235.49
3715,consumer,paid,44.1,12,0,531.09
3716,consumer,partner,12.1,5,0,67.06
3717,consumer,partner,51.7,10,0,462.08
3718,consumer,organic,13.3,4,0,40.94
3719,consumer,paid,72.9,28,1,1846.12
3720,prosumer,partner,71.6,25,0,1637.63
3721,prosumer,partner,23.5,11,0,232.99
3722,consumer,paid,23.9,7,0,201.03
3723,prosumer,paid,68.3,21,0,1314.87
3724,consumer,organic,47.4,18,0,817.97
3725,consumer,organic,42.9,10,0,420.67
3726,consumer,partner,80.2,18,0,1393.61
3727,smb,partner,70.3,16,0,1100.76
3728,prosumer,organic,27.1,12,0,385.59
3729,consumer,partner,38.1,12,0,560.94
3730,prosumer,paid,37.3,13,0,479.07
3731,consumer,organic,50.2,9,0,537.08
3732,consumer,partner,46.4,18,0,831.02
3733,consumer,organic,56.1,18,0,899.73
3734,prosumer,partner,79.9,20,0,1485.01
3735,consumer,organic,77.4,17,0,1212.86
3736,smb,organic,55.1,13,1,743.16
3737,consumer,partner,48.1,6,0,210.84
3738,consumer,partner,18.7,8,0,232.61
3739,consumer,paid,94.8,27,0,2337.03
3740,prosumer,partner,48.9,8,1,369.14
3741,consumer,paid,41.2,14,0,529.99
3742,consumer,partner,28.7,6,0,48.88
3743,prosumer,paid,60.3,27,0,1522.02
3744,smb,paid,30.1,7,0,220.77
3745,consumer,organic,19.6,7,0,125.05
3746,consumer,paid,32.2,7,0,197.49
3747,consumer,organic,69.4,15,0,1050.61
3748,consumer,partner,68.5,16,0,1009.94
3749,consumer,paid,73.4,17,0,1104.55
3750,consumer,paid,48.1,14,0,637.9
3751,prosumer,partner,22.0,9,1,321.92
3752,prosumer,paid,31.4,11,0,344.88
3753,prosumer,partner,33.0,4,0,156.42
3754,prosumer,partner,50.2,14,0,570.75
3755,prosumer,partner,39.3,11,1,494.69
3756,prosumer,paid,38.6,6,0,296.69
3757,consumer,paid,83.1,19,0,1415.19
3758,consumer,paid,24.5,7,0,182.06
3759,consumer,paid,61.2,19,0,1043.41
3760,prosumer,partner,80.1,30,0,2239.6
3761,smb,paid,17.7,4,0,75.86
3762,consumer,partner,3.6,4,0,107.85
3763,consumer,partner,81.1,15,0,1106.91
3764,smb,organic,36.1,10,0,383.26
3765,consumer,organic,21.9,11,0,224.13
3766,consumer,organic,51.1,20,0,989.07
3767,smb,organic,28.3,12,0,348.08
3768,consumer,organic,59.6,14,0,826.8
3769,consumer,paid,31.2,10,0,323.35
3770,consumer,organic,8.5,6,0,60.18
3771,consumer,paid,70.2,13,0,737.75
3772,consumer,partner,45.8,10,0,467.11
3773,prosumer,paid,75.6,14,0,908.01
3774,consumer,organic,61.3,14,0,722.17
3775,prosumer,paid,32.5,11,0,353.21
3776,prosumer,organic,75.3,14,0,987.28
3777,prosumer,organic,18.5,5,0,114.78
3778,smb,organic,49.4,17,0,821.46
3779,smb,paid,50.3,7,0,329.03
3780,consumer,partner,44.7,13,0,515.53
3781,consumer,organic,80.2,20,0,1486.05
3782,prosumer,organic,66.1,15,0,999.01
3783,consumer,organic,44.2,21,0,890.85
3784,prosumer,partner,36.5,8,0,303.04
3785,consumer,organic,34.1,14,0,468.92
3786,consumer,partner,23.2,5,0,165.0
3787,consumer,partner,30.3,10,0,273.88
3788,consumer,paid,62.8,16,0,899.18
3789,consumer,paid,24.9,4,0,104.26
3790,prosumer,paid,33.6,11,0,395.32
3791,consumer,paid,46.5,12,0,549.66
3792,prosumer,organic,60.4,13,0,681.65
3793,consumer,organic,41.4,13,0,526.04
3794,prosumer,partner,43.1,14,0,714.66
3795,consumer,organic,52.3,19,0,988.69
3796,consumer,organic,6.7,3,0,0.0
3797,consumer,paid,60.3,12,0,574.6
3798,prosumer,organic,42.5,9,0,317.5
3799,smb,organic,55.7,13,0,701.61
3800,consumer,partner,39.6,10,0,382.96
3801,smb,partner,67.0,20,0,1116.82
3802,smb,partner,19.8,7,0,175.33
3803,prosumer,organic,38.4,8,0,267.23
3804,consumer,paid,31.9,6,0,204.32
3805,prosumer,paid,41.4,11,1,449.39
3806,consumer,partner,50.0,17,0,693.77
3807,consumer,paid,36.3,17,0,566.29
3808,prosumer,paid,89.5,23,1,1883.11
3809,consumer,organic,49.0,11,0,510.07
3810,consumer,paid,51.8,19,0,791.38
3811,prosumer,paid,32.2,12,0,397.47
3812,prosumer,organic,49.0,16,1,781.91
3813,consumer,partner,49.9,14,0,565.02
3814,consumer,organic,53.6,23,0,1157.8
3815,consumer,paid,65.2,17,0,1041.88
3816,consumer,organic,42.8,9,0,317.92
3817,consumer,organic,70.9,16,0,1184.49
3818,consumer,organic,12.7,7,0,102.59
3819,consumer,paid,64.6,12,0,762.96
3820,consumer,organic,31.1,12,0,300.51
3821,consumer,organic,10.1,4,0,122.55
3822,consumer,organic,32.8,16,0,478.03
3823,consumer,organic,55.7,18,0,878.44
3824,smb,paid,70.7,19,0,1164.47
3825,consumer,paid,27.8,9,0,240.6
3826,consumer,paid,79.1,25,0,1794.37
3827,smb,paid,20.9,6,0,197.71
3828,prosumer,partner,85.9,25,1,2013.02
3829,consumer,paid,69.0,12,0,890.99
3830,prosumer,paid,53.3,13,0,622.07
3831,consumer,partner,68.6,18,0,1193.91
3832,consumer,paid,45.5,14,0,568.35
3833,consumer,organic,53.5,12,0,612.27
3834,consumer,organic,87.9,24,1,1966.5
3835,consumer,organic,20.9,4,0,23.79
3836,prosumer,paid,50.0,17,1,888.77
3837,consumer,organic,24.5,12,0,360.82
3838,consumer,paid,28.9,10,0,295.15
3839,smb,partner,11.3,5,0,6.67
3840,consumer,paid,4.5,2,0,84.29
3841,smb,organic,49.7,16,0,762.31
3842,consumer,paid,67.4,25,0,1649.28
3843,consumer,paid,6.8,1,0,0.0
3844,prosumer,organic,74.2,30,0,1984.42
3845,consumer,organic,23.2,14,0,312.71
3846,consumer,organic,52.5,11,0,642.36
3847,consumer,paid,48.4,14,0,678.89
3848,prosumer,paid,34.0,10,0,248.17
3849,prosumer,paid,47.7,13,0,607.62
3850,consumer,paid,48.9,11,0,482.61
3851,consumer,partner,15.8,8,0,164.99
3852,smb,paid,17.8,7,0,150.11
3853,prosumer,partner,38.7,11,0,483.0
3854,consumer,partner,11.5,9,0,78.46
3855,prosumer,partner,52.7,17,0,844.0
3856,prosumer,partner,17.8,9,0,69.65
3857,consumer,partner,49.9,15,0,828.72
3858,smb,partner,78.4,21,1,1523.48
3859,prosumer,paid,57.0,8,0,263.74
3860,consumer,partner,33.4,8,0,267.37
3861,consumer,organic,9.1,6,0,21.64
3862,consumer,organic,72.3,23,0,1512.06
3863,consumer,organic,60.7,18,0,1013.04
3864,consumer,partner,46.6,8,0,299.58
3865,consumer,organic,63.9,28,1,1648.73
3866,consumer,organic,40.9,10,0,478.47
3867,consumer,partner,54.7,24,0,1195.05
3868,consumer,organic,41.9,14,0,533.39
3869,consumer,paid,51.6,11,0,545.36
3870,consumer,paid,78.2,21,0,1459.83
3871,consumer,partner,93.2,18,0,1482.96
3872,consumer,paid,22.7,6,0,167.09
3873,consumer,paid,29.1,11,0,299.77
3874,consumer,paid,67.4,16,0,976.03
3875,consumer,paid,49.9,15,0,757.8
3876,consumer,organic,48.6,13,0,611.88
3877,prosumer,paid,39.3,18,0,563.43
3878,consumer,organic,79.9,23,0,1776.84
3879,prosumer,organic,60.7,11,0,566.16
3880,consumer,paid,58.1,17,0,944.28
3881,prosumer,paid,43.1,10,0,321.68
3882,smb,organic,94.1,35,0,2953.37
3883,consumer,organic,50.0,29,0,1375.95
3884,consumer,paid,53.2,20,0,969.69
3885,smb,paid,35.7,9,0,370.21
3886,prosumer,paid,51.4,23,0,1060.7
3887,prosumer,partner,30.7,12,0,306.47
3888,smb,organic,64.8,20,0,1272.49
3889,smb,paid,49.5,15,0,762.79
3890,consumer,paid,82.9,28,0,2084.21
3891,prosumer,paid,74.3,21,0,1353.24
3892,consumer,partner,77.8,17,0,1282.79
3893,prosumer,organic,38.0,11,0,484.08
3894,smb,partner,38.2,11,0,436.94
3895,smb,paid,42.6,14,0,610.85
3896,prosumer,paid,22.9,8,0,300.06
3897,consumer,paid,37.4,14,0,480.89
3898,consumer,paid,82.7,27,0,2102.67
3899,smb,partner,83.6,20,1,1633.32
3900,smb,partner,38.9,17,0,599.94
3901,prosumer,organic,49.9,11,0,575.14
3902,smb,partner,24.9,10,0,291.86
3903,consumer,partner,85.7,26,0,2133.34
3904,consumer,partner,53.6,14,0,632.87
3905,consumer,organic,71.0,18,0,1135.76
3906,prosumer,partner,50.8,17,0,898.69
3907,consumer,paid,48.1,14,0,659.59
3908,consumer,partner,54.9,19,0,1019.59
3909,prosumer,partner,54.8,10,0,516.5
3910,consumer,paid,88.4,19,0,1515.75
3911,consumer,paid,60.5,21,0,1196.8
3912,consumer,partner,55.7,19,0,979.52
3913,smb,organic,31.5,7,0,106.46
3914,consumer,partner,61.1,17,0,960.93
3915,consumer,organic,56.7,18,0,921.38
3916,consumer,organic,24.0,12,0,451.73
3917,prosumer,organic,44.2,14,0,592.44
3918,consumer,paid,38.9,8,0,175.88
3919,consumer,paid,47.6,10,0,495.1
3920,prosumer,organic,16.2,4,0,159.01
3921,consumer,paid,32.2,9,0,377.21
3922,consumer,partner,72.7,20,0,1381.82
3923,consumer,paid,84.8,20,1,1604.69
3924,consumer,paid,61.9,11,0,577.84
3925,prosumer,organic,37.8,15,0,617.72
3926,consumer,paid,57.5,10,0,594.16
3927,consumer,organic,46.2,16,0,714.77
3928,smb,paid,69.5,18,1,1132.45
3929,consumer,partner,31.3,13,0,369.78
3930,prosumer,organic,40.7,16,0,586.5
3931,prosumer,paid,84.5,31,0,2365.15
3932,consumer,partner,57.8,11,0,560.1
3933,prosumer,paid,55.4,12,0,690.87
3934,consumer,paid,35.4,4,0,205.5
3935,consumer,paid,70.1,19,0,1209.68
3936,consumer,partner,22.6,5,0,165.65
3937,consumer,organic,39.2,11,0,439.3
3938,consumer,paid,57.4,20,1,1078.64
3939,prosumer,paid,25.0,11,0,147.54
3940,prosumer,organic,18.3,4,0,69.09
3941,smb,paid,55.7,16,0,813.09
3942,consumer,organic,43.1,18,0,701.37
3943,smb,organic,78.4,18,0,1182.61
3944,consumer,organic,4.5,3,0,0.0
3945,consumer,partner,56.8,22,0,1210.41
3946,consumer,partner,54.9,19,0,975.58
3947,consumer,partner,58.9,15,1,936.35
3948,consumer,partner,53.4,11,0,536.2
3949,prosumer,partner,40.8,13,0,472.93
3950,consumer,partner,61.6,11,0,618.39
3951,consumer,organic,50.5,18,0,968.5
3952,consumer,partner,25.5,5,0,85.66
3953,consumer,organic,20.3,4,0,10.34
3954,smb,paid,23.3,13,0,255.28
3955,consumer,paid,42.1,14,0,506.61
3956,consumer,organic,24.1,7,0,218.8
3957,consumer,partner,74.8,23,0,1621.22
3958,prosumer,partner,50.1,13,0,637.12
3959,consumer,paid,38.8,13,0,473.63
3960,consumer,paid,11.5,3,0,0.0
3961,consumer,partner,93.5,25,0,2170.69
3962,consumer,partner,52.1,17,0,911.2
3963,consumer,partner,44.9,18,0,777.86
3964,consumer,organic,42.9,14,0,618.54
3965,prosumer,paid,59.8,19,0,1038.86
3966,consumer,paid,29.5,7,0,94.14
3967,prosumer,organic,62.7,14,0,781.55
3968,consumer,organic,78.1,16,0,1058.39
3969,consumer,paid,20.8,12,0,238.28
3970,consumer,paid,39.2,15,0,600.3
3971,smb,paid,40.7,13,0,516.67
3972,smb,organic,23.9,4,0,295.68
3973,consumer,partner,35.6,11,0,393.72
3974,consumer,organic,76.4,23,0,1582.87
3975,consumer,organic,54.6,21,0,1033.54
3976,consumer,paid,25.9,4,0,142.5
3977,consumer,partner,47.3,7,0,322.55
3978,consumer,organic,66.0,13,1,818.91
3979,consumer,paid,34.3,4,0,157.36
3980,consumer,paid,40.5,16,0,663.89
3981,consumer,paid,48.9,21,0,987.57
3982,consumer,paid,49.2,15,0,763.62
3983,consumer,paid,61.5,15,0,868.33
3984,consumer,paid,35.2,12,0,415.02
3985,smb,organic,57.9,12,0,565.52
3986,consumer,organic,35.0,10,0,266.65
3987,consumer,partner,52.4,13,0,473.47
3988,smb,organic,54.2,19,0,987.87
3989,consumer,partner,88.2,26,1,2115.1
3990,consumer,partner,53.2,11,0,526.13
3991,consumer,partner,59.2,20,0,1145.67
3992,prosumer,paid,69.0,30,0,1939.54
3993,consumer,organic,62.1,23,0,1369.61
3994,consumer,organic,37.0,17,0,552.57
3995,consumer,organic,80.9,24,1,1754.27
3996,consumer,organic,40.2,9,0,394.31
3997,consumer,organic,66.2,15,0,956.03
3998,consumer,paid,50.3,19,0,915.91
3999,smb,partner,57.8,16,1,843.64
4000,prosumer,organic,57.1,16,0,869.99
4001,smb,partner,29.6,12,0,219.75
4002,consumer,partner,52.2,14,0,627.55
4003,prosumer,paid,46.6,22,0,1017.74
4004,consumer,partner,75.8,26,0,1795.48
4005,consumer,organic,39.1,14,0,480.79
4006,prosumer,partner,74.1,13,0,954.44
4007,prosumer,paid,37.8,11,0,342.03
4008,prosumer,organic,44.2,15,0,641.13
4009,prosumer,organic,35.5,10,0,438.72
4010,smb,paid,39.3,12,0,431.23
4011,consumer,partner,41.3,18,0,641.9
4012,prosumer,organic,60.9,18,0,984.18
4013,consumer,partner,20.0,6,0,172.26
4014,consumer,organic,38.7,17,0,726.31
4015,smb,partner,28.8,7,0,86.96
4016,consumer,paid,10.5,3,0,65.24
4017,consumer,paid,27.5,8,1,223.75
4018,consumer,paid,32.7,7,0,232.82
4019,prosumer,partner,43.9,9,0,342.06
4020,consumer,partner,65.5,15,1,1001.98
4021,consumer,partner,28.9,4,0,98.61
4022,prosumer,partner,63.4,16,0,1081.6
4023,consumer,organic,75.8,22,1,1582.86
4024,consumer,organic,41.9,12,0,497.9
4025,consumer,organic,62.1,20,0,1048.51
4026,consumer,paid,31.0,10,0,283.84
4027,consumer,paid,50.8,13,0,623.46
4028,consumer,paid,47.7,15,0,636.87
4029,smb,partner,30.9,9,0,236.83
4030,prosumer,paid,86.7,17,0,1286.69
4031,consumer,partner,24.0,11,0,187.8
4032,consumer,paid,25.7,7,0,216.96
4033,consumer,partner,28.7,12,0,256.8
4034,consumer,paid,82.3,26,0,2068.24
4035,consumer,partner,56.2,18,1,1025.0
4036,smb,organic,63.2,23,1,1495.88
4037,consumer,organic,49.2,7,0,409.08
4038,consumer,paid,82.5,24,1,1834.86
4039,consumer,partner,49.1,12,0,558.81
4040,consumer,organic,24.3,4,0,15.03
4041,consumer,partner,53.4,15,0,706.94
4042,consumer,partner,81.2,26,0,1964.8
4043,prosumer,partner,21.2,5,0,41.54
4044,smb,organic,62.3,16,0,962.23
4045,prosumer,organic,32.1,8,0,285.55
4046,consumer,partner,31.6,8,0,306.73
4047,consumer,paid,54.6,26,0,1285.28
4048,consumer,organic,44.3,9,0,269.2
4049,consumer,partner,38.0,16,0,580.4
4050,smb,organic,30.1,7,0,227.06
4051,consumer,organic,22.1,7,0,193.77
4052,consumer,organic,65.3,20,0,1275.89
4053,consumer,organic,56.3,20,0,1017.07
4054,prosumer,paid,65.0,18,0,1144.58
4055,prosumer,organic,82.6,22,0,1672.8
4056,consumer,organic,32.8,9,0,298.35
4057,smb,partner,37.9,6,0,98.4
4058,prosumer,partner,34.1,12,1,511.29
4059,consumer,paid,48.2,18,0,839.11
4060,consumer,partner,33.7,13,0,433.48
4061,smb,partner,62.5,23,0,1345.88
4062,prosumer,organic,23.4,8,0,211.72
4063,consumer,organic,55.4,18,0,909.08
4064,consumer,partner,38.1,10,0,322.84
4065,consumer,paid,35.0,11,0,395.35
4066,consumer,partner,83.4,32,1,2375.52
4067,consumer,paid,42.8,10,0,313.48
4068,prosumer,partner,55.1,21,0,1085.99
4069,consumer,partner,91.3,19,1,1635.52
4070,consumer,organic,46.0,18,0,833.16
4071,prosumer,organic,35.8,13,0,396.56
4072,prosumer,paid,21.8,9,0,158.69
4073,prosumer,partner,67.5,17,0,989.49
4074,consumer,paid,54.0,16,0,821.2
4075,prosumer,paid,64.6,28,1,1760.42
4076,prosumer,partner,36.1,12,0,451.41
4077,consumer,paid,13.2,6,0,43.44
4078,consumer,organic,38.7,20,0,734.52
4079,consumer,partner,64.9,12,0,802.44
4080,consumer,partner,56.9,26,0,1443.38
4081,consumer,partner,15.9,6,0,139.53
4082,prosumer,paid,67.6,27,0,1655.96
4083,smb,organic,59.3,17,0,1077.05
4084,smb,organic,61.5,13,1,804.94
4085,consumer,paid,30.9,14,0,409.54
4086,consumer,partner,29.4,8,0,239.11
4087,consumer,organic,54.3,12,0,752.12
4088,prosumer,partner,71.5,20,0,1337.76
4089,prosumer,paid,37.8,15,0,565.6
4090,consumer,paid,70.2,19,0,1287.52
4091,consumer,paid,34.7,14,0,481.97
4092,consumer,partner,3.7,2,0,210.41
4093,consumer,organic,89.2,19,0,1502.62
4094,consumer,organic,39.9,12,0,440.43
4095,consumer,organic,22.1,6,0,298.12
4096,prosumer,paid,78.3,20,1,1444.86
4097,consumer,partner,19.9,7,0,196.48
4098,consumer,partner,79.5,25,0,1865.63
4099,smb,paid,59.7,12,0,778.46
4100,smb,organic,33.5,7,0,239.48
4101,consumer,paid,81.3,20,0,1458.25
4102,prosumer,partner,29.6,13,0,335.89
4103,prosumer,paid,54.8,15,0,764.28
4104,prosumer,partner,64.5,17,0,1010.96
4105,prosumer,paid,70.4,17,0,1129.18
4106,prosumer,paid,28.2,9,0,351.84
4107,consumer,partner,62.7,16,0,937.73
4108,consumer,partner,69.4,19,0,1208.68
4109,prosumer,paid,42.6,13,0,565.18
4110,prosumer,paid,59.4,13,0,644.12
4111,smb,organic,46.4,9,0,374.9
4112,consumer,partner,40.1,14,1,556.41
4113,consumer,organic,64.3,21,0,1245.69
4114,prosumer,partner,17.6,5,0,99.98
4115,consumer,partner,68.5,18,0,1095.36
4116,consumer,organic,43.9,10,0,447.37
4117,consumer,partner,36.3,4,0,142.25
4118,smb,paid,64.5,22,0,1324.2
4119,consumer,partner,42.0,6,0,248.18
4120,consumer,paid,17.6,6,0,79.87
4121,prosumer,paid,70.5,18,0,1317.74
4122,prosumer,organic,36.8,10,0,331.98
4123,consumer,partner,63.5,19,0,1129.39
4124,smb,paid,51.7,18,0,938.48
4125,prosumer,partner,56.6,18,0,971.14
4126,smb,paid,38.6,15,0,479.2
4127,consumer,paid,20.2,8,0,194.21
4128,prosumer,paid,50.2,26,0,1176.97
4129,consumer,organic,38.9,11,0,409.02
4130,consumer,paid,67.9,18,0,1069.76
4131,smb,partner,73.6,17,0,1248.76
4132,consumer,paid,59.7,21,0,1181.49
4133,prosumer,partner,60.5,15,0,803.74
4134,consumer,paid,63.3,15,0,854.06
4135,consumer,organic,63.1,15,0,832.07
4136,smb,partner,43.4,11,0,455.11
4137,smb,partner,94.1,31,0,2724.7
4138,consumer,organic,14.4,7,0,80.54
4139,smb,organic,46.5,15,0,640.79
4140,consumer,partner,13.2,6,0,127.93
4141,smb,partner,88.3,25,0,1973.72
4142,consumer,paid,42.7,9,0,392.82
4143,consumer,paid,79.6,16,0,1214.28
4144,smb,organic,49.3,20,0,969.84
4145,consumer,partner,51.4,11,0,661.7
4146,smb,organic,29.8,9,0,364.88
4147,consumer,paid,44.0,8,0,420.75
4148,prosumer,paid,78.9,23,1,1592.52
4149,consumer,partner,30.2,9,0,194.99
4150,consumer,organic,65.3,15,0,942.37
4151,smb,partner,90.8,26,1,2224.03
4152,consumer,partner,74.5,24,0,1619.14
4153,consumer,organic,17.1,3,0,67.43
4154,consumer,paid,60.1,24,0,1262.64
4155,consumer,partner,76.0,23,0,1585.43
4156,prosumer,paid,51.1,17,0,818.37
4157,prosumer,paid,40.2,13,1,605.34
4158,consumer,partner,68.3,16,1,1004.59
4159,prosumer,partner,71.9,23,0,1472.75
4160,consumer,organic,65.4,20,0,1183.73
4161,consumer,partner,85.0,22,1,1663.08
4162,consumer,organic,18.3,9,0,138.3
4163,smb,paid,42.4,6,0,300.24
4164,consumer,partner,76.1,14,0,871.97
4165,consumer,organic,29.0,6,0,200.5
4166,consumer,paid,79.2,29,1,2045.78
4167,consumer,partner,54.9,13,0,635.66
4168,prosumer,paid,72.4,18,0,1301.03
4169,prosumer,partner,31.4,10,0,246.12
4170,smb,paid,61.6,15,0,890.82
4171,consumer,paid,31.7,10,0,282.06
4172,prosumer,organic,11.6,5,0,62.85
4173,consumer,organic,27.4,11,0,278.23
4174,consumer,organic,69.2,18,0,1133.31
4175,consumer,paid,44.9,19,0,839.35
4176,smb,partner,51.0,11,0,505.45
4177,consumer,paid,36.5,7,0,241.13
4178,prosumer,partner,38.7,11,0,321.0
4179,consumer,organic,56.3,14,0,696.03
4180,prosumer,paid,51.7,17,0,858.63
4181,consumer,organic,52.4,21,0,1028.46
4182,prosumer,partner,20.9,7,0,153.69
4183,prosumer,organic,60.5,21,0,1335.56
4184,smb,partner,80.8,16,0,1170.37
4185,consumer,partner,48.8,17,0,778.14
4186,consumer,paid,73.4,23,0,1624.68
4187,smb,partner,50.5,14,0,564.63
4188,smb,paid,80.6,18,0,1331.2
4189,consumer,organic,27.6,14,0,446.09
4190,consumer,partner,54.7,17,0,804.92
4191,smb,organic,47.0,22,0,1055.16
4192,consumer,paid,60.0,25,0,1282.79
4193,consumer,partner,56.3,14,0,674.61
4194,prosumer,partner,69.7,20,0,1251.93
4195,consumer,organic,75.1,18,1,1285.26
4196,consumer,paid,27.1,6,0,192.9
4197,smb,organic,72.9,18,0,1206.49
4198,prosumer,organic,43.6,11,0,460.42
4199,consumer,paid,71.1,18,0,1254.61
4200,smb,partner,24.2,6,0,154.06
4201,consumer,organic,33.0,9,0,286.56
4202,consumer,organic,39.0,5,0,158.41
4203,smb,paid,42.5,6,0,299.22
4204,consumer,paid,73.6,18,0,1205.14
4205,smb,paid,31.2,8,0,143.79
4206,consumer,organic,55.0,16,1,784.11
4207,prosumer,paid,50.9,12,0,564.81
4208,consumer,partner,63.9,23,0,1315.27
4209,smb,paid,77.4,21,1,1573.52
4210,smb,organic,67.6,19,0,1163.04
4211,consumer,partner,45.4,12,0,475.03
4212,consumer,partner,92.3,21,0,1739.45
4213,smb,organic,71.5,15,0,1108.86
4214,prosumer,partner,17.1,5,0,12.2
4215,prosumer,partner,55.1,12,0,708.12
4216,prosumer,partner,9.9,6,0,102.56
4217,smb,organic,48.9,18,0,960.05
4218,consumer,organic,63.1,25,1,1484.27
4219,consumer,partner,64.3,14,1,894.16
4220,consumer,paid,15.7,2,0,125.36
4221,consumer,paid,55.5,14,0,651.76
4222,consumer,organic,48.7,12,0,528.23
4223,consumer,partner,19.4,7,0,131.31
4224,prosumer,paid,49.7,16,0,777.68
4225,prosumer,paid,72.6,23,0,1541.93
4226,consumer,organic,53.0,14,0,791.94
4227,consumer,paid,59.3,12,0,699.94
4228,smb,organic,86.2,32,0,2437.97
4229,consumer,paid,50.7,17,0,790.29
4230,consumer,organic,62.9,17,0,932.64
4231,consumer,organic,29.2,7,0,220.21
4232,prosumer,organic,36.4,10,0,354.32
4233,consumer,organic,85.6,25,0,1882.17
4234,consumer,paid,52.0,18,0,801.74
4235,smb,partner,31.7,14,0,347.91
4236,consumer,paid,34.5,9,0,384.21
4237,consumer,partner,47.6,11,0,424.09
4238,consumer,organic,63.0,16,0,1019.0
4239,smb,organic,42.7,12,0,527.31
4240,consumer,paid,10.2,8,0,109.78
4241,consumer,partner,71.4,12,0,845.84
4242,prosumer,paid,41.1,16,0,704.6
4243,consumer,paid,19.6,3,0,40.68
4244,consumer,paid,24.8,10,0,53.55
4245,prosumer,paid,71.0,19,0,1202.92
4246,prosumer,partner,26.2,4,0,133.2
4247,prosumer,partner,42.5,13,1,644.13
4248,consumer,organic,30.1,9,0,253.55
4249,consumer,organic,0.7,1,0,0.0
4250,consumer,paid,78.1,16,0,1250.59
4251,consumer,organic,71.9,30,1,1943.8
4252,smb,paid,49.7,16,0,844.18
4253,smb,organic,85.0,18,0,1406.03
4254,consumer,paid,66.5,20,0,1179.44
4255,consumer,paid,64.5,18,0,1082.37
4256,consumer,partner,58.6,19,0,920.59
4257,consumer,partner,55.7,26,0,1405.67
4258,consumer,partner,49.7,12,0,584.86
4259,consumer,partner,71.8,21,0,1302.24
4260,consumer,partner,45.2,12,0,476.18
4261,consumer,paid,66.0,12,1,741.74
4262,consumer,organic,36.5,18,0,697.62
4263,consumer,paid,52.8,16,0,853.08
4264,prosumer,paid,50.7,15,0,778.47
4265,smb,paid,17.5,6,0,92.42
4266,consumer,paid,45.4,14,0,637.21
4267,consumer,organic,44.1,15,0,627.12
4268,consumer,paid,69.5,10,1,736.28
4269,prosumer,paid,30.0,5,0,130.2
4270,consumer,organic,31.5,9,0,265.01
4271,consumer,organic,33.1,7,0,250.15
4272,prosumer,paid,47.9,11,0,534.09
4273,consumer,organic,45.9,14,0,658.47
4274,smb,paid,36.9,22,0,901.39
4275,consumer,organic,19.5,4,0,3.23
4276,consumer,paid,64.3,19,0,1227.12
4277,smb,partner,62.8,22,0,1260.51
4278,consumer,paid,23.2,6,0,94.03
4279,prosumer,paid,68.3,19,0,1214.56
4280,consumer,paid,29.2,6,0,135.12
4281,consumer,paid,34.2,8,0,287.19
4282,consumer,organic,51.6,16,0,745.03
4283,consumer,paid,48.1,19,0,851.76
4284,prosumer,organic,36.1,8,0,274.01
4285,prosumer,paid,50.5,16,0,889.98
4286,consumer,organic,92.4,21,1,1876.91
4287,prosumer,paid,47.7,15,0,633.47
4288,consumer,organic,64.0,16,0,933.22
4289,consumer,paid,44.2,8,0,255.81
4290,consumer,partner,59.0,13,0,712.52
4291,consumer,paid,25.7,8,0,255.68
4292,smb,organic,50.1,17,0,826.77
4293,smb,partner,36.0,9,0,329.84
4294,smb,organic,75.8,13,0,980.6
4295,consumer,paid,92.3,33,1,2856.32
4296,consumer,partner,80.7,23,1,1752.37
4297,consumer,paid,36.4,12,0,438.51
4298,smb,partner,5.1,4,0,0.0
4299,consumer,partner,69.9,13,0,827.23
4300,smb,partner,78.1,21,1,1602.56
4301,prosumer,paid,26.9,6,0,56.48
4302,prosumer,organic,11.4,6,0,159.91
4303,prosumer,paid,61.0,17,0,931.53
4304,consumer,partner,50.5,5,0,316.07
4305,smb,organic,39.2,19,0,756.06
4306,prosumer,organic,39.1,10,0,382.24
4307,prosumer,partner,59.9,16,0,991.64
4308,smb,paid,53.5,12,0,625.21
4309,consumer,organic,62.1,13,0,735.39
4310,consumer,paid,58.0,22,0,1265.19
4311,consumer,organic,72.5,26,0,1689.75
4312,prosumer,organic,30.2,13,0,451.14
4313,consumer,partner,58.9,23,0,1275.36
4314,prosumer,organic,83.9,17,0,1326.58
4315,prosumer,paid,37.3,6,0,219.28
4316,consumer,partner,13.0,2,0,7.37
4317,prosumer,organic,91.0,18,1,1485.55
4318,smb,paid,30.4,11,0,341.45
4319,consumer,organic,83.1,28,0,2062.86
4320,consumer,organic,79.4,19,1,1506.39
4321,prosumer,organic,40.9,10,0,343.46
4322,smb,paid,42.9,13,0,455.39
4323,prosumer,paid,55.4,13,0,670.37
4324,prosumer,partner,26.6,10,0,143.36
4325,prosumer,organic,18.7,16,0,303.37
4326,prosumer,partner,57.3,16,0,817.28
4327,consumer,partner,48.7,8,0,399.73
4328,consumer,partner,25.6,5,0,83.05
4329,prosumer,partner,64.9,12,0,724.36
4330,smb,organic,57.9,21,0,1065.66
4331,consumer,paid,15.5,7,0,73.61
4332,smb,paid,26.3,13,0,311.67
4333,prosumer,paid,15.2,4,0,55.6
4334,prosumer,organic,82.3,14,0,1047.02
4335,consumer,partner,42.1,19,0,680.06
4336,prosumer,paid,46.9,14,0,712.89
4337,consumer,partner,22.3,8,0,206.01
4338,consumer,paid,69.8,29,0,1785.15
4339,consumer,partner,52.2,16,0,708.03
4340,smb,paid,44.5,26,0,1079.75
4341,consumer,paid,58.7,9,0,464.89
4342,prosumer,paid,25.9,7,0,120.84
4343,consumer,partner,51.8,19,0,851.06
4344,smb,organic,59.9,14,0,757.61
4345,prosumer,paid,52.8,16,0,784.59
4346,consumer,paid,19.2,8,0,230.47
4347,consumer,partner,36.4,9,0,326.72
4348,consumer,organic,28.1,10,0,342.8
4349,smb,organic,6.8,6,0,72.24
4350,consumer,paid,63.5,15,0,920.1
4351,consumer,partner,58.8,16,0,863.79
4352,consumer,partner,44.7,16,1,715.87
4353,consumer,partner,43.5,7,0,328.26
4354,consumer,organic,93.3,29,1,2574.68
4355,consumer,organic,51.1,11,0,571.17
4356,prosumer,partner,14.9,4,0,50.81
4357,consumer,paid,56.2,11,0,611.48
4358,smb,organic,55.1,14,1,783.87
4359,consumer,organic,25.0,5,0,154.63
4360,consumer,paid,54.5,22,0,1173.17
4361,consumer,paid,58.8,26,0,1475.79
4362,prosumer,organic,36.2,8,0,299.84
4363,smb,organic,48.2,14,1,693.43
4364,prosumer,organic,44.0,10,0,467.78
4365,consumer,paid,17.1,7,0,162.96
4366,consumer,partner,39.2,12,0,459.15
4367,smb,partner,39.9,13,0,387.23
4368,prosumer,organic,28.6,13,0,330.21
4369,consumer,paid,23.9,4,0,192.03
4370,consumer,organic,72.1,14,0,898.74
4371,prosumer,organic,57.7,18,0,945.42
4372,consumer,paid,65.2,26,0,1500.92
4373,consumer,organic,43.4,8,0,314.69
4374,consumer,paid,36.9,17,0,546.8
4375,consumer,partner,29.4,5,0,155.09
4376,prosumer,partner,25.0,6,0,105.87
4377,consumer,partner,45.5,10,0,555.6
4378,consumer,partner,28.1,9,0,137.62
4379,consumer,paid,3.5,2,0,91.08
4380,consumer,organic,69.8,14,1,884.91
4381,consumer,organic,72.2,18,0,1113.31
4382,consumer,paid,33.6,6,0,145.65
4383,consumer,organic,44.4,13,0,529.35
4384,consumer,organic,22.4,11,0,325.49
4385,consumer,paid,49.4,5,0,201.21
4386,consumer,organic,27.7,9,0,161.75
4387,prosumer,organic,84.0,20,0,1592.0
4388,consumer,paid,7.0,3,0,20.29
4389,consumer,partner,5.7,7,0,85.91
4390,prosumer,partner,48.9,11,0,401.48
4391,consumer,paid,24.2,11,0,346.31
4392,consumer,organic,67.1,20,1,1287.15
4393,consumer,partner,39.2,13,0,482.8
4394,consumer,paid,29.5,12,0,335.37
4395,prosumer,organic,47.8,12,0,546.62
4396,consumer,organic,78.2,25,0,1786.47
4397,consumer,paid,58.8,12,0,650.74
4398,consumer,partner,9.5,8,0,138.12
4399,prosumer,partner,67.8,14,1,897.46
4400,prosumer,partner,36.4,11,0,374.9
4401,prosumer,paid,33.2,10,0,325.1
4402,consumer,partner,14.5,8,0,47.1
4403,prosumer,partner,57.1,21,0,1190.4
4404,consumer,paid,28.5,5,0,223.9
4405,smb,organic,68.6,25,0,1585.94
4406,consumer,organic,21.5,6,0,140.13
4407,consumer,partner,71.5,25,0,1662.77
4408,prosumer,partner,60.4,20,0,1069.39
4409,consumer,paid,49.2,16,0,784.52
4410,prosumer,organic,86.6,22,0,1799.61
4411,consumer,paid,45.3,15,0,701.18
4412,smb,paid,15.6,4,0,0.0
4413,consumer,paid,35.5,13,0,476.74
4414,consumer,partner,72.4,14,1,1040.02
4415,consumer,organic,40.9,14,0,624.11
4416,consumer,organic,83.3,16,0,1151.21
4417,consumer,paid,47.7,14,0,639.73
4418,consumer,organic,81.0,25,0,1881.6
4419,prosumer,paid,39.3,14,0,487.75
4420,smb,partner,69.0,19,0,1202.85
4421,smb,organic,49.2,11,0,480.23
4422,consumer,partner,7.2,2,0,26.78
4423,prosumer,organic,47.1,16,0,729.73
4424,consumer,paid,75.9,13,0,970.77
4425,consumer,organic,76.3,18,1,1322.97
4426,consumer,partner,36.9,8,0,249.98
4427,prosumer,organic,30.2,4,0,100.77
4428,consumer,partner,69.7,19,0,1187.69
4429,consumer,partner,78.5,17,0,1217.98
4430,consumer,partner,46.6,12,0,449.06
4431,consumer,organic,27.6,7,0,104.5
4432,consumer,organic,37.4,7,0,385.45
4433,consumer,organic,25.2,11,0,307.84
4434,prosumer,paid,18.4,5,0,50.67
4435,consumer,organic,53.4,7,0,310.77
4436,consumer,paid,66.5,20,0,1191.97
4437,consumer,paid,63.4,15,0,831.53
4438,prosumer,partner,50.2,11,0,515.12
4439,consumer,organic,81.3,22,0,1721.55
4440,consumer,organic,43.3,8,0,271.1
4441,consumer,partner,57.3,16,0,844.01
4442,consumer,paid,61.5,18,0,933.44
4443,consumer,paid,53.5,20,0,1033.73
4444,smb,partner,68.8,21,0,1265.45
4445,consumer,organic,28.3,8,0,206.75
4446,consumer,organic,53.6,14,0,694.14
4447,consumer,paid,41.6,17,0,634.18
4448,prosumer,paid,56.8,17,0,788.87
4449,consumer,paid,49.7,13,0,557.72
4450,consumer,paid,48.1,11,0,348.2
4451,consumer,organic,41.5,5,0,226.54
4452,prosumer,organic,33.4,12,0,365.19
4453,smb,partner,32.4,10,0,332.59
4454,prosumer,paid,29.9,9,0,384.07
4455,prosumer,paid,43.2,14,0,562.72
4456,consumer,paid,32.6,11,0,343.33
4457,consumer,paid,22.5,8,0,233.3
4458,consumer,partner,28.6,13,0,379.95
4459,prosumer,partner,48.7,21,0,959.38
4460,consumer,partner,63.5,12,0,745.55
4461,prosumer,paid,25.8,7,0,207.97
4462,smb,partner,47.4,13,1,596.3
4463,prosumer,organic,50.4,23,0,1021.21
4464,consumer,partner,71.7,28,0,1848.45
4465,consumer,partner,83.8,20,1,1531.04
4466,prosumer,organic,20.7,9,0,356.63
4467,consumer,partner,62.0,20,0,1243.15
4468,consumer,paid,50.1,10,1,363.45
4469,consumer,organic,47.4,14,0,671.84
4470,consumer,organic,37.2,14,0,547.88
4471,prosumer,paid,62.4,20,0,1157.8
4472,consumer,paid,71.2,27,0,1625.91
4473,consumer,organic,28.8,8,0,114.23
4474,consumer,organic,53.0,16,0,746.18
4475,prosumer,partner,24.0,7,0,140.57
4476,consumer,organic,38.9,12,0,499.3
4477,consumer,partner,58.5,12,0,653.4
4478,consumer,organic,90.6,17,0,1316.04
4479,prosumer,paid,59.6,26,0,1453.52
4480,consumer,paid,80.3,21,1,1619.0
4481,consumer,organic,40.2,9,0,447.05
4482,consumer,organic,52.5,8,0,415.26
4483,consumer,paid,26.3,8,0,319.05
4484,consumer,organic,48.0,16,0,746.18
4485,consumer,paid,30.8,11,0,316.45
4486,consumer,paid,59.4,13,0,756.0
4487,prosumer,paid,30.3,13,0,360.95
4488,prosumer,paid,41.1,9,0,370.56
4489,consumer,paid,61.9,15,0,907.8
4490,consumer,paid,32.2,11,0,481.96
4491,prosumer,organic,64.2,20,0,1229.51
4492,consumer,partner,79.8,16,1,1169.22
4493,prosumer,organic,51.1,16,0,819.97
4494,consumer,organic,64.8,12,1,629.38
4495,consumer,paid,84.6,24,0,1902.12
4496,prosumer,organic,86.0,23,1,1704.04
4497,consumer,paid,58.3,14,0,680.53
4498,prosumer,paid,36.3,12,0,414.57
4499,smb,organic,21.4,9,0,170.68
4500,consumer,organic,20.7,5,0,158.04
4501,consumer,organic,35.2,9,0,365.76
4502,prosumer,partner,84.7,25,0,1931.31
4503,prosumer,paid,60.0,19,0,1167.4
4504,consumer,partner,35.7,10,0,369.12
4505,prosumer,organic,30.6,10,0,335.12
4506,consumer,organic,21.3,8,0,167.74
4507,smb,organic,33.2,18,0,558.38
4508,prosumer,organic,49.7,13,0,662.34
4509,prosumer,partner,43.9,16,0,658.87
4510,consumer,organic,19.0,11,0,270.83
4511,prosumer,organic,43.7,16,0,685.7
4512,prosumer,paid,39.9,12,0,456.44
4513,prosumer,organic,56.2,14,0,750.55
4514,consumer,organic,55.1,13,0,717.74
4515,smb,organic,66.5,19,0,1148.95
4516,prosumer,partner,70.5,16,1,1005.22
4517,consumer,partner,66.9,13,0,833.45
4518,smb,organic,56.0,15,0,821.11
4519,consumer,paid,34.2,8,0,193.4
4520,consumer,paid,54.7,7,0,342.37
4521,consumer,organic,66.0,18,0,1039.2
4522,consumer,paid,85.2,23,0,1835.32
4523,consumer,partner,23.6,7,0,243.3
4524,consumer,partner,66.9,26,0,1556.82
4525,prosumer,organic,49.7,14,0,649.75
4526,consumer,paid,37.6,12,0,440.5
4527,consumer,organic,70.6,25,0,1605.1
4528,consumer,partner,57.9,10,0,497.2
4529,prosumer,partner,46.0,17,0,790.2
4530,consumer,organic,59.8,14,0,807.63
4531,consumer,organic,38.8,9,0,385.71
4532,consumer,partner,51.5,15,1,691.57
4533,smb,partner,33.9,9,0,302.1
4534,consumer,partner,86.8,26,0,2078.22
4535,consumer,paid,68.3,17,0,967.12
4536,consumer,paid,54.0,15,0,655.07
4537,prosumer,paid,40.1,13,0,416.43
4538,consumer,organic,21.9,10,0,154.58
4539,consumer,partner,66.1,25,1,1534.31
4540,consumer,paid,29.2,4,0,177.39
4541,consumer,paid,13.4,3,0,75.05
4542,prosumer,paid,75.6,19,0,1319.72
4543,prosumer,partner,45.7,14,0,655.33
4544,consumer,organic,75.3,14,0,992.37
4545,consumer,paid,75.2,29,0,2026.86
4546,consumer,partner,69.8,18,0,1198.01
4547,consumer,organic,42.6,8,0,369.73
4548,consumer,organic,42.0,13,0,546.89
4549,consumer,partner,69.3,16,0,958.09
4550,smb,partner,55.0,17,1,911.98
4551,consumer,paid,49.8,19,0,923.51
4552,consumer,organic,47.6,8,0,453.7
4553,consumer,organic,45.1,8,0,339.66
4554,consumer,paid,16.1,4,0,0.0
4555,consumer,partner,71.2,19,1,1388.25
4556,smb,partner,58.1,14,0,762.0
4557,prosumer,paid,47.5,13,0,480.51
4558,smb,organic,11.9,3,0,75.34
4559,consumer,paid,51.4,15,0,675.07
4560,consumer,paid,78.5,22,0,1628.21
4561,smb,organic,85.8,30,0,2421.22
4562,consumer,paid,72.6,19,0,1339.81
4563,prosumer,partner,47.4,17,0,660.29
4564,consumer,organic,56.0,21,0,1069.03
4565,consumer,paid,34.2,14,1,583.51
4566,consumer,organic,40.7,9,0,362.87
4567,consumer,partner,7.0,2,0,0.0
4568,consumer,organic,46.9,14,0,583.82
4569,smb,partner,73.4,19,0,1344.63
4570,consumer,organic,23.1,6,0,113.12
4571,prosumer,partner,60.9,19,0,1105.23
4572,consumer,paid,68.0,21,0,1360.46
4573,prosumer,partner,35.3,14,0,348.84
4574,smb,paid,51.7,12,0,549.08
4575,smb,paid,22.8,4,0,91.16
4576,smb,organic,76.6,19,1,1443.8
4577,consumer,organic,21.2,10,0,239.37
4578,consumer,organic,68.5,30,0,1858.05
4579,consumer,organic,80.6,22,0,1720.17
4580,prosumer,paid,75.6,16,1,1144.8
4581,consumer,partner,56.8,12,0,584.99
4582,consumer,organic,38.2,16,0,538.56
4583,consumer,partner,28.3,12,0,394.49
4584,consumer,paid,33.1,15,0,465.6
4585,consumer,paid,72.2,26,1,1758.42
4586,consumer,paid,74.2,29,0,2005.48
4587,smb,paid,90.1,24,0,1920.83
4588,consumer,organic,95.8,21,0,1920.49
4589,consumer,paid,64.4,16,0,936.47
4590,consumer,organic,21.5,9,0,238.02
4591,prosumer,partner,65.6,17,0,1045.76
4592,prosumer,partner,62.4,16,1,982.84
4593,consumer,partner,42.7,8,0,391.8
4594,consumer,organic,27.9,10,0,295.37
4595,prosumer,partner,38.7,13,0,494.06
4596,smb,paid,64.8,21,0,1200.6
4597,smb,partner,33.0,9,0,266.6
4598,consumer,partner,69.1,16,0,1062.5
4599,consumer,partner,57.2,16,0,832.75
4600,smb,organic,54.0,16,0,936.21
4601,smb,partner,26.6,9,0,234.63
4602,consumer,paid,34.7,10,0,239.95
4603,consumer,organic,30.4,12,0,276.1
4604,consumer,partner,33.7,10,0,369.69
4605,prosumer,partner,36.6,17,1,614.27
4606,smb,organic,48.6,8,0,349.0
4607,consumer,organic,16.5,7,0,153.66
4608,prosumer,partner,51.8,16,0,714.56
4609,prosumer,organic,43.5,12,0,436.78
4610,prosumer,organic,55.9,17,0,920.33
4611,consumer,organic,54.1,23,0,1160.46
4612,smb,paid,55.8,13,0,592.32
4613,consumer,organic,43.9,6,0,364.95
4614,consumer,organic,5.9,5,0,0.0
4615,prosumer,partner,23.7,10,0,331.76
4616,smb,organic,18.9,9,0,260.44
4617,smb,paid,49.0,16,0,807.35
4618,consumer,partner,46.1,12,0,448.13
4619,consumer,partner,34.8,12,0,423.47
4620,smb,organic,52.2,12,0,541.36
4621,prosumer,partner,60.2,20,0,1073.51
4622,prosumer,paid,26.3,17,0,492.41
4623,prosumer,partner,54.9,24,0,1223.58
4624,prosumer,partner,96.2,26,1,2410.62
4625,consumer,paid,52.2,14,0,739.27
4626,consumer,partner,43.4,18,0,770.4
4627,consumer,organic,79.5,26,0,2004.63
4628,consumer,paid,56.3,11,0,636.59
4629,smb,partner,75.6,22,0,1559.54
4630,consumer,partner,38.0,16,0,475.81
4631,smb,organic,56.7,15,0,783.47
4632,consumer,organic,28.4,11,0,265.82
4633,prosumer,organic,29.3,5,0,149.2
4634,consumer,organic,65.0,23,0,1298.63
4635,prosumer,paid,48.0,10,0,443.38
4636,consumer,organic,11.2,4,0,79.04
4637,consumer,organic,22.0,8,0,119.53
4638,prosumer,partner,49.4,13,0,679.65
4639,consumer,paid,77.8,25,0,1827.63
4640,prosumer,organic,50.6,10,0,518.72
4641,consumer,organic,65.7,21,1,1350.64
4642,smb,organic,32.6,8,0,208.44
4643,smb,paid,77.1,17,0,1195.86
4644,consumer,organic,54.7,19,0,966.89
4645,consumer,partner,55.5,16,0,735.23
4646,smb,organic,49.3,12,0,480.23
4647,smb,paid,46.3,13,0,571.49
4648,smb,organic,55.4,16,0,840.83
4649,consumer,paid,48.1,16,0,721.64
4650,consumer,organic,57.7,14,0,785.18
4651,consumer,organic,36.3,12,0,327.07
4652,consumer,partner,43.1,14,0,552.81
4653,smb,paid,30.6,14,0,489.2
4654,smb,partner,31.1,5,0,144.3
4655,consumer,partner,44.8,16,0,727.63
4656,consumer,organic,56.7,14,0,847.37
4657,consumer,paid,44.3,11,0,506.64
4658,consumer,paid,68.5,17,0,976.19
4659,prosumer,paid,54.8,21,0,995.53
4660,consumer,paid,76.6,17,0,1215.1
4661,consumer,partner,50.1,14,0,558.62
4662,smb,paid,78.5,30,0,2083.58
4663,consumer,partner,25.3,8,0,205.78
4664,prosumer,partner,29.6,4,0,29.63
4665,prosumer,partner,91.4,20,0,1643.42
4666,prosumer,partner,79.4,25,0,1788.26
4667,prosumer,paid,34.6,15,0,529.83
4668,prosumer,organic,38.1,17,0,645.36
4669,consumer,partner,67.8,14,0,886.52
4670,consumer,partner,48.3,20,0,952.42
4671,smb,organic,38.2,12,0,496.89
4672,prosumer,partner,71.3,16,0,947.07
4673,prosumer,paid,65.5,19,0,1149.73
4674,consumer,organic,27.2,3,0,164.57
4675,prosumer,paid,56.8,16,0,774.45
4676,consumer,organic,83.8,29,0,2281.25
4677,consumer,partner,48.0,21,0,993.42
4678,consumer,paid,49.8,13,0,630.46
4679,consumer,paid,10.6,6,0,33.2
4680,consumer,paid,40.1,12,0,396.28
4681,smb,paid,54.6,15,0,734.23
4682,consumer,partner,26.0,11,0,345.01
4683,consumer,paid,49.2,19,0,856.91
4684,consumer,organic,46.1,15,0,656.77
4685,consumer,organic,64.2,24,0,1466.17
4686,consumer,partner,47.4,12,0,609.76
4687,prosumer,paid,32.2,16,0,470.28
4688,consumer,partner,49.9,14,0,599.68
4689,consumer,partner,46.8,14,0,644.39
4690,consumer,paid,46.2,10,0,552.09
4691,consumer,organic,67.2,22,1,1488.07
4692,consumer,paid,39.5,6,1,242.74
4693,smb,partner,30.3,6,1,274.82
4694,consumer,partner,64.5,21,0,1335.09
4695,consumer,partner,37.2,12,0,442.66
4696,prosumer,organic,25.8,4,0,174.7
4697,consumer,paid,23.1,9,0,157.66
4698,consumer,organic,62.8,15,0,894.74
4699,consumer,partner,38.5,10,0,354.68
4700,smb,paid,16.6,8,0,98.28
4701,consumer,paid,50.6,17,0,796.1
4702,consumer,partner,94.5,25,0,2361.13
4703,consumer,partner,36.7,13,0,430.8
4704,smb,organic,58.2,20,0,1197.62
4705,prosumer,organic,78.3,24,0,1784.95
4706,prosumer,paid,47.9,10,0,484.63
4707,prosumer,paid,47.9,22,0,985.44
4708,consumer,partner,49.8,21,0,1047.62
4709,consumer,partner,60.3,20,0,1062.35
4710,smb,partner,17.0,5,0,65.4
4711,consumer,organic,23.8,12,0,270.1
4712,consumer,organic,69.6,20,0,1340.58
4713,prosumer,partner,63.8,17,0,1016.94
4714,prosumer,paid,45.3,12,0,448.93
4715,smb,partner,44.3,16,0,719.33
4716,consumer,organic,36.0,8,0,250.8
4717,consumer,partner,41.4,11,0,404.48
4718,smb,organic,38.5,15,0,629.99
4719,consumer,partner,48.9,24,0,1091.7
4720,smb,partner,72.8,21,0,1443.49
4721,prosumer,partner,32.9,8,0,235.95
4722,consumer,paid,63.7,20,0,1146.94
4723,prosumer,organic,41.5,11,0,325.84
4724,consumer,paid,37.1,10,0,457.69
4725,prosumer,organic,51.4,12,1,671.6
4726,consumer,paid,10.5,3,0,98.66
4727,consumer,organic,72.0,29,1,1891.86
4728,consumer,partner,52.7,5,0,230.69
4729,smb,organic,67.0,19,0,1183.12
4730,consumer,partner,71.8,15,1,1050.95
4731,consumer,partner,67.1,20,0,1279.4
4732,consumer,paid,42.3,8,0,262.52
4733,consumer,partner,26.4,4,0,152.72
4734,prosumer,partner,11.2,4,0,79.87
4735,consumer,organic,28.8,13,0,214.21
4736,consumer,paid,72.7,15,0,947.76
4737,smb,paid,34.1,7,0,245.95
4738,prosumer,paid,81.3,35,0,2665.13
4739,consumer,partner,63.5,17,0,944.49
4740,prosumer,organic,50.6,15,0,671.49
4741,prosumer,organic,42.6,10,0,382.52
4742,prosumer,paid,79.4,20,0,1457.32
4743,prosumer,paid,72.6,34,0,2124.19
4744,prosumer,paid,26.3,10,0,313.75
4745,consumer,partner,10.1,2,0,101.51
4746,consumer,organic,45.6,13,0,473.27
4747,consumer,paid,65.8,21,1,1358.7
4748,smb,partner,53.9,21,0,1035.16
4749,consumer,paid,63.3,13,0,821.86
4750,smb,paid,29.0,12,0,382.5
4751,consumer,partner,72.4,18,0,1180.96
4752,prosumer,organic,74.9,22,1,1422.61
4753,consumer,organic,39.1,15,0,580.92
4754,consumer,paid,56.8,14,0,775.62
4755,prosumer,partner,50.6,9,0,504.65
4756,prosumer,organic,51.2,21,1,1017.44
4757,smb,paid,69.4,16,1,1110.84
4758,consumer,organic,44.7,8,0,337.78
4759,smb,partner,26.0,10,0,333.05
4760,consumer,partner,57.7,17,0,1057.98
4761,consumer,partner,51.4,20,0,879.26
4762,prosumer,partner,85.4,25,0,1946.64
4763,smb,paid,49.8,6,0,353.35
4764,consumer,partner,74.8,18,0,1198.07
4765,prosumer,organic,68.4,17,0,1085.19
4766,smb,partner,82.6,19,0,1412.47
4767,prosumer,paid,20.2,5,0,99.62
4768,consumer,organic,33.9,7,0,189.73
4769,consumer,organic,46.4,16,0,623.68
4770,consumer,organic,64.6,18,0,1092.39
4771,prosumer,partner,64.5,17,0,1035.03
4772,consumer,organic,27.4,10,0,288.09
4773,prosumer,organic,50.5,15,0,831.22
4774,consumer,partner,23.2,7,0,320.7
4775,consumer,partner,35.4,10,0,361.95
4776,consumer,organic,36.2,9,0,344.26
4777,smb,organic,48.7,11,1,555.45
4778,consumer,paid,26.6,10,0,309.19
4779,consumer,paid,8.0,3,0,0.0
4780,smb,organic,29.5,10,0,353.68
4781,prosumer,organic,48.1,16,0,646.66
4782,consumer,paid,31.0,10,0,281.96
4783,smb,organic,26.5,4,0,280.83
4784,consumer,paid,48.6,10,0,479.39
4785,consumer,paid,70.7,7,0,431.69
4786,consumer,paid,69.3,18,0,1180.31
4787,consumer,organic,53.0,19,0,952.32
4788,consumer,paid,30.8,10,0,260.53
4789,consumer,organic,29.1,8,0,313.94
4790,prosumer,partner,59.5,13,0,729.82
4791,consumer,partner,83.5,17,0,1324.29
4792,prosumer,organic,83.9,20,0,1527.14
4793,smb,partner,48.1,18,0,869.39
4794,prosumer,paid,55.0,16,0,785.62
4795,prosumer,partner,18.7,8,0,129.24
4796,prosumer,paid,15.3,5,0,102.65
4797,consumer,partner,58.5,12,0,723.48
4798,smb,organic,47.2,16,0,629.82
4799,consumer,paid,82.2,21,0,1502.41
4800,prosumer,organic,43.6,10,0,427.45
4801,prosumer,paid,5.3,2,0,72.92
4802,consumer,paid,77.7,24,0,1762.15
4803,prosumer,paid,38.2,9,0,278.11
4804,consumer,paid,86.2,22,0,1759.78
4805,consumer,paid,26.2,11,0,282.67
4806,prosumer,organic,43.9,13,0,512.65
4807,prosumer,partner,43.4,17,0,656.48
4808,prosumer,partner,57.8,27,0,1408.07
4809,consumer,paid,65.5,17,0,1041.73
4810,consumer,paid,57.5,16,0,859.46
4811,prosumer,paid,23.2,6,0,150.53
4812,consumer,paid,63.6,20,0,1201.86
4813,consumer,paid,62.1,13,0,745.04
4814,smb,organic,39.1,13,0,413.08
4815,prosumer,partner,30.5,8,0,181.9
4816,prosumer,organic,57.1,13,0,644.35
4817,prosumer,paid,22.8,12,0,301.75
4818,prosumer,organic,27.1,1,0,102.83
4819,consumer,organic,32.3,10,0,295.24
4820,consumer,organic,61.3,19,0,1022.15
4821,prosumer,paid,23.9,7,0,116.19
4822,consumer,partner,29.7,6,0,126.25
4823,consumer,paid,73.1,30,0,2027.38
4824,prosumer,organic,30.2,22,0,697.01
4825,consumer,paid,76.4,20,0,1464.7
4826,consumer,organic,96.0,21,0,1866.77
4827,consumer,paid,25.3,2,0,47.8
4828,consumer,paid,73.1,20,0,1334.38
4829,prosumer,organic,81.6,23,0,1753.49
4830,prosumer,paid,38.2,9,0,378.53
4831,prosumer,paid,50.5,19,0,936.89
4832,consumer,organic,46.9,15,0,665.46
4833,consumer,organic,77.4,22,0,1576.11
4834,prosumer,organic,27.8,11,0,263.48
4835,prosumer,organic,60.7,21,0,1282.39
4836,consumer,partner,39.9,16,0,578.71
4837,smb,paid,12.8,5,0,34.36
4838,prosumer,paid,17.8,18,0,305.16
4839,consumer,organic,33.5,8,0,366.66
4840,consumer,paid,44.0,17,0,685.95
4841,prosumer,organic,52.1,16,0,661.59
4842,consumer,paid,6.2,2,0,0.0
4843,smb,partner,89.0,24,1,1949.27
4844,consumer,partner,30.6,11,0,454.4
4845,consumer,organic,11.2,6,0,121.61
4846,prosumer,organic,62.6,15,0,824.3
4847,consumer,partner,34.3,10,0,311.95
4848,consumer,partner,52.1,10,0,488.61
4849,consumer,paid,72.1,21,1,1376.41
4850,consumer,partner,55.4,21,0,1117.21
4851,consumer,partner,47.6,12,0,505.03
4852,smb,partner,53.9,8,1,471.16
4853,prosumer,partner,32.0,9,0,276.11
4854,consumer,partner,61.8,15,1,981.69
4855,consumer,organic,38.2,8,0,401.63
4856,consumer,partner,81.0,16,0,1201.92
4857,consumer,paid,69.7,13,0,827.49
4858,prosumer,partner,65.0,17,0,942.88
4859,prosumer,partner,40.5,5,0,231.15
4860,consumer,organic,19.7,8,0,154.13
4861,consumer,partner,53.9,17,0,880.77
4862,consumer,organic,19.7,9,0,250.13
4863,prosumer,paid,55.1,17,0,864.29
4864,consumer,organic,19.5,5,0,237.58
4865,prosumer,partner,26.4,13,0,384.06
4866,smb,organic,30.2,9,0,334.04
4867,consumer,organic,54.3,15,0,805.41
4868,prosumer,paid,49.5,14,0,688.36
4869,consumer,organic,50.0,10,0,423.56
4870,smb,partner,67.9,23,0,1465.35
4871,consumer,organic,39.2,8,0,287.97
4872,consumer,paid,18.8,8,0,212.03
4873,consumer,organic,91.6,33,0,2792.58
4874,consumer,organic,43.7,17,0,756.01
4875,consumer,paid,58.2,24,0,1394.48
4876,consumer,paid,39.2,8,0,375.18
4877,consumer,partner,66.3,11,0,694.25
4878,consumer,partner,49.8,13,1,633.66
4879,consumer,paid,56.2,24,0,1337.86
4880,prosumer,partner,22.5,12,0,251.31
4881,smb,paid,57.4,17,1,953.74
4882,consumer,partner,35.1,11,0,299.76
4883,consumer,paid,61.0,18,0,1082.24
4884,prosumer,paid,19.6,9,0,148.48
4885,prosumer,organic,27.0,5,0,154.15
4886,consumer,partner,48.0,6,1,281.4
4887,smb,partner,62.3,15,0,957.06
4888,consumer,paid,45.5,17,0,675.85
4889,consumer,partner,8.9,5,0,130.14
4890,consumer,paid,92.4,20,0,1670.99
4891,consumer,paid,25.7,9,0,371.29
4892,prosumer,organic,49.9,10,0,476.46
4893,prosumer,partner,8.3,1,0,28.44
4894,smb,paid,39.6,11,0,454.25
4895,consumer,partner,70.1,15,0,1053.77
4896,prosumer,paid,37.4,11,0,389.49
4897,prosumer,organic,24.1,6,0,64.26
4898,consumer,organic,65.7,23,0,1432.95
4899,consumer,paid,36.6,10,0,370.99
4900,prosumer,paid,45.6,14,0,643.18
4901,prosumer,partner,49.1,10,0,474.71
4902,consumer,paid,31.9,13,0,446.63
4903,consumer,paid,22.0,11,0,281.73
4904,prosumer,partner,64.5,13,0,822.11
4905,consumer,organic,34.6,5,0,140.25
4906,prosumer,organic,80.1,33,0,2353.87
4907,consumer,organic,35.6,4,0,154.7
4908,consumer,organic,45.3,14,0,611.73
4909,prosumer,paid,34.7,12,0,308.36
4910,prosumer,partner,56.8,28,0,1394.33
4911,prosumer,paid,14.1,6,0,93.93
4912,consumer,paid,75.7,25,0,1785.7
4913,smb,partner,17.6,6,0,57.73
4914,consumer,paid,24.7,10,0,337.24
4915,smb,paid,53.1,17,0,801.54
4916,prosumer,partner,63.2,19,0,1016.7
4917,consumer,paid,83.4,15,0,1178.06
4918,prosumer,organic,41.0,14,0,612.7
4919,consumer,paid,27.2,10,0,207.89
4920,consumer,organic,39.1,6,0,230.99
4921,prosumer,partner,52.8,17,0,906.95
4922,smb,organic,18.3,5,0,200.49
4923,prosumer,partner,27.7,5,0,155.86
4924,smb,paid,34.2,4,0,162.21
4925,consumer,partner,43.7,13,0,567.51
4926,prosumer,partner,93.4,24,0,1840.81
4927,consumer,paid,46.2,15,0,682.73
4928,prosumer,partner,51.3,14,0,678.77
4929,consumer,paid,30.1,13,0,408.63
4930,consumer,organic,90.2,23,0,1916.0
4931,consumer,organic,41.8,18,0,740.52
4932,smb,paid,51.9,19,0,929.3
4933,consumer,organic,17.6,7,0,128.45
4934,consumer,partner,27.7,13,0,324.68
4935,prosumer,organic,74.2,21,0,1438.28
4936,consumer,partner,69.3,16,0,1047.85
4937,prosumer,paid,60.0,12,1,643.84
4938,prosumer,paid,53.9,15,0,813.31
4939,consumer,partner,54.7,18,1,913.36
4940,smb,paid,86.9,28,1,2178.47
4941,consumer,paid,90.7,23,0,1824.34
4942,prosumer,partner,41.4,12,0,466.18
4943,consumer,organic,47.1,16,0,798.56
4944,smb,paid,22.5,10,0,304.18
4945,consumer,paid,92.0,24,0,2034.06
4946,consumer,organic,34.5,7,0,300.56
4947,prosumer,organic,29.4,9,1,363.62
4948,consumer,partner,28.1,9,0,258.49
4949,smb,paid,49.2,7,0,277.01
4950,prosumer,paid,27.0,4,0,64.34
4951,consumer,partner,74.7,24,1,1678.47
4952,consumer,partner,59.1,17,0,840.79
4953,consumer,paid,46.5,17,0,707.64
4954,consumer,organic,59.8,10,0,606.86
4955,consumer,organic,25.6,11,0,245.48
4956,consumer,partner,40.2,17,0,611.99
4957,consumer,paid,46.1,16,0,684.84
4958,consumer,paid,61.1,11,0,682.03
4959,prosumer,organic,78.6,17,0,1175.96
4960,smb,partner,54.3,23,0,1162.32
4961,smb,organic,47.7,14,0,674.74
4962,prosumer,partner,47.1,15,0,677.83
4963,consumer,paid,58.7,21,0,1177.99
4964,prosumer,partner,42.4,7,0,362.48
4965,prosumer,partner,37.3,10,0,451.32
4966,consumer,partner,49.9,16,0,802.41
4967,consumer,paid,36.6,11,0,337.23
4968,smb,organic,47.9,18,0,848.34
4969,smb,paid,56.1,8,0,409.88
4970,consumer,paid,71.0,11,1,688.38
4971,consumer,partner,53.8,15,0,771.03
4972,prosumer,paid,20.7,12,0,240.63
4973,prosumer,paid,40.6,13,1,568.25
4974,prosumer,paid,60.5,17,0,830.88
4975,consumer,partner,48.8,14,1,703.82
4976,prosumer,partner,29.9,7,0,160.42
4977,prosumer,organic,27.3,12,0,290.54
4978,prosumer,organic,22.2,2,0,105.5
4979,consumer,paid,23.6,4,0,131.55
4980,smb,partner,54.1,18,1,884.92
4981,smb,organic,39.6,14,0,454.15
4982,prosumer,paid,68.0,24,0,1488.29
4983,consumer,partner,19.2,7,0,202.27
4984,prosumer,organic,49.0,21,0,957.04
4985,consumer,paid,24.5,7,0,180.94
4986,consumer,organic,69.3,15,0,1000.48
4987,consumer,paid,74.9,22,0,1660.19
4988,prosumer,paid,47.9,11,0,437.78
4989,smb,paid,14.3,10,0,75.82
4990,consumer,paid,36.0,15,0,481.55
4991,smb,organic,54.9,20,0,956.87
4992,smb,organic,51.4,15,0,738.92
4993,prosumer,partner,64.2,20,0,1268.6
4994,consumer,partner,12.9,11,0,158.78
4995,prosumer,paid,61.8,17,0,1017.78
4996,prosumer,partner,61.7,18,0,929.0
4997,consumer,paid,54.7,10,0,560.23
4998,consumer,organic,43.1,12,0,547.7
4999,consumer,partner,25.4,10,0,297.94
5000,consumer,partner,39.4,8,0,297.73
5001,consumer,organic,6.2,4,0,24.29
5002,consumer,organic,67.6,22,0,1368.86
5003,smb,organic,45.9,14,0,513.24
5004,consumer,organic,43.6,13,0,589.21
5005,consumer,partner,53.2,10,0,578.41
5006,prosumer,partner,61.4,14,0,848.63
5007,smb,organic,19.9,8,0,160.17
5008,smb,paid,60.8,18,1,986.41
5009,consumer,organic,46.2,13,0,562.2
5010,consumer,organic,62.6,20,0,1170.99
5011,smb,paid,69.7,24,1,1592.65
5012,consumer,partner,12.8,3,0,0.0
5013,smb,partner,45.2,21,0,903.43
5014,consumer,organic,61.9,13,0,815.48
5015,prosumer,partner,52.5,16,0,807.56
5016,consumer,paid,52.8,14,0,607.96
5017,consumer,partner,59.8,17,1,920.96
5018,prosumer,paid,71.7,14,0,922.45
5019,smb,paid,22.4,8,0,140.66
5020,smb,paid,27.9,9,1,279.03
5021,consumer,paid,9.9,8,0,2.11
5022,consumer,paid,54.3,16,0,838.2
5023,consumer,organic,78.8,24,0,1690.78
5024,consumer,organic,69.4,16,0,1125.53
5025,smb,organic,56.9,14,0,737.57
5026,consumer,organic,16.2,8,0,208.67
5027,consumer,paid,44.9,2,0,231.47
5028,consumer,organic,47.7,11,0,520.1
5029,consumer,partner,65.6,18,0,1138.24
5030,prosumer,partner,54.9,18,0,912.91
5031,smb,partner,23.4,7,0,126.81
5032,consumer,organic,84.9,26,0,1984.25
5033,consumer,partner,63.0,24,0,1409.32
5034,consumer,paid,49.6,13,0,646.22
5035,consumer,organic,58.5,13,0,782.26
5036,prosumer,organic,84.2,26,0,1970.23
5037,consumer,paid,40.8,7,0,271.59
5038,prosumer,organic,83.5,33,0,2442.3
5039,prosumer,organic,76.2,27,0,1915.73
5040,consumer,partner,21.8,6,0,192.47
5041,consumer,partner,35.0,14,0,477.05
5042,consumer,partner,69.1,16,0,897.13
5043,consumer,paid,72.1,21,0,1324.72
5044,consumer,organic,57.0,17,0,895.15
5045,consumer,organic,46.3,11,0,474.15
5046,consumer,organic,80.9,18,0,1328.3
5047,consumer,organic,70.2,28,0,1700.91
5048,prosumer,partner,34.6,6,0,175.99
5049,consumer,organic,79.1,20,0,1488.46
5050,consumer,paid,53.4,21,0,1043.27
5051,consumer,partner,18.9,3,0,196.19
5052,consumer,partner,63.6,18,1,1050.1
5053,smb,paid,40.8,12,0,437.3
5054,prosumer,organic,79.2,28,0,2008.6
5055,consumer,partner,30.1,9,0,174.8
5056,consumer,partner,46.5,16,0,680.95
5057,consumer,paid,60.3,23,0,1277.6
5058,consumer,paid,47.7,10,0,510.26
5059,consumer,partner,42.4,12,0,403.09
5060,smb,paid,41.1,8,0,289.23
5061,prosumer,organic,60.7,20,0,1085.14
5062,consumer,organic,22.9,8,0,233.52
5063,prosumer,organic,56.7,24,0,1338.51
5064,prosumer,organic,24.0,5,0,104.86
5065,prosumer,organic,56.0,14,0,781.37
5066,consumer,organic,65.4,18,0,1137.54
5067,prosumer,partner,26.4,11,0,312.35
5068,consumer,organic,46.7,12,0,563.65
5069,consumer,paid,29.4,14,0,403.92
5070,consumer,partner,55.2,11,0,477.16
5071,consumer,organic,30.7,4,0,106.78
5072,prosumer,paid,48.1,14,0,475.36
5073,prosumer,paid,40.3,12,0,426.94
5074,consumer,paid,47.9,14,0,726.35
5075,prosumer,partner,33.0,13,0,395.67
5076,prosumer,organic,56.1,12,0,674.91
5077,consumer,partner,34.3,14,0,540.12
5078,smb,paid,75.0,16,0,1155.51
5079,prosumer,partner,41.3,13,0,587.24
5080,consumer,organic,56.5,24,0,1197.97
5081,smb,partner,48.8,13,1,613.18
5082,prosumer,organic,23.4,13,0,315.97
5083,prosumer,organic,56.9,25,0,1319.3
5084,consumer,partner,48.4,18,0,808.03
5085,consumer,partner,55.3,8,0,371.4
5086,consumer,partner,12.6,7,0,210.31
5087,prosumer,partner,52.9,14,0,679.05
5088,prosumer,paid,23.1,10,0,310.38
5089,prosumer,partner,27.3,12,0,245.84
5090,consumer,organic,17.8,9,0,143.92
5091,prosumer,organic,24.5,5,0,98.66
5092,prosumer,organic,63.2,13,1,863.38
5093,prosumer,partner,43.6,7,0,291.97
5094,consumer,paid,81.9,15,0,1170.49
5095,smb,organic,68.7,19,0,1175.1
5096,prosumer,paid,36.7,8,0,186.01
5097,smb,organic,64.1,17,0,930.18
5098,smb,partner,45.8,12,0,523.65
5099,consumer,partner,45.7,21,1,913.64
5100,consumer,partner,81.5,17,0,1303.21
5101,consumer,organic,70.8,16,0,1090.2
5102,consumer,organic,13.2,2,0,42.41
5103,smb,partner,46.9,11,0,345.82
5104,consumer,partner,45.7,16,0,719.31
5105,consumer,partner,31.7,12,0,385.76
5106,prosumer,partner,54.8,21,0,1016.03
5107,consumer,partner,18.2,3,0,0.0
5108,consumer,organic,56.6,14,0,720.93
5109,consumer,partner,42.4,20,0,815.15
5110,prosumer,organic,33.0,7,0,266.95
5111,consumer,partner,33.1,6,0,333.78
5112,consumer,paid,35.7,2,0,37.89
5113,consumer,partner,73.1,24,0,1648.55
5114,prosumer,organic,69.8,20,0,1380.32
5115,consumer,paid,52.8,16,0,751.33
5116,prosumer,organic,68.6,21,0,1323.81
5117,consumer,organic,77.6,29,0,2001.06
5118,smb,partner,69.2,23,0,1458.88
5119,consumer,paid,61.6,14,0,850.28
5120,prosumer,organic,34.6,12,0,377.45
5121,consumer,paid,88.3,26,0,2004.2
5122,consumer,partner,58.0,19,0,1034.48
5123,smb,organic,69.1,20,0,1284.68
5124,consumer,paid,78.8,19,0,1387.8
5125,consumer,organic,47.5,16,0,638.51
5126,consumer,paid,28.9,6,0,229.14
5127,consumer,paid,52.8,16,0,781.94
5128,prosumer,partner,70.6,16,0,998.18
5129,smb,organic,68.9,26,0,1723.59
5130,consumer,organic,21.4,6,0,129.97
5131,prosumer,paid,52.7,15,0,765.29
5132,consumer,organic,65.7,23,0,1402.57
5133,prosumer,partner,30.3,8,0,359.36
5134,smb,partner,68.0,18,0,1041.73
5135,consumer,paid,63.3,14,0,761.08
5136,consumer,organic,79.5,17,0,1156.02
5137,smb,partner,55.4,21,0,1157.2
5138,prosumer,paid,48.5,11,0,429.38
5139,consumer,organic,45.4,17,0,760.67
5140,consumer,organic,37.6,12,0,359.87
5141,consumer,paid,27.8,11,0,230.42
5142,consumer,partner,35.6,8,0,365.54
5143,consumer,partner,55.5,10,0,548.03
5144,smb,organic,97.9,25,0,2203.14
5145,consumer,partner,54.8,14,0,695.72
5146,prosumer,organic,55.8,10,0,427.77
5147,smb,organic,55.2,17,0,930.27
5148,prosumer,paid,83.3,26,0,1940.62
5149,smb,partner,72.0,16,0,1027.99
5150,consumer,partner,39.8,9,0,373.74
5151,smb,partner,46.8,19,0,799.45
5152,consumer,organic,19.6,7,0,93.74
5153,consumer,organic,38.0,15,1,572.72
5154,prosumer,organic,82.6,22,0,1587.9
5155,consumer,partner,42.5,16,1,591.21
5156,consumer,partner,50.0,10,0,442.03
5157,consumer,paid,60.6,19,0,1150.97
5158,consumer,organic,42.7,13,0,494.09
5159,consumer,organic,59.1,18,0,1098.22
5160,consumer,paid,27.7,12,0,376.4
5161,consumer,paid,40.7,9,0,264.9
5162,smb,organic,68.8,20,0,1362.05
5163,smb,organic,47.8,11,0,494.4
5164,consumer,organic,80.8,21,0,1502.46
5165,consumer,organic,73.5,21,0,1246.98
5166,consumer,paid,42.6,8,1,513.79
5167,consumer,partner,90.5,24,0,1934.2
5168,prosumer,partner,63.0,16,0,978.33
5169,prosumer,partner,83.6,27,0,1969.86
5170,consumer,paid,59.3,11,0,679.88
5171,prosumer,organic,55.5,14,0,802.97
5172,prosumer,paid,24.0,8,0,122.46
5173,consumer,partner,41.3,10,0,347.14
5174,prosumer,organic,44.1,19,1,906.47
5175,prosumer,paid,9.9,12,0,153.76
5176,consumer,organic,56.1,12,0,639.52
5177,consumer,paid,50.7,22,0,1029.88
5178,consumer,organic,66.2,11,0,690.86
5179,smb,partner,1.6,1,0,132.56
5180,consumer,partner,52.0,16,1,719.67
5181,consumer,paid,20.7,5,0,105.59
5182,smb,paid,59.8,19,0,1138.5
5183,consumer,paid,26.4,8,0,135.23
5184,consumer,organic,54.1,16,0,836.51
5185,consumer,organic,34.1,16,0,597.26
5186,consumer,paid,17.4,4,0,86.5
5187,consumer,paid,42.9,7,0,299.19
5188,consumer,organic,10.5,6,0,152.35
5189,consumer,organic,42.1,10,0,463.48
5190,prosumer,paid,52.7,10,1,568.29
5191,consumer,partner,61.0,14,0,721.64
5192,consumer,partner,49.9,11,0,417.53
5193,prosumer,organic,44.5,17,0,704.64
5194,smb,organic,34.3,5,0,261.5
5195,consumer,partner,49.6,7,0,419.1
5196,smb,organic,22.5,8,0,201.32
5197,consumer,paid,50.8,13,0,590.52
5198,smb,organic,37.7,12,0,469.71
5199,prosumer,partner,30.0,9,0,180.38
5200,consumer,partner,79.9,16,0,1094.4
5201,consumer,organic,71.8,27,0,1714.24
5202,smb,organic,57.4,11,0,648.33
5203,consumer,partner,20.1,10,0,251.56
5204,prosumer,partner,34.0,6,0,163.36
5205,smb,organic,71.5,20,0,1126.17
5206,consumer,organic,72.5,27,0,1767.03
5207,consumer,organic,78.0,21,1,1548.13
5208,prosumer,organic,12.3,5,0,92.99
5209,smb,paid,73.4,19,0,1283.43
5210,smb,partner,29.0,7,0,292.75
5211,smb,partner,95.3,26,0,2191.75
5212,consumer,partner,50.5,18,0,821.6
5213,consumer,paid,29.8,9,0,288.43
5214,prosumer,organic,69.1,21,0,1360.87
5215,consumer,paid,59.8,23,0,1361.41
5216,consumer,organic,44.2,12,0,492.52
5217,consumer,partner,81.1,19,1,1484.75
5218,smb,partner,9.4,6,0,92.38
5219,consumer,partner,23.9,2,0,139.64
5220,consumer,organic,76.4,27,0,1863.64
5221,consumer,partner,38.3,10,1,456.0
5222,consumer,organic,66.6,23,0,1468.88
5223,prosumer,partner,60.3,19,0,1041.35
5224,consumer,organic,42.6,9,0,513.28
5225,consumer,organic,39.5,8,0,273.86
5226,consumer,partner,62.6,14,0,807.74
5227,consumer,organic,25.4,11,0,267.56
5228,consumer,organic,11.3,2,0,0.0
5229,smb,partner,50.1,15,0,758.82
5230,prosumer,paid,32.3,6,0,225.96
5231,prosumer,paid,27.3,6,0,206.74
5232,prosumer,paid,59.4,15,0,779.7
5233,smb,partner,18.2,6,0,120.53
5234,prosumer,organic,22.9,11,0,232.49
5235,consumer,partner,30.7,12,0,304.9
5236,consumer,organic,63.7,22,0,1321.73
5237,prosumer,organic,58.8,12,0,750.8
5238,consumer,organic,43.3,14,0,546.97
5239,consumer,organic,64.6,19,0,1124.6
5240,consumer,organic,36.9,17,0,553.62
5241,smb,partner,16.7,4,0,25.37
5242,consumer,paid,26.6,11,0,309.3
5243,smb,partner,12.3,3,0,42.29
5244,consumer,paid,35.0,6,0,155.16
5245,consumer,organic,31.7,11,0,415.38
5246,consumer,organic,51.1,19,0,914.89
5247,consumer,organic,62.8,15,0,884.85
5248,consumer,partner,5.9,4,0,31.38
5249,smb,partner,50.5,13,0,615.75
5250,smb,organic,27.2,13,0,355.08
5251,smb,partner,25.4,9,0,261.05
5252,consumer,organic,32.3,15,0,451.58
5253,smb,partner,25.8,4,0,186.2
5254,consumer,organic,83.8,17,0,1242.11
5255,smb,partner,33.9,14,0,473.4
5256,prosumer,partner,39.2,10,0,365.76
5257,consumer,paid,71.1,13,0,910.55
5258,smb,paid,21.0,10,0,238.51
5259,consumer,paid,66.9,18,0,1145.72
5260,consumer,organic,78.6,23,0,1670.87
5261,prosumer,organic,57.2,11,0,522.87
5262,consumer,paid,46.6,15,0,732.07
5263,smb,paid,30.4,7,0,268.75
5264,smb,partner,18.1,6,0,131.87
5265,prosumer,paid,34.0,11,0,374.56
5266,prosumer,organic,34.5,20,0,715.41
5267,smb,partner,27.1,10,0,260.98
5268,consumer,partner,42.7,10,0,408.75
5269,consumer,organic,35.1,6,0,284.76
5270,smb,partner,55.0,14,1,750.59
5271,consumer,partner,86.6,23,0,1782.72
5272,consumer,partner,7.8,3,0,69.67
5273,prosumer,partner,74.2,22,0,1456.09
5274,consumer,organic,37.0,12,0,357.49
5275,consumer,partner,34.8,12,0,484.14
5276,consumer,paid,49.7,10,1,412.54
5277,prosumer,paid,45.8,11,0,534.88
5278,consumer,partner,39.2,9,0,361.87
5279,consumer,partner,89.7,18,0,1559.47
5280,consumer,partner,33.2,14,0,574.85
5281,consumer,organic,13.3,7,0,0.0
5282,smb,paid,33.8,6,0,229.59
5283,consumer,partner,64.6,25,0,1468.92
5284,consumer,partner,93.6,25,0,2107.56
5285,consumer,partner,47.6,16,1,711.08
5286,prosumer,partner,36.2,12,0,399.17
5287,smb,organic,87.6,35,0,2730.61
5288,consumer,partner,31.4,12,0,359.92
5289,consumer,partner,52.3,17,0,748.96
5290,consumer,organic,56.9,14,0,625.89
5291,smb,paid,49.4,24,0,1111.65
5292,prosumer,partner,42.4,13,0,636.72
5293,smb,paid,18.6,4,0,67.0
5294,consumer,paid,92.2,22,1,1969.28
5295,consumer,paid,38.9,14,0,624.08
5296,consumer,partner,40.0,11,0,413.94
5297,prosumer,paid,47.3,15,0,632.07
5298,consumer,organic,27.6,9,0,275.54
5299,smb,paid,39.6,20,0,612.59
5300,consumer,paid,49.9,15,1,694.18
5301,consumer,partner,76.0,21,0,1500.5
5302,consumer,organic,38.4,20,1,798.4
5303,prosumer,paid,30.7,9,0,277.68
5304,prosumer,paid,22.1,11,0,110.15
5305,smb,paid,85.2,18,1,1544.33
5306,consumer,paid,59.5,26,0,1441.87
5307,consumer,partner,41.4,9,0,400.84
5308,consumer,paid,50.5,16,0,733.01
5309,consumer,paid,12.9,7,0,84.46
5310,consumer,paid,18.8,6,0,174.77
5311,smb,paid,54.5,10,0,531.33
5312,smb,partner,19.8,6,0,174.58
5313,consumer,paid,65.8,9,1,599.43
5314,prosumer,partner,50.6,16,1,778.13
5315,smb,partner,58.3,19,0,1071.94
5316,consumer,partner,28.0,11,0,351.92
5317,consumer,paid,48.1,9,0,340.06
5318,consumer,organic,80.2,22,0,1685.78
5319,consumer,paid,37.8,11,0,431.97
5320,prosumer,paid,47.3,13,0,563.76
5321,consumer,paid,62.6,16,0,949.53
5322,prosumer,paid,67.2,17,0,962.52
5323,consumer,paid,62.7,16,0,1037.52
5324,prosumer,partner,36.3,10,0,412.78
5325,prosumer,partner,53.3,25,0,1224.0
5326,prosumer,organic,54.1,14,0,694.91
5327,consumer,organic,22.3,13,0,388.16
5328,consumer,organic,47.0,16,0,692.94
5329,prosumer,organic,58.5,17,0,957.17
5330,smb,paid,12.0,2,0,34.33
5331,prosumer,organic,80.7,22,0,1525.94
5332,consumer,organic,57.4,12,0,655.55
5333,consumer,paid,68.5,21,0,1198.78
5334,consumer,paid,57.7,16,0,784.55
5335,consumer,paid,58.8,13,0,688.91
5336,prosumer,organic,59.8,20,0,1157.11
5337,consumer,partner,23.3,4,0,105.03
5338,smb,organic,88.8,22,0,1724.14
5339,smb,partner,27.2,8,0,199.57
5340,consumer,organic,34.9,10,0,471.21
5341,consumer,paid,26.4,9,0,210.18
5342,consumer,partner,39.8,8,0,401.29
5343,prosumer,partner,44.0,16,0,666.95
5344,prosumer,partner,60.0,16,1,962.97
5345,smb,partner,23.6,7,0,150.72
5346,consumer,partner,55.1,13,1,724.24
5347,consumer,partner,70.0,13,0,836.34
5348,consumer,partner,4.0,4,0,0.0
5349,prosumer,partner,45.8,14,0,541.17
5350,consumer,organic,29.3,6,0,184.57
5351,consumer,organic,29.4,7,0,194.19
5352,consumer,paid,54.7,18,0,882.6
5353,consumer,paid,54.0,18,0,914.41
5354,consumer,paid,41.9,11,0,380.39
5355,consumer,paid,57.3,20,0,1054.16
5356,consumer,paid,52.8,14,0,725.47
5357,consumer,partner,13.0,8,0,5.01
5358,consumer,partner,50.8,13,0,604.1
5359,consumer,paid,35.6,15,0,447.05
5360,smb,paid,36.9,12,0,413.07
5361,smb,paid,27.7,7,0,127.02
5362,prosumer,organic,39.1,11,0,375.09
5363,prosumer,organic,68.5,20,1,1327.58
5364,consumer,partner,24.1,11,0,282.08
5365,prosumer,partner,52.1,3,0,191.77
5366,prosumer,paid,38.9,10,0,374.13
5367,consumer,partner,59.4,20,0,1041.43
5368,consumer,organic,45.9,16,0,556.99
5369,consumer,organic,47.5,14,0,587.0
5370,consumer,paid,82.2,24,0,1784.53
5371,consumer,paid,53.5,12,0,552.64
5372,consumer,partner,81.0,27,0,1907.34
5373,prosumer,paid,47.4,12,1,623.76
5374,prosumer,paid,8.5,1,0,49.34
5375,consumer,paid,51.2,16,0,763.5
5376,consumer,partner,53.9,17,0,865.38
5377,smb,organic,35.5,10,0,459.14
5378,consumer,paid,31.1,9,0,253.45
5379,prosumer,partner,36.4,10,0,310.07
5380,consumer,partner,55.6,11,0,560.71
5381,prosumer,paid,56.3,16,0,816.37
5382,consumer,paid,57.9,17,0,900.26
5383,smb,organic,65.3,17,0,1017.6
5384,consumer,partner,73.0,15,0,1015.26
5385,smb,paid,24.3,5,0,110.91
5386,prosumer,organic,79.1,21,0,1507.43
5387,consumer,organic,11.7,3,0,77.54
5388,consumer,paid,47.9,10,0,393.48
5389,consumer,paid,57.5,21,0,1103.23
5390,consumer,paid,71.9,15,0,913.98
5391,smb,partner,69.5,17,0,1198.59
5392,consumer,partner,16.2,8,0,168.35
5393,consumer,organic,52.2,17,0,874.88
5394,consumer,partner,48.9,15,0,742.93
5395,consumer,partner,69.8,26,1,1769.58
5396,consumer,paid,72.4,15,0,1004.32
5397,consumer,organic,36.9,13,0,496.09
5398,consumer,organic,59.2,14,0,801.46
5399,smb,organic,67.7,12,1,808.59
5400,consumer,organic,50.4,26,0,1278.3
5401,prosumer,partner,37.7,12,0,398.43
5402,prosumer,partner,59.9,16,0,890.18
5403,prosumer,partner,78.1,23,0,1646.55
5404,consumer,partner,20.1,3,0,60.72
5405,consumer,paid,15.9,3,0,119.33
5406,consumer,paid,28.0,3,0,141.62
5407,consumer,partner,72.3,17,0,1042.58
5408,consumer,paid,68.6,13,0,831.66
5409,smb,partner,61.1,17,1,999.45
5410,consumer,partner,19.9,7,1,109.83
5411,consumer,organic,50.7,16,1,808.05
5412,smb,partner,42.9,9,0,414.57
5413,consumer,paid,55.6,17,0,919.82
5414,prosumer,paid,50.7,14,0,560.03
5415,consumer,paid,32.2,13,0,418.08
5416,consumer,paid,32.6,11,0,345.61
5417,consumer,partner,44.8,14,0,508.01
5418,consumer,organic,57.7,16,0,903.17
5419,consumer,paid,47.8,19,0,886.54
5420,consumer,paid,38.1,13,0,459.25
5421,consumer,organic,74.1,23,0,1588.61
5422,consumer,organic,60.1,13,0,828.74
5423,consumer,organic,38.2,13,0,401.13
5424,prosumer,partner,56.1,20,0,1048.82
5425,prosumer,organic,88.1,17,0,1335.6
5426,consumer,partner,37.4,8,0,383.32
5427,consumer,partner,53.4,20,0,959.64
5428,consumer,organic,46.3,21,0,953.31
5429,consumer,organic,49.4,8,0,319.79
5430,consumer,organic,41.7,9,1,341.66
5431,consumer,organic,51.9,16,0,778.28
5432,prosumer,paid,71.2,25,0,1659.32
5433,prosumer,organic,11.9,11,0,139.47
5434,smb,organic,32.8,15,0,437.77
5435,consumer,partner,4.6,9,0,33.77
5436,consumer,organic,30.9,12,0,406.73
5437,consumer,partner,68.4,19,1,1227.71
5438,consumer,organic,15.4,3,0,0.0
5439,consumer,paid,64.9,20,1,1215.42
5440,consumer,partner,37.1,9,0,347.37
5441,consumer,organic,76.3,15,1,1014.46
5442,smb,paid,55.4,15,0,775.17
5443,consumer,paid,59.5,16,1,848.48
5444,consumer,partner,79.7,15,0,1046.34
5445,consumer,partner,57.7,21,0,1107.64
5446,consumer,paid,29.8,4,0,45.08
5447,consumer,organic,90.4,23,0,1949.49
5448,prosumer,organic,72.5,16,0,1194.37
5449,consumer,paid,28.9,12,0,421.87
5450,consumer,partner,36.4,15,0,422.55
5451,smb,paid,33.8,22,0,660.26
5452,consumer,paid,66.9,17,1,1210.83
5453,consumer,paid,16.2,8,0,144.23
5454,prosumer,paid,61.6,21,0,1250.55
5455,prosumer,partner,84.3,21,0,1678.21
5456,consumer,paid,11.2,4,0,68.54
5457,prosumer,paid,28.5,4,0,131.17
5458,consumer,partner,90.7,24,1,1913.18
5459,prosumer,partner,56.7,20,0,1070.14
5460,prosumer,partner,37.8,8,0,311.16
5461,consumer,partner,30.0,7,0,269.7
5462,smb,paid,34.5,13,0,470.35
5463,prosumer,partner,47.6,16,0,703.36
5464,smb,partner,29.9,7,0,240.98
5465,consumer,paid,79.9,21,0,1532.27
5466,consumer,organic,67.2,20,1,1212.17
5467,prosumer,paid,80.1,31,0,2256.27
5468,prosumer,organic,56.8,10,0,542.69
5469,consumer,paid,35.2,13,1,419.74
5470,consumer,partner,88.2,18,0,1438.66
5471,consumer,organic,77.3,24,0,1724.11
5472,prosumer,partner,50.7,11,1,551.82
5473,prosumer,organic,27.0,8,0,197.57
5474,consumer,organic,34.6,14,0,411.87
5475,consumer,organic,27.6,6,0,222.91
5476,prosumer,organic,47.8,15,0,712.48
5477,prosumer,organic,26.7,10,0,353.33
5478,consumer,organic,56.1,11,0,596.61
5479,consumer,partner,36.4,15,0,630.25
5480,consumer,paid,23.5,8,0,151.2
5481,prosumer,paid,55.5,15,0,752.42
5482,consumer,paid,23.2,6,0,109.27
5483,prosumer,paid,26.8,9,0,193.71
5484,consumer,partner,61.4,16,0,877.83
5485,consumer,paid,58.9,18,0,994.92
5486,consumer,organic,62.8,17,0,969.55
5487,prosumer,partner,25.0,3,0,198.92
5488,prosumer,organic,30.2,10,0,266.41
5489,prosumer,paid,44.2,16,0,663.52
5490,prosumer,partner,76.1,28,0,2007.39
5491,consumer,paid,60.7,22,0,1257.77
5492,consumer,organic,65.5,26,0,1689.16
5493,prosumer,partner,26.8,12,0,281.47
5494,prosumer,partner,82.6,27,0,1852.18
5495,prosumer,organic,57.0,21,0,1048.4
5496,prosumer,organic,13.0,4,0,113.92
5497,consumer,organic,19.7,7,0,148.29
5498,consumer,paid,35.2,7,0,240.82
5499,consumer,organic,69.1,20,0,1291.38
5500,smb,partner,75.9,21,0,1464.82
5501,consumer,partner,46.3,14,0,562.97
5502,prosumer,paid,21.2,7,0,38.13
5503,prosumer,organic,65.8,23,0,1310.58
5504,smb,partner,37.9,15,0,444.78
5505,prosumer,paid,57.9,15,0,805.09
5506,consumer,partner,55.0,14,0,691.13
5507,smb,paid,48.1,13,0,580.85
5508,consumer,paid,53.7,22,0,959.79
5509,smb,paid,72.6,30,0,1985.07
5510,consumer,paid,56.8,16,0,866.67
5511,consumer,paid,59.9,9,0,476.99
5512,smb,partner,14.7,7,0,118.03
5513,consumer,partner,41.8,13,0,619.34
5514,smb,paid,14.7,6,0,48.46
5515,consumer,organic,22.8,6,0,159.27
5516,smb,paid,44.4,15,0,513.85
5517,consumer,partner,24.8,8,0,123.66
5518,prosumer,partner,76.2,19,1,1434.28
5519,consumer,paid,61.8,17,0,931.96
5520,consumer,organic,8.3,2,0,0.0
5521,consumer,organic,31.7,11,0,375.16
5522,consumer,organic,69.0,19,0,1217.8
5523,prosumer,paid,38.3,10,0,321.27
5524,smb,paid,21.4,4,0,127.46
5525,consumer,partner,44.5,10,0,553.31
5526,prosumer,partner,67.7,23,0,1432.16
5527,consumer,paid,45.7,12,0,561.98
5528,consumer,paid,78.6,16,0,1083.81
5529,consumer,organic,73.7,15,0,963.93
5530,consumer,partner,60.8,17,0,1025.6
5531,consumer,paid,16.3,6,0,214.96
5532,smb,paid,50.8,13,0,690.72
5533,consumer,paid,64.0,17,0,980.25
5534,consumer,paid,52.1,20,0,1002.65
5535,consumer,partner,26.7,9,0,266.21
5536,consumer,paid,19.5,5,0,197.05
5537,consumer,organic,50.8,11,0,531.54
5538,smb,partner,31.4,8,0,282.26
5539,prosumer,organic,48.9,13,0,602.09
5540,prosumer,paid,47.5,14,0,668.13
5541,prosumer,organic,44.1,13,0,416.0
5542,consumer,organic,29.6,11,0,346.39
5543,prosumer,organic,54.4,22,0,1212.75
5544,smb,partner,89.1,21,0,1660.88
5545,smb,organic,91.9,21,1,1851.08
5546,consumer,organic,37.6,14,0,535.3
5547,consumer,paid,45.5,8,0,460.04
5548,consumer,organic,40.1,12,0,519.09
5549,consumer,paid,62.0,20,0,1271.28
5550,smb,partner,38.8,7,0,191.66
5551,prosumer,organic,54.5,20,0,1052.53
5552,consumer,paid,2.6,5,0,77.45
5553,smb,organic,55.8,20,0,950.98
5554,prosumer,paid,46.1,13,0,643.46
5555,consumer,paid,53.7,15,0,763.81
5556,consumer,organic,43.1,16,0,615.74
5557,consumer,partner,14.7,4,0,180.16
5558,consumer,paid,57.4,12,0,642.19
5559,consumer,organic,58.8,18,0,992.57
5560,prosumer,partner,56.7,17,0,897.17
5561,prosumer,paid,67.0,12,0,806.46
5562,smb,paid,12.4,3,0,152.8
5563,consumer,partner,25.5,8,0,246.97
5564,smb,organic,82.4,20,0,1532.12
5565,prosumer,paid,40.1,19,0,667.27
5566,consumer,organic,92.9,28,1,2412.2
5567,smb,organic,59.1,12,0,640.31
5568,consumer,paid,60.7,12,0,657.29
5569,prosumer,partner,36.4,12,0,428.33
5570,consumer,organic,16.2,5,0,166.16
5571,consumer,partner,75.0,26,0,1871.83
5572,prosumer,partner,47.9,17,0,695.17
5573,prosumer,paid,39.1,8,0,413.15
5574,consumer,organic,24.0,8,0,195.4
5575,prosumer,partner,73.9,21,0,1605.94
5576,smb,organic,29.4,4,0,284.4
5577,prosumer,partner,60.2,15,0,844.38
5578,smb,partner,67.4,16,1,1057.13
5579,consumer,organic,75.2,18,0,1202.15
5580,consumer,paid,52.3,12,0,653.68
5581,consumer,paid,55.4,17,0,1008.5
5582,consumer,paid,42.6,18,0,586.04
5583,prosumer,organic,68.6,24,1,1563.78
5584,prosumer,partner,37.6,9,0,420.06
5585,consumer,organic,34.9,18,1,709.41
5586,consumer,paid,20.3,7,0,263.42
5587,consumer,partner,88.8,28,0,2267.42
5588,consumer,organic,78.2,13,0,992.01
5589,prosumer,partner,49.1,17,0,781.68
5590,prosumer,organic,43.1,9,0,431.01
5591,consumer,paid,37.3,8,0,269.29
5592,prosumer,paid,70.7,25,1,1643.45
5593,consumer,partner,10.7,4,0,109.34
5594,consumer,organic,44.2,7,0,356.59
5595,consumer,partner,46.2,9,1,473.45
5596,consumer,paid,17.4,10,0,195.58
5597,smb,partner,22.7,4,0,147.51
5598,consumer,organic,71.5,18,0,1191.43
5599,consumer,partner,53.8,15,0,707.72
5600,consumer,organic,6.6,6,0,143.2
5601,consumer,partner,54.1,14,0,632.98
5602,consumer,organic,27.2,17,0,397.99
5603,consumer,organic,72.8,21,0,1483.18
5604,prosumer,organic,17.3,7,0,39.9
5605,consumer,partner,51.8,18,0,729.72
5606,prosumer,partner,27.9,9,0,259.46
5607,consumer,partner,25.2,12,0,290.8
5608,prosumer,organic,61.6,20,0,1153.19
5609,consumer,partner,22.4,7,0,209.91
5610,consumer,paid,73.0,18,0,1195.39
5611,consumer,paid,49.1,18,0,744.36
5612,consumer,organic,42.3,17,0,613.65
5613,consumer,partner,42.1,9,0,417.91
5614,prosumer,organic,35.4,15,0,334.92
5615,consumer,partner,37.6,21,0,751.52
5616,prosumer,partner,51.4,13,0,610.18
5617,smb,partner,58.7,13,1,892.97
5618,prosumer,partner,16.0,1,0,20.62
5619,smb,paid,15.2,10,0,183.57
5620,consumer,partner,69.5,22,0,1386.83
5621,consumer,paid,56.1,14,0,826.51
5622,smb,organic,16.1,6,0,152.37
5623,consumer,partner,51.0,11,0,538.68
5624,smb,partner,59.0,18,0,987.33
5625,smb,paid,29.7,13,0,380.09
5626,consumer,partner,31.2,10,0,316.09
5627,prosumer,paid,49.9,16,0,740.06
5628,consumer,paid,66.5,15,0,891.14
5629,consumer,partner,52.0,21,0,960.11
5630,prosumer,paid,43.2,12,0,385.19
5631,prosumer,organic,84.1,26,1,2066.56
5632,consumer,partner,68.0,18,0,1160.04
5633,consumer,paid,85.6,31,0,2391.31
5634,smb,organic,31.9,8,0,164.02
5635,smb,partner,55.1,8,0,466.13
5636,consumer,organic,19.9,7,0,80.58
5637,smb,organic,33.9,9,0,395.7
5638,smb,paid,48.9,10,0,564.16
5639,smb,partner,35.7,13,0,542.64
5640,smb,paid,23.3,5,0,168.65
5641,consumer,partner,30.6,9,0,270.23
5642,consumer,partner,13.9,7,0,110.72
5643,prosumer,organic,22.8,6,0,202.98
5644,prosumer,paid,49.5,15,0,702.38
5645,smb,paid,43.9,21,0,823.51
5646,prosumer,partner,60.1,18,0,1018.39
5647,smb,organic,74.0,14,1,861.65
5648,consumer,partner,91.1,22,1,1881.18
5649,consumer,partner,38.2,9,0,393.64
5650,consumer,partner,42.2,11,0,427.88
5651,prosumer,partner,16.1,3,0,24.84
5652,smb,partner,43.6,10,0,423.6
5653,consumer,paid,94.2,17,1,1570.18
5654,prosumer,paid,20.7,4,0,82.3
5655,consumer,partner,37.9,11,0,396.31
5656,consumer,organic,38.5,6,0,218.08
5657,prosumer,organic,19.2,6,0,128.98
5658,consumer,organic,9.3,7,0,238.23
5659,consumer,partner,24.5,6,0,224.71
5660,consumer,partner,15.9,1,0,67.69
5661,prosumer,paid,53.1,17,0,802.21
5662,consumer,paid,32.1,12,0,350.72
5663,smb,paid,74.0,20,0,1415.36
5664,consumer,paid,70.8,19,0,1189.11
5665,consumer,organic,59.4,17,0,888.57
5666,consumer,paid,19.2,9,0,255.51
5667,prosumer,organic,63.4,12,0,696.82
5668,consumer,organic,85.3,23,0,1733.84
5669,consumer,partner,64.2,17,0,980.03
5670,consumer,organic,66.7,17,1,1050.03
5671,consumer,paid,17.2,9,0,99.91
5672,smb,paid,29.4,10,0,454.18
5673,consumer,paid,42.8,19,0,724.96
5674,consumer,partner,74.6,19,0,1321.26
5675,smb,organic,25.2,6,0,132.31
5676,prosumer,paid,49.3,10,0,479.93
5677,consumer,paid,53.4,18,0,814.64
5678,prosumer,organic,60.6,23,0,1199.14
5679,consumer,paid,67.5,19,0,1191.28
5680,prosumer,partner,40.8,15,0,577.54
5681,prosumer,paid,35.5,8,0,340.61
5682,consumer,organic,52.5,23,0,1043.86
5683,consumer,partner,48.8,12,0,615.93
5684,consumer,paid,14.1,9,0,194.59
5685,consumer,organic,78.5,28,0,1964.45
5686,consumer,partner,51.4,15,0,718.12
5687,consumer,partner,70.1,15,0,931.59
5688,prosumer,paid,78.0,20,0,1464.95
5689,consumer,paid,43.5,11,0,452.1
5690,smb,organic,20.2,3,0,53.75
5691,smb,organic,29.1,12,0,287.8
5692,prosumer,partner,23.1,7,0,320.18
5693,consumer,partner,56.8,14,0,724.3
5694,consumer,paid,85.2,19,0,1469.32
5695,consumer,partner,23.3,13,0,355.48
5696,consumer,organic,19.7,6,0,125.77
5697,smb,paid,39.5,11,0,402.14
5698,consumer,organic,62.8,23,0,1301.81
5699,smb,organic,46.7,17,0,814.5
5700,consumer,paid,49.8,11,0,528.37
5701,prosumer,partner,36.7,12,0,401.74
5702,prosumer,partner,53.6,16,0,792.16
5703,smb,organic,6.7,2,0,0.0
5704,consumer,partner,33.5,15,0,537.96
5705,prosumer,paid,34.1,10,0,285.29
5706,prosumer,partner,50.2,10,0,559.17
5707,consumer,partner,42.3,11,0,488.89
5708,consumer,organic,24.3,11,0,202.27
5709,consumer,organic,43.2,16,0,623.3
5710,prosumer,organic,51.0,13,1,722.28
5711,prosumer,partner,29.6,10,0,321.1
5712,consumer,paid,56.7,8,0,331.14
5713,consumer,paid,80.7,20,1,1509.52
5714,consumer,partner,82.0,26,1,2010.4
5715,consumer,paid,31.1,16,0,447.65
5716,consumer,paid,56.1,20,0,1060.95
5717,consumer,organic,35.5,8,0,241.39
5718,consumer,partner,10.3,6,0,7.62
5719,prosumer,paid,27.4,10,0,311.22
5720,consumer,organic,30.0,12,0,328.58
5721,consumer,organic,77.2,24,1,1742.25
5722,prosumer,organic,78.0,19,0,1282.23
5723,consumer,organic,63.4,20,0,1247.56
5724,consumer,paid,65.0,24,0,1473.65
5725,consumer,paid,40.4,9,0,332.08
5726,consumer,organic,10.6,8,0,81.33
5727,prosumer,partner,8.5,2,0,55.62
5728,consumer,organic,22.4,6,0,230.14
5729,consumer,organic,41.5,10,0,396.49
5730,smb,paid,58.5,14,0,786.75
5731,consumer,organic,54.8,11,0,585.81
5732,consumer,organic,22.6,9,0,285.19
5733,prosumer,paid,20.2,8,0,187.97
5734,smb,organic,48.0,14,0,645.72
5735,consumer,partner,30.3,6,0,207.62
5736,consumer,partner,43.4,14,0,579.98
5737,consumer,partner,75.7,22,0,1512.85
5738,consumer,partner,34.0,10,0,232.95
5739,consumer,paid,62.9,21,0,1187.49
5740,consumer,paid,64.3,17,0,1034.48
5741,consumer,paid,93.6,32,0,2622.62
5742,prosumer,partner,66.5,18,0,1032.36
5743,prosumer,partner,55.8,12,0,657.21
5744,consumer,paid,37.5,13,0,434.53
5745,consumer,partner,16.8,6,0,147.45
5746,consumer,organic,36.6,15,0,546.22
5747,consumer,organic,49.2,17,0,698.47
5748,smb,partner,42.5,17,0,771.81
5749,prosumer,paid,34.9,8,0,315.9
5750,prosumer,organic,28.5,4,0,212.4
5751,consumer,paid,89.4,28,0,2316.62
5752,prosumer,organic,28.4,8,0,389.06
5753,consumer,partner,88.4,24,0,1931.39
5754,prosumer,partner,44.0,12,0,519.45
5755,consumer,partner,40.0,13,0,456.63
5756,prosumer,paid,37.5,19,0,645.57
5757,consumer,organic,74.1,16,0,1168.1
5758,consumer,paid,71.6,19,0,1262.73
5759,smb,organic,56.0,13,0,585.78
5760,consumer,partner,11.7,4,0,130.76
5761,consumer,partner,74.0,15,1,971.14
5762,prosumer,paid,64.4,14,1,858.1
5763,consumer,organic,53.9,8,0,334.78
5764,prosumer,paid,67.3,18,0,1038.25
5765,consumer,organic,47.7,12,0,505.76
5766,consumer,partner,8.4,5,0,80.98
5767,prosumer,partner,62.5,28,0,1685.57
5768,consumer,paid,64.1,21,1,1319.32
5769,consumer,partner,52.3,17,0,845.15
5770,consumer,partner,20.5,5,0,37.52
5771,consumer,paid,24.1,12,0,279.72
5772,prosumer,paid,49.7,15,0,779.17
5773,consumer,paid,70.0,18,0,1243.83
5774,prosumer,paid,47.2,18,0,808.48
5775,prosumer,paid,39.8,8,0,331.41
5776,consumer,organic,79.1,28,0,1967.32
5777,smb,partner,17.3,2,0,39.21
5778,consumer,organic,52.4,25,0,1189.67
5779,consumer,paid,31.7,6,0,369.78
5780,consumer,paid,85.4,21,0,1594.35
5781,consumer,organic,69.1,26,1,1678.7
5782,consumer,organic,33.5,17,0,513.52
5783,prosumer,organic,30.7,8,0,288.97
5784,prosumer,organic,46.9,17,0,889.86
5785,consumer,paid,55.8,18,1,882.38
5786,smb,organic,69.3,20,1,1302.83
5787,consumer,partner,75.8,24,0,1795.59
5788,prosumer,organic,56.5,22,0,1158.64
5789,consumer,partner,41.6,12,0,544.37
5790,consumer,organic,66.2,16,1,1023.38
5791,consumer,partner,13.4,6,0,80.57
5792,consumer,paid,48.7,14,0,661.09
5793,prosumer,organic,29.0,12,0,336.19
5794,prosumer,paid,11.4,3,0,0.0
5795,consumer,partner,25.3,8,0,194.82
5796,prosumer,paid,21.2,5,0,91.94
5797,prosumer,partner,63.3,12,0,806.56
5798,prosumer,organic,7.5,2,0,0.0
5799,consumer,partner,32.1,14,0,380.33
5800,consumer,partner,63.9,17,1,1128.92
5801,consumer,partner,48.6,20,0,887.67
5802,consumer,paid,59.0,14,0,745.43
5803,prosumer,paid,73.4,26,0,1668.0
5804,consumer,paid,67.0,14,0,875.41
5805,consumer,paid,84.1,27,0,1998.41
5806,consumer,paid,55.9,19,0,1072.48
5807,prosumer,partner,44.5,12,0,509.86
5808,consumer,partner,55.1,11,0,658.55
5809,consumer,partner,46.4,12,0,540.34
5810,prosumer,partner,41.3,8,0,326.79
5811,consumer,paid,73.7,16,0,1056.82
5812,consumer,paid,32.6,13,0,403.82
5813,consumer,organic,55.4,24,0,1202.7
5814,consumer,organic,41.6,11,0,479.85
5815,consumer,organic,73.6,24,0,1675.18
5816,consumer,paid,35.5,8,0,234.21
5817,consumer,organic,60.6,18,0,1014.79
5818,consumer,paid,24.9,8,0,206.98
5819,consumer,partner,69.2,20,0,1287.63
5820,prosumer,partner,61.1,17,0,884.48
5821,consumer,partner,41.9,11,0,450.71
5822,prosumer,partner,71.9,26,0,1749.6
5823,consumer,organic,89.6,20,0,1716.48
5824,smb,partner,32.3,7,0,308.35
5825,prosumer,paid,55.3,16,0,851.59
5826,smb,partner,58.8,17,0,855.94
5827,prosumer,partner,44.0,13,0,539.09
5828,consumer,paid,63.0,16,0,880.05
5829,consumer,organic,77.0,16,0,1112.23
5830,consumer,partner,25.2,8,0,236.49
5831,prosumer,paid,45.8,13,0,549.99
5832,consumer,partner,71.1,20,0,1348.75
5833,consumer,organic,34.3,13,0,449.39
5834,prosumer,organic,17.9,5,0,111.6
5835,consumer,paid,47.5,11,0,665.98
5836,consumer,paid,37.4,13,0,564.66
5837,prosumer,partner,53.8,4,0,254.7
5838,prosumer,paid,71.0,16,0,1076.05
5839,consumer,organic,13.2,7,0,37.38
5840,consumer,paid,84.3,29,1,2242.17
5841,consumer,paid,39.0,9,0,410.0
5842,consumer,partner,64.5,18,0,1168.83
5843,consumer,organic,69.4,21,0,1389.25
5844,consumer,partner,60.6,12,0,652.61
5845,prosumer,partner,75.1,25,0,1735.56
5846,consumer,organic,76.5,18,1,1349.57
5847,consumer,paid,53.3,19,1,939.6
5848,prosumer,paid,71.9,16,0,1113.21
5849,prosumer,partner,61.3,15,0,875.77
5850,consumer,partner,59.1,20,0,1133.64
5851,prosumer,paid,71.7,18,0,1194.4
5852,consumer,partner,40.3,13,0,401.54
5853,consumer,organic,17.9,6,0,27.42
5854,consumer,partner,52.1,10,0,438.95
5855,consumer,paid,40.4,8,0,411.05
5856,consumer,partner,85.6,19,0,1468.97
5857,consumer,paid,13.7,8,0,136.68
5858,consumer,paid,49.4,9,0,265.82
5859,consumer,partner,77.8,18,0,1268.29
5860,consumer,partner,82.4,20,0,1631.37
5861,prosumer,partner,54.8,15,0,815.3
5862,consumer,paid,33.9,13,0,384.1
5863,consumer,organic,75.1,19,0,1286.83
5864,smb,partner,29.3,9,0,197.72
5865,smb,organic,17.0,4,0,33.96
5866,consumer,partner,84.0,33,0,2541.0
5867,consumer,paid,82.0,17,0,1394.69
5868,prosumer,organic,50.1,21,0,1017.9
5869,consumer,partner,85.3,22,0,1734.71
5870,consumer,partner,65.9,22,0,1310.49
5871,prosumer,paid,45.8,15,0,687.36
5872,consumer,organic,75.4,18,0,1360.65
5873,consumer,organic,22.7,3,0,175.52
5874,consumer,paid,53.6,16,0,802.28
5875,consumer,paid,6.5,1,0,17.51
5876,consumer,organic,81.3,13,0,951.21
5877,consumer,organic,63.3,15,1,894.74
5878,smb,partner,43.2,10,0,329.08
5879,consumer,partner,68.9,25,0,1582.31
5880,consumer,partner,44.4,12,0,456.95
5881,smb,paid,39.7,14,0,485.09
5882,consumer,partner,74.7,25,1,1747.54
5883,consumer,partner,62.0,19,0,1155.11
5884,prosumer,organic,25.0,10,0,382.65
5885,consumer,organic,50.0,15,0,787.62
5886,prosumer,partner,46.6,8,0,305.31
5887,consumer,partner,65.1,12,0,734.51
5888,prosumer,partner,74.4,23,1,1610.75
5889,consumer,organic,78.4,25,0,1878.7
5890,prosumer,paid,35.5,12,0,427.3
5891,consumer,paid,42.1,20,0,789.04
5892,prosumer,organic,57.1,10,0,525.33
5893,consumer,paid,41.7,12,1,458.56
5894,consumer,organic,46.9,6,0,240.08
5895,smb,partner,35.4,10,0,326.73
5896,prosumer,paid,48.0,13,0,605.57
5897,consumer,partner,13.4,10,0,200.92
5898,smb,organic,61.7,12,0,715.9
5899,prosumer,paid,19.2,6,0,85.61
5900,consumer,partner,29.7,12,0,407.56
5901,consumer,paid,53.8,14,0,636.32
5902,consumer,paid,65.4,19,0,1116.95
5903,prosumer,partner,91.3,29,0,2382.08
5904,prosumer,organic,13.5,1,0,114.45
5905,smb,paid,40.3,11,0,476.21
5906,consumer,paid,11.0,6,0,81.98
5907,smb,organic,31.4,9,0,242.04
5908,prosumer,organic,46.8,11,0,540.47
5909,smb,organic,86.0,14,0,1210.51
5910,consumer,partner,40.3,11,0,384.03
5911,consumer,partner,75.5,30,0,2138.08
5912,prosumer,paid,80.7,18,0,1353.56
5913,smb,paid,44.3,11,0,410.67
5914,consumer,paid,84.4,16,0,1296.53
5915,prosumer,partner,73.1,24,1,1592.82
5916,consumer,partner,58.5,15,0,818.22
5917,consumer,paid,79.5,28,0,2063.75
5918,consumer,partner,79.2,16,0,1007.48
5919,consumer,organic,81.8,21,1,1638.36
5920,consumer,partner,23.8,9,0,303.38
5921,prosumer,partner,20.6,6,0,106.78
5922,consumer,partner,55.3,12,0,702.29
5923,consumer,partner,55.7,16,1,913.93
5924,consumer,partner,23.2,15,0,477.74
5925,consumer,partner,81.7,20,0,1588.58
5926,prosumer,paid,42.4,16,0,639.82
5927,prosumer,paid,41.2,11,0,388.38
5928,smb,organic,74.8,26,0,1814.51
5929,consumer,partner,73.3,21,0,1381.54
5930,consumer,partner,40.7,12,0,452.74
5931,prosumer,paid,49.9,13,0,645.39
5932,consumer,organic,36.9,9,0,318.86
5933,smb,organic,56.1,11,0,576.57
5934,consumer,paid,46.5,17,0,838.66
5935,smb,partner,71.7,23,0,1633.99
5936,consumer,partner,70.2,24,1,1605.92
5937,prosumer,organic,59.4,24,0,1234.98
5938,prosumer,partner,19.1,9,0,230.82
5939,consumer,organic,63.9,15,0,775.8
5940,consumer,partner,26.8,8,0,166.56
5941,smb,organic,47.2,12,0,594.06
5942,consumer,paid,69.9,23,1,1555.04
5943,consumer,paid,11.0,5,0,109.49
5944,consumer,partner,9.2,9,0,28.75
5945,consumer,paid,61.6,22,0,1326.53
5946,consumer,paid,38.5,13,0,472.49
5947,consumer,paid,27.6,3,0,124.97
5948,consumer,paid,50.7,17,1,937.61
5949,consumer,partner,62.4,14,0,850.28
5950,smb,partner,25.2,4,0,124.92
5951,consumer,partner,59.3,15,0,841.78
5952,consumer,paid,26.0,3,0,93.81
5953,prosumer,organic,16.7,7,0,169.62
5954,prosumer,partner,41.9,18,0,689.98
5955,smb,paid,25.3,6,0,89.65
5956,consumer,partner,87.6,28,0,2291.11
5957,consumer,partner,35.1,16,0,571.22
5958,consumer,partner,78.0,21,0,1469.1
5959,prosumer,organic,22.8,10,0,362.85
5960,consumer,organic,52.1,16,0,752.67
5961,prosumer,paid,45.2,13,0,596.08
5962,consumer,partner,57.7,16,0,773.23
5963,consumer,paid,6.5,4,0,44.61
5964,consumer,paid,40.6,9,0,384.09
5965,consumer,organic,26.5,5,0,199.35
5966,prosumer,partner,53.4,15,0,755.57
5967,consumer,partner,38.0,13,0,487.77
5968,prosumer,partner,28.6,7,0,175.88
5969,consumer,paid,29.3,15,0,255.45
5970,prosumer,partner,89.2,32,0,2534.32
5971,consumer,partner,46.2,12,0,544.5
5972,smb,paid,76.9,20,1,1471.64
5973,prosumer,partner,25.3,8,0,260.13
5974,consumer,paid,88.1,31,1,2606.64
5975,consumer,organic,63.4,19,0,1152.68
5976,smb,partner,48.4,11,1,492.37
5977,prosumer,partner,45.2,15,0,583.77
5978,prosumer,partner,47.4,13,1,564.44
5979,consumer,organic,45.2,11,0,483.61
5980,prosumer,partner,65.1,14,1,995.74
5981,consumer,paid,74.2,22,0,1444.87
5982,consumer,paid,69.4,17,0,1015.73
5983,smb,partner,48.5,16,1,685.53
5984,consumer,partner,71.4,20,1,1353.76
5985,consumer,organic,71.8,22,1,1458.34
5986,consumer,partner,60.1,23,0,1225.09
5987,smb,partner,82.8,26,0,1898.82
5988,consumer,partner,38.4,12,0,485.16
5989,consumer,partner,45.3,13,0,575.93
5990,prosumer,paid,42.5,15,0,595.76
5991,consumer,organic,28.9,5,0,178.17
5992,consumer,paid,32.3,6,0,182.17
5993,prosumer,organic,64.8,15,0,832.24
5994,smb,organic,36.8,18,0,742.05
5995,consumer,partner,69.6,26,0,1723.07
5996,consumer,paid,33.9,12,0,403.08
5997,consumer,partner,71.9,19,1,1269.67
5998,smb,partner,52.9,17,0,790.13
5999,consumer,paid,61.8,17,0,998.67
6000,prosumer,partner,55.6,14,0,762.27
6001,prosumer,paid,51.3,12,0,611.36
6002,consumer,partner,36.3,13,0,584.61
6003,consumer,paid,62.7,22,0,1235.19
6004,consumer,organic,20.8,9,0,216.05
6005,consumer,paid,75.7,17,1,1179.43
6006,consumer,organic,51.5,19,0,927.19
6007,consumer,organic,48.1,12,0,549.54
6008,consumer,paid,52.7,21,0,1079.39
6009,consumer,partner,35.5,9,0,317.95
6010,consumer,paid,53.0,14,0,620.66
6011,prosumer,paid,30.6,13,0,428.35
6012,prosumer,paid,14.3,4,0,46.81
6013,smb,partner,81.7,25,0,1862.53
6014,consumer,paid,23.4,6,0,343.57
6015,smb,paid,51.8,16,0,777.73
6016,consumer,paid,25.9,6,0,85.24
6017,consumer,paid,82.1,17,0,1194.25
6018,consumer,partner,34.4,9,0,249.68
6019,consumer,organic,54.3,16,0,806.08
6020,prosumer,organic,84.3,18,0,1324.42
6021,consumer,paid,30.9,9,0,395.7
6022,smb,organic,55.5,15,0,732.99
6023,smb,organic,45.4,15,0,606.43
6024,prosumer,paid,71.0,12,0,812.33
6025,prosumer,organic,80.5,14,0,1088.5
6026,consumer,organic,28.3,7,0,290.34
6027,prosumer,organic,79.7,23,0,1688.77
6028,consumer,organic,55.4,17,0,874.41
6029,consumer,organic,34.2,8,0,253.93
6030,consumer,organic,56.5,24,0,1272.91
6031,consumer,organic,45.5,12,0,474.98
6032,smb,partner,42.4,17,0,681.98
6033,consumer,partner,22.1,6,0,47.34
6034,prosumer,partner,32.0,14,0,395.0
6035,consumer,partner,18.8,6,0,147.68
6036,consumer,organic,66.4,15,0,953.53
6037,consumer,paid,49.7,14,0,694.16
6038,consumer,partner,21.7,5,0,106.75
6039,smb,partner,11.6,5,0,0.0
6040,consumer,partner,16.4,6,0,50.34
6041,prosumer,organic,58.8,18,0,985.29
6042,smb,paid,74.5,12,1,907.03
6043,prosumer,organic,59.9,11,1,698.69
6044,smb,partner,22.8,10,0,111.32
6045,prosumer,organic,53.7,14,0,747.83
6046,prosumer,partner,59.9,23,0,1267.5
6047,consumer,partner,34.5,4,0,96.08
6048,consumer,partner,34.0,11,0,432.31
6049,consumer,paid,18.3,7,1,237.66
6050,consumer,paid,71.6,9,0,572.3
6051,consumer,partner,59.5,18,0,905.34
6052,prosumer,partner,26.6,8,0,201.89
6053,consumer,organic,42.1,12,0,373.64
6054,prosumer,partner,20.1,5,0,89.62
6055,prosumer,paid,66.8,15,1,1051.64
6056,prosumer,paid,36.1,4,0,182.02
6057,consumer,partner,55.7,19,0,1100.88
6058,consumer,paid,43.1,12,0,480.04
6059,consumer,organic,35.5,16,0,537.07
6060,prosumer,paid,78.6,19,0,1356.01
6061,consumer,organic,67.7,19,0,1200.99
6062,consumer,paid,26.9,11,0,292.89
6063,prosumer,partner,81.2,10,0,751.03
6064,consumer,organic,62.3,14,0,834.85
6065,consumer,partner,77.1,19,1,1361.18
6066,consumer,partner,38.0,17,0,678.73
6067,prosumer,organic,18.0,6,0,140.0
6068,consumer,paid,41.5,12,0,405.9
6069,consumer,partner,67.7,20,1,1240.9
6070,prosumer,organic,64.5,16,0,913.99
6071,smb,organic,51.2,18,0,797.92
6072,smb,paid,88.3,21,1,1741.35
6073,consumer,organic,10.7,2,0,22.29
6074,prosumer,paid,43.9,11,0,550.27
6075,prosumer,partner,46.0,18,0,713.95
6076,smb,organic,79.9,27,0,1978.17
6077,prosumer,paid,27.0,9,0,232.07
6078,prosumer,partner,35.1,12,0,460.7
6079,prosumer,organic,25.0,6,1,146.43
6080,prosumer,paid,33.3,13,0,407.11
6081,consumer,paid,58.5,18,0,985.56
6082,consumer,partner,74.7,21,1,1397.63
6083,consumer,organic,93.0,29,0,2402.17
6084,prosumer,partner,23.3,10,0,160.28
6085,consumer,partner,74.2,15,0,957.41
6086,smb,partner,43.2,19,0,802.67
6087,smb,organic,14.1,4,0,81.25
6088,consumer,paid,49.4,12,0,565.04
6089,consumer,paid,14.2,2,0,147.53
6090,consumer,organic,73.1,17,0,1186.09
6091,consumer,partner,95.7,23,1,2092.89
6092,prosumer,partner,22.2,4,0,78.69
6093,prosumer,paid,37.9,7,0,221.77
6094,smb,partner,31.3,16,0,530.84
6095,consumer,partner,60.1,14,0,766.3
6096,consumer,partner,28.4,9,0,285.16
6097,consumer,paid,36.9,12,0,439.09
6098,prosumer,paid,38.6,9,0,309.81
6099,consumer,organic,48.3,16,0,777.94
6100,consumer,organic,77.2,19,1,1272.07
6101,consumer,paid,22.8,6,0,180.2
6102,consumer,organic,55.6,12,0,665.23
6103,consumer,organic,58.8,8,0,415.83
6104,consumer,organic,47.9,20,0,984.67
6105,consumer,partner,56.1,11,0,609.74
6106,prosumer,organic,70.0,13,0,825.7
6107,smb,partner,14.3,5,0,169.45
6108,prosumer,paid,62.4,22,1,1259.4
6109,consumer,partner,65.5,24,0,1474.26
6110,smb,partner,18.5,6,0,154.21
6111,smb,partner,53.2,18,0,926.3
6112,prosumer,paid,43.9,21,0,964.88
6113,consumer,paid,24.2,7,0,229.03
6114,prosumer,partner,77.3,27,0,1898.56
6115,smb,partner,34.6,13,0,468.73
6116,consumer,organic,68.7,17,0,946.67
6117,prosumer,partner,42.6,5,0,135.37
6118,smb,partner,51.8,14,0,675.99
6119,consumer,partner,59.5,11,0,577.7
6120,prosumer,organic,64.0,19,0,1116.53
6121,consumer,paid,87.6,25,1,2010.61
6122,consumer,paid,51.6,14,0,610.57
6123,consumer,paid,33.4,12,0,252.7
6124,consumer,organic,57.9,19,0,992.14
6125,prosumer,paid,68.8,23,1,1534.38
6126,smb,paid,21.8,8,0,204.02
6127,consumer,paid,43.9,8,1,477.06
6128,consumer,organic,40.7,18,0,761.05
6129,prosumer,paid,50.5,19,0,787.26
6130,consumer,organic,28.6,10,0,262.78
6131,consumer,organic,41.0,11,0,363.29
6132,smb,organic,75.8,24,0,1638.18
6133,smb,paid,71.3,21,0,1310.59
6134,prosumer,organic,58.1,20,0,1136.04
6135,consumer,paid,60.1,13,0,679.13
6136,prosumer,paid,83.9,28,0,2131.82
6137,consumer,partner,18.4,5,0,186.24
6138,smb,paid,50.1,21,0,853.67
6139,consumer,paid,49.0,14,0,722.78
6140,consumer,paid,48.9,11,0,416.66
6141,consumer,partner,55.3,18,0,1018.96
6142,consumer,paid,33.7,9,0,391.29
6143,consumer,partner,20.9,5,0,143.43
6144,consumer,partner,29.1,17,0,489.76
6145,consumer,paid,63.7,9,0,353.69
6146,prosumer,paid,71.3,16,1,1050.48
6147,smb,paid,50.1,12,0,732.41
6148,smb,partner,70.8,15,1,955.07
6149,consumer,organic,39.0,8,0,233.48
6150,consumer,organic,33.8,7,0,192.76
6151,smb,partner,87.8,25,0,2065.77
6152,smb,partner,47.2,14,0,591.05
6153,consumer,organic,29.0,7,0,178.39
6154,consumer,paid,46.5,18,0,812.9
6155,consumer,paid,62.4,17,0,1038.09
6156,consumer,partner,35.0,7,0,222.55
6157,smb,organic,71.8,18,1,1266.25
6158,prosumer,partner,29.0,8,0,326.46
6159,consumer,organic,21.3,4,0,27.41
6160,consumer,paid,42.0,15,0,535.11
6161,consumer,organic,56.1,12,0,630.9
6162,consumer,partner,28.7,3,0,86.1
6163,consumer,organic,70.2,21,0,1406.72
6164,consumer,partner,51.7,10,0,517.88
6165,prosumer,paid,10.1,3,0,76.63
6166,smb,organic,66.0,20,0,1190.18
6167,consumer,partner,36.5,14,0,488.58
6168,consumer,paid,48.7,14,0,716.15
6169,consumer,partner,33.4,10,0,398.19
6170,consumer,paid,28.7,11,0,325.51
6171,prosumer,partner,35.4,12,0,467.58
6172,prosumer,paid,52.1,12,0,603.12
6173,smb,partner,54.8,12,0,562.5
6174,consumer,partner,11.0,3,0,40.78
6175,prosumer,organic,19.7,4,0,30.54
6176,consumer,partner,66.5,16,0,899.51
6177,consumer,partner,18.2,6,0,114.76
6178,smb,paid,47.4,19,0,877.37
6179,prosumer,paid,33.1,15,1,470.96
6180,consumer,paid,40.7,16,0,690.0
6181,consumer,paid,12.2,8,0,87.04
6182,prosumer,paid,57.0,17,0,1048.71
6183,consumer,partner,47.7,17,0,826.28
6184,smb,organic,17.2,6,1,165.34
6185,consumer,paid,17.3,7,0,167.31
6186,prosumer,partner,54.7,17,0,897.0
6187,prosumer,paid,25.7,12,0,364.86
6188,prosumer,partner,36.6,20,0,803.35
6189,prosumer,organic,42.6,17,0,659.26
6190,consumer,organic,69.3,17,0,1070.3
6191,consumer,partner,30.2,5,0,288.91
6192,consumer,paid,31.1,12,0,427.17
6193,consumer,partner,76.6,20,1,1375.77
6194,consumer,paid,35.9,11,1,361.98
6195,consumer,organic,15.1,6,0,194.71
6196,consumer,organic,70.6,16,0,1140.8
6197,prosumer,partner,51.0,14,0,719.07
6198,prosumer,paid,40.8,17,0,680.88
6199,prosumer,organic,24.7,4,0,108.57
6200,consumer,organic,35.2,8,0,277.33
6201,prosumer,organic,29.3,9,0,351.35
6202,consumer,organic,63.6,16,0,923.91
6203,consumer,organic,62.4,21,1,1195.55
6204,consumer,paid,16.0,5,0,154.1
6205,prosumer,paid,53.4,15,1,636.68
6206,consumer,paid,62.3,18,0,1041.08
6207,prosumer,organic,68.7,20,0,1357.14
6208,consumer,partner,24.5,8,0,177.5
6209,consumer,partner,83.9,24,0,1781.22
6210,consumer,paid,16.6,2,0,47.48
6211,smb,organic,24.7,10,0,315.3
6212,consumer,paid,29.7,15,0,472.67
6213,consumer,partner,80.9,23,0,1810.6
6214,smb,partner,83.8,25,1,2025.31
6215,consumer,partner,30.0,9,0,215.38
6216,smb,paid,23.4,8,0,131.43
6217,consumer,paid,18.4,5,0,0.0
6218,prosumer,partner,44.7,10,1,440.2
6219,prosumer,organic,65.0,15,0,971.38
6220,consumer,partner,13.5,5,0,79.2
6221,consumer,partner,82.8,24,1,1980.48
6222,consumer,organic,26.0,9,0,255.6
6223,consumer,paid,59.0,23,0,1336.38
6224,prosumer,paid,28.0,8,0,236.43
6225,smb,organic,39.2,12,0,494.17
6226,consumer,paid,53.4,11,0,655.84
6227,consumer,paid,40.2,15,0,685.57
6228,consumer,paid,19.2,6,0,178.67
6229,consumer,paid,60.6,14,0,635.08
6230,consumer,paid,31.3,10,0,273.87
6231,smb,organic,44.9,16,1,537.92
6232,consumer,partner,52.0,15,0,747.06
6233,consumer,organic,25.2,5,0,20.25
6234,consumer,partner,56.4,16,0,913.36
6235,consumer,paid,38.5,13,0,500.97
6236,prosumer,organic,60.0,21,0,1139.06
6237,consumer,paid,27.7,8,0,252.24
6238,smb,partner,49.7,21,0,962.65
6239,smb,organic,53.4,8,0,396.93
6240,smb,organic,83.0,20,0,1580.21
6241,consumer,organic,46.8,15,0,632.14
6242,consumer,partner,34.6,17,0,645.77
6243,prosumer,organic,11.7,11,0,105.46
6244,consumer,partner,23.8,7,0,13.18
6245,prosumer,paid,90.0,23,0,1801.52
6246,prosumer,organic,50.3,22,0,970.18
6247,smb,paid,66.5,19,0,1259.77
6248,prosumer,paid,7.7,1,0,0.0
6249,consumer,partner,20.6,14,0,182.61
6250,consumer,partner,43.8,15,0,653.77
6251,prosumer,organic,57.6,19,0,916.58
6252,smb,paid,55.3,16,0,786.19
6253,consumer,organic,60.6,17,0,874.95
6254,prosumer,partner,66.1,20,1,1188.93
6255,consumer,partner,40.0,12,0,406.31
6256,consumer,paid,37.7,13,0,417.45
6257,consumer,paid,62.0,20,0,1216.42
6258,consumer,organic,32.9,10,0,337.87
6259,consumer,paid,34.4,14,0,523.64
6260,consumer,paid,36.3,12,0,330.63
6261,prosumer,paid,42.4,10,0,428.02
6262,smb,organic,67.8,13,0,910.28
6263,consumer,partner,71.1,21,0,1384.91
6264,consumer,organic,43.2,8,0,420.06
6265,consumer,paid,69.1,22,0,1446.96
6266,smb,partner,13.0,7,0,31.61
6267,smb,partner,33.5,7,0,244.96
6268,consumer,organic,32.9,12,0,427.43
6269,consumer,paid,36.1,12,0,435.74
6270,consumer,organic,64.1,16,0,1043.92
6271,prosumer,organic,60.1,17,0,896.11
6272,consumer,partner,54.1,10,0,538.24
6273,consumer,organic,80.1,22,0,1528.69
6274,consumer,organic,71.5,18,0,1179.0
6275,consumer,paid,27.2,5,0,44.71
6276,prosumer,organic,21.5,4,0,66.41
6277,smb,paid,22.0,8,0,165.56
6278,consumer,organic,33.1,7,0,277.36
6279,consumer,paid,65.1,20,0,1286.57
6280,prosumer,partner,65.6,16,1,942.15
6281,consumer,organic,12.7,5,0,147.79
6282,consumer,paid,39.8,8,0,330.43
6283,consumer,partner,54.4,18,0,842.15
6284,consumer,paid,41.4,7,0,343.61
6285,prosumer,partner,9.4,6,0,71.93
6286,prosumer,partner,28.9,7,0,245.06
6287,consumer,organic,50.7,13,0,569.31
6288,consumer,partner,33.0,15,0,523.81
6289,smb,paid,23.9,7,0,125.93
6290,consumer,paid,45.4,13,0,545.29
6291,consumer,organic,92.6,14,0,1226.9
6292,prosumer,organic,80.7,21,0,1601.49
6293,consumer,organic,47.4,20,0,958.89
6294,smb,partner,63.6,16,1,990.79
6295,prosumer,paid,86.5,28,1,2205.51
6296,smb,organic,47.8,16,0,799.11
6297,consumer,organic,87.9,25,0,1952.24
6298,consumer,paid,25.1,9,0,251.25
6299,consumer,partner,59.5,15,0,845.43
6300,consumer,paid,58.6,15,0,912.25
6301,consumer,partner,67.2,15,0,940.58
6302,smb,organic,74.6,19,1,1240.17
6303,smb,partner,12.0,7,0,180.92
6304,smb,organic,52.5,17,0,914.09
6305,consumer,organic,29.0,10,0,397.07
6306,consumer,organic,49.1,12,0,591.98
6307,consumer,organic,28.0,4,0,63.75
6308,consumer,organic,45.0,16,1,688.86
6309,consumer,paid,30.5,8,0,279.47
6310,consumer,partner,53.3,23,0,1071.18
6311,consumer,paid,68.4,18,0,1163.33
6312,consumer,paid,14.8,11,0,114.72
6313,consumer,partner,26.4,14,0,336.43
6314,consumer,organic,12.0,1,0,23.05
6315,consumer,partner,91.2,28,1,2388.72
6316,consumer,partner,33.2,7,0,238.61
6317,prosumer,partner,57.1,14,0,726.81
6318,smb,paid,67.1,16,0,1024.61
6319,consumer,organic,13.6,6,0,119.66
6320,prosumer,partner,74.8,10,0,765.03
6321,consumer,organic,23.6,10,0,237.6
6322,smb,organic,55.4,21,0,1029.9
6323,consumer,organic,14.4,11,0,206.12
6324,consumer,organic,39.9,12,0,488.56
6325,consumer,organic,69.2,20,0,1386.04
6326,prosumer,partner,38.3,9,0,369.2
6327,consumer,paid,84.8,25,0,1952.64
6328,consumer,organic,69.7,24,0,1478.34
6329,prosumer,partner,68.6,22,0,1407.68
6330,consumer,partner,48.6,13,0,553.54
6331,prosumer,partner,58.0,14,0,828.79
6332,consumer,organic,39.5,12,0,363.41
6333,smb,organic,22.0,10,0,310.85
6334,prosumer,paid,21.1,5,0,87.26
6335,consumer,partner,12.5,3,0,69.4
6336,consumer,paid,55.8,19,0,873.65
6337,consumer,partner,28.9,7,0,245.8
6338,consumer,paid,32.6,7,0,304.74
6339,consumer,partner,36.6,14,0,497.94
6340,consumer,organic,27.9,11,0,294.34
6341,consumer,paid,44.0,8,0,376.61
6342,consumer,organic,46.3,15,0,723.9
6343,prosumer,partner,37.1,17,0,597.08
6344,consumer,organic,49.9,10,0,417.51
6345,smb,paid,29.5,5,0,201.35
6346,consumer,organic,32.7,6,0,199.11
6347,consumer,partner,21.9,5,0,122.18
6348,consumer,paid,58.3,13,0,625.37
6349,consumer,organic,19.4,6,0,75.19
6350,consumer,paid,30.5,9,0,293.48
6351,consumer,organic,29.7,13,0,444.3
6352,consumer,organic,65.7,18,0,1133.17
6353,prosumer,partner,77.6,14,0,969.37
6354,consumer,paid,34.0,11,0,294.51
6355,consumer,partner,28.0,9,0,199.95
6356,consumer,partner,75.2,23,0,1583.01
6357,prosumer,partner,33.3,9,0,276.33
6358,prosumer,organic,64.0,22,0,1257.73
6359,consumer,organic,7.9,2,0,117.92
6360,consumer,partner,66.3,14,0,823.09
6361,consumer,partner,25.7,7,0,175.31
6362,prosumer,organic,14.4,8,0,244.85
6363,consumer,organic,63.7,21,0,1216.38
6364,prosumer,paid,58.1,15,0,737.7
6365,smb,partner,60.2,18,0,1051.78
6366,smb,partner,65.8,21,0,1253.02
6367,consumer,paid,65.8,22,0,1323.61
6368,consumer,organic,32.1,10,1,374.76
6369,consumer,paid,45.2,18,0,792.52
6370,consumer,organic,49.5,9,0,521.02
6371,consumer,partner,68.4,23,0,1315.37
6372,consumer,organic,20.5,5,0,110.01
6373,consumer,paid,71.8,14,0,931.58
6374,prosumer,organic,34.8,13,0,340.13
6375,smb,organic,26.1,5,0,89.12
6376,prosumer,partner,63.8,20,0,1179.9
6377,consumer,paid,42.1,9,0,280.73
6378,consumer,partner,57.9,17,0,957.93
6379,consumer,partner,64.2,18,0,1189.34
6380,consumer,paid,33.0,6,0,254.08
6381,smb,partner,88.6,14,0,1074.88
6382,consumer,organic,34.4,13,0,329.08
6383,prosumer,organic,68.9,24,0,1577.7
6384,consumer,partner,35.2,12,0,426.28
6385,consumer,partner,80.2,21,1,1622.08
6386,prosumer,paid,78.5,29,0,2081.9
6387,prosumer,partner,49.4,20,0,886.54
6388,smb,organic,71.4,18,0,1223.99
6389,smb,partner,14.7,4,0,44.59
6390,consumer,organic,41.1,12,1,609.25
6391,prosumer,paid,61.8,20,0,1154.36
6392,prosumer,organic,68.5,17,0,1012.0
6393,consumer,paid,67.0,14,0,835.8
6394,prosumer,partner,43.6,14,0,600.22
6395,consumer,organic,68.1,21,0,1327.57
6396,consumer,paid,61.4,18,0,977.16
6397,consumer,paid,53.4,18,1,1003.78
6398,consumer,paid,35.9,5,0,75.19
6399,consumer,partner,63.4,20,0,1214.88
6400,consumer,organic,58.3,11,0,556.67
6401,consumer,paid,63.1,14,0,778.41
6402,consumer,organic,65.9,22,0,1286.31
6403,prosumer,paid,77.7,19,1,1389.98
6404,consumer,partner,23.9,12,0,208.58
6405,consumer,partner,91.0,34,0,2782.33
6406,consumer,partner,64.6,18,0,1105.65
6407,consumer,partner,74.3,15,1,1132.07
6408,consumer,organic,75.0,14,0,934.4
6409,consumer,partner,68.1,18,0,1252.36
6410,consumer,organic,71.3,21,0,1347.68
6411,consumer,paid,83.0,24,0,1850.59
6412,consumer,partner,8.7,4,0,128.32
6413,prosumer,paid,66.7,17,0,965.52
6414,smb,paid,87.3,22,0,1780.89
6415,consumer,paid,39.3,11,0,438.5
6416,consumer,organic,40.8,11,0,405.82
6417,consumer,partner,61.7,14,1,818.11
6418,prosumer,paid,56.6,20,0,1063.18
6419,consumer,partner,22.7,15,0,285.66
6420,consumer,paid,86.4,20,0,1513.56
6421,smb,paid,73.5,22,0,1517.11
6422,consumer,partner,69.4,21,0,1232.67
6423,prosumer,organic,2.5,7,0,72.56
6424,prosumer,organic,40.3,14,0,600.09
6425,prosumer,paid,30.4,10,0,311.88
6426,smb,partner,21.1,4,0,139.97
6427,consumer,partner,54.1,17,0,919.78
6428,smb,partner,22.7,7,0,210.13
6429,consumer,organic,63.7,14,0,806.38
6430,consumer,organic,75.8,27,0,1967.43
6431,consumer,paid,50.1,17,0,829.71
6432,prosumer,partner,42.2,13,0,588.9
6433,consumer,partner,60.2,17,0,985.69
6434,prosumer,paid,63.0,21,0,1214.06
6435,consumer,paid,33.7,15,0,532.38
6436,consumer,organic,46.4,11,0,547.22
6437,consumer,paid,36.9,11,0,422.86
6438,consumer,paid,19.4,8,1,155.93
6439,prosumer,organic,44.7,11,0,488.37
6440,consumer,organic,30.5,11,0,308.48
6441,consumer,paid,76.0,21,0,1441.02
6442,consumer,paid,24.0,4,0,81.83
6443,consumer,partner,24.0,10,0,106.25
6444,prosumer,paid,48.5,12,0,560.18
6445,consumer,partner,52.8,16,0,787.33
6446,consumer,organic,73.1,17,1,1210.27
6447,consumer,organic,52.4,11,0,504.26
6448,consumer,organic,69.2,16,0,1024.46
6449,consumer,partner,51.2,14,0,723.82
6450,smb,partner,14.5,7,0,110.84
6451,consumer,paid,75.5,22,0,1512.28
6452,smb,partner,15.1,6,0,116.7
6453,smb,partner,26.9,3,0,111.09
6454,consumer,partner,61.1,19,0,1087.32
6455,consumer,paid,18.5,6,0,136.61
6456,consumer,paid,63.5,12,0,666.54
6457,consumer,organic,27.9,8,0,176.89
6458,prosumer,partner,63.3,21,0,1150.98
6459,consumer,organic,30.0,10,0,224.41
6460,consumer,partner,56.7,10,0,528.17
6461,consumer,organic,46.4,21,0,880.03
6462,consumer,paid,63.1,21,1,1249.7
6463,prosumer,paid,45.4,10,0,504.29
6464,prosumer,paid,24.6,8,0,137.69
6465,consumer,paid,46.3,15,0,679.71
6466,prosumer,paid,43.9,13,0,520.82
6467,consumer,paid,50.4,8,0,379.57
6468,prosumer,partner,49.9,11,0,528.77
6469,consumer,organic,66.0,26,0,1566.17
6470,consumer,paid,66.2,16,0,974.84
6471,prosumer,paid,75.8,21,0,1546.2
6472,prosumer,partner,62.2,13,0,834.11
6473,consumer,organic,52.0,17,0,807.75
6474,consumer,partner,41.1,12,0,487.04
6475,consumer,organic,38.2,5,0,155.95
6476,consumer,paid,76.8,27,0,1812.88
6477,smb,partner,44.3,19,0,758.67
6478,smb,paid,38.0,10,0,446.38
6479,smb,paid,17.2,6,0,95.54
6480,consumer,paid,68.1,21,1,1276.2
6481,smb,partner,22.1,6,0,141.19
6482,consumer,paid,27.2,13,0,374.79
6483,prosumer,partner,39.7,14,0,492.02
6484,prosumer,organic,45.5,8,0,268.2
6485,smb,paid,46.0,16,0,676.42
6486,prosumer,paid,43.3,16,0,626.64
6487,consumer,partner,78.1,20,0,1451.2
6488,consumer,paid,33.0,5,0,159.41
6489,prosumer,partner,40.6,12,0,479.02
6490,prosumer,paid,64.5,22,0,1274.96
6491,prosumer,organic,39.6,16,1,659.9
6492,consumer,partner,32.7,12,0,347.4
6493,consumer,paid,65.2,24,0,1516.18
6494,consumer,paid,29.7,10,0,257.45
6495,prosumer,organic,37.7,14,0,626.67
6496,prosumer,partner,75.1,19,0,1349.07
6497,consumer,paid,27.1,11,0,340.66
6498,smb,partner,62.9,13,0,778.56
6499,consumer,organic,55.3,16,0,768.32
6500,consumer,organic,19.7,7,0,72.8
6501,consumer,partner,42.4,11,0,480.02
6502,prosumer,paid,77.9,21,0,1454.64
6503,prosumer,organic,68.7,12,1,847.52
6504,prosumer,organic,30.6,8,0,251.99
6505,prosumer,partner,9.3,3,0,47.2
6506,consumer,organic,53.1,12,1,575.13
6507,consumer,paid,24.5,17,0,450.76
6508,consumer,partner,81.7,20,1,1524.89
6509,consumer,partner,33.6,10,0,333.17
6510,consumer,organic,91.5,25,0,2013.13
6511,prosumer,paid,30.0,9,0,254.47
6512,consumer,paid,52.0,15,0,737.63
6513,smb,partner,16.9,8,0,193.97
6514,consumer,partner,51.2,24,1,1226.36
6515,prosumer,organic,44.2,12,0,579.21
6516,prosumer,organic,30.0,8,0,187.02
6517,consumer,partner,42.1,9,0,268.27
6518,consumer,partner,49.6,21,0,857.83
6519,smb,partner,30.3,13,0,454.61
6520,prosumer,paid,47.1,8,0,412.45
6521,consumer,paid,82.5,20,1,1590.68
6522,consumer,paid,25.6,7,0,212.42
6523,prosumer,paid,44.9,16,0,739.95
6524,consumer,partner,52.2,19,0,974.48
6525,prosumer,paid,61.1,17,0,1006.24
6526,consumer,organic,71.5,20,1,1427.16
6527,consumer,paid,64.0,24,0,1375.01
6528,consumer,partner,56.5,16,0,852.13
6529,consumer,organic,68.0,16,1,1154.97
6530,consumer,organic,43.1,12,1,490.37
6531,prosumer,paid,71.1,15,0,980.12
6532,smb,partner,24.0,7,0,200.74
6533,consumer,paid,73.0,23,1,1563.57
6534,consumer,partner,56.8,16,1,871.14
6535,prosumer,organic,37.8,6,1,238.89
6536,consumer,organic,67.7,10,0,680.99
6537,smb,partner,38.6,12,0,477.33
6538,consumer,organic,65.5,12,0,762.01
6539,consumer,paid,51.4,13,0,617.93
6540,prosumer,paid,84.8,24,0,1779.48
6541,consumer,partner,64.0,19,0,1093.98
6542,prosumer,partner,47.7,16,0,681.37
6543,consumer,partner,48.4,22,0,986.82
6544,consumer,paid,61.5,20,1,1185.97
6545,consumer,organic,10.8,3,0,92.01
6546,prosumer,paid,56.3,20,0,1055.2
6547,consumer,paid,67.8,14,0,885.96
6548,consumer,paid,24.9,5,0,59.91
6549,prosumer,partner,57.8,16,0,860.47
6550,prosumer,organic,49.6,20,0,928.27
6551,consumer,organic,56.0,15,1,870.45
6552,consumer,partner,19.9,10,0,196.97
6553,consumer,paid,74.5,18,1,1339.7
6554,prosumer,paid,49.0,12,0,439.75
6555,consumer,partner,77.6,15,0,1048.69
6556,smb,paid,64.0,21,0,1275.3
6557,smb,paid,47.2,12,1,540.98
6558,prosumer,partner,7.9,4,0,117.58
6559,prosumer,organic,51.6,12,0,515.61
6560,prosumer,organic,80.0,33,0,2391.94
6561,smb,organic,57.5,16,1,816.59
6562,prosumer,paid,50.4,18,0,792.84
6563,prosumer,organic,45.8,11,0,437.65
6564,prosumer,paid,34.9,13,1,536.08
6565,prosumer,paid,42.9,13,0,621.92
6566,prosumer,organic,87.5,19,0,1497.54
6567,prosumer,paid,51.3,16,0,792.4
6568,consumer,organic,29.1,9,0,238.48
6569,consumer,organic,33.4,3,0,113.13
6570,consumer,paid,69.5,25,0,1511.59
6571,consumer,organic,30.0,8,0,316.21
6572,consumer,paid,7.6,3,0,10.84
6573,consumer,partner,12.9,8,0,35.42
6574,smb,paid,37.4,15,0,574.06
6575,prosumer,partner,94.0,30,0,2535.02
6576,prosumer,paid,25.3,14,0,350.23
6577,prosumer,organic,81.5,25,0,1836.23
6578,consumer,paid,65.8,16,0,938.89
6579,prosumer,paid,50.2,12,0,452.24
6580,prosumer,paid,48.0,10,0,512.1
6581,smb,partner,19.3,8,0,248.52
6582,prosumer,organic,67.3,21,0,1207.3
6583,consumer,paid,45.3,12,0,503.78
6584,consumer,partner,61.1,15,0,887.92
6585,consumer,organic,41.5,19,0,707.08
6586,consumer,organic,18.8,6,0,54.41
6587,smb,partner,37.1,8,0,279.64
6588,prosumer,organic,40.4,10,0,534.56
6589,prosumer,partner,64.6,16,0,940.43
6590,consumer,organic,6.5,2,0,140.95
6591,consumer,partner,62.5,18,0,987.37
6592,smb,paid,86.3,31,0,2527.39
6593,consumer,organic,35.7,14,0,345.98
6594,consumer,paid,50.5,12,0,532.09
6595,consumer,partner,14.5,5,0,128.65
6596,smb,organic,40.9,12,0,422.36
6597,prosumer,organic,62.6,15,0,943.19
6598,consumer,paid,44.9,21,0,997.86
6599,consumer,organic,44.6,19,0,759.76
6600,consumer,paid,53.9,24,0,1208.72
6601,consumer,paid,36.6,8,0,242.05
6602,consumer,organic,17.5,7,0,74.74
6603,consumer,organic,59.1,21,0,1173.99
6604,consumer,paid,72.7,14,1,968.97
6605,consumer,partner,69.3,31,1,2027.73
6606,prosumer,partner,81.3,19,0,1285.34
6607,consumer,partner,18.7,7,0,168.6
6608,consumer,paid,36.5,12,1,404.62
6609,consumer,organic,45.3,16,0,713.6
6610,consumer,partner,11.3,4,0,47.47
6611,prosumer,partner,27.4,6,0,200.76
6612,prosumer,organic,37.2,10,0,373.2
6613,consumer,organic,51.1,16,0,781.2
6614,consumer,paid,60.3,20,0,1106.91
6615,prosumer,paid,56.8,7,0,261.47
6616,consumer,organic,77.8,22,0,1582.64
6617,consumer,paid,10.0,6,0,227.7
6618,prosumer,paid,51.2,16,1,695.33
6619,consumer,organic,49.2,14,0,810.17
6620,smb,partner,67.1,11,0,576.67
6621,consumer,paid,39.4,12,0,399.25
6622,consumer,organic,22.5,5,0,159.19
6623,consumer,partner,64.6,24,0,1488.69
6624,consumer,partner,33.1,8,0,185.82
6625,consumer,partner,73.3,22,0,1601.24
6626,consumer,organic,69.0,12,0,765.39
6627,smb,organic,21.6,4,0,148.17
6628,smb,organic,30.0,13,0,279.67
6629,prosumer,paid,49.3,19,0,866.49
6630,consumer,paid,29.1,4,0,105.25
6631,smb,paid,63.7,24,0,1299.94
6632,prosumer,organic,68.9,14,0,843.65
6633,consumer,paid,56.3,20,0,977.23
6634,consumer,partner,71.7,29,0,1882.59
6635,consumer,paid,53.4,14,0,607.5
6636,consumer,partner,72.7,17,1,1114.9
6637,prosumer,paid,11.8,10,0,87.98
6638,prosumer,partner,81.7,20,1,1605.63
6639,consumer,partner,56.3,11,0,618.41
6640,consumer,organic,28.7,16,0,421.27
6641,consumer,partner,75.6,16,1,1190.65
6642,consumer,partner,80.1,16,0,1171.96
6643,consumer,organic,18.0,7,0,242.84
6644,consumer,paid,30.5,12,0,492.46
6645,prosumer,paid,62.4,12,0,707.45
6646,prosumer,partner,39.2,12,0,245.63
6647,consumer,partner,59.4,14,0,830.13
6648,consumer,paid,36.3,9,0,278.79
6649,consumer,organic,41.6,10,0,402.73
6650,prosumer,partner,23.6,13,0,246.92
6651,consumer,organic,41.1,11,0,430.02
6652,consumer,paid,19.7,8,0,190.08
6653,prosumer,organic,88.7,20,0,1635.97
6654,smb,paid,9.1,7,0,46.11
6655,prosumer,paid,14.3,6,1,205.67
6656,smb,partner,18.6,9,0,193.36
6657,consumer,partner,48.3,15,0,759.86
6658,prosumer,partner,56.9,16,0,820.1
6659,consumer,organic,22.7,6,0,186.9
6660,prosumer,partner,61.3,12,0,773.5
6661,consumer,partner,42.5,17,0,694.24
6662,consumer,partner,73.0,18,0,1167.39
6663,smb,organic,47.9,17,0,792.25
6664,smb,organic,29.6,8,0,196.62
6665,consumer,partner,45.4,11,0,516.01
6666,prosumer,partner,38.2,13,0,538.67
6667,consumer,organic,54.0,14,0,601.08
6668,smb,partner,69.1,16,0,1075.2
6669,consumer,paid,65.4,17,0,1087.59
6670,prosumer,paid,57.6,22,0,1155.62
6671,consumer,organic,70.9,21,0,1391.98
6672,consumer,partner,40.3,6,0,206.99
6673,consumer,paid,75.2,12,0,821.19
6674,consumer,partner,41.0,11,0,469.53
6675,prosumer,paid,54.9,12,0,570.82
6676,prosumer,partner,75.9,27,0,1962.06
6677,consumer,organic,62.1,21,0,1200.76
6678,consumer,paid,20.1,7,0,130.05
6679,consumer,paid,8.8,7,0,4.4
6680,consumer,partner,78.2,19,0,1399.28
6681,consumer,partner,45.8,13,0,586.27
6682,consumer,organic,56.6,14,0,807.97
6683,prosumer,organic,36.2,11,0,316.8
6684,smb,paid,11.0,4,0,121.28
6685,consumer,partner,64.4,14,0,933.39
6686,smb,organic,63.3,18,0,1151.04
6687,smb,partner,66.5,12,0,839.13
6688,consumer,organic,76.4,22,1,1571.62
6689,consumer,paid,30.3,12,0,305.01
6690,consumer,partner,63.8,25,0,1500.7
6691,consumer,paid,82.6,24,0,1732.65
6692,consumer,partner,66.3,24,1,1452.29
6693,consumer,partner,95.4,25,0,2196.98
6694,consumer,paid,65.1,16,0,902.38
6695,consumer,paid,29.4,7,0,214.48
6696,smb,organic,75.8,14,1,1103.91
6697,consumer,partner,43.4,5,0,132.79
6698,consumer,partner,76.5,19,0,1255.61
6699,consumer,partner,36.3,16,0,598.78
6700,consumer,partner,67.5,20,0,1281.26
6701,prosumer,partner,54.8,17,0,845.48
6702,smb,partner,75.3,23,1,1667.45
6703,smb,organic,81.2,25,0,1838.3
6704,consumer,organic,24.4,8,0,167.57
6705,prosumer,partner,56.5,16,0,1083.13
6706,smb,paid,47.0,9,0,410.65
6707,consumer,organic,30.4,7,0,238.39
6708,consumer,paid,10.8,3,0,0.0
6709,consumer,partner,39.0,7,1,264.61
6710,consumer,organic,62.4,14,1,883.13
6711,prosumer,partner,69.4,23,0,1524.08
6712,prosumer,partner,36.8,13,0,430.98
6713,consumer,organic,56.7,15,0,789.43
6714,consumer,paid,46.5,13,0,649.85
6715,consumer,organic,50.8,18,0,878.46
6716,consumer,paid,87.2,22,1,1710.62
6717,smb,paid,62.2,13,0,730.12
6718,prosumer,partner,40.8,14,0,577.11
6719,prosumer,paid,25.6,6,0,277.21
6720,consumer,partner,73.3,22,0,1411.97
6721,consumer,organic,17.9,7,0,214.23
6722,consumer,partner,49.3,13,0,520.45
6723,prosumer,partner,90.5,36,1,3006.43
6724,prosumer,organic,45.1,15,1,670.35
6725,consumer,organic,54.5,14,0,765.25
6726,prosumer,partner,25.3,4,0,154.16
6727,consumer,organic,44.4,7,0,255.12
6728,smb,organic,25.6,7,0,227.39
6729,consumer,partner,80.3,21,0,1463.98
6730,consumer,partner,33.9,10,0,340.79
6731,consumer,partner,57.9,13,0,713.46
6732,consumer,partner,74.0,22,1,1537.46
6733,prosumer,organic,47.8,20,0,768.41
6734,consumer,organic,49.2,12,0,598.25
6735,consumer,organic,51.2,12,0,603.34
6736,consumer,paid,38.6,16,0,622.5
6737,consumer,organic,25.9,9,0,287.56
6738,consumer,organic,47.8,11,0,525.34
6739,consumer,paid,29.9,8,0,181.7
6740,prosumer,paid,34.2,15,0,599.94
6741,consumer,organic,52.4,13,0,733.33
6742,consumer,partner,68.6,17,0,1102.41
6743,consumer,partner,55.7,12,0,694.69
6744,consumer,partner,76.0,27,1,1942.16
6745,consumer,partner,35.0,7,0,267.56
6746,consumer,partner,83.8,26,0,1894.88
6747,prosumer,partner,18.1,9,0,236.93
6748,consumer,partner,34.0,8,0,304.22
6749,consumer,organic,19.3,4,0,171.14
6750,smb,paid,64.8,23,1,1328.91
6751,prosumer,organic,25.3,6,0,102.09
6752,prosumer,paid,68.2,16,0,982.28
6753,consumer,paid,42.6,11,0,456.44
6754,consumer,partner,20.1,8,0,167.54
6755,prosumer,partner,12.8,10,0,162.47
6756,smb,organic,57.3,17,0,736.38
6757,consumer,paid,67.1,21,0,1314.6
6758,consumer,organic,35.2,13,0,429.86
6759,smb,partner,81.0,18,0,1303.22
6760,smb,partner,27.1,13,0,362.5
6761,smb,paid,49.7,18,0,835.31
6762,prosumer,paid,47.8,10,0,488.54
6763,prosumer,partner,83.3,27,0,2020.01
6764,consumer,partner,53.7,17,0,918.64
6765,prosumer,paid,7.8,3,0,21.85
6766,consumer,partner,27.9,10,0,222.44
6767,consumer,organic,82.9,22,1,1864.56
6768,prosumer,paid,76.5,27,0,1849.6
6769,prosumer,paid,24.6,14,0,327.02
6770,consumer,partner,20.1,8,0,129.04
6771,consumer,partner,50.8,9,0,404.69
6772,consumer,organic,32.5,11,0,319.97
6773,consumer,organic,64.6,19,0,1115.46
6774,prosumer,paid,46.6,12,0,523.78
6775,consumer,partner,47.1,12,0,587.16
6776,consumer,paid,52.5,16,0,816.68
6777,consumer,organic,16.8,6,0,0.0
6778,consumer,organic,45.5,5,0,255.49
6779,consumer,organic,70.8,13,0,815.57
6780,smb,paid,30.0,6,0,326.21
6781,prosumer,organic,34.7,9,0,303.75
6782,consumer,paid,59.1,15,0,769.69
6783,consumer,partner,42.1,19,0,662.41
6784,prosumer,partner,30.1,6,1,300.5
6785,consumer,partner,69.8,23,0,1443.83
6786,prosumer,paid,79.8,22,0,1646.64
6787,consumer,partner,23.9,9,0,292.28
6788,consumer,partner,72.6,17,0,1080.27
6789,prosumer,partner,53.3,11,0,635.69
6790,smb,partner,67.7,17,0,1055.76
6791,consumer,organic,67.3,16,0,959.88
6792,consumer,paid,32.4,9,0,297.77
6793,consumer,organic,64.3,8,0,476.56
6794,prosumer,partner,52.2,16,0,798.91
6795,consumer,organic,75.2,31,0,2022.56
6796,prosumer,partner,80.5,28,1,2141.7
6797,consumer,paid,66.1,18,0,1079.16
6798,prosumer,partner,80.3,25,0,1875.6
6799,consumer,organic,95.7,33,1,2816.3
6800,smb,paid,53.0,20,0,1071.61
6801,consumer,organic,37.5,11,0,383.95
6802,consumer,organic,38.4,12,0,527.09
6803,consumer,organic,67.7,14,0,988.88
6804,consumer,organic,69.7,26,0,1689.58
6805,consumer,organic,57.1,15,0,704.25
6806,consumer,paid,69.6,17,0,1159.36
6807,consumer,paid,21.2,6,0,243.36
6808,prosumer,paid,44.9,14,0,659.15
6809,consumer,paid,15.3,5,0,141.55
6810,smb,partner,59.0,18,0,1043.13
6811,consumer,paid,58.4,18,1,962.77
6812,consumer,paid,31.4,9,0,178.38
6813,smb,partner,31.0,9,0,293.97
6814,consumer,paid,19.7,2,0,36.55
6815,consumer,paid,53.8,10,0,509.13
6816,consumer,paid,16.2,10,0,151.67
6817,consumer,paid,63.6,18,0,1109.63
6818,smb,paid,28.4,8,0,249.34
6819,prosumer,paid,63.5,14,0,902.63
6820,consumer,paid,81.0,18,0,1192.96
6821,consumer,paid,27.9,10,0,246.0
6822,consumer,organic,40.7,14,0,493.08
6823,consumer,organic,59.8,7,1,369.19
6824,consumer,partner,52.1,19,0,957.46
6825,smb,partner,39.6,14,1,590.39
6826,consumer,partner,45.2,15,0,569.31
6827,prosumer,paid,60.1,19,0,1125.67
6828,smb,partner,37.1,13,0,565.15
6829,consumer,partner,66.2,21,0,1354.29
6830,consumer,paid,40.1,15,0,624.94
6831,consumer,organic,47.7,13,0,560.38
6832,smb,paid,58.8,19,0,922.27
6833,smb,organic,32.0,14,0,479.24
6834,consumer,paid,66.7,15,1,1018.96
6835,prosumer,paid,48.8,16,0,830.69
6836,prosumer,paid,84.2,29,0,2185.6
6837,consumer,organic,67.4,17,1,1024.61
6838,consumer,organic,44.5,8,0,424.12
6839,consumer,partner,83.7,27,0,2042.55
6840,consumer,partner,17.6,9,0,128.6
6841,prosumer,partner,37.6,10,0,321.73
6842,consumer,organic,66.0,20,0,1274.14
6843,consumer,organic,62.0,16,0,956.12
6844,consumer,organic,43.1,10,0,368.57
6845,consumer,partner,48.5,15,0,728.96
6846,consumer,paid,7.4,5,0,13.47
6847,prosumer,paid,22.3,7,0,140.82
6848,prosumer,partner,55.2,17,0,909.34
6849,consumer,organic,40.7,13,0,570.81
6850,consumer,partner,43.0,10,0,429.19
6851,smb,partner,79.8,35,1,2518.7
6852,consumer,paid,33.6,12,0,441.66
6853,consumer,paid,66.3,22,0,1303.0
6854,smb,paid,37.8,9,0,349.8
6855,consumer,organic,59.1,17,0,921.62
6856,consumer,organic,55.0,18,0,961.45
6857,prosumer,organic,57.7,19,0,1023.38
6858,prosumer,partner,72.6,23,1,1638.09
6859,prosumer,partner,38.8,9,0,429.23
6860,consumer,partner,23.8,4,0,15.75
6861,prosumer,partner,61.0,18,0,994.68
6862,prosumer,organic,29.0,14,0,354.47
6863,smb,organic,49.1,16,0,747.78
6864,consumer,paid,60.9,11,1,755.4
6865,consumer,organic,94.7,27,1,2401.26
6866,consumer,partner,94.4,24,1,2101.4
6867,consumer,organic,26.8,6,0,229.95
6868,prosumer,organic,46.6,16,0,685.38
6869,prosumer,partner,10.5,5,0,84.21
6870,consumer,partner,86.7,22,0,1732.32
6871,consumer,partner,52.0,19,0,933.1
6872,consumer,partner,16.1,4,0,0.0
6873,prosumer,paid,60.8,18,0,938.31
6874,consumer,organic,33.4,9,0,248.07
6875,consumer,paid,14.3,4,0,31.89
6876,consumer,partner,6.3,1,0,12.49
6877,smb,organic,1.9,2,0,22.07
6878,consumer,organic,49.2,17,0,786.84
6879,prosumer,partner,20.3,8,0,175.46
6880,consumer,organic,22.0,8,0,213.9
6881,smb,organic,40.5,15,0,578.83
6882,consumer,organic,40.2,14,0,653.03
6883,smb,paid,74.2,28,0,1853.88
6884,consumer,partner,6.0,5,0,0.0
6885,consumer,partner,42.4,12,0,475.11
6886,consumer,paid,47.1,12,0,542.54
6887,consumer,paid,25.4,9,0,228.42
6888,consumer,organic,43.4,12,0,534.62
6889,prosumer,paid,50.4,21,0,1057.95
6890,consumer,partner,76.3,23,0,1812.79
6891,consumer,paid,62.3,21,0,1234.29
6892,consumer,paid,67.8,19,1,1245.17
6893,smb,organic,25.2,4,0,114.68
6894,prosumer,paid,48.6,22,0,902.52
6895,consumer,paid,55.8,25,0,1282.99
6896,prosumer,organic,26.6,13,0,317.48
6897,consumer,partner,55.4,20,0,903.42
6898,smb,paid,88.3,13,1,998.28
6899,consumer,paid,19.3,4,0,57.64
6900,consumer,paid,21.3,9,0,188.21
6901,consumer,organic,50.6,14,0,698.06
6902,consumer,partner,81.6,24,0,1809.15
6903,prosumer,paid,34.1,25,0,853.96
6904,smb,paid,39.4,9,0,272.63
6905,consumer,organic,49.5,13,0,555.47
6906,consumer,paid,87.4,26,1,2125.56
6907,consumer,organic,25.2,10,0,291.45
6908,consumer,paid,57.6,19,0,1038.26
6909,prosumer,organic,17.8,6,0,161.72
6910,consumer,organic,28.6,14,0,389.81
6911,consumer,organic,30.7,10,0,301.82
6912,smb,partner,14.0,6,0,27.54
6913,prosumer,partner,67.0,14,0,967.54
6914,consumer,partner,22.2,3,0,98.08
6915,consumer,paid,21.4,12,0,191.66
6916,consumer,paid,62.3,10,0,543.49
6917,consumer,organic,75.1,23,1,1739.52
6918,prosumer,paid,43.0,9,1,364.2
6919,consumer,paid,82.3,34,0,2649.97
6920,smb,partner,15.6,9,0,97.05
6921,consumer,organic,32.3,3,0,90.93
6922,consumer,partner,44.5,16,0,704.51
6923,smb,paid,85.6,22,1,1769.77
6924,prosumer,partner,14.5,5,0,90.56
6925,smb,organic,75.1,15,0,955.59
6926,consumer,organic,22.3,8,0,124.18
6927,consumer,paid,38.5,11,0,393.27
6928,prosumer,paid,41.6,11,0,451.02
6929,prosumer,partner,39.5,10,0,275.07
6930,consumer,paid,58.7,9,0,462.24
6931,smb,paid,39.7,15,0,665.21
6932,consumer,organic,39.2,8,0,388.47
6933,consumer,organic,74.5,17,0,1116.19
6934,consumer,paid,43.1,9,0,210.44
6935,consumer,partner,32.3,11,0,368.67
6936,prosumer,paid,75.1,10,0,687.68
6937,consumer,organic,45.0,18,0,742.35
6938,prosumer,paid,30.5,9,0,315.6
6939,smb,paid,53.9,17,0,824.38
6940,consumer,paid,57.3,22,0,1139.27
6941,smb,organic,5.1,3,0,178.45
6942,consumer,partner,84.9,22,0,1788.91
6943,prosumer,organic,56.2,18,0,994.28
6944,consumer,paid,56.9,24,0,1230.84
6945,consumer,paid,82.2,24,0,1743.65
6946,smb,paid,25.0,11,0,216.83
6947,prosumer,paid,55.7,16,0,820.1
6948,smb,organic,50.0,19,0,866.66
6949,consumer,partner,44.4,18,0,777.58
6950,consumer,partner,78.4,27,0,1878.84
6951,prosumer,paid,69.3,32,1,2025.68
6952,smb,organic,49.8,22,0,1016.15
6953,consumer,paid,84.9,24,0,1889.01
6954,prosumer,paid,66.8,23,0,1384.04
6955,prosumer,partner,47.1,12,1,593.29
6956,consumer,paid,51.7,13,0,707.6
6957,prosumer,organic,14.4,5,0,76.7
6958,consumer,paid,37.3,9,0,291.09
6959,prosumer,partner,63.3,20,0,1150.16
6960,consumer,partner,49.6,15,0,663.68
6961,smb,organic,39.0,7,0,279.59
6962,consumer,paid,51.4,12,1,642.38
6963,prosumer,paid,20.1,4,0,118.28
6964,consumer,partner,41.3,8,0,416.28
6965,smb,paid,45.1,8,0,344.12
6966,consumer,paid,54.2,17,0,842.3
6967,consumer,organic,81.4,16,0,1270.82
6968,smb,partner,25.7,8,0,214.88
6969,consumer,organic,60.7,18,0,935.53
6970,consumer,paid,5.6,3,0,100.54
6971,prosumer,paid,76.4,18,1,1266.01
6972,smb,organic,76.0,20,0,1326.85
6973,prosumer,paid,42.8,14,0,573.68
6974,smb,paid,26.9,7,0,228.62
6975,prosumer,paid,13.1,3,0,0.0
6976,consumer,paid,14.4,5,0,104.64
6977,consumer,paid,46.2,14,0,600.41
6978,consumer,paid,66.4,23,1,1326.68
6979,prosumer,organic,47.5,21,0,945.46
6980,consumer,paid,29.9,10,0,252.31
6981,consumer,organic,30.4,7,0,165.03
6982,consumer,organic,24.4,7,0,77.64
6983,consumer,paid,64.9,12,0,693.6
6984,consumer,organic,39.0,6,0,274.83
6985,consumer,paid,38.5,12,0,498.29
6986,consumer,organic,21.6,10,0,291.68
6987,consumer,organic,26.9,9,0,209.94
6988,consumer,partner,86.1,22,0,1815.36
6989,prosumer,paid,63.1,17,0,1018.26
6990,consumer,partner,22.5,6,0,224.26
6991,prosumer,paid,61.3,13,0,723.22
6992,smb,partner,50.4,19,0,882.2
6993,consumer,organic,37.2,13,0,405.27
6994,prosumer,partner,60.3,11,0,652.36
6995,prosumer,partner,45.9,16,1,807.35
6996,smb,partner,72.6,18,0,1124.79
6997,prosumer,paid,27.3,9,0,241.03
6998,prosumer,paid,24.9,13,0,351.0
6999,smb,paid,35.2,9,0,272.43
7000,consumer,partner,62.0,25,0,1404.53
7001,consumer,paid,72.4,25,0,1720.11
7002,consumer,partner,47.9,14,0,626.34
7003,prosumer,organic,66.1,19,0,1142.27
7004,consumer,paid,24.6,12,0,160.35
7005,prosumer,paid,57.6,20,0,1088.69
7006,consumer,paid,28.1,14,0,408.5
7007,consumer,organic,52.4,17,0,936.46
7008,consumer,paid,33.5,15,0,519.35
7009,consumer,paid,76.0,30,0,2063.79
7010,consumer,paid,25.7,6,0,171.22
7011,prosumer,paid,42.7,9,0,299.32
7012,consumer,partner,48.2,11,0,497.28
7013,prosumer,paid,31.9,8,0,245.05
7014,prosumer,paid,84.0,25,0,1938.28
7015,consumer,organic,87.5,18,1,1443.35
7016,consumer,organic,45.6,17,1,828.64
7017,consumer,paid,38.8,12,0,405.9
7018,prosumer,paid,67.4,21,0,1318.9
7019,consumer,organic,82.9,18,0,1342.45
7020,consumer,paid,48.4,19,0,896.21
7021,prosumer,partner,77.7,17,0,1270.72
7022,consumer,partner,81.9,29,0,2193.57
7023,smb,organic,34.2,14,0,431.47
7024,consumer,paid,50.9,10,0,584.84
7025,consumer,partner,83.4,28,1,2133.11
7026,consumer,organic,57.9,19,0,972.39
7027,consumer,paid,36.1,14,0,470.4
7028,smb,organic,49.7,13,0,508.03
7029,consumer,organic,51.9,11,0,635.27
7030,smb,partner,9.7,4,0,110.87
7031,prosumer,organic,8.8,5,0,145.21
7032,consumer,paid,59.2,12,0,590.08
7033,consumer,partner,32.3,9,0,270.12
7034,consumer,paid,22.7,6,0,218.37
7035,consumer,organic,59.9,14,0,787.74
7036,consumer,partner,37.5,9,0,350.09
7037,consumer,paid,48.9,18,0,773.88
7038,prosumer,paid,49.7,22,0,1115.58
7039,consumer,partner,25.0,5,0,196.02
7040,consumer,partner,35.1,12,0,446.82
7041,prosumer,organic,47.5,9,0,474.45
7042,consumer,partner,54.2,13,0,689.66
7043,prosumer,partner,35.3,11,0,452.04
7044,consumer,paid,44.2,17,0,715.4
7045,consumer,organic,34.0,12,0,465.95
7046,prosumer,paid,54.4,17,0,794.56
7047,consumer,partner,37.8,10,0,430.56
7048,consumer,partner,42.2,11,0,570.03
7049,prosumer,paid,8.9,4,0,63.41
7050,smb,partner,51.8,15,0,693.03
7051,consumer,organic,43.5,18,0,702.68
7052,smb,paid,79.2,16,0,1120.94
7053,consumer,organic,40.7,10,0,489.52
7054,consumer,partner,32.6,13,0,489.98
7055,consumer,partner,64.2,22,0,1363.73
7056,consumer,paid,42.5,13,0,480.07
7057,smb,paid,32.0,11,0,361.16
7058,smb,organic,56.6,20,0,984.45
7059,consumer,paid,63.8,21,0,1229.55
7060,consumer,organic,16.2,4,0,121.61
7061,smb,organic,72.1,26,0,1669.17
7062,consumer,organic,40.0,12,0,415.62
7063,prosumer,partner,54.7,17,1,833.44
7064,consumer,partner,33.2,9,0,331.03
7065,smb,paid,44.6,15,0,560.51
7066,consumer,paid,41.4,12,0,427.44
7067,consumer,partner,32.0,13,0,409.82
7068,consumer,organic,69.9,13,0,824.35
7069,consumer,partner,28.9,10,0,313.36
7070,prosumer,organic,21.1,5,0,121.82
7071,consumer,organic,42.2,8,0,288.13
7072,consumer,paid,47.4,13,0,583.54
7073,consumer,paid,51.7,12,0,580.65
7074,prosumer,paid,60.9,18,0,979.3
7075,smb,partner,59.0,27,0,1488.46
7076,prosumer,partner,71.4,17,0,1100.65
7077,consumer,partner,34.4,6,0,233.2
7078,consumer,paid,44.9,14,0,574.73
7079,consumer,partner,71.0,17,0,1153.9
7080,smb,partner,57.7,17,0,1026.14
7081,consumer,organic,39.1,16,0,540.96
7082,prosumer,organic,57.9,11,0,568.24
7083,consumer,partner,85.1,18,0,1479.76
7084,prosumer,paid,42.0,18,0,842.33
7085,consumer,organic,46.9,17,0,732.4
7086,prosumer,partner,28.6,7,0,139.92
7087,consumer,organic,42.2,10,0,423.82
7088,smb,partner,27.5,5,0,170.31
7089,smb,organic,23.8,13,0,247.21
7090,consumer,paid,60.7,23,1,1363.64
7091,consumer,organic,20.5,8,0,225.63
7092,smb,organic,14.8,7,0,149.39
7093,smb,partner,80.4,25,1,1932.21
7094,consumer,partner,48.5,19,0,732.29
7095,consumer,organic,63.1,19,1,1100.15
7096,prosumer,paid,32.8,7,0,203.69
7097,consumer,paid,35.3,8,0,369.35
7098,smb,organic,70.0,13,0,871.3
7099,smb,partner,20.4,12,0,193.77
7100,smb,paid,65.3,16,1,1161.1
7101,smb,organic,58.4,18,0,1067.34
7102,prosumer,paid,66.7,16,1,982.01
7103,consumer,partner,72.7,11,0,681.35
7104,smb,organic,37.5,11,0,341.88
7105,prosumer,partner,48.4,13,0,532.91
7106,consumer,partner,20.0,5,0,154.49
7107,smb,organic,69.5,12,0,726.33
7108,smb,paid,7.5,5,0,51.13
7109,consumer,organic,15.5,1,0,0.0
7110,consumer,partner,67.1,25,0,1604.11
7111,prosumer,organic,25.9,10,0,336.19
7112,consumer,paid,72.0,18,0,1098.29
7113,consumer,paid,54.5,21,0,1067.22
7114,consumer,partner,44.0,12,0,511.64
7115,consumer,partner,44.5,11,0,388.9
7116,smb,paid,60.6,15,0,864.04
7117,consumer,organic,80.4,25,1,1885.69
7118,consumer,partner,41.0,14,0,440.19
7119,consumer,partner,30.2,8,0,295.59
7120,consumer,organic,90.7,22,1,1835.11
7121,consumer,paid,15.7,6,0,193.64
7122,smb,organic,65.2,14,1,880.93
7123,consumer,partner,38.8,13,1,641.67
7124,consumer,paid,79.0,27,0,2009.49
7125,consumer,organic,16.5,13,0,122.15
7126,prosumer,partner,77.7,18,0,1199.9
7127,consumer,paid,20.8,9,0,230.04
7128,consumer,partner,45.2,17,0,741.26
7129,consumer,paid,25.0,12,0,377.92
7130,prosumer,organic,60.3,9,0,534.71
7131,consumer,organic,58.8,13,0,782.46
7132,consumer,paid,58.4,22,1,1281.66
7133,consumer,paid,76.2,20,0,1546.84
7134,prosumer,partner,51.4,15,0,693.55
7135,prosumer,paid,27.7,10,0,351.73
7136,prosumer,partner,22.0,8,0,285.86
7137,prosumer,partner,38.0,9,0,370.67
7138,smb,partner,16.9,5,0,127.96
7139,consumer,organic,27.5,9,0,268.4
7140,smb,organic,26.2,9,0,238.81
7141,consumer,partner,72.2,18,0,1198.34
7142,consumer,organic,32.5,6,0,195.69
7143,prosumer,partner,50.5,15,0,701.76
7144,consumer,organic,56.1,20,0,1042.11
7145,smb,paid,32.7,8,0,329.75
7146,prosumer,partner,48.8,21,0,908.67
7147,prosumer,paid,37.6,6,0,176.4
7148,consumer,paid,32.8,13,0,539.57
7149,consumer,paid,32.3,8,0,160.06
7150,prosumer,paid,46.4,15,0,622.02
7151,consumer,partner,62.4,14,0,898.06
7152,consumer,partner,31.1,11,0,287.65
7153,prosumer,organic,71.0,23,1,1535.26
7154,consumer,partner,26.7,7,0,246.46
7155,consumer,partner,17.9,7,0,190.43
7156,consumer,organic,43.4,19,0,813.32
7157,consumer,paid,11.3,3,0,0.0
7158,prosumer,organic,88.2,27,0,2323.94
7159,consumer,paid,65.4,22,0,1397.53
7160,consumer,paid,75.0,20,0,1423.74
7161,prosumer,organic,52.6,10,0,428.66
7162,consumer,organic,84.6,20,0,1506.3
7163,consumer,organic,53.1,10,0,557.99
7164,prosumer,paid,44.1,17,0,665.15
7165,prosumer,partner,14.1,7,0,172.12
7166,prosumer,paid,39.9,19,0,711.25
7167,prosumer,paid,14.6,6,0,158.52
7168,consumer,paid,52.9,12,0,674.71
7169,consumer,partner,66.2,12,0,737.89
7170,consumer,organic,25.0,10,0,323.08
7171,prosumer,organic,74.3,16,1,1069.61
7172,prosumer,paid,3.5,3,0,0.0
7173,consumer,partner,39.7,11,0,382.96
7174,smb,organic,75.0,19,0,1223.86
7175,consumer,organic,36.4,8,0,291.05
7176,smb,partner,53.3,13,0,689.34
7177,consumer,paid,45.0,19,0,804.1
7178,consumer,paid,69.9,21,0,1310.47
7179,consumer,partner,50.2,9,0,426.0
7180,consumer,organic,32.4,12,0,330.2
7181,consumer,partner,55.7,11,0,599.33
7182,consumer,partner,41.4,10,0,358.01
7183,consumer,partner,28.9,11,0,232.18
7184,consumer,organic,40.2,16,0,542.84
7185,consumer,organic,5.6,1,0,17.9
7186,consumer,partner,63.0,14,0,812.57
7187,consumer,paid,21.4,8,0,119.93
7188,consumer,paid,52.9,13,0,736.73
7189,consumer,organic,67.2,18,0,1104.96
7190,prosumer,organic,35.9,15,0,477.34
7191,consumer,partner,20.3,4,0,75.6
7192,consumer,partner,48.5,14,0,655.25
7193,consumer,partner,35.0,7,0,278.35
7194,smb,organic,60.1,11,0,635.44
7195,consumer,organic,25.3,11,0,192.06
7196,consumer,paid,28.7,7,0,161.13
7197,consumer,organic,42.1,16,0,733.79
7198,consumer,partner,44.1,9,0,390.24
7199,consumer,organic,82.2,22,1,1674.19
7200,consumer,partner,72.2,18,1,1318.02
7201,consumer,partner,56.5,16,0,838.75
7202,consumer,partner,38.4,12,0,426.7
7203,consumer,organic,44.5,7,0,208.81
7204,prosumer,partner,68.2,25,0,1657.57
7205,prosumer,paid,61.7,24,0,1333.56
7206,consumer,organic,72.9,15,0,981.61
7207,prosumer,partner,47.3,18,0,841.4
7208,consumer,organic,14.4,4,0,164.91
7209,consumer,paid,83.7,24,0,1892.83
7210,prosumer,organic,44.4,14,1,729.69
7211,prosumer,paid,46.0,14,0,510.48
7212,consumer,paid,30.8,7,0,229.16
7213,smb,partner,58.5,22,1,1242.17
7214,prosumer,partner,52.2,13,0,648.41
7215,prosumer,paid,39.7,16,0,614.33
7216,consumer,organic,81.0,20,0,1464.95
7217,prosumer,paid,51.5,10,0,453.99
7218,consumer,organic,91.2,28,0,2323.16
7219,consumer,partner,72.0,11,0,746.13
7220,smb,paid,61.0,23,0,1379.04
7221,consumer,organic,48.4,15,0,724.21
7222,prosumer,organic,38.0,15,0,589.62
7223,consumer,partner,30.7,10,0,318.8
7224,smb,paid,61.7,10,0,657.05
7225,smb,paid,44.3,10,0,420.76
7226,prosumer,organic,18.6,9,0,129.85
7227,smb,partner,20.0,6,0,116.09
7228,consumer,paid,36.6,13,0,474.4
7229,smb,partner,68.5,21,0,1371.06
7230,consumer,organic,81.4,26,0,1933.17
7231,consumer,organic,8.3,9,0,8.38
7232,consumer,paid,39.4,5,0,241.95
7233,consumer,paid,31.5,11,0,416.38
7234,consumer,paid,9.6,5,0,90.53
7235,consumer,organic,55.8,21,0,1115.28
7236,prosumer,organic,34.9,7,0,275.09
7237,consumer,organic,20.7,7,0,166.41
7238,consumer,paid,58.5,9,0,476.57
7239,consumer,paid,20.3,8,0,189.05
7240,smb,organic,44.5,13,0,529.95
7241,prosumer,paid,39.2,9,0,373.27
7242,consumer,organic,49.0,14,0,668.31
7243,consumer,partner,25.8,10,0,351.47
7244,prosumer,organic,6.4,2,0,35.64
7245,prosumer,paid,40.4,13,0,514.08
7246,consumer,organic,12.5,4,0,34.59
7247,prosumer,paid,22.5,6,0,84.63
7248,consumer,paid,68.7,15,0,1071.3
7249,consumer,partner,16.5,6,0,95.69
7250,consumer,paid,25.4,9,0,259.67
7251,prosumer,organic,66.8,19,0,1177.04
7252,consumer,paid,35.4,4,0,118.47
7253,prosumer,organic,50.8,19,0,829.1
7254,smb,partner,77.6,22,0,1661.14
7255,consumer,partner,36.7,11,0,348.86
7256,prosumer,partner,25.7,8,0,127.45
7257,consumer,paid,58.1,18,0,993.83
7258,consumer,partner,50.9,14,0,652.75
7259,consumer,partner,70.7,21,0,1424.53
7260,smb,organic,61.4,17,0,890.25
7261,prosumer,organic,41.8,9,0,419.98
7262,smb,organic,64.9,18,0,1105.4
7263,prosumer,organic,69.3,16,1,1078.7
7264,smb,partner,31.0,10,0,370.12
7265,consumer,organic,49.4,15,0,635.97
7266,consumer,paid,5.8,6,0,96.74
7267,smb,paid,30.0,11,0,206.79
7268,consumer,paid,46.9,15,1,699.2
7269,consumer,partner,25.4,6,0,149.05
7270,consumer,organic,53.2,17,0,886.83
7271,consumer,paid,80.9,25,1,1819.13
7272,smb,partner,34.0,9,0,314.34
7273,smb,partner,43.0,4,0,199.0
7274,prosumer,partner,59.7,9,0,516.74
7275,prosumer,organic,53.5,17,0,784.41
7276,consumer,partner,53.1,6,0,226.18
7277,consumer,organic,58.2,12,0,739.7
7278,prosumer,partner,55.4,12,0,620.63
7279,consumer,paid,59.5,15,0,815.16
7280,consumer,partner,16.1,5,0,40.9
7281,prosumer,organic,47.9,15,0,708.2
7282,consumer,organic,57.1,11,0,585.82
7283,consumer,organic,23.7,6,0,174.01
7284,consumer,partner,32.2,2,0,75.44
7285,smb,partner,34.2,10,0,375.77
7286,prosumer,paid,63.7,16,0,961.81
7287,consumer,paid,40.0,7,0,318.92
7288,consumer,organic,67.5,16,0,917.63
7289,prosumer,partner,37.4,7,0,242.7
7290,prosumer,paid,30.9,9,0,263.44
7291,consumer,paid,51.4,20,0,953.81
7292,consumer,partner,22.4,8,0,221.67
7293,prosumer,paid,78.2,18,0,1395.58
7294,consumer,paid,54.6,13,0,633.48
7295,prosumer,partner,68.0,19,0,1219.68
7296,prosumer,organic,43.4,18,0,695.0
7297,prosumer,paid,51.5,21,0,959.06
7298,prosumer,paid,29.5,7,0,100.03
7299,consumer,paid,50.1,20,0,1037.19
7300,prosumer,partner,34.0,12,0,368.82
7301,consumer,organic,21.7,4,0,141.82
7302,smb,partner,35.8,15,0,494.42
7303,consumer,organic,46.3,20,0,831.85
7304,consumer,organic,6.2,1,0,87.63
7305,prosumer,organic,31.4,11,0,432.86
7306,consumer,organic,51.9,13,0,578.66
7307,consumer,organic,72.8,17,0,1123.83
7308,prosumer,paid,52.5,15,0,763.85
7309,consumer,organic,43.2,13,0,675.24
7310,consumer,partner,39.3,17,0,591.97
7311,smb,organic,68.2,12,0,712.71
7312,prosumer,paid,77.1,23,1,1702.23
7313,consumer,organic,59.0,19,0,952.76
7314,consumer,organic,9.8,5,0,130.23
7315,smb,paid,40.0,5,0,153.19
7316,prosumer,organic,59.1,16,1,862.47
7317,consumer,organic,14.8,5,0,54.21
7318,prosumer,organic,36.7,11,0,484.66
7319,consumer,partner,39.7,19,0,671.9
7320,consumer,paid,87.4,22,1,1870.92
7321,prosumer,partner,29.4,9,0,305.23
7322,consumer,organic,5.4,3,0,97.18
7323,prosumer,partner,56.5,15,0,766.32
7324,prosumer,paid,66.8,21,0,1396.7
7325,consumer,organic,51.0,11,0,395.37
7326,consumer,paid,51.7,16,0,696.16
7327,consumer,organic,55.7,11,0,517.2
7328,consumer,organic,37.2,14,0,526.04
7329,consumer,paid,48.3,16,0,761.9
7330,consumer,organic,33.3,10,0,385.74
7331,consumer,partner,46.1,13,0,526.66
7332,consumer,partner,48.9,15,0,591.76
7333,consumer,paid,24.5,10,0,252.64
7334,consumer,organic,69.3,12,0,727.45
7335,consumer,partner,40.7,12,0,414.73
7336,consumer,organic,59.7,25,0,1279.4
7337,consumer,partner,75.7,16,0,1195.05
7338,consumer,organic,48.1,8,0,310.72
7339,smb,partner,70.8,16,0,1070.64
7340,prosumer,partner,39.7,14,0,530.28
7341,prosumer,paid,54.3,13,0,658.34
7342,consumer,paid,62.2,17,0,971.54
7343,prosumer,paid,71.9,26,1,1723.66
7344,smb,paid,72.1,24,0,1540.2
7345,prosumer,paid,42.7,13,0,486.2
7346,consumer,partner,29.3,9,0,306.64
7347,smb,organic,31.6,13,0,416.96
7348,prosumer,partner,76.0,23,0,1559.82
7349,consumer,organic,17.8,8,0,68.83
7350,consumer,organic,26.2,6,0,196.75
7351,consumer,paid,33.6,11,0,397.51
7352,consumer,partner,39.1,14,0,509.04
7353,consumer,partner,24.4,8,0,206.57
7354,prosumer,organic,27.8,14,0,414.99
7355,consumer,partner,40.0,13,0,474.43
7356,smb,partner,23.9,7,0,136.41
7357,consumer,paid,80.6,21,0,1511.55
7358,consumer,organic,58.1,18,0,945.53
7359,prosumer,partner,72.3,16,1,979.07
7360,prosumer,partner,55.2,14,0,790.31
7361,consumer,partner,71.1,17,0,1216.01
7362,consumer,partner,81.8,15,0,1159.42
7363,prosumer,paid,45.8,16,0,676.17
7364,consumer,partner,44.3,8,0,347.71
7365,prosumer,paid,42.5,8,0,367.31
7366,consumer,organic,73.0,22,0,1394.92
7367,consumer,organic,39.6,9,0,494.81
7368,prosumer,paid,32.2,11,0,354.76
7369,prosumer,organic,44.9,9,0,442.09
7370,consumer,paid,30.2,9,0,239.99
7371,prosumer,paid,87.8,33,0,2465.2
7372,consumer,organic,17.2,5,0,0.0
7373,smb,organic,26.5,6,0,258.9
7374,consumer,organic,22.3,10,0,245.95
7375,consumer,partner,25.1,6,0,135.37
7376,consumer,paid,45.9,15,0,613.85
7377,consumer,partner,41.3,10,0,373.87
7378,consumer,organic,23.2,6,0,146.69
7379,consumer,organic,11.2,7,0,27.18
7380,consumer,organic,82.4,28,1,2186.0
7381,consumer,paid,18.8,6,0,128.38
7382,consumer,paid,56.8,18,0,954.75
7383,consumer,paid,18.1,4,0,60.74
7384,consumer,paid,73.9,25,1,1755.42
7385,prosumer,organic,32.4,12,0,426.1
7386,prosumer,partner,29.1,6,0,202.51
7387,smb,paid,69.3,20,1,1226.76
7388,consumer,organic,79.4,19,0,1395.44
7389,consumer,partner,19.0,8,0,170.75
7390,smb,paid,19.3,10,0,172.37
7391,smb,partner,79.3,22,0,1598.75
7392,smb,organic,50.0,11,0,547.01
7393,consumer,paid,27.7,10,0,330.63
7394,consumer,partner,19.2,4,0,154.1
7395,consumer,paid,69.1,32,1,2162.81
7396,consumer,organic,22.7,3,0,120.24
7397,consumer,paid,35.3,9,0,362.7
7398,consumer,paid,84.6,26,0,1988.68
7399,consumer,organic,78.0,23,0,1614.68
7400,consumer,paid,43.9,8,0,418.77
7401,consumer,organic,36.6,11,0,413.41
7402,consumer,partner,31.1,16,1,418.0
7403,smb,partner,69.1,17,0,1161.15
7404,consumer,organic,30.6,10,0,257.69
7405,prosumer,paid,79.9,22,0,1635.14
7406,consumer,paid,64.7,11,1,710.41
7407,smb,organic,18.1,8,0,227.07
7408,consumer,organic,52.9,15,0,818.51
7409,consumer,paid,67.7,19,0,1095.5
7410,consumer,partner,72.5,13,1,996.34
7411,smb,paid,57.3,15,0,840.33
7412,consumer,paid,46.8,13,0,535.17
7413,consumer,partner,70.2,21,0,1382.58
7414,consumer,paid,70.0,22,0,1375.44
7415,prosumer,partner,86.5,15,1,1256.76
7416,consumer,organic,45.3,13,0,644.56
7417,consumer,organic,46.4,14,0,604.49
7418,consumer,partner,34.5,9,0,303.32
7419,prosumer,paid,61.9,20,0,1175.36
7420,prosumer,paid,46.1,12,0,530.7
7421,consumer,partner,48.5,24,0,1003.5
7422,prosumer,organic,43.9,14,0,472.9
7423,consumer,organic,23.3,4,0,109.46
7424,consumer,paid,63.6,20,0,1161.81
7425,consumer,partner,53.7,20,0,957.2
7426,prosumer,paid,35.1,8,0,248.91
7427,prosumer,organic,55.2,19,0,1036.7
7428,consumer,paid,47.6,16,0,696.55
7429,consumer,organic,50.0,16,0,811.38
7430,prosumer,partner,33.5,14,0,516.54
7431,consumer,paid,63.9,17,0,983.28
7432,consumer,paid,84.8,24,0,2004.17
7433,consumer,paid,67.5,19,0,1241.19
7434,consumer,partner,58.7,22,0,1304.45
7435,consumer,paid,65.5,16,0,958.81
7436,consumer,organic,49.1,6,0,177.69
7437,consumer,organic,66.4,22,0,1322.1
7438,prosumer,organic,78.6,22,1,1636.25
7439,consumer,organic,59.4,15,1,827.42
7440,consumer,organic,67.6,27,0,1710.47
7441,prosumer,paid,8.9,1,0,45.25
7442,prosumer,partner,67.4,20,0,1277.67
7443,consumer,paid,8.7,5,0,42.79
7444,consumer,paid,62.4,19,0,1096.37
7445,consumer,partner,80.9,24,0,1793.68
7446,prosumer,partner,53.0,19,0,932.33
7447,prosumer,partner,45.5,16,1,758.75
7448,consumer,organic,54.8,16,0,871.73
7449,prosumer,organic,47.9,19,0,839.5
7450,consumer,paid,23.8,2,0,39.92
7451,prosumer,organic,52.3,21,0,1006.54
7452,prosumer,partner,52.4,22,0,1218.01
7453,consumer,organic,34.1,6,0,265.41
7454,prosumer,paid,45.2,10,0,377.48
7455,consumer,organic,30.3,10,0,343.31
7456,prosumer,partner,29.2,9,0,136.69
7457,consumer,partner,50.4,25,0,1119.01
7458,prosumer,paid,65.7,18,0,1247.06
7459,smb,paid,43.9,10,0,350.77
7460,prosumer,paid,46.4,14,0,668.06
7461,prosumer,organic,64.3,17,0,896.99
7462,consumer,paid,63.3,19,0,1188.86
7463,prosumer,partner,33.7,8,0,303.86
7464,consumer,organic,26.8,8,0,280.6
7465,consumer,partner,12.2,8,0,24.61
7466,consumer,partner,45.8,8,0,352.46
7467,prosumer,organic,43.9,19,0,825.7
7468,consumer,paid,56.9,14,0,824.74
7469,consumer,partner,64.4,21,0,1255.54
7470,consumer,organic,31.0,11,0,371.33
7471,prosumer,organic,54.8,15,0,723.71
7472,consumer,partner,19.5,7,0,296.37
7473,consumer,paid,54.8,15,0,696.73
7474,prosumer,organic,38.1,14,0,569.93
7475,consumer,organic,64.3,12,1,812.23
7476,smb,partner,49.4,20,0,924.78
7477,consumer,organic,21.3,10,0,237.13
7478,consumer,partner,15.6,11,0,107.62
7479,consumer,organic,57.6,12,0,662.57
7480,consumer,organic,35.7,11,0,453.54
7481,consumer,paid,49.1,19,0,1034.04
7482,smb,organic,49.6,13,0,571.89
7483,consumer,partner,43.6,10,0,464.65
7484,consumer,partner,40.3,12,0,538.67
7485,consumer,partner,15.0,4,0,53.84
7486,consumer,organic,17.2,4,0,55.58
7487,consumer,organic,71.0,21,0,1495.67
7488,prosumer,partner,89.1,24,0,2023.34
7489,consumer,organic,53.8,10,0,477.61
7490,consumer,paid,16.8,4,0,97.14
7491,smb,partner,79.9,18,0,1338.93
7492,consumer,paid,67.4,18,0,1076.53
7493,consumer,paid,63.8,14,0,785.17
7494,consumer,organic,90.1,16,1,1423.64
7495,smb,organic,76.7,21,1,1525.76
7496,consumer,organic,51.3,13,0,630.67
7497,consumer,paid,36.9,9,0,295.67
7498,consumer,organic,48.4,13,0,502.84
7499,prosumer,partner,11.2,4,0,108.38
7500,consumer,partner,52.8,16,0,799.83
7501,consumer,organic,37.5,10,0,426.64
7502,consumer,organic,43.9,10,0,385.98
7503,prosumer,partner,58.1,13,0,711.07
7504,smb,partner,85.7,22,0,1739.79
7505,consumer,partner,52.6,16,1,868.69
7506,consumer,organic,80.4,19,1,1300.74
7507,prosumer,partner,45.0,11,0,514.6
7508,smb,partner,11.8,5,0,89.23
7509,prosumer,paid,59.0,14,0,745.21
7510,consumer,paid,84.0,19,1,1528.72
7511,prosumer,paid,34.9,12,0,371.15
7512,smb,paid,64.5,21,1,1199.27
7513,prosumer,partner,62.7,26,0,1506.77
7514,smb,paid,83.7,21,1,1631.02
7515,consumer,partner,56.9,11,0,583.58
7516,consumer,organic,67.6,9,0,541.32
7517,consumer,organic,37.0,12,0,458.57
7518,consumer,partner,43.5,10,0,310.79
7519,consumer,partner,68.5,21,0,1232.32
7520,consumer,paid,30.8,10,0,335.97
7521,consumer,organic,43.9,13,0,503.39
7522,consumer,paid,82.4,22,0,1592.79
7523,consumer,paid,44.1,12,0,515.72
7524,consumer,organic,42.2,17,0,725.33
7525,consumer,partner,35.7,12,0,456.29
7526,prosumer,paid,40.2,9,0,435.03
7527,smb,paid,60.3,15,0,894.2
7528,consumer,partner,41.6,8,0,345.11
7529,prosumer,partner,65.0,16,0,978.57
7530,consumer,paid,34.7,8,0,366.87
7531,consumer,organic,61.4,16,0,792.55
7532,prosumer,partner,31.6,10,0,391.35
7533,consumer,paid,21.6,5,0,130.47
7534,prosumer,partner,59.8,21,0,1159.76
7535,prosumer,organic,31.0,8,1,358.88
7536,prosumer,paid,47.1,14,0,694.93
7537,consumer,partner,49.8,13,0,649.91
7538,consumer,partner,59.2,12,0,537.85
7539,prosumer,organic,51.2,24,0,1010.44
7540,prosumer,partner,43.5,14,0,553.56
7541,smb,organic,30.3,14,0,448.93
7542,consumer,organic,61.5,17,0,972.64
7543,prosumer,partner,70.2,26,0,1714.73
7544,consumer,paid,90.6,25,0,2120.2
7545,consumer,organic,29.1,8,0,313.31
7546,prosumer,paid,71.0,19,1,1275.22
7547,consumer,organic,71.3,16,0,1074.64
7548,consumer,organic,86.8,22,1,1754.06
7549,consumer,partner,79.4,28,1,2115.22
7550,prosumer,partner,71.7,16,0,1038.65
7551,consumer,organic,10.8,6,0,140.96
7552,prosumer,organic,73.8,19,0,1297.01
7553,prosumer,partner,68.4,21,1,1370.05
7554,consumer,paid,80.3,19,0,1472.3
7555,smb,partner,18.0,6,0,218.55
7556,prosumer,organic,34.8,11,0,476.82
7557,consumer,paid,50.2,9,0,453.8
7558,consumer,paid,20.4,3,0,41.84
7559,consumer,organic,24.5,6,0,204.85
7560,smb,organic,67.2,22,0,1386.5
7561,consumer,paid,25.2,5,0,222.8
7562,prosumer,organic,53.4,8,0,361.12
7563,consumer,partner,39.5,10,0,318.52
7564,consumer,partner,76.0,18,0,1218.62
7565,prosumer,partner,30.1,10,0,219.35
7566,consumer,organic,46.5,10,0,481.07
7567,consumer,partner,20.1,5,0,151.14
7568,prosumer,paid,20.4,5,0,179.99
7569,smb,partner,32.0,13,0,452.21
7570,smb,paid,46.1,14,0,604.91
7571,smb,paid,26.3,9,0,342.31
7572,consumer,paid,35.6,8,0,354.62
7573,prosumer,partner,54.1,17,0,768.97
7574,consumer,paid,57.5,12,0,711.71
7575,consumer,organic,43.6,16,0,665.4
7576,consumer,paid,51.7,14,0,690.93
7577,prosumer,paid,38.9,6,0,319.95
7578,consumer,organic,37.8,16,0,547.3
7579,consumer,paid,45.2,11,0,366.22
7580,prosumer,partner,48.3,21,0,837.42
7581,prosumer,paid,51.0,20,0,995.31
7582,consumer,paid,50.3,19,0,863.32
7583,consumer,organic,47.7,14,0,719.81
7584,smb,paid,12.4,3,0,20.65
7585,consumer,organic,29.6,9,0,249.55
7586,smb,organic,66.2,15,0,818.77
7587,prosumer,partner,82.8,19,0,1480.61
7588,prosumer,partner,43.3,12,0,467.56
7589,consumer,organic,48.5,14,0,680.39
7590,prosumer,paid,58.2,16,0,916.27
7591,consumer,organic,41.2,17,0,655.59
7592,prosumer,paid,25.9,11,0,365.39
7593,consumer,partner,40.1,14,0,530.02
7594,smb,organic,15.9,1,0,34.24
7595,consumer,partner,82.0,19,1,1355.43
7596,consumer,organic,54.9,13,0,701.79
7597,prosumer,organic,47.8,14,0,618.1
7598,consumer,partner,55.3,15,0,753.02
7599,consumer,organic,34.0,9,0,314.86
7600,consumer,partner,63.9,13,0,733.91
7601,consumer,organic,43.0,13,0,555.99
7602,consumer,partner,69.7,13,0,743.01
7603,consumer,paid,26.7,12,0,329.93
7604,consumer,paid,47.7,15,0,700.64
7605,prosumer,organic,36.8,6,0,219.75
7606,consumer,partner,57.5,20,0,1106.97
7607,consumer,paid,43.2,8,1,364.66
7608,consumer,paid,65.3,15,1,932.01
7609,consumer,organic,53.2,23,0,1035.38
7610,consumer,organic,83.1,16,0,1169.74
7611,consumer,partner,65.2,17,0,990.96
7612,prosumer,partner,64.8,25,0,1483.97
7613,smb,organic,69.5,24,0,1603.92
7614,consumer,organic,64.4,20,0,1337.18
7615,consumer,partner,25.3,12,0,341.95
7616,smb,paid,87.3,29,0,2240.19
7617,consumer,organic,27.3,8,0,128.72
7618,smb,organic,47.2,15,0,600.5
7619,consumer,paid,21.0,5,0,148.79
7620,consumer,paid,67.2,14,0,863.23
7621,consumer,organic,49.4,18,0,791.52
7622,prosumer,paid,47.4,15,0,739.32
7623,consumer,organic,28.1,10,0,351.86
7624,consumer,partner,46.4,7,0,256.14
7625,prosumer,organic,32.6,14,0,399.17
7626,prosumer,partner,29.5,10,0,317.32
7627,consumer,partner,68.3,18,0,1209.67
7628,consumer,partner,36.3,7,0,275.29
7629,smb,organic,19.3,8,0,165.28
7630,consumer,paid,28.7,11,0,312.46
7631,prosumer,organic,48.8,19,0,717.38
7632,prosumer,paid,13.1,6,0,165.83
7633,smb,organic,36.4,10,0,358.04
7634,consumer,paid,55.2,9,1,508.42
7635,consumer,organic,60.8,15,0,850.39
7636,prosumer,paid,35.5,15,0,511.47
7637,smb,partner,50.5,10,0,493.76
7638,prosumer,partner,72.2,21,0,1436.39
7639,consumer,organic,74.6,20,0,1337.98
7640,consumer,organic,56.2,22,1,1242.26
7641,smb,partner,53.4,11,0,608.27
7642,consumer,paid,67.0,15,0,892.01
7643,consumer,partner,55.2,8,0,372.08
7644,smb,organic,30.3,14,0,473.96
7645,consumer,partner,10.9,5,0,47.65
7646,consumer,organic,54.0,16,0,859.95
7647,consumer,paid,38.6,9,0,269.1
7648,prosumer,paid,53.3,16,0,721.55
7649,consumer,paid,21.6,6,0,142.79
7650,consumer,partner,75.5,24,0,1686.76
7651,consumer,paid,23.1,11,0,218.08
7652,smb,partner,90.9,25,1,2128.54
7653,prosumer,partner,53.0,15,0,797.06
7654,smb,paid,31.8,9,0,263.07
7655,consumer,organic,42.9,17,0,731.25
7656,consumer,organic,74.7,12,0,874.28
7657,smb,partner,56.0,10,0,615.89
7658,prosumer,paid,43.7,15,1,720.17
7659,smb,organic,20.0,8,0,232.68
7660,consumer,organic,63.4,20,0,1225.89
7661,consumer,organic,38.2,11,0,325.5
7662,consumer,organic,59.7,19,1,1031.49
7663,smb,partner,74.8,25,0,1660.72
7664,smb,paid,67.6,24,0,1414.4
7665,consumer,paid,52.0,23,0,1117.22
7666,consumer,organic,49.3,17,0,803.16
7667,consumer,paid,7.2,4,0,0.0
7668,consumer,organic,15.1,2,0,92.14
7669,prosumer,organic,54.9,13,0,658.44
7670,consumer,paid,45.2,12,1,545.34
7671,prosumer,paid,48.8,12,0,489.25
7672,prosumer,partner,22.5,9,0,272.88
7673,consumer,organic,23.9,9,0,300.77
7674,prosumer,organic,25.0,4,0,81.86
7675,prosumer,paid,62.0,13,0,747.09
7676,prosumer,partner,70.5,14,0,870.81
7677,prosumer,partner,23.6,9,0,316.64
7678,prosumer,partner,36.0,4,0,158.99
7679,consumer,organic,62.2,16,0,903.23
7680,consumer,partner,53.1,14,0,771.93
7681,consumer,partner,44.1,19,1,847.41
7682,prosumer,organic,74.4,20,0,1325.91
7683,consumer,paid,50.3,14,0,699.9
7684,prosumer,partner,85.9,21,0,1670.61
7685,consumer,organic,62.4,18,0,1045.62
7686,consumer,partner,72.4,21,0,1419.24
7687,consumer,paid,47.6,10,0,442.22
7688,smb,paid,58.1,16,1,845.58
7689,consumer,organic,17.6,2,0,84.74
7690,prosumer,paid,68.2,18,0,1013.65
7691,smb,organic,38.4,11,0,442.42
7692,consumer,organic,51.2,12,0,587.44
7693,consumer,partner,71.6,23,0,1442.35
7694,consumer,partner,45.1,13,0,711.35
7695,consumer,paid,73.0,16,0,1093.68
7696,prosumer,partner,28.4,10,0,231.46
7697,prosumer,paid,19.1,9,0,250.66
7698,consumer,partner,31.1,15,0,515.64
7699,consumer,paid,48.9,11,0,528.01
7700,consumer,organic,70.3,24,0,1497.82
7701,consumer,paid,56.3,19,0,1030.83
7702,consumer,partner,66.0,20,0,1248.32
7703,consumer,organic,29.3,4,0,75.9
7704,prosumer,organic,70.7,21,0,1426.23
7705,smb,organic,58.2,17,0,922.66
7706,consumer,partner,64.0,14,1,797.75
7707,smb,paid,87.7,27,0,2167.6
7708,consumer,paid,15.6,5,0,0.3
7709,prosumer,partner,43.9,12,0,465.07
7710,consumer,paid,46.3,13,0,625.66
7711,consumer,organic,79.9,19,1,1368.53
7712,consumer,partner,74.7,18,0,1292.25
7713,consumer,paid,36.1,7,0,134.58
7714,prosumer,partner,17.6,7,0,153.18
7715,prosumer,organic,68.8,20,1,1305.24
7716,prosumer,partner,25.0,6,0,158.2
7717,consumer,paid,52.3,14,1,778.28
7718,prosumer,organic,54.1,19,0,972.38
7719,consumer,paid,26.7,6,0,107.82
7720,prosumer,organic,38.1,9,0,335.51
7721,consumer,organic,21.1,7,0,191.29
7722,smb,organic,62.7,20,0,996.32
7723,smb,partner,63.6,15,0,863.81
7724,consumer,partner,62.8,16,0,858.79
7725,smb,paid,51.6,14,0,737.53
7726,smb,partner,47.5,8,0,407.52
7727,prosumer,organic,48.8,19,0,906.0
7728,prosumer,organic,28.2,12,0,291.27
7729,consumer,organic,55.2,19,1,921.24
7730,smb,paid,59.4,18,0,1062.92
7731,smb,partner,55.6,11,0,575.66
7732,consumer,partner,36.2,11,0,310.67
7733,smb,partner,32.3,9,0,248.74
7734,smb,partner,49.8,17,0,712.67
7735,consumer,paid,91.1,25,0,2136.43
7736,consumer,partner,25.4,9,0,173.25
7737,smb,organic,39.2,14,0,452.19
7738,consumer,partner,60.5,12,0,744.79
7739,consumer,partner,78.7,18,1,1372.16
7740,consumer,organic,36.1,12,0,460.95
7741,prosumer,paid,53.6,14,0,685.04
7742,smb,paid,53.0,13,0,767.43
7743,prosumer,partner,5.7,2,0,70.12
7744,consumer,partner,34.8,10,0,288.8
7745,prosumer,organic,17.8,8,0,234.72
7746,smb,partner,48.0,14,0,623.63
7747,consumer,partner,35.1,7,0,261.01
7748,consumer,paid,51.2,13,0,542.23
7749,smb,paid,42.0,10,0,425.86
7750,prosumer,partner,87.8,23,0,1906.33
7751,consumer,partner,34.0,12,0,422.64
7752,consumer,organic,73.0,15,1,1065.48
7753,consumer,partner,67.0,16,0,1030.36
7754,consumer,partner,58.0,11,0,584.48
7755,consumer,organic,69.6,21,0,1288.8
7756,smb,partner,27.1,10,0,228.9
7757,consumer,paid,48.1,12,0,690.26
7758,consumer,partner,21.9,4,0,113.93
7759,prosumer,paid,87.9,29,0,2320.6
7760,consumer,organic,73.0,25,0,1736.7
7761,prosumer,organic,62.7,18,0,1109.01
7762,prosumer,organic,76.5,18,0,1197.09
7763,prosumer,partner,72.2,25,1,1721.32
7764,prosumer,organic,41.1,12,0,562.47
7765,consumer,paid,48.5,13,0,555.38
7766,consumer,partner,41.7,12,0,482.05
7767,consumer,organic,19.7,10,0,162.51
7768,consumer,organic,73.0,18,0,1299.47
7769,smb,partner,38.6,15,0,624.52
7770,smb,organic,23.1,10,0,229.0
7771,prosumer,partner,88.6,20,0,1766.12
7772,consumer,organic,30.4,9,0,372.5
7773,prosumer,organic,40.7,10,0,442.06
7774,smb,partner,39.5,14,0,528.53
7775,consumer,paid,52.7,14,0,658.44
7776,consumer,paid,45.6,15,0,709.94
7777,smb,paid,83.6,22,1,1731.97
7778,consumer,paid,19.2,10,0,157.96
7779,consumer,partner,27.6,12,0,241.38
7780,smb,organic,20.9,8,0,245.56
7781,prosumer,partner,59.5,19,0,1139.09
7782,consumer,partner,57.6,16,0,853.35
7783,consumer,partner,14.4,6,0,121.8
7784,consumer,paid,56.4,12,1,716.78
7785,consumer,partner,22.5,12,0,346.0
7786,smb,partner,34.7,10,0,297.54
7787,prosumer,partner,4.9,1,0,18.72
7788,smb,paid,67.6,18,1,1079.65
7789,consumer,organic,49.9,20,0,993.14
7790,consumer,paid,50.3,16,1,841.03
7791,consumer,paid,19.7,5,0,159.2
7792,consumer,partner,56.9,10,0,439.5
7793,consumer,paid,54.0,13,0,591.48
7794,consumer,partner,84.5,15,0,1195.09
7795,consumer,organic,35.3,14,0,413.16
7796,prosumer,partner,60.6,9,0,706.42
7797,consumer,paid,33.8,12,0,451.32
7798,consumer,paid,26.5,7,0,152.65
7799,consumer,organic,3.6,4,0,122.45
7800,consumer,partner,42.3,8,0,289.25
7801,consumer,organic,31.4,4,0,101.79
7802,prosumer,partner,27.9,10,0,180.64
7803,consumer,paid,41.9,15,0,461.96
7804,prosumer,organic,55.9,13,1,727.23
7805,consumer,organic,34.2,14,0,498.02
7806,consumer,organic,41.7,14,0,464.39
7807,consumer,organic,45.4,14,0,649.91
7808,prosumer,organic,38.0,12,0,526.27
7809,smb,paid,72.0,18,0,1222.87
7810,consumer,organic,53.3,23,0,1150.39
7811,prosumer,partner,62.5,16,0,972.86
7812,consumer,organic,69.8,22,1,1361.03
7813,consumer,partner,37.3,10,0,374.24
7814,consumer,paid,34.4,13,0,502.47
7815,prosumer,paid,57.8,19,0,1013.97
7816,consumer,paid,64.4,14,0,859.93
7817,consumer,partner,46.9,17,0,738.17
7818,consumer,partner,39.0,12,0,428.06
7819,consumer,partner,24.6,4,0,156.21
7820,prosumer,paid,54.5,24,0,1209.04
7821,consumer,organic,60.3,14,0,827.72
7822,consumer,organic,47.2,14,0,569.4
7823,consumer,organic,32.9,13,0,364.91
7824,consumer,paid,18.5,6,0,198.99
7825,prosumer,paid,35.9,6,0,242.14
7826,consumer,partner,68.6,26,1,1643.85
7827,consumer,partner,81.8,28,0,2084.86
7828,smb,organic,37.2,7,0,185.19
7829,prosumer,partner,25.6,13,0,338.49
7830,smb,partner,49.3,11,0,554.11
7831,prosumer,paid,88.1,24,0,1910.76
7832,consumer,partner,31.1,10,0,291.28
7833,prosumer,organic,25.2,6,0,196.5
7834,consumer,partner,47.6,9,0,482.61
7835,smb,partner,38.1,8,0,282.59
7836,consumer,paid,30.0,10,0,259.88
7837,smb,paid,55.0,20,0,992.45
7838,consumer,partner,80.7,13,0,993.35
7839,prosumer,organic,43.8,23,0,911.54
7840,prosumer,partner,32.2,13,0,345.23
7841,smb,organic,73.4,19,0,1260.06
7842,prosumer,organic,22.0,6,0,163.45
7843,consumer,paid,49.5,17,0,817.93
7844,consumer,paid,81.7,18,0,1357.0
7845,consumer,partner,57.3,19,0,888.25
7846,consumer,organic,42.7,14,1,561.35
7847,consumer,paid,28.5,6,0,202.1
7848,consumer,paid,44.1,12,0,482.72
7849,consumer,paid,82.4,24,0,1786.34
7850,consumer,organic,48.5,18,0,803.97
7851,consumer,paid,24.5,8,0,214.5
7852,consumer,paid,61.4,13,0,825.27
7853,consumer,paid,36.1,11,0,407.71
7854,smb,organic,48.4,19,0,758.94
7855,consumer,organic,59.7,14,0,885.37
7856,consumer,organic,71.3,16,0,999.45
7857,consumer,partner,69.2,12,0,714.55
7858,consumer,partner,49.4,15,0,627.3
7859,consumer,paid,18.6,8,0,206.38
7860,smb,partner,41.4,19,0,801.68
7861,smb,partner,80.0,27,1,1986.52
7862,prosumer,paid,50.4,10,0,390.14
7863,smb,partner,84.2,26,0,2069.93
7864,prosumer,partner,34.1,11,0,458.56
7865,consumer,partner,59.7,19,0,1048.47
7866,prosumer,partner,55.3,17,0,781.51
7867,consumer,partner,17.6,8,0,221.72
7868,consumer,partner,57.9,19,1,1021.17
7869,smb,paid,66.8,16,0,1069.67
7870,consumer,paid,43.0,13,0,619.98
7871,consumer,paid,57.7,22,1,1253.18
7872,prosumer,organic,74.0,12,0,716.73
7873,consumer,paid,23.0,12,0,329.43
7874,consumer,organic,79.2,21,0,1466.29
7875,consumer,partner,58.0,15,0,848.75
7876,consumer,organic,61.6,21,1,1266.08
7877,consumer,paid,78.9,26,0,1855.58
7878,consumer,organic,32.0,12,0,329.68
7879,prosumer,paid,37.5,12,0,424.93
7880,consumer,paid,62.8,20,0,1178.96
7881,consumer,organic,27.0,6,0,194.91
7882,consumer,paid,65.4,12,0,746.55
7883,consumer,organic,74.6,27,0,1839.3
7884,consumer,organic,32.2,6,0,244.88
7885,consumer,paid,63.3,12,0,811.24
7886,consumer,paid,5.0,3,0,0.0
7887,smb,organic,82.1,36,1,2711.61
7888,consumer,partner,87.5,21,0,1728.26
7889,prosumer,partner,46.3,9,0,448.67
7890,consumer,organic,73.3,26,0,1709.15
7891,smb,paid,35.1,11,0,421.02
7892,consumer,partner,28.9,11,0,303.53
7893,consumer,paid,24.5,12,0,267.22
7894,consumer,paid,80.0,20,0,1517.11
7895,consumer,organic,17.3,5,0,162.5
7896,consumer,paid,77.5,24,0,1741.59
7897,consumer,paid,67.5,27,1,1632.57
7898,consumer,partner,54.0,14,0,729.75
7899,consumer,paid,41.4,8,0,248.76
7900,consumer,organic,43.4,19,0,721.5
7901,consumer,paid,69.9,19,0,1103.61
7902,consumer,organic,87.5,21,0,1658.19
7903,consumer,partner,70.4,20,1,1362.05
7904,prosumer,paid,32.1,14,0,407.21
7905,consumer,organic,13.8,6,0,129.88
7906,smb,organic,28.2,7,0,236.67
7907,prosumer,paid,67.2,18,0,1186.4
7908,consumer,organic,88.6,20,1,1633.44
7909,prosumer,organic,48.4,13,0,463.55
7910,consumer,organic,81.2,21,0,1527.61
7911,smb,organic,51.5,15,0,656.45
7912,consumer,organic,35.2,13,0,386.88
7913,smb,partner,28.6,14,0,480.85
7914,consumer,partner,82.3,18,0,1319.91
7915,consumer,partner,47.9,12,0,540.43
7916,consumer,organic,60.9,10,0,521.07
7917,consumer,partner,31.5,4,0,138.28
7918,smb,paid,60.5,20,0,1063.21
7919,consumer,organic,34.5,9,0,357.48
7920,smb,organic,13.3,4,0,83.23
7921,smb,organic,26.0,8,0,264.87
7922,prosumer,paid,31.0,13,0,413.44
7923,smb,partner,18.8,3,0,149.12
7924,smb,organic,18.3,6,0,187.12
7925,consumer,paid,29.1,9,0,220.02
7926,consumer,partner,39.5,11,0,424.55
7927,smb,paid,19.6,6,0,105.2
7928,smb,paid,19.3,8,0,135.08
7929,prosumer,organic,37.1,12,0,425.96
7930,consumer,paid,55.1,23,0,1133.28
7931,consumer,partner,34.2,12,0,462.29
7932,prosumer,organic,29.5,9,0,310.87
7933,consumer,partner,42.6,14,0,618.9
7934,consumer,organic,21.6,6,0,90.0
7935,consumer,partner,29.3,7,1,181.31
7936,consumer,organic,32.7,8,0,272.62
7937,consumer,organic,9.1,5,0,47.61
7938,prosumer,partner,71.5,11,0,748.76
7939,prosumer,partner,41.1,12,0,379.41
7940,consumer,partner,31.0,8,0,183.74
7941,prosumer,organic,44.6,11,0,456.17
7942,consumer,organic,70.9,21,1,1421.62
7943,consumer,organic,42.0,9,0,450.27
7944,prosumer,paid,33.4,13,0,383.74
7945,consumer,paid,42.1,13,0,469.54
7946,consumer,organic,53.0,21,0,1020.49
7947,prosumer,paid,73.9,18,0,1348.72
7948,prosumer,organic,37.2,6,0,268.07
7949,consumer,organic,34.1,15,0,487.11
7950,prosumer,organic,27.0,15,0,301.76
7951,consumer,partner,61.6,22,1,1242.45
7952,prosumer,partner,58.3,17,0,880.43
7953,consumer,paid,76.2,20,1,1363.22
7954,prosumer,partner,52.8,20,0,878.56
7955,consumer,paid,66.7,14,0,782.97
7956,consumer,partner,45.0,16,0,685.17
7957,consumer,partner,69.1,15,1,1003.97
7958,prosumer,partner,67.0,14,0,810.29
7959,consumer,paid,30.0,8,0,214.85
7960,prosumer,partner,56.9,18,0,853.77
7961,smb,partner,67.4,20,0,1181.45
7962,prosumer,partner,60.5,13,0,759.52
7963,consumer,partner,71.5,14,0,894.74
7964,prosumer,organic,48.8,17,0,680.76
7965,consumer,paid,60.4,22,0,1251.61
7966,consumer,partner,72.0,27,0,1795.02
7967,consumer,partner,38.6,10,0,351.75
7968,prosumer,partner,33.5,15,0,522.56
7969,consumer,partner,47.2,14,0,723.89
7970,consumer,organic,19.9,7,0,183.93
7971,consumer,partner,21.3,5,0,162.26
7972,consumer,paid,23.2,9,0,237.0
7973,consumer,organic,22.9,13,0,298.17
7974,consumer,organic,4.5,1,0,35.1
7975,consumer,partner,36.9,11,0,349.91
7976,consumer,paid,58.4,15,1,956.77
7977,prosumer,partner,35.5,8,0,244.14
7978,prosumer,paid,34.6,13,0,491.93
7979,consumer,paid,81.5,15,0,1139.47
7980,prosumer,partner,42.9,5,0,347.9
7981,prosumer,paid,55.9,21,0,1135.37
7982,smb,paid,32.7,15,0,526.59
7983,smb,partner,28.0,11,0,310.9
7984,prosumer,paid,34.8,12,0,393.1
7985,consumer,partner,62.1,22,0,1273.3
7986,consumer,organic,61.3,17,0,949.7
7987,prosumer,paid,56.9,19,0,1024.98
7988,consumer,partner,35.0,6,0,252.56
7989,consumer,paid,47.5,9,0,358.68
7990,consumer,partner,40.1,16,0,665.59
7991,consumer,paid,12.5,5,0,79.91
7992,consumer,organic,35.0,9,1,379.87
7993,consumer,paid,32.5,7,0,221.72
7994,consumer,partner,11.3,7,0,198.38
7995,consumer,partner,49.5,4,0,272.61
7996,consumer,paid,83.8,27,0,2046.2
7997,consumer,organic,20.1,13,0,287.79
7998,prosumer,paid,36.3,14,0,404.78
7999,prosumer,paid,67.1,17,0,1026.03
8000,prosumer,organic,73.3,16,0,1149.44
8001,consumer,organic,82.9,25,0,1936.96
8002,consumer,paid,68.7,21,0,1299.65
8003,consumer,partner,77.4,23,1,1673.18
8004,consumer,paid,42.5,11,0,472.14
8005,consumer,organic,15.6,2,0,83.67
8006,consumer,paid,56.2,15,1,894.43
8007,consumer,partner,33.2,6,0,208.08
8008,consumer,organic,47.5,21,0,916.41
8009,consumer,organic,34.1,14,1,547.57
8010,prosumer,paid,47.1,14,1,714.94
8011,prosumer,partner,36.7,12,0,395.12
8012,consumer,partner,25.7,9,0,253.27
8013,consumer,organic,43.6,18,0,731.7
8014,smb,partner,42.4,15,0,604.66
8015,consumer,paid,60.3,23,0,1231.33
8016,prosumer,organic,26.4,9,0,262.47
8017,prosumer,paid,29.6,11,0,299.06
8018,prosumer,organic,21.0,8,0,239.77
8019,smb,organic,8.2,8,0,123.3
8020,consumer,organic,36.0,14,0,482.54
8021,consumer,organic,38.3,8,0,225.84
8022,smb,organic,46.4,18,0,811.93
8023,consumer,partner,91.7,25,0,2138.37
8024,consumer,paid,17.9,6,0,222.88
8025,smb,organic,59.0,22,0,1252.83
8026,prosumer,organic,31.9,10,0,344.79
8027,consumer,organic,39.3,12,0,409.91
8028,consumer,organic,21.2,8,0,160.98
8029,prosumer,partner,36.9,5,0,195.21
8030,consumer,organic,40.4,13,0,574.4
8031,prosumer,organic,40.1,18,0,716.55
8032,consumer,organic,75.2,19,0,1299.32
8033,consumer,partner,66.0,15,0,941.14
8034,smb,paid,44.3,14,0,738.16
8035,smb,paid,64.7,22,1,1239.47
8036,consumer,paid,35.8,15,0,464.67
8037,smb,partner,47.4,19,0,767.92
8038,smb,paid,63.0,14,0,828.81
8039,consumer,partner,26.5,13,0,379.65
8040,consumer,organic,36.3,13,0,504.8
8041,prosumer,paid,60.3,15,1,816.9
8042,consumer,partner,42.3,16,0,590.21
8043,smb,partner,52.9,14,0,733.18
8044,consumer,organic,28.0,10,0,276.11
8045,smb,partner,71.5,20,0,1329.71
8046,consumer,partner,54.9,16,0,832.89
8047,prosumer,paid,47.5,10,0,519.51
8048,consumer,organic,77.5,17,0,1194.22
8049,prosumer,paid,18.9,2,0,58.19
8050,smb,paid,16.7,3,0,18.24
8051,consumer,paid,49.0,20,0,875.38
8052,consumer,paid,42.4,20,0,834.95
8053,prosumer,organic,49.1,14,0,573.8
8054,consumer,organic,36.9,6,0,173.92
8055,consumer,paid,42.7,18,0,681.14
8056,prosumer,paid,52.0,18,0,849.11
8057,prosumer,paid,51.1,11,0,556.48
8058,consumer,partner,64.0,23,0,1231.31
8059,prosumer,partner,45.4,20,0,933.0
8060,prosumer,organic,21.4,8,0,73.95
8061,consumer,partner,81.9,25,0,1937.42
8062,consumer,partner,25.8,6,0,112.29
8063,smb,organic,70.6,25,0,1558.42
8064,prosumer,partner,80.3,19,0,1338.01
8065,consumer,partner,44.2,13,1,656.87
8066,consumer,organic,7.4,4,0,114.69
8067,consumer,paid,78.0,32,0,2258.72
8068,consumer,organic,52.0,12,0,561.36
8069,consumer,partner,52.4,21,0,1094.96
8070,prosumer,partner,6.8,2,0,44.76
8071,prosumer,partner,60.0,14,0,725.84
8072,prosumer,organic,20.4,6,0,121.33
8073,consumer,partner,52.9,13,0,624.53
8074,consumer,partner,13.2,4,0,88.95
8075,consumer,partner,48.1,12,0,555.96
8076,prosumer,partner,88.9,27,1,2307.84
8077,smb,partner,36.6,11,0,480.97
8078,prosumer,organic,18.3,5,0,93.58
8079,consumer,paid,77.4,13,0,949.48
8080,smb,paid,55.6,13,0,715.18
8081,smb,partner,65.7,15,0,954.8
8082,consumer,partner,61.7,16,0,908.32
8083,prosumer,organic,17.7,6,0,211.73
8084,consumer,partner,44.6,8,0,324.71
8085,consumer,organic,43.4,13,0,446.05
8086,consumer,partner,13.9,6,0,52.75
8087,prosumer,paid,66.7,18,1,1259.89
8088,consumer,partner,10.9,3,0,94.01
8089,consumer,paid,71.4,19,0,1272.58
8090,smb,organic,81.1,26,0,1949.77
8091,consumer,organic,29.6,8,0,287.03
8092,consumer,partner,49.2,12,0,606.85
8093,prosumer,organic,42.8,8,0,338.02
8094,consumer,paid,77.3,26,0,1855.57
8095,consumer,partner,39.2,9,0,348.74
8096,consumer,paid,36.6,12,0,314.51
8097,consumer,partner,45.8,13,0,523.61
8098,prosumer,organic,27.7,10,0,306.5
8099,consumer,paid,53.7,16,0,732.91
8100,consumer,paid,59.7,16,0,932.52
8101,prosumer,organic,47.8,25,0,1094.94
8102,consumer,partner,65.1,11,0,688.16
8103,smb,organic,47.8,16,0,783.64
8104,prosumer,partner,59.0,14,1,721.59
8105,smb,paid,54.2,20,1,1077.42
8106,prosumer,partner,35.1,13,0,415.36
8107,prosumer,paid,54.1,19,0,936.67
8108,consumer,organic,80.6,14,0,951.05
8109,consumer,organic,58.7,10,0,493.47
8110,smb,partner,21.7,5,0,161.28
8111,consumer,organic,31.4,10,0,371.2
8112,prosumer,partner,81.6,25,0,1939.61
8113,prosumer,organic,35.6,10,0,308.3
8114,prosumer,partner,47.9,13,0,642.19
8115,consumer,organic,84.5,23,0,1687.3
8116,prosumer,partner,53.3,10,0,416.14
8117,smb,paid,44.3,14,0,632.73
8118,consumer,partner,42.0,13,0,447.76
8119,consumer,paid,71.4,16,1,1054.96
8120,consumer,paid,57.6,16,0,875.51
8121,prosumer,organic,59.8,19,0,1075.22
8122,consumer,partner,50.1,22,0,1106.57
8123,consumer,paid,33.8,9,0,380.22
8124,consumer,paid,61.4,13,0,703.8
8125,consumer,organic,28.5,10,0,242.14
8126,prosumer,paid,99.4,20,1,1880.05
8127,smb,partner,31.6,8,0,262.15
8128,prosumer,organic,28.0,8,0,186.69
8129,prosumer,paid,53.8,7,0,409.92
8130,consumer,paid,66.7,26,0,1503.87
8131,smb,organic,9.8,2,0,68.04
8132,consumer,partner,11.7,9,0,161.97
8133,consumer,paid,57.6,21,0,1064.31
8134,prosumer,partner,50.8,7,0,304.67
8135,consumer,partner,43.1,12,0,549.14
8136,consumer,partner,79.4,11,0,776.29
8137,consumer,partner,42.9,17,0,741.21
8138,consumer,paid,25.1,10,0,317.76
8139,smb,paid,44.1,12,0,591.78
8140,consumer,organic,75.3,20,0,1300.41
8141,consumer,partner,28.7,9,0,364.95
8142,consumer,organic,40.2,13,0,457.19
8143,consumer,paid,41.9,5,0,182.62
8144,consumer,organic,40.7,11,0,463.67
8145,consumer,partner,54.7,16,0,845.54
8146,consumer,partner,25.7,6,0,133.79
8147,consumer,partner,72.7,15,0,1039.43
8148,prosumer,partner,84.9,26,1,2053.17
8149,consumer,organic,31.5,9,1,353.47
8150,prosumer,partner,76.3,25,0,1667.24
8151,smb,organic,49.2,19,0,732.57
8152,consumer,paid,30.1,8,1,199.45
8153,prosumer,partner,71.4,22,0,1464.25
8154,consumer,partner,47.4,20,0,754.92
8155,consumer,paid,13.4,8,0,128.37
8156,consumer,paid,42.2,13,0,580.84
8157,consumer,partner,28.6,11,0,242.27
8158,prosumer,organic,26.1,6,0,191.6
8159,consumer,paid,15.9,5,0,2.68
8160,consumer,partner,88.4,22,1,1880.44
8161,smb,organic,32.2,12,1,362.77
8162,consumer,paid,76.3,27,0,1959.74
8163,smb,partner,30.9,5,0,280.91
8164,consumer,partner,62.6,20,0,1224.29
8165,consumer,paid,30.0,6,0,241.16
8166,prosumer,paid,84.0,20,1,1630.5
8167,consumer,partner,69.6,22,0,1378.3
8168,consumer,paid,73.8,19,1,1273.46
8169,consumer,partner,52.1,10,0,542.9
8170,consumer,partner,58.9,16,0,749.08
8171,consumer,paid,29.8,7,0,296.85
8172,consumer,paid,55.8,16,1,962.73
8173,prosumer,paid,81.8,23,1,1727.49
8174,consumer,partner,34.1,7,0,310.87
8175,consumer,organic,22.0,7,0,171.65
8176,consumer,partner,50.4,14,0,587.81
8177,consumer,partner,52.5,10,0,457.96
8178,smb,organic,33.8,9,0,329.77
8179,consumer,paid,15.0,3,0,43.33
8180,consumer,paid,28.9,7,0,296.42
8181,consumer,organic,66.6,21,0,1289.84
8182,smb,organic,18.3,9,0,157.21
8183,consumer,paid,51.8,20,0,1028.84
8184,consumer,paid,75.9,25,0,1682.51
8185,consumer,organic,19.6,10,0,262.04
8186,smb,paid,21.3,7,0,174.84
8187,prosumer,paid,28.5,6,0,191.77
8188,smb,paid,54.9,13,0,659.18
8189,smb,partner,52.8,15,0,869.57
8190,consumer,paid,54.6,14,0,732.5
8191,prosumer,partner,90.8,27,1,2179.86
8192,smb,organic,63.2,20,0,1126.79
8193,smb,organic,34.0,9,0,320.16
8194,consumer,partner,52.3,16,0,838.13
8195,prosumer,organic,52.3,16,0,820.67
8196,consumer,partner,21.7,15,1,353.29
8197,consumer,organic,35.9,9,0,437.87
8198,consumer,partner,46.8,6,1,375.62
8199,prosumer,paid,56.0,17,0,870.94
8200,consumer,organic,37.3,6,0,191.62
8201,consumer,organic,77.0,23,0,1540.7
8202,consumer,partner,76.4,26,0,1785.56
8203,consumer,partner,57.5,19,0,1093.93
8204,consumer,organic,32.0,7,0,233.74
8205,prosumer,paid,67.9,27,0,1710.2
8206,prosumer,partner,72.1,19,0,1249.48
8207,consumer,paid,34.5,8,1,313.86
8208,consumer,partner,33.4,11,0,438.02
8209,consumer,organic,70.6,18,0,1120.4
8210,consumer,paid,44.6,13,0,555.77
8211,consumer,organic,37.6,13,0,517.36
8212,prosumer,organic,11.6,4,0,120.45
8213,consumer,partner,17.1,9,0,235.64
8214,prosumer,partner,62.4,16,0,976.7
8215,consumer,organic,10.8,3,0,58.1
8216,smb,partner,35.0,12,0,406.39
8217,consumer,paid,14.4,6,0,59.95
8218,prosumer,paid,24.0,6,0,167.41
8219,consumer,paid,79.3,12,0,942.58
8220,smb,partner,7.3,2,0,0.0
8221,consumer,organic,25.4,7,0,209.02
8222,smb,partner,82.6,20,0,1581.51
8223,smb,paid,36.9,8,0,218.5
8224,consumer,paid,31.4,6,0,169.39
8225,consumer,organic,20.3,7,0,111.04
8226,consumer,paid,82.7,25,0,1898.46
8227,consumer,organic,38.9,14,1,456.84
8228,prosumer,paid,46.5,16,0,635.12
8229,smb,organic,63.6,18,0,1109.3
8230,smb,organic,10.8,1,0,20.05
8231,prosumer,partner,51.7,25,0,1169.56
8232,consumer,paid,47.7,11,0,451.58
8233,consumer,organic,15.0,6,0,143.06
8234,consumer,partner,70.1,20,1,1380.6
8235,consumer,organic,33.8,11,1,470.34
8236,consumer,organic,48.1,16,0,717.03
8237,prosumer,organic,56.9,16,0,831.21
8238,prosumer,paid,85.8,27,0,2142.41
8239,consumer,organic,50.3,11,0,538.18
8240,smb,paid,48.6,14,0,732.52
8241,prosumer,paid,58.5,13,0,771.85
8242,consumer,paid,61.4,21,1,1279.24
8243,consumer,partner,53.0,13,0,568.49
8244,prosumer,organic,75.7,25,0,1648.84
8245,consumer,paid,74.1,21,0,1456.45
8246,consumer,paid,44.2,10,0,550.79
8247,prosumer,partner,47.6,12,0,469.69
8248,prosumer,organic,61.5,14,0,807.44
8249,prosumer,partner,43.8,10,0,457.68
8250,consumer,partner,71.0,28,0,1845.08
8251,smb,paid,62.4,17,0,1017.58
8252,consumer,partner,56.3,11,0,629.37
8253,consumer,paid,80.6,21,0,1503.99
8254,consumer,organic,46.3,8,0,416.28
8255,smb,organic,66.4,23,0,1390.55
8256,smb,paid,35.4,10,1,364.91
8257,consumer,partner,8.3,3,0,0.0
8258,consumer,partner,61.1,15,1,875.01
8259,consumer,paid,38.0,14,0,473.76
8260,consumer,organic,73.0,19,1,1350.97
8261,prosumer,organic,33.1,7,0,277.15
8262,prosumer,organic,11.3,5,0,80.43
8263,consumer,organic,26.3,10,0,250.83
8264,consumer,organic,19.8,5,0,110.02
8265,prosumer,paid,59.3,25,1,1449.65
8266,prosumer,partner,27.3,11,0,333.08
8267,consumer,paid,46.7,11,0,484.99
8268,consumer,paid,38.5,11,0,400.64
8269,prosumer,partner,67.9,14,0,850.99
8270,prosumer,paid,52.2,11,0,547.29
8271,consumer,partner,44.8,19,0,832.47
8272,consumer,organic,29.8,7,0,305.15
8273,consumer,paid,39.6,18,0,686.21
8274,consumer,partner,13.5,5,0,39.12
8275,prosumer,paid,68.3,22,0,1407.64
8276,consumer,organic,23.6,9,0,185.93
8277,prosumer,paid,29.9,5,0,175.68
8278,consumer,organic,54.9,20,0,990.48
8279,consumer,paid,18.6,5,0,172.0
8280,consumer,organic,61.3,15,0,936.83
8281,smb,organic,40.1,11,0,485.19
8282,consumer,organic,37.0,15,0,511.89
8283,consumer,organic,44.2,13,0,541.25
8284,consumer,paid,87.7,27,1,2245.5
8285,prosumer,organic,39.6,15,0,498.61
8286,consumer,organic,80.0,19,1,1496.95
8287,consumer,organic,55.2,15,0,716.9
8288,prosumer,partner,89.6,25,0,2099.71
8289,consumer,paid,21.6,3,0,166.54
8290,consumer,paid,22.2,7,0,189.08
8291,prosumer,organic,44.1,10,0,355.98
8292,consumer,partner,39.3,9,0,314.93
8293,prosumer,paid,38.4,12,0,420.44
8294,consumer,paid,70.6,21,0,1372.85
8295,consumer,organic,40.7,9,0,343.37
8296,consumer,partner,69.6,20,0,1345.06
8297,prosumer,organic,27.8,11,0,313.43
8298,consumer,partner,39.2,6,1,403.16
8299,smb,organic,54.5,13,0,803.47
8300,consumer,paid,31.1,6,0,217.82
8301,smb,organic,84.6,20,0,1657.43
8302,consumer,partner,66.9,10,0,670.04
8303,consumer,partner,32.9,8,0,291.89
8304,consumer,organic,10.8,7,0,79.59
8305,consumer,partner,39.5,9,0,440.31
8306,consumer,partner,25.0,9,1,211.37
8307,consumer,organic,70.2,16,0,1105.3
8308,consumer,paid,3.8,2,0,60.75
8309,prosumer,organic,36.7,22,0,673.16
8310,consumer,organic,57.2,13,0,770.69
8311,prosumer,paid,41.0,15,0,605.19
8312,consumer,organic,57.2,19,0,822.97
8313,smb,paid,43.2,11,0,405.73
8314,consumer,partner,47.7,20,0,912.19
8315,consumer,partner,39.6,16,0,536.74
8316,consumer,paid,19.1,8,0,217.03
8317,smb,paid,38.0,10,0,347.8
8318,consumer,paid,23.7,9,0,217.25
8319,consumer,paid,50.0,14,1,725.59
8320,consumer,partner,82.1,35,0,2633.7
8321,consumer,organic,44.7,20,0,791.1
8322,smb,paid,30.3,9,0,331.67
8323,consumer,organic,39.6,14,0,538.74
8324,consumer,partner,25.5,10,0,251.25
8325,prosumer,organic,14.4,8,0,80.52
8326,prosumer,organic,34.7,13,0,460.74
8327,prosumer,organic,29.2,6,0,120.57
8328,consumer,organic,63.4,19,0,1121.02
8329,consumer,organic,38.9,8,0,415.6
8330,consumer,organic,53.4,16,0,819.14
8331,consumer,paid,35.1,7,0,258.21
8332,smb,paid,36.6,8,0,287.71
8333,smb,partner,28.9,5,0,88.65
8334,consumer,partner,63.0,15,1,914.84
8335,consumer,paid,59.0,22,0,1189.25
8336,consumer,paid,39.3,10,0,358.01
8337,consumer,organic,56.4,15,0,900.53
8338,smb,paid,39.9,15,1,629.53
8339,consumer,partner,46.8,14,0,662.22
8340,consumer,organic,51.7,15,0,663.65
8341,consumer,paid,70.7,16,0,1058.43
8342,prosumer,organic,87.8,22,0,1722.23
8343,prosumer,paid,65.4,16,0,1012.23
8344,consumer,organic,52.5,17,0,800.57
8345,consumer,paid,45.2,13,0,537.29
8346,prosumer,organic,77.1,23,0,1567.4
8347,prosumer,partner,41.0,8,0,419.41
8348,smb,organic,59.5,13,1,803.88
8349,consumer,partner,19.1,9,0,184.78
8350,smb,organic,38.1,11,0,386.69
8351,consumer,paid,70.3,21,0,1397.87
8352,consumer,organic,74.5,21,0,1498.52
8353,consumer,organic,20.1,8,0,198.81
8354,consumer,partner,7.9,3,0,0.0
8355,consumer,organic,52.5,17,0,758.37
8356,prosumer,paid,65.2,22,0,1458.41
8357,smb,partner,66.4,17,0,1073.09
8358,prosumer,paid,41.6,14,0,419.92
8359,smb,partner,50.9,14,0,689.59
8360,smb,partner,28.5,11,0,326.93
8361,consumer,partner,54.3,18,0,806.21
8362,prosumer,partner,46.4,23,0,979.26
8363,prosumer,organic,46.7,16,0,731.07
8364,consumer,organic,3.6,5,0,115.77
8365,prosumer,partner,20.9,9,0,182.11
8366,consumer,partner,54.9,18,0,880.12
8367,smb,partner,70.1,15,0,954.44
8368,consumer,organic,89.0,28,1,2249.15
8369,consumer,partner,33.4,2,0,152.2
8370,consumer,partner,28.5,6,0,217.54
8371,consumer,paid,54.6,10,0,424.59
8372,consumer,organic,85.7,21,0,1674.97
8373,consumer,paid,30.9,6,0,204.42
8374,consumer,paid,74.5,22,0,1495.68
8375,prosumer,organic,10.8,7,0,105.87
8376,consumer,organic,46.5,13,0,554.63
8377,prosumer,organic,38.8,14,0,577.93
8378,consumer,partner,7.9,4,0,0.0
8379,prosumer,paid,28.6,4,0,78.6
8380,consumer,partner,61.8,16,1,1026.89
8381,consumer,organic,12.6,5,0,54.2
8382,prosumer,paid,56.7,12,0,698.03
8383,consumer,paid,29.3,8,0,228.62
8384,consumer,partner,25.1,9,0,283.04
8385,consumer,paid,25.7,5,0,198.02
8386,consumer,partner,21.1,4,0,164.98
8387,consumer,partner,20.6,6,0,113.67
8388,consumer,partner,43.4,9,0,359.05
8389,prosumer,paid,29.5,15,0,419.6
8390,consumer,paid,46.4,16,0,808.89
8391,consumer,partner,51.5,25,0,1150.8
8392,smb,partner,47.2,9,0,484.84
8393,prosumer,organic,51.7,16,0,783.57
8394,prosumer,partner,73.0,14,0,1119.94
8395,consumer,organic,60.6,15,0,804.8
8396,prosumer,organic,46.8,8,0,345.13
8397,consumer,partner,26.0,6,0,7.45
8398,consumer,organic,61.3,16,0,859.3
8399,consumer,paid,78.4,25,0,1818.48
8400,consumer,partner,26.8,13,0,269.48
8401,consumer,partner,60.6,22,1,1328.97
8402,prosumer,organic,49.0,15,0,651.22
8403,consumer,paid,65.8,15,0,865.48
8404,consumer,partner,81.4,21,0,1725.35
8405,consumer,partner,30.1,5,0,216.65
8406,consumer,organic,50.3,17,0,792.12
8407,smb,partner,38.7,11,0,380.08
8408,consumer,paid,27.6,4,0,180.43
8409,consumer,organic,29.0,5,0,104.6
8410,consumer,partner,27.5,14,0,342.61
8411,smb,paid,53.6,11,0,510.82
8412,prosumer,organic,36.7,16,0,529.56
8413,consumer,organic,58.4,13,0,581.4
8414,consumer,organic,74.7,21,0,1322.12
8415,consumer,organic,29.0,9,0,239.41
8416,consumer,partner,45.9,15,1,659.62
8417,consumer,partner,32.0,10,0,341.12
8418,consumer,paid,85.6,15,0,1137.84
8419,prosumer,paid,60.9,19,1,1120.29
8420,consumer,organic,89.3,17,0,1336.39
8421,smb,paid,96.1,24,0,2173.26
8422,consumer,partner,47.4,10,0,512.09
8423,prosumer,paid,48.9,16,0,639.28
8424,prosumer,paid,46.4,12,0,576.2
8425,consumer,organic,55.1,10,0,497.37
8426,consumer,organic,50.1,13,1,669.57
8427,consumer,organic,44.3,15,0,662.85
8428,consumer,organic,55.0,18,0,892.66
8429,prosumer,organic,48.5,11,0,547.76
8430,smb,organic,22.1,8,0,192.32
8431,consumer,organic,32.5,11,0,412.65
8432,prosumer,partner,54.6,14,0,623.24
8433,consumer,paid,52.8,15,0,677.89
8434,prosumer,organic,59.7,16,0,899.28
8435,prosumer,paid,27.7,12,0,348.34
8436,consumer,partner,37.7,13,0,500.06
8437,smb,partner,47.6,14,0,657.33
8438,prosumer,organic,69.8,23,0,1586.42
8439,consumer,organic,32.7,10,0,305.66
8440,smb,paid,53.0,19,0,931.12
8441,smb,paid,31.7,12,0,334.55
8442,prosumer,paid,5.0,2,0,78.73
8443,consumer,organic,47.1,8,0,307.52
8444,prosumer,partner,50.5,11,1,636.48
8445,consumer,partner,55.6,24,0,1215.31
8446,consumer,paid,44.5,14,0,586.6
8447,prosumer,organic,36.3,17,0,502.33
8448,prosumer,organic,69.8,15,0,868.57
8449,prosumer,organic,74.3,19,0,1253.9
8450,prosumer,paid,38.4,10,0,385.98
8451,smb,paid,69.5,14,0,1003.95
8452,prosumer,organic,86.1,30,0,2347.67
8453,prosumer,organic,34.0,15,0,427.4
8454,consumer,paid,43.7,17,0,745.72
8455,prosumer,partner,32.8,12,0,415.02
8456,consumer,organic,69.5,16,0,1006.99
8457,smb,organic,64.5,18,0,1076.41
8458,consumer,organic,65.4,27,0,1568.93
8459,consumer,organic,12.6,6,0,63.12
8460,prosumer,organic,9.0,5,0,61.49
8461,smb,organic,33.2,10,0,372.79
8462,prosumer,partner,74.6,15,0,971.58
8463,consumer,paid,34.5,11,0,318.09
8464,consumer,partner,33.1,11,0,389.58
8465,smb,organic,60.0,18,0,1132.01
8466,consumer,partner,43.3,18,0,845.57
8467,consumer,partner,50.2,13,0,606.25
8468,consumer,partner,73.8,17,0,1198.26
8469,prosumer,partner,73.1,25,1,1720.97
8470,consumer,organic,77.9,26,0,1802.02
8471,prosumer,organic,76.1,22,1,1647.89
8472,consumer,paid,24.8,6,0,74.73
8473,consumer,paid,47.8,9,0,352.18
8474,prosumer,partner,34.2,17,0,506.91
8475,consumer,paid,44.3,17,0,704.09
8476,consumer,organic,64.9,21,1,1294.35
8477,prosumer,paid,71.6,25,1,1709.37
8478,consumer,organic,37.8,16,0,521.99
8479,smb,partner,41.6,16,0,632.32
8480,consumer,organic,12.7,8,0,147.83
8481,smb,organic,36.4,10,0,412.77
8482,consumer,paid,16.0,5,0,114.46
8483,consumer,organic,53.7,14,0,721.26
8484,consumer,partner,76.4,21,0,1457.22
8485,consumer,paid,40.5,12,0,440.77
8486,consumer,paid,43.0,14,0,730.35
8487,consumer,partner,27.6,6,0,159.49
8488,smb,organic,45.9,14,0,655.93
8489,consumer,partner,35.9,12,0,403.01
8490,smb,organic,27.9,8,0,265.4
8491,consumer,paid,46.6,14,0,542.43
8492,smb,paid,86.0,11,0,890.29
8493,prosumer,paid,18.7,1,0,9.32
8494,smb,organic,80.3,25,0,1851.64
8495,smb,partner,65.5,16,1,969.3
8496,smb,partner,8.6,3,0,101.77
8497,smb,organic,73.9,15,0,1058.16
8498,prosumer,partner,88.4,13,0,1018.87
8499,prosumer,paid,32.9,14,0,330.36
8500,prosumer,partner,75.1,20,0,1337.37
8501,prosumer,organic,55.9,12,0,715.48
8502,smb,partner,50.0,9,0,458.92
8503,prosumer,paid,69.0,17,0,1101.63
8504,prosumer,paid,32.4,10,0,362.49
8505,prosumer,organic,50.8,17,0,845.55
8506,smb,organic,14.3,8,0,86.85
8507,consumer,paid,43.4,12,0,458.44
8508,consumer,organic,52.9,19,0,987.08
8509,consumer,organic,47.7,8,0,235.19
8510,consumer,organic,17.7,3,0,123.92
8511,smb,organic,36.9,9,0,307.91
8512,consumer,partner,19.4,7,0,176.93
8513,smb,paid,45.8,14,0,550.71
8514,prosumer,organic,51.5,12,0,524.06
8515,prosumer,partner,34.7,11,0,331.95
8516,consumer,organic,79.8,14,1,1055.49
8517,consumer,partner,5.9,1,0,91.23
8518,prosumer,paid,33.5,16,0,558.46
8519,consumer,organic,52.4,15,0,772.11
8520,prosumer,organic,40.4,14,0,569.01
8521,smb,organic,27.4,8,0,226.68
8522,consumer,partner,75.8,26,0,1847.53
8523,prosumer,partner,30.0,12,0,310.92
8524,prosumer,paid,19.4,6,0,111.61
8525,consumer,paid,32.9,9,0,401.54
8526,consumer,partner,85.5,28,0,2179.06
8527,consumer,organic,39.8,14,0,577.88
8528,prosumer,partner,57.1,19,1,1060.83
8529,consumer,paid,33.3,6,0,202.63
8530,smb,partner,19.6,6,0,55.57
8531,consumer,partner,81.3,21,0,1474.05
8532,consumer,paid,48.4,12,0,562.15
8533,consumer,partner,30.2,11,0,314.47
8534,consumer,paid,49.6,17,0,783.79
8535,prosumer,partner,52.6,16,0,791.64
8536,prosumer,partner,61.7,12,0,600.39
8537,consumer,partner,45.1,10,0,314.2
8538,consumer,organic,63.7,18,0,1069.57
8539,consumer,organic,31.4,6,0,239.17
8540,consumer,partner,98.5,30,1,2746.68
8541,consumer,paid,18.5,8,0,151.74
8542,consumer,organic,72.8,18,0,1169.67
8543,smb,paid,74.4,26,0,1764.27
8544,consumer,organic,23.4,12,0,243.69
8545,prosumer,paid,25.2,7,0,120.51
8546,prosumer,paid,89.6,22,1,1757.29
8547,prosumer,paid,11.7,1,0,102.03
8548,consumer,organic,26.9,5,0,228.45
8549,consumer,partner,18.4,8,0,231.19
8550,consumer,paid,55.2,20,0,1002.68
8551,prosumer,paid,61.3,15,1,897.9
8552,consumer,partner,42.2,20,0,858.24
8553,consumer,partner,11.9,8,0,90.3
8554,consumer,partner,62.8,10,0,631.07
8555,consumer,partner,55.4,22,0,1167.05
8556,prosumer,partner,54.9,16,0,757.0
8557,smb,partner,18.1,7,0,109.61
8558,prosumer,organic,19.9,5,0,60.85
8559,consumer,organic,31.1,12,0,424.83
8560,smb,organic,53.9,9,0,435.98
8561,consumer,organic,32.5,13,0,449.58
8562,prosumer,partner,47.7,15,0,784.57
8563,prosumer,organic,32.9,13,1,573.88
8564,consumer,partner,32.7,8,0,332.45
8565,prosumer,partner,45.7,15,0,659.6
8566,smb,paid,55.6,17,0,892.58
8567,consumer,organic,66.7,22,1,1384.09
8568,prosumer,partner,56.0,15,0,749.78
8569,prosumer,organic,25.6,6,0,152.83
8570,consumer,partner,46.3,12,1,540.66
8571,consumer,paid,10.3,6,0,145.82
8572,consumer,paid,54.9,16,0,682.28
8573,consumer,paid,34.5,8,0,300.72
8574,consumer,organic,32.1,12,0,420.36
8575,smb,paid,59.7,19,1,938.92
8576,consumer,organic,45.4,15,0,597.04
8577,smb,organic,76.0,16,1,1184.98
8578,consumer,organic,65.9,17,0,1069.23
8579,prosumer,partner,16.1,6,0,38.84
8580,consumer,partner,61.5,19,0,1019.39
8581,consumer,paid,64.9,19,0,1110.38
8582,consumer,partner,50.8,12,0,632.49
8583,consumer,organic,34.5,2,0,96.01
8584,consumer,organic,30.7,12,0,403.75
8585,consumer,partner,63.5,22,1,1282.73
8586,consumer,paid,11.0,5,0,151.64
8587,consumer,paid,38.1,9,0,264.03
8588,consumer,partner,33.1,10,0,440.09
8589,consumer,organic,32.2,7,0,265.04
8590,consumer,partner,53.5,17,0,899.26
8591,smb,paid,30.2,5,0,185.55
8592,consumer,paid,40.1,9,0,308.35
8593,consumer,organic,22.9,3,0,30.78
8594,prosumer,organic,20.5,2,0,82.53
8595,consumer,partner,35.3,9,0,261.42
8596,smb,paid,79.2,30,0,2221.52
8597,consumer,paid,49.0,10,0,425.49
8598,consumer,partner,23.4,10,0,202.96
8599,consumer,partner,73.4,10,0,627.16
8600,consumer,organic,61.1,17,0,934.26
8601,smb,organic,43.5,19,1,829.79
8602,consumer,partner,16.4,9,0,122.43
8603,consumer,paid,20.5,5,0,104.34
8604,consumer,organic,38.2,11,0,531.58
8605,smb,partner,15.8,7,0,234.85
8606,consumer,partner,60.5,14,0,795.93
8607,consumer,paid,51.4,26,0,1212.55
8608,consumer,partner,61.1,12,0,896.3
8609,prosumer,organic,46.6,19,0,882.44
8610,consumer,paid,53.8,14,0,714.39
8611,smb,paid,85.9,32,0,2550.55
8612,consumer,paid,39.9,14,0,452.89
8613,consumer,organic,27.3,10,0,283.12
8614,smb,organic,53.8,12,0,603.52
8615,consumer,partner,44.0,16,0,704.54
8616,consumer,partner,34.1,10,0,379.69
8617,prosumer,partner,54.1,11,0,631.09
8618,consumer,paid,53.5,11,0,487.05
8619,prosumer,paid,72.4,23,0,1676.89
8620,consumer,organic,6.2,2,0,0.0
8621,consumer,paid,15.8,7,0,212.54
8622,consumer,partner,73.6,25,0,1722.82
8623,smb,organic,32.9,5,0,217.87
8624,consumer,organic,35.9,11,0,358.29
8625,prosumer,partner,68.8,15,0,937.88
8626,prosumer,paid,47.2,11,0,432.94
8627,consumer,partner,81.8,21,0,1579.88
8628,prosumer,partner,65.9,16,0,894.75
8629,smb,organic,37.1,11,0,365.47
8630,consumer,partner,1.5,2,0,0.0
8631,consumer,organic,29.0,10,0,248.84
8632,consumer,paid,71.0,18,1,1313.58
8633,consumer,paid,61.6,11,0,730.93
8634,prosumer,partner,42.2,21,0,811.51
8635,smb,partner,69.4,10,0,655.16
8636,prosumer,organic,36.7,18,0,660.27
8637,consumer,paid,38.2,14,0,532.21
8638,smb,organic,18.8,13,0,274.59
8639,prosumer,partner,33.8,13,0,475.52
8640,consumer,partner,88.6,29,0,2393.1
8641,consumer,paid,33.2,7,0,175.61
8642,consumer,organic,68.5,15,1,881.84
8643,consumer,partner,34.1,9,0,293.72
8644,smb,organic,16.7,5,0,62.22
8645,prosumer,organic,37.7,8,0,350.97
8646,consumer,paid,34.9,12,0,468.28
8647,consumer,organic,60.7,19,0,1057.26
8648,smb,organic,81.5,31,0,2477.27
8649,prosumer,partner,63.7,17,0,1002.44
8650,consumer,partner,38.6,8,0,299.11
8651,consumer,partner,60.7,14,1,837.73
8652,smb,organic,55.7,17,0,922.13
8653,prosumer,paid,87.2,29,0,2333.02
8654,consumer,paid,43.9,5,0,190.42
8655,smb,paid,59.9,15,0,858.4
8656,prosumer,partner,59.3,12,1,860.6
8657,consumer,organic,58.7,10,0,555.47
8658,consumer,paid,24.0,6,0,192.59
8659,consumer,partner,6.6,6,0,47.73
8660,consumer,paid,31.4,8,0,201.13
8661,consumer,organic,54.4,12,0,614.31
8662,consumer,organic,93.9,21,1,1777.65
8663,consumer,paid,85.4,20,0,1519.41
8664,consumer,partner,19.8,5,0,191.45
8665,smb,organic,28.4,11,0,371.62
8666,consumer,paid,52.3,12,0,548.88
8667,prosumer,organic,51.0,13,0,743.14
8668,consumer,paid,52.3,10,0,540.51
8669,consumer,partner,63.2,19,0,1170.4
8670,consumer,paid,36.8,9,0,290.73
8671,consumer,partner,37.3,17,0,638.62
8672,consumer,partner,37.4,14,0,475.76
8673,consumer,paid,37.7,13,0,402.2
8674,smb,organic,45.7,12,0,477.43
8675,smb,partner,13.2,9,0,227.06
8676,consumer,partner,25.2,11,0,354.84
8677,consumer,organic,54.9,10,0,530.83
8678,consumer,partner,44.9,11,0,468.33
8679,consumer,paid,78.7,20,0,1573.11
8680,consumer,organic,85.6,16,0,1218.48
8681,consumer,paid,71.9,24,0,1498.59
8682,prosumer,paid,81.4,28,0,2102.31
8683,consumer,paid,44.1,9,1,437.19
8684,smb,paid,49.7,9,0,362.02
8685,prosumer,paid,16.0,6,0,89.58
8686,consumer,paid,37.8,15,1,490.18
8687,consumer,partner,11.0,11,0,119.29
8688,consumer,paid,45.6,13,0,582.53
8689,prosumer,partner,62.9,24,0,1367.61
8690,consumer,organic,40.4,10,0,350.55
8691,consumer,partner,59.6,17,0,999.17
8692,consumer,organic,51.6,12,0,628.39
8693,prosumer,organic,6.6,1,0,149.42
8694,smb,partner,45.7,15,0,690.56
8695,consumer,partner,52.5,18,0,914.03
8696,smb,organic,8.1,8,0,125.83
8697,prosumer,paid,50.7,16,0,833.8
8698,prosumer,paid,27.8,13,0,264.43
8699,consumer,partner,82.6,23,0,1731.08
8700,smb,organic,55.9,17,0,899.72
8701,smb,paid,50.4,20,0,996.42
8702,consumer,paid,18.2,4,0,107.38
8703,consumer,paid,50.3,14,0,664.19
8704,consumer,partner,78.3,20,1,1515.41
8705,prosumer,partner,21.5,6,0,219.81
8706,smb,organic,66.3,10,1,681.19
8707,consumer,paid,59.5,14,0,785.53
8708,smb,organic,47.0,9,0,490.67
8709,consumer,paid,31.2,13,0,424.74
8710,consumer,partner,40.6,14,0,542.84
8711,prosumer,partner,32.5,16,0,578.55
8712,prosumer,organic,55.2,17,0,855.93
8713,prosumer,partner,48.1,10,0,574.64
8714,smb,organic,35.6,16,0,631.41
8715,prosumer,partner,26.6,6,0,238.53
8716,smb,paid,48.0,19,0,796.87
8717,prosumer,paid,67.7,16,1,1061.97
8718,prosumer,paid,54.6,18,0,858.82
8719,smb,partner,29.7,8,0,239.5
8720,smb,paid,31.7,14,0,339.06
8721,prosumer,partner,65.6,13,0,852.99
8722,prosumer,paid,34.5,9,0,294.92
8723,consumer,organic,49.4,15,0,676.78
8724,consumer,partner,80.0,28,0,2203.81
8725,prosumer,organic,61.2,17,0,1036.53
8726,consumer,paid,11.1,2,0,62.43
8727,consumer,organic,68.1,19,0,1230.76
8728,consumer,partner,35.0,6,1,234.25
8729,consumer,paid,31.0,10,0,226.97
8730,prosumer,partner,70.6,20,0,1296.22
8731,consumer,partner,36.6,14,0,459.17
8732,consumer,partner,47.5,15,0,717.66
8733,consumer,paid,20.8,5,0,116.62
8734,smb,partner,31.6,14,0,375.07
8735,consumer,organic,27.3,8,0,331.68
8736,consumer,partner,77.5,16,0,1083.88
8737,consumer,partner,15.7,7,0,148.27
8738,consumer,paid,47.6,5,0,234.71
8739,smb,organic,44.7,11,0,440.23
8740,prosumer,partner,56.1,16,1,799.46
8741,consumer,partner,20.7,5,0,26.97
8742,consumer,organic,61.6,20,0,1118.02
8743,smb,paid,59.9,7,0,444.89
8744,prosumer,paid,50.3,19,0,895.58
8745,consumer,organic,30.8,15,0,587.42
8746,consumer,paid,60.7,15,0,899.24
8747,consumer,partner,8.7,10,0,34.39
8748,consumer,organic,94.8,26,0,2245.47
8749,prosumer,paid,84.3,22,1,1659.25
8750,prosumer,organic,17.1,5,0,146.5
8751,consumer,paid,57.7,16,0,874.46
8752,smb,organic,81.7,22,0,1670.74
8753,smb,paid,65.0,21,0,1377.46
8754,consumer,partner,68.9,20,0,1323.61
8755,prosumer,partner,62.4,22,0,1199.73
8756,consumer,paid,74.3,16,0,1142.04
8757,consumer,paid,40.2,17,0,656.45
8758,consumer,partner,29.6,13,0,439.55
8759,prosumer,partner,28.9,10,0,253.95
8760,consumer,organic,38.9,19,0,752.18
8761,consumer,partner,69.9,11,1,820.13
8762,consumer,organic,31.8,15,0,361.42
8763,prosumer,organic,70.1,19,0,1163.59
8764,consumer,organic,55.8,13,0,711.06
8765,consumer,organic,70.2,15,0,924.12
8766,consumer,partner,65.5,21,1,1311.15
8767,consumer,paid,9.3,7,0,158.99
8768,consumer,partner,35.4,18,0,607.18
8769,smb,paid,48.9,14,0,689.92
8770,prosumer,partner,68.4,25,0,1617.97
8771,prosumer,paid,40.9,17,1,717.96
8772,consumer,partner,65.5,18,0,1118.69
8773,smb,paid,46.5,13,0,557.47
8774,consumer,organic,39.7,15,0,672.77
8775,consumer,paid,76.0,14,0,1021.28
8776,smb,partner,13.3,6,1,214.42
8777,consumer,organic,85.5,26,0,2079.62
8778,consumer,organic,36.9,12,0,432.21
8779,consumer,partner,33.3,7,0,129.57
8780,consumer,partner,31.2,9,0,279.56
8781,consumer,organic,36.9,10,0,411.55
8782,consumer,paid,3.3,3,0,81.02
8783,consumer,paid,35.8,6,0,275.96
8784,consumer,organic,32.3,8,0,242.46
8785,consumer,partner,16.6,8,0,147.62
8786,consumer,paid,46.4,5,0,312.06
8787,consumer,partner,45.7,18,0,799.33
8788,consumer,paid,21.9,9,0,269.08
8789,consumer,organic,71.8,19,0,1288.7
8790,prosumer,organic,52.6,19,0,834.18
8791,consumer,partner,40.9,10,0,452.36
8792,prosumer,paid,36.1,11,0,384.45
8793,consumer,paid,47.3,12,0,501.39
8794,consumer,organic,69.6,13,0,776.64
8795,smb,organic,45.5,22,0,901.11
8796,smb,organic,25.3,14,0,384.93
8797,consumer,organic,40.0,18,0,671.65
8798,consumer,partner,67.9,21,0,1285.64
8799,consumer,organic,45.5,16,0,696.52
8800,consumer,partner,55.5,6,0,313.67
8801,smb,partner,54.7,13,0,646.71
8802,consumer,organic,44.9,15,0,670.84
8803,prosumer,paid,58.2,16,0,951.72
8804,consumer,partner,14.3,5,0,19.94
8805,consumer,organic,62.1,16,0,887.74
8806,consumer,paid,40.1,10,0,435.4
8807,consumer,organic,71.4,27,0,1756.5
8808,consumer,partner,72.5,22,0,1469.63
8809,consumer,organic,56.8,9,0,446.09
8810,smb,organic,34.2,5,0,172.29
8811,consumer,organic,78.7,31,0,2231.12
8812,consumer,paid,68.4,25,0,1497.28
8813,prosumer,paid,53.3,14,0,658.52
8814,consumer,paid,32.0,13,0,516.18
8815,consumer,partner,27.6,14,0,426.93
8816,prosumer,organic,54.7,14,0,741.31
8817,consumer,paid,79.5,23,1,1664.03
8818,consumer,organic,39.9,13,1,523.87
8819,prosumer,organic,73.4,25,0,1694.16
8820,prosumer,paid,6.6,3,0,104.58
8821,consumer,organic,6.7,5,0,24.88
8822,consumer,paid,53.9,15,0,754.01
8823,prosumer,paid,18.6,4,0,159.55
8824,consumer,partner,65.8,18,0,1019.68
8825,smb,partner,36.1,11,0,378.22
8826,consumer,paid,25.8,1,0,43.12
8827,consumer,paid,39.1,5,0,319.92
8828,prosumer,paid,75.9,18,0,1287.96
8829,consumer,organic,14.8,6,0,62.28
8830,consumer,organic,34.7,9,0,388.61
8831,prosumer,organic,26.2,10,0,255.89
8832,consumer,organic,74.1,24,0,1581.44
8833,prosumer,partner,80.1,21,0,1497.89
8834,prosumer,organic,42.4,6,0,244.34
8835,consumer,partner,64.6,20,1,1192.74
8836,consumer,partner,32.5,8,0,253.37
8837,consumer,paid,84.6,19,0,1581.4
8838,consumer,organic,55.9,7,0,319.01
8839,consumer,partner,13.1,7,0,91.29
8840,smb,paid,71.9,24,1,1650.08
8841,prosumer,partner,41.5,13,0,602.36
8842,consumer,organic,40.9,12,1,519.81
8843,consumer,paid,44.2,7,0,318.12
8844,consumer,organic,72.8,29,0,1905.76
8845,prosumer,organic,35.1,6,0,211.79
8846,consumer,partner,25.0,10,0,274.18
8847,consumer,partner,38.5,9,0,376.25
8848,prosumer,organic,75.9,26,1,1736.3
8849,smb,paid,45.5,17,0,659.65
8850,consumer,partner,51.7,11,0,698.41
8851,smb,paid,8.0,4,0,94.35
8852,consumer,partner,30.0,16,0,434.07
8853,smb,paid,51.0,20,0,849.62
8854,consumer,partner,35.2,13,0,439.03
8855,consumer,partner,43.1,17,0,718.69
8856,smb,organic,77.8,30,0,2200.35
8857,consumer,paid,21.0,4,0,212.98
8858,smb,paid,45.6,14,0,545.36
8859,consumer,partner,72.1,17,0,1111.97
8860,prosumer,paid,52.1,20,0,874.53
8861,consumer,organic,56.3,13,0,613.55
8862,prosumer,paid,79.4,16,0,1235.14
8863,consumer,organic,39.3,14,0,566.61
8864,prosumer,organic,46.2,11,0,511.41
8865,prosumer,partner,58.8,11,0,710.43
8866,consumer,partner,38.6,9,0,380.04
8867,consumer,organic,62.7,15,1,892.4
8868,prosumer,partner,78.0,20,0,1421.54
8869,consumer,paid,11.3,5,0,0.0
8870,consumer,paid,61.2,25,0,1357.58
8871,consumer,organic,58.2,10,0,545.28
8872,consumer,paid,21.2,9,0,231.8
8873,smb,paid,27.8,12,0,259.8
8874,consumer,paid,34.0,10,0,330.71
8875,consumer,organic,57.9,20,0,1033.72
8876,smb,paid,52.7,13,0,641.37
8877,consumer,partner,30.6,11,0,219.19
8878,smb,partner,34.3,15,0,441.95
8879,prosumer,partner,45.5,15,0,735.54
8880,consumer,partner,10.8,9,0,130.83
8881,smb,partner,35.0,15,0,506.95
8882,prosumer,partner,27.5,12,0,353.88
8883,consumer,organic,53.0,14,0,645.17
8884,consumer,organic,21.4,10,0,358.18
8885,consumer,organic,55.4,21,0,1084.97
8886,prosumer,paid,35.3,8,0,409.6
8887,consumer,paid,58.7,16,1,1018.83
8888,consumer,paid,62.8,20,0,1113.47
8889,prosumer,paid,23.2,7,0,237.16
8890,consumer,paid,32.1,8,0,287.91
8891,consumer,organic,74.2,20,0,1401.25
8892,prosumer,paid,51.8,14,0,682.59
8893,consumer,organic,27.7,10,0,260.78
8894,consumer,partner,36.7,12,0,401.35
8895,consumer,partner,51.7,13,1,754.36
8896,consumer,paid,59.9,15,1,923.81
8897,prosumer,paid,41.3,13,0,559.41
8898,consumer,paid,40.8,11,0,529.54
8899,consumer,organic,48.3,15,0,683.87
8900,prosumer,organic,76.6,22,0,1567.9
8901,consumer,paid,51.7,17,0,809.49
8902,consumer,partner,58.2,14,0,682.25
8903,consumer,partner,28.9,7,0,135.96
8904,smb,organic,67.1,14,0,782.4
8905,prosumer,partner,34.9,13,0,472.58
8906,smb,organic,60.8,17,0,969.63
8907,consumer,organic,45.3,18,0,805.06
8908,smb,partner,36.4,6,0,247.33
8909,consumer,paid,29.3,4,0,72.74
8910,prosumer,paid,84.6,24,1,1836.43
8911,smb,partner,32.1,6,0,242.43
8912,prosumer,partner,30.8,12,0,307.57
8913,consumer,organic,90.8,23,0,1829.6
8914,prosumer,organic,49.2,16,0,700.28
8915,consumer,organic,46.8,6,0,305.11
8916,consumer,partner,66.2,18,0,1046.39
8917,consumer,partner,40.5,11,0,465.41
8918,prosumer,organic,34.0,10,0,324.17
8919,consumer,paid,53.5,13,0,649.76
8920,consumer,organic,56.3,14,0,686.27
8921,prosumer,organic,48.1,11,0,439.85
8922,prosumer,paid,6.1,7,0,61.73
8923,prosumer,organic,47.2,10,0,490.34
8924,consumer,organic,42.2,15,0,662.26
8925,consumer,paid,9.2,2,0,71.02
8926,consumer,organic,62.6,15,0,942.1
8927,consumer,paid,28.6,6,0,113.94
8928,consumer,organic,51.9,16,0,868.32
8929,consumer,paid,73.1,17,1,1157.43
8930,consumer,paid,91.7,18,0,1629.41
8931,smb,partner,38.1,13,0,509.28
8932,consumer,organic,66.8,22,0,1359.79
8933,prosumer,partner,72.0,9,0,713.8
8934,prosumer,organic,68.8,22,0,1486.2
8935,prosumer,organic,25.8,8,0,201.84
8936,consumer,partner,51.2,8,0,531.26
8937,prosumer,partner,55.1,23,0,1168.68
8938,consumer,paid,52.8,19,0,1001.95
8939,consumer,paid,60.5,14,0,785.58
8940,consumer,paid,27.1,5,0,106.03
8941,smb,partner,41.8,15,0,562.14
8942,consumer,paid,64.4,17,1,1176.07
8943,consumer,partner,46.6,10,0,525.15
8944,prosumer,organic,34.1,17,1,668.34
8945,consumer,partner,69.6,16,0,934.33
8946,consumer,partner,23.9,13,0,318.71
8947,prosumer,organic,28.2,12,0,428.05
8948,consumer,partner,92.4,27,1,2243.8
8949,consumer,paid,41.9,8,0,211.19
8950,prosumer,organic,34.0,16,0,419.11
8951,consumer,paid,24.5,10,0,172.29
8952,consumer,organic,31.1,9,0,306.55
8953,consumer,organic,31.3,11,0,300.86
8954,consumer,organic,54.4,14,0,790.73
8955,consumer,paid,8.4,1,0,39.05
8956,consumer,paid,28.4,12,0,355.38
8957,prosumer,organic,29.8,12,1,379.98
8958,consumer,organic,60.9,13,0,789.69
8959,consumer,paid,73.9,22,0,1575.51
8960,consumer,organic,70.5,15,0,967.29
8961,consumer,partner,44.4,16,0,721.21
8962,consumer,paid,14.8,3,0,10.09
8963,consumer,partner,20.4,8,0,124.93
8964,prosumer,paid,12.1,6,0,107.66
8965,consumer,partner,59.3,14,0,787.78
8966,prosumer,paid,60.6,12,0,667.6
8967,consumer,partner,77.4,16,0,1252.33
8968,smb,partner,40.1,11,0,387.56
8969,consumer,partner,62.7,25,0,1465.01
8970,consumer,organic,43.1,14,0,569.4
8971,consumer,partner,49.5,16,0,706.2
8972,consumer,paid,42.1,19,0,784.23
8973,smb,organic,72.8,15,0,960.32
8974,prosumer,partner,83.8,22,0,1698.39
8975,consumer,organic,24.6,6,0,187.04
8976,consumer,partner,20.5,10,0,192.73
8977,smb,partner,4.1,3,0,94.65
8978,consumer,organic,73.1,18,0,1192.02
8979,consumer,organic,51.0,20,0,915.75
8980,consumer,partner,74.4,19,0,1251.02
8981,consumer,partner,80.5,29,0,2131.04
8982,prosumer,organic,81.4,16,0,1251.13
8983,prosumer,paid,67.5,12,0,662.85
8984,smb,partner,59.8,14,0,732.84
8985,smb,partner,39.1,16,0,612.54
8986,prosumer,paid,57.5,15,0,804.09
8987,consumer,organic,17.1,5,0,56.5
8988,consumer,partner,32.4,7,0,147.23
8989,consumer,organic,56.5,22,1,1102.29
8990,prosumer,organic,30.5,12,0,330.33
8991,prosumer,organic,39.9,16,0,583.23
8992,prosumer,organic,71.9,15,1,962.33
8993,consumer,paid,23.2,8,0,259.8
8994,consumer,organic,39.2,15,0,635.84
8995,smb,paid,60.2,15,0,859.4
8996,prosumer,organic,86.9,24,1,1922.87
8997,smb,paid,62.3,17,0,923.72
8998,consumer,partner,81.0,23,0,1725.55
8999,prosumer,partner,51.5,15,0,599.04
9000,prosumer,paid,49.7,19,0,909.9
9001,prosumer,paid,63.3,21,0,1247.45
9002,smb,paid,39.3,8,1,335.58
9003,consumer,partner,43.4,5,0,88.93
9004,smb,partner,37.9,12,0,252.49
9005,consumer,paid,59.4,13,0,767.91
9006,smb,partner,26.2,10,0,264.71
9007,consumer,paid,28.0,8,0,338.53
9008,consumer,partner,53.9,15,0,842.99
9009,consumer,partner,48.8,12,0,447.71
9010,prosumer,paid,62.8,20,0,1104.54
9011,consumer,organic,53.5,22,0,1077.64
9012,prosumer,partner,60.9,20,0,1154.78
9013,consumer,paid,84.9,25,1,1930.38
9014,consumer,organic,41.8,14,0,521.58
9015,prosumer,paid,27.2,10,0,315.96
9016,consumer,paid,23.4,9,0,220.57
9017,smb,partner,43.9,18,0,745.26
9018,consumer,organic,71.3,23,0,1458.05
9019,consumer,paid,78.5,21,1,1494.21
9020,prosumer,organic,33.1,10,0,361.76
9021,consumer,partner,15.4,4,0,90.32
9022,smb,partner,51.6,11,0,518.23
9023,consumer,organic,25.3,8,0,130.55
9024,smb,organic,33.2,10,0,254.25
9025,consumer,partner,57.2,25,0,1243.03
9026,smb,paid,47.8,19,0,844.62
9027,prosumer,partner,38.4,9,0,358.73
9028,prosumer,paid,59.3,15,0,753.52
9029,smb,partner,50.4,21,0,952.39
9030,prosumer,paid,41.6,9,0,367.9
9031,consumer,partner,43.2,16,0,700.72
9032,consumer,organic,54.8,20,0,1063.75
9033,consumer,partner,15.5,3,0,70.52
9034,smb,paid,45.4,13,0,543.61
9035,prosumer,paid,35.1,9,0,317.64
9036,consumer,paid,33.5,9,0,422.54
9037,consumer,partner,45.0,12,0,533.24
9038,smb,partner,52.1,6,0,191.88
9039,consumer,organic,33.2,15,0,395.38
9040,consumer,organic,30.0,15,0,437.63
9041,consumer,partner,94.2,24,1,2131.33
9042,consumer,partner,41.9,14,0,583.75
9043,smb,organic,21.1,9,0,63.7
9044,consumer,organic,13.8,8,0,138.9
9045,consumer,organic,14.8,7,0,158.18
9046,consumer,organic,43.9,18,0,694.8
9047,smb,partner,43.0,11,0,314.33
9048,consumer,organic,50.9,17,0,781.19
9049,consumer,partner,33.0,9,0,336.63
9050,smb,partner,46.4,19,0,789.44
9051,prosumer,partner,60.6,12,0,584.97
9052,consumer,paid,78.9,18,0,1332.83
9053,smb,paid,38.5,12,0,475.66
9054,consumer,partner,14.4,5,0,140.12
9055,consumer,organic,43.9,13,0,573.34
9056,prosumer,paid,28.7,8,0,127.95
9057,consumer,paid,9.4,3,0,93.71
9058,prosumer,paid,14.0,9,0,185.5
9059,prosumer,partner,64.8,21,0,1360.38
9060,consumer,partner,54.2,12,0,656.17
9061,consumer,organic,67.8,16,0,971.69
9062,smb,organic,52.7,17,0,849.36
9063,consumer,organic,32.1,11,0,236.49
9064,consumer,paid,18.0,7,0,111.97
9065,consumer,paid,39.3,19,0,729.49
9066,prosumer,partner,47.5,14,0,641.81
9067,prosumer,paid,5.3,3,0,19.2
9068,prosumer,organic,48.8,18,0,750.47
9069,consumer,organic,75.7,32,0,2221.91
9070,consumer,organic,22.0,10,0,172.42
9071,consumer,paid,84.5,17,0,1408.5
9072,consumer,partner,62.4,20,0,1158.79
9073,prosumer,paid,62.4,21,0,1264.73
9074,consumer,organic,32.8,9,0,229.55
9075,consumer,paid,37.4,10,0,351.91
9076,consumer,organic,36.8,7,0,305.67
9077,smb,paid,56.0,13,0,785.16
9078,prosumer,paid,68.5,18,0,1075.33
9079,prosumer,organic,52.2,13,0,620.62
9080,consumer,partner,53.9,18,0,861.88
9081,consumer,organic,78.1,23,0,1629.35
9082,consumer,organic,53.6,10,1,605.21
9083,consumer,organic,70.6,17,0,1066.93
9084,prosumer,partner,84.4,31,0,2365.49
9085,prosumer,partner,86.8,15,0,1163.04
9086,prosumer,partner,21.9,12,0,349.11
9087,consumer,organic,39.8,12,0,506.94
9088,consumer,organic,61.6,14,0,807.5
9089,consumer,organic,33.8,14,0,391.2
9090,consumer,organic,50.4,13,0,656.41
9091,prosumer,organic,67.1,21,0,1327.94
9092,consumer,organic,41.4,5,0,296.55
9093,prosumer,partner,14.2,2,0,0.0
9094,consumer,organic,15.0,5,0,95.36
9095,consumer,organic,49.1,11,0,582.66
9096,consumer,paid,52.2,8,0,402.85
9097,smb,organic,51.1,14,0,700.03
9098,consumer,partner,63.0,18,0,951.42
9099,smb,partner,3.5,6,0,39.29
9100,smb,organic,58.6,22,0,1311.7
9101,prosumer,paid,60.2,12,0,697.89
9102,consumer,paid,76.9,24,0,1737.82
9103,consumer,partner,88.4,24,1,1866.39
9104,consumer,paid,70.4,17,0,1046.23
9105,consumer,paid,41.0,16,0,697.61
9106,consumer,organic,37.6,9,0,371.07
9107,prosumer,partner,45.5,6,0,279.94
9108,consumer,paid,19.4,8,0,205.63
9109,smb,paid,21.6,9,0,353.09
9110,consumer,organic,55.8,21,0,1033.94
9111,consumer,partner,87.3,34,0,2724.65
9112,prosumer,paid,87.8,28,0,2231.44
9113,consumer,paid,52.6,14,0,746.23
9114,smb,paid,71.2,21,0,1438.22
9115,consumer,paid,40.5,10,0,328.64
9116,consumer,paid,87.0,20,0,1585.02
9117,consumer,paid,8.1,6,0,99.51
9118,consumer,organic,14.6,7,0,26.21
9119,consumer,organic,5.1,5,0,89.18
9120,consumer,organic,13.6,6,0,173.79
9121,prosumer,partner,50.4,15,0,730.28
9122,consumer,partner,69.6,20,0,1173.73
9123,consumer,organic,11.6,4,0,0.0
9124,consumer,partner,53.9,14,0,733.81
9125,consumer,paid,82.4,18,0,1356.8
9126,consumer,organic,71.3,14,0,984.3
9127,consumer,organic,24.5,9,0,307.33
9128,consumer,organic,62.9,10,0,674.84
9129,prosumer,partner,64.9,17,0,1063.39
9130,prosumer,paid,40.1,14,0,631.57
9131,prosumer,organic,76.4,15,0,972.5
9132,prosumer,organic,75.0,21,1,1526.85
9133,consumer,partner,75.0,15,0,1060.62
9134,consumer,organic,29.2,11,0,278.08
9135,consumer,partner,21.9,9,0,203.48
9136,consumer,paid,71.6,16,0,1053.63
9137,prosumer,paid,29.6,13,0,383.69
9138,consumer,organic,84.9,25,0,1858.72
9139,smb,organic,12.3,7,0,141.95
9140,consumer,partner,46.0,13,0,570.06
9141,consumer,organic,61.7,22,0,1088.65
9142,prosumer,organic,42.5,12,0,475.34
9143,prosumer,partner,68.0,20,0,1368.25
9144,prosumer,paid,86.3,14,0,1104.35
9145,consumer,organic,48.6,9,0,525.78
9146,consumer,organic,41.5,10,0,430.89
9147,smb,paid,77.8,27,0,1888.3
9148,smb,partner,30.4,7,0,166.77
9149,consumer,organic,43.7,12,0,521.68
9150,consumer,paid,42.3,10,0,314.33
9151,consumer,partner,87.0,14,1,1133.22
9152,consumer,paid,54.8,15,0,771.28
9153,consumer,partner,16.8,7,0,85.48
9154,prosumer,partner,30.9,11,0,220.13
9155,consumer,partner,40.2,10,0,335.3
9156,consumer,organic,62.9,18,0,968.4
9157,consumer,paid,41.3,15,0,578.85
9158,consumer,organic,72.8,19,0,1275.69
9159,smb,partner,58.0,6,0,402.64
9160,consumer,partner,40.7,11,0,413.2
9161,consumer,partner,29.6,11,0,422.77
9162,prosumer,organic,90.5,24,1,2065.41
9163,consumer,partner,46.4,16,0,645.06
9164,consumer,organic,29.3,14,0,409.33
9165,consumer,paid,45.2,8,1,390.17
9166,consumer,partner,60.2,22,0,1241.67
9167,prosumer,partner,10.6,5,0,63.43
9168,prosumer,organic,7.5,4,0,42.61
9169,consumer,organic,42.6,19,0,759.49
9170,prosumer,paid,56.5,16,0,803.74
9171,prosumer,partner,36.9,10,0,297.86
9172,consumer,partner,43.6,19,0,813.12
9173,consumer,paid,30.5,9,0,340.3
9174,consumer,paid,55.0,16,1,790.3
9175,consumer,organic,54.1,14,0,600.09
9176,consumer,partner,68.5,15,0,919.43
9177,consumer,paid,21.0,10,0,209.47
9178,smb,paid,89.2,37,0,3031.03
9179,consumer,partner,78.9,21,0,1565.81
9180,prosumer,organic,35.5,12,0,458.41
9181,prosumer,partner,31.9,12,0,367.03
9182,smb,paid,52.4,11,0,437.76
9183,consumer,organic,32.3,11,0,310.42
9184,consumer,paid,41.6,15,0,581.01
9185,prosumer,organic,70.3,19,0,1186.9
9186,consumer,paid,29.9,14,0,374.2
9187,consumer,organic,26.8,8,0,219.36
9188,consumer,paid,72.6,20,0,1359.96
9189,smb,organic,22.2,6,0,68.7
9190,consumer,organic,59.5,20,0,1179.43
9191,consumer,partner,36.3,8,0,250.62
9192,consumer,paid,27.7,4,0,87.72
9193,consumer,organic,30.3,11,0,272.87
9194,prosumer,partner,58.1,15,0,825.85
9195,prosumer,organic,20.7,2,0,47.92
9196,prosumer,partner,78.5,28,0,1996.64
9197,prosumer,organic,53.3,16,0,839.72
9198,smb,organic,46.8,9,0,451.46
9199,prosumer,organic,58.1,20,0,1038.59
9200,consumer,partner,55.2,14,0,706.1
9201,consumer,paid,45.7,13,0,605.25
9202,consumer,paid,48.5,10,0,470.51
9203,prosumer,partner,46.4,10,0,514.72
9204,smb,organic,81.3,17,0,1214.09
9205,prosumer,organic,61.9,20,0,1139.61
9206,consumer,partner,35.8,7,0,305.31
9207,consumer,partner,54.8,13,0,667.62
9208,smb,paid,5.5,5,0,68.44
9209,consumer,organic,48.5,12,0,597.23
9210,prosumer,organic,34.7,15,0,499.03
9211,consumer,paid,19.6,5,0,44.89
9212,smb,organic,47.3,15,0,611.14
9213,prosumer,paid,82.5,27,0,1979.55
9214,consumer,paid,58.0,12,0,656.37
9215,consumer,organic,39.2,13,0,533.6
9216,prosumer,paid,34.8,9,0,336.47
9217,consumer,partner,30.4,5,0,164.74
9218,smb,partner,82.1,25,0,1902.22
9219,consumer,paid,58.6,17,0,978.76
9220,consumer,organic,0.9,2,0,31.8
9221,consumer,partner,24.4,9,0,186.05
9222,consumer,paid,27.1,13,0,263.4
9223,prosumer,organic,57.8,18,0,969.44
9224,smb,organic,27.9,10,0,253.7
9225,smb,organic,39.2,7,0,367.34
9226,consumer,organic,77.7,23,0,1671.82
9227,consumer,paid,24.4,5,0,139.1
9228,consumer,partner,60.7,19,0,1055.52
9229,prosumer,organic,98.8,32,1,2847.34
9230,prosumer,organic,15.1,4,0,101.59
9231,prosumer,organic,34.8,10,0,288.52
9232,smb,organic,76.2,21,0,1456.04
9233,prosumer,paid,37.4,15,0,610.45
9234,consumer,partner,45.5,17,0,795.49
9235,consumer,partner,60.5,20,0,1075.15
9236,consumer,partner,7.9,1,0,57.71
9237,consumer,paid,42.4,15,0,564.06
9238,consumer,organic,30.1,12,0,311.36
9239,prosumer,organic,51.6,16,0,733.37
9240,consumer,paid,47.1,16,0,740.13
9241,consumer,partner,91.2,22,0,1843.25
9242,consumer,organic,53.1,13,0,635.13
9243,smb,organic,30.5,14,0,379.63
9244,consumer,paid,34.4,9,0,449.31
9245,prosumer,organic,35.0,6,0,198.49
9246,consumer,paid,33.6,11,0,368.45
9247,consumer,paid,55.9,18,0,949.37
9248,prosumer,paid,55.5,17,0,898.15
9249,consumer,partner,45.8,15,0,606.53
9250,smb,partner,61.7,16,0,947.82
9251,consumer,partner,46.2,17,0,717.64
9252,consumer,organic,28.3,5,0,156.04
9253,smb,partner,36.4,12,0,322.26
9254,consumer,partner,49.1,8,0,367.6
9255,prosumer,paid,36.1,11,1,489.83
9256,consumer,organic,38.1,9,0,318.99
9257,consumer,paid,47.9,19,0,865.14
9258,consumer,partner,40.9,13,0,619.78
9259,consumer,partner,20.4,9,0,141.82
9260,consumer,partner,62.6,15,0,850.12
9261,prosumer,paid,32.9,10,0,263.12
9262,prosumer,paid,53.3,13,0,642.46
9263,prosumer,paid,38.6,10,0,384.44
9264,consumer,partner,60.5,21,0,1065.78
9265,prosumer,partner,77.2,27,1,1862.91
9266,consumer,partner,60.8,20,0,1159.84
9267,prosumer,partner,76.8,26,0,1765.54
9268,consumer,organic,72.3,26,0,1799.42
9269,smb,partner,29.3,8,0,296.75
9270,prosumer,paid,41.0,11,0,423.85
9271,consumer,organic,33.0,11,0,232.73
9272,consumer,organic,22.5,1,0,95.24
9273,smb,paid,71.4,21,1,1339.63
9274,consumer,partner,40.4,7,0,250.47
9275,consumer,paid,54.8,13,0,752.1
9276,consumer,paid,27.1,8,0,283.28
9277,consumer,partner,16.3,3,0,80.16
9278,consumer,paid,83.0,33,1,2499.93
9279,consumer,partner,69.6,26,0,1577.48
9280,smb,paid,49.4,15,0,670.01
9281,consumer,paid,70.6,15,0,982.26
9282,consumer,partner,30.8,7,0,140.76
9283,consumer,paid,54.9,21,0,1224.26
9284,smb,paid,46.2,18,0,790.17
9285,consumer,paid,20.3,4,0,14.16
9286,consumer,partner,37.6,13,0,478.72
9287,consumer,partner,59.2,18,0,984.61
9288,consumer,paid,37.9,7,0,229.62
9289,consumer,organic,49.5,18,0,845.55
9290,consumer,organic,31.4,10,0,253.23
9291,prosumer,organic,10.2,6,0,87.94
9292,prosumer,organic,61.3,22,0,1260.95
9293,consumer,organic,48.6,10,0,436.0
9294,consumer,partner,13.9,4,0,153.93
9295,consumer,organic,57.0,10,0,543.34
9296,consumer,paid,48.5,13,0,623.2
9297,consumer,organic,16.9,4,0,59.91
9298,prosumer,partner,42.7,19,0,811.11
9299,prosumer,organic,9.6,3,0,80.34
9300,consumer,organic,33.2,10,0,390.64
9301,prosumer,paid,26.0,10,0,269.24
9302,consumer,organic,61.4,11,0,633.2
9303,consumer,organic,40.9,12,0,526.93
9304,consumer,partner,51.9,7,1,557.84
9305,smb,paid,52.4,19,1,1070.39
9306,consumer,partner,47.1,15,0,695.24
9307,prosumer,paid,66.1,24,0,1410.57
9308,consumer,partner,20.7,4,0,120.51
9309,prosumer,partner,60.5,12,0,641.56
9310,prosumer,organic,64.1,15,0,822.33
9311,consumer,paid,64.5,24,0,1415.21
9312,consumer,partner,37.4,15,0,462.84
9313,prosumer,organic,85.9,17,0,1365.37
9314,consumer,partner,83.2,29,0,2136.29
9315,prosumer,partner,2.7,3,0,0.0
9316,consumer,organic,61.0,17,0,936.2
9317,consumer,paid,35.2,16,0,523.7
9318,smb,paid,43.2,8,0,252.41
9319,smb,partner,35.9,7,0,264.88
9320,prosumer,paid,54.9,13,0,586.33
9321,smb,partner,70.4,18,0,1130.57
9322,prosumer,partner,5.8,3,0,135.22
9323,consumer,partner,43.9,13,0,572.21
9324,consumer,paid,51.4,16,0,763.41
9325,smb,organic,54.1,10,0,512.38
9326,prosumer,paid,20.3,6,0,176.43
9327,prosumer,organic,60.1,12,0,697.53
9328,consumer,organic,35.0,11,0,420.83
9329,consumer,partner,59.6,16,0,826.37
9330,consumer,paid,60.6,14,0,804.86
9331,prosumer,organic,47.6,11,0,422.37
9332,smb,paid,39.0,12,0,497.07
9333,prosumer,paid,35.1,10,0,356.24
9334,smb,organic,18.9,6,0,162.13
9335,consumer,partner,85.5,24,0,1845.97
9336,consumer,organic,56.8,17,0,892.43
9337,consumer,partner,80.4,20,0,1454.89
9338,consumer,paid,32.0,11,0,386.16
9339,consumer,organic,61.8,17,0,892.57
9340,smb,partner,63.9,18,1,1073.62
9341,prosumer,paid,28.7,6,0,174.36
9342,consumer,paid,25.7,10,0,220.41
9343,prosumer,partner,24.3,8,0,227.7
9344,consumer,organic,63.1,18,0,1106.06
9345,consumer,organic,39.3,10,0,515.45
9346,prosumer,paid,61.2,19,0,1064.28
9347,consumer,partner,74.2,23,0,1554.13
9348,prosumer,paid,20.0,4,0,139.48
9349,consumer,partner,37.4,11,0,450.97
9350,smb,organic,77.8,20,0,1419.19
9351,smb,organic,14.1,5,0,129.26
9352,smb,organic,51.7,15,0,736.06
9353,smb,organic,15.1,6,0,65.16
9354,prosumer,paid,79.5,24,0,1712.28
9355,prosumer,paid,59.7,19,1,1132.06
9356,consumer,partner,58.6,16,0,915.89
9357,consumer,paid,13.2,8,0,169.71
9358,prosumer,paid,33.0,10,0,360.39
9359,prosumer,partner,32.8,4,0,105.56
9360,prosumer,organic,24.2,9,0,227.94
9361,smb,partner,20.7,5,0,143.67
9362,consumer,organic,3.5,4,0,78.96
9363,consumer,organic,67.2,18,0,1122.5
9364,prosumer,paid,33.1,9,0,285.52
9365,consumer,organic,50.4,21,0,1028.3
9366,prosumer,paid,63.1,28,0,1569.61
9367,consumer,partner,77.4,18,0,1358.74
9368,prosumer,partner,18.5,9,0,112.45
9369,consumer,organic,30.3,11,0,271.94
9370,prosumer,partner,34.1,7,0,181.93
9371,prosumer,partner,38.4,14,0,390.48
9372,prosumer,partner,57.3,15,0,781.37
9373,prosumer,paid,31.7,12,0,469.6
9374,consumer,paid,39.1,13,0,477.88
9375,consumer,partner,71.1,25,0,1594.08
9376,smb,paid,40.0,11,0,361.47
9377,consumer,paid,67.0,21,0,1277.56
9378,consumer,paid,44.0,10,1,450.0
9379,prosumer,organic,13.0,5,0,122.55
9380,consumer,organic,66.3,12,0,793.04
9381,consumer,partner,57.2,14,0,755.25
9382,consumer,paid,66.8,21,0,1379.97
9383,consumer,partner,49.6,20,0,979.96
9384,prosumer,paid,66.3,28,0,1756.71
9385,prosumer,paid,43.3,13,0,566.66
9386,prosumer,organic,46.0,10,0,485.9
9387,consumer,paid,54.4,10,0,472.72
9388,smb,paid,49.3,9,0,508.13
9389,prosumer,organic,31.7,12,0,391.63
9390,prosumer,paid,83.7,23,0,1688.89
9391,prosumer,organic,61.2,22,0,1358.92
9392,consumer,partner,72.5,24,0,1613.74
9393,prosumer,organic,18.5,14,0,208.42
9394,prosumer,organic,20.1,7,0,183.9
9395,consumer,paid,28.0,9,0,207.61
9396,consumer,paid,71.0,21,0,1462.67
9397,consumer,partner,48.7,13,0,588.41
9398,consumer,partner,85.2,23,0,1797.59
9399,prosumer,partner,28.0,8,0,274.57
9400,prosumer,partner,52.2,24,0,1188.24
9401,consumer,partner,67.6,18,0,1187.05
9402,consumer,paid,29.0,8,0,178.64
9403,consumer,organic,50.5,17,0,809.5
9404,consumer,organic,24.0,12,0,223.86
9405,prosumer,organic,81.6,20,0,1488.47
9406,consumer,partner,37.6,16,0,633.44
9407,prosumer,paid,17.3,5,0,23.63
9408,consumer,paid,63.1,20,0,1121.2
9409,smb,partner,51.0,11,0,568.44
9410,smb,organic,41.2,8,0,223.8
9411,smb,organic,82.7,15,0,1151.94
9412,prosumer,organic,50.2,14,0,678.71
9413,consumer,partner,16.7,6,0,119.19
9414,consumer,paid,67.8,17,0,1121.84
9415,smb,partner,55.4,13,0,674.08
9416,consumer,organic,82.2,27,0,1948.65
9417,consumer,organic,45.4,11,0,442.06
9418,consumer,paid,62.8,19,0,1074.1
9419,consumer,organic,76.6,22,0,1479.39
9420,prosumer,organic,15.6,7,1,185.56
9421,consumer,partner,4.6,2,0,105.27
9422,consumer,partner,34.7,8,1,350.15
9423,prosumer,partner,19.0,5,0,142.05
9424,consumer,paid,49.3,18,0,834.93
9425,prosumer,paid,49.6,12,0,515.28
9426,consumer,partner,48.6,13,0,794.85
9427,consumer,paid,13.6,6,0,160.38
9428,prosumer,paid,29.6,9,0,206.04
9429,consumer,paid,26.1,7,0,172.13
9430,prosumer,organic,63.1,17,0,1067.61
9431,consumer,organic,71.5,18,0,1165.37
9432,consumer,paid,69.7,15,0,1062.5
9433,consumer,paid,60.2,20,0,1196.92
9434,consumer,organic,56.9,18,0,957.44
9435,consumer,partner,14.9,5,0,79.0
9436,consumer,organic,56.9,26,0,1301.76
9437,consumer,paid,42.3,20,0,762.1
9438,consumer,paid,71.1,27,0,1713.48
9439,consumer,partner,46.8,11,0,470.28
9440,consumer,paid,62.2,12,0,650.42
9441,consumer,organic,13.8,5,0,112.28
9442,prosumer,paid,46.1,9,0,361.23
9443,prosumer,partner,35.6,14,0,475.12
9444,consumer,partner,82.2,21,1,1671.35
9445,prosumer,organic,16.7,8,0,97.22
9446,consumer,organic,32.7,7,0,226.9
9447,consumer,paid,68.6,20,0,1200.38
9448,consumer,organic,40.0,17,0,733.37
9449,smb,paid,47.0,11,0,501.1
9450,prosumer,organic,53.0,13,1,809.1
9451,consumer,organic,36.9,9,0,159.87
9452,prosumer,organic,78.1,24,0,1841.67
9453,consumer,partner,40.1,12,0,445.4
9454,prosumer,paid,76.5,27,0,1850.72
9455,consumer,paid,81.4,21,1,1523.15
9456,smb,paid,30.8,12,0,339.97
9457,consumer,paid,68.8,20,0,1276.12
9458,prosumer,organic,79.6,14,0,962.22
9459,consumer,partner,19.9,8,0,143.8
9460,consumer,organic,71.2,15,1,1035.13
9461,consumer,paid,66.3,16,1,1011.59
9462,prosumer,organic,48.3,18,0,833.32
9463,smb,organic,50.1,15,0,676.43
9464,consumer,paid,34.7,9,0,360.53
9465,consumer,partner,50.2,12,0,520.72
9466,consumer,paid,56.5,13,1,750.03
9467,consumer,paid,26.7,9,0,371.32
9468,smb,partner,52.3,18,0,1015.01
9469,consumer,organic,42.1,11,0,538.68
9470,consumer,paid,42.3,16,0,608.05
9471,consumer,paid,76.0,20,0,1423.07
9472,consumer,organic,63.5,18,0,1099.41
9473,consumer,partner,31.0,9,0,330.36
9474,prosumer,organic,31.1,18,0,491.16
9475,consumer,paid,56.8,17,0,869.85
9476,consumer,partner,54.3,18,0,919.38
9477,prosumer,paid,33.3,12,0,398.75
9478,prosumer,organic,29.7,9,0,204.48
9479,smb,organic,31.6,7,0,193.64
9480,smb,organic,39.4,11,0,414.41
9481,prosumer,partner,80.8,14,1,1116.08
9482,consumer,paid,84.0,25,0,1910.49
9483,prosumer,partner,52.6,12,0,569.86
9484,prosumer,partner,46.7,12,0,493.3
9485,consumer,organic,78.0,21,0,1510.59
9486,consumer,partner,75.6,26,1,1862.3
9487,smb,paid,41.4,11,0,401.66
9488,prosumer,paid,53.8,19,1,975.01
9489,consumer,partner,79.9,18,1,1294.4
9490,consumer,partner,34.9,14,0,383.9
9491,consumer,organic,51.7,16,0,813.92
9492,consumer,paid,51.8,16,0,655.71
9493,prosumer,organic,30.3,7,0,138.73
9494,prosumer,organic,85.6,22,1,1729.25
9495,consumer,partner,48.5,9,0,361.45
9496,smb,partner,24.9,9,0,268.53
9497,prosumer,partner,31.1,8,0,380.0
9498,consumer,partner,59.5,7,0,393.03
9499,consumer,partner,58.0,20,0,1044.25
9500,prosumer,organic,32.4,10,0,408.58
9501,consumer,organic,72.2,28,1,1892.62
9502,prosumer,organic,76.7,15,1,1164.6
9503,consumer,organic,43.7,10,0,372.13
9504,consumer,organic,63.4,18,0,1077.64
9505,consumer,organic,73.5,18,0,1260.71
9506,consumer,partner,43.9,13,0,552.44
9507,prosumer,organic,68.4,22,0,1369.51
9508,consumer,partner,48.0,12,0,490.84
9509,consumer,partner,61.1,14,0,804.39
9510,consumer,organic,43.0,11,0,361.36
9511,prosumer,organic,38.0,15,0,584.55
9512,consumer,paid,46.7,11,0,470.87
9513,consumer,partner,87.4,21,1,1710.26
9514,prosumer,paid,82.9,26,1,2005.5
9515,prosumer,paid,63.4,21,1,1229.36
9516,consumer,paid,24.0,8,0,118.46
9517,consumer,organic,44.9,17,0,757.64
9518,consumer,organic,35.7,12,0,446.34
9519,prosumer,organic,76.5,15,0,1122.09
9520,prosumer,organic,45.8,11,0,564.56
9521,consumer,paid,28.4,7,0,116.61
9522,prosumer,paid,29.6,7,0,179.18
9523,smb,partner,45.1,15,0,601.99
9524,consumer,partner,63.4,13,0,726.27
9525,smb,partner,58.1,16,0,864.3
9526,smb,partner,78.9,24,0,1763.48
9527,consumer,organic,68.9,17,0,1098.68
9528,consumer,organic,22.9,11,0,283.56
9529,consumer,organic,70.9,20,0,1348.54
9530,prosumer,partner,87.9,23,0,1868.57
9531,prosumer,organic,36.3,12,0,431.3
9532,consumer,partner,44.8,13,0,566.98
9533,consumer,paid,26.7,5,0,208.08
9534,smb,paid,36.8,9,0,192.96
9535,consumer,partner,54.1,17,0,946.07
9536,prosumer,organic,40.5,13,0,487.94
9537,consumer,paid,90.2,27,0,2254.78
9538,prosumer,partner,50.4,13,0,641.54
9539,consumer,organic,57.6,14,0,707.41
9540,smb,organic,68.3,19,0,1278.18
9541,smb,partner,71.5,24,0,1560.57
9542,consumer,organic,50.9,17,0,882.83
9543,prosumer,partner,14.4,8,0,125.49
9544,smb,organic,67.0,18,0,1080.15
9545,consumer,organic,61.4,13,0,831.99
9546,consumer,partner,32.2,6,0,95.45
9547,consumer,paid,37.3,15,1,580.57
9548,consumer,organic,39.9,16,0,655.77
9549,prosumer,organic,44.3,13,0,586.61
9550,consumer,organic,12.7,5,0,55.07
9551,consumer,paid,56.0,25,0,1321.47
9552,smb,organic,70.8,27,1,1782.44
9553,smb,paid,41.1,14,0,539.55
9554,consumer,organic,94.5,27,1,2396.68
9555,prosumer,paid,27.6,12,0,359.07
9556,consumer,partner,72.7,19,0,1277.53
9557,consumer,organic,34.8,11,0,371.7
9558,consumer,partner,53.3,19,0,882.31
9559,consumer,partner,58.7,16,0,895.76
9560,consumer,organic,25.5,7,0,179.21
9561,smb,partner,42.0,10,1,371.67
9562,prosumer,organic,18.5,9,0,206.29
9563,consumer,organic,37.9,10,0,423.82
9564,consumer,organic,30.9,14,0,469.07
9565,consumer,organic,48.9,9,0,495.08
9566,consumer,organic,13.0,4,0,64.68
9567,prosumer,paid,18.6,4,0,35.86
9568,consumer,paid,61.4,23,1,1345.38
9569,consumer,partner,63.1,24,0,1300.29
9570,consumer,partner,37.4,15,0,480.3
9571,smb,paid,25.1,10,0,255.5
9572,prosumer,partner,77.2,16,0,1103.37
9573,prosumer,paid,53.5,23,0,1036.38
9574,consumer,paid,53.3,14,0,733.52
9575,consumer,paid,36.3,17,0,466.47
9576,consumer,paid,20.0,4,0,181.55
9577,prosumer,partner,82.9,19,0,1435.69
9578,smb,partner,54.1,10,0,563.31
9579,consumer,organic,34.2,17,0,552.34
9580,smb,organic,79.9,29,0,2248.48
9581,consumer,organic,44.1,9,0,230.14
9582,consumer,partner,19.8,3,0,0.0
9583,consumer,organic,42.2,14,0,649.61
9584,consumer,paid,69.0,19,1,1270.17
9585,prosumer,organic,51.8,21,0,1111.55
9586,smb,partner,81.6,21,0,1410.51
9587,consumer,paid,54.0,23,0,1102.24
9588,consumer,partner,19.1,8,0,184.54
9589,prosumer,partner,37.2,6,0,284.54
9590,prosumer,organic,42.2,12,0,491.4
9591,prosumer,partner,30.9,15,0,469.96
9592,consumer,organic,31.2,6,0,102.07
9593,prosumer,partner,75.4,18,0,1337.94
9594,prosumer,paid,65.1,15,0,885.36
9595,consumer,organic,28.6,10,0,259.7
9596,smb,organic,26.7,8,0,257.8
9597,prosumer,organic,50.5,11,0,550.24
9598,consumer,partner,32.7,12,0,381.27
9599,consumer,paid,65.0,22,0,1357.17
9600,consumer,partner,26.4,9,0,197.41
9601,consumer,organic,14.1,9,0,158.47
9602,prosumer,paid,80.6,18,0,1521.34
9603,consumer,paid,37.0,17,0,558.77
9604,consumer,partner,32.0,10,0,361.34
9605,prosumer,organic,35.6,14,0,574.22
9606,consumer,partner,14.1,6,0,0.0
9607,consumer,paid,19.5,3,0,57.23
9608,prosumer,partner,11.9,4,0,46.4
9609,smb,partner,53.7,11,0,624.8
9610,consumer,organic,65.1,26,0,1597.53
9611,smb,organic,20.7,4,0,29.85
9612,consumer,partner,15.7,9,0,114.29
9613,consumer,paid,89.2,32,0,2630.87
9614,consumer,organic,85.7,23,1,1934.07
9615,prosumer,partner,26.3,11,0,344.01
9616,smb,paid,85.2,28,1,2326.42
9617,prosumer,paid,22.1,10,0,282.01
9618,consumer,partner,88.5,21,1,1650.93
9619,prosumer,partner,50.9,11,0,522.04
9620,consumer,paid,62.1,18,0,1019.44
9621,consumer,paid,49.8,17,0,730.97
9622,consumer,partner,17.3,11,0,130.12
9623,smb,organic,81.2,19,1,1420.12
9624,consumer,organic,34.6,8,0,221.96
9625,smb,partner,54.0,16,1,808.09
9626,consumer,partner,45.6,17,0,704.42
9627,consumer,partner,19.1,7,0,204.65
9628,smb,partner,39.9,8,0,251.32
9629,prosumer,partner,52.7,10,0,645.11
9630,consumer,organic,17.3,6,0,160.53
9631,prosumer,partner,41.4,11,0,451.78
9632,consumer,organic,68.3,24,0,1572.76
9633,consumer,partner,56.8,13,1,765.23
9634,prosumer,paid,51.6,13,0,559.64
9635,smb,organic,69.8,17,0,1124.96
9636,consumer,paid,36.3,16,0,666.85
9637,smb,organic,47.6,7,0,231.2
9638,consumer,partner,8.8,2,0,34.05
9639,consumer,organic,59.1,16,0,895.51
9640,prosumer,paid,37.9,12,0,374.06
9641,smb,partner,57.3,11,0,570.73
9642,consumer,organic,32.6,10,0,312.28
9643,prosumer,organic,71.8,13,0,858.92
9644,consumer,partner,25.0,4,0,208.12
9645,consumer,organic,38.9,14,1,541.06
9646,consumer,partner,56.6,23,0,1189.89
9647,consumer,organic,12.5,4,0,47.22
9648,prosumer,partner,59.2,20,0,997.26
9649,smb,partner,73.5,20,0,1427.33
9650,consumer,paid,91.5,24,0,2117.79
9651,smb,partner,61.1,19,0,1072.98
9652,consumer,partner,61.3,15,0,936.1
9653,smb,partner,61.6,18,1,898.79
9654,consumer,partner,73.8,28,1,1968.66
9655,smb,partner,74.9,30,0,2047.91
9656,consumer,paid,79.1,26,0,1911.12
9657,consumer,paid,66.6,19,0,1113.42
9658,consumer,paid,23.4,3,0,212.65
9659,prosumer,organic,19.1,7,0,143.72
9660,smb,partner,27.4,16,0,441.71
9661,consumer,partner,70.6,16,1,1148.92
9662,consumer,partner,57.8,17,0,877.85
9663,prosumer,organic,16.7,6,0,73.22
9664,consumer,partner,55.8,15,0,723.59
9665,consumer,paid,6.6,5,0,187.75
9666,smb,organic,51.6,16,0,694.31
9667,consumer,partner,72.3,18,0,1128.75
9668,smb,paid,38.2,13,0,462.17
9669,prosumer,paid,55.2,14,0,662.37
9670,consumer,organic,85.1,23,0,1806.74
9671,prosumer,organic,33.1,11,0,343.93
9672,consumer,paid,31.3,14,0,363.71
9673,smb,organic,83.1,22,1,1775.58
9674,consumer,organic,51.9,10,0,531.61
9675,consumer,paid,55.7,17,0,843.06
9676,consumer,paid,49.5,13,0,693.43
9677,consumer,paid,1.9,1,0,9.38
9678,consumer,paid,28.1,9,0,166.61
9679,smb,organic,63.2,13,0,686.55
9680,consumer,organic,47.9,9,0,399.01
9681,consumer,paid,35.3,16,0,510.0
9682,consumer,paid,33.3,8,0,248.41
9683,consumer,partner,47.5,13,0,651.02
9684,prosumer,partner,11.7,4,0,15.92
9685,consumer,paid,39.2,12,0,575.18
9686,smb,organic,16.4,6,0,62.37
9687,consumer,paid,76.3,17,1,1238.52
9688,consumer,paid,70.5,18,0,1152.97
9689,smb,partner,56.7,19,0,946.63
9690,smb,partner,63.8,14,0,805.44
9691,consumer,paid,77.4,20,0,1392.39
9692,consumer,paid,63.1,17,0,1035.27
9693,prosumer,partner,64.3,21,0,1182.79
9694,prosumer,partner,77.5,20,0,1393.83
9695,consumer,organic,28.3,4,0,175.73
9696,prosumer,paid,74.1,20,0,1356.33
9697,consumer,partner,77.5,24,1,1780.07
9698,prosumer,paid,35.7,12,0,410.87
9699,smb,paid,23.5,12,0,261.84
9700,consumer,paid,45.5,15,0,698.16
9701,prosumer,organic,47.9,15,0,617.33
9702,consumer,paid,6.0,1,0,51.47
9703,consumer,organic,43.6,13,0,549.77
9704,consumer,organic,72.4,25,0,1616.53
9705,consumer,paid,49.2,10,0,413.19
9706,consumer,partner,18.6,12,0,197.01
9707,consumer,organic,70.3,19,0,1200.49
9708,smb,partner,26.9,5,0,175.08
9709,consumer,paid,42.9,14,0,547.44
9710,consumer,paid,75.4,27,0,1954.13
9711,consumer,paid,36.9,10,0,364.19
9712,consumer,partner,27.1,7,0,183.77
9713,prosumer,partner,58.4,19,1,1065.38
9714,consumer,organic,74.7,15,0,1038.83
9715,consumer,paid,13.7,9,0,91.78
9716,prosumer,organic,50.4,18,0,893.81
9717,consumer,organic,82.7,21,0,1512.11
9718,consumer,partner,52.7,16,0,722.38
9719,smb,organic,56.4,13,0,712.81
9720,prosumer,partner,78.7,20,1,1423.18
9721,consumer,paid,49.1,19,0,793.36
9722,prosumer,organic,81.9,26,0,1892.25
9723,smb,organic,70.7,17,0,1131.52
9724,consumer,paid,12.1,4,0,33.43
9725,consumer,partner,28.7,5,0,216.1
9726,consumer,partner,32.5,9,0,242.18
9727,consumer,partner,37.1,8,0,270.11
9728,consumer,partner,55.0,12,0,661.06
9729,consumer,organic,39.6,13,0,522.53
9730,consumer,organic,23.6,13,0,345.22
9731,prosumer,paid,61.1,16,0,890.67
9732,consumer,partner,89.5,27,0,2173.98
9733,consumer,organic,54.7,18,0,878.86
9734,prosumer,organic,47.5,19,0,808.96
9735,consumer,paid,17.1,6,0,98.7
9736,consumer,organic,17.1,8,0,172.24
9737,consumer,partner,72.8,20,0,1357.55
9738,prosumer,partner,52.4,12,0,601.78
9739,prosumer,paid,65.8,15,0,822.32
9740,consumer,organic,36.2,10,0,343.19
9741,prosumer,paid,43.4,12,0,564.25
9742,prosumer,paid,93.2,29,0,2486.12
9743,consumer,partner,54.5,13,0,730.97
9744,consumer,organic,17.0,2,0,71.57
9745,consumer,organic,77.8,24,0,1753.47
9746,consumer,organic,29.1,7,0,229.49
9747,prosumer,partner,77.6,17,1,1226.16
9748,consumer,paid,75.3,18,0,1284.55
9749,smb,organic,9.4,4,0,48.92
9750,consumer,paid,66.1,17,0,1159.15
9751,smb,organic,17.3,4,0,145.75
9752,smb,organic,44.8,13,0,484.08
9753,prosumer,paid,7.8,6,0,81.44
9754,prosumer,partner,30.0,12,0,274.62
9755,consumer,paid,12.0,5,0,0.0
9756,consumer,partner,37.9,11,0,439.07
9757,consumer,partner,48.1,19,0,841.82
9758,consumer,organic,17.8,6,0,170.07
9759,consumer,paid,12.4,1,0,64.79
9760,consumer,organic,37.1,11,0,325.65
9761,consumer,paid,43.5,19,0,847.02
9762,consumer,paid,45.5,21,0,863.36
9763,prosumer,partner,53.4,13,0,589.67
9764,consumer,paid,49.1,15,0,748.81
9765,consumer,paid,49.4,16,0,717.25
9766,prosumer,partner,23.7,6,0,192.84
9767,smb,partner,41.1,14,0,576.84
9768,consumer,organic,53.3,15,0,791.49
9769,smb,organic,66.8,20,0,1183.04
9770,consumer,organic,58.7,17,0,953.22
9771,prosumer,partner,21.0,10,0,161.99
9772,smb,paid,31.6,5,0,111.63
9773,prosumer,paid,42.3,13,0,559.88
9774,smb,paid,54.2,9,0,481.4
9775,consumer,partner,27.9,10,0,213.14
9776,consumer,organic,42.1,14,0,529.85
9777,consumer,organic,53.0,16,0,773.89
9778,consumer,paid,41.1,7,0,327.92
9779,smb,organic,51.4,10,0,424.5
9780,smb,organic,53.8,15,1,826.17
9781,prosumer,organic,10.9,4,0,12.7
9782,prosumer,partner,56.4,21,0,1119.25
9783,prosumer,paid,38.8,7,1,327.46
9784,consumer,paid,67.9,15,0,987.07
9785,smb,organic,55.7,9,0,507.0
9786,prosumer,paid,27.4,10,0,176.16
9787,consumer,paid,69.9,16,0,1031.59
9788,consumer,paid,42.8,19,0,724.04
9789,smb,partner,46.5,17,0,860.15
9790,consumer,organic,62.3,16,0,946.74
9791,consumer,paid,24.5,8,0,145.41
9792,prosumer,paid,62.6,12,0,790.57
9793,consumer,organic,20.4,3,0,137.68
9794,smb,paid,6.4,4,0,0.0
9795,consumer,organic,32.1,12,0,273.52
9796,smb,organic,14.1,8,0,150.84
9797,consumer,partner,38.4,7,0,275.35
9798,consumer,paid,41.2,9,0,283.31
9799,consumer,partner,68.5,15,0,992.83
9800,prosumer,partner,57.5,22,0,1172.99
9801,consumer,paid,19.4,13,0,269.37
9802,consumer,organic,47.6,9,0,304.15
9803,smb,paid,34.5,14,0,470.98
9804,consumer,paid,47.9,17,0,827.22
9805,consumer,partner,37.7,11,0,394.57
9806,prosumer,partner,61.1,16,0,789.41
9807,consumer,paid,80.8,26,0,1895.64
9808,consumer,partner,81.8,26,0,1842.36
9809,consumer,organic,70.9,11,0,754.02
9810,prosumer,organic,41.4,10,0,410.38
9811,consumer,organic,72.2,25,0,1636.15
9812,consumer,paid,54.5,15,0,831.12
9813,prosumer,paid,46.0,14,0,554.99
9814,consumer,organic,58.0,13,1,913.84
9815,consumer,partner,40.9,17,0,752.05
9816,consumer,partner,63.5,31,1,1844.95
9817,consumer,partner,68.9,16,1,1174.3
9818,consumer,paid,73.5,16,0,1059.25
9819,consumer,organic,70.3,18,0,1254.58
9820,consumer,partner,72.1,15,0,1025.93
9821,consumer,organic,55.0,15,0,805.19
9822,consumer,partner,67.3,11,0,669.46
9823,consumer,partner,20.0,11,0,226.64
9824,prosumer,organic,50.4,12,1,610.33
9825,smb,partner,55.8,18,0,867.25
9826,consumer,paid,68.0,27,0,1599.45
9827,consumer,paid,23.5,13,0,429.42
9828,prosumer,organic,66.3,16,0,1044.99
9829,smb,paid,52.6,10,0,643.67
9830,consumer,organic,34.5,14,0,444.23
9831,prosumer,organic,77.6,26,0,1880.61
9832,consumer,partner,68.8,20,0,1339.45
9833,prosumer,partner,87.9,23,0,1958.3
9834,prosumer,organic,13.6,9,0,142.44
9835,prosumer,paid,79.0,17,0,1287.42
9836,consumer,organic,25.5,8,0,295.82
9837,prosumer,paid,55.3,16,0,846.63
9838,consumer,partner,49.0,11,0,467.42
9839,consumer,paid,64.5,15,0,878.84
9840,consumer,paid,71.7,21,0,1433.25
9841,consumer,organic,57.9,21,0,1116.03
9842,consumer,partner,70.4,25,1,1652.74
9843,consumer,organic,69.2,15,0,962.69
9844,prosumer,paid,38.3,7,0,256.94
9845,consumer,organic,56.4,18,0,936.55
9846,consumer,paid,24.1,9,0,228.27
9847,consumer,organic,62.8,11,0,671.22
9848,consumer,paid,51.8,14,0,728.08
9849,consumer,organic,21.6,7,0,150.58
9850,consumer,organic,42.1,19,0,873.08
9851,consumer,organic,35.4,10,0,365.33
9852,consumer,partner,31.1,10,0,292.85
9853,consumer,paid,55.1,14,1,772.36
9854,prosumer,organic,16.9,3,0,98.23
9855,smb,organic,45.9,13,0,548.76
9856,consumer,organic,67.7,21,0,1340.11
9857,consumer,organic,41.0,13,1,546.03
9858,consumer,paid,32.4,6,0,182.19
9859,prosumer,paid,21.7,8,0,220.11
9860,smb,organic,55.4,26,0,1409.64
9861,prosumer,partner,84.0,23,1,1823.86
9862,consumer,paid,11.7,8,0,82.05
9863,consumer,partner,59.2,19,0,1034.99
9864,consumer,organic,58.1,14,0,762.07
9865,consumer,partner,24.6,3,0,137.39
9866,consumer,organic,64.0,15,0,822.92
9867,prosumer,paid,28.2,4,0,156.37
9868,prosumer,partner,71.9,25,0,1602.74
9869,consumer,partner,18.1,7,0,112.48
9870,consumer,organic,73.3,25,1,1818.6
9871,consumer,paid,47.6,11,0,542.84
9872,prosumer,organic,21.0,9,0,395.8
9873,consumer,partner,64.0,13,0,836.3
9874,consumer,organic,21.1,6,0,126.67
9875,consumer,paid,23.0,11,0,304.7
9876,consumer,organic,32.2,10,0,247.91
9877,smb,partner,59.3,16,1,989.24
9878,prosumer,paid,32.1,5,0,156.28
9879,prosumer,partner,59.1,25,0,1338.07
9880,consumer,partner,27.2,9,0,209.24
9881,prosumer,paid,23.8,9,0,248.67
9882,consumer,organic,56.4,12,0,602.42
9883,prosumer,organic,39.2,9,0,294.41
9884,consumer,partner,18.2,6,0,66.07
9885,consumer,partner,44.7,13,0,527.76
9886,consumer,paid,60.8,12,1,800.4
9887,consumer,partner,67.7,20,0,1268.66
9888,consumer,paid,53.7,11,0,452.14
9889,prosumer,partner,41.6,11,0,369.12
9890,consumer,paid,29.0,13,0,300.47
9891,smb,organic,65.4,26,0,1592.47
9892,prosumer,organic,70.6,16,0,989.69
9893,prosumer,partner,41.4,6,0,238.15
9894,consumer,paid,27.3,8,0,274.99
9895,consumer,partner,77.5,22,1,1610.43
9896,consumer,partner,60.2,13,0,815.92
9897,smb,partner,33.3,16,0,571.68
9898,prosumer,organic,20.5,5,0,47.98
9899,consumer,paid,47.6,15,0,689.88
9900,smb,paid,64.9,20,0,1180.29
9901,consumer,organic,41.0,11,0,327.26
9902,smb,partner,47.3,10,1,522.52
9903,consumer,organic,39.1,11,0,432.41
9904,prosumer,paid,19.4,8,0,200.29
9905,consumer,paid,81.2,15,0,1197.66
9906,consumer,paid,12.9,6,0,131.39
9907,consumer,organic,25.4,10,0,251.98
9908,smb,organic,35.2,16,1,552.64
9909,consumer,paid,51.0,14,0,667.73
9910,prosumer,organic,54.3,10,0,596.46
9911,smb,paid,78.8,18,0,1344.19
9912,prosumer,paid,34.9,7,0,225.84
9913,smb,organic,17.7,10,0,97.91
9914,consumer,paid,41.9,15,0,643.37
9915,prosumer,organic,23.1,6,0,177.0
9916,smb,paid,25.5,9,0,167.07
9917,prosumer,organic,33.3,2,0,76.17
9918,smb,partner,51.3,19,0,921.42
9919,consumer,organic,69.4,12,0,790.33
9920,prosumer,paid,31.2,6,0,190.57
9921,consumer,paid,75.7,19,0,1338.51
9922,consumer,partner,72.3,20,0,1334.08
9923,consumer,partner,56.3,12,0,660.97
9924,consumer,partner,37.0,10,0,297.95
9925,consumer,partner,62.2,15,0,870.41
9926,prosumer,partner,71.0,7,0,424.81
9927,prosumer,paid,29.3,11,0,354.23
9928,consumer,partner,88.2,15,1,1316.26
9929,prosumer,paid,48.1,17,0,753.51
9930,consumer,paid,81.9,26,0,1936.47
9931,consumer,partner,25.8,3,0,126.57
9932,consumer,partner,16.9,6,0,105.31
9933,consumer,partner,25.4,15,0,264.05
9934,consumer,organic,82.9,22,1,1685.34
9935,smb,organic,80.9,26,0,1939.91
9936,prosumer,paid,22.7,9,0,81.53
9937,prosumer,partner,48.9,16,0,592.31
9938,prosumer,paid,61.5,17,0,934.64
9939,prosumer,partner,46.7,9,0,404.96
9940,consumer,organic,33.9,6,0,234.99
9941,consumer,partner,12.4,5,0,92.38
9942,consumer,organic,59.2,15,0,849.39
9943,consumer,partner,14.0,7,0,126.89
9944,consumer,paid,45.8,9,0,460.35
9945,prosumer,organic,16.1,10,0,256.44
9946,consumer,organic,69.9,22,1,1331.22
9947,consumer,organic,63.9,17,0,1093.67
9948,consumer,organic,39.4,11,0,316.94
9949,consumer,partner,61.3,15,0,906.78
9950,smb,paid,19.1,9,0,162.21
9951,consumer,partner,32.4,14,0,391.99
9952,prosumer,partner,19.7,5,0,44.84
9953,prosumer,paid,42.0,9,0,317.76
9954,consumer,organic,22.6,9,0,230.7
9955,consumer,paid,69.4,20,0,1367.48
9956,consumer,organic,12.1,5,0,67.86
9957,prosumer,organic,23.9,10,0,239.49
9958,consumer,organic,64.8,24,0,1507.8
9959,smb,organic,24.1,9,0,322.12
9960,consumer,paid,58.4,20,0,1095.44
9961,consumer,paid,47.6,18,0,804.94
9962,consumer,organic,69.0,23,0,1443.54
9963,smb,paid,34.2,13,0,415.3
9964,consumer,paid,49.3,13,1,587.39
9965,prosumer,partner,55.3,11,0,554.96
9966,consumer,paid,78.7,25,0,1772.15
9967,consumer,partner,17.1,5,0,122.5
9968,consumer,partner,78.3,22,0,1620.91
9969,prosumer,partner,56.8,23,0,1255.35
9970,consumer,paid,69.7,27,0,1758.03
9971,consumer,paid,55.3,12,0,578.34
9972,consumer,partner,58.8,22,0,1214.36
9973,prosumer,organic,35.4,7,0,248.55
9974,consumer,partner,21.6,12,0,236.25
9975,consumer,organic,19.4,5,0,83.58
9976,consumer,partner,54.9,17,0,908.83
9977,prosumer,paid,71.0,17,0,1196.25
9978,prosumer,partner,27.1,18,0,412.98
9979,consumer,organic,42.5,11,0,456.22
9980,smb,partner,34.2,15,0,523.94
9981,prosumer,partner,67.1,17,0,1001.61
9982,consumer,paid,32.2,7,0,374.12
9983,prosumer,paid,72.7,27,0,1700.5
9984,prosumer,paid,74.6,24,0,1580.44
9985,consumer,organic,24.2,4,0,228.81
9986,prosumer,organic,42.2,10,0,454.78
9987,prosumer,partner,82.4,20,1,1428.39
9988,smb,paid,32.0,12,0,393.07
9989,smb,partner,44.8,15,0,626.72
9990,consumer,organic,32.6,13,0,415.4
9991,smb,partner,13.8,3,0,41.33
9992,consumer,organic,22.8,9,0,318.38
9993,consumer,organic,55.7,17,0,812.22
9994,prosumer,partner,54.0,16,0,778.89
9995,consumer,paid,59.0,18,0,991.57
9996,consumer,organic,57.5,17,0,843.5
9997,smb,organic,25.0,11,0,317.13
9998,prosumer,organic,78.1,25,0,1850.87
9999,prosumer,paid,88.6,21,0,1733.0
10000,consumer,partner,55.5,18,0,915.39
10001,consumer,organic,30.3,5,0,150.8
10002,consumer,partner,10.2,8,0,49.21
10003,consumer,partner,18.5,7,0,197.31
10004,prosumer,paid,22.9,7,0,87.76
10005,consumer,paid,77.4,25,1,1700.39
10006,consumer,partner,66.8,20,0,1231.96
10007,prosumer,organic,26.6,8,0,145.7
10008,consumer,partner,60.4,11,0,690.46
10009,consumer,partner,32.1,7,0,221.67
10010,consumer,paid,66.2,19,0,1151.32
10011,prosumer,organic,31.3,10,0,329.67
10012,smb,organic,27.6,9,0,236.21
10013,consumer,partner,77.5,21,0,1452.12
10014,consumer,partner,28.8,11,0,341.68
10015,smb,paid,74.6,16,0,1184.77
10016,consumer,paid,35.3,9,0,232.49
10017,consumer,partner,44.2,9,0,395.52
10018,prosumer,paid,8.6,3,0,125.1
10019,prosumer,partner,43.4,6,0,359.51
10020,consumer,partner,59.9,17,0,994.0
10021,smb,paid,61.3,20,1,1070.38
10022,consumer,partner,33.8,13,0,464.7
10023,consumer,partner,78.3,27,0,1915.41
10024,prosumer,organic,70.0,12,0,788.34
10025,prosumer,organic,54.7,22,0,1120.04
10026,smb,paid,41.3,12,0,492.13
10027,prosumer,paid,39.9,13,0,485.53
10028,smb,partner,20.1,4,0,36.78
10029,consumer,paid,67.2,21,0,1380.16
10030,consumer,partner,51.4,14,0,737.05
10031,prosumer,organic,22.5,6,0,91.81
10032,consumer,organic,31.8,10,0,393.12
10033,consumer,organic,46.1,11,0,490.34
10034,prosumer,partner,67.7,20,0,1278.09
10035,consumer,partner,90.0,19,1,1664.94
10036,consumer,paid,57.3,19,0,1015.88
10037,smb,partner,52.0,14,0,698.98
10038,smb,partner,36.7,5,0,116.42
10039,prosumer,organic,44.7,10,0,410.92
10040,prosumer,partner,37.5,15,0,475.62
10041,prosumer,paid,42.0,9,0,364.09
10042,consumer,paid,71.1,32,0,2022.95
10043,smb,paid,57.1,12,0,678.36
10044,consumer,organic,89.1,37,1,3014.39
10045,smb,organic,53.4,17,0,791.45
10046,smb,partner,25.6,11,0,324.4
10047,smb,paid,46.7,17,0,672.33
10048,prosumer,partner,17.2,4,0,167.79
10049,smb,organic,48.7,10,0,521.95
10050,consumer,partner,26.7,10,0,194.57
10051,consumer,partner,58.7,10,0,510.93
10052,smb,partner,42.0,20,0,821.55
10053,smb,organic,41.5,13,0,590.09
10054,prosumer,organic,27.6,3,0,97.15
10055,smb,partner,61.4,16,1,997.01
10056,smb,paid,78.4,23,0,1697.77
10057,prosumer,partner,78.2,27,0,1993.9
10058,consumer,organic,46.2,8,0,321.72
10059,prosumer,organic,43.5,16,0,629.05
10060,consumer,paid,40.2,12,0,502.8
10061,prosumer,paid,43.0,12,0,500.73
10062,consumer,paid,53.2,11,0,660.97
10063,consumer,partner,30.3,13,0,286.08
10064,prosumer,paid,42.2,12,0,462.0
10065,consumer,organic,41.0,13,0,466.08
10066,smb,partner,61.2,18,1,1079.21
10067,prosumer,organic,68.5,19,0,1241.83
10068,consumer,paid,60.4,16,0,884.22
10069,smb,paid,35.2,9,0,190.3
10070,smb,partner,78.2,15,0,1067.64
10071,smb,paid,32.2,8,0,277.02
10072,consumer,organic,40.2,10,0,349.67
10073,consumer,partner,49.6,12,0,507.41
10074,consumer,organic,92.9,19,1,1675.04
10075,prosumer,organic,70.1,18,0,1126.44
10076,consumer,organic,88.9,30,0,2378.91
10077,consumer,organic,17.7,8,0,170.32
10078,prosumer,paid,85.6,27,0,2122.65
10079,consumer,organic,38.7,10,0,382.55
10080,consumer,paid,40.0,11,0,452.63
10081,consumer,paid,28.1,12,0,407.31
10082,consumer,partner,44.4,9,0,396.82
10083,smb,organic,61.7,10,0,473.13
10084,smb,organic,15.3,5,0,10.07
10085,prosumer,paid,59.6,10,0,660.13
10086,consumer,partner,38.1,17,0,577.14
10087,consumer,partner,65.5,21,0,1338.25
10088,consumer,organic,55.0,12,0,749.01
10089,smb,partner,19.4,9,0,214.73
10090,prosumer,paid,50.7,13,0,638.41
10091,consumer,partner,46.4,15,0,713.36
10092,smb,organic,84.6,20,1,1596.17
10093,consumer,partner,66.6,10,0,651.44
10094,prosumer,partner,69.7,14,0,919.76
10095,consumer,organic,76.8,25,0,1836.09
10096,smb,organic,16.6,7,0,201.51
10097,consumer,partner,60.5,11,1,660.75
10098,consumer,organic,51.4,17,0,765.51
10099,consumer,partner,21.6,9,0,116.62
10100,prosumer,partner,46.6,12,0,498.99
10101,smb,organic,62.2,14,1,859.68
10102,prosumer,paid,44.1,15,0,783.07
10103,consumer,partner,28.2,6,0,315.3
10104,prosumer,partner,68.8,9,1,620.58
10105,consumer,organic,27.0,11,0,223.89
10106,consumer,partner,26.3,9,0,179.75
10107,prosumer,partner,46.5,11,0,455.58
10108,consumer,partner,48.8,16,0,726.34
10109,consumer,paid,48.1,9,0,498.99
10110,consumer,partner,37.2,12,1,502.31
10111,prosumer,paid,18.0,5,0,121.53
10112,consumer,partner,47.3,10,0,501.93
10113,consumer,organic,77.1,18,0,1288.74
10114,consumer,partner,39.7,11,0,488.91
10115,prosumer,organic,14.9,4,0,119.47
10116,prosumer,paid,27.7,8,0,268.1
10117,consumer,partner,39.2,10,0,473.9
10118,consumer,organic,31.9,9,0,292.53
10119,consumer,paid,52.0,20,0,897.2
10120,prosumer,paid,48.5,13,0,631.33
10121,consumer,paid,69.6,17,0,1089.42
10122,consumer,paid,79.0,32,0,2320.27
10123,consumer,organic,58.3,6,0,421.76
10124,consumer,paid,54.3,12,0,624.68
10125,prosumer,partner,70.4,21,1,1394.43
10126,consumer,organic,39.9,14,0,553.02
10127,prosumer,organic,62.9,14,0,735.22
10128,prosumer,paid,24.6,8,0,150.09
10129,prosumer,partner,30.4,11,0,353.26
10130,consumer,organic,50.1,8,0,401.34
10131,prosumer,paid,79.5,18,0,1340.78
10132,prosumer,partner,72.8,19,0,1212.82
10133,consumer,organic,71.0,23,0,1582.45
10134,smb,organic,67.6,19,1,1261.86
10135,prosumer,partner,73.7,30,1,2111.08
10136,smb,partner,52.1,14,0,697.72
10137,consumer,paid,31.1,7,0,114.48
10138,prosumer,organic,64.4,11,0,591.62
10139,consumer,organic,55.8,18,0,911.51
10140,consumer,partner,85.0,23,0,1756.9
10141,consumer,partner,42.5,16,0,641.25
10142,prosumer,partner,77.0,21,0,1443.43
10143,prosumer,organic,17.2,8,0,177.2
10144,smb,partner,61.8,28,0,1564.61
10145,consumer,organic,84.1,25,0,1924.03
10146,consumer,paid,40.3,11,0,489.86
10147,smb,organic,29.8,11,0,335.54
10148,smb,paid,22.3,10,0,345.67
10149,consumer,partner,53.5,8,0,421.62
10150,consumer,organic,88.2,37,0,3071.63
10151,prosumer,organic,64.1,15,1,1108.01
10152,prosumer,organic,89.4,30,1,2468.2
10153,smb,paid,59.7,12,0,698.66
10154,consumer,organic,61.7,15,1,879.06
10155,prosumer,partner,60.1,15,0,804.89
10156,consumer,paid,76.5,16,0,1093.29
10157,prosumer,organic,9.8,6,0,74.44
10158,smb,paid,20.4,9,0,137.82
10159,consumer,paid,23.9,8,0,50.15
10160,prosumer,paid,40.8,13,0,470.24
10161,smb,partner,50.3,13,0,581.13
10162,prosumer,paid,52.2,16,0,808.19
10163,consumer,organic,25.4,9,0,243.21
10164,smb,partner,79.6,15,1,1205.27
10165,prosumer,paid,45.6,11,0,493.67
10166,smb,paid,53.5,15,0,715.56
10167,consumer,paid,84.0,29,1,2327.76
10168,consumer,organic,58.7,14,0,753.3
10169,consumer,paid,73.2,13,0,904.49
10170,prosumer,paid,56.3,8,0,516.35
10171,consumer,organic,78.1,21,0,1547.68
10172,consumer,partner,33.1,13,0,379.51
10173,smb,paid,72.5,17,0,1256.34
10174,consumer,partner,41.1,8,0,299.45
10175,consumer,organic,44.5,11,0,456.0
10176,consumer,partner,29.0,6,0,218.34
10177,prosumer,partner,46.0,16,0,685.03
10178,smb,paid,40.3,10,0,387.3
10179,consumer,organic,34.8,9,0,350.97
10180,smb,organic,67.2,18,0,1117.23
10181,consumer,paid,73.0,25,0,1609.21
10182,consumer,partner,44.8,12,0,518.04
10183,consumer,organic,12.8,9,0,25.42
10184,consumer,paid,44.2,14,0,603.46
10185,prosumer,partner,55.7,12,0,630.23
10186,prosumer,organic,24.5,8,0,162.92
10187,smb,partner,66.6,17,0,1081.51
10188,consumer,paid,82.7,23,0,1714.6
10189,consumer,organic,49.6,10,0,520.38
10190,prosumer,partner,62.4,22,0,1263.88
10191,smb,paid,63.5,19,0,1074.37
10192,consumer,organic,21.4,6,0,130.16
10193,consumer,paid,76.9,22,0,1535.61
10194,prosumer,partner,69.6,17,0,1101.12
10195,prosumer,paid,57.0,23,0,1213.17
10196,consumer,organic,77.8,25,1,1714.1
10197,smb,partner,38.6,12,0,496.22
10198,consumer,partner,42.0,9,0,317.66
10199,consumer,organic,72.9,16,1,1167.51
10200,prosumer,partner,23.3,3,0,148.68
10201,consumer,partner,24.2,5,0,98.51
10202,consumer,organic,77.0,27,0,1923.01
10203,consumer,partner,48.0,14,0,577.34
10204,consumer,organic,24.6,6,0,166.23
10205,prosumer,organic,90.5,27,1,2274.27
10206,consumer,organic,65.1,21,0,1180.64
10207,consumer,organic,69.8,19,0,1226.38
10208,consumer,partner,22.9,11,0,306.71
10209,consumer,organic,62.8,17,0,858.53
10210,smb,partner,45.6,20,0,773.35
10211,smb,partner,55.0,17,0,832.39
10212,prosumer,organic,53.5,15,0,714.69
10213,consumer,paid,66.5,22,0,1265.49
10214,consumer,organic,77.0,17,0,1297.82
10215,prosumer,organic,41.6,12,0,562.44
10216,consumer,paid,42.6,13,0,483.43
10217,smb,organic,79.8,19,0,1366.86
10218,smb,organic,33.1,9,0,322.04
10219,smb,paid,30.6,13,0,412.19
10220,consumer,partner,57.2,14,0,754.81
10221,consumer,partner,55.3,16,0,911.05
10222,consumer,paid,17.1,1,0,139.29
10223,consumer,partner,39.5,15,0,611.3
10224,prosumer,paid,55.5,20,0,872.27
10225,smb,partner,55.2,19,0,1097.36
10226,prosumer,partner,49.4,16,0,649.05
10227,consumer,organic,48.2,8,0,426.51
10228,consumer,paid,55.7,13,0,725.06
10229,consumer,partner,42.2,10,0,348.66
10230,prosumer,partner,49.0,18,0,843.04
10231,prosumer,paid,64.6,15,0,957.05
10232,consumer,partner,30.8,15,0,509.38
10233,consumer,partner,78.7,15,0,1064.15
10234,consumer,partner,38.6,14,0,492.9
10235,consumer,partner,85.7,26,0,1971.87
10236,prosumer,organic,33.2,15,1,511.43
10237,consumer,organic,65.9,10,0,723.2
10238,prosumer,paid,16.2,9,0,133.35
10239,smb,partner,38.0,10,0,360.04
10240,smb,partner,45.3,14,0,517.95
10241,consumer,organic,28.0,7,0,198.63
10242,consumer,organic,14.0,5,0,133.99
10243,consumer,partner,47.0,14,0,698.33
10244,consumer,organic,64.2,16,0,888.48
10245,consumer,partner,24.1,8,0,245.94
10246,consumer,organic,53.7,16,0,815.17
10247,consumer,organic,79.6,16,0,1128.87
10248,consumer,paid,17.0,5,0,122.75
10249,consumer,partner,28.1,4,0,124.33
10250,consumer,organic,46.6,10,0,305.21
10251,consumer,paid,53.6,21,0,988.15
10252,consumer,partner,53.5,18,0,901.62
10253,consumer,paid,55.3,12,0,567.19
10254,prosumer,partner,55.0,19,0,985.61
10255,consumer,partner,26.5,7,0,218.27
10256,smb,paid,39.4,14,0,475.94
10257,consumer,partner,24.8,10,0,201.32
10258,consumer,paid,1.3,3,0,4.8
10259,consumer,partner,21.8,4,0,142.5
10260,consumer,partner,60.9,15,1,965.92
10261,smb,paid,75.4,31,0,2050.39
10262,consumer,paid,35.2,12,0,435.19
10263,prosumer,organic,17.2,7,1,259.11
10264,smb,paid,64.5,22,0,1289.96
10265,prosumer,partner,28.8,10,0,466.37
10266,prosumer,paid,81.6,17,1,1407.83
10267,consumer,partner,40.5,11,0,463.78
10268,consumer,partner,64.3,16,1,993.84
10269,prosumer,paid,68.1,14,1,797.53
10270,consumer,paid,93.9,19,0,1692.26
10271,consumer,paid,64.8,15,0,826.65
10272,consumer,organic,44.5,20,0,863.13
10273,consumer,paid,56.1,17,0,933.14
10274,prosumer,organic,37.8,6,0,243.32
10275,prosumer,organic,55.1,12,0,699.6
10276,prosumer,paid,65.2,18,0,1088.12
10277,smb,paid,26.5,11,0,315.1
10278,consumer,organic,52.4,17,0,839.93
10279,consumer,paid,31.1,6,0,75.13
10280,consumer,partner,51.5,13,0,587.78
10281,consumer,organic,14.3,7,0,243.01
10282,consumer,organic,41.7,9,0,375.04
10283,prosumer,organic,10.7,3,0,0.0
10284,consumer,organic,63.9,33,0,1970.06
10285,smb,partner,73.1,17,0,1204.39
10286,consumer,paid,42.7,12,0,346.4
10287,prosumer,paid,43.5,12,0,454.83
10288,consumer,organic,22.3,2,0,36.12
10289,smb,organic,37.3,11,0,547.75
10290,consumer,partner,36.5,14,0,495.77
10291,prosumer,organic,73.1,20,1,1453.59
10292,consumer,paid,60.8,18,0,927.99
10293,consumer,paid,41.4,12,0,392.53
10294,consumer,partner,81.1,18,0,1270.0
10295,consumer,partner,48.6,17,0,936.53
10296,smb,organic,57.5,11,0,577.64
10297,consumer,paid,24.8,15,0,497.17
10298,prosumer,partner,17.0,4,0,129.8
10299,consumer,organic,75.2,22,0,1507.0
10300,prosumer,organic,75.9,18,0,1135.94
10301,consumer,paid,54.5,15,0,809.64
10302,consumer,organic,37.6,14,0,516.04
10303,consumer,partner,49.2,13,1,692.01
10304,consumer,partner,15.6,7,0,174.18
10305,prosumer,paid,19.9,3,0,83.94
10306,consumer,paid,54.6,26,0,1186.84
10307,smb,partner,33.0,14,0,565.12
10308,consumer,paid,62.7,12,0,856.06
10309,consumer,organic,59.1,20,1,1274.1
10310,consumer,organic,87.9,24,1,2036.84
10311,prosumer,partner,75.8,28,1,1865.17
10312,smb,partner,54.8,9,0,507.27
10313,consumer,partner,42.0,14,0,483.55
10314,consumer,partner,60.2,16,0,868.43
10315,smb,paid,44.1,15,0,737.22
10316,consumer,paid,11.2,7,0,0.0
10317,consumer,organic,45.9,12,0,474.71
10318,prosumer,paid,43.2,15,0,540.88
10319,consumer,organic,24.1,10,0,221.96
10320,consumer,partner,50.4,15,1,738.04
10321,consumer,paid,55.6,9,0,423.35
10322,consumer,organic,53.1,15,0,707.68
10323,consumer,partner,28.1,13,0,469.24
10324,prosumer,partner,64.5,17,1,990.95
10325,consumer,partner,28.7,8,0,155.15
10326,smb,organic,21.9,8,0,165.12
10327,consumer,partner,50.7,13,0,631.01
10328,consumer,partner,38.0,5,0,199.12
10329,consumer,partner,85.5,16,0,1094.11
10330,consumer,paid,23.8,9,0,233.69
10331,consumer,organic,22.2,9,0,208.39
10332,consumer,paid,38.6,11,0,454.26
10333,smb,organic,7.1,2,0,0.0
10334,consumer,paid,25.0,12,0,372.59
10335,consumer,organic,38.3,11,0,360.95
10336,consumer,organic,47.0,9,0,329.34
10337,consumer,organic,36.9,15,0,503.44
10338,consumer,partner,54.1,20,0,989.91
10339,consumer,organic,30.7,11,0,310.5
10340,consumer,partner,30.0,9,0,270.29
10341,prosumer,paid,25.8,13,0,426.22
10342,consumer,paid,31.6,18,0,603.31
10343,smb,paid,36.2,11,0,428.27
10344,prosumer,paid,75.4,25,1,1870.26
10345,consumer,organic,70.1,23,0,1632.82
10346,consumer,paid,62.7,16,0,1002.1
10347,prosumer,partner,17.0,5,0,184.4
10348,consumer,organic,31.0,15,0,462.43
10349,consumer,paid,53.3,20,0,927.96
10350,prosumer,paid,30.0,16,0,487.9
10351,smb,organic,59.7,18,1,1009.65
10352,consumer,organic,37.9,10,0,340.09
10353,consumer,paid,20.1,7,0,90.37
10354,prosumer,organic,70.9,19,0,1312.99
10355,smb,paid,56.4,16,0,813.67
10356,consumer,organic,64.1,22,0,1360.69
10357,consumer,paid,47.8,18,0,814.04
10358,consumer,paid,13.2,2,0,0.0
10359,consumer,organic,61.2,20,0,1126.77
10360,prosumer,organic,45.6,19,0,780.56
10361,smb,organic,37.9,8,0,206.46
10362,smb,paid,55.4,18,0,859.71
10363,prosumer,organic,38.4,11,0,376.82
10364,prosumer,paid,75.7,24,0,1781.05
10365,consumer,partner,19.8,8,0,154.7
10366,consumer,partner,69.1,19,0,1081.64
10367,consumer,organic,42.8,7,0,281.45
10368,prosumer,partner,26.9,6,0,197.3
10369,prosumer,organic,78.0,28,0,2109.67
10370,prosumer,partner,59.1,16,0,829.9
10371,consumer,organic,32.9,8,0,254.28
10372,consumer,partner,38.8,11,0,383.36
10373,consumer,paid,79.9,19,1,1305.29
10374,prosumer,partner,63.9,32,0,1843.88
10375,consumer,paid,37.7,12,0,487.04
10376,smb,partner,12.1,2,0,110.09
10377,smb,organic,52.2,9,0,452.39
10378,consumer,partner,45.5,20,1,942.69
10379,smb,partner,30.1,11,0,437.88
10380,consumer,partner,54.1,14,0,732.18
10381,consumer,partner,57.7,15,0,711.8
10382,consumer,organic,41.6,20,0,767.7
10383,consumer,organic,69.9,28,0,1742.58
10384,consumer,paid,10.7,8,0,70.7
10385,smb,partner,62.6,16,0,871.66
10386,consumer,partner,74.1,12,0,842.28
10387,prosumer,partner,38.2,9,0,366.1
10388,prosumer,partner,38.7,11,0,430.11
10389,prosumer,organic,79.6,20,0,1432.6
10390,prosumer,paid,3.9,3,0,34.53
10391,smb,paid,21.9,7,0,254.45
10392,prosumer,partner,42.9,16,0,682.22
10393,consumer,organic,34.8,12,0,442.49
10394,consumer,partner,70.0,15,0,985.86
10395,consumer,paid,51.1,13,0,569.8
10396,consumer,paid,17.2,8,0,109.07
10397,prosumer,organic,31.0,6,0,282.79
10398,consumer,paid,38.1,4,0,263.7
10399,consumer,paid,28.2,11,0,309.83
10400,consumer,organic,37.5,9,0,332.15
10401,prosumer,partner,22.0,6,0,131.35
10402,prosumer,partner,84.1,14,0,1050.01
10403,consumer,partner,34.5,12,0,293.73
10404,consumer,partner,47.8,11,0,509.53
10405,prosumer,paid,59.7,13,0,726.57
10406,smb,partner,37.3,13,0,425.47
10407,smb,partner,49.1,9,0,572.49
10408,consumer,paid,42.9,12,0,431.71
10409,consumer,partner,16.9,6,0,62.92
10410,consumer,partner,26.8,10,0,231.2
10411,consumer,organic,83.1,30,0,2280.72
10412,prosumer,paid,32.3,6,0,83.4
10413,prosumer,partner,48.3,11,0,524.88
10414,consumer,partner,19.2,4,0,0.0
10415,prosumer,partner,24.7,6,0,120.88
10416,consumer,partner,39.7,11,0,313.24
10417,consumer,partner,16.5,6,0,81.6
10418,consumer,organic,69.4,23,0,1472.6
10419,consumer,organic,73.5,17,0,1076.58
10420,consumer,paid,81.8,25,1,1838.77
10421,consumer,organic,23.4,6,0,242.78
10422,prosumer,organic,24.9,7,0,152.31
10423,smb,paid,41.4,9,0,437.35
10424,smb,partner,59.6,11,0,616.18
10425,consumer,partner,72.1,16,1,1114.9
10426,consumer,organic,76.0,13,0,963.57
10427,consumer,partner,44.0,19,0,769.44
10428,consumer,organic,40.7,8,0,295.41
10429,consumer,partner,57.3,19,0,1075.63
10430,smb,organic,59.9,17,0,950.86
10431,consumer,partner,30.2,13,0,415.83
10432,smb,paid,57.0,15,0,785.66
10433,smb,paid,27.3,12,0,336.34
10434,prosumer,partner,30.9,8,0,321.96
10435,prosumer,partner,45.9,22,0,862.59
10436,prosumer,organic,44.6,23,0,969.93
10437,consumer,partner,86.7,27,1,2185.05
10438,smb,partner,70.4,22,0,1374.11
10439,consumer,paid,50.8,19,0,824.18
10440,consumer,paid,42.3,22,0,741.04
10441,consumer,paid,79.7,23,1,1796.04
10442,prosumer,paid,35.2,11,0,429.41
10443,prosumer,paid,17.0,8,0,175.68
10444,consumer,paid,40.5,19,0,748.91
10445,consumer,organic,37.3,7,0,263.64
10446,smb,organic,79.7,24,0,1767.13
10447,prosumer,partner,30.5,7,0,199.8
10448,consumer,paid,49.4,13,0,589.42
10449,consumer,paid,25.1,7,0,89.54
10450,consumer,paid,23.0,10,0,213.96
10451,prosumer,partner,61.1,14,0,817.85
10452,consumer,partner,31.4,11,0,278.79
10453,consumer,organic,73.5,25,0,1707.84
10454,smb,partner,81.0,15,0,1179.22
10455,consumer,partner,71.9,23,0,1493.91
10456,smb,paid,33.7,15,0,426.22
10457,consumer,organic,71.9,20,0,1294.14
10458,consumer,organic,56.9,21,0,1036.59
10459,consumer,organic,50.6,17,0,734.32
10460,consumer,organic,64.0,24,0,1384.1
10461,prosumer,paid,80.6,21,0,1641.19
10462,smb,paid,57.2,14,0,745.35
10463,prosumer,paid,27.1,16,0,405.35
10464,consumer,organic,62.4,12,0,808.57
10465,prosumer,partner,72.7,23,1,1491.6
10466,prosumer,partner,61.0,30,0,1632.84
10467,prosumer,partner,33.7,9,0,388.34
10468,consumer,paid,75.0,19,0,1200.7
10469,prosumer,partner,47.3,15,1,711.84
10470,consumer,organic,41.4,10,0,401.91
10471,consumer,organic,40.3,7,0,223.24
10472,consumer,organic,40.7,9,0,379.86
10473,consumer,paid,21.6,12,0,298.89
10474,consumer,paid,36.0,9,0,319.08
10475,consumer,organic,47.9,14,0,699.85
10476,consumer,paid,53.5,15,0,818.5
10477,consumer,organic,39.7,8,0,294.1
10478,consumer,organic,62.0,28,0,1617.03
10479,consumer,paid,53.2,12,1,664.25
10480,prosumer,organic,44.9,14,0,558.77
10481,consumer,organic,74.4,26,0,1715.15
10482,consumer,partner,62.5,16,0,946.75
10483,consumer,organic,18.7,2,0,113.86
10484,prosumer,organic,56.0,20,0,1053.76
10485,prosumer,paid,23.1,8,0,143.3
10486,prosumer,paid,45.3,12,0,616.97
10487,consumer,paid,12.4,1,0,92.13
10488,consumer,partner,54.6,13,0,558.18
10489,smb,partner,69.7,22,0,1469.7
10490,consumer,paid,90.1,22,0,1836.53
10491,consumer,organic,33.7,9,0,327.6
10492,prosumer,partner,53.6,15,0,786.62
10493,consumer,paid,50.9,17,0,716.92
10494,prosumer,organic,61.1,20,0,1122.54
10495,prosumer,partner,42.3,10,0,355.56
10496,prosumer,organic,22.5,9,0,146.4
10497,consumer,paid,37.8,18,0,625.07
10498,prosumer,paid,46.7,12,0,505.58
10499,consumer,paid,52.7,17,0,851.99
10500,prosumer,organic,43.1,10,0,371.41
10501,consumer,paid,45.0,14,0,653.78
10502,consumer,organic,44.6,20,0,727.85
10503,consumer,organic,57.1,11,0,629.75
10504,consumer,partner,26.7,7,0,134.33
10505,consumer,partner,92.8,29,0,2449.12
10506,smb,partner,43.7,15,0,589.97
10507,consumer,paid,89.4,30,1,2490.77
10508,prosumer,partner,44.2,18,0,761.26
10509,prosumer,organic,25.0,13,0,260.64
10510,prosumer,paid,47.7,13,0,480.03
10511,smb,partner,61.9,17,0,1146.05
10512,smb,partner,31.4,13,0,343.62
10513,consumer,paid,49.2,15,0,672.35
10514,consumer,partner,74.7,21,1,1525.97
10515,prosumer,organic,72.0,18,0,1209.29
10516,consumer,organic,56.6,17,0,874.87
10517,consumer,paid,18.3,10,0,184.52
10518,consumer,paid,55.7,17,1,848.62
10519,smb,organic,31.5,13,0,435.17
10520,consumer,partner,51.5,20,0,972.8
10521,consumer,paid,38.2,14,0,539.94
10522,consumer,partner,17.3,5,0,82.87
10523,consumer,partner,44.9,14,0,589.04
10524,consumer,paid,40.1,11,0,469.63
10525,consumer,organic,38.7,8,0,335.31
10526,smb,organic,33.7,12,0,401.77
10527,consumer,paid,39.9,16,0,651.34
10528,consumer,partner,26.0,13,0,405.04
10529,prosumer,partner,62.5,16,0,928.19
10530,prosumer,paid,75.0,22,1,1633.67
10531,consumer,paid,62.9,14,0,771.18
10532,prosumer,partner,68.9,14,0,853.94
10533,smb,paid,35.2,9,0,331.23
10534,consumer,partner,24.9,11,0,247.59
10535,consumer,organic,55.7,14,0,763.45
10536,consumer,organic,75.8,24,0,1664.12
10537,consumer,paid,30.6,9,0,307.81
10538,consumer,partner,8.5,2,0,46.99
10539,prosumer,paid,41.2,14,0,541.2
10540,consumer,organic,36.5,13,0,446.35
10541,prosumer,partner,70.5,18,0,1035.6
10542,consumer,partner,24.8,4,0,153.06
10543,consumer,paid,64.8,25,0,1507.07
10544,consumer,partner,19.4,5,0,142.11
10545,consumer,partner,30.0,10,0,250.23
10546,consumer,partner,67.3,16,0,1035.68
10547,prosumer,paid,32.1,13,0,458.27
10548,consumer,organic,65.7,21,0,1234.59
10549,smb,partner,54.5,10,0,546.57
10550,consumer,paid,29.6,15,0,570.19
10551,consumer,partner,63.3,13,0,757.83
10552,smb,partner,14.7,5,0,0.0
10553,prosumer,partner,76.4,22,0,1563.57
10554,consumer,organic,75.8,18,0,1184.9
10555,consumer,organic,25.4,10,0,193.47
10556,consumer,organic,85.7,28,0,2273.05
10557,consumer,partner,18.9,12,0,296.12
10558,consumer,partner,31.5,7,0,216.72
10559,prosumer,organic,59.9,17,0,1009.37
10560,consumer,partner,48.8,15,0,730.52
10561,prosumer,partner,17.2,4,0,45.61
10562,smb,paid,25.8,12,0,281.63
10563,consumer,organic,86.5,23,0,1881.28
10564,smb,organic,31.7,11,0,319.86
10565,consumer,organic,59.2,19,0,1082.71
10566,smb,partner,70.7,20,1,1281.0
10567,consumer,paid,76.1,26,0,1893.65
10568,prosumer,organic,73.5,15,0,949.2
10569,consumer,organic,36.8,10,0,403.38
10570,consumer,partner,75.4,19,0,1208.77
10571,consumer,partner,47.0,12,0,495.11
10572,smb,partner,15.6,9,0,63.61
10573,smb,organic,27.1,12,0,362.02
10574,consumer,organic,60.9,12,0,706.37
10575,consumer,partner,22.8,11,0,351.22
10576,consumer,paid,28.9,6,0,174.49
10577,consumer,partner,57.0,12,0,665.09
10578,prosumer,organic,66.0,22,0,1453.83
10579,consumer,partner,39.9,12,0,487.24
10580,consumer,partner,84.8,19,0,1610.44
10581,consumer,organic,73.7,13,1,989.57
10582,consumer,organic,45.5,13,0,512.66
10583,consumer,paid,37.9,12,0,544.43
10584,prosumer,paid,58.1,19,0,986.91
10585,prosumer,paid,34.0,9,0,325.11
10586,prosumer,organic,27.6,10,0,277.5
10587,consumer,paid,59.8,20,0,1186.54
10588,consumer,organic,54.8,20,0,1028.61
10589,consumer,partner,83.3,29,1,2228.51
10590,smb,organic,56.4,24,0,1245.68
10591,consumer,paid,39.8,17,0,705.64
10592,prosumer,organic,48.9,11,0,615.76
10593,prosumer,partner,58.6,14,0,795.43
10594,smb,organic,50.7,24,0,1089.33
10595,smb,paid,81.7,29,0,2149.12
10596,prosumer,partner,27.2,10,0,341.41
10597,consumer,organic,33.0,9,0,393.62
10598,consumer,partner,68.1,20,0,1185.0
10599,consumer,organic,66.5,14,0,863.52
10600,smb,partner,37.4,13,0,543.51
10601,consumer,partner,65.7,15,0,1022.97
10602,prosumer,paid,79.8,23,0,1621.92
10603,consumer,paid,67.5,14,0,762.89
10604,consumer,partner,39.0,13,0,515.97
10605,consumer,organic,11.1,8,0,62.35
10606,consumer,paid,60.2,22,0,1254.14
10607,consumer,organic,46.4,10,0,492.52
10608,consumer,paid,68.6,24,0,1436.18
10609,prosumer,partner,51.1,12,0,469.21
10610,consumer,partner,39.0,9,0,298.41
10611,prosumer,organic,32.7,8,0,245.08
10612,consumer,partner,15.1,5,0,172.59
10613,consumer,paid,76.9,23,1,1677.97
10614,prosumer,paid,67.4,23,1,1394.92
10615,consumer,paid,41.8,12,0,428.72
10616,consumer,partner,23.1,4,0,59.57
10617,consumer,organic,84.8,24,0,1785.21
10618,prosumer,partner,47.5,21,0,920.36
10619,prosumer,paid,57.5,15,0,946.32
10620,prosumer,partner,48.4,19,0,907.71
10621,consumer,partner,47.4,18,0,712.25
10622,smb,partner,54.9,20,0,1120.94
10623,consumer,paid,24.5,4,0,125.47
10624,consumer,partner,67.0,18,1,1118.93
10625,smb,paid,77.4,22,0,1626.87
10626,smb,paid,61.5,23,0,1429.14
10627,consumer,paid,50.2,18,0,777.29
10628,prosumer,paid,12.4,6,0,123.56
10629,prosumer,partner,29.7,9,0,328.14
10630,consumer,organic,22.7,6,0,186.92
10631,consumer,paid,71.3,22,0,1424.96
10632,consumer,organic,28.2,10,0,305.08
10633,prosumer,organic,63.2,15,0,881.91
10634,smb,organic,44.3,21,0,795.11
10635,smb,paid,55.1,13,0,741.01
10636,prosumer,paid,29.2,11,0,286.67
10637,prosumer,organic,20.8,7,0,121.16
10638,smb,partner,83.3,19,0,1543.0
10639,consumer,paid,29.8,9,0,232.65
10640,smb,partner,93.0,22,1,1720.11
10641,consumer,organic,55.6,12,0,706.4
10642,consumer,partner,30.0,10,0,195.92
10643,consumer,organic,46.6,9,0,414.3
10644,consumer,organic,42.0,10,0,471.31
10645,consumer,partner,80.2,23,0,1575.47
10646,consumer,organic,68.2,21,0,1258.1
10647,consumer,organic,66.8,15,0,912.07
10648,prosumer,partner,46.5,13,0,563.09
10649,consumer,partner,48.4,13,0,590.58
10650,consumer,paid,38.0,5,0,144.17
10651,consumer,partner,19.4,9,0,149.12
10652,consumer,paid,26.7,7,0,93.18
10653,smb,paid,33.1,13,0,395.91
10654,prosumer,partner,62.6,14,0,847.4
10655,consumer,partner,55.7,20,0,1106.15
10656,smb,partner,78.4,19,1,1515.46
10657,smb,organic,9.9,5,0,21.35
10658,consumer,paid,68.2,21,1,1348.58
10659,consumer,paid,49.3,13,1,690.23
10660,prosumer,organic,67.6,14,0,841.21
10661,consumer,organic,2.4,1,0,13.13
10662,consumer,partner,46.7,13,0,599.97
10663,prosumer,organic,40.6,11,0,427.99
10664,consumer,organic,29.9,4,0,160.58
10665,prosumer,organic,36.6,8,1,354.69
10666,consumer,paid,32.6,8,0,272.59
10667,prosumer,organic,71.3,12,0,752.64
10668,prosumer,paid,39.1,12,0,373.08
10669,smb,partner,83.7,19,1,1442.9
10670,consumer,partner,40.9,18,0,781.83
10671,prosumer,organic,25.2,8,0,220.73
10672,consumer,partner,30.7,10,0,397.41
10673,consumer,organic,15.1,5,0,191.2
10674,consumer,partner,15.1,4,0,131.6
10675,consumer,organic,52.7,10,0,496.86
10676,consumer,partner,31.6,17,0,438.88
10677,prosumer,partner,15.0,4,0,49.47
10678,consumer,organic,45.6,16,0,706.95
10679,consumer,partner,42.9,7,0,282.97
10680,consumer,partner,67.3,19,0,1185.84
10681,consumer,organic,58.2,13,0,777.01
10682,consumer,partner,89.2,21,0,1705.43
10683,consumer,partner,46.3,14,0,535.87
10684,prosumer,partner,35.1,11,0,329.47
10685,smb,paid,59.9,21,0,1135.36
10686,consumer,partner,55.6,14,0,743.11
10687,smb,paid,14.3,6,0,0.0
10688,consumer,paid,64.5,22,0,1429.6
10689,consumer,organic,26.9,10,0,242.08
10690,smb,partner,73.6,20,0,1275.65
10691,consumer,paid,30.7,11,0,263.49
10692,consumer,partner,11.6,5,0,38.25
10693,consumer,paid,37.6,12,0,518.25
10694,consumer,organic,31.5,9,0,231.75
10695,prosumer,partner,68.4,23,1,1509.48
10696,consumer,organic,62.5,13,0,716.08
10697,consumer,paid,20.2,8,0,285.13
10698,consumer,organic,36.0,11,0,502.66
10699,consumer,organic,41.4,9,0,370.62
10700,consumer,partner,48.9,11,0,581.69
10701,consumer,organic,69.9,23,0,1400.82
10702,smb,partner,4.0,8,0,94.89
10703,consumer,partner,71.7,25,1,1734.36
10704,smb,paid,36.0,11,0,382.98
10705,prosumer,organic,68.6,24,1,1455.78
10706,prosumer,partner,14.9,7,0,53.26
10707,prosumer,organic,36.7,6,0,258.22
10708,prosumer,partner,36.5,9,0,311.0
10709,prosumer,organic,59.8,12,0,511.03
10710,consumer,organic,83.7,22,1,1784.51
10711,consumer,partner,15.4,2,0,97.34
10712,consumer,organic,84.3,31,0,2439.61
10713,consumer,organic,18.1,5,0,74.98
10714,consumer,paid,76.8,22,0,1591.55
10715,consumer,organic,25.7,11,0,272.56
10716,consumer,paid,72.5,21,0,1471.73
10717,smb,organic,46.3,12,0,602.94
10718,consumer,organic,77.2,21,0,1443.15
10719,prosumer,partner,73.8,19,0,1287.8
10720,consumer,paid,54.7,19,0,967.03
10721,consumer,partner,21.3,8,0,263.41
10722,consumer,partner,73.2,21,0,1364.42
10723,consumer,organic,16.7,4,0,61.52
10724,consumer,partner,42.3,12,0,448.07
10725,consumer,paid,69.8,13,0,811.69
10726,consumer,organic,26.0,8,0,231.69
10727,consumer,partner,61.2,13,0,662.36
10728,prosumer,paid,50.8,15,0,755.94
10729,smb,organic,48.7,13,0,554.45
10730,prosumer,paid,68.0,20,1,1277.81
10731,consumer,partner,57.6,17,0,864.97
10732,consumer,organic,57.4,12,0,649.2
10733,consumer,paid,33.9,7,0,325.02
10734,prosumer,paid,58.2,18,0,985.4
10735,consumer,organic,48.3,15,0,654.95
10736,prosumer,paid,52.3,16,0,828.85
10737,prosumer,organic,26.9,8,0,205.85
10738,consumer,organic,42.1,14,0,526.58
10739,prosumer,partner,24.2,5,0,226.62
10740,consumer,partner,67.7,19,0,1153.69
10741,consumer,paid,39.3,4,0,98.73
10742,consumer,partner,47.8,16,0,741.74
10743,consumer,organic,15.4,2,0,74.79
10744,consumer,organic,37.8,9,0,365.35
10745,prosumer,organic,48.4,17,0,802.41
10746,prosumer,organic,50.9,23,0,1105.56
10747,consumer,paid,20.1,4,0,59.86
10748,consumer,organic,55.4,11,0,592.01
10749,consumer,paid,53.9,11,0,525.83
10750,consumer,organic,38.2,25,0,988.4
10751,consumer,paid,45.2,10,0,452.58
10752,smb,paid,21.0,7,0,89.18
10753,smb,partner,28.2,6,0,107.86
10754,consumer,organic,58.7,13,0,765.72
10755,consumer,organic,26.7,9,0,314.63
10756,consumer,organic,62.5,14,0,870.44
10757,smb,partner,61.0,19,0,1136.54
10758,consumer,organic,30.3,12,0,331.1
10759,consumer,partner,44.7,12,0,458.18
10760,consumer,organic,60.9,7,1,488.99
10761,prosumer,partner,49.3,15,0,680.06
10762,consumer,paid,38.0,14,0,585.28
10763,consumer,partner,9.7,5,0,95.43
10764,smb,organic,55.4,9,0,557.45
10765,prosumer,partner,3.5,5,0,19.79
10766,consumer,paid,81.1,28,0,2140.69
10767,prosumer,paid,22.8,6,0,201.21
10768,smb,organic,23.0,10,0,184.22
10769,prosumer,paid,80.5,13,0,1038.34
10770,consumer,organic,13.8,3,0,120.48
10771,prosumer,organic,55.5,15,0,734.82
10772,prosumer,organic,79.1,19,1,1479.92
10773,consumer,paid,49.4,10,0,462.07
10774,prosumer,paid,54.6,19,0,1034.55
10775,prosumer,organic,29.7,9,0,212.39
10776,consumer,partner,30.2,9,0,224.13
10777,consumer,paid,71.6,21,0,1285.43
10778,consumer,paid,39.6,14,0,597.93
10779,consumer,partner,70.2,22,0,1380.89
10780,smb,organic,34.5,13,0,447.26
10781,consumer,partner,49.0,17,0,686.21
10782,consumer,partner,59.0,15,0,774.76
10783,consumer,organic,65.8,14,0,770.19
10784,consumer,paid,59.6,12,0,674.52
10785,prosumer,partner,31.8,10,0,331.4
10786,prosumer,partner,17.2,6,0,185.92
10787,consumer,partner,24.9,3,0,95.18
10788,consumer,paid,41.9,16,0,665.97
10789,smb,paid,44.4,9,0,412.13
10790,consumer,paid,48.4,16,0,809.23
10791,consumer,paid,8.8,3,0,75.34
10792,consumer,paid,52.5,18,0,1012.34
10793,smb,paid,20.5,10,0,240.4
10794,consumer,partner,45.2,18,0,805.76
10795,consumer,partner,8.0,5,0,124.97
10796,consumer,partner,40.9,13,0,516.07
10797,smb,partner,67.6,26,0,1591.33
10798,smb,partner,51.3,12,0,572.29
10799,consumer,organic,62.1,11,0,634.33
10800,consumer,partner,57.4,11,0,646.13
10801,consumer,paid,63.8,20,0,1135.14
10802,prosumer,partner,49.5,10,0,489.8
10803,consumer,paid,32.8,7,0,226.8
10804,consumer,paid,33.3,7,0,228.18
10805,prosumer,partner,18.3,5,0,132.82
10806,consumer,paid,73.0,27,0,1782.84
10807,consumer,organic,73.6,21,0,1418.94
10808,prosumer,partner,17.6,5,0,136.0
10809,consumer,paid,31.0,12,0,463.4
10810,consumer,organic,7.7,5,0,35.25
10811,smb,partner,42.1,10,1,455.57
10812,consumer,organic,67.5,17,1,1110.87
10813,consumer,partner,77.3,17,0,1215.84
10814,smb,partner,17.6,7,0,107.2
10815,prosumer,organic,35.6,9,0,379.78
10816,consumer,partner,85.4,22,0,1680.29
10817,consumer,paid,59.6,15,0,823.65
10818,consumer,organic,85.1,26,1,2092.4
10819,consumer,organic,50.4,15,0,755.84
10820,consumer,paid,70.5,20,0,1319.48
10821,consumer,organic,66.0,22,0,1313.37
10822,prosumer,partner,67.8,13,0,814.15
10823,consumer,organic,62.1,26,1,1611.31
10824,prosumer,organic,66.6,16,0,843.54
10825,consumer,organic,83.4,22,0,1741.55
10826,prosumer,partner,49.8,7,0,325.94
10827,smb,organic,78.8,26,0,1875.12
10828,prosumer,organic,50.9,8,0,398.12
10829,consumer,paid,46.4,10,0,485.41
10830,prosumer,paid,58.6,15,0,804.73
10831,prosumer,paid,27.3,7,0,136.01
10832,smb,paid,47.1,20,0,894.77
10833,smb,partner,67.1,12,1,827.77
10834,consumer,partner,51.6,21,0,1018.02
10835,consumer,partner,53.6,17,0,833.51
10836,prosumer,organic,59.0,22,0,1171.18
10837,consumer,partner,59.0,17,1,1013.16
10838,consumer,paid,5.7,1,0,108.8
10839,consumer,paid,48.1,15,0,652.6
10840,prosumer,paid,59.4,16,0,948.14
10841,consumer,organic,42.8,11,0,442.39
10842,consumer,partner,75.4,16,0,1057.02
10843,consumer,partner,56.8,21,0,1059.08
10844,smb,organic,65.6,21,0,1364.29
10845,prosumer,paid,43.6,21,0,816.49
10846,consumer,paid,54.2,19,0,923.54
10847,consumer,partner,58.4,12,0,652.61
10848,prosumer,partner,43.4,11,0,424.19
10849,consumer,partner,63.5,16,0,977.45
10850,consumer,organic,31.2,13,0,351.3
10851,consumer,partner,30.9,9,0,241.39
10852,prosumer,organic,41.9,11,0,443.93
10853,consumer,organic,67.6,20,0,1208.98
10854,consumer,partner,38.7,11,0,454.18
10855,smb,paid,52.1,13,0,592.84
10856,prosumer,partner,48.4,18,0,758.83
10857,consumer,paid,33.1,6,0,164.14
10858,consumer,organic,15.8,8,0,269.37
10859,consumer,paid,54.8,12,0,685.0
10860,smb,organic,87.4,18,0,1409.47
10861,consumer,organic,43.1,14,0,652.88
10862,prosumer,paid,69.9,20,0,1304.13
10863,prosumer,paid,43.5,10,0,430.65
10864,consumer,organic,74.4,21,0,1372.8
10865,prosumer,paid,70.5,20,0,1234.81
10866,consumer,organic,26.4,10,0,243.9
10867,smb,organic,72.7,19,0,1275.86
10868,prosumer,paid,21.1,9,0,190.72
10869,consumer,paid,62.5,20,0,1039.28
10870,prosumer,partner,26.9,8,0,96.0
10871,consumer,organic,12.4,7,0,159.43
10872,consumer,paid,43.0,12,1,631.56
10873,smb,paid,42.7,16,0,683.07
10874,consumer,paid,82.7,18,0,1324.76
10875,consumer,partner,45.4,7,0,311.88
10876,consumer,partner,24.6,7,0,140.99
10877,consumer,organic,88.3,25,0,2021.93
10878,smb,organic,73.6,23,0,1533.21
10879,smb,paid,46.5,23,0,915.72
10880,prosumer,organic,37.9,16,0,618.53
10881,smb,partner,39.5,11,0,298.52
10882,consumer,partner,48.6,15,0,691.89
10883,prosumer,paid,26.2,11,0,261.55
10884,consumer,partner,74.4,21,1,1535.02
10885,consumer,partner,75.4,20,1,1356.28
10886,smb,organic,36.6,13,0,462.95
10887,smb,partner,18.8,4,0,111.04
10888,prosumer,partner,9.3,4,0,136.12
10889,consumer,organic,35.3,12,0,427.75
10890,consumer,organic,18.5,7,0,250.53
10891,smb,organic,50.8,16,0,853.95
10892,prosumer,partner,17.3,7,0,132.27
10893,consumer,organic,80.5,21,0,1639.34
10894,prosumer,partner,16.5,2,0,29.44
10895,consumer,partner,31.5,18,0,587.79
10896,consumer,organic,59.0,15,1,824.82
10897,consumer,partner,51.0,17,0,801.57
10898,smb,organic,47.3,18,0,769.68
10899,consumer,paid,73.7,28,0,1858.96
10900,consumer,paid,43.5,10,0,398.25
10901,consumer,paid,50.4,19,0,929.3
10902,prosumer,organic,36.5,14,0,438.43
10903,consumer,paid,42.3,11,0,496.98
10904,prosumer,partner,27.1,8,0,284.8
10905,consumer,partner,19.4,4,0,109.58
10906,consumer,partner,87.0,31,0,2390.54
10907,consumer,paid,79.4,28,1,2027.61
10908,consumer,paid,34.8,7,0,166.42
10909,consumer,partner,66.1,21,0,1311.06
10910,consumer,paid,11.7,9,0,156.27
10911,smb,partner,33.1,11,0,372.26
10912,consumer,organic,29.1,11,0,302.87
10913,prosumer,partner,48.3,18,0,757.93
10914,consumer,organic,37.9,12,0,413.6
10915,smb,paid,60.9,20,0,1167.78
10916,prosumer,partner,48.5,18,0,844.65
10917,consumer,partner,23.4,12,0,472.12
10918,prosumer,partner,53.2,13,0,634.01
10919,prosumer,paid,21.3,7,0,190.39
10920,consumer,partner,84.9,27,0,2071.77
10921,prosumer,organic,69.8,19,0,1260.2
10922,consumer,partner,38.3,9,0,222.37
10923,consumer,organic,72.8,24,0,1656.59
10924,prosumer,organic,53.6,11,0,550.13
10925,consumer,organic,20.6,5,0,153.63
10926,prosumer,partner,25.2,4,0,24.56
10927,prosumer,organic,72.0,18,1,1222.48
10928,prosumer,paid,86.3,21,0,1690.41
10929,consumer,paid,54.4,15,0,773.96
10930,prosumer,partner,49.9,9,0,527.71
10931,prosumer,organic,33.7,4,0,170.66
10932,consumer,partner,33.9,8,0,156.64
10933,consumer,partner,48.5,16,0,770.57
10934,consumer,paid,36.9,15,0,487.32
10935,prosumer,partner,34.7,9,0,396.22
10936,prosumer,paid,57.3,18,0,1063.04
10937,consumer,organic,42.1,14,0,610.68
10938,consumer,organic,18.6,8,0,185.52
10939,consumer,paid,35.7,13,0,412.25
10940,consumer,paid,44.5,12,1,565.22
10941,consumer,partner,75.5,24,1,1687.53
10942,prosumer,paid,55.2,14,0,783.54
10943,consumer,paid,19.9,7,0,252.84
10944,prosumer,partner,88.6,18,0,1454.15
10945,prosumer,organic,28.3,8,0,159.53
10946,consumer,paid,61.6,4,0,287.74
10947,consumer,organic,38.5,9,0,358.84
10948,consumer,paid,47.4,15,0,718.53
10949,prosumer,organic,46.2,8,0,266.98
10950,consumer,partner,29.4,13,0,522.71
10951,consumer,organic,58.6,12,0,671.74
10952,consumer,partner,73.4,17,0,1204.52
10953,smb,organic,51.2,18,0,843.62
10954,prosumer,partner,50.7,10,0,410.82
10955,smb,partner,42.0,14,0,458.17
10956,consumer,organic,67.8,27,0,1733.93
10957,prosumer,partner,65.3,31,0,1869.41
10958,prosumer,organic,39.6,13,0,443.7
10959,consumer,organic,91.4,20,0,1669.08
10960,consumer,paid,80.2,25,0,1824.75
10961,prosumer,organic,75.0,27,1,1876.08
10962,consumer,organic,23.9,14,0,289.17
10963,consumer,partner,49.7,12,0,521.12
10964,consumer,paid,22.8,10,0,309.76
10965,consumer,paid,36.0,11,0,422.9
10966,prosumer,organic,87.8,27,0,2164.8
10967,consumer,partner,70.0,17,0,1051.17
10968,consumer,paid,27.7,8,0,144.11
10969,consumer,paid,4.7,4,0,150.11
10970,smb,paid,51.3,17,0,678.27
10971,consumer,partner,41.9,18,0,644.1
10972,consumer,organic,31.5,11,0,332.92
10973,prosumer,organic,60.4,21,0,1173.9
10974,prosumer,partner,40.4,3,0,136.69
10975,consumer,partner,26.7,11,0,321.21
10976,consumer,organic,57.8,22,0,1181.48
10977,consumer,organic,59.9,21,1,1160.02
10978,consumer,partner,47.3,14,0,523.08
10979,consumer,organic,16.0,5,0,117.15
10980,prosumer,organic,48.4,9,0,366.22
10981,consumer,organic,22.4,8,0,156.97
10982,consumer,partner,40.3,12,0,509.17
10983,smb,paid,58.6,18,0,971.32
10984,consumer,partner,35.4,12,0,353.05
10985,prosumer,partner,53.0,16,0,766.77
10986,consumer,paid,50.9,15,0,805.15
10987,smb,partner,55.7,17,0,796.23
10988,consumer,organic,13.8,5,0,172.14
10989,prosumer,organic,38.3,8,0,383.43
10990,prosumer,organic,64.8,14,1,954.69
10991,consumer,organic,39.7,12,0,574.73
10992,smb,partner,35.8,16,0,570.87
10993,consumer,paid,82.9,20,0,1482.59
10994,smb,paid,19.6,7,0,33.19
10995,consumer,organic,56.3,15,0,881.63
10996,smb,paid,30.2,11,0,345.41
10997,consumer,paid,87.9,33,1,2592.18
10998,smb,organic,47.0,18,0,841.47
10999,consumer,partner,49.6,12,0,627.85
11000,consumer,paid,57.0,17,0,993.93
11001,consumer,partner,16.6,8,0,52.32
11002,smb,partner,58.1,14,0,833.16
11003,consumer,paid,90.2,14,1,1163.16
11004,smb,organic,37.4,9,0,296.47
11005,prosumer,paid,24.8,11,0,230.36
11006,prosumer,partner,59.9,24,0,1284.78
11007,smb,paid,72.5,19,0,1176.49
11008,consumer,paid,46.7,15,0,590.57
11009,consumer,paid,33.3,13,0,426.97
11010,consumer,partner,23.6,5,0,153.71
11011,consumer,partner,50.1,15,0,730.99
11012,consumer,organic,12.3,4,0,143.88
11013,consumer,paid,49.9,16,0,684.48
11014,consumer,paid,21.0,11,0,217.34
11015,prosumer,organic,16.6,4,0,0.0
11016,prosumer,paid,32.7,6,0,250.97
11017,consumer,organic,24.3,6,0,197.49
11018,prosumer,paid,44.9,14,0,607.38
11019,smb,paid,63.4,21,0,1187.07
11020,consumer,paid,22.4,9,0,148.97
11021,prosumer,partner,7.6,1,0,0.0
11022,consumer,organic,44.6,11,0,356.41
11023,prosumer,partner,48.9,8,0,290.09
11024,prosumer,partner,80.2,25,1,1831.29
11025,consumer,partner,59.7,18,0,1020.31
11026,smb,organic,34.4,10,0,399.34
11027,consumer,organic,15.2,3,0,170.36
11028,consumer,paid,38.4,11,1,468.19
11029,consumer,partner,33.4,10,0,316.54
11030,consumer,organic,35.4,5,0,227.48
11031,consumer,organic,48.5,9,0,413.99
11032,consumer,organic,25.8,8,0,161.82
11033,prosumer,paid,16.2,5,0,55.74
11034,consumer,partner,61.9,17,0,925.68
11035,consumer,partner,64.9,13,0,718.89
11036,consumer,organic,42.3,18,0,606.94
11037,smb,partner,49.9,18,0,920.37
11038,prosumer,paid,64.5,18,0,1168.76
11039,consumer,paid,50.0,15,0,686.65
11040,consumer,paid,19.0,8,0,150.5
11041,consumer,organic,40.2,17,0,605.75
11042,consumer,paid,33.5,8,0,201.68
11043,smb,organic,25.4,6,0,182.81
11044,prosumer,partner,17.7,7,0,135.15
11045,consumer,partner,58.0,11,0,607.47
11046,prosumer,paid,55.0,14,0,680.88
11047,prosumer,paid,29.8,12,0,432.06
11048,prosumer,organic,33.6,12,0,404.3
11049,consumer,paid,62.7,17,0,1019.72
11050,consumer,organic,51.5,19,0,939.88
11051,prosumer,partner,51.0,18,0,749.85
11052,consumer,paid,69.6,13,0,881.11
11053,prosumer,organic,28.1,9,0,237.94
11054,smb,partner,33.3,25,0,872.89
11055,consumer,paid,48.9,17,0,815.97
11056,consumer,paid,28.7,6,0,159.35
11057,consumer,partner,61.5,13,0,863.76
11058,smb,partner,33.9,9,0,203.74
11059,prosumer,paid,80.1,15,0,1186.01
11060,consumer,organic,69.1,18,0,1206.52
11061,consumer,paid,39.0,9,1,315.72
11062,prosumer,organic,52.6,18,0,923.36
11063,consumer,paid,56.3,15,1,875.68
11064,prosumer,paid,40.1,11,0,406.83
11065,prosumer,partner,61.3,24,0,1404.64
11066,consumer,partner,33.4,15,0,497.48
11067,consumer,partner,19.7,4,0,30.26
11068,smb,paid,26.8,5,0,48.49
11069,consumer,partner,49.0,9,0,410.82
11070,smb,partner,31.6,5,0,259.06
11071,consumer,partner,43.6,14,0,580.65
11072,prosumer,organic,23.9,6,0,138.55
11073,prosumer,paid,65.6,15,0,943.21
11074,consumer,paid,50.8,13,0,607.41
11075,consumer,paid,61.7,15,0,893.68
11076,prosumer,organic,40.9,11,0,458.53
11077,prosumer,partner,39.3,10,0,389.12
11078,consumer,partner,48.5,10,0,486.77
11079,prosumer,paid,45.9,14,0,722.33
11080,smb,partner,75.9,25,0,1798.61
11081,consumer,paid,49.1,17,0,753.01
11082,smb,partner,45.5,23,0,927.5
11083,consumer,partner,36.7,11,1,440.21
11084,consumer,organic,14.1,4,0,17.43
11085,consumer,partner,80.2,25,0,1841.17
11086,prosumer,partner,54.9,16,0,892.53
11087,consumer,paid,87.1,28,0,2229.91
11088,prosumer,organic,91.3,22,0,1876.5
11089,smb,organic,33.0,7,0,177.19
11090,consumer,paid,47.5,17,0,843.68
11091,consumer,paid,65.0,17,0,886.74
11092,consumer,partner,19.3,5,0,72.31
11093,consumer,partner,54.5,13,0,647.85
11094,consumer,partner,74.0,14,0,871.33
11095,consumer,partner,42.8,9,0,300.46
11096,prosumer,paid,69.5,12,0,683.07
11097,prosumer,paid,58.0,18,0,928.37
11098,prosumer,organic,70.7,11,0,674.95
11099,consumer,paid,30.6,9,0,339.52
11100,consumer,organic,57.9,12,0,685.89
11101,consumer,partner,38.7,10,0,361.19
11102,consumer,organic,36.8,7,0,280.83
11103,smb,partner,71.4,14,0,850.02
11104,consumer,partner,89.3,28,0,2322.01
11105,prosumer,organic,13.9,10,0,90.75
11106,consumer,partner,40.7,9,0,284.48
11107,prosumer,partner,58.5,17,0,932.81
11108,prosumer,paid,76.3,19,0,1275.65
11109,consumer,organic,65.7,15,0,907.85
11110,consumer,organic,26.1,9,0,390.77
11111,smb,paid,45.3,6,0,229.34
11112,consumer,paid,20.9,5,0,145.19
11113,prosumer,paid,9.2,1,0,89.08
11114,consumer,organic,40.1,11,1,460.15
11115,consumer,organic,83.5,23,0,1752.58
11116,consumer,organic,73.0,19,0,1311.96
11117,consumer,partner,40.6,8,0,397.54
11118,consumer,partner,50.5,15,0,634.85
11119,smb,organic,78.1,21,0,1585.09
11120,consumer,organic,49.4,19,0,756.46
11121,consumer,organic,68.1,12,0,809.1
11122,consumer,organic,46.1,21,0,928.16
11123,prosumer,organic,31.8,8,0,331.49
11124,prosumer,paid,37.0,12,0,434.08
11125,prosumer,organic,29.8,11,0,368.65
11126,consumer,partner,41.2,13,0,563.94
11127,prosumer,partner,12.9,5,0,34.26
11128,consumer,partner,31.6,13,0,367.55
11129,consumer,partner,59.2,14,0,861.82
11130,prosumer,organic,75.7,21,1,1474.2
11131,consumer,paid,21.7,7,0,139.01
11132,consumer,organic,83.4,29,0,2206.22
11133,smb,partner,79.0,19,0,1393.16
11134,prosumer,organic,42.5,13,0,479.76
11135,consumer,partner,38.7,17,0,682.37
11136,consumer,organic,49.3,16,0,810.94
11137,prosumer,partner,52.0,15,0,851.37
11138,consumer,paid,71.4,9,0,546.92
11139,consumer,partner,43.5,16,0,587.32
11140,consumer,organic,57.7,16,0,799.11
11141,consumer,paid,15.2,10,0,173.84
11142,consumer,organic,40.4,14,0,509.23
11143,consumer,organic,66.3,15,0,870.13
11144,prosumer,partner,50.9,16,0,745.82
11145,prosumer,organic,42.4,12,0,606.72
11146,consumer,paid,30.3,9,0,235.34
11147,consumer,partner,55.5,27,0,1396.46
11148,consumer,organic,48.1,12,0,568.52
11149,consumer,partner,77.0,18,0,1356.86
11150,consumer,partner,51.2,13,0,670.68
11151,prosumer,organic,28.9,6,0,273.89
11152,prosumer,organic,28.2,8,0,286.0
11153,consumer,partner,83.8,24,0,1811.81
11154,smb,paid,66.5,16,1,1083.92
11155,consumer,partner,56.1,12,0,599.4
11156,consumer,organic,11.4,3,0,61.07
11157,consumer,partner,77.0,21,1,1617.05
11158,consumer,organic,34.2,7,0,275.43
11159,smb,paid,39.8,10,0,464.39
11160,consumer,partner,41.1,16,0,636.56
11161,consumer,organic,56.2,16,0,931.0
11162,prosumer,organic,21.5,12,0,209.13
11163,prosumer,paid,41.9,13,0,500.39
11164,consumer,partner,48.7,13,0,552.75
11165,prosumer,paid,6.2,3,0,6.37
11166,consumer,partner,53.3,14,0,718.09
11167,smb,partner,33.8,10,0,311.01
11168,consumer,paid,4.2,3,0,174.2
11169,consumer,partner,39.2,12,0,381.57
11170,prosumer,partner,25.7,11,0,246.65
11171,prosumer,paid,71.2,20,0,1316.89
11172,consumer,organic,51.7,17,0,778.88
11173,consumer,partner,30.0,15,0,464.37
11174,consumer,organic,16.1,2,0,10.99
11175,consumer,organic,64.5,13,0,633.71
11176,smb,organic,79.0,19,0,1512.86
11177,prosumer,paid,61.5,17,1,935.05
11178,consumer,paid,68.3,10,0,738.95
11179,smb,paid,30.0,6,0,364.18
11180,consumer,organic,77.3,27,0,1860.86
11181,prosumer,partner,44.2,15,0,678.62
11182,consumer,paid,29.3,6,0,295.94
11183,smb,paid,12.4,5,0,3.54
11184,consumer,paid,31.2,8,0,378.39
11185,consumer,organic,25.0,7,0,152.35
11186,consumer,partner,41.1,21,0,930.47
11187,consumer,partner,11.0,4,0,73.48
11188,consumer,partner,70.0,18,0,1209.24
11189,consumer,paid,69.0,20,1,1279.18
11190,consumer,partner,26.5,5,0,179.93
11191,prosumer,partner,21.2,5,0,173.05
11192,consumer,paid,43.8,8,0,285.46
11193,consumer,paid,18.4,3,0,32.45
11194,consumer,paid,34.1,14,0,515.57
11195,smb,partner,12.1,5,0,70.35
11196,consumer,paid,54.9,24,0,1172.52
11197,consumer,organic,42.5,11,0,455.39
11198,prosumer,organic,61.8,20,0,1145.83
11199,consumer,paid,38.3,9,0,309.25
11200,prosumer,partner,57.1,9,1,529.08
11201,consumer,organic,71.7,16,0,1089.72
11202,prosumer,partner,54.4,18,0,829.44
11203,consumer,partner,54.1,12,0,637.43
11204,smb,partner,67.3,20,1,1322.3
11205,consumer,partner,57.3,15,0,680.49
11206,smb,organic,23.6,14,0,371.02
11207,consumer,paid,42.5,15,0,577.91
11208,prosumer,partner,69.4,23,1,1493.9
11209,smb,paid,20.3,13,0,236.07
11210,smb,organic,66.0,22,0,1285.28
11211,consumer,paid,23.7,3,0,98.88
11212,smb,paid,69.5,24,0,1461.02
11213,smb,partner,27.9,8,0,243.82
11214,consumer,paid,97.1,26,1,2225.45
11215,consumer,organic,15.4,4,0,33.47
11216,smb,organic,11.3,3,0,142.58
11217,consumer,organic,44.5,14,0,582.19
11218,prosumer,organic,38.2,9,0,415.82
11219,consumer,partner,29.2,4,0,113.07
11220,prosumer,organic,28.6,7,0,290.84
11221,consumer,partner,57.6,18,0,995.04
11222,consumer,paid,19.6,9,0,120.84
11223,smb,organic,77.9,24,1,1636.4
11224,consumer,organic,74.8,22,0,1559.7
11225,prosumer,partner,47.4,19,0,751.97
11226,consumer,paid,43.0,10,0,262.36
11227,consumer,partner,63.9,24,0,1416.46
11228,consumer,partner,42.2,12,0,358.36
11229,prosumer,partner,61.9,28,0,1584.46
11230,consumer,paid,17.2,5,0,142.31
11231,consumer,partner,81.5,23,0,1770.03
11232,prosumer,paid,51.2,13,0,624.05
11233,consumer,partner,61.8,28,1,1722.43
11234,consumer,organic,74.5,32,0,2083.22
11235,prosumer,organic,31.5,12,0,414.13
11236,consumer,partner,33.2,5,0,74.16
11237,smb,organic,82.4,21,1,1576.8
11238,consumer,organic,34.5,10,0,388.99
11239,consumer,partner,65.4,22,0,1415.76
11240,prosumer,organic,92.8,27,0,2196.52
11241,prosumer,organic,31.8,6,1,168.67
11242,prosumer,organic,34.3,11,0,418.31
11243,consumer,organic,87.3,27,0,2068.81
11244,consumer,partner,76.1,22,1,1563.18
11245,consumer,partner,59.7,13,0,740.87
11246,smb,paid,17.9,9,0,115.85
11247,consumer,organic,59.4,15,0,748.81
11248,consumer,paid,57.2,15,1,801.25
11249,consumer,paid,67.5,24,0,1467.05
11250,consumer,partner,46.2,14,0,658.5
11251,smb,paid,74.2,23,0,1619.0
11252,consumer,partner,51.1,11,0,498.4
11253,prosumer,paid,35.4,13,0,371.15
11254,prosumer,organic,54.4,12,0,611.23
11255,consumer,partner,60.2,19,0,1027.45
11256,consumer,organic,48.6,14,0,613.62
11257,consumer,paid,47.5,15,0,644.97
11258,prosumer,paid,32.8,12,0,363.41
11259,prosumer,partner,36.1,13,0,528.29
11260,prosumer,paid,11.8,5,0,60.61
11261,consumer,paid,64.8,16,0,1003.78
11262,consumer,partner,26.4,5,0,198.32
11263,consumer,partner,44.4,14,0,617.93
11264,prosumer,organic,46.1,15,0,638.11
11265,consumer,organic,50.8,11,0,598.94
11266,consumer,partner,15.5,8,0,108.81
11267,consumer,partner,86.8,30,1,2451.88
11268,prosumer,organic,40.3,12,0,414.13
11269,consumer,paid,43.4,9,0,254.32
11270,prosumer,partner,54.4,19,0,982.0
11271,consumer,partner,33.2,9,0,228.72
11272,smb,organic,42.9,5,0,241.89
11273,smb,paid,55.9,14,0,651.25
11274,consumer,organic,57.4,17,0,1019.03
11275,prosumer,organic,17.3,5,0,208.06
11276,prosumer,organic,66.4,22,1,1365.37
11277,consumer,partner,73.9,22,0,1503.23
11278,prosumer,paid,46.7,9,0,418.65
11279,prosumer,partner,48.4,16,0,733.04
11280,consumer,paid,76.5,21,0,1423.15
11281,consumer,paid,50.4,19,0,934.95
11282,smb,paid,61.0,19,0,1070.5
11283,prosumer,paid,58.7,20,0,1113.32
11284,consumer,partner,70.8,19,0,1257.02
11285,consumer,organic,61.4,21,1,1331.29
11286,consumer,organic,70.4,15,0,935.78
11287,consumer,organic,61.8,21,1,1285.79
11288,consumer,paid,54.9,19,0,1075.37
11289,consumer,partner,58.8,17,0,1022.29
11290,smb,paid,24.0,16,0,460.74
11291,smb,organic,71.6,16,0,1107.52
11292,consumer,partner,69.9,15,0,924.8
11293,prosumer,partner,13.7,2,0,75.72
11294,consumer,organic,22.9,10,0,85.45
11295,consumer,partner,47.0,13,0,533.62
11296,consumer,partner,19.0,5,0,98.25
11297,consumer,paid,59.0,19,0,975.3
11298,consumer,organic,47.3,20,0,876.96
11299,consumer,paid,75.3,28,1,1932.53
11300,consumer,organic,60.5,17,0,1035.04
11301,prosumer,paid,47.5,16,0,677.86
11302,consumer,partner,42.0,7,0,256.86
11303,consumer,organic,38.0,15,0,547.4
11304,consumer,organic,63.9,28,0,1669.91
11305,consumer,partner,19.3,6,0,95.38
11306,smb,partner,26.7,8,0,97.32
11307,smb,partner,62.1,15,0,830.53
11308,prosumer,organic,49.4,8,1,294.06
11309,smb,paid,47.1,23,0,1065.14
11310,prosumer,organic,73.2,13,0,966.98
11311,consumer,partner,47.7,16,0,628.96
11312,smb,partner,31.6,16,0,542.03
11313,smb,partner,18.5,6,0,91.14
11314,prosumer,partner,50.8,16,0,807.03
11315,prosumer,organic,52.0,13,0,622.42
11316,consumer,partner,27.6,7,0,228.83
11317,consumer,paid,62.1,18,0,1079.12
11318,consumer,partner,34.8,13,0,420.71
11319,consumer,paid,45.8,12,0,477.38
11320,prosumer,paid,37.3,9,0,332.11
11321,consumer,organic,73.8,20,0,1370.63
11322,consumer,organic,58.0,26,0,1447.55
11323,smb,organic,45.7,20,0,835.83
11324,consumer,paid,44.3,10,0,392.31
11325,prosumer,paid,55.6,18,0,860.01
11326,consumer,partner,90.0,21,0,1767.56
11327,prosumer,organic,64.5,26,1,1603.3
11328,consumer,paid,14.2,2,0,85.89
11329,consumer,paid,78.2,21,0,1478.95
11330,consumer,partner,34.3,10,0,380.38
11331,prosumer,partner,16.2,7,0,140.56
11332,consumer,paid,34.2,14,1,517.83
11333,consumer,paid,25.1,11,0,307.46
11334,consumer,partner,55.4,20,0,1068.34
11335,consumer,paid,56.5,15,0,753.4
11336,consumer,paid,22.4,8,0,204.2
11337,prosumer,organic,6.6,1,0,0.0
11338,smb,organic,32.7,14,0,470.99
11339,consumer,paid,62.3,18,0,1004.92
11340,smb,partner,40.7,11,0,367.38
11341,prosumer,paid,68.1,16,0,1034.11
11342,consumer,partner,63.4,21,0,1273.85
11343,consumer,organic,43.8,16,0,700.75
11344,consumer,paid,16.2,10,0,194.15
11345,consumer,organic,56.5,15,0,754.59
11346,consumer,paid,47.7,13,0,541.98
11347,prosumer,organic,49.7,14,0,723.13
11348,consumer,partner,69.1,16,1,1089.5
11349,consumer,partner,46.1,13,1,632.36
11350,prosumer,paid,32.0,17,0,572.66
11351,consumer,paid,64.1,17,0,854.28
11352,smb,organic,59.5,22,0,1128.72
11353,prosumer,paid,41.3,9,0,378.44
11354,consumer,paid,62.4,13,0,660.93
11355,consumer,organic,31.1,13,1,325.68
11356,consumer,organic,61.7,21,0,1149.76
11357,prosumer,partner,37.8,11,0,353.68
11358,consumer,organic,25.5,9,0,327.54
11359,consumer,partner,58.2,16,0,813.26
11360,prosumer,organic,2.8,1,0,124.5
11361,smb,organic,57.3,20,0,1124.89
11362,prosumer,organic,48.4,16,0,785.71
11363,consumer,organic,50.4,15,0,754.1
11364,consumer,paid,43.0,14,0,580.43
11365,consumer,organic,76.9,25,0,1746.96
11366,prosumer,partner,36.8,13,0,433.44
11367,consumer,partner,44.6,20,0,860.56
11368,consumer,partner,42.8,16,1,666.94
11369,smb,paid,54.7,19,0,882.63
11370,consumer,organic,23.1,10,0,235.24
11371,prosumer,partner,19.5,12,0,185.19
11372,smb,paid,40.7,12,0,546.71
11373,smb,paid,32.2,11,0,322.6
11374,smb,paid,73.7,19,0,1402.5
11375,prosumer,partner,38.7,8,0,341.35
11376,prosumer,organic,59.9,8,1,509.07
11377,smb,partner,60.3,17,0,997.12
11378,smb,paid,63.2,24,0,1349.63
11379,consumer,organic,22.3,12,0,226.88
11380,smb,paid,52.1,20,0,1091.08
11381,consumer,paid,68.8,29,0,1860.1
11382,consumer,paid,37.4,15,0,571.17
11383,smb,partner,60.5,14,0,772.43
11384,consumer,paid,35.9,16,0,638.57
11385,prosumer,organic,86.3,30,1,2479.63
11386,consumer,partner,76.0,14,0,972.4
11387,consumer,partner,26.4,4,0,270.61
11388,smb,organic,26.1,11,0,358.06
11389,consumer,organic,58.0,20,0,1011.96
11390,prosumer,organic,54.5,12,0,618.41
11391,consumer,paid,74.6,17,0,1190.64
11392,prosumer,paid,33.6,6,0,151.71
11393,consumer,partner,56.0,22,0,1264.13
11394,consumer,paid,49.1,16,0,802.35
11395,consumer,paid,52.9,14,0,591.59
11396,smb,paid,21.0,5,0,186.24
11397,consumer,partner,61.9,24,1,1429.65
11398,prosumer,organic,49.4,20,0,987.1
11399,consumer,partner,50.4,12,0,537.51
11400,consumer,paid,50.7,13,1,593.5
11401,consumer,paid,57.3,18,0,953.22
11402,smb,partner,45.1,19,0,831.02
11403,prosumer,organic,40.0,10,0,283.4
11404,prosumer,paid,57.0,11,0,636.1
11405,consumer,paid,48.6,14,0,562.09
11406,consumer,partner,49.9,18,0,816.34
11407,consumer,organic,14.5,8,0,205.21
11408,consumer,organic,12.0,3,0,125.87
11409,consumer,paid,52.9,18,0,876.93
11410,smb,partner,77.8,28,1,2063.86
11411,prosumer,organic,37.1,12,0,427.62
11412,consumer,organic,87.5,32,0,2475.9
11413,prosumer,partner,74.7,27,0,1877.05
11414,consumer,organic,37.6,13,0,345.66
11415,consumer,organic,24.5,4,0,66.77
11416,consumer,paid,33.6,9,0,314.36
11417,prosumer,organic,20.8,7,0,128.81
11418,prosumer,partner,77.0,15,0,936.32
11419,consumer,organic,27.8,7,0,167.1
11420,smb,partner,64.1,17,0,838.41
11421,prosumer,paid,27.8,3,0,144.68
11422,consumer,partner,18.3,4,0,84.32
11423,consumer,organic,36.6,9,0,310.48
11424,consumer,paid,65.8,19,0,1218.87
11425,prosumer,partner,14.0,3,0,76.45
11426,consumer,partner,44.8,16,0,627.81
11427,consumer,organic,40.1,3,0,262.19
11428,consumer,partner,34.3,4,0,251.0
11429,consumer,partner,36.1,13,0,474.99
11430,consumer,paid,72.6,29,1,1923.27
11431,consumer,organic,55.0,18,0,849.01
11432,consumer,organic,76.2,20,0,1244.33
11433,consumer,paid,56.4,19,0,898.94
11434,consumer,partner,77.7,22,0,1453.3
11435,smb,paid,25.0,4,0,27.09
11436,smb,organic,12.6,4,0,51.35
11437,prosumer,organic,61.9,15,0,848.92
11438,prosumer,partner,46.8,15,0,627.3
11439,consumer,paid,66.2,17,0,1002.94
11440,prosumer,paid,56.4,19,0,963.43
11441,smb,partner,72.5,20,1,1316.8
11442,consumer,organic,28.1,7,0,194.0
11443,prosumer,paid,32.6,4,0,54.39
11444,consumer,organic,60.0,14,0,742.9
11445,consumer,partner,68.8,29,0,1816.52
11446,prosumer,organic,42.5,12,0,522.77
11447,consumer,paid,20.2,12,0,170.26
11448,consumer,partner,61.8,29,0,1658.04
11449,consumer,organic,39.1,8,0,190.89
11450,smb,partner,81.7,30,0,2176.63
11451,smb,paid,49.9,18,0,796.79
11452,consumer,organic,71.9,25,0,1687.36
11453,consumer,partner,24.0,8,0,270.87
11454,prosumer,partner,66.9,24,0,1452.08
11455,consumer,partner,71.5,20,0,1242.99
11456,consumer,paid,50.9,15,0,780.69
11457,consumer,paid,53.0,13,0,627.89
11458,consumer,partner,76.8,24,0,1658.84
11459,smb,organic,75.5,17,0,1141.68
11460,consumer,paid,27.7,13,0,320.96
11461,consumer,paid,91.4,23,0,1870.97
11462,consumer,organic,62.2,22,0,1277.41
11463,prosumer,partner,78.0,28,0,1903.78
11464,consumer,partner,57.9,12,0,640.93
11465,consumer,organic,51.5,14,0,540.29
11466,consumer,organic,23.7,10,0,262.13
11467,prosumer,partner,75.0,28,0,1852.38
11468,consumer,organic,90.3,25,1,2182.99
11469,consumer,paid,37.5,8,0,378.16
11470,consumer,paid,81.7,18,0,1400.73
11471,consumer,paid,18.1,3,0,119.95
11472,consumer,organic,35.4,8,0,191.48
11473,prosumer,paid,5.0,1,0,5.59
11474,consumer,paid,42.9,13,0,578.71
11475,consumer,paid,31.6,8,0,276.63
11476,prosumer,partner,44.9,23,0,937.73
11477,prosumer,organic,57.8,16,0,758.04
11478,smb,organic,80.4,18,0,1405.65
11479,consumer,paid,33.4,14,0,390.54
11480,consumer,organic,45.4,10,0,419.09
11481,consumer,paid,40.4,12,0,444.76
11482,prosumer,paid,19.0,12,0,199.64
11483,consumer,paid,34.1,10,0,361.31
11484,prosumer,organic,83.1,24,0,1899.49
11485,prosumer,paid,4.3,1,0,0.0
11486,consumer,organic,57.9,18,0,970.09
11487,prosumer,organic,37.6,16,0,566.79
11488,consumer,organic,49.7,11,0,456.71
11489,consumer,partner,46.6,13,0,617.35
11490,consumer,partner,46.7,16,0,676.57
11491,consumer,partner,59.9,25,0,1313.59
11492,consumer,paid,78.1,20,0,1392.9
11493,consumer,organic,59.2,12,0,597.8
11494,prosumer,organic,52.7,12,0,608.22
11495,consumer,partner,67.1,22,0,1454.83
11496,consumer,paid,40.9,9,0,411.09
11497,consumer,organic,37.2,8,0,237.8
11498,prosumer,organic,50.6,16,1,784.14
11499,prosumer,paid,15.6,6,0,98.13
11500,smb,organic,42.2,10,0,421.04
11501,prosumer,paid,68.1,20,0,1308.37
11502,consumer,paid,48.6,14,0,627.81
11503,consumer,paid,77.2,15,1,1174.74
11504,consumer,organic,21.1,10,0,138.98
11505,consumer,partner,61.4,10,1,589.41
11506,consumer,organic,46.0,19,0,832.28
11507,smb,paid,76.1,20,0,1448.9
11508,consumer,organic,12.6,6,0,200.23
11509,consumer,organic,76.3,24,0,1662.27
11510,prosumer,organic,10.6,5,0,112.29
11511,prosumer,organic,72.5,24,1,1569.96
11512,prosumer,paid,11.7,7,0,23.37
11513,consumer,paid,53.7,12,0,622.51
11514,smb,paid,18.2,3,0,0.0
11515,consumer,paid,26.5,6,0,228.87
11516,prosumer,paid,27.3,9,0,312.89
11517,prosumer,organic,55.1,17,0,824.22
11518,prosumer,partner,45.4,15,1,685.97
11519,consumer,paid,65.8,15,1,939.01
11520,prosumer,paid,85.5,17,0,1329.64
11521,consumer,partner,68.0,22,0,1241.5
11522,prosumer,paid,38.9,11,0,355.47
11523,consumer,partner,60.8,21,0,1194.68
11524,consumer,organic,12.5,4,0,106.87
11525,consumer,organic,54.8,15,0,856.94
11526,consumer,paid,39.1,16,0,676.37
11527,consumer,partner,30.7,11,0,348.21
11528,smb,paid,65.2,22,0,1369.61
11529,consumer,paid,67.1,18,0,1025.82
11530,smb,organic,84.8,30,0,2250.73
11531,prosumer,paid,73.3,17,0,1110.75
11532,consumer,organic,56.7,13,0,724.27
11533,prosumer,organic,17.5,10,0,288.49
11534,prosumer,partner,76.9,21,0,1474.88
11535,smb,organic,68.6,20,0,1241.51
11536,consumer,paid,30.0,13,0,332.86
11537,smb,organic,32.6,9,0,278.55
11538,consumer,partner,38.2,12,0,372.84
11539,prosumer,paid,41.9,14,0,623.88
11540,consumer,partner,11.9,8,0,127.74
11541,consumer,partner,79.6,26,1,1930.37
11542,consumer,paid,56.2,14,0,733.16
11543,consumer,organic,49.6,10,0,570.7
11544,consumer,organic,59.2,17,1,954.82
11545,prosumer,paid,65.2,21,0,1262.29
11546,prosumer,paid,25.5,15,0,382.15
11547,prosumer,partner,56.1,20,0,1030.36
11548,consumer,paid,49.2,9,0,464.63
11549,consumer,partner,35.0,7,0,125.91
11550,consumer,paid,14.7,6,0,226.89
11551,consumer,partner,21.3,9,0,292.43
11552,consumer,partner,82.2,23,1,1748.24
11553,consumer,organic,63.9,24,0,1303.14
11554,smb,organic,50.7,19,0,887.52
11555,smb,paid,17.7,8,0,162.13
11556,prosumer,partner,91.0,26,0,2078.22
11557,consumer,organic,31.2,14,0,460.48
11558,consumer,paid,75.3,29,1,2005.57
11559,smb,partner,32.5,10,0,341.33
11560,consumer,organic,37.9,10,0,314.5
11561,prosumer,organic,77.9,16,0,1057.97
11562,consumer,partner,67.1,25,0,1552.41
11563,consumer,partner,17.4,10,0,242.52
11564,prosumer,partner,31.1,4,0,220.61
11565,smb,paid,50.9,15,0,608.92
11566,prosumer,paid,68.4,16,0,950.13
11567,prosumer,partner,90.3,25,1,2120.49
11568,smb,organic,69.6,19,0,1284.05
11569,prosumer,partner,33.7,15,0,468.65
11570,consumer,partner,88.8,32,1,2658.41
11571,consumer,partner,90.5,31,0,2492.14
11572,prosumer,paid,66.2,15,0,917.41
11573,prosumer,partner,59.0,16,1,903.01
11574,consumer,paid,70.1,18,0,1048.42
11575,consumer,paid,17.6,7,1,100.79
11576,consumer,partner,25.8,9,0,261.41
11577,smb,organic,53.2,17,1,768.39
11578,smb,paid,53.8,18,0,881.83
11579,consumer,partner,26.9,8,0,174.61
11580,consumer,paid,22.3,4,0,132.63
11581,smb,partner,41.5,10,0,370.3
11582,prosumer,organic,30.7,8,0,131.35
11583,consumer,paid,61.6,18,0,1059.97
11584,prosumer,partner,34.5,10,0,185.84
11585,prosumer,partner,83.9,20,0,1429.61
11586,smb,organic,73.1,26,0,1689.83
11587,consumer,partner,31.5,13,0,485.06
11588,prosumer,paid,29.1,11,0,239.1
11589,prosumer,partner,58.9,15,0,884.57
11590,consumer,organic,34.0,14,0,503.71
11591,consumer,partner,32.3,14,0,410.02
11592,consumer,organic,79.9,18,0,1308.99
11593,prosumer,partner,61.4,16,0,865.98
11594,consumer,partner,66.1,22,0,1366.89
11595,consumer,partner,9.7,3,0,96.89
11596,consumer,paid,80.7,23,0,1792.34
11597,consumer,organic,19.2,6,0,275.94
11598,smb,paid,62.5,21,0,1138.29
11599,prosumer,partner,63.2,18,0,985.7
11600,prosumer,organic,59.2,15,0,853.65
11601,prosumer,paid,32.8,8,0,274.4
11602,consumer,organic,42.4,10,0,364.09
11603,consumer,partner,30.5,12,0,363.72
11604,consumer,paid,39.8,14,0,494.45
11605,consumer,paid,20.5,13,0,362.48
11606,smb,partner,70.0,12,0,815.92
11607,consumer,partner,21.3,7,0,148.78
11608,consumer,partner,73.6,21,0,1332.63
11609,consumer,paid,78.1,27,0,1918.55
11610,consumer,paid,52.4,12,0,543.6
11611,consumer,organic,26.4,4,0,175.1
11612,consumer,paid,47.2,20,0,808.69
11613,consumer,paid,49.7,16,0,796.23
11614,consumer,organic,34.6,8,0,249.98
11615,prosumer,partner,48.7,12,1,685.9
11616,smb,paid,23.8,10,0,237.77
11617,consumer,paid,44.5,11,0,394.09
11618,consumer,partner,16.6,9,0,170.58
11619,consumer,partner,15.7,3,0,0.13
11620,consumer,partner,38.6,5,0,242.71
11621,prosumer,paid,5.4,2,0,0.0
11622,consumer,partner,58.8,15,0,815.29
11623,consumer,organic,51.8,10,0,471.16
11624,consumer,paid,38.8,15,0,528.14
11625,consumer,paid,14.0,4,0,0.0
11626,prosumer,paid,64.8,22,0,1329.39
11627,prosumer,organic,22.4,5,0,184.52
11628,consumer,organic,83.0,21,0,1599.44
11629,smb,paid,89.4,27,1,2371.55
11630,consumer,partner,13.5,9,0,226.6
11631,smb,paid,49.3,10,0,574.22
11632,prosumer,partner,66.9,18,0,1117.7
11633,consumer,partner,76.1,16,0,1218.12
11634,prosumer,partner,35.8,11,0,397.04
11635,smb,organic,53.1,22,0,1148.57
11636,prosumer,paid,50.2,17,0,777.93
11637,consumer,partner,61.3,17,0,878.08
11638,consumer,organic,50.4,15,0,745.12
11639,prosumer,organic,31.8,7,0,164.11
11640,consumer,paid,53.8,11,0,585.15
11641,consumer,organic,51.9,15,0,696.39
11642,prosumer,partner,47.6,15,0,644.19
11643,prosumer,organic,81.5,24,1,1912.2
11644,consumer,partner,20.7,8,0,179.07
11645,prosumer,paid,51.7,18,0,938.39
11646,consumer,partner,56.9,18,0,896.4
11647,consumer,paid,21.5,12,0,251.76
11648,consumer,organic,47.2,16,1,737.11
11649,consumer,paid,46.4,11,0,366.07
11650,prosumer,organic,32.9,8,0,262.65
11651,consumer,organic,89.3,17,0,1298.43
11652,prosumer,paid,47.4,12,0,504.87
11653,consumer,organic,59.2,22,0,1219.21
11654,prosumer,partner,29.6,9,0,300.68
11655,prosumer,partner,37.8,13,0,455.44
11656,prosumer,partner,35.6,10,0,299.65
11657,consumer,paid,25.1,14,0,280.83
11658,consumer,partner,55.8,21,0,1005.04
11659,consumer,organic,66.1,20,0,1235.84
11660,consumer,organic,47.8,15,1,771.93
11661,consumer,paid,42.0,8,0,255.66
11662,prosumer,organic,25.3,5,0,103.91
11663,consumer,paid,24.3,4,0,164.79
11664,prosumer,partner,23.9,7,0,139.1
11665,prosumer,partner,48.3,10,0,429.51
11666,smb,organic,34.8,10,0,347.8
11667,consumer,paid,69.1,16,0,1051.99
11668,consumer,paid,57.7,18,0,1053.64
11669,smb,paid,63.2,20,1,1139.99
11670,consumer,organic,36.6,13,1,492.25
11671,prosumer,partner,34.4,7,0,276.25
11672,consumer,paid,49.3,8,0,387.94
11673,consumer,paid,82.3,16,0,1165.99
11674,smb,paid,19.7,3,0,33.63
11675,consumer,organic,42.4,8,0,286.2
11676,consumer,paid,43.5,10,0,447.3
11677,prosumer,paid,59.2,11,0,717.92
11678,consumer,paid,49.3,12,0,460.26
11679,consumer,partner,39.9,16,0,550.76
11680,prosumer,partner,40.2,10,0,390.99
11681,prosumer,organic,72.7,28,1,1881.79
11682,consumer,organic,69.7,32,1,2225.67
11683,prosumer,organic,30.9,10,0,231.88
11684,prosumer,paid,73.0,21,0,1279.76
11685,consumer,paid,80.4,23,0,1639.97
11686,prosumer,paid,18.5,4,0,98.2
11687,consumer,paid,65.0,17,0,980.71
11688,consumer,partner,52.0,8,0,406.39
11689,prosumer,organic,70.3,23,0,1554.29
11690,prosumer,partner,56.8,14,0,670.05
11691,prosumer,organic,34.9,15,1,611.8
11692,consumer,organic,55.4,14,0,718.38
11693,smb,partner,57.4,13,0,693.35
11694,consumer,partner,56.5,9,0,479.54
11695,prosumer,partner,48.1,9,0,476.77
11696,consumer,paid,44.5,15,0,652.9
11697,consumer,partner,30.1,9,0,200.0
11698,smb,organic,60.8,21,0,1137.68
11699,consumer,paid,51.2,15,1,817.02
11700,consumer,organic,27.6,6,1,138.33
11701,consumer,paid,25.1,5,0,301.5
11702,consumer,organic,59.5,16,0,888.01
11703,smb,paid,42.6,13,0,555.83
11704,consumer,partner,29.8,7,0,281.53
11705,consumer,paid,51.4,14,0,656.88
11706,consumer,paid,40.7,10,0,428.34
11707,prosumer,partner,61.7,15,0,934.32
11708,prosumer,paid,77.8,19,0,1402.83
11709,consumer,partner,40.7,6,0,259.29
11710,consumer,organic,27.5,7,0,216.34
11711,consumer,partner,50.7,13,0,578.51
11712,consumer,paid,65.5,20,0,1107.74
11713,consumer,organic,67.1,15,0,970.41
11714,smb,paid,53.1,17,0,901.49
11715,consumer,partner,39.3,13,0,474.6
11716,consumer,organic,54.0,14,0,651.95
11717,consumer,organic,57.7,16,0,844.65
11718,consumer,organic,31.7,13,0,497.98
11719,consumer,paid,51.1,18,0,828.44
11720,consumer,organic,20.9,5,0,128.96
11721,prosumer,partner,72.6,16,0,1071.85
11722,consumer,organic,51.1,7,0,389.98
11723,consumer,partner,34.0,10,0,381.63
11724,smb,paid,76.2,22,0,1485.5
11725,prosumer,partner,41.9,9,0,418.93
11726,prosumer,partner,90.5,32,0,2575.06
11727,consumer,partner,62.8,19,1,1149.73
11728,consumer,organic,71.9,21,1,1455.95
11729,consumer,partner,61.4,16,0,918.06
11730,prosumer,organic,28.7,6,0,275.29
11731,consumer,organic,72.5,19,0,1273.92
11732,prosumer,organic,9.4,3,0,20.1
11733,prosumer,organic,35.3,8,0,199.55
11734,prosumer,paid,40.6,11,0,399.17
11735,consumer,paid,40.2,12,0,481.74
11736,consumer,partner,36.3,13,0,393.48
11737,prosumer,paid,82.5,24,0,1827.29
11738,consumer,paid,14.4,5,0,102.91
11739,consumer,paid,32.1,6,0,173.95
11740,smb,organic,57.4,12,0,541.45
11741,consumer,paid,46.8,16,0,660.95
11742,prosumer,organic,72.5,23,1,1612.35
11743,smb,paid,40.3,14,0,545.59
11744,prosumer,partner,74.4,31,0,2042.75
11745,consumer,partner,67.2,16,0,964.07
11746,prosumer,organic,58.0,21,0,1195.8
11747,consumer,partner,20.2,6,0,160.44
11748,prosumer,paid,36.2,11,0,448.05
11749,prosumer,paid,78.2,18,1,1294.33
11750,prosumer,paid,44.8,16,0,643.38
11751,smb,organic,60.2,20,0,1129.31
11752,prosumer,partner,28.9,10,0,232.33
11753,consumer,organic,51.5,20,0,1002.89
11754,consumer,organic,35.6,16,0,604.14
11755,consumer,paid,72.5,19,1,1412.44
11756,prosumer,paid,25.0,9,0,180.72
11757,smb,organic,28.3,7,0,176.5
11758,prosumer,partner,19.1,5,0,44.46
11759,consumer,paid,36.4,15,0,544.48
11760,consumer,paid,80.3,27,0,2011.15
11761,consumer,organic,63.4,19,1,1191.1
11762,prosumer,organic,55.2,9,0,583.61
11763,consumer,organic,20.2,11,0,212.38
11764,prosumer,organic,31.6,7,0,209.33
11765,consumer,paid,64.0,17,0,1023.47
11766,smb,organic,36.4,5,0,150.89
11767,prosumer,organic,50.2,23,0,1148.41
11768,consumer,partner,11.3,4,0,32.37
11769,prosumer,organic,32.7,11,0,270.42
11770,smb,partner,26.5,9,0,218.66
11771,consumer,organic,40.9,6,0,231.52
11772,prosumer,partner,70.2,29,0,1879.33
11773,consumer,paid,37.7,14,0,424.24
11774,consumer,organic,33.5,10,0,394.49
11775,consumer,organic,62.0,26,0,1503.81
11776,consumer,organic,13.0,3,0,151.31
11777,consumer,paid,57.1,24,0,1325.06
11778,prosumer,organic,41.5,14,0,514.38
11779,prosumer,organic,33.7,10,0,354.92
11780,consumer,paid,48.2,10,0,455.09
11781,consumer,paid,90.3,19,0,1548.59
11782,prosumer,partner,23.7,10,0,256.07
11783,smb,partner,40.2,12,0,517.33
11784,consumer,paid,66.3,20,1,1254.33
11785,consumer,paid,56.0,19,0,1058.38
11786,consumer,partner,19.2,13,0,310.5
11787,consumer,partner,64.7,21,0,1324.06
11788,prosumer,paid,39.4,13,0,433.37
11789,consumer,paid,49.0,12,0,563.24
11790,consumer,organic,72.6,24,0,1566.69
11791,smb,paid,38.6,18,0,585.42
11792,consumer,partner,45.6,12,0,483.2
11793,consumer,partner,44.0,13,0,467.36
11794,consumer,organic,63.0,18,0,1015.92
11795,prosumer,partner,38.8,6,0,256.9
11796,consumer,organic,47.1,15,0,711.96
11797,consumer,paid,41.4,9,0,417.35
11798,consumer,organic,28.6,9,0,184.24
11799,consumer,paid,59.3,16,0,831.89
11800,consumer,partner,32.4,16,0,505.39
11801,prosumer,organic,49.6,9,0,413.54
11802,consumer,organic,62.8,25,0,1362.68
11803,smb,organic,55.6,19,0,932.29
11804,consumer,paid,59.8,19,0,1103.58
11805,consumer,organic,52.8,19,0,962.02
11806,smb,partner,17.1,6,0,140.11
11807,consumer,organic,34.7,10,0,424.43
11808,consumer,organic,71.0,15,0,1048.44
11809,consumer,organic,52.8,12,0,527.67
11810,consumer,partner,38.6,19,0,702.93
11811,consumer,partner,56.9,13,0,775.21
11812,consumer,paid,42.4,17,0,702.03
11813,consumer,partner,87.1,28,0,2185.85
11814,consumer,paid,61.4,11,0,736.74
11815,prosumer,partner,91.4,23,0,1933.28
11816,consumer,organic,45.0,14,0,592.69
11817,consumer,partner,21.3,7,0,213.51
11818,consumer,partner,66.2,11,0,767.17
11819,smb,organic,75.0,21,1,1414.37
11820,consumer,paid,34.8,10,0,380.38
11821,consumer,organic,71.1,20,0,1306.1
11822,consumer,paid,90.9,19,0,1509.42
11823,consumer,organic,45.9,11,0,578.43
11824,consumer,organic,45.1,13,0,510.83
11825,prosumer,paid,69.4,22,0,1422.6
11826,consumer,organic,26.6,7,0,222.73
11827,smb,organic,28.6,8,0,159.53
11828,smb,paid,35.9,13,0,481.33
11829,consumer,partner,55.0,11,1,653.17
11830,consumer,partner,44.9,7,0,347.51
11831,smb,partner,54.3,13,0,750.88
11832,prosumer,organic,43.0,11,0,481.33
11833,smb,organic,12.8,4,0,140.41
11834,consumer,organic,58.5,17,0,1029.26
11835,consumer,partner,72.6,20,0,1222.35
11836,consumer,partner,20.3,9,0,164.25
11837,prosumer,organic,63.0,18,0,1054.63
11838,smb,partner,42.9,10,0,392.77
11839,smb,partner,81.3,24,1,1720.88
11840,prosumer,organic,21.0,8,0,122.11
11841,consumer,organic,74.8,14,1,962.33
11842,consumer,partner,60.9,25,0,1461.83
11843,consumer,paid,44.7,15,0,664.44
11844,consumer,paid,85.4,26,0,1955.25
11845,smb,paid,33.9,7,0,210.94
11846,prosumer,paid,53.0,16,0,751.48
11847,consumer,partner,58.7,14,1,897.01
11848,consumer,organic,56.6,12,1,679.51
11849,prosumer,paid,18.0,14,0,267.55
11850,consumer,partner,18.0,3,0,99.06
11851,smb,organic,24.7,8,0,134.96
11852,smb,paid,14.5,9,0,29.4
11853,smb,paid,33.7,8,0,280.43
11854,consumer,partner,13.8,8,0,248.47
11855,consumer,organic,66.2,18,0,1123.87
11856,smb,partner,89.7,26,0,2095.2
11857,prosumer,organic,83.5,17,1,1238.09
11858,consumer,paid,21.1,6,0,0.0
11859,consumer,organic,62.0,12,0,777.85
11860,consumer,paid,90.2,29,0,2344.45
11861,prosumer,paid,76.7,22,1,1682.32
11862,consumer,partner,46.8,18,0,805.56
11863,consumer,organic,70.0,21,0,1343.66
11864,prosumer,partner,59.4,22,0,1193.49
11865,consumer,organic,58.7,16,0,811.56
11866,prosumer,paid,61.1,20,0,1045.63
11867,smb,organic,28.7,4,0,147.25
11868,consumer,paid,59.4,14,0,723.2
11869,prosumer,paid,39.5,18,0,664.47
11870,consumer,partner,71.4,25,0,1703.73
11871,consumer,organic,60.7,14,0,836.64
11872,consumer,paid,47.4,10,0,526.39
11873,consumer,paid,20.3,6,1,220.26
11874,prosumer,organic,43.8,16,0,731.4
11875,smb,paid,93.4,29,0,2462.57
11876,prosumer,partner,64.9,24,0,1397.29
11877,consumer,partner,12.3,5,0,55.45
11878,prosumer,paid,71.7,20,0,1248.77
11879,consumer,paid,50.6,16,0,800.84
11880,smb,organic,59.3,15,0,906.87
11881,consumer,partner,47.0,20,0,814.12
11882,consumer,partner,69.3,27,0,1798.27
11883,consumer,organic,42.9,20,0,862.31
11884,consumer,paid,49.9,13,0,557.36
11885,consumer,organic,30.4,9,0,190.14
11886,consumer,organic,46.7,13,0,607.46
11887,consumer,organic,10.3,4,0,89.44
11888,consumer,organic,59.4,15,0,822.89
11889,consumer,partner,77.1,30,0,2156.76
11890,consumer,partner,30.7,11,0,277.92
11891,prosumer,paid,15.2,9,0,243.79
11892,consumer,paid,23.9,4,0,175.47
11893,smb,organic,22.9,4,0,86.84
11894,consumer,paid,57.3,20,0,1080.7
11895,prosumer,paid,34.7,19,0,590.08
11896,consumer,paid,34.3,8,0,193.53
11897,prosumer,organic,46.0,14,0,538.5
11898,consumer,organic,45.8,11,0,553.95
11899,consumer,organic,41.7,6,0,278.8
11900,smb,partner,85.4,24,0,1882.59
11901,consumer,organic,30.3,11,0,293.93
11902,consumer,paid,29.6,8,0,225.04
11903,consumer,organic,39.9,13,1,572.49
11904,smb,paid,40.6,12,0,530.89
11905,consumer,partner,17.3,8,0,224.05
11906,consumer,paid,30.3,9,0,257.56
11907,prosumer,organic,39.5,7,0,334.05
11908,consumer,organic,16.9,5,0,120.08
11909,consumer,partner,22.5,7,0,298.95
11910,consumer,organic,52.8,19,0,994.06
11911,smb,organic,47.5,11,0,486.2
11912,consumer,paid,19.4,7,0,62.89
11913,prosumer,partner,50.7,18,0,932.01
11914,prosumer,paid,38.0,9,0,284.14
11915,consumer,partner,47.4,20,0,864.99
11916,consumer,organic,87.4,28,0,2298.67
11917,consumer,paid,32.0,7,0,224.89
11918,consumer,partner,82.0,23,1,1691.8
11919,smb,organic,68.4,18,1,1202.81
11920,prosumer,paid,88.4,17,0,1292.2
11921,consumer,partner,47.6,16,0,678.17
11922,consumer,partner,67.3,22,0,1435.84
11923,consumer,paid,64.3,16,1,960.4
11924,prosumer,paid,5.7,3,0,47.78
11925,consumer,partner,38.1,13,0,471.6
11926,consumer,organic,49.6,18,0,889.52
11927,consumer,organic,43.2,5,0,139.1
11928,consumer,paid,87.2,24,1,1851.52
11929,prosumer,paid,57.7,20,0,1089.17
11930,consumer,paid,63.9,27,0,1501.68
11931,prosumer,paid,51.1,16,0,759.53
11932,consumer,organic,48.1,13,0,604.93
11933,consumer,partner,92.6,30,1,2551.63
11934,consumer,paid,26.5,10,0,226.79
11935,consumer,organic,52.1,16,0,750.07
11936,consumer,paid,53.2,17,0,740.39
11937,smb,organic,52.4,19,0,897.26
11938,consumer,paid,49.8,16,0,882.22
11939,consumer,partner,38.5,9,0,248.0
11940,prosumer,organic,9.3,3,0,23.87
11941,consumer,organic,73.2,19,0,1310.78
11942,consumer,partner,6.6,1,0,48.11
11943,consumer,paid,52.8,18,1,968.22
11944,consumer,partner,19.2,8,0,225.31
11945,consumer,paid,45.8,20,0,851.93
11946,consumer,paid,3.5,5,0,100.48
11947,consumer,organic,31.4,12,0,407.87
11948,consumer,organic,29.6,7,0,180.98
11949,consumer,organic,55.7,17,0,912.48
11950,smb,paid,38.1,9,0,271.14
11951,prosumer,partner,19.4,11,0,249.16
11952,prosumer,paid,46.9,17,0,674.05
11953,smb,organic,62.0,22,0,1283.66
11954,consumer,organic,74.2,25,0,1636.07
11955,consumer,organic,77.2,20,1,1464.17
11956,consumer,partner,38.1,9,0,328.22
11957,consumer,paid,26.0,11,0,216.44
11958,consumer,partner,27.3,11,0,317.61
11959,consumer,organic,13.9,3,0,170.27
11960,consumer,organic,74.0,19,0,1319.35
11961,consumer,paid,55.3,7,0,302.74
11962,prosumer,paid,26.9,15,0,421.78
11963,prosumer,organic,42.2,10,0,409.83
11964,consumer,partner,10.3,8,0,40.39
11965,consumer,partner,6.9,4,0,89.28
11966,consumer,partner,14.3,3,0,52.36
11967,consumer,partner,59.2,19,0,1052.41
11968,prosumer,organic,45.6,11,0,430.37
11969,consumer,partner,49.0,21,0,948.83
11970,consumer,partner,46.3,16,0,646.74
11971,smb,organic,63.3,18,0,1201.13
11972,consumer,paid,52.6,12,0,612.24
11973,smb,partner,43.1,8,0,308.86
11974,prosumer,organic,75.7,18,0,1282.88
11975,consumer,organic,71.9,17,0,1152.31
11976,consumer,organic,60.2,17,0,946.07
11977,prosumer,partner,22.6,9,0,193.99
11978,consumer,paid,46.8,10,0,383.68
11979,consumer,partner,52.0,14,1,647.52
11980,prosumer,paid,54.3,8,0,337.09
11981,prosumer,partner,16.9,7,0,45.77
11982,prosumer,paid,45.1,13,0,586.33
11983,consumer,partner,46.5,21,0,863.13
11984,consumer,paid,78.3,17,0,1135.41
11985,prosumer,partner,51.3,16,0,680.65
11986,consumer,partner,26.8,9,0,234.03
11987,prosumer,paid,47.7,18,0,846.71
11988,consumer,organic,36.1,10,0,366.32
11989,consumer,organic,40.0,7,0,378.4
11990,consumer,paid,67.8,11,0,534.31
11991,prosumer,paid,49.5,14,0,663.49
11992,consumer,organic,77.4,24,0,1736.05
11993,consumer,paid,21.5,4,0,95.58
11994,consumer,organic,46.6,10,0,477.05
11995,prosumer,paid,45.6,18,1,920.91
11996,consumer,organic,42.1,12,0,521.92
11997,consumer,organic,56.7,16,0,867.16
11998,prosumer,paid,48.8,13,0,682.44
11999,prosumer,organic,56.8,15,0,835.97
12000,smb,partner,31.6,10,0,323.68
