ticket_id,arm,resolved_first_touch,reopened_within_7d
1,legacy_router,1,0
2,optimized_router,0,0
3,legacy_router,1,0
4,optimized_router,1,1
5,legacy_router,1,0
6,optimized_router,1,0
7,optimized_router,1,0
8,optimized_router,1,0
9,optimized_router,0,0
10,optimized_router,0,0
11,legacy_router,0,0
12,legacy_router,0,0
13,optimized_router,1,0
14,optimized_router,1,1
15,legacy_router,1,0
16,optimized_router,1,0
17,optimized_router,1,1
18,optimized_router,0,0
19,legacy_router,1,0
20,optimized_router,1,0
21,legacy_router,1,0
22,legacy_router,0,0
23,legacy_router,0,0
24,optimized_router,1,0
25,optimized_router,1,0
26,optimized_router,1,0
27,optimized_router,0,0
28,optimized_router,1,0
29,optimized_router,1,0
30,legacy_router,1,1
31,legacy_router,1,0
32,optimized_router,1,0
33,legacy_router,0,0
34,optimized_router,1,0
35,optimized_router,1,0
36,legacy_router,1,0
37,optimized_router,1,1
38,optimized_router,1,1
39,legacy_router,1,0
40,optimized_router,1,1
41,optimized_router,1,0
42,optimized_router,1,0
43,legacy_router,1,0
44,legacy_router,1,0
45,legacy_router,1,0
46,optimized_router,1,0
47,optimized_router,1,1
48,optimized_router,1,0
49,optimized_router,0,0
50,optimized_router,1,0
51,optimized_router,0,0
52,optimized_router,1,0
53,legacy_router,1,0
54,optimized_router,1,1
55,optimized_router,1,1
56,optimized_router,1,0
57,optimized_router,1,1
58,legacy_router,0,0
59,legacy_router,0,0
60,legacy_router,1,0
61,legacy_router,1,0
62,optimized_router,1,1
63,legacy_router,0,0
64,optimized_router,1,0
65,legacy_router,0,0
66,legacy_router,0,0
67,legacy_router,1,0
68,legacy_router,1,0
69,legacy_router,1,0
70,optimized_router,1,0
71,legacy_router,1,0
72,optimized_router,0,0
73,legacy_router,1,0
74,optimized_router,0,0
75,optimized_router,1,0
76,legacy_router,1,0
77,legacy_router,0,0
78,optimized_router,1,0
79,legacy_router,0,0
80,legacy_router,0,0
81,legacy_router,1,0
82,optimized_router,1,0
83,optimized_router,1,0
84,legacy_router,1,0
85,legacy_router,0,0
86,legacy_router,0,0
87,legacy_router,1,0
88,legacy_router,0,0
89,optimized_router,1,0
90,legacy_router,1,0
91,optimized_router,1,0
92,optimized_router,1,0
93,optimized_router,1,0
94,legacy_router,0,0
95,legacy_router,0,0
96,legacy_router,0,0
97,legacy_router,0,0
98,optimized_router,1,0
99,legacy_router,1,0
100,optimized_router,1,0
101,optimized_router,1,0
102,optimized_router,1,0
103,optimized_router,0,0
104,legacy_router,1,0
105,legacy_router,0,0
106,legacy_router,1,0
107,legacy_router,0,0
108,legacy_router,1,0
109,optimized_router,1,0
110,optimized_router,0,0
111,optimized_router,1,0
112,optimized_router,1,1
113,legacy_router,1,0
114,optimized_router,1,1
115,legacy_router,0,0
116,optimized_router,0,0
117,optimized_router,1,0
118,legacy_router,0,0
119,optimized_router,0,0
120,optimized_router,1,1
121,legacy_router,0,0
122,optimized_router,1,0
123,legacy_router,1,0
124,legacy_router,1,0
125,optimized_router,1,1
126,legacy_router,1,0
127,optimized_router,1,1
128,legacy_router,0,0
129,legacy_router,0,0
130,optimized_router,1,0
131,legacy_router,1,0
132,legacy_router,1,0
133,legacy_router,1,0
134,legacy_router,1,1
135,legacy_router,0,0
136,legacy_router,1,0
137,legacy_router,1,1
138,legacy_router,0,0
139,optimized_router,1,1
140,optimized_router,1,1
141,optimized_router,0,0
142,optimized_router,0,0
143,legacy_router,1,0
144,legacy_router,1,0
145,optimized_router,1,1
146,legacy_router,1,0
147,legacy_router,1,0
148,legacy_router,0,0
149,optimized_router,1,1
150,optimized_router,1,0
151,optimized_router,1,0
152,legacy_router,1,0
153,optimized_router,1,0
154,optimized_router,1,1
155,legacy_router,0,0
156,legacy_router,0,0
157,optimized_router,1,0
158,legacy_router,1,0
159,legacy_router,1,0
160,optimized_router,0,0
161,optimized_router,1,1
162,optimized_router,1,0
163,optimized_router,1,0
164,legacy_router,1,0
165,optimized_router,1,1
166,optimized_router,1,1
167,legacy_router,0,0
168,optimized_router,1,0
169,legacy_router,1,0
170,optimized_router,1,0
171,legacy_router,0,0
172,optimized_router,1,1
173,legacy_router,1,0
174,legacy_router,1,0
175,legacy_router,1,0
176,legacy_router,0,0
177,legacy_router,0,0
178,legacy_router,0,0
179,legacy_router,0,0
180,legacy_router,0,0
181,legacy_router,1,0
182,legacy_router,0,0
183,legacy_router,1,0
184,legacy_router,1,0
185,legacy_router,1,0
186,legacy_router,1,0
187,optimized_router,1,0
188,optimized_router,1,1
189,optimized_router,1,0
190,legacy_router,1,0
191,legacy_router,1,0
192,legacy_router,1,0
193,optimized_router,1,0
194,optimized_router,1,0
195,legacy_router,1,0
196,legacy_router,1,0
197,legacy_router,1,0
198,legacy_router,1,0
199,optimized_router,0,0
200,legacy_router,0,0
201,legacy_router,1,0
202,legacy_router,1,0
203,optimized_router,1,1
204,legacy_router,1,0
205,optimized_router,1,0
206,optimized_router,1,0
207,optimized_router,1,1
208,optimized_router,0,0
209,optimized_router,1,1
210,optimized_router,0,0
211,optimized_router,1,0
212,optimized_router,0,0
213,legacy_router,0,0
214,legacy_router,0,0
215,optimized_router,1,1
216,legacy_router,1,0
217,legacy_router,0,0
218,legacy_router,1,0
219,optimized_router,1,1
220,legacy_router,0,0
221,optimized_router,1,1
222,legacy_router,0,0
223,optimized_router,1,1
224,optimized_router,0,0
225,optimized_router,1,0
226,optimized_router,1,0
227,optimized_router,1,0
228,optimized_router,1,0
229,legacy_router,0,0
230,optimized_router,1,0
231,legacy_router,1,0
232,legacy_router,1,0
233,legacy_router,1,0
234,optimized_router,1,1
235,optimized_router,1,0
236,optimized_router,1,0
237,optimized_router,1,1
238,optimized_router,1,1
239,optimized_router,1,0
240,optimized_router,1,0
241,optimized_router,1,0
242,optimized_router,1,0
243,optimized_router,1,1
244,legacy_router,0,0
245,optimized_router,1,0
246,legacy_router,1,0
247,legacy_router,0,0
248,legacy_router,1,0
249,optimized_router,1,1
250,optimized_router,1,0
251,optimized_router,1,0
252,optimized_router,1,0
253,optimized_router,0,0
254,optimized_router,1,1
255,legacy_router,1,0
256,optimized_router,1,0
257,legacy_router,0,0
258,optimized_router,1,0
259,optimized_router,1,0
260,legacy_router,1,0
261,legacy_router,1,0
262,legacy_router,1,0
263,legacy_router,0,0
264,optimized_router,1,0
265,optimized_router,1,1
266,optimized_router,0,0
267,optimized_router,1,0
268,legacy_router,1,0
269,legacy_router,0,0
270,optimized_router,1,0
271,legacy_router,0,0
272,legacy_router,0,0
273,legacy_router,1,0
274,legacy_router,0,0
275,optimized_router,1,1
276,legacy_router,1,0
277,legacy_router,0,0
278,optimized_router,1,0
279,legacy_router,1,0
280,optimized_router,1,0
281,legacy_router,0,0
282,legacy_router,1,0
283,legacy_router,1,0
284,optimized_router,1,1
285,legacy_router,1,0
286,legacy_router,0,0
287,optimized_router,1,1
288,optimized_router,0,0
289,legacy_router,0,0
290,optimized_router,0,0
291,optimized_router,0,0
292,optimized_router,0,0
293,optimized_router,0,0
294,legacy_router,0,0
295,legacy_router,1,0
296,optimized_router,1,0
297,legacy_router,1,0
298,legacy_router,1,0
299,legacy_router,1,0
300,legacy_router,0,0
301,legacy_router,1,0
302,legacy_router,0,0
303,legacy_router,0,0
304,legacy_router,1,1
305,optimized_router,1,0
306,legacy_router,1,0
307,optimized_router,1,0
308,legacy_router,0,0
309,optimized_router,1,0
310,optimized_router,1,0
311,legacy_router,0,0
312,legacy_router,1,0
313,optimized_router,0,0
314,optimized_router,1,1
315,legacy_router,0,0
316,optimized_router,1,0
317,legacy_router,1,0
318,optimized_router,1,0
319,legacy_router,0,0
320,optimized_router,0,0
321,optimized_router,1,0
322,legacy_router,0,0
323,optimized_router,1,0
324,legacy_router,1,0
325,optimized_router,0,0
326,legacy_router,1,0
327,optimized_router,1,0
328,optimized_router,1,0
329,optimized_router,0,0
330,legacy_router,1,0
331,legacy_router,1,0
332,optimized_router,1,0
333,legacy_router,0,0
334,optimized_router,1,0
335,optimized_router,1,0
336,legacy_router,1,0
337,legacy_router,0,0
338,legacy_router,1,0
339,legacy_router,0,0
340,optimized_router,1,0
341,optimized_router,1,0
342,optimized_router,1,0
343,legacy_router,1,1
344,legacy_router,1,0
345,optimized_router,1,0
346,optimized_router,0,0
347,legacy_router,0,0
348,optimized_router,0,0
349,legacy_router,0,0
350,optimized_router,1,0
351,optimized_router,1,0
352,optimized_router,1,0
353,legacy_router,1,1
354,optimized_router,0,0
355,optimized_router,1,0
356,optimized_router,1,0
357,legacy_router,1,0
358,optimized_router,1,0
359,optimized_router,1,1
360,optimized_router,1,0
361,optimized_router,0,0
362,legacy_router,1,0
363,optimized_router,1,0
364,optimized_router,1,0
365,legacy_router,0,0
366,legacy_router,1,0
367,legacy_router,1,0
368,optimized_router,1,0
369,optimized_router,1,0
370,legacy_router,1,0
371,optimized_router,1,1
372,optimized_router,1,0
373,optimized_router,1,0
374,legacy_router,1,0
375,optimized_router,1,0
376,optimized_router,1,0
377,optimized_router,1,0
378,optimized_router,1,1
379,legacy_router,1,0
380,legacy_router,0,0
381,legacy_router,1,0
382,legacy_router,0,0
383,optimized_router,1,1
384,legacy_router,1,0
385,legacy_router,1,0
386,legacy_router,1,0
387,optimized_router,1,0
388,optimized_router,0,0
389,optimized_router,1,1
390,legacy_router,0,0
391,legacy_router,1,0
392,legacy_router,0,0
393,legacy_router,0,0
394,optimized_router,1,0
395,legacy_router,0,0
396,optimized_router,0,0
397,legacy_router,1,0
398,legacy_router,0,0
399,legacy_router,1,0
400,legacy_router,0,0
401,legacy_router,1,0
402,legacy_router,0,0
403,optimized_router,1,0
404,legacy_router,0,0
405,optimized_router,1,0
406,legacy_router,0,0
407,optimized_router,1,1
408,optimized_router,0,0
409,optimized_router,0,0
410,legacy_router,0,0
411,legacy_router,0,0
412,legacy_router,1,0
413,optimized_router,1,0
414,legacy_router,1,0
415,optimized_router,0,0
416,legacy_router,0,0
417,optimized_router,1,0
418,legacy_router,1,0
419,legacy_router,0,0
420,optimized_router,1,0
421,optimized_router,1,0
422,optimized_router,1,0
423,optimized_router,1,0
424,optimized_router,1,0
425,legacy_router,1,0
426,optimized_router,1,0
427,legacy_router,0,0
428,optimized_router,1,0
429,legacy_router,0,0
430,legacy_router,0,0
431,optimized_router,1,0
432,legacy_router,1,0
433,legacy_router,0,0
434,legacy_router,0,0
435,optimized_router,1,0
436,optimized_router,1,0
437,legacy_router,1,0
438,optimized_router,1,0
439,optimized_router,1,1
440,legacy_router,0,0
441,optimized_router,0,0
442,optimized_router,1,0
443,optimized_router,1,1
444,optimized_router,1,0
445,legacy_router,0,0
446,optimized_router,1,0
447,legacy_router,1,0
448,optimized_router,1,1
449,optimized_router,1,1
450,optimized_router,1,0
451,legacy_router,1,0
452,legacy_router,1,0
453,legacy_router,1,0
454,optimized_router,1,0
455,legacy_router,1,0
456,legacy_router,0,0
457,legacy_router,1,0
458,optimized_router,1,0
459,optimized_router,1,1
460,optimized_router,1,0
461,legacy_router,0,0
462,legacy_router,1,0
463,legacy_router,1,0
464,legacy_router,1,0
465,optimized_router,1,0
466,legacy_router,0,0
467,legacy_router,0,0
468,legacy_router,1,0
469,legacy_router,0,0
470,legacy_router,1,0
471,optimized_router,1,0
472,legacy_router,0,0
473,optimized_router,1,1
474,legacy_router,1,0
475,legacy_router,1,0
476,legacy_router,1,0
477,optimized_router,1,0
478,legacy_router,0,0
479,legacy_router,0,0
480,optimized_router,0,0
481,optimized_router,1,0
482,optimized_router,0,0
483,legacy_router,1,0
484,optimized_router,1,1
485,optimized_router,0,0
486,legacy_router,0,0
487,legacy_router,1,0
488,legacy_router,0,0
489,legacy_router,1,0
490,optimized_router,1,0
491,legacy_router,0,0
492,optimized_router,1,1
493,optimized_router,0,0
494,legacy_router,1,0
495,legacy_router,0,0
496,legacy_router,1,0
497,legacy_router,0,0
498,optimized_router,1,0
499,legacy_router,1,0
500,optimized_router,1,0
501,optimized_router,1,0
502,optimized_router,1,0
503,optimized_router,1,0
504,legacy_router,1,0
505,legacy_router,1,0
506,legacy_router,1,0
507,legacy_router,0,0
508,optimized_router,1,0
509,optimized_router,1,0
510,optimized_router,1,0
511,legacy_router,0,0
512,legacy_router,0,0
513,optimized_router,0,0
514,optimized_router,1,0
515,legacy_router,0,0
516,optimized_router,1,0
517,legacy_router,0,0
518,legacy_router,0,0
519,legacy_router,1,0
520,optimized_router,1,0
521,optimized_router,0,0
522,legacy_router,1,0
523,legacy_router,0,0
524,legacy_router,1,0
525,optimized_router,1,1
526,optimized_router,1,0
527,optimized_router,0,0
528,optimized_router,0,0
529,optimized_router,1,0
530,optimized_router,1,0
531,optimized_router,0,0
532,legacy_router,1,0
533,legacy_router,0,0
534,legacy_router,1,0
535,optimized_router,1,0
536,optimized_router,1,1
537,legacy_router,1,1
538,optimized_router,1,1
539,legacy_router,0,0
540,optimized_router,1,1
541,optimized_router,1,0
542,legacy_router,1,0
543,optimized_router,1,0
544,optimized_router,0,0
545,legacy_router,0,0
546,optimized_router,0,0
547,optimized_router,1,0
548,legacy_router,0,0
549,optimized_router,1,0
550,legacy_router,0,0
551,optimized_router,1,0
552,optimized_router,0,0
553,legacy_router,1,1
554,legacy_router,0,0
555,legacy_router,0,0
556,legacy_router,1,0
557,legacy_router,1,0
558,optimized_router,1,1
559,legacy_router,0,0
560,legacy_router,1,0
561,legacy_router,0,0
562,optimized_router,1,0
563,optimized_router,1,1
564,legacy_router,0,0
565,optimized_router,0,0
566,optimized_router,1,0
567,optimized_router,1,0
568,optimized_router,1,0
569,optimized_router,1,1
570,optimized_router,1,0
571,legacy_router,1,0
572,optimized_router,1,1
573,optimized_router,1,0
574,legacy_router,1,0
575,optimized_router,1,0
576,optimized_router,1,0
577,optimized_router,0,0
578,optimized_router,1,1
579,optimized_router,1,1
580,legacy_router,0,0
581,legacy_router,0,0
582,optimized_router,1,1
583,legacy_router,0,0
584,optimized_router,1,1
585,legacy_router,1,1
586,optimized_router,1,0
587,optimized_router,1,1
588,legacy_router,1,0
589,legacy_router,1,0
590,optimized_router,1,0
591,optimized_router,1,0
592,legacy_router,0,0
593,optimized_router,0,0
594,legacy_router,0,0
595,legacy_router,0,0
596,optimized_router,0,0
597,legacy_router,0,0
598,legacy_router,0,0
599,legacy_router,1,0
600,optimized_router,1,1
601,optimized_router,1,0
602,legacy_router,0,0
603,optimized_router,1,0
604,legacy_router,1,0
605,optimized_router,1,0
606,optimized_router,1,0
607,optimized_router,1,0
608,optimized_router,1,0
609,optimized_router,1,0
610,legacy_router,0,0
611,optimized_router,1,0
612,legacy_router,0,0
613,legacy_router,0,0
614,optimized_router,0,0
615,optimized_router,1,0
616,legacy_router,0,0
617,optimized_router,0,0
618,optimized_router,1,0
619,legacy_router,1,0
620,legacy_router,1,1
621,legacy_router,1,0
622,legacy_router,0,0
623,optimized_router,1,0
624,optimized_router,1,1
625,legacy_router,1,0
626,legacy_router,1,0
627,legacy_router,1,1
628,optimized_router,0,0
629,legacy_router,1,0
630,legacy_router,1,0
631,optimized_router,1,0
632,legacy_router,1,0
633,optimized_router,1,0
634,optimized_router,0,0
635,legacy_router,1,0
636,optimized_router,1,0
637,legacy_router,1,0
638,legacy_router,0,0
639,legacy_router,0,0
640,optimized_router,0,0
641,legacy_router,0,0
642,legacy_router,0,0
643,legacy_router,1,0
644,legacy_router,1,0
645,optimized_router,0,0
646,optimized_router,1,0
647,legacy_router,0,0
648,legacy_router,1,1
649,optimized_router,1,1
650,legacy_router,1,0
651,optimized_router,0,0
652,legacy_router,1,0
653,legacy_router,1,0
654,legacy_router,1,0
655,optimized_router,1,0
656,legacy_router,0,0
657,optimized_router,0,0
658,legacy_router,0,0
659,legacy_router,0,0
660,optimized_router,1,0
661,legacy_router,0,0
662,optimized_router,1,0
663,legacy_router,0,0
664,optimized_router,1,0
665,optimized_router,1,1
666,optimized_router,1,1
667,optimized_router,1,0
668,optimized_router,1,0
669,optimized_router,0,0
670,legacy_router,0,0
671,legacy_router,0,0
672,legacy_router,0,0
673,optimized_router,1,0
674,optimized_router,1,0
675,legacy_router,0,0
676,optimized_router,1,1
677,optimized_router,1,0
678,optimized_router,1,0
679,legacy_router,0,0
680,legacy_router,0,0
681,optimized_router,0,0
682,optimized_router,1,1
683,optimized_router,1,0
684,optimized_router,1,1
685,optimized_router,1,0
686,legacy_router,1,0
687,optimized_router,1,0
688,optimized_router,1,0
689,legacy_router,1,0
690,legacy_router,1,0
691,legacy_router,0,0
692,optimized_router,1,0
693,legacy_router,0,0
694,legacy_router,1,0
695,optimized_router,1,0
696,legacy_router,1,0
697,legacy_router,0,0
698,legacy_router,0,0
699,optimized_router,1,1
700,legacy_router,0,0
701,optimized_router,1,0
702,optimized_router,1,1
703,optimized_router,1,0
704,legacy_router,1,0
705,optimized_router,0,0
706,optimized_router,1,1
707,legacy_router,0,0
708,optimized_router,1,0
709,optimized_router,1,1
710,optimized_router,1,0
711,legacy_router,1,0
712,optimized_router,0,0
713,legacy_router,1,0
714,optimized_router,1,0
715,legacy_router,0,0
716,legacy_router,0,0
717,optimized_router,1,0
718,optimized_router,1,0
719,optimized_router,1,0
720,legacy_router,1,0
721,legacy_router,1,0
722,optimized_router,0,0
723,legacy_router,1,0
724,legacy_router,1,0
725,legacy_router,0,0
726,legacy_router,0,0
727,optimized_router,1,1
728,optimized_router,0,0
729,optimized_router,1,0
730,optimized_router,1,0
731,optimized_router,0,0
732,optimized_router,1,1
733,legacy_router,1,0
734,optimized_router,0,0
735,legacy_router,0,0
736,legacy_router,1,0
737,legacy_router,0,0
738,optimized_router,1,1
739,legacy_router,0,0
740,optimized_router,1,0
741,legacy_router,1,0
742,legacy_router,1,0
743,optimized_router,0,0
744,legacy_router,1,0
745,legacy_router,1,1
746,optimized_router,1,0
747,optimized_router,1,0
748,optimized_router,1,0
749,optimized_router,0,0
750,legacy_router,1,0
751,legacy_router,1,0
752,legacy_router,0,0
753,optimized_router,1,1
754,optimized_router,1,0
755,legacy_router,1,0
756,optimized_router,0,0
757,legacy_router,1,0
758,legacy_router,0,0
759,legacy_router,1,0
760,optimized_router,1,0
761,optimized_router,0,0
762,optimized_router,1,1
763,legacy_router,0,0
764,optimized_router,0,0
765,optimized_router,0,0
766,legacy_router,1,0
767,optimized_router,0,0
768,legacy_router,0,0
769,legacy_router,1,0
770,legacy_router,1,0
771,legacy_router,0,0
772,optimized_router,1,0
773,legacy_router,1,0
774,legacy_router,1,0
775,legacy_router,0,0
776,legacy_router,0,0
777,legacy_router,1,0
778,optimized_router,1,1
779,optimized_router,1,0
780,legacy_router,1,0
781,optimized_router,1,0
782,optimized_router,0,0
783,optimized_router,1,1
784,optimized_router,1,0
785,optimized_router,1,0
786,optimized_router,1,1
787,legacy_router,0,0
788,optimized_router,1,1
789,legacy_router,0,0
790,legacy_router,1,0
791,legacy_router,1,0
792,legacy_router,1,0
793,optimized_router,1,1
794,legacy_router,1,0
795,optimized_router,1,0
796,optimized_router,1,1
797,optimized_router,1,1
798,legacy_router,0,0
799,optimized_router,1,0
800,optimized_router,0,0
801,legacy_router,1,0
802,legacy_router,1,0
803,optimized_router,1,0
804,legacy_router,1,0
805,legacy_router,1,0
806,legacy_router,0,0
807,legacy_router,0,0
808,optimized_router,1,1
809,legacy_router,1,0
810,optimized_router,1,1
811,optimized_router,0,0
812,optimized_router,1,0
813,optimized_router,1,0
814,legacy_router,1,0
815,legacy_router,1,0
816,legacy_router,0,0
817,optimized_router,0,0
818,optimized_router,0,0
819,optimized_router,0,0
820,optimized_router,0,0
821,legacy_router,0,0
822,optimized_router,0,0
823,optimized_router,0,0
824,legacy_router,1,0
825,legacy_router,1,0
826,legacy_router,0,0
827,optimized_router,1,0
828,optimized_router,1,0
829,legacy_router,1,0
830,optimized_router,1,0
831,optimized_router,1,0
832,optimized_router,1,0
833,legacy_router,0,0
834,optimized_router,1,0
835,legacy_router,1,0
836,legacy_router,1,0
837,legacy_router,0,0
838,legacy_router,1,0
839,optimized_router,1,0
840,legacy_router,0,0
841,optimized_router,1,0
842,legacy_router,1,0
843,legacy_router,1,0
844,legacy_router,1,0
845,optimized_router,1,0
846,legacy_router,1,0
847,optimized_router,0,0
848,optimized_router,1,0
849,legacy_router,0,0
850,optimized_router,1,0
851,optimized_router,1,0
852,legacy_router,0,0
853,optimized_router,1,0
854,optimized_router,1,1
855,legacy_router,1,0
856,legacy_router,0,0
857,optimized_router,1,0
858,legacy_router,1,0
859,legacy_router,0,0
860,optimized_router,1,0
861,optimized_router,1,0
862,legacy_router,0,0
863,legacy_router,0,0
864,optimized_router,1,0
865,legacy_router,1,0
866,optimized_router,1,0
867,legacy_router,0,0
868,legacy_router,1,0
869,optimized_router,1,0
870,legacy_router,1,0
871,optimized_router,1,0
872,optimized_router,0,0
873,legacy_router,1,0
874,legacy_router,0,0
875,optimized_router,1,1
876,optimized_router,1,1
877,optimized_router,1,1
878,legacy_router,1,0
879,optimized_router,1,0
880,optimized_router,1,0
881,legacy_router,0,0
882,legacy_router,0,0
883,legacy_router,1,0
884,legacy_router,0,0
885,optimized_router,1,0
886,optimized_router,1,1
887,legacy_router,1,0
888,legacy_router,1,0
889,optimized_router,1,0
890,optimized_router,0,0
891,legacy_router,1,0
892,optimized_router,1,0
893,legacy_router,1,0
894,optimized_router,1,0
895,legacy_router,0,0
896,legacy_router,1,0
897,optimized_router,1,0
898,legacy_router,1,0
899,optimized_router,1,0
900,optimized_router,1,0
901,legacy_router,0,0
902,legacy_router,1,0
903,optimized_router,1,1
904,legacy_router,0,0
905,optimized_router,1,1
906,optimized_router,1,1
907,optimized_router,1,0
908,legacy_router,0,0
909,optimized_router,0,0
910,legacy_router,1,0
911,optimized_router,1,0
912,legacy_router,1,0
913,legacy_router,0,0
914,optimized_router,0,0
915,legacy_router,0,0
916,legacy_router,1,0
917,optimized_router,1,1
918,optimized_router,1,1
919,optimized_router,1,0
920,legacy_router,1,0
921,optimized_router,1,1
922,optimized_router,1,0
923,optimized_router,1,0
924,legacy_router,0,0
925,optimized_router,1,0
926,optimized_router,1,0
927,legacy_router,0,0
928,optimized_router,1,0
929,legacy_router,1,0
930,optimized_router,1,0
931,legacy_router,1,0
932,legacy_router,0,0
933,legacy_router,0,0
934,optimized_router,1,0
935,optimized_router,1,0
936,optimized_router,1,0
937,legacy_router,0,0
938,legacy_router,1,0
939,legacy_router,1,1
940,optimized_router,1,0
941,legacy_router,0,0
942,legacy_router,0,0
943,optimized_router,1,0
944,optimized_router,1,0
945,optimized_router,1,0
946,legacy_router,1,0
947,optimized_router,1,1
948,legacy_router,0,0
949,optimized_router,1,0
950,optimized_router,1,0
951,optimized_router,0,0
952,legacy_router,1,0
953,legacy_router,0,0
954,optimized_router,1,0
955,legacy_router,1,0
956,legacy_router,1,0
957,legacy_router,1,0
958,legacy_router,0,0
959,optimized_router,0,0
960,optimized_router,0,0
961,optimized_router,1,1
962,legacy_router,0,0
963,optimized_router,0,0
964,legacy_router,1,0
965,legacy_router,0,0
966,legacy_router,1,0
967,legacy_router,0,0
968,legacy_router,1,0
969,legacy_router,0,0
970,optimized_router,0,0
971,legacy_router,1,0
972,legacy_router,1,0
973,optimized_router,1,0
974,legacy_router,0,0
975,legacy_router,0,0
976,optimized_router,1,0
977,optimized_router,1,0
978,legacy_router,1,0
979,legacy_router,1,0
980,legacy_router,0,0
981,optimized_router,1,0
982,legacy_router,1,0
983,legacy_router,0,0
984,optimized_router,1,1
985,optimized_router,1,0
986,optimized_router,1,0
987,legacy_router,0,0
988,legacy_router,1,0
989,optimized_router,1,0
990,optimized_router,1,0
991,optimized_router,1,0
992,optimized_router,0,0
993,legacy_router,1,0
994,optimized_router,1,0
995,legacy_router,0,0
996,optimized_router,1,1
997,legacy_router,0,0
998,optimized_router,1,0
999,optimized_router,1,1
1000,optimized_router,1,1
1001,optimized_router,0,0
1002,legacy_router,1,0
1003,legacy_router,0,0
1004,legacy_router,0,0
1005,optimized_router,0,0
1006,legacy_router,1,0
1007,legacy_router,1,0
1008,legacy_router,1,0
1009,optimized_router,1,1
1010,optimized_router,1,1
1011,optimized_router,1,0
1012,optimized_router,0,0
1013,optimized_router,0,0
1014,legacy_router,1,0
1015,legacy_router,0,0
1016,legacy_router,0,0
1017,legacy_router,0,0
1018,legacy_router,1,0
1019,legacy_router,0,0
1020,legacy_router,0,0
1021,optimized_router,1,0
1022,optimized_router,1,0
1023,optimized_router,1,1
1024,optimized_router,1,0
1025,optimized_router,1,0
1026,optimized_router,1,0
1027,legacy_router,0,0
1028,legacy_router,0,0
1029,optimized_router,1,0
1030,legacy_router,1,0
1031,legacy_router,1,0
1032,optimized_router,1,1
1033,optimized_router,0,0
1034,legacy_router,1,0
1035,legacy_router,1,0
1036,optimized_router,1,0
1037,optimized_router,0,0
1038,optimized_router,1,0
1039,legacy_router,0,0
1040,optimized_router,1,1
1041,optimized_router,1,0
1042,optimized_router,1,0
1043,optimized_router,1,1
1044,legacy_router,1,0
1045,optimized_router,1,1
1046,legacy_router,0,0
1047,optimized_router,1,1
1048,optimized_router,1,0
1049,optimized_router,1,0
1050,legacy_router,1,1
1051,legacy_router,0,0
1052,legacy_router,1,0
1053,optimized_router,1,0
1054,optimized_router,1,0
1055,optimized_router,1,0
1056,legacy_router,1,0
1057,optimized_router,1,1
1058,optimized_router,1,1
1059,optimized_router,1,0
1060,legacy_router,1,0
1061,optimized_router,1,1
1062,legacy_router,0,0
1063,legacy_router,1,0
1064,optimized_router,0,0
1065,legacy_router,1,0
1066,optimized_router,1,0
1067,legacy_router,1,0
1068,optimized_router,1,1
1069,legacy_router,0,0
1070,legacy_router,1,0
1071,legacy_router,0,0
1072,legacy_router,1,0
1073,optimized_router,0,0
1074,optimized_router,1,1
1075,legacy_router,0,0
1076,legacy_router,0,0
1077,optimized_router,1,0
1078,optimized_router,1,0
1079,optimized_router,0,0
1080,optimized_router,1,0
1081,legacy_router,1,0
1082,legacy_router,1,0
1083,optimized_router,0,0
1084,optimized_router,0,0
1085,legacy_router,0,0
1086,optimized_router,1,1
1087,legacy_router,0,0
1088,legacy_router,1,1
1089,legacy_router,1,0
1090,optimized_router,0,0
1091,legacy_router,1,0
1092,legacy_router,1,0
1093,optimized_router,0,0
1094,optimized_router,1,0
1095,legacy_router,1,0
1096,optimized_router,0,0
1097,legacy_router,0,0
1098,optimized_router,1,0
1099,legacy_router,1,0
1100,legacy_router,1,0
1101,optimized_router,1,1
1102,legacy_router,1,0
1103,optimized_router,0,0
1104,optimized_router,1,0
1105,optimized_router,1,1
1106,legacy_router,0,0
1107,legacy_router,1,0
1108,legacy_router,0,0
1109,legacy_router,1,0
1110,legacy_router,1,0
1111,legacy_router,0,0
1112,legacy_router,1,0
1113,optimized_router,0,0
1114,legacy_router,1,0
1115,legacy_router,1,0
1116,legacy_router,1,0
1117,legacy_router,1,0
1118,legacy_router,0,0
1119,optimized_router,1,1
1120,legacy_router,1,0
1121,optimized_router,1,0
1122,legacy_router,0,0
1123,legacy_router,0,0
1124,legacy_router,0,0
1125,optimized_router,1,0
1126,optimized_router,1,0
1127,optimized_router,1,0
1128,legacy_router,1,0
1129,legacy_router,0,0
1130,optimized_router,1,1
1131,legacy_router,1,1
1132,legacy_router,1,0
1133,legacy_router,1,0
1134,optimized_router,1,0
1135,optimized_router,0,0
1136,optimized_router,1,1
1137,optimized_router,1,0
1138,optimized_router,1,0
1139,optimized_router,1,0
1140,legacy_router,1,0
1141,optimized_router,1,1
1142,legacy_router,0,0
1143,optimized_router,0,0
1144,legacy_router,1,0
1145,optimized_router,0,0
1146,optimized_router,0,0
1147,optimized_router,0,0
1148,optimized_router,0,0
1149,optimized_router,0,0
1150,optimized_router,1,1
1151,optimized_router,0,0
1152,legacy_router,0,0
1153,optimized_router,1,0
1154,legacy_router,1,0
1155,optimized_router,1,0
1156,legacy_router,1,0
1157,optimized_router,0,0
1158,legacy_router,0,0
1159,optimized_router,1,0
1160,legacy_router,0,0
1161,optimized_router,1,0
1162,legacy_router,0,0
1163,legacy_router,0,0
1164,legacy_router,0,0
1165,legacy_router,0,0
1166,optimized_router,1,0
1167,legacy_router,1,0
1168,legacy_router,0,0
1169,legacy_router,1,0
1170,legacy_router,0,0
1171,legacy_router,0,0
1172,optimized_router,1,1
1173,optimized_router,0,0
1174,legacy_router,1,1
1175,legacy_router,1,0
1176,legacy_router,0,0
1177,legacy_router,1,0
1178,optimized_router,1,0
1179,legacy_router,1,0
1180,optimized_router,0,0
1181,legacy_router,1,0
1182,legacy_router,0,0
1183,optimized_router,1,0
1184,optimized_router,0,0
1185,legacy_router,0,0
1186,optimized_router,1,0
1187,optimized_router,1,0
1188,legacy_router,0,0
1189,optimized_router,1,0
1190,legacy_router,0,0
1191,legacy_router,0,0
1192,optimized_router,1,0
1193,optimized_router,1,0
1194,legacy_router,1,0
1195,legacy_router,1,0
1196,legacy_router,1,0
1197,optimized_router,1,1
1198,legacy_router,1,1
1199,optimized_router,0,0
1200,optimized_router,0,0
1201,optimized_router,1,1
1202,optimized_router,1,0
1203,legacy_router,0,0
1204,optimized_router,1,1
1205,optimized_router,1,0
1206,optimized_router,0,0
1207,legacy_router,1,0
1208,optimized_router,1,0
1209,legacy_router,1,0
1210,optimized_router,1,0
1211,optimized_router,1,1
1212,optimized_router,1,0
1213,legacy_router,1,0
1214,legacy_router,1,1
1215,legacy_router,0,0
1216,legacy_router,1,0
1217,legacy_router,0,0
1218,legacy_router,1,0
1219,legacy_router,0,0
1220,legacy_router,1,0
1221,optimized_router,1,0
1222,optimized_router,1,0
1223,legacy_router,0,0
1224,legacy_router,0,0
1225,optimized_router,1,0
1226,legacy_router,1,0
1227,legacy_router,0,0
1228,optimized_router,1,0
1229,optimized_router,1,0
1230,legacy_router,1,0
1231,legacy_router,1,0
1232,legacy_router,0,0
1233,optimized_router,1,0
1234,optimized_router,1,0
1235,legacy_router,1,0
1236,legacy_router,0,0
1237,legacy_router,0,0
1238,optimized_router,1,0
1239,legacy_router,1,0
1240,legacy_router,0,0
1241,optimized_router,1,0
1242,optimized_router,1,1
1243,legacy_router,1,0
1244,legacy_router,1,0
1245,optimized_router,1,0
1246,legacy_router,1,1
1247,legacy_router,1,1
1248,legacy_router,1,0
1249,legacy_router,1,0
1250,legacy_router,0,0
1251,optimized_router,1,0
1252,optimized_router,1,1
1253,optimized_router,1,0
1254,optimized_router,1,0
1255,legacy_router,0,0
1256,legacy_router,0,0
1257,legacy_router,1,0
1258,legacy_router,0,0
1259,legacy_router,0,0
1260,optimized_router,1,1
1261,optimized_router,1,0
1262,legacy_router,0,0
1263,optimized_router,0,0
1264,legacy_router,1,0
1265,legacy_router,1,0
1266,optimized_router,1,0
1267,legacy_router,1,0
1268,optimized_router,1,0
1269,legacy_router,1,1
1270,legacy_router,1,0
1271,legacy_router,1,1
1272,legacy_router,1,0
1273,legacy_router,0,0
1274,optimized_router,1,0
1275,legacy_router,1,0
1276,optimized_router,1,1
1277,optimized_router,1,0
1278,legacy_router,1,0
1279,legacy_router,0,0
1280,legacy_router,0,0
1281,optimized_router,1,0
1282,optimized_router,0,0
1283,optimized_router,0,0
1284,optimized_router,1,0
1285,legacy_router,1,0
1286,legacy_router,0,0
1287,legacy_router,0,0
1288,optimized_router,1,0
1289,legacy_router,0,0
1290,legacy_router,0,0
1291,legacy_router,1,0
1292,legacy_router,0,0
1293,optimized_router,1,1
1294,optimized_router,1,0
1295,legacy_router,0,0
1296,optimized_router,1,0
1297,legacy_router,1,0
1298,optimized_router,1,1
1299,optimized_router,1,1
1300,optimized_router,1,0
1301,legacy_router,0,0
1302,optimized_router,1,1
1303,legacy_router,0,0
1304,legacy_router,1,0
1305,optimized_router,0,0
1306,optimized_router,1,0
1307,optimized_router,1,0
1308,legacy_router,1,0
1309,legacy_router,1,0
1310,optimized_router,1,0
1311,optimized_router,1,0
1312,legacy_router,1,0
1313,optimized_router,0,0
1314,optimized_router,1,0
1315,optimized_router,0,0
1316,optimized_router,1,0
1317,legacy_router,0,0
1318,optimized_router,1,0
1319,legacy_router,1,0
1320,legacy_router,1,0
1321,optimized_router,0,0
1322,legacy_router,1,0
1323,legacy_router,0,0
1324,optimized_router,0,0
1325,optimized_router,0,0
1326,legacy_router,1,0
1327,legacy_router,1,0
1328,optimized_router,1,1
1329,legacy_router,0,0
1330,optimized_router,1,0
1331,legacy_router,1,0
1332,optimized_router,1,0
1333,optimized_router,0,0
1334,legacy_router,0,0
1335,optimized_router,1,1
1336,optimized_router,1,1
1337,optimized_router,1,0
1338,optimized_router,1,1
1339,optimized_router,1,0
1340,legacy_router,0,0
1341,legacy_router,1,0
1342,legacy_router,0,0
1343,optimized_router,1,0
1344,legacy_router,0,0
1345,optimized_router,1,1
1346,legacy_router,1,0
1347,legacy_router,0,0
1348,optimized_router,1,0
1349,optimized_router,1,0
1350,optimized_router,1,1
1351,optimized_router,1,1
1352,optimized_router,1,1
1353,optimized_router,1,1
1354,optimized_router,1,0
1355,optimized_router,0,0
1356,optimized_router,1,0
1357,legacy_router,0,0
1358,legacy_router,0,0
1359,legacy_router,0,0
1360,optimized_router,1,0
1361,optimized_router,1,0
1362,legacy_router,1,0
1363,optimized_router,1,0
1364,optimized_router,1,0
1365,optimized_router,1,1
1366,optimized_router,0,0
1367,optimized_router,0,0
1368,legacy_router,1,0
1369,legacy_router,1,1
1370,optimized_router,1,1
1371,optimized_router,1,0
1372,optimized_router,1,0
1373,optimized_router,1,0
1374,legacy_router,0,0
1375,optimized_router,1,0
1376,optimized_router,1,0
1377,optimized_router,1,1
1378,legacy_router,0,0
1379,legacy_router,1,0
1380,optimized_router,1,0
1381,legacy_router,0,0
1382,optimized_router,0,0
1383,legacy_router,1,0
1384,legacy_router,0,0
1385,legacy_router,1,0
1386,legacy_router,0,0
1387,legacy_router,0,0
1388,legacy_router,1,0
1389,legacy_router,1,0
1390,legacy_router,1,0
1391,legacy_router,1,0
1392,legacy_router,1,0
1393,optimized_router,1,1
1394,optimized_router,0,0
1395,legacy_router,0,0
1396,legacy_router,0,0
1397,legacy_router,1,0
1398,optimized_router,0,0
1399,legacy_router,1,0
1400,optimized_router,1,0
1401,legacy_router,0,0
1402,legacy_router,0,0
1403,legacy_router,1,0
1404,optimized_router,1,0
1405,legacy_router,1,0
1406,optimized_router,1,0
1407,optimized_router,1,1
1408,legacy_router,0,0
1409,legacy_router,0,0
1410,optimized_router,1,0
1411,legacy_router,1,0
1412,legacy_router,1,0
1413,legacy_router,0,0
1414,optimized_router,1,0
1415,legacy_router,1,0
1416,legacy_router,1,0
1417,legacy_router,0,0
1418,optimized_router,1,0
1419,legacy_router,1,1
1420,optimized_router,1,0
1421,legacy_router,0,0
1422,legacy_router,0,0
1423,optimized_router,1,0
1424,optimized_router,0,0
1425,optimized_router,1,0
1426,optimized_router,1,0
1427,legacy_router,0,0
1428,optimized_router,0,0
1429,optimized_router,1,1
1430,legacy_router,0,0
1431,legacy_router,1,1
1432,optimized_router,0,0
1433,legacy_router,0,0
1434,optimized_router,0,0
1435,optimized_router,1,1
1436,optimized_router,1,0
1437,optimized_router,1,0
1438,optimized_router,0,0
1439,legacy_router,1,0
1440,optimized_router,1,0
1441,legacy_router,1,0
1442,optimized_router,1,0
1443,legacy_router,1,0
1444,legacy_router,1,0
1445,legacy_router,0,0
1446,legacy_router,1,0
1447,legacy_router,1,0
1448,legacy_router,0,0
1449,legacy_router,0,0
1450,optimized_router,1,0
1451,optimized_router,1,0
1452,optimized_router,0,0
1453,legacy_router,1,0
1454,legacy_router,0,0
1455,optimized_router,1,0
1456,optimized_router,1,0
1457,legacy_router,1,0
1458,optimized_router,1,0
1459,optimized_router,1,0
1460,optimized_router,0,0
1461,legacy_router,1,0
1462,optimized_router,1,0
1463,legacy_router,0,0
1464,legacy_router,0,0
1465,legacy_router,0,0
1466,legacy_router,0,0
1467,optimized_router,0,0
1468,legacy_router,0,0
1469,optimized_router,1,0
1470,legacy_router,1,0
1471,optimized_router,0,0
1472,legacy_router,0,0
1473,legacy_router,0,0
1474,legacy_router,0,0
1475,legacy_router,1,0
1476,optimized_router,1,1
1477,legacy_router,1,0
1478,legacy_router,0,0
1479,optimized_router,1,0
1480,optimized_router,1,0
1481,optimized_router,1,1
1482,optimized_router,0,0
1483,legacy_router,0,0
1484,legacy_router,0,0
1485,legacy_router,1,0
1486,optimized_router,1,0
1487,legacy_router,0,0
1488,optimized_router,1,0
1489,legacy_router,0,0
1490,legacy_router,1,0
1491,optimized_router,1,0
1492,legacy_router,0,0
1493,optimized_router,0,0
1494,legacy_router,1,0
1495,legacy_router,0,0
1496,optimized_router,1,0
1497,optimized_router,1,1
1498,legacy_router,1,0
1499,optimized_router,1,0
1500,legacy_router,1,1
1501,optimized_router,1,0
1502,legacy_router,1,0
1503,legacy_router,0,0
1504,optimized_router,0,0
1505,legacy_router,0,0
1506,legacy_router,1,0
1507,legacy_router,1,0
1508,legacy_router,0,0
1509,optimized_router,1,0
1510,optimized_router,0,0
1511,legacy_router,1,0
1512,optimized_router,1,0
1513,legacy_router,1,0
1514,optimized_router,1,0
1515,legacy_router,1,1
1516,legacy_router,0,0
1517,optimized_router,1,0
1518,optimized_router,1,0
1519,optimized_router,0,0
1520,optimized_router,1,0
1521,optimized_router,1,1
1522,legacy_router,1,0
1523,optimized_router,0,0
1524,legacy_router,1,0
1525,optimized_router,1,1
1526,legacy_router,1,0
1527,optimized_router,1,0
1528,optimized_router,0,0
1529,optimized_router,1,0
1530,optimized_router,1,1
1531,optimized_router,1,1
1532,optimized_router,1,0
1533,legacy_router,1,0
1534,legacy_router,1,0
1535,legacy_router,1,0
1536,legacy_router,1,0
1537,optimized_router,1,0
1538,legacy_router,1,0
1539,legacy_router,1,0
1540,optimized_router,1,0
1541,optimized_router,1,0
1542,optimized_router,1,1
1543,optimized_router,1,0
1544,optimized_router,1,0
1545,optimized_router,1,0
1546,legacy_router,1,0
1547,legacy_router,1,0
1548,legacy_router,0,0
1549,legacy_router,1,0
1550,optimized_router,1,0
1551,legacy_router,0,0
1552,optimized_router,1,1
1553,legacy_router,1,0
1554,legacy_router,1,0
1555,legacy_router,1,0
1556,optimized_router,1,0
1557,optimized_router,1,1
1558,legacy_router,1,0
1559,legacy_router,1,0
1560,legacy_router,1,0
1561,optimized_router,1,0
1562,optimized_router,1,1
1563,optimized_router,1,1
1564,optimized_router,1,0
1565,optimized_router,1,0
1566,legacy_router,1,0
1567,optimized_router,1,0
1568,legacy_router,1,0
1569,optimized_router,1,0
1570,legacy_router,0,0
1571,legacy_router,0,0
1572,optimized_router,1,0
1573,optimized_router,1,0
1574,optimized_router,1,0
1575,legacy_router,1,0
1576,optimized_router,1,0
1577,optimized_router,1,0
1578,legacy_router,1,0
1579,legacy_router,0,0
1580,legacy_router,0,0
1581,optimized_router,1,0
1582,legacy_router,1,0
1583,optimized_router,1,0
1584,optimized_router,1,0
1585,optimized_router,1,1
1586,legacy_router,1,0
1587,legacy_router,1,0
1588,legacy_router,0,0
1589,legacy_router,0,0
1590,optimized_router,1,0
1591,optimized_router,0,0
1592,optimized_router,1,0
1593,legacy_router,0,0
1594,legacy_router,1,0
1595,legacy_router,0,0
1596,optimized_router,1,1
1597,optimized_router,1,0
1598,optimized_router,1,1
1599,legacy_router,0,0
1600,legacy_router,0,0
1601,legacy_router,1,0
1602,legacy_router,1,0
1603,legacy_router,0,0
1604,optimized_router,0,0
1605,legacy_router,1,0
1606,legacy_router,1,0
1607,optimized_router,0,0
1608,legacy_router,0,0
1609,legacy_router,1,0
1610,legacy_router,0,0
1611,optimized_router,1,0
1612,legacy_router,1,0
1613,legacy_router,1,0
1614,legacy_router,0,0
1615,legacy_router,0,0
1616,optimized_router,1,0
1617,optimized_router,1,0
1618,optimized_router,1,0
1619,optimized_router,0,0
1620,optimized_router,1,0
1621,legacy_router,0,0
1622,optimized_router,1,0
1623,legacy_router,0,0
1624,legacy_router,0,0
1625,legacy_router,0,0
1626,optimized_router,0,0
1627,legacy_router,1,0
1628,optimized_router,1,0
1629,optimized_router,1,0
1630,optimized_router,1,1
1631,legacy_router,1,0
1632,optimized_router,1,0
1633,optimized_router,1,0
1634,legacy_router,0,0
1635,optimized_router,0,0
1636,legacy_router,0,0
1637,optimized_router,0,0
1638,legacy_router,0,0
1639,legacy_router,0,0
1640,legacy_router,0,0
1641,legacy_router,1,0
1642,optimized_router,1,0
1643,optimized_router,1,1
1644,optimized_router,1,0
1645,optimized_router,1,1
1646,optimized_router,0,0
1647,optimized_router,1,0
1648,legacy_router,1,0
1649,legacy_router,0,0
1650,optimized_router,1,0
1651,legacy_router,0,0
1652,legacy_router,0,0
1653,optimized_router,1,0
1654,legacy_router,0,0
1655,legacy_router,1,0
1656,legacy_router,0,0
1657,legacy_router,1,0
1658,optimized_router,0,0
1659,legacy_router,0,0
1660,optimized_router,0,0
1661,optimized_router,1,0
1662,legacy_router,1,0
1663,optimized_router,1,0
1664,optimized_router,1,0
1665,optimized_router,1,0
1666,legacy_router,1,0
1667,legacy_router,1,0
1668,optimized_router,0,0
1669,optimized_router,1,0
1670,legacy_router,1,0
1671,legacy_router,1,0
1672,legacy_router,1,0
1673,optimized_router,1,0
1674,legacy_router,0,0
1675,legacy_router,1,0
1676,legacy_router,1,0
1677,legacy_router,1,0
1678,legacy_router,0,0
1679,optimized_router,0,0
1680,optimized_router,1,0
1681,optimized_router,1,0
1682,optimized_router,1,1
1683,optimized_router,1,0
1684,legacy_router,0,0
1685,legacy_router,0,0
1686,optimized_router,1,0
1687,optimized_router,1,0
1688,optimized_router,1,0
1689,optimized_router,1,1
1690,legacy_router,1,0
1691,optimized_router,1,0
1692,legacy_router,1,0
1693,legacy_router,0,0
1694,legacy_router,0,0
1695,optimized_router,1,0
1696,legacy_router,0,0
1697,legacy_router,1,0
1698,legacy_router,0,0
1699,optimized_router,1,0
1700,optimized_router,1,0
1701,optimized_router,0,0
1702,optimized_router,1,0
1703,legacy_router,1,0
1704,optimized_router,0,0
1705,optimized_router,1,0
1706,legacy_router,1,0
1707,optimized_router,1,0
1708,optimized_router,1,1
1709,optimized_router,1,1
1710,optimized_router,1,0
1711,legacy_router,0,0
1712,legacy_router,1,0
1713,optimized_router,1,0
1714,optimized_router,1,0
1715,legacy_router,1,0
1716,legacy_router,0,0
1717,optimized_router,1,1
1718,optimized_router,1,1
1719,optimized_router,1,0
1720,legacy_router,1,0
1721,legacy_router,1,0
1722,legacy_router,1,0
1723,optimized_router,1,0
1724,optimized_router,1,1
1725,legacy_router,0,0
1726,optimized_router,1,0
1727,optimized_router,1,0
1728,optimized_router,1,0
1729,optimized_router,1,0
1730,legacy_router,1,1
1731,legacy_router,1,0
1732,legacy_router,1,0
1733,legacy_router,0,0
1734,legacy_router,0,0
1735,legacy_router,0,0
1736,optimized_router,1,0
1737,optimized_router,1,0
1738,legacy_router,1,0
1739,legacy_router,1,0
1740,optimized_router,1,0
1741,optimized_router,1,0
1742,legacy_router,1,0
1743,legacy_router,1,0
1744,legacy_router,0,0
1745,legacy_router,1,0
1746,optimized_router,0,0
1747,optimized_router,1,0
1748,optimized_router,1,1
1749,optimized_router,1,0
1750,legacy_router,1,0
1751,optimized_router,1,0
1752,optimized_router,1,1
1753,optimized_router,1,1
1754,optimized_router,0,0
1755,optimized_router,0,0
1756,optimized_router,1,0
1757,optimized_router,1,0
1758,optimized_router,0,0
1759,optimized_router,1,0
1760,legacy_router,0,0
1761,legacy_router,1,0
1762,optimized_router,1,0
1763,legacy_router,1,0
1764,optimized_router,1,0
1765,optimized_router,1,1
1766,optimized_router,1,0
1767,legacy_router,0,0
1768,optimized_router,0,0
1769,legacy_router,0,0
1770,optimized_router,1,0
1771,legacy_router,0,0
1772,legacy_router,0,0
1773,optimized_router,1,0
1774,legacy_router,1,0
1775,optimized_router,1,0
1776,optimized_router,1,0
1777,optimized_router,0,0
1778,optimized_router,1,0
1779,legacy_router,0,0
1780,legacy_router,0,0
1781,optimized_router,1,0
1782,legacy_router,0,0
1783,legacy_router,0,0
1784,optimized_router,1,1
1785,legacy_router,1,1
1786,optimized_router,1,0
1787,optimized_router,1,1
1788,optimized_router,1,0
1789,legacy_router,1,0
1790,legacy_router,0,0
1791,legacy_router,1,0
1792,legacy_router,0,0
1793,optimized_router,0,0
1794,optimized_router,1,0
1795,legacy_router,0,0
1796,optimized_router,1,0
1797,legacy_router,1,0
1798,optimized_router,1,0
1799,optimized_router,1,0
1800,optimized_router,1,0
1801,optimized_router,1,0
1802,optimized_router,0,0
1803,legacy_router,1,0
1804,optimized_router,1,0
1805,optimized_router,1,0
1806,legacy_router,0,0
1807,optimized_router,1,0
1808,legacy_router,1,0
1809,optimized_router,1,0
1810,optimized_router,1,1
1811,optimized_router,1,0
1812,legacy_router,1,0
1813,legacy_router,1,0
1814,legacy_router,0,0
1815,legacy_router,1,0
1816,legacy_router,1,0
1817,optimized_router,1,0
1818,legacy_router,0,0
1819,legacy_router,0,0
1820,optimized_router,1,0
1821,legacy_router,1,0
1822,legacy_router,1,0
1823,legacy_router,1,1
1824,optimized_router,1,0
1825,optimized_router,1,0
1826,optimized_router,1,0
1827,legacy_router,0,0
1828,legacy_router,1,0
1829,optimized_router,1,0
1830,optimized_router,1,1
1831,legacy_router,1,0
1832,legacy_router,1,0
1833,legacy_router,1,0
1834,optimized_router,0,0
1835,optimized_router,1,0
1836,legacy_router,1,1
1837,optimized_router,1,0
1838,optimized_router,1,0
1839,optimized_router,1,1
1840,optimized_router,1,0
1841,legacy_router,1,0
1842,optimized_router,1,0
1843,legacy_router,0,0
1844,legacy_router,0,0
1845,optimized_router,1,0
1846,legacy_router,0,0
1847,optimized_router,1,0
1848,legacy_router,0,0
1849,optimized_router,1,0
1850,legacy_router,1,0
1851,optimized_router,1,0
1852,legacy_router,1,0
1853,legacy_router,1,0
1854,legacy_router,1,0
1855,legacy_router,0,0
1856,legacy_router,1,0
1857,optimized_router,1,0
1858,legacy_router,1,0
1859,legacy_router,1,0
1860,legacy_router,1,0
1861,legacy_router,1,0
1862,legacy_router,1,0
1863,optimized_router,1,1
1864,legacy_router,1,0
1865,legacy_router,1,0
1866,legacy_router,1,0
1867,optimized_router,0,0
1868,optimized_router,0,0
1869,optimized_router,1,0
1870,legacy_router,0,0
1871,legacy_router,1,0
1872,legacy_router,1,0
1873,optimized_router,1,0
1874,legacy_router,1,1
1875,optimized_router,1,1
1876,optimized_router,1,1
1877,legacy_router,1,0
1878,legacy_router,0,0
1879,legacy_router,1,0
1880,legacy_router,1,0
1881,legacy_router,1,0
1882,legacy_router,1,0
1883,legacy_router,1,0
1884,legacy_router,0,0
1885,optimized_router,1,0
1886,optimized_router,1,0
1887,legacy_router,0,0
1888,legacy_router,1,0
1889,legacy_router,1,0
1890,optimized_router,1,0
1891,legacy_router,1,0
1892,optimized_router,1,0
1893,legacy_router,1,0
1894,optimized_router,1,1
1895,legacy_router,1,0
1896,legacy_router,1,0
1897,legacy_router,0,0
1898,legacy_router,1,0
1899,optimized_router,1,0
1900,optimized_router,1,0
1901,legacy_router,0,0
1902,optimized_router,1,0
1903,optimized_router,1,0
1904,optimized_router,1,0
1905,optimized_router,1,0
1906,optimized_router,1,0
1907,optimized_router,0,0
1908,optimized_router,1,1
1909,legacy_router,0,0
1910,legacy_router,1,0
1911,legacy_router,1,0
1912,legacy_router,0,0
1913,optimized_router,1,0
1914,legacy_router,1,0
1915,optimized_router,0,0
1916,legacy_router,1,0
1917,optimized_router,1,0
1918,optimized_router,1,0
1919,optimized_router,1,0
1920,optimized_router,1,1
1921,legacy_router,0,0
1922,legacy_router,0,0
1923,legacy_router,1,0
1924,optimized_router,1,0
1925,optimized_router,1,0
1926,optimized_router,1,0
1927,legacy_router,1,0
1928,legacy_router,0,0
1929,legacy_router,1,0
1930,legacy_router,0,0
1931,legacy_router,0,0
1932,legacy_router,1,0
1933,optimized_router,1,0
1934,legacy_router,1,0
1935,optimized_router,1,0
1936,optimized_router,1,0
1937,legacy_router,1,0
1938,optimized_router,1,0
1939,optimized_router,1,0
1940,legacy_router,1,0
1941,optimized_router,1,0
1942,optimized_router,1,1
1943,legacy_router,1,0
1944,optimized_router,1,0
1945,optimized_router,1,1
1946,optimized_router,1,0
1947,legacy_router,1,0
1948,legacy_router,0,0
1949,optimized_router,1,0
1950,optimized_router,0,0
1951,optimized_router,1,0
1952,optimized_router,1,0
1953,optimized_router,1,1
1954,optimized_router,1,1
1955,optimized_router,1,1
1956,optimized_router,1,0
1957,legacy_router,0,0
1958,optimized_router,1,0
1959,optimized_router,1,0
1960,legacy_router,1,0
1961,optimized_router,1,0
1962,legacy_router,1,0
1963,optimized_router,0,0
1964,optimized_router,0,0
1965,optimized_router,1,0
1966,optimized_router,1,0
1967,legacy_router,0,0
1968,legacy_router,0,0
1969,optimized_router,1,1
1970,optimized_router,1,0
1971,optimized_router,0,0
1972,legacy_router,1,0
1973,optimized_router,1,1
1974,optimized_router,1,1
1975,optimized_router,1,0
1976,optimized_router,1,1
1977,optimized_router,1,1
1978,optimized_router,0,0
1979,optimized_router,1,0
1980,legacy_router,1,0
1981,legacy_router,1,0
1982,legacy_router,1,1
1983,optimized_router,1,0
1984,legacy_router,0,0
1985,optimized_router,1,0
1986,optimized_router,0,0
1987,legacy_router,0,0
1988,optimized_router,0,0
1989,optimized_router,0,0
1990,optimized_router,1,0
1991,legacy_router,0,0
1992,optimized_router,1,0
1993,legacy_router,1,0
1994,legacy_router,0,0
1995,legacy_router,0,0
1996,legacy_router,0,0
1997,legacy_router,0,0
1998,optimized_router,1,0
1999,legacy_router,0,0
2000,optimized_router,1,0
2001,legacy_router,0,0
2002,legacy_router,0,0
2003,legacy_router,0,0
2004,optimized_router,0,0
2005,legacy_router,0,0
2006,legacy_router,1,0
2007,legacy_router,0,0
2008,optimized_router,1,1
2009,legacy_router,1,0
2010,legacy_router,1,0
2011,legacy_router,1,0
2012,legacy_router,0,0
2013,legacy_router,1,0
2014,legacy_router,0,0
2015,optimized_router,1,0
2016,legacy_router,0,0
2017,legacy_router,1,0
2018,legacy_router,0,0
2019,legacy_router,1,0
2020,legacy_router,1,0
2021,optimized_router,0,0
2022,optimized_router,1,0
2023,optimized_router,1,1
2024,legacy_router,1,0
2025,optimized_router,1,0
2026,optimized_router,0,0
2027,legacy_router,1,0
2028,legacy_router,1,0
2029,optimized_router,1,1
2030,legacy_router,0,0
2031,legacy_router,1,0
2032,legacy_router,1,0
2033,legacy_router,0,0
2034,optimized_router,0,0
2035,optimized_router,1,1
2036,optimized_router,1,0
2037,optimized_router,1,0
2038,optimized_router,0,0
2039,optimized_router,1,0
2040,legacy_router,1,0
2041,optimized_router,0,0
2042,optimized_router,1,0
2043,optimized_router,1,0
2044,legacy_router,1,0
2045,legacy_router,0,0
2046,optimized_router,1,0
2047,legacy_router,0,0
2048,legacy_router,1,0
2049,legacy_router,1,0
2050,optimized_router,1,0
2051,legacy_router,1,0
2052,legacy_router,1,0
2053,legacy_router,1,0
2054,optimized_router,1,0
2055,optimized_router,1,0
2056,optimized_router,0,0
2057,legacy_router,0,0
2058,optimized_router,1,0
2059,optimized_router,1,0
2060,legacy_router,0,0
2061,optimized_router,1,0
2062,optimized_router,1,0
2063,legacy_router,1,0
2064,optimized_router,1,0
2065,optimized_router,1,1
2066,legacy_router,0,0
2067,optimized_router,1,0
2068,optimized_router,1,0
2069,optimized_router,0,0
2070,legacy_router,1,0
2071,legacy_router,0,0
2072,optimized_router,0,0
2073,optimized_router,0,0
2074,legacy_router,0,0
2075,optimized_router,1,0
2076,legacy_router,1,0
2077,optimized_router,1,1
2078,optimized_router,1,1
2079,optimized_router,0,0
2080,optimized_router,1,1
2081,legacy_router,0,0
2082,legacy_router,0,0
2083,legacy_router,1,0
2084,legacy_router,1,0
2085,optimized_router,1,1
2086,optimized_router,1,0
2087,optimized_router,1,1
2088,legacy_router,0,0
2089,legacy_router,0,0
2090,legacy_router,1,0
2091,optimized_router,0,0
2092,legacy_router,1,0
2093,legacy_router,0,0
2094,optimized_router,1,0
2095,optimized_router,1,0
2096,optimized_router,1,0
2097,optimized_router,1,0
2098,optimized_router,1,0
2099,legacy_router,0,0
2100,optimized_router,1,0
2101,legacy_router,1,0
2102,optimized_router,1,1
2103,legacy_router,1,0
2104,legacy_router,1,0
2105,optimized_router,1,0
2106,legacy_router,1,0
2107,optimized_router,1,0
2108,optimized_router,1,0
2109,optimized_router,1,0
2110,optimized_router,1,0
2111,optimized_router,0,0
2112,legacy_router,1,0
2113,legacy_router,0,0
2114,optimized_router,1,0
2115,optimized_router,1,0
2116,optimized_router,1,0
2117,optimized_router,1,0
2118,legacy_router,1,0
2119,optimized_router,0,0
2120,legacy_router,0,0
2121,optimized_router,1,0
2122,optimized_router,1,0
2123,legacy_router,1,0
2124,optimized_router,1,0
2125,legacy_router,0,0
2126,legacy_router,0,0
2127,optimized_router,1,0
2128,legacy_router,0,0
2129,optimized_router,1,0
2130,legacy_router,1,0
2131,optimized_router,1,0
2132,legacy_router,1,0
2133,legacy_router,1,0
2134,legacy_router,1,0
2135,optimized_router,0,0
2136,optimized_router,1,0
2137,optimized_router,0,0
2138,legacy_router,1,0
2139,optimized_router,1,0
2140,legacy_router,0,0
2141,legacy_router,1,0
2142,optimized_router,1,0
2143,optimized_router,1,1
2144,optimized_router,1,0
2145,legacy_router,0,0
2146,legacy_router,1,0
2147,legacy_router,1,0
2148,legacy_router,1,0
2149,legacy_router,1,0
2150,optimized_router,1,0
2151,optimized_router,1,0
2152,optimized_router,0,0
2153,optimized_router,1,1
2154,optimized_router,1,1
2155,legacy_router,1,0
2156,optimized_router,1,1
2157,optimized_router,1,0
2158,optimized_router,1,0
2159,legacy_router,0,0
2160,legacy_router,1,0
2161,legacy_router,1,0
2162,optimized_router,1,1
2163,optimized_router,1,0
2164,optimized_router,1,0
2165,legacy_router,1,0
2166,optimized_router,0,0
2167,legacy_router,1,0
2168,legacy_router,1,0
2169,optimized_router,0,0
2170,legacy_router,0,0
2171,legacy_router,1,0
2172,legacy_router,0,0
2173,optimized_router,1,0
2174,optimized_router,1,0
2175,optimized_router,1,0
2176,legacy_router,0,0
2177,optimized_router,1,0
2178,optimized_router,0,0
2179,optimized_router,1,0
2180,legacy_router,1,0
2181,optimized_router,1,1
2182,optimized_router,0,0
2183,optimized_router,0,0
2184,legacy_router,0,0
2185,legacy_router,0,0
2186,legacy_router,0,0
2187,optimized_router,1,0
2188,legacy_router,0,0
2189,legacy_router,1,0
2190,optimized_router,1,0
2191,optimized_router,1,0
2192,optimized_router,0,0
2193,optimized_router,0,0
2194,optimized_router,1,0
2195,legacy_router,0,0
2196,legacy_router,0,0
2197,optimized_router,1,0
2198,optimized_router,1,0
2199,optimized_router,1,0
2200,legacy_router,1,0
2201,optimized_router,1,1
2202,legacy_router,0,0
2203,legacy_router,0,0
2204,legacy_router,0,0
2205,optimized_router,1,0
2206,optimized_router,1,1
2207,legacy_router,0,0
2208,legacy_router,1,1
2209,legacy_router,1,0
2210,optimized_router,0,0
2211,legacy_router,0,0
2212,optimized_router,1,0
2213,optimized_router,1,0
2214,legacy_router,1,0
2215,legacy_router,0,0
2216,optimized_router,0,0
2217,optimized_router,1,0
2218,optimized_router,1,0
2219,legacy_router,0,0
2220,legacy_router,0,0
2221,legacy_router,0,0
2222,legacy_router,0,0
2223,optimized_router,1,0
2224,optimized_router,1,1
2225,optimized_router,0,0
2226,optimized_router,1,1
2227,optimized_router,0,0
2228,optimized_router,1,0
2229,optimized_router,1,0
2230,legacy_router,1,0
2231,optimized_router,0,0
2232,legacy_router,1,0
2233,legacy_router,0,0
2234,legacy_router,1,0
2235,legacy_router,0,0
2236,legacy_router,1,0
2237,optimized_router,1,0
2238,optimized_router,1,0
2239,legacy_router,1,0
2240,optimized_router,0,0
2241,legacy_router,1,0
2242,optimized_router,0,0
2243,optimized_router,1,0
2244,optimized_router,1,0
2245,optimized_router,1,0
2246,optimized_router,1,0
2247,legacy_router,0,0
2248,legacy_router,1,0
2249,legacy_router,1,0
2250,optimized_router,1,0
2251,legacy_router,0,0
2252,legacy_router,0,0
2253,optimized_router,1,1
2254,optimized_router,0,0
2255,optimized_router,1,0
2256,optimized_router,1,0
2257,optimized_router,1,0
2258,optimized_router,0,0
2259,legacy_router,0,0
2260,optimized_router,1,0
2261,legacy_router,0,0
2262,legacy_router,1,0
2263,legacy_router,0,0
2264,legacy_router,1,0
2265,legacy_router,0,0
2266,legacy_router,0,0
2267,legacy_router,0,0
2268,legacy_router,1,0
2269,optimized_router,1,0
2270,legacy_router,1,0
2271,optimized_router,1,0
2272,optimized_router,1,0
2273,optimized_router,1,0
2274,optimized_router,1,0
2275,optimized_router,1,0
2276,optimized_router,0,0
2277,optimized_router,1,0
2278,legacy_router,0,0
2279,legacy_router,0,0
2280,optimized_router,1,0
2281,optimized_router,1,0
2282,legacy_router,0,0
2283,optimized_router,1,0
2284,optimized_router,1,0
2285,legacy_router,0,0
2286,optimized_router,0,0
2287,legacy_router,1,0
2288,optimized_router,1,1
2289,legacy_router,1,1
2290,optimized_router,1,0
2291,legacy_router,0,0
2292,optimized_router,1,1
2293,optimized_router,1,1
2294,legacy_router,0,0
2295,legacy_router,1,0
2296,optimized_router,0,0
2297,legacy_router,1,0
2298,legacy_router,0,0
2299,legacy_router,1,0
2300,legacy_router,1,0
2301,legacy_router,1,0
2302,legacy_router,0,0
2303,legacy_router,0,0
2304,optimized_router,1,0
2305,optimized_router,1,1
2306,optimized_router,0,0
2307,optimized_router,1,0
2308,optimized_router,1,1
2309,optimized_router,1,0
2310,legacy_router,0,0
2311,legacy_router,0,0
2312,legacy_router,0,0
2313,optimized_router,1,0
2314,legacy_router,1,0
2315,optimized_router,0,0
2316,legacy_router,1,0
2317,optimized_router,1,0
2318,legacy_router,1,0
2319,legacy_router,0,0
2320,optimized_router,0,0
2321,optimized_router,1,1
2322,optimized_router,1,0
2323,legacy_router,0,0
2324,optimized_router,1,1
2325,optimized_router,1,1
2326,optimized_router,1,0
2327,optimized_router,1,0
2328,legacy_router,0,0
2329,optimized_router,1,0
2330,legacy_router,0,0
2331,optimized_router,0,0
2332,legacy_router,0,0
2333,legacy_router,1,0
2334,optimized_router,1,0
2335,legacy_router,1,0
2336,optimized_router,1,0
2337,legacy_router,1,0
2338,optimized_router,1,1
2339,legacy_router,1,0
2340,legacy_router,0,0
2341,optimized_router,1,0
2342,legacy_router,0,0
2343,optimized_router,0,0
2344,legacy_router,0,0
2345,legacy_router,1,0
2346,optimized_router,1,0
2347,optimized_router,0,0
2348,optimized_router,0,0
2349,legacy_router,1,0
2350,optimized_router,1,0
2351,optimized_router,1,0
2352,legacy_router,1,0
2353,legacy_router,1,0
2354,optimized_router,1,0
2355,optimized_router,1,0
2356,optimized_router,1,0
2357,optimized_router,1,0
2358,optimized_router,1,0
2359,legacy_router,1,0
2360,optimized_router,0,0
2361,legacy_router,1,0
2362,optimized_router,0,0
2363,optimized_router,0,0
2364,optimized_router,0,0
2365,legacy_router,1,0
2366,optimized_router,1,0
2367,legacy_router,1,0
2368,legacy_router,0,0
2369,legacy_router,0,0
2370,optimized_router,0,0
2371,optimized_router,1,0
2372,legacy_router,1,0
2373,legacy_router,1,0
2374,legacy_router,1,0
2375,optimized_router,1,0
2376,legacy_router,0,0
2377,legacy_router,1,0
2378,optimized_router,1,0
2379,legacy_router,1,0
2380,optimized_router,1,0
2381,legacy_router,1,0
2382,optimized_router,1,1
2383,optimized_router,1,0
2384,optimized_router,1,0
2385,optimized_router,1,0
2386,legacy_router,0,0
2387,optimized_router,1,1
2388,legacy_router,1,0
2389,legacy_router,1,0
2390,optimized_router,1,0
2391,legacy_router,1,0
2392,legacy_router,0,0
2393,legacy_router,1,0
2394,optimized_router,1,1
2395,legacy_router,0,0
2396,legacy_router,1,0
2397,legacy_router,0,0
2398,optimized_router,0,0
2399,legacy_router,1,0
2400,optimized_router,1,0
2401,optimized_router,1,1
2402,legacy_router,1,0
2403,optimized_router,0,0
2404,optimized_router,1,1
2405,optimized_router,1,0
2406,optimized_router,1,0
2407,legacy_router,1,0
2408,optimized_router,1,0
2409,legacy_router,0,0
2410,legacy_router,1,0
2411,optimized_router,1,1
2412,legacy_router,0,0
2413,optimized_router,1,0
2414,legacy_router,0,0
2415,legacy_router,1,0
2416,optimized_router,1,0
2417,legacy_router,0,0
2418,optimized_router,1,0
2419,optimized_router,1,0
2420,legacy_router,1,0
2421,legacy_router,0,0
2422,optimized_router,1,0
2423,optimized_router,1,0
2424,legacy_router,0,0
2425,optimized_router,1,0
2426,optimized_router,1,0
2427,legacy_router,1,0
2428,legacy_router,1,0
2429,legacy_router,1,0
2430,legacy_router,0,0
2431,legacy_router,1,0
2432,optimized_router,0,0
2433,legacy_router,1,0
2434,optimized_router,1,0
2435,legacy_router,0,0
2436,optimized_router,1,1
2437,legacy_router,1,0
2438,legacy_router,1,0
2439,optimized_router,1,0
2440,optimized_router,1,0
2441,legacy_router,1,0
2442,optimized_router,1,1
2443,optimized_router,1,0
2444,optimized_router,1,1
2445,optimized_router,0,0
2446,optimized_router,1,1
2447,legacy_router,1,0
2448,legacy_router,1,0
2449,optimized_router,1,1
2450,legacy_router,1,0
2451,optimized_router,1,0
2452,legacy_router,0,0
2453,optimized_router,1,1
2454,optimized_router,1,0
2455,legacy_router,1,0
2456,optimized_router,1,0
2457,legacy_router,1,0
2458,legacy_router,1,0
2459,legacy_router,1,0
2460,legacy_router,0,0
2461,optimized_router,1,0
2462,optimized_router,1,1
2463,legacy_router,0,0
2464,legacy_router,0,0
2465,legacy_router,0,0
2466,legacy_router,0,0
2467,legacy_router,0,0
2468,optimized_router,1,1
2469,legacy_router,1,0
2470,legacy_router,0,0
2471,legacy_router,1,0
2472,legacy_router,1,0
2473,legacy_router,1,0
2474,legacy_router,1,0
2475,legacy_router,1,0
2476,legacy_router,0,0
2477,optimized_router,1,1
2478,optimized_router,1,0
2479,optimized_router,1,0
2480,legacy_router,1,0
2481,optimized_router,1,0
2482,optimized_router,1,1
2483,optimized_router,1,1
2484,legacy_router,0,0
2485,legacy_router,1,0
2486,legacy_router,0,0
2487,optimized_router,1,0
2488,legacy_router,1,0
2489,legacy_router,1,0
2490,legacy_router,1,0
2491,optimized_router,1,1
2492,legacy_router,0,0
2493,optimized_router,1,1
2494,legacy_router,1,0
2495,optimized_router,1,0
2496,legacy_router,1,0
2497,legacy_router,1,0
2498,optimized_router,1,0
2499,legacy_router,0,0
2500,optimized_router,0,0
2501,optimized_router,0,0
2502,optimized_router,1,0
2503,legacy_router,1,0
2504,legacy_router,1,1
2505,optimized_router,0,0
2506,legacy_router,1,0
2507,optimized_router,1,0
2508,optimized_router,1,1
2509,legacy_router,0,0
2510,legacy_router,1,0
2511,legacy_router,0,0
2512,optimized_router,0,0
2513,optimized_router,1,1
2514,legacy_router,1,0
2515,optimized_router,1,0
2516,legacy_router,1,0
2517,optimized_router,0,0
2518,legacy_router,1,0
2519,optimized_router,1,0
2520,optimized_router,1,0
2521,legacy_router,0,0
2522,legacy_router,0,0
2523,optimized_router,1,0
2524,optimized_router,1,0
2525,optimized_router,1,0
2526,optimized_router,1,1
2527,optimized_router,1,0
2528,optimized_router,0,0
2529,optimized_router,0,0
2530,optimized_router,0,0
2531,optimized_router,1,0
2532,optimized_router,0,0
2533,optimized_router,1,0
2534,optimized_router,1,0
2535,legacy_router,0,0
2536,legacy_router,0,0
2537,legacy_router,1,0
2538,legacy_router,1,0
2539,legacy_router,1,0
2540,legacy_router,1,0
2541,legacy_router,0,0
2542,legacy_router,0,0
2543,legacy_router,0,0
2544,optimized_router,1,0
2545,legacy_router,0,0
2546,legacy_router,0,0
2547,optimized_router,0,0
2548,legacy_router,0,0
2549,optimized_router,1,0
2550,legacy_router,0,0
2551,legacy_router,1,0
2552,optimized_router,1,0
2553,optimized_router,1,1
2554,legacy_router,0,0
2555,optimized_router,0,0
2556,optimized_router,1,1
2557,optimized_router,1,0
2558,optimized_router,0,0
2559,legacy_router,1,0
2560,legacy_router,0,0
2561,legacy_router,0,0
2562,optimized_router,1,1
2563,optimized_router,1,0
2564,legacy_router,0,0
2565,legacy_router,0,0
2566,optimized_router,1,0
2567,optimized_router,1,0
2568,optimized_router,1,0
2569,legacy_router,1,0
2570,legacy_router,1,1
2571,optimized_router,1,0
2572,optimized_router,1,1
2573,legacy_router,0,0
2574,optimized_router,1,0
2575,optimized_router,1,0
2576,optimized_router,0,0
2577,legacy_router,1,0
2578,legacy_router,0,0
2579,legacy_router,0,0
2580,optimized_router,1,1
2581,optimized_router,1,0
2582,optimized_router,1,0
2583,legacy_router,0,0
2584,legacy_router,0,0
2585,optimized_router,1,0
2586,optimized_router,0,0
2587,legacy_router,1,0
2588,optimized_router,1,1
2589,optimized_router,1,0
2590,optimized_router,1,0
2591,legacy_router,1,0
2592,optimized_router,0,0
2593,legacy_router,1,0
2594,optimized_router,1,1
2595,legacy_router,1,0
2596,legacy_router,1,0
2597,legacy_router,1,0
2598,legacy_router,0,0
2599,optimized_router,0,0
2600,optimized_router,1,1
2601,legacy_router,0,0
2602,legacy_router,1,0
2603,optimized_router,1,1
2604,legacy_router,0,0
2605,optimized_router,1,1
2606,optimized_router,0,0
2607,legacy_router,0,0
2608,legacy_router,0,0
2609,legacy_router,0,0
2610,legacy_router,0,0
2611,optimized_router,1,0
2612,optimized_router,1,0
2613,legacy_router,0,0
2614,optimized_router,1,0
2615,optimized_router,1,0
2616,optimized_router,0,0
2617,legacy_router,0,0
2618,optimized_router,1,1
2619,legacy_router,1,0
2620,legacy_router,1,0
2621,optimized_router,1,0
2622,legacy_router,1,0
2623,legacy_router,0,0
2624,optimized_router,1,0
2625,optimized_router,1,0
2626,legacy_router,1,0
2627,optimized_router,0,0
2628,optimized_router,1,0
2629,optimized_router,1,0
2630,legacy_router,0,0
2631,legacy_router,0,0
2632,legacy_router,1,0
2633,optimized_router,1,0
2634,legacy_router,0,0
2635,legacy_router,1,0
2636,optimized_router,1,0
2637,optimized_router,1,1
2638,legacy_router,0,0
2639,optimized_router,0,0
2640,optimized_router,1,0
2641,legacy_router,0,0
2642,legacy_router,0,0
2643,optimized_router,1,0
2644,legacy_router,0,0
2645,optimized_router,1,0
2646,legacy_router,0,0
2647,optimized_router,1,0
2648,legacy_router,0,0
2649,legacy_router,1,0
2650,optimized_router,1,0
2651,legacy_router,1,1
2652,legacy_router,0,0
2653,optimized_router,1,1
2654,legacy_router,1,0
2655,legacy_router,0,0
2656,optimized_router,0,0
2657,legacy_router,1,0
2658,legacy_router,1,0
2659,legacy_router,0,0
2660,legacy_router,1,0
2661,optimized_router,1,0
2662,optimized_router,0,0
2663,legacy_router,0,0
2664,optimized_router,1,0
2665,optimized_router,0,0
2666,legacy_router,0,0
2667,optimized_router,1,0
2668,legacy_router,0,0
2669,legacy_router,1,0
2670,legacy_router,1,0
2671,legacy_router,1,0
2672,legacy_router,1,0
2673,legacy_router,0,0
2674,optimized_router,1,1
2675,optimized_router,1,0
2676,optimized_router,1,0
2677,legacy_router,1,0
2678,legacy_router,1,0
2679,legacy_router,0,0
2680,legacy_router,1,1
2681,optimized_router,1,0
2682,optimized_router,1,0
2683,legacy_router,0,0
2684,legacy_router,0,0
2685,optimized_router,1,0
2686,optimized_router,1,0
2687,legacy_router,1,0
2688,optimized_router,1,0
2689,legacy_router,1,0
2690,legacy_router,0,0
2691,legacy_router,1,0
2692,optimized_router,1,0
2693,legacy_router,0,0
2694,optimized_router,1,1
2695,optimized_router,0,0
2696,legacy_router,0,0
2697,optimized_router,1,1
2698,optimized_router,1,0
2699,optimized_router,1,0
2700,legacy_router,0,0
2701,legacy_router,1,0
2702,optimized_router,1,0
2703,legacy_router,0,0
2704,legacy_router,0,0
2705,legacy_router,1,0
2706,legacy_router,1,0
2707,optimized_router,1,1
2708,optimized_router,1,0
2709,optimized_router,1,1
2710,legacy_router,0,0
2711,optimized_router,1,1
2712,legacy_router,0,0
2713,optimized_router,0,0
2714,legacy_router,1,0
2715,optimized_router,1,0
2716,legacy_router,1,0
2717,optimized_router,0,0
2718,legacy_router,1,0
2719,legacy_router,1,1
2720,legacy_router,0,0
2721,legacy_router,0,0
2722,legacy_router,0,0
2723,legacy_router,1,0
2724,legacy_router,0,0
2725,optimized_router,1,0
2726,optimized_router,0,0
2727,optimized_router,1,1
2728,legacy_router,1,0
2729,optimized_router,1,1
2730,legacy_router,1,0
2731,optimized_router,0,0
2732,legacy_router,1,0
2733,optimized_router,1,0
2734,legacy_router,0,0
2735,legacy_router,1,1
2736,legacy_router,0,0
2737,legacy_router,0,0
2738,optimized_router,1,0
2739,optimized_router,1,0
2740,legacy_router,0,0
2741,optimized_router,1,0
2742,optimized_router,0,0
2743,legacy_router,1,0
2744,optimized_router,1,0
2745,legacy_router,0,0
2746,optimized_router,1,0
2747,legacy_router,0,0
2748,optimized_router,1,1
2749,legacy_router,0,0
2750,legacy_router,1,1
2751,legacy_router,0,0
2752,optimized_router,1,0
2753,legacy_router,0,0
2754,legacy_router,1,0
2755,legacy_router,1,0
2756,optimized_router,1,0
2757,legacy_router,0,0
2758,optimized_router,1,1
2759,optimized_router,1,0
2760,optimized_router,1,0
2761,optimized_router,0,0
2762,optimized_router,1,0
2763,legacy_router,0,0
2764,legacy_router,0,0
2765,optimized_router,1,1
2766,legacy_router,1,0
2767,legacy_router,1,0
2768,optimized_router,1,0
2769,optimized_router,1,0
2770,legacy_router,1,0
2771,optimized_router,1,0
2772,optimized_router,1,1
2773,legacy_router,1,0
2774,optimized_router,1,0
2775,legacy_router,0,0
2776,legacy_router,1,0
2777,optimized_router,1,1
2778,optimized_router,0,0
2779,legacy_router,1,0
2780,legacy_router,0,0
2781,optimized_router,1,0
2782,optimized_router,1,1
2783,optimized_router,1,0
2784,legacy_router,1,0
2785,optimized_router,1,1
2786,legacy_router,0,0
2787,optimized_router,1,0
2788,legacy_router,1,0
2789,legacy_router,1,0
2790,optimized_router,1,1
2791,optimized_router,1,0
2792,optimized_router,1,0
2793,optimized_router,1,0
2794,legacy_router,0,0
2795,legacy_router,0,0
2796,optimized_router,0,0
2797,optimized_router,1,1
2798,legacy_router,1,0
2799,legacy_router,1,0
2800,optimized_router,1,0
2801,optimized_router,1,0
2802,legacy_router,0,0
2803,legacy_router,1,0
2804,legacy_router,1,1
2805,legacy_router,1,0
2806,legacy_router,1,0
2807,optimized_router,1,0
2808,optimized_router,1,0
2809,optimized_router,0,0
2810,legacy_router,1,0
2811,legacy_router,1,0
2812,optimized_router,0,0
2813,optimized_router,0,0
2814,optimized_router,1,1
2815,legacy_router,0,0
2816,legacy_router,1,0
2817,optimized_router,1,0
2818,optimized_router,1,1
2819,optimized_router,1,0
2820,optimized_router,1,0
2821,optimized_router,1,0
2822,legacy_router,1,0
2823,legacy_router,0,0
2824,legacy_router,1,0
2825,optimized_router,1,1
2826,optimized_router,1,0
2827,optimized_router,1,0
2828,optimized_router,1,1
2829,optimized_router,1,0
2830,legacy_router,1,0
2831,legacy_router,0,0
2832,optimized_router,1,0
2833,optimized_router,1,0
2834,legacy_router,0,0
2835,optimized_router,1,0
2836,legacy_router,0,0
2837,optimized_router,1,1
2838,legacy_router,0,0
2839,optimized_router,1,0
2840,legacy_router,0,0
2841,legacy_router,0,0
2842,optimized_router,1,1
2843,optimized_router,1,1
2844,legacy_router,1,1
2845,optimized_router,0,0
2846,legacy_router,1,0
2847,legacy_router,1,0
2848,optimized_router,0,0
2849,optimized_router,1,0
2850,optimized_router,1,0
2851,legacy_router,0,0
2852,legacy_router,0,0
2853,legacy_router,0,0
2854,optimized_router,1,0
2855,legacy_router,1,0
2856,legacy_router,0,0
2857,optimized_router,1,0
2858,legacy_router,0,0
2859,optimized_router,1,1
2860,legacy_router,0,0
2861,optimized_router,1,0
2862,legacy_router,1,0
2863,optimized_router,1,1
2864,legacy_router,1,0
2865,legacy_router,0,0
2866,legacy_router,1,0
2867,optimized_router,1,0
2868,legacy_router,0,0
2869,legacy_router,0,0
2870,optimized_router,1,0
2871,legacy_router,1,0
2872,optimized_router,0,0
2873,legacy_router,1,0
2874,optimized_router,1,0
2875,optimized_router,0,0
2876,legacy_router,0,0
2877,optimized_router,0,0
2878,legacy_router,0,0
2879,legacy_router,1,0
2880,legacy_router,1,0
2881,optimized_router,1,0
2882,optimized_router,1,0
2883,legacy_router,1,0
2884,optimized_router,0,0
2885,optimized_router,1,1
2886,optimized_router,1,0
2887,legacy_router,0,0
2888,legacy_router,0,0
2889,legacy_router,1,0
2890,legacy_router,0,0
2891,optimized_router,1,0
2892,legacy_router,0,0
2893,legacy_router,0,0
2894,legacy_router,1,0
2895,legacy_router,0,0
2896,legacy_router,0,0
2897,legacy_router,0,0
2898,optimized_router,1,1
2899,optimized_router,1,0
2900,legacy_router,1,0
2901,legacy_router,1,0
2902,legacy_router,0,0
2903,optimized_router,0,0
2904,optimized_router,0,0
2905,legacy_router,1,0
2906,optimized_router,1,0
2907,optimized_router,1,0
2908,optimized_router,1,0
2909,optimized_router,1,0
2910,optimized_router,0,0
2911,legacy_router,0,0
2912,optimized_router,0,0
2913,optimized_router,0,0
2914,legacy_router,1,0
2915,legacy_router,1,0
2916,legacy_router,1,0
2917,legacy_router,1,0
2918,legacy_router,0,0
2919,optimized_router,0,0
2920,legacy_router,1,0
2921,legacy_router,1,0
2922,legacy_router,0,0
2923,legacy_router,1,0
2924,optimized_router,0,0
2925,legacy_router,0,0
2926,optimized_router,1,0
2927,legacy_router,1,0
2928,optimized_router,1,0
2929,legacy_router,0,0
2930,optimized_router,0,0
2931,optimized_router,1,0
2932,legacy_router,1,0
2933,legacy_router,0,0
2934,legacy_router,0,0
2935,legacy_router,1,0
2936,legacy_router,1,0
2937,legacy_router,0,0
2938,legacy_router,0,0
2939,optimized_router,0,0
2940,optimized_router,1,0
2941,optimized_router,1,0
2942,legacy_router,1,0
2943,legacy_router,0,0
2944,legacy_router,1,0
2945,legacy_router,1,0
2946,optimized_router,1,0
2947,legacy_router,0,0
2948,legacy_router,0,0
2949,optimized_router,1,0
2950,optimized_router,1,0
2951,optimized_router,0,0
2952,legacy_router,1,0
2953,optimized_router,1,0
2954,legacy_router,0,0
2955,legacy_router,1,0
2956,legacy_router,0,0
2957,optimized_router,1,0
2958,optimized_router,1,1
2959,legacy_router,1,0
2960,optimized_router,1,1
2961,optimized_router,1,1
2962,legacy_router,0,0
2963,optimized_router,1,0
2964,optimized_router,1,0
2965,legacy_router,0,0
2966,legacy_router,1,0
2967,legacy_router,1,0
2968,optimized_router,1,0
2969,legacy_router,1,0
2970,optimized_router,0,0
2971,legacy_router,1,0
2972,legacy_router,1,0
2973,legacy_router,1,0
2974,legacy_router,0,0
2975,optimized_router,1,1
2976,optimized_router,1,1
2977,legacy_router,1,0
2978,legacy_router,1,0
2979,legacy_router,1,0
2980,optimized_router,1,0
2981,legacy_router,1,0
2982,legacy_router,0,0
2983,optimized_router,1,1
2984,legacy_router,0,0
2985,legacy_router,1,0
2986,legacy_router,1,0
2987,legacy_router,0,0
2988,legacy_router,1,0
2989,optimized_router,1,0
2990,legacy_router,1,0
2991,optimized_router,1,0
2992,optimized_router,1,1
2993,legacy_router,1,0
2994,legacy_router,1,0
2995,legacy_router,1,0
2996,legacy_router,1,0
2997,optimized_router,1,1
2998,legacy_router,1,0
2999,optimized_router,1,1
3000,optimized_router,0,0
3001,optimized_router,0,0
3002,optimized_router,1,0
3003,legacy_router,1,0
3004,optimized_router,1,1
3005,legacy_router,1,0
3006,optimized_router,1,0
3007,legacy_router,1,0
3008,legacy_router,1,0
3009,legacy_router,0,0
3010,optimized_router,1,0
3011,optimized_router,1,1
3012,legacy_router,0,0
3013,optimized_router,1,1
3014,legacy_router,0,0
3015,legacy_router,1,0
3016,optimized_router,1,1
3017,optimized_router,1,0
3018,legacy_router,1,0
3019,legacy_router,0,0
3020,optimized_router,1,0
3021,legacy_router,0,0
3022,optimized_router,1,0
3023,optimized_router,1,0
3024,legacy_router,0,0
3025,legacy_router,0,0
3026,legacy_router,1,0
3027,legacy_router,1,1
3028,optimized_router,1,1
3029,optimized_router,1,0
3030,legacy_router,1,0
3031,legacy_router,1,0
3032,optimized_router,1,0
3033,optimized_router,1,0
3034,optimized_router,0,0
3035,optimized_router,1,0
3036,legacy_router,0,0
3037,legacy_router,1,0
3038,legacy_router,1,0
3039,legacy_router,1,0
3040,optimized_router,1,1
3041,legacy_router,1,0
3042,legacy_router,1,0
3043,legacy_router,0,0
3044,legacy_router,1,0
3045,legacy_router,1,0
3046,legacy_router,1,0
3047,optimized_router,1,0
3048,legacy_router,1,0
3049,legacy_router,1,0
3050,legacy_router,1,0
3051,legacy_router,1,0
3052,optimized_router,1,0
3053,optimized_router,1,0
3054,legacy_router,0,0
3055,legacy_router,0,0
3056,legacy_router,1,0
3057,legacy_router,1,0
3058,optimized_router,1,0
3059,legacy_router,1,0
3060,legacy_router,1,1
3061,optimized_router,1,0
3062,legacy_router,1,0
3063,optimized_router,1,0
3064,legacy_router,1,0
3065,legacy_router,0,0
3066,legacy_router,0,0
3067,legacy_router,1,0
3068,optimized_router,0,0
3069,optimized_router,0,0
3070,optimized_router,0,0
3071,legacy_router,0,0
3072,legacy_router,0,0
3073,legacy_router,0,0
3074,legacy_router,0,0
3075,optimized_router,1,1
3076,legacy_router,1,0
3077,optimized_router,1,0
3078,legacy_router,1,0
3079,optimized_router,1,0
3080,optimized_router,1,0
3081,optimized_router,1,1
3082,optimized_router,1,0
3083,optimized_router,1,1
3084,optimized_router,0,0
3085,optimized_router,1,0
3086,optimized_router,1,0
3087,legacy_router,1,0
3088,legacy_router,1,0
3089,legacy_router,0,0
3090,legacy_router,1,1
3091,optimized_router,1,0
3092,optimized_router,1,0
3093,optimized_router,1,0
3094,legacy_router,1,0
3095,legacy_router,1,0
3096,optimized_router,1,0
3097,legacy_router,1,0
3098,legacy_router,1,0
3099,legacy_router,0,0
3100,optimized_router,1,0
3101,legacy_router,0,0
3102,legacy_router,1,0
3103,legacy_router,0,0
3104,optimized_router,1,0
3105,legacy_router,1,0
3106,legacy_router,1,0
3107,legacy_router,0,0
3108,optimized_router,0,0
3109,legacy_router,0,0
3110,legacy_router,0,0
3111,legacy_router,0,0
3112,legacy_router,0,0
3113,optimized_router,0,0
3114,optimized_router,1,0
3115,legacy_router,1,0
3116,optimized_router,0,0
3117,optimized_router,1,0
3118,optimized_router,1,0
3119,legacy_router,1,0
3120,legacy_router,1,0
3121,legacy_router,0,0
3122,optimized_router,0,0
3123,legacy_router,1,0
3124,optimized_router,0,0
3125,legacy_router,0,0
3126,legacy_router,0,0
3127,legacy_router,1,0
3128,legacy_router,1,0
3129,legacy_router,0,0
3130,optimized_router,1,0
3131,legacy_router,0,0
3132,legacy_router,0,0
3133,legacy_router,1,0
3134,legacy_router,1,0
3135,optimized_router,1,1
3136,legacy_router,0,0
3137,legacy_router,1,0
3138,optimized_router,1,1
3139,legacy_router,1,0
3140,legacy_router,1,0
3141,optimized_router,0,0
3142,optimized_router,1,1
3143,legacy_router,0,0
3144,legacy_router,1,0
3145,optimized_router,0,0
3146,legacy_router,1,0
3147,legacy_router,0,0
3148,legacy_router,0,0
3149,legacy_router,1,0
3150,optimized_router,1,0
3151,legacy_router,0,0
3152,legacy_router,0,0
3153,optimized_router,0,0
3154,legacy_router,1,0
3155,optimized_router,1,0
3156,legacy_router,0,0
3157,legacy_router,1,0
3158,optimized_router,1,0
3159,optimized_router,1,0
3160,legacy_router,0,0
3161,optimized_router,1,0
3162,legacy_router,1,0
3163,legacy_router,0,0
3164,optimized_router,1,0
3165,optimized_router,0,0
3166,optimized_router,1,0
3167,optimized_router,1,0
3168,optimized_router,0,0
3169,legacy_router,0,0
3170,optimized_router,1,0
3171,optimized_router,1,0
3172,optimized_router,1,0
3173,optimized_router,0,0
3174,legacy_router,0,0
3175,legacy_router,0,0
3176,optimized_router,1,0
3177,legacy_router,1,0
3178,optimized_router,1,0
3179,optimized_router,0,0
3180,legacy_router,1,0
3181,legacy_router,1,0
3182,optimized_router,0,0
3183,legacy_router,0,0
3184,optimized_router,1,0
3185,legacy_router,0,0
3186,optimized_router,1,0
3187,legacy_router,0,0
3188,optimized_router,0,0
3189,optimized_router,1,1
3190,legacy_router,1,0
3191,legacy_router,1,0
3192,legacy_router,1,0
3193,legacy_router,0,0
3194,legacy_router,1,0
3195,optimized_router,1,0
3196,optimized_router,1,0
3197,legacy_router,1,0
3198,legacy_router,0,0
3199,optimized_router,0,0
3200,optimized_router,0,0
3201,optimized_router,0,0
3202,legacy_router,1,0
3203,legacy_router,1,0
3204,legacy_router,0,0
3205,optimized_router,0,0
3206,legacy_router,1,1
3207,optimized_router,1,0
3208,optimized_router,0,0
3209,legacy_router,1,0
3210,legacy_router,0,0
3211,optimized_router,1,0
3212,optimized_router,1,0
3213,optimized_router,1,0
3214,legacy_router,1,0
3215,legacy_router,0,0
3216,legacy_router,0,0
3217,optimized_router,1,1
3218,optimized_router,1,1
3219,legacy_router,1,1
3220,legacy_router,1,0
3221,optimized_router,1,1
3222,optimized_router,1,0
3223,optimized_router,1,0
3224,optimized_router,0,0
3225,optimized_router,1,0
3226,legacy_router,0,0
3227,optimized_router,1,1
3228,legacy_router,0,0
3229,optimized_router,1,1
3230,legacy_router,0,0
3231,legacy_router,1,0
3232,legacy_router,1,0
3233,optimized_router,1,0
3234,legacy_router,0,0
3235,optimized_router,0,0
3236,legacy_router,0,0
3237,optimized_router,1,0
3238,legacy_router,1,0
3239,optimized_router,1,0
3240,optimized_router,0,0
3241,legacy_router,1,0
3242,optimized_router,1,1
3243,legacy_router,0,0
3244,optimized_router,1,1
3245,optimized_router,0,0
3246,optimized_router,1,0
3247,optimized_router,1,1
3248,legacy_router,1,0
3249,legacy_router,0,0
3250,optimized_router,1,0
3251,legacy_router,0,0
3252,legacy_router,0,0
3253,optimized_router,1,0
3254,legacy_router,0,0
3255,optimized_router,0,0
3256,legacy_router,1,0
3257,legacy_router,0,0
3258,legacy_router,1,1
3259,legacy_router,1,0
3260,optimized_router,0,0
3261,legacy_router,1,0
3262,legacy_router,1,0
3263,optimized_router,0,0
3264,legacy_router,0,0
3265,legacy_router,0,0
3266,legacy_router,1,0
3267,legacy_router,1,0
3268,legacy_router,1,0
3269,optimized_router,0,0
3270,legacy_router,1,0
3271,optimized_router,1,0
3272,legacy_router,1,0
3273,optimized_router,1,0
3274,legacy_router,1,0
3275,optimized_router,0,0
3276,legacy_router,1,0
3277,optimized_router,1,0
3278,legacy_router,0,0
3279,optimized_router,1,1
3280,legacy_router,1,0
3281,legacy_router,1,0
3282,optimized_router,1,1
3283,optimized_router,1,0
3284,legacy_router,0,0
3285,optimized_router,0,0
3286,legacy_router,0,0
3287,optimized_router,1,0
3288,optimized_router,1,1
3289,legacy_router,0,0
3290,optimized_router,1,0
3291,legacy_router,1,0
3292,optimized_router,1,1
3293,legacy_router,0,0
3294,optimized_router,1,0
3295,optimized_router,0,0
3296,legacy_router,1,0
3297,optimized_router,1,1
3298,legacy_router,0,0
3299,optimized_router,1,0
3300,optimized_router,1,1
3301,optimized_router,1,1
3302,optimized_router,0,0
3303,legacy_router,0,0
3304,legacy_router,1,0
3305,legacy_router,0,0
3306,optimized_router,1,0
3307,optimized_router,0,0
3308,legacy_router,1,0
3309,legacy_router,0,0
3310,optimized_router,1,0
3311,optimized_router,1,0
3312,legacy_router,0,0
3313,legacy_router,0,0
3314,optimized_router,0,0
3315,optimized_router,1,0
3316,legacy_router,1,0
3317,optimized_router,1,1
3318,optimized_router,0,0
3319,legacy_router,0,0
3320,optimized_router,1,0
3321,optimized_router,1,0
3322,legacy_router,0,0
3323,legacy_router,1,0
3324,optimized_router,1,1
3325,optimized_router,0,0
3326,optimized_router,0,0
3327,optimized_router,1,0
3328,legacy_router,0,0
3329,legacy_router,0,0
3330,legacy_router,0,0
3331,legacy_router,0,0
3332,optimized_router,0,0
3333,optimized_router,1,0
3334,legacy_router,1,0
3335,legacy_router,0,0
3336,legacy_router,1,0
3337,optimized_router,1,0
3338,optimized_router,0,0
3339,legacy_router,1,0
3340,legacy_router,0,0
3341,optimized_router,1,0
3342,legacy_router,1,0
3343,optimized_router,0,0
3344,optimized_router,1,0
3345,optimized_router,0,0
3346,legacy_router,0,0
3347,legacy_router,1,1
3348,optimized_router,1,0
3349,optimized_router,1,0
3350,legacy_router,1,0
3351,optimized_router,1,0
3352,legacy_router,1,0
3353,legacy_router,1,0
3354,legacy_router,0,0
3355,legacy_router,1,0
3356,optimized_router,1,0
3357,optimized_router,0,0
3358,optimized_router,1,1
3359,optimized_router,1,1
3360,optimized_router,1,1
3361,optimized_router,0,0
3362,optimized_router,1,1
3363,optimized_router,0,0
3364,optimized_router,1,1
3365,optimized_router,0,0
3366,legacy_router,1,0
3367,legacy_router,1,0
3368,optimized_router,1,1
3369,optimized_router,1,1
3370,legacy_router,1,0
3371,optimized_router,1,0
3372,legacy_router,1,0
3373,legacy_router,1,0
3374,optimized_router,1,0
3375,optimized_router,0,0
3376,legacy_router,0,0
3377,legacy_router,0,0
3378,optimized_router,1,0
3379,optimized_router,1,0
3380,optimized_router,1,0
3381,legacy_router,1,0
3382,legacy_router,1,0
3383,legacy_router,1,0
3384,optimized_router,0,0
3385,legacy_router,1,0
3386,optimized_router,1,0
3387,optimized_router,1,1
3388,optimized_router,1,0
3389,legacy_router,0,0
3390,legacy_router,1,1
3391,legacy_router,1,0
3392,optimized_router,0,0
3393,optimized_router,1,0
3394,legacy_router,0,0
3395,legacy_router,0,0
3396,legacy_router,1,0
3397,optimized_router,1,0
3398,optimized_router,1,0
3399,optimized_router,1,0
3400,legacy_router,1,0
3401,legacy_router,1,0
3402,optimized_router,1,0
3403,optimized_router,1,0
3404,optimized_router,1,0
3405,optimized_router,1,0
3406,optimized_router,1,1
3407,legacy_router,0,0
3408,optimized_router,1,0
3409,optimized_router,1,0
3410,legacy_router,0,0
3411,optimized_router,1,0
3412,legacy_router,1,0
3413,optimized_router,0,0
3414,legacy_router,1,0
3415,optimized_router,1,0
3416,legacy_router,1,0
3417,optimized_router,0,0
3418,legacy_router,1,0
3419,optimized_router,1,0
3420,legacy_router,1,0
3421,legacy_router,0,0
3422,optimized_router,1,0
3423,optimized_router,1,1
3424,legacy_router,1,0
3425,legacy_router,1,0
3426,legacy_router,0,0
3427,optimized_router,1,0
3428,legacy_router,0,0
3429,legacy_router,1,0
3430,legacy_router,1,0
3431,legacy_router,0,0
3432,optimized_router,1,0
3433,legacy_router,0,0
3434,legacy_router,1,0
3435,optimized_router,1,0
3436,optimized_router,1,0
3437,legacy_router,1,0
3438,optimized_router,0,0
3439,optimized_router,1,0
3440,optimized_router,1,0
3441,legacy_router,1,0
3442,legacy_router,0,0
3443,optimized_router,1,0
3444,optimized_router,1,0
3445,optimized_router,1,0
3446,legacy_router,0,0
3447,legacy_router,1,0
3448,optimized_router,1,0
3449,legacy_router,0,0
3450,legacy_router,0,0
3451,legacy_router,1,0
3452,optimized_router,1,1
3453,optimized_router,1,0
3454,optimized_router,1,0
3455,legacy_router,1,0
3456,optimized_router,1,0
3457,legacy_router,0,0
3458,optimized_router,1,1
3459,optimized_router,0,0
3460,legacy_router,1,0
3461,legacy_router,0,0
3462,optimized_router,0,0
3463,legacy_router,1,0
3464,legacy_router,0,0
3465,optimized_router,1,0
3466,legacy_router,0,0
3467,legacy_router,1,0
3468,legacy_router,0,0
3469,legacy_router,1,0
3470,legacy_router,0,0
3471,legacy_router,0,0
3472,legacy_router,1,0
3473,legacy_router,1,0
3474,optimized_router,1,0
3475,optimized_router,0,0
3476,legacy_router,1,0
3477,legacy_router,0,0
3478,optimized_router,1,1
3479,legacy_router,1,0
3480,legacy_router,1,0
3481,optimized_router,1,0
3482,optimized_router,0,0
3483,legacy_router,1,0
3484,optimized_router,1,0
3485,optimized_router,1,0
3486,optimized_router,1,1
3487,legacy_router,1,0
3488,legacy_router,0,0
3489,legacy_router,1,0
3490,optimized_router,1,0
3491,legacy_router,0,0
3492,legacy_router,0,0
3493,optimized_router,0,0
3494,legacy_router,1,0
3495,optimized_router,0,0
3496,legacy_router,1,0
3497,optimized_router,1,0
3498,optimized_router,1,1
3499,optimized_router,1,0
3500,legacy_router,0,0
3501,legacy_router,1,1
3502,legacy_router,1,0
3503,legacy_router,0,0
3504,legacy_router,1,0
3505,legacy_router,1,0
3506,optimized_router,1,0
3507,optimized_router,1,0
3508,optimized_router,0,0
3509,optimized_router,0,0
3510,legacy_router,0,0
3511,optimized_router,0,0
3512,optimized_router,1,0
3513,optimized_router,0,0
3514,optimized_router,0,0
3515,legacy_router,1,0
3516,optimized_router,1,0
3517,optimized_router,1,0
3518,optimized_router,0,0
3519,legacy_router,1,0
3520,legacy_router,1,0
3521,legacy_router,0,0
3522,legacy_router,0,0
3523,optimized_router,0,0
3524,legacy_router,0,0
3525,optimized_router,1,0
3526,legacy_router,1,0
3527,optimized_router,1,0
3528,optimized_router,1,0
3529,legacy_router,1,0
3530,optimized_router,1,1
3531,legacy_router,1,0
3532,legacy_router,0,0
3533,optimized_router,1,1
3534,optimized_router,1,0
3535,optimized_router,1,0
3536,optimized_router,1,1
3537,legacy_router,0,0
3538,legacy_router,0,0
3539,optimized_router,1,1
3540,legacy_router,1,0
3541,legacy_router,1,0
3542,optimized_router,0,0
3543,optimized_router,0,0
3544,optimized_router,1,0
3545,legacy_router,0,0
3546,optimized_router,1,0
3547,legacy_router,1,0
3548,optimized_router,0,0
3549,optimized_router,1,0
3550,legacy_router,0,0
3551,optimized_router,1,0
3552,legacy_router,1,0
3553,optimized_router,1,1
3554,legacy_router,0,0
3555,legacy_router,1,0
3556,legacy_router,0,0
3557,legacy_router,0,0
3558,optimized_router,1,0
3559,legacy_router,1,0
3560,legacy_router,0,0
3561,optimized_router,1,0
3562,optimized_router,1,0
3563,optimized_router,1,0
3564,legacy_router,1,1
3565,optimized_router,1,1
3566,legacy_router,0,0
3567,legacy_router,0,0
3568,optimized_router,1,0
3569,legacy_router,1,1
3570,legacy_router,0,0
3571,optimized_router,0,0
3572,optimized_router,1,0
3573,optimized_router,1,0
3574,optimized_router,1,0
3575,optimized_router,1,0
3576,optimized_router,1,0
3577,legacy_router,0,0
3578,legacy_router,0,0
3579,legacy_router,1,0
3580,legacy_router,1,0
3581,optimized_router,1,1
3582,legacy_router,0,0
3583,optimized_router,0,0
3584,legacy_router,0,0
3585,optimized_router,1,0
3586,legacy_router,1,0
3587,legacy_router,0,0
3588,legacy_router,0,0
3589,legacy_router,1,0
3590,optimized_router,1,0
3591,optimized_router,0,0
3592,optimized_router,1,0
3593,legacy_router,1,0
3594,legacy_router,0,0
3595,optimized_router,1,1
3596,legacy_router,1,0
3597,optimized_router,1,0
3598,legacy_router,1,0
3599,legacy_router,1,1
3600,legacy_router,1,0
3601,legacy_router,1,0
3602,optimized_router,1,1
3603,optimized_router,1,0
3604,optimized_router,1,0
3605,optimized_router,1,0
3606,legacy_router,0,0
3607,legacy_router,1,0
3608,legacy_router,0,0
3609,legacy_router,0,0
3610,legacy_router,1,0
3611,legacy_router,0,0
3612,legacy_router,1,0
3613,optimized_router,1,0
3614,legacy_router,1,0
3615,optimized_router,1,0
3616,optimized_router,1,0
3617,optimized_router,1,0
3618,legacy_router,1,0
3619,legacy_router,1,0
3620,legacy_router,1,0
3621,optimized_router,0,0
3622,legacy_router,0,0
3623,optimized_router,1,0
3624,legacy_router,0,0
3625,legacy_router,1,0
3626,legacy_router,0,0
3627,legacy_router,1,0
3628,legacy_router,0,0
3629,legacy_router,1,0
3630,legacy_router,1,0
3631,optimized_router,1,0
3632,legacy_router,1,0
3633,legacy_router,1,0
3634,legacy_router,0,0
3635,optimized_router,0,0
3636,legacy_router,1,0
3637,optimized_router,1,0
3638,legacy_router,0,0
3639,legacy_router,0,0
3640,legacy_router,1,0
3641,optimized_router,1,0
3642,legacy_router,1,0
3643,optimized_router,0,0
3644,legacy_router,1,0
3645,legacy_router,1,0
3646,legacy_router,1,0
3647,legacy_router,1,0
3648,optimized_router,1,1
3649,legacy_router,0,0
3650,legacy_router,1,0
3651,optimized_router,0,0
3652,optimized_router,1,0
3653,optimized_router,1,0
3654,optimized_router,1,0
3655,legacy_router,0,0
3656,legacy_router,1,0
3657,optimized_router,1,0
3658,optimized_router,1,1
3659,optimized_router,0,0
3660,legacy_router,0,0
3661,optimized_router,1,0
3662,legacy_router,1,0
3663,optimized_router,1,0
3664,optimized_router,0,0
3665,legacy_router,0,0
3666,optimized_router,1,0
3667,optimized_router,1,0
3668,legacy_router,1,0
3669,legacy_router,1,1
3670,legacy_router,0,0
3671,optimized_router,1,1
3672,optimized_router,1,0
3673,optimized_router,1,1
3674,optimized_router,0,0
3675,optimized_router,1,1
3676,legacy_router,1,0
3677,legacy_router,1,0
3678,legacy_router,1,0
3679,legacy_router,1,0
3680,optimized_router,1,1
3681,legacy_router,0,0
3682,optimized_router,1,0
3683,legacy_router,1,0
3684,optimized_router,1,1
3685,optimized_router,1,0
3686,legacy_router,0,0
3687,optimized_router,1,0
3688,legacy_router,0,0
3689,optimized_router,0,0
3690,legacy_router,1,0
3691,optimized_router,1,1
3692,legacy_router,1,0
3693,optimized_router,1,1
3694,optimized_router,0,0
3695,legacy_router,1,1
3696,optimized_router,1,0
3697,optimized_router,1,1
3698,legacy_router,1,0
3699,legacy_router,1,0
3700,legacy_router,0,0
3701,legacy_router,1,0
3702,optimized_router,1,0
3703,optimized_router,1,0
3704,optimized_router,1,0
3705,optimized_router,1,0
3706,optimized_router,1,0
3707,optimized_router,1,0
3708,optimized_router,1,1
3709,optimized_router,1,1
3710,optimized_router,1,0
3711,legacy_router,0,0
3712,optimized_router,1,1
3713,legacy_router,1,0
3714,optimized_router,1,1
3715,optimized_router,1,1
3716,legacy_router,0,0
3717,legacy_router,1,0
3718,legacy_router,1,0
3719,optimized_router,1,1
3720,legacy_router,0,0
3721,legacy_router,1,0
3722,optimized_router,1,0
3723,optimized_router,0,0
3724,optimized_router,1,0
3725,optimized_router,1,0
3726,optimized_router,1,0
3727,legacy_router,1,0
3728,optimized_router,1,0
3729,optimized_router,1,1
3730,legacy_router,0,0
3731,legacy_router,1,0
3732,optimized_router,1,0
3733,optimized_router,1,0
3734,optimized_router,1,1
3735,legacy_router,0,0
3736,optimized_router,1,1
3737,legacy_router,0,0
3738,legacy_router,0,0
3739,legacy_router,1,0
3740,legacy_router,1,0
3741,legacy_router,1,0
3742,legacy_router,1,0
3743,optimized_router,1,1
3744,legacy_router,1,0
3745,legacy_router,0,0
3746,legacy_router,1,0
3747,optimized_router,0,0
3748,legacy_router,1,0
3749,legacy_router,1,0
3750,legacy_router,1,0
3751,legacy_router,0,0
3752,optimized_router,1,0
3753,legacy_router,1,0
3754,legacy_router,1,0
3755,optimized_router,1,1
3756,legacy_router,1,0
3757,optimized_router,1,0
3758,legacy_router,0,0
3759,optimized_router,1,0
3760,legacy_router,1,0
3761,legacy_router,0,0
3762,optimized_router,0,0
3763,legacy_router,1,0
3764,optimized_router,1,0
3765,optimized_router,0,0
3766,optimized_router,0,0
3767,legacy_router,1,0
3768,legacy_router,1,0
3769,legacy_router,1,0
3770,legacy_router,1,1
3771,legacy_router,1,0
3772,legacy_router,0,0
3773,legacy_router,1,0
3774,legacy_router,1,0
3775,optimized_router,1,0
3776,legacy_router,1,0
3777,optimized_router,1,0
3778,legacy_router,0,0
3779,optimized_router,1,0
3780,legacy_router,1,0
3781,optimized_router,1,1
3782,legacy_router,1,0
3783,legacy_router,1,0
3784,legacy_router,0,0
3785,optimized_router,1,0
3786,legacy_router,0,0
3787,legacy_router,0,0
3788,optimized_router,1,0
3789,optimized_router,0,0
3790,optimized_router,0,0
3791,optimized_router,1,1
3792,legacy_router,1,0
3793,legacy_router,1,0
3794,legacy_router,1,0
3795,optimized_router,0,0
3796,legacy_router,0,0
3797,optimized_router,1,0
3798,legacy_router,1,0
3799,optimized_router,0,0
3800,legacy_router,1,0
3801,legacy_router,0,0
3802,legacy_router,0,0
3803,legacy_router,1,0
3804,legacy_router,1,0
3805,optimized_router,0,0
3806,optimized_router,0,0
3807,legacy_router,1,0
3808,legacy_router,0,0
3809,legacy_router,1,0
3810,optimized_router,0,0
3811,legacy_router,1,0
3812,legacy_router,0,0
3813,legacy_router,0,0
3814,optimized_router,0,0
3815,optimized_router,1,0
3816,legacy_router,1,0
3817,optimized_router,1,0
3818,optimized_router,1,1
3819,legacy_router,1,0
3820,legacy_router,0,0
3821,legacy_router,1,0
3822,optimized_router,1,1
3823,optimized_router,1,1
3824,legacy_router,1,0
3825,legacy_router,1,1
3826,legacy_router,0,0
3827,optimized_router,1,0
3828,legacy_router,1,0
3829,legacy_router,1,0
3830,optimized_router,1,1
3831,optimized_router,1,0
3832,legacy_router,1,0
3833,legacy_router,0,0
3834,optimized_router,1,0
3835,optimized_router,0,0
3836,optimized_router,0,0
3837,legacy_router,1,0
3838,optimized_router,1,0
3839,optimized_router,1,0
3840,legacy_router,1,0
3841,legacy_router,0,0
3842,legacy_router,0,0
3843,optimized_router,0,0
3844,optimized_router,0,0
3845,optimized_router,1,0
3846,optimized_router,0,0
3847,optimized_router,1,0
3848,legacy_router,0,0
3849,optimized_router,1,1
3850,optimized_router,0,0
3851,legacy_router,1,0
3852,legacy_router,1,0
3853,legacy_router,1,0
3854,legacy_router,1,0
3855,legacy_router,1,0
3856,legacy_router,1,0
3857,optimized_router,1,0
3858,legacy_router,0,0
3859,legacy_router,1,0
3860,optimized_router,1,0
3861,legacy_router,0,0
3862,optimized_router,1,0
3863,optimized_router,1,0
3864,optimized_router,0,0
3865,legacy_router,1,0
3866,legacy_router,1,0
3867,optimized_router,1,0
3868,legacy_router,1,0
3869,optimized_router,1,0
3870,optimized_router,1,0
3871,optimized_router,1,1
3872,optimized_router,1,0
3873,optimized_router,1,1
3874,optimized_router,1,0
3875,legacy_router,0,0
3876,legacy_router,1,0
3877,legacy_router,1,0
3878,legacy_router,1,1
3879,optimized_router,1,1
3880,legacy_router,1,1
3881,optimized_router,1,1
3882,legacy_router,1,0
3883,legacy_router,0,0
3884,legacy_router,0,0
3885,optimized_router,0,0
3886,optimized_router,0,0
3887,optimized_router,1,0
3888,optimized_router,1,1
3889,legacy_router,0,0
3890,legacy_router,1,0
3891,legacy_router,1,0
3892,optimized_router,1,1
3893,legacy_router,1,0
3894,optimized_router,0,0
3895,legacy_router,1,0
3896,optimized_router,1,0
3897,optimized_router,1,0
3898,optimized_router,1,0
3899,optimized_router,0,0
3900,legacy_router,1,0
3901,legacy_router,0,0
3902,legacy_router,0,0
3903,legacy_router,0,0
3904,legacy_router,1,0
3905,legacy_router,1,0
3906,optimized_router,1,0
3907,optimized_router,0,0
3908,legacy_router,0,0
3909,legacy_router,1,0
3910,optimized_router,1,1
3911,optimized_router,0,0
3912,optimized_router,1,0
3913,optimized_router,1,0
3914,optimized_router,0,0
3915,legacy_router,0,0
3916,legacy_router,1,0
3917,optimized_router,1,0
3918,legacy_router,0,0
3919,legacy_router,1,0
3920,legacy_router,1,0
3921,legacy_router,1,0
3922,legacy_router,1,0
3923,optimized_router,1,0
3924,optimized_router,1,0
3925,optimized_router,1,1
3926,legacy_router,1,0
3927,legacy_router,1,0
3928,legacy_router,1,0
3929,legacy_router,0,0
3930,optimized_router,1,1
3931,legacy_router,0,0
3932,optimized_router,1,0
3933,legacy_router,0,0
3934,optimized_router,1,1
3935,optimized_router,1,1
3936,optimized_router,1,1
3937,legacy_router,1,0
3938,legacy_router,0,0
3939,legacy_router,0,0
3940,optimized_router,1,0
3941,optimized_router,0,0
3942,legacy_router,0,0
3943,optimized_router,1,0
3944,optimized_router,1,0
3945,legacy_router,1,0
3946,optimized_router,1,0
3947,legacy_router,1,0
3948,optimized_router,1,0
3949,optimized_router,1,0
3950,optimized_router,1,0
3951,legacy_router,1,0
3952,optimized_router,1,1
3953,optimized_router,0,0
3954,optimized_router,0,0
3955,optimized_router,1,0
3956,optimized_router,1,1
3957,optimized_router,1,0
3958,legacy_router,1,0
3959,optimized_router,1,0
3960,legacy_router,1,0
3961,optimized_router,1,1
3962,legacy_router,1,0
3963,legacy_router,0,0
3964,legacy_router,1,0
3965,optimized_router,1,0
3966,optimized_router,1,0
3967,optimized_router,1,0
3968,optimized_router,1,0
3969,legacy_router,0,0
3970,optimized_router,1,0
3971,optimized_router,1,0
3972,legacy_router,0,0
3973,optimized_router,1,1
3974,optimized_router,1,0
3975,optimized_router,1,0
3976,optimized_router,1,0
3977,optimized_router,1,0
3978,legacy_router,0,0
3979,optimized_router,1,0
3980,optimized_router,0,0
3981,optimized_router,0,0
3982,optimized_router,0,0
3983,optimized_router,1,0
3984,optimized_router,1,0
3985,legacy_router,1,0
3986,optimized_router,1,0
3987,legacy_router,1,1
3988,legacy_router,0,0
3989,optimized_router,1,1
3990,legacy_router,1,0
3991,legacy_router,1,0
3992,optimized_router,1,1
3993,optimized_router,1,0
3994,optimized_router,1,1
3995,optimized_router,1,1
3996,optimized_router,1,1
3997,optimized_router,1,0
3998,optimized_router,0,0
3999,optimized_router,1,0
4000,legacy_router,0,0
4001,optimized_router,1,0
4002,legacy_router,1,0
4003,optimized_router,1,0
4004,optimized_router,0,0
4005,legacy_router,0,0
4006,legacy_router,1,0
4007,legacy_router,1,1
4008,optimized_router,1,0
4009,optimized_router,1,0
4010,legacy_router,0,0
4011,legacy_router,0,0
4012,optimized_router,1,1
4013,optimized_router,1,0
4014,optimized_router,1,0
4015,optimized_router,1,0
4016,legacy_router,1,0
4017,optimized_router,0,0
4018,legacy_router,0,0
4019,optimized_router,1,0
4020,legacy_router,1,1
4021,legacy_router,1,0
4022,legacy_router,1,0
4023,optimized_router,1,0
4024,optimized_router,1,0
4025,legacy_router,1,0
4026,optimized_router,0,0
4027,optimized_router,1,0
4028,optimized_router,1,0
4029,legacy_router,0,0
4030,legacy_router,1,0
4031,legacy_router,1,1
4032,legacy_router,0,0
4033,optimized_router,1,0
4034,optimized_router,1,1
4035,optimized_router,1,1
4036,legacy_router,1,0
4037,optimized_router,1,0
4038,optimized_router,1,1
4039,legacy_router,1,0
4040,optimized_router,1,0
4041,optimized_router,1,0
4042,legacy_router,1,1
4043,legacy_router,0,0
4044,optimized_router,1,1
4045,optimized_router,1,0
4046,legacy_router,0,0
4047,optimized_router,0,0
4048,legacy_router,0,0
4049,optimized_router,0,0
4050,legacy_router,0,0
4051,optimized_router,1,1
4052,optimized_router,1,0
4053,legacy_router,1,0
4054,optimized_router,1,0
4055,legacy_router,0,0
4056,legacy_router,0,0
4057,optimized_router,0,0
4058,optimized_router,1,1
4059,legacy_router,0,0
4060,legacy_router,1,0
4061,optimized_router,1,0
4062,optimized_router,1,1
4063,legacy_router,0,0
4064,legacy_router,1,0
4065,optimized_router,1,0
4066,legacy_router,0,0
4067,legacy_router,0,0
4068,optimized_router,1,1
4069,optimized_router,1,1
4070,legacy_router,0,0
4071,optimized_router,1,1
4072,legacy_router,0,0
4073,legacy_router,0,0
4074,legacy_router,0,0
4075,optimized_router,1,0
4076,legacy_router,0,0
4077,legacy_router,1,0
4078,legacy_router,0,0
4079,legacy_router,0,0
4080,optimized_router,1,0
4081,optimized_router,0,0
4082,legacy_router,1,0
4083,optimized_router,1,1
4084,optimized_router,1,0
4085,legacy_router,0,0
4086,legacy_router,1,0
4087,legacy_router,1,1
4088,legacy_router,0,0
4089,legacy_router,0,0
4090,legacy_router,0,0
4091,optimized_router,1,0
4092,optimized_router,0,0
4093,optimized_router,1,0
4094,legacy_router,0,0
4095,legacy_router,0,0
4096,optimized_router,1,0
4097,legacy_router,1,0
4098,optimized_router,1,0
4099,optimized_router,1,0
4100,legacy_router,1,0
4101,optimized_router,1,0
4102,legacy_router,1,0
4103,legacy_router,1,0
4104,legacy_router,0,0
4105,legacy_router,0,0
4106,legacy_router,1,0
4107,optimized_router,1,0
4108,legacy_router,1,0
4109,legacy_router,0,0
4110,optimized_router,1,0
4111,legacy_router,0,0
4112,legacy_router,0,0
4113,optimized_router,1,0
4114,legacy_router,1,0
4115,legacy_router,1,0
4116,optimized_router,1,0
4117,legacy_router,1,0
4118,optimized_router,1,0
4119,optimized_router,0,0
4120,optimized_router,1,0
4121,optimized_router,1,0
4122,optimized_router,0,0
4123,optimized_router,0,0
4124,legacy_router,1,0
4125,optimized_router,1,1
4126,optimized_router,1,0
4127,legacy_router,0,0
4128,optimized_router,1,0
4129,legacy_router,1,0
4130,optimized_router,0,0
4131,optimized_router,1,0
4132,optimized_router,1,0
4133,optimized_router,0,0
4134,legacy_router,1,0
4135,legacy_router,0,0
4136,optimized_router,1,0
4137,optimized_router,0,0
4138,optimized_router,1,0
4139,optimized_router,1,1
4140,optimized_router,1,0
4141,legacy_router,1,0
4142,legacy_router,1,0
4143,optimized_router,0,0
4144,legacy_router,0,0
4145,legacy_router,1,0
4146,optimized_router,0,0
4147,legacy_router,0,0
4148,legacy_router,1,0
4149,legacy_router,0,0
4150,legacy_router,1,0
4151,optimized_router,0,0
4152,legacy_router,0,0
4153,legacy_router,1,0
4154,optimized_router,0,0
4155,optimized_router,1,0
4156,optimized_router,1,0
4157,legacy_router,0,0
4158,legacy_router,0,0
4159,optimized_router,1,1
4160,optimized_router,1,1
4161,legacy_router,1,0
4162,optimized_router,0,0
4163,optimized_router,1,0
4164,optimized_router,1,0
4165,optimized_router,1,1
4166,optimized_router,1,1
4167,optimized_router,0,0
4168,optimized_router,0,0
4169,legacy_router,0,0
4170,optimized_router,1,0
4171,optimized_router,1,0
4172,optimized_router,0,0
4173,optimized_router,0,0
4174,legacy_router,1,0
4175,optimized_router,0,0
4176,optimized_router,1,1
4177,optimized_router,1,0
4178,optimized_router,1,1
4179,optimized_router,1,0
4180,optimized_router,0,0
4181,legacy_router,1,0
4182,legacy_router,0,0
4183,legacy_router,1,0
4184,optimized_router,1,1
4185,legacy_router,1,0
4186,legacy_router,0,0
4187,legacy_router,1,0
4188,optimized_router,1,1
4189,legacy_router,1,0
4190,optimized_router,1,0
4191,optimized_router,1,1
4192,legacy_router,1,0
4193,optimized_router,1,0
4194,optimized_router,1,1
4195,optimized_router,1,1
4196,optimized_router,0,0
4197,legacy_router,0,0
4198,legacy_router,1,0
4199,legacy_router,0,0
4200,optimized_router,1,0
4201,legacy_router,1,0
4202,optimized_router,1,0
4203,legacy_router,0,0
4204,legacy_router,1,0
4205,optimized_router,1,0
4206,legacy_router,1,0
4207,legacy_router,0,0
4208,optimized_router,1,0
4209,optimized_router,1,0
4210,legacy_router,1,0
4211,legacy_router,0,0
4212,optimized_router,1,0
4213,legacy_router,1,0
4214,optimized_router,1,0
4215,legacy_router,0,0
4216,legacy_router,1,0
4217,optimized_router,1,1
4218,legacy_router,1,0
4219,optimized_router,1,1
4220,legacy_router,1,0
4221,legacy_router,1,0
4222,optimized_router,1,0
4223,legacy_router,0,0
4224,legacy_router,1,1
4225,legacy_router,1,0
4226,optimized_router,0,0
4227,legacy_router,0,0
4228,legacy_router,0,0
4229,optimized_router,1,0
4230,optimized_router,1,0
4231,legacy_router,0,0
4232,optimized_router,1,0
4233,legacy_router,1,0
4234,optimized_router,1,0
4235,optimized_router,0,0
4236,legacy_router,1,0
4237,optimized_router,0,0
4238,optimized_router,1,0
4239,legacy_router,1,0
4240,optimized_router,1,1
4241,optimized_router,0,0
4242,optimized_router,1,0
4243,legacy_router,1,0
4244,legacy_router,1,0
4245,legacy_router,1,0
4246,optimized_router,0,0
4247,legacy_router,1,0
4248,legacy_router,1,0
4249,legacy_router,0,0
4250,optimized_router,0,0
4251,optimized_router,1,1
4252,optimized_router,1,0
4253,optimized_router,1,1
4254,optimized_router,1,1
4255,legacy_router,0,0
4256,optimized_router,1,1
4257,legacy_router,1,0
4258,legacy_router,1,0
4259,optimized_router,0,0
4260,optimized_router,1,0
4261,legacy_router,1,0
4262,legacy_router,1,0
4263,legacy_router,0,0
4264,optimized_router,0,0
4265,legacy_router,1,0
4266,optimized_router,1,0
4267,optimized_router,1,0
4268,legacy_router,1,0
4269,optimized_router,1,0
4270,optimized_router,1,1
4271,optimized_router,1,1
4272,legacy_router,1,0
4273,optimized_router,1,1
4274,optimized_router,1,0
4275,legacy_router,1,0
4276,optimized_router,1,0
4277,optimized_router,1,1
4278,optimized_router,1,0
4279,legacy_router,0,0
4280,legacy_router,1,0
4281,optimized_router,1,0
4282,legacy_router,0,0
4283,optimized_router,1,0
4284,legacy_router,1,0
4285,legacy_router,0,0
4286,legacy_router,1,0
4287,optimized_router,1,1
4288,optimized_router,1,1
4289,legacy_router,1,0
4290,legacy_router,1,0
4291,optimized_router,0,0
4292,legacy_router,1,0
4293,optimized_router,1,0
4294,optimized_router,1,0
4295,optimized_router,0,0
4296,legacy_router,1,0
4297,legacy_router,1,0
4298,optimized_router,1,0
4299,optimized_router,1,1
4300,legacy_router,1,0
4301,optimized_router,1,0
4302,optimized_router,1,0
4303,legacy_router,1,0
4304,legacy_router,1,0
4305,legacy_router,1,0
4306,optimized_router,0,0
4307,optimized_router,1,0
4308,optimized_router,0,0
4309,optimized_router,1,0
4310,legacy_router,1,0
4311,optimized_router,1,1
4312,legacy_router,0,0
4313,legacy_router,1,0
4314,legacy_router,1,1
4315,legacy_router,0,0
4316,optimized_router,1,0
4317,legacy_router,1,0
4318,optimized_router,1,0
4319,legacy_router,0,0
4320,legacy_router,1,0
4321,optimized_router,1,1
4322,legacy_router,1,0
4323,legacy_router,0,0
4324,legacy_router,0,0
4325,legacy_router,1,0
4326,optimized_router,1,0
4327,optimized_router,1,0
4328,optimized_router,1,1
4329,legacy_router,1,0
4330,optimized_router,1,0
4331,legacy_router,1,0
4332,optimized_router,0,0
4333,optimized_router,1,0
4334,legacy_router,1,0
4335,legacy_router,0,0
4336,optimized_router,1,0
4337,legacy_router,1,0
4338,legacy_router,1,0
4339,optimized_router,1,1
4340,legacy_router,1,0
4341,optimized_router,1,1
4342,legacy_router,1,0
4343,optimized_router,1,0
4344,legacy_router,1,0
4345,legacy_router,1,0
4346,optimized_router,1,0
4347,optimized_router,1,0
4348,optimized_router,1,0
4349,optimized_router,1,1
4350,optimized_router,1,1
4351,optimized_router,0,0
4352,optimized_router,1,1
4353,optimized_router,1,0
4354,legacy_router,0,0
4355,optimized_router,1,0
4356,legacy_router,1,0
4357,legacy_router,1,0
4358,legacy_router,1,0
4359,optimized_router,0,0
4360,optimized_router,0,0
4361,optimized_router,1,0
4362,legacy_router,1,0
4363,optimized_router,0,0
4364,legacy_router,0,0
4365,optimized_router,0,0
4366,optimized_router,0,0
4367,legacy_router,1,0
4368,legacy_router,0,0
4369,optimized_router,1,0
4370,optimized_router,0,0
4371,legacy_router,0,0
4372,legacy_router,1,1
4373,legacy_router,0,0
4374,optimized_router,0,0
4375,legacy_router,0,0
4376,optimized_router,0,0
4377,optimized_router,1,0
4378,optimized_router,1,0
4379,legacy_router,1,0
4380,legacy_router,1,0
4381,optimized_router,0,0
4382,optimized_router,1,0
4383,legacy_router,0,0
4384,legacy_router,1,0
4385,legacy_router,1,0
4386,optimized_router,0,0
4387,optimized_router,1,1
4388,legacy_router,0,0
4389,optimized_router,1,0
4390,optimized_router,1,1
4391,optimized_router,1,0
4392,optimized_router,1,1
4393,legacy_router,0,0
4394,legacy_router,0,0
4395,legacy_router,1,0
4396,legacy_router,0,0
4397,optimized_router,1,0
4398,legacy_router,0,0
4399,legacy_router,0,0
4400,optimized_router,1,0
4401,optimized_router,1,0
4402,legacy_router,1,0
4403,legacy_router,0,0
4404,legacy_router,0,0
4405,optimized_router,1,1
4406,legacy_router,0,0
4407,optimized_router,1,0
4408,legacy_router,0,0
4409,legacy_router,1,0
4410,optimized_router,1,0
4411,optimized_router,0,0
4412,legacy_router,1,0
4413,legacy_router,0,0
4414,optimized_router,1,0
4415,optimized_router,1,0
4416,legacy_router,0,0
4417,optimized_router,1,0
4418,legacy_router,0,0
4419,legacy_router,0,0
4420,optimized_router,0,0
4421,optimized_router,1,0
4422,optimized_router,1,0
4423,optimized_router,0,0
4424,optimized_router,1,0
4425,legacy_router,0,0
4426,legacy_router,1,0
4427,optimized_router,0,0
4428,legacy_router,1,0
4429,optimized_router,1,1
4430,optimized_router,1,0
4431,legacy_router,1,1
4432,optimized_router,1,1
4433,optimized_router,1,1
4434,legacy_router,1,0
4435,legacy_router,1,0
4436,legacy_router,0,0
4437,legacy_router,1,0
4438,optimized_router,1,0
4439,legacy_router,1,0
4440,legacy_router,1,0
4441,legacy_router,1,0
4442,optimized_router,0,0
4443,optimized_router,0,0
4444,optimized_router,1,0
4445,optimized_router,1,0
4446,legacy_router,0,0
4447,legacy_router,0,0
4448,optimized_router,1,1
4449,legacy_router,0,0
4450,optimized_router,1,0
4451,optimized_router,1,1
4452,optimized_router,1,0
4453,optimized_router,0,0
4454,legacy_router,1,0
4455,optimized_router,1,0
4456,optimized_router,1,0
4457,legacy_router,1,0
4458,optimized_router,1,1
4459,legacy_router,1,0
4460,optimized_router,1,0
4461,optimized_router,1,1
4462,legacy_router,1,0
4463,legacy_router,1,0
4464,optimized_router,1,0
4465,legacy_router,1,0
4466,optimized_router,0,0
4467,optimized_router,0,0
4468,optimized_router,0,0
4469,optimized_router,1,0
4470,optimized_router,1,0
4471,optimized_router,0,0
4472,optimized_router,1,0
4473,legacy_router,1,0
4474,legacy_router,0,0
4475,legacy_router,1,0
4476,legacy_router,1,0
4477,optimized_router,1,0
4478,optimized_router,1,0
4479,legacy_router,1,0
4480,optimized_router,0,0
4481,optimized_router,0,0
4482,legacy_router,0,0
4483,optimized_router,1,0
4484,optimized_router,1,0
4485,legacy_router,0,0
4486,optimized_router,1,0
4487,optimized_router,1,1
4488,optimized_router,1,0
4489,legacy_router,0,0
4490,optimized_router,1,0
4491,optimized_router,0,0
4492,legacy_router,0,0
4493,optimized_router,1,0
4494,legacy_router,0,0
4495,optimized_router,0,0
4496,legacy_router,1,0
4497,legacy_router,1,0
4498,optimized_router,1,0
4499,optimized_router,1,0
4500,legacy_router,0,0
4501,optimized_router,1,0
4502,optimized_router,1,1
4503,optimized_router,1,0
4504,legacy_router,1,0
4505,legacy_router,1,0
4506,legacy_router,1,0
4507,optimized_router,1,1
4508,legacy_router,0,0
4509,legacy_router,1,0
4510,optimized_router,1,1
4511,legacy_router,1,0
4512,legacy_router,1,0
4513,legacy_router,1,0
4514,legacy_router,1,0
4515,optimized_router,1,0
4516,optimized_router,0,0
4517,optimized_router,0,0
4518,optimized_router,1,1
4519,legacy_router,1,0
4520,legacy_router,0,0
4521,legacy_router,0,0
4522,legacy_router,0,0
4523,optimized_router,1,0
4524,legacy_router,0,0
4525,legacy_router,0,0
4526,optimized_router,1,0
4527,optimized_router,1,0
4528,optimized_router,1,1
4529,legacy_router,1,0
4530,legacy_router,1,0
4531,optimized_router,1,0
4532,optimized_router,1,0
4533,optimized_router,1,1
4534,legacy_router,0,0
4535,legacy_router,1,0
4536,legacy_router,0,0
4537,optimized_router,1,1
4538,legacy_router,0,0
4539,legacy_router,1,0
4540,optimized_router,1,0
4541,legacy_router,0,0
4542,optimized_router,1,0
4543,optimized_router,0,0
4544,legacy_router,1,0
4545,optimized_router,0,0
4546,legacy_router,0,0
4547,legacy_router,1,0
4548,legacy_router,1,0
4549,optimized_router,1,1
4550,legacy_router,0,0
4551,legacy_router,0,0
4552,optimized_router,1,0
4553,optimized_router,0,0
4554,optimized_router,0,0
4555,legacy_router,1,1
4556,legacy_router,0,0
4557,optimized_router,1,1
4558,legacy_router,1,0
4559,legacy_router,0,0
4560,legacy_router,0,0
4561,optimized_router,1,0
4562,optimized_router,0,0
4563,legacy_router,0,0
4564,optimized_router,0,0
4565,legacy_router,0,0
4566,legacy_router,0,0
4567,legacy_router,0,0
4568,optimized_router,1,0
4569,optimized_router,1,1
4570,optimized_router,1,0
4571,optimized_router,1,0
4572,optimized_router,0,0
4573,optimized_router,1,1
4574,optimized_router,1,0
4575,legacy_router,1,0
4576,optimized_router,0,0
4577,optimized_router,1,0
4578,legacy_router,0,0
4579,legacy_router,1,1
4580,legacy_router,1,0
4581,legacy_router,1,0
4582,legacy_router,1,0
4583,legacy_router,1,0
4584,optimized_router,1,0
4585,legacy_router,1,0
4586,optimized_router,1,0
4587,legacy_router,1,0
4588,legacy_router,1,0
4589,optimized_router,1,1
4590,optimized_router,1,1
4591,legacy_router,1,0
4592,legacy_router,1,0
4593,legacy_router,1,1
4594,optimized_router,1,0
4595,legacy_router,0,0
4596,optimized_router,0,0
4597,optimized_router,1,0
4598,legacy_router,1,0
4599,legacy_router,1,0
4600,legacy_router,1,0
4601,optimized_router,0,0
4602,legacy_router,1,0
4603,optimized_router,1,1
4604,optimized_router,0,0
4605,legacy_router,0,0
4606,optimized_router,0,0
4607,optimized_router,1,1
4608,optimized_router,1,1
4609,legacy_router,0,0
4610,optimized_router,1,0
4611,optimized_router,0,0
4612,legacy_router,0,0
4613,legacy_router,0,0
4614,legacy_router,0,0
4615,legacy_router,1,0
4616,optimized_router,1,1
4617,legacy_router,1,0
4618,optimized_router,1,0
4619,optimized_router,1,1
4620,legacy_router,1,0
4621,optimized_router,0,0
4622,legacy_router,1,0
4623,legacy_router,0,0
4624,optimized_router,1,0
4625,optimized_router,1,0
4626,legacy_router,0,0
4627,optimized_router,0,0
4628,optimized_router,1,1
4629,legacy_router,1,0
4630,legacy_router,0,0
4631,optimized_router,1,1
4632,optimized_router,1,1
4633,optimized_router,1,0
4634,optimized_router,1,0
4635,optimized_router,0,0
4636,optimized_router,1,0
4637,legacy_router,0,0
4638,optimized_router,0,0
4639,optimized_router,1,0
4640,optimized_router,1,1
4641,legacy_router,1,0
4642,legacy_router,1,0
4643,optimized_router,0,0
4644,legacy_router,1,0
4645,legacy_router,0,0
4646,legacy_router,1,0
4647,optimized_router,1,0
4648,optimized_router,1,0
4649,legacy_router,0,0
4650,legacy_router,1,0
4651,legacy_router,1,0
4652,legacy_router,1,0
4653,optimized_router,1,1
4654,legacy_router,1,0
4655,optimized_router,1,0
4656,optimized_router,1,1
4657,legacy_router,0,0
4658,optimized_router,1,1
4659,optimized_router,1,1
4660,legacy_router,1,0
4661,optimized_router,1,1
4662,optimized_router,1,0
4663,legacy_router,0,0
4664,legacy_router,1,0
4665,legacy_router,0,0
4666,optimized_router,1,1
4667,legacy_router,1,1
4668,optimized_router,1,0
4669,legacy_router,1,0
4670,legacy_router,1,0
4671,legacy_router,0,0
4672,optimized_router,1,0
4673,legacy_router,1,0
4674,optimized_router,1,0
4675,optimized_router,1,0
4676,legacy_router,1,0
4677,optimized_router,0,0
4678,optimized_router,1,0
4679,legacy_router,0,0
4680,optimized_router,1,0
4681,optimized_router,0,0
4682,legacy_router,1,0
4683,optimized_router,1,0
4684,legacy_router,1,1
4685,optimized_router,1,0
4686,optimized_router,1,0
4687,optimized_router,1,1
4688,optimized_router,1,0
4689,legacy_router,1,1
4690,optimized_router,1,0
4691,legacy_router,0,0
4692,legacy_router,0,0
4693,legacy_router,1,0
4694,optimized_router,1,0
4695,optimized_router,1,1
4696,optimized_router,1,1
4697,legacy_router,1,0
4698,optimized_router,1,1
4699,legacy_router,1,0
4700,legacy_router,0,0
4701,legacy_router,0,0
4702,legacy_router,1,0
4703,optimized_router,1,1
4704,optimized_router,1,0
4705,optimized_router,1,1
4706,legacy_router,1,0
4707,optimized_router,1,0
4708,legacy_router,1,0
4709,optimized_router,1,0
4710,legacy_router,1,0
4711,optimized_router,1,0
4712,legacy_router,0,0
4713,legacy_router,0,0
4714,legacy_router,0,0
4715,legacy_router,0,0
4716,legacy_router,0,0
4717,legacy_router,0,0
4718,legacy_router,1,0
4719,optimized_router,0,0
4720,optimized_router,1,0
4721,optimized_router,1,0
4722,legacy_router,0,0
4723,optimized_router,1,0
4724,legacy_router,0,0
4725,optimized_router,0,0
4726,legacy_router,0,0
4727,legacy_router,0,0
4728,optimized_router,1,1
4729,legacy_router,0,0
4730,legacy_router,1,0
4731,legacy_router,1,0
4732,optimized_router,1,0
4733,legacy_router,0,0
4734,optimized_router,1,0
4735,legacy_router,0,0
4736,legacy_router,0,0
4737,legacy_router,1,0
4738,optimized_router,1,1
4739,optimized_router,1,1
4740,optimized_router,1,0
4741,legacy_router,0,0
4742,legacy_router,1,0
4743,optimized_router,0,0
4744,legacy_router,0,0
4745,legacy_router,1,0
4746,legacy_router,0,0
4747,legacy_router,0,0
4748,optimized_router,0,0
4749,legacy_router,1,0
4750,legacy_router,0,0
4751,legacy_router,0,0
4752,optimized_router,1,0
4753,optimized_router,1,0
4754,optimized_router,1,0
4755,legacy_router,1,0
4756,legacy_router,0,0
4757,optimized_router,1,1
4758,optimized_router,1,1
4759,legacy_router,1,0
4760,legacy_router,0,0
4761,optimized_router,1,0
4762,legacy_router,0,0
4763,legacy_router,1,0
4764,legacy_router,1,0
4765,legacy_router,0,0
4766,optimized_router,0,0
4767,optimized_router,0,0
4768,legacy_router,1,0
4769,legacy_router,0,0
4770,legacy_router,0,0
4771,optimized_router,1,0
4772,legacy_router,0,0
4773,optimized_router,1,1
4774,optimized_router,1,0
4775,legacy_router,1,0
4776,optimized_router,1,0
4777,optimized_router,1,1
4778,optimized_router,0,0
4779,optimized_router,1,0
4780,legacy_router,1,1
4781,optimized_router,1,1
4782,legacy_router,0,0
4783,optimized_router,1,0
4784,legacy_router,1,0
4785,optimized_router,1,0
4786,legacy_router,1,0
4787,legacy_router,0,0
4788,legacy_router,0,0
4789,optimized_router,0,0
4790,legacy_router,1,0
4791,legacy_router,1,0
4792,legacy_router,1,0
4793,legacy_router,1,0
4794,optimized_router,1,0
4795,optimized_router,1,0
4796,optimized_router,1,1
4797,optimized_router,1,0
4798,legacy_router,1,0
4799,legacy_router,1,0
4800,legacy_router,1,0
4801,optimized_router,1,0
4802,optimized_router,1,0
4803,legacy_router,1,0
4804,optimized_router,1,0
4805,optimized_router,1,0
4806,optimized_router,1,1
4807,optimized_router,0,0
4808,optimized_router,1,1
4809,optimized_router,1,0
4810,optimized_router,1,0
4811,legacy_router,0,0
4812,legacy_router,1,0
4813,legacy_router,1,0
4814,legacy_router,1,0
4815,optimized_router,0,0
4816,optimized_router,1,0
4817,legacy_router,1,0
4818,legacy_router,1,0
4819,legacy_router,1,1
4820,legacy_router,1,0
4821,optimized_router,1,1
4822,legacy_router,1,0
4823,legacy_router,0,0
4824,legacy_router,0,0
4825,legacy_router,0,0
4826,legacy_router,1,0
4827,optimized_router,1,0
4828,legacy_router,1,0
4829,optimized_router,1,0
4830,legacy_router,1,0
4831,legacy_router,1,1
4832,optimized_router,0,0
4833,legacy_router,0,0
4834,legacy_router,1,0
4835,optimized_router,1,1
4836,legacy_router,1,0
4837,optimized_router,1,0
4838,legacy_router,1,0
4839,legacy_router,0,0
4840,legacy_router,0,0
4841,optimized_router,1,0
4842,optimized_router,1,0
4843,optimized_router,0,0
4844,optimized_router,1,0
4845,legacy_router,1,0
4846,optimized_router,1,0
4847,legacy_router,0,0
4848,legacy_router,1,0
4849,legacy_router,0,0
4850,legacy_router,1,0
4851,optimized_router,0,0
4852,legacy_router,1,0
4853,legacy_router,1,0
4854,legacy_router,1,0
4855,optimized_router,1,1
4856,legacy_router,0,0
4857,legacy_router,0,0
4858,legacy_router,0,0
4859,optimized_router,1,0
4860,optimized_router,1,0
4861,legacy_router,1,0
4862,optimized_router,1,0
4863,optimized_router,0,0
4864,legacy_router,1,0
4865,optimized_router,1,0
4866,optimized_router,0,0
4867,legacy_router,1,0
4868,optimized_router,1,0
4869,optimized_router,1,0
4870,optimized_router,1,0
4871,legacy_router,1,0
4872,optimized_router,1,1
4873,legacy_router,1,0
4874,legacy_router,1,0
4875,legacy_router,1,0
4876,legacy_router,0,0
4877,optimized_router,1,0
4878,legacy_router,0,0
4879,legacy_router,1,0
4880,legacy_router,0,0
4881,optimized_router,1,1
4882,optimized_router,1,0
4883,optimized_router,0,0
4884,legacy_router,0,0
4885,legacy_router,1,0
4886,legacy_router,1,0
4887,legacy_router,1,0
4888,optimized_router,1,0
4889,optimized_router,0,0
4890,optimized_router,1,0
4891,optimized_router,1,0
4892,legacy_router,0,0
4893,legacy_router,0,0
4894,legacy_router,1,0
4895,legacy_router,1,0
4896,legacy_router,0,0
4897,optimized_router,1,0
4898,legacy_router,1,0
4899,legacy_router,0,0
4900,legacy_router,1,0
4901,optimized_router,1,0
4902,optimized_router,1,0
4903,legacy_router,1,0
4904,optimized_router,1,0
4905,legacy_router,0,0
4906,optimized_router,1,0
4907,optimized_router,1,0
4908,legacy_router,0,0
4909,legacy_router,0,0
4910,optimized_router,1,0
4911,legacy_router,0,0
4912,optimized_router,0,0
4913,optimized_router,1,0
4914,optimized_router,1,1
4915,optimized_router,0,0
4916,optimized_router,1,1
4917,optimized_router,0,0
4918,legacy_router,1,0
4919,optimized_router,1,1
4920,optimized_router,1,0
4921,legacy_router,1,0
4922,optimized_router,1,1
4923,legacy_router,1,0
4924,optimized_router,1,0
4925,optimized_router,1,0
4926,legacy_router,0,0
4927,optimized_router,1,0
4928,legacy_router,1,0
4929,optimized_router,1,0
4930,optimized_router,1,0
4931,optimized_router,1,1
4932,legacy_router,0,0
4933,optimized_router,1,1
4934,legacy_router,0,0
4935,optimized_router,1,1
4936,optimized_router,1,1
4937,legacy_router,1,0
4938,optimized_router,1,0
4939,legacy_router,1,0
4940,legacy_router,0,0
4941,legacy_router,1,0
4942,optimized_router,1,0
4943,legacy_router,0,0
4944,optimized_router,1,1
4945,legacy_router,0,0
4946,legacy_router,1,0
4947,optimized_router,1,0
4948,optimized_router,1,0
4949,legacy_router,1,0
4950,legacy_router,1,0
4951,optimized_router,1,1
4952,legacy_router,1,0
4953,legacy_router,1,0
4954,legacy_router,1,0
4955,optimized_router,1,1
4956,legacy_router,0,0
4957,legacy_router,0,0
4958,legacy_router,0,0
4959,optimized_router,1,0
4960,legacy_router,0,0
4961,optimized_router,1,0
4962,legacy_router,0,0
4963,legacy_router,1,0
4964,legacy_router,1,0
4965,legacy_router,0,0
4966,optimized_router,1,0
4967,legacy_router,1,1
4968,optimized_router,1,0
4969,optimized_router,0,0
4970,legacy_router,1,0
4971,optimized_router,1,0
4972,legacy_router,1,0
4973,legacy_router,1,0
4974,optimized_router,1,0
4975,legacy_router,1,0
4976,legacy_router,1,0
4977,optimized_router,1,0
4978,legacy_router,1,0
4979,optimized_router,1,1
4980,legacy_router,1,0
4981,legacy_router,1,1
4982,optimized_router,1,1
4983,optimized_router,1,0
4984,legacy_router,1,1
4985,optimized_router,1,1
4986,legacy_router,0,0
4987,legacy_router,1,0
4988,legacy_router,0,0
4989,optimized_router,0,0
4990,optimized_router,1,0
4991,optimized_router,1,1
4992,optimized_router,1,0
4993,optimized_router,1,1
4994,legacy_router,0,0
4995,legacy_router,0,0
4996,optimized_router,1,0
4997,optimized_router,1,1
4998,legacy_router,0,0
4999,legacy_router,0,0
5000,legacy_router,1,0
5001,legacy_router,1,0
5002,legacy_router,1,0
5003,optimized_router,1,1
5004,optimized_router,1,0
5005,optimized_router,1,1
5006,legacy_router,0,0
5007,optimized_router,1,1
5008,optimized_router,1,0
5009,optimized_router,1,1
5010,legacy_router,1,0
5011,legacy_router,1,0
5012,optimized_router,1,0
5013,legacy_router,1,0
5014,legacy_router,0,0
5015,optimized_router,1,0
5016,legacy_router,1,0
5017,legacy_router,0,0
5018,optimized_router,1,1
5019,legacy_router,1,0
5020,optimized_router,1,1
5021,legacy_router,0,0
5022,optimized_router,1,0
5023,legacy_router,0,0
5024,legacy_router,1,0
5025,legacy_router,0,0
5026,optimized_router,1,1
5027,optimized_router,1,1
5028,legacy_router,1,0
5029,legacy_router,1,0
5030,legacy_router,0,0
5031,optimized_router,1,0
5032,optimized_router,0,0
5033,optimized_router,1,1
5034,legacy_router,1,0
5035,legacy_router,1,0
5036,optimized_router,1,0
5037,legacy_router,1,0
5038,legacy_router,0,0
5039,optimized_router,1,0
5040,legacy_router,0,0
5041,optimized_router,0,0
5042,legacy_router,1,0
5043,legacy_router,0,0
5044,optimized_router,1,0
5045,optimized_router,1,1
5046,legacy_router,1,0
5047,optimized_router,1,1
5048,optimized_router,1,0
5049,optimized_router,1,1
5050,legacy_router,1,0
5051,legacy_router,1,0
5052,legacy_router,0,0
5053,legacy_router,1,1
5054,optimized_router,1,0
5055,legacy_router,1,1
5056,legacy_router,0,0
5057,legacy_router,0,0
5058,optimized_router,1,0
5059,optimized_router,1,0
5060,optimized_router,1,0
5061,legacy_router,0,0
5062,legacy_router,0,0
5063,optimized_router,1,0
5064,optimized_router,1,0
5065,legacy_router,1,0
5066,legacy_router,0,0
5067,optimized_router,1,1
5068,optimized_router,1,0
5069,optimized_router,1,1
5070,legacy_router,1,0
5071,legacy_router,1,0
5072,legacy_router,1,0
5073,optimized_router,1,0
5074,optimized_router,1,0
5075,legacy_router,1,0
5076,optimized_router,1,1
5077,optimized_router,0,0
5078,optimized_router,1,0
5079,legacy_router,0,0
5080,optimized_router,1,0
5081,legacy_router,1,0
5082,optimized_router,1,1
5083,optimized_router,0,0
5084,optimized_router,1,0
5085,optimized_router,0,0
5086,optimized_router,1,0
5087,optimized_router,1,0
5088,legacy_router,1,0
5089,legacy_router,1,0
5090,legacy_router,1,0
5091,legacy_router,0,0
5092,legacy_router,1,0
5093,optimized_router,1,0
5094,legacy_router,1,0
5095,legacy_router,0,0
5096,optimized_router,1,0
5097,legacy_router,0,0
5098,legacy_router,1,0
5099,optimized_router,1,0
5100,legacy_router,0,0
5101,optimized_router,1,0
5102,optimized_router,0,0
5103,legacy_router,1,0
5104,legacy_router,1,0
5105,optimized_router,1,0
5106,legacy_router,0,0
5107,optimized_router,1,0
5108,legacy_router,1,0
5109,legacy_router,0,0
5110,legacy_router,1,0
5111,legacy_router,0,0
5112,optimized_router,1,0
5113,legacy_router,1,0
5114,optimized_router,1,0
5115,optimized_router,1,1
5116,optimized_router,1,0
5117,optimized_router,0,0
5118,legacy_router,1,0
5119,optimized_router,0,0
5120,legacy_router,1,0
5121,optimized_router,1,0
5122,legacy_router,1,0
5123,legacy_router,0,0
5124,legacy_router,1,0
5125,legacy_router,0,0
5126,legacy_router,0,0
5127,legacy_router,1,0
5128,optimized_router,0,0
5129,optimized_router,1,0
5130,legacy_router,1,1
5131,optimized_router,1,0
5132,legacy_router,0,0
5133,legacy_router,1,0
5134,optimized_router,1,0
5135,optimized_router,1,0
5136,optimized_router,1,0
5137,legacy_router,0,0
5138,optimized_router,1,0
5139,legacy_router,1,0
5140,optimized_router,1,1
5141,optimized_router,1,0
5142,legacy_router,1,0
5143,optimized_router,0,0
5144,legacy_router,1,0
5145,legacy_router,1,0
5146,legacy_router,1,0
5147,optimized_router,1,0
5148,optimized_router,1,0
5149,optimized_router,1,0
5150,legacy_router,1,0
5151,legacy_router,0,0
5152,legacy_router,0,0
5153,optimized_router,0,0
5154,optimized_router,1,0
5155,legacy_router,0,0
5156,legacy_router,1,0
5157,optimized_router,1,1
5158,legacy_router,1,0
5159,legacy_router,1,0
5160,legacy_router,1,1
5161,legacy_router,1,0
5162,optimized_router,0,0
5163,legacy_router,0,0
5164,optimized_router,0,0
5165,optimized_router,1,0
5166,legacy_router,1,0
5167,legacy_router,0,0
5168,legacy_router,0,0
5169,legacy_router,0,0
5170,legacy_router,0,0
5171,optimized_router,1,0
5172,optimized_router,1,0
5173,legacy_router,0,0
5174,optimized_router,1,0
5175,optimized_router,1,1
5176,optimized_router,1,1
5177,optimized_router,0,0
5178,legacy_router,1,0
5179,optimized_router,1,0
5180,optimized_router,1,1
5181,legacy_router,1,0
5182,optimized_router,0,0
5183,legacy_router,1,0
5184,legacy_router,0,0
5185,optimized_router,0,0
5186,legacy_router,0,0
5187,legacy_router,1,0
5188,legacy_router,0,0
5189,legacy_router,0,0
5190,legacy_router,0,0
5191,legacy_router,0,0
5192,optimized_router,1,0
5193,optimized_router,1,1
5194,optimized_router,1,0
5195,legacy_router,1,0
5196,optimized_router,1,0
5197,legacy_router,0,0
5198,legacy_router,1,0
5199,optimized_router,1,0
5200,legacy_router,1,0
5201,optimized_router,1,0
5202,optimized_router,1,0
5203,legacy_router,0,0
5204,legacy_router,1,0
5205,optimized_router,1,0
5206,optimized_router,1,1
5207,legacy_router,0,0
5208,legacy_router,1,0
5209,optimized_router,1,1
5210,optimized_router,1,0
5211,legacy_router,1,0
5212,legacy_router,1,0
5213,legacy_router,1,0
5214,legacy_router,1,0
5215,legacy_router,1,0
5216,optimized_router,1,1
5217,legacy_router,0,0
5218,legacy_router,1,0
5219,optimized_router,1,1
5220,legacy_router,1,0
5221,optimized_router,0,0
5222,legacy_router,1,0
5223,optimized_router,1,1
5224,legacy_router,0,0
5225,legacy_router,0,0
5226,legacy_router,1,0
5227,optimized_router,1,1
5228,legacy_router,1,0
5229,optimized_router,1,0
5230,optimized_router,0,0
5231,optimized_router,0,0
5232,legacy_router,0,0
5233,optimized_router,1,0
5234,optimized_router,1,0
5235,legacy_router,0,0
5236,optimized_router,1,0
5237,legacy_router,0,0
5238,optimized_router,1,1
5239,legacy_router,0,0
5240,legacy_router,1,0
5241,legacy_router,1,1
5242,legacy_router,0,0
5243,legacy_router,0,0
5244,legacy_router,0,0
5245,legacy_router,1,0
5246,optimized_router,0,0
5247,legacy_router,0,0
5248,legacy_router,1,0
5249,optimized_router,1,1
5250,legacy_router,0,0
5251,legacy_router,0,0
5252,legacy_router,1,0
5253,legacy_router,1,0
5254,legacy_router,0,0
5255,optimized_router,0,0
5256,optimized_router,1,0
5257,legacy_router,1,0
5258,optimized_router,0,0
5259,legacy_router,1,0
5260,legacy_router,0,0
5261,legacy_router,1,0
5262,optimized_router,1,0
5263,optimized_router,1,1
5264,optimized_router,1,0
5265,legacy_router,1,0
5266,optimized_router,1,1
5267,legacy_router,0,0
5268,legacy_router,0,0
5269,legacy_router,0,0
5270,legacy_router,0,0
5271,legacy_router,0,0
5272,optimized_router,1,0
5273,optimized_router,1,0
5274,optimized_router,1,0
5275,optimized_router,1,0
5276,optimized_router,1,0
5277,optimized_router,0,0
5278,legacy_router,0,0
5279,optimized_router,1,0
5280,legacy_router,1,0
5281,optimized_router,0,0
5282,legacy_router,0,0
5283,legacy_router,1,0
5284,legacy_router,1,0
5285,legacy_router,1,0
5286,optimized_router,1,1
5287,legacy_router,1,0
5288,optimized_router,1,0
5289,optimized_router,1,0
5290,optimized_router,1,0
5291,optimized_router,1,1
5292,optimized_router,1,0
5293,legacy_router,0,0
5294,optimized_router,0,0
5295,legacy_router,1,0
5296,optimized_router,0,0
5297,legacy_router,1,0
5298,legacy_router,1,0
5299,legacy_router,1,0
5300,optimized_router,1,0
5301,legacy_router,1,0
5302,optimized_router,1,0
5303,legacy_router,0,0
5304,legacy_router,0,0
5305,legacy_router,1,0
5306,legacy_router,1,0
5307,optimized_router,1,1
5308,legacy_router,1,0
5309,legacy_router,1,0
5310,legacy_router,0,0
5311,legacy_router,1,0
5312,optimized_router,1,1
5313,legacy_router,0,0
5314,optimized_router,0,0
5315,legacy_router,1,0
5316,optimized_router,1,0
5317,legacy_router,1,0
5318,legacy_router,1,0
5319,optimized_router,1,0
5320,optimized_router,1,1
5321,legacy_router,1,0
5322,legacy_router,0,0
5323,optimized_router,1,1
5324,legacy_router,0,0
5325,legacy_router,1,0
5326,legacy_router,0,0
5327,legacy_router,0,0
5328,optimized_router,1,0
5329,legacy_router,1,0
5330,optimized_router,1,0
5331,optimized_router,1,0
5332,optimized_router,1,0
5333,legacy_router,1,0
5334,legacy_router,0,0
5335,optimized_router,1,0
5336,optimized_router,0,0
5337,optimized_router,1,1
5338,legacy_router,0,0
5339,legacy_router,1,0
5340,legacy_router,1,0
5341,legacy_router,1,0
5342,legacy_router,0,0
5343,legacy_router,1,0
5344,legacy_router,1,0
5345,legacy_router,1,1
5346,legacy_router,1,0
5347,legacy_router,1,0
5348,legacy_router,0,0
5349,optimized_router,1,1
5350,optimized_router,0,0
5351,legacy_router,0,0
5352,optimized_router,1,1
5353,legacy_router,0,0
5354,legacy_router,1,0
5355,optimized_router,1,1
5356,legacy_router,1,1
5357,legacy_router,1,0
5358,optimized_router,0,0
5359,optimized_router,1,0
5360,legacy_router,1,0
5361,optimized_router,1,0
5362,legacy_router,1,0
5363,optimized_router,1,0
5364,optimized_router,1,1
5365,optimized_router,1,0
5366,legacy_router,1,0
5367,optimized_router,1,0
5368,optimized_router,1,1
5369,optimized_router,1,0
5370,legacy_router,1,0
5371,optimized_router,1,0
5372,optimized_router,1,0
5373,legacy_router,0,0
5374,legacy_router,0,0
5375,legacy_router,1,0
5376,optimized_router,1,0
5377,optimized_router,1,1
5378,legacy_router,0,0
5379,optimized_router,1,0
5380,legacy_router,0,0
5381,optimized_router,1,1
5382,optimized_router,0,0
5383,legacy_router,0,0
5384,legacy_router,1,0
5385,legacy_router,0,0
5386,optimized_router,0,0
5387,legacy_router,0,0
5388,optimized_router,0,0
5389,optimized_router,1,0
5390,legacy_router,0,0
5391,legacy_router,1,0
5392,legacy_router,1,0
5393,legacy_router,1,0
5394,optimized_router,1,1
5395,legacy_router,1,1
5396,legacy_router,1,0
5397,legacy_router,1,0
5398,legacy_router,1,0
5399,optimized_router,1,0
5400,legacy_router,0,0
5401,optimized_router,1,0
5402,legacy_router,0,0
5403,legacy_router,0,0
5404,legacy_router,1,0
5405,optimized_router,1,1
5406,optimized_router,1,0
5407,optimized_router,1,0
5408,legacy_router,1,1
5409,legacy_router,1,0
5410,optimized_router,1,0
5411,optimized_router,1,1
5412,legacy_router,0,0
5413,legacy_router,1,0
5414,legacy_router,1,0
5415,legacy_router,1,0
5416,legacy_router,1,0
5417,optimized_router,0,0
5418,legacy_router,1,0
5419,optimized_router,1,0
5420,optimized_router,1,0
5421,legacy_router,1,0
5422,optimized_router,1,0
5423,optimized_router,1,1
5424,optimized_router,1,1
5425,legacy_router,1,0
5426,optimized_router,1,0
5427,legacy_router,0,0
5428,legacy_router,0,0
5429,optimized_router,1,0
5430,optimized_router,0,0
5431,optimized_router,1,1
5432,optimized_router,1,0
5433,optimized_router,1,0
5434,legacy_router,0,0
5435,legacy_router,0,0
5436,legacy_router,0,0
5437,optimized_router,1,0
5438,optimized_router,1,0
5439,legacy_router,1,0
5440,optimized_router,1,0
5441,optimized_router,0,0
5442,optimized_router,0,0
5443,legacy_router,0,0
5444,optimized_router,1,0
5445,optimized_router,1,0
5446,legacy_router,1,0
5447,legacy_router,1,0
5448,legacy_router,0,0
5449,optimized_router,1,1
5450,legacy_router,0,0
5451,optimized_router,1,0
5452,legacy_router,1,0
5453,legacy_router,0,0
5454,legacy_router,1,0
5455,optimized_router,1,1
5456,optimized_router,0,0
5457,optimized_router,1,0
5458,optimized_router,1,0
5459,optimized_router,1,0
5460,optimized_router,1,0
5461,optimized_router,1,0
5462,optimized_router,1,0
5463,optimized_router,1,0
5464,legacy_router,1,0
5465,optimized_router,0,0
5466,legacy_router,0,0
5467,optimized_router,1,1
5468,optimized_router,1,0
5469,legacy_router,0,0
5470,legacy_router,1,0
5471,optimized_router,1,0
5472,optimized_router,1,0
5473,optimized_router,1,1
5474,optimized_router,1,0
5475,legacy_router,0,0
5476,legacy_router,0,0
5477,optimized_router,1,0
5478,legacy_router,1,0
5479,optimized_router,0,0
5480,legacy_router,1,0
5481,legacy_router,1,0
5482,legacy_router,0,0
5483,optimized_router,1,1
5484,optimized_router,1,1
5485,optimized_router,1,0
5486,optimized_router,1,0
5487,legacy_router,1,0
5488,optimized_router,1,0
5489,optimized_router,0,0
5490,legacy_router,0,0
5491,optimized_router,1,1
5492,legacy_router,1,0
5493,legacy_router,1,0
5494,optimized_router,1,0
5495,legacy_router,0,0
5496,optimized_router,1,1
5497,optimized_router,1,0
5498,legacy_router,0,0
5499,optimized_router,1,0
5500,legacy_router,1,0
5501,legacy_router,0,0
5502,optimized_router,1,0
5503,legacy_router,0,0
5504,legacy_router,1,0
5505,optimized_router,0,0
5506,legacy_router,1,0
5507,optimized_router,0,0
5508,legacy_router,0,0
5509,legacy_router,0,0
5510,optimized_router,1,1
5511,legacy_router,1,0
5512,optimized_router,1,0
5513,optimized_router,1,1
5514,optimized_router,1,0
5515,optimized_router,1,0
5516,optimized_router,1,1
5517,legacy_router,0,0
5518,legacy_router,0,0
5519,optimized_router,1,0
5520,legacy_router,1,0
5521,legacy_router,1,0
5522,legacy_router,0,0
5523,optimized_router,1,1
5524,legacy_router,1,0
5525,legacy_router,1,0
5526,optimized_router,0,0
5527,legacy_router,1,0
5528,optimized_router,1,0
5529,optimized_router,1,0
5530,optimized_router,1,0
5531,optimized_router,1,1
5532,legacy_router,0,0
5533,legacy_router,1,0
5534,optimized_router,1,0
5535,optimized_router,1,0
5536,optimized_router,1,0
5537,legacy_router,0,0
5538,optimized_router,1,0
5539,legacy_router,0,0
5540,optimized_router,0,0
5541,optimized_router,1,0
5542,optimized_router,1,0
5543,legacy_router,1,0
5544,optimized_router,1,1
5545,optimized_router,1,0
5546,optimized_router,1,1
5547,optimized_router,1,0
5548,legacy_router,1,0
5549,optimized_router,1,0
5550,legacy_router,0,0
5551,legacy_router,1,0
5552,optimized_router,0,0
5553,legacy_router,0,0
5554,legacy_router,1,0
5555,legacy_router,1,0
5556,optimized_router,0,0
5557,legacy_router,0,0
5558,optimized_router,1,0
5559,optimized_router,1,1
5560,legacy_router,0,0
5561,legacy_router,1,0
5562,legacy_router,0,0
5563,optimized_router,1,0
5564,legacy_router,1,0
5565,optimized_router,1,0
5566,optimized_router,1,1
5567,legacy_router,0,0
5568,optimized_router,0,0
5569,optimized_router,1,0
5570,legacy_router,1,0
5571,optimized_router,1,1
5572,legacy_router,0,0
5573,optimized_router,1,1
5574,optimized_router,1,1
5575,legacy_router,0,0
5576,legacy_router,0,0
5577,optimized_router,1,0
5578,optimized_router,1,0
5579,optimized_router,0,0
5580,legacy_router,1,0
5581,legacy_router,1,0
5582,legacy_router,0,0
5583,legacy_router,1,0
5584,optimized_router,1,0
5585,legacy_router,1,0
5586,optimized_router,1,0
5587,legacy_router,0,0
5588,optimized_router,1,0
5589,legacy_router,1,0
5590,legacy_router,1,0
5591,optimized_router,1,0
5592,legacy_router,0,0
5593,legacy_router,0,0
5594,optimized_router,0,0
5595,optimized_router,1,0
5596,legacy_router,0,0
5597,optimized_router,1,1
5598,optimized_router,0,0
5599,optimized_router,1,1
5600,legacy_router,1,1
5601,legacy_router,1,0
5602,legacy_router,1,0
5603,optimized_router,1,0
5604,legacy_router,0,0
5605,optimized_router,1,0
5606,optimized_router,0,0
5607,legacy_router,0,0
5608,legacy_router,1,0
5609,optimized_router,0,0
5610,optimized_router,1,0
5611,optimized_router,1,1
5612,legacy_router,1,0
5613,optimized_router,0,0
5614,legacy_router,0,0
5615,optimized_router,1,0
5616,legacy_router,0,0
5617,legacy_router,1,0
5618,legacy_router,0,0
5619,optimized_router,1,0
5620,legacy_router,1,0
5621,optimized_router,1,1
5622,optimized_router,0,0
5623,optimized_router,1,0
5624,legacy_router,0,0
5625,legacy_router,0,0
5626,legacy_router,0,0
5627,optimized_router,0,0
5628,legacy_router,0,0
5629,optimized_router,1,1
5630,optimized_router,1,1
5631,optimized_router,1,1
5632,legacy_router,1,0
5633,legacy_router,1,0
5634,optimized_router,1,1
5635,legacy_router,0,0
5636,optimized_router,1,0
5637,legacy_router,1,0
5638,optimized_router,1,1
5639,optimized_router,1,1
5640,legacy_router,1,0
5641,legacy_router,0,0
5642,optimized_router,1,0
5643,optimized_router,1,1
5644,legacy_router,1,0
5645,optimized_router,1,0
5646,legacy_router,0,0
5647,optimized_router,1,1
5648,legacy_router,1,0
5649,optimized_router,0,0
5650,optimized_router,1,0
5651,optimized_router,1,1
5652,optimized_router,0,0
5653,legacy_router,1,0
5654,legacy_router,1,0
5655,legacy_router,1,0
5656,legacy_router,1,0
5657,legacy_router,0,0
5658,optimized_router,1,0
5659,optimized_router,0,0
5660,legacy_router,0,0
5661,optimized_router,1,0
5662,optimized_router,1,0
5663,legacy_router,1,0
5664,legacy_router,1,1
5665,legacy_router,1,0
5666,legacy_router,0,0
5667,optimized_router,0,0
5668,optimized_router,1,0
5669,legacy_router,0,0
5670,legacy_router,1,0
5671,legacy_router,0,0
5672,legacy_router,1,0
5673,optimized_router,1,1
5674,optimized_router,1,0
5675,legacy_router,0,0
5676,legacy_router,1,0
5677,legacy_router,0,0
5678,legacy_router,0,0
5679,optimized_router,1,1
5680,legacy_router,0,0
5681,legacy_router,1,0
5682,legacy_router,1,0
5683,legacy_router,0,0
5684,optimized_router,1,0
5685,optimized_router,1,0
5686,optimized_router,0,0
5687,optimized_router,1,0
5688,legacy_router,1,0
5689,legacy_router,1,0
5690,optimized_router,1,0
5691,legacy_router,0,0
5692,optimized_router,1,1
5693,optimized_router,1,0
5694,optimized_router,1,0
5695,optimized_router,1,0
5696,legacy_router,1,0
5697,optimized_router,1,0
5698,legacy_router,0,0
5699,optimized_router,0,0
5700,optimized_router,0,0
5701,optimized_router,1,0
5702,optimized_router,1,0
5703,optimized_router,1,0
5704,legacy_router,1,0
5705,legacy_router,1,0
5706,optimized_router,1,0
5707,legacy_router,0,0
5708,optimized_router,0,0
5709,optimized_router,1,0
5710,optimized_router,0,0
5711,optimized_router,0,0
5712,optimized_router,1,0
5713,optimized_router,1,0
5714,legacy_router,0,0
5715,optimized_router,0,0
5716,optimized_router,1,0
5717,legacy_router,1,0
5718,legacy_router,0,0
5719,optimized_router,1,1
5720,legacy_router,0,0
5721,optimized_router,1,0
5722,optimized_router,0,0
5723,legacy_router,1,0
5724,legacy_router,0,0
5725,optimized_router,1,0
5726,legacy_router,0,0
5727,legacy_router,1,0
5728,legacy_router,1,0
5729,legacy_router,1,0
5730,optimized_router,1,1
5731,legacy_router,1,0
5732,optimized_router,1,0
5733,optimized_router,1,1
5734,optimized_router,1,0
5735,optimized_router,1,0
5736,optimized_router,0,0
5737,optimized_router,1,0
5738,optimized_router,0,0
5739,legacy_router,0,0
5740,legacy_router,1,0
5741,legacy_router,1,0
5742,optimized_router,1,0
5743,optimized_router,0,0
5744,optimized_router,1,0
5745,legacy_router,1,0
5746,optimized_router,1,0
5747,legacy_router,1,0
5748,legacy_router,1,0
5749,legacy_router,1,0
5750,optimized_router,0,0
5751,optimized_router,1,1
5752,legacy_router,1,0
5753,legacy_router,1,0
5754,optimized_router,1,1
5755,optimized_router,1,0
5756,legacy_router,1,0
5757,optimized_router,1,1
5758,optimized_router,1,1
5759,optimized_router,1,0
5760,legacy_router,0,0
5761,legacy_router,0,0
5762,optimized_router,1,0
5763,legacy_router,0,0
5764,optimized_router,1,0
5765,legacy_router,0,0
5766,legacy_router,0,0
5767,optimized_router,0,0
5768,optimized_router,1,1
5769,optimized_router,0,0
5770,legacy_router,1,0
5771,optimized_router,1,0
5772,optimized_router,1,0
5773,optimized_router,1,0
5774,optimized_router,1,0
5775,optimized_router,1,1
5776,optimized_router,0,0
5777,optimized_router,1,0
5778,legacy_router,1,0
5779,optimized_router,0,0
5780,optimized_router,1,0
5781,optimized_router,1,0
5782,legacy_router,1,0
5783,optimized_router,1,0
5784,legacy_router,1,0
5785,optimized_router,0,0
5786,legacy_router,1,0
5787,optimized_router,1,1
5788,optimized_router,1,0
5789,optimized_router,0,0
5790,optimized_router,1,0
5791,legacy_router,1,0
5792,legacy_router,0,0
5793,optimized_router,1,0
5794,legacy_router,1,1
5795,optimized_router,1,0
5796,legacy_router,0,0
5797,legacy_router,0,0
5798,optimized_router,1,0
5799,legacy_router,1,0
5800,optimized_router,1,0
5801,optimized_router,0,0
5802,optimized_router,0,0
5803,legacy_router,0,0
5804,optimized_router,1,0
5805,optimized_router,1,0
5806,optimized_router,1,1
5807,optimized_router,1,0
5808,legacy_router,1,0
5809,optimized_router,1,0
5810,legacy_router,1,0
5811,legacy_router,1,0
5812,optimized_router,1,0
5813,legacy_router,0,0
5814,optimized_router,1,0
5815,optimized_router,1,0
5816,legacy_router,1,0
5817,legacy_router,0,0
5818,optimized_router,1,1
5819,optimized_router,0,0
5820,optimized_router,1,1
5821,optimized_router,1,1
5822,optimized_router,1,0
5823,legacy_router,0,0
5824,optimized_router,0,0
5825,optimized_router,1,0
5826,legacy_router,1,0
5827,legacy_router,0,0
5828,optimized_router,1,1
5829,legacy_router,0,0
5830,legacy_router,1,0
5831,legacy_router,0,0
5832,legacy_router,1,0
5833,legacy_router,1,0
5834,legacy_router,1,0
5835,optimized_router,0,0
5836,legacy_router,0,0
5837,legacy_router,1,0
5838,optimized_router,1,0
5839,legacy_router,1,0
5840,legacy_router,0,0
5841,optimized_router,1,0
5842,legacy_router,0,0
5843,legacy_router,1,0
5844,optimized_router,0,0
5845,legacy_router,0,0
5846,legacy_router,0,0
5847,legacy_router,1,0
5848,legacy_router,1,0
5849,optimized_router,0,0
5850,optimized_router,0,0
5851,optimized_router,1,0
5852,legacy_router,1,0
5853,optimized_router,1,0
5854,optimized_router,1,0
5855,optimized_router,0,0
5856,optimized_router,1,0
5857,legacy_router,0,0
5858,optimized_router,1,0
5859,optimized_router,1,0
5860,optimized_router,1,0
5861,optimized_router,1,0
5862,legacy_router,0,0
5863,legacy_router,1,0
5864,legacy_router,0,0
5865,legacy_router,1,0
5866,legacy_router,0,0
5867,optimized_router,1,0
5868,legacy_router,1,0
5869,optimized_router,1,1
5870,optimized_router,1,1
5871,legacy_router,1,0
5872,optimized_router,1,0
5873,optimized_router,1,0
5874,legacy_router,1,0
5875,legacy_router,1,0
5876,optimized_router,1,0
5877,legacy_router,1,0
5878,optimized_router,1,0
5879,legacy_router,1,0
5880,legacy_router,1,0
5881,optimized_router,1,0
5882,legacy_router,0,0
5883,optimized_router,1,0
5884,legacy_router,0,0
5885,optimized_router,1,0
5886,legacy_router,1,0
5887,optimized_router,1,0
5888,legacy_router,1,0
5889,optimized_router,1,1
5890,optimized_router,1,0
5891,optimized_router,1,0
5892,optimized_router,1,1
5893,legacy_router,1,0
5894,optimized_router,1,1
5895,optimized_router,1,1
5896,optimized_router,1,1
5897,optimized_router,1,0
5898,optimized_router,1,1
5899,optimized_router,0,0
5900,legacy_router,1,0
5901,legacy_router,1,0
5902,legacy_router,1,0
5903,legacy_router,1,0
5904,legacy_router,1,0
5905,legacy_router,0,0
5906,optimized_router,1,0
5907,legacy_router,0,0
5908,optimized_router,1,0
5909,optimized_router,0,0
5910,optimized_router,1,0
5911,optimized_router,1,0
5912,legacy_router,0,0
5913,optimized_router,1,0
5914,legacy_router,0,0
5915,optimized_router,1,0
5916,legacy_router,0,0
5917,legacy_router,1,0
5918,optimized_router,1,0
5919,optimized_router,0,0
5920,legacy_router,1,0
5921,legacy_router,1,0
5922,optimized_router,1,0
5923,optimized_router,1,0
5924,legacy_router,1,0
5925,optimized_router,0,0
5926,optimized_router,0,0
5927,legacy_router,0,0
5928,legacy_router,0,0
5929,optimized_router,1,0
5930,legacy_router,0,0
5931,legacy_router,1,0
5932,optimized_router,0,0
5933,legacy_router,0,0
5934,legacy_router,0,0
5935,optimized_router,0,0
5936,optimized_router,0,0
5937,optimized_router,1,1
5938,legacy_router,0,0
5939,optimized_router,1,1
5940,optimized_router,1,0
5941,optimized_router,1,1
5942,optimized_router,1,0
5943,optimized_router,1,0
5944,optimized_router,0,0
5945,legacy_router,1,0
5946,optimized_router,1,1
5947,optimized_router,1,1
5948,optimized_router,1,0
5949,optimized_router,1,0
5950,optimized_router,1,0
5951,optimized_router,1,0
5952,legacy_router,1,0
5953,optimized_router,1,0
5954,legacy_router,1,0
5955,legacy_router,1,0
5956,optimized_router,1,0
5957,legacy_router,1,0
5958,optimized_router,1,0
5959,optimized_router,1,0
5960,legacy_router,0,0
5961,legacy_router,1,0
5962,optimized_router,0,0
5963,optimized_router,1,0
5964,optimized_router,1,0
5965,optimized_router,1,0
5966,legacy_router,1,0
5967,optimized_router,1,0
5968,legacy_router,1,0
5969,optimized_router,1,0
5970,legacy_router,0,0
5971,legacy_router,0,0
5972,optimized_router,1,0
5973,legacy_router,0,0
5974,optimized_router,1,0
5975,optimized_router,1,0
5976,optimized_router,1,0
5977,optimized_router,1,0
5978,legacy_router,1,0
5979,legacy_router,0,0
5980,optimized_router,1,1
5981,optimized_router,1,0
5982,optimized_router,1,1
5983,optimized_router,1,0
5984,legacy_router,0,0
5985,optimized_router,1,1
5986,legacy_router,0,0
5987,optimized_router,1,1
5988,optimized_router,1,0
5989,optimized_router,0,0
5990,optimized_router,1,0
5991,optimized_router,1,1
5992,optimized_router,1,1
5993,optimized_router,1,1
5994,optimized_router,1,0
5995,optimized_router,0,0
5996,legacy_router,0,0
5997,legacy_router,1,0
5998,legacy_router,0,0
5999,optimized_router,1,0
6000,optimized_router,1,0
6001,legacy_router,1,0
6002,legacy_router,0,0
6003,legacy_router,1,0
6004,legacy_router,0,0
6005,optimized_router,1,0
6006,optimized_router,1,0
6007,optimized_router,1,0
6008,legacy_router,1,0
6009,legacy_router,1,0
6010,legacy_router,1,0
6011,legacy_router,1,0
6012,legacy_router,0,0
6013,legacy_router,0,0
6014,optimized_router,1,0
6015,legacy_router,1,0
6016,optimized_router,1,0
6017,legacy_router,0,0
6018,legacy_router,0,0
6019,legacy_router,0,0
6020,optimized_router,1,0
6021,optimized_router,1,0
6022,optimized_router,0,0
6023,optimized_router,1,0
6024,optimized_router,1,0
6025,legacy_router,1,0
6026,optimized_router,1,0
6027,legacy_router,1,0
6028,legacy_router,0,0
6029,legacy_router,0,0
6030,optimized_router,1,0
6031,optimized_router,1,1
6032,optimized_router,1,0
6033,legacy_router,1,0
6034,optimized_router,1,1
6035,optimized_router,0,0
6036,legacy_router,0,0
6037,optimized_router,1,0
6038,optimized_router,1,1
6039,legacy_router,1,0
6040,optimized_router,1,1
6041,legacy_router,1,0
6042,optimized_router,1,0
6043,optimized_router,1,1
6044,optimized_router,1,0
6045,legacy_router,0,0
6046,optimized_router,1,0
6047,optimized_router,0,0
6048,optimized_router,1,1
6049,optimized_router,1,0
6050,legacy_router,0,0
6051,optimized_router,1,1
6052,legacy_router,1,0
6053,legacy_router,0,0
6054,legacy_router,1,0
6055,legacy_router,0,0
6056,legacy_router,1,0
6057,optimized_router,1,0
6058,legacy_router,1,0
6059,optimized_router,1,0
6060,optimized_router,1,0
6061,legacy_router,1,0
6062,legacy_router,0,0
6063,optimized_router,1,0
6064,optimized_router,0,0
6065,legacy_router,1,0
6066,legacy_router,1,0
6067,optimized_router,1,0
6068,legacy_router,1,0
6069,legacy_router,1,0
6070,optimized_router,1,1
6071,optimized_router,0,0
6072,legacy_router,0,0
6073,optimized_router,1,0
6074,legacy_router,0,0
6075,legacy_router,1,0
6076,optimized_router,1,1
6077,optimized_router,1,0
6078,optimized_router,0,0
6079,legacy_router,1,0
6080,legacy_router,1,0
6081,optimized_router,1,1
6082,legacy_router,1,0
6083,legacy_router,1,0
6084,legacy_router,0,0
6085,optimized_router,1,1
6086,legacy_router,1,0
6087,optimized_router,1,1
6088,legacy_router,1,0
6089,legacy_router,0,0
6090,optimized_router,0,0
6091,legacy_router,1,0
6092,legacy_router,0,0
6093,optimized_router,1,0
6094,legacy_router,1,0
6095,legacy_router,0,0
6096,optimized_router,1,1
6097,legacy_router,0,0
6098,legacy_router,1,0
6099,optimized_router,0,0
6100,legacy_router,1,0
6101,optimized_router,1,0
6102,optimized_router,1,1
6103,legacy_router,1,0
6104,optimized_router,0,0
6105,legacy_router,1,0
6106,legacy_router,1,0
6107,optimized_router,0,0
6108,optimized_router,1,0
6109,optimized_router,1,0
6110,legacy_router,1,0
6111,legacy_router,1,0
6112,optimized_router,1,0
6113,legacy_router,0,0
6114,optimized_router,0,0
6115,optimized_router,0,0
6116,legacy_router,1,1
6117,optimized_router,1,1
6118,legacy_router,1,0
6119,optimized_router,1,1
6120,optimized_router,1,1
6121,optimized_router,0,0
6122,optimized_router,1,1
6123,legacy_router,1,0
6124,optimized_router,1,0
6125,optimized_router,1,0
6126,legacy_router,1,1
6127,legacy_router,0,0
6128,optimized_router,1,1
6129,optimized_router,1,0
6130,legacy_router,1,0
6131,optimized_router,1,1
6132,legacy_router,1,0
6133,optimized_router,1,0
6134,legacy_router,1,0
6135,optimized_router,1,0
6136,legacy_router,0,0
6137,optimized_router,1,1
6138,optimized_router,0,0
6139,legacy_router,1,0
6140,optimized_router,0,0
6141,legacy_router,1,0
6142,legacy_router,0,0
6143,optimized_router,1,0
6144,legacy_router,0,0
6145,legacy_router,0,0
6146,optimized_router,1,1
6147,optimized_router,1,0
6148,legacy_router,1,0
6149,optimized_router,0,0
6150,legacy_router,0,0
6151,legacy_router,1,0
6152,legacy_router,0,0
6153,legacy_router,1,0
6154,legacy_router,0,0
6155,legacy_router,0,0
6156,legacy_router,1,0
6157,legacy_router,0,0
6158,optimized_router,0,0
6159,optimized_router,1,0
6160,legacy_router,0,0
6161,optimized_router,1,0
6162,optimized_router,1,0
6163,legacy_router,1,0
6164,optimized_router,0,0
6165,legacy_router,1,0
6166,optimized_router,1,0
6167,optimized_router,1,0
6168,optimized_router,1,0
6169,legacy_router,1,0
6170,legacy_router,0,0
6171,legacy_router,1,0
6172,legacy_router,0,0
6173,optimized_router,1,0
6174,optimized_router,1,0
6175,optimized_router,1,1
6176,optimized_router,1,0
6177,optimized_router,1,0
6178,optimized_router,1,0
6179,optimized_router,1,0
6180,legacy_router,0,0
6181,legacy_router,1,0
6182,legacy_router,0,0
6183,optimized_router,1,0
6184,optimized_router,1,0
6185,legacy_router,1,0
6186,legacy_router,0,0
6187,legacy_router,1,0
6188,optimized_router,1,1
6189,optimized_router,0,0
6190,legacy_router,0,0
6191,optimized_router,1,0
6192,legacy_router,1,0
6193,legacy_router,0,0
6194,optimized_router,1,1
6195,legacy_router,0,0
6196,optimized_router,1,0
6197,optimized_router,1,0
6198,optimized_router,1,0
6199,legacy_router,0,0
6200,legacy_router,1,0
6201,optimized_router,1,0
6202,legacy_router,1,0
6203,optimized_router,1,1
6204,legacy_router,0,0
6205,optimized_router,0,0
6206,optimized_router,1,0
6207,optimized_router,0,0
6208,optimized_router,0,0
6209,optimized_router,1,0
6210,optimized_router,1,0
6211,legacy_router,0,0
6212,optimized_router,0,0
6213,legacy_router,0,0
6214,legacy_router,1,0
6215,optimized_router,1,1
6216,optimized_router,1,0
6217,legacy_router,1,0
6218,legacy_router,1,0
6219,legacy_router,1,0
6220,legacy_router,0,0
6221,legacy_router,1,0
6222,legacy_router,1,0
6223,optimized_router,1,0
6224,legacy_router,0,0
6225,legacy_router,1,0
6226,optimized_router,1,0
6227,legacy_router,0,0
6228,optimized_router,1,1
6229,legacy_router,0,0
6230,legacy_router,1,0
6231,legacy_router,1,0
6232,legacy_router,0,0
6233,legacy_router,0,0
6234,legacy_router,1,0
6235,optimized_router,1,0
6236,legacy_router,0,0
6237,optimized_router,1,0
6238,legacy_router,1,0
6239,legacy_router,1,0
6240,optimized_router,0,0
6241,optimized_router,1,0
6242,optimized_router,1,1
6243,optimized_router,1,0
6244,legacy_router,1,0
6245,legacy_router,0,0
6246,optimized_router,0,0
6247,legacy_router,1,0
6248,legacy_router,1,1
6249,legacy_router,1,0
6250,legacy_router,1,0
6251,legacy_router,1,0
6252,legacy_router,1,0
6253,optimized_router,1,0
6254,optimized_router,1,0
6255,optimized_router,0,0
6256,optimized_router,1,0
6257,optimized_router,1,0
6258,legacy_router,1,0
6259,legacy_router,1,0
6260,optimized_router,1,0
6261,legacy_router,0,0
6262,legacy_router,0,0
6263,legacy_router,1,0
6264,optimized_router,1,1
6265,optimized_router,1,0
6266,legacy_router,1,0
6267,legacy_router,1,0
6268,legacy_router,1,0
6269,legacy_router,1,0
6270,optimized_router,0,0
6271,optimized_router,1,0
6272,legacy_router,1,0
6273,legacy_router,0,0
6274,optimized_router,1,0
6275,optimized_router,1,0
6276,legacy_router,1,0
6277,optimized_router,1,0
6278,legacy_router,1,0
6279,optimized_router,1,0
6280,legacy_router,0,0
6281,legacy_router,1,1
6282,optimized_router,1,1
6283,optimized_router,1,0
6284,legacy_router,1,0
6285,optimized_router,1,1
6286,legacy_router,0,0
6287,optimized_router,1,0
6288,legacy_router,1,0
6289,legacy_router,1,0
6290,optimized_router,0,0
6291,optimized_router,1,0
6292,legacy_router,1,0
6293,legacy_router,1,0
6294,optimized_router,1,0
6295,optimized_router,1,1
6296,optimized_router,0,0
6297,optimized_router,1,1
6298,optimized_router,1,1
6299,optimized_router,1,1
6300,optimized_router,1,1
6301,legacy_router,1,0
6302,legacy_router,0,0
6303,legacy_router,0,0
6304,optimized_router,1,1
6305,legacy_router,1,0
6306,optimized_router,1,0
6307,optimized_router,1,0
6308,legacy_router,0,0
6309,legacy_router,1,0
6310,optimized_router,1,0
6311,legacy_router,0,0
6312,optimized_router,1,1
6313,legacy_router,0,0
6314,optimized_router,0,0
6315,optimized_router,1,1
6316,optimized_router,1,1
6317,optimized_router,1,0
6318,legacy_router,1,0
6319,legacy_router,1,0
6320,optimized_router,0,0
6321,legacy_router,0,0
6322,optimized_router,1,0
6323,optimized_router,1,1
6324,optimized_router,1,0
6325,optimized_router,1,1
6326,optimized_router,1,0
6327,optimized_router,1,1
6328,legacy_router,0,0
6329,optimized_router,0,0
6330,optimized_router,0,0
6331,legacy_router,1,1
6332,optimized_router,1,0
6333,optimized_router,1,0
6334,optimized_router,1,0
6335,optimized_router,1,0
6336,optimized_router,0,0
6337,legacy_router,0,0
6338,optimized_router,1,1
6339,optimized_router,1,0
6340,optimized_router,1,0
6341,optimized_router,1,1
6342,legacy_router,1,0
6343,legacy_router,0,0
6344,optimized_router,0,0
6345,optimized_router,1,0
6346,legacy_router,1,0
6347,legacy_router,1,0
6348,legacy_router,0,0
6349,legacy_router,1,0
6350,legacy_router,0,0
6351,legacy_router,0,0
6352,legacy_router,0,0
6353,legacy_router,1,0
6354,legacy_router,1,0
6355,legacy_router,1,0
6356,optimized_router,0,0
6357,legacy_router,1,0
6358,legacy_router,1,0
6359,legacy_router,0,0
6360,optimized_router,1,1
6361,legacy_router,0,0
6362,legacy_router,1,0
6363,legacy_router,1,0
6364,optimized_router,1,0
6365,legacy_router,0,0
6366,legacy_router,1,0
6367,legacy_router,0,0
6368,legacy_router,0,0
6369,legacy_router,0,0
6370,optimized_router,1,0
6371,optimized_router,1,0
6372,optimized_router,1,1
6373,optimized_router,1,1
6374,optimized_router,1,1
6375,optimized_router,1,1
6376,legacy_router,0,0
6377,optimized_router,0,0
6378,legacy_router,1,0
6379,optimized_router,1,0
6380,optimized_router,1,0
6381,legacy_router,1,0
6382,optimized_router,1,0
6383,optimized_router,1,0
6384,optimized_router,1,0
6385,optimized_router,1,0
6386,legacy_router,1,0
6387,optimized_router,1,0
6388,optimized_router,0,0
6389,optimized_router,1,0
6390,optimized_router,1,0
6391,legacy_router,0,0
6392,legacy_router,1,0
6393,legacy_router,0,0
6394,optimized_router,0,0
6395,optimized_router,0,0
6396,optimized_router,1,1
6397,legacy_router,0,0
6398,legacy_router,0,0
6399,optimized_router,1,0
6400,optimized_router,0,0
6401,legacy_router,1,0
6402,legacy_router,1,0
6403,optimized_router,1,0
6404,optimized_router,1,1
6405,optimized_router,1,0
6406,optimized_router,0,0
6407,legacy_router,1,0
6408,legacy_router,1,0
6409,optimized_router,0,0
6410,optimized_router,1,0
6411,legacy_router,0,0
6412,legacy_router,0,0
6413,optimized_router,1,0
6414,optimized_router,1,0
6415,legacy_router,1,0
6416,optimized_router,1,0
6417,optimized_router,1,0
6418,optimized_router,1,0
6419,legacy_router,0,0
6420,legacy_router,1,0
6421,legacy_router,1,0
6422,legacy_router,1,0
6423,optimized_router,1,0
6424,optimized_router,1,0
6425,optimized_router,1,0
6426,legacy_router,0,0
6427,legacy_router,1,0
6428,optimized_router,1,0
6429,optimized_router,0,0
6430,legacy_router,0,0
6431,legacy_router,0,0
6432,legacy_router,0,0
6433,optimized_router,1,0
6434,legacy_router,1,0
6435,legacy_router,0,0
6436,legacy_router,1,0
6437,legacy_router,0,0
6438,optimized_router,1,0
6439,optimized_router,1,1
6440,legacy_router,0,0
6441,legacy_router,0,0
6442,optimized_router,1,0
6443,legacy_router,1,0
6444,optimized_router,0,0
6445,legacy_router,1,0
6446,optimized_router,1,0
6447,legacy_router,1,0
6448,legacy_router,1,0
6449,optimized_router,1,0
6450,optimized_router,1,0
6451,optimized_router,1,0
6452,optimized_router,1,1
6453,optimized_router,1,0
6454,optimized_router,1,1
6455,optimized_router,1,0
6456,optimized_router,0,0
6457,legacy_router,1,0
6458,legacy_router,1,0
6459,optimized_router,1,0
6460,legacy_router,0,0
6461,legacy_router,1,0
6462,optimized_router,1,0
6463,legacy_router,1,0
6464,optimized_router,1,0
6465,legacy_router,0,0
6466,optimized_router,0,0
6467,legacy_router,1,0
6468,legacy_router,0,0
6469,optimized_router,1,0
6470,optimized_router,1,0
6471,legacy_router,1,0
6472,legacy_router,0,0
6473,legacy_router,0,0
6474,optimized_router,1,0
6475,optimized_router,1,0
6476,legacy_router,0,0
6477,optimized_router,1,0
6478,optimized_router,1,0
6479,legacy_router,1,0
6480,legacy_router,1,0
6481,optimized_router,0,0
6482,optimized_router,1,1
6483,optimized_router,0,0
6484,optimized_router,1,1
6485,legacy_router,0,0
6486,optimized_router,1,0
6487,optimized_router,0,0
6488,optimized_router,0,0
6489,legacy_router,0,0
6490,legacy_router,1,0
6491,optimized_router,1,1
6492,optimized_router,1,0
6493,optimized_router,1,0
6494,optimized_router,0,0
6495,legacy_router,1,0
6496,legacy_router,0,0
6497,legacy_router,1,0
6498,legacy_router,1,0
6499,legacy_router,0,0
6500,optimized_router,1,1
6501,legacy_router,1,0
6502,optimized_router,1,1
6503,legacy_router,0,0
6504,legacy_router,0,0
6505,legacy_router,0,0
6506,optimized_router,1,0
6507,legacy_router,0,0
6508,legacy_router,1,0
6509,legacy_router,1,0
6510,legacy_router,0,0
6511,legacy_router,0,0
6512,optimized_router,1,0
6513,legacy_router,1,0
6514,optimized_router,1,0
6515,optimized_router,1,0
6516,optimized_router,0,0
6517,legacy_router,0,0
6518,legacy_router,0,0
6519,optimized_router,1,0
6520,optimized_router,0,0
6521,optimized_router,1,1
6522,optimized_router,1,0
6523,legacy_router,0,0
6524,legacy_router,0,0
6525,legacy_router,1,0
6526,legacy_router,1,0
6527,legacy_router,1,0
6528,optimized_router,0,0
6529,optimized_router,1,0
6530,optimized_router,1,0
6531,legacy_router,0,0
6532,optimized_router,0,0
6533,legacy_router,1,0
6534,optimized_router,0,0
6535,legacy_router,1,0
6536,optimized_router,1,1
6537,optimized_router,1,0
6538,legacy_router,0,0
6539,legacy_router,1,0
6540,optimized_router,1,0
6541,optimized_router,0,0
6542,optimized_router,0,0
6543,legacy_router,0,0
6544,legacy_router,0,0
6545,optimized_router,1,1
6546,optimized_router,1,1
6547,optimized_router,1,0
6548,legacy_router,1,0
6549,optimized_router,1,0
6550,legacy_router,1,0
6551,optimized_router,1,0
6552,optimized_router,0,0
6553,legacy_router,1,0
6554,legacy_router,1,0
6555,legacy_router,1,0
6556,legacy_router,1,0
6557,legacy_router,0,0
6558,legacy_router,1,0
6559,legacy_router,0,0
6560,optimized_router,1,0
6561,legacy_router,0,0
6562,optimized_router,1,0
6563,legacy_router,1,0
6564,legacy_router,1,0
6565,optimized_router,1,0
6566,optimized_router,1,1
6567,legacy_router,1,0
6568,optimized_router,0,0
6569,legacy_router,0,0
6570,optimized_router,1,1
6571,legacy_router,1,0
6572,legacy_router,1,0
6573,optimized_router,1,0
6574,optimized_router,1,0
6575,optimized_router,1,0
6576,optimized_router,1,0
6577,optimized_router,0,0
6578,optimized_router,1,0
6579,legacy_router,0,0
6580,optimized_router,1,1
6581,legacy_router,1,0
6582,optimized_router,1,0
6583,legacy_router,1,0
6584,legacy_router,1,0
6585,legacy_router,1,0
6586,optimized_router,1,0
6587,legacy_router,0,0
6588,legacy_router,1,0
6589,optimized_router,0,0
6590,legacy_router,1,0
6591,optimized_router,1,0
6592,legacy_router,1,0
6593,legacy_router,0,0
6594,optimized_router,0,0
6595,legacy_router,0,0
6596,optimized_router,1,0
6597,optimized_router,1,0
6598,optimized_router,1,0
6599,legacy_router,1,0
6600,optimized_router,1,1
6601,optimized_router,0,0
6602,optimized_router,1,0
6603,optimized_router,1,1
6604,legacy_router,0,0
6605,optimized_router,1,0
6606,optimized_router,1,0
6607,legacy_router,0,0
6608,optimized_router,1,0
6609,legacy_router,0,0
6610,optimized_router,1,1
6611,optimized_router,1,0
6612,legacy_router,0,0
6613,optimized_router,1,0
6614,legacy_router,0,0
6615,optimized_router,1,0
6616,legacy_router,1,0
6617,optimized_router,1,0
6618,optimized_router,0,0
6619,legacy_router,0,0
6620,legacy_router,0,0
6621,optimized_router,1,0
6622,optimized_router,1,1
6623,legacy_router,1,0
6624,optimized_router,1,0
6625,optimized_router,1,1
6626,optimized_router,1,1
6627,legacy_router,0,0
6628,optimized_router,1,0
6629,legacy_router,1,0
6630,optimized_router,1,0
6631,optimized_router,1,1
6632,optimized_router,1,1
6633,optimized_router,1,0
6634,optimized_router,1,1
6635,legacy_router,1,0
6636,legacy_router,1,1
6637,optimized_router,1,1
6638,legacy_router,1,1
6639,optimized_router,1,0
6640,optimized_router,1,1
6641,optimized_router,1,0
6642,legacy_router,1,1
6643,legacy_router,0,0
6644,optimized_router,0,0
6645,optimized_router,0,0
6646,legacy_router,0,0
6647,optimized_router,1,0
6648,legacy_router,0,0
6649,legacy_router,0,0
6650,optimized_router,1,1
6651,optimized_router,0,0
6652,legacy_router,1,0
6653,optimized_router,1,0
6654,legacy_router,1,0
6655,legacy_router,0,0
6656,legacy_router,1,0
6657,legacy_router,1,0
6658,legacy_router,0,0
6659,legacy_router,1,0
6660,optimized_router,0,0
6661,legacy_router,1,0
6662,optimized_router,0,0
6663,legacy_router,1,0
6664,optimized_router,1,0
6665,optimized_router,1,0
6666,legacy_router,0,0
6667,legacy_router,1,0
6668,optimized_router,1,0
6669,legacy_router,0,0
6670,legacy_router,1,0
6671,legacy_router,1,0
6672,legacy_router,1,0
6673,legacy_router,1,0
6674,legacy_router,1,0
6675,optimized_router,1,0
6676,optimized_router,0,0
6677,optimized_router,0,0
6678,optimized_router,1,0
6679,legacy_router,1,0
6680,optimized_router,1,0
6681,legacy_router,1,0
6682,optimized_router,1,0
6683,legacy_router,1,0
6684,legacy_router,1,0
6685,optimized_router,0,0
6686,legacy_router,1,0
6687,optimized_router,0,0
6688,legacy_router,0,0
6689,optimized_router,0,0
6690,optimized_router,1,1
6691,legacy_router,0,0
6692,legacy_router,1,0
6693,legacy_router,0,0
6694,optimized_router,1,1
6695,optimized_router,1,0
6696,optimized_router,0,0
6697,optimized_router,1,0
6698,legacy_router,0,0
6699,optimized_router,1,0
6700,optimized_router,1,1
6701,legacy_router,0,0
6702,optimized_router,1,1
6703,optimized_router,1,0
6704,legacy_router,1,0
6705,optimized_router,1,0
6706,legacy_router,1,0
6707,legacy_router,1,0
6708,optimized_router,1,0
6709,legacy_router,1,0
6710,optimized_router,1,0
6711,legacy_router,0,0
6712,legacy_router,0,0
6713,optimized_router,1,0
6714,legacy_router,1,0
6715,legacy_router,0,0
6716,legacy_router,1,0
6717,legacy_router,0,0
6718,optimized_router,1,0
6719,optimized_router,1,0
6720,optimized_router,1,0
6721,optimized_router,1,0
6722,legacy_router,1,0
6723,optimized_router,1,0
6724,optimized_router,1,0
6725,optimized_router,1,0
6726,optimized_router,1,0
6727,legacy_router,1,1
6728,legacy_router,0,0
6729,legacy_router,1,0
6730,optimized_router,0,0
6731,legacy_router,0,0
6732,legacy_router,1,0
6733,legacy_router,1,0
6734,optimized_router,1,0
6735,legacy_router,1,0
6736,legacy_router,0,0
6737,legacy_router,0,0
6738,optimized_router,1,1
6739,optimized_router,0,0
6740,legacy_router,0,0
6741,optimized_router,1,0
6742,legacy_router,1,0
6743,optimized_router,1,0
6744,optimized_router,1,0
6745,optimized_router,1,0
6746,optimized_router,1,1
6747,legacy_router,0,0
6748,legacy_router,1,0
6749,optimized_router,1,0
6750,legacy_router,1,0
6751,optimized_router,0,0
6752,legacy_router,0,0
6753,legacy_router,0,0
6754,legacy_router,0,0
6755,legacy_router,0,0
6756,legacy_router,1,0
6757,optimized_router,0,0
6758,optimized_router,0,0
6759,legacy_router,1,0
6760,optimized_router,1,1
6761,legacy_router,1,0
6762,legacy_router,1,0
6763,legacy_router,1,0
6764,optimized_router,0,0
6765,legacy_router,0,0
6766,legacy_router,1,0
6767,optimized_router,0,0
6768,optimized_router,1,0
6769,optimized_router,1,1
6770,optimized_router,1,1
6771,legacy_router,0,0
6772,optimized_router,1,1
6773,legacy_router,0,0
6774,legacy_router,1,1
6775,optimized_router,1,0
6776,legacy_router,1,0
6777,legacy_router,1,0
6778,optimized_router,1,0
6779,legacy_router,0,0
6780,optimized_router,0,0
6781,optimized_router,1,0
6782,optimized_router,1,0
6783,optimized_router,0,0
6784,optimized_router,1,0
6785,optimized_router,1,0
6786,optimized_router,1,1
6787,legacy_router,0,0
6788,legacy_router,0,0
6789,optimized_router,1,1
6790,optimized_router,1,1
6791,optimized_router,1,1
6792,optimized_router,1,0
6793,optimized_router,0,0
6794,optimized_router,1,1
6795,legacy_router,0,0
6796,optimized_router,1,1
6797,legacy_router,1,0
6798,legacy_router,0,0
6799,legacy_router,1,0
6800,optimized_router,0,0
6801,legacy_router,0,0
6802,optimized_router,1,0
6803,optimized_router,0,0
6804,optimized_router,1,1
6805,optimized_router,0,0
6806,legacy_router,0,0
6807,legacy_router,1,0
6808,legacy_router,1,0
6809,legacy_router,0,0
6810,legacy_router,1,1
6811,optimized_router,0,0
6812,legacy_router,0,0
6813,legacy_router,1,0
6814,optimized_router,1,0
6815,legacy_router,1,0
6816,optimized_router,0,0
6817,optimized_router,1,1
6818,legacy_router,0,0
6819,optimized_router,1,0
6820,legacy_router,0,0
6821,legacy_router,0,0
6822,legacy_router,1,0
6823,optimized_router,1,1
6824,legacy_router,1,0
6825,optimized_router,1,0
6826,optimized_router,1,0
6827,optimized_router,1,0
6828,legacy_router,0,0
6829,optimized_router,1,0
6830,optimized_router,1,1
6831,optimized_router,1,0
6832,legacy_router,0,0
6833,legacy_router,1,0
6834,legacy_router,0,0
6835,legacy_router,1,0
6836,legacy_router,0,0
6837,optimized_router,1,0
6838,optimized_router,0,0
6839,optimized_router,1,0
6840,optimized_router,1,1
6841,optimized_router,0,0
6842,legacy_router,0,0
6843,optimized_router,0,0
6844,optimized_router,1,1
6845,legacy_router,1,0
6846,legacy_router,1,0
6847,optimized_router,1,0
6848,legacy_router,0,0
6849,legacy_router,0,0
6850,legacy_router,1,0
6851,optimized_router,1,0
6852,optimized_router,1,0
6853,optimized_router,1,0
6854,optimized_router,1,0
6855,legacy_router,1,0
6856,optimized_router,1,0
6857,legacy_router,0,0
6858,legacy_router,1,0
6859,optimized_router,1,0
6860,optimized_router,1,1
6861,legacy_router,1,0
6862,legacy_router,1,0
6863,legacy_router,1,0
6864,legacy_router,1,0
6865,legacy_router,0,0
6866,legacy_router,0,0
6867,legacy_router,0,0
6868,legacy_router,1,0
6869,optimized_router,1,1
6870,optimized_router,1,0
6871,optimized_router,1,0
6872,optimized_router,1,1
6873,legacy_router,0,0
6874,optimized_router,1,0
6875,legacy_router,0,0
6876,optimized_router,1,1
6877,legacy_router,1,0
6878,optimized_router,1,0
6879,optimized_router,1,1
6880,legacy_router,1,0
6881,optimized_router,1,0
6882,optimized_router,1,0
6883,optimized_router,1,0
6884,optimized_router,1,0
6885,legacy_router,0,0
6886,legacy_router,1,0
6887,legacy_router,0,0
6888,optimized_router,0,0
6889,optimized_router,1,1
6890,legacy_router,0,0
6891,legacy_router,0,0
6892,legacy_router,1,0
6893,optimized_router,1,0
6894,optimized_router,1,0
6895,optimized_router,1,0
6896,legacy_router,1,0
6897,optimized_router,0,0
6898,optimized_router,1,1
6899,optimized_router,1,0
6900,legacy_router,0,0
6901,optimized_router,1,0
6902,optimized_router,1,0
6903,optimized_router,1,1
6904,legacy_router,0,0
6905,legacy_router,1,0
6906,legacy_router,0,0
6907,optimized_router,0,0
6908,optimized_router,1,0
6909,optimized_router,1,0
6910,legacy_router,1,0
6911,optimized_router,1,0
6912,legacy_router,1,0
6913,optimized_router,1,1
6914,legacy_router,1,0
6915,optimized_router,1,0
6916,legacy_router,1,0
6917,optimized_router,1,1
6918,optimized_router,1,0
6919,optimized_router,0,0
6920,optimized_router,1,1
6921,legacy_router,1,0
6922,optimized_router,1,0
6923,legacy_router,0,0
6924,optimized_router,1,0
6925,optimized_router,0,0
6926,legacy_router,1,0
6927,legacy_router,1,0
6928,legacy_router,1,0
6929,legacy_router,0,0
6930,optimized_router,0,0
6931,legacy_router,0,0
6932,optimized_router,1,0
6933,legacy_router,1,0
6934,optimized_router,1,1
6935,legacy_router,0,0
6936,legacy_router,1,0
6937,optimized_router,0,0
6938,optimized_router,1,0
6939,legacy_router,1,0
6940,optimized_router,0,0
6941,legacy_router,0,0
6942,legacy_router,1,0
6943,optimized_router,1,1
6944,optimized_router,1,0
6945,optimized_router,1,0
6946,legacy_router,1,0
6947,optimized_router,1,0
6948,optimized_router,1,1
6949,legacy_router,0,0
6950,optimized_router,1,0
6951,optimized_router,1,0
6952,legacy_router,0,0
6953,optimized_router,1,0
6954,legacy_router,1,0
6955,legacy_router,1,0
6956,optimized_router,1,0
6957,optimized_router,0,0
6958,optimized_router,1,1
6959,optimized_router,1,0
6960,legacy_router,0,0
6961,optimized_router,1,0
6962,legacy_router,1,0
6963,legacy_router,0,0
6964,legacy_router,0,0
6965,legacy_router,1,0
6966,optimized_router,1,0
6967,optimized_router,1,1
6968,legacy_router,1,0
6969,legacy_router,0,0
6970,legacy_router,1,0
6971,legacy_router,1,0
6972,optimized_router,1,1
6973,legacy_router,1,0
6974,optimized_router,1,0
6975,legacy_router,1,0
6976,optimized_router,1,0
6977,legacy_router,0,0
6978,optimized_router,1,0
6979,optimized_router,1,1
6980,optimized_router,0,0
6981,legacy_router,0,0
6982,optimized_router,1,0
6983,legacy_router,1,0
6984,optimized_router,1,0
6985,optimized_router,1,1
6986,legacy_router,1,0
6987,legacy_router,1,0
6988,legacy_router,1,1
6989,optimized_router,0,0
6990,legacy_router,1,0
6991,legacy_router,1,0
6992,optimized_router,1,0
6993,optimized_router,1,1
6994,legacy_router,1,0
6995,legacy_router,1,0
6996,optimized_router,1,0
6997,legacy_router,0,0
6998,optimized_router,1,0
6999,optimized_router,1,0
7000,optimized_router,1,1
7001,optimized_router,1,1
7002,optimized_router,1,1
7003,legacy_router,1,0
7004,optimized_router,0,0
7005,legacy_router,1,0
7006,optimized_router,0,0
7007,legacy_router,1,0
7008,legacy_router,1,0
7009,legacy_router,0,0
7010,legacy_router,1,0
7011,optimized_router,1,0
7012,legacy_router,1,0
7013,legacy_router,0,0
7014,optimized_router,1,0
7015,legacy_router,0,0
7016,optimized_router,1,0
7017,optimized_router,1,0
7018,optimized_router,0,0
7019,optimized_router,0,0
7020,optimized_router,1,1
7021,legacy_router,1,0
7022,legacy_router,1,0
7023,optimized_router,1,0
7024,legacy_router,1,0
7025,optimized_router,1,0
7026,optimized_router,1,0
7027,optimized_router,1,1
7028,optimized_router,1,0
7029,legacy_router,0,0
7030,legacy_router,0,0
7031,legacy_router,1,0
7032,optimized_router,1,0
7033,legacy_router,1,0
7034,optimized_router,1,0
7035,optimized_router,1,0
7036,legacy_router,1,0
7037,optimized_router,1,0
7038,optimized_router,0,0
7039,optimized_router,1,0
7040,optimized_router,0,0
7041,legacy_router,0,0
7042,legacy_router,0,0
7043,optimized_router,0,0
7044,optimized_router,1,0
7045,legacy_router,0,0
7046,legacy_router,0,0
7047,optimized_router,1,0
7048,legacy_router,1,0
7049,optimized_router,1,0
7050,optimized_router,0,0
7051,legacy_router,0,0
7052,legacy_router,1,0
7053,optimized_router,1,1
7054,legacy_router,0,0
7055,legacy_router,0,0
7056,optimized_router,1,1
7057,legacy_router,0,0
7058,legacy_router,1,0
7059,optimized_router,1,0
7060,optimized_router,0,0
7061,legacy_router,1,0
7062,optimized_router,1,1
7063,optimized_router,1,0
7064,optimized_router,1,1
7065,optimized_router,1,0
7066,legacy_router,1,0
7067,legacy_router,1,0
7068,legacy_router,0,0
7069,legacy_router,0,0
7070,optimized_router,1,0
7071,legacy_router,0,0
7072,optimized_router,1,1
7073,optimized_router,1,0
7074,optimized_router,1,0
7075,optimized_router,1,0
7076,legacy_router,0,0
7077,optimized_router,0,0
7078,optimized_router,1,0
7079,optimized_router,0,0
7080,legacy_router,1,0
7081,optimized_router,1,0
7082,legacy_router,1,0
7083,optimized_router,1,1
7084,legacy_router,0,0
7085,legacy_router,1,0
7086,optimized_router,0,0
7087,optimized_router,1,0
7088,legacy_router,1,0
7089,legacy_router,1,0
7090,optimized_router,0,0
7091,legacy_router,0,0
7092,legacy_router,0,0
7093,optimized_router,1,0
7094,optimized_router,1,0
7095,legacy_router,0,0
7096,optimized_router,1,0
7097,legacy_router,0,0
7098,legacy_router,0,0
7099,legacy_router,1,0
7100,optimized_router,1,1
7101,optimized_router,1,1
7102,optimized_router,0,0
7103,optimized_router,1,0
7104,optimized_router,1,0
7105,legacy_router,0,0
7106,optimized_router,1,0
7107,legacy_router,0,0
7108,legacy_router,1,0
7109,optimized_router,1,1
7110,optimized_router,1,0
7111,optimized_router,0,0
7112,optimized_router,1,1
7113,legacy_router,1,0
7114,optimized_router,0,0
7115,optimized_router,1,0
7116,legacy_router,0,0
7117,optimized_router,1,0
7118,legacy_router,1,0
7119,optimized_router,1,0
7120,optimized_router,1,0
7121,optimized_router,1,0
7122,legacy_router,0,0
7123,optimized_router,1,0
7124,legacy_router,1,0
7125,legacy_router,0,0
7126,optimized_router,1,0
7127,optimized_router,1,0
7128,optimized_router,1,1
7129,optimized_router,0,0
7130,legacy_router,1,0
7131,optimized_router,1,0
7132,optimized_router,1,1
7133,legacy_router,1,0
7134,optimized_router,1,0
7135,legacy_router,1,0
7136,optimized_router,1,0
7137,legacy_router,1,0
7138,legacy_router,0,0
7139,legacy_router,1,0
7140,legacy_router,0,0
7141,optimized_router,0,0
7142,legacy_router,0,0
7143,legacy_router,1,0
7144,legacy_router,0,0
7145,legacy_router,0,0
7146,optimized_router,1,0
7147,legacy_router,1,0
7148,legacy_router,1,0
7149,optimized_router,1,0
7150,optimized_router,1,0
7151,optimized_router,1,0
7152,legacy_router,1,1
7153,legacy_router,1,0
7154,legacy_router,0,0
7155,legacy_router,1,0
7156,legacy_router,1,1
7157,legacy_router,1,1
7158,optimized_router,0,0
7159,legacy_router,1,0
7160,legacy_router,1,0
7161,legacy_router,0,0
7162,optimized_router,1,1
7163,legacy_router,1,0
7164,legacy_router,1,0
7165,optimized_router,1,0
7166,optimized_router,1,0
7167,legacy_router,0,0
7168,legacy_router,0,0
7169,optimized_router,1,0
7170,optimized_router,1,0
7171,legacy_router,1,0
7172,optimized_router,0,0
7173,optimized_router,1,0
7174,optimized_router,1,1
7175,optimized_router,1,0
7176,optimized_router,1,0
7177,optimized_router,0,0
7178,legacy_router,1,0
7179,legacy_router,0,0
7180,optimized_router,1,0
7181,optimized_router,1,1
7182,legacy_router,1,0
7183,legacy_router,1,0
7184,optimized_router,0,0
7185,optimized_router,1,0
7186,optimized_router,1,1
7187,legacy_router,1,0
7188,optimized_router,1,0
7189,optimized_router,1,0
7190,legacy_router,0,0
7191,optimized_router,1,0
7192,legacy_router,1,0
7193,legacy_router,1,0
7194,legacy_router,0,0
7195,legacy_router,1,0
7196,legacy_router,0,0
7197,legacy_router,1,0
7198,legacy_router,1,0
7199,optimized_router,1,0
7200,legacy_router,1,0
7201,optimized_router,1,1
7202,optimized_router,1,1
7203,optimized_router,1,0
7204,legacy_router,1,0
7205,legacy_router,0,0
7206,optimized_router,1,1
7207,optimized_router,1,0
7208,optimized_router,0,0
7209,optimized_router,0,0
7210,optimized_router,1,0
7211,optimized_router,0,0
7212,optimized_router,1,0
7213,optimized_router,0,0
7214,optimized_router,0,0
7215,optimized_router,1,1
7216,optimized_router,1,1
7217,legacy_router,1,0
7218,optimized_router,0,0
7219,optimized_router,1,0
7220,legacy_router,0,0
7221,optimized_router,0,0
7222,legacy_router,0,0
7223,optimized_router,1,0
7224,legacy_router,0,0
7225,optimized_router,0,0
7226,legacy_router,0,0
7227,optimized_router,1,1
7228,legacy_router,0,0
7229,optimized_router,1,0
7230,optimized_router,1,0
7231,legacy_router,0,0
7232,legacy_router,0,0
7233,optimized_router,1,0
7234,legacy_router,0,0
7235,legacy_router,0,0
7236,legacy_router,0,0
7237,optimized_router,1,0
7238,optimized_router,1,0
7239,optimized_router,1,1
7240,optimized_router,1,0
7241,optimized_router,1,0
7242,optimized_router,0,0
7243,legacy_router,1,0
7244,optimized_router,0,0
7245,optimized_router,1,0
7246,optimized_router,1,1
7247,legacy_router,1,0
7248,optimized_router,1,1
7249,legacy_router,0,0
7250,legacy_router,1,0
7251,legacy_router,0,0
7252,legacy_router,1,0
7253,optimized_router,1,0
7254,optimized_router,1,0
7255,legacy_router,0,0
7256,legacy_router,1,0
7257,legacy_router,1,0
7258,legacy_router,0,0
7259,optimized_router,1,0
7260,optimized_router,1,1
7261,legacy_router,1,0
7262,legacy_router,0,0
7263,legacy_router,1,0
7264,optimized_router,1,0
7265,legacy_router,0,0
7266,legacy_router,0,0
7267,legacy_router,0,0
7268,legacy_router,1,0
7269,legacy_router,1,0
7270,optimized_router,1,0
7271,optimized_router,1,0
7272,legacy_router,0,0
7273,optimized_router,0,0
7274,legacy_router,1,0
7275,legacy_router,0,0
7276,optimized_router,0,0
7277,optimized_router,1,0
7278,optimized_router,1,0
7279,optimized_router,0,0
7280,optimized_router,1,0
7281,optimized_router,1,0
7282,optimized_router,1,1
7283,legacy_router,1,0
7284,legacy_router,1,0
7285,legacy_router,1,0
7286,optimized_router,1,0
7287,legacy_router,1,0
7288,legacy_router,0,0
7289,optimized_router,1,0
7290,legacy_router,0,0
7291,optimized_router,0,0
7292,optimized_router,1,0
7293,legacy_router,0,0
7294,optimized_router,1,0
7295,optimized_router,1,0
7296,legacy_router,1,0
7297,optimized_router,0,0
7298,legacy_router,0,0
7299,optimized_router,1,0
7300,legacy_router,1,0
7301,optimized_router,1,1
7302,legacy_router,1,0
7303,optimized_router,1,0
7304,optimized_router,1,0
7305,legacy_router,0,0
7306,legacy_router,1,0
7307,optimized_router,1,1
7308,optimized_router,1,0
7309,legacy_router,1,0
7310,legacy_router,0,0
7311,legacy_router,1,0
7312,legacy_router,1,0
7313,optimized_router,1,1
7314,optimized_router,1,0
7315,optimized_router,1,0
7316,legacy_router,0,0
7317,optimized_router,1,0
7318,legacy_router,0,0
7319,legacy_router,0,0
7320,optimized_router,1,0
7321,optimized_router,1,1
7322,legacy_router,1,0
7323,optimized_router,1,0
7324,legacy_router,1,0
7325,optimized_router,1,0
7326,optimized_router,1,1
7327,optimized_router,1,0
7328,optimized_router,1,0
7329,optimized_router,1,0
7330,legacy_router,1,0
7331,legacy_router,0,0
7332,optimized_router,1,0
7333,legacy_router,1,0
7334,legacy_router,0,0
7335,optimized_router,1,0
7336,optimized_router,0,0
7337,optimized_router,1,1
7338,optimized_router,1,1
7339,legacy_router,0,0
7340,optimized_router,1,0
7341,optimized_router,1,0
7342,optimized_router,1,0
7343,legacy_router,0,0
7344,optimized_router,1,0
7345,legacy_router,1,0
7346,optimized_router,1,0
7347,optimized_router,1,1
7348,optimized_router,1,0
7349,legacy_router,0,0
7350,optimized_router,1,0
7351,legacy_router,1,0
7352,legacy_router,0,0
7353,legacy_router,1,0
7354,legacy_router,1,0
7355,legacy_router,1,0
7356,optimized_router,1,0
7357,legacy_router,0,0
7358,legacy_router,1,0
7359,optimized_router,1,0
7360,legacy_router,1,0
7361,legacy_router,0,0
7362,legacy_router,0,0
7363,optimized_router,1,0
7364,legacy_router,1,0
7365,optimized_router,1,0
7366,optimized_router,1,0
7367,optimized_router,1,0
7368,legacy_router,0,0
7369,optimized_router,1,0
7370,optimized_router,1,0
7371,optimized_router,1,0
7372,legacy_router,1,0
7373,legacy_router,1,0
7374,optimized_router,1,0
7375,legacy_router,1,0
7376,optimized_router,1,1
7377,optimized_router,1,1
7378,legacy_router,0,0
7379,optimized_router,1,0
7380,legacy_router,1,0
7381,legacy_router,1,0
7382,legacy_router,1,1
7383,legacy_router,0,0
7384,legacy_router,1,0
7385,legacy_router,0,0
7386,legacy_router,1,0
7387,optimized_router,0,0
7388,optimized_router,1,0
7389,legacy_router,0,0
7390,optimized_router,1,1
7391,legacy_router,1,0
7392,legacy_router,1,0
7393,optimized_router,1,0
7394,optimized_router,0,0
7395,optimized_router,1,1
7396,legacy_router,1,0
7397,legacy_router,0,0
7398,optimized_router,1,0
7399,legacy_router,1,0
7400,optimized_router,1,0
7401,legacy_router,0,0
7402,optimized_router,1,0
7403,legacy_router,1,0
7404,legacy_router,0,0
7405,legacy_router,1,0
7406,legacy_router,1,0
7407,optimized_router,1,0
7408,optimized_router,0,0
7409,legacy_router,1,0
7410,legacy_router,0,0
7411,optimized_router,1,0
7412,optimized_router,0,0
7413,optimized_router,1,1
7414,optimized_router,1,0
7415,optimized_router,1,1
7416,legacy_router,0,0
7417,legacy_router,1,0
7418,optimized_router,1,1
7419,optimized_router,1,1
7420,legacy_router,1,0
7421,legacy_router,1,0
7422,optimized_router,0,0
7423,optimized_router,1,0
7424,optimized_router,1,0
7425,legacy_router,1,0
7426,legacy_router,1,0
7427,optimized_router,1,0
7428,optimized_router,0,0
7429,optimized_router,1,0
7430,legacy_router,0,0
7431,legacy_router,1,0
7432,optimized_router,1,0
7433,legacy_router,1,0
7434,legacy_router,0,0
7435,optimized_router,1,0
7436,legacy_router,1,0
7437,optimized_router,1,0
7438,optimized_router,1,0
7439,optimized_router,1,0
7440,optimized_router,1,1
7441,legacy_router,0,0
7442,legacy_router,0,0
7443,legacy_router,0,0
7444,optimized_router,1,0
7445,legacy_router,0,0
7446,legacy_router,1,0
7447,legacy_router,1,0
7448,legacy_router,1,0
7449,legacy_router,0,0
7450,legacy_router,1,0
7451,optimized_router,1,0
7452,optimized_router,1,0
7453,optimized_router,1,0
7454,legacy_router,1,0
7455,legacy_router,0,0
7456,legacy_router,1,0
7457,optimized_router,1,0
7458,optimized_router,1,1
7459,optimized_router,1,0
7460,legacy_router,1,0
7461,optimized_router,1,0
7462,legacy_router,1,0
7463,optimized_router,0,0
7464,optimized_router,1,0
7465,legacy_router,1,0
7466,legacy_router,0,0
7467,optimized_router,1,0
7468,legacy_router,0,0
7469,legacy_router,0,0
7470,optimized_router,1,0
7471,legacy_router,0,0
7472,optimized_router,1,0
7473,legacy_router,0,0
7474,optimized_router,1,0
7475,optimized_router,1,0
7476,optimized_router,1,0
7477,optimized_router,0,0
7478,optimized_router,1,0
7479,legacy_router,0,0
7480,optimized_router,0,0
7481,optimized_router,1,0
7482,optimized_router,1,1
7483,optimized_router,0,0
7484,legacy_router,0,0
7485,optimized_router,1,0
7486,legacy_router,0,0
7487,legacy_router,0,0
7488,optimized_router,0,0
7489,legacy_router,1,0
7490,optimized_router,1,1
7491,legacy_router,1,0
7492,optimized_router,0,0
7493,legacy_router,0,0
7494,legacy_router,0,0
7495,legacy_router,1,0
7496,optimized_router,1,1
7497,legacy_router,1,0
7498,optimized_router,0,0
7499,legacy_router,0,0
7500,optimized_router,0,0
7501,legacy_router,0,0
7502,legacy_router,1,0
7503,legacy_router,0,0
7504,legacy_router,0,0
7505,optimized_router,1,0
7506,legacy_router,1,0
7507,optimized_router,1,0
7508,optimized_router,1,1
7509,legacy_router,0,0
7510,legacy_router,0,0
7511,optimized_router,1,0
7512,legacy_router,0,0
7513,legacy_router,0,0
7514,optimized_router,1,0
7515,legacy_router,0,0
7516,legacy_router,0,0
7517,legacy_router,1,0
7518,optimized_router,1,1
7519,optimized_router,0,0
7520,optimized_router,1,1
7521,legacy_router,0,0
7522,legacy_router,1,0
7523,optimized_router,1,0
7524,legacy_router,0,0
7525,legacy_router,1,0
7526,legacy_router,1,0
7527,optimized_router,1,1
7528,optimized_router,0,0
7529,optimized_router,1,1
7530,legacy_router,0,0
7531,optimized_router,1,0
7532,legacy_router,1,0
7533,optimized_router,0,0
7534,optimized_router,0,0
7535,legacy_router,1,0
7536,legacy_router,1,0
7537,optimized_router,1,1
7538,optimized_router,1,0
7539,optimized_router,1,0
7540,optimized_router,0,0
7541,optimized_router,1,0
7542,optimized_router,0,0
7543,legacy_router,0,0
7544,legacy_router,0,0
7545,optimized_router,1,0
7546,optimized_router,0,0
7547,legacy_router,0,0
7548,optimized_router,0,0
7549,legacy_router,0,0
7550,legacy_router,1,0
7551,legacy_router,1,0
7552,legacy_router,1,0
7553,optimized_router,0,0
7554,optimized_router,1,0
7555,legacy_router,1,0
7556,optimized_router,1,0
7557,optimized_router,1,1
7558,optimized_router,1,1
7559,legacy_router,0,0
7560,optimized_router,1,0
7561,legacy_router,1,0
7562,optimized_router,0,0
7563,optimized_router,1,0
7564,legacy_router,0,0
7565,optimized_router,1,1
7566,legacy_router,1,0
7567,optimized_router,1,0
7568,optimized_router,1,0
7569,optimized_router,1,1
7570,legacy_router,1,0
7571,optimized_router,1,1
7572,optimized_router,0,0
7573,optimized_router,1,0
7574,legacy_router,0,0
7575,legacy_router,1,0
7576,legacy_router,0,0
7577,optimized_router,1,0
7578,optimized_router,1,0
7579,legacy_router,1,0
7580,optimized_router,1,0
7581,legacy_router,1,0
7582,optimized_router,0,0
7583,optimized_router,1,0
7584,legacy_router,0,0
7585,optimized_router,1,1
7586,optimized_router,0,0
7587,optimized_router,1,0
7588,optimized_router,1,0
7589,optimized_router,1,0
7590,legacy_router,0,0
7591,optimized_router,1,0
7592,legacy_router,1,0
7593,legacy_router,1,0
7594,optimized_router,0,0
7595,optimized_router,1,0
7596,optimized_router,1,1
7597,legacy_router,1,0
7598,legacy_router,1,0
7599,optimized_router,1,0
7600,legacy_router,0,0
7601,optimized_router,1,0
7602,legacy_router,1,0
7603,optimized_router,1,0
7604,legacy_router,1,0
7605,optimized_router,1,0
7606,legacy_router,1,0
7607,legacy_router,0,0
7608,optimized_router,1,1
7609,optimized_router,1,0
7610,legacy_router,0,0
7611,optimized_router,1,0
7612,optimized_router,1,0
7613,legacy_router,1,0
7614,optimized_router,1,0
7615,legacy_router,0,0
7616,optimized_router,0,0
7617,legacy_router,1,0
7618,legacy_router,1,0
7619,legacy_router,0,0
7620,legacy_router,0,0
7621,legacy_router,1,0
7622,optimized_router,0,0
7623,legacy_router,1,0
7624,legacy_router,1,1
7625,legacy_router,1,1
7626,legacy_router,0,0
7627,legacy_router,1,0
7628,optimized_router,1,1
7629,legacy_router,1,0
7630,legacy_router,1,0
7631,legacy_router,1,0
7632,legacy_router,1,0
7633,optimized_router,1,0
7634,legacy_router,1,0
7635,legacy_router,0,0
7636,optimized_router,0,0
7637,optimized_router,0,0
7638,optimized_router,1,0
7639,legacy_router,1,1
7640,legacy_router,0,0
7641,optimized_router,1,0
7642,legacy_router,1,0
7643,optimized_router,0,0
7644,legacy_router,0,0
7645,optimized_router,1,0
7646,legacy_router,1,0
7647,optimized_router,1,0
7648,optimized_router,1,0
7649,optimized_router,0,0
7650,optimized_router,1,0
7651,legacy_router,1,0
7652,optimized_router,1,1
7653,legacy_router,1,0
7654,optimized_router,1,0
7655,legacy_router,1,0
7656,optimized_router,1,0
7657,optimized_router,0,0
7658,legacy_router,1,0
7659,optimized_router,1,1
7660,legacy_router,0,0
7661,optimized_router,1,0
7662,legacy_router,1,0
7663,optimized_router,1,0
7664,legacy_router,0,0
7665,legacy_router,0,0
7666,legacy_router,0,0
7667,legacy_router,1,0
7668,optimized_router,1,0
7669,legacy_router,0,0
7670,optimized_router,1,0
7671,legacy_router,1,0
7672,legacy_router,1,0
7673,legacy_router,0,0
7674,optimized_router,1,1
7675,optimized_router,1,0
7676,legacy_router,1,0
7677,legacy_router,1,0
7678,optimized_router,1,1
7679,optimized_router,1,0
7680,legacy_router,1,0
7681,legacy_router,0,0
7682,legacy_router,1,0
7683,legacy_router,0,0
7684,legacy_router,0,0
7685,optimized_router,1,0
7686,legacy_router,1,0
7687,optimized_router,1,1
7688,legacy_router,1,0
7689,optimized_router,1,0
7690,optimized_router,1,1
7691,legacy_router,1,0
7692,optimized_router,1,0
7693,legacy_router,1,0
7694,optimized_router,1,0
7695,legacy_router,1,0
7696,optimized_router,1,0
7697,optimized_router,1,0
7698,optimized_router,1,0
7699,legacy_router,1,0
7700,legacy_router,1,0
7701,optimized_router,1,0
7702,legacy_router,1,0
7703,optimized_router,1,0
7704,optimized_router,1,0
7705,legacy_router,1,0
7706,legacy_router,0,0
7707,legacy_router,1,0
7708,optimized_router,1,0
7709,legacy_router,1,0
7710,legacy_router,1,0
7711,legacy_router,1,0
7712,optimized_router,1,0
7713,optimized_router,1,0
7714,legacy_router,0,0
7715,legacy_router,0,0
7716,optimized_router,1,0
7717,optimized_router,1,0
7718,legacy_router,1,0
7719,legacy_router,0,0
7720,legacy_router,0,0
7721,optimized_router,1,0
7722,optimized_router,1,0
7723,legacy_router,1,0
7724,legacy_router,1,0
7725,legacy_router,1,0
7726,optimized_router,1,0
7727,optimized_router,0,0
7728,optimized_router,1,1
7729,optimized_router,1,0
7730,legacy_router,1,0
7731,optimized_router,1,1
7732,optimized_router,1,1
7733,optimized_router,0,0
7734,optimized_router,1,0
7735,optimized_router,1,1
7736,optimized_router,1,0
7737,legacy_router,0,0
7738,legacy_router,0,0
7739,legacy_router,0,0
7740,optimized_router,1,1
7741,optimized_router,1,1
7742,legacy_router,1,0
7743,optimized_router,1,1
7744,optimized_router,0,0
7745,optimized_router,1,1
7746,optimized_router,1,0
7747,optimized_router,1,0
7748,legacy_router,0,0
7749,legacy_router,1,0
7750,legacy_router,0,0
7751,optimized_router,1,1
7752,optimized_router,1,0
7753,legacy_router,1,0
7754,optimized_router,1,0
7755,optimized_router,0,0
7756,optimized_router,1,0
7757,legacy_router,0,0
7758,legacy_router,1,0
7759,optimized_router,0,0
7760,legacy_router,1,0
7761,optimized_router,1,0
7762,legacy_router,0,0
7763,legacy_router,0,0
7764,legacy_router,1,0
7765,optimized_router,0,0
7766,optimized_router,0,0
7767,legacy_router,1,0
7768,legacy_router,1,0
7769,optimized_router,1,0
7770,legacy_router,1,0
7771,legacy_router,1,0
7772,optimized_router,1,0
7773,optimized_router,1,0
7774,optimized_router,1,1
7775,legacy_router,1,0
7776,legacy_router,0,0
7777,optimized_router,1,0
7778,optimized_router,1,0
7779,optimized_router,1,0
7780,optimized_router,1,0
7781,optimized_router,1,1
7782,legacy_router,0,0
7783,optimized_router,1,1
7784,optimized_router,1,1
7785,optimized_router,1,1
7786,optimized_router,0,0
7787,optimized_router,1,0
7788,legacy_router,0,0
7789,legacy_router,0,0
7790,legacy_router,0,0
7791,optimized_router,1,1
7792,optimized_router,1,1
7793,optimized_router,1,0
7794,optimized_router,1,1
7795,legacy_router,0,0
7796,optimized_router,0,0
7797,legacy_router,0,0
7798,optimized_router,1,0
7799,legacy_router,1,0
7800,optimized_router,0,0
7801,legacy_router,1,0
7802,optimized_router,1,0
7803,legacy_router,1,0
7804,legacy_router,0,0
7805,legacy_router,1,0
7806,legacy_router,0,0
7807,optimized_router,1,0
7808,optimized_router,1,0
7809,optimized_router,1,0
7810,optimized_router,1,1
7811,legacy_router,1,0
7812,legacy_router,0,0
7813,legacy_router,0,0
7814,legacy_router,1,0
7815,legacy_router,1,0
7816,legacy_router,0,0
7817,legacy_router,0,0
7818,legacy_router,1,0
7819,legacy_router,0,0
7820,optimized_router,1,0
7821,legacy_router,0,0
7822,legacy_router,0,0
7823,legacy_router,1,0
7824,legacy_router,0,0
7825,optimized_router,1,1
7826,legacy_router,0,0
7827,optimized_router,0,0
7828,legacy_router,1,0
7829,optimized_router,0,0
7830,legacy_router,0,0
7831,legacy_router,0,0
7832,legacy_router,1,0
7833,optimized_router,1,0
7834,optimized_router,1,0
7835,legacy_router,1,0
7836,legacy_router,1,0
7837,optimized_router,1,0
7838,legacy_router,1,0
7839,legacy_router,1,0
7840,legacy_router,1,0
7841,legacy_router,0,0
7842,optimized_router,1,1
7843,optimized_router,1,0
7844,optimized_router,1,0
7845,optimized_router,1,0
7846,optimized_router,1,0
7847,optimized_router,1,1
7848,optimized_router,1,0
7849,optimized_router,1,1
7850,optimized_router,1,0
7851,optimized_router,1,0
7852,optimized_router,1,0
7853,optimized_router,1,1
7854,optimized_router,1,0
7855,optimized_router,1,0
7856,optimized_router,1,1
7857,optimized_router,1,0
7858,legacy_router,0,0
7859,optimized_router,1,0
7860,legacy_router,1,0
7861,optimized_router,0,0
7862,optimized_router,1,0
7863,legacy_router,0,0
7864,legacy_router,0,0
7865,legacy_router,1,0
7866,optimized_router,1,0
7867,optimized_router,1,1
7868,optimized_router,0,0
7869,optimized_router,1,0
7870,legacy_router,0,0
7871,optimized_router,1,0
7872,optimized_router,0,0
7873,optimized_router,1,0
7874,optimized_router,0,0
7875,optimized_router,1,0
7876,legacy_router,1,0
7877,optimized_router,1,0
7878,legacy_router,1,0
7879,legacy_router,0,0
7880,optimized_router,1,0
7881,optimized_router,1,1
7882,optimized_router,1,0
7883,optimized_router,1,1
7884,legacy_router,0,0
7885,legacy_router,0,0
7886,legacy_router,1,0
7887,legacy_router,1,0
7888,optimized_router,0,0
7889,optimized_router,1,0
7890,legacy_router,0,0
7891,optimized_router,1,0
7892,legacy_router,1,0
7893,legacy_router,0,0
7894,optimized_router,0,0
7895,legacy_router,0,0
7896,legacy_router,1,0
7897,legacy_router,1,0
7898,optimized_router,1,0
7899,legacy_router,0,0
7900,legacy_router,0,0
7901,legacy_router,0,0
7902,legacy_router,1,0
7903,legacy_router,0,0
7904,legacy_router,1,0
7905,legacy_router,1,0
7906,legacy_router,0,0
7907,legacy_router,0,0
7908,optimized_router,1,0
7909,optimized_router,1,1
7910,optimized_router,1,0
7911,optimized_router,0,0
7912,legacy_router,0,0
7913,optimized_router,1,0
7914,optimized_router,1,1
7915,legacy_router,1,0
7916,optimized_router,0,0
7917,optimized_router,1,0
7918,legacy_router,0,0
7919,legacy_router,1,0
7920,optimized_router,1,0
7921,optimized_router,1,0
7922,optimized_router,1,0
7923,legacy_router,1,0
7924,optimized_router,1,1
7925,optimized_router,1,0
7926,optimized_router,1,1
7927,optimized_router,1,0
7928,optimized_router,1,0
7929,legacy_router,0,0
7930,optimized_router,0,0
7931,legacy_router,0,0
7932,optimized_router,0,0
7933,legacy_router,1,0
7934,optimized_router,1,0
7935,legacy_router,0,0
7936,legacy_router,1,0
7937,optimized_router,1,0
7938,legacy_router,1,0
7939,legacy_router,0,0
7940,legacy_router,1,0
7941,legacy_router,1,0
7942,legacy_router,1,0
7943,legacy_router,1,0
7944,optimized_router,0,0
7945,legacy_router,1,0
7946,optimized_router,1,0
7947,legacy_router,1,0
7948,legacy_router,1,0
7949,legacy_router,1,1
7950,optimized_router,1,1
7951,optimized_router,0,0
7952,legacy_router,0,0
7953,legacy_router,1,0
7954,optimized_router,1,1
7955,optimized_router,0,0
7956,legacy_router,1,1
7957,optimized_router,0,0
7958,optimized_router,1,1
7959,optimized_router,0,0
7960,optimized_router,1,0
7961,legacy_router,0,0
7962,optimized_router,1,0
7963,legacy_router,1,0
7964,legacy_router,0,0
7965,optimized_router,1,0
7966,optimized_router,1,0
7967,legacy_router,0,0
7968,legacy_router,0,0
7969,optimized_router,0,0
7970,legacy_router,0,0
7971,optimized_router,0,0
7972,legacy_router,1,0
7973,legacy_router,1,0
7974,optimized_router,1,0
7975,optimized_router,0,0
7976,legacy_router,1,0
7977,legacy_router,0,0
7978,optimized_router,1,0
7979,optimized_router,1,0
7980,optimized_router,1,0
7981,legacy_router,1,0
7982,legacy_router,1,0
7983,optimized_router,1,0
7984,legacy_router,1,0
7985,optimized_router,1,0
7986,legacy_router,1,0
7987,legacy_router,0,0
7988,optimized_router,0,0
7989,optimized_router,1,0
7990,optimized_router,1,0
7991,optimized_router,0,0
7992,optimized_router,0,0
7993,legacy_router,0,0
7994,legacy_router,0,0
7995,optimized_router,1,1
7996,legacy_router,0,0
7997,legacy_router,1,0
7998,legacy_router,1,0
7999,legacy_router,1,0
8000,legacy_router,1,0
8001,legacy_router,1,0
8002,legacy_router,0,0
8003,legacy_router,0,0
8004,optimized_router,1,0
8005,legacy_router,1,0
8006,optimized_router,1,0
8007,legacy_router,0,0
8008,optimized_router,1,1
8009,legacy_router,1,0
8010,legacy_router,0,0
8011,optimized_router,1,0
8012,optimized_router,0,0
8013,optimized_router,1,0
8014,legacy_router,1,0
8015,optimized_router,1,0
8016,optimized_router,1,0
8017,legacy_router,0,0
8018,legacy_router,0,0
8019,optimized_router,0,0
8020,optimized_router,1,0
8021,legacy_router,1,1
8022,legacy_router,1,0
8023,legacy_router,1,0
8024,optimized_router,1,0
8025,legacy_router,1,0
8026,optimized_router,1,0
8027,legacy_router,0,0
8028,optimized_router,1,0
8029,optimized_router,1,0
8030,optimized_router,1,0
8031,optimized_router,0,0
8032,optimized_router,1,0
8033,optimized_router,1,0
8034,legacy_router,0,0
8035,optimized_router,1,1
8036,optimized_router,1,0
8037,legacy_router,1,0
8038,legacy_router,1,0
8039,legacy_router,1,0
8040,legacy_router,0,0
8041,optimized_router,1,0
8042,optimized_router,1,0
8043,legacy_router,1,0
8044,legacy_router,0,0
8045,legacy_router,1,0
8046,legacy_router,1,0
8047,optimized_router,0,0
8048,optimized_router,1,0
8049,legacy_router,1,0
8050,optimized_router,1,0
8051,legacy_router,1,0
8052,optimized_router,1,0
8053,optimized_router,1,0
8054,optimized_router,1,1
8055,legacy_router,1,0
8056,optimized_router,1,0
8057,legacy_router,0,0
8058,optimized_router,1,0
8059,optimized_router,1,1
8060,optimized_router,1,0
8061,legacy_router,1,0
8062,optimized_router,1,0
8063,optimized_router,1,0
8064,optimized_router,0,0
8065,legacy_router,0,0
8066,optimized_router,1,1
8067,legacy_router,1,0
8068,legacy_router,1,0
8069,optimized_router,0,0
8070,optimized_router,1,0
8071,optimized_router,1,1
8072,legacy_router,0,0
8073,optimized_router,1,0
8074,legacy_router,0,0
8075,legacy_router,1,0
8076,legacy_router,1,0
8077,optimized_router,1,1
8078,legacy_router,0,0
8079,optimized_router,1,0
8080,optimized_router,1,0
8081,legacy_router,1,0
8082,legacy_router,1,0
8083,optimized_router,1,0
8084,optimized_router,1,0
8085,legacy_router,0,0
8086,legacy_router,0,0
8087,legacy_router,0,0
8088,legacy_router,1,0
8089,legacy_router,1,1
8090,optimized_router,1,1
8091,optimized_router,0,0
8092,legacy_router,1,0
8093,legacy_router,0,0
8094,optimized_router,1,1
8095,optimized_router,1,0
8096,optimized_router,1,1
8097,legacy_router,1,0
8098,legacy_router,0,0
8099,optimized_router,1,0
8100,legacy_router,1,0
8101,legacy_router,0,0
8102,legacy_router,1,0
8103,optimized_router,1,0
8104,optimized_router,1,0
8105,optimized_router,1,1
8106,legacy_router,1,0
8107,legacy_router,1,0
8108,optimized_router,0,0
8109,legacy_router,0,0
8110,legacy_router,1,0
8111,legacy_router,0,0
8112,legacy_router,0,0
8113,legacy_router,0,0
8114,legacy_router,0,0
8115,legacy_router,1,0
8116,optimized_router,1,1
8117,optimized_router,1,0
8118,legacy_router,1,0
8119,legacy_router,0,0
8120,optimized_router,1,0
8121,legacy_router,1,0
8122,optimized_router,1,1
8123,legacy_router,0,0
8124,legacy_router,1,0
8125,optimized_router,1,0
8126,optimized_router,1,0
8127,legacy_router,1,0
8128,legacy_router,1,0
8129,legacy_router,1,0
8130,legacy_router,0,0
8131,legacy_router,1,0
8132,legacy_router,0,0
8133,legacy_router,0,0
8134,optimized_router,1,1
8135,optimized_router,1,1
8136,optimized_router,0,0
8137,legacy_router,1,0
8138,optimized_router,1,1
8139,optimized_router,1,0
8140,optimized_router,1,0
8141,optimized_router,1,0
8142,legacy_router,1,0
8143,optimized_router,1,0
8144,legacy_router,0,0
8145,optimized_router,1,0
8146,legacy_router,0,0
8147,optimized_router,1,0
8148,legacy_router,1,0
8149,legacy_router,1,0
8150,legacy_router,1,0
8151,optimized_router,1,1
8152,optimized_router,1,0
8153,legacy_router,1,0
8154,legacy_router,0,0
8155,legacy_router,1,0
8156,optimized_router,1,0
8157,optimized_router,1,0
8158,legacy_router,1,0
8159,legacy_router,1,0
8160,optimized_router,1,0
8161,legacy_router,1,0
8162,optimized_router,1,0
8163,optimized_router,1,0
8164,optimized_router,0,0
8165,legacy_router,0,0
8166,legacy_router,1,0
8167,optimized_router,1,0
8168,legacy_router,1,0
8169,optimized_router,1,0
8170,legacy_router,1,0
8171,legacy_router,0,0
8172,legacy_router,0,0
8173,legacy_router,1,0
8174,legacy_router,1,0
8175,legacy_router,1,0
8176,legacy_router,1,0
8177,optimized_router,0,0
8178,legacy_router,0,0
8179,optimized_router,1,0
8180,legacy_router,1,0
8181,legacy_router,0,0
8182,legacy_router,1,0
8183,optimized_router,1,0
8184,legacy_router,1,0
8185,legacy_router,1,0
8186,optimized_router,1,1
8187,optimized_router,1,0
8188,legacy_router,1,0
8189,optimized_router,1,1
8190,legacy_router,0,0
8191,optimized_router,1,0
8192,optimized_router,1,1
8193,legacy_router,0,0
8194,legacy_router,1,0
8195,optimized_router,1,0
8196,optimized_router,1,0
8197,optimized_router,1,1
8198,optimized_router,1,1
8199,legacy_router,1,0
8200,optimized_router,1,0
8201,optimized_router,1,0
8202,legacy_router,1,0
8203,optimized_router,1,0
8204,legacy_router,1,0
8205,legacy_router,1,0
8206,optimized_router,1,0
8207,legacy_router,1,0
8208,optimized_router,1,0
8209,legacy_router,0,0
8210,legacy_router,0,0
8211,optimized_router,1,0
8212,legacy_router,0,0
8213,legacy_router,0,0
8214,legacy_router,1,0
8215,optimized_router,1,1
8216,optimized_router,1,0
8217,optimized_router,1,0
8218,optimized_router,1,0
8219,legacy_router,1,0
8220,legacy_router,1,0
8221,optimized_router,0,0
8222,optimized_router,0,0
8223,legacy_router,1,1
8224,optimized_router,1,1
8225,legacy_router,1,0
8226,optimized_router,1,1
8227,legacy_router,1,0
8228,optimized_router,1,0
8229,optimized_router,1,0
8230,optimized_router,1,0
8231,optimized_router,1,1
8232,legacy_router,1,0
8233,optimized_router,1,0
8234,optimized_router,1,0
8235,legacy_router,0,0
8236,optimized_router,1,1
8237,legacy_router,1,0
8238,optimized_router,1,0
8239,optimized_router,1,1
8240,optimized_router,1,0
8241,legacy_router,0,0
8242,legacy_router,1,0
8243,legacy_router,1,0
8244,legacy_router,0,0
8245,legacy_router,0,0
8246,legacy_router,1,0
8247,legacy_router,1,0
8248,optimized_router,1,0
8249,legacy_router,1,0
8250,optimized_router,0,0
8251,optimized_router,1,0
8252,optimized_router,1,0
8253,legacy_router,0,0
8254,legacy_router,0,0
8255,legacy_router,1,0
8256,legacy_router,0,0
8257,legacy_router,1,0
8258,legacy_router,1,0
8259,legacy_router,1,0
8260,optimized_router,1,0
8261,optimized_router,0,0
8262,optimized_router,1,0
8263,legacy_router,0,0
8264,optimized_router,1,1
8265,optimized_router,1,0
8266,legacy_router,0,0
8267,legacy_router,1,0
8268,legacy_router,0,0
8269,optimized_router,1,0
8270,optimized_router,1,0
8271,legacy_router,0,0
8272,legacy_router,1,0
8273,optimized_router,1,0
8274,legacy_router,1,0
8275,optimized_router,1,0
8276,optimized_router,1,0
8277,legacy_router,1,0
8278,legacy_router,0,0
8279,legacy_router,0,0
8280,optimized_router,0,0
8281,optimized_router,0,0
8282,legacy_router,1,0
8283,optimized_router,1,0
8284,optimized_router,1,0
8285,legacy_router,1,0
8286,legacy_router,0,0
8287,legacy_router,1,0
8288,legacy_router,0,0
8289,legacy_router,0,0
8290,legacy_router,1,0
8291,legacy_router,1,0
8292,legacy_router,1,0
8293,optimized_router,1,0
8294,legacy_router,1,0
8295,optimized_router,1,0
8296,optimized_router,1,0
8297,optimized_router,1,0
8298,legacy_router,1,0
8299,legacy_router,0,0
8300,legacy_router,0,0
8301,optimized_router,0,0
8302,legacy_router,0,0
8303,optimized_router,0,0
8304,optimized_router,1,0
8305,legacy_router,1,0
8306,legacy_router,0,0
8307,optimized_router,1,0
8308,optimized_router,1,1
8309,legacy_router,0,0
8310,optimized_router,1,0
8311,optimized_router,1,0
8312,optimized_router,1,1
8313,optimized_router,1,0
8314,optimized_router,1,0
8315,optimized_router,1,0
8316,legacy_router,0,0
8317,legacy_router,0,0
8318,legacy_router,1,0
8319,legacy_router,0,0
8320,optimized_router,0,0
8321,optimized_router,1,1
8322,optimized_router,1,1
8323,legacy_router,0,0
8324,legacy_router,1,0
8325,optimized_router,0,0
8326,optimized_router,0,0
8327,optimized_router,1,1
8328,optimized_router,1,0
8329,legacy_router,1,0
8330,optimized_router,0,0
8331,optimized_router,1,0
8332,optimized_router,1,0
8333,optimized_router,1,1
8334,optimized_router,1,0
8335,optimized_router,1,0
8336,optimized_router,1,0
8337,legacy_router,0,0
8338,optimized_router,1,1
8339,optimized_router,1,1
8340,optimized_router,1,0
8341,optimized_router,1,1
8342,optimized_router,1,0
8343,legacy_router,0,0
8344,legacy_router,1,0
8345,legacy_router,0,0
8346,legacy_router,0,0
8347,legacy_router,1,1
8348,optimized_router,1,1
8349,optimized_router,1,0
8350,legacy_router,0,0
8351,optimized_router,1,0
8352,optimized_router,0,0
8353,legacy_router,1,0
8354,optimized_router,1,0
8355,optimized_router,1,0
8356,legacy_router,0,0
8357,optimized_router,1,0
8358,optimized_router,1,0
8359,optimized_router,0,0
8360,legacy_router,0,0
8361,legacy_router,1,1
8362,legacy_router,0,0
8363,optimized_router,1,0
8364,optimized_router,1,1
8365,legacy_router,1,0
8366,legacy_router,0,0
8367,optimized_router,1,0
8368,optimized_router,1,0
8369,legacy_router,0,0
8370,optimized_router,1,0
8371,legacy_router,1,0
8372,optimized_router,1,0
8373,optimized_router,1,0
8374,optimized_router,1,0
8375,legacy_router,0,0
8376,optimized_router,1,0
8377,optimized_router,1,0
8378,legacy_router,1,0
8379,optimized_router,1,0
8380,legacy_router,0,0
8381,legacy_router,1,0
8382,legacy_router,1,0
8383,optimized_router,1,0
8384,optimized_router,1,0
8385,optimized_router,1,0
8386,optimized_router,1,0
8387,optimized_router,0,0
8388,optimized_router,0,0
8389,optimized_router,1,0
8390,optimized_router,1,1
8391,legacy_router,1,0
8392,optimized_router,1,1
8393,optimized_router,0,0
8394,optimized_router,1,0
8395,optimized_router,1,1
8396,optimized_router,1,0
8397,legacy_router,0,0
8398,optimized_router,1,0
8399,legacy_router,0,0
8400,optimized_router,1,0
8401,optimized_router,1,0
8402,legacy_router,0,0
8403,optimized_router,1,0
8404,legacy_router,0,0
8405,optimized_router,1,0
8406,optimized_router,1,1
8407,legacy_router,0,0
8408,legacy_router,0,0
8409,optimized_router,0,0
8410,optimized_router,1,0
8411,optimized_router,1,0
8412,optimized_router,1,1
8413,optimized_router,1,1
8414,optimized_router,1,0
8415,legacy_router,1,0
8416,optimized_router,0,0
8417,optimized_router,0,0
8418,legacy_router,1,0
8419,legacy_router,0,0
8420,legacy_router,0,0
8421,legacy_router,1,0
8422,optimized_router,0,0
8423,legacy_router,1,0
8424,optimized_router,1,0
8425,legacy_router,0,0
8426,legacy_router,1,0
8427,legacy_router,0,0
8428,legacy_router,1,0
8429,optimized_router,0,0
8430,legacy_router,0,0
8431,optimized_router,1,0
8432,optimized_router,1,1
8433,optimized_router,1,0
8434,legacy_router,1,0
8435,legacy_router,1,0
8436,optimized_router,1,0
8437,legacy_router,0,0
8438,legacy_router,0,0
8439,optimized_router,1,0
8440,optimized_router,1,0
8441,optimized_router,1,1
8442,optimized_router,1,0
8443,legacy_router,0,0
8444,legacy_router,1,0
8445,legacy_router,1,0
8446,optimized_router,1,1
8447,legacy_router,1,0
8448,legacy_router,0,0
8449,optimized_router,1,0
8450,optimized_router,1,1
8451,optimized_router,1,0
8452,optimized_router,1,0
8453,optimized_router,1,0
8454,legacy_router,1,0
8455,legacy_router,0,0
8456,optimized_router,1,1
8457,optimized_router,1,1
8458,optimized_router,0,0
8459,legacy_router,0,0
8460,optimized_router,0,0
8461,optimized_router,0,0
8462,legacy_router,1,0
8463,legacy_router,1,0
8464,legacy_router,0,0
8465,optimized_router,1,1
8466,optimized_router,1,0
8467,optimized_router,1,0
8468,legacy_router,1,0
8469,optimized_router,1,0
8470,legacy_router,1,0
8471,legacy_router,1,0
8472,legacy_router,0,0
8473,optimized_router,0,0
8474,optimized_router,1,0
8475,legacy_router,1,0
8476,optimized_router,1,1
8477,legacy_router,1,0
8478,legacy_router,1,0
8479,legacy_router,0,0
8480,legacy_router,1,0
8481,optimized_router,1,1
8482,optimized_router,1,0
8483,optimized_router,1,0
8484,optimized_router,0,0
8485,optimized_router,1,0
8486,optimized_router,1,0
8487,legacy_router,1,0
8488,optimized_router,1,1
8489,legacy_router,0,0
8490,legacy_router,1,0
8491,legacy_router,1,0
8492,legacy_router,0,0
8493,optimized_router,1,0
8494,legacy_router,1,0
8495,legacy_router,0,0
8496,optimized_router,1,1
8497,legacy_router,1,0
8498,legacy_router,0,0
8499,legacy_router,1,0
8500,optimized_router,1,0
8501,optimized_router,1,0
8502,legacy_router,0,0
8503,optimized_router,0,0
8504,optimized_router,1,0
8505,optimized_router,1,0
8506,legacy_router,1,0
8507,optimized_router,1,0
8508,optimized_router,1,0
8509,legacy_router,0,0
8510,optimized_router,1,0
8511,legacy_router,0,0
8512,optimized_router,1,0
8513,legacy_router,1,1
8514,optimized_router,1,1
8515,optimized_router,1,1
8516,optimized_router,1,0
8517,legacy_router,0,0
8518,optimized_router,0,0
8519,legacy_router,0,0
8520,legacy_router,1,0
8521,optimized_router,1,0
8522,optimized_router,1,0
8523,optimized_router,0,0
8524,legacy_router,0,0
8525,optimized_router,0,0
8526,legacy_router,0,0
8527,optimized_router,1,1
8528,optimized_router,0,0
8529,optimized_router,0,0
8530,optimized_router,1,1
8531,optimized_router,1,1
8532,legacy_router,0,0
8533,legacy_router,0,0
8534,legacy_router,1,0
8535,optimized_router,0,0
8536,legacy_router,0,0
8537,legacy_router,1,0
8538,optimized_router,1,1
8539,legacy_router,1,0
8540,legacy_router,1,0
8541,optimized_router,1,0
8542,legacy_router,1,0
8543,optimized_router,1,1
8544,legacy_router,0,0
8545,legacy_router,0,0
8546,optimized_router,1,0
8547,legacy_router,1,0
8548,legacy_router,1,1
8549,legacy_router,0,0
8550,legacy_router,1,0
8551,optimized_router,1,1
8552,legacy_router,0,0
8553,legacy_router,1,0
8554,optimized_router,1,0
8555,legacy_router,1,0
8556,legacy_router,1,0
8557,legacy_router,0,0
8558,legacy_router,0,0
8559,legacy_router,0,0
8560,optimized_router,1,0
8561,optimized_router,1,1
8562,legacy_router,0,0
8563,optimized_router,1,0
8564,legacy_router,1,0
8565,legacy_router,0,0
8566,optimized_router,0,0
8567,legacy_router,1,0
8568,optimized_router,1,0
8569,optimized_router,1,0
8570,optimized_router,1,1
8571,legacy_router,1,0
8572,optimized_router,1,0
8573,optimized_router,1,0
8574,legacy_router,1,0
8575,optimized_router,1,0
8576,optimized_router,1,1
8577,legacy_router,1,0
8578,optimized_router,0,0
8579,optimized_router,1,0
8580,legacy_router,0,0
8581,optimized_router,1,0
8582,legacy_router,0,0
8583,optimized_router,1,0
8584,optimized_router,1,1
8585,legacy_router,0,0
8586,optimized_router,1,1
8587,legacy_router,1,1
8588,legacy_router,0,0
8589,legacy_router,0,0
8590,optimized_router,1,0
8591,legacy_router,0,0
8592,optimized_router,0,0
8593,legacy_router,1,0
8594,optimized_router,1,0
8595,legacy_router,1,0
8596,optimized_router,1,0
8597,legacy_router,1,0
8598,optimized_router,1,0
8599,optimized_router,1,0
8600,legacy_router,0,0
8601,legacy_router,0,0
8602,optimized_router,0,0
8603,legacy_router,1,0
8604,legacy_router,1,0
8605,optimized_router,1,0
8606,legacy_router,0,0
8607,legacy_router,0,0
8608,legacy_router,0,0
8609,legacy_router,1,0
8610,legacy_router,1,0
8611,optimized_router,1,0
8612,legacy_router,1,0
8613,legacy_router,1,0
8614,optimized_router,1,0
8615,legacy_router,0,0
8616,optimized_router,1,0
8617,legacy_router,1,0
8618,legacy_router,1,0
8619,optimized_router,1,0
8620,legacy_router,1,0
8621,legacy_router,0,0
8622,optimized_router,0,0
8623,optimized_router,1,0
8624,optimized_router,1,0
8625,legacy_router,0,0
8626,optimized_router,1,0
8627,legacy_router,1,0
8628,optimized_router,1,1
8629,optimized_router,1,0
8630,legacy_router,1,0
8631,optimized_router,1,0
8632,legacy_router,1,0
8633,legacy_router,1,0
8634,legacy_router,1,0
8635,legacy_router,0,0
8636,legacy_router,1,0
8637,legacy_router,1,1
8638,optimized_router,0,0
8639,legacy_router,0,0
8640,optimized_router,1,0
8641,optimized_router,1,0
8642,optimized_router,1,0
8643,legacy_router,1,0
8644,legacy_router,1,0
8645,legacy_router,1,0
8646,optimized_router,1,0
8647,optimized_router,1,1
8648,optimized_router,1,1
8649,legacy_router,0,0
8650,legacy_router,0,0
8651,legacy_router,1,0
8652,legacy_router,0,0
8653,optimized_router,1,1
8654,optimized_router,1,0
8655,optimized_router,1,0
8656,optimized_router,0,0
8657,legacy_router,1,0
8658,optimized_router,1,0
8659,optimized_router,1,0
8660,legacy_router,1,0
8661,legacy_router,1,0
8662,optimized_router,0,0
8663,optimized_router,1,0
8664,optimized_router,1,0
8665,optimized_router,0,0
8666,legacy_router,0,0
8667,optimized_router,0,0
8668,optimized_router,1,0
8669,optimized_router,0,0
8670,legacy_router,1,0
8671,legacy_router,0,0
8672,legacy_router,0,0
8673,legacy_router,0,0
8674,legacy_router,1,1
8675,legacy_router,1,0
8676,legacy_router,1,0
8677,optimized_router,1,0
8678,optimized_router,1,0
8679,legacy_router,1,0
8680,legacy_router,1,0
8681,optimized_router,0,0
8682,optimized_router,1,0
8683,optimized_router,0,0
8684,optimized_router,0,0
8685,legacy_router,1,0
8686,legacy_router,1,0
8687,optimized_router,1,1
8688,legacy_router,1,0
8689,legacy_router,0,0
8690,legacy_router,1,0
8691,legacy_router,0,0
8692,legacy_router,1,0
8693,legacy_router,1,0
8694,legacy_router,0,0
8695,optimized_router,1,0
8696,legacy_router,0,0
8697,optimized_router,1,0
8698,legacy_router,0,0
8699,legacy_router,1,0
8700,optimized_router,0,0
8701,legacy_router,0,0
8702,optimized_router,1,0
8703,legacy_router,0,0
8704,optimized_router,1,0
8705,legacy_router,0,0
8706,legacy_router,0,0
8707,legacy_router,1,0
8708,optimized_router,1,1
8709,optimized_router,1,1
8710,legacy_router,1,0
8711,optimized_router,1,0
8712,legacy_router,0,0
8713,optimized_router,1,1
8714,optimized_router,1,0
8715,optimized_router,1,0
8716,legacy_router,0,0
8717,optimized_router,1,0
8718,legacy_router,0,0
8719,optimized_router,0,0
8720,optimized_router,1,0
8721,optimized_router,1,0
8722,optimized_router,0,0
8723,optimized_router,1,1
8724,legacy_router,1,0
8725,legacy_router,1,0
8726,legacy_router,1,0
8727,optimized_router,0,0
8728,legacy_router,0,0
8729,optimized_router,1,1
8730,optimized_router,1,0
8731,legacy_router,1,1
8732,legacy_router,0,0
8733,legacy_router,1,0
8734,optimized_router,1,1
8735,optimized_router,1,1
8736,legacy_router,1,0
8737,optimized_router,0,0
8738,optimized_router,1,1
8739,optimized_router,1,0
8740,legacy_router,0,0
8741,legacy_router,0,0
8742,optimized_router,0,0
8743,optimized_router,0,0
8744,optimized_router,0,0
8745,legacy_router,0,0
8746,legacy_router,1,0
8747,optimized_router,1,0
8748,legacy_router,1,0
8749,optimized_router,0,0
8750,optimized_router,0,0
8751,optimized_router,0,0
8752,legacy_router,0,0
8753,optimized_router,1,0
8754,legacy_router,1,0
8755,optimized_router,1,1
8756,optimized_router,1,0
8757,legacy_router,1,0
8758,optimized_router,1,0
8759,optimized_router,1,0
8760,optimized_router,1,0
8761,legacy_router,0,0
8762,optimized_router,1,0
8763,optimized_router,1,0
8764,legacy_router,0,0
8765,optimized_router,1,0
8766,optimized_router,1,0
8767,legacy_router,1,0
8768,optimized_router,1,0
8769,optimized_router,1,0
8770,optimized_router,0,0
8771,legacy_router,0,0
8772,optimized_router,1,0
8773,legacy_router,1,0
8774,legacy_router,1,0
8775,legacy_router,1,0
8776,optimized_router,1,0
8777,legacy_router,1,0
8778,legacy_router,0,0
8779,optimized_router,0,0
8780,legacy_router,1,0
8781,optimized_router,1,0
8782,legacy_router,1,0
8783,legacy_router,1,0
8784,optimized_router,1,0
8785,optimized_router,1,1
8786,legacy_router,1,1
8787,optimized_router,1,1
8788,legacy_router,1,0
8789,legacy_router,1,0
8790,legacy_router,1,0
8791,optimized_router,1,0
8792,legacy_router,1,0
8793,optimized_router,1,0
8794,optimized_router,1,1
8795,optimized_router,1,0
8796,optimized_router,1,0
8797,optimized_router,1,0
8798,optimized_router,1,0
8799,optimized_router,0,0
8800,legacy_router,0,0
8801,legacy_router,1,0
8802,optimized_router,0,0
8803,legacy_router,1,0
8804,legacy_router,0,0
8805,optimized_router,1,0
8806,optimized_router,0,0
8807,legacy_router,0,0
8808,legacy_router,1,0
8809,legacy_router,1,0
8810,optimized_router,1,0
8811,legacy_router,1,0
8812,legacy_router,1,0
8813,legacy_router,0,0
8814,legacy_router,0,0
8815,legacy_router,0,0
8816,optimized_router,0,0
8817,optimized_router,1,0
8818,legacy_router,1,0
8819,optimized_router,1,1
8820,legacy_router,0,0
8821,optimized_router,0,0
8822,optimized_router,1,0
8823,legacy_router,1,0
8824,optimized_router,1,1
8825,legacy_router,1,0
8826,legacy_router,1,0
8827,legacy_router,0,0
8828,optimized_router,0,0
8829,optimized_router,0,0
8830,legacy_router,1,0
8831,optimized_router,1,0
8832,legacy_router,1,0
8833,optimized_router,1,0
8834,legacy_router,0,0
8835,optimized_router,1,0
8836,optimized_router,1,0
8837,optimized_router,1,0
8838,optimized_router,1,0
8839,optimized_router,1,0
8840,legacy_router,0,0
8841,optimized_router,0,0
8842,optimized_router,1,1
8843,optimized_router,1,0
8844,optimized_router,0,0
8845,legacy_router,1,0
8846,legacy_router,0,0
8847,optimized_router,1,0
8848,optimized_router,1,0
8849,legacy_router,1,0
8850,optimized_router,0,0
8851,legacy_router,1,0
8852,legacy_router,0,0
8853,legacy_router,1,0
8854,legacy_router,1,0
8855,optimized_router,1,0
8856,optimized_router,1,1
8857,legacy_router,0,0
8858,legacy_router,0,0
8859,legacy_router,1,0
8860,optimized_router,1,0
8861,optimized_router,1,0
8862,optimized_router,1,0
8863,optimized_router,1,0
8864,optimized_router,0,0
8865,optimized_router,1,0
8866,optimized_router,1,1
8867,legacy_router,1,0
8868,legacy_router,1,0
8869,optimized_router,0,0
8870,optimized_router,1,1
8871,legacy_router,1,0
8872,optimized_router,1,0
8873,legacy_router,1,0
8874,legacy_router,1,0
8875,legacy_router,0,0
8876,optimized_router,1,0
8877,optimized_router,0,0
8878,legacy_router,1,0
8879,optimized_router,1,0
8880,legacy_router,0,0
8881,optimized_router,0,0
8882,optimized_router,1,0
8883,legacy_router,0,0
8884,legacy_router,0,0
8885,legacy_router,1,0
8886,optimized_router,1,0
8887,legacy_router,0,0
8888,optimized_router,1,0
8889,optimized_router,0,0
8890,legacy_router,1,0
8891,optimized_router,1,0
8892,legacy_router,1,0
8893,optimized_router,1,1
8894,optimized_router,1,0
8895,legacy_router,1,0
8896,legacy_router,1,0
8897,optimized_router,0,0
8898,legacy_router,0,0
8899,optimized_router,0,0
8900,optimized_router,1,0
8901,optimized_router,0,0
8902,legacy_router,1,0
8903,legacy_router,1,0
8904,optimized_router,1,0
8905,legacy_router,0,0
8906,optimized_router,0,0
8907,legacy_router,0,0
8908,legacy_router,1,0
8909,optimized_router,1,0
8910,optimized_router,1,0
8911,legacy_router,1,0
8912,legacy_router,1,0
8913,optimized_router,1,0
8914,legacy_router,1,0
8915,optimized_router,0,0
8916,legacy_router,1,0
8917,legacy_router,1,1
8918,legacy_router,1,0
8919,legacy_router,0,0
8920,legacy_router,1,0
8921,optimized_router,1,0
8922,optimized_router,1,1
8923,legacy_router,0,0
8924,legacy_router,0,0
8925,legacy_router,0,0
8926,optimized_router,1,0
8927,optimized_router,0,0
8928,legacy_router,1,0
8929,legacy_router,0,0
8930,legacy_router,0,0
8931,optimized_router,1,0
8932,legacy_router,1,0
8933,optimized_router,1,0
8934,legacy_router,0,0
8935,optimized_router,1,0
8936,legacy_router,1,0
8937,legacy_router,1,0
8938,legacy_router,1,0
8939,optimized_router,1,1
8940,optimized_router,0,0
8941,legacy_router,0,0
8942,legacy_router,0,0
8943,legacy_router,1,0
8944,optimized_router,0,0
8945,optimized_router,1,1
8946,legacy_router,1,0
8947,legacy_router,1,0
8948,optimized_router,1,1
8949,optimized_router,0,0
8950,legacy_router,0,0
8951,legacy_router,1,0
8952,optimized_router,0,0
8953,optimized_router,1,0
8954,legacy_router,0,0
8955,legacy_router,1,0
8956,optimized_router,1,1
8957,optimized_router,1,0
8958,optimized_router,0,0
8959,legacy_router,1,0
8960,optimized_router,0,0
8961,optimized_router,1,0
8962,legacy_router,1,1
8963,legacy_router,0,0
8964,optimized_router,1,0
8965,optimized_router,1,1
8966,optimized_router,1,0
8967,legacy_router,1,0
8968,optimized_router,1,0
8969,legacy_router,0,0
8970,legacy_router,0,0
8971,optimized_router,1,0
8972,optimized_router,1,0
8973,legacy_router,0,0
8974,optimized_router,0,0
8975,optimized_router,1,0
8976,optimized_router,1,0
8977,legacy_router,0,0
8978,optimized_router,0,0
8979,optimized_router,1,0
8980,legacy_router,1,0
8981,legacy_router,0,0
8982,legacy_router,0,0
8983,legacy_router,0,0
8984,optimized_router,1,0
8985,legacy_router,1,0
8986,legacy_router,1,0
8987,optimized_router,0,0
8988,legacy_router,1,0
8989,optimized_router,0,0
8990,optimized_router,1,1
8991,optimized_router,0,0
8992,legacy_router,0,0
8993,optimized_router,1,0
8994,optimized_router,1,0
8995,optimized_router,0,0
8996,legacy_router,0,0
8997,legacy_router,0,0
8998,optimized_router,1,0
8999,optimized_router,1,1
9000,legacy_router,1,0
9001,optimized_router,1,0
9002,legacy_router,1,0
9003,optimized_router,1,1
9004,legacy_router,0,0
9005,optimized_router,1,0
9006,optimized_router,1,0
9007,optimized_router,0,0
9008,optimized_router,0,0
9009,optimized_router,1,1
9010,legacy_router,0,0
9011,legacy_router,1,0
9012,optimized_router,1,0
9013,optimized_router,1,1
9014,optimized_router,1,1
9015,legacy_router,0,0
9016,optimized_router,1,0
9017,optimized_router,1,0
9018,optimized_router,1,0
9019,legacy_router,1,0
9020,optimized_router,1,0
9021,legacy_router,0,0
9022,legacy_router,1,0
9023,optimized_router,1,0
9024,legacy_router,0,0
9025,optimized_router,1,1
9026,optimized_router,1,0
9027,legacy_router,0,0
9028,legacy_router,1,0
9029,legacy_router,0,0
9030,optimized_router,0,0
9031,optimized_router,1,0
9032,optimized_router,1,0
9033,legacy_router,1,1
9034,legacy_router,1,0
9035,legacy_router,0,0
9036,optimized_router,1,0
9037,optimized_router,0,0
9038,legacy_router,1,0
9039,optimized_router,0,0
9040,optimized_router,0,0
9041,optimized_router,1,0
9042,optimized_router,0,0
9043,legacy_router,1,0
9044,optimized_router,1,0
9045,optimized_router,1,1
9046,legacy_router,1,0
9047,optimized_router,1,0
9048,legacy_router,0,0
9049,legacy_router,1,0
9050,optimized_router,1,0
9051,optimized_router,0,0
9052,optimized_router,1,0
9053,optimized_router,1,0
9054,legacy_router,0,0
9055,optimized_router,0,0
9056,optimized_router,1,0
9057,legacy_router,0,0
9058,legacy_router,1,0
9059,optimized_router,1,0
9060,optimized_router,1,0
9061,legacy_router,0,0
9062,optimized_router,1,1
9063,legacy_router,1,0
9064,legacy_router,0,0
9065,optimized_router,1,1
9066,legacy_router,1,0
9067,optimized_router,1,0
9068,optimized_router,1,0
9069,optimized_router,1,0
9070,legacy_router,1,0
9071,legacy_router,1,1
9072,legacy_router,1,0
9073,legacy_router,0,0
9074,optimized_router,1,0
9075,optimized_router,1,0
9076,legacy_router,1,0
9077,optimized_router,1,0
9078,legacy_router,0,0
9079,legacy_router,1,1
9080,legacy_router,0,0
9081,legacy_router,0,0
9082,legacy_router,0,0
9083,legacy_router,1,0
9084,optimized_router,1,0
9085,legacy_router,0,0
9086,legacy_router,1,0
9087,legacy_router,1,0
9088,legacy_router,0,0
9089,optimized_router,1,0
9090,optimized_router,0,0
9091,legacy_router,1,0
9092,optimized_router,0,0
9093,optimized_router,0,0
9094,legacy_router,0,0
9095,legacy_router,1,0
9096,legacy_router,1,0
9097,optimized_router,1,1
9098,legacy_router,1,0
9099,optimized_router,1,0
9100,legacy_router,0,0
9101,optimized_router,1,0
9102,optimized_router,1,0
9103,legacy_router,1,0
9104,legacy_router,1,0
9105,legacy_router,1,0
9106,optimized_router,1,0
9107,legacy_router,1,0
9108,optimized_router,0,0
9109,legacy_router,1,0
9110,legacy_router,1,0
9111,optimized_router,1,0
9112,legacy_router,0,0
9113,legacy_router,1,0
9114,optimized_router,1,0
9115,optimized_router,0,0
9116,optimized_router,1,0
9117,legacy_router,1,0
9118,optimized_router,1,0
9119,optimized_router,0,0
9120,optimized_router,0,0
9121,legacy_router,1,0
9122,optimized_router,1,1
9123,legacy_router,1,1
9124,legacy_router,1,0
9125,optimized_router,1,1
9126,optimized_router,1,0
9127,optimized_router,0,0
9128,legacy_router,0,0
9129,legacy_router,1,0
9130,optimized_router,1,1
9131,legacy_router,1,0
9132,optimized_router,1,0
9133,optimized_router,1,1
9134,optimized_router,1,1
9135,optimized_router,1,0
9136,optimized_router,0,0
9137,optimized_router,1,0
9138,optimized_router,0,0
9139,legacy_router,0,0
9140,legacy_router,1,0
9141,optimized_router,1,0
9142,optimized_router,1,0
9143,optimized_router,1,0
9144,optimized_router,0,0
9145,legacy_router,1,0
9146,optimized_router,1,1
9147,optimized_router,1,0
9148,optimized_router,1,0
9149,legacy_router,1,0
9150,legacy_router,0,0
9151,optimized_router,0,0
9152,optimized_router,1,0
9153,legacy_router,0,0
9154,legacy_router,0,0
9155,optimized_router,1,0
9156,optimized_router,1,0
9157,optimized_router,1,1
9158,legacy_router,0,0
9159,legacy_router,0,0
9160,legacy_router,1,0
9161,optimized_router,1,0
9162,optimized_router,1,0
9163,optimized_router,0,0
9164,optimized_router,1,0
9165,optimized_router,1,1
9166,optimized_router,1,0
9167,legacy_router,1,0
9168,optimized_router,1,0
9169,legacy_router,0,0
9170,optimized_router,1,0
9171,optimized_router,1,0
9172,optimized_router,1,0
9173,legacy_router,0,0
9174,optimized_router,1,0
9175,legacy_router,1,0
9176,optimized_router,0,0
9177,optimized_router,1,0
9178,legacy_router,0,0
9179,legacy_router,1,0
9180,legacy_router,0,0
9181,legacy_router,1,0
9182,legacy_router,1,0
9183,legacy_router,1,0
9184,legacy_router,1,0
9185,legacy_router,0,0
9186,optimized_router,1,0
9187,optimized_router,1,1
9188,legacy_router,0,0
9189,optimized_router,1,0
9190,legacy_router,1,0
9191,legacy_router,0,0
9192,legacy_router,1,0
9193,legacy_router,0,0
9194,legacy_router,1,0
9195,legacy_router,0,0
9196,optimized_router,1,0
9197,legacy_router,1,0
9198,legacy_router,0,0
9199,legacy_router,0,0
9200,optimized_router,1,0
9201,legacy_router,1,0
9202,optimized_router,1,0
9203,optimized_router,1,0
9204,legacy_router,0,0
9205,optimized_router,1,0
9206,legacy_router,0,0
9207,legacy_router,1,0
9208,legacy_router,1,0
9209,legacy_router,1,0
9210,legacy_router,1,0
9211,legacy_router,0,0
9212,legacy_router,0,0
9213,legacy_router,1,0
9214,optimized_router,1,0
9215,legacy_router,1,0
9216,legacy_router,1,0
9217,optimized_router,0,0
9218,legacy_router,1,0
9219,legacy_router,0,0
9220,legacy_router,1,0
9221,legacy_router,1,0
9222,legacy_router,1,1
9223,legacy_router,0,0
9224,legacy_router,1,0
9225,optimized_router,1,0
9226,legacy_router,1,0
9227,legacy_router,1,0
9228,legacy_router,1,0
9229,optimized_router,0,0
9230,optimized_router,1,0
9231,legacy_router,0,0
9232,optimized_router,1,0
9233,optimized_router,1,0
9234,optimized_router,0,0
9235,optimized_router,1,0
9236,legacy_router,0,0
9237,optimized_router,0,0
9238,optimized_router,1,0
9239,legacy_router,1,0
9240,optimized_router,1,0
9241,legacy_router,0,0
9242,legacy_router,1,0
9243,optimized_router,1,1
9244,optimized_router,0,0
9245,legacy_router,1,0
9246,legacy_router,0,0
9247,legacy_router,0,0
9248,legacy_router,0,0
9249,legacy_router,1,0
9250,legacy_router,1,0
9251,legacy_router,1,0
9252,optimized_router,1,0
9253,legacy_router,0,0
9254,legacy_router,1,0
9255,optimized_router,1,0
9256,legacy_router,1,0
9257,legacy_router,0,0
9258,legacy_router,0,0
9259,legacy_router,1,0
9260,legacy_router,0,0
9261,legacy_router,1,0
9262,legacy_router,0,0
9263,optimized_router,0,0
9264,legacy_router,1,0
9265,legacy_router,0,0
9266,legacy_router,1,0
9267,legacy_router,1,0
9268,legacy_router,0,0
9269,legacy_router,1,0
9270,optimized_router,1,1
9271,optimized_router,0,0
9272,legacy_router,0,0
9273,optimized_router,1,1
9274,legacy_router,1,0
9275,legacy_router,0,0
9276,legacy_router,0,0
9277,legacy_router,0,0
9278,optimized_router,1,0
9279,optimized_router,1,1
9280,optimized_router,1,0
9281,legacy_router,1,0
9282,optimized_router,0,0
9283,optimized_router,1,1
9284,legacy_router,0,0
9285,optimized_router,1,0
9286,legacy_router,1,0
9287,legacy_router,0,0
9288,legacy_router,1,0
9289,optimized_router,1,0
9290,optimized_router,0,0
9291,legacy_router,0,0
9292,legacy_router,1,0
9293,legacy_router,0,0
9294,optimized_router,0,0
9295,legacy_router,0,0
9296,optimized_router,1,1
9297,optimized_router,1,1
9298,optimized_router,0,0
9299,legacy_router,1,0
9300,legacy_router,1,0
9301,legacy_router,1,0
9302,legacy_router,1,0
9303,optimized_router,1,0
9304,legacy_router,1,0
9305,legacy_router,0,0
9306,optimized_router,1,0
9307,legacy_router,1,0
9308,optimized_router,0,0
9309,optimized_router,1,0
9310,legacy_router,1,0
9311,legacy_router,0,0
9312,legacy_router,1,1
9313,legacy_router,0,0
9314,legacy_router,1,0
9315,legacy_router,1,0
9316,legacy_router,1,0
9317,legacy_router,1,0
9318,optimized_router,1,0
9319,legacy_router,0,0
9320,optimized_router,0,0
9321,optimized_router,0,0
9322,legacy_router,1,0
9323,legacy_router,1,0
9324,legacy_router,1,0
9325,optimized_router,0,0
9326,optimized_router,1,0
9327,optimized_router,0,0
9328,legacy_router,0,0
9329,optimized_router,0,0
9330,legacy_router,0,0
9331,legacy_router,1,0
9332,legacy_router,0,0
9333,legacy_router,0,0
9334,legacy_router,1,0
9335,optimized_router,1,0
9336,legacy_router,1,0
9337,legacy_router,1,0
9338,optimized_router,1,0
9339,optimized_router,1,1
9340,legacy_router,1,0
9341,optimized_router,1,0
9342,optimized_router,1,0
9343,legacy_router,1,0
9344,optimized_router,1,0
9345,legacy_router,1,0
9346,optimized_router,0,0
9347,optimized_router,0,0
9348,optimized_router,1,0
9349,legacy_router,0,0
9350,optimized_router,1,1
9351,legacy_router,0,0
9352,legacy_router,1,0
9353,legacy_router,1,0
9354,optimized_router,0,0
9355,legacy_router,1,0
9356,legacy_router,1,0
9357,optimized_router,0,0
9358,optimized_router,1,0
9359,legacy_router,0,0
9360,optimized_router,1,0
9361,optimized_router,1,0
9362,optimized_router,1,0
9363,optimized_router,1,0
9364,legacy_router,1,0
9365,optimized_router,1,0
9366,legacy_router,1,0
9367,optimized_router,1,0
9368,optimized_router,1,1
9369,optimized_router,1,0
9370,legacy_router,1,0
9371,optimized_router,0,0
9372,legacy_router,1,0
9373,legacy_router,0,0
9374,optimized_router,1,1
9375,legacy_router,0,0
9376,legacy_router,0,0
9377,legacy_router,0,0
9378,optimized_router,0,0
9379,legacy_router,1,0
9380,legacy_router,0,0
9381,optimized_router,1,0
9382,optimized_router,1,1
9383,optimized_router,0,0
9384,legacy_router,1,0
9385,optimized_router,0,0
9386,legacy_router,1,0
9387,optimized_router,0,0
9388,optimized_router,0,0
9389,optimized_router,1,0
9390,legacy_router,1,1
9391,optimized_router,0,0
9392,legacy_router,1,0
9393,legacy_router,1,0
9394,optimized_router,1,1
9395,optimized_router,1,1
9396,legacy_router,0,0
9397,legacy_router,1,0
9398,legacy_router,1,1
9399,legacy_router,1,0
9400,optimized_router,1,1
9401,legacy_router,0,0
9402,optimized_router,1,0
9403,legacy_router,1,0
9404,legacy_router,0,0
9405,legacy_router,1,0
9406,optimized_router,1,0
9407,optimized_router,1,0
9408,optimized_router,1,0
9409,optimized_router,1,0
9410,optimized_router,1,0
9411,optimized_router,1,0
9412,legacy_router,0,0
9413,legacy_router,0,0
9414,optimized_router,1,0
9415,optimized_router,1,0
9416,optimized_router,1,1
9417,legacy_router,0,0
9418,optimized_router,0,0
9419,optimized_router,1,0
9420,optimized_router,1,1
9421,optimized_router,1,0
9422,optimized_router,1,0
9423,optimized_router,0,0
9424,legacy_router,1,0
9425,optimized_router,1,0
9426,optimized_router,1,0
9427,legacy_router,0,0
9428,legacy_router,0,0
9429,legacy_router,1,0
9430,legacy_router,0,0
9431,legacy_router,1,0
9432,optimized_router,1,1
9433,legacy_router,0,0
9434,optimized_router,1,0
9435,legacy_router,1,0
9436,legacy_router,0,0
9437,legacy_router,1,0
9438,legacy_router,1,0
9439,optimized_router,0,0
9440,legacy_router,0,0
9441,optimized_router,0,0
9442,legacy_router,0,0
9443,optimized_router,1,0
9444,optimized_router,1,1
9445,optimized_router,1,1
9446,optimized_router,1,1
9447,optimized_router,1,1
9448,legacy_router,0,0
9449,legacy_router,0,0
9450,optimized_router,0,0
9451,legacy_router,1,0
9452,optimized_router,0,0
9453,optimized_router,1,0
9454,optimized_router,1,0
9455,legacy_router,1,0
9456,optimized_router,1,1
9457,legacy_router,1,0
9458,optimized_router,1,0
9459,optimized_router,1,0
9460,legacy_router,0,0
9461,optimized_router,0,0
9462,optimized_router,1,0
9463,legacy_router,1,1
9464,optimized_router,1,0
9465,optimized_router,1,0
9466,optimized_router,0,0
9467,optimized_router,1,0
9468,legacy_router,0,0
9469,optimized_router,1,0
9470,optimized_router,0,0
9471,legacy_router,0,0
9472,optimized_router,1,0
9473,legacy_router,0,0
9474,legacy_router,1,0
9475,optimized_router,0,0
9476,optimized_router,1,0
9477,legacy_router,1,0
9478,legacy_router,1,0
9479,optimized_router,0,0
9480,optimized_router,1,0
9481,legacy_router,0,0
9482,legacy_router,1,0
9483,optimized_router,1,1
9484,optimized_router,1,0
9485,legacy_router,1,0
9486,legacy_router,1,0
9487,legacy_router,1,0
9488,optimized_router,0,0
9489,optimized_router,1,1
9490,optimized_router,0,0
9491,legacy_router,1,0
9492,legacy_router,0,0
9493,optimized_router,1,0
9494,legacy_router,0,0
9495,optimized_router,1,1
9496,legacy_router,1,0
9497,optimized_router,1,1
9498,optimized_router,1,1
9499,optimized_router,1,0
9500,optimized_router,1,0
9501,optimized_router,1,1
9502,legacy_router,1,0
9503,legacy_router,0,0
9504,optimized_router,1,0
9505,legacy_router,0,0
9506,legacy_router,0,0
9507,legacy_router,1,0
9508,optimized_router,1,1
9509,optimized_router,1,1
9510,optimized_router,0,0
9511,optimized_router,0,0
9512,legacy_router,0,0
9513,legacy_router,0,0
9514,legacy_router,0,0
9515,legacy_router,1,0
9516,optimized_router,1,1
9517,legacy_router,1,0
9518,legacy_router,0,0
9519,legacy_router,1,0
9520,optimized_router,1,0
9521,legacy_router,0,0
9522,legacy_router,0,0
9523,optimized_router,0,0
9524,optimized_router,1,1
9525,legacy_router,1,0
9526,optimized_router,1,0
9527,legacy_router,0,0
9528,legacy_router,1,0
9529,optimized_router,1,0
9530,legacy_router,1,0
9531,legacy_router,0,0
9532,optimized_router,1,1
9533,optimized_router,0,0
9534,legacy_router,1,0
9535,optimized_router,1,0
9536,legacy_router,1,0
9537,legacy_router,1,0
9538,optimized_router,0,0
9539,legacy_router,0,0
9540,legacy_router,0,0
9541,legacy_router,1,1
9542,legacy_router,1,0
9543,legacy_router,1,0
9544,optimized_router,1,0
9545,legacy_router,0,0
9546,optimized_router,1,0
9547,legacy_router,1,0
9548,legacy_router,1,0
9549,optimized_router,0,0
9550,optimized_router,1,1
9551,legacy_router,1,0
9552,optimized_router,0,0
9553,legacy_router,1,0
9554,legacy_router,0,0
9555,optimized_router,0,0
9556,legacy_router,0,0
9557,optimized_router,1,1
9558,legacy_router,0,0
9559,legacy_router,0,0
9560,optimized_router,1,0
9561,optimized_router,1,0
9562,optimized_router,1,1
9563,legacy_router,0,0
9564,legacy_router,1,0
9565,legacy_router,0,0
9566,legacy_router,1,0
9567,legacy_router,0,0
9568,optimized_router,1,0
9569,optimized_router,0,0
9570,optimized_router,1,0
9571,optimized_router,1,1
9572,optimized_router,1,0
9573,optimized_router,0,0
9574,optimized_router,1,1
9575,legacy_router,1,0
9576,legacy_router,1,0
9577,legacy_router,1,0
9578,legacy_router,1,0
9579,legacy_router,1,0
9580,optimized_router,1,0
9581,legacy_router,1,1
9582,legacy_router,0,0
9583,optimized_router,1,0
9584,legacy_router,0,0
9585,optimized_router,0,0
9586,optimized_router,0,0
9587,legacy_router,0,0
9588,legacy_router,1,0
9589,legacy_router,0,0
9590,legacy_router,0,0
9591,legacy_router,1,0
9592,legacy_router,0,0
9593,legacy_router,0,0
9594,legacy_router,1,0
9595,legacy_router,0,0
9596,optimized_router,1,0
9597,legacy_router,0,0
9598,optimized_router,1,1
9599,optimized_router,1,0
9600,optimized_router,1,0
9601,legacy_router,0,0
9602,legacy_router,1,0
9603,legacy_router,1,0
9604,optimized_router,0,0
9605,optimized_router,1,0
9606,legacy_router,1,0
9607,optimized_router,1,0
9608,optimized_router,0,0
9609,legacy_router,0,0
9610,legacy_router,1,0
9611,optimized_router,1,0
9612,optimized_router,1,0
9613,optimized_router,1,0
9614,optimized_router,1,0
9615,legacy_router,1,0
9616,optimized_router,1,0
9617,legacy_router,0,0
9618,optimized_router,1,1
9619,optimized_router,1,0
9620,legacy_router,1,0
9621,legacy_router,0,0
9622,legacy_router,0,0
9623,legacy_router,1,0
9624,legacy_router,1,0
9625,legacy_router,1,0
9626,legacy_router,0,0
9627,optimized_router,0,0
9628,legacy_router,1,0
9629,optimized_router,1,0
9630,legacy_router,0,0
9631,optimized_router,1,1
9632,legacy_router,1,0
9633,optimized_router,1,0
9634,legacy_router,1,0
9635,optimized_router,1,0
9636,optimized_router,1,0
9637,optimized_router,1,0
9638,optimized_router,1,0
9639,optimized_router,0,0
9640,optimized_router,1,0
9641,legacy_router,0,0
9642,legacy_router,1,0
9643,legacy_router,1,0
9644,legacy_router,0,0
9645,optimized_router,1,1
9646,legacy_router,1,0
9647,legacy_router,0,0
9648,legacy_router,1,0
9649,legacy_router,1,0
9650,optimized_router,0,0
9651,optimized_router,1,0
9652,legacy_router,0,0
9653,optimized_router,1,0
9654,optimized_router,1,1
9655,legacy_router,1,0
9656,legacy_router,0,0
9657,legacy_router,1,0
9658,legacy_router,0,0
9659,legacy_router,0,0
9660,legacy_router,0,0
9661,legacy_router,1,0
9662,legacy_router,1,0
9663,optimized_router,0,0
9664,legacy_router,0,0
9665,legacy_router,1,0
9666,legacy_router,0,0
9667,legacy_router,1,0
9668,legacy_router,1,0
9669,optimized_router,1,0
9670,optimized_router,0,0
9671,legacy_router,0,0
9672,optimized_router,0,0
9673,legacy_router,1,0
9674,optimized_router,1,0
9675,optimized_router,1,0
9676,legacy_router,0,0
9677,legacy_router,0,0
9678,optimized_router,1,0
9679,optimized_router,1,0
9680,optimized_router,0,0
9681,legacy_router,1,0
9682,optimized_router,1,1
9683,optimized_router,1,0
9684,optimized_router,0,0
9685,optimized_router,1,1
9686,optimized_router,1,1
9687,legacy_router,1,0
9688,legacy_router,0,0
9689,optimized_router,0,0
9690,legacy_router,0,0
9691,optimized_router,1,0
9692,optimized_router,1,1
9693,legacy_router,1,0
9694,optimized_router,1,0
9695,optimized_router,1,0
9696,legacy_router,1,0
9697,legacy_router,1,0
9698,optimized_router,1,0
9699,legacy_router,1,0
9700,legacy_router,0,0
9701,optimized_router,0,0
9702,legacy_router,1,0
9703,optimized_router,1,1
9704,optimized_router,0,0
9705,legacy_router,0,0
9706,legacy_router,0,0
9707,legacy_router,0,0
9708,optimized_router,1,1
9709,legacy_router,1,0
9710,legacy_router,1,0
9711,optimized_router,0,0
9712,optimized_router,1,0
9713,legacy_router,0,0
9714,optimized_router,0,0
9715,legacy_router,1,0
9716,optimized_router,1,0
9717,legacy_router,0,0
9718,legacy_router,0,0
9719,legacy_router,1,0
9720,legacy_router,1,0
9721,legacy_router,0,0
9722,optimized_router,1,1
9723,legacy_router,1,0
9724,optimized_router,1,1
9725,optimized_router,1,1
9726,optimized_router,0,0
9727,legacy_router,1,0
9728,legacy_router,0,0
9729,legacy_router,1,0
9730,legacy_router,1,0
9731,legacy_router,0,0
9732,legacy_router,0,0
9733,optimized_router,1,0
9734,optimized_router,1,0
9735,legacy_router,0,0
9736,optimized_router,1,0
9737,legacy_router,1,0
9738,optimized_router,1,0
9739,optimized_router,1,1
9740,legacy_router,1,0
9741,legacy_router,1,0
9742,legacy_router,1,0
9743,legacy_router,0,0
9744,optimized_router,1,0
9745,legacy_router,0,0
9746,optimized_router,1,0
9747,optimized_router,1,0
9748,legacy_router,1,0
9749,legacy_router,1,0
9750,optimized_router,1,0
9751,legacy_router,0,0
9752,optimized_router,0,0
9753,legacy_router,0,0
9754,legacy_router,0,0
9755,optimized_router,1,0
9756,optimized_router,1,0
9757,legacy_router,0,0
9758,optimized_router,0,0
9759,optimized_router,1,1
9760,legacy_router,1,0
9761,optimized_router,1,0
9762,optimized_router,0,0
9763,optimized_router,1,0
9764,optimized_router,1,0
9765,legacy_router,1,0
9766,legacy_router,0,0
9767,legacy_router,1,0
9768,legacy_router,1,0
9769,optimized_router,1,0
9770,optimized_router,1,0
9771,legacy_router,1,0
9772,optimized_router,1,1
9773,legacy_router,1,0
9774,optimized_router,1,0
9775,optimized_router,1,0
9776,optimized_router,1,0
9777,optimized_router,1,0
9778,legacy_router,1,0
9779,optimized_router,1,0
9780,optimized_router,1,1
9781,legacy_router,0,0
9782,optimized_router,1,0
9783,legacy_router,0,0
9784,optimized_router,1,0
9785,optimized_router,1,0
9786,legacy_router,0,0
9787,legacy_router,0,0
9788,optimized_router,1,1
9789,optimized_router,1,0
9790,legacy_router,1,0
9791,optimized_router,1,1
9792,legacy_router,1,1
9793,legacy_router,1,0
9794,legacy_router,1,0
9795,optimized_router,1,0
9796,legacy_router,1,0
9797,optimized_router,1,0
9798,legacy_router,0,0
9799,legacy_router,1,0
9800,legacy_router,0,0
9801,legacy_router,1,0
9802,optimized_router,1,0
9803,optimized_router,1,0
9804,optimized_router,1,0
9805,optimized_router,1,0
9806,optimized_router,1,0
9807,legacy_router,0,0
9808,optimized_router,1,1
9809,legacy_router,0,0
9810,optimized_router,1,0
9811,legacy_router,1,0
9812,optimized_router,0,0
9813,optimized_router,0,0
9814,optimized_router,1,0
9815,legacy_router,0,0
9816,legacy_router,0,0
9817,optimized_router,1,0
9818,legacy_router,1,0
9819,legacy_router,1,0
9820,legacy_router,0,0
9821,legacy_router,1,0
9822,optimized_router,1,0
9823,legacy_router,0,0
9824,legacy_router,1,0
9825,optimized_router,0,0
9826,optimized_router,1,0
9827,optimized_router,1,1
9828,optimized_router,1,0
9829,optimized_router,1,0
9830,legacy_router,0,0
9831,optimized_router,1,0
9832,legacy_router,1,0
9833,legacy_router,0,0
9834,optimized_router,1,0
9835,optimized_router,1,0
9836,legacy_router,1,0
9837,optimized_router,0,0
9838,optimized_router,1,0
9839,optimized_router,1,0
9840,optimized_router,1,0
9841,legacy_router,1,0
9842,legacy_router,0,0
9843,optimized_router,1,0
9844,optimized_router,1,0
9845,legacy_router,0,0
9846,optimized_router,1,0
9847,legacy_router,0,0
9848,optimized_router,1,0
9849,legacy_router,1,0
9850,legacy_router,0,0
9851,optimized_router,1,0
9852,legacy_router,1,0
9853,legacy_router,0,0
9854,legacy_router,0,0
9855,optimized_router,0,0
9856,legacy_router,0,0
9857,optimized_router,0,0
9858,legacy_router,1,0
9859,optimized_router,1,0
9860,legacy_router,0,0
9861,optimized_router,0,0
9862,optimized_router,1,0
9863,optimized_router,1,0
9864,optimized_router,1,0
9865,optimized_router,0,0
9866,legacy_router,0,0
9867,optimized_router,1,0
9868,legacy_router,1,0
9869,optimized_router,1,0
9870,legacy_router,1,0
9871,legacy_router,1,0
9872,optimized_router,1,1
9873,legacy_router,1,0
9874,legacy_router,1,0
9875,legacy_router,1,0
9876,legacy_router,1,1
9877,optimized_router,1,0
9878,optimized_router,1,1
9879,legacy_router,1,0
9880,optimized_router,1,0
9881,legacy_router,0,0
9882,legacy_router,0,0
9883,optimized_router,1,1
9884,legacy_router,0,0
9885,legacy_router,1,0
9886,legacy_router,1,0
9887,optimized_router,1,0
9888,legacy_router,1,0
9889,optimized_router,1,0
9890,legacy_router,1,1
9891,optimized_router,1,0
9892,legacy_router,1,0
9893,legacy_router,1,1
9894,legacy_router,1,0
9895,optimized_router,1,0
9896,legacy_router,0,0
9897,legacy_router,1,0
9898,legacy_router,1,0
9899,legacy_router,1,0
9900,legacy_router,1,0
9901,optimized_router,0,0
9902,optimized_router,1,0
9903,legacy_router,0,0
9904,optimized_router,0,0
9905,legacy_router,1,0
9906,optimized_router,0,0
9907,legacy_router,1,0
9908,optimized_router,1,1
9909,legacy_router,0,0
9910,legacy_router,1,0
9911,legacy_router,0,0
9912,optimized_router,1,0
9913,optimized_router,0,0
9914,legacy_router,0,0
9915,optimized_router,1,1
9916,legacy_router,0,0
9917,legacy_router,1,0
9918,optimized_router,1,0
9919,optimized_router,0,0
9920,legacy_router,1,0
9921,legacy_router,1,0
9922,optimized_router,1,1
9923,legacy_router,1,0
9924,optimized_router,1,0
9925,legacy_router,1,0
9926,legacy_router,0,0
9927,optimized_router,0,0
9928,legacy_router,0,0
9929,optimized_router,1,1
9930,legacy_router,0,0
9931,optimized_router,1,0
9932,optimized_router,1,1
9933,optimized_router,0,0
9934,optimized_router,1,1
9935,optimized_router,1,1
9936,optimized_router,1,0
9937,legacy_router,0,0
9938,optimized_router,1,0
9939,optimized_router,1,0
9940,legacy_router,1,0
9941,optimized_router,1,0
9942,legacy_router,1,0
9943,optimized_router,1,0
9944,legacy_router,0,0
9945,legacy_router,0,0
9946,optimized_router,1,0
9947,legacy_router,1,0
9948,optimized_router,0,0
9949,optimized_router,0,0
9950,legacy_router,1,0
9951,legacy_router,1,0
9952,legacy_router,0,0
9953,legacy_router,1,0
9954,legacy_router,1,0
9955,optimized_router,1,0
9956,legacy_router,0,0
9957,optimized_router,1,0
9958,legacy_router,1,0
9959,legacy_router,0,0
9960,optimized_router,0,0
9961,legacy_router,1,0
9962,optimized_router,0,0
9963,optimized_router,1,1
9964,legacy_router,0,0
9965,optimized_router,1,0
9966,optimized_router,0,0
9967,optimized_router,1,0
9968,optimized_router,1,0
9969,legacy_router,1,1
9970,optimized_router,1,1
9971,optimized_router,1,0
9972,legacy_router,0,0
9973,optimized_router,1,0
9974,optimized_router,1,0
9975,optimized_router,1,0
9976,optimized_router,1,1
9977,optimized_router,1,0
9978,optimized_router,1,0
9979,legacy_router,0,0
9980,optimized_router,1,0
9981,legacy_router,1,0
9982,optimized_router,1,0
9983,optimized_router,1,1
9984,legacy_router,0,0
9985,optimized_router,0,0
9986,legacy_router,1,0
9987,legacy_router,1,0
9988,legacy_router,1,0
9989,optimized_router,0,0
9990,optimized_router,1,0
9991,optimized_router,1,1
9992,legacy_router,0,0
9993,optimized_router,1,0
9994,legacy_router,0,0
9995,optimized_router,1,0
9996,optimized_router,1,1
9997,optimized_router,0,0
9998,legacy_router,1,1
9999,optimized_router,1,0
10000,optimized_router,1,0
10001,optimized_router,1,0
10002,legacy_router,1,0
10003,legacy_router,1,0
10004,legacy_router,0,0
10005,optimized_router,1,0
10006,legacy_router,1,0
10007,legacy_router,1,0
10008,legacy_router,1,0
10009,optimized_router,0,0
10010,optimized_router,1,0
10011,legacy_router,1,0
10012,optimized_router,1,0
10013,optimized_router,1,0
10014,optimized_router,1,0
10015,optimized_router,1,0
10016,legacy_router,0,0
10017,legacy_router,0,0
10018,legacy_router,1,0
10019,legacy_router,1,0
10020,optimized_router,0,0
10021,optimized_router,1,0
10022,legacy_router,0,0
10023,optimized_router,1,0
10024,legacy_router,1,0
10025,legacy_router,0,0
10026,optimized_router,0,0
10027,optimized_router,1,0
10028,optimized_router,0,0
10029,legacy_router,1,0
10030,optimized_router,1,1
10031,optimized_router,1,0
10032,legacy_router,1,0
10033,optimized_router,1,0
10034,legacy_router,1,0
10035,legacy_router,0,0
10036,legacy_router,1,0
10037,optimized_router,1,0
10038,optimized_router,0,0
10039,optimized_router,0,0
10040,optimized_router,1,0
10041,legacy_router,1,0
10042,optimized_router,1,0
10043,optimized_router,1,1
10044,legacy_router,0,0
10045,optimized_router,1,0
10046,optimized_router,0,0
10047,optimized_router,1,0
10048,legacy_router,1,1
10049,optimized_router,1,0
10050,legacy_router,1,0
10051,legacy_router,0,0
10052,legacy_router,1,0
10053,optimized_router,1,0
10054,optimized_router,1,1
10055,legacy_router,0,0
10056,legacy_router,1,0
10057,optimized_router,1,0
10058,legacy_router,1,0
10059,optimized_router,1,0
10060,optimized_router,0,0
10061,legacy_router,0,0
10062,optimized_router,0,0
10063,legacy_router,0,0
10064,legacy_router,1,0
10065,legacy_router,0,0
10066,optimized_router,1,0
10067,optimized_router,1,0
10068,optimized_router,1,0
10069,optimized_router,1,0
10070,optimized_router,1,1
10071,optimized_router,0,0
10072,legacy_router,0,0
10073,legacy_router,1,0
10074,legacy_router,1,0
10075,optimized_router,1,1
10076,legacy_router,0,0
10077,optimized_router,1,0
10078,legacy_router,0,0
10079,optimized_router,0,0
10080,legacy_router,1,0
10081,legacy_router,1,0
10082,optimized_router,1,0
10083,legacy_router,1,0
10084,optimized_router,1,0
10085,optimized_router,1,0
10086,optimized_router,1,0
10087,legacy_router,0,0
10088,optimized_router,0,0
10089,legacy_router,0,0
10090,optimized_router,1,1
10091,optimized_router,1,0
10092,optimized_router,0,0
10093,legacy_router,1,0
10094,legacy_router,0,0
10095,legacy_router,0,0
10096,legacy_router,0,0
10097,optimized_router,1,0
10098,optimized_router,1,0
10099,optimized_router,1,0
10100,legacy_router,1,0
10101,optimized_router,1,0
10102,optimized_router,1,0
10103,legacy_router,0,0
10104,legacy_router,0,0
10105,optimized_router,1,1
10106,legacy_router,1,0
10107,legacy_router,1,0
10108,legacy_router,0,0
10109,optimized_router,0,0
10110,legacy_router,1,0
10111,optimized_router,0,0
10112,optimized_router,1,0
10113,optimized_router,1,1
10114,legacy_router,1,0
10115,optimized_router,1,0
10116,optimized_router,1,1
10117,legacy_router,0,0
10118,optimized_router,1,1
10119,optimized_router,1,1
10120,optimized_router,1,0
10121,optimized_router,1,0
10122,optimized_router,1,0
10123,optimized_router,1,0
10124,legacy_router,1,0
10125,optimized_router,1,0
10126,legacy_router,1,0
10127,optimized_router,1,1
10128,legacy_router,1,0
10129,legacy_router,0,0
10130,legacy_router,1,0
10131,legacy_router,1,0
10132,optimized_router,1,0
10133,optimized_router,1,1
10134,legacy_router,1,0
10135,optimized_router,1,0
10136,optimized_router,1,0
10137,legacy_router,1,0
10138,legacy_router,1,0
10139,legacy_router,0,0
10140,optimized_router,1,1
10141,optimized_router,1,0
10142,legacy_router,1,0
10143,legacy_router,0,0
10144,legacy_router,0,0
10145,optimized_router,1,1
10146,optimized_router,1,0
10147,optimized_router,0,0
10148,optimized_router,1,1
10149,optimized_router,1,1
10150,optimized_router,1,1
10151,optimized_router,1,0
10152,legacy_router,1,0
10153,optimized_router,0,0
10154,optimized_router,0,0
10155,legacy_router,1,0
10156,optimized_router,1,0
10157,legacy_router,1,0
10158,optimized_router,1,1
10159,legacy_router,0,0
10160,optimized_router,1,0
10161,optimized_router,1,1
10162,optimized_router,1,1
10163,legacy_router,1,0
10164,legacy_router,0,0
10165,optimized_router,1,0
10166,optimized_router,1,0
10167,legacy_router,0,0
10168,optimized_router,1,0
10169,legacy_router,1,0
10170,legacy_router,0,0
10171,legacy_router,0,0
10172,optimized_router,1,1
10173,legacy_router,1,0
10174,legacy_router,0,0
10175,optimized_router,1,1
10176,legacy_router,1,0
10177,legacy_router,1,0
10178,legacy_router,0,0
10179,optimized_router,1,1
10180,legacy_router,1,0
10181,legacy_router,0,0
10182,optimized_router,0,0
10183,legacy_router,0,0
10184,optimized_router,1,1
10185,optimized_router,1,0
10186,legacy_router,0,0
10187,legacy_router,1,0
10188,optimized_router,1,0
10189,optimized_router,0,0
10190,legacy_router,1,0
10191,optimized_router,1,1
10192,optimized_router,1,0
10193,optimized_router,1,0
10194,optimized_router,0,0
10195,legacy_router,1,0
10196,optimized_router,1,0
10197,optimized_router,1,1
10198,legacy_router,1,0
10199,optimized_router,1,0
10200,legacy_router,1,0
10201,optimized_router,1,1
10202,optimized_router,0,0
10203,legacy_router,0,0
10204,optimized_router,1,1
10205,legacy_router,1,0
10206,legacy_router,1,0
10207,optimized_router,1,0
10208,legacy_router,1,1
10209,legacy_router,1,0
10210,legacy_router,1,0
10211,optimized_router,1,0
10212,legacy_router,1,0
10213,legacy_router,1,0
10214,legacy_router,0,0
10215,legacy_router,0,0
10216,legacy_router,1,0
10217,legacy_router,1,0
10218,legacy_router,1,1
10219,legacy_router,1,0
10220,legacy_router,1,0
10221,optimized_router,1,0
10222,legacy_router,1,0
10223,legacy_router,1,0
10224,optimized_router,0,0
10225,optimized_router,1,0
10226,legacy_router,1,1
10227,legacy_router,0,0
10228,optimized_router,1,0
10229,legacy_router,0,0
10230,legacy_router,0,0
10231,legacy_router,1,0
10232,legacy_router,1,0
10233,legacy_router,1,0
10234,legacy_router,0,0
10235,legacy_router,1,0
10236,legacy_router,1,0
10237,optimized_router,0,0
10238,legacy_router,0,0
10239,legacy_router,0,0
10240,optimized_router,0,0
10241,optimized_router,1,1
10242,optimized_router,1,1
10243,legacy_router,1,0
10244,optimized_router,1,0
10245,legacy_router,1,1
10246,legacy_router,0,0
10247,legacy_router,0,0
10248,optimized_router,1,0
10249,optimized_router,1,0
10250,optimized_router,0,0
10251,legacy_router,0,0
10252,legacy_router,0,0
10253,legacy_router,1,0
10254,optimized_router,1,1
10255,optimized_router,1,0
10256,legacy_router,1,0
10257,optimized_router,1,1
10258,optimized_router,1,1
10259,optimized_router,1,0
10260,optimized_router,1,1
10261,legacy_router,1,0
10262,optimized_router,1,1
10263,legacy_router,1,0
10264,optimized_router,1,0
10265,legacy_router,0,0
10266,optimized_router,0,0
10267,legacy_router,1,0
10268,optimized_router,1,0
10269,legacy_router,1,0
10270,legacy_router,1,0
10271,optimized_router,1,1
10272,optimized_router,0,0
10273,legacy_router,0,0
10274,optimized_router,1,0
10275,legacy_router,0,0
10276,legacy_router,0,0
10277,optimized_router,1,0
10278,optimized_router,1,0
10279,legacy_router,1,0
10280,legacy_router,1,0
10281,legacy_router,1,0
10282,optimized_router,0,0
10283,legacy_router,1,0
10284,optimized_router,1,1
10285,optimized_router,1,0
10286,legacy_router,1,0
10287,legacy_router,0,0
10288,optimized_router,1,0
10289,optimized_router,1,0
10290,legacy_router,1,0
10291,legacy_router,1,0
10292,legacy_router,1,0
10293,legacy_router,0,0
10294,optimized_router,0,0
10295,optimized_router,0,0
10296,optimized_router,1,1
10297,optimized_router,1,1
10298,legacy_router,0,0
10299,optimized_router,1,0
10300,legacy_router,0,0
10301,legacy_router,1,0
10302,optimized_router,1,0
10303,optimized_router,1,0
10304,legacy_router,1,0
10305,optimized_router,1,0
10306,optimized_router,1,1
10307,optimized_router,1,0
10308,legacy_router,1,0
10309,optimized_router,1,0
10310,legacy_router,1,0
10311,optimized_router,1,0
10312,optimized_router,0,0
10313,legacy_router,1,1
10314,legacy_router,1,0
10315,optimized_router,1,1
10316,legacy_router,1,1
10317,legacy_router,0,0
10318,legacy_router,0,0
10319,legacy_router,1,0
10320,optimized_router,1,0
10321,optimized_router,1,0
10322,legacy_router,0,0
10323,legacy_router,1,0
10324,optimized_router,1,0
10325,optimized_router,1,0
10326,optimized_router,0,0
10327,optimized_router,1,0
10328,optimized_router,1,0
10329,optimized_router,1,1
10330,optimized_router,1,0
10331,legacy_router,0,0
10332,legacy_router,1,0
10333,legacy_router,1,0
10334,legacy_router,0,0
10335,optimized_router,1,0
10336,legacy_router,1,0
10337,legacy_router,1,0
10338,legacy_router,0,0
10339,legacy_router,1,0
10340,optimized_router,1,1
10341,legacy_router,1,0
10342,optimized_router,0,0
10343,optimized_router,1,0
10344,legacy_router,1,0
10345,optimized_router,1,1
10346,legacy_router,1,0
10347,optimized_router,1,1
10348,optimized_router,0,0
10349,optimized_router,1,0
10350,legacy_router,1,0
10351,optimized_router,1,0
10352,legacy_router,1,0
10353,legacy_router,1,0
10354,optimized_router,1,1
10355,optimized_router,0,0
10356,legacy_router,1,0
10357,optimized_router,1,1
10358,legacy_router,0,0
10359,optimized_router,0,0
10360,optimized_router,0,0
10361,optimized_router,1,1
10362,optimized_router,0,0
10363,legacy_router,1,0
10364,legacy_router,0,0
10365,optimized_router,1,0
10366,legacy_router,1,0
10367,optimized_router,0,0
10368,legacy_router,0,0
10369,optimized_router,1,0
10370,optimized_router,1,1
10371,optimized_router,1,1
10372,optimized_router,1,0
10373,legacy_router,0,0
10374,legacy_router,1,0
10375,legacy_router,1,0
10376,optimized_router,1,0
10377,legacy_router,1,0
10378,optimized_router,1,0
10379,legacy_router,1,0
10380,legacy_router,1,0
10381,optimized_router,1,0
10382,optimized_router,1,0
10383,legacy_router,1,0
10384,legacy_router,1,0
10385,legacy_router,0,0
10386,optimized_router,0,0
10387,optimized_router,1,0
10388,legacy_router,1,0
10389,optimized_router,1,0
10390,legacy_router,1,0
10391,legacy_router,1,0
10392,optimized_router,1,0
10393,legacy_router,1,1
10394,optimized_router,1,0
10395,optimized_router,1,0
10396,legacy_router,1,0
10397,legacy_router,0,0
10398,optimized_router,1,0
10399,legacy_router,1,0
10400,legacy_router,0,0
10401,optimized_router,1,0
10402,optimized_router,0,0
10403,legacy_router,1,0
10404,optimized_router,1,1
10405,legacy_router,1,0
10406,legacy_router,1,0
10407,optimized_router,0,0
10408,optimized_router,1,0
10409,optimized_router,1,0
10410,legacy_router,1,0
10411,optimized_router,0,0
10412,legacy_router,1,0
10413,legacy_router,1,1
10414,optimized_router,1,0
10415,optimized_router,1,0
10416,legacy_router,0,0
10417,optimized_router,1,0
10418,legacy_router,0,0
10419,optimized_router,1,0
10420,legacy_router,0,0
10421,legacy_router,0,0
10422,legacy_router,0,0
10423,legacy_router,0,0
10424,legacy_router,0,0
10425,legacy_router,0,0
10426,optimized_router,1,0
10427,optimized_router,1,1
10428,optimized_router,1,1
10429,legacy_router,1,0
10430,optimized_router,1,0
10431,optimized_router,1,1
10432,optimized_router,1,0
10433,legacy_router,1,0
10434,legacy_router,0,0
10435,legacy_router,1,0
10436,optimized_router,1,1
10437,optimized_router,1,0
10438,optimized_router,1,0
10439,optimized_router,1,0
10440,optimized_router,1,0
10441,optimized_router,1,0
10442,optimized_router,1,0
10443,legacy_router,0,0
10444,legacy_router,0,0
10445,legacy_router,0,0
10446,optimized_router,0,0
10447,optimized_router,0,0
10448,legacy_router,1,0
10449,optimized_router,1,1
10450,legacy_router,0,0
10451,legacy_router,1,0
10452,optimized_router,1,0
10453,optimized_router,1,1
10454,optimized_router,1,1
10455,legacy_router,1,0
10456,optimized_router,1,0
10457,optimized_router,0,0
10458,legacy_router,0,0
10459,optimized_router,1,0
10460,optimized_router,0,0
10461,optimized_router,1,0
10462,legacy_router,1,0
10463,legacy_router,1,0
10464,legacy_router,0,0
10465,optimized_router,1,1
10466,optimized_router,1,1
10467,legacy_router,0,0
10468,optimized_router,0,0
10469,optimized_router,1,0
10470,legacy_router,0,0
10471,legacy_router,0,0
10472,optimized_router,0,0
10473,optimized_router,1,0
10474,optimized_router,0,0
10475,legacy_router,0,0
10476,legacy_router,1,0
10477,legacy_router,0,0
10478,optimized_router,1,1
10479,legacy_router,1,0
10480,legacy_router,0,0
10481,optimized_router,1,0
10482,optimized_router,1,0
10483,optimized_router,0,0
10484,legacy_router,1,0
10485,optimized_router,0,0
10486,legacy_router,0,0
10487,legacy_router,1,0
10488,optimized_router,0,0
10489,legacy_router,1,0
10490,optimized_router,1,0
10491,legacy_router,1,0
10492,optimized_router,1,0
10493,optimized_router,0,0
10494,optimized_router,1,0
10495,optimized_router,1,0
10496,optimized_router,1,0
10497,legacy_router,0,0
10498,legacy_router,1,0
10499,legacy_router,1,0
10500,legacy_router,1,1
10501,legacy_router,0,0
10502,optimized_router,1,1
10503,legacy_router,0,0
10504,optimized_router,1,0
10505,legacy_router,1,0
10506,optimized_router,1,0
10507,legacy_router,0,0
10508,legacy_router,1,0
10509,legacy_router,1,0
10510,legacy_router,1,0
10511,legacy_router,1,0
10512,optimized_router,1,0
10513,optimized_router,1,0
10514,optimized_router,1,1
10515,legacy_router,0,0
10516,legacy_router,0,0
10517,optimized_router,1,1
10518,legacy_router,0,0
10519,legacy_router,0,0
10520,optimized_router,1,0
10521,optimized_router,1,0
10522,optimized_router,1,0
10523,optimized_router,1,0
10524,optimized_router,0,0
10525,optimized_router,1,0
10526,legacy_router,1,0
10527,optimized_router,1,0
10528,optimized_router,1,1
10529,optimized_router,0,0
10530,optimized_router,1,1
10531,optimized_router,1,1
10532,legacy_router,1,0
10533,optimized_router,1,0
10534,optimized_router,1,0
10535,optimized_router,1,0
10536,legacy_router,1,0
10537,legacy_router,0,0
10538,legacy_router,1,0
10539,legacy_router,1,0
10540,optimized_router,0,0
10541,legacy_router,0,0
10542,legacy_router,0,0
10543,legacy_router,0,0
10544,legacy_router,1,0
10545,optimized_router,1,0
10546,optimized_router,1,0
10547,legacy_router,1,0
10548,legacy_router,1,1
10549,optimized_router,1,1
10550,optimized_router,1,0
10551,legacy_router,1,0
10552,legacy_router,1,0
10553,optimized_router,1,0
10554,legacy_router,0,0
10555,optimized_router,1,0
10556,legacy_router,0,0
10557,legacy_router,1,0
10558,optimized_router,1,0
10559,legacy_router,0,0
10560,legacy_router,0,0
10561,optimized_router,1,1
10562,optimized_router,1,0
10563,optimized_router,1,0
10564,optimized_router,1,0
10565,legacy_router,1,0
10566,optimized_router,1,0
10567,legacy_router,1,0
10568,optimized_router,1,1
10569,optimized_router,1,0
10570,legacy_router,1,0
10571,optimized_router,1,1
10572,legacy_router,1,0
10573,optimized_router,1,0
10574,optimized_router,1,0
10575,optimized_router,1,1
10576,legacy_router,1,0
10577,optimized_router,1,0
10578,legacy_router,0,0
10579,legacy_router,1,0
10580,optimized_router,1,1
10581,legacy_router,0,0
10582,legacy_router,1,0
10583,optimized_router,1,0
10584,legacy_router,1,0
10585,optimized_router,1,0
10586,legacy_router,1,0
10587,legacy_router,0,0
10588,optimized_router,1,0
10589,legacy_router,0,0
10590,optimized_router,1,0
10591,optimized_router,1,0
10592,legacy_router,1,0
10593,legacy_router,1,0
10594,legacy_router,1,0
10595,legacy_router,1,0
10596,legacy_router,1,1
10597,legacy_router,0,0
10598,optimized_router,1,1
10599,optimized_router,1,1
10600,legacy_router,0,0
10601,legacy_router,1,0
10602,legacy_router,0,0
10603,optimized_router,1,0
10604,legacy_router,0,0
10605,legacy_router,1,0
10606,optimized_router,1,1
10607,legacy_router,0,0
10608,legacy_router,1,0
10609,optimized_router,1,0
10610,legacy_router,1,0
10611,optimized_router,1,1
10612,optimized_router,1,1
10613,legacy_router,1,0
10614,legacy_router,1,0
10615,optimized_router,1,0
10616,optimized_router,1,0
10617,legacy_router,1,0
10618,optimized_router,0,0
10619,legacy_router,0,0
10620,legacy_router,0,0
10621,legacy_router,1,0
10622,legacy_router,1,0
10623,legacy_router,0,0
10624,optimized_router,1,1
10625,optimized_router,0,0
10626,legacy_router,1,0
10627,legacy_router,1,0
10628,optimized_router,1,0
10629,legacy_router,1,0
10630,optimized_router,1,1
10631,legacy_router,0,0
10632,legacy_router,1,0
10633,legacy_router,0,0
10634,optimized_router,1,0
10635,optimized_router,0,0
10636,legacy_router,1,0
10637,legacy_router,1,0
10638,optimized_router,1,0
10639,optimized_router,1,0
10640,optimized_router,1,0
10641,optimized_router,1,0
10642,legacy_router,0,0
10643,legacy_router,0,0
10644,optimized_router,1,1
10645,legacy_router,1,1
10646,legacy_router,0,0
10647,optimized_router,1,0
10648,optimized_router,1,0
10649,legacy_router,0,0
10650,legacy_router,0,0
10651,legacy_router,0,0
10652,optimized_router,1,0
10653,legacy_router,1,0
10654,optimized_router,1,0
10655,optimized_router,1,0
10656,legacy_router,1,0
10657,legacy_router,0,0
10658,optimized_router,1,1
10659,legacy_router,0,0
10660,optimized_router,1,0
10661,legacy_router,1,0
10662,legacy_router,0,0
10663,optimized_router,1,1
10664,legacy_router,0,0
10665,optimized_router,1,1
10666,legacy_router,0,0
10667,optimized_router,0,0
10668,optimized_router,1,0
10669,legacy_router,0,0
10670,optimized_router,0,0
10671,legacy_router,0,0
10672,optimized_router,1,1
10673,optimized_router,1,0
10674,legacy_router,1,0
10675,optimized_router,1,0
10676,legacy_router,1,0
10677,optimized_router,1,0
10678,optimized_router,1,1
10679,optimized_router,1,0
10680,legacy_router,0,0
10681,legacy_router,1,0
10682,legacy_router,0,0
10683,legacy_router,0,0
10684,legacy_router,0,0
10685,legacy_router,1,0
10686,legacy_router,0,0
10687,legacy_router,0,0
10688,legacy_router,0,0
10689,optimized_router,1,0
10690,legacy_router,0,0
10691,legacy_router,1,0
10692,legacy_router,0,0
10693,optimized_router,1,0
10694,optimized_router,1,0
10695,optimized_router,1,1
10696,legacy_router,0,0
10697,legacy_router,1,0
10698,legacy_router,1,0
10699,legacy_router,0,0
10700,optimized_router,1,1
10701,optimized_router,1,0
10702,legacy_router,0,0
10703,legacy_router,0,0
10704,legacy_router,0,0
10705,legacy_router,0,0
10706,legacy_router,0,0
10707,legacy_router,1,0
10708,legacy_router,1,0
10709,optimized_router,1,0
10710,legacy_router,0,0
10711,legacy_router,0,0
10712,legacy_router,1,0
10713,legacy_router,0,0
10714,optimized_router,1,0
10715,legacy_router,1,0
10716,optimized_router,1,0
10717,optimized_router,0,0
10718,legacy_router,0,0
10719,legacy_router,0,0
10720,optimized_router,1,1
10721,legacy_router,1,0
10722,optimized_router,1,1
10723,optimized_router,0,0
10724,optimized_router,1,1
10725,optimized_router,1,0
10726,legacy_router,1,0
10727,legacy_router,1,0
10728,legacy_router,0,0
10729,optimized_router,1,0
10730,legacy_router,0,0
10731,optimized_router,1,0
10732,optimized_router,1,1
10733,optimized_router,1,1
10734,legacy_router,1,0
10735,optimized_router,1,0
10736,legacy_router,1,0
10737,legacy_router,0,0
10738,optimized_router,1,0
10739,optimized_router,1,0
10740,legacy_router,0,0
10741,legacy_router,1,0
10742,optimized_router,1,0
10743,legacy_router,1,0
10744,legacy_router,0,0
10745,optimized_router,1,0
10746,legacy_router,0,0
10747,legacy_router,0,0
10748,legacy_router,1,0
10749,optimized_router,1,0
10750,legacy_router,0,0
10751,legacy_router,0,0
10752,legacy_router,0,0
10753,legacy_router,0,0
10754,legacy_router,1,1
10755,legacy_router,0,0
10756,optimized_router,1,0
10757,optimized_router,1,0
10758,legacy_router,1,1
10759,optimized_router,1,0
10760,legacy_router,0,0
10761,legacy_router,1,0
10762,optimized_router,1,1
10763,optimized_router,1,1
10764,legacy_router,0,0
10765,legacy_router,0,0
10766,optimized_router,1,1
10767,optimized_router,1,0
10768,optimized_router,1,0
10769,legacy_router,1,1
10770,legacy_router,0,0
10771,optimized_router,1,0
10772,legacy_router,1,0
10773,legacy_router,0,0
10774,legacy_router,0,0
10775,optimized_router,0,0
10776,optimized_router,1,0
10777,optimized_router,1,1
10778,optimized_router,1,0
10779,legacy_router,1,0
10780,legacy_router,1,0
10781,legacy_router,1,0
10782,optimized_router,1,0
10783,legacy_router,0,0
10784,legacy_router,0,0
10785,optimized_router,1,0
10786,optimized_router,1,1
10787,optimized_router,1,1
10788,optimized_router,1,0
10789,optimized_router,1,1
10790,optimized_router,0,0
10791,optimized_router,1,0
10792,optimized_router,1,0
10793,optimized_router,1,0
10794,optimized_router,1,0
10795,legacy_router,1,0
10796,optimized_router,1,0
10797,optimized_router,1,0
10798,legacy_router,1,0
10799,optimized_router,1,0
10800,optimized_router,1,0
10801,optimized_router,1,0
10802,legacy_router,1,0
10803,legacy_router,0,0
10804,legacy_router,0,0
10805,optimized_router,1,0
10806,legacy_router,0,0
10807,legacy_router,1,0
10808,legacy_router,1,0
10809,optimized_router,1,1
10810,optimized_router,1,1
10811,legacy_router,0,0
10812,optimized_router,1,0
10813,optimized_router,1,0
10814,optimized_router,1,0
10815,legacy_router,0,0
10816,optimized_router,1,1
10817,optimized_router,0,0
10818,legacy_router,0,0
10819,optimized_router,1,0
10820,legacy_router,0,0
10821,legacy_router,1,0
10822,optimized_router,1,0
10823,optimized_router,0,0
10824,optimized_router,1,0
10825,optimized_router,1,0
10826,optimized_router,1,0
10827,legacy_router,0,0
10828,legacy_router,1,1
10829,optimized_router,1,0
10830,optimized_router,0,0
10831,optimized_router,0,0
10832,legacy_router,1,1
10833,optimized_router,1,0
10834,legacy_router,0,0
10835,legacy_router,1,0
10836,legacy_router,1,0
10837,legacy_router,1,0
10838,optimized_router,1,0
10839,optimized_router,1,1
10840,optimized_router,1,1
10841,legacy_router,0,0
10842,legacy_router,1,0
10843,legacy_router,0,0
10844,optimized_router,1,0
10845,legacy_router,0,0
10846,legacy_router,0,0
10847,optimized_router,0,0
10848,optimized_router,0,0
10849,legacy_router,0,0
10850,legacy_router,1,0
10851,optimized_router,1,0
10852,optimized_router,1,0
10853,legacy_router,0,0
10854,legacy_router,0,0
10855,legacy_router,1,0
10856,optimized_router,1,1
10857,optimized_router,0,0
10858,optimized_router,1,0
10859,optimized_router,0,0
10860,legacy_router,1,0
10861,legacy_router,1,0
10862,legacy_router,1,0
10863,optimized_router,1,0
10864,optimized_router,0,0
10865,optimized_router,1,1
10866,legacy_router,1,0
10867,legacy_router,1,0
10868,legacy_router,0,0
10869,legacy_router,1,0
10870,optimized_router,1,0
10871,legacy_router,1,0
10872,legacy_router,0,0
10873,optimized_router,1,1
10874,legacy_router,0,0
10875,legacy_router,0,0
10876,legacy_router,1,1
10877,optimized_router,1,0
10878,optimized_router,1,0
10879,optimized_router,1,0
10880,legacy_router,1,0
10881,legacy_router,0,0
10882,legacy_router,1,0
10883,optimized_router,1,1
10884,legacy_router,1,0
10885,legacy_router,0,0
10886,optimized_router,1,0
10887,legacy_router,1,0
10888,optimized_router,1,0
10889,legacy_router,0,0
10890,optimized_router,0,0
10891,legacy_router,1,0
10892,legacy_router,0,0
10893,legacy_router,0,0
10894,legacy_router,0,0
10895,legacy_router,0,0
10896,legacy_router,0,0
10897,legacy_router,0,0
10898,legacy_router,0,0
10899,optimized_router,1,0
10900,legacy_router,0,0
10901,legacy_router,1,0
10902,legacy_router,0,0
10903,legacy_router,1,0
10904,legacy_router,1,0
10905,optimized_router,1,0
10906,legacy_router,1,0
10907,legacy_router,0,0
10908,optimized_router,1,1
10909,legacy_router,1,0
10910,optimized_router,1,0
10911,optimized_router,1,1
10912,legacy_router,0,0
10913,legacy_router,1,0
10914,optimized_router,1,0
10915,optimized_router,1,1
10916,legacy_router,1,0
10917,optimized_router,1,0
10918,legacy_router,1,0
10919,optimized_router,0,0
10920,legacy_router,1,0
10921,optimized_router,0,0
10922,optimized_router,1,0
10923,optimized_router,1,0
10924,legacy_router,1,1
10925,optimized_router,1,0
10926,legacy_router,1,1
10927,optimized_router,1,1
10928,legacy_router,0,0
10929,legacy_router,0,0
10930,optimized_router,1,0
10931,legacy_router,0,0
10932,optimized_router,1,1
10933,optimized_router,1,0
10934,optimized_router,1,0
10935,optimized_router,1,1
10936,legacy_router,0,0
10937,legacy_router,1,0
10938,optimized_router,1,1
10939,optimized_router,1,0
10940,optimized_router,0,0
10941,optimized_router,1,0
10942,optimized_router,1,0
10943,legacy_router,1,0
10944,legacy_router,1,0
10945,legacy_router,0,0
10946,optimized_router,1,0
10947,legacy_router,1,0
10948,legacy_router,1,0
10949,optimized_router,1,1
10950,legacy_router,0,0
10951,legacy_router,1,0
10952,legacy_router,0,0
10953,legacy_router,0,0
10954,optimized_router,0,0
10955,optimized_router,1,0
10956,optimized_router,1,0
10957,legacy_router,1,0
10958,optimized_router,1,1
10959,legacy_router,1,0
10960,optimized_router,1,0
10961,legacy_router,1,0
10962,optimized_router,1,0
10963,legacy_router,1,0
10964,optimized_router,1,0
10965,legacy_router,1,0
10966,legacy_router,0,0
10967,optimized_router,1,0
10968,optimized_router,1,0
10969,legacy_router,1,0
10970,optimized_router,1,1
10971,legacy_router,1,0
10972,legacy_router,1,0
10973,legacy_router,0,0
10974,optimized_router,1,0
10975,legacy_router,1,0
10976,optimized_router,0,0
10977,legacy_router,0,0
10978,optimized_router,1,0
10979,legacy_router,1,0
10980,legacy_router,1,0
10981,optimized_router,0,0
10982,legacy_router,0,0
10983,legacy_router,1,0
10984,optimized_router,1,0
10985,legacy_router,1,0
10986,optimized_router,1,0
10987,optimized_router,0,0
10988,optimized_router,1,1
10989,optimized_router,1,0
10990,optimized_router,1,1
10991,optimized_router,1,0
10992,legacy_router,0,0
10993,legacy_router,0,0
10994,optimized_router,0,0
10995,legacy_router,1,0
10996,optimized_router,0,0
10997,legacy_router,1,0
10998,optimized_router,1,0
10999,legacy_router,1,0
11000,optimized_router,1,0
11001,legacy_router,0,0
11002,optimized_router,1,1
11003,legacy_router,0,0
11004,optimized_router,1,0
11005,legacy_router,1,0
11006,legacy_router,1,0
11007,legacy_router,0,0
11008,legacy_router,1,1
11009,optimized_router,0,0
11010,legacy_router,0,0
11011,optimized_router,1,0
11012,optimized_router,1,1
11013,optimized_router,1,1
11014,legacy_router,0,0
11015,legacy_router,0,0
11016,optimized_router,1,1
11017,optimized_router,1,0
11018,legacy_router,1,0
11019,legacy_router,0,0
11020,legacy_router,1,0
11021,legacy_router,1,0
11022,optimized_router,1,0
11023,optimized_router,1,0
11024,legacy_router,0,0
11025,legacy_router,0,0
11026,legacy_router,1,0
11027,legacy_router,0,0
11028,legacy_router,0,0
11029,legacy_router,1,0
11030,optimized_router,1,0
11031,optimized_router,1,0
11032,optimized_router,0,0
11033,optimized_router,1,0
11034,optimized_router,0,0
11035,legacy_router,0,0
11036,legacy_router,0,0
11037,legacy_router,1,0
11038,legacy_router,1,0
11039,optimized_router,1,0
11040,optimized_router,1,1
11041,legacy_router,1,0
11042,optimized_router,1,0
11043,legacy_router,0,0
11044,optimized_router,1,0
11045,legacy_router,0,0
11046,optimized_router,1,0
11047,optimized_router,1,0
11048,legacy_router,0,0
11049,legacy_router,0,0
11050,legacy_router,1,0
11051,legacy_router,1,0
11052,legacy_router,1,0
11053,legacy_router,0,0
11054,legacy_router,1,0
11055,optimized_router,1,0
11056,optimized_router,1,1
11057,optimized_router,0,0
11058,optimized_router,1,1
11059,legacy_router,0,0
11060,optimized_router,1,0
11061,optimized_router,1,0
11062,optimized_router,1,0
11063,legacy_router,1,0
11064,optimized_router,1,1
11065,legacy_router,0,0
11066,optimized_router,1,0
11067,legacy_router,1,0
11068,legacy_router,1,0
11069,optimized_router,1,1
11070,legacy_router,1,1
11071,optimized_router,0,0
11072,optimized_router,1,1
11073,optimized_router,1,1
11074,legacy_router,0,0
11075,optimized_router,1,0
11076,legacy_router,0,0
11077,optimized_router,1,0
11078,legacy_router,1,0
11079,optimized_router,1,1
11080,optimized_router,1,1
11081,legacy_router,1,0
11082,optimized_router,0,0
11083,optimized_router,1,0
11084,optimized_router,1,1
11085,optimized_router,1,1
11086,legacy_router,1,0
11087,optimized_router,1,0
11088,optimized_router,1,0
11089,optimized_router,0,0
11090,optimized_router,1,0
11091,legacy_router,0,0
11092,optimized_router,1,1
11093,optimized_router,1,1
11094,legacy_router,0,0
11095,legacy_router,1,0
11096,optimized_router,1,0
11097,optimized_router,1,0
11098,optimized_router,1,0
11099,legacy_router,1,0
11100,legacy_router,0,0
11101,optimized_router,1,1
11102,optimized_router,1,1
11103,legacy_router,1,0
11104,optimized_router,1,1
11105,optimized_router,1,0
11106,optimized_router,0,0
11107,optimized_router,1,1
11108,legacy_router,1,0
11109,optimized_router,1,0
11110,legacy_router,0,0
11111,legacy_router,1,0
11112,optimized_router,1,0
11113,optimized_router,1,1
11114,legacy_router,1,0
11115,legacy_router,0,0
11116,legacy_router,1,0
11117,legacy_router,1,0
11118,optimized_router,0,0
11119,optimized_router,1,1
11120,legacy_router,1,0
11121,optimized_router,1,0
11122,optimized_router,1,1
11123,optimized_router,0,0
11124,optimized_router,1,0
11125,legacy_router,0,0
11126,legacy_router,0,0
11127,legacy_router,0,0
11128,legacy_router,1,0
11129,legacy_router,1,0
11130,optimized_router,1,0
11131,optimized_router,1,0
11132,legacy_router,0,0
11133,legacy_router,1,0
11134,optimized_router,1,0
11135,legacy_router,1,0
11136,optimized_router,1,1
11137,optimized_router,0,0
11138,optimized_router,1,0
11139,optimized_router,0,0
11140,optimized_router,0,0
11141,legacy_router,1,0
11142,legacy_router,0,0
11143,optimized_router,1,0
11144,optimized_router,1,0
11145,legacy_router,1,0
11146,legacy_router,1,0
11147,optimized_router,0,0
11148,legacy_router,1,0
11149,legacy_router,0,0
11150,optimized_router,1,0
11151,legacy_router,0,0
11152,legacy_router,1,0
11153,legacy_router,0,0
11154,optimized_router,1,0
11155,legacy_router,1,1
11156,legacy_router,0,0
11157,optimized_router,1,0
11158,legacy_router,0,0
11159,optimized_router,0,0
11160,legacy_router,0,0
11161,legacy_router,1,0
11162,legacy_router,1,0
11163,optimized_router,1,1
11164,legacy_router,1,0
11165,optimized_router,1,1
11166,optimized_router,1,0
11167,optimized_router,1,0
11168,optimized_router,0,0
11169,optimized_router,1,0
11170,optimized_router,1,0
11171,legacy_router,0,0
11172,legacy_router,1,0
11173,legacy_router,0,0
11174,legacy_router,0,0
11175,optimized_router,1,1
11176,optimized_router,1,0
11177,legacy_router,1,0
11178,legacy_router,1,0
11179,optimized_router,1,0
11180,legacy_router,0,0
11181,optimized_router,1,0
11182,optimized_router,0,0
11183,optimized_router,0,0
11184,legacy_router,1,0
11185,optimized_router,1,0
11186,legacy_router,1,0
11187,optimized_router,1,1
11188,legacy_router,0,0
11189,optimized_router,1,0
11190,optimized_router,1,0
11191,optimized_router,1,0
11192,optimized_router,1,0
11193,optimized_router,1,1
11194,legacy_router,0,0
11195,legacy_router,1,0
11196,legacy_router,1,0
11197,optimized_router,1,0
11198,optimized_router,1,1
11199,legacy_router,1,0
11200,optimized_router,1,1
11201,legacy_router,0,0
11202,optimized_router,1,0
11203,legacy_router,1,0
11204,optimized_router,1,0
11205,legacy_router,1,0
11206,legacy_router,0,0
11207,optimized_router,1,0
11208,legacy_router,1,0
11209,legacy_router,1,0
11210,optimized_router,1,1
11211,optimized_router,0,0
11212,optimized_router,0,0
11213,legacy_router,1,0
11214,legacy_router,1,0
11215,legacy_router,0,0
11216,optimized_router,1,1
11217,legacy_router,0,0
11218,legacy_router,0,0
11219,optimized_router,1,0
11220,legacy_router,1,0
11221,legacy_router,1,0
11222,optimized_router,1,1
11223,legacy_router,0,0
11224,legacy_router,1,0
11225,optimized_router,1,1
11226,legacy_router,0,0
11227,optimized_router,0,0
11228,legacy_router,0,0
11229,optimized_router,0,0
11230,legacy_router,1,0
11231,optimized_router,1,1
11232,optimized_router,0,0
11233,legacy_router,0,0
11234,optimized_router,1,0
11235,optimized_router,0,0
11236,legacy_router,1,0
11237,legacy_router,1,0
11238,legacy_router,0,0
11239,legacy_router,1,0
11240,optimized_router,1,0
11241,optimized_router,0,0
11242,legacy_router,1,0
11243,legacy_router,1,0
11244,optimized_router,1,1
11245,optimized_router,1,1
11246,optimized_router,1,0
11247,legacy_router,0,0
11248,legacy_router,1,0
11249,legacy_router,1,0
11250,optimized_router,1,0
11251,optimized_router,0,0
11252,optimized_router,1,0
11253,legacy_router,1,0
11254,optimized_router,1,1
11255,optimized_router,1,0
11256,legacy_router,1,0
11257,legacy_router,0,0
11258,optimized_router,1,1
11259,legacy_router,1,0
11260,legacy_router,0,0
11261,optimized_router,0,0
11262,optimized_router,1,0
11263,optimized_router,1,0
11264,optimized_router,0,0
11265,optimized_router,0,0
11266,legacy_router,0,0
11267,optimized_router,0,0
11268,optimized_router,1,0
11269,legacy_router,1,0
11270,optimized_router,1,0
11271,optimized_router,0,0
11272,optimized_router,1,0
11273,legacy_router,1,0
11274,optimized_router,0,0
11275,legacy_router,1,0
11276,optimized_router,1,1
11277,optimized_router,1,0
11278,optimized_router,0,0
11279,legacy_router,1,0
11280,optimized_router,0,0
11281,optimized_router,1,0
11282,legacy_router,0,0
11283,legacy_router,0,0
11284,optimized_router,1,1
11285,legacy_router,1,0
11286,optimized_router,0,0
11287,legacy_router,1,0
11288,legacy_router,1,0
11289,optimized_router,1,1
11290,legacy_router,1,0
11291,legacy_router,1,0
11292,optimized_router,1,0
11293,optimized_router,0,0
11294,legacy_router,1,0
11295,legacy_router,0,0
11296,optimized_router,1,0
11297,optimized_router,0,0
11298,optimized_router,1,0
11299,optimized_router,0,0
11300,optimized_router,1,1
11301,optimized_router,1,0
11302,optimized_router,1,0
11303,optimized_router,1,0
11304,optimized_router,1,0
11305,legacy_router,0,0
11306,legacy_router,0,0
11307,optimized_router,1,1
11308,legacy_router,0,0
11309,optimized_router,1,0
11310,legacy_router,0,0
11311,optimized_router,0,0
11312,optimized_router,1,0
11313,legacy_router,0,0
11314,optimized_router,1,0
11315,optimized_router,1,1
11316,legacy_router,1,0
11317,optimized_router,0,0
11318,legacy_router,1,0
11319,legacy_router,0,0
11320,legacy_router,0,0
11321,legacy_router,1,0
11322,legacy_router,1,0
11323,legacy_router,0,0
11324,legacy_router,0,0
11325,legacy_router,1,0
11326,optimized_router,0,0
11327,optimized_router,1,0
11328,legacy_router,1,0
11329,legacy_router,1,0
11330,legacy_router,1,0
11331,optimized_router,0,0
11332,legacy_router,1,0
11333,optimized_router,1,1
11334,optimized_router,1,0
11335,optimized_router,1,0
11336,optimized_router,0,0
11337,optimized_router,1,1
11338,legacy_router,0,0
11339,legacy_router,1,0
11340,legacy_router,0,0
11341,optimized_router,1,0
11342,optimized_router,0,0
11343,legacy_router,1,0
11344,legacy_router,1,0
11345,legacy_router,1,0
11346,optimized_router,0,0
11347,optimized_router,1,1
11348,legacy_router,0,0
11349,legacy_router,1,0
11350,legacy_router,1,0
11351,optimized_router,0,0
11352,legacy_router,1,0
11353,optimized_router,1,1
11354,optimized_router,0,0
11355,legacy_router,0,0
11356,legacy_router,0,0
11357,legacy_router,1,0
11358,optimized_router,1,0
11359,legacy_router,0,0
11360,optimized_router,1,0
11361,optimized_router,1,0
11362,optimized_router,1,1
11363,optimized_router,1,0
11364,optimized_router,0,0
11365,optimized_router,0,0
11366,optimized_router,1,0
11367,optimized_router,1,0
11368,optimized_router,1,1
11369,optimized_router,1,0
11370,optimized_router,1,0
11371,optimized_router,0,0
11372,legacy_router,1,0
11373,legacy_router,1,0
11374,optimized_router,0,0
11375,optimized_router,0,0
11376,legacy_router,0,0
11377,optimized_router,1,0
11378,legacy_router,0,0
11379,legacy_router,0,0
11380,optimized_router,1,0
11381,legacy_router,1,0
11382,legacy_router,0,0
11383,legacy_router,1,0
11384,optimized_router,0,0
11385,legacy_router,0,0
11386,legacy_router,1,0
11387,optimized_router,1,0
11388,optimized_router,1,1
11389,legacy_router,1,0
11390,optimized_router,1,0
11391,optimized_router,1,1
11392,legacy_router,0,0
11393,optimized_router,1,1
11394,legacy_router,0,0
11395,optimized_router,1,1
11396,legacy_router,0,0
11397,optimized_router,1,0
11398,optimized_router,1,1
11399,optimized_router,0,0
11400,optimized_router,1,1
11401,optimized_router,1,0
11402,legacy_router,0,0
11403,optimized_router,1,0
11404,optimized_router,1,1
11405,legacy_router,0,0
11406,optimized_router,1,0
11407,legacy_router,0,0
11408,optimized_router,0,0
11409,optimized_router,1,0
11410,legacy_router,0,0
11411,optimized_router,0,0
11412,legacy_router,1,0
11413,optimized_router,1,0
11414,optimized_router,1,0
11415,legacy_router,0,0
11416,legacy_router,1,0
11417,optimized_router,1,0
11418,optimized_router,1,1
11419,optimized_router,0,0
11420,optimized_router,1,0
11421,optimized_router,1,1
11422,legacy_router,1,0
11423,legacy_router,1,0
11424,legacy_router,1,0
11425,legacy_router,1,0
11426,optimized_router,0,0
11427,legacy_router,1,1
11428,legacy_router,1,0
11429,legacy_router,1,0
11430,optimized_router,1,0
11431,legacy_router,1,0
11432,optimized_router,0,0
11433,legacy_router,0,0
11434,optimized_router,1,1
11435,legacy_router,0,0
11436,legacy_router,0,0
11437,legacy_router,1,0
11438,legacy_router,1,0
11439,optimized_router,1,0
11440,optimized_router,1,1
11441,legacy_router,1,0
11442,optimized_router,1,1
11443,optimized_router,1,0
11444,legacy_router,0,0
11445,optimized_router,1,0
11446,legacy_router,1,0
11447,legacy_router,1,0
11448,legacy_router,1,0
11449,optimized_router,1,1
11450,legacy_router,1,0
11451,legacy_router,0,0
11452,legacy_router,0,0
11453,legacy_router,1,0
11454,legacy_router,1,1
11455,legacy_router,1,0
11456,legacy_router,1,0
11457,legacy_router,0,0
11458,legacy_router,0,0
11459,optimized_router,0,0
11460,optimized_router,0,0
11461,legacy_router,0,0
11462,optimized_router,1,1
11463,optimized_router,1,1
11464,legacy_router,1,0
11465,legacy_router,0,0
11466,optimized_router,0,0
11467,legacy_router,1,0
11468,optimized_router,0,0
11469,legacy_router,1,0
11470,optimized_router,0,0
11471,optimized_router,1,0
11472,legacy_router,0,0
11473,legacy_router,1,0
11474,optimized_router,1,0
11475,optimized_router,1,0
11476,legacy_router,0,0
11477,legacy_router,0,0
11478,legacy_router,1,0
11479,legacy_router,1,0
11480,legacy_router,1,0
11481,optimized_router,1,0
11482,optimized_router,0,0
11483,legacy_router,1,0
11484,optimized_router,1,0
11485,legacy_router,0,0
11486,optimized_router,1,1
11487,legacy_router,0,0
11488,optimized_router,1,0
11489,legacy_router,1,0
11490,legacy_router,0,0
11491,optimized_router,1,0
11492,optimized_router,0,0
11493,optimized_router,1,0
11494,legacy_router,1,0
11495,optimized_router,1,0
11496,legacy_router,0,0
11497,legacy_router,0,0
11498,legacy_router,0,0
11499,optimized_router,1,0
11500,legacy_router,1,0
11501,legacy_router,1,0
11502,optimized_router,1,0
11503,legacy_router,1,0
11504,legacy_router,1,0
11505,legacy_router,1,0
11506,optimized_router,1,0
11507,optimized_router,1,1
11508,optimized_router,1,0
11509,legacy_router,1,0
11510,optimized_router,1,0
11511,legacy_router,0,0
11512,optimized_router,1,0
11513,legacy_router,1,0
11514,optimized_router,0,0
11515,optimized_router,1,0
11516,legacy_router,1,0
11517,legacy_router,1,0
11518,optimized_router,1,0
11519,legacy_router,1,0
11520,legacy_router,1,0
11521,optimized_router,0,0
11522,optimized_router,1,0
11523,optimized_router,1,0
11524,optimized_router,1,1
11525,optimized_router,1,0
11526,legacy_router,1,0
11527,legacy_router,0,0
11528,optimized_router,1,0
11529,legacy_router,0,0
11530,legacy_router,0,0
11531,legacy_router,0,0
11532,optimized_router,0,0
11533,legacy_router,0,0
11534,legacy_router,1,0
11535,optimized_router,1,0
11536,optimized_router,1,0
11537,legacy_router,0,0
11538,optimized_router,1,0
11539,optimized_router,1,1
11540,legacy_router,1,0
11541,optimized_router,1,0
11542,optimized_router,0,0
11543,legacy_router,0,0
11544,optimized_router,1,0
11545,optimized_router,1,0
11546,legacy_router,0,0
11547,optimized_router,0,0
11548,legacy_router,0,0
11549,legacy_router,1,0
11550,optimized_router,0,0
11551,optimized_router,1,0
11552,optimized_router,1,0
11553,optimized_router,1,0
11554,optimized_router,1,1
11555,optimized_router,1,1
11556,legacy_router,0,0
11557,optimized_router,1,0
11558,legacy_router,0,0
11559,legacy_router,1,0
11560,legacy_router,1,0
11561,optimized_router,1,0
11562,legacy_router,0,0
11563,optimized_router,1,0
11564,optimized_router,1,0
11565,optimized_router,1,1
11566,optimized_router,1,0
11567,optimized_router,1,0
11568,optimized_router,1,1
11569,optimized_router,1,0
11570,optimized_router,1,0
11571,optimized_router,1,1
11572,optimized_router,1,1
11573,optimized_router,0,0
11574,optimized_router,1,0
11575,legacy_router,1,0
11576,legacy_router,1,0
11577,legacy_router,0,0
11578,optimized_router,1,0
11579,legacy_router,1,0
11580,optimized_router,1,0
11581,optimized_router,1,0
11582,legacy_router,1,0
11583,optimized_router,1,0
11584,optimized_router,0,0
11585,legacy_router,0,0
11586,optimized_router,1,0
11587,optimized_router,1,0
11588,legacy_router,0,0
11589,legacy_router,1,1
11590,legacy_router,0,0
11591,optimized_router,1,1
11592,optimized_router,1,1
11593,legacy_router,0,0
11594,optimized_router,1,0
11595,optimized_router,1,0
11596,optimized_router,1,1
11597,legacy_router,0,0
11598,legacy_router,0,0
11599,optimized_router,1,0
11600,legacy_router,1,0
11601,optimized_router,1,1
11602,legacy_router,0,0
11603,legacy_router,0,0
11604,optimized_router,1,0
11605,optimized_router,1,0
11606,legacy_router,0,0
11607,optimized_router,1,0
11608,legacy_router,0,0
11609,optimized_router,1,0
11610,optimized_router,1,0
11611,optimized_router,1,0
11612,optimized_router,1,1
11613,optimized_router,1,1
11614,optimized_router,1,0
11615,optimized_router,1,0
11616,legacy_router,1,0
11617,legacy_router,1,0
11618,legacy_router,0,0
11619,optimized_router,1,0
11620,optimized_router,1,0
11621,legacy_router,1,0
11622,legacy_router,0,0
11623,legacy_router,1,0
11624,optimized_router,1,0
11625,legacy_router,0,0
11626,legacy_router,1,0
11627,legacy_router,0,0
11628,optimized_router,0,0
11629,optimized_router,1,1
11630,legacy_router,0,0
11631,optimized_router,0,0
11632,optimized_router,1,0
11633,legacy_router,0,0
11634,optimized_router,1,0
11635,legacy_router,1,0
11636,legacy_router,1,0
11637,legacy_router,0,0
11638,legacy_router,0,0
11639,optimized_router,0,0
11640,legacy_router,1,0
11641,optimized_router,1,0
11642,legacy_router,1,0
11643,optimized_router,1,1
11644,legacy_router,1,0
11645,optimized_router,1,0
11646,optimized_router,1,0
11647,legacy_router,0,0
11648,optimized_router,1,0
11649,optimized_router,1,1
11650,optimized_router,1,0
11651,optimized_router,1,1
11652,optimized_router,1,0
11653,legacy_router,0,0
11654,optimized_router,1,0
11655,legacy_router,1,0
11656,legacy_router,0,0
11657,legacy_router,0,0
11658,legacy_router,0,0
11659,legacy_router,0,0
11660,optimized_router,1,1
11661,legacy_router,1,0
11662,legacy_router,1,0
11663,optimized_router,0,0
11664,optimized_router,1,0
11665,optimized_router,0,0
11666,optimized_router,1,0
11667,optimized_router,1,1
11668,optimized_router,1,0
11669,optimized_router,1,0
11670,legacy_router,0,0
11671,optimized_router,1,0
11672,optimized_router,1,0
11673,optimized_router,1,1
11674,optimized_router,1,1
11675,legacy_router,0,0
11676,legacy_router,1,0
11677,optimized_router,1,0
11678,optimized_router,1,0
11679,optimized_router,0,0
11680,legacy_router,1,0
11681,optimized_router,1,0
11682,legacy_router,1,0
11683,optimized_router,0,0
11684,legacy_router,0,0
11685,legacy_router,1,0
11686,legacy_router,1,0
11687,optimized_router,1,1
11688,legacy_router,0,0
11689,optimized_router,0,0
11690,optimized_router,1,0
11691,optimized_router,1,0
11692,legacy_router,0,0
11693,optimized_router,1,0
11694,legacy_router,0,0
11695,optimized_router,1,0
11696,optimized_router,1,0
11697,legacy_router,0,0
11698,optimized_router,1,0
11699,legacy_router,0,0
11700,optimized_router,1,1
11701,legacy_router,1,0
11702,optimized_router,1,0
11703,legacy_router,1,0
11704,legacy_router,1,0
11705,legacy_router,1,0
11706,optimized_router,1,0
11707,legacy_router,1,0
11708,legacy_router,0,0
11709,optimized_router,1,1
11710,optimized_router,0,0
11711,legacy_router,1,0
11712,legacy_router,0,0
11713,optimized_router,1,1
11714,optimized_router,1,0
11715,optimized_router,1,1
11716,legacy_router,0,0
11717,legacy_router,0,0
11718,legacy_router,1,0
11719,optimized_router,1,0
11720,legacy_router,0,0
11721,optimized_router,1,0
11722,optimized_router,0,0
11723,legacy_router,1,0
11724,optimized_router,1,0
11725,legacy_router,0,0
11726,legacy_router,0,0
11727,legacy_router,0,0
11728,optimized_router,1,0
11729,optimized_router,0,0
11730,optimized_router,0,0
11731,optimized_router,1,0
11732,optimized_router,0,0
11733,optimized_router,1,0
11734,legacy_router,0,0
11735,legacy_router,1,0
11736,optimized_router,1,1
11737,legacy_router,0,0
11738,optimized_router,1,0
11739,optimized_router,1,0
11740,legacy_router,1,0
11741,legacy_router,1,0
11742,legacy_router,1,0
11743,legacy_router,1,0
11744,optimized_router,1,1
11745,legacy_router,1,0
11746,optimized_router,1,0
11747,legacy_router,0,0
11748,legacy_router,1,0
11749,legacy_router,0,0
11750,legacy_router,0,0
11751,optimized_router,1,1
11752,optimized_router,1,1
11753,optimized_router,1,1
11754,optimized_router,1,0
11755,legacy_router,0,0
11756,legacy_router,0,0
11757,legacy_router,1,0
11758,legacy_router,1,0
11759,optimized_router,1,0
11760,legacy_router,0,0
11761,legacy_router,1,0
11762,optimized_router,1,1
11763,legacy_router,0,0
11764,legacy_router,1,0
11765,optimized_router,0,0
11766,legacy_router,0,0
11767,legacy_router,1,0
11768,optimized_router,1,0
11769,optimized_router,1,0
11770,optimized_router,1,1
11771,optimized_router,1,0
11772,optimized_router,1,0
11773,optimized_router,0,0
11774,optimized_router,0,0
11775,legacy_router,1,0
11776,legacy_router,1,0
11777,legacy_router,1,0
11778,optimized_router,1,0
11779,legacy_router,1,0
11780,legacy_router,1,0
11781,legacy_router,0,0
11782,legacy_router,1,0
11783,optimized_router,1,1
11784,optimized_router,1,0
11785,optimized_router,1,0
11786,legacy_router,1,0
11787,optimized_router,1,1
11788,legacy_router,0,0
11789,legacy_router,1,0
11790,optimized_router,1,1
11791,optimized_router,1,1
11792,legacy_router,1,0
11793,legacy_router,1,0
11794,legacy_router,1,1
11795,legacy_router,1,0
11796,legacy_router,1,0
11797,optimized_router,0,0
11798,optimized_router,1,0
11799,optimized_router,1,0
11800,legacy_router,1,0
11801,legacy_router,0,0
11802,optimized_router,1,0
11803,legacy_router,0,0
11804,optimized_router,1,0
11805,optimized_router,1,0
11806,optimized_router,1,0
11807,optimized_router,0,0
11808,legacy_router,0,0
11809,legacy_router,0,0
11810,optimized_router,0,0
11811,optimized_router,1,1
11812,optimized_router,1,1
11813,legacy_router,0,0
11814,optimized_router,1,1
11815,optimized_router,1,0
11816,optimized_router,1,1
11817,optimized_router,1,1
11818,optimized_router,1,1
11819,legacy_router,1,0
11820,legacy_router,1,0
11821,optimized_router,1,0
11822,optimized_router,1,0
11823,legacy_router,0,0
11824,optimized_router,1,1
11825,optimized_router,1,0
11826,legacy_router,0,0
11827,legacy_router,1,0
11828,legacy_router,0,0
11829,legacy_router,1,0
11830,legacy_router,0,0
11831,legacy_router,1,0
11832,legacy_router,1,1
11833,optimized_router,1,0
11834,legacy_router,1,0
11835,legacy_router,1,0
11836,optimized_router,0,0
11837,legacy_router,1,0
11838,optimized_router,1,0
11839,optimized_router,0,0
11840,optimized_router,1,0
11841,legacy_router,0,0
11842,legacy_router,0,0
11843,optimized_router,0,0
11844,legacy_router,1,0
11845,optimized_router,1,0
11846,optimized_router,1,1
11847,legacy_router,1,0
11848,optimized_router,1,0
11849,optimized_router,1,1
11850,legacy_router,0,0
11851,optimized_router,1,0
11852,optimized_router,1,0
11853,optimized_router,1,1
11854,legacy_router,0,0
11855,legacy_router,1,0
11856,optimized_router,1,0
11857,optimized_router,1,0
11858,optimized_router,1,0
11859,legacy_router,0,0
11860,optimized_router,1,0
11861,optimized_router,1,0
11862,optimized_router,1,0
11863,legacy_router,1,0
11864,optimized_router,1,0
11865,legacy_router,1,0
11866,optimized_router,1,1
11867,optimized_router,0,0
11868,optimized_router,0,0
11869,optimized_router,1,0
11870,optimized_router,0,0
11871,legacy_router,1,0
11872,optimized_router,1,1
11873,legacy_router,1,0
11874,legacy_router,1,0
11875,legacy_router,0,0
11876,optimized_router,1,0
11877,optimized_router,1,0
11878,legacy_router,1,0
11879,legacy_router,0,0
11880,optimized_router,0,0
11881,optimized_router,1,1
11882,optimized_router,1,0
11883,optimized_router,1,0
11884,optimized_router,1,0
11885,optimized_router,1,0
11886,legacy_router,1,0
11887,legacy_router,0,0
11888,optimized_router,1,0
11889,optimized_router,0,0
11890,legacy_router,1,0
11891,optimized_router,0,0
11892,legacy_router,0,0
11893,legacy_router,1,0
11894,legacy_router,0,0
11895,legacy_router,1,0
11896,optimized_router,1,0
11897,legacy_router,1,0
11898,optimized_router,1,0
11899,legacy_router,1,0
11900,optimized_router,1,0
11901,legacy_router,1,0
11902,legacy_router,0,0
11903,legacy_router,0,0
11904,legacy_router,1,0
11905,legacy_router,0,0
11906,optimized_router,0,0
11907,optimized_router,1,0
11908,legacy_router,1,0
11909,optimized_router,1,0
11910,optimized_router,1,0
11911,optimized_router,1,0
11912,optimized_router,0,0
11913,legacy_router,0,0
11914,optimized_router,1,0
11915,legacy_router,0,0
11916,optimized_router,1,0
11917,legacy_router,1,0
11918,legacy_router,0,0
11919,optimized_router,1,1
11920,optimized_router,1,0
11921,optimized_router,1,1
11922,legacy_router,1,0
11923,legacy_router,0,0
11924,legacy_router,0,0
11925,legacy_router,0,0
11926,legacy_router,0,0
11927,optimized_router,0,0
11928,legacy_router,1,0
11929,legacy_router,0,0
11930,optimized_router,1,0
11931,optimized_router,1,0
11932,legacy_router,1,0
11933,legacy_router,1,0
11934,legacy_router,1,0
11935,legacy_router,0,0
11936,legacy_router,0,0
11937,optimized_router,1,1
11938,optimized_router,1,0
11939,legacy_router,1,0
11940,legacy_router,1,0
11941,optimized_router,1,0
11942,legacy_router,1,0
11943,legacy_router,1,0
11944,optimized_router,1,0
11945,optimized_router,1,0
11946,legacy_router,0,0
11947,legacy_router,1,0
11948,legacy_router,1,0
11949,legacy_router,0,0
11950,legacy_router,0,0
11951,legacy_router,1,0
11952,legacy_router,0,0
11953,optimized_router,1,0
11954,legacy_router,1,0
11955,legacy_router,1,0
11956,optimized_router,1,0
11957,legacy_router,0,0
11958,legacy_router,1,0
11959,legacy_router,0,0
11960,legacy_router,0,0
11961,legacy_router,1,0
11962,optimized_router,1,1
11963,optimized_router,1,0
11964,legacy_router,1,0
11965,optimized_router,1,0
11966,legacy_router,1,0
11967,legacy_router,1,0
11968,legacy_router,1,0
11969,optimized_router,1,0
11970,optimized_router,1,0
11971,optimized_router,1,0
11972,legacy_router,0,0
11973,optimized_router,0,0
11974,optimized_router,1,0
11975,legacy_router,0,0
11976,optimized_router,1,0
11977,optimized_router,0,0
11978,legacy_router,0,0
11979,optimized_router,1,0
11980,optimized_router,1,0
11981,optimized_router,1,0
11982,legacy_router,1,0
11983,legacy_router,0,0
11984,optimized_router,1,0
11985,legacy_router,1,0
11986,legacy_router,0,0
11987,legacy_router,0,0
11988,legacy_router,1,0
11989,legacy_router,0,0
11990,optimized_router,0,0
11991,legacy_router,0,0
11992,legacy_router,0,0
11993,legacy_router,1,0
11994,optimized_router,1,0
11995,optimized_router,1,0
11996,legacy_router,0,0
11997,legacy_router,0,0
11998,legacy_router,1,0
11999,legacy_router,1,0
12000,legacy_router,0,0
